time_s,error_mm,left_rpm,right_rpm,pid_output,d_term
0.0001,8.000,118.570,-71.842,95.206,84.000
0.0119,8.000,87.653,2.231,42.711,31.500
0.1191,8.000,89.534,43.476,23.029,11.812
0.2153,8.000,104.305,73.001,15.652,4.430
0.3135,7.000,106.583,104.606,0.988,-8.839
0.4212,7.000,136.637,123.601,6.518,-3.315
0.5197,7.000,163.378,146.190,8.594,-1.243
0.6161,7.000,188.945,170.194,9.376,-0.466
0.7120,7.000,214.129,194.785,9.672,-0.175
0.8179,7.000,239.217,219.644,9.786,-0.066
0.9132,7.000,264.310,244.646,9.832,-0.025
1.0187,6.000,270.640,274.736,-2.048,-10.509
1.1155,6.000,304.010,294.962,4.524,-3.941
1.2127,7.000,336.877,299.092,18.892,9.022
1.3205,7.000,358.286,331.770,13.258,3.383
1.4175,7.000,382.983,360.686,11.149,1.269
1.5137,7.000,408.800,388.079,10.360,0.476
1.6196,7.000,434.942,414.806,10.068,0.178
1.7163,7.000,461.124,441.201,9.961,0.067
1.8132,7.000,487.252,467.403,9.924,0.025
1.9112,7.000,513.301,493.474,9.914,0.009
2.0176,7.000,539.271,519.446,9.913,0.004
2.1147,7.000,565.169,545.338,9.915,0.001
2.2104,7.000,591.003,571.164,9.919,0.000
2.3190,6.000,597.983,601.936,-1.977,-10.500
2.4166,6.000,631.913,622.733,4.590,-3.937
2.5125,5.000,642.657,652.348,-4.846,-11.977
2.6101,4.000,659.817,678.332,-9.258,-14.991
2.7181,4.000,698.845,698.615,0.115,-5.622
2.8160,2.000,693.787,734.128,-20.170,-23.108
2.9115,1.000,721.193,756.447,-17.627,-19.166
3.0198,0.000,746.825,781.922,-17.548,-17.687
3.1171,0.000,790.919,803.907,-6.494,-6.633
3.2142,0.000,826.968,831.666,-2.349,-2.487
3.3101,0.000,859.461,861.049,-0.794,-0.933
3.4164,-1.000,870.160,894.384,-12.112,-10.850
3.5129,-1.000,906.974,917.637,-5.331,-4.069
3.6106,-1.000,938.865,944.444,-2.789,-1.526
3.7166,-1.000,968.584,972.257,-1.836,-0.572
3.8130,0.000,1002.213,981.370,10.421,10.285
3.9193,0.000,1025.269,1017.283,3.993,3.857
4.0167,0.000,1051.740,1048.576,1.582,1.446
4.1122,-1.000,1059.205,1081.650,-11.223,-9.958
4.2100,-1.000,1093.977,1103.976,-5.000,-3.734
4.3178,-2.000,1104.395,1133.530,-14.567,-11.900
4.4147,-3.000,1094.674,1132.737,-19.032,-14.963
4.5131,-4.000,1087.054,1130.220,-21.583,-16.111
4.6113,-6.000,1060.311,1130.947,-35.318,-27.042
4.7094,-8.000,1041.150,1125.595,-42.222,-31.141
4.8183,-11.000,1005.187,1122.121,-58.467,-43.178
4.9145,-13.000,997.903,1108.483,-55.290,-37.192
5.0117,-14.000,1007.247,1095.157,-43.955,-24.447
5.1195,-15.000,1008.323,1089.495,-40.586,-19.668
5.2139,-16.000,1006.155,1086.565,-40.205,-17.875
5.3112,-16.000,1022.649,1080.738,-29.044,-6.703
5.4191,-17.000,1011.360,1084.894,-36.767,-13.014
5.5153,-17.000,1023.950,1081.241,-28.645,-4.880
5.6126,-17.000,1030.787,1082.001,-25.607,-1.830
5.7105,-17.000,1035.147,1084.097,-24.475,-0.686
5.8186,-17.000,1038.308,1086.424,-24.058,-0.257
5.9135,-17.000,1040.790,1088.608,-23.909,-0.097
6.0096,-17.000,1042.821,1090.542,-23.861,-0.036
6.1163,-17.000,1044.517,1092.217,-23.850,-0.014
6.2150,-17.000,1045.946,1093.653,-23.853,-0.005
6.3120,-17.000,1047.155,1094.879,-23.862,-0.002
6.4194,-16.000,1053.180,1077.124,-11.972,10.499
6.5142,-15.000,1054.122,1067.411,-6.645,14.437
6.6129,-15.000,1048.861,1080.217,-15.678,5.414
6.7092,-14.000,1053.674,1068.018,-7.172,12.530
6.8149,-13.000,1055.194,1061.419,-3.112,15.199
6.9090,-12.000,1056.028,1057.468,-0.720,16.200
7.0160,-11.000,1057.071,1054.976,1.047,16.575
7.1119,-10.000,1058.588,1053.426,2.581,16.716
7.2088,-9.000,1060.621,1052.566,4.028,16.768
7.3159,-9.000,1058.133,1071.051,-6.459,6.288
7.4126,-9.000,1060.995,1081.786,-10.395,2.358
7.5121,-9.000,1065.294,1089.045,-11.875,0.884
7.6185,-9.000,1069.647,1094.516,-12.434,0.332
7.7151,-7.000,1083.610,1061.303,11.154,21.124
7.8115,-6.000,1082.222,1062.529,9.847,18.422
7.9100,-4.000,1088.137,1043.877,22.130,27.908
10.1271,0.000,25.465,25.465,0.000,0.000
10.2129,0.000,50.930,50.930,0.000,0.000
10.3083,0.000,76.394,76.394,0.000,0.000
10.4164,0.000,101.859,101.859,0.000,0.000
10.5127,0.000,127.324,127.324,0.000,0.000
10.6089,0.000,152.789,152.789,0.000,0.000
10.7090,0.000,178.254,178.254,0.000,0.000
10.8074,1.000,207.519,183.718,11.901,10.500
10.9131,1.000,227.037,216.359,5.339,3.937
11.0096,1.000,250.565,244.807,2.879,1.477
11.1072,1.000,275.552,271.639,1.957,0.554
11.2126,1.000,301.049,297.826,1.611,0.208
11.3096,2.000,330.506,303.741,13.383,10.578
11.4172,2.000,350.249,336.703,6.773,3.967
11.5143,2.000,373.991,365.400,4.295,1.488
11.6110,2.000,399.169,392.435,3.367,0.558
11.7170,2.000,424.832,418.792,3.020,0.209
11.8127,3.000,454.431,424.849,14.791,10.578
11.9091,3.000,474.296,457.932,8.182,3.967
12.0075,3.000,498.141,486.732,5.704,1.488
12.1146,4.000,527.208,493.853,16.677,11.058
12.2120,4.000,546.999,527.461,9.769,4.147
12.3099,4.000,570.924,556.564,7.180,1.555
12.4065,4.000,596.312,583.890,6.211,0.583
12.5114,5.000,625.974,590.474,17.750,10.719
12.6073,5.000,646.003,623.894,11.055,4.020
12.7146,5.000,670.029,652.938,8.546,1.507
12.8131,5.000,695.465,680.251,7.607,0.565
12.9106,5.000,721.354,706.839,7.257,0.212
13.0066,5.000,747.347,733.090,7.128,0.079
13.1133,5.000,773.325,759.160,7.082,0.030
13.2106,4.000,780.449,790.116,-4.834,-10.489
13.3083,4.000,814.511,811.061,1.725,-3.933
13.4073,3.000,825.369,840.798,-7.715,-11.975
13.5133,2.000,842.627,866.885,-12.129,-14.991
13.6093,1.000,862.939,892.257,-14.659,-16.121
13.7161,1.000,903.751,912.916,-4.583,-6.046
13.8124,-1.000,898.673,947.882,-24.605,-23.267
13.9079,-2.000,924.736,968.665,-21.964,-19.225
14.0162,-2.000,967.979,987.879,-9.950,-7.209
14.1131,-2.000,1002.848,1013.739,-5.445,-2.704
14.2097,-2.000,1034.166,1041.680,-3.757,-1.014
14.3065,-3.000,1043.802,1073.853,-15.026,-10.880
14.4156,-3.000,1079.689,1096.144,-8.228,-4.080
14.5141,-3.000,1110.782,1122.141,-5.680,-1.530
14.6112,-2.000,1119.355,1105.004,7.175,9.926
14.7070,-1.000,1122.011,1096.270,12.871,14.222
14.8155,0.000,1123.038,1091.275,15.882,15.833
14.9112,1.000,1122.757,1086.984,17.887,16.438
15.0082,2.000,1121.842,1082.813,19.514,16.664
15.1156,2.000,1116.767,1098.565,9.101,6.249
15.2123,3.000,1121.201,1087.006,17.097,12.843
15.3092,3.000,1117.648,1099.503,9.072,4.816
15.4062,4.000,1122.242,1086.312,17.965,12.306
15.5127,4.000,1118.399,1097.846,10.276,4.615
15.6084,4.000,1118.787,1103.997,7.395,1.731
15.7062,4.000,1120.487,1107.854,6.316,0.649
15.8141,3.000,1103.645,1115.620,-5.987,-10.257
15.9071,3.000,1113.700,1112.850,0.425,-3.846
16.0135,2.000,1100.402,1118.541,-9.070,-11.942
16.1120,1.000,1093.333,1120.343,-13.505,-14.978
16.2070,1.000,1107.957,1116.242,-4.143,-5.617
16.3114,0.000,1097.140,1122.204,-12.532,-12.606
16.4072,-2.000,1070.454,1127.364,-28.455,-25.727
16.5049,-5.000,1032.382,1128.539,-48.078,-41.148
16.6113,-6.000,1044.913,1113.444,-34.265,-25.930
16.7081,-7.000,1047.526,1107.453,-29.964,-20.224
16.8054,-8.000,1046.224,1104.683,-29.229,-18.084
16.9132,-9.000,1043.290,1102.956,-29.833,-17.281
17.0114,-9.000,1059.603,1097.680,-19.039,-6.481
17.1083,-11.000,1028.337,1105.929,-38.796,-23.430
17.2054,-12.000,1028.190,1100.311,-36.060,-19.286
17.3127,-13.000,1025.285,1097.116,-35.916,-17.732
17.4104,-12.000,1046.267,1072.149,-12.941,3.850
17.5080,-12.000,1049.658,1080.370,-15.356,1.444
17.6136,-10.000,1063.684,1048.615,7.534,21.541
17.7096,-8.000,1067.680,1031.949,17.865,29.078
17.8076,-6.000,1069.117,1022.142,23.487,31.904
17.9141,-6.000,1060.616,1053.530,3.543,11.964
18.0094,-5.000,1067.861,1051.937,7.962,14.987
18.1055,-5.000,1068.394,1071.210,-1.408,5.620
18.2141,-5.000,1073.295,1083.143,-4.924,2.107
18.3101,-5.000,1079.129,1091.618,-6.245,0.790
18.4074,-5.000,1084.713,1098.197,-6.742,0.296
18.5126,-5.000,1089.694,1103.555,-6.931,0.111
18.6091,-5.000,1094.014,1108.022,-7.004,0.042
18.7055,-5.000,1097.720,1111.786,-7.033,0.016
18.8123,-6.000,1080.880,1118.775,-18.947,-10.494
18.9091,-5.000,1095.749,1096.733,-0.492,6.565
19.0067,-5.000,1096.094,1105.291,-4.598,2.462
19.1132,-4.000,1103.336,1091.816,5.760,11.423
19.2091,-4.000,1101.045,1103.809,-1.382,4.284
19.3062,-4.000,1102.488,1110.613,-4.062,1.606
19.4122,-6.000,1064.985,1122.726,-28.870,-20.398
19.5094,-7.000,1061.938,1117.991,-28.027,-18.149
19.6065,-8.000,1057.468,1114.647,-28.589,-17.306
19.7038,-9.000,1052.457,1111.816,-29.679,-16.990
19.8100,-10.000,1047.236,1109.171,-30.968,-16.871
19.9069,-11.000,1041.929,1106.591,-32.331,-16.827
20.0037,-12.000,1036.586,1104.031,-33.723,-16.810
20.1103,-11.000,1026.160,1064.610,-19.225,5.164
20.2062,-10.000,1015.476,1025.885,-5.204,16.996
20.3142,-10.000,990.302,1016.421,-13.060,9.152
20.4126,-9.000,976.743,978.499,-0.878,19.143
20.5096,-9.000,949.698,969.145,-9.723,10.308
20.6080,-8.000,934.858,931.006,1.926,19.766
20.7045,-8.000,906.891,921.302,-7.205,10.643
20.8126,-7.000,891.357,882.777,4.290,19.946
20.9077,-7.000,862.848,872.695,-4.924,10.740
21.0126,-6.000,846.879,833.823,6.528,19.999
21.1080,-5.000,827.232,799.816,13.708,24.984
21.2053,-5.000,796.572,792.230,2.171,13.453
21.3133,-5.000,770.284,778.370,-4.043,7.244
21.4129,-4.000,761.635,743.586,9.024,18.116
21.5095,-4.000,758.544,757.226,0.659,9.755
21.6082,-3.000,767.737,742.600,12.569,19.468
21.7050,-2.000,773.156,733.163,19.997,24.698
21.8114,-1.000,776.764,726.740,25.012,27.514
21.9082,-1.000,770.367,745.744,12.312,14.815
22.0065,0.000,778.103,734.324,21.889,22.193
22.1041,0.000,773.794,750.501,11.646,11.950
22.2116,0.000,773.323,761.061,6.131,6.435
22.3089,1.000,783.257,744.102,19.578,17.680
22.4058,0.000,755.996,765.992,-4.998,-4.695
22.5128,0.000,763.380,769.042,-2.831,-2.528
22.6113,0.000,768.982,772.310,-1.664,-1.361
22.7087,-1.000,749.163,784.067,-17.452,-14.948
22.8062,-2.000,735.919,789.860,-26.970,-22.265
22.9039,-2.000,750.526,783.919,-16.697,-11.989
23.0102,-2.000,759.740,782.071,-11.166,-6.455
23.1089,-3.000,741.631,790.841,-24.605,-17.691
23.2054,-3.000,753.324,786.210,-16.443,-9.526
23.3025,-4.000,736.502,793.434,-28.466,-19.345
23.4100,-5.000,724.631,796.548,-35.959,-24.632
23.5077,-6.000,715.555,797.579,-41.012,-27.479
23.6049,-6.000,732.312,788.984,-28.336,-14.796
23.7037,-6.000,742.604,785.631,-21.514,-7.967
23.8121,-7.000,725.006,793.526,-34.260,-18.505
23.9082,-7.000,736.916,788.369,-25.726,-9.964
24.0058,-7.000,744.377,786.647,-21.135,-5.365
24.1126,-7.000,749.285,786.618,-18.666,-2.889
24.2084,-7.000,752.685,787.366,-17.341,-1.556
24.3044,-8.000,730.941,797.035,-33.047,-15.053
24.4111,-9.000,716.031,801.081,-42.525,-22.321
24.5090,-10.000,704.990,802.288,-48.649,-26.234
24.6046,-12.000,671.975,810.744,-69.385,-42.557
24.7118,-13.000,671.949,804.295,-66.173,-37.131
24.8092,-14.000,669.603,800.536,-65.466,-34.209
24.9070,-16.000,641.850,806.902,-82.526,-46.851
25.0129,-17.000,645.149,799.822,-77.337,-39.443
25.1095,-18.000,645.012,796.147,-75.568,-35.454
25.2062,-20.000,618.802,802.916,-92.057,-47.521
25.3031,-22.000,599.017,804.975,-102.979,-54.019
25.4103,-24.000,582.959,804.767,-110.904,-57.518
25.5089,-25.000,593.377,794.923,-100.773,-45.187
25.6047,-27.000,573.545,799.042,-112.748,-52.762
25.7040,-29.000,557.789,800.243,-121.227,-56.841
25.8109,-31.000,544.406,800.054,-127.824,-59.038
25.9068,-32.000,556.671,790.653,-116.991,-46.005
26.0036,-34.000,538.190,795.368,-128.589,-53.203
26.1118,-35.000,547.679,788.577,-120.449,-42.863
26.2083,-37.000,527.678,794.672,-133.497,-51.511
26.3034,-38.000,536.327,788.604,-126.138,-41.952
26.4089,-39.000,540.071,786.453,-123.191,-36.805
26.5055,-40.000,541.019,786.259,-122.620,-34.033
26.6016,-41.000,540.332,786.987,-123.327,-32.541
26.7097,-42.000,538.653,788.101,-124.724,-31.737
26.8060,-42.000,560.561,780.712,-110.076,-17.089
26.9018,-42.000,574.619,778.996,-102.188,-9.202
27.0101,-43.000,559.896,788.609,-114.357,-19.170
27.1079,-43.000,574.072,785.090,-105.509,-10.322
27.2024,-43.000,583.366,784.855,-100.745,-5.558
27.3112,-43.000,589.781,786.139,-98.179,-2.993
27.4095,-43.000,594.434,788.030,-96.798,-1.612
27.5071,-43.000,597.960,790.068,-96.054,-0.868
27.6054,-43.000,600.724,792.032,-95.654,-0.467
27.7026,-44.000,578.734,802.441,-111.853,-14.467
27.8101,-44.000,587.990,798.342,-105.176,-7.790
27.9079,-44.000,593.776,796.938,-101.581,-4.195
28.0052,-44.000,597.575,796.865,-99.645,-2.259
28.1022,-44.000,600.201,797.406,-98.602,-1.216
28.2094,-44.000,602.108,798.190,-98.041,-0.655
28.3048,-44.000,603.554,799.032,-97.739,-0.353
28.4103,-43.000,613.905,776.226,-81.161,14.026
28.5055,-43.000,609.638,784.906,-87.634,7.552
28.6113,-42.000,617.243,766.652,-74.704,18.282
28.7077,-42.000,611.779,778.064,-83.142,9.844
28.8051,-41.000,618.979,761.520,-71.270,19.516
28.9112,-40.000,622.716,750.441,-63.862,24.724
29.0072,-40.000,615.685,766.231,-75.273,13.313
29.1022,-39.000,622.478,752.483,-65.002,21.384
29.2106,-39.000,617.153,766.897,-74.872,11.514
29.3067,-39.000,615.701,776.074,-80.186,6.200
29.4024,-39.000,616.123,782.218,-83.048,3.338
29.5094,-39.000,617.373,786.550,-84.589,1.798
29.6063,-39.000,618.915,789.752,-85.418,0.968
29.7039,-38.000,629.700,768.599,-69.450,14.737
29.8016,-37.000,635.208,754.879,-59.836,22.150
29.9081,-36.000,638.210,745.497,-53.644,26.143
30.0051,-36.000,630.932,762.351,-65.710,14.077
30.1099,-36.000,628.505,772.918,-72.207,7.580
30.2070,-36.000,628.466,779.876,-75.705,4.081
30.3037,-36.000,629.523,784.700,-77.589,2.198
30.4024,-37.000,606.793,796.830,-95.018,-13.032
30.5004,-37.000,615.802,793.810,-89.004,-7.017
30.6074,-37.000,621.587,793.116,-85.765,-3.779
30.7039,-37.000,625.494,793.536,-84.021,-2.035
30.8009,-37.000,628.272,794.436,-83.082,-1.096
30.9083,-37.000,630.341,795.493,-82.576,-0.590
31.0072,-37.000,631.942,796.550,-82.304,-0.318
31.1045,-38.000,609.003,806.148,-98.573,-14.386
31.2015,-38.000,617.473,801.338,-91.933,-7.747
31.3082,-39.000,598.388,807.934,-104.773,-18.387
31.4047,-40.000,584.851,810.255,-112.702,-24.116
31.5036,-41.000,574.499,810.474,-117.987,-27.201
31.6011,-41.000,590.247,801.113,-105.433,-14.647
31.7100,-41.000,599.721,797.067,-98.673,-7.887
31.8044,-41.000,605.668,795.734,-95.033,-4.247
31.9022,-41.000,609.589,795.735,-93.073,-2.287
32.0094,-41.000,612.312,796.347,-92.018,-1.231
32.1071,-41.000,614.297,797.196,-91.449,-0.663
32.2040,-40.000,625.023,774.479,-74.728,13.858
32.3012,-41.000,596.815,791.894,-97.539,-6.753
32.4093,-42.000,578.629,800.306,-110.838,-17.852
32.5028,-42.000,590.215,795.412,-102.599,-9.612
32.6010,-41.000,606.711,770.205,-81.747,9.039
32.7095,-40.000,615.552,754.559,-69.504,19.083
32.8084,-39.000,620.568,744.359,-61.896,24.491
32.9057,-38.000,623.777,737.344,-56.784,27.403
33.0042,-37.000,626.227,732.258,-53.016,28.971
33.1037,-36.000,628.451,728.394,-49.971,29.815
33.2079,-36.000,621.493,748.958,-63.732,16.054
33.3031,-36.000,619.866,762.150,-71.142,8.645
33.4000,-35.000,630.007,747.439,-58.716,18.870
33.5056,-33.000,645.286,714.476,-34.595,38.592
33.6009,-32.000,644.174,716.156,-35.991,34.995
33.7062,-32.000,635.764,740.049,-52.143,18.844
33.8012,-32.000,633.647,755.327,-60.840,10.147
33.9100,-33.000,610.342,774.218,-81.938,-8.752
34.0055,-34.000,595.790,784.419,-94.314,-18.928
34.1034,-36.000,561.746,798.564,-118.409,-38.623
34.2005,-36.000,586.115,787.281,-100.583,-20.797
34.2996,-37.000,577.060,791.860,-107.400,-25.414
34.4054,-37.000,594.386,785.728,-95.671,-13.684
34.4999,-37.000,605.460,784.170,-89.355,-7.368
34.6053,-38.000,588.690,793.428,-102.369,-18.183
34.7007,-38.000,601.389,789.344,-93.977,-9.791
34.8071,-39.000,585.354,797.101,-105.874,-19.487
34.9037,-39.000,598.330,792.089,-96.880,-10.493
34.9997,-39.000,606.558,790.631,-92.036,-5.650
35.1047,-38.000,621.258,767.285,-73.013,11.173
35.2026,-37.000,629.143,752.652,-61.755,20.232
35.3006,-36.000,633.652,743.006,-54.677,25.109
35.4082,-35.000,636.595,736.297,-49.851,27.736
35.5052,-35.000,629.694,754.997,-62.652,14.935
35.6041,-35.000,627.815,766.904,-69.545,8.042
35.7021,-36.000,604.151,783.494,-89.672,-9.885
35.8000,-38.000,564.775,800.655,-117.940,-33.754
35.9076,-38.000,585.913,790.636,-102.361,-18.175
36.0036,-39.000,574.811,795.588,-110.388,-24.002
36.1004,-40.000,566.560,798.012,-115.726,-27.139
36.2084,-40.000,584.109,790.509,-103.200,-14.614
36.3061,-40.000,595.124,788.034,-96.455,-7.869
36.4052,-40.000,602.385,788.032,-92.823,-4.237
36.5016,-40.000,607.426,789.161,-90.868,-2.282
36.5984,-40.000,611.101,790.731,-89.815,-1.229
36.7043,-39.000,623.112,768.777,-72.832,13.554
36.8002,-39.000,620.131,778.307,-79.088,7.298
36.9072,-39.000,619.546,784.459,-82.456,3.930
37.0048,-39.000,620.098,788.639,-84.270,2.116
37.1034,-39.000,621.133,791.627,-85.247,1.139
37.2011,-39.000,622.316,793.862,-85.773,0.614
37.2982,-38.000,632.701,771.983,-69.641,14.546
37.4061,-38.000,628.603,781.311,-76.354,7.832
37.5005,-38.000,627.211,787.149,-79.969,4.217
37.6067,-38.000,627.154,790.984,-81.915,2.271
37.7047,-38.000,627.712,793.639,-82.964,1.223
37.8014,-38.000,628.512,795.568,-83.528,0.658
37.9000,-38.000,629.369,797.032,-83.832,0.355
38.0073,-38.000,630.191,798.182,-83.995,0.191
38.1044,-39.000,606.726,807.724,-100.499,-14.113
38.2006,-38.000,624.038,779.178,-77.570,6.616
38.3055,-38.000,623.709,784.956,-80.624,3.563
38.4039,-38.000,624.381,788.917,-82.268,1.918
38.5008,-38.000,625.465,791.771,-83.153,1.033
38.5981,-38.000,626.662,793.922,-83.630,0.556
38.7056,-38.000,627.827,795.601,-83.887,0.299
38.8016,-38.000,628.898,796.948,-84.025,0.161
38.9015,-37.000,639.067,774.435,-67.684,14.302
38.9981,-36.000,643.935,759.675,-57.870,21.917
39.1067,-35.000,646.331,749.470,-51.570,26.017
39.2050,-35.000,638.504,765.659,-63.577,14.009
39.3016,-35.000,635.593,775.679,-70.043,7.543
39.4010,-35.000,635.132,782.181,-73.525,4.062
39.5053,-35.000,635.825,786.624,-75.399,2.187
39.6003,-36.000,612.783,798.431,-92.824,-13.038
39.7054,-36.000,621.526,795.139,-86.807,-7.020
39.7986,-37.000,602.867,802.831,-99.982,-17.996
39.9032,-38.000,589.796,805.979,-108.092,-23.905
39.9999,-38.000,604.113,798.229,-97.058,-12.872
40.0975,-39.000,588.629,803.694,-107.533,-21.147
40.2069,-40.000,577.415,805.792,-114.188,-25.602
40.3032,-41.000,568.642,806.217,-118.787,-28.001
40.4003,-42.000,561.302,805.860,-122.279,-29.293
40.5049,-43.000,554.836,805.185,-125.175,-29.988
40.6022,-43.000,573.141,795.809,-111.334,-16.148
40.6981,-42.000,593.604,768.536,-87.466,5.521
40.8054,-41.000,604.878,752.074,-73.598,17.188
40.9004,-41.000,602.240,765.302,-81.531,9.255
40.9986,-40.000,611.684,750.459,-69.387,19.199
41.1061,-39.000,617.244,740.910,-61.833,24.553
41.2036,-38.000,620.932,734.432,-56.750,27.436
41.3003,-36.000,633.014,706.178,-36.582,43.204
41.4069,-35.000,630.416,710.630,-40.107,37.479
41.5027,-34.000,630.621,712.601,-40.990,34.396
41.5987,-32.000,641.601,689.670,-24.034,46.952
41.7041,-32.000,629.852,721.261,-45.704,25.282
41.7999,-32.000,626.616,741.362,-57.373,13.613
41.8979,-32.000,627.501,754.813,-63.656,7.330
42.0061,-31.000,639.426,740.674,-50.624,18.162
42.1009,-31.000,637.602,755.615,-59.007,9.780
42.1981,-31.000,638.663,765.704,-63.520,5.266
42.3050,-31.000,640.972,772.873,-65.951,2.836
42.4041,-31.000,643.691,778.210,-67.259,1.527
42.5005,-31.000,646.410,782.338,-67.964,0.822
42.5992,-30.000,658.156,762.013,-51.928,14.658
42.7053,-29.000,664.460,749.016,-42.278,22.108
42.8020,-29.000,658.912,763.875,-52.482,11.904
42.8978,-29.000,657.375,773.327,-57.976,6.410
43.0064,-30.000,633.564,788.265,-77.350,-10.764
43.1044,-31.000,618.046,795.641,-88.798,-20.011
43.2026,-32.000,607.106,799.060,-95.977,-24.991
43.3006,-33.000,598.729,800.445,-100.858,-27.672
43.3962,-35.000,567.598,809.433,-120.917,-43.331
43.5038,-37.000,544.755,812.254,-133.749,-51.763
43.6011,-38.000,550.921,803.469,-126.274,-42.088
43.6981,-40.000,528.302,807.662,-139.680,-51.093
43.8061,-41.000,534.838,799.865,-132.514,-41.727
43.9039,-42.000,536.845,796.185,-129.670,-36.684
43.9987,-43.000,536.349,794.658,-129.155,-33.968
44.1039,-43.000,558.668,785.621,-113.477,-18.291
44.1988,-43.000,572.754,782.824,-105.035,-9.849
44.3045,-43.000,582.098,783.077,-100.489,-5.303
44.3987,-43.000,588.624,784.707,-98.042,-2.856
44.4965,-43.000,593.408,786.856,-96.724,-1.538
44.6015,-43.000,597.064,789.093,-96.014,-0.828
44.6968,-43.000,599.951,791.215,-95.632,-0.446
44.8007,-43.000,602.285,793.138,-95.426,-0.240
44.8969,-43.000,604.206,794.837,-95.316,-0.129
45.0025,-43.000,605.804,796.315,-95.256,-0.070
45.0998,-43.000,607.143,797.591,-95.224,-0.037
45.2042,-44.000,584.056,807.300,-111.622,-14.236
45.2995,-44.000,592.441,802.544,-105.052,-7.665
45.3956,-44.000,597.521,800.549,-101.514,-4.127
45.5053,-44.000,600.737,799.955,-99.609,-2.222
45.6012,-44.000,602.878,800.044,-98.583,-1.197
45.6985,-44.000,604.377,800.438,-98.031,-0.644
45.7984,-43.000,614.695,777.331,-81.318,13.868
45.8951,-43.000,610.359,785.796,-87.719,7.468
46.0051,-42.000,617.882,767.382,-74.750,18.236
46.1024,-42.000,612.337,778.670,-83.167,9.820
46.2003,-41.000,619.461,762.028,-71.283,19.503
46.3059,-40.000,623.130,750.868,-63.869,24.717
46.4017,-40.000,616.038,766.593,-75.277,13.309
46.4993,-39.000,622.780,752.789,-65.004,21.382
46.5976,-39.000,617.410,767.156,-74.873,11.513
46.7042,-39.000,615.920,776.294,-80.187,6.199
46.8017,-39.000,616.309,782.405,-83.048,3.338
46.8967,-38.000,626.746,763.093,-68.173,16.013
47.0042,-38.000,623.084,774.212,-75.564,8.622
47.1013,-39.000,598.058,789.976,-95.959,-9.573
47.1986,-39.000,606.040,789.122,-91.541,-5.154
47.3049,-40.000,587.233,798.387,-105.577,-16.991
47.4008,-42.000,550.089,811.221,-130.566,-37.580
47.4962,-43.000,547.886,807.160,-129.637,-34.451
47.6025,-44.000,544.409,804.713,-130.152,-32.766
47.7008,-45.000,540.298,803.188,-131.445,-31.858
47.7979,-45.000,560.107,793.589,-116.741,-17.155
47.9043,-46.000,548.148,798.626,-125.239,-23.452
48.0002,-46.000,563.531,792.360,-114.415,-12.628
48.0959,-46.000,573.234,790.406,-108.586,-6.800
48.2027,-46.000,579.665,790.561,-105.448,-3.661
48.3007,-46.000,584.155,791.670,-103.758,-1.972
48.3969,-46.000,587.444,793.140,-102.848,-1.062
48.5049,-46.000,589.956,794.672,-102.358,-0.572
48.6010,-46.000,591.939,796.128,-102.094,-0.308
48.6956,-47.000,569.327,806.062,-118.367,-14.381
48.8029,-47.000,578.077,801.537,-111.730,-7.744
48.8991,-48.000,559.231,808.374,-124.571,-18.385
48.9964,-48.000,570.112,802.284,-116.086,-9.900
49.1046,-49.000,552.502,808.367,-127.932,-19.546
49.2021,-49.000,564.125,801.947,-118.911,-10.525
49.2987,-50.000,546.978,807.916,-130.469,-19.883
49.3951,-50.000,558.904,801.488,-121.292,-10.706
49.5028,-50.000,566.182,798.884,-116.351,-5.765
49.6000,-50.000,570.829,798.210,-113.690,-3.104
49.6963,-51.000,549.735,807.081,-128.673,-15.887
49.8023,-51.000,559.372,802.054,-121.341,-8.554
49.8995,-51.000,565.280,800.065,-117.393,-4.606
49.9971,-52.000,544.856,808.220,-131.682,-16.696
50.0939,-52.000,554.847,802.800,-123.976,-8.990
50.2002,-52.000,560.939,800.593,-119.827,-4.841
50.2963,-52.000,564.825,800.010,-117.593,-2.607
50.3953,-52.000,567.431,800.211,-116.390,-1.404
50.5012,-52.000,569.272,800.756,-115.742,-0.756
50.5984,-52.000,570.635,801.422,-115.393,-0.407
50.7036,-52.000,571.685,802.096,-115.205,-0.219
50.8002,-51.000,581.734,779.112,-98.689,14.097
50.8970,-51.000,577.231,787.621,-105.195,7.591
50.9953,-50.000,584.645,769.212,-92.284,18.303
51.1010,-49.000,588.240,756.871,-84.316,24.071
51.1983,-48.000,590.129,748.148,-79.010,27.177
51.2944,-46.000,600.612,718.056,-58.722,43.064
51.4017,-44.000,605.833,697.367,-45.767,51.619
51.4990,-42.000,608.866,682.387,-36.761,56.226
51.5950,-40.000,611.269,671.029,-29.880,58.706
51.7027,-38.000,613.798,662.087,-24.145,60.042
51.7986,-36.000,616.792,654.843,-19.025,60.761
51.8955,-34.000,620.373,648.849,-14.238,61.148
52.0030,-33.000,615.341,667.431,-26.045,47.141
52.1011,-32.000,616.057,678.831,-31.387,39.599
52.1986,-35.000,537.784,735.604,-98.910,-21.324
52.2942,-37.000,512.557,756.355,-121.899,-39.913
52.4033,-36.000,553.292,727.416,-87.062,-7.276
52.5000,-35.000,578.379,712.956,-67.289,10.298
52.5953,-33.000,604.073,682.494,-39.211,33.976
52.7007,-30.000,629.012,640.303,-5.646,60.941
52.7961,-28.000,634.484,636.366,-0.941,61.245
52.9042,-27.000,631.085,656.670,-12.793,47.193
53.0017,-25.000,665.451,658.803,3.324,38.698
53.0984,-24.000,680.581,698.537,-8.978,25.012
53.1944,-22.000,709.570,711.222,-0.826,30.379
53.3007,-20.000,737.099,729.154,3.973,32.392
53.3982,-18.000,764.983,749.952,7.515,33.147
53.4957,-16.000,793.764,772.590,10.587,33.430
53.5933,-14.000,823.533,796.567,13.483,33.536
53.7009,-13.000,849.226,840.398,4.414,23.076
53.7975,-12.000,880.662,876.896,1.883,19.154
53.8942,-11.000,913.875,910.266,1.804,17.683
54.0014,-10.000,947.434,942.143,2.646,17.131
54.0976,-9.000,980.851,973.185,3.833,16.924
54.1937,-9.000,1008.982,1022.484,-6.751,6.347
54.3024,-8.000,1040.371,1038.018,1.177,12.880
54.3981,-7.000,1048.525,1038.481,5.022,15.330
54.4943,-4.000,1065.103,1002.827,31.138,37.249
54.6030,0.000,1076.215,965.300,55.457,55.968
54.6998,4.000,1075.211,939.052,68.080,62.988
54.7969,6.000,1061.866,956.833,52.517,44.621
54.8931,9.000,1062.269,941.599,60.335,48.233
55.0023,11.000,1055.929,947.934,53.997,39.087
55.1001,13.000,1054.106,947.353,53.377,35.658
55.1959,15.000,1053.409,943.606,54.901,34.372
55.2938,15.000,1045.048,978.189,33.429,12.889
55.3995,15.000,1048.148,997.379,25.384,4.834
55.4970,15.000,1054.610,1009.863,22.374,1.813
55.5937,14.000,1042.739,1024.038,9.351,-9.820
55.7030,13.000,1038.565,1031.370,3.597,-14.183
55.7976,13.000,1056.281,1031.339,12.471,-5.318
55.8944,12.000,1048.329,1040.523,3.903,-12.494
56.0011,11.000,1045.369,1045.730,-0.180,-15.185
56.0977,10.000,1044.522,1049.687,-2.582,-16.195
56.1956,9.000,1044.672,1053.381,-4.354,-16.573
56.3014,7.000,1026.568,1062.151,-17.791,-27.215
56.3977,6.000,1035.815,1061.171,-12.678,-20.706
56.4963,5.000,1040.973,1064.240,-11.633,-18.265
56.5931,3.000,1025.787,1073.819,-24.016,-27.849
56.7000,3.000,1055.812,1069.028,-6.608,-10.443
56.7963,2.000,1054.265,1078.224,-11.980,-14.416
56.8928,2.000,1074.028,1079.964,-2.968,-5.406
57.0016,1.000,1067.745,1090.722,-11.488,-12.527
57.0978,1.000,1084.978,1092.294,-3.658,-4.698
57.1920,1.000,1095.907,1097.350,-0.721,-1.762
57.2979,0.000,1085.001,1108.042,-11.520,-11.161
57.3920,-1.000,1079.385,1112.276,-16.446,-14.685
57.4961,-2.000,1075.475,1113.812,-19.169,-16.007
57.5998,-3.000,1071.968,1114.101,-21.067,-16.503
57.6972,-3.000,1088.412,1109.921,-10.755,-6.188
57.7954,-3.000,1097.490,1111.268,-6.889,-2.321
57.8912,-4.000,1083.369,1118.051,-17.341,-11.370
57.9959,-4.000,1094.853,1115.329,-10.238,-4.264
58.0939,-4.000,1101.239,1116.390,-7.576,-1.599
58.1930,-4.000,1105.401,1118.559,-6.579,-0.600
58.2997,-4.000,1108.463,1120.878,-6.207,-0.225
58.3963,-3.000,1115.889,1104.226,5.831,10.416
58.4926,-3.000,1112.956,1114.317,-0.681,3.906
58.5999,-2.000,1118.555,1101.001,8.777,11.965
58.6979,-2.000,1115.297,1112.701,1.298,4.487
58.7946,-2.000,1116.079,1119.095,-1.508,1.683
58.8931,-3.000,1098.074,1126.998,-14.462,-9.869
59.0002,-3.000,1107.448,1124.039,-8.296,-3.701
59.0967,-4.000,1092.484,1128.255,-17.885,-11.888
59.1945,-5.000,1082.842,1127.560,-22.359,-14.958
59.3007,-6.000,1075.294,1125.123,-24.915,-16.109
59.3983,-7.000,1068.614,1122.116,-26.751,-16.541
59.4960,-8.000,1062.329,1118.966,-28.319,-16.703
59.5924,-8.000,1076.253,1112.023,-17.885,-6.264
59.7002,-9.000,1063.128,1114.881,-25.877,-12.849
59.7972,-10.000,1054.288,1113.795,-29.753,-15.318
59.8928,-11.000,1047.136,1111.310,-32.087,-16.244
60.0013,-11.000,1060.685,1104.569,-21.942,-6.092
60.0995,-11.000,1067.378,1103.662,-18.142,-2.284
60.1960,-11.000,1071.258,1104.702,-16.722,-0.857
60.2921,-11.000,1073.876,1106.265,-16.194,-0.321
60.3913,-10.000,1080.847,1089.048,-4.101,10.380
60.4984,-9.000,1082.498,1079.887,1.306,14.392
60.5949,-8.000,1082.806,1074.396,4.205,15.897
60.6907,-8.000,1078.162,1089.635,-5.736,5.961
60.7987,-8.000,1078.933,1097.869,-9.468,2.236
60.8974,-7.000,1086.359,1084.298,1.030,11.338
60.9944,-6.000,1089.156,1077.477,5.839,14.752
61.0925,-5.000,1090.723,1073.691,8.516,16.032
61.1990,-5.000,1087.256,1090.271,-1.507,6.012
61.2952,-5.000,1089.068,1099.605,-5.268,2.254
61.3908,-6.000,1072.392,1109.555,-18.582,-9.655
61.4986,-7.000,1063.062,1111.967,-24.452,-14.120
61.5943,-7.000,1076.443,1107.707,-15.632,-5.295
61.7011,-8.000,1063.623,1112.079,-24.228,-12.486
61.7947,-8.000,1075.331,1108.191,-16.430,-4.682
61.8992,-8.000,1081.575,1108.594,-13.510,-1.756
76.5432,-7.000,-59.941,106.669,-83.305,-73.500
76.5866,-8.000,-4.331,94.215,-49.273,-38.062
76.6951,-8.000,41.016,91.995,-25.490,-14.273
76.7914,-7.000,80.376,89.723,-4.674,5.147
76.8879,-7.000,100.941,116.732,-7.896,1.930
76.9945,-7.000,123.767,141.981,-9.107,0.724
77.0915,-6.000,152.563,147.890,2.336,10.771
77.1878,-6.000,171.895,180.695,-4.400,4.039
77.2959,-6.000,195.345,209.202,-6.929,1.515
77.3933,-6.000,220.295,236.054,-7.880,0.568
77.4894,-6.000,245.772,262.249,-8.239,0.213
77.5869,-6.000,271.415,288.167,-8.376,0.080
77.6857,-5.000,302.094,295.153,3.470,10.530
77.7934,-4.000,327.838,310.265,8.786,14.449
77.8882,-4.000,347.488,347.981,-0.247,5.418
77.9939,-3.000,377.300,360.770,8.265,12.532
78.0904,-3.000,398.890,398.030,0.430,4.699
78.1882,-2.000,429.783,411.000,9.392,12.262
78.2850,-1.000,457.079,429.825,13.627,15.098
78.3939,-1.000,478.564,470.184,4.190,5.662
78.4910,-1.000,505.128,503.827,0.650,2.123
78.5883,0.000,538.208,515.761,11.223,11.296
78.6856,1.000,565.400,533.272,16.064,14.736
78.7934,2.000,590.309,552.798,18.755,16.026
78.8901,2.000,610.499,593.018,8.740,6.010
78.9868,2.000,636.239,626.267,4.986,2.254
79.0952,3.000,667.522,636.563,15.479,11.345
79.1911,3.000,689.424,672.643,8.391,4.254
79.2887,4.000,719.030,683.761,17.635,12.095
79.3861,4.000,740.101,719.945,10.078,4.536
79.4911,4.000,765.421,750.930,7.246,1.701
79.5880,4.000,792.111,779.740,6.185,0.638
79.6857,3.000,800.322,812.544,-6.111,-10.261
79.7950,3.000,835.487,834.880,0.304,-3.848
79.8913,1.000,828.551,870.732,-21.091,-22.443
79.9904,0.000,854.886,892.814,-18.964,-18.916
80.0893,-1.000,878.606,916.689,-19.042,-17.594
80.1841,-3.000,881.147,944.843,-31.848,-27.598
80.2946,-5.000,890.257,967.063,-38.403,-31.349
80.3895,-7.000,901.980,987.210,-42.615,-32.756
80.4856,-8.000,934.811,1002.907,-34.048,-22.783
80.5933,-9.000,960.989,1024.418,-31.714,-19.044
80.6918,-10.000,984.472,1047.911,-31.719,-17.641
80.7897,-11.000,1006.775,1071.976,-32.601,-17.116
80.8862,-11.000,1048.490,1092.313,-21.911,-6.418
80.9945,-9.000,1067.223,1055.435,5.894,18.593
81.0921,-6.000,1077.886,1017.948,29.969,38.472
81.1883,-3.000,1079.938,996.696,41.621,45.927
81.2848,-1.000,1075.573,1002.141,36.716,38.223
81.3902,1.000,1075.944,1002.688,36.628,35.334
81.4854,3.000,1076.852,1000.160,38.346,34.250
81.5934,5.000,1077.361,995.874,40.744,33.844
81.6897,7.000,1077.209,990.416,43.396,33.691
81.7875,13.000,1091.576,904.080,93.748,75.634
81.8935,15.000,1066.329,925.754,70.287,49.363
81.9897,10.000,954.965,995.080,-20.058,-33.989
82.0942,9.000,977.049,998.465,-10.708,-23.246
82.1896,10.000,1013.708,982.253,15.728,1.783
82.2851,11.000,1032.592,979.550,26.521,11.169
82.3894,10.000,1021.195,1005.900,7.648,-6.312
82.4852,9.000,1020.202,1020.804,-0.301,-12.867
82.5896,7.000,1004.061,1036.170,-16.054,-25.825
82.6840,5.000,997.275,1044.696,-23.710,-30.684
82.7895,4.000,1013.395,1046.255,-16.430,-22.007
82.8844,1.000,985.764,1062.514,-38.375,-39.752
82.9901,-2.000,969.474,1067.936,-49.231,-46.407
83.0840,-4.000,976.358,1064.416,-44.029,-38.403
83.1908,-5.000,996.785,1060.648,-31.931,-24.901
83.2851,-7.000,986.924,1067.269,-40.173,-30.338
83.3915,-8.000,999.502,1065.737,-33.117,-21.877
83.4890,-9.000,1005.363,1068.065,-31.351,-18.704
83.5850,-10.000,1008.027,1071.162,-31.568,-17.514
83.6886,-11.000,1008.913,1073.972,-32.529,-17.068
83.7930,-11.000,1028.644,1072.384,-21.870,-6.400
83.8882,-12.000,1020.346,1079.902,-29.778,-12.900
83.9840,-12.000,1035.569,1079.017,-21.724,-4.838
84.0896,-11.000,1049.679,1063.295,-6.808,8.686
84.1863,-10.000,1056.058,1056.745,-0.344,13.757
84.2923,-9.000,1059.880,1053.977,2.952,15.659
84.3876,-8.000,1063.036,1052.917,5.059,16.372
84.4839,-8.000,1061.189,1071.546,-5.179,6.140
84.5907,-7.000,1045.163,1041.307,1.928,17.521
84.6888,-7.000,1021.086,1033.420,-6.167,9.435
84.7858,-7.000,999.319,1020.377,-10.529,5.080
84.8930,-8.000,954.137,1012.732,-29.298,-11.480
84.9911,-8.000,940.655,988.671,-24.008,-6.181
85.0879,-7.000,932.940,942.435,-4.747,10.887
85.1840,-8.000,884.443,936.835,-26.196,-8.353
85.2900,-9.000,844.761,922.294,-38.766,-18.713
85.3858,-9.000,834.024,894.303,-30.139,-10.076
85.4911,-10.000,794.169,877.999,-41.915,-19.641
85.5892,-10.000,783.036,848.758,-32.861,-10.576
85.6834,-10.000,766.927,822.909,-27.991,-5.695
85.7908,-10.000,747.893,798.640,-25.373,-3.066
85.8844,-10.000,733.440,781.378,-23.969,-1.651
85.9891,-9.000,746.162,759.765,-6.801,13.326
86.0841,-8.000,752.940,746.031,3.454,21.391
86.1904,-7.000,756.818,736.840,9.989,25.734
86.2874,-5.000,768.609,706.733,30.938,42.287
86.3837,-4.000,765.518,709.855,27.831,36.985
86.4911,-3.000,765.173,710.827,27.173,34.131
86.5869,-3.000,757.184,734.349,11.417,18.378
86.6838,-2.000,764.516,725.819,19.348,24.111
86.7917,-2.000,760.377,743.941,8.218,12.983
86.8889,-3.000,736.108,764.494,-14.193,-7.225
86.9871,-4.000,721.144,775.701,-27.278,-18.106
87.0845,-4.000,735.399,773.252,-18.926,-9.749
87.1823,-4.000,744.912,773.774,-14.431,-5.250
87.2892,-5.000,727.378,784.237,-28.429,-17.042
87.3875,-5.000,739.734,780.872,-20.569,-9.176
87.4840,-6.000,723.568,789.080,-32.756,-19.157
87.5911,-6.000,736.521,784.362,-23.921,-10.315
87.6879,-7.000,720.558,791.725,-35.583,-19.770
87.7852,-7.000,733.520,786.453,-26.466,-10.645
87.8836,-7.000,741.694,784.816,-21.561,-5.732
87.9912,-7.000,747.110,784.956,-18.923,-3.086
88.0872,-6.000,760.105,762.284,-1.090,12.553
88.1937,-4.000,776.124,724.239,25.943,35.190
88.2891,-4.000,765.517,746.124,9.697,18.949
88.3861,-3.000,770.777,736.051,17.363,24.418
88.4825,-3.000,764.958,752.778,6.090,13.148
88.5901,-3.000,763.522,763.486,0.018,7.080
88.6863,-4.000,739.975,779.314,-19.670,-10.403
88.7838,-5.000,724.775,787.353,-31.289,-19.817
88.8913,-6.000,714.156,791.286,-38.565,-24.886
88.9881,-6.000,730.294,784.465,-27.085,-13.400
89.0840,-6.000,740.431,782.246,-20.907,-7.215
89.1908,-6.000,747.121,782.288,-17.584,-3.885
89.2896,-6.000,751.768,783.362,-15.797,-2.092
89.3861,-9.000,682.509,810.684,-64.087,-43.773
89.4821,-11.000,658.946,812.401,-76.728,-52.001
89.5891,-13.000,640.216,811.361,-85.572,-56.431
89.6845,-16.000,600.196,817.778,-108.791,-73.032
89.7831,-18.000,593.671,809.539,-107.934,-67.756
89.8902,-20.000,585.215,804.246,-109.515,-64.915
89.9865,-23.000,551.661,809.313,-128.826,-77.600
90.0827,-25.000,549.439,801.122,-125.841,-70.215
90.1915,-27.000,543.990,796.520,-126.265,-66.239
90.2879,-29.000,536.859,793.907,-128.524,-64.098
90.3843,-31.000,528.871,792.413,-131.771,-62.945
90.4819,-32.000,544.677,782.947,-119.135,-48.109
90.5888,-33.000,552.860,779.552,-113.346,-40.120
90.6833,-35.000,532.482,787.801,-127.660,-50.034
90.7897,-35.000,565.419,774.554,-104.567,-26.941
90.8873,-36.000,562.007,779.103,-108.548,-28.722
90.9855,-36.000,583.246,773.830,-95.292,-15.466
91.0821,-36.000,597.170,773.477,-88.154,-8.328
91.1882,-36.000,606.781,775.402,-84.310,-4.484
91.2863,-36.000,613.754,778.234,-82.240,-2.415
91.3826,-36.000,619.035,781.287,-81.126,-1.300
91.4899,-37.000,598.962,792.845,-96.941,-14.915
91.5871,-37.000,609.727,789.841,-90.057,-8.031
91.6847,-37.000,616.732,789.433,-86.351,-4.325
91.7819,-37.000,621.532,790.241,-84.355,-2.329
91.8891,-37.000,624.990,791.550,-83.280,-1.254
91.9847,-37.000,627.595,792.997,-82.701,-0.675
92.0837,-37.000,629.628,794.407,-82.389,-0.364
92.1899,-37.000,631.260,795.703,-82.222,-0.196
92.2860,-36.000,641.810,773.241,-65.716,14.110
92.3821,-36.000,637.735,782.191,-72.228,7.598
92.4875,-36.000,636.300,787.770,-75.735,4.091
92.5838,-36.000,636.173,791.419,-77.623,2.203
92.6819,-37.000,612.438,802.548,-95.055,-13.029
92.7900,-37.000,620.594,798.677,-89.042,-7.016
92.8870,-37.000,625.653,797.260,-85.804,-3.778
92.9852,-38.000,604.729,805.680,-100.475,-16.250
93.0815,-38.000,614.414,800.365,-92.976,-8.750
93.1875,-38.000,620.310,798.185,-88.937,-4.711
93.2851,-39.000,599.849,806.205,-103.178,-16.752
93.3800,-39.000,609.793,800.685,-95.446,-9.020
93.4867,-39.000,615.836,798.403,-91.283,-4.857
93.5822,-39.000,619.677,797.759,-89.041,-2.615
93.6811,-40.000,598.027,806.526,-104.250,-15.624
93.7900,-40.000,607.263,801.340,-97.039,-8.413
93.8848,-41.000,588.651,807.794,-109.571,-18.745
93.9813,-41.000,599.636,801.475,-100.920,-10.094
94.0873,-41.000,606.277,798.799,-96.261,-5.435
94.1831,-41.000,610.471,797.976,-93.752,-2.927
94.2888,-40.000,622.470,774.443,-75.986,12.640
94.3830,-41.000,595.019,791.490,-98.235,-7.409
94.4863,-41.000,601.517,791.148,-94.816,-3.990
94.5810,-41.000,605.975,791.923,-92.974,-2.148
94.6848,-41.000,609.190,793.156,-91.983,-1.157
94.7806,-41.000,611.615,794.512,-91.449,-0.623
94.8845,-41.000,613.509,795.831,-91.161,-0.335
94.9893,-40.000,624.245,773.427,-74.591,14.035
95.0846,-40.000,620.308,782.446,-81.069,7.557
95.1804,-40.000,618.980,788.093,-84.557,4.069
95.2876,-40.000,618.938,791.807,-86.435,2.191
95.3845,-41.000,595.271,802.994,-103.861,-13.036
95.4809,-41.000,603.484,799.174,-97.845,-7.019
95.5886,-41.000,608.591,797.802,-94.605,-3.780
95.6872,-41.000,611.922,797.644,-92.861,-2.035
95.7826,-40.000,623.426,774.438,-75.506,13.120
95.8877,-40.000,619.897,783.020,-81.562,7.064
95.9855,-40.000,618.784,788.428,-84.822,3.804
96.0811,-39.000,628.069,768.394,-70.162,16.264
96.1806,-39.000,623.494,778.832,-77.669,8.757
96.2875,-38.000,631.160,761.750,-65.295,18.931
96.3860,-38.000,625.921,773.985,-74.032,10.194
96.4829,-37.000,633.405,758.048,-62.322,19.704
96.5797,-37.000,628.218,771.050,-71.416,10.610
96.6886,-36.000,635.857,755.652,-59.897,19.928
96.7865,-35.000,640.078,745.438,-52.680,24.946
96.8837,-34.000,642.733,738.289,-47.778,27.648
96.9817,-34.000,635.562,756.639,-60.539,14.887
97.0796,-34.000,633.442,768.261,-67.410,8.016
97.1876,-34.000,633.781,776.000,-71.109,4.316
97.2838,-34.000,635.221,781.425,-73.102,2.324
97.3789,-34.000,637.066,785.415,-74.174,1.252
97.4873,-34.000,638.969,788.473,-74.752,0.674
97.5829,-34.000,640.766,790.892,-75.063,0.363
97.6811,-34.000,642.391,792.852,-75.231,0.195
97.7875,-34.000,643.824,794.465,-75.321,0.105
97.8851,-34.000,645.070,795.808,-75.369,0.057
97.9825,-34.000,646.144,796.935,-75.395,0.031
98.0894,-34.000,647.065,797.884,-75.409,0.016
98.1874,-34.000,647.853,798.687,-75.417,0.009
98.2843,-34.000,648.525,799.367,-75.421,0.005
98.3822,-35.000,624.881,808.559,-91.839,-14.213
98.4811,-36.000,608.584,811.973,-101.694,-21.868
98.5865,-37.000,596.486,812.520,-108.017,-25.991
98.6822,-38.000,586.858,811.730,-112.436,-28.210
98.7793,-39.000,578.735,810.398,-115.831,-29.406
98.8860,-41.000,547.357,817.538,-135.090,-44.265
98.9823,-41.000,572.486,801.807,-114.661,-23.835
99.0803,-41.000,587.481,794.801,-103.660,-12.834
99.1877,-40.000,606.015,768.657,-81.321,7.305
99.2865,-40.000,606.909,776.295,-84.693,3.933
99.3841,-40.000,608.720,781.736,-86.508,2.118
99.4792,-40.000,610.825,785.796,-87.485,1.140
99.5863,-40.000,612.918,788.942,-88.012,0.614
99.6841,-40.000,614.861,791.452,-88.295,0.331
99.7816,-39.000,625.817,769.882,-72.032,14.393
99.8779,-39.000,622.163,779.514,-78.676,7.750
99.9861,-39.000,621.126,785.632,-82.253,4.173
100.0835,-39.000,621.360,789.717,-84.179,2.247
100.1790,-40.000,597.943,801.205,-101.631,-13.005
100.2847,-41.000,582.160,806.248,-112.044,-21.218
100.3810,-42.000,570.673,808.006,-118.667,-25.641
100.4775,-43.000,561.657,808.153,-123.248,-28.022
100.5853,-43.000,578.321,798.950,-110.315,-15.089
100.6819,-43.000,588.456,795.157,-103.351,-8.125
100.7885,-44.000,570.686,802.718,-116.016,-18.590
100.8845,-44.000,582.427,797.299,-107.436,-10.010
100.9820,-44.000,589.734,795.366,-102.816,-5.390
101.0781,-43.000,603.721,771.547,-83.913,11.313
101.1841,-43.000,601.821,780.089,-89.134,6.092
101.2787,-43.000,601.832,785.724,-91.946,3.280
101.3825,-44.000,578.503,798.253,-109.875,-12.449
101.4866,-44.000,587.158,795.417,-104.129,-6.703
101.5800,-43.000,601.940,771.181,-84.620,10.606
101.6840,-42.000,609.743,755.942,-73.100,19.926
101.7795,-42.000,604.886,769.479,-82.296,10.730
101.8840,-40.000,622.054,730.889,-54.418,34.208
101.9780,-40.000,612.161,752.573,-70.206,18.420
102.0825,-39.000,617.886,742.471,-62.292,24.134
102.1781,-38.000,621.602,735.633,-57.015,27.210
102.2831,-37.000,624.433,730.750,-53.159,28.867
102.3791,-36.000,626.952,727.086,-50.067,29.759
102.4866,-35.000,629.446,724.219,-47.386,30.240
102.5826,-35.000,622.831,745.517,-61.343,16.283
102.6781,-35.000,621.556,759.272,-68.858,8.768
102.7853,-36.000,598.598,777.239,-89.320,-9.494
102.8820,-37.000,584.143,786.851,-101.354,-19.328
102.9795,-38.000,574.290,791.987,-108.849,-24.623
103.0766,-38.000,591.150,786.118,-97.484,-13.258
103.1855,-37.000,611.156,761.055,-74.950,7.076
103.2840,-37.000,613.240,769.671,-78.216,3.810
103.3800,-37.000,616.030,775.978,-79.974,2.052
103.4768,-37.000,618.948,780.791,-80.921,1.105
103.5853,-38.000,597.509,793.202,-97.846,-13.621
103.6822,-39.000,583.243,799.194,-107.975,-21.550
103.7815,-40.000,572.957,801.847,-114.445,-25.819
103.8807,-41.000,564.914,802.802,-118.944,-28.118
103.9770,-41.000,582.379,794.312,-105.966,-15.140
104.0837,-40.000,602.397,767.523,-82.563,6.063
104.1816,-40.000,604.221,774.944,-85.361,3.265
104.2781,-40.000,606.643,780.379,-86.868,1.758
104.3852,-39.000,618.387,760.915,-71.264,15.162
104.4801,-40.000,591.392,780.747,-94.677,-6.051
104.5867,-40.000,598.641,782.410,-91.884,-3.258
104.6825,-42.000,555.502,801.924,-123.211,-30.185
104.7772,-43.000,550.177,801.567,-125.695,-30.469
104.8843,-43.000,569.325,792.590,-111.632,-16.406
104.9813,-41.000,599.651,742.110,-71.229,19.597
105.0775,-40.000,606.256,733.973,-63.859,24.767
105.1849,-38.000,620.105,705.023,-42.459,41.767
105.2806,-36.000,627.840,685.651,-28.905,50.921
105.3781,-34.000,632.824,671.976,-19.576,55.850
105.4840,-32.000,636.784,661.829,-12.522,58.504
105.5806,-32.000,622.153,701.201,-39.524,31.502
105.6761,-32.000,618.128,726.255,-54.063,16.963
105.7832,-32.000,619.237,743.021,-61.892,9.134
105.8795,-33.000,598.403,763.449,-82.523,-9.297
105.9758,-33.000,610.021,766.486,-78.232,-5.006
106.0839,-35.000,570.129,787.634,-108.752,-31.126
106.1813,-35.000,591.529,780.302,-94.386,-16.760
106.2782,-35.000,605.244,778.545,-86.651,-9.025
106.3828,-35.000,614.491,779.462,-82.485,-4.860
106.4796,-36.000,596.839,790.155,-96.658,-16.832
106.5784,-38.000,560.718,804.158,-121.720,-37.494
106.6847,-39.000,559.409,801.069,-120.830,-34.405
106.7803,-39.000,580.918,790.821,-104.951,-18.526
106.8776,-39.000,594.254,787.057,-96.401,-9.975
106.9760,-38.000,612.142,762.905,-75.382,8.844
107.0843,-38.000,612.897,771.825,-79.464,4.762
107.1801,-38.000,614.812,778.135,-81.662,2.564
107.2854,-38.000,617.123,782.814,-82.845,1.381
107.3815,-39.000,595.242,795.037,-99.898,-13.472
107.4789,-39.000,604.855,792.215,-93.680,-7.254
107.5758,-39.000,611.089,791.753,-90.332,-3.906
107.6826,-38.000,624.560,768.788,-72.114,12.112
107.7784,-38.000,622.435,777.843,-77.704,6.522
107.8761,-38.000,622.371,783.799,-80.714,3.512
107.9835,-37.000,632.469,764.308,-65.920,16.106
108.0785,-37.000,628.543,775.250,-73.353,8.673
108.1756,-38.000,603.307,790.850,-93.771,-9.545
108.2834,-39.000,586.902,798.464,-105.781,-19.355
108.3802,-39.000,599.599,793.295,-96.848,-10.422
108.4755,-38.000,616.824,768.068,-75.622,8.604
108.5824,-38.000,616.952,776.139,-79.593,4.633
108.6788,-38.000,618.299,781.761,-81.731,2.495
108.7757,-38.000,620.109,785.874,-82.883,1.343
108.8819,-38.000,622.007,789.012,-83.503,0.723
108.9800,-38.000,623.813,791.486,-83.836,0.389
109.0756,-39.000,601.237,802.100,-100.432,-14.006
109.1826,-39.000,610.117,798.052,-93.967,-7.542
109.2797,-39.000,615.651,796.625,-90.487,-4.061
109.3772,-38.000,628.486,772.881,-72.197,12.029
109.4844,-38.000,625.798,781.296,-77.749,6.477
109.5808,-38.000,625.243,786.720,-80.738,3.488
109.6760,-38.000,625.703,790.399,-82.348,1.878
109.7835,-38.000,626.595,793.024,-83.215,1.011
109.8812,-38.000,627.623,794.986,-83.681,0.544
109.9782,-39.000,604.427,805.123,-100.348,-13.922
110.0747,-39.000,612.803,800.647,-93.922,-7.497
110.1813,-39.000,617.920,798.845,-90.463,-4.037
110.2799,-39.000,621.192,798.391,-88.599,-2.174
110.3755,-39.000,623.393,798.585,-87.596,-1.170
110.4820,-38.000,634.166,775.448,-70.641,13.585
110.5787,-38.000,630.141,783.963,-76.911,7.315
110.6749,-38.000,628.674,789.248,-80.287,3.939
110.7821,-38.000,628.478,792.688,-82.105,2.121
110.8776,-39.000,604.663,803.661,-99.499,-13.073
110.9835,-40.000,588.523,808.285,-109.881,-21.255
111.0797,-40.000,600.939,801.080,-100.071,-11.445
111.1766,-41.000,584.221,806.628,-111.204,-20.378
111.2830,-41.000,596.378,799.976,-101.799,-10.973
111.3776,-40.000,612.998,773.636,-80.319,8.307
111.4842,-40.000,612.533,780.839,-84.153,4.473
111.5811,-39.000,622.547,762.151,-69.802,16.624
111.6779,-39.000,618.688,773.638,-77.475,8.951
111.7752,-39.000,617.799,781.011,-81.606,4.820
111.8821,-39.000,618.330,785.991,-83.831,2.595
111.9787,-38.000,628.690,765.916,-68.613,15.613
112.0746,-39.000,600.639,785.108,-92.234,-5.808
112.1831,-39.000,607.055,786.162,-89.554,-3.128
112.2793,-39.000,611.674,787.894,-88.110,-1.684
112.3771,-39.000,615.150,789.815,-87.333,-0.907
112.4840,-39.000,617.862,791.691,-86.914,-0.488
112.5803,-39.000,620.038,793.415,-86.689,-0.263
112.6753,-39.000,621.816,794.951,-86.567,-0.142
112.7797,-39.000,623.290,796.295,-86.502,-0.076
112.8779,-39.000,624.523,797.457,-86.467,-0.041
112.9733,-40.000,601.344,807.071,-102.863,-14.237
113.0817,-40.000,609.651,802.235,-96.292,-7.666
113.1794,-41.000,590.448,808.787,-109.169,-18.343
113.2746,-42.000,576.823,811.060,-117.119,-24.093
113.3794,-42.000,590.618,802.615,-105.999,-12.973
113.4751,-43.000,574.664,807.517,-116.427,-21.201
113.5812,-45.000,538.821,817.766,-139.472,-39.847
113.6790,-47.000,512.903,820.728,-153.913,-49.887
113.7751,-48.000,516.956,811.563,-147.303,-41.077
113.8823,-49.000,517.027,806.547,-144.760,-36.334
113.9797,-50.000,514.979,803.791,-144.406,-33.780
114.0761,-50.000,536.029,793.659,-128.815,-18.189
114.1745,-51.000,524.848,798.519,-136.835,-24.010
114.2815,-51.000,540.743,792.251,-125.754,-12.928
114.3770,-51.000,550.802,790.376,-119.787,-6.961
114.4834,-52.000,533.277,799.257,-132.990,-17.964
114.5794,-52.000,545.394,794.792,-124.699,-9.673
114.6771,-52.000,553.111,793.580,-120.234,-5.208
114.7747,-52.000,558.280,793.940,-117.830,-2.805
114.8826,-51.000,571.139,771.380,-100.121,12.705
114.9780,-51.000,568.653,780.622,-105.985,6.841
115.0747,-51.000,568.366,786.650,-109.142,3.684
115.1813,-50.000,578.321,767.175,-94.427,16.199
115.2758,-50.000,574.299,778.105,-101.903,8.723
115.3819,-49.000,582.424,761.452,-89.514,18.912
115.4769,-49.000,577.571,774.056,-98.242,10.183
115.5831,-48.000,585.381,758.435,-86.527,19.699
115.6793,-47.000,589.685,748.092,-79.203,24.822
115.7756,-46.000,592.377,740.866,-74.245,27.581
115.8824,-45.000,634.404,719.514,-42.555,20.843
115.9797,-44.000,646.484,733.848,-43.682,18.316
116.0783,-42.000,667.582,730.241,-31.330,27.869
116.1756,-41.000,681.418,755.113,-36.848,20.951
116.2730,-40.000,701.094,777.177,-38.042,18.357
116.3794,-40.000,718.680,817.709,-49.515,6.884
116.4760,-39.000,747.898,831.732,-41.917,13.081
116.5825,-37.000,779.419,832.005,-26.293,25.906
116.6800,-36.000,800.560,861.728,-30.584,20.215
116.7755,-35.000,825.863,888.499,-31.318,18.080
116.8824,-32.000,863.014,876.850,-6.918,38.280
116.9788,-31.000,881.247,919.134,-18.943,24.855
117.0745,-29.000,912.752,934.107,-10.678,30.321
117.1825,-27.000,936.008,947.665,-5.828,32.370
117.2792,-26.000,935.189,963.508,-14.159,22.639
117.3767,-24.000,944.908,953.959,-4.526,29.490
117.4727,-23.000,946.534,968.679,-11.073,21.559
117.5795,-23.000,947.490,996.616,-24.563,8.084
117.6772,-22.000,959.701,995.163,-17.731,13.532
117.7751,-21.000,968.302,996.908,-14.303,15.574
117.8811,-21.000,970.450,1018.553,-24.052,5.840
117.9767,-20.000,981.898,1013.530,-15.816,12.690
118.0725,-19.000,989.184,1012.905,-11.861,15.259
118.1805,-17.000,999.966,995.184,2.391,26.722
118.2801,-16.000,1000.305,1005.148,-2.422,20.521
118.3762,-15.000,1004.347,1011.063,-3.358,18.195
118.4727,-14.000,1009.697,1015.376,-2.840,17.323
118.5783,-12.000,1020.469,1000.219,10.125,27.496
118.6739,-11.000,1021.412,1011.747,4.832,20.811
118.7800,-10.000,1026.198,1018.762,3.718,18.304
118.8784,-9.000,1032.267,1023.924,4.172,17.364
118.9749,-8.000,1038.682,1028.255,5.214,17.012
119.0721,-7.000,1045.113,1032.159,6.477,16.879
119.1791,-6.000,1051.451,1035.805,7.823,16.830
119.2757,-5.000,1057.672,1039.271,9.201,16.811
119.3815,-4.000,1063.779,1042.597,10.591,16.804
119.4776,-3.000,1069.784,1045.811,11.986,16.802
119.5760,-2.000,1075.699,1048.931,13.384,16.801
119.6730,-1.000,1081.538,1051.973,14.783,16.800
119.7793,-1.000,1082.312,1073.748,4.282,6.300
119.8777,0.000,1092.957,1068.468,12.244,12.863
119.9732,0.000,1094.699,1086.288,4.205,4.823
120.0793,0.000,1099.997,1097.616,1.191,1.809
120.1746,0.000,1105.933,1105.813,0.060,0.678
120.2712,0.000,1111.516,1112.243,-0.364,0.254
120.3793,-1.000,1096.462,1121.309,-12.423,-10.405
120.4756,-3.000,1067.917,1127.363,-29.723,-24.902
120.5731,-4.000,1068.920,1121.043,-26.062,-19.838
120.6718,-5.000,1066.555,1117.688,-25.567,-17.939
120.7798,-6.000,1062.832,1115.350,-26.259,-17.227
120.8744,-6.000,1078.519,1109.511,-15.496,-6.460
120.9819,-6.000,1086.738,1109.662,-11.462,-2.423
121.0785,-6.000,1091.805,1111.710,-9.952,-0.908
121.1755,-6.000,1095.392,1114.170,-9.389,-0.341
121.2823,-6.000,1098.171,1116.532,-9.180,-0.128
121.3782,-6.000,1100.432,1118.641,-9.105,-0.048
121.4723,-5.000,1107.315,1101.671,2.822,10.482
121.5774,-5.000,1103.974,1111.440,-3.733,3.931
121.6719,-5.000,1104.245,1116.631,-6.193,1.474
121.7761,-5.000,1105.642,1119.878,-7.118,0.553
121.8812,-5.000,1107.267,1122.200,-7.467,0.207
121.9780,-5.000,1108.811,1124.011,-7.600,0.078
122.0744,-5.000,1110.185,1125.489,-7.652,0.029
122.1808,-5.000,1111.375,1126.722,-7.674,0.011
122.2771,-5.000,1112.395,1127.763,-7.684,0.004
122.3739,-5.000,1113.265,1128.645,-7.690,0.002
122.4704,-6.000,1094.004,1133.194,-19.595,-10.499
122.5756,-6.000,1101.809,1127.884,-13.037,-3.937
122.6702,-6.000,1105.326,1126.488,-10.581,-1.476
122.7738,-5.000,1112.147,1107.670,2.239,9.946
122.8777,-5.000,1108.328,1116.291,-3.981,3.730
122.9715,-5.000,1108.035,1120.667,-6.316,1.399
123.0776,-6.000,1088.891,1127.080,-19.094,-9.975
123.1720,-6.000,1097.211,1122.939,-12.864,-3.741
123.2773,-6.000,1101.321,1122.382,-10.530,-1.403
123.3728,-5.000,1108.704,1104.218,2.243,9.974
123.4782,-4.000,1110.386,1094.573,7.907,14.240
123.5746,-3.000,1110.599,1088.791,10.904,15.840
123.6710,-2.000,1110.831,1085.025,12.903,16.440
123.7781,0.000,1116.554,1063.699,26.428,27.165
123.8756,1.000,1111.746,1069.045,21.350,20.687
123.9723,1.000,1106.545,1089.701,8.422,7.758
124.0699,1.000,1108.266,1101.118,3.574,2.909
124.1772,1.000,1112.033,1108.519,1.757,1.091
136.3283,0.000,25.465,25.465,0.000,0.000
136.3724,0.000,50.930,50.930,0.000,0.000
136.4682,0.000,76.394,76.394,0.000,0.000
136.5744,0.000,101.859,101.859,0.000,0.000
136.6714,0.000,127.324,127.324,0.000,0.000
136.7664,0.000,152.789,152.789,0.000,0.000
136.8746,0.000,178.254,178.254,0.000,0.000
136.9718,0.000,203.718,203.718,0.000,0.000
137.0709,0.000,229.183,229.183,0.000,0.000
137.1663,0.000,254.648,254.648,0.000,0.000
137.2746,0.000,280.113,280.113,0.000,0.000
137.3706,0.000,305.578,305.578,0.000,0.000
137.4684,0.000,331.043,331.043,0.000,0.000
137.5757,0.000,356.507,356.507,0.000,0.000
137.6734,0.000,381.972,381.972,0.000,0.000
137.7681,0.000,407.437,407.437,0.000,0.000
137.8763,0.000,432.902,432.902,0.000,0.000
137.9754,-1.000,438.366,462.167,-11.901,-10.500
138.0716,-1.000,471.008,481.685,-5.339,-3.937
138.1686,-2.000,479.455,509.013,-14.779,-11.977
138.2667,-2.000,513.463,528.054,-7.295,-4.491
138.3716,-3.000,522.633,555.414,-16.391,-12.184
138.4705,-4.000,537.090,578.447,-20.678,-15.069
138.5679,-4.000,573.759,596.285,-11.263,-5.651
138.6653,-5.000,584.272,623.541,-19.634,-12.619
138.7745,-5.000,619.527,643.030,-11.751,-4.732
138.8704,-6.000,629.567,670.962,-20.698,-12.275
138.9675,-6.000,664.692,690.752,-13.030,-4.603
139.0758,-7.000,674.722,718.839,-22.058,-12.226
139.1711,-7.000,709.878,738.722,-14.422,-4.585
139.2665,-7.000,739.950,763.073,-11.561,-1.719
139.3733,-7.000,767.970,788.953,-10.492,-0.645
139.4689,-7.000,795.094,815.281,-10.094,-0.242
139.5754,-7.000,821.778,841.673,-9.947,-0.091
139.6737,-7.000,848.206,867.998,-9.896,-0.034
139.7696,-6.000,879.463,875.420,2.021,10.487
139.8745,-6.000,900.663,909.738,-4.537,3.933
139.9703,-6.000,925.615,939.614,-6.999,1.475
140.0654,-5.000,956.812,948.861,3.975,11.053
140.1728,-4.000,983.410,965.481,8.964,14.645
140.2717,-3.000,1008.941,985.523,11.709,15.992
140.3691,-2.000,1034.634,1007.408,13.613,16.497
140.4676,-1.000,1060.862,1030.459,15.202,16.686
140.5651,0.000,1087.697,1054.352,16.673,16.757
140.6732,1.000,1113.903,1077.703,18.100,16.784
140.7697,1.000,1110.331,1095.110,7.611,6.294
140.8652,2.000,1116.078,1084.921,15.578,12.860
140.9707,2.000,1113.654,1098.570,7.542,4.823
141.0666,3.000,1119.213,1086.353,16.430,12.308
141.1747,3.000,1116.192,1098.714,8.739,4.616
141.2719,3.000,1117.279,1105.566,5.857,1.731
141.3695,3.000,1119.574,1110.020,4.777,0.649
141.4670,2.000,1103.237,1118.292,-7.527,-10.257
141.5655,2.000,1113.722,1115.953,-1.116,-3.846
141.6729,1.000,1100.788,1122.010,-10.611,-11.942
141.7709,1.000,1112.831,1119.123,-3.146,-4.478
141.8692,0.000,1100.721,1125.215,-12.247,-12.179
141.9660,-2.000,1073.274,1130.147,-28.437,-25.567
142.0640,-4.000,1054.681,1127.201,-36.260,-30.588
142.1732,-6.000,1039.641,1121.534,-40.947,-32.470
142.2726,-7.000,1046.129,1111.244,-32.558,-22.676
142.3671,-8.000,1046.181,1106.762,-30.290,-19.004
142.4640,-8.000,1063.669,1100.507,-18.419,-7.126
142.5715,-9.000,1052.891,1104.633,-25.871,-13.172
142.6675,-9.000,1065.791,1101.080,-17.645,-4.940
142.7643,-11.000,1032.843,1109.573,-38.365,-22.852
142.8727,-11.000,1051.724,1099.904,-24.090,-8.570
142.9693,-11.000,1060.988,1098.471,-18.742,-3.214
143.0656,-10.000,1071.317,1080.998,-4.840,9.295
143.1738,-8.000,1079.966,1053.676,13.145,24.486
143.2702,-7.000,1076.722,1057.249,9.736,19.682
143.3681,-5.000,1082.057,1039.594,21.232,28.381
143.4651,-4.000,1079.080,1048.298,15.391,21.143
143.5724,-3.000,1080.798,1052.649,14.075,18.429
143.6705,-3.000,1079.357,1074.247,2.555,6.911
143.7676,-3.000,1083.603,1087.136,-1.767,2.592
143.8640,-3.000,1089.263,1096.040,-3.388,0.972
143.9724,-4.000,1074.842,1106.640,-15.899,-10.136
144.0684,-4.000,1087.051,1106.184,-9.567,-3.801
144.1649,-5.000,1074.418,1112.607,-19.095,-11.925
144.2720,-5.000,1086.728,1110.018,-11.645,-4.472
144.3685,-5.000,1093.651,1111.358,-8.853,-1.677
144.4643,-5.000,1098.208,1113.825,-7.809,-0.629
144.5713,-5.000,1101.582,1116.421,-7.419,-0.236
144.6692,-4.000,1109.264,1100.013,4.625,10.412
144.7679,-4.000,1106.546,1110.315,-1.885,3.904
144.8647,-4.000,1107.326,1115.981,-4.328,1.464
144.9723,-5.000,1089.146,1123.439,-17.146,-9.951
145.0693,-6.000,1078.305,1123.967,-22.831,-14.232
145.1643,-7.000,1070.312,1121.995,-25.841,-15.837
145.2727,-9.000,1043.468,1122.967,-39.750,-26.939
145.3685,-11.000,981.378,1116.337,-67.479,-42.936
145.4655,-12.000,958.941,1087.123,-64.091,-37.335
145.5732,-12.000,957.887,1051.634,-46.873,-20.103
145.6697,-12.000,947.802,1023.018,-37.608,-10.825
145.7665,-11.000,941.734,974.151,-16.208,8.387
145.8738,-9.000,936.617,911.133,12.742,32.947
145.9720,-8.000,912.840,884.956,13.942,31.956
146.0690,-7.000,889.749,858.547,15.601,31.422
146.1659,-7.000,857.881,855.700,1.091,16.920
146.2728,-6.000,840.708,821.327,9.690,23.326
146.3723,-6.000,811.708,813.872,-1.082,12.560
146.4705,-5.000,795.808,776.746,9.531,20.979
146.5672,-5.000,767.265,767.579,-0.157,11.296
146.6643,-4.000,757.781,735.701,11.040,20.298
146.7725,-4.000,754.564,751.228,1.668,10.930
146.8687,-3.000,763.963,737.893,13.035,20.101
146.9666,-3.000,760.510,753.000,3.755,10.823
147.0631,-3.000,760.464,762.952,-1.244,5.828
147.1705,-2.000,771.198,746.239,12.479,17.354
147.2662,-1.000,777.361,735.592,20.884,23.560
147.3628,-1.000,772.081,752.062,10.010,12.686
147.4703,0.000,780.197,739.057,20.570,21.046
147.5653,0.000,775.906,754.193,10.856,11.333
147.6736,1.000,783.901,739.816,22.042,20.318
147.7706,1.000,779.312,753.980,12.666,10.940
147.8694,1.000,778.333,763.097,7.618,5.891
147.9643,1.000,779.074,769.274,4.900,3.172
148.0627,1.000,780.552,773.677,3.437,1.708
148.1716,1.000,782.264,776.964,2.650,0.920
148.2688,1.000,783.964,779.511,2.227,0.495
148.3667,0.000,761.926,790.761,-14.417,-13.949
148.4713,-1.000,747.062,795.854,-24.396,-21.726
148.5706,-1.000,760.436,789.175,-14.370,-11.699
148.6656,-2.000,744.464,795.239,-25.388,-20.515
148.7628,-2.000,757.218,789.061,-15.922,-11.046
148.8632,-3.000,740.893,795.377,-27.242,-20.163
148.9714,-3.000,753.442,789.320,-17.939,-10.857
149.0684,-4.000,736.993,795.688,-29.348,-20.062
149.1650,-5.000,725.246,798.265,-36.509,-25.018
149.2626,-5.000,740.390,790.327,-24.968,-13.471
149.3697,-5.000,749.665,787.177,-18.756,-7.254
149.4694,-5.000,755.610,786.438,-15.414,-3.906
149.5670,-5.000,759.620,786.854,-13.617,-2.103
149.6637,-6.000,738.250,796.386,-29.068,-15.348
149.7619,-6.000,747.795,791.777,-21.991,-8.264
149.8693,-7.000,729.485,798.685,-34.600,-18.665
149.9663,-7.000,740.745,792.731,-25.993,-10.051
150.0633,-8.000,723.416,798.972,-37.778,-19.627
150.1699,-9.000,711.036,801.326,-45.145,-24.784
150.2645,-11.000,677.271,810.369,-66.549,-41.776
150.3708,-12.000,676.817,804.210,-63.696,-36.710
150.4683,-14.000,650.003,809.202,-79.599,-48.198
150.5663,-15.000,653.742,801.315,-73.786,-40.168
150.6619,-17.000,629.569,805.762,-88.097,-50.060
150.7713,-18.000,635.055,797.909,-81.427,-41.171
150.8687,-20.000,612.098,802.654,-95.278,-50.600
150.9667,-22.000,594.256,803.816,-104.780,-55.677
151.0635,-24.000,579.407,803.287,-111.940,-58.411
151.1710,-25.000,590.615,793.408,-101.397,-45.667
151.2674,-27.000,571.326,797.626,-113.150,-53.021
151.3644,-29.000,555.961,798.980,-121.510,-56.980
151.4617,-31.000,542.875,798.958,-128.042,-59.113
151.5669,-32.000,555.371,789.720,-117.175,-46.045
151.6636,-34.000,537.076,794.583,-128.754,-53.224
151.7705,-35.000,546.718,787.926,-120.604,-42.875
151.8665,-36.000,551.059,785.521,-117.231,-37.302
151.9667,-38.000,528.167,793.858,-132.846,-48.516
152.0613,-39.000,535.158,788.896,-126.869,-40.340
152.1692,-40.000,537.923,787.255,-124.666,-35.937
152.2654,-41.000,538.272,787.262,-124.495,-33.566
152.3608,-41.000,561.415,779.422,-109.003,-18.074
152.4685,-42.000,552.045,786.199,-117.077,-23.948
152.5674,-42.000,569.496,781.544,-106.024,-12.895
152.6638,-42.000,580.886,781.031,-100.073,-6.943
152.7604,-42.000,588.713,782.449,-96.868,-3.739
152.8672,-42.000,594.368,784.652,-95.142,-2.013
152.9636,-42.000,598.637,787.063,-94.213,-1.084
153.0610,-43.000,577.760,798.017,-110.128,-14.799
153.1667,-43.000,587.874,794.470,-103.298,-7.969
153.2648,-43.000,594.342,793.582,-99.620,-4.291
153.3633,-43.000,598.694,793.974,-97.640,-2.310
153.4710,-43.000,601.777,794.924,-96.573,-1.244
153.5690,-44.000,579.850,804.679,-112.415,-14.885
153.6655,-44.000,589.046,800.135,-105.544,-8.015
153.7624,-44.000,594.723,798.414,-101.845,-4.316
153.8612,-44.000,598.396,798.103,-99.853,-2.324
153.9694,-44.000,600.898,798.459,-98.781,-1.251
154.0675,-43.000,611.905,775.481,-81.788,13.542
154.1655,-43.000,608.068,784.143,-88.038,7.292
154.2621,-42.000,615.968,765.943,-74.988,18.142
154.3602,-41.000,619.933,753.824,-66.945,23.984
154.4665,-40.000,622.114,745.313,-61.599,27.130
154.5634,-40.000,614.402,762.644,-74.121,14.608
154.6717,-39.000,620.963,749.858,-64.448,22.081
154.7686,-39.000,615.626,764.905,-74.639,11.890
154.8661,-39.000,614.265,774.519,-80.127,6.402
154.9622,-39.000,614.817,780.981,-83.082,3.447
155.0626,-39.000,616.208,785.554,-84.673,1.856
155.1605,-39.000,617.885,788.945,-85.530,1.000
155.2655,-39.000,619.578,791.560,-85.991,0.538
155.3606,-38.000,630.376,770.024,-69.824,14.505
155.4662,-37.000,635.833,756.040,-60.103,22.026
155.5610,-36.000,638.758,746.466,-53.854,26.075
155.6686,-36.000,631.398,763.175,-65.889,14.041
155.7655,-36.000,628.891,773.629,-72.369,7.560
155.8605,-36.000,628.779,780.496,-75.858,4.071
155.9654,-37.000,605.555,793.861,-94.153,-12.023
156.0604,-37.000,614.415,791.621,-88.603,-6.474
156.1645,-38.000,596.001,800.062,-102.031,-17.701
156.2691,-38.000,607.432,795.154,-93.861,-9.532
156.3634,-39.000,590.389,802.143,-105.877,-19.348
156.4593,-39.000,602.545,796.439,-96.947,-10.418
156.5670,-39.000,610.096,794.374,-92.139,-5.610
156.6650,-39.000,615.016,794.116,-89.550,-3.021
156.7636,-39.000,618.391,794.703,-88.156,-1.626
156.8702,-39.000,620.826,795.636,-87.405,-0.876
156.9652,-39.000,622.662,796.664,-87.001,-0.472
157.0615,-40.000,599.881,806.278,-103.199,-14.469
157.1682,-41.000,584.248,810.120,-112.936,-22.007
157.2640,-41.000,596.894,802.452,-102.779,-11.850
157.3613,-40.000,613.694,775.483,-80.895,7.835
157.4686,-40.000,613.256,782.277,-84.511,4.219
157.5663,-40.000,614.010,786.925,-86.458,2.272
157.6641,-40.000,615.258,790.270,-87.506,1.223
157.7621,-40.000,616.645,792.786,-88.071,0.659
157.8684,-40.000,618.000,794.749,-88.375,0.355
157.9642,-40.000,619.246,796.323,-88.538,0.191
158.0690,-41.000,596.141,806.225,-105.042,-14.113
158.1648,-41.000,604.544,801.600,-98.528,-7.599
158.2627,-41.000,609.656,799.699,-95.021,-4.092
158.3693,-39.000,631.340,751.944,-60.302,26.227
158.4641,-38.000,632.371,744.354,-55.991,28.338
158.5683,-37.000,633.219,738.529,-52.655,29.474
158.6667,-36.000,634.216,733.903,-49.843,30.086
158.7602,-35.000,635.503,730.130,-47.314,30.416
158.8663,-35.000,627.909,750.612,-61.352,16.378
158.9612,-35.000,625.827,763.648,-68.911,8.819
159.0654,-34.000,635.628,748.759,-56.565,18.964
159.1588,-33.000,641.428,739.233,-48.903,24.427
159.2672,-32.000,645.286,732.808,-43.761,27.368
159.3650,-32.000,639.064,751.849,-56.393,14.737
159.4603,-32.000,637.710,764.099,-63.194,7.935
159.5675,-33.000,614.463,781.007,-83.272,-9.943
159.6635,-34.000,599.643,789.840,-95.098,-19.569
159.7583,-36.000,565.199,802.994,-118.897,-38.968
159.8662,-36.000,589.136,790.960,-100.912,-20.983
159.9616,-37.000,579.664,794.950,-107.643,-25.514
160.0584,-37.000,596.610,788.345,-95.867,-13.738
160.1650,-38.000,583.130,795.014,-105.942,-21.613
160.2607,-38.000,597.711,789.645,-95.967,-11.638
160.3673,-39.000,582.781,796.803,-107.011,-20.482
160.4645,-40.000,572.216,800.163,-113.973,-25.244
160.5615,-41.000,564.090,801.565,-118.738,-27.808
160.6591,-41.000,581.567,793.373,-105.903,-14.974
160.7656,-40.000,601.639,766.792,-82.577,6.153
160.8604,-39.000,612.749,750.751,-69.001,17.528
160.9652,-38.000,619.278,740.629,-60.676,23.654
161.0593,-37.000,623.549,733.904,-55.177,26.952
161.1684,-36.000,626.783,729.185,-51.201,28.728
161.2633,-36.000,620.392,749.313,-64.460,15.469
161.3617,-37.000,594.876,770.906,-88.015,-5.886
161.4581,-38.000,579.210,782.638,-101.714,-17.385
161.5642,-39.000,568.846,789.057,-110.106,-23.576
161.6606,-39.000,585.551,783.999,-99.224,-12.695
161.7672,-40.000,572.145,791.706,-109.780,-21.051
161.8628,-40.000,586.938,787.067,-100.065,-11.335
161.9594,-41.000,572.270,794.767,-111.248,-20.319
162.0672,-41.000,586.187,789.927,-101.870,-10.941
162.1634,-40.000,604.310,765.120,-80.405,8.324
162.2605,-40.000,605.127,773.621,-84.247,4.482
162.3576,-39.000,616.234,756.035,-69.900,16.629
162.4658,-39.000,613.305,768.456,-77.575,8.954
162.5623,-39.000,613.207,776.623,-81.708,4.821
162.6585,-40.000,590.195,790.892,-100.349,-11.619
162.7651,-39.000,608.558,765.699,-78.570,7.959
162.8630,-39.000,609.482,773.969,-82.244,4.286
162.9596,-38.000,620.627,756.239,-67.806,16.523
163.0653,-38.000,617.702,768.567,-75.432,8.897
163.1620,-38.000,617.592,776.669,-79.539,4.791
163.2584,-37.000,627.993,758.662,-65.334,16.795
163.3672,-38.000,600.293,779.296,-89.501,-5.172
163.4633,-38.000,607.177,781.406,-87.114,-2.785
163.5611,-37.000,621.501,760.328,-69.413,12.716
163.6667,-37.000,620.261,770.826,-75.282,6.847
163.7632,-38.000,596.820,786.536,-94.858,-10.529
163.8576,-38.000,605.894,785.891,-89.999,-5.669
163.9633,-37.000,621.309,763.242,-70.967,11.163
164.0584,-37.000,620.582,772.819,-76.119,6.011
164.1651,-36.000,630.784,755.739,-62.477,17.452
164.2621,-37.000,603.091,776.986,-86.947,-4.818
164.3597,-37.000,610.075,779.523,-84.724,-2.594
164.4576,-37.000,615.319,782.372,-83.526,-1.397
164.5624,-37.000,619.403,785.167,-82.882,-0.752
164.6668,-36.000,631.890,764.128,-66.119,13.810
164.7606,-35.000,638.596,750.751,-56.078,21.652
164.8571,-35.000,633.268,765.410,-66.071,11.659
164.9647,-35.000,631.853,774.756,-71.452,6.278
165.0608,-35.000,632.326,781.024,-74.349,3.380
165.1668,-35.000,633.631,785.449,-75.909,1.820
165.2640,-35.000,635.226,788.725,-76.749,0.980
165.3594,-36.000,612.628,799.862,-93.617,-13.688
165.4648,-36.000,621.575,796.174,-87.300,-7.370
165.5612,-37.000,602.997,803.623,-100.313,-18.184
165.6581,-37.000,614.159,798.000,-91.921,-9.791
165.7563,-38.000,596.817,804.451,-103.817,-19.488
165.8635,-39.000,584.467,806.943,-111.238,-24.709
165.9605,-40.000,574.966,807.465,-116.249,-27.520
166.0661,-41.000,567.137,807.063,-119.963,-29.034
166.1618,-42.000,560.323,806.279,-122.978,-29.849
166.2591,-42.000,578.370,796.774,-109.202,-16.073
166.3647,-41.000,598.634,769.371,-85.368,5.561
166.4631,-41.000,600.534,776.404,-87.935,2.994
166.5591,-40.000,612.163,757.966,-72.902,15.828
166.6577,-39.000,618.680,746.263,-63.791,22.738
166.7652,-38.000,622.696,738.437,-57.870,26.459
166.8622,-37.000,625.581,732.915,-53.667,28.462
166.9606,-36.000,628.039,728.815,-50.388,29.541
167.0572,-35.000,630.422,725.636,-47.607,30.122
167.1660,-34.000,632.897,723.086,-45.094,30.435
167.2620,-33.000,635.533,720.985,-42.726,30.603
167.3589,-32.000,638.351,719.222,-40.435,30.694
167.4566,-32.000,632.133,741.336,-54.602,16.528
167.5635,-32.000,631.261,755.721,-62.230,8.899
167.6601,-32.000,632.896,765.571,-66.337,4.792
167.7563,-32.000,635.566,772.664,-68.549,2.580
167.8642,-32.000,638.524,778.004,-69.740,1.389
167.9601,-32.000,641.409,782.172,-70.381,0.748
168.0661,-32.000,644.062,785.515,-70.726,0.403
168.1605,-31.000,655.639,764.633,-54.497,14.432
168.2560,-31.000,652.524,774.840,-61.158,7.771
168.3633,-31.000,651.951,781.441,-64.745,4.185
168.4568,-31.000,652.582,785.934,-66.676,2.253
168.5645,-31.000,653.720,789.152,-67.716,1.213
168.6602,-31.000,655.011,791.563,-68.276,0.653
168.7566,-31.000,656.282,793.437,-68.578,0.352
168.8633,-32.000,633.242,803.553,-85.155,-14.026
168.9611,-33.000,617.507,807.701,-95.097,-21.768
169.0588,-35.000,581.698,817.461,-117.881,-40.152
169.1651,-36.000,579.944,811.474,-115.765,-35.836
169.2636,-38.000,552.263,816.375,-132.056,-47.727
169.3580,-40.000,531.178,816.897,-142.859,-54.130
169.4637,-41.000,538.207,806.790,-134.292,-43.362
169.5597,-42.000,540.196,801.583,-130.694,-37.564
169.6555,-43.000,539.451,798.994,-129.772,-34.442
169.7634,-43.000,561.430,789.181,-113.875,-18.546
169.8589,-43.000,575.160,785.792,-105.316,-9.986
169.9643,-43.000,584.164,785.577,-100.707,-5.377
170.0590,-43.000,590.382,786.831,-98.225,-2.895
170.1553,-43.000,594.894,788.670,-96.888,-1.559
170.2630,-43.000,598.312,790.650,-96.169,-0.839
170.3590,-43.000,600.994,792.556,-95.781,-0.452
170.4568,-43.000,603.152,794.298,-95.573,-0.243
170.5623,-43.000,604.922,795.843,-95.460,-0.131
170.6588,-43.000,606.392,797.191,-95.400,-0.071
170.7566,-43.000,607.622,798.356,-95.367,-0.038
170.8644,-43.000,608.657,799.357,-95.350,-0.020
170.9623,-43.000,609.532,800.213,-95.340,-0.011
171.0578,-43.000,610.273,800.943,-95.335,-0.006
171.1639,-44.000,586.685,810.181,-111.748,-14.219
171.2613,-43.000,603.864,781.404,-88.770,6.559
171.3561,-43.000,603.408,787.003,-91.797,3.532
171.4624,-43.000,603.963,790.818,-93.428,1.902
171.5575,-43.000,604.943,793.554,-94.305,1.024
171.6637,-42.000,615.265,771.990,-78.363,14.767
171.7580,-41.000,620.387,757.912,-68.763,22.167
171.8546,-40.000,623.066,748.222,-62.578,26.151
171.9639,-40.000,615.516,764.811,-74.648,14.081
172.0605,-39.000,622.074,751.537,-64.732,21.798
172.1554,-39.000,616.659,766.243,-74.792,11.737
172.2635,-39.000,615.190,775.609,-80.209,6.320
172.3606,-38.000,624.845,758.267,-66.711,17.618
172.4565,-38.000,620.946,770.631,-74.842,9.487
172.5637,-38.000,620.166,778.608,-79.221,5.108
172.6608,-38.000,620.866,784.024,-81.579,2.751
172.7578,-38.000,622.196,787.893,-82.848,1.481
172.8662,-38.000,623.722,790.786,-83.532,0.798
172.9603,-39.000,601.017,801.648,-100.315,-13.786
173.0558,-40.000,585.631,806.367,-110.368,-21.639
173.1615,-41.000,574.369,807.962,-116.796,-25.867
173.2561,-43.000,541.268,816.645,-137.688,-42.359
173.3613,-44.000,541.226,810.333,-134.553,-37.024
173.4551,-45.000,538.898,806.660,-133.881,-34.151
173.5641,-45.000,559.610,795.847,-118.119,-18.389
173.6601,-46.000,548.089,800.182,-126.047,-24.117
173.7553,-46.000,563.666,793.497,-114.916,-12.986
173.8601,-46.000,573.439,791.282,-108.922,-6.993
173.9556,-46.000,579.878,791.267,-105.695,-3.765
174.0604,-46.000,584.346,792.260,-103.957,-2.027
174.1556,-46.000,587.603,793.645,-103.021,-1.092
174.2612,-46.000,590.080,795.114,-102.517,-0.588
174.3586,-46.000,592.028,796.519,-102.246,-0.317
174.4565,-46.000,593.599,797.799,-102.100,-0.170
174.5638,-46.000,594.889,798.931,-102.021,-0.092
174.6617,-47.000,571.746,808.534,-118.394,-14.265
174.7576,-48.000,555.860,812.311,-128.226,-21.896
174.8542,-48.000,568.319,804.559,-118.120,-11.790
174.9627,-49.000,551.546,809.733,-129.093,-20.564
175.0597,-49.000,563.607,802.812,-119.602,-11.073
175.1572,-49.000,570.903,799.886,-114.492,-5.962
175.2621,-49.000,575.512,798.992,-111.740,-3.211
175.3563,-50.000,554.357,807.704,-126.673,-15.944
175.4630,-50.000,563.927,802.557,-119.315,-8.585
175.5597,-50.000,569.770,800.474,-115.352,-4.623
175.6562,-50.000,573.502,799.939,-113.219,-2.489
175.7638,-51.000,551.793,808.763,-128.485,-15.556
175.8590,-51.000,560.997,803.608,-121.305,-8.376
175.9551,-52.000,542.369,810.079,-133.855,-18.726
176.0619,-52.000,553.344,803.769,-125.212,-10.083
176.1601,-52.000,559.981,801.098,-120.559,-5.429
176.2577,-52.000,564.172,800.278,-118.053,-2.923
176.3635,-52.000,566.954,800.361,-116.703,-1.574
176.4588,-51.000,578.114,777.237,-99.562,13.368
176.5550,-51.000,574.359,785.821,-105.731,7.198
176.6623,-51.000,573.089,791.196,-109.053,3.876
176.7597,-50.000,582.261,771.115,-94.427,16.302
176.8562,-49.000,586.815,757.887,-85.536,22.994
176.9617,-48.000,589.232,748.697,-79.733,26.597
177.0589,-46.000,600.009,718.364,-59.177,42.752
177.1540,-44.000,605.396,697.553,-46.078,51.451
177.2617,-42.000,608.526,682.514,-36.994,56.135
177.3577,-40.000,610.986,671.130,-30.072,58.657
177.4538,-38.000,613.552,662.179,-24.314,60.016
177.5597,-35.000,625.785,631.319,-2.767,74.962
177.6557,-33.000,624.201,633.270,-4.534,68.795
177.7526,-32.000,616.821,656.562,-19.870,51.259
177.8593,-32.000,607.426,694.483,-43.528,27.601
177.9572,-35.000,534.164,745.191,-105.513,-27.784
178.0542,-35.000,559.902,745.282,-92.690,-14.961
178.1616,-33.000,596.215,702.124,-52.954,20.375
178.2582,-31.000,617.333,676.388,-29.527,39.402
178.3583,-28.000,639.831,636.764,1.533,63.863
178.4559,-26.000,644.008,634.230,4.889,62.818
178.5523,-24.000,649.118,631.717,8.700,62.256
178.6585,-22.000,654.895,629.348,12.773,61.953
178.7552,-20.000,661.158,627.181,16.988,61.790
178.8610,-18.000,667.791,625.230,21.281,61.702
178.9570,-17.000,665.499,647.101,9.199,47.440
179.0534,-15.000,677.840,637.603,20.118,53.975
179.1611,-13.000,687.553,631.506,28.023,57.494
179.2563,-12.000,705.429,676.034,14.698,32.060
179.3528,-11.000,728.225,715.120,6.552,22.523
179.4572,-11.000,751.760,766.824,-7.532,8.446
179.5518,-10.000,787.271,789.107,-0.918,13.667
179.6580,-9.000,819.604,814.737,2.434,15.625
179.7548,-9.000,845.786,860.463,-7.338,5.859
179.8525,-8.000,881.499,879.711,0.894,12.697
179.9606,-8.000,908.236,922.331,-7.048,4.761
180.0553,-8.000,938.551,958.609,-10.029,1.786
180.1620,-7.000,974.552,973.052,0.750,11.170
180.2575,-5.000,1010.325,975.194,17.566,25.189
180.3550,-3.000,1039.514,988.273,25.621,30.446
180.4618,1.000,1076.070,967.685,54.193,53.417
180.5592,5.000,1092.128,955.307,68.411,62.031
180.6562,8.000,1080.094,949.401,65.346,54.762
180.7620,11.000,1072.151,938.494,66.828,52.036
180.8574,13.000,1061.726,945.497,58.115,40.513
180.9521,15.000,1057.562,944.353,56.605,36.193
181.0554,16.000,1051.497,959.706,45.895,24.072
181.1519,16.000,1047.910,986.187,30.861,9.027
181.2594,16.000,1052.009,1001.548,25.231,3.385
181.3567,15.000,1039.375,1016.924,11.226,-9.231
181.4535,14.000,1035.019,1024.810,5.104,-13.961
181.5598,13.000,1033.954,1030.075,1.939,-15.736
181.6570,13.000,1053.083,1029.517,11.783,-5.901
181.7524,11.000,1027.072,1043.714,-8.321,-23.213
181.8585,10.000,1032.765,1044.177,-5.706,-19.205
181.9553,8.000,1017.291,1052.285,-17.497,-28.202
182.0522,7.000,1027.991,1051.524,-11.766,-21.076
182.1523,6.000,1034.091,1055.071,-10.490,-18.403
182.2586,4.000,1019.596,1065.166,-22.785,-27.901
182.3549,3.000,1031.367,1065.856,-17.245,-20.963
182.4511,2.000,1038.466,1070.549,-16.041,-18.361
182.5577,1.000,1043.654,1076.584,-16.465,-17.385
182.6548,1.000,1066.790,1077.987,-5.598,-6.520
182.7511,1.000,1081.295,1084.341,-1.523,-2.445
182.8582,1.000,1091.688,1091.677,0.006,-0.917
182.9553,1.000,1099.797,1098.638,0.579,-0.344
183.0538,0.000,1087.617,1109.828,-11.106,-10.629
183.1598,0.000,1101.339,1110.264,-4.463,-3.986
183.2546,-1.000,1089.847,1117.591,-13.872,-11.995
183.3604,-1.000,1103.072,1115.825,-6.376,-4.498
183.4561,-2.000,1090.752,1121.685,-15.466,-12.187
183.5513,-3.000,1083.122,1122.625,-19.752,-15.070
183.6583,-4.000,1077.194,1121.666,-22.236,-16.151
183.7551,-4.000,1091.859,1116.147,-12.144,-6.057
183.8625,-4.000,1099.529,1116.251,-8.361,-2.271
183.9589,-5.000,1084.249,1121.939,-18.845,-11.352
184.0543,-5.000,1094.763,1118.271,-11.754,-4.257
184.1610,-4.000,1105.331,1099.723,2.804,8.904
184.2570,-4.000,1103.872,1109.399,-2.764,3.339
184.3541,-4.000,1105.274,1114.981,-4.853,1.252
184.4507,-4.000,1107.457,1118.735,-5.639,0.470
184.5571,-4.000,1109.684,1121.554,-5.935,0.176
184.6533,-4.000,1111.716,1123.812,-6.048,0.066
184.7601,-5.000,1093.494,1129.479,-17.993,-10.475
184.8566,-5.000,1102.202,1125.100,-11.449,-3.928
184.9523,-6.000,1086.493,1128.289,-20.898,-11.973
185.0592,-7.000,1076.150,1126.790,-25.320,-14.990
185.1545,-8.000,1067.980,1123.694,-27.857,-16.121
185.2506,-8.000,1080.762,1116.335,-17.787,-6.045
185.3592,-9.000,1066.840,1118.668,-25.914,-12.767
185.4549,-9.000,1077.387,1113.270,-17.941,-4.788
185.5499,-9.000,1082.561,1112.472,-14.955,-1.795
185.6584,-10.000,1065.536,1117.017,-25.740,-11.173
185.7542,-11.000,1054.708,1116.037,-30.665,-14.690
185.8517,-11.000,1066.363,1109.345,-21.491,-5.509
185.9607,-11.000,1071.908,1108.019,-18.056,-2.066
186.0569,-11.000,1074.984,1108.529,-16.772,-0.775
186.1541,-10.000,1081.985,1090.776,-4.395,10.210
186.2515,-9.000,1083.528,1081.293,1.117,14.329
186.3587,-9.000,1078.693,1094.381,-7.844,5.373
186.4582,-9.000,1078.835,1101.252,-11.209,2.015
186.5556,-8.000,1085.551,1086.698,-0.574,11.256
186.6541,-8.000,1082.679,1097.907,-7.614,4.221
186.7506,-7.000,1088.580,1085.294,1.643,12.083
186.8587,-7.000,1085.670,1097.497,-5.914,4.531
186.9533,-6.000,1091.784,1085.484,3.150,12.199
187.0576,-6.000,1089.148,1098.105,-4.478,4.575
187.1528,-6.000,1090.528,1105.212,-7.342,1.716
187.2587,-7.000,1073.058,1113.696,-20.319,-9.857
187.3556,-7.000,1082.894,1111.221,-14.163,-3.696
187.4533,-7.000,1088.328,1112.045,-11.858,-1.386
187.5582,-7.000,1091.849,1113.843,-10.997,-0.520
187.6552,-8.000,1074.429,1119.584,-22.577,-10.695
187.7531,-8.000,1083.644,1115.442,-15.899,-4.011
187.8496,-6.000,1098.303,1077.495,10.404,19.496
200.8183,-5.000,-36.140,82.867,-59.503,-52.500
200.8490,-5.000,19.449,72.838,-26.694,-19.688
200.9462,-5.000,54.933,83.720,-14.393,-7.383
201.0546,-5.000,83.069,102.634,-9.783,-2.769
201.1527,-5.000,108.612,124.723,-8.056,-1.038
201.2483,-5.000,133.320,148.141,-7.410,-0.389
201.3460,-4.000,162.835,153.374,4.730,10.354
201.4524,-4.000,182.448,185.935,-1.744,3.883
201.5456,-4.000,206.012,214.359,-4.173,1.456
201.6515,-3.000,236.014,222.385,6.815,11.046
201.7460,-3.000,256.591,256.773,-0.091,4.142
201.8500,-3.000,281.179,286.544,-2.682,1.553
201.9451,-3.000,307.128,314.439,-3.655,0.583
202.0513,-2.000,338.467,322.708,7.879,10.718
202.1467,-1.000,364.920,338.761,13.080,14.519
202.2510,-1.000,385.229,377.221,4.004,5.445
202.3464,0.000,415.623,390.620,12.501,12.542
202.4538,0.000,437.716,428.391,4.663,4.703
202.5584,1.000,467.839,440.591,13.624,12.264
202.6452,1.000,489.482,477.563,5.960,4.599
202.7512,2.000,519.140,489.166,14.987,12.225
202.8452,2.000,540.357,525.661,7.348,4.584
202.9499,3.000,569.641,536.872,16.385,12.219
203.0548,4.000,594.337,553.036,20.651,15.082
203.1504,4.000,613.599,591.145,11.227,5.656
203.2456,4.000,638.269,622.879,7.695,2.121
203.3529,5.000,668.538,631.992,18.273,11.295
203.4480,5.000,689.540,667.106,11.217,4.236
203.5526,5.000,714.564,697.418,8.573,1.588
203.6506,5.000,740.913,725.746,7.584,0.596
203.7449,4.000,748.801,758.172,-4.686,-10.277
203.8510,3.000,764.879,785.200,-10.161,-14.354
203.9454,2.000,784.691,810.868,-13.088,-15.883
204.0506,1.000,806.467,836.589,-15.061,-16.456
204.1444,-1.000,809.458,866.611,-28.577,-27.171
204.2517,-2.000,839.288,886.280,-23.496,-20.689
204.3491,-4.000,844.573,913.310,-34.368,-28.758
204.4457,-5.000,875.097,931.693,-28.298,-21.284
204.5527,-7.000,880.500,958.100,-38.800,-28.982
204.6503,-8.000,910.947,976.131,-32.592,-21.368
204.7465,-9.000,936.219,998.505,-31.143,-18.513
204.8436,-10.000,959.351,1022.310,-31.479,-17.442
204.9505,-10.000,1001.514,1042.684,-20.585,-6.541
205.0449,-10.000,1035.993,1069.001,-16.504,-2.453
205.1517,-6.000,1087.180,1021.930,32.625,41.080
205.2481,-4.000,1081.606,1020.112,30.747,36.405
205.3452,-2.000,1080.710,1017.126,31.792,34.652
205.4537,-1.000,1077.402,1033.334,22.034,23.494
205.5504,2.000,1088.302,1002.198,43.052,40.310
205.6490,4.000,1084.610,1001.290,41.660,36.116
205.7468,5.000,1078.886,1016.904,30.991,24.044
205.8438,11.000,1098.370,923.627,87.372,72.016
205.9526,14.000,1078.407,922.265,78.071,58.506
206.0485,11.000,998.886,987.261,5.813,-9.560
206.1465,9.000,983.594,1007.606,-12.006,-24.585
206.2457,10.000,1019.914,989.381,15.267,1.281
206.3534,11.000,1038.111,985.364,26.374,10.980
206.4493,11.000,1044.783,1005.745,19.519,4.118
206.5456,10.000,1034.915,1024.810,5.052,-8.956
206.6537,9.000,1033.127,1035.614,-1.244,-13.858
206.7519,7.000,1015.525,1048.280,-16.377,-26.197
206.8466,5.000,1007.204,1054.805,-23.801,-30.824
206.9432,2.000,984.307,1064.776,-40.234,-43.059
207.0514,0.000,990.625,1064.870,-37.123,-37.147
207.1490,-3.000,971.565,1070.781,-49.608,-45.430
207.2464,-5.000,976.867,1066.902,-45.017,-38.036
207.3440,-7.000,976.240,1066.339,-45.050,-35.264
207.4494,-9.000,972.767,1066.400,-46.816,-34.224
207.5438,-10.000,987.700,1062.367,-37.333,-23.334
207.6491,-12.000,974.408,1067.524,-46.558,-29.750
207.7425,-12.000,1004.536,1060.481,-27.972,-11.156
207.8466,-13.000,1001.311,1067.128,-32.909,-14.684
207.9540,-13.000,1019.434,1066.915,-23.741,-5.506
208.0471,-13.000,1030.477,1071.094,-20.308,-2.065
208.1425,-13.000,1038.228,1076.282,-19.027,-0.774
208.2477,-11.000,1054.204,1043.705,5.249,20.710
208.3438,-10.000,1054.198,1045.800,4.199,18.266
208.4507,-9.000,1056.163,1046.810,4.676,17.350
208.5468,-9.000,1054.077,1066.425,-6.174,6.506
208.6439,-8.000,1062.455,1059.146,1.654,12.940
208.7505,-8.000,1062.330,1075.207,-6.439,4.852
208.8471,-8.000,1066.063,1085.017,-9.477,1.820
208.9430,-8.000,1070.677,1091.917,-10.620,0.682
209.0499,-8.000,1075.138,1097.242,-11.052,0.256
209.1463,-8.000,1079.131,1101.566,-11.217,0.096
209.2432,-8.000,1082.601,1105.167,-11.283,0.036
209.3512,-9.000,1065.577,1112.001,-23.212,-10.487
209.4467,-10.000,1055.293,1112.423,-28.565,-14.432
209.5431,-11.000,1010.495,1103.309,-46.407,-21.987
209.6503,-11.000,1001.399,1073.941,-36.271,-11.839
209.7489,-12.000,962.467,1056.938,-47.236,-20.590
209.8450,-12.000,951.865,1027.356,-37.746,-11.087
209.9435,-12.000,936.071,1001.354,-32.642,-5.970
210.0501,-12.000,917.230,977.029,-29.899,-3.215
210.1463,-10.000,914.969,906.161,4.404,26.700
210.2437,-9.000,891.951,874.978,8.486,28.592
210.3479,-9.000,859.390,868.830,-4.720,15.396
210.4424,-8.000,841.219,832.058,4.581,22.505
210.5487,-7.000,820.370,799.167,10.601,26.334
210.6430,-6.000,798.265,768.552,14.856,28.395
210.7489,-6.000,766.428,762.939,1.744,15.290
210.8445,-5.000,755.211,733.016,11.097,22.448
210.9486,-4.000,760.310,726.015,17.148,26.303
211.0436,-3.000,764.074,721.235,21.420,28.378
211.1496,-3.000,758.042,741.404,8.319,15.281
211.2453,-3.000,756.994,754.468,1.263,8.228
211.3501,-4.000,734.083,771.992,-18.954,-9.785
211.4473,-5.000,719.589,781.307,-30.859,-19.484
211.5431,-5.000,733.875,777.619,-21.872,-10.491
211.6505,-5.000,743.216,777.287,-17.035,-5.649
211.7487,-6.000,725.430,787.130,-30.850,-17.257
211.8476,-6.000,737.513,783.296,-22.892,-9.292
211.9441,-6.000,745.300,782.519,-18.609,-5.004
212.0513,-6.000,750.583,783.197,-16.307,-2.694
212.1476,-6.000,754.353,784.492,-15.070,-1.451
212.2451,-6.000,757.169,785.982,-14.407,-0.781
212.3494,-6.000,759.353,787.458,-14.053,-0.421
212.4440,-8.000,712.663,806.059,-46.698,-28.657
212.5488,-8.000,728.942,795.904,-33.481,-15.431
212.6423,-8.000,738.658,791.394,-26.368,-8.309
212.7500,-8.000,744.697,789.780,-22.542,-4.474
212.8467,-7.000,757.850,765.988,-4.069,11.806
212.9424,-7.000,755.372,774.423,-9.526,6.357
213.0498,-8.000,730.745,788.513,-28.884,-10.792
213.1468,-10.000,690.306,803.796,-56.745,-34.242
213.2441,-11.000,686.192,800.928,-57.368,-32.653
213.3516,-14.000,633.133,816.251,-91.559,-60.229
213.4475,-16.000,618.945,812.164,-96.609,-60.862
213.5455,-19.000,581.601,817.174,-117.787,-75.418
213.6500,-20.000,600.930,799.762,-99.416,-54.825
213.7460,-22.000,586.093,800.027,-106.967,-57.952
213.8431,-25.000,549.002,807.933,-129.466,-73.851
213.9501,-27.000,544.752,801.175,-128.212,-68.197
214.0490,-29.000,538.118,797.252,-129.567,-65.152
214.1444,-31.000,530.271,794.927,-132.328,-63.513
214.2418,-32.000,546.046,784.905,-119.429,-48.415
214.3465,-33.000,554.121,781.120,-113.500,-40.285
214.4429,-35.000,533.606,789.081,-127.737,-50.123
214.5485,-35.000,566.404,775.612,-104.604,-26.989
214.6435,-36.000,562.861,779.986,-108.563,-28.748
214.7504,-36.000,583.982,774.571,-95.295,-15.480
214.8466,-36.000,597.801,774.101,-88.150,-8.335
214.9435,-36.000,607.322,775.928,-84.303,-4.488
215.0503,-36.000,614.216,778.679,-82.232,-2.417
215.1470,-36.000,619.430,781.663,-81.116,-1.301
215.2434,-37.000,599.300,793.162,-96.931,-14.916
215.3634,-38.000,585.801,798.725,-106.462,-22.247
215.4494,-38.000,600.195,792.584,-96.194,-11.979
215.5464,-38.000,609.232,790.563,-90.665,-6.450
215.6437,-37.000,624.406,766.952,-71.273,10.742
215.7505,-37.000,623.363,775.824,-76.231,5.784
215.8470,-37.000,624.020,781.821,-78.900,3.115
215.9441,-36.000,634.627,762.471,-63.922,15.892
216.0413,-36.000,631.076,773.590,-71.257,8.557
216.1464,-36.000,630.342,780.756,-75.207,4.608
216.2426,-36.000,630.949,785.617,-77.334,2.481
216.3406,-36.000,632.128,789.086,-78.479,1.336
216.4481,-37.000,609.271,800.293,-95.511,-13.496
216.5462,-37.000,618.049,796.613,-89.282,-7.267
216.6421,-38.000,599.355,804.041,-102.343,-18.128
216.7400,-38.000,610.433,798.386,-93.976,-9.761
216.8458,-38.000,617.243,796.185,-89.471,-5.256
216.9423,-39.000,597.413,804.334,-103.461,-17.046
217.0486,-39.000,607.816,799.002,-95.593,-9.178
217.1457,-39.000,614.207,796.921,-91.357,-4.942
217.2423,-40.000,594.104,805.087,-105.491,-16.877
217.3486,-40.000,604.320,799.725,-97.702,-9.087
217.4456,-41.000,586.362,806.209,-109.923,-19.109
217.5437,-41.000,597.805,800.013,-101.104,-10.289
217.6399,-41.000,604.784,797.494,-96.355,-5.540
217.7480,-41.000,609.236,796.833,-93.798,-2.983
217.8459,-41.000,612.224,797.067,-92.421,-1.606
217.9429,-41.000,614.335,797.695,-91.680,-0.865
218.0409,-41.000,615.898,798.460,-91.281,-0.466
218.1482,-40.000,626.318,775.619,-74.650,13.965
218.2451,-41.000,597.879,792.900,-97.511,-6.696
218.3415,-40.000,612.942,768.952,-78.005,10.610
218.4427,-40.000,611.770,777.574,-82.902,5.713
218.5399,-40.000,612.299,783.376,-85.539,3.076
218.6473,-40.000,613.569,787.486,-86.958,1.656
218.7442,-40.000,615.092,790.538,-87.723,0.892
218.8421,-41.000,592.409,801.509,-104.550,-13.735
218.9485,-41.000,601.271,797.692,-98.211,-7.396
219.0451,-41.000,606.828,796.423,-94.797,-3.982
219.1422,-41.000,610.489,796.407,-92.959,-2.144
219.2486,-42.000,588.812,805.582,-108.385,-15.370
219.3442,-42.000,598.093,800.675,-101.291,-8.276
219.4399,-41.000,612.987,775.099,-81.056,9.759
219.5491,-41.000,611.442,782.563,-85.560,5.255
219.6451,-41.000,611.533,787.504,-87.985,2.830
219.7410,-40.000,621.581,767.333,-72.876,15.739
219.8484,-40.000,617.515,777.795,-80.140,8.475
219.9435,-40.000,616.321,784.424,-84.052,4.563
220.0395,-39.000,625.741,765.226,-69.742,16.673
220.1458,-39.000,621.390,776.264,-77.437,8.978
220.2434,-38.000,629.304,759.635,-65.165,19.049
220.3409,-37.000,633.523,748.607,-57.542,24.473
220.4495,-37.000,626.834,764.509,-68.837,13.178
220.5466,-36.000,633.883,750.891,-58.504,21.311
220.6449,-35.000,637.971,741.820,-51.924,25.691
220.7411,-35.000,631.496,759.059,-63.782,13.833
220.8389,-35.000,629.686,770.018,-70.166,7.449
220.9480,-35.000,630.137,777.345,-73.604,4.011
221.0438,-35.000,631.591,782.501,-75.455,2.160
221.1395,-35.000,633.403,786.307,-76.452,1.163
221.2485,-35.000,635.255,789.232,-76.989,0.626
221.3451,-35.000,636.995,791.551,-77.278,0.337
221.4429,-34.000,647.781,769.816,-61.018,14.397
221.5403,-34.000,643.982,779.308,-67.663,7.752
221.6384,-34.000,642.824,785.305,-71.241,4.174
221.7462,-34.000,642.954,789.288,-73.167,2.248
221.8433,-34.000,643.665,792.074,-74.205,1.210
221.9407,-34.000,644.592,794.118,-74.763,0.652
222.0477,-35.000,621.339,804.298,-91.479,-13.864
222.1457,-35.000,629.681,799.842,-85.080,-7.465
222.2423,-36.000,610.564,806.664,-98.050,-18.235
222.3397,-37.000,597.039,809.137,-106.049,-24.034
222.4456,-38.000,586.719,809.463,-111.372,-27.157
222.5423,-40.000,554.075,817.412,-131.669,-43.054
222.6482,-41.000,554.235,810.662,-128.213,-37.398
222.7443,-41.000,576.195,798.100,-110.952,-20.137
222.8422,-40.000,598.699,769.185,-85.243,3.372
222.9390,-40.000,601.918,775.516,-86.799,1.816
223.0457,-40.000,605.138,780.413,-87.637,0.978
223.1414,-40.000,608.137,784.314,-88.088,0.526
223.2481,-41.000,586.611,796.105,-104.747,-13.932
223.3439,-41.000,596.404,793.037,-98.317,-7.502
223.4383,-41.000,602.725,792.433,-94.854,-4.039
223.5434,-41.000,607.018,792.998,-92.990,-2.175
223.6489,-41.000,610.087,794.059,-91.986,-1.171
223.7431,-41.000,612.383,795.274,-91.446,-0.631
223.8395,-41.000,614.166,796.475,-91.154,-0.340
223.9452,-42.000,591.376,806.202,-107.413,-14.398
224.0402,-42.000,599.969,801.505,-100.768,-7.753
224.1463,-43.000,580.988,808.198,-113.605,-18.390
224.2413,-44.000,567.537,810.603,-121.533,-24.118
224.3476,-44.000,581.475,802.277,-110.401,-12.986
224.4442,-44.000,589.853,798.668,-104.408,-6.993
224.5417,-44.000,595.108,797.468,-101.180,-3.765
224.6392,-44.000,598.569,797.453,-99.442,-2.027
224.7445,-43.000,610.185,774.367,-82.091,13.124
224.8404,-43.000,606.752,783.049,-88.148,7.067
224.9382,-43.000,605.722,788.542,-91.410,3.805
225.0477,-43.000,605.862,792.194,-93.166,2.049
225.1458,-43.000,606.529,794.752,-94.112,1.103
225.2416,-43.000,607.390,796.632,-94.621,0.594
225.3392,-42.000,617.496,774.455,-78.480,14.535
225.4461,-41.000,622.373,759.918,-68.773,22.042
225.5432,-40.000,624.809,749.871,-62.531,26.084
225.6406,-39.000,626.251,742.559,-58.154,28.261
225.7378,-38.000,627.429,736.993,-54.782,29.433
225.8456,-37.000,628.694,732.597,-51.951,30.064
225.9404,-36.000,630.204,729.026,-49.411,30.404
226.0454,-35.000,632.011,726.067,-47.028,30.587
226.1414,-35.000,624.904,747.195,-61.145,16.470
226.2374,-34.000,632.477,737.140,-52.331,23.084
226.3466,-35.000,604.053,762.854,-79.401,-1.786
226.4425,-35.000,611.225,768.378,-78.576,-0.962
226.5408,-37.000,568.634,790.561,-110.963,-28.949
226.6468,-38.000,564.106,792.142,-114.018,-29.803
226.7419,-38.000,584.109,784.635,-100.263,-16.048
226.8370,-38.000,596.827,782.539,-92.856,-8.641
226.9429,-38.000,605.329,783.064,-88.868,-4.653
227.0375,-37.000,620.528,761.138,-70.305,11.710
227.1456,-38.000,595.550,779.800,-92.125,-7.910
227.2406,-38.000,604.016,780.964,-88.474,-4.259
227.3372,-39.000,585.859,791.706,-102.924,-16.509
227.4444,-40.000,573.612,797.051,-111.720,-23.105
227.5390,-41.000,564.627,799.569,-117.471,-26.656
227.6453,-41.000,581.681,792.018,-105.168,-14.353
227.7425,-41.000,592.345,789.432,-98.544,-7.729
227.8384,-40.000,608.560,765.683,-78.561,10.054
227.9441,-39.000,617.434,751.006,-66.786,19.629
228.0421,-39.000,613.408,765.098,-75.845,10.569
228.1409,-39.000,612.808,774.255,-80.724,5.691
228.2377,-40.000,589.602,789.134,-99.766,-11.151
228.3453,-41.000,574.494,796.564,-111.035,-20.220
228.4412,-42.000,563.848,800.084,-118.118,-25.103
228.5374,-42.000,579.906,792.969,-106.532,-13.517
228.6433,-41.000,599.160,766.916,-83.878,6.937
228.7393,-40.000,609.785,751.113,-70.664,17.951
228.8360,-38.000,625.229,717.466,-46.118,38.097
228.9442,-37.000,624.126,718.698,-47.286,34.729
229.0400,-35.000,634.082,695.050,-30.484,47.131
229.1370,-32.000,649.157,655.138,-2.991,68.024
229.2423,-32.000,629.705,698.478,-34.386,36.628
229.3394,-31.000,632.168,701.921,-34.876,33.938
229.4364,-31.000,626.514,727.594,-50.540,18.275
229.5437,-31.000,626.587,744.537,-58.975,9.840
229.6383,-32.000,605.062,764.926,-79.932,-8.917
229.7428,-33.000,591.980,776.443,-92.232,-19.017
229.8374,-34.000,583.376,783.116,-99.870,-24.455
229.9441,-34.000,601.342,778.508,-88.583,-13.168
230.0407,-34.000,613.097,778.108,-82.505,-7.091
230.1391,-34.000,621.196,779.662,-79.233,-3.818
230.2357,-36.000,578.629,799.232,-110.302,-30.487
230.3429,-38.000,549.496,807.619,-129.062,-44.847
230.4395,-38.000,576.377,793.103,-108.363,-24.148
230.5369,-37.000,601.993,763.598,-80.802,1.213
230.6357,-37.000,607.280,770.004,-81.362,0.653
230.7453,-37.000,611.949,775.276,-81.663,0.352
230.8411,-37.000,616.011,779.662,-81.826,0.189
230.9381,-37.000,619.515,783.341,-81.913,0.102
231.0359,-38.000,598.304,795.055,-98.375,-14.160
231.1438,-38.000,608.304,791.984,-91.840,-7.625
231.2409,-38.000,614.768,791.409,-88.321,-4.106
231.3379,-38.000,619.166,792.017,-86.426,-2.211
231.4460,-38.000,622.314,793.125,-85.405,-1.190
231.5417,-38.000,624.672,794.384,-84.856,-0.641
231.6373,-37.000,635.720,772.010,-68.145,13.870
231.7441,-37.000,632.005,781.098,-74.546,7.469
231.8404,-38.000,606.626,795.444,-94.409,-10.194
231.9383,-39.000,589.927,802.165,-106.119,-19.704
232.0350,-39.000,602.281,796.330,-97.025,-10.610
232.1412,-38.000,619.163,770.589,-75.713,8.502
232.2370,-38.000,618.974,778.248,-79.637,4.578
232.3446,-38.000,620.036,783.535,-81.750,2.465
232.4415,-38.000,621.597,787.372,-82.888,1.327
232.5367,-38.000,623.278,790.278,-83.500,0.715
232.6345,-38.000,624.897,792.557,-83.830,0.385
232.7417,-38.000,626.377,794.392,-84.008,0.207
232.8392,-39.000,603.475,804.512,-100.519,-14.104
232.9360,-39.000,612.051,800.070,-94.009,-7.594
233.0421,-39.000,617.314,798.322,-90.504,-4.089
233.1384,-38.000,629.910,774.313,-72.201,12.013
233.2450,-38.000,627.015,782.507,-77.746,6.469
233.3406,-38.000,626.281,787.745,-80.732,3.483
233.4358,-38.000,626.588,791.267,-82.339,1.876
233.5410,-38.000,627.350,793.760,-83.205,1.010
233.6360,-38.000,628.267,795.609,-83.671,0.544
233.7417,-39.000,604.976,805.651,-100.337,-13.923
233.8377,-39.000,613.271,801.094,-93.912,-7.497
233.9416,-39.000,618.320,799.223,-90.452,-4.037
234.0359,-38.000,630.749,775.095,-72.173,12.042
234.1438,-38.000,627.719,783.181,-77.731,6.484
234.2379,-38.000,626.875,788.322,-80.724,3.491
234.3345,-38.000,627.090,791.760,-82.335,1.880
234.4406,-39.000,603.560,802.796,-99.618,-13.203
234.5391,-39.000,611.843,798.892,-93.524,-7.109
234.6338,-40.000,592.770,806.087,-106.658,-18.043
234.7386,-40.000,603.550,800.211,-98.331,-9.716
234.8339,-40.000,610.118,797.811,-93.846,-5.232
234.9412,-41.000,590.089,805.784,-107.847,-17.032
235.0380,-40.000,609.542,776.683,-83.571,5.044
235.1342,-40.000,610.613,782.411,-85.899,2.716
235.2414,-40.000,612.249,786.554,-87.152,1.462
235.3377,-39.000,623.245,766.069,-71.412,15.003
235.4339,-39.000,619.789,776.462,-78.336,8.078
235.5430,-38.000,628.223,759.522,-65.650,18.565
235.6410,-38.000,623.540,771.976,-74.218,9.997
235.7375,-38.000,622.229,779.893,-78.832,5.383
235.8356,-39.000,598.336,793.800,-97.732,-11.317
235.9430,-39.000,606.815,791.833,-92.509,-6.094
236.0392,-39.000,612.396,791.788,-89.696,-3.281
236.1344,-40.000,592.047,801.241,-104.597,-15.982
236.2411,-40.000,602.293,796.735,-97.221,-8.606
236.3385,-40.000,608.704,795.202,-93.249,-4.634
236.4350,-39.000,622.132,771.521,-74.695,11.720
236.5435,-40.000,595.649,788.688,-96.519,-7.905
236.6387,-40.000,602.839,788.581,-92.871,-4.256
236.7365,-40.000,607.813,789.626,-90.907,-2.292
236.8428,-41.000,587.214,799.742,-106.264,-15.449
236.9404,-42.000,573.173,804.272,-115.549,-22.534
237.0380,-43.000,562.816,805.945,-121.564,-26.349
237.1440,-44.000,554.571,806.208,-125.818,-28.403
237.2411,-45.000,547.573,805.822,-129.124,-29.510
237.3393,-47.000,517.124,813.795,-148.335,-44.321
237.4354,-48.000,518.812,807.402,-144.295,-38.080
237.5430,-49.000,517.672,803.942,-143.135,-34.720
237.6395,-50.000,515.027,802.078,-143.526,-32.911
237.7372,-50.000,535.800,792.472,-128.336,-17.721
237.8340,-51.000,524.509,797.654,-136.572,-23.758
237.9422,-52.000,516.163,800.209,-142.023,-27.008
238.0393,-52.000,533.667,792.782,-129.558,-14.543
238.1352,-52.000,544.661,790.352,-122.846,-7.831
238.2330,-52.000,551.916,790.379,-119.231,-4.217
238.3409,-52.000,556.956,791.527,-117.285,-2.270
238.4363,-52.000,560.634,793.109,-116.237,-1.223
238.5417,-52.000,563.434,794.780,-115.673,-0.658
238.6359,-52.000,565.638,796.377,-115.369,-0.354
238.7405,-52.000,567.417,797.828,-115.206,-0.191
238.8352,-52.000,568.878,799.113,-115.118,-0.103
238.9424,-51.000,579.308,776.617,-98.655,14.160
239.0401,-51.000,575.144,785.525,-105.190,7.625
239.1379,-51.000,573.641,791.060,-108.709,4.106
239.2334,-50.000,582.675,771.053,-94.189,16.426
239.3412,-49.000,587.146,757.856,-85.355,23.060
239.4379,-48.000,589.510,748.675,-79.582,26.632
239.5360,-47.000,591.036,741.954,-75.459,28.556
239.6330,-46.000,632.669,719.834,-43.583,21.208
239.7421,-45.000,644.027,733.903,-44.938,18.453
239.8393,-43.000,664.619,729.962,-32.671,27.920
239.9380,-42.000,678.066,754.509,-38.221,20.970
240.0346,-41.000,697.427,776.282,-39.428,18.364
240.1322,-40.000,719.751,797.761,-39.005,17.386
240.2381,-39.000,743.820,819.763,-37.971,17.020
240.3349,-38.000,769.083,842.501,-36.709,16.882
240.4426,-36.000,800.252,847.173,-23.460,27.331
240.5404,-34.000,827.222,860.706,-16.742,31.249
240.6377,-32.000,853.725,878.671,-12.473,32.718
240.7352,-30.000,880.994,899.238,-9.122,33.269
240.8397,-28.000,909.351,921.582,-6.115,33.476
240.9346,-27.000,927.430,957.706,-15.138,23.054
241.0394,-25.000,937.324,948.816,-5.746,29.645
241.1327,-24.000,939.206,963.988,-12.391,21.617
241.2364,-23.000,945.427,973.463,-14.018,18.606
241.3413,-22.000,952.954,980.478,-13.762,17.477
241.4367,-22.000,955.695,1005.097,-24.701,6.554
241.5401,-21.000,968.212,1002.036,-16.912,12.958
241.6329,-20.000,976.618,1002.867,-13.125,15.359
241.7371,-19.000,983.432,1005.106,-10.837,16.260
241.8317,-18.000,989.604,1007.828,-9.112,16.597
241.9361,-17.000,995.499,1010.694,-7.597,16.724
242.0411,-15.000,1006.259,994.780,5.740,27.272
242.1346,-14.000,1007.014,1005.844,0.585,20.727
242.2419,-12.000,1016.574,993.730,11.422,28.773
242.3380,-11.000,1017.498,1006.835,5.332,21.290
242.4347,-10.000,1022.648,1014.810,3.919,18.484
242.5317,-9.000,1029.167,1020.647,4.260,17.431
242.6407,-8.000,1036.019,1025.499,5.260,17.037
242.7365,-6.000,1047.840,1011.025,18.408,27.389
242.8315,-5.000,1049.591,1023.219,13.186,20.771
242.9382,-4.000,1055.033,1030.830,12.102,18.289
243.0361,-3.000,1061.648,1036.510,12.569,17.358
243.1335,-2.000,1068.524,1041.286,13.619,17.009
243.2405,-1.000,1075.344,1045.570,14.887,16.879
243.3368,0.000,1082.014,1049.538,16.238,16.829
243.4331,1.000,1087.317,1052.077,17.620,16.811
243.5411,1.000,1087.644,1073.416,7.114,6.304
243.6361,1.000,1092.912,1086.563,3.175,2.364
243.7321,1.000,1099.262,1095.867,1.698,0.887
243.8311,1.000,1105.362,1103.073,1.144,0.332
243.9402,2.000,1114.610,1088.934,12.838,10.625
244.0373,1.000,1094.592,1105.996,-5.702,-6.516
244.1343,-1.000,1066.107,1116.967,-25.430,-23.443
244.2312,-2.000,1068.315,1113.673,-22.679,-19.291
244.3390,-3.000,1067.408,1112.457,-22.524,-17.734
244.4353,-4.000,1065.087,1111.773,-23.343,-17.150
244.5331,-5.000,1062.025,1111.081,-24.528,-16.931
244.6393,-6.000,1058.508,1110.208,-25.850,-16.849
244.7356,-5.000,1079.669,1086.514,-3.423,4.182
244.8323,-5.000,1083.476,1095.555,-6.040,1.568
244.9371,-4.000,1092.953,1083.198,4.878,11.088
245.0336,-3.000,1097.297,1077.606,9.846,14.658
245.1374,-2.000,1100.104,1074.938,12.583,15.997
245.2336,-2.000,1097.664,1092.497,2.583,5.999
245.3398,-1.000,1105.340,1083.872,10.734,12.750
245.4358,-1.000,1104.467,1098.938,2.764,4.781
245.5335,-1.000,1107.510,1107.959,-0.224,1.793
245.6388,-1.000,1111.516,1114.208,-1.346,0.672
245.7366,-2.000,1095.453,1122.788,-13.667,-10.248
245.8331,-2.000,1106.176,1120.703,-7.264,-3.843
245.9397,-3.000,1092.247,1125.775,-16.764,-11.941
246.0354,-3.000,1103.444,1122.050,-9.303,-4.478
246.1411,-4.000,1089.415,1126.230,-18.407,-12.179
246.2372,-5.000,1080.338,1125.735,-22.699,-15.067
246.3356,-5.000,1093.183,1119.754,-13.285,-5.650
246.4307,-6.000,1079.628,1122.944,-21.658,-12.619
246.5398,-5.000,1095.606,1099.355,-1.875,5.768
246.6372,-6.000,1076.262,1111.030,-17.384,-8.337
246.7331,-6.000,1085.709,1110.064,-12.177,-3.126
246.8402,-7.000,1071.263,1115.519,-22.128,-11.672
246.9371,-6.000,1087.233,1093.107,-2.937,6.123
247.0329,-6.000,1088.164,1101.700,-6.768,2.296
247.1388,-5.000,1095.773,1088.386,3.693,11.361
247.2341,-4.000,1098.745,1081.765,8.490,14.760
247.3387,-2.000,1105.467,1059.341,23.063,26.535
247.4327,-1.000,1102.209,1065.453,18.378,20.451
247.5388,1.000,1106.941,1048.147,29.397,28.669
247.6339,2.000,1102.480,1055.720,23.380,21.251
260.3699,0.000,25.465,25.465,0.000,0.000
260.4349,0.000,50.930,50.930,0.000,0.000
260.5317,0.000,76.394,76.394,0.000,0.000
260.6359,0.000,101.859,101.859,0.000,0.000
260.7319,0.000,127.324,127.324,0.000,0.000
260.8279,0.000,152.789,152.789,0.000,0.000
260.9261,0.000,178.254,178.254,0.000,0.000
261.0328,0.000,203.718,203.718,0.000,0.000
261.1283,0.000,229.183,229.183,0.000,0.000
261.2349,1.000,258.449,234.647,11.901,10.500
261.3332,1.000,277.967,267.289,5.339,3.937
261.4287,1.000,301.494,295.737,2.879,1.477
261.5334,1.000,326.481,322.568,1.957,0.554
261.6301,1.000,351.978,348.756,1.611,0.208
261.7346,1.000,377.635,374.671,1.482,0.078
261.8317,1.000,403.325,400.457,1.434,0.029
261.9260,1.000,429.004,426.171,1.417,0.011
262.0338,1.000,454.660,451.839,1.410,0.004
262.1287,1.000,480.290,477.473,1.409,0.002
262.2330,1.000,505.897,503.081,1.408,0.001
262.3281,1.000,531.484,528.666,1.409,0.000
262.4254,1.000,557.052,554.234,1.409,0.000
262.5321,1.000,582.605,579.785,1.410,0.000
262.6293,1.000,608.145,605.324,1.411,0.000
262.7256,1.000,633.673,630.851,1.411,0.000
262.8327,1.000,659.193,656.369,1.412,0.000
262.9302,0.000,665.903,686.879,-10.488,-10.500
263.0270,-1.000,679.603,711.256,-15.826,-14.437
263.1342,-2.000,696.128,733.537,-18.704,-15.914
263.2304,-3.000,713.884,755.204,-20.660,-16.468
263.3261,-4.000,732.249,776.790,-22.271,-16.675
263.4346,-4.000,770.966,794.669,-11.851,-6.253
263.5317,-5.000,782.744,822.437,-19.846,-12.845
263.6277,-6.000,798.895,846.340,-23.722,-15.317
263.7331,-6.000,836.807,865.114,-14.154,-5.744
263.8270,-7.000,848.303,893.240,-22.469,-12.654
263.9318,-7.000,884.366,913.495,-14.565,-4.745
264.0248,-7.000,915.082,938.289,-11.604,-1.779
264.1320,-7.000,943.600,964.594,-10.497,-0.667
264.2299,-7.000,971.132,991.301,-10.085,-0.250
264.3250,-7.000,998.155,1018.021,-9.933,-0.094
264.4318,-7.000,1024.869,1044.627,-9.879,-0.035
264.5276,-6.000,1056.367,1052.290,2.039,10.487
264.6337,-5.000,1082.773,1068.012,7.381,14.433
264.7299,-4.000,1107.974,1087.458,10.258,15.912
264.8250,-3.000,1107.857,1083.436,12.210,16.467
264.9298,-1.000,1113.304,1061.869,25.718,27.175
265.0257,0.000,1109.469,1068.203,20.633,20.691
265.1321,1.000,1108.901,1069.696,19.602,18.259
265.2258,2.000,1109.183,1068.999,20.092,17.347
265.3306,2.000,1105.666,1087.164,9.251,6.505
265.4255,3.000,1111.628,1077.452,17.088,12.939
265.5308,3.000,1109.449,1091.444,9.003,4.852
265.6261,3.000,1111.439,1099.495,5.972,1.820
265.7309,3.000,1114.571,1104.898,4.837,0.682
265.8257,2.000,1098.974,1113.950,-7.488,-10.244
265.9299,2.000,1110.096,1112.264,-1.084,-3.842
266.0250,2.000,1116.509,1113.872,1.318,-1.441
266.1297,1.000,1102.019,1121.380,-9.681,-11.040
266.2246,0.000,1094.651,1124.013,-14.681,-14.640
266.3290,-2.000,1069.288,1127.952,-29.332,-26.490
266.4326,-4.000,1051.736,1124.893,-36.579,-30.934
266.5287,-6.000,1037.305,1119.404,-41.049,-32.600
266.6326,-7.000,1044.210,1109.368,-32.579,-22.725
266.7277,-8.000,1044.577,1105.139,-30.281,-19.022
266.8248,-8.000,1062.318,1099.115,-18.398,-7.133
266.9319,-9.000,1051.750,1103.443,-25.846,-13.175
267.0279,-9.000,1064.826,1100.063,-17.618,-4.941
267.1330,-11.000,1032.027,1108.704,-38.338,-22.853
267.2276,-12.000,1031.035,1102.962,-35.964,-19.070
267.3329,-12.000,1047.583,1095.689,-24.053,-7.151
267.4300,-11.000,1060.986,1076.370,-7.692,7.818
