time_s,error_mm,left_rpm,right_rpm,pid_output,d_term,target_speed_ms
0.0002,15.000,531.641,-501.958,516.799,474.783,0.320
0.0323,15.000,207.657,-150.119,178.888,136.817,0.320
0.1309,15.000,112.308,-28.466,70.387,28.232,0.320
0.2389,15.000,102.478,6.349,48.064,5.826,0.320
0.3355,15.000,109.869,22.820,43.525,1.202,0.320
0.4341,15.000,120.600,35.290,42.655,0.248,0.320
0.5321,15.000,132.735,47.651,42.542,0.051,0.320
0.6392,15.000,145.576,60.405,42.585,0.011,0.320
0.7381,14.000,143.476,86.876,28.300,-11.553,0.320
0.8383,14.000,166.969,91.874,37.548,-2.384,0.320
0.9371,14.000,183.435,104.399,39.518,-0.492,0.320
1.0366,14.000,198.612,118.639,39.987,-0.102,0.320
1.1345,14.000,213.661,133.369,40.146,-0.021,0.320
1.2349,13.000,213.358,161.599,25.880,-11.560,0.320
1.3340,13.000,238.362,168.108,35.127,-2.385,0.320
1.4311,12.000,240.667,195.203,22.732,-12.048,0.320
1.5403,12.000,266.678,201.957,32.361,-2.486,0.320
1.6390,11.000,269.590,229.510,20.040,-12.069,0.320
1.7367,10.000,280.623,249.986,15.318,-14.046,0.320
1.8352,10.000,309.106,256.062,26.522,-2.898,0.320
1.9329,9.000,313.095,284.061,14.517,-12.154,0.320
2.0350,8.000,324.833,305.129,9.852,-14.063,0.320
2.1307,7.000,338.428,325.033,6.697,-14.458,0.320
2.2303,6.000,352.624,344.925,3.849,-14.539,0.320
2.3397,5.000,367.131,365.009,1.061,-14.556,0.320
2.4379,4.000,381.858,385.298,-1.720,-14.559,0.320
2.5354,3.000,396.763,405.772,-4.504,-14.560,0.320
2.6332,2.000,411.817,426.404,-7.293,-14.560,0.320
2.7337,1.000,426.997,447.172,-10.088,-14.560,0.320
2.8309,-1.000,426.001,480.499,-27.249,-26.116,0.320
2.9301,-2.000,449.569,491.347,-20.889,-16.944,0.320
3.0381,-3.000,465.238,508.865,-21.813,-15.052,0.320
3.1379,-4.000,478.879,527.369,-24.245,-14.662,0.320
3.2340,-5.000,491.760,545.745,-26.993,-14.581,0.320
3.3331,-6.000,504.195,563.814,-29.810,-14.564,0.320
3.4298,-7.000,516.290,581.581,-32.645,-14.561,0.320
3.5379,-8.000,528.105,599.084,-35.489,-14.560,0.320
3.6356,-9.000,539.682,616.362,-38.340,-14.560,0.320
3.7332,-10.000,551.057,633.448,-41.196,-14.560,0.320
3.8306,-11.000,562.259,650.373,-44.057,-14.560,0.320
3.9319,-12.000,573.313,667.161,-46.924,-14.560,0.320
4.0299,-12.000,600.521,671.393,-35.436,-3.004,0.320
4.1383,-13.000,602.307,697.267,-47.480,-12.176,0.320
4.2355,-14.000,611.259,715.760,-52.251,-14.068,0.320
4.3346,-14.000,637.897,720.225,-41.164,-2.903,0.320
4.4346,-15.000,639.447,746.047,-53.300,-12.155,0.320
4.5321,-15.000,664.530,752.005,-43.737,-2.508,0.320
4.6394,-16.000,665.735,778.119,-56.192,-12.073,0.320
4.7366,-16.000,690.726,784.125,-46.700,-2.491,0.320
4.8347,-17.000,691.893,810.239,-59.173,-12.070,0.320
4.9318,-17.000,716.858,816.237,-49.689,-2.491,0.320
5.0326,-18.000,718.006,842.344,-62.169,-12.069,0.320
5.1309,-19.000,726.673,860.777,-67.052,-14.046,0.320
5.2388,-19.000,753.119,865.141,-56.011,-2.898,0.320
5.3364,-19.000,770.795,878.429,-53.817,-0.598,0.320
5.4350,-19.000,786.710,893.607,-53.449,-0.123,0.320
5.5349,-20.000,786.134,921.547,-67.706,-11.581,0.320
5.6323,-20.000,810.842,927.872,-58.515,-2.390,0.320
5.7307,-20.000,828.316,941.553,-56.618,-0.493,0.320
5.8293,-20.000,844.335,956.789,-56.227,-0.102,0.320
5.9370,-20.000,860.086,972.379,-56.146,-0.021,0.320
6.0352,-20.000,875.811,988.070,-56.130,-0.004,0.320
6.1326,-20.000,891.553,1003.805,-56.126,-0.001,0.320
6.2293,-20.000,907.319,1019.570,-56.125,-0.000,0.320
6.3382,-19.000,920.360,1004.112,-41.876,11.556,0.320
6.4355,-18.000,924.837,998.422,-36.792,13.940,0.320
6.5365,-18.000,914.657,1010.571,-47.957,2.877,0.320
6.6339,-17.000,926.392,998.350,-35.979,12.149,0.320
6.7317,-17.000,917.947,1009.381,-45.717,2.507,0.320
6.8283,-16.000,930.243,997.124,-33.440,12.073,0.320
6.9366,-16.000,922.088,1008.311,-43.112,2.491,0.320
7.0351,-15.000,934.591,996.226,-30.817,12.070,0.320
7.1329,-15.000,926.606,1007.567,-40.480,2.491,0.320
7.2326,-15.000,925.971,1011.053,-42.541,0.514,0.320
7.3290,-15.000,926.691,1012.757,-43.033,0.106,0.320
7.4372,-15.000,927.554,1013.955,-43.201,0.022,0.320
7.5350,-15.000,928.328,1014.933,-43.302,0.005,0.320
7.6317,-15.000,928.985,1015.764,-43.390,0.001,0.320
7.7290,-15.000,929.533,1016.482,-43.475,0.000,0.320
7.8288,-15.000,929.986,1017.104,-43.559,0.000,0.320
7.9369,-14.000,943.640,1002.204,-29.282,11.556,0.320
8.0347,-14.000,935.362,1012.424,-38.531,2.384,0.320
8.1333,-14.000,934.216,1015.220,-40.502,0.492,0.320
8.2315,-14.000,934.448,1016.390,-40.971,0.102,0.320
8.3290,-14.000,961.738,974.907,-6.585,0.029,0.180
8.4364,-13.000,954.060,963.822,-4.881,1.294,0.180
8.5349,-12.000,945.036,953.197,-4.081,1.655,0.180
8.6307,-12.000,935.082,945.630,-5.274,0.473,0.180
8.7291,-11.000,925.674,933.445,-3.886,1.421,0.180
8.8380,-11.000,915.062,924.883,-4.911,0.406,0.180
8.9351,-11.000,904.704,915.125,-5.211,0.116,0.180
9.0319,-10.000,894.448,901.581,-3.567,1.319,0.180
9.1321,-9.000,883.269,888.831,-2.781,1.663,0.180
9.2300,-9.000,871.493,879.447,-3.977,0.475,0.180
9.3373,-8.000,860.540,865.715,-2.587,1.421,0.180
9.4351,-8.000,848.616,855.836,-3.610,0.406,0.180
9.5338,-8.000,837.143,844.958,-3.907,0.116,0.180
9.6316,-7.000,825.940,830.462,-2.261,1.319,0.180
9.7285,-7.000,813.660,820.079,-3.209,0.377,0.180
9.8284,-7.000,801.843,808.812,-3.485,0.108,0.180
9.9273,-6.000,790.336,793.998,-1.831,1.316,0.180
10.0359,-6.000,777.794,783.348,-2.777,0.376,0.180
10.1329,-6.000,765.753,771.855,-3.051,0.107,0.180
10.2296,-6.000,753.760,760.026,-3.133,0.031,0.180
10.3288,-5.000,741.994,744.842,-1.424,1.294,0.180
10.4380,-5.000,729.202,733.908,-2.353,0.370,0.180
10.5350,-5.000,716.939,722.183,-2.622,0.106,0.180
10.6318,-5.000,704.755,710.158,-2.702,0.030,0.180
10.7297,-4.000,692.827,694.809,-0.991,1.294,0.180
10.8273,-4.000,679.896,683.734,-1.919,0.370,0.180
10.9357,-4.000,667.516,671.890,-2.187,0.106,0.180
11.0365,-3.000,655.528,656.587,-0.529,1.316,0.180
11.1361,-3.000,642.577,645.521,-1.472,0.376,0.180
11.2355,-3.000,630.189,633.676,-1.743,0.107,0.180
11.3315,-2.000,618.197,618.369,-0.086,1.316,0.180
11.4284,-2.000,605.243,607.300,-1.028,0.376,0.180
11.5350,-2.000,592.853,595.450,-1.299,0.107,0.180
11.6329,-1.000,580.859,580.141,0.359,1.316,0.180
11.7316,-1.000,567.904,569.068,-0.582,0.376,0.180
11.8281,-1.000,568.246,569.948,-0.851,0.107,0.180
11.9364,-0.000,568.984,567.369,0.808,1.316,0.180
12.0336,-0.000,568.761,569.026,-0.133,0.376,0.180
12.1321,-0.000,569.102,569.905,-0.401,0.107,0.180
12.2281,1.000,569.720,567.203,1.258,1.316,0.180
12.3370,1.000,569.395,568.757,0.319,0.376,0.180
12.4354,1.000,569.650,569.547,0.051,0.107,0.180
12.5340,2.000,570.194,566.770,1.712,1.316,0.180
12.6315,2.000,569.807,568.260,0.774,0.376,0.180
12.7295,2.000,570.009,568.996,0.507,0.107,0.180
12.8382,3.000,570.509,566.172,2.168,1.316,0.180
12.9356,3.000,570.084,567.623,1.231,0.376,0.180
13.0336,3.000,570.254,568.324,0.965,0.107,0.180
13.1332,3.000,570.550,568.769,0.891,0.031,0.180
13.2307,4.000,571.022,565.806,2.608,1.294,0.180
13.3276,4.000,570.543,567.169,1.687,0.370,0.180
13.4341,4.000,570.658,567.805,1.427,0.106,0.180
13.5324,5.000,571.082,564.899,3.091,1.316,0.180
13.6295,5.000,570.591,566.280,2.156,0.376,0.180
13.7290,5.000,570.706,566.922,1.892,0.107,0.180
13.8287,5.000,570.955,567.316,1.820,0.031,0.180
13.9264,5.000,571.211,567.607,1.802,0.009,0.180
14.0358,5.000,571.442,567.841,1.800,0.003,0.180
14.1259,5.000,571.642,568.036,1.803,0.001,0.180
14.2348,5.000,571.814,568.200,1.807,0.000,0.180
14.3330,5.000,571.961,568.338,1.811,0.000,0.180
14.4291,4.000,568.910,568.752,0.079,-1.286,0.180
14.5257,4.000,570.211,568.209,1.001,-0.367,0.180
14.6368,4.000,570.799,568.265,1.267,-0.105,0.180
14.7343,4.000,571.152,568.460,1.346,-0.030,0.180
14.8323,4.000,571.410,568.668,1.371,-0.009,0.180
14.9307,4.000,571.617,568.856,1.381,-0.002,0.180
15.0276,3.000,568.614,569.316,-0.351,-1.286,0.180
15.1365,3.000,569.955,568.813,0.571,-0.368,0.180
15.2326,3.000,570.576,568.904,0.836,-0.105,0.180
15.3315,3.000,570.957,569.129,0.914,-0.030,0.180
15.4284,3.000,571.238,569.362,0.938,-0.009,0.180
15.5268,3.000,571.466,569.572,0.947,-0.002,0.180
15.6347,3.000,571.656,569.754,0.951,-0.001,0.180
15.7329,3.000,571.817,569.908,0.954,-0.000,0.180
15.8322,2.000,568.778,570.337,-0.779,-1.286,0.180
15.9303,2.000,570.088,569.807,0.141,-0.367,0.180
16.0273,2.000,570.684,569.874,0.405,-0.105,0.180
16.1278,2.000,571.043,570.079,0.482,-0.030,0.180
16.2349,2.000,571.305,570.295,0.505,-0.009,0.180
16.3319,1.000,568.340,570.788,-1.224,-1.288,0.180
16.4283,1.000,569.711,570.316,-0.303,-0.368,0.180
16.5256,1.000,570.356,570.434,-0.039,-0.105,0.180
16.6346,1.000,570.757,570.682,0.037,-0.030,0.180
16.7351,1.000,571.055,570.936,0.059,-0.009,0.180
16.8341,1.000,571.296,571.163,0.067,-0.002,0.180
16.9307,1.000,571.498,571.360,0.069,-0.001,0.180
17.0285,-0.000,568.492,571.824,-1.666,-1.286,0.180
17.1248,-0.000,569.831,571.326,-0.748,-0.367,0.180
17.2328,-0.000,570.450,571.420,-0.485,-0.105,0.180
17.3325,-1.000,567.532,571.826,-2.147,-1.316,0.180
17.4309,-1.000,568.903,571.319,-1.208,-0.376,0.180
17.5313,-1.000,569.538,571.418,-0.940,-0.107,0.180
17.6291,-2.000,566.629,571.831,-2.601,-1.316,0.180
17.7364,-2.000,568.007,571.332,-1.663,-0.376,0.180
17.8357,-3.000,565.350,571.615,-3.132,-1.393,0.180
17.9330,-3.000,566.834,571.114,-2.140,-0.398,0.180
18.0319,-4.000,564.237,571.426,-3.595,-1.399,0.180
18.1301,-4.000,565.762,570.959,-2.599,-0.400,0.180
18.2280,-5.000,563.197,571.304,-4.053,-1.400,0.180
18.3259,-5.000,564.748,570.864,-3.058,-0.400,0.180
18.4352,-6.000,562.206,571.233,-4.513,-1.400,0.180
18.5358,-6.000,563.776,570.814,-3.519,-0.400,0.180
18.6360,-6.000,564.546,571.023,-3.239,-0.114,0.180
18.7331,-6.000,565.038,571.363,-3.162,-0.033,0.180
18.8322,-6.000,565.410,571.699,-3.144,-0.009,0.180
18.9293,-6.000,565.712,571.998,-3.143,-0.003,0.180
19.0275,-7.000,562.667,572.434,-4.883,-1.286,0.180
19.1255,-7.000,563.971,571.912,-3.971,-0.368,0.180
19.2330,-6.000,564.856,568.812,-1.978,1.181,0.180
19.3303,-5.000,564.863,567.043,-1.090,1.623,0.180
19.4291,-4.000,564.746,565.781,-0.517,1.749,0.180
19.5280,-4.000,564.407,567.948,-1.770,0.500,0.180
19.6253,-3.000,565.121,565.909,-0.394,1.429,0.180
19.7332,-3.000,565.034,567.869,-1.417,0.408,0.180
19.8319,-2.000,565.832,565.782,0.025,1.402,0.180
19.9310,-1.000,566.078,564.562,0.758,1.686,0.180
20.0269,-0.000,566.255,563.676,1.289,1.768,0.180
20.1343,1.000,566.368,562.841,1.763,1.791,0.180
20.2321,1.000,566.283,565.312,0.485,0.512,0.180
20.3282,2.000,567.109,563.395,1.857,1.432,0.180
20.4251,2.000,567.124,565.451,0.836,0.409,0.180
20.5351,3.000,567.891,563.326,2.282,1.403,0.180
20.6314,4.000,567.991,561.951,3.020,1.686,0.180
20.7297,5.000,567.924,560.813,3.556,1.768,0.180
20.8310,5.000,567.655,563.060,2.297,0.505,0.180
20.9292,6.000,568.315,560.960,3.678,1.430,0.180
21.0292,6.000,568.187,562.864,2.662,0.409,0.180
21.1291,8.000,569.009,557.312,5.849,2.688,0.180
21.2252,8.000,568.086,560.214,3.936,0.768,0.180
21.3248,9.000,568.562,558.300,5.131,1.505,0.180
21.4331,9.000,568.384,560.257,4.064,0.430,0.180
21.5288,10.000,569.018,558.015,5.501,1.409,0.180
21.6256,11.000,569.013,556.531,6.241,1.688,0.180
21.7322,11.000,568.685,558.595,5.045,0.482,0.180
21.8299,12.000,569.265,556.371,6.447,1.424,0.180
21.9302,12.000,569.060,558.178,5.441,0.407,0.180
22.0272,13.000,569.638,555.842,6.898,1.402,0.180
22.1341,13.000,569.401,557.584,5.908,0.401,0.180
22.2305,13.000,569.766,558.499,5.634,0.114,0.180
22.3294,14.000,570.417,555.816,7.300,1.318,0.180
22.4273,14.000,570.124,557.381,6.371,0.377,0.180
22.5239,14.000,570.408,558.179,6.115,0.108,0.180
22.6329,14.000,570.804,558.703,6.051,0.031,0.180
22.7298,15.000,571.362,555.806,7.778,1.295,0.180
22.8262,15.000,570.957,557.224,6.867,0.370,0.180
22.9243,15.000,571.136,557.904,6.616,0.106,0.180
23.0344,16.000,571.326,555.326,8.000,1.316,0.180
23.1326,16.000,571.176,556.446,7.365,0.376,0.180
23.2291,16.000,571.334,557.112,7.111,0.107,0.180
23.3265,16.000,571.622,557.525,7.049,0.031,0.180
23.4331,16.000,571.912,557.830,7.041,0.009,0.180
23.5292,16.000,572.173,558.075,7.049,0.003,0.180
23.6253,16.000,572.401,558.277,7.062,0.001,0.180
23.7355,16.000,572.598,558.446,7.076,0.000,0.180
23.8332,17.000,572.118,556.118,8.000,1.286,0.180
23.9313,17.000,572.347,556.500,7.923,0.367,0.180
24.0303,17.000,572.360,557.008,7.676,0.105,0.180
24.1283,17.000,572.522,557.288,7.617,0.030,0.180
24.2247,17.000,572.704,557.482,7.611,0.009,0.180
24.3234,17.000,572.873,557.633,7.620,0.002,0.180
24.4263,17.000,573.022,557.755,7.633,0.001,0.180
24.5258,17.000,573.152,557.856,7.648,0.000,0.180
24.6238,16.000,570.089,558.236,5.927,-1.286,0.180
24.7334,16.000,571.381,557.662,6.859,-0.367,0.180
24.8310,16.000,571.963,557.691,7.136,-0.105,0.180
24.9291,16.000,572.312,557.861,7.225,-0.030,0.180
25.0274,15.000,569.392,558.343,5.525,-1.294,0.180
25.1256,15.000,570.794,557.868,6.463,-0.370,0.180
25.2328,14.000,568.289,558.281,5.004,-1.391,0.180
25.3303,14.000,569.906,557.886,6.010,-0.398,0.180
25.4305,13.000,567.546,558.405,4.570,-1.399,0.180
25.5279,12.000,566.098,558.408,3.845,-1.686,0.180
25.6259,12.000,568.198,558.079,5.059,-0.482,0.180
25.7244,11.000,566.129,558.774,3.678,-1.423,0.180
25.8227,11.000,568.072,558.664,4.704,-0.407,0.180
25.9299,10.000,565.974,559.438,3.268,-1.402,0.180
43.1148,9.000,324.921,-295.238,310.080,284.870,0.320
43.1260,9.000,207.525,-149.986,178.755,153.534,0.320
43.2227,9.000,98.874,-15.032,56.953,31.682,0.320
43.3205,9.000,86.790,23.071,31.860,6.537,0.320
43.4177,9.000,95.097,41.654,26.721,1.349,0.320
43.5269,8.000,92.452,69.771,11.340,-11.277,0.320
43.6237,8.000,116.159,75.489,20.335,-2.327,0.320
43.7209,8.000,132.944,88.491,22.227,-0.480,0.320
43.8182,8.000,148.416,103.111,22.653,-0.099,0.320
43.9174,8.000,163.717,118.165,22.776,-0.020,0.320
44.0256,8.000,179.065,133.391,22.837,-0.004,0.320
44.1247,7.000,179.054,162.006,8.524,-11.556,0.320
44.2201,7.000,204.309,168.839,17.735,-2.385,0.320
44.3195,7.000,222.266,182.932,19.667,-0.492,0.320
44.4177,7.000,238.704,198.510,20.097,-0.102,0.320
44.5241,6.000,239.377,227.666,5.855,-11.577,0.320
44.6215,6.000,265.162,235.009,15.076,-2.389,0.320
44.7193,5.000,268.118,262.828,2.645,-12.048,0.320
44.8272,5.000,294.675,270.204,12.235,-2.486,0.320
44.9235,4.000,298.043,298.293,-0.125,-12.069,0.320
45.0219,4.000,324.901,305.949,9.476,-2.490,0.320
45.1209,4.000,343.955,321.006,11.475,-0.514,0.320
45.2185,3.000,345.829,350.742,-2.456,-11.662,0.320
45.3279,2.000,356.981,372.072,-7.545,-13.962,0.320
45.4234,2.000,385.765,378.672,3.547,-2.881,0.320
45.5206,1.000,390.048,407.081,-8.517,-12.150,0.320
45.6194,1.000,417.478,415.214,1.132,-2.507,0.320
45.7210,-0.000,421.533,444.001,-11.234,-12.073,0.320
45.8198,-0.000,448.961,452.265,-1.652,-2.491,0.320
45.9190,-1.000,452.213,480.285,-14.036,-12.070,0.320
46.0176,-1.000,478.964,487.890,-4.463,-2.491,0.320
46.1264,-1.000,497.924,502.907,-2.492,-0.514,0.320
46.2234,-1.000,515.154,519.333,-2.090,-0.106,0.320
46.3211,-1.000,531.923,535.945,-2.011,-0.022,0.320
46.4186,-1.000,548.509,552.508,-1.999,-0.005,0.320
46.5268,-1.000,564.983,568.985,-2.001,-0.001,0.320
46.6246,-1.000,581.370,585.382,-2.006,-0.000,0.320
46.7217,-1.000,597.684,601.707,-2.012,-0.000,0.320
46.8190,-1.000,613.938,617.973,-2.017,-0.000,0.320
46.9178,-1.000,630.141,634.186,-2.023,-0.000,0.320
47.0269,-1.000,646.299,650.356,-2.028,-0.000,0.320
47.1245,-1.000,662.420,666.488,-2.034,-0.000,0.320
47.2229,-2.000,662.229,695.030,-16.401,-11.556,0.320
47.3208,-2.000,687.325,701.806,-7.241,-2.384,0.320
47.4182,-2.000,705.139,715.858,-5.360,-0.492,0.320
47.5160,-2.000,721.449,731.409,-4.980,-0.102,0.320
47.6224,-2.000,737.446,747.268,-4.911,-0.021,0.320
47.7195,-2.000,753.378,763.189,-4.905,-0.004,0.320
47.8186,-3.000,753.014,791.562,-19.274,-11.556,0.320
47.9186,-3.000,777.960,798.199,-10.119,-2.385,0.320
48.0188,-4.000,779.364,824.574,-22.605,-12.048,0.320
48.1170,-5.000,788.316,843.170,-27.427,-14.042,0.320
48.2267,-6.000,798.746,860.090,-30.672,-14.453,0.320
48.3240,-7.000,809.413,876.605,-33.596,-14.538,0.320
48.4235,-8.000,820.071,892.987,-36.458,-14.555,0.320
48.5224,-9.000,830.676,909.300,-39.312,-14.559,0.320
48.6205,-9.000,857.508,913.123,-27.808,-3.004,0.320
48.7171,-10.000,858.976,938.646,-39.835,-12.175,0.320
48.8256,-11.000,867.661,956.839,-44.589,-14.068,0.320
48.9238,-11.000,894.075,961.046,-33.486,-2.903,0.320
49.0216,-12.000,895.437,986.646,-45.604,-12.155,0.320
49.1181,-12.000,920.362,992.413,-36.025,-2.508,0.320
49.2161,-13.000,921.436,1018.362,-48.463,-12.073,0.320
49.3237,-13.000,946.317,1024.225,-38.954,-2.491,0.320
49.4240,-13.000,947.760,1021.859,-37.050,-0.514,0.320
49.5220,-14.000,931.421,1033.572,-51.076,-11.662,0.320
49.6172,-14.000,940.133,1023.930,-41.899,-2.406,0.320
49.7244,-14.000,941.568,1021.703,-40.067,-0.497,0.320
49.8239,-14.000,941.547,1021.051,-39.752,-0.102,0.320
49.9209,-14.000,941.264,1020.762,-39.749,-0.021,0.320
50.0191,-15.000,924.679,1033.021,-54.171,-11.560,0.320
50.1179,-15.000,933.430,1023.592,-45.081,-2.385,0.320
50.2262,-15.000,934.952,1021.495,-43.272,-0.492,0.320
50.3253,-15.000,935.014,1020.944,-42.965,-0.102,0.320
50.4221,-15.000,934.802,1020.739,-42.968,-0.021,0.320
50.5208,-14.000,947.839,1005.189,-28.675,11.551,0.320
50.6181,-14.000,939.025,1014.867,-37.921,2.384,0.320
50.7163,-14.000,937.422,1017.204,-39.891,0.492,0.320
50.8243,-13.000,950.546,1002.543,-25.998,11.657,0.320
50.9220,-13.000,942.069,1012.715,-35.323,2.405,0.320
51.0193,-13.000,940.807,1015.417,-37.305,0.496,0.320
51.1178,-12.000,954.234,1001.054,-23.410,11.658,0.320
51.2243,-11.000,959.298,996.035,-18.369,13.961,0.320
51.3222,-11.000,949.675,1008.696,-29.511,2.881,0.320
51.4202,-10.000,961.899,996.894,-17.497,12.150,0.320
51.5181,-10.000,953.879,1008.272,-27.196,2.507,0.320
51.6255,-9.000,966.542,996.304,-14.881,12.073,0.320
51.7235,-9.000,958.706,1007.732,-24.513,2.491,0.320
51.8231,-8.000,971.485,995.844,-12.179,12.070,0.320
51.9224,-8.000,963.741,1007.347,-21.803,2.491,0.320
52.0194,-8.000,963.316,1010.966,-23.825,0.514,0.320
52.1173,-8.000,964.221,1012.776,-24.277,0.106,0.320
52.2254,-8.000,965.247,1014.059,-24.406,0.022,0.320
52.3214,-8.000,966.165,1015.102,-24.469,0.005,0.320
52.4193,-8.000,966.951,1015.985,-24.517,0.001,0.320
52.5173,-8.000,967.614,1016.739,-24.563,0.000,0.320
52.6160,-8.000,968.171,1017.386,-24.607,0.000,0.320
52.7240,-8.000,968.639,1017.943,-24.652,0.000,0.320
52.8216,-8.000,969.029,1018.423,-24.697,0.000,0.320
52.9212,-7.000,982.635,1003.397,-10.381,11.556,0.320
53.0184,-7.000,974.321,1013.504,-19.591,2.384,0.320
53.1162,-7.000,973.152,1016.197,-21.523,0.492,0.320
53.2239,-6.000,986.651,1001.833,-7.591,11.657,0.320
53.3240,-6.000,978.498,1012.251,-16.876,2.405,0.320
53.4219,-6.000,977.518,1015.157,-18.819,0.496,0.320
53.5196,-5.000,991.190,1000.961,-4.886,11.658,0.320
53.6181,-5.000,983.187,1011.519,-14.166,2.406,0.320
53.7149,-4.000,995.617,999.101,-1.742,12.052,0.320
53.8229,-4.000,987.535,1010.194,-11.329,2.487,0.320
53.9220,-4.000,986.818,1013.469,-13.326,0.513,0.320
54.0195,-3.000,1000.757,999.545,0.606,11.661,0.320
54.1175,-3.000,992.991,1010.323,-8.666,2.406,0.320
54.2157,-3.000,992.345,1013.530,-10.593,0.497,0.320
54.3258,-2.000,1006.303,999.588,3.358,11.658,0.320
54.4242,-2.000,998.547,1010.359,-5.906,2.406,0.320
54.5206,-2.000,997.907,1013.560,-7.826,0.496,0.320
54.6182,-1.000,1011.872,999.613,6.130,11.658,0.320
54.7158,-1.000,1004.122,1010.378,-3.128,2.406,0.320
54.8237,-1.000,1003.488,1013.574,-5.043,0.496,0.320
54.9222,-1.000,1004.178,1015.063,-5.443,0.102,0.320
55.0198,-1.000,1005.017,1016.076,-5.530,0.021,0.320
55.1168,-0.000,1019.062,1001.444,8.809,11.560,0.320
55.2146,-0.000,1011.139,1011.869,-0.365,2.385,0.320
55.3238,-0.000,1010.309,1014.826,-2.258,0.492,0.320
55.4213,-0.000,1010.822,1016.120,-2.649,0.102,0.320
55.5211,-0.000,1011.510,1016.969,-2.730,0.021,0.320
55.6188,1.000,1024.587,1001.358,11.615,11.560,0.320
55.7277,2.000,1028.282,994.668,16.807,13.941,0.320
55.8242,2.000,1017.457,1005.949,5.754,2.877,0.320
55.9211,3.000,1027.820,992.133,17.843,12.149,0.320
56.0189,4.000,1030.668,985.510,22.579,14.063,0.320
56.1178,4.000,1019.425,996.544,11.441,2.902,0.320
56.2140,5.000,1029.497,982.454,23.521,12.154,0.320
56.3206,6.000,1032.112,975.584,28.264,14.064,0.320
56.4208,7.000,1033.117,970.123,31.497,14.458,0.320
56.5189,8.000,1033.729,964.882,34.423,14.539,0.320
56.6154,9.000,1034.209,959.628,37.291,14.556,0.320
56.7233,9.000,1022.179,970.601,25.789,3.004,0.320
56.8210,9.000,1019.396,972.485,23.455,0.620,0.320
56.9198,9.000,1018.572,972.544,23.014,0.128,0.320
57.0174,8.000,1002.755,985.551,8.602,-11.529,0.320
57.1156,8.000,1012.256,976.662,17.797,-2.379,0.320
57.2242,7.000,999.008,988.271,5.368,-12.046,0.320
57.3213,7.000,1009.410,979.474,14.968,-2.486,0.320
57.4186,7.000,1012.105,978.144,16.980,-0.513,0.320
57.5159,7.000,1013.131,978.278,17.427,-0.106,0.320
57.6235,7.000,1013.748,978.648,17.550,-0.022,0.320
57.7211,7.000,1014.224,979.011,17.606,-0.005,0.320
57.8174,6.000,999.181,992.605,3.288,-11.556,0.320
57.9171,6.000,1009.272,984.285,12.493,-2.385,0.320
58.0145,6.000,1011.950,983.111,14.420,-0.492,0.320
58.1233,6.000,1013.014,983.326,14.844,-0.102,0.320
58.2210,5.000,998.230,997.036,0.597,-11.577,0.320
58.3197,5.000,1008.490,988.865,9.812,-2.389,0.320
58.4199,5.000,1011.301,987.828,11.736,-0.493,0.320
58.5168,4.000,997.033,1001.444,-2.206,-11.657,0.320
58.6164,3.000,992.089,1006.674,-7.293,-13.961,0.320
58.7147,3.000,1004.808,997.199,3.804,-2.881,0.320
58.8143,3.000,1008.489,996.274,6.108,-0.594,0.320
58.9215,2.000,994.708,1010.238,-7.765,-11.678,0.320
59.0193,1.000,990.125,1015.818,-12.846,-13.965,0.320
59.1143,1.000,1003.137,1006.652,-1.757,-2.882,0.320
59.2227,-0.000,991.623,1019.275,-13.826,-12.150,0.320
59.3200,-0.000,1003.238,1011.603,-4.183,-2.507,0.320
59.4181,-1.000,990.622,1023.730,-16.554,-12.073,0.320
59.5152,-1.000,1001.491,1015.447,-6.978,-2.491,0.320
59.6155,-1.000,1004.561,1014.574,-5.006,-0.514,0.320
59.7142,-2.000,989.616,1027.546,-18.965,-11.662,0.320
59.8133,-3.000,953.744,1029.791,-18.421,-9.024,0.180
59.9223,-3.000,929.322,1023.854,-11.313,-1.900,0.180
60.0206,-4.000,890.956,1028.041,-19.002,-6.968,0.180
60.1187,-3.000,877.759,1008.011,-4.348,5.101,0.180
60.2186,-3.000,849.466,1006.287,-8.391,1.074,0.180
60.3161,-3.000,825.914,999.549,-9.255,0.226,0.180
60.4122,-2.000,812.333,980.210,-0.275,6.616,0.180
60.5217,-1.000,795.319,965.066,3.665,7.961,0.180
60.6175,-1.000,770.642,960.635,-2.625,1.676,0.180
60.7152,-0.000,759.583,939.778,5.220,6.921,0.180
60.8121,-0.000,737.473,932.983,-0.244,1.457,0.180
60.9189,1.000,727.472,910.042,7.779,6.875,0.180
61.0181,2.000,713.526,890.611,11.530,8.016,0.180
61.1159,2.000,691.590,882.404,5.212,1.688,0.180
61.2157,3.000,682.289,857.707,13.064,6.924,0.180
61.3139,4.000,669.057,836.666,16.787,8.026,0.180
61.4228,4.000,647.753,827.064,10.471,1.690,0.180
61.5215,5.000,638.997,801.175,18.332,6.924,0.180
61.6210,6.000,626.230,779.119,22.065,8.026,0.180
61.7175,7.000,612.698,757.678,24.934,8.258,0.180
61.8151,8.000,599.071,736.202,27.624,8.307,0.180
61.9145,9.000,585.482,714.579,30.281,8.317,0.180
62.0126,10.000,571.951,692.805,32.935,8.319,0.180
62.1199,11.000,558.476,670.897,35.593,8.320,0.180
62.2176,12.000,545.048,648.873,38.255,8.320,0.180
62.3142,12.000,524.290,637.724,31.749,1.752,0.180
62.4215,13.000,516.153,610.365,39.603,6.937,0.180
62.5191,14.000,503.949,587.022,43.367,8.029,0.180
62.6174,14.000,499.138,591.675,37.101,1.690,0.180
62.7156,15.000,506.487,580.591,45.013,6.924,0.180
62.8124,15.000,502.120,584.784,39.625,1.458,0.180
62.9116,16.000,509.289,573.867,47.725,6.875,0.180
63.0220,16.000,504.652,578.318,42.381,1.447,0.180
63.1222,16.000,504.194,578.618,41.321,0.305,0.180
63.2188,17.000,511.922,567.156,50.338,6.633,0.180
63.3155,17.000,507.179,571.725,45.190,1.396,0.180
63.4146,18.000,513.883,561.273,53.349,6.862,0.180
63.5141,18.000,508.821,566.149,48.025,1.445,0.180
63.6134,18.000,507.997,566.815,46.978,0.304,0.180
63.7119,19.000,515.414,555.664,56.005,6.632,0.180
63.8126,19.000,510.408,560.496,50.868,1.396,0.180
63.9200,19.000,509.515,561.240,49.865,0.294,0.180
64.0186,19.000,509.477,561.153,49.731,0.062,0.180
64.1166,19.000,509.607,560.915,49.781,0.013,0.180
64.2136,19.000,509.764,560.667,49.870,0.003,0.180
64.3116,19.000,509.919,560.435,49.966,0.001,0.180
64.4117,18.000,499.693,568.195,40.891,-6.568,0.180
64.5112,18.000,505.495,563.298,46.170,-1.383,0.180
64.6194,17.000,496.750,570.411,38.182,-6.860,0.180
64.7193,16.000,492.737,573.637,34.512,-8.013,0.180
64.8175,16.000,500.355,568.351,40.921,-1.687,0.180
64.9176,15.000,492.423,575.864,33.162,-6.924,0.180
65.0170,14.000,488.947,579.585,29.533,-8.026,0.180
65.1143,14.000,496.986,574.753,35.942,-1.690,0.180
65.2114,13.000,489.405,582.661,28.175,-6.924,0.180
65.3205,12.000,486.224,586.720,24.535,-8.026,0.180
65.4175,12.000,494.511,582.178,30.934,-1.690,0.180
65.5137,11.000,487.140,590.334,23.157,-6.924,0.180
65.6206,10.000,484.135,594.605,19.507,-8.026,0.180
65.7183,9.000,482.198,598.219,16.722,-8.258,0.180
65.8164,8.000,480.612,601.830,14.114,-8.307,0.180
65.9148,6.000,468.832,613.531,2.367,-14.886,0.180
66.0128,5.000,473.214,612.682,4.976,-9.702,0.180
66.1219,4.000,473.533,615.966,3.488,-8.611,0.180
66.2175,3.000,473.014,620.148,1.134,-8.381,0.180
66.3164,1.000,461.959,632.515,-10.581,-14.901,0.180
66.4137,-1.000,455.943,639.648,-17.159,-16.274,0.180
66.5114,-3.000,450.315,645.024,-22.664,-16.563,0.180
66.6191,-4.000,455.298,642.229,-18.777,-10.055,0.180
66.7189,-6.000,443.699,651.486,-29.206,-15.254,0.180
66.8149,-8.000,435.770,656.225,-35.542,-16.348,0.180
66.9142,-10.000,428.333,659.750,-41.025,-16.579,0.180
67.0151,-12.000,420.761,662.797,-46.336,-16.627,0.180
67.1135,-13.000,423.929,658.182,-42.445,-10.069,0.180
67.2119,-15.000,410.750,665.933,-52.911,-15.257,0.180
67.3116,-16.000,412.436,662.031,-50.118,-9.780,0.180
67.4191,-17.000,409.660,662.325,-51.653,-8.627,0.180
67.5186,-19.000,394.881,670.794,-63.278,-14.953,0.180
67.6163,-19.000,406.906,659.405,-51.571,-3.148,0.180
67.7137,-20.000,398.694,664.558,-58.255,-7.231,0.180
67.8118,-21.000,393.634,666.417,-61.714,-8.091,0.180
67.9109,-22.000,389.193,667.538,-64.495,-8.272,0.180
68.0198,-23.000,384.844,668.465,-67.133,-8.310,0.180
68.1164,-24.000,380.482,669.318,-69.741,-8.318,0.180
68.2121,-25.000,376.089,670.128,-72.343,-8.320,0.180
68.3115,-26.000,371.667,670.906,-74.943,-8.320,0.180
68.4196,-27.000,367.217,671.657,-77.543,-8.320,0.180
68.5158,-28.000,362.746,672.385,-80.143,-8.320,0.180
68.6129,-29.000,358.255,673.094,-82.743,-8.320,0.180
68.7099,-30.000,353.747,673.786,-85.343,-8.320,0.180
68.8183,-31.000,349.226,674.465,-87.943,-8.320,0.180
68.9170,-32.000,344.693,675.132,-90.543,-8.320,0.180
69.0155,-33.000,340.150,675.789,-93.143,-8.320,0.180
69.1142,-34.000,335.598,676.437,-95.743,-8.320,0.180
69.2116,-35.000,331.040,677.078,-98.343,-8.320,0.180
69.3189,-36.000,326.475,677.713,-100.943,-8.320,0.180
69.4159,-36.000,332.873,670.974,-94.375,-1.752,0.180
69.5130,-37.000,323.142,676.815,-102.161,-6.937,0.180
69.6118,-38.000,317.498,678.554,-105.852,-8.029,0.180
69.7117,-39.000,312.708,679.423,-108.682,-8.259,0.180
69.8181,-39.000,319.062,672.737,-102.162,-1.739,0.180
69.9149,-40.000,309.325,678.592,-109.958,-6.934,0.180
70.0121,-41.000,303.681,680.336,-113.652,-8.028,0.180
70.1197,-41.000,309.862,673.840,-107.314,-1.690,0.180
70.2175,-42.000,300.094,679.740,-115.148,-6.924,0.180
70.3155,-42.000,305.416,674.130,-109.681,-1.458,0.180
70.4136,-43.000,295.477,680.225,-117.699,-6.875,0.180
70.5118,-43.000,300.771,674.663,-112.271,-1.447,0.180
70.6091,-43.000,301.799,673.407,-111.128,-0.305,0.180
70.7176,-44.000,290.975,680.438,-120.056,-6.633,0.180
70.8168,-44.000,296.099,675.090,-114.820,-1.396,0.180
70.9159,-44.000,297.106,673.892,-113.717,-0.294,0.180
71.0151,-44.000,297.257,673.579,-113.485,-0.062,0.180
71.1132,-45.000,286.268,680.829,-122.605,-6.581,0.180
71.2120,-45.000,291.376,675.545,-117.409,-1.386,0.180
71.3092,-45.000,292.394,674.376,-116.315,-0.292,0.180
71.4181,-46.000,281.592,681.450,-125.253,-6.630,0.180
71.5160,-46.000,286.742,676.131,-120.019,-1.396,0.180
71.6117,-46.000,287.772,674.958,-118.917,-0.294,0.180
71.7096,-46.000,287.943,674.665,-118.685,-0.062,0.180
71.8105,-47.000,276.972,681.932,-127.805,-6.581,0.180
71.9173,-47.000,282.093,676.663,-122.609,-1.386,0.180
72.0158,-47.000,283.124,675.506,-121.515,-0.292,0.180
72.1140,-47.000,283.301,675.222,-121.285,-0.061,0.180
72.2148,-47.000,283.304,675.128,-121.236,-0.013,0.180
72.3120,-47.000,283.276,675.079,-121.226,-0.003,0.180
72.4105,-47.000,283.245,675.044,-121.224,-0.001,0.180
72.5107,-47.000,283.217,675.016,-121.224,-0.000,0.180
72.6117,-47.000,283.194,674.992,-121.223,-0.000,0.180
72.7092,-47.000,283.174,674.972,-121.223,-0.000,0.180
72.8186,-48.000,272.188,682.323,-130.392,-6.568,0.180
72.9148,-48.000,277.329,677.093,-125.206,-1.383,0.180
73.0108,-48.000,278.383,675.963,-124.115,-0.291,0.180
73.1180,-48.000,278.581,675.701,-123.885,-0.061,0.180
73.2143,-48.000,278.602,675.625,-123.836,-0.013,0.180
73.3131,-48.000,278.588,675.592,-123.826,-0.003,0.180
73.4116,-48.000,278.571,675.570,-123.824,-0.001,0.180
73.5089,-47.000,286.523,665.184,-114.655,6.568,0.180
73.6184,-47.000,281.803,670.835,-119.841,1.383,0.180
73.7164,-47.000,281.107,672.323,-120.932,0.291,0.180
73.8165,-46.000,289.182,662.521,-111.994,6.630,0.180
73.9150,-45.000,292.683,658.152,-108.059,7.964,0.180
74.0143,-45.000,287.526,665.571,-114.347,1.677,0.180
74.1129,-45.000,287.164,667.856,-115.670,0.353,0.180
74.2105,-44.000,295.671,658.584,-106.781,6.643,0.180
74.3100,-43.000,299.570,654.634,-102.857,7.967,0.180
74.4090,-42.000,302.727,652.034,-99.978,8.246,0.180
74.5169,-42.000,297.954,660.280,-106.488,1.736,0.180
74.6144,-41.000,306.028,652.758,-98.690,6.934,0.180
74.7113,-40.000,310.257,649.599,-94.995,8.028,0.180
74.8080,-40.000,305.874,657.891,-101.333,1.690,0.180
74.9161,-39.000,314.169,650.519,-93.499,6.924,0.180
75.0149,-39.000,310.595,657.877,-98.966,1.458,0.180
75.1121,-39.000,311.052,660.637,-100.117,0.307,0.180
75.2105,-38.000,320.146,651.877,-91.190,6.633,0.180
75.3087,-38.000,316.551,658.756,-96.427,1.396,0.180
75.4174,-38.000,316.844,661.254,-97.529,0.294,0.180
75.5153,-37.000,325.767,652.304,-88.593,6.630,0.180
75.6122,-37.000,322.021,659.027,-93.828,1.396,0.180
75.7114,-37.000,322.184,661.394,-94.930,0.294,0.180
75.8134,-36.000,330.996,652.333,-85.993,6.630,0.180
75.9115,-35.000,335.124,648.593,-82.059,7.964,0.180
76.0104,-34.000,338.470,646.177,-79.178,8.245,0.180
76.1083,-33.000,341.824,644.213,-76.519,8.304,0.180
76.2090,-31.000,353.296,632.124,-64.738,14.885,0.180
76.3171,-30.000,352.250,636.244,-67.321,9.702,0.180
76.4156,-28.000,363.334,625.973,-56.644,15.179,0.180
76.5122,-26.000,370.633,620.566,-50.291,16.333,0.180
76.6093,-24.000,377.479,616.527,-44.848,16.575,0.180
76.7178,-23.000,376.555,623.437,-48.765,10.058,0.180
76.8158,-21.000,388.596,614.685,-38.369,15.254,0.180
76.9121,-19.000,396.789,610.488,-32.174,16.348,0.180
77.0092,-17.000,404.429,607.444,-26.832,16.579,0.180
77.1084,-16.000,404.179,615.200,-30.835,10.059,0.180
77.2160,-14.000,416.792,607.168,-20.512,15.254,0.180
77.3154,-13.000,417.597,613.857,-23.454,9.780,0.180
77.4136,-12.000,422.467,615.956,-22.069,8.627,0.180
77.5113,-9.000,443.976,596.171,-1.422,21.522,0.180
77.6091,-9.000,432.171,618.441,-18.459,4.531,0.180
77.7169,-7.000,448.943,605.765,-3.736,14.091,0.180
77.8162,-6.000,450.496,611.293,-5.723,9.535,0.180
77.9140,-4.000,463.394,602.614,5.066,15.144,0.180
78.0115,-2.000,472.158,598.637,11.436,16.325,0.180
78.1095,-0.000,480.241,595.822,16.885,16.574,0.180
78.2073,1.000,479.769,603.172,12.974,10.058,0.180
78.3152,3.000,491.004,593.583,23.386,15.254,0.180
78.4122,4.000,490.050,598.336,20.532,9.780,0.180
78.5098,5.000,492.838,598.178,22.006,8.627,0.180
78.6082,6.000,496.045,596.607,24.394,8.385,0.180
78.7081,6.000,491.651,605.390,17.806,1.765,0.180
78.8084,7.000,499.528,597.644,25.617,6.940,0.180
78.9075,8.000,503.015,593.669,29.348,8.029,0.180
79.0174,9.000,505.383,590.285,32.225,8.259,0.180
79.1137,9.000,499.979,597.827,25.751,1.739,0.180
79.2109,10.000,506.935,589.088,33.599,6.934,0.180
79.3086,10.000,502.254,595.252,28.176,1.460,0.180
79.4160,10.000,501.784,596.984,27.076,0.307,0.180
79.5142,10.000,502.130,597.711,26.885,0.065,0.180
79.6103,10.000,502.587,598.165,26.886,0.014,0.180
79.7076,10.000,503.015,598.511,26.927,0.003,0.180
79.8158,9.000,493.021,606.765,17.804,-6.568,0.180
79.9133,9.000,499.012,602.292,23.035,-1.383,0.180
80.0119,9.000,500.797,601.800,24.174,-0.291,0.180
80.1141,8.000,491.249,610.046,15.277,-6.630,0.180
80.2123,8.000,497.471,605.717,20.552,-1.396,0.180
80.3104,9.000,506.793,594.405,30.870,6.275,0.180
80.4074,9.000,502.540,599.965,25.963,1.321,0.180
80.5068,9.000,502.099,601.517,24.967,0.278,0.180
80.6140,8.000,492.026,610.136,15.620,-6.510,0.180
80.7132,8.000,498.088,605.837,20.801,-1.370,0.180
80.8099,7.000,489.588,613.436,12.751,-6.857,0.180
80.9083,8.000,503.528,598.130,27.375,5.125,0.180
81.0166,7.000,490.069,611.027,14.197,-5.490,0.180
81.1125,6.000,485.327,615.892,9.393,-7.724,0.180
81.2119,5.000,482.635,619.289,6.349,-8.195,0.180
81.3108,5.000,490.930,614.593,12.844,-1.725,0.180
81.4071,3.000,473.100,630.682,-4.115,-13.500,0.180
81.5156,3.000,486.034,622.268,6.558,-2.842,0.180
81.6132,3.000,490.214,621.930,8.818,-0.598,0.180
81.7095,5.000,507.083,601.128,27.653,13.011,0.180
81.8089,5.000,498.165,612.701,17.407,2.739,0.180
81.9080,6.000,504.531,604.993,24.444,7.145,0.180
82.0161,7.000,507.224,600.558,28.008,8.073,0.180
82.1142,8.000,509.021,596.682,30.845,8.268,0.180
82.2112,9.000,510.525,592.810,33.533,8.309,0.180
82.3073,9.000,504.506,599.816,27.020,1.749,0.180
82.4065,10.000,510.965,590.597,34.860,6.937,0.180
82.5072,10.000,505.867,596.348,29.435,1.460,0.180
82.6142,9.000,494.670,605.700,19.161,-6.261,0.180
82.7127,8.000,490.002,609.400,14.977,-7.887,0.180
82.8106,7.000,486.985,612.194,12.071,-8.229,0.180
82.9104,4.000,463.802,630.987,-8.917,-21.438,0.180
83.0073,-0.000,441.887,648.571,-28.666,-30.787,0.180
83.1152,-3.000,437.431,650.546,-31.882,-26.187,0.180
83.2132,-5.000,439.588,648.081,-29.571,-18.650,0.180
83.3116,-9.000,413.259,665.746,-51.568,-30.200,0.180
83.4081,-7.000,455.320,623.522,-9.425,6.779,0.180
83.5067,-3.000,484.757,590.346,21.881,27.701,0.180
83.6070,-0.000,491.204,585.521,27.517,25.537,0.180
83.7051,1.000,483.606,599.898,16.530,11.945,0.180
83.8134,3.000,493.310,591.756,25.452,15.652,0.180
83.9102,6.000,506.754,574.840,40.632,23.000,0.180
84.0085,6.000,491.651,595.991,22.506,4.842,0.180
84.1080,8.000,505.177,580.406,37.061,14.156,0.180
84.2066,8.000,496.168,593.665,25.927,2.980,0.180
84.3075,9.000,503.036,586.809,32.789,7.196,0.180
84.4054,9.000,498.908,593.949,27.155,1.515,0.180
84.5151,9.000,499.038,596.377,26.006,0.319,0.180
84.6114,8.000,489.547,605.644,16.627,-6.501,0.180
84.7083,8.000,496.126,601.874,21.801,-1.369,0.180
84.8082,8.000,498.442,601.945,22.924,-0.288,0.180
84.9069,8.000,499.725,602.691,23.193,-0.061,0.180
85.0052,9.000,508.051,592.490,32.456,6.556,0.180
85.1141,10.000,510.999,587.349,36.501,7.949,0.180
85.2130,10.000,505.344,594.140,30.278,1.673,0.180
85.3113,10.000,504.557,595.891,29.008,0.352,0.180
85.4091,11.000,512.115,585.554,37.956,6.643,0.180
85.5067,11.000,507.246,591.059,32.769,1.398,0.180
85.6057,11.000,506.470,592.377,31.722,0.294,0.180
85.7126,11.000,506.525,592.782,31.547,0.062,0.180
85.8116,10.000,496.356,600.943,22.382,-6.555,0.180
85.9080,10.000,502.229,596.362,27.609,-1.380,0.180
86.0059,9.000,493.546,603.744,19.577,-6.859,0.180
86.1051,8.000,489.582,607.203,15.865,-8.012,0.180
86.2040,7.000,486.860,610.094,13.059,-8.255,0.180
86.3113,6.000,484.612,613.086,10.439,-8.306,0.180
86.4090,4.000,472.270,624.261,-1.320,-14.886,0.180
86.5064,2.000,465.799,630.940,-7.894,-16.271,0.180
86.6061,1.000,471.370,629.146,-4.212,-9.994,0.180
86.7043,-0.000,471.996,632.329,-5.491,-8.672,0.180
86.8141,-2.000,460.015,643.349,-16.992,-14.963,0.180
86.9123,-3.000,463.435,641.512,-14.363,-9.718,0.180
87.0089,-3.000,473.265,636.028,-6.706,-2.046,0.180
87.1068,-4.000,465.737,643.649,-14.280,-6.999,0.180
87.2138,-4.000,472.782,639.684,-8.775,-1.474,0.180
87.3085,-4.000,475.233,639.850,-7.633,-0.310,0.180
87.4068,-4.000,476.570,640.738,-7.409,-0.065,0.180
87.5043,-5.000,466.573,649.027,-16.552,-6.582,0.180
87.6038,-5.000,472.517,644.630,-11.381,-1.386,0.180
87.7143,-6.000,463.269,651.594,-19.487,-6.860,0.180
87.8126,-7.000,458.209,654.112,-23.276,-8.013,0.180
87.9108,-8.000,453.945,655.616,-26.160,-8.255,0.180
88.0067,-9.000,449.773,656.840,-28.858,-8.306,0.180
88.1053,-9.000,456.532,650.577,-22.347,-1.749,0.180
88.2139,-10.000,447.103,656.827,-30.187,-6.937,0.180
88.3112,-11.000,441.702,658.926,-33.936,-8.029,0.180
88.4110,-12.000,437.107,660.115,-36.829,-8.259,0.180
88.5076,-13.000,432.643,661.083,-39.545,-8.307,0.180
88.6068,-14.000,428.174,661.980,-42.228,-8.317,0.180
88.7132,-15.000,423.676,662.843,-44.908,-8.319,0.180
88.8106,-15.000,430.121,656.307,-38.418,-1.751,0.180
88.9083,-16.000,420.414,662.338,-46.287,-6.937,0.180
89.0062,-17.000,414.771,664.255,-50.067,-8.029,0.180
89.1043,-18.000,409.964,665.296,-52.990,-8.259,0.180
89.2128,-18.000,416.290,658.768,-46.564,-1.739,0.180
89.3108,-19.000,406.510,664.777,-54.458,-6.934,0.180
89.4073,-20.000,400.913,666.568,-58.152,-8.028,0.180
89.5054,-20.000,407.134,660.113,-51.814,-1.690,0.180
89.6052,-21.000,397.400,666.047,-59.648,-6.924,0.180
89.7038,-21.000,402.752,660.466,-54.182,-1.458,0.180
89.8105,-21.000,403.805,659.218,-53.031,-0.307,0.180
89.9103,-21.000,403.964,658.892,-52.788,-0.065,0.180
90.0093,-22.000,392.976,666.139,-61.906,-6.582,0.180
90.1093,-22.000,398.083,660.853,-56.710,-1.386,0.180
90.2078,-23.000,388.132,667.051,-64.784,-6.860,0.180
90.3070,-23.000,393.453,661.540,-59.368,-1.444,0.180
90.4049,-24.000,383.544,667.688,-67.396,-6.872,0.180
90.5132,-24.000,388.871,662.163,-61.971,-1.447,0.180
90.6094,-25.000,378.961,668.306,-69.997,-6.873,0.180
90.7084,-26.000,373.317,670.147,-73.739,-8.015,0.180
90.8057,-27.000,368.561,671.071,-76.580,-8.256,0.180
90.9032,-28.000,363.981,671.793,-79.230,-8.306,0.180
91.0116,-28.000,370.400,665.096,-72.673,-1.749,0.180
91.1103,-29.000,360.694,670.965,-80.460,-6.937,0.180
91.2096,-29.000,366.039,665.359,-74.984,-1.460,0.180
91.3065,-29.000,367.081,664.095,-73.831,-0.307,0.180
91.4035,-30.000,356.261,671.126,-82.757,-6.633,0.180
91.5104,-30.000,361.387,665.779,-77.520,-1.396,0.180
91.6095,-31.000,351.428,671.951,-85.586,-6.862,0.180
91.7050,-31.000,356.736,666.424,-80.169,-1.445,0.180
91.8019,-31.000,357.783,665.190,-79.028,-0.304,0.180
91.9115,-32.000,346.975,672.239,-87.956,-6.632,0.180
92.0089,-32.000,352.114,666.906,-82.720,-1.396,0.180
92.1071,-32.000,353.134,665.721,-81.618,-0.294,0.180
92.2050,-31.000,361.264,655.050,-72.217,6.507,0.180
92.3042,-31.000,356.547,660.607,-77.354,1.370,0.180
92.4042,-31.000,355.823,662.045,-78.435,0.288,0.180
92.5042,-30.000,363.868,652.208,-69.495,6.629,0.180
92.6034,-30.000,359.372,658.180,-74.728,1.396,0.180
92.7102,-29.000,366.866,649.540,-66.662,6.862,0.180
92.8085,-29.000,362.462,655.971,-72.079,1.445,0.180
92.9055,-29.000,362.183,657.973,-73.220,0.304,0.180
93.0022,-29.000,362.674,658.945,-73.460,0.064,0.180
93.1104,-29.000,363.246,659.618,-73.510,0.013,0.180
93.2123,-29.000,363.764,660.158,-73.521,0.003,0.180
93.3132,-28.000,372.180,650.241,-64.355,6.569,0.180
93.4023,-29.000,356.888,663.658,-78.709,-5.185,0.180
93.5102,-29.000,361.685,660.267,-74.616,-1.092,0.180
93.6086,-29.000,363.144,660.002,-73.754,-0.230,0.180
93.7062,-29.000,363.833,660.329,-73.572,-0.048,0.180
93.8045,-27.000,380.240,639.985,-55.197,13.127,0.180
93.9010,-28.000,360.235,659.044,-74.729,-3.805,0.180
94.0098,-26.000,380.274,636.401,-53.388,12.336,0.180
94.1072,-26.000,372.428,648.033,-63.127,2.597,0.180
94.2077,-27.000,361.018,659.061,-74.346,-6.022,0.180
94.3049,-25.000,383.047,634.908,-51.255,11.869,0.180
94.4037,-22.000,399.679,615.270,-33.120,22.204,0.180
94.5026,-20.000,401.309,615.285,-32.312,17.811,0.180
94.6119,-17.000,414.763,602.029,-18.957,23.455,0.180
94.7092,-16.000,408.716,614.845,-28.389,11.506,0.180
94.8062,-12.000,435.820,586.895,-0.862,28.696,0.180
94.9040,-9.000,442.664,584.131,3.942,25.747,0.180
95.0028,-7.000,444.472,589.991,1.916,18.557,0.180
95.1107,-5.000,451.992,590.189,5.577,17.044,0.180
95.2082,-2.000,468.711,578.830,19.616,23.293,0.180
95.3039,-1.000,465.063,593.635,10.390,11.472,0.180
95.4023,-0.000,470.216,598.565,10.501,8.984,0.180
95.5021,-0.000,468.909,611.442,3.409,1.891,0.180
95.6107,1.000,479.706,606.879,11.089,6.967,0.180
95.7093,1.000,478.362,616.524,5.594,1.467,0.180
95.8082,3.000,495.483,599.257,22.789,13.446,0.180
95.9070,3.000,487.822,612.794,12.190,2.831,0.180
96.0041,4.000,495.474,606.537,19.144,7.164,0.180
96.1017,3.000,481.558,622.239,4.335,-5.060,0.180
96.2110,4.000,495.201,609.514,17.519,5.503,0.180
96.3097,4.000,492.768,615.728,13.196,1.159,0.180
96.4073,7.000,515.601,585.307,39.823,19.949,0.180
96.5050,7.000,501.164,602.296,24.110,4.200,0.180
96.6040,9.000,513.716,584.712,39.178,14.021,0.180
96.7006,10.000,510.929,585.623,37.329,9.520,0.180
96.8088,11.000,511.541,582.815,39.038,8.573,0.180
96.9049,12.000,512.771,579.119,41.501,8.373,0.180
97.0040,13.000,514.049,575.146,44.127,8.331,0.180
97.1022,14.000,515.267,571.036,46.791,8.322,0.180
97.2104,15.000,516.414,566.831,49.467,8.320,0.180
97.3083,15.000,510.123,573.522,42.976,1.752,0.180
97.4058,16.000,516.362,564.024,50.845,6.937,0.180
97.5042,17.000,518.457,558.558,54.625,8.029,0.180
97.6009,19.000,527.022,542.929,66.722,14.827,0.180
97.7012,19.000,515.413,554.533,55.115,3.122,0.180
97.8100,20.000,520.314,546.027,61.819,7.226,0.180
97.9072,20.000,514.578,551.699,56.115,1.521,0.180
98.0054,20.000,513.350,552.873,54.914,0.320,0.180
98.1034,19.000,502.805,560.973,45.592,-6.501,0.180
98.2002,18.000,498.123,564.176,41.649,-7.937,0.180
98.3012,17.000,494.980,566.661,38.835,-8.239,0.180
98.3994,16.000,492.420,569.262,36.255,-8.303,0.180
98.5070,15.000,490.203,572.115,33.719,-8.316,0.180
98.6050,15.000,498.616,567.241,40.363,-1.751,0.180
98.7035,14.000,491.207,575.259,32.650,-6.937,0.180
98.8014,13.000,488.142,579.442,29.025,-8.029,0.180
98.9005,13.000,496.523,575.011,35.431,-1.690,0.180
99.0071,12.000,489.230,583.261,27.660,-6.924,0.180
99.1065,11.000,486.292,587.613,24.015,-8.026,0.180
99.2065,11.000,494.787,583.320,30.409,-1.690,0.180
99.3037,10.000,487.590,591.688,22.626,-6.924,0.180
99.4000,10.000,495.106,588.168,28.145,-1.458,0.180
99.5074,9.000,487.634,596.637,20.174,-6.875,0.180
99.6034,8.000,484.658,601.059,16.475,-8.016,0.180
99.7005,8.000,493.143,596.804,22.845,-1.688,0.180
99.8084,7.000,485.941,605.202,15.045,-6.924,0.180
99.9073,7.000,493.452,601.707,20.548,-1.458,0.180
100.0055,6.000,485.972,610.200,12.561,-6.875,0.180
100.1045,6.000,493.362,606.672,18.020,-1.447,0.180
100.2010,5.000,485.803,615.113,10.021,-6.873,0.180
100.2990,4.000,482.757,619.510,6.299,-8.015,0.180
100.4095,3.000,480.806,623.208,3.474,-8.256,0.180
100.5082,2.000,479.208,626.891,0.834,-8.306,0.180
100.6074,-0.000,467.415,638.657,-10.945,-14.886,0.180
100.7056,-1.000,471.182,637.267,-8.367,-9.702,0.180
100.8047,-2.000,470.373,639.496,-9.886,-8.611,0.180
100.9036,-4.000,457.317,649.559,-21.446,-14.950,0.180
101.0011,-5.000,459.853,646.879,-18.838,-9.716,0.180
101.1083,-6.000,457.962,648.047,-20.367,-8.614,0.180
101.2062,-8.000,443.977,657.218,-31.945,-14.950,0.180
101.3029,-9.000,445.719,653.785,-29.357,-9.716,0.180
101.4022,-10.000,443.150,654.316,-30.907,-8.614,0.180
101.4991,-12.000,428.585,662.948,-42.506,-14.950,0.180
101.6062,-13.000,429.831,659.060,-39.939,-9.716,0.180
101.7041,-14.000,426.837,659.208,-41.510,-8.614,0.180
101.8015,-15.000,422.881,660.144,-43.956,-8.382,0.180
101.9004,-16.000,418.664,661.196,-46.590,-8.333,0.180
101.9993,-17.000,414.340,662.228,-49.269,-8.323,0.180
102.0993,-17.000,420.923,655.847,-42.786,-1.752,0.180
102.2079,-18.000,411.330,662.012,-50.665,-6.937,0.180
102.3033,-18.000,416.757,656.672,-45.282,-1.460,0.180
102.4004,-18.000,417.853,655.649,-44.223,-0.307,0.180
102.4994,-18.000,418.033,655.531,-44.073,-0.065,0.180
102.6066,-18.000,418.017,655.600,-44.116,-0.014,0.180
102.7035,-18.000,417.957,655.705,-44.199,-0.003,0.180
102.8015,-17.000,425.858,645.442,-35.116,6.568,0.180
102.8990,-16.000,429.054,640.838,-31.216,7.951,0.180
103.0084,-16.000,423.596,648.100,-37.577,1.674,0.180
103.1061,-15.000,430.931,639.898,-29.808,6.921,0.180
103.2044,-15.000,426.521,646.571,-35.350,1.457,0.180
103.3013,-14.000,434.228,638.388,-27.404,6.875,0.180
103.3996,-13.000,437.999,634.812,-23.731,8.016,0.180
103.5073,-12.000,441.159,632.417,-20.953,8.256,0.180
103.6039,-11.000,444.378,630.450,-18.360,8.307,0.180
103.7023,-11.000,439.795,639.096,-24.975,1.749,0.180
103.7994,-10.000,448.058,631.887,-17.239,6.937,0.180
103.8993,-9.000,452.451,628.990,-13.594,8.029,0.180
104.0068,-9.000,448.201,637.511,-19.979,1.690,0.180
104.1029,-9.000,448.635,640.707,-21.360,0.356,0.180
104.1990,-9.000,449.851,642.578,-21.688,0.075,0.180
104.3085,-9.000,451.056,643.996,-21.794,0.016,0.180
104.4064,-9.000,452.112,645.170,-21.853,0.003,0.180
104.5036,-10.000,442.037,653.540,-31.076,-6.568,0.180
104.6012,-10.000,447.945,649.183,-25.943,-1.383,0.180
104.6981,-10.000,449.644,648.802,-24.904,-0.291,0.180
104.8054,-11.000,439.408,656.558,-33.900,-6.630,0.180
104.9014,-11.000,445.031,651.828,-28.723,-1.396,0.180
104.9995,-11.000,446.455,651.163,-27.678,-0.294,0.180
105.1077,-11.000,446.952,651.310,-27.503,-0.062,0.180
105.1975,-11.000,447.218,651.593,-27.512,-0.013,0.180
105.2975,-11.000,447.404,651.872,-27.559,-0.003,0.180
105.4076,-11.000,447.547,652.125,-27.614,-0.001,0.180
105.5041,-11.000,447.659,652.351,-27.670,-0.000,0.180
105.6015,-11.000,447.745,652.551,-27.727,-0.000,0.180
105.6974,-11.000,447.809,652.729,-27.785,-0.000,0.180
105.7973,-10.000,455.829,642.516,-18.668,6.568,0.180
105.9043,-10.000,451.159,648.322,-23.906,1.383,0.180
106.0029,-10.000,450.498,649.948,-25.050,0.291,0.180
106.1010,-10.000,450.626,650.640,-25.331,0.061,0.180
106.2013,-10.000,450.875,651.089,-25.432,0.013,0.180
106.2970,-11.000,440.135,658.822,-34.668,-6.566,0.180
106.4064,-11.000,445.484,653.917,-29.541,-1.382,0.180
106.5035,-11.000,446.706,653.072,-28.507,-0.291,0.180
106.5999,-11.000,447.039,653.060,-28.335,-0.061,0.180
106.6991,-11.000,447.167,653.205,-28.344,-0.013,0.180
106.8074,-12.000,436.262,660.741,-37.564,-6.571,0.180
106.9041,-12.000,441.456,655.685,-32.439,-1.383,0.180
106.9997,-12.000,442.544,654.713,-31.409,-0.291,0.180
107.0984,-12.000,442.761,654.595,-31.242,-0.061,0.180
107.2070,-12.000,442.789,654.651,-31.256,-0.013,0.180
107.2984,-12.000,442.772,654.739,-31.308,-0.003,0.180
107.3982,-12.000,442.743,654.830,-31.368,-0.001,0.180
107.5063,-12.000,442.706,654.917,-31.430,-0.000,0.180
107.6032,-11.000,450.640,644.628,-22.319,6.568,0.180
107.7025,-11.000,445.896,650.370,-27.561,1.383,0.180
107.8004,-11.000,445.171,651.942,-28.710,0.291,0.180
107.8975,-10.000,453.217,642.216,-19.824,6.630,0.180
107.9975,-10.000,448.718,648.288,-25.110,1.396,0.180
108.1063,-10.000,448.232,650.110,-26.264,0.294,0.180
108.1969,-9.000,456.490,640.589,-17.374,6.630,0.180
108.2966,-9.000,452.171,646.833,-22.655,1.396,0.180
108.4044,-9.000,451.841,648.800,-23.804,0.294,0.180
108.5027,-8.000,460.232,639.401,-14.909,6.630,0.180
108.6006,-8.000,456.027,645.748,-20.185,1.396,0.180
108.6988,-8.000,455.794,647.802,-21.329,0.294,0.180
108.7966,-8.000,456.294,648.850,-21.602,0.062,0.180
108.9054,-7.000,464.835,639.225,-12.519,6.581,0.180
109.0043,-7.000,460.642,645.496,-17.751,1.386,0.180
109.1029,-7.000,460.395,647.510,-18.882,0.292,0.180
109.1989,-7.000,460.880,648.527,-19.148,0.061,0.180
109.2964,-7.000,461.433,649.251,-19.233,0.013,0.180
109.4063,-7.000,461.929,649.840,-19.280,0.003,0.180
109.5040,-7.000,462.351,650.339,-19.318,0.001,0.180
109.6014,-7.000,462.706,650.768,-19.355,0.000,0.180
109.7014,-6.000,470.977,640.764,-10.218,6.568,0.180
109.8005,-6.000,466.523,646.744,-15.435,1.383,0.180
109.8980,-6.000,466.049,648.516,-16.558,0.291,0.180
109.9956,-6.000,466.339,649.328,-16.819,0.061,0.180
110.1008,-6.000,466.728,649.876,-16.899,0.013,0.180
110.1985,-6.000,467.085,650.316,-16.940,0.003,0.180
110.3064,-5.000,475.364,640.315,-7.800,6.569,0.180
110.4055,-5.000,470.920,646.294,-13.012,1.383,0.180
110.5029,-5.000,470.455,648.065,-14.129,0.291,0.180
110.6006,-5.000,470.754,648.876,-14.385,0.061,0.180
110.7001,-5.000,471.151,649.421,-14.460,0.013,0.180
110.7961,-5.000,471.516,649.858,-14.496,0.003,0.180
110.9049,-5.000,471.828,650.227,-14.524,0.001,0.180
111.0020,-4.000,480.065,640.170,-5.377,6.569,0.180
111.1010,-4.000,475.584,646.102,-10.583,1.383,0.180
111.2036,-4.000,475.089,647.832,-11.696,0.291,0.180
111.3028,-4.000,475.363,648.607,-11.947,0.061,0.180
111.3992,-3.000,483.714,638.749,-2.842,6.581,0.180
111.4983,-3.000,479.361,644.819,-8.053,1.386,0.180
111.5960,-3.000,478.982,646.659,-9.163,0.292,0.180
111.7065,-2.000,487.330,637.152,-0.235,6.630,0.180
111.8043,-2.000,483.093,643.404,-5.480,1.396,0.180
111.9024,-1.000,490.811,634.999,2.582,6.862,0.180
112.0009,-1.000,486.596,641.630,-2.841,1.445,0.180
112.0974,-0.000,494.451,633.429,5.187,6.873,0.180
112.1957,-0.000,490.378,640.207,-0.239,1.447,0.180
112.3019,1.000,497.759,631.526,7.792,6.873,0.180
112.3999,1.000,493.286,637.894,2.372,1.447,0.180
112.4979,1.000,520.016,644.365,1.300,0.299,0.320
112.5956,2.000,558.245,635.292,15.430,11.617,0.320
112.7030,2.000,573.408,652.686,6.221,2.397,0.320
112.7997,2.000,594.620,663.923,4.330,0.495,0.320
112.8983,3.000,628.705,658.354,18.309,11.658,0.320
112.9984,2.000,625.005,691.907,-5.287,-9.150,0.320
113.0974,2.000,653.077,696.984,1.986,-1.888,0.320
113.1960,1.000,659.213,721.640,-10.865,-11.945,0.320
113.2954,1.000,688.725,726.076,-1.380,-2.465,0.320
113.4032,-0.000,694.655,751.616,-13.779,-12.064,0.320
113.5018,-0.000,723.697,757.098,-4.204,-2.489,0.320
113.6003,-1.000,728.326,782.749,-16.590,-12.069,0.320
113.6973,-2.000,739.968,800.781,-21.378,-14.046,0.320
113.8042,-3.000,752.676,817.229,-24.602,-14.454,0.320
113.9033,-5.000,748.998,845.785,-41.870,-26.094,0.320
113.9984,-7.000,754.056,864.968,-49.911,-28.496,0.320
114.0984,-9.000,760.592,882.132,-56.057,-28.991,0.320
114.1983,-10.000,783.435,886.367,-47.460,-17.538,0.320
114.2960,-11.000,797.014,899.740,-47.958,-15.174,0.320
114.4043,-12.000,808.567,915.031,-50.338,-14.687,0.320
114.5017,-13.000,819.605,930.745,-53.110,-14.586,0.320
114.5993,-13.000,846.734,934.129,-41.606,-3.010,0.320
114.6976,-14.000,848.439,959.296,-53.651,-12.177,0.320
114.7965,-15.000,857.317,977.193,-58.427,-14.068,0.320
114.9040,-16.000,867.611,993.593,-61.707,-14.459,0.320
115.0018,-17.000,878.140,1009.688,-64.683,-14.539,0.320
115.0996,-18.000,888.669,1025.725,-67.600,-14.556,0.320
115.1960,-18.000,915.437,1029.312,-56.149,-3.004,0.320
115.3047,-19.000,900.930,1038.724,-68.227,-12.175,0.320
115.4039,-20.000,893.753,1040.731,-72.919,-14.068,0.320
115.5010,-21.000,888.030,1041.219,-76.110,-14.458,0.320
115.5994,-22.000,882.577,1041.382,-78.991,-14.539,0.320
115.6959,-22.000,893.430,1029.033,-67.452,-3.000,0.320
115.8054,-23.000,878.952,1038.399,-79.426,-12.175,0.320
115.8938,-24.000,871.711,1040.455,-84.119,-14.068,0.320
116.0027,-25.000,865.935,1040.984,-87.310,-14.458,0.320
116.1011,-27.000,844.161,1053.618,-104.546,-26.095,0.320
116.1973,-27.000,864.014,1031.996,-83.836,-5.385,0.320
116.2941,-28.000,851.283,1039.383,-93.918,-12.667,0.320
116.4042,-29.000,844.309,1040.975,-98.221,-14.169,0.320
116.5013,-30.000,838.508,1041.361,-101.331,-14.479,0.320
116.5993,-30.000,849.213,1029.054,-89.839,-2.988,0.320
116.6962,-31.000,834.640,1038.425,-101.824,-12.172,0.320
116.8034,-31.000,843.599,1028.043,-92.163,-2.512,0.320
116.9034,-31.000,844.997,1025.436,-90.170,-0.518,0.320
116.9986,-32.000,828.627,1036.940,-104.114,-11.663,0.320
117.0956,-32.000,837.321,1027.109,-94.858,-2.407,0.320
117.1944,-33.000,822.477,1037.146,-107.304,-12.052,0.320
117.3047,-34.000,815.228,1039.468,-112.094,-14.043,0.320
117.4022,-35.000,809.508,1040.162,-115.305,-14.453,0.320
117.4999,-36.000,804.070,1040.487,-118.189,-14.538,0.320
117.5970,-37.000,798.663,1040.709,-121.007,-14.555,0.320
117.6947,-38.000,793.238,1040.886,-123.811,-14.559,0.320
117.7944,-39.000,787.789,1041.034,-126.611,-14.560,0.320
117.9029,-39.000,798.593,1028.724,-115.056,-3.004,0.320
118.0014,-39.000,800.339,1025.698,-112.671,-0.620,0.320
118.0998,-39.000,800.288,1024.661,-112.179,-0.128,0.320
118.1983,-39.000,799.928,1024.096,-112.078,-0.026,0.320
118.2967,-36.000,839.384,977.375,-68.990,34.661,0.320
118.3945,-32.000,866.390,944.553,-39.077,53.375,0.320
118.5001,-24.000,933.763,866.957,33.407,103.458,0.320
118.5986,-14.000,991.986,802.443,94.774,136.904,0.320
118.6963,-5.000,1015.111,784.532,115.292,132.250,0.320
118.7964,1.000,1004.685,811.748,96.471,96.623,0.320
118.8939,6.000,1006.348,823.158,91.597,77.716,0.320
118.9943,9.000,995.082,849.016,73.035,50.703,0.320
119.1034,12.000,1002.917,851.064,75.928,45.129,0.320
119.1998,15.000,1013.192,846.670,83.262,43.979,0.320
119.2985,18.000,1022.695,839.646,91.525,43.742,0.320
119.3949,20.000,1018.404,847.363,85.521,32.137,0.320
119.4952,21.000,1009.790,861.050,74.371,18.187,0.320
119.5923,22.000,1011.447,862.864,74.292,15.308,0.320
119.7019,24.000,1027.144,845.438,90.854,26.270,0.320
119.7977,25.000,1020.996,852.277,84.360,16.976,0.320
119.8964,27.000,1034.187,834.992,99.598,26.614,0.320
119.9952,28.000,1026.761,841.100,92.831,17.047,0.320
120.0926,30.000,1039.042,823.017,108.013,26.629,0.320
120.2014,32.000,1043.313,812.135,115.590,28.606,0.320
120.2919,34.000,1045.672,802.477,121.598,29.014,0.320
120.4002,34.000,1022.543,825.402,98.571,5.987,0.320
120.4984,36.000,1042.575,797.515,122.530,24.347,0.320
120.5963,37.000,1035.350,800.224,117.563,16.579,0.320
120.6945,38.000,1034.208,796.688,118.760,14.977,0.320
120.7922,39.000,1034.269,791.810,121.230,14.646,0.320
120.9012,40.000,1034.534,786.611,123.961,14.578,0.320
120.9975,40.000,1022.367,797.584,112.392,3.008,0.320
121.0960,40.000,1019.472,799.464,110.004,0.621,0.320
121.1962,41.000,1030.984,783.249,123.867,11.684,0.320
121.2947,41.000,1021.213,792.024,114.595,2.411,0.320
121.3918,41.000,1018.875,793.513,112.681,0.497,0.320
121.5014,41.000,1018.120,793.548,112.286,0.103,0.320
121.5996,41.000,1017.733,793.323,112.205,0.021,0.320
121.6963,41.000,1017.456,793.079,112.188,0.004,0.320
121.7923,41.000,1017.231,792.862,112.185,0.001,0.320
121.9010,40.000,1001.606,805.950,97.828,-11.555,0.320
122.0016,40.000,1011.200,797.201,106.999,-2.384,0.320
122.1015,39.000,998.015,808.943,94.536,-12.048,0.320
122.1984,38.000,993.028,813.544,89.742,-14.042,0.320
122.2944,36.000,974.637,830.287,72.175,-26.009,0.320
122.3925,35.000,982.143,825.220,78.461,-16.922,0.320
122.5012,34.000,982.674,827.602,77.536,-15.047,0.320
122.5991,33.000,981.920,831.673,75.123,-14.661,0.320
122.7001,32.000,981.029,836.223,72.403,-14.581,0.320
122.7982,31.000,980.220,840.981,69.619,-14.564,0.320
122.8958,29.000,964.087,859.152,52.467,-26.116,0.320
122.9961,28.000,973.245,855.566,58.839,-16.945,0.320
123.0924,26.000,959.690,872.538,43.576,-26.608,0.320
123.2013,24.000,954.388,882.423,35.982,-28.602,0.320
123.2977,23.000,966.600,877.947,44.326,-17.457,0.320
123.3963,20.000,938.936,908.707,15.115,-38.269,0.320
123.4924,19.000,959.795,897.319,31.238,-19.452,0.320
123.6010,17.000,949.983,913.862,18.060,-27.125,0.320
123.6993,16.000,962.025,911.381,25.322,-17.153,0.320
123.7975,14.000,950.409,929.804,10.303,-26.651,0.320
123.8953,12.000,946.649,941.029,2.810,-28.610,0.320
123.9943,10.000,944.714,950.991,-3.138,-29.015,0.320
124.0936,8.000,943.326,960.880,-8.777,-29.098,0.320
124.1908,6.000,942.196,970.917,-14.361,-29.116,0.320
124.2995,5.000,956.681,967.843,-5.581,-17.564,0.320
124.3976,3.000,946.116,986.787,-20.336,-26.735,0.320
124.4955,-0.000,927.589,1011.957,-42.184,-40.183,0.320
124.5931,-1.000,950.522,999.829,-24.653,-19.847,0.320
124.6933,-3.000,939.799,1015.058,-37.629,-27.207,0.320
124.7928,-5.000,933.727,1023.279,-44.776,-28.725,0.320
124.9008,-7.000,927.848,1029.305,-50.728,-29.039,0.320
125.0004,-9.000,921.355,1034.242,-56.443,-29.103,0.320
125.0975,-10.000,930.461,1025.975,-47.757,-17.561,0.320
125.1945,-12.000,913.636,1038.832,-62.598,-26.735,0.320
125.2919,-13.000,919.819,1031.436,-55.809,-17.072,0.320
125.4000,-14.000,917.999,1031.386,-56.693,-15.078,0.320
125.4988,-15.000,914.312,1032.643,-59.166,-14.667,0.320
125.5949,-16.000,910.054,1033.995,-61.970,-14.582,0.320
125.6910,-17.000,905.522,1035.218,-64.848,-14.565,0.320
125.7903,-19.000,884.517,1048.730,-82.106,-26.116,0.320
125.8993,-19.000,904.953,1027.924,-61.485,-5.389,0.320
125.9951,-20.000,892.798,1035.926,-71.564,-12.668,0.320
126.0927,-20.000,902.586,1025.607,-61.510,-2.614,0.320
126.1916,-20.000,904.435,1023.306,-59.436,-0.539,0.320
126.2906,-21.000,888.396,1035.122,-73.363,-11.667,0.320
126.3990,-21.000,897.360,1025.568,-64.104,-2.407,0.320
126.4962,-21.000,899.020,1023.406,-62.193,-0.497,0.320
126.5931,-21.000,899.201,1022.799,-61.799,-0.103,0.320
126.6908,-22.000,882.826,1034.972,-76.073,-11.577,0.320
126.7903,-22.000,891.728,1025.498,-66.885,-2.389,0.320
126.9005,-22.000,893.381,1023.359,-64.989,-0.493,0.320
126.9969,-23.000,877.290,1035.197,-78.954,-11.657,0.320
127.0962,-23.000,886.234,1025.638,-69.702,-2.405,0.320
127.1943,-23.000,887.882,1023.467,-67.793,-0.496,0.320
127.2922,-23.000,888.053,1022.851,-67.399,-0.102,0.320
127.3899,-23.000,887.946,1022.581,-67.317,-0.021,0.320
127.4980,-23.000,887.802,1022.403,-67.301,-0.004,0.320
127.5989,-23.000,887.669,1022.263,-67.297,-0.001,0.320
127.6976,-23.000,887.553,1022.146,-67.296,-0.000,0.320
127.7944,-23.000,887.455,1022.048,-67.296,-0.000,0.320
127.8911,-22.000,900.647,1006.528,-52.941,11.556,0.320
127.9998,-22.000,891.986,1016.210,-62.112,2.384,0.320
128.0966,-22.000,890.528,1018.537,-64.004,0.492,0.320
128.1929,-22.000,890.507,1019.296,-64.395,0.102,0.320
128.2925,-22.000,890.740,1019.690,-64.475,0.021,0.320
128.3896,-21.000,904.265,1004.538,-50.136,11.560,0.320
128.4981,-21.000,895.899,1014.521,-59.311,2.385,0.320
128.5956,-20.000,907.969,1001.666,-46.849,12.048,0.320
128.6900,-20.000,899.574,1012.394,-56.410,2.486,0.320
128.7889,-19.000,911.761,1000.029,-44.134,12.069,0.320
128.8993,-18.000,916.782,995.697,-39.458,14.046,0.320
128.9943,-17.000,920.608,993.297,-36.345,14.454,0.320
129.0935,-16.000,924.428,991.529,-33.550,14.538,0.320
129.1914,-16.000,915.173,1005.529,-45.178,3.000,0.320
129.2903,-15.000,928.000,994.574,-33.287,12.175,0.320
129.3987,-14.000,933.830,991.175,-28.673,14.068,0.320
129.4977,-13.000,938.402,989.511,-25.555,14.458,0.320
129.5939,-12.000,942.870,988.353,-22.741,14.539,0.320
129.6906,-11.000,947.453,987.425,-19.986,14.556,0.320
129.7903,-11.000,938.892,1002.092,-31.600,3.004,0.320
129.8981,-10.000,952.323,991.691,-19.684,12.175,0.320
129.9949,-9.000,958.673,988.757,-15.042,14.068,0.320
130.0917,-8.000,963.690,987.483,-11.896,14.458,0.320
130.1883,-7.000,969.010,965.760,1.625,5.417,0.180
130.2984,-7.000,957.753,962.254,-2.251,1.548,0.180
130.3963,-6.000,948.754,952.006,-1.626,1.728,0.180
130.4943,-6.000,938.925,944.655,-2.865,0.494,0.180
130.5933,-5.000,929.652,932.625,-1.487,1.427,0.180
130.6908,-4.000,919.461,921.009,-0.774,1.693,0.180
130.7896,-4.000,908.570,912.544,-1.987,0.484,0.180
130.8971,-4.000,898.085,902.757,-2.336,0.138,0.180
130.9993,-3.000,887.753,889.157,-0.702,1.325,0.180
131.0964,-2.000,876.520,876.349,0.086,1.664,0.180
131.1955,-2.000,864.702,866.912,-1.105,0.476,0.180
131.2937,-2.000,853.418,856.311,-1.447,0.136,0.180
131.3944,-2.000,842.107,845.198,-1.545,0.039,0.180
131.4934,-2.000,830.638,833.788,-1.575,0.011,0.180
131.5902,-2.000,818.995,822.164,-1.585,0.003,0.180
131.6990,-1.000,807.489,807.193,0.148,1.287,0.180
131.7989,-2.000,791.610,796.627,-2.509,-0.918,0.180
131.8986,-2.000,780.615,784.324,-1.855,-0.262,0.180
131.9987,-2.000,768.989,772.327,-1.669,-0.075,0.180
132.0963,-3.000,753.795,760.503,-3.354,-1.307,0.180
132.1941,-4.000,739.536,747.855,-4.160,-1.659,0.180
132.2918,-5.000,725.576,735.005,-4.715,-1.760,0.180
132.3932,-5.000,715.024,721.949,-3.462,-0.503,0.180
132.4922,-7.000,696.842,710.004,-6.581,-2.715,0.180
132.5907,-7.000,687.062,696.357,-4.648,-0.776,0.180
132.6881,-7.000,675.743,683.943,-4.100,-0.222,0.180
132.7953,-7.000,663.899,671.795,-3.948,-0.063,0.180
132.8944,-7.000,651.831,659.649,-3.909,-0.018,0.180
132.9914,-7.000,639.637,647.442,-3.902,-0.005,0.180
133.0895,-7.000,627.354,635.164,-3.905,-0.001,0.180
133.1891,-4.000,615.890,613.291,1.300,3.857,0.180
133.2873,-0.000,602.741,591.765,5.488,6.245,0.180
133.3949,2.000,587.986,578.985,4.500,4.356,0.180
133.4926,4.000,574.618,564.890,4.864,3.816,0.180
133.5903,7.000,561.844,547.140,7.352,4.947,0.180
133.6892,10.000,560.162,544.162,8.000,5.271,0.180
133.7882,12.000,559.561,543.561,8.000,4.077,0.180
133.8969,14.000,558.931,542.931,8.000,3.736,0.180
133.9946,15.000,559.835,543.835,8.000,2.353,0.180
134.0932,18.000,557.424,541.424,8.000,4.530,0.180
134.1930,20.000,556.754,540.754,8.000,3.866,0.180
134.2903,20.000,559.184,543.184,8.000,1.104,0.180
134.3886,21.000,559.691,543.691,8.000,1.601,0.180
134.4960,23.000,558.501,542.501,8.000,3.029,0.180
134.5946,23.000,560.489,544.489,8.000,0.865,0.180
134.6929,24.000,560.620,544.620,8.000,1.533,0.180
134.7918,24.000,562.230,546.230,8.000,0.438,0.180
134.8917,24.000,563.600,547.600,8.000,0.125,0.180
134.9903,25.000,563.203,547.203,8.000,1.321,0.180
135.0969,26.000,562.807,546.807,8.000,1.663,0.180
135.1940,26.000,563.969,547.969,8.000,0.475,0.180
135.2916,27.000,563.398,547.398,8.000,1.421,0.180
135.3886,27.000,564.412,548.412,8.000,0.406,0.180
135.4871,28.000,563.714,547.714,8.000,1.402,0.180
135.5948,28.000,564.620,548.620,8.000,0.401,0.180
135.6920,28.000,565.391,549.391,8.000,0.114,0.180
135.7884,29.000,564.486,548.486,8.000,1.318,0.180
135.8863,29.000,565.217,549.217,8.000,0.377,0.180
135.9941,29.000,565.838,549.838,8.000,0.108,0.180
136.0936,29.000,566.366,550.366,8.000,0.031,0.180
136.1916,29.000,566.815,550.815,8.000,0.009,0.180
136.2884,30.000,565.637,549.637,8.000,1.288,0.180
136.3962,30.000,566.135,550.135,8.000,0.368,0.180
136.4962,30.000,566.558,550.558,8.000,0.105,0.180
136.5940,30.000,566.918,550.918,8.000,0.030,0.180
136.6926,31.000,565.664,549.664,8.000,1.294,0.180
136.7912,31.000,566.098,550.098,8.000,0.370,0.180
136.8902,31.000,566.467,550.467,8.000,0.106,0.180
136.9892,31.000,566.781,550.781,8.000,0.030,0.180
137.0864,31.000,567.048,551.048,8.000,0.009,0.180
137.1955,32.000,565.714,549.714,8.000,1.288,0.180
137.2945,32.000,566.081,550.081,8.000,0.368,0.180
137.3922,32.000,566.392,550.392,8.000,0.105,0.180
137.4899,33.000,565.097,549.097,8.000,1.316,0.180
137.5883,33.000,565.496,549.496,8.000,0.376,0.180
137.6861,33.000,565.836,549.836,8.000,0.107,0.180
137.7956,33.000,566.124,550.124,8.000,0.031,0.180
137.8952,33.000,566.369,550.369,8.000,0.009,0.180
137.9921,34.000,565.018,549.018,8.000,1.288,0.180
138.0924,34.000,565.369,549.369,8.000,0.368,0.180
138.1895,34.000,565.667,549.667,8.000,0.105,0.180
138.2903,34.000,565.921,549.921,8.000,0.030,0.180
138.3882,34.000,566.136,550.136,8.000,0.009,0.180
138.4870,34.000,566.320,550.320,8.000,0.002,0.180
138.5961,35.000,564.915,548.915,8.000,1.286,0.180
138.6941,34.000,563.782,547.782,8.000,-0.918,0.180
138.7937,35.000,562.758,546.758,8.000,1.023,0.180
138.8921,35.000,563.388,547.388,8.000,0.292,0.180
138.9883,35.000,563.924,547.924,8.000,0.084,0.180
139.0860,35.000,564.379,548.379,8.000,0.024,0.180
139.1953,34.000,563.326,547.326,8.000,-1.279,0.180
139.2928,34.000,563.931,547.931,8.000,-0.365,0.180
139.3913,34.000,564.445,548.445,8.000,-0.104,0.180
139.4911,34.000,564.882,548.882,8.000,-0.030,0.180
139.5878,34.000,565.253,549.253,8.000,-0.009,0.180
139.6853,34.000,565.569,549.569,8.000,-0.002,0.180
139.7936,33.000,564.397,548.397,8.000,-1.286,0.180
139.8908,32.000,563.462,547.462,8.000,-1.653,0.180
139.9874,32.000,564.166,548.166,8.000,-0.472,0.180
140.0869,31.000,563.325,547.325,8.000,-1.421,0.180
140.1951,30.000,562.670,546.670,8.000,-1.692,0.180
140.2931,29.000,562.173,546.173,8.000,-1.769,0.180
140.3941,29.000,563.251,547.251,8.000,-0.505,0.180
140.4903,28.000,562.727,546.727,8.000,-1.430,0.180
140.5881,27.000,562.342,546.342,8.000,-1.694,0.180
140.6880,26.000,562.074,546.074,8.000,-1.770,0.180
140.7862,26.000,563.347,547.347,8.000,-0.506,0.180
140.8936,25.000,562.989,546.989,8.000,-1.430,0.180
140.9904,25.000,564.184,548.184,8.000,-0.409,0.180
141.0888,25.000,565.200,549.200,8.000,-0.117,0.180
141.1863,25.000,566.064,550.064,8.000,-0.033,0.180
141.2942,24.000,565.358,549.358,8.000,-1.295,0.180
141.3914,24.000,566.258,550.258,8.000,-0.370,0.180
141.4902,23.000,565.583,549.583,8.000,-1.391,0.180
141.5891,23.000,566.509,550.509,8.000,-0.398,0.180
141.6871,23.000,567.297,551.297,8.000,-0.114,0.180
141.7940,22.000,566.424,550.627,7.899,-1.318,0.180
141.8900,22.000,567.371,551.371,8.000,-0.377,0.180
141.9892,21.000,566.022,551.276,7.373,-1.393,0.180
142.0886,21.000,567.535,551.535,8.000,-0.398,0.180
142.1861,20.000,565.766,551.931,6.917,-1.399,0.180
142.2940,20.000,567.682,551.848,7.917,-0.400,0.180
142.3903,20.000,568.544,552.544,8.000,-0.114,0.180
142.4867,19.000,566.332,553.201,6.565,-1.318,0.180
142.5854,18.000,564.953,553.377,5.788,-1.662,0.180
142.6936,17.000,563.969,553.459,5.255,-1.761,0.180
142.7914,16.000,563.182,553.600,4.791,-1.789,0.180
142.8895,16.000,565.699,553.533,6.083,-0.511,0.180
142.9884,15.000,563.943,554.491,4.726,-1.432,0.180
143.0871,14.000,562.964,554.913,4.025,-1.695,0.180
143.1852,13.000,562.273,555.249,3.512,-1.770,0.180
143.2923,12.000,561.722,555.620,3.051,-1.791,0.180
143.3901,11.000,561.259,556.049,2.605,-1.798,0.180
143.4871,11.000,564.039,556.241,3.899,-0.514,0.180
143.5848,10.000,562.502,557.423,2.539,-1.432,0.180
143.6922,9.000,561.706,558.037,1.835,-1.695,0.180
143.7888,8.000,561.172,558.538,1.317,-1.770,0.180
143.8853,8.000,563.929,558.752,2.588,-0.506,0.180
143.9940,7.000,562.383,559.943,1.220,-1.430,0.180
144.0921,6.000,561.584,560.561,0.511,-1.694,0.180
144.1911,6.000,564.222,560.768,1.727,-0.484,0.180
144.2882,4.000,559.430,562.220,-1.395,-2.710,0.180
144.3882,4.000,562.949,561.861,0.544,-0.774,0.180
144.4872,3.000,561.672,562.944,-0.636,-1.507,0.180
144.5843,2.000,560.992,563.579,-1.293,-1.716,0.180
144.6830,2.000,563.701,563.832,-0.066,-0.490,0.180
144.7911,1.000,562.135,565.035,-1.450,-1.426,0.180
144.8892,-0.000,561.323,565.659,-2.168,-1.693,0.180
144.9865,-0.000,563.953,565.869,-0.958,-0.484,0.180
145.0826,-0.000,565.506,566.731,-0.613,-0.138,0.180
145.1905,-2.000,547.517,610.923,-31.703,-23.140,0.320
145.2872,-2.000,582.394,609.093,-13.350,-4.775,0.320
145.3861,-3.000,586.323,634.188,-23.932,-12.541,0.320
145.4829,-3.000,612.483,640.475,-13.996,-2.588,0.320
145.5895,-4.000,614.415,667.056,-26.320,-12.090,0.320
145.6871,-4.000,639.993,673.489,-16.748,-2.495,0.320
145.7876,-5.000,641.662,699.964,-29.151,-12.070,0.320
145.8840,-5.000,667.062,706.261,-19.600,-2.491,0.320
145.9919,-5.000,684.869,720.171,-17.651,-0.514,0.320
146.0915,-6.000,684.835,748.100,-31.632,-11.662,0.320
146.1890,-7.000,693.518,767.062,-36.772,-13.962,0.320
146.2851,-7.000,720.196,771.656,-25.730,-2.881,0.320
146.3840,-8.000,721.840,797.528,-37.844,-12.150,0.320
146.4920,-7.000,760.302,788.071,-13.885,9.048,0.320
146.5878,-7.000,769.295,811.505,-21.105,1.867,0.320
146.6870,-6.000,797.224,813.754,-8.265,11.941,0.320
146.7873,-6.000,804.427,839.978,-17.776,2.464,0.320
146.8844,-5.000,832.312,843.119,-5.404,12.064,0.320
146.9833,-5.000,839.783,869.796,-15.006,2.489,0.320
147.0916,-5.000,854.680,888.699,-17.010,0.514,0.320
147.1913,-4.000,884.278,890.446,-3.084,11.662,0.320
147.2894,-4.000,892.209,916.933,-12.362,2.406,0.320
147.3876,-4.000,907.291,935.880,-14.294,0.497,0.320
147.4875,-4.000,923.725,953.146,-14.711,0.102,0.320
147.5845,-4.000,940.331,969.960,-14.814,0.021,0.320
147.6818,-4.000,956.882,986.589,-14.854,0.004,0.320
147.7908,-3.000,986.627,987.663,-0.518,11.556,0.320
147.8889,-3.000,994.424,1013.837,-9.707,2.385,0.320
147.9869,-3.000,993.424,1016.656,-11.616,0.492,0.320
148.0847,-4.000,977.508,1030.277,-26.385,-11.454,0.320
148.1839,-4.000,987.101,1021.734,-17.317,-2.364,0.320
148.2918,-5.000,973.119,1032.768,-29.824,-12.043,0.320
148.3896,-5.000,982.897,1023.485,-20.294,-2.485,0.320
148.4886,-6.000,968.770,1034.192,-32.711,-12.068,0.320
148.5869,-7.000,962.080,1037.136,-37.528,-14.046,0.320
148.6842,-7.000,973.096,1025.935,-26.419,-2.898,0.320
148.7818,-8.000,958.998,1036.037,-38.520,-12.154,0.320
148.8815,-8.000,968.400,1026.237,-28.919,-2.508,0.320
148.9920,-8.000,970.177,1024.123,-26.973,-0.518,0.320
149.0890,-9.000,954.118,1036.054,-40.968,-11.662,0.320
149.1860,-10.000,946.788,1039.036,-46.124,-13.962,0.320
149.2845,-10.000,957.465,1027.663,-35.099,-2.881,0.320
149.3839,-11.000,943.119,1037.578,-47.230,-12.150,0.320
149.4811,-11.000,952.317,1027.613,-37.648,-2.507,0.320
149.5865,-12.000,937.638,1037.800,-50.081,-12.073,0.320
149.6851,-12.000,946.743,1027.877,-40.567,-2.491,0.320
149.7830,-12.000,948.306,1025.619,-38.657,-0.514,0.320
149.8804,-13.000,932.070,1037.424,-52.677,-11.662,0.320
149.9878,-13.000,940.869,1027.858,-43.495,-2.406,0.320
150.0839,-13.000,942.380,1025.696,-41.658,-0.497,0.320
150.1819,-14.000,926.144,1037.539,-55.698,-11.658,0.320
150.2909,-13.000,948.232,1012.556,-32.162,9.150,0.320
150.3876,-13.000,941.167,1020.161,-39.497,1.888,0.320
150.4876,-13.000,939.825,1021.961,-41.068,0.390,0.320
150.5901,-13.000,939.638,1022.538,-41.450,0.080,0.320
150.6873,-13.000,939.667,1022.841,-41.587,0.017,0.320
150.7856,-13.000,939.722,1023.067,-41.673,0.003,0.320
150.8831,-13.000,939.766,1023.263,-41.748,0.001,0.320
150.9913,-13.000,939.794,1023.438,-41.822,0.000,0.320
151.0911,-13.000,939.808,1023.597,-41.895,0.000,0.320
151.1908,-13.000,939.808,1023.743,-41.968,0.000,0.320
151.2879,-14.000,923.517,1036.320,-56.401,-11.556,0.320
151.3862,-13.000,945.812,1011.707,-32.948,9.171,0.320
151.4867,-13.000,938.975,1019.574,-40.299,1.892,0.320
151.5845,-13.000,937.838,1021.586,-41.874,0.391,0.320
151.6822,-13.000,937.828,1022.341,-42.257,0.081,0.320
151.7822,-13.000,938.007,1022.794,-42.393,0.017,0.320
151.8809,-12.000,951.471,1007.707,-28.118,11.559,0.320
151.9905,-11.000,956.322,1002.318,-22.998,13.941,0.320
152.0910,-10.000,959.748,999.273,-19.762,14.432,0.320
152.1889,-9.000,963.181,997.004,-16.911,14.534,0.320
152.2868,-9.000,953.591,1010.584,-28.497,2.999,0.320
152.3859,-8.000,966.138,999.269,-16.566,12.174,0.320
152.4849,-7.000,971.735,995.559,-11.912,14.068,0.320
152.5825,-6.000,976.114,993.623,-8.755,14.458,0.320
152.6898,-5.000,980.425,992.229,-5.902,14.539,0.320
152.7868,-5.000,971.598,1006.536,-17.469,3.000,0.320
152.8850,-4.000,984.799,995.833,-5.517,12.175,0.320
152.9819,-4.000,977.676,1008.079,-15.202,2.512,0.320
153.0809,-4.000,977.837,1012.273,-17.218,0.518,0.320
153.1809,-4.000,979.254,1014.557,-17.652,0.107,0.320
153.2901,-4.000,980.719,1016.237,-17.759,0.022,0.320
153.3864,-5.000,965.735,1030.056,-32.160,-11.551,0.320
153.4854,-6.000,959.598,1034.362,-37.382,-13.939,0.320
153.5815,-6.000,971.349,1024.055,-26.353,-2.876,0.320
153.6895,-6.000,974.212,1022.419,-24.103,-0.594,0.320
153.7856,-6.000,975.171,1022.503,-23.666,-0.122,0.320
153.8826,-7.000,959.397,1035.324,-37.964,-11.581,0.320
153.9804,-7.000,968.794,1026.417,-28.812,-2.390,0.320
154.0894,-7.000,970.859,1024.768,-26.954,-0.493,0.320
154.1888,-7.000,971.388,1024.592,-26.602,-0.102,0.320
154.2861,-6.000,984.861,1009.260,-12.199,11.535,0.320
154.3854,-6.000,976.383,1019.158,-21.387,2.380,0.320
154.4816,-6.000,975.064,1021.684,-23.310,0.491,0.320
154.5820,-5.000,988.434,1007.179,-9.372,11.657,0.320
154.6904,-5.000,980.173,1017.476,-18.652,2.405,0.320
154.7873,-4.000,992.382,1004.837,-6.228,12.052,0.320
154.8851,-3.000,997.393,1000.301,-1.454,14.042,0.320
154.9839,-2.000,1001.215,997.723,1.746,14.453,0.320
155.0794,-2.000,991.761,1011.234,-9.736,2.982,0.320
155.1877,-1.000,1004.388,999.895,2.247,12.171,0.320
155.2859,-1.000,996.771,1011.608,-7.418,2.511,0.320
155.3831,-0.000,1009.794,999.906,4.944,12.074,0.320
155.4840,1.000,1014.714,995.269,9.723,14.047,0.320
155.5820,1.000,1005.191,1008.032,-1.420,2.899,0.320
155.6797,1.000,1004.274,1011.704,-3.715,0.598,0.320
155.7877,2.000,1017.416,997.062,10.177,11.679,0.320
155.8858,2.000,1009.021,1007.183,0.919,2.410,0.320
155.9857,3.000,1020.295,993.537,13.379,12.053,0.320
156.0865,3.000,1011.237,1003.577,3.830,2.487,0.320
156.1842,3.000,1009.698,1005.952,1.873,0.513,0.320
156.2833,3.000,1009.663,1006.698,1.482,0.106,0.320
156.3815,3.000,1009.897,1007.067,1.415,0.022,0.320
156.4798,3.000,1010.153,1007.324,1.415,0.005,0.320
156.5889,3.000,1010.384,1007.529,1.428,0.001,0.320
156.6842,3.000,1010.586,1007.698,1.444,0.000,0.320
156.7840,3.000,1010.760,1007.839,1.461,0.000,0.320
156.8834,3.000,1010.911,1007.956,1.477,0.000,0.320
156.9806,3.000,1011.041,1008.053,1.494,0.000,0.320
157.0784,3.000,1011.155,1008.133,1.511,0.000,0.320
157.1886,3.000,1011.254,1008.199,1.528,0.000,0.320
157.2844,3.000,1011.341,1008.252,1.544,0.000,0.320
157.3794,2.000,995.976,1021.576,-12.800,-11.556,0.320
157.4884,3.000,1018.232,996.745,10.744,9.171,0.320
157.5848,4.000,1023.817,988.131,17.843,13.448,0.320
157.6824,4.000,1013.379,998.994,7.192,2.775,0.320
157.7813,4.000,1011.380,1001.355,5.012,0.573,0.320
157.8780,5.000,1023.543,985.660,18.941,11.674,0.320
157.9879,5.000,1014.305,994.895,9.705,2.409,0.320
158.0847,5.000,1012.420,996.778,7.821,0.497,0.320
158.1827,5.000,1012.052,997.144,7.454,0.103,0.320
158.2799,4.000,996.557,1010.477,-6.960,-11.534,0.320
158.3796,4.000,1006.315,1001.882,2.216,-2.380,0.320
158.4862,4.000,1008.720,1000.465,4.128,-0.491,0.320
158.5833,3.000,994.111,1013.754,-9.821,-11.657,0.320
158.6820,4.000,1016.760,989.143,13.808,9.150,0.320
158.7808,4.000,1010.186,997.049,6.569,1.888,0.320
158.8883,4.000,1009.276,999.091,5.093,0.390,0.320
158.9861,4.000,1009.471,999.859,4.806,0.080,0.320
159.0853,4.000,1009.839,1000.310,4.764,0.017,0.320
159.1833,4.000,1010.196,1000.648,4.774,0.003,0.320
159.2807,3.000,995.070,1014.206,-9.568,-11.555,0.320
159.3786,3.000,1005.090,1005.851,-0.381,-2.384,0.320
159.4863,2.000,962.022,1016.825,-7.799,-7.070,0.180
159.5834,1.000,926.362,1021.030,-11.381,-8.057,0.180
159.6825,-0.000,894.512,1021.969,-14.188,-8.265,0.180
159.7823,-1.000,864.800,1020.031,-16.837,-8.308,0.180
159.8812,-2.000,836.801,1015.754,-19.457,-8.318,0.180
159.9800,-3.000,810.235,1009.510,-22.075,-8.319,0.180
160.0783,-3.000,795.855,994.227,-15.522,-1.751,0.180
160.1877,-5.000,755.406,997.488,-32.502,-13.506,0.180
160.2856,-5.000,747.018,975.492,-21.866,-2.843,0.180
160.3846,-5.000,730.989,960.918,-19.647,-0.599,0.180
160.4806,-6.000,702.876,954.646,-28.374,-6.694,0.180
160.5794,-7.000,680.102,942.817,-32.294,-7.978,0.180
160.6792,-8.000,658.788,929.345,-35.206,-8.248,0.180
160.7775,-9.000,638.066,915.123,-37.909,-8.305,0.180
160.8866,-10.000,617.710,900.402,-40.573,-8.317,0.180
160.9834,-12.000,586.662,892.660,-52.407,-14.888,0.180
161.0800,-14.000,560.998,879.378,-59.063,-16.271,0.180
161.1775,-16.000,536.591,864.707,-64.637,-16.562,0.180
161.2853,-18.000,512.551,849.554,-69.992,-16.624,0.180
161.3827,-21.000,477.812,841.406,-84.374,-23.205,0.180
161.4803,-22.000,470.283,813.106,-75.222,-11.454,0.180
161.5795,-24.000,442.634,801.326,-84.517,-15.548,0.180
161.6775,-26.000,418.295,786.176,-90.579,-16.410,0.180
161.7834,-27.000,405.669,762.860,-86.792,-10.023,0.180
161.8817,-29.000,377.119,751.886,-97.216,-15.247,0.180
161.9788,-30.000,363.704,729.331,-94.347,-9.778,0.180
162.0781,-32.000,335.070,718.415,-104.964,-15.195,0.180
162.1775,-32.000,332.675,688.418,-92.968,-3.199,0.180
162.2864,-33.000,325.528,691.489,-99.611,-7.242,0.180
162.3820,-34.000,321.349,691.603,-103.062,-8.093,0.180
162.4807,-35.000,317.651,691.246,-105.841,-8.272,0.180
162.5776,-36.000,313.932,690.918,-108.479,-8.310,0.180
162.6847,-37.000,310.104,690.705,-111.087,-8.318,0.180
162.7829,-37.000,317.135,683.241,-104.520,-1.751,0.180
162.8795,-39.000,296.975,695.832,-121.474,-13.506,0.180
162.9773,-39.000,307.912,684.461,-110.812,-2.843,0.180
163.0853,-40.000,299.422,688.983,-117.736,-7.167,0.180
163.1840,-41.000,294.281,690.151,-121.246,-8.077,0.180
163.2816,-41.000,300.771,683.283,-114.869,-1.700,0.180
163.3783,-42.000,291.241,688.892,-122.695,-6.926,0.180
163.4764,-43.000,285.793,690.408,-126.395,-8.027,0.180
163.5851,-43.000,292.144,683.714,-120.058,-1.690,0.180
163.6831,-44.000,282.522,689.445,-127.893,-6.924,0.180
163.7815,-44.000,287.968,683.691,-122.426,-1.458,0.180
163.8822,-45.000,278.134,689.664,-130.444,-6.875,0.180
163.9822,-45.000,283.518,683.998,-125.016,-1.447,0.180
164.0832,-45.000,284.623,682.653,-123.873,-0.305,0.180
164.1804,-46.000,273.863,689.609,-132.801,-6.633,0.180
164.2773,-46.000,279.042,684.197,-127.565,-1.396,0.180
164.3757,-46.000,280.096,682.945,-126.463,-0.294,0.180
164.4842,-47.000,269.318,689.954,-135.399,-6.630,0.180
164.5822,-47.000,274.487,684.581,-130.164,-1.396,0.180
164.6823,-47.000,275.534,683.362,-129.062,-0.294,0.180
164.7813,-47.000,275.719,683.030,-128.830,-0.062,0.180
164.8772,-47.000,275.728,682.896,-128.782,-0.013,0.180
164.9766,-48.000,264.736,690.182,-137.940,-6.571,0.180
165.0846,-48.000,269.864,684.903,-132.752,-1.383,0.180
165.1845,-48.000,270.907,683.733,-131.660,-0.291,0.180
165.2835,-48.000,271.094,683.438,-131.430,-0.061,0.180
165.3805,-48.000,271.106,683.333,-131.382,-0.013,0.180
165.4779,-48.000,271.086,683.275,-131.371,-0.003,0.180
165.5849,-48.000,271.062,683.233,-131.369,-0.001,0.180
165.6828,-47.000,279.008,672.829,-122.200,6.568,0.180
165.7834,-47.000,274.284,678.466,-127.386,1.383,0.180
165.8802,-47.000,273.584,679.940,-128.478,0.291,0.180
165.9778,-47.000,273.687,680.496,-128.707,0.061,0.180
166.0749,-46.000,281.891,670.453,-119.587,6.581,0.180
166.1819,-46.000,277.416,676.364,-124.783,1.386,0.180
166.2824,-45.000,284.903,667.697,-116.709,6.860,0.180
166.3799,-45.000,280.488,674.110,-122.124,1.444,0.180
166.4779,-44.000,288.166,665.729,-114.096,6.872,0.180
166.5766,-44.000,283.944,672.355,-119.522,1.447,0.180
166.6860,-44.000,283.824,674.517,-120.664,0.305,0.180
166.7845,-43.000,292.421,665.256,-111.736,6.633,0.180
166.8831,-42.000,296.372,661.341,-107.804,7.965,0.180
166.9795,-41.000,299.569,658.775,-104.923,8.245,0.180
167.0785,-41.000,294.828,667.052,-111.433,1.736,0.180
167.1757,-40.000,302.929,659.556,-103.635,6.934,0.180
167.2836,-40.000,299.213,666.787,-109.109,1.460,0.180
167.3814,-39.000,307.523,659.064,-101.093,6.876,0.180
167.4786,-38.000,311.813,655.874,-97.353,8.016,0.180
167.5777,-38.000,307.452,664.169,-103.681,1.688,0.180
167.6746,-37.000,315.761,656.805,-95.845,6.924,0.180
167.7830,-36.000,320.165,653.803,-92.143,8.026,0.180
167.8811,-36.000,315.925,662.236,-98.479,1.690,0.180
167.9799,-35.000,324.341,654.983,-90.644,6.924,0.180
168.0804,-34.000,328.838,652.075,-86.942,8.026,0.180
168.1780,-33.000,332.645,650.218,-84.110,8.258,0.180
168.2744,-32.000,336.423,648.698,-81.462,8.307,0.180
168.3842,-31.000,340.293,647.348,-78.851,8.317,0.180
168.4833,-30.000,344.266,646.116,-76.249,8.319,0.180
168.5812,-28.000,356.300,634.612,-64.480,14.888,0.180
168.6811,-27.000,355.740,639.223,-67.066,9.703,0.180
168.7806,-25.000,367.238,629.368,-56.389,15.180,0.180
168.8787,-24.000,366.921,634.682,-59.205,9.764,0.180
168.9777,-23.000,370.804,635.645,-57.745,8.624,0.180
169.0746,-21.000,383.493,625.277,-46.216,14.952,0.180
169.1818,-19.000,391.512,620.429,-39.783,16.285,0.180
169.2803,-17.000,398.853,616.985,-34.391,16.565,0.180
169.3821,-15.000,406.290,614.060,-29.210,16.624,0.180
169.4803,-14.000,405.978,621.806,-33.238,10.068,0.180
169.5789,-12.000,418.564,613.740,-22.913,15.256,0.180
169.6763,-10.000,427.325,610.021,-16.672,16.349,0.180
169.7830,-8.000,435.456,607.375,-11.284,16.579,0.180
169.8809,-7.000,435.631,615.463,-15.240,10.059,0.180
169.9772,-5.000,448.613,607.705,-4.871,15.254,0.180
170.0753,-4.000,449.737,614.620,-7.766,9.780,0.180
170.1742,-3.000,454.886,616.905,-6.334,8.627,0.180
170.2818,-2.000,460.692,618.018,-3.987,8.385,0.180
170.3797,-0.000,474.450,608.341,7.730,14.902,0.180
170.4791,1.000,474.793,613.867,5.139,9.706,0.180
170.5790,2.000,478.504,614.544,6.655,8.612,0.180
170.6772,4.000,489.828,602.751,18.214,14.950,0.180
170.7755,5.000,488.220,606.359,15.606,9.716,0.180
170.8753,5.000,482.926,616.354,7.962,2.045,0.180
170.9834,6.000,490.709,608.966,15.547,6.999,0.180
171.0788,7.000,494.256,605.155,19.226,8.042,0.180
171.1750,7.000,489.332,612.856,12.914,1.693,0.180
171.2736,8.000,496.585,604.362,20.787,6.925,0.180
171.3819,8.000,492.132,610.760,15.362,1.458,0.180
171.4791,9.000,499.223,601.723,23.426,6.875,0.180
171.5749,9.000,494.515,607.776,18.045,1.447,0.180
171.6754,9.000,493.991,609.444,16.949,0.305,0.180
171.7744,8.000,483.910,618.098,7.582,-6.504,0.180
171.8833,8.000,489.979,613.814,12.758,-1.369,0.180
171.9800,8.000,491.861,613.451,13.881,-0.288,0.180
172.0787,8.000,492.776,613.827,14.150,-0.061,0.180
172.1778,8.000,493.414,614.286,14.239,-0.013,0.180
172.2743,7.000,483.558,622.674,5.117,-6.571,0.180
172.3818,7.000,489.659,618.327,10.342,-1.383,0.180
172.4813,7.000,491.532,617.943,11.470,-0.291,0.180
172.5775,6.000,482.058,626.283,2.563,-6.630,0.180
172.6780,6.000,488.341,622.036,7.828,-1.396,0.180
172.7754,6.000,490.340,621.769,8.961,-0.294,0.180
172.8732,5.000,480.965,630.215,0.051,-6.630,0.180
172.9817,5.000,487.331,626.059,5.311,-1.396,0.180
173.0791,5.000,489.398,625.871,6.439,-0.294,0.180
173.1763,5.000,490.455,626.412,6.697,-0.062,0.180
173.2743,5.000,491.208,627.015,6.772,-0.013,0.180
173.3830,4.000,481.448,635.530,-2.365,-6.571,0.180
173.4824,4.000,487.627,631.292,2.843,-1.383,0.180
173.5791,3.000,479.191,638.977,-5.217,-6.860,0.180
173.6782,3.000,485.803,634.727,0.214,-1.444,0.180
173.7750,2.000,477.589,642.549,-7.804,-6.872,0.180
173.8720,1.000,473.985,646.420,-11.542,-8.015,0.180
173.9808,1.000,481.931,641.700,-5.209,-1.687,0.180
174.0814,-0.000,474.267,649.708,-13.045,-6.924,0.180
174.1814,-0.000,481.378,645.888,-7.579,-1.458,0.180
174.2793,-1.000,472.954,653.509,-15.602,-6.875,0.180
174.3774,-1.000,479.536,649.246,-10.179,-1.447,0.180
174.4734,-2.000,470.685,656.467,-18.215,-6.873,0.180
174.5722,-2.000,476.908,651.858,-12.800,-1.447,0.180
174.6722,-2.000,478.726,651.413,-11.668,-0.305,0.180
174.7805,-3.000,468.566,659.140,-20.611,-6.633,0.180
174.8767,-3.000,474.252,654.385,-15.391,-1.396,0.180
174.9762,-3.000,475.735,653.694,-14.304,-0.294,0.180
175.0742,-3.000,476.288,653.814,-14.087,-0.062,0.180
175.1717,-3.000,476.608,654.067,-14.054,-0.013,0.180
175.2808,-3.000,476.845,654.315,-14.059,-0.003,0.180
175.3793,-3.000,477.039,654.535,-14.073,-0.001,0.180
175.4767,-4.000,466.226,662.100,-23.262,-6.569,0.180
175.5731,-4.000,471.510,657.054,-18.097,-1.383,0.180
175.6713,-4.000,472.682,656.085,-17.026,-0.291,0.180
175.7778,-5.000,462.004,663.336,-25.990,-6.630,0.180
175.8739,-5.000,467.255,658.171,-20.782,-1.396,0.180
175.9738,-6.000,457.394,664.505,-28.880,-6.862,0.180
176.0724,-6.000,462.782,659.120,-23.494,-1.445,0.180
176.1713,-6.000,463.892,658.012,-22.384,-0.304,0.180
176.2812,-6.000,464.102,657.804,-22.175,-0.064,0.180
176.3782,-7.000,453.149,665.159,-31.330,-6.582,0.180
176.4754,-7.000,458.279,659.970,-26.170,-1.386,0.180
176.5731,-7.000,459.312,658.887,-25.112,-0.292,0.180
176.6714,-7.000,459.484,658.672,-24.918,-0.061,0.180
176.7801,-8.000,448.505,666.016,-34.080,-6.581,0.180
176.8792,-8.000,453.614,660.816,-28.926,-1.386,0.180
176.9762,-8.000,454.627,659.726,-27.874,-0.292,0.180
177.0740,-8.000,454.783,659.504,-27.685,-0.061,0.180
177.1729,-7.000,462.736,649.096,-18.504,6.555,0.180
177.2713,-7.000,457.981,654.764,-23.716,1.380,0.180
177.3809,-7.000,457.243,656.278,-24.842,0.291,0.180
177.4802,-7.000,457.306,656.873,-25.108,0.061,0.180
177.5794,-7.000,457.502,657.238,-25.193,0.013,0.180
177.6781,-7.000,457.694,657.523,-25.239,0.003,0.180
177.7736,-7.000,457.858,657.764,-25.278,0.001,0.180
177.8721,-7.000,457.993,657.973,-25.315,0.000,0.180
177.9703,-7.000,458.103,658.156,-25.351,0.000,0.180
178.0799,-6.000,466.164,647.943,-16.214,6.568,0.180
178.1769,-6.000,461.533,653.745,-21.431,1.383,0.180
178.2746,-6.000,460.908,655.366,-22.554,0.291,0.180
178.3732,-6.000,461.070,656.050,-22.815,0.061,0.180
178.4712,-5.000,469.324,646.116,-13.721,6.581,0.180
178.5698,-5.000,464.888,652.124,-18.942,1.386,0.180
178.6792,-4.000,472.410,643.538,-10.889,6.860,0.180
178.7772,-4.000,468.021,650.022,-16.325,1.444,0.180
178.8726,-3.000,475.724,641.700,-8.313,6.872,0.180
178.9703,-3.000,471.519,648.378,-13.754,1.447,0.180
179.0781,-3.000,471.413,650.587,-14.912,0.305,0.180
179.1759,-2.000,480.024,641.364,-5.994,6.633,0.180
179.2740,-2.000,476.017,647.850,-11.241,1.396,0.180
179.3713,-2.000,475.958,650.016,-12.353,0.294,0.180
179.4693,-2.000,476.611,651.154,-12.596,0.062,0.180
179.5781,-2.000,477.313,651.975,-12.655,0.013,0.180
179.6757,-2.000,477.940,652.643,-12.676,0.003,0.180
179.7746,-2.000,478.477,653.205,-12.688,0.001,0.180
179.8737,-2.000,478.934,653.684,-12.699,0.000,0.180
179.9717,-1.000,487.295,643.718,-3.536,6.568,0.180
180.0696,-1.000,482.922,649.727,-8.727,1.383,0.180
180.1779,-1.000,482.520,651.519,-9.824,0.291,0.180
180.2752,-0.000,490.849,641.971,-0.885,6.630,0.180
180.3720,1.000,493.971,637.214,3.054,7.964,0.180
180.4692,2.000,495.867,633.327,5.946,8.245,0.180
180.5793,2.000,490.023,640.480,-0.553,1.736,0.180
180.6791,3.000,496.592,631.423,7.260,6.934,0.180
180.7759,3.000,491.576,637.324,1.802,1.460,0.180
180.8733,3.000,490.816,638.837,0.665,0.307,0.180
180.9705,3.000,490.909,639.384,0.438,0.065,0.180
181.0695,3.000,491.145,639.691,0.403,0.014,0.180
181.1792,3.000,491.381,639.917,0.407,0.003,0.180
181.2770,2.000,481.217,648.074,-8.753,-6.568,0.180
181.3751,1.000,476.686,651.499,-12.731,-7.951,0.180
181.4723,-0.000,473.624,654.220,-15.622,-8.242,0.180
181.5702,-1.000,470.513,656.442,-18.289,-8.304,0.180
181.6788,-2.000,467.212,658.387,-20.912,-8.317,0.180
181.7775,-2.000,474.691,652.756,-14.357,-1.751,0.180
181.8738,-3.000,465.875,659.543,-22.158,-6.937,0.180
181.9728,-3.000,471.973,654.719,-16.697,-1.460,0.180
182.0711,-3.000,473.652,654.124,-15.560,-0.307,0.180
182.1791,-3.000,474.340,654.357,-15.333,-0.065,0.180
182.2764,-3.000,474.767,654.713,-15.297,-0.014,0.180
182.3744,-3.000,475.095,655.051,-15.302,-0.003,0.180
182.4708,-3.000,475.364,655.347,-15.316,-0.001,0.180
182.5681,-3.000,475.590,655.602,-15.331,-0.000,0.180
182.6773,-3.000,475.778,655.822,-15.346,-0.000,0.180
182.7762,-3.000,475.937,656.011,-15.362,-0.000,0.180
182.8755,-3.000,476.069,656.175,-15.377,-0.000,0.180
182.9735,-3.000,476.179,656.316,-15.393,-0.000,0.180
183.0700,-2.000,484.243,646.064,-6.235,6.568,0.180
183.1778,-2.000,479.618,651.831,-11.431,1.383,0.180
183.2745,-1.000,486.975,643.045,-3.359,6.860,0.180
183.3722,-1.000,482.446,649.358,-8.780,1.444,0.180
183.4709,-1.000,482.059,651.261,-9.925,0.304,0.180
183.5696,-1.000,482.459,652.151,-10.171,0.064,0.180
183.6768,-0.000,490.925,642.381,-1.053,6.582,0.180
183.7735,-0.000,486.674,648.523,-6.249,1.386,0.180
183.8718,-0.000,486.384,650.421,-7.343,0.292,0.180
183.9690,-0.000,486.837,651.335,-7.573,0.061,0.180
184.0670,1.000,494.743,640.991,1.552,6.581,0.180
184.1761,1.000,490.016,646.645,-3.639,1.386,0.180
184.2732,1.000,489.322,648.128,-4.727,0.292,0.180
184.3711,-0.000,479.058,656.661,-14.126,-6.507,0.180
184.4698,-0.000,484.960,652.289,-8.989,-1.370,0.180
184.5677,-1.000,475.718,659.231,-17.081,-6.857,0.180
184.6758,-1.000,481.649,654.346,-11.673,-1.444,0.180
184.7728,-1.000,483.227,653.655,-10.539,-0.304,0.180
184.8691,-2.000,472.866,661.172,-19.477,-6.632,0.180
184.9681,-2.000,478.382,656.237,-14.252,-1.396,0.180
185.0677,-3.000,468.748,662.766,-22.333,-6.862,0.180
185.1769,-3.000,474.330,657.544,-16.931,-1.445,0.180
185.2743,-3.000,475.608,656.572,-15.806,-0.304,0.180
185.3726,-4.000,464.990,663.852,-24.755,-6.632,0.180
185.4708,-4.000,470.286,658.717,-19.540,-1.396,0.180
185.5709,-5.000,460.462,665.078,-27.632,-6.862,0.180
185.6720,-6.000,454.908,667.088,-31.414,-8.013,0.180
185.7703,-6.000,461.197,660.787,-25.119,-1.687,0.180
185.8771,-7.000,451.519,666.855,-32.992,-6.924,0.180
185.9759,-7.000,456.915,661.391,-27.563,-1.458,0.180
186.0709,-7.000,458.000,660.247,-26.448,-0.307,0.180
186.1709,-8.000,447.207,667.390,-35.416,-6.633,0.180
186.2684,-8.000,452.351,662.144,-30.221,-1.396,0.180
186.3683,-8.000,453.368,661.040,-29.160,-0.294,0.180
186.4701,-8.000,453.522,660.813,-28.970,-0.062,0.180
186.5691,-7.000,461.472,650.400,-19.789,6.555,0.180
186.6698,-7.000,456.713,656.065,-25.001,1.380,0.180
186.7683,-8.000,444.999,664.950,-35.300,-6.278,0.180
186.8681,-8.000,450.211,660.333,-30.385,-1.322,0.180
186.9758,-8.000,451.466,659.584,-29.384,-0.278,0.180
187.0744,-9.000,440.885,666.995,-38.379,-6.627,0.180
187.1748,-9.000,446.223,661.963,-33.194,-1.395,0.180
187.2739,-9.000,447.408,661.038,-32.140,-0.294,0.180
187.3700,-9.000,447.703,660.963,-31.954,-0.062,0.180
187.4671,-7.000,463.746,640.308,-13.605,13.124,0.180
187.5763,-7.000,454.388,651.745,-24.003,2.763,0.180
187.6668,-6.000,461.028,644.472,-17.047,7.150,0.180
187.7750,-5.000,464.557,641.006,-13.549,8.074,0.180
187.8721,-4.000,467.657,638.559,-10.775,8.268,0.180
187.9701,-4.000,462.886,646.885,-17.324,1.741,0.180
188.0674,-3.000,470.976,639.417,-9.545,6.935,0.180
188.1749,-2.000,475.223,636.298,-5.862,8.028,0.180
188.2741,-1.000,478.828,634.253,-3.037,8.259,0.180
188.3706,-1.000,474.466,642.941,-9.562,1.739,0.180
188.4685,-0.000,482.900,635.783,-1.766,6.934,0.180
188.5770,-0.000,479.468,643.300,-7.241,1.460,0.180
188.6728,-0.000,480.051,646.189,-8.393,0.307,0.180
188.7714,-0.000,481.284,647.907,-8.636,0.065,0.180
188.8699,-0.000,482.488,649.213,-8.687,0.014,0.180
188.9680,-1.000,472.569,657.663,-17.871,-6.566,0.180
189.0764,-1.000,478.624,653.361,-12.693,-1.382,0.180
189.1756,-0.000,488.428,642.647,-2.434,6.277,0.180
189.2758,-0.000,484.586,648.716,-7.389,1.322,0.180
189.3742,1.000,491.862,639.732,0.741,6.847,0.180
189.4748,2.000,494.610,634.932,4.514,8.010,0.180
189.5742,3.000,496.298,630.900,7.375,8.255,0.180
189.6752,4.000,497.675,626.931,10.047,8.306,0.180
189.7735,4.000,491.536,633.866,3.510,1.749,0.180
189.8695,5.000,497.889,624.591,11.324,6.937,0.180
189.9668,6.000,500.070,619.325,15.048,8.029,0.180
190.0740,6.000,493.952,625.822,8.740,1.690,0.180
190.1716,6.000,492.809,627.286,7.437,0.356,0.180
190.2704,5.000,482.322,635.646,-1.986,-6.494,0.180
190.3684,5.000,488.071,631.089,3.166,-1.367,0.180
190.4657,4.000,479.309,638.465,-4.902,-6.856,0.180
190.5661,4.000,485.654,633.942,0.532,-1.443,0.180
190.6747,3.000,477.214,641.529,-7.482,-6.872,0.180
190.7711,3.000,483.794,637.226,-2.041,-1.447,0.180
190.8695,3.000,485.919,637.035,-0.883,-0.305,0.180
190.9669,3.000,486.997,637.601,-0.627,-0.064,0.180
191.0750,3.000,487.762,638.234,-0.561,-0.013,0.180
191.1721,3.000,488.382,638.802,-0.534,-0.003,0.180
191.2712,3.000,488.905,639.289,-0.516,-0.001,0.180
191.3682,3.000,489.350,639.702,-0.500,-0.000,0.180
191.4682,4.000,497.104,629.078,8.689,6.568,0.180
191.5756,4.000,492.220,634.522,3.524,1.383,0.180
191.6750,4.000,491.387,635.831,2.453,0.291,0.180
191.7726,4.000,491.380,636.243,2.244,0.061,0.180
191.8708,5.000,498.898,625.469,11.390,6.581,0.180
191.9683,5.000,493.845,630.755,6.221,1.386,0.180
192.0658,5.000,492.876,631.921,5.153,0.292,0.180
192.1648,5.000,492.755,632.210,4.948,0.061,0.180
192.2736,5.000,492.804,632.304,4.926,0.013,0.180
192.3710,5.000,492.881,632.348,4.942,0.003,0.180
192.4709,5.000,492.956,632.376,4.966,0.001,0.180
192.5682,5.000,493.025,632.394,4.991,0.000,0.180
192.6645,5.000,493.089,632.406,5.017,0.000,0.180
192.7716,5.000,493.146,632.411,5.043,0.000,0.180
192.8697,5.000,493.199,632.412,5.069,0.000,0.180
192.9671,5.000,493.248,632.409,5.095,0.000,0.180
193.0655,6.000,500.667,621.429,14.295,6.568,0.180
193.1645,6.000,495.499,626.570,9.140,1.383,0.180
193.2736,6.000,494.427,627.619,8.080,0.291,0.180
193.3717,6.000,494.219,627.808,7.881,0.061,0.180
193.4695,6.000,494.193,627.817,7.864,0.013,0.180
193.5686,6.000,494.207,627.789,7.885,0.003,0.180
193.6668,6.000,494.231,627.754,7.914,0.001,0.180
193.7740,6.000,494.256,627.718,7.945,0.000,0.180
193.8719,5.000,483.909,635.656,-1.198,-6.568,0.180
193.9693,5.000,489.597,630.921,4.014,-1.383,0.180
194.0655,4.000,480.746,638.182,-4.042,-6.860,0.180
194.1677,4.000,487.007,633.570,1.394,-1.444,0.180
194.2653,4.000,488.868,633.109,2.555,-0.304,0.180
194.3636,3.000,479.351,641.417,-6.358,-6.632,0.180
194.4731,2.000,475.215,645.126,-10.280,-7.965,0.180
194.5722,2.000,482.831,640.145,-3.981,-1.677,0.180
194.6724,1.000,474.912,647.905,-11.821,-6.921,0.180
194.7707,-0.000,471.441,651.842,-15.525,-8.026,0.180
194.8711,-0.000,479.474,647.203,-9.189,-1.690,0.180
194.9705,-0.000,482.251,647.312,-7.855,-0.356,0.180
195.0684,-0.000,483.758,648.258,-7.574,-0.075,0.180
195.1664,-1.000,473.886,656.615,-16.689,-6.584,0.180
195.2645,-1.000,479.935,652.278,-11.496,-1.386,0.180
195.3726,-2.000,470.779,659.291,-19.580,-6.860,0.180
195.4687,-2.000,476.773,654.474,-14.175,-1.444,0.180
195.5697,-2.000,478.403,653.844,-13.045,-0.304,0.180
195.6687,-3.000,468.084,661.413,-21.989,-6.632,0.180
195.7658,-4.000,462.662,663.898,-25.942,-7.965,0.180
195.8635,-5.000,458.208,665.256,-28.849,-8.245,0.180
195.9632,-6.000,453.901,666.330,-31.539,-8.304,0.180
196.0692,-7.000,449.579,667.305,-34.188,-8.317,0.180
196.1680,-9.000,434.238,675.601,-46.006,-14.888,0.180
196.2648,-10.000,434.977,671.273,-43.473,-9.703,0.180
196.3734,-12.000,420.613,678.388,-54.212,-15.180,0.180
196.4735,-13.000,421.480,673.759,-51.464,-9.764,0.180
196.5715,-14.000,418.048,673.392,-52.997,-8.624,0.180
196.6713,-16.000,402.722,681.289,-64.608,-14.952,0.180
196.7702,-16.000,414.286,669.411,-52.887,-3.148,0.180
196.8699,-16.000,416.555,666.876,-50.485,-0.663,0.180
196.9684,-16.000,416.881,666.322,-50.045,-0.140,0.180
197.0653,-17.000,405.838,673.572,-59.192,-6.598,0.180
197.1634,-16.000,418.820,657.966,-44.898,5.179,0.180
197.2714,-16.000,415.032,662.523,-49.070,1.090,0.180
197.3695,-17.000,403.442,671.168,-59.187,-6.339,0.180
197.4672,-16.000,416.579,656.126,-45.098,5.234,0.180
197.5642,-17.000,402.081,668.406,-58.487,-5.467,0.180
197.6718,-16.000,414.839,654.362,-45.086,5.418,0.180
197.7695,-16.000,411.433,659.676,-49.446,1.141,0.180
197.8651,-16.000,411.260,661.470,-50.430,0.240,0.180
197.9729,-16.000,411.676,662.432,-50.702,0.051,0.180
198.0714,-16.000,412.139,663.141,-50.826,0.011,0.180
198.1666,-15.000,420.518,653.357,-41.744,6.571,0.180
198.2640,-15.000,416.156,659.525,-47.009,1.383,0.180
198.3664,-14.000,423.727,651.089,-39.005,6.860,0.180
198.4655,-14.000,419.371,657.710,-44.494,1.444,0.180
198.5632,-13.000,427.095,649.512,-36.533,6.872,0.180
198.6714,-13.000,422.900,656.303,-42.026,1.447,0.180
198.7693,-13.000,422.794,658.617,-43.236,0.305,0.180
198.8684,-13.000,423.423,659.863,-43.544,0.064,0.180
198.9667,-13.000,424.102,660.778,-43.662,0.014,0.180
199.0651,-14.000,413.728,668.908,-52.914,-6.566,0.180
199.1623,-13.000,427.358,653.970,-38.630,5.186,0.180
199.2713,-13.000,424.141,659.076,-42.792,1.092,0.180
199.3697,-14.000,413.040,668.181,-52.895,-6.339,0.180
199.4688,-15.000,407.650,671.276,-57.137,-7.903,0.180
199.5697,-15.000,414.335,665.639,-50.976,-1.664,0.180
199.6683,-15.000,416.016,664.849,-49.741,-0.350,0.180
199.7684,-15.000,416.594,665.030,-49.542,-0.074,0.180
199.8645,-15.000,416.896,665.371,-49.562,-0.016,0.180
199.9622,-15.000,417.104,665.711,-49.628,-0.003,0.180
200.0693,-16.000,406.287,673.392,-58.877,-6.569,0.180
200.1679,-15.000,419.532,658.084,-44.600,5.185,0.180
200.2638,-16.000,405.009,670.252,-57.946,-5.477,0.180
200.3620,-16.000,409.749,666.510,-53.705,-1.153,0.180
200.4693,-17.000,400.026,673.481,-62.052,-6.811,0.180
200.5687,-17.000,405.646,668.523,-56.763,-1.434,0.180
200.6684,-17.000,406.971,667.760,-55.719,-0.302,0.180
200.7671,-17.000,407.360,667.849,-55.569,-0.064,0.180
200.8665,-16.000,415.498,657.717,-46.434,6.555,0.180
200.9630,-16.000,410.892,663.628,-51.692,1.380,0.180
201.0705,-15.000,418.248,654.982,-43.691,6.859,0.180
201.1703,-15.000,413.707,661.426,-49.184,1.444,0.180
201.2675,-14.000,421.271,653.079,-41.229,6.872,0.180
201.3653,-13.000,424.914,649.372,-37.553,8.015,0.180
201.4653,-10.000,443.911,626.118,-16.428,21.393,0.180
201.5661,-9.000,437.636,635.377,-24.195,11.072,0.180
201.6664,-8.000,439.589,636.559,-23.810,8.899,0.180
201.7643,-7.000,443.328,636.086,-21.703,8.442,0.180
201.8617,-5.000,455.462,624.927,-10.057,14.914,0.180
201.9693,-4.000,455.050,629.769,-12.684,9.708,0.180
202.0683,-2.000,466.694,620.089,-2.022,15.181,0.180
202.1665,-1.000,466.507,625.546,-4.843,9.764,0.180
202.2635,-0.000,470.507,626.626,-3.384,8.624,0.180
202.3605,1.000,474.731,626.119,-1.019,8.384,0.180
202.4710,2.000,478.571,624.839,1.541,8.333,0.180
202.5702,3.000,481.964,623.022,4.146,8.323,0.180
202.6661,3.000,477.578,631.747,-2.409,1.752,0.180
202.7622,4.000,485.429,623.986,5.397,6.937,0.180
202.8602,5.000,488.884,620.006,9.115,8.029,0.180
202.9698,5.000,483.848,627.595,2.802,1.690,0.180
203.0691,5.000,483.625,629.989,1.494,0.356,0.180
203.1659,5.000,484.293,631.167,1.239,0.075,0.180
203.2621,6.000,492.418,621.011,10.379,6.584,0.180
203.3601,5.000,477.514,634.788,-3.961,-5.182,0.180
203.4692,5.000,482.652,631.692,0.156,-1.091,0.180
203.5639,5.000,484.408,631.672,1.043,-0.230,0.180
203.6616,4.000,474.979,640.176,-7.923,-6.617,0.180
203.7598,4.000,481.331,636.039,-2.678,-1.393,0.180
203.8692,5.000,490.766,624.886,7.616,6.275,0.180
203.9658,5.000,486.608,630.584,2.688,1.321,0.180
204.0657,5.000,486.245,632.255,1.671,0.278,0.180
204.1623,5.000,486.608,633.005,1.477,0.059,0.180
204.2608,6.000,494.434,622.524,10.631,6.581,0.180
204.3598,6.000,489.642,628.060,5.466,1.385,0.180
204.4701,5.000,478.522,637.412,-4.770,-6.277,0.180
204.5699,5.000,484.252,633.180,0.212,-1.321,0.180
204.6604,5.000,485.957,632.747,1.281,-0.278,0.180
204.7685,4.000,476.370,641.016,-7.647,-6.627,0.180
204.8667,4.000,482.563,636.703,-2.395,-1.395,0.180
204.9676,3.000,474.110,644.353,-10.446,-6.862,0.180
205.0677,2.000,470.329,648.053,-14.187,-8.013,0.180
205.1660,1.000,467.757,651.155,-17.024,-8.255,0.180
205.2645,1.000,476.005,646.358,-10.501,-1.738,0.180
205.3621,1.000,478.848,646.447,-9.124,-0.366,0.180
205.4609,-0.000,470.015,655.373,-18.003,-6.645,0.180
205.5613,-1.000,465.828,659.040,-21.930,-7.967,0.180
205.6612,-2.000,462.418,661.407,-24.819,-8.246,0.180
205.7616,-3.000,459.000,663.338,-27.493,-8.304,0.180
205.8606,-4.000,455.436,665.040,-30.127,-8.317,0.180
205.9677,-5.000,451.715,666.577,-32.755,-8.319,0.180
206.0683,-6.000,447.855,667.980,-35.387,-8.320,0.180
206.1647,-6.000,454.848,661.899,-28.850,-1.752,0.180
206.2625,-7.000,464.624,679.450,-43.939,-11.917,0.320
206.3595,-8.000,482.784,688.452,-48.881,-14.015,0.320
206.4592,-9.000,501.104,697.154,-52.165,-14.447,0.320
206.5672,-9.000,534.771,694.231,-40.749,-2.981,0.320
206.6642,-10.000,542.106,713.963,-52.794,-12.171,0.320
206.7606,-11.000,555.789,727.221,-57.552,-14.067,0.320
206.8589,-11.000,586.454,727.231,-46.449,-2.903,0.320
206.9668,-12.000,591.430,749.264,-58.568,-12.155,0.320
207.0643,-13.000,603.146,764.439,-63.350,-14.064,0.320
207.1631,-15.000,599.583,790.954,-80.984,-26.013,0.320
207.2602,-15.000,637.492,783.330,-60.422,-5.368,0.320
207.3687,-17.000,626.239,817.420,-84.969,-24.219,0.320
207.4665,-19.000,629.488,836.676,-94.565,-28.109,0.320
207.5641,-20.000,651.828,840.401,-86.612,-17.356,0.320
207.6623,-22.000,649.167,865.311,-101.549,-26.692,0.320
207.7610,-24.000,653.622,882.862,-109.075,-28.619,0.320
207.8586,-24.000,691.907,874.057,-86.362,-5.906,0.320
207.9648,-24.000,712.218,883.580,-81.675,-1.219,0.320
208.0620,-27.000,680.025,934.385,-123.774,-34.918,0.320
208.1595,-27.000,723.047,920.959,-96.062,-7.205,0.320
208.2686,-29.000,711.614,954.643,-119.054,-24.598,0.320
208.3663,-31.000,713.798,974.466,-128.243,-28.187,0.320
208.4640,-31.000,751.222,966.523,-105.873,-5.816,0.320
208.5620,-32.000,754.747,988.992,-115.612,-12.756,0.320
208.6594,-33.000,763.756,1006.012,-119.844,-14.188,0.320
208.7680,-34.000,773.883,1021.945,-122.939,-14.483,0.320
208.8668,-35.000,784.228,1037.685,-125.800,-14.544,0.320
208.9632,-36.000,794.608,1053.412,-128.613,-14.557,0.320
209.0607,-38.000,772.796,1065.679,-145.771,-26.115,0.320
209.1596,-39.000,776.290,1056.231,-139.401,-16.944,0.320
209.2670,-40.000,772.518,1054.103,-140.308,-15.052,0.320
209.3633,-40.000,783.529,1041.077,-128.362,-3.106,0.320
209.4621,-40.000,785.199,1037.693,-125.897,-0.641,0.320
209.5582,-40.000,785.032,1036.404,-125.389,-0.132,0.320
209.6673,-39.000,797.838,1020.200,-110.928,11.528,0.320
209.7676,-37.000,815.334,998.497,-91.366,25.490,0.320
209.8645,-34.000,836.174,973.599,-68.530,39.926,0.320
209.9629,-29.000,873.668,930.858,-28.440,66.017,0.320
210.0621,11.000,1348.410,361.774,493.450,475.845,0.320
210.1628,20.000,1102.601,612.834,244.995,202.190,0.320
210.2607,24.000,1007.622,723.915,141.949,87.944,0.320
210.3581,27.000,987.990,757.714,115.219,52.814,0.320
210.4659,30.000,993.914,761.312,116.370,45.565,0.320
210.5637,32.000,991.180,773.460,108.919,32.513,0.320
210.6596,35.000,1009.692,757.430,126.181,41.376,0.320
210.7580,36.000,994.852,779.539,107.699,20.093,0.320
210.8600,38.000,1008.372,767.519,120.463,27.257,0.320
210.9600,39.000,1002.817,776.507,113.185,17.180,0.320
211.0605,39.000,992.146,793.097,99.550,3.545,0.320
211.1571,40.000,1004.288,782.147,111.092,12.287,0.320
211.2577,41.000,1008.981,777.626,115.696,14.091,0.320
211.3569,41.000,999.374,790.380,104.513,2.908,0.320
211.4568,41.000,998.406,794.023,102.205,0.600,0.320
211.5568,42.000,1011.504,779.358,116.085,11.679,0.320
211.6656,42.000,1003.071,789.460,106.815,2.410,0.320
211.7648,41.000,986.433,805.356,90.547,-11.058,0.320
211.8630,41.000,996.395,797.763,99.323,-2.282,0.320
211.9613,40.000,983.779,810.233,86.779,-12.026,0.320
212.0592,39.000,979.327,815.401,81.968,-14.037,0.320
212.1572,38.000,976.837,819.339,78.753,-14.452,0.320
212.2658,37.000,974.988,823.260,75.868,-14.538,0.320
212.3639,37.000,988.907,814.102,87.405,-3.000,0.320
212.4613,35.000,962.440,840.295,61.075,-23.730,0.320
212.5584,34.000,968.722,837.620,65.553,-16.452,0.320
212.6668,32.000,953.942,854.147,49.899,-26.506,0.320
212.7657,31.000,963.285,850.128,56.580,-17.025,0.320
212.8646,29.000,949.689,866.930,41.381,-26.624,0.320
212.9650,28.000,959.747,863.437,48.156,-17.049,0.320
213.0619,26.000,946.697,880.747,32.976,-26.629,0.320
213.1609,25.000,957.207,877.699,39.755,-17.050,0.320
213.2581,24.000,959.974,882.113,38.931,-15.074,0.320
213.3556,22.000,945.619,901.253,22.184,-26.222,0.320
213.4648,21.000,956.028,898.751,28.639,-16.966,0.320
213.5630,20.000,958.918,903.422,27.749,-15.057,0.320
213.6622,19.000,960.252,909.354,25.449,-14.662,0.320
213.7597,18.000,961.143,915.481,22.831,-14.581,0.320
213.8580,17.000,961.857,921.571,20.143,-14.564,0.320
213.9659,16.000,962.462,927.589,17.436,-14.561,0.320
214.0646,15.000,962.982,933.540,14.721,-14.560,0.320
214.1614,13.000,947.989,952.712,-2.362,-26.116,0.320
214.2592,12.000,958.123,949.970,4.077,-16.944,0.320
214.3583,11.000,960.839,954.378,3.231,-15.052,0.320
214.4648,10.000,961.933,960.179,0.877,-14.662,0.320
