time_s,error_mm,left_rpm,right_rpm,pid_output,d_term,target_speed_ms
0.0003,-5.000,-157.425,187.108,-172.266,-158.261,0.320
0.0532,-5.000,-17.873,75.508,-46.691,-32.657,0.320
0.1507,-5.000,22.285,63.886,-20.800,-6.739,0.320
0.2495,-4.000,55.401,57.639,-1.119,10.165,0.320
0.3466,-4.000,62.618,81.036,-9.209,2.098,0.320
0.4543,-5.000,60.048,110.562,-25.257,-11.123,0.320
0.5508,-5.000,84.191,117.106,-16.458,-2.295,0.320
0.6477,-5.000,101.414,130.742,-14.664,-0.474,0.320
0.7440,-5.000,117.264,145.897,-14.316,-0.098,0.320
0.8513,-5.000,132.878,161.411,-14.267,-0.020,0.320
0.9469,-5.000,148.483,177.041,-14.279,-0.004,0.320
1.0547,-5.000,164.120,192.727,-14.303,-0.001,0.320
1.1517,-5.000,179.793,208.454,-14.331,-0.000,0.320
1.2495,-5.000,195.497,224.214,-14.358,-0.000,0.320
1.3486,-5.000,211.229,240.002,-14.386,-0.000,0.320
1.4457,-6.000,210.703,268.254,-28.776,-11.556,0.320
1.5536,-6.000,235.511,274.788,-19.638,-2.384,0.320
1.6527,-6.000,253.078,288.636,-17.779,-0.492,0.320
1.7504,-6.000,269.174,304.018,-17.422,-0.102,0.320
1.8507,-7.000,268.705,332.178,-31.737,-11.577,0.320
1.9479,-7.000,293.509,338.685,-22.588,-2.389,0.320
2.0449,-7.000,311.061,352.523,-20.731,-0.493,0.320
2.1523,-8.000,310.859,380.340,-34.740,-11.657,0.320
2.2507,-8.000,335.690,386.757,-25.533,-2.405,0.320
2.3480,-8.000,353.222,400.561,-23.669,-0.496,0.320
2.4435,-8.000,369.276,415.917,-23.320,-0.102,0.320
2.5433,-8.000,385.049,431.617,-23.284,-0.021,0.320
2.6451,-8.000,400.785,447.408,-23.312,-0.004,0.320
2.7463,-8.000,416.530,463.235,-23.353,-0.001,0.320
2.8451,-8.000,432.291,479.085,-23.397,-0.000,0.320
2.9532,-7.000,461.350,479.511,-9.080,11.556,0.320
3.0501,-7.000,468.558,505.139,-18.291,2.384,0.320
3.1481,-6.000,496.250,507.972,-5.861,12.048,0.320
3.2443,-5.000,516.796,518.987,-1.095,14.042,0.320
3.3428,-4.000,536.206,532.019,2.094,14.453,0.320
3.4513,-4.000,542.388,561.187,-9.399,2.982,0.320
3.5492,-3.000,570.691,565.546,2.573,12.171,0.320
3.6460,-3.000,578.784,592.991,-7.104,2.511,0.320
3.7429,-2.000,607.546,597.051,5.247,12.074,0.320
3.8489,-1.000,629.070,609.040,10.015,14.047,0.320
3.9450,-1.000,636.046,638.324,-1.139,2.899,0.320
4.0512,-0.000,664.819,642.987,10.916,12.154,0.320
4.1486,1.000,685.712,654.449,15.631,14.063,0.320
4.2474,1.000,692.195,683.244,4.476,2.902,0.320
4.3454,2.000,719.718,686.640,16.539,12.154,0.320
4.4426,3.000,739.553,697.022,21.265,14.064,0.320
4.5509,3.000,745.137,724.897,10.120,2.902,0.320
4.6478,3.000,759.458,743.790,7.834,0.599,0.320
4.7458,4.000,787.944,744.471,21.737,11.679,0.320
4.8439,4.000,794.981,770.001,12.490,2.410,0.320
4.9422,4.000,809.319,788.120,10.600,0.497,0.320
5.0512,5.000,837.569,788.392,24.589,11.658,0.320
5.1488,5.000,844.354,813.626,15.364,2.406,0.320
5.2469,4.000,843.027,844.784,-0.878,-11.059,0.320
5.3462,4.000,868.392,852.549,7.921,-2.282,0.320
5.4435,4.000,886.693,867.184,9.755,-0.471,0.320
5.5414,4.000,903.474,883.173,10.151,-0.097,0.320
5.6511,3.000,904.447,912.669,-4.111,-11.576,0.320
5.7501,2.000,915.047,933.583,-9.268,-13.944,0.320
5.8489,2.000,943.405,939.785,1.810,-2.877,0.320
5.9467,2.000,962.776,954.566,4.105,-0.594,0.320
6.0447,1.000,964.719,984.267,-9.774,-11.678,0.320
6.1516,1.000,991.328,992.329,-0.500,-2.410,0.320
6.2502,1.000,1010.369,1007.533,1.418,-0.497,0.320
6.3478,1.000,1011.796,1008.159,1.818,-0.103,0.320
6.4457,-0.000,997.314,1022.226,-12.456,-11.577,0.320
6.5437,-0.000,1007.825,1014.361,-3.268,-2.389,0.320
6.6429,-1.000,994.565,1026.031,-15.733,-12.048,0.320
6.7413,-1.000,1004.946,1017.299,-6.177,-2.486,0.320
6.8485,-1.000,1007.614,1016.032,-4.209,-0.513,0.320
6.9463,-1.000,1008.611,1016.226,-3.807,-0.106,0.320
7.0437,-1.000,1009.195,1016.653,-3.729,-0.022,0.320
7.1411,-1.000,1009.637,1017.072,-3.717,-0.005,0.320
7.2489,-2.000,993.720,1029.881,-18.080,-11.556,0.320
7.3466,-2.000,1003.059,1020.899,-8.920,-2.385,0.320
7.4442,-2.000,1005.093,1019.170,-7.038,-0.492,0.320
7.5409,-2.000,1005.601,1018.919,-6.659,-0.102,0.320
7.6502,-2.000,1005.780,1018.960,-6.590,-0.021,0.320
7.7473,-2.000,1005.879,1019.048,-6.584,-0.004,0.320
7.8449,-2.000,1005.951,1019.135,-6.592,-0.001,0.320
7.9423,-2.000,1006.008,1019.213,-6.603,-0.000,0.320
8.0496,-2.000,1006.054,1019.281,-6.614,-0.000,0.320
8.1476,-2.000,1006.092,1019.341,-6.625,-0.000,0.320
8.2458,-2.000,1006.122,1019.394,-6.636,-0.000,0.320
8.3441,-2.000,1006.146,1019.440,-6.647,-0.000,0.320
8.4412,-2.000,1006.165,1019.481,-6.658,-0.000,0.320
8.5499,-2.000,1006.179,1019.518,-6.670,-0.000,0.320
8.6478,-2.000,1006.189,1019.551,-6.681,-0.000,0.320
8.7470,-2.000,1006.196,1019.580,-6.692,-0.000,0.320
8.8462,-2.000,1006.201,1019.607,-6.703,-0.000,0.320
8.9445,-2.000,1006.203,1019.632,-6.714,-0.000,0.320
9.0432,-2.000,1006.203,1019.654,-6.726,-0.000,0.320
9.1422,-2.000,1006.201,1019.675,-6.737,-0.000,0.320
9.2495,-2.000,1006.198,1019.694,-6.748,-0.000,0.320
9.3470,-3.000,989.913,1032.154,-21.120,-11.556,0.320
9.4426,-3.000,998.941,1022.873,-11.966,-2.384,0.320
9.5507,-3.000,1000.709,1020.890,-10.090,-0.492,0.320
9.6495,-4.000,984.711,1032.867,-24.078,-11.657,0.320
9.7493,-4.000,993.731,1023.428,-14.849,-2.405,0.320
9.8478,-4.000,995.439,1021.363,-12.962,-0.496,0.320
9.9447,-4.000,995.660,1020.840,-12.590,-0.102,0.320
10.0407,-5.000,979.309,1033.094,-26.893,-11.577,0.320
10.1501,-5.000,988.227,1023.693,-17.733,-2.389,0.320
10.2487,-5.000,989.890,1021.620,-15.865,-0.493,0.320
10.3470,-5.000,990.079,1021.082,-15.502,-0.102,0.320
10.4455,-5.000,989.983,1020.881,-15.449,-0.021,0.320
10.5426,-5.000,989.846,1020.767,-15.460,-0.004,0.320
10.6399,-5.000,989.714,1020.684,-15.485,-0.001,0.320
10.7483,-5.000,989.596,1020.620,-15.512,-0.000,0.320
10.8470,-5.000,989.491,1020.571,-15.540,-0.000,0.320
10.9438,-5.000,989.397,1020.533,-15.568,-0.000,0.320
11.0442,-5.000,989.313,1020.505,-15.596,-0.000,0.320
11.1422,-6.000,972.957,1032.927,-29.985,-11.556,0.320
11.2404,-6.000,981.922,1023.617,-20.848,-2.384,0.320
11.3480,-6.000,983.634,1021.612,-18.989,-0.492,0.320
11.4489,-6.000,983.866,1021.130,-18.632,-0.102,0.320
11.5452,-6.000,983.807,1020.977,-18.585,-0.021,0.320
11.6430,-6.000,983.700,1020.904,-18.602,-0.004,0.320
11.7409,-6.000,983.594,1020.858,-18.632,-0.001,0.320
11.8502,-7.000,967.215,1033.267,-33.026,-11.556,0.320
11.9487,-7.000,976.160,1023.948,-23.894,-2.385,0.320
12.0457,-7.000,977.854,1021.935,-22.041,-0.492,0.320
12.1440,-7.000,978.070,1021.449,-21.690,-0.102,0.320
12.2419,-7.000,977.996,1021.292,-21.648,-0.021,0.320
12.3471,-7.000,977.876,1021.217,-21.671,-0.004,0.320
12.4451,-7.000,977.757,1021.170,-21.706,-0.001,0.320
12.5424,-6.000,990.929,1005.697,-7.384,11.555,0.320
12.6423,-6.000,982.246,1015.423,-16.588,2.384,0.320
12.7390,-5.000,994.045,1002.352,-4.153,12.048,0.320
12.8474,-4.000,998.696,997.459,0.618,14.042,0.320
12.9462,-4.000,988.927,1010.023,-10.548,2.897,0.320
13.0425,-3.000,1001.073,998.091,1.491,12.153,0.320
13.1423,-2.000,1006.284,993.904,6.190,14.063,0.320
13.2415,-1.000,1010.327,991.570,9.378,14.458,0.320
13.3410,-0.000,1014.355,989.836,12.260,14.539,0.320
13.4398,1.000,1017.732,987.568,15.082,14.556,0.320
13.5471,1.000,1008.157,1001.086,3.536,3.004,0.320
13.6385,2.000,1019.895,988.858,15.519,12.175,0.320
13.7475,3.000,1023.977,983.521,20.228,14.068,0.320
13.8444,3.000,1013.795,995.636,9.080,2.903,0.320
13.9423,4.000,1024.771,982.463,21.154,12.155,0.320
14.0395,4.000,1015.713,992.654,11.530,2.508,0.320
14.1474,5.000,1026.668,978.822,23.923,12.073,0.320
14.2455,5.000,1017.391,988.653,14.369,2.491,0.320
14.3441,6.000,1028.118,974.557,26.781,12.070,0.320
14.4425,6.000,1018.641,984.170,17.235,2.491,0.320
14.5404,6.000,1016.756,986.172,15.292,0.514,0.320
14.6479,6.000,1016.431,986.595,14.918,0.106,0.320
14.7467,5.000,1000.981,999.969,0.506,-11.534,0.320
14.8451,5.000,1010.781,991.405,9.688,-2.380,0.320
14.9423,5.000,1013.223,990.013,11.605,-0.491,0.320
15.0415,5.000,1014.087,990.041,12.023,-0.101,0.320
15.1400,5.000,1014.574,990.312,12.131,-0.021,0.320
15.2479,4.000,999.500,1003.871,-2.185,-11.560,0.320
15.3463,4.000,1009.553,995.530,7.011,-2.385,0.320
15.4434,3.000,996.755,1007.623,-5.434,-12.048,0.320
15.5417,3.000,1007.534,999.245,4.144,-2.486,0.320
15.6376,3.000,1010.544,998.276,6.134,-0.513,0.320
15.7487,2.000,996.394,1012.001,-7.803,-11.661,0.320
15.8467,2.000,1006.980,1004.053,1.463,-2.406,0.320
15.9455,1.000,994.581,1016.535,-10.977,-12.052,0.320
16.0427,1.000,1005.687,1008.499,-1.406,-2.487,0.320
16.1417,1.000,1008.971,1007.825,0.573,-0.513,0.320
16.2417,-0.000,995.052,1021.802,-13.375,-11.661,0.320
16.3411,-0.000,1005.832,1014.072,-4.120,-2.406,0.320
16.4379,-1.000,992.757,1025.899,-16.571,-12.052,0.320
16.5455,-1.000,968.161,1020.844,-6.739,-2.537,0.180
16.6431,-1.000,938.819,1020.207,-4.741,-0.534,0.180
16.7436,-2.000,899.546,1025.623,-13.498,-6.681,0.180
16.8406,-2.000,878.296,1016.321,-8.234,-1.407,0.180
16.9385,-1.000,862.757,998.716,2.040,6.272,0.180
17.0476,-1.000,835.282,996.243,-2.918,1.320,0.180
17.1442,-0.000,820.992,977.903,5.208,6.846,0.180
17.2433,1.000,803.331,962.454,8.977,8.010,0.180
17.3395,1.000,778.221,957.646,2.659,1.686,0.180
17.4377,2.000,766.220,935.842,10.506,6.923,0.180
17.5455,3.000,750.690,917.262,14.224,8.026,0.180
17.6412,4.000,734.806,898.779,17.077,8.258,0.180
17.7383,4.000,711.805,890.793,10.579,1.739,0.180
17.8447,5.000,701.724,866.161,18.400,6.934,0.180
17.9426,5.000,680.481,856.123,12.952,1.460,0.180
18.0446,6.000,671.227,830.413,20.999,6.876,0.180
18.1428,7.000,657.922,808.625,24.776,8.016,0.180
18.2408,8.000,643.907,787.435,27.657,8.256,0.180
18.3374,9.000,629.867,766.177,30.355,8.307,0.180
18.4458,10.000,615.926,744.739,33.017,8.317,0.180
18.5430,11.000,602.097,723.122,35.677,8.319,0.180
18.6392,12.000,588.368,701.347,38.339,8.320,0.180
18.7372,13.000,574.727,679.436,41.007,8.320,0.180
18.8459,13.000,553.787,668.381,34.506,1.752,0.180
18.9436,14.000,545.496,641.102,42.365,6.937,0.180
19.0410,14.000,525.789,628.800,36.961,1.460,0.180
19.1396,15.000,517.849,601.157,45.054,6.876,0.180
19.2374,16.000,505.667,577.719,48.878,8.016,0.180
19.3400,16.000,500.846,582.320,42.632,1.688,0.180
19.4384,17.000,508.181,571.198,50.557,6.924,0.180
19.5464,18.000,511.175,564.384,54.353,8.026,0.180
19.6418,18.000,505.752,569.561,48.110,1.690,0.180
19.7419,18.000,505.208,569.896,46.870,0.356,0.180
19.8406,19.000,512.986,558.340,55.856,6.643,0.180
19.9405,19.000,508.313,562.801,50.710,1.399,0.180
20.0398,20.000,514.979,552.355,58.774,6.863,0.180
20.1373,20.000,509.873,557.249,53.356,1.445,0.180
20.2438,21.000,516.365,546.976,61.384,6.873,0.180
20.3391,21.000,511.135,551.992,55.958,1.447,0.180
20.4377,21.000,510.159,552.787,54.816,0.305,0.180
20.5357,21.000,510.059,552.732,54.576,0.064,0.180
20.6423,22.000,517.497,541.563,63.694,6.582,0.180
20.7400,21.000,502.004,554.484,49.329,-5.183,0.180
20.8356,21.000,506.637,550.666,53.420,-1.091,0.180
20.9454,21.000,507.958,550.037,54.282,-0.230,0.180
21.0449,21.000,508.531,550.053,54.463,-0.048,0.180
21.1418,21.000,508.901,550.182,54.501,-0.010,0.180
21.2395,21.000,509.192,550.317,54.509,-0.002,0.180
21.3377,20.000,499.065,558.405,45.343,-6.569,0.180
21.4356,20.000,504.935,553.802,50.529,-1.383,0.180
21.5433,19.000,496.339,561.075,42.551,-6.860,0.180
21.6424,18.000,492.453,564.436,38.891,-8.013,0.180
21.7413,18.000,500.181,559.262,45.311,-1.687,0.180
21.8403,17.000,492.344,566.870,37.562,-6.924,0.180
21.9392,16.000,488.950,570.669,33.943,-8.026,0.180
22.0387,16.000,497.061,565.903,40.363,-1.690,0.180
22.1370,15.000,489.542,573.865,32.606,-6.924,0.180
22.2457,13.000,476.042,585.942,19.803,-14.595,0.180
22.3421,12.000,479.664,584.709,22.219,-9.641,0.180
22.4425,11.000,479.490,587.515,20.720,-8.598,0.180
22.5406,10.000,478.588,591.253,18.391,-8.379,0.180
22.6381,8.000,467.221,603.232,6.710,-14.901,0.180
22.7365,6.000,461.545,610.628,0.169,-16.274,0.180
22.8359,5.000,467.786,609.448,3.874,-9.994,0.180
22.9436,3.000,458.611,621.126,-6.557,-15.241,0.180
23.0408,2.000,464.352,621.111,-3.683,-9.777,0.180
23.1371,-1.000,444.298,640.634,-23.474,-21.764,0.180
23.2390,-3.000,443.804,642.476,-24.645,-17.719,0.180
23.3381,-5.000,439.404,646.820,-29.019,-16.867,0.180
23.4357,-7.000,433.726,651.253,-34.077,-16.688,0.180
23.5350,-9.000,427.389,655.330,-39.286,-16.650,0.180
23.6428,-11.000,420.581,659.018,-44.535,-16.642,0.180
23.7408,-13.000,413.390,662.356,-49.801,-16.640,0.180
23.8372,-15.000,405.876,665.396,-55.078,-16.640,0.180
23.9372,-17.000,398.087,668.182,-60.367,-16.640,0.180
24.0342,-19.000,390.063,670.753,-65.666,-16.640,0.180
24.1348,-21.000,381.946,673.035,-70.866,-16.640,0.180
24.2434,-22.000,384.635,667.786,-66.897,-10.072,0.180
24.3444,-24.000,371.062,674.984,-77.283,-15.257,0.180
24.4448,-25.000,372.429,670.597,-74.406,-9.780,0.180
24.5445,-27.000,358.431,677.829,-85.021,-15.196,0.180
24.6433,-27.000,370.552,665.956,-73.025,-3.199,0.180
24.7414,-29.000,351.247,678.273,-88.836,-13.810,0.180
24.8405,-30.000,351.211,674.768,-87.101,-9.476,0.180
24.9390,-31.000,347.719,674.650,-88.789,-8.563,0.180
25.0386,-32.000,343.478,675.224,-91.197,-8.371,0.180
25.1360,-33.000,339.059,675.925,-93.756,-8.331,0.180
25.2439,-34.000,334.588,676.636,-96.348,-8.322,0.180
25.3423,-35.000,330.092,677.336,-98.946,-8.320,0.180
25.4408,-37.000,314.610,685.391,-110.714,-14.889,0.180
25.5370,-38.000,315.240,680.849,-108.128,-9.703,0.180
25.6355,-39.000,311.769,680.394,-109.637,-8.611,0.180
25.7362,-40.000,307.430,680.796,-112.007,-8.381,0.180
25.8453,-41.000,302.905,681.374,-114.559,-8.333,0.180
25.9434,-42.000,298.338,681.987,-117.148,-8.323,0.180
26.0416,-43.000,293.760,682.604,-119.746,-8.321,0.180
26.1383,-44.000,289.177,683.220,-122.346,-8.320,0.180
26.2378,-45.000,284.591,683.834,-124.946,-8.320,0.180
26.3363,-46.000,280.003,684.445,-127.546,-8.320,0.180
26.4354,-47.000,275.413,685.056,-130.146,-8.320,0.180
26.5340,-47.000,281.790,678.296,-123.577,-1.752,0.180
26.6430,-48.000,272.042,684.119,-131.363,-6.937,0.180
26.7410,-49.000,266.382,685.842,-135.054,-8.029,0.180
26.8380,-49.000,272.547,679.330,-128.716,-1.690,0.180
26.9350,-50.000,262.766,685.217,-136.550,-6.924,0.180
27.0336,-50.000,268.078,679.596,-131.083,-1.458,0.180
27.1422,-51.000,258.128,685.681,-139.101,-6.875,0.180
27.2394,-51.000,263.414,680.112,-133.673,-1.447,0.180
27.3358,-51.000,264.436,678.848,-132.530,-0.305,0.180
27.4340,-52.000,253.606,685.873,-141.458,-6.633,0.180
27.5420,-61.000,160.009,746.836,-218.738,-60.512,0.180
27.6384,-62.000,196.444,706.062,-180.133,-19.308,0.180
27.7342,-63.000,200.374,697.843,-174.059,-10.633,0.180
27.8440,-64.000,197.478,696.494,-174.833,-8.807,0.180
27.9428,-65.000,193.158,696.606,-177.048,-8.423,0.180
28.0405,-65.000,199.519,689.668,-170.399,-1.773,0.180
28.1401,-67.000,178.737,702.759,-187.336,-13.510,0.180
28.2379,-67.000,189.134,691.825,-176.670,-2.844,0.180
28.3363,-68.000,180.183,696.720,-183.593,-7.167,0.180
28.4340,-68.000,185.617,690.838,-177.934,-1.509,0.180
28.5424,-69.000,175.650,696.824,-185.912,-6.886,0.180
28.6396,-69.000,180.894,691.196,-180.475,-1.450,0.180
28.7365,-70.000,170.907,697.257,-188.499,-6.874,0.180
28.8372,-70.000,176.165,691.662,-183.073,-1.447,0.180
28.9355,-70.000,177.165,690.376,-181.930,-0.305,0.180
29.0339,-70.000,177.283,690.014,-181.690,-0.064,0.180
29.1400,-70.000,177.230,689.860,-181.639,-0.014,0.180
29.2372,-69.000,185.121,679.393,-172.460,6.566,0.180
29.3357,-69.000,180.343,684.981,-177.643,1.382,0.180
29.4327,-68.000,187.565,676.048,-169.566,6.859,0.180
29.5405,-68.000,182.922,682.236,-174.982,1.444,0.180
29.6382,-67.000,190.407,673.665,-166.953,6.872,0.180
29.7334,-67.000,186.020,680.129,-172.379,1.447,0.180
29.8407,-66.000,193.729,671.785,-164.353,6.873,0.180
29.9374,-65.000,197.501,668.073,-160.610,8.015,0.180
30.0351,-64.000,200.668,665.558,-157.770,8.256,0.180
30.1361,-62.000,211.863,653.116,-145.951,14.875,0.180
30.2338,-61.000,210.559,656.961,-148.526,9.700,0.180
30.3321,-54.000,261.260,594.620,-92.005,48.021,0.180
30.4394,-54.000,228.901,638.084,-129.916,10.110,0.180
30.5379,-54.000,225.640,650.785,-137.897,2.128,0.180
30.6353,-54.000,227.971,656.477,-139.578,0.448,0.180
30.7338,-54.000,231.028,660.241,-139.931,0.094,0.180
30.8423,-53.000,241.820,652.846,-130.837,6.588,0.180
30.9403,-53.000,239.563,660.991,-136.039,1.387,0.180
31.0400,-53.000,240.970,664.588,-137.134,0.292,0.180
31.1366,-53.000,242.866,666.946,-137.364,0.061,0.180
31.2358,-53.000,244.626,668.802,-137.413,0.013,0.180
31.3328,-52.000,254.120,659.980,-128.254,6.571,0.180
31.4317,-52.000,250.719,666.954,-133.442,1.383,0.180
31.5406,-52.000,251.145,669.565,-134.534,0.291,0.180
31.6385,-52.000,252.206,671.085,-134.764,0.061,0.180
31.7388,-51.000,261.222,661.862,-125.644,6.581,0.180
31.8376,-51.000,257.439,668.470,-130.840,1.386,0.180
31.9377,-51.000,257.546,670.765,-131.934,0.292,0.180
32.0355,-51.000,258.336,672.015,-132.164,0.061,0.180
32.1345,-51.000,259.155,672.931,-132.213,0.013,0.180
32.2337,-50.000,267.850,663.310,-123.054,6.571,0.180
32.3413,-50.000,263.769,669.605,-128.242,1.383,0.180
32.4390,-50.000,263.618,671.638,-129.334,0.291,0.180
32.5390,-49.000,272.156,662.299,-120.396,6.630,0.180
32.6343,-49.000,268.082,668.692,-125.630,1.396,0.180
32.7317,-48.000,275.934,660.412,-117.563,6.862,0.180
32.8409,-48.000,271.834,667.147,-122.981,1.445,0.180
32.9377,-47.000,279.782,659.039,-114.953,6.873,0.180
33.0364,-47.000,275.789,665.897,-120.379,1.447,0.180
33.1335,-45.000,291.800,647.520,-103.184,13.441,0.180
33.2312,-45.000,283.183,660.126,-113.796,2.830,0.180
33.3416,-43.000,298.582,643.319,-97.693,13.733,0.180
33.4393,-42.000,298.110,646.193,-99.366,9.459,0.180
33.5382,-40.000,309.100,635.445,-88.497,15.128,0.180
33.6373,-39.000,308.228,640.123,-91.272,9.753,0.180
33.7347,-38.000,311.613,640.572,-89.804,8.622,0.180
33.8322,-36.000,323.873,629.772,-78.274,14.952,0.180
33.9314,-35.000,323.658,634.828,-80.909,9.716,0.180
34.0393,-33.000,335.481,625.319,-70.243,15.182,0.180
34.1382,-31.000,343.416,620.552,-63.892,16.333,0.180
34.2360,-30.000,342.836,627.424,-67.619,10.007,0.180
34.3345,-29.000,347.078,629.130,-66.350,8.675,0.180
34.4316,-28.000,352.226,629.639,-64.031,8.395,0.180
34.5394,-26.000,365.439,619.433,-52.321,14.904,0.180
34.6356,-25.000,365.920,625.110,-54.919,9.706,0.180
34.7342,-23.000,378.310,616.152,-44.245,15.180,0.180
34.8320,-22.000,378.753,622.227,-47.061,9.764,0.180
34.9299,-20.000,391.252,613.469,-36.433,15.192,0.180
35.0395,-18.000,399.691,609.410,-30.184,16.335,0.180
35.1369,-16.000,407.509,606.513,-24.827,16.576,0.180
35.2334,-14.000,415.379,604.028,-19.649,16.626,0.180
35.3322,-12.000,423.416,601.768,-14.500,16.637,0.180
35.4313,-10.000,431.621,599.672,-9.350,16.639,0.180
35.5323,-8.000,439.976,597.710,-4.191,16.640,0.180
35.6315,-5.000,456.436,585.485,10.151,23.208,0.180
35.7303,-4.000,452.361,599.759,0.976,11.454,0.180
35.8373,-2.000,465.079,593.911,10.260,15.548,0.180
35.9367,1.000,482.034,580.395,25.495,22.979,0.180
36.0331,2.000,477.234,593.518,16.533,11.406,0.180
36.1317,3.000,480.650,596.576,16.712,8.970,0.180
36.2396,5.000,492.584,585.947,27.994,15.025,0.180
36.3375,5.000,484.302,601.337,16.158,3.163,0.180
36.4342,6.000,492.225,595.855,22.860,7.234,0.180
36.5321,7.000,496.456,593.099,26.354,8.091,0.180
36.6388,7.000,492.231,601.578,20.002,1.703,0.180
36.7364,7.000,492.731,604.695,18.694,0.359,0.180
36.8362,7.000,494.021,606.478,18.447,0.075,0.180
36.9346,7.000,495.304,607.808,18.424,0.016,0.180
37.0314,7.000,496.438,608.894,18.448,0.003,0.180
37.1304,8.000,504.790,598.831,27.655,6.569,0.180
37.2386,9.000,507.791,593.774,31.684,7.951,0.180
37.3374,9.000,502.187,600.631,25.454,1.674,0.180
37.4364,9.000,501.444,602.438,24.179,0.352,0.180
37.5348,10.000,509.039,592.148,33.121,6.643,0.180
37.6329,10.000,504.202,597.695,27.929,1.398,0.180
37.7308,10.000,503.451,599.049,26.877,0.294,0.180
37.8408,11.000,510.901,588.512,35.870,6.630,0.180
37.9387,11.000,505.911,593.877,30.693,1.396,0.180
38.0354,10.000,494.652,603.055,20.474,-6.275,0.180
38.1301,11.000,507.647,587.691,34.653,5.247,0.180
38.2388,10.000,493.681,600.244,21.394,-5.464,0.180
38.3398,10.000,498.946,596.778,25.760,-1.150,0.180
38.4394,9.000,490.297,604.556,17.546,-6.811,0.180
38.5382,10.000,504.224,589.288,32.143,5.135,0.180
38.6367,10.000,501.153,594.220,28.142,1.081,0.180
38.7349,11.000,508.516,584.839,36.514,6.796,0.180
38.8324,11.000,503.850,590.789,31.206,1.431,0.180
38.9309,14.000,525.444,559.486,57.654,20.006,0.180
39.0279,15.000,517.470,564.608,51.106,10.780,0.180
39.1372,16.000,516.699,562.355,51.847,8.838,0.180
39.2328,17.000,517.393,558.491,54.127,8.429,0.180
39.3299,18.000,518.353,554.236,56.734,8.343,0.180
39.4385,18.000,511.959,560.828,50.241,1.756,0.180
39.5361,18.000,510.751,562.206,48.948,0.370,0.180
39.6329,18.000,510.625,562.476,48.750,0.078,0.180
39.7308,19.000,518.092,551.532,57.956,6.585,0.180
39.8286,17.000,492.267,572.601,34.509,-11.751,0.180
39.9364,15.000,481.863,580.161,25.527,-15.611,0.180
40.0326,12.000,464.937,593.472,10.408,-22.992,0.180
40.1284,9.000,454.993,602.142,1.101,-24.546,0.180
40.2360,1.000,395.387,650.465,-52.863,-57.715,0.180
40.3357,-2.000,415.841,634.821,-34.815,-31.856,0.180
40.4339,-2.000,447.524,616.226,-9.676,-6.706,0.180
40.5299,3.000,496.438,562.836,41.477,31.430,0.180
40.6289,4.000,484.613,582.259,25.853,13.185,0.180
40.7285,10.000,523.194,531.534,70.506,42.186,0.180
40.8367,13.000,515.901,535.705,64.773,28.587,0.180
40.9344,14.000,503.947,550.406,51.446,12.587,0.180
41.0308,16.000,511.498,540.990,59.929,15.787,0.180
41.1298,18.000,516.072,533.630,65.897,16.460,0.180
41.2284,19.000,512.360,537.374,62.169,10.034,0.180
41.3378,19.000,506.051,546.710,54.346,2.112,0.180
41.4384,19.000,505.769,549.565,52.778,0.445,0.180
41.5267,19.000,506.611,550.911,52.525,0.094,0.180
41.6352,18.000,497.191,559.790,43.376,-6.549,0.180
41.7327,18.000,503.725,555.796,48.640,-1.379,0.180
41.8322,18.000,505.987,555.694,49.822,-0.290,0.180
41.9298,17.000,496.854,564.262,40.971,-6.630,0.180
42.0276,17.000,503.436,560.200,46.294,-1.396,0.180
42.1364,17.000,505.697,560.081,47.484,-0.294,0.180
42.2361,17.000,506.928,560.671,47.804,-0.062,0.180
42.3357,17.000,507.839,561.307,47.941,-0.013,0.180
42.4340,17.000,508.596,561.867,48.040,-0.003,0.180
42.5317,17.000,509.245,562.335,48.131,-0.001,0.180
42.6319,17.000,509.809,562.721,48.219,-0.000,0.180
42.7282,17.000,510.302,563.037,48.308,-0.000,0.180
42.8275,17.000,510.733,563.292,48.396,-0.000,0.180
42.9361,16.000,500.740,571.469,39.311,-6.568,0.180
43.0351,16.000,506.737,566.928,44.580,-1.383,0.180
43.1355,14.000,487.783,582.319,27.408,-13.428,0.180
43.2342,13.000,489.570,581.105,28.908,-9.395,0.180
43.3325,12.000,488.424,583.337,27.219,-8.546,0.180
43.4303,10.000,476.448,594.436,15.682,-14.936,0.180
43.5293,9.000,480.546,593.194,18.352,-9.713,0.180
43.6266,7.000,470.227,604.139,7.719,-15.182,0.180
43.7342,5.000,464.767,611.331,1.394,-16.333,0.180
43.8335,3.000,460.677,618.094,-4.033,-16.575,0.180
43.9315,2.000,467.541,617.102,-0.105,-10.058,0.180
44.0284,1.000,469.114,621.120,-1.328,-8.686,0.180
44.1257,-0.000,469.479,626.108,-3.639,-8.397,0.180
44.2331,-1.000,468.909,630.627,-6.183,-8.336,0.180
44.3298,-1.000,478.664,627.229,0.393,-1.755,0.180
44.4277,-2.000,471.772,635.925,-7.401,-6.938,0.180
44.5351,-2.000,479.505,632.724,-1.934,-1.461,0.180
44.6325,-3.000,471.601,640.882,-9.965,-6.876,0.180
44.7298,-4.000,467.648,644.450,-13.726,-8.016,0.180
44.8261,-4.000,475.292,639.479,-7.418,-1.688,0.180
44.9323,-5.000,466.766,646.677,-15.280,-6.924,0.180
45.0305,-7.000,451.194,656.920,-28.187,-14.594,0.180
45.1288,-8.000,452.441,653.543,-25.875,-9.641,0.180
45.2264,-9.000,449.632,653.942,-27.479,-8.598,0.180
45.3352,-10.000,445.875,655.050,-29.912,-8.379,0.180
45.4337,-11.000,441.839,656.235,-32.523,-8.332,0.180
45.5324,-12.000,437.674,657.376,-35.175,-8.323,0.180
45.6320,-13.000,433.424,658.457,-37.841,-8.321,0.180
45.7297,-15.000,418.130,666.855,-49.687,-14.889,0.180
45.8276,-15.000,429.876,655.249,-38.011,-3.134,0.180
45.9255,-17.000,410.385,667.659,-53.962,-13.797,0.180
46.0342,-18.000,410.206,664.219,-52.331,-9.473,0.180
46.1312,-19.000,406.579,664.170,-54.120,-8.563,0.180
46.2281,-20.000,402.308,664.716,-56.528,-8.371,0.180
46.3249,-21.000,397.865,665.392,-59.088,-8.331,0.180
46.4330,-21.000,404.342,658.715,-52.511,-1.754,0.180
46.5312,-22.000,394.672,664.613,-60.295,-6.938,0.180
46.6322,-23.000,389.078,666.402,-63.986,-8.029,0.180
46.7295,-24.000,384.331,667.314,-66.816,-8.259,0.180
46.8303,-24.000,390.722,660.665,-60.296,-1.739,0.180
46.9290,-25.000,381.016,666.550,-68.092,-6.934,0.180
47.0249,-25.000,386.367,660.952,-62.617,-1.460,0.180
47.1327,-26.000,376.446,667.063,-70.633,-6.876,0.180
47.2304,-26.000,381.754,661.515,-65.205,-1.448,0.180
47.3287,-27.000,371.827,667.639,-73.230,-6.873,0.180
47.4258,-28.000,366.169,669.465,-76.973,-8.015,0.180
47.5334,-28.000,372.368,663.008,-70.645,-1.687,0.180
47.6301,-29.000,362.622,668.935,-78.481,-6.924,0.180
47.7267,-30.000,356.997,670.714,-82.183,-8.026,0.180
47.8250,-31.000,352.230,671.612,-85.015,-8.258,0.180
47.9337,-32.000,347.637,672.316,-87.664,-8.307,0.180
48.0323,-33.000,343.074,672.974,-90.274,-8.317,0.180
48.1296,-33.000,349.480,666.248,-83.708,-1.751,0.180
48.2246,-34.000,339.758,672.098,-91.494,-6.937,0.180
48.3316,-34.000,345.089,666.476,-86.018,-1.460,0.180
48.4284,-35.000,335.150,672.568,-94.033,-6.876,0.180
48.5252,-35.000,340.444,667.004,-88.605,-1.448,0.180
48.6325,-35.000,341.472,665.747,-87.462,-0.305,0.180
48.7300,-36.000,330.646,672.777,-96.390,-6.633,0.180
48.8283,-36.000,335.769,667.428,-91.154,-1.396,0.180
48.9251,-36.000,336.776,666.229,-90.051,-0.294,0.180
49.0239,-36.000,336.926,665.915,-89.819,-0.062,0.180
49.1237,-37.000,325.937,673.166,-98.939,-6.581,0.180
49.2329,-36.000,339.013,657.512,-84.574,5.183,0.180
49.3308,-36.000,335.325,662.008,-88.666,1.091,0.180
49.4295,-36.000,334.808,663.214,-89.527,0.230,0.180
49.5266,-36.000,334.918,663.687,-89.709,0.048,0.180
49.6243,-36.000,335.128,663.974,-89.747,0.010,0.180
49.7329,-35.000,343.300,653.824,-80.587,6.571,0.180
49.8309,-35.000,338.772,659.671,-85.774,1.383,0.180
49.9269,-34.000,346.209,650.955,-77.698,6.860,0.180
50.0259,-34.000,341.750,657.327,-83.113,1.444,0.180
50.1236,-34.000,341.423,659.280,-84.253,0.304,0.180
50.2336,-33.000,349.842,649.843,-75.325,6.632,0.180
50.3303,-33.000,345.673,656.146,-80.561,1.396,0.180
50.4290,-33.000,345.478,658.156,-81.663,0.294,0.180
50.5265,-33.000,346.017,659.159,-81.895,0.062,0.180
50.6248,-32.000,354.592,649.495,-72.776,6.581,0.180
50.7231,-32.000,350.434,655.728,-77.972,1.386,0.180
50.8329,-32.000,350.221,657.704,-79.066,0.292,0.180
50.9338,-32.000,350.741,658.683,-79.296,0.061,0.180
51.0302,-31.000,359.297,649.000,-70.176,6.581,0.180
51.1267,-30.000,363.091,644.849,-66.203,7.954,0.180
51.2335,-29.000,366.129,642.108,-63.314,8.243,0.180
51.3319,-29.000,361.247,650.242,-69.822,1.735,0.180
51.4307,-28.000,369.228,642.626,-62.023,6.934,0.180
51.5297,-27.000,373.377,639.386,-58.329,8.028,0.180
51.6278,-26.000,376.894,637.242,-55.499,8.259,0.180
51.7264,-24.000,388.394,625.109,-43.682,14.875,0.180
51.8274,-23.000,387.350,629.215,-46.257,9.700,0.180
51.9243,-21.000,398.430,618.938,-35.578,15.179,0.180
52.0308,-19.000,405.626,613.624,-29.324,16.332,0.180
52.1274,-17.000,412.380,609.670,-23.969,16.575,0.180
52.2248,-16.000,411.370,616.660,-27.970,10.058,0.180
52.3317,-14.000,423.335,607.978,-17.646,15.254,0.180
52.4304,-13.000,423.588,614.115,-20.588,9.780,0.180
52.5299,-10.000,443.936,594.999,-0.856,21.764,0.180
52.6288,-10.000,431.726,617.257,-18.090,4.582,0.180
52.7250,-9.000,440.300,614.823,-12.586,7.533,0.180
52.8246,-7.000,454.363,604.179,-0.232,14.723,0.180
52.9228,-8.000,436.183,627.665,-21.066,-3.469,0.180
53.0312,-6.000,458.582,607.976,-0.021,12.407,0.180
53.1306,-6.000,452.908,621.954,-9.847,2.612,0.180
53.2277,-5.000,462.318,617.203,-2.767,7.118,0.180
53.3288,-4.000,468.125,615.954,0.761,8.067,0.180
53.4287,-3.000,473.147,615.408,3.545,8.267,0.180
53.5259,-2.000,477.981,614.978,6.177,8.309,0.180
53.6239,-0.000,490.730,604.173,17.954,14.886,0.180
53.7323,1.000,490.177,608.778,15.376,9.702,0.180
53.8288,3.000,500.492,597.707,26.068,15.179,0.180
53.9247,3.000,491.203,612.354,14.100,3.196,0.180
54.0240,5.000,505.720,595.191,29.940,13.810,0.180
54.1247,5.000,496.719,607.943,19.064,2.907,0.180
54.2231,7.000,510.791,589.859,35.142,13.749,0.180
54.3313,7.000,501.268,601.972,24.324,2.895,0.180
54.4312,8.000,507.494,594.348,31.249,7.178,0.180
54.5274,9.000,510.148,589.905,34.797,8.080,0.180
54.6250,10.000,511.930,586.003,37.639,8.269,0.180
54.7226,11.000,513.426,582.104,40.336,8.309,0.180
54.8311,13.000,522.149,567.139,52.181,14.886,0.180
54.9291,14.000,518.185,568.197,49.670,9.702,0.180
55.0267,15.000,518.237,565.076,51.256,8.611,0.180
55.1260,15.000,511.712,571.991,44.536,1.813,0.180
55.2255,16.000,517.898,562.537,52.356,6.950,0.180
55.3240,15.000,502.232,576.025,37.779,-5.105,0.180
55.4311,15.000,506.915,572.491,41.888,-1.075,0.180
55.5304,14.000,497.956,580.026,33.641,-6.795,0.180
55.6264,13.000,493.915,583.458,29.904,-7.999,0.180
55.7223,13.000,501.538,578.316,36.286,-1.684,0.180
55.8301,13.000,503.990,577.974,37.683,-0.355,0.180
55.9293,12.000,494.860,586.497,28.857,-6.643,0.180
56.0264,12.000,501.409,582.432,34.164,-1.399,0.180
56.1244,12.000,503.631,582.321,35.331,-0.294,0.180
56.2235,12.000,504.823,582.923,35.626,-0.062,0.180
56.3218,12.000,505.697,583.575,35.737,-0.013,0.180
56.4296,12.000,506.419,584.150,35.810,-0.003,0.180
56.5275,12.000,507.034,584.637,35.874,-0.001,0.180
56.6244,11.000,497.192,593.016,26.763,-6.569,0.180
56.7235,11.000,503.313,588.651,32.006,-1.383,0.180
56.8218,11.000,505.208,588.249,33.155,-0.291,0.180
56.9291,11.000,506.130,588.596,33.442,-0.061,0.180
57.0268,10.000,496.401,597.004,24.374,-6.581,0.180
57.1226,10.000,502.587,592.694,29.622,-1.386,0.180
57.2208,10.000,504.531,592.346,30.768,-0.292,0.180
57.3297,10.000,505.491,592.742,31.050,-0.061,0.180
57.4262,9.000,495.794,601.191,21.977,-6.581,0.180
57.5269,8.000,491.633,604.892,18.046,-7.954,0.180
57.6254,7.000,488.885,607.849,15.193,-8.243,0.180
57.7251,6.000,486.644,610.867,12.564,-8.304,0.180
57.8269,4.000,474.314,622.058,0.803,-14.885,0.180
57.9264,3.000,478.228,620.775,3.402,-9.702,0.180
58.0253,2.000,478.148,623.692,1.903,-8.611,0.180
58.1237,1.000,477.289,627.563,-0.462,-8.381,0.180
58.2238,-0.000,476.317,631.695,-3.013,-8.333,0.180
58.3211,-2.000,463.791,642.706,-14.782,-14.891,0.180
58.4197,-3.000,466.920,640.690,-12.210,-9.703,0.180
58.5244,-5.000,454.590,649.766,-22.912,-15.180,0.180
58.6230,-6.000,457.192,646.798,-20.128,-9.764,0.180
58.7222,-8.000,444.266,655.213,-30.798,-15.192,0.180
58.8216,-9.000,446.328,651.717,-28.019,-9.767,0.180
58.9297,-10.000,443.909,652.317,-29.529,-8.625,0.180
59.0246,-12.000,429.445,661.034,-41.119,-14.953,0.180
59.1217,-12.000,441.745,649.850,-29.377,-3.148,0.180
59.2207,-13.000,433.668,655.275,-36.128,-7.231,0.180
59.3294,-14.000,428.709,657.380,-39.660,-8.091,0.180
59.4272,-14.000,435.311,651.352,-33.345,-1.703,0.180
59.5255,-15.000,425.853,657.698,-41.247,-6.927,0.180
59.6227,-15.000,431.421,652.485,-35.856,-1.458,0.180
59.7199,-15.000,432.645,651.562,-34.783,-0.307,0.180
59.8194,-15.000,432.938,651.526,-34.619,-0.065,0.180
59.9292,-14.000,440.993,641.288,-25.472,6.555,0.180
60.0277,-13.000,444.292,636.735,-21.546,7.948,0.180
60.1247,-13.000,438.916,644.044,-27.889,1.673,0.180
60.2220,-12.000,446.323,635.881,-20.104,6.921,0.180
60.3212,-12.000,441.975,642.586,-25.630,1.457,0.180
60.4187,-11.000,449.738,634.426,-17.669,6.875,0.180
60.5258,-10.000,453.558,630.869,-13.980,8.016,0.180
60.6241,-9.000,456.763,628.488,-11.187,8.256,0.180
60.7228,-9.000,452.048,636.902,-17.752,1.738,0.180
60.8212,-8.000,460.175,629.520,-9.997,6.934,0.180
60.9203,-7.000,464.449,626.479,-6.339,8.028,0.180
61.0289,-7.000,460.099,634.878,-12.714,1.690,0.180
61.1254,-7.000,460.449,637.969,-14.085,0.356,0.180
61.2242,-7.000,461.594,639.749,-14.402,0.075,0.180
61.3238,-6.000,470.715,630.714,-5.324,6.584,0.180
61.4223,-7.000,456.049,644.853,-19.727,-5.182,0.180
61.5225,-7.000,461.380,642.074,-15.672,-1.091,0.180
61.6202,-8.000,452.316,649.708,-24.021,-6.798,0.180
61.7190,-8.000,458.533,645.274,-18.695,-1.431,0.180
61.8262,-9.000,449.406,652.318,-26.781,-6.870,0.180
61.9261,-9.000,455.397,647.556,-21.404,-1.446,0.180
62.0236,-10.000,446.041,654.357,-29.482,-6.873,0.180
62.1223,-11.000,440.855,656.770,-33.282,-8.015,0.180
62.2189,-11.000,447.447,650.821,-27.011,-1.687,0.180
62.3287,-11.000,448.996,649.820,-25.736,-0.355,0.180
62.4261,-11.000,449.452,649.829,-25.513,-0.075,0.180
62.5283,-12.000,438.678,657.399,-34.685,-6.584,0.180
62.6291,-12.000,443.951,652.401,-29.549,-1.386,0.180
62.7270,-12.000,445.101,651.487,-28.517,-0.292,0.180
62.8243,-12.000,445.368,651.418,-28.349,-0.061,0.180
62.9216,-13.000,434.465,658.891,-37.537,-6.581,0.180
63.0208,-13.000,439.636,653.804,-32.409,-1.386,0.180
63.1186,-13.000,440.698,652.814,-31.382,-0.292,0.180
63.2179,-13.000,440.891,652.682,-31.220,-0.061,0.180
63.3179,-13.000,440.897,652.726,-31.239,-0.013,0.180
63.4275,-14.000,429.888,660.179,-40.470,-6.571,0.180
63.5259,-14.000,434.992,655.053,-35.355,-1.383,0.180
63.6227,-14.000,436.002,654.024,-34.336,-0.291,0.180
63.7213,-15.000,425.177,661.232,-43.352,-6.630,0.180
63.8215,-15.000,430.296,656.039,-38.196,-1.396,0.180
63.9191,-15.000,431.289,654.984,-37.172,-0.294,0.180
64.0184,-15.000,431.416,654.803,-37.018,-0.062,0.180
64.1265,-15.000,431.364,654.810,-37.047,-0.013,0.180
64.2239,-15.000,431.277,654.858,-37.115,-0.003,0.180
64.3199,-15.000,431.185,654.918,-37.191,-0.001,0.180
64.4184,-15.000,431.093,654.981,-37.269,-0.000,0.180
64.5272,-16.000,420.030,662.421,-46.520,-6.568,0.180
64.6172,-16.000,425.092,657.279,-41.418,-1.383,0.180
64.7279,-15.000,434.040,645.862,-31.236,6.277,0.180
64.8258,-15.000,429.458,651.347,-36.269,1.322,0.180
64.9229,-15.000,428.720,652.852,-37.391,0.278,0.180
65.0210,-15.000,428.748,653.475,-37.688,0.059,0.180
65.1189,-15.000,428.901,653.877,-37.812,0.012,0.180
65.2284,-15.000,429.048,654.200,-37.900,0.003,0.180
65.3277,-15.000,429.168,654.480,-37.980,0.001,0.180
65.4241,-14.000,437.234,644.355,-28.885,6.569,0.180
65.5205,-14.000,432.600,650.238,-34.144,1.383,0.180
65.6180,-14.000,431.966,651.933,-35.308,0.291,0.180
65.7268,-14.000,432.115,652.687,-35.611,0.061,0.180
65.8255,-14.000,432.377,653.192,-35.732,0.013,0.180
65.9237,-13.000,440.594,643.228,-26.641,6.571,0.180
66.0228,-13.000,436.096,649.240,-31.897,1.383,0.180
66.1205,-13.000,435.579,651.043,-33.056,0.291,0.180
66.2215,-13.000,435.829,651.888,-33.354,0.061,0.180
66.3175,-13.000,436.178,652.469,-33.470,0.013,0.180
66.4270,-12.000,444.469,642.568,-24.374,6.571,0.180
66.5259,-12.000,440.035,648.634,-29.624,1.383,0.180
66.6244,-12.000,439.574,650.482,-30.779,0.291,0.180
66.7233,-12.000,439.871,651.364,-31.071,0.061,0.180
66.8203,-12.000,440.261,651.976,-31.182,0.013,0.180
66.9181,-12.000,440.615,652.475,-31.254,0.003,0.180
67.0266,-11.000,448.886,642.528,-22.145,6.569,0.180
67.1238,-10.000,452.404,638.185,-18.215,7.951,0.180
67.2224,-10.000,447.224,645.664,-24.544,1.674,0.180
67.3209,-10.000,446.828,648.015,-25.918,0.352,0.180
67.4205,-9.000,455.302,638.802,-17.075,6.643,0.180
67.5204,-9.000,451.197,645.279,-22.366,1.398,0.180
67.6188,-8.000,459.027,637.064,-14.343,6.863,0.180
67.7167,-8.000,454.905,643.861,-19.802,1.445,0.180
67.8237,-7.000,462.832,635.806,-11.811,6.873,0.180
67.9228,-7.000,458.816,642.714,-17.273,1.447,0.180
68.0206,-6.000,466.840,634.748,-9.278,6.873,0.180
68.1186,-6.000,462.908,641.730,-14.735,1.447,0.180
68.2158,-5.000,471.004,633.825,-6.735,6.873,0.180
68.3214,-5.000,467.133,640.859,-12.187,1.447,0.180
68.4186,-4.000,475.283,632.998,-4.182,6.873,0.180
68.5162,-4.000,471.458,640.068,-9.629,1.447,0.180
68.6253,-3.000,479.648,632.236,-1.619,6.873,0.180
68.7243,-3.000,475.859,639.331,-7.060,1.447,0.180
68.8210,-2.000,484.079,631.519,0.955,6.873,0.180
68.9202,-1.000,519.990,628.147,9.395,12.974,0.320
69.0193,-1.000,536.925,646.645,-0.907,2.677,0.320
69.1175,-0.000,573.615,642.687,11.324,12.108,0.320
69.2253,-0.000,588.683,663.216,1.714,2.498,0.320
69.3220,1.000,622.505,660.587,14.093,12.071,0.320
69.4206,1.000,635.044,682.336,4.518,2.491,0.320
69.5174,2.000,666.698,680.761,16.908,12.070,0.320
69.6244,2.000,677.392,703.409,7.340,2.491,0.320
69.7237,2.000,695.037,718.880,5.375,0.514,0.320
69.8222,1.000,698.255,746.425,-9.383,-11.450,0.320
69.9215,1.000,726.514,752.088,-0.291,-2.363,0.320
70.0196,-0.000,731.633,778.419,-12.771,-12.043,0.320
70.1196,-1.000,743.756,796.962,-17.574,-14.041,0.320
70.2188,-2.000,756.888,813.832,-20.798,-14.453,0.320
70.3261,-3.000,769.855,830.300,-23.699,-14.538,0.320
70.4236,-4.000,782.471,846.639,-26.539,-14.555,0.320
70.5207,-6.000,778.463,875.354,-43.732,-26.115,0.320
70.6181,-7.000,799.469,882.283,-37.401,-16.944,0.320
70.7157,-9.000,796.676,908.916,-52.715,-26.608,0.320
70.8144,-10.000,817.491,915.298,-46.009,-17.046,0.320
70.9214,-12.000,814.282,941.720,-61.259,-26.629,0.320
71.0193,-14.000,818.408,960.420,-68.915,-28.606,0.320
71.1178,-15.000,840.154,965.011,-60.651,-17.458,0.320
71.2167,-16.000,852.992,978.494,-61.240,-15.158,0.320
71.3154,-17.000,863.951,993.842,-63.661,-14.683,0.320
71.4176,-17.000,890.770,997.159,-52.103,-3.030,0.320
71.5177,-17.000,908.438,1009.881,-49.793,-0.625,0.320
71.6160,-18.000,908.001,1037.085,-63.753,-11.685,0.320
71.7147,-19.000,900.358,1039.582,-68.942,-13.967,0.320
71.8233,-20.000,894.581,1040.146,-72.213,-14.438,0.320
71.9215,-21.000,889.134,1040.322,-75.110,-14.535,0.320
72.0178,-21.000,900.001,1027.974,-63.574,-2.999,0.320
72.1169,-22.000,885.539,1037.338,-75.550,-12.174,0.320
72.2189,-23.000,878.311,1039.392,-80.243,-14.068,0.320
72.3167,-24.000,872.546,1039.919,-83.434,-14.458,0.320
72.4154,-24.000,883.333,1027.680,-71.959,-2.983,0.320
72.5237,-25.000,868.840,1037.099,-83.946,-12.171,0.320
72.6222,-25.000,877.871,1026.755,-74.287,-2.512,0.320
72.7182,-26.000,863.054,1036.616,-86.649,-12.074,0.320
72.8157,-26.000,872.050,1026.407,-77.067,-2.491,0.320
72.9234,-28.000,840.977,1048.769,-103.800,-23.625,0.320
73.0204,-29.000,842.764,1041.738,-99.406,-16.431,0.320
73.1182,-29.000,855.088,1027.957,-86.366,-3.390,0.320
73.2166,-30.000,840.894,1037.072,-98.030,-12.255,0.320
73.3159,-31.000,833.695,1039.114,-102.660,-14.084,0.320
73.4133,-31.000,844.189,1027.236,-91.482,-2.906,0.320
73.5196,-31.000,845.914,1024.335,-89.175,-0.600,0.320
73.6168,-31.000,845.895,1023.354,-88.699,-0.124,0.320
73.7139,-32.000,829.298,1035.262,-102.956,-11.581,0.320
73.8166,-32.000,838.000,1025.574,-93.765,-2.390,0.320
73.9150,-32.000,839.481,1023.255,-91.868,-0.493,0.320
74.0231,-32.000,839.518,1022.504,-91.477,-0.102,0.320
74.1219,-33.000,823.023,1034.554,-105.752,-11.577,0.320
74.2218,-34.000,815.548,1037.410,-110.920,-13.944,0.320
74.3189,-35.000,809.878,1038.314,-114.208,-14.433,0.320
74.4170,-35.000,820.809,1026.332,-102.753,-2.978,0.320
74.5150,-37.000,790.176,1048.392,-129.101,-23.726,0.320
74.6202,-37.000,808.363,1028.917,-110.271,-4.896,0.320
74.7216,-39.000,779.151,1049.355,-135.097,-24.121,0.320
74.8204,-39.000,797.567,1029.481,-115.953,-4.977,0.320
74.9181,-39.000,800.898,1024.910,-112.002,-1.027,0.320
75.0151,-39.000,801.187,1023.568,-111.187,-0.212,0.320
75.1230,-38.000,814.184,1007.516,-96.663,11.512,0.320
75.2198,-36.000,831.800,985.982,-77.089,25.487,0.320
75.3189,-31.000,879.286,930.367,-25.538,63.037,0.320
75.4194,-20.000,979.333,814.649,82.344,140.119,0.320
75.5170,-12.000,984.105,812.277,85.915,121.358,0.320
75.6155,-4.000,1006.992,798.151,104.422,117.487,0.320
75.7133,3.000,1019.898,796.532,111.684,105.132,0.320
75.8237,7.000,1001.538,830.125,85.707,67.916,0.320
75.9214,12.000,1022.355,815.056,103.651,71.792,0.320
76.0183,14.000,1000.270,849.347,75.462,37.925,0.320
76.1152,17.000,1015.760,838.712,88.525,42.493,0.320
76.2149,19.000,1013.577,846.342,83.618,31.879,0.320
76.3180,21.000,1018.462,844.407,87.028,29.689,0.320
76.4159,22.000,1011.588,855.948,77.820,17.682,0.320
76.5135,23.000,1013.474,857.190,78.143,15.204,0.320
76.6219,25.000,1029.108,839.534,94.787,26.248,0.320
76.7182,25.000,1010.416,862.507,73.955,5.416,0.320
76.8139,27.000,1032.808,836.074,98.367,24.229,0.320
76.9219,29.000,1039.733,824.035,107.849,28.111,0.320
77.0183,31.000,1043.120,814.620,114.250,28.912,0.320
77.1159,33.000,1045.484,805.453,120.015,29.077,0.320
77.2149,34.000,1034.951,812.363,111.294,17.556,0.320
77.3219,35.000,1033.414,809.981,111.717,15.178,0.320
77.4197,36.000,1033.638,805.586,114.026,14.688,0.320
77.5174,37.000,1034.144,800.694,116.725,14.586,0.320
77.6148,38.000,1034.639,795.631,119.504,14.565,0.320
77.7120,38.000,1022.637,806.750,107.944,3.006,0.320
77.8218,39.000,1032.313,792.484,119.914,12.176,0.320
77.9217,39.000,1022.198,801.697,110.251,2.512,0.320
78.0208,39.000,1019.821,803.307,108.257,0.518,0.320
78.1206,39.000,1019.084,803.393,107.845,0.107,0.320
78.2203,38.000,1003.286,816.477,93.405,-11.533,0.320
78.3198,38.000,1012.787,807.670,102.558,-2.380,0.320
78.4165,38.000,1014.970,806.076,104.447,-0.491,0.320
78.5141,37.000,1000.175,819.212,90.482,-11.657,0.320
78.6123,37.000,1010.221,810.755,99.733,-2.405,0.320
78.7206,37.000,1012.806,809.522,101.642,-0.496,0.320
78.8187,36.000,998.339,822.978,87.680,-11.658,0.320
78.9154,34.000,977.790,841.347,68.222,-25.517,0.320
79.0140,33.000,984.679,836.444,74.117,-16.821,0.320
79.1210,32.000,984.938,838.715,73.112,-15.027,0.320
79.2186,31.000,984.004,842.639,70.682,-14.656,0.320
79.3167,29.000,967.535,860.329,53.603,-26.135,0.320
79.4156,28.000,976.361,856.381,59.990,-16.949,0.320
79.5167,26.000,962.514,873.054,44.730,-26.608,0.320
79.6159,24.000,956.962,882.689,37.137,-28.602,0.320
79.7152,24.000,984.397,864.724,59.836,-5.902,0.320
79.8128,23.000,977.670,877.340,50.165,-12.773,0.320
79.9207,21.000,960.940,897.757,31.592,-25.747,0.320
80.0183,19.000,955.176,908.334,23.421,-28.424,0.320
80.1159,17.000,952.004,917.277,17.364,-28.976,0.320
80.2129,16.000,965.108,912.919,26.095,-17.535,0.320
80.3207,15.000,968.890,917.411,25.740,-15.174,0.320
80.4200,13.000,955.151,936.862,9.144,-26.242,0.320
80.5209,11.000,950.596,947.953,1.322,-28.526,0.320
80.6191,10.000,963.634,944.310,9.662,-17.442,0.320
80.7169,9.000,967.585,949.186,9.200,-15.155,0.320
80.8149,7.000,954.032,968.921,-7.445,-26.238,0.320
80.9125,6.000,965.081,966.966,-0.943,-16.970,0.320
81.0201,5.000,968.507,972.111,-1.802,-15.057,0.320
81.1187,2.000,939.304,1005.119,-32.907,-37.774,0.320
81.2187,1.000,959.971,994.527,-17.278,-19.350,0.320
81.3162,-0.000,965.674,998.227,-16.276,-15.548,0.320
81.4157,-2.000,950.948,1016.265,-32.659,-26.320,0.320
81.5134,-4.000,943.671,1024.678,-40.504,-28.542,0.320
81.6118,-5.000,953.502,1017.972,-32.235,-17.445,0.320
81.7104,-7.000,937.586,1031.865,-47.140,-26.711,0.320
81.8107,-8.000,944.605,1025.286,-40.341,-17.067,0.320
81.9103,-10.000,927.230,1038.355,-55.563,-26.633,0.320
82.0099,-11.000,933.200,1030.885,-48.842,-17.051,0.320
82.1185,-12.000,931.253,1030.718,-49.732,-15.074,0.320
82.2160,-13.000,927.469,1031.863,-52.197,-14.666,0.320
82.3146,-14.000,923.134,1033.117,-54.991,-14.582,0.320
82.4120,-15.000,918.537,1034.253,-57.858,-14.565,0.320
82.5187,-16.000,913.761,1035.249,-60.744,-14.561,0.320
82.6160,-16.000,925.121,1023.675,-49.277,-3.005,0.320
82.7130,-17.000,911.044,1033.731,-61.344,-12.176,0.320
82.8099,-17.000,920.402,1023.954,-51.776,-2.512,0.320
82.9181,-18.000,905.842,1034.318,-64.238,-12.074,0.320
83.0152,-18.000,915.041,1024.553,-54.756,-2.491,0.320
83.1128,-18.000,916.677,1022.436,-52.880,-0.514,0.320
83.2090,-18.000,916.779,1021.924,-52.572,-0.106,0.320
83.3166,-18.000,916.589,1021.767,-52.589,-0.022,0.320
83.4165,-18.000,916.358,1021.703,-52.673,-0.005,0.320
83.5146,-18.000,916.135,1021.674,-52.770,-0.001,0.320
83.6120,-18.000,915.928,1021.667,-52.870,-0.000,0.320
83.7184,-18.000,915.736,1021.677,-52.970,-0.000,0.320
83.8165,-19.000,899.277,1034.142,-67.432,-11.556,0.320
83.9140,-19.000,908.144,1024.880,-58.368,-2.384,0.320
84.0131,-19.000,909.763,1022.926,-56.582,-0.492,0.320
84.1112,-19.000,909.904,1022.499,-56.298,-0.102,0.320
84.2101,-19.000,909.757,1022.403,-56.323,-0.021,0.320
84.3187,-19.000,909.564,1022.390,-56.413,-0.004,0.320
84.4162,-18.000,922.654,1006.964,-42.155,11.555,0.320
84.5145,-18.000,913.891,1016.743,-51.426,2.384,0.320
84.6128,-18.000,912.329,1019.167,-53.419,0.492,0.320
84.7097,-18.000,912.204,1020.025,-53.910,0.102,0.320
84.8197,-17.000,925.616,1005.077,-39.731,11.577,0.320
84.9196,-17.000,917.180,1015.207,-49.014,2.389,0.320
85.0167,-17.000,915.909,1017.918,-51.005,0.493,0.320
85.1173,-17.000,916.034,1019.016,-51.491,0.102,0.320
85.2180,-17.000,916.378,1019.712,-51.667,0.021,0.320
85.3152,-16.000,929.990,1004.825,-37.418,11.560,0.320
85.4130,-16.000,921.683,1015.047,-46.682,2.385,0.320
85.5111,-15.000,933.796,1002.403,-34.303,12.048,0.320
85.6089,-15.000,925.424,1013.322,-43.949,2.486,0.320
85.7171,-14.000,937.731,1001.021,-31.645,12.069,0.320
85.8158,-13.000,942.858,996.739,-26.941,14.046,0.320
85.9138,-12.000,946.778,994.377,-23.800,14.454,0.320
86.0110,-11.000,950.683,992.637,-20.977,14.538,0.320
86.1190,-10.000,954.784,991.215,-18.216,14.555,0.320
86.2167,-10.000,945.815,1005.462,-29.824,3.004,0.320
86.3173,-8.000,972.181,979.263,-3.541,23.731,0.320
86.4178,-7.000,969.654,985.771,-8.059,16.452,0.320
86.5154,-7.000,959.749,1002.060,-21.155,3.395,0.320
86.6124,-6.000,973.010,992.065,-9.528,12.256,0.320
86.7087,-5.000,979.418,989.273,-4.927,14.085,0.320
86.8155,-3.000,997.811,972.634,12.589,26.017,0.320
86.9140,-3.000,980.891,997.045,-8.077,5.369,0.320
87.0107,-3.000,979.797,1004.506,-12.355,1.108,0.320
87.1087,-3.000,981.356,985.055,-1.850,0.317,0.180
87.2153,-3.000,971.613,975.770,-2.079,0.090,0.180
87.3134,-3.000,961.549,965.840,-2.146,0.026,0.180
87.4103,-3.000,951.120,955.454,-2.167,0.007,0.180
87.5091,-3.000,940.356,944.706,-2.175,0.002,0.180
87.6168,-4.000,926.003,933.834,-3.916,-1.285,0.180
87.7148,-4.000,915.787,921.790,-3.001,-0.367,0.180
87.8139,-4.000,904.675,910.160,-2.743,-0.105,0.180
87.9112,-4.000,893.171,898.514,-2.671,-0.030,0.180
88.0101,-4.000,881.440,886.747,-2.654,-0.009,0.180
88.1085,-4.000,869.546,874.849,-2.651,-0.002,0.180
88.2181,-4.000,857.523,862.829,-2.653,-0.001,0.180
88.3168,-4.000,845.392,850.704,-2.656,-0.000,0.180
88.4149,-5.000,829.873,838.665,-4.396,-1.286,0.180
88.5144,-5.000,818.665,825.629,-3.482,-0.367,0.180
88.6105,-5.000,806.709,813.158,-3.224,-0.105,0.180
88.7172,-6.000,791.192,800.973,-4.891,-1.316,0.180
88.8139,-7.000,776.646,788.031,-5.693,-1.662,0.180
88.9128,-8.000,762.438,774.936,-6.249,-1.760,0.180
89.0094,-9.000,748.378,761.848,-6.735,-1.789,0.180
89.1090,-9.000,737.700,748.631,-5.466,-0.511,0.180
89.2077,-11.000,719.398,736.562,-8.582,-2.717,0.180
89.3115,-10.000,709.808,719.636,-4.914,0.509,0.180
89.4072,-11.000,694.460,708.507,-7.023,-1.140,0.180
89.5151,-12.000,680.305,696.217,-7.956,-1.611,0.180
89.6117,-12.000,669.796,683.427,-6.815,-0.460,0.180
89.7086,-12.000,658.303,671.297,-6.497,-0.132,0.180
89.8162,-10.000,647.029,652.911,-2.941,2.534,0.180
89.9141,-10.000,633.695,643.215,-4.760,0.724,0.180
90.0135,-8.000,622.065,625.690,-1.813,2.778,0.180
90.1104,-6.000,609.365,610.027,-0.331,3.365,0.180
90.2067,-5.000,596.289,598.296,-1.004,2.247,0.180
90.3132,-2.000,584.616,579.423,2.597,4.499,0.180
90.4142,-1.000,571.306,569.070,1.118,2.571,0.180
90.5137,1.000,559.474,553.967,2.753,3.306,0.180
90.6108,3.000,559.843,552.110,3.866,3.516,0.180
90.7098,5.000,560.054,550.393,4.831,3.576,0.180
90.8063,6.000,560.041,552.006,4.017,2.307,0.180
90.9150,8.000,560.932,549.236,5.848,3.231,0.180
91.0127,10.000,561.186,547.145,7.021,3.494,0.180
91.1101,11.000,561.094,548.554,6.270,2.284,0.180
91.2166,13.000,561.764,545.764,8.000,3.224,0.180
91.3146,14.000,561.871,546.736,7.567,2.207,0.180
91.4130,15.000,562.442,546.961,7.740,1.916,0.180
91.5114,16.000,562.980,546.980,8.000,1.833,0.180
91.6078,17.000,563.157,547.157,8.000,1.809,0.180
91.7158,18.000,563.247,547.247,8.000,1.803,0.180
91.8139,18.000,564.575,549.073,7.751,0.515,0.180
91.9122,19.000,564.604,548.604,8.000,1.433,0.180
92.0111,20.000,564.357,548.357,8.000,1.695,0.180
92.1082,20.000,565.647,549.647,8.000,0.484,0.180
92.2057,21.000,565.184,549.184,8.000,1.424,0.180
92.3140,22.000,564.730,548.730,8.000,1.693,0.180
92.4101,22.000,565.844,549.844,8.000,0.484,0.180
92.5075,23.000,565.231,549.231,8.000,1.424,0.180
92.6067,23.000,566.210,550.210,8.000,0.407,0.180
92.7147,23.000,567.043,551.043,8.000,0.116,0.180
92.8128,24.000,566.190,550.190,8.000,1.319,0.180
92.9107,24.000,566.965,550.965,8.000,0.377,0.180
93.0085,24.000,567.624,551.624,8.000,0.108,0.180
93.1088,24.000,568.184,552.184,8.000,0.031,0.180
93.2055,25.000,567.100,551.100,8.000,1.295,0.180
93.3136,25.000,567.679,551.679,8.000,0.370,0.180
93.4115,25.000,568.171,552.171,8.000,0.106,0.180
93.5077,25.000,568.589,552.589,8.000,0.030,0.180
93.6055,26.000,567.384,551.384,8.000,1.294,0.180
93.7122,26.000,567.861,551.861,8.000,0.370,0.180
93.8093,26.000,568.265,552.265,8.000,0.106,0.180
93.9063,27.000,567.049,551.049,8.000,1.316,0.180
94.0156,27.000,567.516,551.516,8.000,0.376,0.180
94.1146,27.000,567.912,551.912,8.000,0.107,0.180
94.2125,27.000,568.249,552.249,8.000,0.031,0.180
94.3108,28.000,566.975,550.975,8.000,1.294,0.180
94.4112,28.000,567.393,551.393,8.000,0.370,0.180
94.5090,28.000,567.748,551.748,8.000,0.106,0.180
94.6054,28.000,568.049,552.049,8.000,0.030,0.180
94.7131,28.000,568.306,552.306,8.000,0.009,0.180
94.8107,28.000,568.523,552.523,8.000,0.002,0.180
94.9083,29.000,567.149,551.149,8.000,1.286,0.180
95.0142,29.000,567.480,551.480,8.000,0.368,0.180
95.1120,29.000,567.762,551.762,8.000,0.105,0.180
95.2092,30.000,566.441,550.441,8.000,1.316,0.180
95.3061,30.000,566.819,550.819,8.000,0.376,0.180
95.4138,30.000,567.140,551.140,8.000,0.107,0.180
95.5118,30.000,567.413,551.413,8.000,0.031,0.180
95.6096,30.000,567.644,551.644,8.000,0.009,0.180
95.7066,31.000,566.281,550.281,8.000,1.288,0.180
95.8060,31.000,566.623,550.623,8.000,0.368,0.180
95.9143,31.000,566.913,550.913,8.000,0.105,0.180
96.0107,31.000,567.160,551.160,8.000,0.030,0.180
96.1090,31.000,567.370,551.370,8.000,0.009,0.180
96.2065,31.000,567.548,551.548,8.000,0.002,0.180
96.3048,32.000,566.140,550.140,8.000,1.286,0.180
96.4126,31.000,565.002,549.002,8.000,-0.918,0.180
96.5106,31.000,565.536,549.536,8.000,-0.262,0.180
96.6073,31.000,565.989,549.989,8.000,-0.075,0.180
96.7048,31.000,566.375,550.375,8.000,-0.021,0.180
96.8051,31.000,566.702,550.702,8.000,-0.006,0.180
96.9132,31.000,566.981,550.981,8.000,-0.002,0.180
97.0097,31.000,567.217,551.217,8.000,-0.000,0.180
97.1076,30.000,565.978,549.978,8.000,-1.286,0.180
97.2060,30.000,566.425,550.425,8.000,-0.367,0.180
97.3054,30.000,566.805,550.805,8.000,-0.105,0.180
97.4053,30.000,567.128,551.128,8.000,-0.030,0.180
97.5071,30.000,567.403,551.403,8.000,-0.009,0.180
97.6041,30.000,567.636,551.636,8.000,-0.002,0.180
97.7097,29.000,566.394,550.394,8.000,-1.286,0.180
97.8079,29.000,566.839,550.839,8.000,-0.368,0.180
97.9036,29.000,567.217,551.217,8.000,-0.105,0.180
98.0133,28.000,566.098,550.098,8.000,-1.316,0.180
98.1107,28.000,566.647,550.647,8.000,-0.376,0.180
98.2088,27.000,565.674,549.674,8.000,-1.393,0.180
98.3066,27.000,566.346,550.346,8.000,-0.398,0.180
98.4142,27.000,566.918,550.918,8.000,-0.114,0.180
98.5119,27.000,567.404,551.404,8.000,-0.032,0.180
98.6088,26.000,566.377,550.377,8.000,-1.295,0.180
98.7063,26.000,567.004,551.004,8.000,-0.370,0.180
98.8048,25.000,566.098,550.098,8.000,-1.391,0.180
98.9027,25.000,566.827,550.827,8.000,-0.398,0.180
99.0102,25.000,567.446,551.446,8.000,-0.114,0.180
99.1090,24.000,566.533,550.533,8.000,-1.318,0.180
99.2070,24.000,567.257,551.257,8.000,-0.377,0.180
99.3036,23.000,566.432,550.432,8.000,-1.393,0.180
99.4122,23.000,567.231,551.231,8.000,-0.398,0.180
99.5088,22.000,566.124,550.817,7.654,-1.399,0.180
99.6067,22.000,567.323,551.323,8.000,-0.400,0.180
99.7046,21.000,565.812,551.405,7.203,-1.400,0.180
99.8031,21.000,567.501,551.501,8.000,-0.400,0.180
99.9112,20.000,565.573,552.067,6.753,-1.400,0.180
100.0093,19.000,564.335,552.266,6.034,-1.686,0.180
100.1051,18.000,563.438,552.400,5.519,-1.767,0.180
100.2119,17.000,562.716,552.594,5.061,-1.791,0.180
100.3083,17.000,565.286,552.575,6.355,-0.512,0.180
100.4065,16.000,563.574,553.575,5.000,-1.432,0.180
100.5051,16.000,565.809,553.736,6.037,-0.409,0.180
100.6040,15.000,563.957,554.743,4.607,-1.403,0.180
100.7028,15.000,566.113,554.869,5.622,-0.401,0.180
100.8090,15.000,567.383,555.540,5.922,-0.114,0.180
100.9086,14.000,565.126,556.565,4.280,-1.318,0.180
101.0065,14.000,567.058,556.588,5.235,-0.377,0.180
101.1049,14.000,568.170,557.137,5.516,-0.108,0.180
101.2115,13.000,565.788,558.050,3.869,-1.316,0.180
101.3091,13.000,567.616,557.973,4.821,-0.376,0.180
101.4074,12.000,565.464,558.734,3.365,-1.393,0.180
101.5060,11.000,564.203,558.934,2.634,-1.684,0.180
101.6029,10.000,563.287,559.066,2.110,-1.767,0.180
101.7119,9.000,562.549,559.259,1.645,-1.791,0.180
101.8099,9.000,565.104,559.240,2.932,-0.512,0.180
101.9058,8.000,563.379,560.241,1.569,-1.432,0.180
102.0054,8.000,565.601,560.404,2.599,-0.409,0.180
102.1022,8.000,566.914,561.118,2.898,-0.117,0.180
102.2100,8.000,567.866,561.888,2.989,-0.033,0.180
102.3078,8.000,568.629,562.589,3.020,-0.010,0.180
102.4043,7.000,566.089,563.494,1.297,-1.288,0.180
102.5117,7.000,567.820,563.373,2.224,-0.368,0.180
102.6096,7.000,568.774,563.788,2.493,-0.105,0.180
102.7064,7.000,569.437,564.288,2.575,-0.030,0.180
102.8035,7.000,569.959,564.755,2.602,-0.009,0.180
102.9015,7.000,570.392,565.162,2.615,-0.002,0.180
103.0115,6.000,567.580,565.808,0.886,-1.286,0.180
103.1096,7.000,569.261,562.167,3.547,0.918,0.180
103.2065,7.000,569.278,563.483,2.898,0.262,0.180
103.3046,7.000,569.664,564.231,2.716,0.075,0.180
103.4028,7.000,570.098,564.760,2.669,0.021,0.180
103.5100,8.000,570.675,561.881,4.397,1.292,0.180
123.5355,8.000,290.468,-260.785,275.626,253.217,0.320
123.6009,8.000,103.474,-45.936,74.705,52.251,0.320
123.6967,8.000,75.202,8.641,33.281,10.782,0.320
123.7958,7.000,64.820,44.006,10.407,-9.331,0.320
123.9029,7.000,86.628,50.925,17.852,-1.925,0.320
123.9988,7.000,102.791,63.953,19.419,-0.397,0.320
124.0972,7.000,117.939,78.392,19.773,-0.082,0.320
124.1952,7.000,133.005,93.250,19.878,-0.017,0.320
124.3052,7.000,148.163,108.302,19.930,-0.003,0.320
124.4036,7.000,163.431,123.487,19.972,-0.001,0.320
124.5027,7.000,178.801,138.777,20.012,-0.000,0.320
124.5993,7.000,194.258,154.155,20.051,-0.000,0.320
124.6962,8.000,222.231,153.327,34.452,11.556,0.320
124.8054,8.000,228.528,177.878,25.325,2.384,0.320
124.8934,8.000,242.178,195.223,23.478,0.492,0.320
125.0025,8.000,257.393,211.129,23.132,0.102,0.320
125.0998,8.000,272.971,226.778,23.096,0.021,0.320
125.1970,8.000,288.658,242.409,23.124,0.004,0.320
125.2962,8.000,304.397,258.065,23.166,0.001,0.320
125.3932,8.000,320.171,273.751,23.210,0.000,0.320
125.5006,8.000,335.973,289.464,23.255,0.000,0.320
125.5995,8.000,351.800,305.201,23.299,0.000,0.320
125.6982,8.000,367.646,320.958,23.344,0.000,0.320
125.7960,8.000,383.510,336.732,23.389,0.000,0.320
125.8923,8.000,399.388,352.520,23.434,0.000,0.320
125.9994,7.000,399.837,381.602,9.117,-11.556,0.320
126.0960,7.000,425.485,388.830,18.328,-2.384,0.320
126.1937,7.000,443.777,403.258,20.259,-0.492,0.320
126.3029,7.000,460.499,419.121,20.689,-0.102,0.320
126.4020,7.000,476.856,435.238,20.809,-0.021,0.320
126.5016,7.000,493.100,451.370,20.865,-0.004,0.320
126.5988,7.000,509.290,467.475,20.907,-0.001,0.320
126.6976,7.000,525.442,483.548,20.947,-0.000,0.320
126.7935,7.000,541.565,499.591,20.987,-0.000,0.320
126.8918,7.000,557.662,515.610,21.026,-0.000,0.320
127.0016,7.000,573.737,531.607,21.065,-0.000,0.320
127.0986,6.000,574.354,560.868,6.743,-11.556,0.320
127.1958,6.000,600.143,568.248,15.948,-2.384,0.320
127.3022,6.000,618.554,582.807,17.874,-0.492,0.320
127.3999,5.000,619.936,612.063,3.937,-11.657,0.320
127.4986,5.000,646.124,619.692,13.216,-2.405,0.320
127.5963,5.000,664.821,634.514,15.153,-0.496,0.320
127.6942,4.000,666.435,664.007,1.214,-11.658,0.320
127.7935,3.000,677.376,685.120,-3.872,-13.961,0.320
127.8931,3.000,705.984,691.534,7.225,-2.881,0.320
128.0014,3.000,725.558,706.502,9.528,-0.594,0.320
128.0998,3.000,743.115,723.081,10.017,-0.123,0.320
128.1985,2.000,744.683,753.144,-4.230,-11.581,0.320
128.2962,2.000,771.216,761.271,4.972,-2.390,0.320
128.3928,1.000,774.800,789.763,-7.481,-12.049,0.320
128.4914,1.000,801.888,797.714,2.087,-2.486,0.320
128.6004,-0.000,805.704,826.296,-10.296,-12.069,0.320
128.6970,-1.000,816.658,846.815,-15.079,-14.046,0.320
128.7948,-2.000,828.782,865.378,-18.298,-14.454,0.320
128.8915,-3.000,840.890,883.288,-21.199,-14.538,0.320
128.9977,-4.000,852.776,900.853,-24.039,-14.555,0.320
129.0979,-4.000,880.709,905.727,-12.509,-3.004,0.320
129.1978,-5.000,883.119,932.137,-24.509,-12.175,0.320
129.2948,-6.000,892.609,951.079,-29.235,-14.068,0.320
129.3946,-6.000,919.712,955.919,-18.104,-2.903,0.320
129.4942,-6.000,937.945,969.611,-15.833,-0.599,0.320
129.5925,-6.000,954.342,985.125,-15.391,-0.124,0.320
129.6912,-7.000,954.075,1013.452,-29.688,-11.581,0.320
129.7997,-7.000,979.040,1020.112,-20.536,-2.390,0.320
129.8979,-7.000,980.810,1018.167,-18.679,-0.493,0.320
129.9976,-8.000,964.807,1030.182,-32.688,-11.657,0.320
130.0983,-8.000,973.818,1020.779,-23.481,-2.405,0.320
130.1966,-8.000,975.517,1018.749,-21.616,-0.496,0.320
130.2976,-9.000,959.444,1030.700,-35.628,-11.658,0.320
130.3961,-9.000,968.394,1021.246,-26.426,-2.406,0.320
130.4932,-9.000,970.038,1019.173,-24.567,-0.496,0.320
130.5911,-10.000,953.919,1031.089,-38.585,-11.658,0.320
130.6903,-10.000,962.828,1021.606,-29.389,-2.406,0.320
130.7987,-11.000,948.157,1031.950,-41.897,-12.052,0.320
130.8956,-11.000,957.321,1022.107,-32.393,-2.487,0.320
130.9936,-11.000,958.945,1019.907,-30.481,-0.513,0.320
131.0930,-11.000,959.046,1019.316,-30.135,-0.106,0.320
131.1928,-11.000,958.860,1019.086,-30.113,-0.022,0.320
131.2920,-11.000,958.639,1018.953,-30.157,-0.005,0.320
131.3923,-12.000,942.149,1031.302,-44.576,-11.556,0.320
131.4910,-11.000,964.275,1006.496,-21.111,9.171,0.320
131.5988,-11.000,957.296,1014.197,-28.451,1.892,0.320
131.6964,-11.000,956.039,1016.067,-30.014,0.390,0.320
131.7932,-11.000,955.929,1016.700,-30.386,0.081,0.320
131.8901,-10.000,969.306,1001.606,-16.150,11.572,0.320
131.9996,-10.000,960.836,1011.617,-25.390,2.388,0.320
132.0975,-10.000,959.540,1014.223,-27.341,0.493,0.320
132.1937,-10.000,959.649,1015.227,-27.789,0.102,0.320
132.2922,-9.000,973.267,1000.395,-13.564,11.577,0.320
132.3915,-9.000,965.013,1010.618,-22.802,2.389,0.320
132.4896,-9.000,963.903,1013.400,-24.749,0.493,0.320
132.5893,-9.000,964.173,1014.553,-25.190,0.102,0.320
132.6968,-9.000,964.646,1015.289,-25.321,0.021,0.320
132.7938,-9.000,965.093,1015.870,-25.388,0.004,0.320
132.8918,-9.000,965.476,1016.360,-25.442,0.001,0.320
132.9889,-9.000,965.796,1016.782,-25.493,0.000,0.320
133.0981,-9.000,966.061,1017.148,-25.544,0.000,0.320
133.1973,-9.000,966.279,1017.467,-25.594,0.000,0.320
133.2947,-8.000,979.737,1002.304,-11.283,11.556,0.320
133.3932,-8.000,971.297,1012.296,-20.499,2.384,0.320
133.4915,-7.000,983.300,999.451,-8.075,12.048,0.320
133.5910,-6.000,988.123,994.753,-3.315,14.042,0.320
133.7018,-6.000,978.499,1007.484,-14.493,2.897,0.320
133.8014,-5.000,990.767,995.696,-2.465,12.153,0.320
133.8892,-4.000,996.079,991.633,2.223,14.063,0.320
133.9982,-4.000,986.925,1004.847,-8.961,2.902,0.320
134.0943,-4.000,986.326,1008.899,-11.287,0.599,0.320
134.1944,-3.000,1000.576,995.422,2.577,11.679,0.320
134.2919,-3.000,993.119,1006.537,-6.709,2.410,0.320
134.3891,-2.000,1006.025,994.580,5.723,12.053,0.320
134.4978,-2.000,998.352,1006.061,-3.854,2.487,0.320
134.5957,-1.000,1011.266,994.223,8.522,12.069,0.320
134.6929,-0.000,1016.920,990.323,13.299,14.046,0.320
134.7914,-0.000,1008.018,1003.716,2.151,2.898,0.320
134.8880,1.000,1020.068,991.644,14.212,12.154,0.320
134.9946,1.000,1011.918,1002.774,4.572,2.508,0.320
135.0936,2.000,1023.642,989.745,16.948,12.073,0.320
135.1904,2.000,1015.016,1000.260,7.378,2.491,0.320
135.2889,2.000,1013.853,1003.030,5.412,0.514,0.320
135.3990,3.000,1026.580,987.828,19.376,11.662,0.320
135.4969,3.000,1017.790,997.515,10.138,2.406,0.320
135.5941,3.000,1016.278,999.789,8.245,0.497,0.320
135.6910,3.000,1016.225,1000.490,7.867,0.102,0.320
135.7986,3.000,1016.435,1000.830,7.803,0.021,0.320
135.8972,4.000,1029.111,984.782,22.164,11.560,0.320
135.9966,4.000,1020.025,994.001,13.012,2.385,0.320
136.0965,4.000,1018.211,995.929,11.141,0.492,0.320
136.1937,4.000,1017.892,996.346,10.773,0.102,0.320
136.2929,4.000,1017.874,996.445,10.715,0.021,0.320
136.3920,5.000,1030.356,980.193,25.082,11.560,0.320
136.4897,5.000,1021.107,989.237,15.935,2.385,0.320
136.5881,5.000,1019.155,991.015,14.070,0.492,0.320
136.6962,5.000,1018.719,991.304,13.707,0.102,0.320
136.7925,5.000,1018.603,991.294,13.655,0.021,0.320
136.8912,5.000,1018.561,991.229,13.666,0.004,0.320
136.9898,5.000,1018.540,991.159,13.691,0.001,0.320
137.0882,5.000,1018.529,991.093,13.718,0.000,0.320
137.1945,5.000,1018.524,991.033,13.746,0.000,0.320
137.2919,6.000,1030.965,974.696,28.135,11.556,0.320
137.3913,6.000,1021.672,983.677,18.997,2.384,0.320
137.4894,6.000,1019.681,985.404,17.139,0.492,0.320
137.5879,6.000,1019.212,985.648,16.782,0.102,0.320
137.6866,5.000,1003.628,998.881,2.374,-11.535,0.320
137.7931,5.000,1013.311,990.199,11.556,-2.380,0.320
137.8901,4.000,969.355,1001.975,3.292,-7.070,0.180
137.9888,4.000,944.042,998.161,8.894,-1.488,0.180
138.0973,4.000,916.884,995.785,10.090,-0.313,0.180
138.1951,4.000,890.976,991.816,10.358,-0.066,0.180
138.2937,4.000,866.722,985.899,10.431,-0.014,0.180
138.3916,4.000,844.001,978.201,10.463,-0.003,0.180
138.4926,4.000,822.607,968.963,10.486,-0.001,0.180
138.5907,4.000,802.348,958.411,10.507,-0.000,0.180
138.6896,4.000,783.054,946.740,10.528,-0.000,0.180
138.7871,4.000,764.582,934.119,10.549,-0.000,0.180
138.8959,4.000,746.807,920.689,10.570,-0.000,0.180
138.9933,3.000,719.251,914.545,1.417,-6.568,0.180
139.0895,3.000,708.234,895.144,6.618,-1.383,0.180
139.1961,3.000,693.480,879.268,7.725,-0.291,0.180
139.2913,3.000,678.167,863.770,7.971,-0.061,0.180
139.3879,3.000,662.930,848.044,8.035,-0.013,0.180
139.4958,3.000,647.873,832.006,8.060,-0.003,0.180
139.5943,4.000,640.369,804.707,17.252,6.568,0.180
139.6926,4.000,620.437,793.280,12.087,1.383,0.180
139.7903,4.000,604.737,777.551,11.017,0.291,0.180
139.8879,4.000,590.017,760.781,10.808,0.061,0.180
139.9876,4.000,575.580,743.678,10.780,0.013,0.180
140.0970,5.000,568.639,715.434,19.964,6.571,0.180
140.1960,5.000,549.195,703.197,14.803,1.383,0.180
140.2955,5.000,533.913,686.776,13.736,0.291,0.180
140.3919,5.000,519.549,669.417,13.532,0.061,0.180
140.4904,5.000,505.415,651.812,13.510,0.013,0.180
140.5906,4.000,480.985,642.088,4.352,-6.566,0.180
140.6880,4.000,488.237,635.863,9.556,-1.382,0.180
140.7868,4.000,491.089,633.883,10.669,-0.291,0.180
140.8952,4.000,492.819,632.895,10.919,-0.061,0.180
140.9942,3.000,483.772,640.172,1.815,-6.581,0.180
141.0916,2.000,480.159,642.882,-2.148,-7.954,0.180
141.1908,1.000,477.871,645.000,-5.031,-8.243,0.180
141.2909,-0.000,476.017,647.311,-7.692,-8.304,0.180
141.3904,-1.000,473.785,649.331,-10.310,-8.317,0.180
141.4907,-3.000,460.227,658.510,-22.097,-14.888,0.180
141.5868,-4.000,462.485,654.929,-19.533,-9.703,0.180
141.6945,-5.000,460.390,655.299,-21.067,-8.611,0.180
141.7925,-6.000,457.213,656.411,-23.469,-8.381,0.180
141.8893,-8.000,442.691,664.976,-35.230,-14.901,0.180
141.9860,-10.000,433.121,668.284,-41.855,-16.274,0.180
142.0933,-11.000,435.439,663.042,-38.233,-9.995,0.180
142.1927,-12.000,432.690,662.706,-39.573,-8.673,0.180
142.2897,-13.000,428.804,663.371,-41.962,-8.394,0.180
142.3876,-14.000,424.617,664.219,-44.577,-8.336,0.180
142.4865,-15.000,420.315,665.083,-47.242,-8.323,0.180
142.5855,-16.000,415.943,665.933,-49.923,-8.321,0.180
142.6846,-17.000,411.518,666.764,-52.611,-8.320,0.180
142.7926,-18.000,407.047,667.580,-55.304,-8.320,0.180
142.8899,-18.000,413.512,661.009,-48.829,-1.752,0.180
142.9877,-20.000,392.949,674.281,-65.783,-13.506,0.180
143.0874,-20.000,403.544,663.489,-55.121,-2.843,0.180
143.1859,-22.000,383.795,675.871,-71.213,-13.735,0.180
143.2844,-22.000,394.530,664.874,-60.369,-2.892,0.180
143.3932,-23.000,385.752,669.829,-67.255,-7.177,0.180
143.4895,-23.000,391.309,664.021,-61.589,-1.511,0.180
143.5898,-24.000,381.441,670.077,-69.564,-6.887,0.180
143.6891,-25.000,375.801,671.877,-73.296,-8.018,0.180
143.7875,-25.000,382.009,665.405,-66.966,-1.688,0.180
143.8845,-25.000,383.238,663.951,-65.633,-0.355,0.180
143.9959,-26.000,372.462,670.936,-74.521,-6.643,0.180
144.0930,-26.000,377.602,665.575,-69.276,-1.399,0.180
144.1922,-25.000,386.585,654.002,-59.004,6.274,0.180
144.2924,-26.000,371.067,666.719,-73.125,-5.248,0.180
144.3900,-25.000,383.492,652.514,-59.814,5.464,0.180
144.4880,-25.000,379.925,657.567,-64.127,1.150,0.180
144.5860,-26.000,368.683,666.473,-74.204,-6.326,0.180
144.6845,-25.000,382.155,651.615,-60.041,5.237,0.180
144.7935,-26.000,367.966,664.026,-73.344,-5.466,0.180
144.8922,-26.000,373.027,660.454,-69.028,-1.151,0.180
144.9912,-26.000,374.570,660.177,-68.120,-0.242,0.180
145.0880,-25.000,383.268,650.154,-58.760,6.517,0.180
145.1853,-25.000,379.061,656.235,-63.906,1.372,0.180
145.2836,-25.000,378.775,658.114,-64.989,0.289,0.180
145.3954,-24.000,387.193,648.650,-56.048,6.629,0.180
145.4934,-24.000,383.016,654.938,-61.282,1.396,0.180
145.5902,-24.000,382.812,656.937,-62.384,0.294,0.180
145.6896,-23.000,391.311,647.562,-53.447,6.630,0.180
145.7917,-22.000,395.174,643.556,-49.513,7.964,0.180
145.8904,-21.000,398.294,640.914,-46.633,8.245,0.180
145.9890,-20.000,401.457,638.758,-43.973,8.304,0.180
146.0862,-19.000,404.698,636.972,-41.460,8.317,0.180
146.1842,-19.000,400.152,645.754,-48.124,1.751,0.180
146.2931,-18.000,408.446,638.662,-40.432,6.937,0.180
146.3908,-17.000,412.860,635.870,-36.828,8.029,0.180
146.4885,-16.000,416.596,634.112,-34.082,8.259,0.180
146.5859,-15.000,420.307,632.682,-31.511,8.307,0.180
146.6834,-14.000,424.114,631.414,-28.974,8.317,0.180
146.7917,-13.000,428.028,630.259,-26.439,8.319,0.180
146.8897,-13.000,424.064,639.566,-33.075,1.751,0.180
146.9879,-11.000,440.833,622.541,-16.178,13.506,0.180
147.0853,-11.000,433.004,636.151,-26.898,2.843,0.180
147.1831,-10.000,441.133,630.536,-20.026,7.167,0.180
147.2922,-9.000,445.965,628.441,-16.562,8.077,0.180
147.3876,-9.000,442.205,637.528,-22.986,1.700,0.180
147.4857,-8.000,451.053,630.808,-15.202,6.926,0.180
147.5836,-7.000,455.921,628.348,-11.538,8.027,0.180
147.6933,-7.000,452.071,637.245,-17.911,1.690,0.180
147.7918,-7.000,452.846,640.760,-19.282,0.356,0.180
147.8905,-7.000,454.352,642.901,-19.599,0.075,0.180
147.9890,-6.000,463.780,634.172,-10.521,6.584,0.180
148.0873,-6.000,460.348,641.199,-15.750,1.386,0.180
148.1846,-5.000,468.724,633.479,-7.702,6.860,0.180
148.2834,-5.000,465.060,640.699,-13.144,1.444,0.180
148.3911,-5.000,465.406,643.377,-14.310,0.304,0.180
148.4891,-4.000,474.399,634.555,-5.402,6.632,0.180
148.5875,-4.000,470.714,641.384,-10.659,1.396,0.180
148.6857,-3.000,478.901,633.470,-2.609,6.862,0.180
148.7834,-2.000,483.057,630.145,1.131,8.013,0.180
148.8832,-2.000,478.574,638.335,-5.205,1.687,0.180
148.9827,-1.000,486.781,630.880,2.626,6.924,0.180
149.0838,-0.000,491.103,627.796,6.329,8.026,0.180
149.1818,-0.000,486.793,636.159,-0.008,1.690,0.180
149.2892,1.000,494.555,628.242,7.832,6.924,0.180
149.3869,1.000,490.527,635.137,2.371,1.458,0.180
149.4839,2.000,497.974,626.528,10.399,6.875,0.180
149.5826,2.000,493.563,632.951,4.981,1.447,0.180
149.6919,2.000,493.286,634.939,3.849,0.305,0.180
149.7910,2.000,493.783,635.896,3.619,0.064,0.180
149.8877,2.000,494.360,636.554,3.579,0.014,0.180
149.9854,2.000,494.885,637.079,3.578,0.003,0.180
150.0827,2.000,495.340,637.518,3.587,0.001,0.180
150.1833,2.000,495.729,637.887,3.596,0.000,0.180
150.2821,2.000,496.062,638.199,3.607,0.000,0.180
150.3924,2.000,496.346,638.463,3.617,0.000,0.180
150.4901,2.000,496.590,638.686,3.628,0.000,0.180
150.5864,2.000,496.798,638.874,3.638,0.000,0.180
150.6847,2.000,496.977,639.031,3.648,0.000,0.180
150.7816,2.000,497.131,639.164,3.659,0.000,0.180
150.8922,2.000,497.263,639.275,3.669,0.000,0.180
150.9903,2.000,497.376,639.368,3.680,0.000,0.180
151.0873,1.000,487.101,647.420,-5.484,-6.568,0.180
151.1843,1.000,492.846,642.783,-0.293,-1.383,0.180
151.2828,1.000,494.415,642.158,0.804,-0.291,0.180
151.3902,-0.000,484.677,650.297,-8.135,-6.630,0.180
151.4863,-0.000,490.732,645.884,-2.901,-1.396,0.180
151.5838,-0.000,492.531,645.480,-1.799,-0.294,0.180
151.6823,-0.000,493.356,645.841,-1.567,-0.062,0.180
151.7830,-0.000,493.909,646.296,-1.518,-0.013,0.180
151.8897,-1.000,483.374,654.088,-10.681,-6.571,0.180
151.9894,-2.000,477.917,656.613,-14.672,-7.952,0.180
152.0894,-3.000,473.465,657.973,-17.579,-8.242,0.180
152.1860,-3.000,480.142,651.667,-11.087,-1.735,0.180
152.2824,-4.000,470.681,657.845,-18.906,-6.934,0.180
152.3896,-4.000,476.239,652.496,-13.453,-1.460,0.180
152.4855,-5.000,466.485,658.826,-21.495,-6.876,0.180
152.5838,-6.000,460.959,660.843,-25.266,-8.016,0.180
152.6819,-6.000,467.265,654.555,-18.969,-1.688,0.180
152.7898,-7.000,457.600,660.634,-26.842,-6.924,0.180
152.8899,-7.000,463.006,655.181,-21.412,-1.458,0.180
152.9876,-8.000,453.126,661.420,-29.471,-6.875,0.180
153.0853,-9.000,447.491,663.360,-33.259,-8.016,0.180
153.1817,-9.000,453.703,657.008,-26.977,-1.688,0.180
153.2809,-9.000,454.929,655.663,-25.692,-0.355,0.180
153.3814,-10.000,444.138,662.753,-34.632,-6.643,0.180
153.4901,-11.000,438.284,664.861,-38.613,-7.967,0.180
153.5891,-12.000,433.451,665.910,-41.554,-8.246,0.180
153.6885,-12.000,439.790,659.354,-35.106,-1.736,0.180
153.7859,-13.000,430.032,665.327,-42.972,-6.934,0.180
153.8819,-14.000,424.357,667.186,-46.739,-8.028,0.180
153.9798,-14.000,430.500,660.799,-40.474,-1.690,0.180
154.0897,-14.000,431.658,659.434,-39.212,-0.356,0.180
154.1869,-15.000,420.804,666.511,-48.178,-6.643,0.180
154.2848,-15.000,425.866,661.239,-43.011,-1.399,0.180
154.3822,-15.000,426.803,660.124,-41.985,-0.294,0.180
154.4809,-15.000,426.882,659.894,-41.830,-0.062,0.180
154.5899,-16.000,415.815,667.232,-51.033,-6.581,0.180
154.6897,-15.000,428.816,651.661,-36.747,5.183,0.180
154.7859,-16.000,414.081,663.612,-50.090,-5.477,0.180
154.8825,-15.000,426.612,649.314,-36.676,5.415,0.180
154.9839,-16.000,412.035,661.791,-50.202,-5.428,0.180
155.0804,-16.000,416.844,658.195,-46.000,-1.143,0.180
155.1870,-16.000,418.179,657.892,-45.181,-0.241,0.180
155.2874,-16.000,418.724,658.224,-45.074,-0.051,0.180
155.3859,-15.000,427.027,648.266,-35.944,6.558,0.180
155.4846,-15.000,422.569,654.318,-41.199,1.381,0.180
155.5827,-15.000,422.078,656.163,-42.367,0.291,0.180
155.6803,-15.000,422.346,657.046,-42.674,0.061,0.180
155.7807,-15.000,422.709,657.662,-42.801,0.013,0.180
155.8890,-15.000,423.037,658.166,-42.889,0.003,0.180
155.9889,-15.000,423.310,658.600,-42.969,0.001,0.180
156.0883,-15.000,423.532,658.979,-43.048,0.000,0.180
156.1868,-15.000,423.710,659.312,-43.126,0.000,0.180
156.2849,-15.000,423.849,659.607,-43.204,0.000,0.180
156.3817,-15.000,423.955,659.870,-43.282,0.000,0.180
156.4896,-15.000,424.034,660.105,-43.360,0.000,0.180
156.5871,-14.000,432.063,649.942,-34.264,6.568,0.180
156.6844,-14.000,427.398,655.794,-39.522,1.383,0.180
156.7827,-14.000,426.738,657.463,-40.687,0.291,0.180
156.8824,-13.000,434.838,647.821,-31.816,6.630,0.180
156.9808,-13.000,430.380,653.967,-37.118,1.396,0.180
157.0817,-12.000,437.902,645.480,-29.113,6.862,0.180
157.1895,-12.000,433.512,652.050,-34.593,1.445,0.180
157.2869,-11.000,441.210,643.806,-26.623,6.873,0.180
157.3876,-10.000,444.968,640.183,-22.932,8.015,0.180
157.4870,-10.000,440.145,648.120,-29.312,1.687,0.180
157.5859,-9.000,448.059,640.455,-21.522,6.924,0.180
157.6856,-9.000,444.151,647.573,-27.035,1.458,0.180
157.7823,-8.000,452.292,639.761,-19.059,6.875,0.180
157.8814,-7.000,456.436,636.497,-15.355,8.016,0.180
157.9807,-7.000,451.945,644.735,-21.720,1.688,0.180
158.0789,-6.000,460.142,637.323,-13.915,6.924,0.180
158.1881,-6.000,456.479,644.654,-19.412,1.458,0.180
158.2856,-5.000,464.829,637.021,-11.420,6.875,0.180
158.3825,-4.000,469.154,633.906,-7.701,8.016,0.180
158.4817,-4.000,464.819,642.270,-14.050,1.688,0.180
158.5790,-3.000,473.152,634.961,-6.229,6.924,0.180
158.6889,-2.000,477.579,632.005,-2.537,8.026,0.180
158.7862,-2.000,473.357,640.476,-8.884,1.690,0.180
158.8843,-1.000,481.793,633.253,-1.055,6.924,0.180
158.9821,-0.000,486.310,630.367,2.647,8.026,0.180
159.0792,-0.000,482.167,638.896,-3.689,1.690,0.180
159.1790,1.000,490.070,631.120,4.150,6.924,0.180
159.2886,1.000,486.163,638.136,-1.311,1.458,0.180
159.3868,2.000,493.713,629.629,6.717,6.875,0.180
159.4873,2.000,489.388,636.140,1.300,1.447,0.180
159.5867,2.000,489.185,638.201,0.167,0.305,0.180
159.6837,2.000,489.745,639.221,-0.063,0.064,0.180
159.7840,2.000,490.376,639.933,-0.103,0.014,0.180
159.8834,2.000,490.946,640.504,-0.103,0.003,0.180
159.9824,2.000,491.439,640.981,-0.095,0.001,0.180
160.0792,2.000,491.861,641.383,-0.085,0.000,0.180
160.1775,3.000,499.596,630.749,9.099,6.568,0.180
160.2850,3.000,494.694,636.187,3.929,1.383,0.180
160.3823,3.000,493.845,637.491,2.853,0.291,0.180
160.4802,4.000,501.198,626.925,11.812,6.630,0.180
160.5792,4.000,496.119,632.273,6.599,1.396,0.180
160.6881,5.000,502.526,622.495,14.691,6.862,0.180
160.7851,5.000,497.202,627.953,9.300,1.445,0.180
160.8829,5.000,496.144,629.125,8.185,0.304,0.180
160.9822,6.000,503.352,618.414,17.145,6.632,0.180
161.0779,5.000,487.785,631.604,2.766,-5.172,0.180
161.1871,5.000,492.384,627.984,6.875,-1.089,0.180
161.2843,5.000,493.686,627.515,7.761,-0.229,0.180
161.3823,4.000,483.873,635.635,-1.206,-6.617,0.180
161.4831,4.000,489.898,631.171,4.039,-1.393,0.180
161.5828,3.000,481.308,638.688,-4.014,-6.862,0.180
161.6790,3.000,487.785,634.299,1.419,-1.445,0.180
161.7875,2.000,479.455,642.004,-6.599,-6.873,0.180
161.8866,2.000,486.125,637.802,-1.163,-1.447,0.180
161.9864,1.000,477.954,645.673,-9.184,-6.873,0.180
162.0837,1.000,484.757,641.613,-3.753,-1.447,0.180
162.1824,1.000,487.070,641.632,-2.605,-0.305,0.180
162.2810,1.000,488.307,642.377,-2.359,-0.064,0.180
162.3793,1.000,489.205,643.164,-2.304,-0.014,0.180
162.4774,1.000,489.937,643.864,-2.288,-0.003,0.180
162.5854,1.000,490.553,644.465,-2.280,-0.001,0.180
162.6824,-0.000,480.703,652.950,-11.448,-6.569,0.180
162.7849,1.000,494.182,637.711,2.911,5.186,0.180
162.8818,1.000,490.845,642.551,-1.178,1.092,0.180
162.9800,1.000,490.627,644.047,-2.034,0.230,0.180
163.0783,1.000,490.994,644.766,-2.210,0.048,0.180
163.1865,1.000,491.423,645.261,-2.243,0.010,0.180
163.2845,1.000,491.813,645.656,-2.246,0.002,0.180
163.3816,1.000,492.150,645.986,-2.243,0.000,0.180
163.4786,2.000,499.812,635.291,6.936,6.569,0.180
163.5846,2.000,494.847,640.678,1.760,1.383,0.180
163.6805,2.000,493.945,641.938,0.679,0.291,0.180
163.7786,2.000,493.878,642.310,0.460,0.061,0.180
163.8755,2.000,493.970,642.478,0.422,0.013,0.180
163.9845,2.000,494.080,642.588,0.422,0.003,0.180
164.0811,2.000,494.182,642.673,0.430,0.001,0.180
164.1785,1.000,483.898,650.716,-8.734,-6.568,0.180
164.2754,1.000,489.637,646.073,-3.543,-1.383,0.180
164.3854,-0.000,480.825,653.416,-11.620,-6.860,0.180
164.4822,-0.000,487.116,648.876,-6.204,-1.444,0.180
164.5773,-1.000,478.027,655.854,-14.238,-6.872,0.180
164.6847,-2.000,473.077,658.410,-17.991,-8.015,0.180
164.7805,-2.000,479.876,652.574,-11.674,-1.687,0.180
164.8766,-3.000,470.634,659.036,-19.525,-6.924,0.180
164.9818,-3.000,476.403,653.904,-14.075,-1.458,0.180
165.0775,-3.000,477.809,653.040,-12.940,-0.307,0.180
165.1847,-4.000,467.292,660.417,-21.887,-6.633,0.180
165.2821,-4.000,472.674,655.367,-16.671,-1.396,0.180
165.3795,-5.000,462.922,661.799,-24.763,-6.862,0.180
165.4784,-6.000,457.430,663.871,-28.545,-8.013,0.180
165.5845,-6.000,463.771,657.622,-22.250,-1.687,0.180
165.6804,-7.000,454.137,663.734,-30.123,-6.924,0.180
165.7766,-8.000,448.597,665.682,-33.867,-8.026,0.180
165.8836,-9.000,443.891,666.733,-36.746,-8.258,0.180
165.9835,-9.000,450.310,660.208,-30.273,-1.739,0.180
166.0825,-9.000,451.591,658.837,-28.947,-0.366,0.180
166.1803,-9.000,451.795,658.556,-28.705,-0.077,0.180
166.2775,-9.000,451.776,658.510,-28.691,-0.016,0.180
166.3755,-10.000,440.741,665.890,-37.899,-6.572,0.180
166.4834,-10.000,445.824,660.700,-32.762,-1.384,0.180
166.5785,-10.000,446.818,659.614,-31.722,-0.291,0.180
166.6743,-10.000,446.958,659.397,-31.544,-0.061,0.180
166.7824,-11.000,435.948,666.742,-40.721,-6.581,0.180
166.8813,-11.000,441.028,661.545,-35.583,-1.386,0.180
166.9784,-11.000,442.016,660.459,-34.546,-0.292,0.180
167.0743,-12.000,431.173,667.618,-43.547,-6.630,0.180
167.1833,-12.000,436.279,662.381,-38.375,-1.396,0.180
167.2812,-12.000,437.263,661.285,-37.336,-0.294,0.180
167.3792,-12.000,437.385,661.068,-37.166,-0.062,0.180
167.4773,-11.000,445.305,650.668,-28.006,6.555,0.180
167.5760,-11.000,440.518,656.346,-33.238,1.380,0.180
167.6836,-10.000,447.724,647.498,-25.212,6.859,0.180
167.7805,-9.000,451.033,643.394,-21.505,8.012,0.180
167.8787,-8.000,453.796,640.554,-18.704,8.255,0.180
167.9779,-8.000,448.704,648.581,-25.263,1.738,0.180
168.0767,-7.000,456.512,640.868,-17.503,6.934,0.180
168.1743,-7.000,452.541,647.919,-23.013,1.460,0.180
168.2846,-6.000,460.635,640.044,-15.029,6.876,0.180
168.3837,-6.000,456.768,647.096,-20.488,1.448,0.180
168.4812,-6.000,456.948,649.624,-21.662,0.305,0.180
168.5786,-6.000,457.827,651.046,-21.934,0.064,0.180
168.6790,-6.000,458.724,652.106,-22.016,0.014,0.180
168.7787,-6.000,459.513,652.980,-22.058,0.003,0.180
168.8773,-6.000,460.187,653.720,-22.091,0.001,0.180
168.9742,-6.000,460.756,654.352,-22.123,0.000,0.180
169.0820,-6.000,461.235,654.894,-22.154,0.000,0.180
169.1779,-6.000,461.638,655.360,-22.185,0.000,0.180
169.2757,-5.000,469.949,645.386,-13.043,6.568,0.180
169.3832,-4.000,473.505,641.018,-9.081,7.951,0.180
169.4804,-3.000,476.335,638.097,-6.205,8.242,0.180
169.5779,-2.000,479.247,635.707,-3.554,8.304,0.180
169.6776,-1.000,482.377,633.622,-0.947,8.317,0.180
169.7794,-0.000,485.724,631.763,1.656,8.319,0.180
169.8789,1.000,488.662,629.489,4.262,8.320,0.180
169.9769,1.000,483.881,637.835,-2.301,1.752,0.180
170.0754,1.000,484.018,640.727,-3.679,0.369,0.180
170.1739,1.000,485.020,642.301,-3.965,0.078,0.180
170.2823,1.000,486.059,643.452,-4.021,0.016,0.180
170.3781,2.000,494.355,633.416,5.145,6.572,0.180
170.4753,1.000,479.565,647.329,-9.207,-5.185,0.180
170.5834,1.000,484.790,644.357,-5.108,-1.092,0.180
170.6809,1.000,486.615,644.448,-4.241,-0.230,0.180
170.7785,1.000,487.615,645.075,-4.054,-0.048,0.180
170.8754,1.000,488.351,645.724,-4.011,-0.010,0.180
170.9736,1.000,488.952,646.299,-3.998,-0.002,0.180
171.0814,2.000,496.832,635.818,5.183,6.568,0.180
171.1799,3.000,499.426,630.414,9.181,7.951,0.180
171.2801,3.000,493.470,636.982,2.920,1.674,0.180
171.3774,3.000,492.424,638.547,1.614,0.352,0.180
171.4746,4.000,499.756,628.057,10.525,6.643,0.180
171.5731,4.000,494.690,633.438,5.302,1.398,0.180
171.6813,5.000,501.115,623.682,13.392,6.863,0.180
171.7785,5.000,495.807,629.158,8.000,1.445,0.180
171.8743,6.000,502.137,619.370,16.059,6.873,0.180
171.9815,6.000,496.773,624.796,10.664,1.447,0.180
172.0799,6.000,495.688,625.933,9.553,0.305,0.180
172.1765,6.000,495.501,626.164,9.344,0.064,0.180
172.2745,7.000,502.874,615.229,18.498,6.582,0.180
172.3832,7.000,497.700,620.375,13.338,1.386,0.180
172.4805,7.000,496.631,621.420,12.281,0.292,0.180
172.5777,7.000,496.427,621.604,12.087,0.061,0.180
172.6767,8.000,503.780,610.634,21.248,6.581,0.180
172.7754,8.000,498.588,615.751,16.094,1.386,0.180
172.8725,8.000,497.504,616.772,15.042,0.292,0.180
172.9807,8.000,497.289,616.933,14.853,0.061,0.180
173.0774,9.000,504.633,605.944,24.020,6.581,0.180
173.1760,9.000,499.434,611.043,18.871,1.386,0.180
173.2735,9.000,498.345,612.048,17.824,0.292,0.180
173.3814,9.000,498.126,612.196,17.641,0.061,0.180
173.4783,9.000,498.094,612.167,17.639,0.013,0.180
173.5735,9.000,498.105,612.105,17.675,0.003,0.180
173.6723,8.000,487.754,620.012,8.546,-6.568,0.180
173.7720,8.000,493.442,615.246,13.773,-1.383,0.180
173.8816,7.000,484.593,622.479,5.733,-6.860,0.180
173.9812,6.000,480.485,625.814,2.011,-8.013,0.180
174.0788,5.000,477.639,628.602,-0.806,-8.255,0.180
174.1764,4.000,475.285,631.508,-3.436,-8.306,0.180
174.2739,3.000,473.224,634.637,-6.031,-8.317,0.180
174.3818,2.000,471.386,637.983,-8.623,-8.319,0.180
174.4787,1.000,469.732,641.520,-11.218,-8.320,0.180
174.5779,-0.000,468.232,645.220,-13.818,-8.320,0.180
174.6786,-1.000,466.261,648.460,-16.424,-8.320,0.180
174.7798,-1.000,474.864,643.936,-9.860,-1.752,0.180
174.8762,-1.000,477.976,644.292,-8.483,-0.369,0.180
174.9736,-1.000,479.735,645.480,-8.197,-0.078,0.180
175.0725,-1.000,481.044,646.677,-8.141,-0.016,0.180
175.1817,-1.000,482.116,647.734,-8.133,-0.003,0.180
175.2791,-1.000,483.019,648.641,-8.136,-0.001,0.180
175.3775,-1.000,483.783,649.415,-8.140,-0.000,0.180
175.4788,-1.000,484.432,650.074,-8.145,-0.000,0.180
175.5757,-2.000,474.009,658.008,-17.324,-6.568,0.180
175.6733,-2.000,479.627,653.276,-12.149,-1.383,0.180
175.7818,-4.000,459.137,667.318,-29.415,-13.428,0.180
175.8805,-4.000,469.977,656.997,-18.835,-2.827,0.180
175.9800,-6.000,450.461,669.754,-34.971,-13.732,0.180
176.0717,-7.000,450.425,666.445,-33.335,-9.459,0.180
176.1784,-9.000,435.988,673.840,-44.250,-15.128,0.180
176.2762,-10.000,436.917,669.323,-41.527,-9.753,0.180
176.3750,-11.000,433.567,669.025,-43.053,-8.622,0.180
176.4729,-13.000,418.319,676.972,-54.651,-14.952,0.180
176.5709,-13.000,429.953,665.132,-42.914,-3.148,0.180
176.6729,-14.000,421.309,670.001,-49.670,-7.231,0.180
176.7709,-14.000,426.840,664.260,-44.034,-1.522,0.180
176.8807,-14.000,427.881,663.042,-42.905,-0.320,0.180
176.9786,-14.000,427.985,662.787,-42.725,-0.067,0.180
177.0763,-13.000,435.875,652.368,-33.571,6.554,0.180
177.1754,-13.000,431.059,658.036,-38.813,1.380,0.180
177.2713,-13.000,430.263,659.554,-39.970,0.290,0.180
177.3807,-13.000,430.274,660.159,-40.267,0.061,0.180
177.4785,-13.000,430.419,660.536,-40.383,0.013,0.180
177.5743,-13.000,430.564,660.836,-40.461,0.003,0.180
177.6736,-12.000,438.656,650.721,-31.357,6.569,0.180
177.7711,-12.000,434.048,656.610,-36.605,1.383,0.180
177.8787,-11.000,441.412,647.935,-28.586,6.860,0.180
177.9770,-11.000,436.882,654.350,-34.058,1.444,0.180
178.0771,-10.000,444.460,645.975,-26.082,6.872,0.180
178.1745,-10.000,440.143,652.614,-31.560,1.447,0.180
178.2736,-9.000,447.910,644.421,-23.580,6.873,0.180
178.3716,-9.000,443.756,651.213,-29.053,1.447,0.180
178.4795,-9.000,443.688,653.523,-30.242,0.305,0.180
178.5797,-9.000,444.353,654.764,-30.530,0.064,0.180
178.6787,-9.000,445.066,655.671,-30.627,0.014,0.180
178.7746,-9.000,445.697,656.417,-30.684,0.003,0.180
178.8713,-9.000,446.233,657.051,-30.733,0.001,0.180
178.9785,-9.000,446.683,657.596,-30.781,0.000,0.180
179.0755,-10.000,436.085,665.439,-40.001,-6.568,0.180
179.1748,-10.000,441.548,660.635,-34.868,-1.383,0.180
179.2701,-11.000,431.895,667.249,-43.002,-6.860,0.180
179.3707,-11.000,437.461,662.099,-37.643,-1.444,0.180
179.4697,-11.000,438.720,661.193,-36.561,-0.304,0.180
179.5777,-12.000,428.080,668.534,-45.551,-6.632,0.180
179.6756,-12.000,433.351,663.458,-40.378,-1.396,0.180
179.7758,-13.000,423.501,669.874,-48.511,-6.862,0.180
179.8734,-13.000,428.891,664.565,-43.161,-1.445,0.180
179.9763,-14.000,419.025,670.900,-51.262,-6.873,0.180
180.0786,-14.000,424.378,665.547,-45.909,-1.447,0.180
180.1781,-14.000,425.446,664.477,-44.839,-0.305,0.180
180.2775,-15.000,414.640,671.682,-53.845,-6.633,0.180
180.3759,-15.000,419.768,666.493,-48.687,-1.396,0.180
180.4756,-15.000,420.766,665.443,-47.663,-0.294,0.180
180.5737,-16.000,409.925,672.641,-56.682,-6.630,0.180
180.6706,-16.000,415.027,667.441,-51.531,-1.396,0.180
180.7789,-16.000,416.005,666.381,-50.512,-0.294,0.180
180.8754,-16.000,416.118,666.197,-50.364,-0.062,0.180
180.9734,-14.000,432.001,645.454,-32.051,13.124,0.180
181.0722,-14.000,422.502,656.822,-42.484,2.763,0.180
181.1713,-13.000,429.016,649.497,-35.565,7.150,0.180
181.2691,-12.000,432.433,645.991,-32.104,8.074,0.180
181.3786,-10.000,443.406,633.142,-20.193,14.837,0.180
181.4774,-9.000,441.817,636.736,-22.784,9.692,0.180
181.5769,-7.000,452.418,626.040,-12.135,15.177,0.180
181.6751,-7.000,443.359,641.017,-24.154,3.195,0.180
181.7742,-5.000,459.263,625.345,-8.365,13.810,0.180
181.8694,-4.000,459.406,628.997,-10.120,9.476,0.180
181.9812,-3.000,462.992,629.239,-8.448,8.563,0.180
182.0780,-2.000,467.316,628.768,-6.050,8.371,0.180
182.1756,-1.000,471.808,628.151,-3.496,8.331,0.180
182.2727,-1.000,468.372,637.880,-10.078,1.754,0.180
182.3706,-0.000,477.631,631.571,-2.294,6.938,0.180
182.4686,1.000,482.281,628.828,1.402,8.029,0.180
182.5758,2.000,485.632,626.498,4.242,8.259,0.180
182.6765,2.000,481.056,634.942,-2.267,1.739,0.180
182.7755,3.000,488.711,626.975,5.544,6.934,0.180
182.8735,3.000,484.620,633.801,0.085,1.460,0.180
182.9725,2.000,474.271,644.074,-10.226,-6.261,0.180
183.0693,2.000,480.693,640.588,-5.272,-1.318,0.180
183.1781,2.000,482.991,640.785,-4.221,-0.277,0.180
183.2788,3.000,491.655,630.642,5.182,6.510,0.180
183.3755,3.000,487.403,636.638,0.058,1.371,0.180
183.4745,3.000,487.077,638.445,-1.008,0.289,0.180
183.5722,4.000,494.868,628.313,7.953,6.629,0.180
183.6689,5.000,497.534,623.057,11.914,7.964,0.180
183.7769,5.000,491.672,629.718,5.653,1.677,0.180
183.8756,6.000,498.087,620.382,13.529,6.921,0.180
183.9740,6.000,492.913,626.073,8.095,1.457,0.180
184.0719,7.000,499.387,616.438,16.150,6.875,0.180
184.1705,7.000,494.153,621.987,10.759,1.447,0.180
184.2678,7.000,493.180,623.226,9.652,0.305,0.180
184.3750,7.000,493.089,623.544,9.448,0.064,0.180
184.4731,7.000,493.171,623.654,9.434,0.014,0.180
184.5713,7.000,493.278,623.710,9.460,0.003,0.180
184.6687,6.000,483.009,631.719,0.320,-6.568,0.180
184.7706,6.000,488.764,627.042,5.536,-1.383,0.180
184.8704,6.000,490.345,626.378,6.659,-0.291,0.180
184.9697,5.000,480.622,634.480,-2.253,-6.630,0.180
185.0672,5.000,486.693,630.031,3.007,-1.396,0.180
185.1683,4.000,478.137,637.566,-5.039,-6.862,0.180
185.2753,4.000,484.641,633.194,0.399,-1.445,0.180
185.3743,3.000,476.335,640.912,-7.613,-6.873,0.180
185.4723,2.000,472.653,644.695,-11.345,-8.015,0.180
185.5703,1.000,470.160,647.873,-14.181,-8.256,0.180
185.6680,-0.000,468.101,651.115,-16.831,-8.306,0.180
185.7744,-0.000,503.157,651.895,-10.895,-1.714,0.320
185.8732,-1.000,515.375,671.072,-23.895,-11.909,0.320
185.9713,-2.000,533.863,683.204,-28.810,-14.013,0.320
186.0706,-3.000,552.473,694.558,-32.061,-14.447,0.320
186.1679,-3.000,586.390,693.882,-20.612,-2.981,0.320
186.2767,-4.000,593.944,715.520,-32.624,-12.171,0.320
186.3746,-5.000,607.818,730.393,-37.348,-14.067,0.320
186.4728,-7.000,606.087,756.653,-54.934,-26.014,0.320
186.5721,-7.000,645.558,748.806,-34.328,-5.368,0.320
186.6700,-9.000,635.639,782.701,-58.829,-24.219,0.320
186.7695,-10.000,656.311,789.343,-54.019,-16.553,0.320
186.8668,-11.000,670.482,802.324,-55.299,-14.971,0.320
186.9755,-13.000,666.760,829.219,-72.201,-26.200,0.320
187.0730,-15.000,671.509,847.262,-80.202,-28.518,0.320
187.1695,-16.000,694.002,851.077,-72.014,-17.440,0.320
187.2677,-19.000,674.957,888.739,-101.346,-38.265,0.320
187.3663,-20.000,704.682,884.772,-85.332,-19.452,0.320
187.4760,-22.000,703.110,908.334,-98.606,-27.125,0.320
187.5734,-24.000,707.421,925.809,-105.789,-28.708,0.320
187.6684,-24.000,745.362,917.160,-83.005,-5.924,0.320
187.7759,-27.000,716.508,964.168,-121.370,-35.889,0.320
187.8745,-27.000,759.963,949.918,-92.886,-7.406,0.320
187.9721,-29.000,748.402,983.397,-115.720,-24.639,0.320
188.0720,-30.000,766.651,990.714,-110.520,-16.640,0.320
188.1720,-31.000,778.561,1004.469,-111.670,-14.989,0.320
188.2705,-31.000,805.445,1007.175,-99.774,-3.093,0.320
188.3662,-33.000,790.476,1044.391,-126.030,-23.749,0.320
188.4762,-34.000,808.030,1052.681,-121.537,-16.456,0.320
188.5760,-35.000,803.889,1050.893,-122.832,-14.951,0.320
188.6735,-36.000,798.560,1050.342,-125.321,-14.641,0.320
188.7701,-38.000,776.715,1062.510,-142.413,-26.132,0.320
188.8689,-38.000,796.415,1040.584,-121.673,-5.392,0.320
188.9673,-39.000,783.535,1047.732,-131.749,-12.668,0.320
189.0668,-39.000,792.705,1036.689,-121.695,-2.614,0.320
189.1744,-39.000,794.029,1033.774,-119.620,-0.539,0.320
189.2700,-37.000,820.369,1001.761,-90.481,23.000,0.320
189.3680,-36.000,816.013,1005.136,-94.379,16.302,0.320
189.4734,-34.000,830.736,988.258,-78.606,26.475,0.320
189.5693,-27.000,904.761,903.282,0.871,86.352,0.320
189.6655,2.000,1225.415,528.319,348.660,352.930,0.320
189.7714,9.000,1052.847,714.845,169.097,153.716,0.320
189.8681,13.000,997.112,788.084,104.595,77.941,0.320
189.9750,16.000,986.101,814.453,85.893,50.750,0.320
190.0707,19.000,994.274,816.814,88.789,45.139,0.320
190.1674,21.000,992.307,829.056,81.675,32.425,0.320
190.2656,23.000,998.818,829.599,84.652,29.802,0.320
190.3729,23.000,981.169,859.242,60.999,6.150,0.320
190.4718,25.000,1006.263,836.665,84.830,24.380,0.320
190.5710,25.000,990.988,860.079,65.481,5.031,0.320
190.6712,25.000,990.458,867.526,61.488,1.038,0.320
190.7686,25.000,992.577,871.287,60.664,0.214,0.320
190.8663,25.000,994.909,873.953,60.494,0.044,0.320
190.9740,25.000,997.001,876.110,60.459,0.009,0.320
191.0711,24.000,983.365,891.196,46.096,-11.554,0.320
191.1694,24.000,994.654,884.142,55.266,-2.384,0.320
191.2710,24.000,998.346,884.047,57.158,-0.492,0.320
191.3691,23.000,984.832,898.461,43.193,-11.657,0.320
191.4669,22.000,980.531,904.365,38.089,-13.961,0.320
191.5747,21.000,978.358,908.742,34.813,-14.436,0.320
191.6653,21.000,992.253,899.720,46.271,-2.979,0.320
191.7744,20.000,981.253,912.701,34.280,-12.170,0.320
191.8715,19.000,977.926,918.553,29.689,-14.067,0.320
191.9713,18.000,976.328,923.136,26.599,-14.458,0.320
192.0709,18.000,990.673,914.329,38.174,-2.983,0.320
192.1673,17.000,980.055,927.495,26.282,-12.171,0.320
192.2678,17.000,992.393,920.323,36.037,-2.512,0.320
192.3661,16.000,981.235,933.710,23.764,-12.074,0.320
192.4748,15.000,977.914,939.767,19.075,-14.047,0.320
192.5709,14.000,976.369,944.479,15.946,-14.454,0.320
192.6693,13.000,975.323,949.055,13.135,-14.538,0.320
192.7681,12.000,974.493,953.726,10.385,-14.555,0.320
192.8656,11.000,973.804,958.520,7.643,-14.559,0.320
192.9754,11.000,988.665,950.148,19.259,-3.004,0.320
193.0728,10.000,978.428,963.741,7.344,-12.175,0.320
193.1695,9.000,975.632,970.229,2.702,-14.068,0.320
193.2691,9.000,989.917,962.083,13.917,-2.903,0.320
193.3684,8.000,979.439,975.619,1.910,-12.155,0.320
193.4635,7.000,976.489,982.008,-2.759,-14.064,0.320
193.5721,7.000,990.651,973.769,8.441,-2.902,0.320
193.6665,6.000,980.070,987.225,-3.577,-12.154,0.320
193.7657,6.000,992.471,980.267,6.103,-2.508,0.320
193.8637,6.000,996.809,980.556,8.127,-0.518,0.320
193.9724,5.000,983.779,995.359,-5.790,-11.662,0.320
194.0708,5.000,995.316,988.329,3.494,-2.407,0.320
194.1702,4.000,983.728,1001.588,-8.930,-12.052,0.320
194.2687,4.000,995.526,994.210,0.658,-2.487,0.320
194.3696,3.000,983.960,1007.374,-11.707,-12.069,0.320
194.4655,1.000,964.852,1026.520,-30.834,-25.601,0.320
194.5729,-0.000,972.751,1022.493,-24.871,-16.838,0.320
194.6689,-1.000,972.979,1024.716,-25.868,-15.030,0.320
194.7676,-2.000,971.163,1027.776,-28.306,-14.657,0.320
194.8668,-2.000,984.813,1018.183,-16.685,-3.024,0.320
194.9657,-3.000,972.645,1029.959,-28.657,-12.180,0.320
195.0727,-4.000,967.347,1034.084,-33.369,-14.069,0.320
195.1700,-5.000,963.211,1036.384,-36.586,-14.459,0.320
195.2698,-5.000,975.377,1025.656,-25.139,-2.984,0.320
195.3675,-6.000,962.047,1036.368,-37.161,-12.171,0.320
195.4667,-7.000,955.780,1039.571,-41.896,-14.067,0.320
195.5642,-8.000,950.821,1041.085,-45.132,-14.458,0.320
195.6736,-8.000,962.287,1029.691,-33.702,-2.983,0.320
195.7624,-8.000,964.641,1027.398,-31.379,-0.616,0.320
195.8725,-9.000,948.829,1039.421,-45.296,-11.683,0.320
195.9717,-9.000,957.941,1030.090,-36.075,-2.411,0.320
196.0725,-9.000,959.710,1028.134,-34.212,-0.497,0.320
196.1690,-9.000,959.975,1027.710,-33.867,-0.103,0.320
196.2662,-9.000,959.939,1027.611,-33.836,-0.021,0.320
196.3735,-9.000,959.848,1027.588,-33.870,-0.004,0.320
196.4729,-9.000,959.752,1027.586,-33.917,-0.001,0.320
196.5706,-9.000,959.661,1027.594,-33.966,-0.000,0.320
196.6695,-9.000,959.576,1027.609,-34.017,-0.000,0.320
196.7664,-9.000,959.495,1027.629,-34.067,-0.000,0.320
196.8633,-9.000,959.419,1027.654,-34.117,-0.000,0.320
196.9709,-9.000,959.347,1027.683,-34.168,-0.000,0.320
197.0676,-9.000,959.279,1027.715,-34.218,-0.000,0.320
197.1650,-9.000,959.212,1027.750,-34.269,-0.000,0.320
197.2635,-8.000,972.430,1012.346,-19.958,11.556,0.320
197.3634,-8.000,963.785,1022.132,-29.174,2.384,0.320
197.4718,-7.000,975.614,1009.113,-16.750,12.048,0.320
197.5680,-6.000,980.288,1004.267,-11.989,14.042,0.320
197.6650,-6.000,970.538,1016.872,-23.167,2.897,0.320
197.7717,-5.000,982.699,1004.977,-11.139,12.153,0.320
197.8705,-4.000,987.920,1000.823,-6.452,14.063,0.320
197.9678,-4.000,978.689,1013.960,-17.635,2.902,0.320
198.0639,-3.000,991.305,1002.505,-5.600,12.154,0.320
198.1727,-2.000,996.916,998.720,-0.902,14.064,0.320
198.2690,-2.000,988.019,1012.169,-12.075,2.902,0.320
198.3663,-1.000,1000.921,1000.977,-0.028,12.154,0.320
198.4717,-1.000,993.496,1012.855,-9.680,2.508,0.320
198.5694,-0.000,1006.673,1001.303,2.685,12.073,0.320
198.6646,1.000,1011.723,996.794,7.465,14.047,0.320
198.7716,1.000,1002.311,1009.667,-3.678,2.899,0.320
198.8683,1.000,1001.486,1013.432,-5.973,0.598,0.320
198.9641,2.000,1014.708,998.870,7.919,11.679,0.320
199.0629,2.000,1006.381,1009.058,-1.339,2.410,0.320
199.1716,3.000,1017.712,995.470,11.121,12.053,0.320
199.2704,3.000,1008.703,1005.559,1.572,2.487,0.320
199.3665,3.000,1007.205,1007.975,-0.385,0.513,0.320
199.4656,4.000,1019.646,992.475,13.586,11.661,0.320
199.5639,4.000,1010.613,1001.907,4.353,2.406,0.320
199.6711,5.000,1021.337,987.683,16.827,12.052,0.320
199.7708,5.000,1011.812,997.233,7.290,2.487,0.320
199.8684,6.000,1022.318,982.908,19.705,12.069,0.320
199.9663,6.000,1012.650,992.330,10.160,2.490,0.320
200.0652,7.000,993.939,986.567,3.686,1.997,0.180
200.1610,7.000,981.707,977.176,2.266,0.571,0.180
200.2704,7.000,970.207,966.478,1.865,0.163,0.180
200.3682,8.000,958.929,951.947,3.491,1.332,0.180
200.4651,8.000,946.606,941.512,2.547,0.381,0.180
200.5631,9.000,934.936,926.899,4.019,1.394,0.180
200.6616,9.000,922.368,916.306,3.031,0.398,0.180
200.7688,10.000,910.515,901.533,4.491,1.400,0.180
200.8685,10.000,897.798,890.798,3.500,0.400,0.180
200.9654,10.000,885.644,879.198,3.223,0.114,0.180
201.0613,11.000,873.743,863.968,4.887,1.318,0.180
201.1683,11.000,860.871,852.960,3.956,0.377,0.180
201.2666,12.000,848.729,837.863,5.433,1.393,0.180
201.3676,12.000,835.759,826.861,4.449,0.398,0.180
201.4647,12.000,823.387,815.037,4.175,0.114,0.180
201.5626,12.000,811.123,802.914,4.105,0.032,0.180
201.6610,13.000,799.013,787.356,5.829,1.295,0.180
201.7696,13.000,785.931,776.100,4.916,0.370,0.180
201.8683,13.000,773.425,764.099,4.663,0.106,0.180
201.9655,13.000,761.036,751.838,4.599,0.030,0.180
202.0656,13.000,748.640,739.462,4.589,0.009,0.180
202.1643,14.000,736.384,723.721,6.331,1.288,0.180
202.2624,14.000,723.168,712.320,5.424,0.368,0.180
202.3706,14.000,710.546,700.199,5.174,0.105,0.180
202.4666,14.000,698.057,687.835,5.111,0.030,0.180
202.5625,15.000,685.753,672.075,6.839,1.294,0.180
202.6612,15.000,672.505,660.649,5.928,0.370,0.180
202.7609,15.000,659.858,648.504,5.677,0.106,0.180
202.8701,15.000,647.349,636.119,5.615,0.030,0.180
202.9690,15.000,634.852,623.637,5.607,0.009,0.180
203.0656,16.000,622.510,607.807,7.351,1.288,0.180
203.1622,16.000,609.221,596.330,6.445,0.368,0.180
203.2696,16.000,596.537,584.143,6.197,0.105,0.180
203.3669,16.000,583.996,571.724,6.136,0.030,0.180
203.4652,16.000,571.471,559.213,6.129,0.009,0.180
203.5640,17.000,571.839,556.091,7.874,1.288,0.180
203.6616,17.000,571.263,557.325,6.969,0.368,0.180
203.7604,17.000,571.295,557.852,6.722,0.105,0.180
203.8693,18.000,571.251,555.251,8.000,1.316,0.180
203.9677,18.000,571.102,556.152,7.475,0.376,0.180
204.0673,18.000,571.169,556.724,7.222,0.107,0.180
204.1630,18.000,571.381,557.057,7.162,0.031,0.180
204.2605,18.000,571.606,557.293,7.156,0.009,0.180
204.3690,18.000,571.812,557.480,7.166,0.003,0.180
204.4689,18.000,571.993,557.632,7.181,0.001,0.180
204.5668,18.000,572.151,557.758,7.196,0.000,0.180
204.6651,18.000,572.287,557.863,7.212,0.000,0.180
204.7628,18.000,572.406,557.949,7.228,0.000,0.180
204.8590,18.000,572.509,558.020,7.245,0.000,0.180
204.9671,18.000,572.600,558.078,7.261,0.000,0.180
205.0650,18.000,572.679,558.125,7.277,0.000,0.180
205.1612,17.000,569.572,558.459,5.557,-1.286,0.180
205.2592,16.000,567.650,558.143,4.754,-1.653,0.180
205.3671,16.000,569.395,557.497,5.949,-0.472,0.180
205.4645,16.000,570.213,557.612,6.301,-0.135,0.180
205.5598,16.000,570.721,557.898,6.411,-0.039,0.180
205.6687,15.000,567.924,558.490,4.717,-1.297,0.180
205.7680,15.000,569.426,558.113,5.656,-0.370,0.180
205.8660,14.000,567.006,558.610,4.198,-1.392,0.180
205.9647,14.000,568.695,558.286,5.205,-0.398,0.180
206.0629,14.000,569.572,558.569,5.501,-0.114,0.180
206.1598,14.000,570.159,558.969,5.595,-0.032,0.180
206.2683,14.000,570.614,559.352,5.631,-0.009,0.180
206.3681,13.000,567.813,559.986,3.913,-1.288,0.180
206.4676,13.000,569.323,559.633,4.845,-0.368,0.180
206.5652,13.000,570.090,559.850,5.120,-0.105,0.180
206.6620,12.000,567.418,560.478,3.470,-1.316,0.180
206.7595,12.000,569.001,560.159,4.421,-0.376,0.180
206.8590,11.000,566.640,560.713,2.963,-1.393,0.180
206.9685,11.000,568.377,560.440,3.968,-0.398,0.180
207.0662,11.000,569.294,560.769,4.263,-0.114,0.180
207.1628,11.000,569.914,561.207,4.354,-0.032,0.180
207.2598,10.000,567.220,561.920,2.650,-1.295,0.180
207.3678,10.000,568.812,561.644,3.584,-0.370,0.180
207.4645,9.000,566.469,562.227,2.121,-1.391,0.180
207.5616,9.000,568.222,561.976,3.123,-0.398,0.180
207.6595,9.000,569.153,562.323,3.415,-0.114,0.180
207.7679,8.000,566.609,563.074,1.768,-1.318,0.180
207.8640,8.000,568.295,562.862,2.716,-0.377,0.180
207.9621,7.000,566.022,563.510,1.256,-1.393,0.180
208.0607,7.000,567.832,563.317,2.257,-0.398,0.180
208.1674,6.000,565.634,564.011,0.811,-1.399,0.180
208.2658,6.000,567.499,563.866,1.816,-0.400,0.180
208.3645,5.000,565.345,564.603,0.371,-1.400,0.180
208.4624,5.000,567.247,564.496,1.375,-0.400,0.180
208.5596,4.000,565.124,565.266,-0.071,-1.400,0.180
208.6671,3.000,563.875,565.483,-0.804,-1.686,0.180
208.7662,3.000,566.144,565.338,0.403,-0.482,0.180
208.8652,2.000,564.216,566.191,-0.987,-1.423,0.180
208.9642,1.000,563.101,566.512,-1.705,-1.692,0.180
209.0630,-0.000,562.297,566.762,-2.232,-1.769,0.180
209.1593,-0.000,564.825,566.762,-0.968,-0.506,0.180
209.2572,-1.000,562.964,567.653,-2.344,-1.430,0.180
209.3660,-3.000,558.479,568.073,-4.797,-2.980,0.180
209.4627,-3.000,561.878,567.219,-2.671,-0.851,0.180
209.5612,-4.000,560.268,567.872,-3.802,-1.529,0.180
209.6582,-4.000,562.450,567.876,-2.713,-0.437,0.180
209.7644,-4.000,563.687,568.497,-2.405,-0.125,0.180
209.8615,-4.000,564.563,569.202,-2.319,-0.036,0.180
209.9601,-4.000,565.256,569.851,-2.297,-0.010,0.180
210.0595,-4.000,565.831,570.418,-2.294,-0.003,0.180
210.1579,-4.000,566.314,570.905,-2.295,-0.001,0.180
210.2679,-4.000,566.723,571.320,-2.298,-0.000,0.180
210.3653,-4.000,567.071,571.674,-2.302,-0.000,0.180
210.4624,-3.000,567.661,568.799,-0.569,1.286,0.180
210.5639,-3.000,567.270,570.249,-1.490,0.367,0.180
210.6620,-2.000,567.751,567.787,-0.018,1.391,0.180
210.7600,-1.000,567.711,566.264,0.723,1.683,0.180
210.8569,-1.000,567.343,568.303,-0.480,0.481,0.180
210.9640,-1.000,567.709,569.358,-0.824,0.137,0.180
211.0604,-0.000,568.511,566.884,0.813,1.325,0.180
211.1579,1.000,568.530,565.323,1.604,1.664,0.180
211.2666,1.000,568.187,567.355,0.416,0.476,0.180
211.3631,2.000,568.743,565.116,1.814,1.422,0.180
211.4611,2.000,568.514,566.914,0.800,0.406,0.180
211.5578,2.000,568.892,567.869,0.512,0.116,0.180
211.6682,3.000,569.554,565.220,2.167,1.319,0.180
211.7646,4.000,569.447,563.518,2.964,1.663,0.180
211.8616,4.000,568.995,565.433,1.781,0.475,0.180
211.9589,4.000,569.281,566.391,1.445,0.136,0.180
212.0582,5.000,569.892,563.716,3.088,1.324,0.180
212.1681,5.000,569.574,565.281,2.147,0.378,0.180
212.2667,6.000,570.014,562.779,3.617,1.394,0.180
212.3636,6.000,569.648,564.394,2.627,0.398,0.180
212.4637,6.000,569.900,565.204,2.348,0.114,0.180
212.5612,7.000,570.452,562.434,4.009,1.318,0.180
212.6590,8.000,570.250,560.630,4.810,1.662,0.180
212.7559,8.000,569.718,562.458,3.630,0.475,0.180
212.8568,8.000,569.936,563.340,3.298,0.136,0.180
212.9656,8.000,570.315,563.898,3.208,0.039,0.180
213.0622,8.000,570.692,564.316,3.188,0.011,0.180
213.1600,9.000,571.206,561.359,4.924,1.289,0.180
213.2584,9.000,570.755,562.733,4.011,0.368,0.180
213.3575,9.000,570.892,563.380,3.756,0.105,0.180
213.4564,9.000,571.158,563.780,3.689,0.030,0.180
213.5566,9.000,571.428,564.077,3.676,0.009,0.180
213.6648,9.000,571.671,564.316,3.678,0.002,0.180
213.7621,10.000,572.059,561.217,5.421,1.286,0.180
213.8606,10.000,571.497,562.475,4.511,0.368,0.180
213.9559,10.000,571.539,563.025,4.257,0.105,0.180
214.0635,10.000,571.725,563.342,4.191,0.030,0.180
214.1635,10.000,571.926,563.568,4.179,0.009,0.180
214.2615,10.000,572.111,563.747,4.182,0.002,0.180
214.3590,10.000,572.272,563.894,4.189,0.001,0.180
214.4577,10.000,572.412,564.017,4.197,0.000,0.180
214.5564,10.000,572.532,564.120,4.206,0.000,0.180
214.6543,10.000,572.636,564.206,4.215,0.000,0.180
214.7654,10.000,572.726,564.277,4.224,0.000,0.180
214.8617,10.000,572.803,564.337,4.233,0.000,0.180
214.9603,11.000,573.047,561.089,5.979,1.286,0.180
215.0575,10.000,569.186,562.518,3.334,-0.918,0.180
215.1654,10.000,570.316,562.319,3.999,-0.262,0.180
215.2629,10.000,570.909,562.519,4.195,-0.075,0.180
215.3600,10.000,571.308,562.793,4.258,-0.021,0.180
215.4595,10.000,571.619,563.055,4.282,-0.006,0.180
215.5570,10.000,571.875,563.285,4.295,-0.002,0.180
215.6543,9.000,568.916,563.778,2.569,-1.286,0.180
215.7617,9.000,570.294,563.303,3.496,-0.367,0.180
215.8630,8.000,567.772,563.713,2.030,-1.391,0.180
215.9622,8.000,569.375,563.314,3.030,-0.397,0.180
216.0603,8.000,570.178,563.535,3.321,-0.114,0.180
216.1585,7.000,567.525,564.179,1.673,-1.318,0.180
216.2573,7.000,569.119,563.877,2.621,-0.377,0.180
216.3587,6.000,566.767,564.447,1.160,-1.393,0.180
216.4578,5.000,565.333,564.486,0.424,-1.684,0.180
216.5555,5.000,567.448,564.186,1.631,-0.481,0.180
216.6544,4.000,565.391,564.906,0.242,-1.423,0.180
216.7608,4.000,567.342,564.817,1.263,-0.407,0.180
247.7826,3.000,118.201,-88.519,103.360,94.957,0.320
247.8496,3.000,57.672,1.644,28.014,19.594,0.320
247.9468,2.000,41.678,45.440,-1.881,-7.512,0.320
248.0458,2.000,63.355,55.171,4.092,-1.550,0.320
248.1446,2.000,80.332,69.664,5.334,-0.320,0.320
248.2427,2.000,96.360,85.162,5.599,-0.066,0.320
248.3421,2.000,112.209,100.884,5.663,-0.014,0.320
248.4414,2.000,128.035,116.666,5.685,-0.003,0.320
248.5490,1.000,128.429,145.756,-8.663,-11.556,0.320
248.6474,1.000,154.024,152.996,0.514,-2.385,0.320
248.7453,1.000,172.264,167.440,2.412,-0.492,0.320
248.8453,1.000,188.939,183.322,2.808,-0.102,0.320
248.9436,1.000,205.249,199.460,2.894,-0.021,0.320
249.0426,1.000,221.449,215.615,2.917,-0.004,0.320
249.1405,-0.000,222.155,245.026,-11.435,-11.556,0.320
249.2499,-0.000,248.013,252.541,-2.264,-2.385,0.320
249.3473,-0.000,266.477,267.219,-0.371,-0.492,0.320
249.4441,-1.000,267.059,295.743,-14.342,-11.657,0.320
249.5432,-1.000,292.563,302.754,-5.096,-2.405,0.320
249.6434,-1.000,310.672,317.056,-3.192,-0.496,0.320
249.7423,-2.000,310.942,345.272,-17.165,-11.658,0.320
249.8412,-2.000,336.176,352.024,-7.924,-2.406,0.320
249.9400,-3.000,337.775,378.549,-20.387,-12.052,0.320
250.0498,-3.000,363.163,384.840,-10.839,-2.487,0.320
250.1468,-3.000,380.971,398.734,-8.882,-0.513,0.320
250.2441,-4.000,380.941,426.646,-22.852,-11.661,0.320
250.3413,-4.000,405.911,433.150,-13.620,-2.406,0.320
250.4505,-4.000,423.562,447.026,-11.732,-0.497,0.320
250.5487,-4.000,439.720,462.441,-11.361,-0.102,0.320
250.6483,-3.000,468.866,462.747,3.059,11.534,0.320
250.7449,-3.000,476.099,488.323,-6.112,2.380,0.320
250.8422,-3.000,490.524,506.559,-8.018,0.491,0.320
250.9412,-3.000,506.386,523.235,-8.424,0.101,0.320
251.0417,-3.000,522.505,539.548,-8.521,0.021,0.320
251.1401,-2.000,551.923,540.310,5.806,11.560,0.320
251.2487,-1.000,572.733,550.769,10.982,13.941,0.320
251.3453,-0.000,592.121,563.575,14.273,14.432,0.320
251.4416,-0.000,598.236,592.598,2.819,2.978,0.320
251.5403,-0.000,613.194,612.283,0.455,0.615,0.320
251.6482,1.000,642.258,613.600,14.329,11.682,0.320
251.7446,1.000,649.791,639.665,5.063,2.411,0.320
251.8399,2.000,676.991,641.958,17.516,12.053,0.320
251.9487,2.000,683.859,667.935,7.962,2.487,0.320
252.0462,1.000,682.801,699.525,-8.362,-11.042,0.320
252.1430,1.000,708.433,707.619,0.407,-2.279,0.320
252.2395,1.000,726.969,722.526,2.221,-0.470,0.320
252.3471,1.000,743.948,738.748,2.600,-0.097,0.320
252.4434,-0.000,745.087,768.444,-11.679,-11.576,0.320
252.5418,-0.000,771.266,776.250,-2.492,-2.389,0.320
252.6401,-1.000,773.712,803.626,-14.957,-12.048,0.320
252.7469,-1.000,799.830,810.631,-5.400,-2.486,0.320
252.8432,-1.000,818.262,825.128,-3.433,-0.513,0.320
252.9422,-1.000,835.046,841.108,-3.031,-0.106,0.320
253.0390,-1.000,851.436,857.342,-2.953,-0.022,0.320
253.1478,-2.000,851.420,886.024,-17.302,-11.560,0.320
253.2455,-2.000,876.653,892.931,-8.139,-2.385,0.320
253.3420,-2.000,894.582,907.096,-6.257,-0.492,0.320
253.4393,-2.000,910.989,922.744,-5.877,-0.102,0.320
253.5468,-2.000,927.069,938.685,-5.808,-0.021,0.320
253.6447,-3.000,926.789,967.117,-20.164,-11.560,0.320
253.7402,-3.000,951.799,973.811,-11.006,-2.385,0.320
253.8388,-3.000,969.537,987.796,-9.130,-0.492,0.320
253.9480,-3.000,985.781,1003.292,-8.756,-0.102,0.320
254.0456,-3.000,1001.721,1019.105,-8.692,-0.021,0.320
254.1433,-4.000,985.407,1031.513,-23.053,-11.560,0.320
254.2394,-4.000,994.399,1022.201,-13.901,-2.385,0.320
254.3477,-4.000,996.133,1020.194,-12.030,-0.492,0.320
254.4459,-5.000,980.105,1032.151,-26.023,-11.657,0.320
254.5463,-5.000,989.098,1022.697,-16.800,-2.405,0.320
254.6432,-5.000,990.783,1020.621,-14.919,-0.496,0.320
254.7393,-5.000,990.983,1020.088,-14.553,-0.102,0.320
254.8459,-6.000,974.614,1032.335,-28.861,-11.577,0.320
254.9440,-6.000,983.516,1022.928,-19.706,-2.389,0.320
255.0440,-6.000,985.163,1020.851,-17.844,-0.493,0.320
255.1409,-6.000,985.339,1020.312,-17.486,-0.102,0.320
255.2471,-6.000,985.231,1020.110,-17.439,-0.021,0.320
255.3478,-6.000,985.082,1019.995,-17.456,-0.004,0.320
255.4449,-6.000,984.940,1019.913,-17.486,-0.001,0.320
255.5432,-6.000,984.812,1019.851,-17.519,-0.000,0.320
255.6391,-6.000,984.698,1019.803,-17.553,-0.000,0.320
255.7479,-5.000,997.877,1004.327,-3.225,11.556,0.320
255.8478,-5.000,989.201,1014.050,-12.424,2.384,0.320
255.9476,-5.000,987.726,1016.415,-14.345,0.492,0.320
256.0463,-4.000,1000.967,1001.771,-0.402,11.657,0.320
256.1455,-4.000,992.596,1011.948,-9.676,2.405,0.320
256.2431,-3.000,1004.714,999.207,2.754,12.052,0.320
256.3413,-3.000,996.367,1010.023,-6.828,2.487,0.320
256.4410,-3.000,995.426,1013.064,-8.819,0.513,0.320
256.5398,-3.000,995.894,1014.380,-9.243,0.106,0.320
256.6380,-3.000,996.552,1015.239,-9.344,0.022,0.320
256.7468,-3.000,997.162,1015.918,-9.378,0.005,0.320
256.8438,-3.000,997.690,1016.486,-9.398,0.001,0.320
256.9424,-3.000,998.138,1016.969,-9.416,0.000,0.320
257.0422,-3.000,998.517,1017.382,-9.433,0.000,0.320
257.1432,-3.000,998.836,1017.735,-9.449,0.000,0.320
257.2408,-3.000,999.106,1018.038,-9.466,0.000,0.320
257.3380,-3.000,999.332,1018.298,-9.483,0.000,0.320
257.4372,-4.000,983.241,1030.963,-23.861,-11.556,0.320
257.5445,-4.000,992.433,1021.858,-14.712,-2.384,0.320
257.6433,-4.000,994.340,1020.025,-12.842,-0.492,0.320
257.7413,-4.000,994.740,1019.688,-12.474,-0.102,0.320
257.8389,-4.000,994.825,1019.657,-12.416,-0.021,0.320
257.9374,-4.000,994.842,1019.685,-12.422,-0.004,0.320
258.0364,-4.000,994.842,1019.723,-12.441,-0.001,0.320
258.1367,-4.000,994.837,1019.762,-12.462,-0.000,0.320
258.2456,-4.000,994.829,1019.798,-12.485,-0.000,0.320
258.3436,-5.000,978.537,1032.273,-26.868,-11.556,0.320
258.4396,-5.000,987.558,1023.008,-17.725,-2.384,0.320
258.5378,-5.000,989.319,1021.040,-15.861,-0.492,0.320
258.6452,-5.000,989.593,1020.590,-15.498,-0.102,0.320
258.7431,-5.000,989.571,1020.462,-15.446,-0.021,0.320
258.8412,-5.000,989.496,1020.410,-15.457,-0.004,0.320
258.9381,-5.000,989.417,1020.381,-15.482,-0.001,0.320
259.0378,-5.000,989.344,1020.362,-15.509,-0.000,0.320
259.1370,-5.000,989.277,1020.351,-15.537,-0.000,0.320
259.2367,-5.000,989.216,1020.345,-15.565,-0.000,0.320
259.3445,-4.000,1002.441,1004.904,-1.231,11.556,0.320
259.4439,-4.000,993.806,1014.655,-10.425,2.384,0.320
259.5407,-4.000,992.365,1017.045,-12.340,0.492,0.320
259.6382,-5.000,976.074,1030.302,-27.114,-11.454,0.320
259.7458,-5.000,985.347,1021.450,-18.051,-2.364,0.320
259.8444,-5.000,987.374,1019.781,-16.204,-0.488,0.320
259.9428,-5.000,987.885,1019.574,-15.844,-0.101,0.320
260.0400,-5.000,988.067,1019.652,-15.793,-0.021,0.320
260.1405,-5.000,988.165,1019.773,-15.804,-0.004,0.320
260.2396,-5.000,988.234,1019.891,-15.829,-0.001,0.320
260.3408,-4.000,1001.567,1004.557,-1.495,11.555,0.320
260.4408,-3.000,1006.305,998.959,3.673,13.940,0.320
260.5388,-3.000,996.359,1011.173,-7.407,2.877,0.320
260.6366,-2.000,1008.304,998.996,4.654,12.149,0.320
260.7368,-1.000,1013.333,994.609,9.362,14.063,0.320
260.8461,-0.000,1017.221,992.108,12.557,14.457,0.320
260.9450,1.000,1020.277,989.390,15.444,14.539,0.320
261.0421,1.000,1010.388,1002.567,3.911,3.000,0.320
261.1400,1.000,1009.410,1006.340,1.535,0.619,0.320
261.2370,2.000,1022.553,991.732,15.411,11.683,0.320
261.3366,3.000,1026.610,985.589,20.511,13.966,0.320
261.4450,3.000,1016.157,997.271,9.443,2.882,0.320
261.5357,4.000,1026.849,983.782,21.534,12.150,0.320
261.6437,4.000,1017.540,993.714,11.913,2.507,0.320
261.7408,4.000,1015.837,995.946,9.946,0.517,0.320
261.8385,5.000,1028.115,980.279,23.918,11.662,0.320
261.9360,5.000,1018.947,989.566,14.691,2.407,0.320
262.0467,6.000,1029.557,975.217,27.170,12.052,0.320
262.1350,6.000,1019.936,984.659,17.638,2.487,0.320
262.2437,6.000,1017.920,986.524,15.698,0.513,0.320
262.3447,7.000,1029.923,970.552,29.686,11.661,0.320
262.4436,7.000,1020.520,979.581,20.470,2.406,0.320
262.5434,7.000,1018.491,981.293,18.599,0.497,0.320
262.6410,7.000,1018.001,981.513,18.244,0.102,0.320
262.7382,7.000,1017.844,981.440,18.202,0.021,0.320
262.8365,6.000,1002.328,994.602,3.863,-11.551,0.320
262.9348,6.000,1012.029,985.899,13.065,-2.384,0.320
263.0345,6.000,1014.378,984.398,14.990,-0.492,0.320
263.1415,6.000,1015.163,984.335,15.414,-0.101,0.320
263.2393,5.000,1000.142,997.809,1.167,-11.576,0.320
263.3351,5.000,1010.201,989.435,10.383,-2.389,0.320
263.4454,4.000,997.399,1001.509,-2.055,-12.048,0.320
263.5435,4.000,1008.175,993.115,7.530,-2.486,0.320
263.6427,3.000,995.741,1005.413,-4.836,-12.069,0.320
263.7416,3.000,1006.779,997.260,4.759,-2.490,0.320
263.8384,3.000,1009.998,996.493,6.753,-0.514,0.320
263.9351,2.000,965.411,1009.653,-2.519,-6.677,0.180
264.0430,2.000,940.098,1006.479,2.763,-1.406,0.180
264.1414,1.000,902.763,1012.425,-5.291,-6.864,0.180
264.2416,1.000,882.722,1004.010,0.134,-1.445,0.180
264.3387,1.000,860.146,997.625,1.280,-0.304,0.180
264.4361,-0.000,827.778,998.201,-7.649,-6.632,0.180
264.5339,-0.000,812.514,984.666,-2.412,-1.396,0.180
264.6423,-0.000,794.115,973.812,-1.310,-0.294,0.180
264.7411,1.000,783.069,951.619,8.096,6.507,0.180
264.8374,2.000,767.350,933.709,12.138,7.938,0.180
264.9352,3.000,751.095,916.006,15.055,8.240,0.180
265.0338,4.000,735.106,897.755,17.739,8.303,0.180
265.1427,5.000,719.497,878.886,20.378,8.316,0.180
265.2394,6.000,704.244,859.458,23.012,8.319,0.180
265.3363,7.000,689.301,839.547,25.649,8.320,0.180
265.4345,8.000,674.623,819.225,28.291,8.320,0.180
265.5438,9.000,660.172,798.551,30.938,8.320,0.180
265.6409,10.000,645.915,777.577,33.590,8.320,0.180
265.7379,11.000,631.823,756.348,36.247,8.320,0.180
265.8365,12.000,617.873,734.901,38.910,8.320,0.180
265.9342,14.000,611.417,702.294,50.751,14.888,0.180
266.0336,14.000,585.107,696.627,39.070,3.134,0.180
266.1412,15.000,575.569,670.609,45.841,7.228,0.180
266.2403,16.000,562.874,647.708,49.386,8.090,0.180
266.3380,17.000,549.563,625.386,52.256,8.272,0.180
266.4359,18.000,536.165,603.122,54.988,8.310,0.180
266.5349,19.000,522.786,580.814,57.695,8.318,0.180
266.6444,20.000,509.338,558.553,60.297,8.320,0.180
266.7413,22.000,518.893,541.502,72.065,14.888,0.180
266.8382,23.000,515.626,540.797,69.480,9.703,0.180
266.9376,23.000,508.886,547.161,61.820,2.043,0.180
267.0362,24.000,515.425,536.703,69.376,6.998,0.180
267.1362,25.000,517.903,530.293,73.019,8.042,0.180
267.2343,26.000,519.432,524.822,75.839,8.261,0.180
267.3325,26.000,513.314,530.590,69.316,1.739,0.180
267.4415,27.000,519.652,520.354,77.112,6.935,0.180
267.5395,27.000,514.438,525.254,71.637,1.460,0.180
267.6398,28.000,520.877,514.949,79.653,6.876,0.180
267.7382,28.000,515.607,519.932,74.225,1.448,0.180
267.8353,28.000,514.599,520.697,73.082,0.305,0.180
267.9335,27.000,504.105,528.584,63.673,-6.504,0.180
268.0421,27.000,509.818,523.655,68.808,-1.369,0.180
268.1407,28.000,518.758,511.782,79.057,6.280,0.180
268.2384,27.000,503.819,524.827,64.931,-5.246,0.180
268.3381,27.000,508.770,521.267,69.073,-1.104,0.180
268.4353,27.000,510.330,520.889,69.945,-0.233,0.180
268.5346,27.000,511.098,521.125,70.128,-0.049,0.180
268.6417,27.000,511.633,521.444,70.167,-0.010,0.180
268.7382,26.000,501.696,529.708,61.007,-6.571,0.180
268.8349,26.000,507.722,525.258,66.194,-1.383,0.180
268.9417,25.000,499.159,532.762,58.117,-6.860,0.180
269.0394,25.000,505.661,528.360,63.533,-1.444,0.180
269.1395,25.000,507.724,528.081,64.673,-0.304,0.180
269.2396,24.000,498.380,536.541,55.745,-6.632,0.180
269.3385,23.000,494.395,540.376,51.812,-7.965,0.180
269.4358,23.000,502.138,535.505,58.100,-1.677,0.180
269.5338,22.000,494.330,543.354,50.256,-6.921,0.180
269.6344,21.000,490.957,547.361,46.552,-8.026,0.180
269.7351,20.000,488.706,550.752,43.719,-8.258,0.180
269.8341,19.000,486.951,554.076,41.169,-8.307,0.180
269.9408,18.000,485.409,557.551,38.652,-8.317,0.180
270.0390,17.000,484.024,561.180,36.138,-8.319,0.180
270.1361,16.000,482.766,564.944,33.621,-8.320,0.180
270.2347,16.000,491.989,560.853,40.273,-1.752,0.180
270.3313,15.000,485.266,569.537,32.565,-6.937,0.180
270.4407,14.000,482.784,574.286,28.946,-8.029,0.180
270.5386,13.000,481.289,578.308,26.184,-8.259,0.180
270.6392,12.000,480.080,582.265,23.598,-8.307,0.180
270.7356,11.000,478.997,586.284,21.045,-8.317,0.180
270.8330,10.000,477.996,590.380,18.495,-8.319,0.180
270.9409,8.000,466.686,602.521,6.768,-14.888,0.180
271.0401,7.000,471.463,602.051,9.390,-9.703,0.180
271.1380,5.000,461.743,613.631,-1.261,-15.180,0.180
271.2372,4.000,467.171,613.384,1.575,-9.764,0.180
271.3360,3.000,468.230,617.330,0.131,-8.624,0.180
271.4356,1.000,457.934,630.079,-11.393,-14.952,0.180
271.5316,-1.000,452.440,637.658,-17.930,-16.285,0.180
271.6386,-3.000,447.231,643.440,-23.426,-16.565,0.180
271.7355,-5.000,441.590,648.368,-28.711,-16.624,0.180
271.8356,-7.000,435.438,652.714,-33.960,-16.637,0.180
271.9346,-9.000,428.821,656.595,-39.209,-16.639,0.180
272.0336,-11.000,421.802,660.090,-44.467,-16.640,0.180
272.1310,-13.000,414.436,663.259,-49.735,-16.640,0.180
272.2387,-15.000,406.775,666.154,-55.013,-16.640,0.180
272.3373,-16.000,409.834,661.443,-51.128,-10.072,0.180
272.4368,-18.000,396.553,669.120,-61.607,-15.257,0.180
272.5337,-19.000,398.149,665.160,-58.829,-9.780,0.180
272.6311,-21.000,384.430,672.671,-69.444,-15.196,0.180
272.7390,-22.000,385.819,668.403,-66.616,-9.768,0.180
272.8359,-23.000,382.839,668.338,-68.073,-8.625,0.180
272.9342,-24.000,378.885,669.102,-70.433,-8.384,0.180
273.0331,-25.000,374.681,669.996,-72.982,-8.334,0.180
273.1305,-26.000,370.384,670.879,-75.571,-8.323,0.180
273.2387,-27.000,366.036,671.725,-78.169,-8.321,0.180
273.3369,-28.000,361.648,672.537,-80.769,-8.320,0.180
273.4347,-29.000,357.228,673.316,-83.369,-8.320,0.180
273.5342,-30.000,352.781,674.069,-85.968,-8.320,0.180
273.6341,-31.000,348.311,674.799,-88.568,-8.320,0.180
273.7321,-32.000,343.821,675.510,-91.168,-8.320,0.180
273.8393,-33.000,339.315,676.204,-93.768,-8.320,0.180
273.9350,-34.000,334.795,676.883,-96.368,-8.320,0.180
274.0343,-35.000,330.263,677.551,-98.968,-8.320,0.180
274.1332,-36.000,325.721,678.209,-101.568,-8.320,0.180
274.2313,-37.000,321.170,678.858,-104.168,-8.320,0.180
274.3416,-38.000,316.611,679.500,-106.768,-8.320,0.180
274.4297,-39.000,312.047,680.135,-109.368,-8.320,0.180
274.5378,-39.000,318.445,673.397,-102.800,-1.752,0.180
274.6350,-40.000,308.715,679.238,-110.586,-6.937,0.180
274.7332,-41.000,303.071,680.977,-114.277,-8.029,0.180
274.8400,-42.000,298.281,681.847,-117.107,-8.259,0.180
274.9372,-43.000,293.667,682.529,-119.756,-8.307,0.180
275.0347,-44.000,289.086,683.169,-122.366,-8.317,0.180
275.1322,-44.000,295.477,676.427,-115.799,-1.751,0.180
275.2300,-44.000,296.710,674.895,-114.417,-0.369,0.180
275.3384,-45.000,285.906,681.846,-123.295,-6.646,0.180
275.4364,-46.000,280.047,683.830,-127.216,-7.968,0.180
275.5347,-46.000,286.190,677.393,-120.926,-1.677,0.180
275.6313,-46.000,287.389,675.944,-119.602,-0.353,0.180
275.7388,-47.000,276.593,682.927,-128.491,-6.643,0.180
275.8356,-47.000,281.717,677.562,-123.247,-1.398,0.180
275.9329,-47.000,282.719,676.356,-122.143,-0.294,0.180
276.0311,-47.000,282.865,676.037,-121.910,-0.062,0.180
276.1385,-47.000,282.840,675.914,-121.862,-0.013,0.180
276.2354,-48.000,271.819,683.209,-131.020,-6.571,0.180
276.3340,-48.000,276.923,677.938,-125.832,-1.383,0.180
276.4325,-48.000,277.945,676.775,-124.740,-0.291,0.180
276.5307,-48.000,278.114,676.485,-124.510,-0.061,0.180
276.6384,-49.000,267.143,683.754,-133.630,-6.581,0.180
276.7367,-49.000,272.265,678.484,-128.434,-1.386,0.180
276.8351,-49.000,273.297,677.328,-127.340,-0.292,0.180
276.9338,-49.000,273.474,677.045,-127.110,-0.061,0.180
277.0328,-49.000,273.477,676.951,-127.061,-0.013,0.180
277.1285,-49.000,273.449,676.903,-127.051,-0.003,0.180
277.2286,-49.000,273.419,676.868,-127.049,-0.001,0.180
277.3373,-49.000,273.391,676.840,-127.049,-0.000,0.180
277.4350,-49.000,273.368,676.816,-127.049,-0.000,0.180
277.5310,-49.000,273.348,676.796,-127.048,-0.000,0.180
277.6298,-50.000,262.362,684.147,-136.217,-6.568,0.180
277.7362,-50.000,267.503,678.917,-131.031,-1.383,0.180
277.8339,-50.000,268.557,677.788,-129.940,-0.291,0.180
277.9331,-50.000,268.755,677.526,-129.710,-0.061,0.180
278.0296,-50.000,268.776,677.450,-129.661,-0.013,0.180
278.1297,-50.000,268.763,677.417,-129.651,-0.003,0.180
278.2286,-50.000,268.745,677.395,-129.649,-0.001,0.180
278.3372,-50.000,268.729,677.377,-129.649,-0.000,0.180
278.4369,-50.000,268.715,677.363,-129.649,-0.000,0.180
278.5334,-50.000,268.703,677.351,-129.648,-0.000,0.180
278.6296,-50.000,268.693,677.341,-129.648,-0.000,0.180
278.7295,-49.000,276.652,666.964,-120.480,6.568,0.180
278.8292,-49.000,271.939,672.622,-125.666,1.383,0.180
278.9353,-48.000,279.218,663.747,-117.589,6.860,0.180
279.0339,-48.000,274.624,669.983,-123.004,1.444,0.180
279.1326,-48.000,274.182,671.822,-124.144,0.304,0.180
279.2298,-47.000,282.504,662.287,-115.216,6.632,0.180
279.3280,-47.000,278.252,668.507,-120.452,1.396,0.180
279.4275,-46.000,285.955,660.078,-112.386,6.862,0.180
279.5343,-45.000,289.697,656.319,-108.635,8.013,0.180
279.6311,-44.000,292.832,653.769,-105.793,8.255,0.180
279.7281,-44.000,288.063,662.035,-112.311,1.738,0.180
279.8274,-43.000,296.146,654.525,-104.514,6.934,0.180
279.9366,-43.000,292.415,661.743,-109.989,1.460,0.180
280.0328,-42.000,300.712,654.009,-101.973,6.876,0.180
280.1313,-42.000,297.024,661.177,-107.401,1.448,0.180
280.2290,-42.000,297.360,663.798,-108.544,0.305,0.180
280.3365,-41.000,306.344,654.927,-99.616,6.633,0.180
280.4362,-41.000,302.657,661.712,-104.852,1.396,0.180
280.5364,-41.000,302.870,664.130,-105.955,0.294,0.180
280.6329,-40.000,311.725,655.113,-97.018,6.630,0.180
280.7285,-40.000,307.922,661.778,-102.253,1.396,0.180
280.8364,-39.000,316.004,653.728,-94.186,6.862,0.180
280.9355,-39.000,312.101,660.659,-99.604,1.445,0.180
281.0303,-38.000,320.215,652.718,-91.576,6.873,0.180
281.1305,-37.000,324.332,649.349,-87.833,8.015,0.180
281.2275,-36.000,327.790,647.126,-84.993,8.256,0.180
281.3368,-35.000,331.266,645.301,-82.342,8.306,0.180
281.4343,-33.000,342.846,633.323,-70.563,14.886,0.180
281.5317,-32.000,341.894,637.537,-73.146,9.702,0.180
281.6296,-30.000,353.057,627.347,-62.469,15.179,0.180
281.7298,-29.000,352.455,632.375,-65.284,9.764,0.180
281.8266,-27.000,364.065,622.728,-54.656,15.192,0.180
281.9357,-25.000,371.842,617.820,-48.313,16.335,0.180
282.0346,-23.000,379.102,614.198,-42.873,16.576,0.180
282.1347,-22.000,378.530,621.462,-46.790,10.058,0.180
282.2327,-20.000,390.871,613.010,-36.394,15.254,0.180
282.3297,-18.000,399.324,609.063,-30.194,16.348,0.180
282.4265,-17.000,399.212,616.604,-34.020,10.010,0.180
282.5352,-15.000,411.826,608.505,-23.664,15.244,0.180
282.6355,-14.000,412.605,615.164,-26.604,9.778,0.180
282.7347,-12.000,425.422,606.869,-16.048,15.195,0.180
282.8343,-11.000,426.258,613.476,-18.933,9.767,0.180
282.9307,-10.000,431.127,615.535,-17.528,8.625,0.180
283.0281,-9.000,436.684,616.466,-15.216,8.384,0.180
283.1262,-7.000,450.223,606.642,-3.534,14.902,0.180
283.2330,-6.000,450.974,612.649,-6.162,9.706,0.180
283.3288,-4.000,463.600,603.967,4.492,15.180,0.180
283.4281,-1.000,480.192,589.527,20.008,22.901,0.180
283.5282,-0.000,475.495,602.654,11.096,11.390,0.180
283.6263,2.000,486.333,594.781,20.452,15.535,0.180
283.7360,4.000,493.087,589.348,26.545,16.407,0.180
283.8349,5.000,491.089,594.867,22.787,10.023,0.180
283.9326,6.000,493.573,594.777,24.074,8.678,0.180
284.0307,7.000,496.644,593.141,26.427,8.395,0.180
284.1298,9.000,506.910,579.896,38.183,14.904,0.180
284.2263,9.000,496.923,593.349,26.463,3.138,0.180
284.3355,10.000,503.340,586.279,33.206,7.229,0.180
284.4328,10.000,498.907,593.156,27.551,1.522,0.180
284.5309,10.000,498.797,595.345,26.402,0.320,0.180
284.6297,10.000,499.479,596.429,26.201,0.067,0.180
284.7280,10.000,500.228,597.181,26.199,0.014,0.180
284.8358,10.000,500.907,597.778,26.240,0.003,0.180
284.9320,10.000,501.499,598.271,26.290,0.001,0.180
285.0309,9.000,491.638,606.654,17.168,-6.568,0.180
285.1290,10.000,505.116,591.320,31.574,5.186,0.180
285.2258,9.000,491.411,604.046,18.358,-5.477,0.180
285.3352,9.000,496.866,600.760,22.729,-1.153,0.180
285.4351,10.000,506.119,589.751,32.859,6.326,0.180
285.5350,10.000,501.930,595.447,27.917,1.332,0.180
285.6328,10.000,501.571,597.087,26.918,0.280,0.180
285.7327,9.000,491.573,605.774,17.575,-6.509,0.180
285.8325,9.000,497.701,601.531,22.761,-1.370,0.180
285.9305,9.000,499.631,601.204,23.889,-0.289,0.180
286.0288,8.000,490.213,609.584,14.990,-6.629,0.180
286.1280,8.000,496.547,605.368,20.266,-1.396,0.180
286.2254,8.000,498.591,605.124,21.409,-0.294,0.180
286.3248,7.000,489.256,613.589,12.509,-6.630,0.180
286.4328,6.000,485.284,617.423,8.606,-7.964,0.180
286.5304,5.000,482.669,620.518,5.751,-8.245,0.180
286.6275,5.000,490.909,615.688,12.287,-1.736,0.180
286.7252,5.000,493.755,615.740,13.683,-0.365,0.180
286.8354,5.000,495.301,616.657,13.997,-0.077,0.180
286.9312,7.000,511.182,595.670,32.431,13.121,0.180
287.0295,8.000,509.063,595.848,31.283,9.331,0.180
287.1267,8.000,502.414,603.848,23.958,1.964,0.180
287.2249,9.000,508.852,594.958,31.623,6.982,0.180
287.3254,11.000,518.592,578.934,44.505,14.607,0.180
287.4342,11.000,507.447,590.738,33.030,3.075,0.180
287.5291,11.000,505.356,593.388,30.660,0.647,0.180
287.6271,11.000,505.140,594.080,30.206,0.136,0.180
287.7256,11.000,505.292,594.333,30.155,0.029,0.180
287.8252,10.000,495.125,602.444,21.016,-6.562,0.180
287.9240,9.000,490.610,605.810,17.076,-7.950,0.180
288.0319,7.000,477.198,616.447,5.051,-14.811,0.180
288.1300,5.000,470.000,622.485,-1.567,-16.255,0.180
288.2294,2.000,454.246,636.055,-16.229,-23.127,0.180
288.3291,-2.000,433.391,652.052,-34.655,-31.143,0.180
288.4257,-3.000,450.929,638.785,-19.252,-13.125,0.180
288.5335,-6.000,431.669,653.875,-36.427,-22.468,0.180
288.6312,-1.000,491.972,587.028,27.148,28.112,0.180
288.7310,1.000,489.840,592.598,23.296,19.055,0.180
288.8267,3.000,494.009,590.150,26.605,17.148,0.180
288.9250,8.000,521.087,552.536,58.951,36.452,0.180
289.0234,9.000,502.746,573.321,39.388,14.243,0.180
289.1318,10.000,501.461,576.084,37.364,9.567,0.180
289.2293,12.000,510.835,563.765,48.210,15.151,0.180
289.3277,13.000,508.059,566.439,45.485,9.758,0.180
289.4266,14.000,509.252,564.558,47.023,8.623,0.180
289.5258,13.000,493.352,580.474,31.114,-4.753,0.180
289.6340,14.000,506.053,567.187,44.108,5.568,0.180
289.7316,13.000,492.607,580.735,30.612,-5.396,0.180
289.8300,12.000,488.104,585.924,25.766,-7.704,0.180
289.9265,12.000,496.041,581.570,31.911,-1.622,0.180
290.0249,13.000,506.280,570.777,42.427,6.227,0.180
290.1272,12.000,492.323,584.863,28.405,-5.257,0.180
290.2276,13.000,505.464,571.231,41.792,5.462,0.180
290.3259,12.000,492.138,584.741,28.374,-5.419,0.180
290.4247,13.000,505.430,571.005,41.888,5.428,0.180
290.5316,13.000,502.523,576.533,37.671,1.143,0.180
290.6295,14.000,510.177,567.509,46.010,6.809,0.180
290.7290,13.000,495.418,581.702,31.533,-5.135,0.180
290.8266,14.000,508.173,567.867,44.828,5.487,0.180
290.9229,13.000,494.581,581.141,31.396,-5.413,0.180
291.0328,12.000,489.913,586.138,26.563,-7.708,0.180
291.1310,12.000,497.700,581.630,32.711,-1.623,0.180
291.2278,11.000,490.064,589.654,24.881,-6.910,0.180
291.3232,10.000,486.868,593.780,21.220,-8.023,0.180
291.4328,8.000,474.402,605.236,9.258,-14.826,0.180
291.5290,7.000,478.346,604.035,11.831,-9.690,0.180
291.6259,5.000,467.950,614.961,1.170,-15.177,0.180
291.7258,3.000,462.436,622.126,-5.170,-16.332,0.180
291.8250,2.000,468.673,620.892,-1.434,-10.007,0.180
291.9234,1.000,469.836,624.581,-2.697,-8.675,0.180
292.0303,-1.000,458.905,636.637,-14.190,-14.963,0.180
292.1279,-2.000,463.217,635.681,-11.556,-9.719,0.180
292.2245,-2.000,473.806,630.945,-3.894,-2.046,0.180
292.3250,-3.000,466.925,639.201,-11.463,-6.999,0.180
292.4237,-3.000,474.519,635.776,-5.953,-1.474,0.180
292.5228,-3.000,477.438,636.400,-4.805,-0.310,0.180
292.6227,-4.000,468.200,645.050,-13.749,-6.634,0.180
292.7317,-5.000,463.693,648.457,-17.707,-7.965,0.180
292.8285,-5.000,470.987,643.227,-11.445,-1.677,0.180
292.9254,-6.000,462.189,650.181,-19.320,-6.921,0.180
293.0243,-7.000,457.365,652.837,-23.061,-8.026,0.180
293.1239,-8.000,453.269,654.490,-25.935,-8.258,0.180
293.2327,-9.000,449.235,655.848,-28.631,-8.307,0.180
293.3307,-10.000,445.135,657.072,-31.293,-8.317,0.180
293.4288,-11.000,440.954,658.210,-33.952,-8.319,0.180
293.5248,-12.000,436.698,659.279,-36.615,-8.320,0.180
293.6250,-13.000,432.376,660.292,-39.283,-8.320,0.180
293.7235,-14.000,427.996,661.259,-41.956,-8.320,0.180
293.8296,-15.000,423.568,662.186,-44.634,-8.320,0.180
293.9285,-16.000,419.097,663.082,-47.317,-8.320,0.180
294.0249,-17.000,414.589,663.951,-50.005,-8.320,0.180
294.1214,-18.000,410.049,664.797,-52.699,-8.320,0.180
294.2295,-19.000,405.480,665.627,-55.398,-8.320,0.180
294.3272,-20.000,400.991,666.337,-57.998,-8.320,0.180
294.4267,-21.000,396.485,667.031,-60.598,-8.320,0.180
294.5245,-21.000,402.933,660.343,-54.029,-1.752,0.180
294.6220,-22.000,393.246,666.227,-61.815,-6.937,0.180
294.7314,-22.000,398.606,660.633,-56.338,-1.460,0.180
294.8295,-23.000,388.691,666.749,-64.354,-6.876,0.180
294.9303,-23.000,394.005,661.207,-58.925,-1.448,0.180
295.0274,-24.000,384.082,667.335,-66.951,-6.873,0.180
295.1234,-24.000,389.396,661.796,-61.525,-1.447,0.180
295.2311,-24.000,390.443,660.558,-60.382,-0.305,0.180
295.3316,-25.000,379.633,667.605,-69.310,-6.633,0.180
295.4297,-26.000,373.802,669.638,-73.242,-7.965,0.180
295.5276,-26.000,379.976,663.236,-66.954,-1.677,0.180
295.6251,-27.000,370.234,669.183,-74.799,-6.921,0.180
295.7239,-27.000,375.586,663.607,-69.335,-1.457,0.180
295.8226,-28.000,365.672,669.729,-77.353,-6.875,0.180
295.9207,-29.000,360.020,671.558,-81.094,-8.016,0.180
296.0303,-30.000,355.255,672.474,-83.934,-8.256,0.180
296.1288,-31.000,350.669,673.188,-86.584,-8.307,0.180
296.2296,-31.000,357.081,666.485,-80.026,-1.749,0.180
296.3306,-31.000,358.338,664.981,-78.646,-0.368,0.180
296.4284,-32.000,347.555,671.953,-87.524,-6.646,0.180
296.5265,-32.000,352.682,666.587,-82.277,-1.399,0.180
296.6244,-33.000,342.717,672.750,-90.341,-6.863,0.180
296.7217,-33.000,348.019,667.215,-84.923,-1.445,0.180
296.8313,-33.000,349.061,665.976,-83.782,-0.304,0.180
296.9305,-33.000,349.217,665.652,-83.542,-0.064,0.180
297.0282,-34.000,338.228,672.898,-92.660,-6.582,0.180
297.1261,-34.000,343.333,667.611,-87.463,-1.386,0.180
297.2241,-34.000,344.350,666.440,-86.369,-0.292,0.180
297.3236,-34.000,344.515,666.144,-86.139,-0.061,0.180
297.4293,-33.000,352.476,655.672,-76.922,6.555,0.180
297.5270,-33.000,347.733,661.280,-82.098,1.380,0.180
297.6255,-32.000,354.980,652.369,-74.019,6.859,0.180
297.7224,-32.000,350.358,658.576,-79.434,1.444,0.180
297.8294,-31.000,357.860,650.021,-71.405,6.872,0.180
297.9275,-31.000,353.487,656.500,-76.831,1.447,0.180
298.0274,-31.000,353.239,658.537,-77.973,0.305,0.180
298.1271,-30.000,361.728,649.169,-69.045,6.633,0.180
298.2240,-30.000,357.618,655.532,-74.281,1.396,0.180
298.3226,-29.000,365.442,647.223,-66.215,6.862,0.180
298.4218,-30.000,350.349,661.303,-80.801,-5.124,0.180
298.5204,-30.000,355.464,658.328,-76.756,-1.079,0.180
298.6293,-30.000,357.225,658.386,-75.905,-0.227,0.180
298.7254,-30.000,358.177,658.979,-75.725,-0.048,0.180
298.8215,-29.000,366.840,649.230,-66.519,6.558,0.180
298.9195,-29.000,362.701,655.446,-71.697,1.381,0.180
299.0277,-29.000,362.494,657.419,-72.787,0.291,0.180
299.1251,-29.000,363.015,658.399,-73.016,0.061,0.180
299.2251,-28.000,371.573,648.716,-63.896,6.581,0.180
299.3257,-26.000,383.336,634.197,-50.755,14.522,0.180
299.4255,-26.000,373.699,647.491,-62.220,3.057,0.180
299.5251,-25.000,380.809,641.091,-55.466,7.212,0.180
299.6215,-22.000,400.821,617.481,-33.654,21.224,0.180
299.7201,-21.000,395.005,626.839,-41.241,11.037,0.180
299.8295,-18.000,413.109,607.546,-22.543,22.029,0.180
299.9285,-18.000,399.619,629.025,-40.027,4.638,0.180
300.0288,-12.000,447.102,573.934,11.260,40.387,0.180
300.1287,-10.000,436.868,590.899,-2.340,21.639,0.180
300.2266,-8.000,441.541,593.149,-1.128,17.692,0.180
300.3242,-7.000,441.447,602.727,-5.964,10.293,0.180
300.4228,-5.000,454.763,595.673,4.221,15.304,0.180
300.5207,-4.000,456.289,603.068,1.286,9.790,0.180
300.6199,-2.000,469.779,595.363,11.883,15.198,0.180
300.7278,-1.000,471.202,602.456,9.048,9.768,0.180
300.8245,-0.000,476.578,604.919,10.505,8.625,0.180
300.9226,-0.000,474.600,616.559,3.696,1.816,0.180
301.0203,1.000,484.647,611.126,11.436,6.951,0.180
301.1202,1.000,482.626,620.069,5.954,1.463,0.180
301.2272,2.000,491.791,613.187,13.978,6.876,0.180
301.3264,3.000,496.217,610.102,17.733,8.016,0.180
301.4230,3.000,491.974,618.485,11.420,1.688,0.180
301.5203,4.000,499.790,610.587,19.277,6.924,0.180
301.6285,7.000,517.931,584.577,41.352,21.163,0.180
301.7274,8.000,509.789,591.430,33.855,11.024,0.180
301.8240,9.000,509.454,590.070,34.367,8.889,0.180
301.9233,11.000,518.009,575.874,45.743,15.008,0.180
302.0210,12.000,514.194,577.294,43.126,9.728,0.180
302.1215,13.000,514.432,574.420,44.682,8.616,0.180
302.2195,14.000,515.451,570.561,47.120,8.382,0.180
302.3183,15.000,516.572,566.425,49.749,8.333,0.180
302.4188,15.000,510.290,573.145,43.248,1.754,0.180
302.5282,17.000,523.917,552.691,60.288,13.506,0.180
302.6263,17.000,513.441,563.363,49.714,2.843,0.180
302.7241,18.000,518.741,554.630,56.731,7.167,0.180
302.8199,19.000,520.591,549.262,60.340,8.077,0.180
302.9173,19.000,514.318,555.544,54.062,1.700,0.180
303.0292,20.000,520.348,545.922,61.888,6.926,0.180
303.1179,19.000,504.584,559.234,47.350,-5.110,0.180
303.2279,18.000,498.801,563.532,42.310,-7.644,0.180
303.3240,17.000,495.424,566.246,39.265,-8.178,0.180
303.4210,16.000,492.814,568.893,36.636,-8.290,0.180
303.5174,15.000,490.584,571.754,34.090,-8.314,0.180
303.6265,15.000,498.994,566.881,40.732,-1.750,0.180
303.7257,13.000,481.209,582.872,23.844,-13.505,0.180
303.8238,13.000,494.177,574.380,34.574,-2.843,0.180
303.9198,13.000,498.391,573.970,36.886,-0.599,0.180
304.0170,12.000,490.174,583.020,28.253,-6.694,0.180
304.1225,12.000,497.376,579.527,33.600,-1.409,0.180
304.2211,11.000,489.753,587.901,25.602,-6.865,0.180
304.3189,11.000,497.050,584.244,31.079,-1.445,0.180
304.4173,11.000,499.795,584.592,32.277,-0.304,0.180
304.5275,11.000,501.407,585.610,32.574,-0.064,0.180
304.6267,11.000,502.632,586.619,32.682,-0.013,0.180
304.7265,10.000,493.276,595.475,23.576,-6.571,0.180
304.8265,10.000,499.804,591.523,28.816,-1.383,0.180
304.9231,9.000,491.668,599.446,20.787,-6.860,0.180
305.0221,9.000,498.541,595.394,26.249,-1.444,0.180
305.1190,8.000,490.553,603.379,18.262,-6.872,0.180
305.2169,8.000,497.519,599.411,23.729,-1.447,0.180
305.3249,7.000,489.603,607.475,15.740,-6.873,0.180
305.4236,6.000,486.255,611.549,12.029,-8.015,0.180
305.5208,5.000,484.049,614.972,9.214,-8.256,0.180
305.6209,4.000,482.236,618.419,6.584,-8.306,0.180
305.7206,3.000,480.636,622.009,3.989,-8.317,0.180
305.8174,1.000,468.816,633.719,-7.776,-14.888,0.180
305.9236,-0.000,473.154,632.888,-5.191,-9.703,0.180
306.0217,-2.000,461.858,642.966,-15.878,-15.180,0.180
306.1203,-3.000,465.340,640.848,-13.079,-9.764,0.180
306.2196,-5.000,453.165,649.982,-23.733,-15.192,0.180
306.3206,-6.000,455.867,647.095,-20.939,-9.767,0.180
306.4192,-8.000,443.021,655.585,-31.606,-15.193,0.180
306.5190,-9.000,445.148,652.154,-28.827,-9.767,0.180
306.6208,-10.000,442.785,652.809,-30.337,-8.625,0.180
306.7163,-12.000,428.369,661.574,-41.927,-14.953,0.180
306.8160,-13.000,429.735,657.803,-39.358,-9.716,0.180
306.9234,-14.000,426.843,658.052,-40.929,-8.614,0.180
307.0239,-16.000,412.000,666.448,-52.548,-14.950,0.180
307.1203,-17.000,413.006,662.362,-50.002,-9.716,0.180
307.2173,-17.000,420.780,654.971,-42.420,-2.045,0.180
307.3269,-17.000,422.468,653.607,-40.894,-0.431,0.180
307.4271,-18.000,411.884,660.867,-49.816,-6.659,0.180
307.5248,-19.000,406.162,663.165,-53.826,-7.970,0.180
307.6230,-18.000,420.373,646.642,-38.459,4.890,0.180
307.7226,-18.000,416.936,651.114,-42.413,1.030,0.180
307.8207,-18.000,416.470,652.460,-43.320,0.217,0.180
307.9184,-18.000,416.579,653.099,-43.584,0.046,0.180
308.0167,-18.000,416.767,653.547,-43.714,0.010,0.180
308.1162,-17.000,424.910,643.544,-34.642,6.570,0.180
308.2255,-16.000,428.318,639.156,-30.744,7.952,0.180
308.3247,-15.000,431.014,636.226,-27.931,8.242,0.180
308.4216,-14.000,433.803,633.839,-25.342,8.304,0.180
308.5193,-14.000,428.845,642.138,-31.971,1.748,0.180
308.6200,-13.000,436.786,634.637,-24.250,6.936,0.180
308.7208,-13.000,432.929,641.868,-29.794,1.460,0.180
308.8199,-11.000,449.090,623.775,-12.667,13.444,0.180
308.9182,-11.000,440.598,636.625,-23.338,2.830,0.180
309.0154,-10.000,448.132,630.395,-16.456,7.164,0.180
309.1242,-10.000,444.478,638.157,-22.164,1.508,0.180
309.2231,-9.000,452.955,630.773,-14.233,6.886,0.180
309.3218,-9.000,449.436,638.220,-19.716,1.450,0.180
309.4213,-9.000,449.914,641.081,-20.908,0.305,0.180
309.5167,-9.000,451.046,642.788,-21.195,0.064,0.180
309.6251,-9.000,452.154,644.091,-21.293,0.014,0.180
309.7247,-10.000,442.149,652.548,-30.524,-6.566,0.180
309.8247,-10.000,448.121,648.258,-25.393,-1.382,0.180
309.9148,-10.000,449.876,647.934,-24.353,-0.291,0.180
310.0168,-10.000,450.662,648.364,-24.176,-0.061,0.180
310.1157,-11.000,440.201,656.258,-33.353,-6.581,0.180
310.2155,-11.000,445.749,651.529,-28.214,-1.386,0.180
310.3247,-11.000,447.134,650.840,-27.178,-0.292,0.180
310.4224,-11.000,447.602,650.963,-27.005,-0.061,0.180
310.5200,-11.000,447.845,651.223,-27.013,-0.013,0.180
310.6177,-11.000,448.012,651.484,-27.060,-0.003,0.180
310.7193,-11.000,448.138,651.720,-27.115,-0.001,0.180
310.8179,-11.000,448.236,651.931,-27.172,-0.000,0.180
310.9152,-10.000,456.284,641.746,-18.056,6.568,0.180
311.0142,-10.000,451.637,647.575,-23.293,1.383,0.180
311.1219,-11.000,440.023,656.595,-33.611,-6.277,0.180
311.2173,-11.000,445.319,652.094,-28.712,-1.322,0.180
311.3147,-11.000,446.643,651.446,-27.726,-0.278,0.180
311.4207,-11.000,447.092,651.570,-27.563,-0.059,0.180
311.5173,-11.000,447.325,651.825,-27.574,-0.012,0.180
311.6154,-11.000,447.485,652.080,-27.622,-0.003,0.180
311.7142,-12.000,436.633,659.685,-36.851,-6.569,0.180
311.8240,-12.000,441.876,654.682,-31.727,-1.383,0.180
311.9220,-12.000,443.008,653.754,-30.698,-0.291,0.180
312.0203,-12.000,443.262,653.673,-30.530,-0.061,0.180
312.1192,-12.000,443.321,653.761,-30.544,-0.013,0.180
312.2182,-12.000,443.332,653.876,-30.596,-0.003,0.180
312.3157,-12.000,443.325,653.989,-30.657,-0.001,0.180
312.4139,-12.000,443.308,654.096,-30.719,-0.000,0.180
312.5222,-12.000,443.284,654.197,-30.781,-0.000,0.180
312.6196,-12.000,443.254,654.292,-30.843,-0.000,0.180
312.7166,-12.000,443.220,654.382,-30.906,-0.000,0.180
312.8144,-12.000,443.181,654.468,-30.968,-0.000,0.180
312.9223,-12.000,443.139,654.551,-31.030,-0.000,0.180
313.0180,-12.000,443.093,654.630,-31.093,-0.000,0.180
313.1154,-12.000,443.045,654.707,-31.155,-0.000,0.180
313.2237,-12.000,442.995,654.782,-31.218,-0.000,0.180
313.3215,-12.000,442.943,654.855,-31.280,-0.000,0.180
313.4187,-12.000,442.890,654.926,-31.342,-0.000,0.180
313.5184,-12.000,442.835,654.996,-31.405,-0.000,0.180
313.6162,-11.000,450.753,644.691,-22.294,6.568,0.180
313.7236,-11.000,445.995,650.419,-27.536,1.383,0.180
313.8207,-11.000,445.259,651.981,-28.685,0.291,0.180
313.9196,-11.000,445.323,652.619,-28.972,0.061,0.180
314.0190,-11.000,445.515,653.022,-29.078,0.013,0.180
314.1192,-10.000,453.675,642.970,-19.972,6.571,0.180
314.2160,-10.000,449.131,648.905,-25.211,1.383,0.180
314.3153,-10.000,448.578,650.640,-26.356,0.291,0.180
314.4236,-10.000,448.798,651.424,-26.638,0.061,0.180
314.5225,-10.000,449.125,651.952,-26.738,0.013,0.180
314.6204,-10.000,449.426,652.377,-26.800,0.003,0.180
314.7170,-10.000,449.680,652.740,-26.854,0.001,0.180
314.8134,-10.000,449.890,653.054,-26.907,0.000,0.180
314.9223,-9.000,458.034,642.956,-17.785,6.568,0.180
315.0194,-9.000,453.471,648.858,-23.018,1.383,0.180
315.1161,-9.000,452.902,650.565,-24.156,0.291,0.180
315.2137,-9.000,453.109,651.326,-24.433,0.061,0.180
315.3224,-8.000,461.399,641.458,-15.354,6.581,0.180
315.4205,-8.000,456.991,647.525,-20.592,1.386,0.180
315.5167,-7.000,464.534,638.992,-12.554,6.860,0.180
315.6154,-7.000,460.161,645.524,-18.006,1.444,0.180
315.7134,-7.000,459.902,647.618,-19.182,0.304,0.180
315.8121,-7.000,460.405,648.674,-19.459,0.064,0.180
315.9214,-6.000,468.955,639.050,-10.372,6.582,0.180
316.0199,-6.000,464.770,645.321,-15.600,1.386,0.180
316.1189,-5.000,472.506,636.959,-7.551,6.860,0.180
316.2164,-5.000,468.298,643.635,-12.993,1.444,0.180
316.3140,-4.000,476.154,635.476,-4.986,6.872,0.180
316.4224,-4.000,472.079,642.294,-10.432,1.447,0.180
316.5219,-3.000,480.055,634.249,-2.421,6.873,0.180
316.6203,-2.000,484.058,630.788,1.310,8.015,0.180
316.7191,-2.000,479.450,638.857,-5.028,1.687,0.180
316.8166,-1.000,487.552,631.297,2.803,6.924,0.180
316.9133,-0.000,491.784,628.124,6.506,8.026,0.180
317.0132,-0.000,487.399,636.411,0.169,1.690,0.180
317.1188,1.000,527.157,627.960,13.072,11.904,0.320
317.2178,2.000,556.870,628.793,17.991,14.012,0.320
317.3144,2.000,570.722,648.679,6.882,2.891,0.320
317.4215,3.000,604.485,644.528,18.960,12.152,0.320
317.5209,3.000,617.177,664.781,9.332,2.508,0.320
317.6176,3.000,636.563,678.174,7.358,0.517,0.320
317.7166,3.000,656.711,690.661,6.965,0.107,0.320
317.8147,3.000,676.492,703.396,6.897,0.022,0.320
317.9120,2.000,680.309,729.831,-7.465,-11.551,0.320
318.0203,2.000,708.826,734.803,1.713,-2.384,0.320
318.1188,1.000,714.114,760.596,-10.745,-12.047,0.320
318.2178,1.000,742.652,766.251,-1.178,-2.486,0.320
318.3142,-0.000,747.702,792.880,-13.560,-12.069,0.320
318.4225,-2.000,743.423,824.181,-32.704,-25.601,0.320
318.5213,-3.000,765.472,832.035,-26.758,-16.838,0.320
318.6181,-4.000,780.112,846.747,-27.772,-15.030,0.320
318.7170,-6.000,776.650,875.253,-44.588,-26.213,0.320
318.8147,-7.000,797.877,882.248,-38.180,-16.964,0.320
318.9137,-10.000,778.941,921.428,-67.838,-38.167,0.320
319.0116,-12.000,792.616,931.055,-66.325,-30.987,0.320
319.1188,-13.000,816.585,933.827,-56.161,-17.950,0.320
319.2184,-14.000,830.098,946.978,-56.349,-15.259,0.320
319.3148,-15.000,841.382,962.293,-58.678,-14.704,0.320
319.4116,-16.000,852.146,978.073,-61.453,-14.590,0.320
319.5197,-16.000,879.031,981.526,-49.963,-3.011,0.320
319.6194,-17.000,880.523,1006.755,-62.025,-12.177,0.320
319.7158,-18.000,889.218,1024.708,-66.817,-14.068,0.320
319.8135,-19.000,899.353,1041.158,-70.114,-14.459,0.320
319.9108,-20.000,893.942,1041.271,-72.994,-14.539,0.320
320.0210,-21.000,888.553,1041.315,-75.811,-14.556,0.320
320.1183,-21.000,899.420,1028.906,-64.259,-3.004,0.320
320.2159,-22.000,884.945,1038.229,-76.230,-12.175,0.320
320.3155,-23.000,877.705,1040.251,-80.923,-14.068,0.320
320.4147,-24.000,871.929,1040.751,-84.114,-14.458,0.320
320.5138,-24.000,882.707,1028.489,-72.639,-2.983,0.320
320.6105,-25.000,868.206,1037.888,-84.626,-12.171,0.320
320.7187,-26.000,860.954,1039.964,-89.322,-14.067,0.320
320.8158,-26.000,871.446,1028.072,-78.158,-2.903,0.320
320.9142,-27.000,856.902,1037.586,-90.210,-12.155,0.320
321.0102,-28.000,849.655,1039.717,-94.919,-14.064,0.320
321.1156,-29.000,843.884,1040.300,-98.113,-14.458,0.320
321.2126,-30.000,838.392,1040.542,-100.994,-14.539,0.320
321.3094,-30.000,849.212,1028.260,-89.455,-3.000,0.320
321.4176,-31.000,834.706,1037.683,-101.430,-12.175,0.320
321.5148,-32.000,827.442,1039.787,-106.123,-14.068,0.320
321.6198,-32.000,837.921,1027.921,-94.958,-2.903,0.320
321.7169,-32.000,839.642,1025.022,-92.654,-0.599,0.320
321.8141,-32.000,839.622,1024.040,-92.179,-0.124,0.320
321.9112,-33.000,823.023,1035.947,-106.436,-11.581,0.320
322.0107,-33.000,831.724,1026.258,-97.245,-2.390,0.320
322.1190,-34.000,816.929,1036.374,-109.704,-12.049,0.320
322.2172,-34.000,826.005,1026.320,-100.141,-2.486,0.320
322.3132,-35.000,811.290,1036.364,-112.524,-12.069,0.320
322.4109,-36.000,804.109,1038.734,-117.301,-14.046,0.320
322.5187,-37.000,798.439,1039.476,-120.509,-14.454,0.320
322.6176,-38.000,793.041,1039.844,-123.393,-14.538,0.320
322.7146,-39.000,787.668,1040.103,-126.211,-14.555,0.320
322.8098,-39.000,798.547,1027.876,-114.659,-3.004,0.320
322.9089,-39.000,800.359,1024.918,-112.275,-0.620,0.320
323.0185,-39.000,800.364,1023.939,-111.783,-0.128,0.320
323.1149,-38.000,813.328,1007.987,-97.326,11.529,0.320
323.2109,-36.000,830.960,986.496,-77.765,25.490,0.320
323.3196,-32.000,865.192,946.343,-40.573,51.482,0.320
323.4177,-25.000,920.746,882.636,19.057,91.512,0.320
323.5157,-16.000,974.543,823.470,75.539,122.883,0.320
323.6141,-9.000,981.114,824.215,78.451,106.246,0.320
323.7116,-3.000,990.037,829.550,80.245,91.257,0.320
323.8092,2.000,997.380,838.167,79.608,76.609,0.320
323.9157,6.000,1000.639,848.114,76.263,62.030,0.320
324.0140,9.000,1000.378,860.080,70.150,47.467,0.320
324.1124,11.000,997.113,874.613,61.251,32.906,0.320
324.2109,13.000,1003.731,875.894,63.919,29.901,0.320
324.3183,15.000,1011.312,873.347,68.983,29.281,0.320
324.4178,16.000,1005.738,885.360,60.189,17.598,0.320
324.5145,18.000,1020.980,870.911,75.035,26.742,0.320
324.6127,20.000,1027.964,862.921,82.522,28.629,0.320
324.7124,21.000,1020.250,871.940,74.155,17.463,0.320
324.8132,22.000,1020.881,871.579,74.651,15.159,0.320
324.9113,24.000,1035.335,852.673,91.331,26.239,0.320
325.0115,26.000,1040.490,842.055,99.218,28.526,0.320
325.1088,27.000,1030.964,849.097,90.934,17.442,0.320
325.2179,29.000,1042.437,830.832,105.802,26.710,0.320
325.3146,31.000,1046.223,819.594,113.315,28.623,0.320
325.4123,32.000,1035.775,825.867,104.954,17.462,0.320
325.5128,33.000,1034.078,823.176,105.451,15.159,0.320
325.6109,34.000,1034.117,818.566,107.776,14.684,0.320
325.7094,35.000,1034.457,813.502,110.478,14.585,0.320
325.8171,36.000,1034.809,808.294,113.257,14.565,0.320
325.9159,36.000,1022.685,819.290,101.698,3.006,0.320
326.0148,37.000,1032.256,804.920,113.668,12.176,0.320
326.1144,37.000,1022.053,814.044,104.005,2.512,0.320
326.2118,37.000,1019.601,815.580,102.011,0.518,0.320
326.3094,37.000,1018.800,815.602,101.599,0.107,0.320
326.4092,38.000,1030.819,799.080,115.870,11.578,0.320
326.5096,37.000,1005.782,821.130,92.326,-9.167,0.320
326.6094,37.000,1013.287,814.086,99.601,-1.892,0.320
326.7078,37.000,1014.984,812.780,101.102,-0.390,0.320
326.8164,37.000,1015.460,812.637,101.412,-0.081,0.320
326.9147,36.000,1000.230,825.990,87.120,-11.572,0.320
327.0120,35.000,994.681,830.784,81.949,-13.943,0.320
327.1094,34.000,991.491,834.172,78.659,-14.433,0.320
327.2174,33.000,989.094,837.577,75.758,-14.534,0.320
327.3156,33.000,1002.557,827.971,87.293,-2.999,0.320
327.4137,32.000,991.141,840.506,75.318,-12.174,0.320
327.5128,31.000,987.343,846.094,70.624,-14.068,0.320
327.6082,29.000,969.898,863.742,53.078,-26.014,0.320
327.7157,28.000,978.194,859.457,59.369,-16.924,0.320
327.8149,26.000,963.960,875.782,44.089,-26.603,0.320
327.9134,25.000,973.526,871.832,50.847,-17.045,0.320
328.0124,23.000,960.070,888.742,35.664,-26.628,0.320
328.1096,23.000,985.671,872.077,56.797,-5.495,0.320
328.2094,21.000,962.959,898.065,32.447,-24.245,0.320
328.3074,19.000,955.828,909.659,23.085,-28.114,0.320
328.4153,18.000,967.704,905.419,31.142,-17.357,0.320
328.5137,17.000,970.883,909.568,30.657,-15.137,0.320
328.6128,15.000,956.725,928.637,14.044,-26.235,0.320
328.7120,14.000,967.276,926.100,20.588,-16.969,0.320
328.8102,12.000,954.845,944.022,5.411,-26.613,0.320
328.9186,11.000,965.926,941.449,12.239,-17.047,0.320
329.0077,9.000,953.750,959.536,-2.893,-26.629,0.320
329.1077,8.000,965.006,957.145,3.931,-17.050,0.320
329.2135,6.000,952.968,975.398,-11.215,-26.629,0.320
329.3091,4.000,948.895,986.434,-18.769,-28.606,0.320
329.4158,3.000,962.139,982.948,-10.405,-17.458,0.320
329.5138,1.000,950.777,1001.285,-25.254,-26.714,0.320
329.6136,-1.000,946.226,1011.765,-32.770,-28.623,0.320
329.7126,-2.000,958.175,1007.014,-24.419,-17.462,0.320
329.8133,-4.000,944.020,1022.609,-39.294,-26.714,0.320
329.9094,-6.000,936.249,1029.923,-46.837,-28.624,0.320
330.0102,-7.000,945.457,1022.487,-38.515,-17.462,0.320
330.1063,-9.000,928.968,1035.803,-53.417,-26.714,0.320
330.2130,-10.000,935.489,1028.743,-46.627,-17.068,0.320
330.3133,-11.000,933.970,1028.966,-47.498,-15.078,0.320
330.4104,-12.000,930.542,1030.451,-49.955,-14.667,0.320
330.5098,-13.000,926.508,1031.994,-52.743,-14.582,0.320
330.6085,-14.000,922.168,1033.376,-55.604,-14.565,0.320
330.7069,-14.000,933.892,1022.138,-44.123,-3.005,0.320
330.8151,-15.000,920.125,1032.479,-56.177,-12.176,0.320
330.9123,-15.000,929.747,1022.943,-46.598,-2.512,0.320
331.0095,-16.000,915.413,1033.511,-59.049,-12.074,0.320
331.1060,-16.000,924.806,1023.918,-49.556,-2.491,0.320
331.2155,-16.000,926.608,1021.945,-47.668,-0.514,0.320
331.3140,-16.000,926.854,1021.554,-47.350,-0.106,0.320
331.4109,-16.000,926.787,1021.498,-47.355,-0.022,0.320
331.5094,-17.000,910.381,1033.958,-61.789,-11.560,0.320
331.6066,-17.000,919.284,1024.702,-52.709,-2.385,0.320
331.7148,-17.000,920.932,1022.754,-50.911,-0.492,0.320
331.8164,-18.000,904.819,1034.772,-64.977,-11.657,0.320
331.9155,-18.000,913.729,1025.381,-55.826,-2.405,0.320
332.0134,-18.000,915.333,1023.368,-54.018,-0.496,0.320
332.1108,-18.000,915.452,1022.902,-53.725,-0.102,0.320
332.2080,-18.000,915.285,1022.773,-53.744,-0.021,0.320
332.3064,-18.000,915.076,1022.732,-53.828,-0.004,0.320
332.4064,-18.000,914.872,1022.723,-53.926,-0.001,0.320
332.5135,-18.000,914.681,1022.732,-54.026,-0.000,0.320
332.6117,-18.000,914.503,1022.756,-54.126,-0.000,0.320
332.7098,-18.000,914.337,1022.791,-54.227,-0.000,0.320
332.8079,-18.000,914.180,1022.836,-54.328,-0.000,0.320
332.9064,-18.000,914.032,1022.889,-54.429,-0.000,0.320
333.0066,-18.000,913.891,1022.950,-54.529,-0.000,0.320
333.1067,-18.000,913.756,1023.017,-54.630,-0.000,0.320
333.2148,-18.000,913.626,1023.088,-54.731,-0.000,0.320
333.3121,-17.000,926.782,1007.723,-40.471,11.556,0.320
333.4100,-17.000,918.077,1017.550,-49.737,2.384,0.320
333.5083,-16.000,929.847,1004.574,-37.363,12.048,0.320
333.6072,-16.000,921.183,1015.212,-47.015,2.486,0.320
333.7053,-16.000,919.960,1018.114,-49.077,0.513,0.320
333.8145,-15.000,933.457,1003.883,-35.213,11.661,0.320
333.9110,-14.000,938.588,998.969,-30.191,13.962,0.320
334.0107,-14.000,929.021,1011.721,-41.350,2.881,0.320
334.1056,-13.000,941.290,999.998,-29.354,12.150,0.320
334.2124,-12.000,946.588,996.005,-24.708,14.063,0.320
334.3103,-12.000,937.414,1009.287,-35.936,2.902,0.320
334.4078,-10.000,963.353,982.521,-9.584,23.710,0.320
334.5049,-10.000,947.128,1004.043,-28.458,4.893,0.320
334.6122,-9.000,958.721,994.792,-18.036,12.565,0.320
334.7097,-7.000,977.756,976.428,0.664,25.704,0.320
334.8076,-6.000,973.883,984.711,-5.414,16.860,0.320
334.9073,-5.000,977.124,986.058,-4.467,15.035,0.320
335.0045,-5.000,968.614,1001.468,-16.427,3.102,0.320
335.1040,-4.000,982.338,991.450,-4.556,12.196,0.320
335.2128,-4.000,975.711,1004.227,-14.258,2.517,0.320
335.3099,-3.000,989.586,993.419,-1.916,12.075,0.320
335.4071,-3.000,982.790,1005.822,-11.516,2.492,0.320
335.5037,-2.000,983.791,983.402,0.195,1.998,0.180
335.6109,-1.000,973.146,972.141,0.503,1.856,0.180
335.7085,-1.000,962.099,963.748,-0.824,0.530,0.180
335.8057,-0.000,951.845,950.780,0.532,1.437,0.180
335.9139,-0.000,940.538,941.527,-0.494,0.411,0.180
336.0106,-0.000,929.597,931.172,-0.788,0.117,0.180
336.1091,1.000,918.730,916.999,0.865,1.319,0.180
336.2049,1.000,906.736,906.888,-0.076,0.377,0.180
336.3039,1.000,895.163,895.852,-0.344,0.108,0.180
336.4147,1.000,883.569,884.410,-0.420,0.031,0.180
336.5127,1.000,871.847,872.730,-0.442,0.009,0.180
336.6119,1.000,859.987,860.880,-0.447,0.003,0.180
336.7100,-0.000,844.822,849.191,-2.184,-1.285,0.180
336.8076,-2.000,827.324,836.804,-4.740,-2.939,0.180
336.9051,-2.000,817.810,823.095,-2.643,-0.840,0.180
337.0118,-3.000,803.332,810.895,-3.781,-1.526,0.180
337.1101,-4.000,789.374,798.236,-4.431,-1.722,0.180
337.2079,-6.000,772.285,785.641,-6.678,-3.063,0.180
337.3057,-7.000,759.646,772.110,-6.232,-2.161,0.180
337.4036,-7.000,749.650,759.040,-4.695,-0.617,0.180
337.5045,-7.000,738.373,746.893,-4.260,-0.176,0.180
337.6131,-7.000,726.627,734.907,-4.140,-0.050,0.180
337.7130,-7.000,714.661,722.882,-4.111,-0.014,0.180
337.8098,-1.000,704.338,691.712,6.313,7.710,0.180
337.9072,1.000,688.760,680.203,4.278,4.774,0.180
338.0049,4.000,675.458,663.301,6.079,5.221,0.180
338.1129,6.000,661.838,650.186,5.826,4.063,0.180
338.2103,8.000,649.023,636.218,6.402,3.732,0.180
338.3076,11.000,635.648,619.648,8.000,4.924,0.180
338.4049,14.000,620.831,604.831,8.000,5.264,0.180
338.5033,15.000,609.267,593.267,8.000,2.790,0.180
338.6110,18.000,594.348,578.348,8.000,4.654,0.180
338.7086,20.000,581.137,565.137,8.000,3.901,0.180
338.8078,21.000,569.437,553.437,8.000,2.400,0.180
338.9063,23.000,555.963,539.963,8.000,3.257,0.180
339.0039,24.000,556.772,540.772,8.000,2.216,0.180
339.1112,25.000,557.400,541.400,8.000,1.919,0.180
339.2084,26.000,557.874,541.874,8.000,1.834,0.180
339.3055,27.000,558.216,542.216,8.000,1.810,0.180
339.4139,28.000,558.448,542.448,8.000,1.803,0.180
339.5025,28.000,560.144,544.144,8.000,0.515,0.180
339.6100,30.000,558.466,542.466,8.000,2.719,0.180
339.7075,30.000,560.040,544.040,8.000,0.777,0.180
339.8081,31.000,559.818,543.818,8.000,1.508,0.180
339.9072,32.000,559.569,543.569,8.000,1.716,0.180
340.0059,33.000,559.297,543.297,8.000,1.776,0.180
340.1038,34.000,559.007,543.007,8.000,1.793,0.180
340.2123,34.000,560.259,544.259,8.000,0.512,0.180
340.3089,35.000,559.764,543.764,8.000,1.432,0.180
340.4038,35.000,560.843,544.843,8.000,0.409,0.180
340.5028,36.000,560.200,544.200,8.000,1.403,0.180
340.6030,36.000,561.154,545.154,8.000,0.401,0.180
340.7119,37.000,560.405,544.405,8.000,1.400,0.180
340.8026,37.000,561.268,545.268,8.000,0.400,0.180
340.9119,37.000,562.001,546.001,8.000,0.114,0.180
341.0088,38.000,561.065,545.065,8.000,1.318,0.180
341.1104,38.000,561.769,545.769,8.000,0.377,0.180
341.2076,38.000,562.367,546.367,8.000,0.108,0.180
341.3052,39.000,561.316,545.316,8.000,1.316,0.180
341.4030,40.000,560.362,544.362,8.000,1.662,0.180
341.5107,40.000,561.052,545.052,8.000,0.475,0.180
341.6064,40.000,561.638,545.638,8.000,0.136,0.180
341.7034,41.000,560.576,544.576,8.000,1.324,0.180
341.8034,41.000,561.173,545.173,8.000,0.378,0.180
341.9027,42.000,560.121,544.121,8.000,1.394,0.180
342.0100,42.000,560.727,544.727,8.000,0.398,0.180
342.1065,43.000,559.681,543.681,8.000,1.399,0.180
342.2043,43.000,560.293,544.293,8.000,0.400,0.180
342.3105,43.000,560.813,544.813,8.000,0.114,0.180
342.4098,44.000,559.694,543.694,8.000,1.318,0.180
342.5076,44.000,560.244,544.244,8.000,0.377,0.180
342.6053,44.000,560.711,544.711,8.000,0.108,0.180
342.7017,44.000,561.108,545.108,8.000,0.031,0.180
342.8097,44.000,561.446,545.446,8.000,0.009,0.180
342.9058,45.000,560.173,544.173,8.000,1.288,0.180
343.0047,45.000,560.590,544.590,8.000,0.368,0.180
343.1005,45.000,560.946,544.946,8.000,0.105,0.180
343.2092,45.000,561.248,545.248,8.000,0.030,0.180
343.3060,45.000,561.504,545.504,8.000,0.009,0.180
343.4056,45.000,561.722,545.722,8.000,0.002,0.180
343.5017,45.000,561.908,545.908,8.000,0.001,0.180
343.6107,45.000,562.065,546.065,8.000,0.000,0.180
343.7100,45.000,562.199,546.199,8.000,0.000,0.180
343.8074,45.000,562.313,546.313,8.000,0.000,0.180
343.9061,45.000,562.410,546.410,8.000,0.000,0.180
344.0040,45.000,562.492,546.492,8.000,0.000,0.180
344.1122,45.000,562.562,546.562,8.000,0.000,0.180
344.2093,45.000,562.621,546.621,8.000,0.000,0.180
344.3081,45.000,562.672,546.672,8.000,0.000,0.180
344.4056,45.000,562.715,546.715,8.000,0.000,0.180
344.5035,44.000,561.311,545.311,8.000,-1.286,0.180
344.6009,44.000,561.618,545.618,8.000,-0.367,0.180
344.7089,44.000,561.879,545.879,8.000,-0.105,0.180
344.8072,44.000,562.101,546.101,8.000,-0.030,0.180
344.9045,44.000,562.290,546.290,8.000,-0.009,0.180
345.0024,44.000,562.450,546.450,8.000,-0.002,0.180
345.1095,44.000,562.586,546.586,8.000,-0.001,0.180
345.2074,43.000,561.262,545.262,8.000,-1.286,0.180
345.3039,43.000,561.637,545.637,8.000,-0.367,0.180
345.4020,42.000,560.515,544.515,8.000,-1.391,0.180
345.5095,42.000,561.061,545.061,8.000,-0.397,0.180
345.6077,42.000,561.526,545.526,8.000,-0.114,0.180
345.7055,41.000,560.481,544.481,8.000,-1.318,0.180
345.8038,41.000,561.092,545.092,8.000,-0.377,0.180
345.9011,40.000,560.172,544.172,8.000,-1.393,0.180
346.0100,40.000,560.890,544.890,8.000,-0.398,0.180
346.1049,39.000,560.060,544.060,8.000,-1.399,0.180
346.2010,38.000,559.415,543.415,8.000,-1.686,0.180
346.3000,38.000,560.367,544.367,8.000,-0.482,0.180
346.3994,37.000,559.735,543.735,8.000,-1.423,0.180
346.4990,37.000,560.699,544.699,8.000,-0.407,0.180
346.6081,36.000,560.078,544.078,8.000,-1.402,0.180
346.7046,35.000,559.610,543.610,8.000,-1.686,0.180
346.8022,35.000,560.712,544.712,8.000,-0.482,0.180
346.9012,34.000,560.209,544.209,8.000,-1.423,0.180
347.0012,33.000,559.841,543.841,8.000,-1.692,0.180
347.1004,32.000,559.589,543.589,8.000,-1.769,0.180
347.2097,31.000,559.434,543.434,8.000,-1.791,0.180
347.3074,29.000,557.923,541.923,8.000,-3.083,0.180
347.4044,27.000,556.578,540.938,7.820,-3.452,0.180
347.5013,25.000,554.703,541.074,6.814,-3.558,0.180
347.6078,24.000,556.329,541.089,7.620,-2.302,0.180
347.7066,22.000,553.819,542.233,5.793,-3.229,0.180
347.8030,20.000,552.194,542.938,4.628,-3.494,0.180
347.9003,18.000,550.963,543.626,3.669,-3.570,0.180
348.0068,16.000,549.946,544.423,2.761,-3.591,0.180
348.1058,15.000,552.255,545.046,3.604,-2.312,0.180
348.2038,13.000,550.313,546.721,1.796,-3.232,0.180
348.3031,13.000,555.519,547.287,4.116,-0.923,0.180
348.4013,12.000,555.467,549.365,3.051,-1.550,0.180
348.4994,11.000,555.769,550.906,2.432,-1.728,0.180
348.6078,10.000,556.120,552.241,1.940,-1.780,0.180
348.7068,9.000,556.441,553.474,1.483,-1.794,0.180
348.8043,9.000,559.890,554.344,2.773,-0.513,0.180
348.9025,8.000,558.924,556.103,1.411,-1.432,0.180
348.9994,7.000,558.614,557.206,0.704,-1.695,0.180
349.1002,6.000,558.492,558.123,0.184,-1.770,0.180
349.2075,5.000,558.423,558.988,-0.282,-1.791,0.180
349.3059,5.000,561.545,559.541,1.002,-0.512,0.180
349.4045,5.000,563.477,560.734,1.372,-0.146,0.180
349.5027,4.000,561.737,562.249,-0.256,-1.327,0.180
349.6000,3.000,560.917,562.999,-1.041,-1.665,0.180
349.7073,3.000,563.579,563.277,0.151,-0.476,0.180
349.8059,2.000,561.995,564.480,-1.243,-1.422,0.180
349.9036,2.000,564.350,564.801,-0.226,-0.406,0.180
350.0017,2.000,565.779,565.647,0.066,-0.116,0.180
350.1013,1.000,563.654,566.825,-1.586,-1.319,0.180
350.1993,1.000,565.695,566.980,-0.643,-0.377,0.180
350.3081,-0.000,563.721,567.940,-2.109,-1.393,0.180
350.4050,-0.000,565.786,568.014,-1.114,-0.398,0.180
350.5028,-1.000,563.682,568.815,-2.566,-1.399,0.180
350.6003,-1.000,565.628,568.763,-1.568,-0.400,0.180
350.6973,-1.000,566.717,569.282,-1.283,-0.114,0.180
350.8057,-2.000,564.185,570.062,-2.939,-1.318,0.180
350.9046,-2.000,565.880,569.877,-1.999,-0.377,0.180
351.0019,-4.000,560.196,570.605,-5.205,-2.679,0.180
351.0990,-6.000,556.406,569.942,-6.768,-3.337,0.180
351.2079,-6.000,559.892,568.672,-4.390,-0.953,0.180
351.3057,-5.000,561.806,565.761,-1.978,1.013,0.180
351.4036,-5.000,562.153,567.566,-2.706,0.290,0.180
351.5036,-5.000,562.857,568.692,-2.917,0.083,0.180
