time_s,error_mm,left_rpm,right_rpm,pid_output,d_term,target_speed_ms
0.0003,-4.000,-119.168,166.660,-142.914,-130.909,0.400
0.0525,-4.000,10.303,85.035,-37.366,-25.337,0.400
0.1597,-4.000,54.866,88.779,-16.957,-4.904,0.400
0.2563,-4.000,83.147,109.199,-13.026,-0.949,0.400
0.3522,-4.000,108.406,132.975,-12.285,-0.184,0.400
0.4577,-4.000,133.190,157.511,-12.160,-0.036,0.400
0.5607,-3.000,171.544,166.618,2.463,11.606,0.400
0.6534,-3.000,187.657,201.486,-6.914,2.246,0.400
0.7563,-2.000,224.884,213.134,5.875,12.048,0.400
0.8603,-2.000,241.247,248.953,-3.853,2.332,0.400
0.9532,-1.000,278.920,261.173,8.873,12.064,0.400
1.0591,-1.000,295.710,297.433,-0.862,2.335,0.400
1.1558,-1.000,320.186,325.688,-2.751,0.452,0.400
1.2526,-0.000,359.615,336.620,11.498,11.700,0.400
1.3587,-0.000,376.903,372.779,2.062,2.265,0.400
1.4550,-0.000,401.611,401.140,0.236,0.438,0.400
1.5609,1.000,440.301,411.299,14.501,11.698,0.400
1.6583,1.000,456.953,446.806,5.073,2.264,0.400
1.7546,1.000,481.121,474.614,3.253,0.438,0.400
1.8606,1.000,506.683,500.871,2.906,0.085,0.400
1.9558,2.000,545.132,510.207,17.463,11.629,0.400
2.0524,2.000,561.394,545.202,8.096,2.251,0.400
2.1593,2.000,585.195,572.609,6.293,0.436,0.400
2.2533,3.000,623.108,581.963,20.572,11.697,0.400
2.3585,3.000,639.100,616.786,11.157,2.264,0.400
2.4546,3.000,662.709,644.010,9.349,0.438,0.400
2.5608,3.000,687.797,669.769,9.014,0.085,0.400
2.6571,3.000,713.177,695.249,8.964,0.016,0.400
2.7522,3.000,738.616,720.680,8.968,0.003,0.400
2.8581,3.000,764.071,746.104,8.984,0.001,0.400
2.9541,3.000,789.532,771.530,9.001,0.000,0.400
3.0604,2.000,799.328,810.527,-5.600,-11.613,0.400
3.1561,2.000,834.762,827.207,3.778,-2.248,0.400
3.2525,1.000,846.886,864.919,-9.017,-12.048,0.400
3.3588,1.000,883.108,881.697,0.705,-2.332,0.400
3.4540,-0.000,895.670,919.724,-12.027,-12.064,0.400
3.5603,-0.000,932.219,936.815,-2.298,-2.335,0.400
3.6564,-1.000,944.151,974.218,-15.034,-12.065,0.400
3.7512,-1.000,980.161,990.781,-5.310,-2.335,0.400
3.8573,-1.000,1008.201,1015.067,-3.433,-0.452,0.400
3.9522,-2.000,1018.050,1053.436,-17.693,-11.700,0.400
4.0575,-2.000,1053.285,1069.824,-8.269,-2.265,0.400
4.1540,-1.000,1094.428,1078.101,8.164,11.175,0.400
4.2601,-1.000,1111.734,1113.442,-0.854,2.163,0.400
4.3554,-0.000,1149.747,1125.717,12.015,12.032,0.400
4.4517,-0.000,1166.737,1162.113,2.312,2.329,0.400
4.5575,1.000,1204.036,1173.930,15.053,12.064,0.400
4.6519,1.000,1220.507,1209.847,5.330,2.335,0.400
4.7581,2.000,1257.384,1221.240,18.072,12.065,0.400
4.8552,2.000,1273.501,1256.792,8.354,2.335,0.400
4.9515,2.000,1271.944,1258.977,6.483,0.452,0.400
5.0578,2.000,1271.858,1259.597,6.131,0.087,0.400
5.1544,2.000,1272.027,1259.882,6.072,0.017,0.400
5.2609,2.000,1272.218,1260.077,6.070,0.003,0.400
5.3570,2.000,1272.391,1260.232,6.080,0.001,0.400
5.4515,2.000,1272.542,1260.360,6.091,0.000,0.400
5.5567,2.000,1272.673,1260.466,6.103,0.000,0.400
5.6510,2.000,1272.785,1260.555,6.115,0.000,0.400
5.7569,2.000,1272.883,1260.628,6.127,0.000,0.400
5.8544,2.000,1272.968,1260.689,6.139,0.000,0.400
5.9599,2.000,1273.041,1260.739,6.151,0.000,0.400
6.0562,2.000,1273.106,1260.780,6.163,0.000,0.400
6.1511,2.000,1273.163,1260.812,6.175,0.000,0.400
6.2573,2.000,1273.213,1260.838,6.187,0.000,0.400
6.3513,2.000,1273.257,1260.858,6.199,0.000,0.400
6.4561,2.000,1273.296,1260.874,6.211,0.000,0.400
6.5518,2.000,1273.332,1260.885,6.223,0.000,0.400
6.6577,2.000,1273.363,1260.893,6.235,0.000,0.400
6.7542,2.000,1273.392,1260.898,6.247,0.000,0.400
6.8599,3.000,1286.088,1244.331,20.878,11.613,0.400
6.9584,3.000,1276.595,1253.533,11.531,2.248,0.400
7.0548,3.000,1274.677,1255.204,9.736,0.435,0.400
7.1505,3.000,1274.239,1255.432,9.403,0.084,0.400
7.2564,3.000,1274.100,1255.393,9.353,0.016,0.400
7.3508,3.000,1274.029,1255.312,9.358,0.003,0.400
7.4599,2.000,1258.311,1268.801,-5.245,-11.612,0.400
7.5538,2.000,1268.240,1259.977,4.132,-2.248,0.400
7.6504,1.000,1254.866,1272.191,-8.663,-12.048,0.400
7.7559,1.000,1265.595,1263.476,1.059,-2.332,0.400
7.8516,-0.000,1252.668,1276.014,-11.673,-12.064,0.400
7.9574,-1.000,1247.163,1280.289,-16.563,-13.948,0.400
8.0527,-2.000,1242.814,1282.693,-19.939,-14.312,0.400
8.1584,-2.000,1255.017,1271.835,-8.409,-2.770,0.400
8.2544,-3.000,1241.243,1282.854,-20.806,-12.149,0.400
8.3597,-3.000,1251.351,1273.404,-11.026,-2.351,0.400
8.4523,-3.000,1253.509,1271.805,-9.148,-0.455,0.400
8.5584,-3.000,1254.095,1271.693,-8.799,-0.088,0.400
8.6531,-3.000,1254.350,1271.842,-8.746,-0.017,0.400
8.7518,-2.000,1268.087,1256.349,5.869,11.610,0.400
8.8580,-2.000,1259.466,1266.477,-3.506,2.247,0.400
8.9532,-2.000,1258.282,1268.942,-5.330,0.435,0.400
9.0593,-2.000,1258.463,1269.849,-5.693,0.084,0.400
9.1544,-1.000,1272.415,1254.722,8.846,11.629,0.400
9.2512,-1.000,1264.032,1265.108,-0.538,2.251,0.400
9.3563,-1.000,1263.061,1267.779,-2.359,0.436,0.400
9.4517,-1.000,1263.427,1268.860,-2.716,0.084,0.400
9.5572,-0.000,1277.536,1253.879,11.828,11.629,0.400
9.6526,-0.000,1269.288,1264.388,2.450,2.251,0.400
9.7597,-0.000,1268.433,1267.163,0.635,0.436,0.400
9.8560,-0.000,1268.898,1268.331,0.284,0.084,0.400
9.9518,1.000,1282.193,1252.524,14.834,11.629,0.400
10.0555,1.000,1273.253,1262.329,5.462,2.251,0.400
10.1504,2.000,1284.480,1247.937,18.272,12.049,0.400
10.2556,2.000,1274.930,1257.796,8.567,2.332,0.400
10.3519,2.000,1273.193,1259.796,6.699,0.451,0.400
10.4587,3.000,1285.622,1243.691,20.965,11.700,0.400
10.5559,3.000,1276.142,1253.046,11.548,2.265,0.400
10.6510,3.000,1274.281,1254.802,9.740,0.438,0.400
10.7568,3.000,1273.900,1255.092,9.404,0.085,0.400
10.8530,3.000,1273.811,1255.104,9.354,0.016,0.400
10.9591,4.000,1286.452,1238.498,23.977,11.616,0.400
11.0540,4.000,1276.923,1247.657,14.633,2.248,0.400
11.1495,4.000,1274.977,1249.288,12.844,0.435,0.400
11.2560,4.000,1274.516,1249.481,12.517,0.084,0.400
11.3531,5.000,1287.027,1232.843,27.092,11.629,0.400
11.4498,5.000,1277.425,1241.937,17.744,2.251,0.400
11.5549,5.000,1275.424,1243.506,15.959,0.436,0.400
11.6494,5.000,1274.919,1243.644,15.638,0.084,0.400
11.7533,4.000,1259.056,1257.095,0.981,-11.597,0.400
11.8584,4.000,1268.907,1248.193,10.357,-2.245,0.400
11.9555,4.000,1271.144,1246.763,12.191,-0.434,0.400
12.0517,4.000,1271.862,1246.732,12.565,-0.084,0.400
12.1591,4.000,1272.245,1246.931,12.657,-0.016,0.400
12.2552,4.000,1272.530,1247.142,12.694,-0.003,0.400
12.3518,4.000,1272.767,1247.326,12.721,-0.001,0.400
12.4544,3.000,1257.302,1261.050,-1.874,-11.613,0.400
12.5583,3.000,1267.445,1252.426,7.510,-2.248,0.400
12.6523,3.000,1269.921,1251.241,9.340,-0.435,0.400
12.7502,3.000,1270.839,1251.421,9.709,-0.084,0.400
12.8573,2.000,1255.723,1265.371,-4.824,-11.629,0.400
12.9523,2.000,1266.117,1256.984,4.566,-2.251,0.400
13.0498,2.000,1268.798,1256.011,6.394,-0.436,0.400
13.1567,1.000,1254.218,1269.942,-7.862,-11.697,0.400
13.2530,1.000,1264.881,1261.727,1.577,-2.264,0.400
13.3478,-0.000,1219.136,1256.523,-7.214,-8.056,0.240
13.4540,-0.000,1191.999,1235.714,-0.855,-1.696,0.240
13.5577,-0.000,1161.281,1218.039,0.484,-0.357,0.240
13.6504,-1.000,1118.344,1208.603,-9.819,-7.654,0.240
13.7530,-1.000,1094.556,1183.233,-3.782,-1.611,0.240
13.8562,-2.000,1054.501,1170.265,-13.101,-7.918,0.240
13.9491,-3.000,1020.144,1151.313,-17.447,-9.246,0.240
14.0535,-4.000,987.445,1130.460,-20.750,-9.525,0.240
14.1477,-5.000,955.485,1108.661,-23.839,-9.584,0.240
14.2551,-6.000,924.011,1086.201,-26.887,-9.597,0.240
14.3509,-7.000,892.919,1063.209,-29.932,-9.599,0.240
14.4573,-9.000,849.760,1048.558,-43.566,-17.179,0.240
14.5535,-10.000,825.201,1018.739,-40.642,-11.196,0.240
14.6491,-11.000,796.149,993.329,-42.449,-9.936,0.240
14.7552,-12.000,766.298,968.649,-45.256,-9.671,0.240
14.8493,-13.000,736.403,943.953,-48.278,-9.615,0.240
14.9542,-14.000,706.603,919.111,-51.350,-9.603,0.240
15.0499,-15.000,676.912,894.117,-54.437,-9.601,0.240
15.1475,-16.000,647.318,868.989,-57.533,-9.600,0.240
15.2531,-16.000,630.191,834.963,-50.050,-2.021,0.240
15.3491,-17.000,620.033,841.331,-59.135,-8.004,0.240
15.4578,-18.000,614.454,843.089,-63.503,-9.264,0.240
15.5550,-18.000,622.129,835.166,-56.297,-1.950,0.240
15.6498,-19.000,611.575,841.908,-65.450,-7.990,0.240
15.7578,-20.000,605.814,843.831,-69.722,-9.261,0.240
15.8524,-21.000,600.979,844.802,-72.989,-9.529,0.240
15.9575,-22.000,596.291,845.607,-76.046,-9.585,0.240
16.0537,-23.000,591.592,846.404,-79.058,-9.597,0.240
16.1508,-24.000,586.855,847.225,-82.060,-9.599,0.240
16.2484,-25.000,582.081,848.071,-85.061,-9.600,0.240
16.3553,-25.000,589.652,840.160,-77.482,-2.021,0.240
16.4532,-26.000,578.862,847.062,-86.465,-8.004,0.240
16.5491,-27.000,572.766,849.252,-90.725,-9.264,0.240
16.6547,-28.000,567.641,850.458,-93.990,-9.529,0.240
16.7482,-28.000,575.083,842.685,-86.467,-2.006,0.240
16.8521,-29.000,564.218,849.667,-95.462,-8.001,0.240
16.9587,-30.000,558.068,851.918,-99.724,-9.263,0.240
17.0554,-30.000,565.275,844.396,-92.411,-1.950,0.240
17.1514,-31.000,554.347,851.457,-101.450,-7.990,0.240
17.2567,-32.000,548.169,853.748,-105.722,-9.261,0.240
17.3535,-33.000,542.981,855.031,-108.989,-9.529,0.240
17.4502,-33.000,550.371,847.323,-101.467,-2.006,0.240
17.5472,-33.000,551.843,845.580,-99.883,-0.422,0.240
17.6539,-34.000,539.702,853.891,-110.129,-7.668,0.240
17.7498,-35.000,533.265,856.472,-114.654,-9.193,0.240
17.8560,-35.000,540.398,849.062,-107.396,-1.935,0.240
17.9534,-36.000,529.442,856.183,-116.447,-7.986,0.240
18.0503,-36.000,535.627,849.737,-110.142,-1.681,0.240
18.1564,-36.000,536.852,848.291,-108.815,-0.354,0.240
18.2531,-36.000,537.045,847.910,-108.535,-0.075,0.240
18.3472,-37.000,524.651,856.544,-119.055,-7.595,0.240
18.4523,-37.000,530.554,850.445,-113.060,-1.599,0.240
18.5473,-37.000,531.738,849.095,-111.797,-0.337,0.240
18.6540,-37.000,531.937,848.754,-111.532,-0.071,0.240
18.7506,-38.000,519.557,857.414,-122.055,-7.594,0.240
18.8553,-38.000,525.474,851.335,-116.060,-1.599,0.240
18.9511,-38.000,526.669,850.001,-114.797,-0.337,0.240
19.0474,-38.000,526.878,849.675,-114.532,-0.071,0.240
19.1540,-38.000,526.886,849.567,-114.476,-0.015,0.240
19.2505,-38.000,526.857,849.512,-114.464,-0.003,0.240
19.3471,-39.000,514.446,858.251,-125.040,-7.580,0.240
19.4529,-39.000,520.370,852.205,-119.057,-1.596,0.240
19.5491,-39.000,521.579,850.893,-117.797,-0.336,0.240
19.6551,-39.000,521.801,850.584,-117.532,-0.071,0.240
19.7507,-39.000,521.821,850.490,-117.476,-0.015,0.240
19.8470,-39.000,521.801,850.446,-117.464,-0.003,0.240
19.9543,-39.000,521.777,850.416,-117.461,-0.001,0.240
20.0498,-38.000,531.134,838.613,-106.882,7.579,0.240
20.1549,-38.000,525.612,845.057,-112.865,1.596,0.240
20.2511,-38.000,524.744,846.708,-114.125,0.336,0.240
20.3581,-38.000,524.812,847.305,-114.390,0.071,0.240
20.4550,-38.000,525.039,847.644,-114.446,0.015,0.240
20.5503,-37.000,534.647,836.117,-103.879,7.582,0.240
20.6467,-37.000,529.346,842.787,-109.865,1.596,0.240
20.7537,-37.000,528.667,844.629,-111.125,0.336,0.240
20.8494,-36.000,538.276,833.609,-100.811,7.650,0.240
20.9471,-35.000,542.516,828.770,-96.271,9.189,0.240
21.0522,-35.000,536.506,837.270,-103.526,1.935,0.240
21.1465,-34.000,545.416,828.077,-94.475,7.986,0.240
21.2536,-33.000,549.870,823.982,-90.201,9.260,0.240
21.3487,-32.000,553.591,821.167,-86.932,9.528,0.240
21.4554,-31.000,557.332,818.795,-83.876,9.585,0.240
21.5496,-30.000,561.226,816.665,-80.864,9.597,0.240
21.6549,-29.000,565.279,814.712,-77.861,9.599,0.240
21.7506,-28.000,569.472,812.904,-74.861,9.600,0.240
21.8552,-27.000,573.785,811.218,-71.861,9.600,0.240
21.9511,-25.000,587.581,797.855,-58.282,17.179,0.240
22.0480,-24.000,586.581,802.822,-61.265,11.196,0.240
22.1547,-22.000,599.687,791.289,-48.946,17.515,0.240
22.2502,-21.000,598.907,797.006,-52.195,11.266,0.240
22.3474,-19.000,612.254,786.055,-40.045,17.530,0.240
22.4534,-18.000,611.705,792.242,-43.413,11.269,0.240
22.5506,-16.000,625.365,781.573,-31.248,17.530,0.240
22.6454,-15.000,625.086,787.995,-34.599,11.270,0.240
22.7518,-13.000,638.979,777.522,-22.416,17.530,0.240
22.8471,-12.000,638.900,784.109,-25.749,11.270,0.240
22.9538,-10.000,652.967,773.774,-13.548,17.530,0.240
23.0501,-9.000,653.038,780.475,-16.863,11.270,0.240
23.1465,-9.000,648.465,793.804,-25.814,2.373,0.240
23.2533,-8.000,659.645,787.668,-17.156,8.078,0.240
23.3488,-6.000,675.632,774.167,-2.412,16.859,0.240
23.4459,-5.000,675.728,779.784,-5.173,11.128,0.240
23.5532,-4.000,680.226,780.743,-3.403,9.922,0.240
23.6487,-3.000,685.573,780.634,-0.675,9.668,0.240
23.7455,-2.000,691.034,780.225,2.259,9.614,0.240
23.8535,-1.000,696.464,779.690,5.242,9.603,0.240
23.9490,-0.000,701.842,779.072,8.240,9.601,0.240
24.0556,1.000,706.570,777.790,11.245,9.600,0.240
24.1515,2.000,710.747,775.943,14.257,9.600,0.240
24.2459,3.000,714.455,773.615,17.275,9.600,0.240
24.3529,4.000,717.765,770.877,20.299,9.600,0.240
24.4484,5.000,720.739,767.791,23.329,9.600,0.240
24.5516,6.000,723.427,764.407,26.365,9.600,0.240
24.6450,6.000,717.088,773.154,18.822,2.021,0.240
24.7501,7.000,725.337,763.352,27.848,8.004,0.240
24.8452,7.000,719.899,770.469,21.570,1.685,0.240
24.9494,7.000,719.325,772.472,20.282,0.355,0.240
25.0448,7.000,719.694,773.317,20.044,0.075,0.240
25.1498,7.000,720.193,773.849,20.027,0.016,0.240
25.2549,7.000,720.661,774.258,20.057,0.003,0.240
25.3500,6.000,709.288,783.977,9.511,-7.578,0.240
25.4473,6.000,716.104,778.755,15.530,-1.595,0.240
25.5529,5.000,706.292,787.521,6.240,-7.915,0.240
25.6468,5.000,713.626,782.298,12.519,-1.666,0.240
25.7496,5.000,715.869,781.850,13.864,-0.351,0.240
25.8440,5.000,716.938,782.306,14.171,-0.074,0.240
25.9481,5.000,717.675,782.866,14.260,-0.016,0.240
26.0510,5.000,718.268,783.375,14.302,-0.003,0.240
26.1467,5.000,718.769,783.811,14.335,-0.001,0.240
26.2545,5.000,719.198,784.178,14.365,-0.000,0.240
26.3500,4.000,707.782,793.872,3.810,-7.579,0.240
26.4458,4.000,714.557,788.632,9.818,-1.596,0.240
26.5503,3.000,704.708,797.386,0.516,-7.915,0.240
26.6445,2.000,700.224,801.539,-3.802,-9.245,0.240
26.7509,1.000,697.109,804.972,-7.076,-9.525,0.240
26.8479,-0.000,694.486,808.467,-10.135,-9.584,0.240
26.9446,-1.000,691.538,811.555,-13.153,-9.597,0.240
27.0501,-3.000,675.898,823.115,-26.753,-17.178,0.240
27.1448,-5.000,665.938,828.406,-34.379,-18.774,0.240
27.2513,-5.000,681.745,814.630,-19.587,-3.952,0.240
27.3463,-6.000,673.314,821.188,-27.082,-8.411,0.240
27.4534,-8.000,655.853,832.858,-41.647,-16.929,0.240
27.5508,-8.000,669.708,820.080,-28.331,-3.564,0.240
27.6464,-8.000,672.931,817.772,-25.565,-0.750,0.240
27.7536,-9.000,661.479,826.401,-35.606,-7.737,0.240
27.8481,-9.000,667.834,820.648,-29.552,-1.629,0.240
27.9435,-10.000,656.936,828.456,-38.905,-7.922,0.240
28.0505,-10.000,663.318,822.449,-32.711,-1.668,0.240
28.1474,-11.000,652.349,830.137,-42.039,-7.930,0.240
28.2441,-11.000,658.648,824.047,-35.844,-1.669,0.240
28.3506,-12.000,647.605,831.670,-45.177,-7.930,0.240
28.4451,-12.000,653.840,825.527,-38.988,-1.670,0.240
28.5508,-13.000,642.740,833.105,-48.327,-7.930,0.240
28.6466,-14.000,636.541,835.710,-52.729,-9.249,0.240
28.7525,-15.000,631.347,837.251,-56.097,-9.526,0.240
28.8476,-16.000,626.339,838.552,-59.251,-9.584,0.240
28.9436,-17.000,621.350,839.791,-62.366,-9.597,0.240
29.0505,-17.000,628.730,832.223,-54.891,-2.020,0.240
29.1454,-18.000,617.758,839.435,-63.983,-8.004,0.240
29.2504,-17.000,633.257,821.341,-47.187,5.894,0.240
29.3469,-17.000,628.898,826.493,-51.942,1.241,0.240
29.4522,-17.000,628.154,827.912,-53.024,0.261,0.240
29.5470,-16.000,637.518,816.722,-42.747,7.634,0.240
29.6454,-15.000,641.503,811.783,-38.285,9.186,0.240
29.7516,-15.000,635.256,820.221,-45.627,1.934,0.240
29.8475,-15.000,634.570,822.768,-47.244,0.407,0.240
29.9435,-15.000,634.950,823.971,-47.655,0.086,0.240
30.0508,-16.000,623.080,833.586,-58.398,-7.561,0.240
30.1472,-16.000,629.495,828.255,-52.525,-1.592,0.240
30.2522,-16.000,631.116,827.554,-51.364,-0.335,0.240
30.3468,-17.000,619.291,836.562,-61.780,-7.649,0.240
30.4438,-16.000,634.916,819.143,-45.258,5.969,0.240
30.5491,-16.000,630.845,824.688,-50.066,1.257,0.240
30.6462,-15.000,639.769,814.618,-40.569,7.843,0.240
30.7527,-13.000,653.269,798.343,-25.682,16.809,0.240
30.8478,-12.000,651.126,801.727,-28.445,11.118,0.240
30.9435,-12.000,644.305,812.604,-37.294,2.341,0.240
31.0487,-11.000,653.493,804.462,-28.629,8.072,0.240
31.1461,-10.000,658.385,801.061,-24.483,9.278,0.240
31.2526,-10.000,653.133,810.579,-31.867,1.953,0.240
31.3498,-10.000,653.344,813.994,-33.470,0.411,0.240
31.4450,-10.000,654.501,815.920,-33.854,0.087,0.240
31.5499,-10.000,655.683,817.358,-33.983,0.018,0.240
31.6465,-11.000,644.337,827.331,-44.642,-7.575,0.240
31.7524,-11.000,651.168,822.334,-38.728,-1.595,0.240
31.8461,-11.000,653.140,821.920,-37.535,-0.336,0.240
31.9450,-11.000,654.001,822.383,-37.335,-0.071,0.240
32.0509,-11.000,654.554,822.956,-37.346,-0.015,0.240
32.1463,-10.000,664.363,811.703,-26.815,7.576,0.240
32.2526,-10.000,659.209,818.631,-32.856,1.595,0.240
32.3500,-9.000,668.028,808.919,-23.590,7.915,0.240
32.4453,-9.000,662.846,816.342,-29.893,1.666,0.240
32.5525,-8.000,671.814,806.879,-20.677,7.930,0.240
32.6480,-8.000,666.796,814.477,-26.985,1.669,0.240
32.7421,-8.000,666.526,816.939,-28.351,0.351,0.240
32.8483,-8.000,667.132,818.196,-28.677,0.074,0.240
32.9429,-8.000,667.818,819.095,-28.783,0.016,0.240
33.0507,-8.000,668.431,819.828,-28.844,0.003,0.240
33.1468,-9.000,656.567,829.236,-39.479,-7.578,0.240
33.2428,-9.000,662.953,823.764,-33.550,-1.595,0.240
33.3485,-9.000,664.546,822.946,-32.345,-0.336,0.240
33.4431,-9.000,665.087,823.065,-32.134,-0.071,0.240
33.5490,-8.000,674.754,811.558,-21.547,7.564,0.240
33.6445,-6.000,688.223,794.726,-6.396,16.750,0.240
33.7511,-5.000,685.918,797.772,-9.071,11.105,0.240
33.8483,-4.000,688.321,796.599,-7.284,9.917,0.240
33.9434,-3.000,691.875,794.690,-4.552,9.667,0.240
34.0480,-3.000,686.425,804.539,-12.202,2.035,0.240
34.1437,-2.000,696.054,796.248,-3.241,8.007,0.240
34.2497,-2.000,691.790,804.650,-9.575,1.686,0.240
34.3453,-2.000,692.206,807.752,-10.918,0.355,0.240
34.4516,-2.000,693.408,809.539,-11.210,0.075,0.240
34.5461,-2.000,694.608,810.881,-11.281,0.016,0.240
34.6417,-2.000,695.664,811.985,-11.305,0.003,0.240
34.7465,-3.000,684.182,821.703,-21.905,-7.578,0.240
34.8510,-4.000,678.512,825.273,-26.525,-9.174,0.240
34.9455,-5.000,673.954,827.447,-29.891,-9.510,0.240
35.0509,-6.000,669.534,829.240,-32.998,-9.581,0.240
35.1477,-8.000,652.676,839.666,-46.640,-17.175,0.240
35.2420,-9.000,654.068,835.205,-43.714,-11.195,0.240
35.3480,-10.000,650.663,835.403,-45.515,-9.936,0.240
35.4451,-11.000,646.199,836.540,-48.315,-9.671,0.240
35.5421,-13.000,629.084,846.628,-61.917,-17.194,0.240
35.6467,-14.000,630.208,841.930,-59.006,-11.199,0.240
35.7412,-15.000,626.562,841.939,-60.833,-9.937,0.240
35.8478,-17.000,609.501,851.708,-74.249,-17.250,0.240
35.9442,-18.000,610.533,846.878,-71.317,-11.210,0.240
36.0505,-19.000,606.776,846.806,-73.160,-9.939,0.240
36.1481,-19.000,614.382,838.947,-65.427,-2.092,0.240
36.2429,-19.000,615.812,837.301,-63.889,-0.441,0.240
36.3494,-20.000,603.689,845.640,-74.120,-7.672,0.240
36.4438,-20.000,609.637,839.476,-68.064,-1.615,0.240
36.5485,-20.000,610.821,838.109,-66.789,-0.340,0.240
36.6431,-20.000,611.011,837.762,-66.520,-0.072,0.240
36.7481,-21.000,598.622,846.418,-77.043,-7.594,0.240
36.8431,-21.000,604.531,840.337,-71.048,-1.599,0.240
36.9498,-21.000,605.720,839.001,-69.785,-0.337,0.240
37.0482,-22.000,593.544,847.452,-80.099,-7.650,0.240
37.1445,-22.000,599.500,841.330,-74.059,-1.610,0.240
37.2406,-23.000,588.322,848.766,-83.367,-7.918,0.240
37.3466,-23.000,594.483,842.425,-77.116,-1.667,0.240
37.4429,-23.000,595.723,841.033,-75.800,-0.351,0.240
37.5486,-23.000,595.935,840.691,-75.523,-0.074,0.240
37.6454,-23.000,595.938,840.577,-75.464,-0.016,0.240
37.7504,-23.000,595.903,840.518,-75.452,-0.003,0.240
37.8462,-23.000,595.866,840.475,-75.449,-0.001,0.240
37.9431,-23.000,595.833,840.441,-75.449,-0.000,0.240
38.0492,-23.000,595.804,840.412,-75.449,-0.000,0.240
38.1445,-23.000,595.779,840.387,-75.449,-0.000,0.240
38.2496,-23.000,595.758,840.367,-75.449,-0.000,0.240
38.3437,-23.000,595.741,840.349,-75.449,-0.000,0.240
38.4463,-23.000,595.726,840.334,-75.449,-0.000,0.240
38.5411,-23.000,595.713,840.321,-75.449,-0.000,0.240
38.6487,-23.000,595.702,840.310,-75.449,-0.000,0.240
38.7432,-23.000,595.693,840.301,-75.449,-0.000,0.240
38.8502,-22.000,605.064,828.514,-64.870,7.579,0.240
38.9438,-22.000,599.554,834.971,-70.853,1.596,0.240
39.0466,-22.000,598.696,836.633,-72.113,0.336,0.240
39.1497,-22.000,598.773,837.240,-72.378,0.071,0.240
39.2443,-21.000,608.387,825.807,-61.855,7.594,0.240
39.3499,-21.000,603.119,832.530,-67.850,1.599,0.240
39.4446,-21.000,602.475,834.410,-69.112,0.337,0.240
39.5401,-20.000,612.113,823.422,-58.799,7.650,0.240
39.6449,-19.000,616.266,818.723,-54.373,9.189,0.240
39.7437,-18.000,619.549,815.574,-51.157,9.514,0.240
39.8493,-18.000,613.488,824.750,-58.776,2.003,0.240
39.9454,-17.000,622.507,815.978,-49.880,8.001,0.240
40.0415,-16.000,627.079,812.217,-45.714,9.263,0.240
40.1465,-16.000,621.515,821.470,-53.123,1.950,0.240
40.2409,-15.000,630.832,812.889,-44.173,7.990,0.240
40.3477,-15.000,626.247,821.099,-50.571,1.682,0.240
40.4438,-14.000,635.755,812.273,-41.404,7.933,0.240
40.5397,-13.000,640.582,808.624,-37.166,9.249,0.240
40.6463,-12.000,644.588,806.220,-33.961,9.526,0.240
40.7403,-11.000,648.562,804.209,-30.968,9.584,0.240
40.8465,-10.000,652.648,802.391,-28.016,9.597,0.240
40.9419,-9.000,656.860,800.706,-25.067,9.599,0.240
41.0481,-7.000,670.572,787.342,-11.530,17.179,0.240
41.1438,-6.000,669.501,792.310,-14.549,11.196,0.240
41.2398,-5.000,673.167,792.555,-12.839,9.936,0.240
41.3454,-5.000,668.455,803.592,-20.713,2.092,0.240
41.4405,-3.000,688.232,784.392,-1.225,15.598,0.240
41.5474,-3.000,679.144,799.969,-13.557,3.284,0.240
41.6416,-2.000,688.677,793.553,-5.583,8.270,0.240
41.7465,-1.000,694.345,791.133,-1.539,9.320,0.240
41.8429,-1.000,689.862,801.378,-8.903,1.962,0.240
41.9481,-1.000,690.756,805.382,-10.458,0.413,0.240
42.0444,-1.000,692.505,807.795,-10.790,0.087,0.240
42.1405,-1.000,694.199,809.639,-10.864,0.018,0.240
42.2479,-2.000,683.298,819.948,-21.470,-7.575,0.240
42.3442,-2.000,690.514,815.228,-15.502,-1.595,0.240
42.4410,-3.000,680.437,823.827,-24.839,-7.915,0.240
42.5469,-4.000,675.155,827.253,-29.194,-9.245,0.240
42.6429,-4.000,683.141,820.689,-21.919,-1.946,0.240
42.7409,-5.000,672.873,828.566,-30.992,-7.989,0.240
42.8464,-5.000,679.633,822.773,-24.715,-1.682,0.240
42.9424,-6.000,668.957,830.671,-34.002,-7.933,0.240
43.0492,-6.000,675.504,824.764,-27.775,-1.670,0.240
43.1442,-7.000,664.673,832.538,-37.077,-7.931,0.240
43.2394,-8.000,658.708,835.305,-41.443,-9.249,0.240
43.3447,-9.000,653.717,836.977,-44.775,-9.526,0.240
43.4412,-10.000,648.888,838.385,-47.893,-9.584,0.240
43.5501,-10.000,656.441,830.925,-40.387,-2.018,0.240
43.6448,-11.000,645.628,838.216,-49.439,-8.004,0.240
43.7414,-12.000,639.499,840.751,-53.771,-9.264,0.240
43.8466,-12.000,646.714,833.483,-46.529,-1.950,0.240
43.9418,-12.000,648.158,831.992,-45.061,-0.411,0.240
44.0474,-13.000,636.006,840.505,-55.394,-7.665,0.240
44.1432,-13.000,641.933,834.485,-49.421,-1.614,0.240
44.2385,-13.000,643.089,833.249,-48.225,-0.340,0.240
44.3453,-13.000,643.246,833.025,-48.034,-0.072,0.240
44.4425,-13.000,643.196,833.018,-48.056,-0.015,0.240
44.5476,-13.000,643.105,833.060,-48.122,-0.003,0.240
44.6431,-13.000,643.009,833.114,-48.197,-0.001,0.240
44.7382,-12.000,652.299,821.389,-37.690,7.579,0.240
44.8437,-12.000,646.709,827.910,-43.745,1.596,0.240
44.9466,-12.000,645.772,829.637,-45.077,0.336,0.240
45.0399,-12.000,645.771,830.310,-45.414,0.071,0.240
45.1465,-12.000,645.929,830.723,-45.542,0.015,0.240
45.2419,-11.000,655.473,819.265,-35.041,7.582,0.240
45.3476,-11.000,650.107,826.003,-41.093,1.596,0.240
45.4435,-10.000,658.749,816.128,-31.834,7.915,0.240
45.5395,-10.000,653.417,823.412,-38.142,1.666,0.240
45.6462,-9.000,662.256,813.832,-28.933,7.930,0.240
45.7412,-9.000,657.126,821.332,-35.247,1.669,0.240
45.8469,-8.000,666.147,811.926,-26.034,7.930,0.240
45.9439,-8.000,661.174,819.571,-32.343,1.670,0.240
46.0399,-8.000,660.944,822.073,-33.709,0.351,0.240
46.1471,-8.000,661.584,823.364,-34.035,0.074,0.240
46.2437,-7.000,671.683,812.506,-23.556,7.595,0.240
46.3394,-7.000,666.823,819.721,-29.594,1.599,0.240
46.4445,-7.000,666.519,822.026,-30.898,0.337,0.240
46.5391,-7.000,667.062,823.185,-31.206,0.071,0.240
46.6451,-6.000,677.072,812.221,-20.719,7.594,0.240
46.7402,-6.000,672.136,819.347,-26.750,1.599,0.240
46.8452,-5.000,681.153,809.790,-17.463,7.916,0.240
46.9404,-5.000,676.145,817.340,-23.742,1.666,0.240
47.0481,-4.000,685.265,807.981,-14.503,7.930,0.240
47.1443,-3.000,689.763,803.879,-10.202,9.248,0.240
47.2431,-2.000,693.498,801.082,-6.937,9.526,0.240
47.3384,-2.000,687.863,810.512,-14.469,2.005,0.240
47.4447,-1.000,697.266,801.936,-5.480,8.001,0.240
47.5410,1.000,710.965,785.940,9.368,16.842,0.240
47.6373,1.000,699.698,801.255,-3.923,3.546,0.240
47.7435,3.000,716.195,780.998,14.454,15.904,0.240
47.8375,4.000,713.844,782.554,12.500,10.927,0.240
47.9447,5.000,715.188,779.933,14.483,9.879,0.240
48.0394,5.000,708.376,788.660,6.713,2.080,0.240
48.1450,6.000,716.363,778.701,15.686,8.017,0.240
48.2417,6.000,710.732,785.656,9.393,1.688,0.240
48.3370,7.000,718.783,775.130,18.681,7.934,0.240
48.4438,7.000,713.009,781.800,12.460,1.670,0.240
48.5404,7.000,712.113,783.458,11.183,0.352,0.240
48.6463,6.000,700.416,793.402,0.362,-7.505,0.240
48.7416,6.000,707.133,788.197,6.323,-1.580,0.240
48.8368,5.000,697.273,796.940,-2.978,-7.912,0.240
48.9431,5.000,704.575,791.690,3.298,-1.666,0.240
49.0385,4.000,695.006,800.602,-5.942,-7.930,0.240
49.1448,3.000,690.727,804.924,-10.243,-9.248,0.240
49.2409,1.000,675.994,817.892,-24.094,-17.105,0.240
49.3368,-0.000,679.969,816.017,-21.169,-11.180,0.240
49.4436,-1.000,678.803,818.369,-22.927,-9.933,0.240
49.5379,-2.000,676.258,821.322,-25.677,-9.670,0.240
49.6430,-4.000,660.783,832.943,-39.224,-17.194,0.240
49.7401,-5.000,663.310,829.540,-36.259,-11.199,0.240
49.8458,-6.000,660.864,830.642,-38.033,-9.937,0.240
49.9422,-8.000,644.832,841.332,-51.395,-17.250,0.240
50.0368,-9.000,646.747,837.276,-48.409,-11.210,0.240
50.1445,-10.000,643.748,837.854,-50.198,-9.939,0.240
50.2398,-12.000,627.236,848.109,-63.581,-17.250,0.240
50.3462,-13.000,628.739,843.688,-60.619,-11.211,0.240
50.4399,-14.000,625.386,843.960,-62.432,-9.939,0.240
50.5434,-15.000,620.954,845.173,-65.254,-9.671,0.240
50.6388,-16.000,616.247,846.545,-68.294,-9.615,0.240
50.7430,-17.000,611.439,847.917,-71.384,-9.603,0.240
50.8381,-18.000,606.573,849.263,-74.489,-9.601,0.240
50.9417,-19.000,601.664,850.580,-77.603,-9.600,0.240
51.0465,-20.000,596.837,851.753,-80.603,-9.600,0.240
51.1420,-20.000,604.364,844.122,-73.024,-2.021,0.240
51.2380,-21.000,593.535,851.260,-82.007,-8.004,0.240
51.3447,-22.000,587.408,853.652,-86.267,-9.264,0.240
51.4432,-22.000,594.634,846.250,-78.953,-1.950,0.240
51.5387,-23.000,583.720,853.415,-87.992,-7.990,0.240
51.6445,-23.000,589.934,847.014,-81.685,-1.682,0.240
51.7386,-24.000,578.803,854.386,-90.936,-7.933,0.240
51.8451,-25.000,572.590,856.804,-95.252,-9.249,0.240
51.9437,-25.000,579.779,849.389,-87.950,-1.947,0.240
52.0405,-26.000,568.841,856.535,-96.992,-7.989,0.240
52.1370,-26.000,575.037,850.117,-90.685,-1.682,0.240
52.2428,-27.000,563.891,857.473,-99.936,-7.933,0.240
52.3380,-28.000,557.664,859.878,-104.252,-9.249,0.240
52.4443,-28.000,564.842,852.452,-96.950,-1.947,0.240
52.5401,-28.000,566.274,850.810,-95.413,-0.410,0.240
52.6450,-29.000,554.129,859.175,-105.668,-7.665,0.240
52.7436,-29.000,560.074,853.018,-99.617,-1.614,0.240
52.8383,-29.000,561.258,851.654,-98.343,-0.340,0.240
52.9446,-30.000,549.070,860.088,-108.653,-7.650,0.240
53.0398,-30.000,555.015,853.952,-102.613,-1.611,0.240
53.1364,-30.000,556.206,852.600,-101.342,-0.339,0.240
53.2419,-29.000,565.784,840.485,-90.495,7.508,0.240
53.3381,-30.000,547.899,855.612,-107.001,-5.998,0.240
53.4437,-29.000,562.342,839.426,-91.687,6.316,0.240
53.5382,-29.000,558.115,845.171,-96.673,1.330,0.240
53.6455,-28.000,567.089,835.087,-87.144,7.859,0.240
53.7401,-28.000,561.913,842.320,-93.348,1.655,0.240
53.8452,-27.000,570.860,832.722,-84.076,7.927,0.240
53.9414,-27.000,565.825,840.203,-90.334,1.669,0.240
54.0372,-26.000,574.926,830.781,-81.073,7.930,0.240
54.1423,-25.000,579.407,826.627,-76.754,9.248,0.240
54.2385,-24.000,583.124,823.788,-73.477,9.526,0.240
54.3450,-23.000,586.856,821.403,-70.418,9.584,0.240
54.4414,-22.000,590.740,819.263,-67.406,9.597,0.240
54.5353,-21.000,594.784,817.302,-64.403,9.599,0.240
54.6386,-20.000,598.970,815.486,-61.403,9.600,0.240
54.7435,-19.000,603.164,813.908,-58.517,9.600,0.240
54.8395,-18.000,607.467,812.427,-55.625,9.600,0.240
54.9360,-16.000,621.249,799.244,-42.142,17.179,0.240
55.0418,-15.000,620.231,804.372,-45.215,11.196,0.240
55.1372,-14.000,623.934,804.762,-43.559,9.936,0.240
55.2426,-12.000,638.015,792.360,-30.317,17.250,0.240
55.3365,-11.000,637.423,797.978,-33.422,11.210,0.240
55.4426,-10.000,641.528,798.746,-31.754,9.939,0.240
55.5364,-9.000,646.578,798.439,-29.075,9.671,0.240
55.6443,-8.000,651.789,797.859,-26.180,9.615,0.240
55.7385,-8.000,647.618,808.966,-33.819,2.024,0.240
55.8438,-7.000,658.305,801.775,-24.880,8.005,0.240
55.9397,-7.000,654.929,811.122,-31.242,1.685,0.240
56.0351,-6.000,665.479,803.248,-22.029,7.934,0.240
56.1402,-6.000,661.817,812.184,-28.329,1.670,0.240
56.2441,-7.000,650.319,824.565,-40.268,-7.227,0.240
56.3396,-7.000,657.858,820.777,-34.604,-1.522,0.240
56.4343,-7.000,660.611,821.212,-33.445,-0.320,0.240
56.5398,-7.000,662.177,822.356,-33.234,-0.067,0.240
56.6359,-7.000,663.340,823.496,-33.223,-0.014,0.240
56.7407,-7.000,664.288,824.506,-33.254,-0.003,0.240
56.8359,-8.000,652.695,834.163,-43.878,-7.580,0.240
56.9415,-8.000,659.309,828.904,-37.943,-1.596,0.240
57.0370,-9.000,648.711,837.053,-47.316,-7.915,0.240
57.1445,-9.000,655.365,831.318,-41.121,-1.666,0.240
57.2395,-10.000,644.632,839.232,-50.445,-7.930,0.240
57.3360,-10.000,651.134,833.333,-44.244,-1.669,0.240
57.4423,-11.000,640.264,841.117,-53.571,-7.930,0.240
57.5394,-11.000,646.647,835.110,-47.376,-1.670,0.240
57.6358,-11.000,648.059,834.018,-46.124,-0.351,0.240
57.7433,-11.000,648.406,833.942,-45.913,-0.074,0.240
57.8391,-12.000,636.129,842.850,-56.505,-7.595,0.240
57.9343,-12.000,642.121,836.995,-50.582,-1.599,0.240
58.0418,-12.000,643.369,835.863,-49.391,-0.337,0.240
58.1389,-12.000,643.612,835.718,-49.198,-0.071,0.240
58.2347,-12.000,643.638,835.776,-49.214,-0.015,0.240
58.3421,-12.000,643.613,835.872,-49.274,-0.003,0.240
58.4374,-12.000,643.574,835.972,-49.343,-0.001,0.240
58.5343,-12.000,643.528,836.069,-49.415,-0.000,0.240
58.6413,-13.000,631.093,844.948,-60.072,-7.579,0.240
58.7364,-13.000,636.987,839.031,-54.166,-1.596,0.240
58.8428,-13.000,638.159,837.839,-52.985,-0.336,0.240
58.9374,-14.000,625.953,846.429,-63.382,-7.650,0.240
59.0426,-14.000,631.872,840.437,-57.427,-1.610,0.240
59.1380,-14.000,633.028,839.218,-56.240,-0.339,0.240
59.2437,-14.000,633.184,839.007,-56.056,-0.071,0.240
59.3397,-15.000,620.749,847.797,-66.669,-7.594,0.240
59.4344,-16.000,614.220,850.628,-71.348,-9.178,0.240
59.5403,-16.000,621.298,843.406,-64.199,-1.932,0.240
59.6359,-17.000,610.281,850.701,-73.355,-7.986,0.240
59.7337,-17.000,616.402,844.416,-67.152,-1.681,0.240
59.8384,-18.000,605.172,851.906,-76.512,-7.933,0.240
59.9349,-18.000,611.238,845.662,-70.357,-1.670,0.240
60.0425,-18.000,612.372,844.376,-69.146,-0.352,0.240
60.1407,-18.000,612.478,844.142,-68.977,-0.074,0.240
60.2358,-19.000,599.988,852.921,-79.611,-7.595,0.240
60.3424,-18.000,615.178,835.178,-63.145,5.980,0.240
60.4405,-18.000,610.764,840.422,-67.974,1.259,0.240
60.5357,-18.000,610.015,841.877,-69.076,0.265,0.240
60.6412,-18.000,609.997,842.494,-69.393,0.056,0.240
60.7368,-17.000,619.485,831.116,-58.960,7.591,0.240
60.8420,-17.000,614.087,837.907,-65.055,1.598,0.240
60.9387,-17.000,613.316,839.863,-66.418,0.336,0.240
61.0330,-17.000,613.451,840.734,-66.786,0.071,0.240
61.1402,-17.000,613.721,841.319,-66.944,0.015,0.240
61.2349,-17.000,613.971,841.797,-67.058,0.003,0.240
61.3412,-17.000,614.176,842.210,-67.162,0.001,0.240
61.4359,-17.000,614.336,842.576,-67.265,0.000,0.240
61.5421,-16.000,623.842,831.116,-56.782,7.579,0.240
61.6373,-16.000,618.432,837.865,-62.861,1.596,0.240
61.7328,-16.000,617.646,839.790,-64.217,0.336,0.240
61.8381,-16.000,617.769,840.635,-64.578,0.071,0.240
61.9330,-16.000,618.028,841.199,-64.730,0.015,0.240
62.0393,-15.000,627.655,829.871,-54.253,7.582,0.240
62.1360,-15.000,622.356,836.724,-60.329,1.596,0.240
62.2416,-14.000,631.052,826.950,-51.094,7.915,0.240
62.3357,-14.000,625.761,834.324,-57.426,1.666,0.240
62.4333,-13.000,634.631,824.824,-48.241,7.930,0.240
62.5383,-12.000,638.911,820.610,-43.994,9.248,0.240
62.6349,-12.000,633.065,829.511,-51.368,1.947,0.240
62.7406,-11.000,642.139,820.634,-42.392,7.989,0.240
62.8357,-11.000,637.350,828.590,-48.765,1.682,0.240
62.9324,-10.000,646.687,819.545,-39.574,7.933,0.240
63.0387,-10.000,641.988,827.492,-45.897,1.670,0.240
63.1351,-9.000,651.375,818.466,-36.690,7.931,0.240
63.2437,-9.000,646.714,826.435,-43.005,1.670,0.240
63.3385,-8.000,656.132,817.428,-33.792,7.930,0.240
63.4349,-8.000,651.498,825.411,-40.101,1.670,0.240
63.5413,-7.000,660.940,816.416,-30.882,7.930,0.240
63.6368,-7.000,656.328,824.409,-37.185,1.670,0.240
63.7332,-7.000,656.404,827.205,-38.545,0.351,0.240
63.8402,-6.000,666.690,816.961,-28.280,7.653,0.240
63.9361,-6.000,662.130,824.556,-34.358,1.611,0.240
64.0322,-5.000,671.498,815.369,-25.081,7.918,0.240
64.1383,-5.000,666.793,823.227,-31.362,1.667,0.240
64.2326,-4.000,676.172,814.128,-22.123,7.930,0.240
64.3397,-3.000,680.892,810.247,-17.822,9.248,0.240
64.4345,-3.000,675.429,819.423,-25.142,1.947,0.240
64.5396,-2.000,684.836,810.771,-16.112,7.989,0.240
64.6352,-1.000,689.723,807.126,-11.846,9.261,0.240
64.7414,-0.000,693.819,804.686,-8.578,9.529,0.240
64.8377,1.000,697.285,802.027,-5.516,9.585,0.240
64.9333,2.000,700.352,799.047,-2.492,9.597,0.240
65.0404,2.000,694.325,808.148,-10.056,2.020,0.240
65.1359,1.000,710.538,842.777,-26.293,-11.222,0.400
65.2408,-0.000,736.826,868.243,-31.856,-13.785,0.400
65.3355,-1.000,763.768,892.033,-35.358,-14.281,0.400
65.4328,-2.000,789.907,915.756,-38.466,-14.377,0.400
65.5388,-1.000,845.237,911.346,-12.265,8.830,0.400
65.6346,-0.000,881.759,926.647,-4.773,13.322,0.400
65.7404,1.000,913.679,945.516,-0.897,14.191,0.400
65.8342,3.000,956.736,948.468,16.902,25.973,0.400
65.9377,5.000,989.436,960.717,25.212,28.253,0.400
66.0313,6.000,1006.901,991.197,17.076,17.081,0.400
66.1363,8.000,1045.579,996.111,32.575,26.532,0.400
66.2414,9.000,1063.422,1025.061,25.845,16.748,0.400
66.3363,10.000,1088.845,1046.152,27.012,14.854,0.400
66.4320,11.000,1115.533,1065.741,29.711,14.488,0.400
66.5368,12.000,1142.293,1085.055,32.712,14.417,0.400
66.6316,13.000,1168.922,1104.328,35.776,14.403,0.400
66.7360,13.000,1182.735,1140.172,24.239,2.788,0.400
66.8331,14.000,1218.601,1150.253,36.688,12.152,0.400
66.9319,15.000,1246.778,1167.871,41.590,13.965,0.400
67.0380,15.000,1260.709,1203.505,30.418,2.703,0.400
67.1347,15.000,1258.312,1204.742,28.328,0.523,0.400
67.2419,15.000,1257.718,1204.350,27.996,0.101,0.400
67.3378,13.000,1226.167,1230.863,-1.233,-23.206,0.400
67.4329,13.000,1245.986,1212.762,17.560,-4.492,0.400
67.5378,12.000,1234.889,1223.219,6.641,-12.482,0.400
67.6342,11.000,1230.707,1227.756,2.160,-14.029,0.400
67.7387,10.000,1228.172,1231.494,-1.079,-14.328,0.400
67.8341,8.000,1210.548,1248.941,-18.702,-25.999,0.400
67.9394,6.000,1203.223,1257.914,-26.925,-28.258,0.400
68.0348,4.000,1198.474,1265.865,-33.338,-28.695,0.400
68.1391,2.000,1194.716,1274.145,-39.410,-28.780,0.400
68.2359,1.000,1207.235,1269.368,-30.808,-17.183,0.400
68.3316,1.000,1225.928,1260.257,-16.945,-3.326,0.400
68.4369,3.000,1258.059,1228.470,14.981,22.582,0.400
68.5334,6.000,1281.047,1200.075,40.645,39.209,0.400
68.6411,7.000,1264.357,1217.269,23.679,19.202,0.400
68.7381,8.000,1263.317,1217.837,22.855,15.329,0.400
68.8329,9.000,1264.988,1214.865,25.159,14.580,0.400
68.9394,10.000,1266.915,1210.933,28.074,14.435,0.400
69.0352,11.000,1268.663,1206.580,31.112,14.407,0.400
69.1312,13.000,1282.852,1185.377,48.797,26.014,0.400
69.2398,13.000,1261.979,1206.288,27.896,5.035,0.400
69.3336,14.000,1270.689,1193.710,38.533,12.587,0.400
69.4385,14.000,1260.484,1203.627,28.465,2.436,0.400
69.5333,15.000,1271.156,1188.811,41.204,12.084,0.400
69.6398,16.000,1273.912,1181.631,46.167,13.952,0.400
69.7366,16.000,1262.381,1192.403,35.012,2.700,0.400
69.8323,16.000,1259.980,1194.159,32.930,0.523,0.400
69.9384,16.000,1259.383,1194.207,32.604,0.101,0.400
70.0334,15.000,1243.498,1207.526,18.000,-11.593,0.400
70.1396,15.000,1253.349,1198.494,27.439,-2.244,0.400
70.2347,14.000,1239.929,1210.509,14.720,-12.047,0.400
70.3326,13.000,1234.964,1215.180,9.901,-13.945,0.400
70.4389,13.000,1247.665,1205.231,21.224,-2.699,0.400
70.5346,11.000,1219.751,1231.282,-5.759,-23.748,0.400
70.6305,11.000,1241.179,1214.272,13.459,-4.596,0.400
70.7355,10.000,1231.161,1225.944,2.613,-12.503,0.400
70.8311,9.000,1227.838,1231.573,-1.864,-14.033,0.400
70.9371,9.000,1241.690,1222.682,9.507,-2.716,0.400
71.0342,8.000,1230.374,1236.114,-2.867,-12.139,0.400
71.1305,7.000,1226.942,1242.245,-7.649,-13.962,0.400
71.2367,6.000,1225.223,1247.159,-10.966,-14.315,0.400
71.3315,5.000,1223.992,1252.004,-14.004,-14.384,0.400
71.4387,4.000,1222.989,1256.980,-16.994,-14.397,0.400
71.5344,3.000,1222.144,1262.102,-19.978,-14.399,0.400
71.6402,2.000,1221.423,1267.358,-22.967,-14.400,0.400
71.7358,1.000,1220.806,1272.730,-25.961,-14.400,0.400
71.8328,-0.000,1220.277,1278.201,-28.961,-14.400,0.400
71.9386,-2.000,1202.353,1295.526,-46.586,-26.013,0.400
72.0353,-3.000,1209.495,1289.973,-40.238,-16.648,0.400
72.1312,-4.000,1208.510,1291.411,-41.450,-14.835,0.400
72.2378,-5.000,1205.573,1293.832,-44.129,-14.484,0.400
72.3313,-5.000,1218.505,1283.462,-32.478,-2.803,0.400
72.4375,-6.000,1205.255,1294.988,-44.866,-12.155,0.400
72.5326,-7.000,1199.221,1298.658,-49.718,-13.966,0.400
72.6296,-8.000,1194.368,1300.602,-53.117,-14.316,0.400
72.7362,-8.000,1206.128,1289.368,-41.620,-2.771,0.400
72.8315,-9.000,1191.970,1300.074,-54.052,-12.149,0.400
72.9389,-9.000,1201.746,1290.363,-44.308,-2.351,0.400
73.0360,-10.000,1187.048,1301.218,-57.085,-12.068,0.400
73.1339,-10.000,1196.586,1291.411,-47.413,-2.336,0.400
73.2317,-11.000,1181.727,1302.143,-60.208,-12.065,0.400
73.3383,-11.000,1191.137,1292.225,-50.544,-2.335,0.400
73.4340,-11.000,1192.738,1290.192,-48.727,-0.452,0.400
73.5307,-11.000,1192.853,1289.710,-48.428,-0.087,0.400
73.6358,-11.000,1192.701,1289.549,-48.424,-0.017,0.400
73.7307,-11.000,1192.516,1289.469,-48.476,-0.003,0.400
73.8362,-11.000,1192.340,1289.419,-48.539,-0.001,0.400
73.9321,-11.000,1192.179,1289.389,-48.605,-0.000,0.400
74.0392,-11.000,1192.032,1289.373,-48.671,-0.000,0.400
74.1347,-11.000,1191.896,1289.370,-48.737,-0.000,0.400
74.2337,-11.000,1191.771,1289.377,-48.803,-0.000,0.400
74.3408,-10.000,1205.224,1273.724,-34.250,11.613,0.400
74.4355,-10.000,1196.364,1283.714,-43.675,2.248,0.400
74.5322,-9.000,1208.540,1270.398,-30.929,12.048,0.400
74.6383,-8.000,1213.355,1265.515,-26.080,13.945,0.400
74.7341,-6.000,1230.670,1246.942,-8.136,25.925,0.400
74.8312,-6.000,1212.192,1270.350,-29.079,5.018,0.400
74.9364,-4.000,1237.343,1245.190,-3.924,24.197,0.400
75.0318,-3.000,1234.370,1252.055,-8.843,16.296,0.400
75.1283,-2.000,1237.933,1252.701,-7.384,14.767,0.400
75.2354,-0.000,1256.439,1236.572,9.933,26.084,0.400
75.3309,1.000,1252.082,1245.049,3.517,16.661,0.400
75.4380,3.000,1267.241,1228.593,19.324,26.451,0.400
75.5325,4.000,1261.045,1235.786,12.630,16.732,0.400
75.6387,5.000,1262.168,1234.611,13.779,14.851,0.400
75.7334,6.000,1264.368,1231.466,16.451,14.487,0.400
75.8290,6.000,1253.819,1244.212,4.803,2.804,0.400
75.9334,7.000,1265.196,1230.802,17.197,12.156,0.400
76.0373,7.000,1256.071,1241.200,7.436,2.353,0.400
76.1320,7.000,1254.757,1243.596,5.581,0.455,0.400
76.2350,7.000,1254.891,1244.381,5.255,0.088,0.400
76.3279,7.000,1255.253,1244.800,5.226,0.017,0.400
76.4336,7.000,1255.613,1245.104,5.255,0.003,0.400
76.5283,7.000,1255.935,1245.347,5.294,0.001,0.400
76.6343,7.000,1256.216,1245.546,5.335,0.000,0.400
76.7297,7.000,1256.462,1245.708,5.377,0.000,0.400
76.8351,7.000,1256.677,1245.839,5.419,0.000,0.400
76.9303,7.000,1256.867,1245.944,5.461,0.000,0.400
77.0369,7.000,1257.034,1246.028,5.503,0.000,0.400
77.1331,7.000,1257.183,1246.092,5.545,0.000,0.400
77.2299,7.000,1257.315,1246.141,5.587,0.000,0.400
77.3361,7.000,1257.434,1246.176,5.629,0.000,0.400
77.4325,7.000,1257.541,1246.199,5.671,0.000,0.400
77.5287,7.000,1257.639,1246.212,5.713,0.000,0.400
77.6341,7.000,1257.728,1246.218,5.755,0.000,0.400
77.7299,7.000,1257.810,1246.216,5.797,0.000,0.400
77.8360,8.000,1270.555,1229.639,20.458,11.613,0.400
77.9329,8.000,1261.110,1238.828,11.141,2.248,0.400
78.0275,8.000,1259.236,1240.483,9.376,0.435,0.400
78.1315,9.000,1271.509,1224.124,23.692,11.697,0.400
78.2356,9.000,1261.893,1233.267,14.313,2.264,0.400
78.3317,10.000,1272.590,1218.269,27.160,12.051,0.400
78.4275,11.000,1275.272,1211.030,32.121,13.945,0.400
78.5321,11.000,1263.655,1221.774,20.940,2.699,0.400
78.6273,11.000,1261.173,1223.514,18.830,0.522,0.400
78.7347,11.000,1260.502,1223.554,18.474,0.101,0.400
78.8287,12.000,1245.190,1187.100,29.045,7.600,0.240
78.9348,12.000,1214.942,1168.708,23.117,1.600,0.240
79.0298,12.000,1189.259,1145.407,21.926,0.337,0.240
79.1354,12.000,1164.427,1120.963,21.732,0.071,0.240
79.2329,12.000,1139.681,1096.185,21.748,0.015,0.240
79.3282,12.000,1114.874,1071.258,21.808,0.003,0.240
79.4334,12.000,1089.987,1046.231,21.878,0.001,0.240
79.5296,13.000,1073.810,1008.742,32.534,7.579,0.240
79.6371,13.000,1042.777,989.519,26.629,1.596,0.240
79.7332,14.000,1025.202,953.138,36.032,7.915,0.240
79.8290,14.000,993.786,934.051,29.867,1.666,0.240
79.9336,14.000,967.271,909.999,28.636,0.351,0.240
80.0282,14.000,941.767,884.881,28.443,0.074,0.240
80.1313,15.000,925.244,847.137,39.054,7.594,0.240
80.2343,15.000,893.955,827.659,33.148,1.599,0.240
80.3278,14.000,855.602,812.821,21.391,-7.242,0.240
80.4321,14.000,836.478,782.093,27.192,-1.525,0.240
80.5350,13.000,800.974,765.183,17.895,-7.900,0.240
80.6289,13.000,782.693,734.273,24.210,-1.663,0.240
80.7335,12.000,747.573,717.541,15.016,-7.929,0.240
80.8315,12.000,755.013,712.317,21.348,-1.669,0.240
80.9270,11.000,745.560,721.254,12.153,-7.930,0.240
81.0333,11.000,753.167,716.208,18.480,-1.670,0.240
81.1279,10.000,743.855,725.297,9.279,-7.930,0.240
81.2313,10.000,751.581,720.382,15.600,-1.670,0.240
81.3259,9.000,742.369,729.583,6.393,-7.930,0.240
81.4323,8.000,738.394,734.148,2.123,-9.249,0.240
81.5264,7.000,735.709,737.935,-1.113,-9.526,0.240
81.6332,7.000,745.240,732.341,6.450,-2.005,0.240
81.7282,7.000,748.539,732.389,8.075,-0.422,0.240
81.8345,6.000,738.551,742.820,-2.135,-7.668,0.240
81.9296,6.000,746.329,738.420,3.955,-1.614,0.240
82.0365,6.000,749.075,738.545,5.265,-0.340,0.240
82.1328,5.000,738.815,748.845,-5.015,-7.650,0.240
82.2278,5.000,746.402,744.293,1.055,-1.611,0.240
82.3335,5.000,748.993,744.281,2.356,-0.339,0.240
82.4306,5.000,750.387,745.079,2.654,-0.071,0.240
82.5367,5.000,751.405,745.925,2.740,-0.015,0.240
82.6327,5.000,752.239,746.675,2.782,-0.003,0.240
82.7278,5.000,752.944,747.315,2.815,-0.001,0.240
82.8317,5.000,753.547,747.857,2.845,-0.000,0.240
82.9265,5.000,754.064,748.313,2.875,-0.000,0.240
83.0326,6.000,763.292,736.312,13.490,7.579,0.240
83.1303,6.000,757.666,742.580,7.543,1.596,0.240
83.2281,5.000,744.930,753.462,-4.266,-7.243,0.240
83.3353,6.000,760.176,736.041,12.067,6.054,0.240
83.4315,6.000,756.008,741.360,7.324,1.275,0.240
83.5272,6.000,755.527,742.819,6.354,0.268,0.240
83.6314,6.000,755.766,743.411,6.178,0.056,0.240
83.7261,6.000,756.111,743.773,6.169,0.012,0.240
83.8340,7.000,765.223,731.662,16.781,7.581,0.240
83.9301,7.000,759.505,737.830,10.837,1.596,0.240
84.0260,7.000,758.478,739.240,9.619,0.336,0.240
84.1333,7.000,758.418,739.626,9.396,0.071,0.240
84.2290,7.000,758.542,739.778,9.382,0.015,0.240
84.3354,8.000,767.475,727.481,19.997,7.582,0.240
84.4313,8.000,761.607,733.488,14.059,1.596,0.240
84.5256,9.000,769.240,722.375,23.432,7.915,0.240
84.6316,9.000,763.065,728.590,17.238,1.666,0.240
84.7262,10.000,770.606,717.484,26.561,7.930,0.240
84.8315,10.000,764.391,723.670,20.361,1.669,0.240
84.9265,11.000,771.905,712.530,29.688,7.930,0.240
85.0324,11.000,765.669,718.684,23.493,1.670,0.240
85.1278,12.000,773.167,707.516,32.826,7.930,0.240
85.2354,13.000,775.704,701.260,37.222,9.249,0.240
85.3311,14.000,777.185,696.018,40.583,9.526,0.240
85.4267,14.000,769.649,703.356,33.147,2.005,0.240
85.5328,14.000,768.066,704.772,31.647,0.422,0.240
85.6300,14.000,767.746,704.950,31.398,0.089,0.240
85.7351,14.000,767.699,704.875,31.412,0.019,0.240
85.8291,14.000,767.717,704.755,31.481,0.004,0.240
85.9255,14.000,767.754,704.630,31.562,0.001,0.240
86.0310,13.000,756.015,713.895,21.060,-7.579,0.240
86.1265,13.000,762.525,708.282,27.122,-1.596,0.240
86.2335,12.000,752.459,716.710,17.874,-7.915,0.240
86.3280,11.000,747.798,720.579,13.610,-9.245,0.240
86.4341,10.000,744.542,723.762,10.390,-9.525,0.240
86.5295,10.000,753.591,717.651,17.970,-2.005,0.240
86.6263,9.000,744.697,726.641,9.028,-8.001,0.240
86.7331,7.000,729.039,740.582,-5.771,-16.842,0.240
86.8314,6.000,732.863,738.898,-3.018,-11.125,0.240
86.9259,5.000,732.306,741.874,-4.784,-9.921,0.240
87.0322,3.000,719.127,755.310,-18.091,-17.247,0.240
87.1293,2.000,724.085,754.170,-15.043,-11.210,0.240
87.2252,1.000,724.284,757.816,-16.766,-9.939,0.240
87.3314,-1.000,711.101,771.267,-30.083,-17.250,0.240
87.4282,-3.000,703.058,778.338,-37.640,-18.790,0.240
87.5244,-5.000,695.691,783.679,-43.994,-19.114,0.240
87.6314,-6.000,700.504,779.544,-39.520,-11.603,0.240
87.7274,-8.000,686.647,789.777,-51.565,-17.601,0.240
87.8335,-9.000,689.569,786.175,-48.303,-11.284,0.240
87.9291,-12.000,662.479,804.886,-71.203,-25.112,0.240
88.0247,-14.000,658.402,803.641,-72.620,-20.445,0.240
88.1302,-15.000,662.812,797.108,-67.148,-11.883,0.240
88.2240,-17.000,647.932,805.984,-79.026,-17.660,0.240
88.3273,-18.000,649.834,801.377,-75.772,-11.297,0.240
88.4335,-18.000,658.996,792.918,-66.961,-2.378,0.240
88.5280,-20.000,636.413,808.896,-86.241,-15.659,0.240
88.6334,-21.000,636.590,805.507,-84.458,-10.875,0.240
88.7260,-22.000,632.931,805.834,-86.451,-9.869,0.240
88.8295,-23.000,628.428,806.906,-89.239,-9.657,0.240
88.9245,-23.000,636.093,799.324,-81.616,-2.033,0.240
89.0308,-23.000,637.733,797.755,-80.011,-0.428,0.240
89.1263,-25.000,613.343,815.005,-100.831,-15.248,0.240
89.2262,-23.000,644.105,779.375,-67.635,11.948,0.240
89.3323,-22.000,644.982,777.959,-66.489,10.094,0.240
89.4267,-22.000,638.284,787.199,-74.458,2.125,0.240
89.5314,-20.000,656.444,766.399,-54.978,15.605,0.240
89.6271,-19.000,655.268,768.933,-56.833,10.864,0.240
89.7310,-17.000,667.423,756.131,-44.354,17.445,0.240
89.8248,-15.000,675.044,749.160,-37.058,18.831,0.240
89.9330,-14.000,672.749,755.608,-41.430,11.543,0.240
90.0288,-13.000,676.202,756.285,-40.042,10.009,0.240
90.1241,-12.000,680.862,755.735,-37.437,9.686,0.240
90.2306,-13.000,664.005,775.486,-55.741,-5.540,0.240
90.3245,-9.000,708.570,726.780,-9.105,29.150,0.240
90.4298,-9.000,689.743,754.088,-32.172,6.137,0.240
90.5242,-7.000,707.219,739.021,-15.901,16.450,0.240
90.6282,-3.000,735.754,708.933,13.410,33.779,0.240
90.7321,-1.000,733.178,717.389,7.894,22.269,0.240
90.8256,-1.000,721.090,740.475,-9.693,4.688,0.240
90.9300,-0.000,731.442,737.072,-2.815,8.566,0.240
91.0329,1.000,737.918,735.903,1.008,9.382,0.240
91.1257,1.000,734.272,747.059,-6.394,1.975,0.240
91.2287,3.000,753.480,727.034,13.223,15.574,0.240
91.3315,3.000,743.856,741.964,0.946,3.279,0.240
91.4267,5.000,761.111,722.020,19.545,15.848,0.240
91.5328,5.000,750.486,736.359,7.064,3.336,0.240
91.6295,7.000,767.030,715.771,25.630,15.860,0.240
91.7256,9.000,773.402,704.762,34.320,18.497,0.240
91.8328,14.000,803.807,658.415,72.696,41.789,0.240
91.9279,17.000,797.980,654.893,71.544,31.534,0.240
92.0237,18.000,782.498,667.828,57.335,14.218,0.240
92.1296,19.000,780.583,666.976,56.803,10.572,0.240
92.2267,19.000,772.675,675.534,48.571,2.226,0.240
92.3335,17.000,747.738,696.223,25.758,-14.689,0.240
92.4311,16.000,748.847,695.103,26.872,-10.671,0.240
92.5275,15.000,747.078,697.463,24.808,-9.826,0.240
92.6321,17.000,774.246,666.597,53.825,13.089,0.240
92.7276,19.000,783.013,653.487,64.763,17.914,0.240
92.8324,21.000,787.583,644.026,71.778,18.929,0.240
92.9272,22.000,782.338,647.512,67.413,11.564,0.240
93.0299,23.000,782.741,645.015,68.863,10.013,0.240
93.1226,24.000,784.224,641.152,71.536,9.687,0.240
93.2256,25.000,785.844,636.909,74.468,9.618,0.240
93.3284,25.000,778.636,644.888,66.874,2.025,0.240
93.4234,25.000,777.365,646.814,65.275,0.426,0.240
93.5270,26.000,786.085,635.049,75.518,7.669,0.240
93.6319,26.000,780.238,641.310,69.464,1.614,0.240
93.7279,27.000,787.918,630.381,78.768,7.919,0.240
93.8246,28.000,790.564,624.373,83.095,9.246,0.240
93.9324,28.000,783.336,631.744,75.796,1.947,0.240
94.0279,29.000,790.639,620.963,84.838,7.989,0.240
94.1232,30.000,793.132,614.912,89.110,9.261,0.240
94.2305,30.000,785.809,622.212,81.799,1.950,0.240
94.3256,30.000,784.260,623.741,80.260,0.410,0.240
94.4322,31.000,792.707,611.678,90.515,7.665,0.240
94.5278,31.000,786.618,617.692,84.463,1.614,0.240
94.6227,32.000,794.091,606.556,93.768,7.919,0.240
94.7289,32.000,787.783,612.750,87.516,1.667,0.240
94.8267,32.000,786.418,614.018,86.200,0.351,0.240
94.9244,33.000,794.879,601.875,96.502,7.653,0.240
95.0307,33.000,788.773,607.852,90.460,1.611,0.240
95.1256,33.000,787.445,609.069,89.188,0.339,0.240
95.2312,33.000,787.131,609.290,88.921,0.071,0.240
95.3266,33.000,787.035,609.306,88.864,0.015,0.240
95.4231,33.000,786.989,609.284,88.852,0.003,0.240
95.5296,32.000,775.179,618.637,78.271,-7.578,0.240
95.6260,32.000,781.617,613.109,84.254,-1.595,0.240
95.7231,32.000,783.264,612.237,85.513,-0.336,0.240
95.8297,32.000,783.858,612.301,85.778,-0.071,0.240
95.9253,32.000,784.193,612.525,85.834,-0.015,0.240
96.0280,32.000,784.443,612.751,85.846,-0.003,0.240
96.1311,32.000,784.648,612.951,85.849,-0.001,0.240
96.2243,31.000,773.041,622.501,75.270,-7.579,0.240
96.3272,31.000,779.650,617.143,81.254,-1.596,0.240
96.4301,31.000,781.442,616.416,82.513,-0.336,0.240
96.5226,30.000,770.381,625.982,72.200,-7.650,0.240
96.6291,29.000,765.506,630.186,67.660,-9.189,0.240
96.7252,28.000,762.196,633.525,64.336,-9.514,0.240
96.8328,27.000,759.441,636.906,61.267,-9.582,0.240
96.9265,26.000,756.992,640.486,58.253,-9.596,0.240
97.0223,25.000,754.770,644.270,55.250,-9.599,0.240
97.1312,24.000,752.733,648.234,52.249,-9.600,0.240
97.2266,23.000,750.852,652.353,49.249,-9.600,0.240
97.3313,23.000,760.882,647.226,56.828,-2.021,0.240
97.4258,22.000,752.782,657.093,47.845,-8.004,0.240
97.5312,21.000,749.574,662.403,43.585,-9.264,0.240
97.6271,20.000,747.502,666.862,40.320,-9.529,0.240
97.7216,20.000,757.539,661.853,47.843,-2.006,0.240
97.8257,20.000,761.260,662.407,49.427,-0.422,0.240
97.9221,19.000,751.745,673.155,39.295,-7.668,0.240
98.0301,19.000,759.937,669.011,45.463,-1.614,0.240
98.1265,20.000,771.711,657.078,57.316,7.239,0.240
98.2215,20.000,767.428,664.226,51.601,1.524,0.240
98.3266,19.000,755.778,675.912,39.933,-7.258,0.240
98.4212,19.000,763.137,671.583,45.777,-1.528,0.240
98.5285,19.000,765.745,671.550,47.098,-0.322,0.240
98.6233,19.000,767.207,672.276,47.465,-0.068,0.240
98.7282,18.000,756.520,682.424,37.048,-7.593,0.240
98.8235,18.000,763.894,677.592,43.151,-1.599,0.240
98.9302,18.000,766.344,677.303,44.521,-0.337,0.240
99.0286,17.000,755.851,687.232,34.309,-7.650,0.240
99.1243,17.000,763.253,682.351,40.451,-1.610,0.240
99.2207,16.000,753.912,691.434,31.239,-7.918,0.240
99.3281,17.000,770.435,674.093,48.171,5.912,0.240
99.4235,16.000,755.237,689.195,33.021,-6.334,0.240
99.5283,16.000,761.793,685.558,38.118,-1.334,0.240
99.6232,15.000,752.397,695.034,28.682,-7.860,0.240
99.7283,16.000,769.011,677.888,45.561,5.924,0.240
99.8234,15.000,753.920,693.129,30.395,-6.332,0.240
99.9286,15.000,760.571,689.603,35.484,-1.333,0.240
100.0235,15.000,763.042,689.789,36.627,-0.281,0.240
100.1281,14.000,752.698,699.992,26.353,-7.638,0.240
100.2244,14.000,760.252,695.318,32.467,-1.608,0.240
100.3309,14.000,762.830,695.188,33.821,-0.339,0.240
100.4265,13.000,752.436,705.262,23.587,-7.650,0.240
100.5213,13.000,759.918,700.509,29.705,-1.611,0.240
100.6277,12.000,750.642,709.704,20.469,-7.918,0.240
100.7235,12.000,758.431,704.847,26.792,-1.667,0.240
100.8315,12.000,761.065,704.704,28.180,-0.351,0.240
100.9272,11.000,750.688,714.799,17.944,-7.653,0.240
101.0237,11.000,758.176,710.072,24.052,-1.611,0.240
101.1297,11.000,760.687,709.907,25.390,-0.339,0.240
101.2249,10.000,750.233,719.955,15.139,-7.650,0.240
101.3315,9.000,745.875,724.568,10.654,-9.190,0.240
101.4275,9.000,754.792,718.867,17.963,-1.935,0.240
101.5222,8.000,745.956,728.038,8.959,-7.986,0.240
101.6272,7.000,742.166,732.712,4.727,-9.260,0.240
101.7217,6.000,739.610,736.620,1.495,-9.528,0.240
101.8295,5.000,737.458,740.521,-1.532,-9.585,0.240
101.9230,4.000,735.513,744.552,-4.520,-9.597,0.240
102.0283,3.000,733.715,748.724,-7.504,-9.599,0.240
102.1251,3.000,743.820,743.636,0.092,-2.021,0.240
102.2228,2.000,735.781,753.540,-8.879,-8.004,0.240
102.3278,1.000,732.620,758.886,-13.133,-9.264,0.240
102.4211,-0.000,730.584,763.380,-16.398,-9.529,0.240
102.5250,-1.000,728.266,767.186,-19.460,-9.585,0.240
102.6279,-2.000,725.575,770.543,-22.484,-9.597,0.240
102.7207,-2.000,734.923,764.761,-14.919,-2.020,0.240
102.8245,-3.000,725.636,773.478,-23.921,-8.004,0.240
102.9211,-4.000,720.810,777.220,-28.205,-9.264,0.240
103.0291,-4.000,729.139,770.970,-20.915,-1.950,0.240
103.1257,-5.000,719.154,779.122,-29.984,-7.990,0.240
103.2220,-5.000,726.152,773.566,-23.707,-1.682,0.240
103.3270,-5.000,728.063,772.881,-22.409,-0.354,0.240
103.4231,-5.000,728.833,773.152,-22.159,-0.075,0.240
103.5191,-5.000,729.305,773.566,-22.130,-0.016,0.240
103.6245,-5.000,729.664,773.960,-22.148,-0.003,0.240
103.7193,-5.000,729.956,774.307,-22.175,-0.001,0.240
103.8240,-5.000,730.199,774.609,-22.205,-0.000,0.240
103.9188,-5.000,730.400,774.870,-22.235,-0.000,0.240
104.0241,-5.000,730.566,775.096,-22.265,-0.000,0.240
104.1292,-5.000,730.703,775.293,-22.295,-0.000,0.240
104.2263,-5.000,730.815,775.465,-22.325,-0.000,0.240
104.3229,-5.000,730.906,775.616,-22.355,-0.000,0.240
104.4280,-5.000,730.978,775.748,-22.385,-0.000,0.240
104.5234,-5.000,731.036,775.865,-22.415,-0.000,0.240
104.6289,-4.000,740.465,764.184,-11.860,7.579,0.240
104.7240,-4.000,735.000,770.735,-17.867,1.596,0.240
104.8312,-4.000,734.178,772.480,-19.151,0.336,0.240
104.9251,-3.000,743.666,761.376,-8.855,7.650,0.240
105.0214,-3.000,738.422,768.247,-14.912,1.610,0.240
105.1285,-2.000,747.209,758.443,-5.617,7.918,0.240
105.2240,-2.000,742.014,765.774,-11.880,1.667,0.240
105.3195,-2.000,741.594,768.009,-13.208,0.351,0.240
105.4252,-1.000,751.461,757.285,-2.912,7.653,0.240
105.5200,-1.000,746.549,764.468,-8.960,1.611,0.240
105.6273,-1.000,746.236,766.712,-10.238,0.339,0.240
105.7237,-1.000,746.783,767.806,-10.511,0.071,0.240
105.8211,-0.000,756.803,756.781,0.011,7.594,0.240
105.9191,-0.000,751.881,763.849,-5.984,1.599,0.240
106.0253,1.000,753.287,760.666,3.339,7.916,0.240
106.1221,1.000,741.815,773.629,-2.904,1.666,0.240
106.2285,1.000,736.061,780.650,-4.214,0.351,0.240
106.3232,1.000,732.012,785.775,-4.485,0.074,0.240
106.4189,-0.000,716.964,799.339,-15.122,-7.563,0.240
106.5242,-0.000,720.685,797.355,-9.151,-1.592,0.240
106.6193,-1.000,707.645,808.272,-18.479,-7.914,0.240
106.7285,-1.000,712.232,804.881,-12.237,-1.666,0.240
106.8222,-1.000,712.134,805.995,-10.928,-0.351,0.240
106.9191,-1.000,711.209,807.784,-10.657,-0.074,0.240
107.0243,-1.000,710.245,809.483,-10.604,-0.016,0.240
107.1207,-0.000,718.772,799.180,-0.013,7.576,0.240
107.2287,-0.000,712.537,806.905,-5.994,1.595,0.240
107.3237,-0.000,711.062,809.648,-7.253,0.336,0.240
107.4189,1.000,719.398,798.789,3.067,7.650,0.240
107.5258,2.000,721.963,793.478,7.619,9.189,0.240
107.6210,2.000,714.532,801.577,0.376,1.935,0.240
107.7267,1.000,701.072,813.204,-11.724,-7.172,0.240
107.8223,3.000,724.653,783.864,15.113,13.648,0.240
107.9275,3.000,714.129,795.494,4.356,2.873,0.240
108.0231,3.000,712.076,798.487,2.106,0.605,0.240
108.1186,4.000,720.569,787.193,12.231,7.706,0.240
108.2238,5.000,723.407,781.374,16.757,9.201,0.240
108.3198,4.000,704.454,798.393,-1.063,-5.642,0.240
108.4258,2.000,685.898,813.506,-17.754,-16.346,0.240
108.5223,2.000,700.230,802.246,-4.838,-3.441,0.240
108.6201,2.000,704.162,800.926,-2.109,-0.724,0.240
108.7260,2.000,705.768,801.540,-1.525,-0.153,0.240
108.8219,1.000,694.985,811.810,-11.978,-7.611,0.240
108.9192,3.000,719.789,782.371,15.207,13.556,0.240
109.0253,4.000,718.866,781.753,15.108,10.433,0.240
109.1199,7.000,737.808,753.701,38.650,24.933,0.240
109.2257,8.000,727.541,761.626,29.593,12.828,0.240
109.3191,10.000,735.502,747.472,40.684,17.859,0.240
109.4261,11.000,730.589,749.523,37.230,11.339,0.240
109.5229,12.000,730.748,746.330,38.929,9.966,0.240
109.6181,13.000,731.928,741.972,41.718,9.677,0.240
109.7240,13.000,724.498,749.700,34.156,2.037,0.240
109.8203,13.000,723.080,751.372,32.626,0.429,0.240
109.9264,13.000,722.914,751.753,32.365,0.090,0.240
110.0222,13.000,723.002,751.848,32.372,0.019,0.240
110.1183,13.000,723.134,751.872,32.435,0.004,0.240
110.2236,12.000,711.482,761.256,21.925,-7.578,0.240
110.3203,13.000,726.852,743.359,38.565,5.984,0.240
110.4261,11.000,699.056,767.206,12.749,-13.898,0.240
110.5202,8.000,676.057,785.650,-7.968,-25.663,0.240
110.6261,9.000,707.710,755.524,22.925,2.176,0.240
110.7217,8.000,696.406,768.726,10.676,-7.121,0.240
110.8192,9.000,713.165,752.981,26.931,6.080,0.240
110.9264,8.000,698.562,769.045,11.600,-6.299,0.240
111.0233,7.000,693.917,775.532,6.036,-8.905,0.240
111.1199,7.000,703.271,770.744,13.108,-1.875,0.240
111.2259,7.000,706.732,771.164,14.631,-0.395,0.240
111.3209,6.000,696.949,781.846,4.399,-7.662,0.240
111.4267,4.000,681.345,796.414,-10.686,-16.771,0.240
111.5216,2.000,673.598,804.481,-18.591,-18.689,0.240
111.6262,1.000,679.714,802.236,-14.410,-11.513,0.240
111.7232,1.000,691.954,796.287,-5.315,-2.424,0.240
111.8193,-0.000,684.762,806.426,-13.980,-8.089,0.240
111.9262,-2.000,669.130,820.363,-28.764,-16.861,0.240
112.0209,-3.000,672.324,818.129,-26.049,-11.129,0.240
112.1260,-4.000,670.614,820.054,-27.867,-9.922,0.240
112.2214,-4.000,680.014,813.837,-20.058,-2.089,0.240
112.3171,-5.000,670.607,822.350,-29.017,-8.019,0.240
112.4245,-7.000,653.257,834.739,-43.887,-16.846,0.240
112.5201,-7.000,667.407,822.374,-30.629,-3.547,0.240
112.6167,-7.000,670.922,820.374,-27.871,-0.747,0.240
112.7230,-6.000,681.499,808.686,-16.739,7.422,0.240
112.8194,-4.000,695.401,792.040,-1.464,16.720,0.240
112.9263,-4.000,684.011,807.097,-14.689,3.520,0.240
113.0225,-2.000,701.536,787.889,3.678,15.899,0.240
113.1190,-2.000,691.257,802.738,-8.886,3.347,0.240
113.2242,-2.000,690.544,807.334,-11.540,0.705,0.240
113.3212,-0.000,710.397,785.984,9.061,15.306,0.240
113.4160,-1.000,688.291,809.216,-13.607,-4.357,0.240
113.5223,-1.000,693.703,807.761,-10.174,-0.917,0.240
113.6182,-1.000,696.103,808.725,-9.456,-0.193,0.240
113.7251,-1.000,697.679,810.008,-9.309,-0.041,0.240
113.8212,-3.000,674.150,828.767,-30.453,-15.166,0.240
113.9159,-4.000,674.694,826.569,-29.083,-10.772,0.240
114.0237,-3.000,693.356,807.101,-10.018,5.311,0.240
114.1195,-4.000,677.917,821.255,-24.814,-6.461,0.240
114.2250,-4.000,683.947,817.132,-19.737,-1.360,0.240
114.3209,-5.000,673.423,825.678,-29.272,-7.865,0.240
114.4166,-5.000,680.262,820.157,-23.093,-1.656,0.240
114.5219,-5.000,682.099,819.440,-21.815,-0.349,0.240
114.6260,-7.000,658.051,837.241,-42.740,-15.231,0.240
114.7208,-6.000,679.763,813.818,-20.172,4.372,0.240
114.8165,-6.000,677.048,818.079,-23.660,0.920,0.240
114.9237,-6.000,676.943,819.499,-24.423,0.194,0.240
115.0184,-7.000,664.927,829.032,-35.197,-7.538,0.240
115.1229,-7.000,671.281,823.567,-29.288,-1.587,0.240
115.2183,-7.000,672.870,822.734,-28.077,-0.334,0.240
115.3251,-7.000,673.413,822.834,-27.855,-0.070,0.240
115.4183,-8.000,661.315,831.878,-38.427,-7.594,0.240
115.5253,-8.000,667.464,826.133,-32.479,-1.599,0.240
115.6216,-8.000,668.850,825.091,-31.265,-0.337,0.240
115.7165,-8.000,669.214,825.020,-31.048,-0.071,0.240
115.8233,-8.000,669.346,825.136,-31.040,-0.015,0.240
115.9211,-9.000,657.030,834.062,-41.661,-7.582,0.240
116.0172,-9.000,663.022,828.190,-35.729,-1.596,0.240
116.1240,-10.000,651.894,835.820,-45.108,-7.915,0.240
116.2191,-10.000,658.096,829.644,-38.919,-1.666,0.240
116.3247,-10.000,659.362,828.400,-37.664,-0.351,0.240
116.4197,-11.000,647.204,836.977,-48.032,-7.653,0.240
116.5250,-11.000,653.157,830.980,-42.056,-1.611,0.240
116.6178,-11.000,654.345,829.755,-40.850,-0.339,0.240
116.7208,-11.000,654.531,829.538,-40.648,-0.071,0.240
116.8239,-12.000,642.123,838.319,-51.243,-7.594,0.240
116.9169,-13.000,635.620,841.139,-55.904,-9.178,0.240
117.0237,-13.000,642.722,833.906,-48.737,-1.932,0.240
117.1201,-13.000,644.114,832.403,-47.290,-0.407,0.240
117.2160,-14.000,631.925,840.898,-57.631,-7.665,0.240
117.3228,-14.000,637.822,834.861,-51.664,-1.614,0.240
117.4190,-13.000,648.337,821.827,-39.890,7.239,0.240
117.5157,-14.000,630.588,836.834,-56.268,-6.055,0.240
117.6229,-15.000,623.234,841.258,-62.156,-8.854,0.240
117.7198,-15.000,630.389,834.613,-55.257,-1.864,0.240
117.8249,-16.000,619.602,842.233,-64.460,-7.971,0.240
117.9220,-16.000,625.953,836.190,-58.263,-1.678,0.240
118.0183,-16.000,627.313,835.092,-57.034,-0.353,0.240
118.1240,-17.000,615.222,843.805,-67.436,-7.653,0.240
118.2179,-17.000,621.227,837.930,-61.496,-1.611,0.240
118.3230,-17.000,622.452,836.814,-60.326,-0.339,0.240
118.4176,-17.000,622.664,836.695,-60.160,-0.071,0.240
118.5163,-17.000,622.658,836.781,-60.206,-0.015,0.240
118.6225,-17.000,622.602,836.905,-60.296,-0.003,0.240
118.7189,-17.000,622.531,837.033,-60.395,-0.001,0.240
118.8144,-17.000,622.454,837.159,-60.497,-0.000,0.240
118.9206,-17.000,622.373,837.281,-60.599,-0.000,0.240
119.0229,-17.000,622.289,837.401,-60.701,-0.000,0.240
119.1156,-17.000,622.202,837.518,-60.803,-0.000,0.240
119.2210,-18.000,609.727,846.417,-71.490,-7.579,0.240
119.3161,-18.000,615.583,840.523,-65.614,-1.596,0.240
119.4222,-18.000,616.719,839.355,-64.463,-0.336,0.240
119.5180,-18.000,616.862,839.184,-64.306,-0.071,0.240
119.6161,-18.000,616.798,839.224,-64.358,-0.015,0.240
119.7227,-17.000,626.077,827.525,-53.869,7.576,0.240
119.8183,-18.000,608.081,842.865,-70.537,-5.984,0.240
119.9233,-18.000,613.068,838.619,-65.921,-1.260,0.240
120.0186,-18.000,614.269,838.048,-65.034,-0.265,0.240
120.1239,-18.000,614.639,838.214,-64.933,-0.056,0.240
120.2199,-18.000,614.802,838.506,-64.997,-0.012,0.240
120.3173,-18.000,614.897,838.798,-65.095,-0.002,0.240
120.4147,-18.000,614.956,839.069,-65.201,-0.001,0.240
120.5200,-18.000,614.988,839.316,-65.309,-0.000,0.240
120.6234,-18.000,614.999,839.543,-65.417,-0.000,0.240
120.7170,-18.000,614.992,839.752,-65.525,-0.000,0.240
120.8234,-17.000,624.355,828.161,-55.048,7.579,0.240
120.9184,-17.000,618.822,834.799,-61.133,1.596,0.240
121.0153,-17.000,617.931,836.631,-62.495,0.336,0.240
121.1208,-16.000,627.348,825.613,-52.277,7.650,0.240
121.2173,-16.000,622.032,832.568,-58.412,1.610,0.240
121.3229,-16.000,621.362,834.632,-59.780,0.339,0.240
121.4191,-14.000,640.360,812.018,-38.974,15.229,0.240
121.5140,-14.000,629.716,825.588,-51.081,3.206,0.240
121.6213,-12.000,647.115,805.877,-32.526,15.833,0.240
121.7188,-12.000,636.560,820.466,-45.098,3.333,0.240
121.8143,-11.000,644.957,813.099,-37.216,8.281,0.240
121.9190,-10.000,649.676,809.855,-33.235,9.322,0.240
122.0144,-9.000,653.768,807.617,-30.069,9.542,0.240
122.1209,-7.000,667.239,793.921,-16.486,17.167,0.240
122.2184,-7.000,656.549,810.421,-30.081,3.614,0.240
122.3135,-6.000,665.507,804.000,-22.391,8.340,0.240
122.4182,-4.000,680.236,789.629,-7.841,16.914,0.240
122.5138,-3.000,679.396,794.372,-10.633,11.140,0.240
122.6213,-3.000,673.742,806.344,-19.446,2.345,0.240
122.7170,-2.000,683.943,799.114,-10.730,8.073,0.240
122.8132,-1.000,689.705,796.476,-6.530,9.278,0.240
122.9188,-0.000,694.587,794.851,-3.276,9.532,0.240
123.0145,1.000,698.730,792.875,-0.217,9.586,0.240
123.1201,1.000,693.590,802.858,-7.779,2.018,0.240
123.2161,2.000,702.846,794.118,1.219,8.004,0.240
123.3229,3.000,707.043,789.759,5.497,9.264,0.240
123.4188,3.000,701.179,798.487,-1.798,1.950,0.240
123.5136,4.000,709.659,788.840,7.265,7.990,0.240
123.6201,4.000,704.380,796.128,0.981,1.682,0.240
123.7154,4.000,703.929,798.285,-0.323,0.354,0.240
123.8224,4.000,704.399,799.266,-0.578,0.075,0.240
123.9185,4.000,704.981,799.918,-0.613,0.016,0.240
124.0136,4.000,705.517,800.431,-0.601,0.003,0.240
124.1200,4.000,705.984,800.855,-0.580,0.001,0.240
124.2143,4.000,706.386,801.210,-0.557,0.000,0.240
124.3209,4.000,706.732,801.508,-0.533,0.000,0.240
124.4139,4.000,707.030,801.758,-0.509,0.000,0.240
124.5192,3.000,695.501,811.351,-11.070,-7.579,0.240
124.6148,3.000,702.180,806.028,-5.068,-1.596,0.240
124.7206,3.000,704.034,805.326,-3.791,-0.336,0.240
124.8180,3.000,704.807,805.532,-3.508,-0.071,0.240
124.9131,3.000,705.297,805.875,-3.434,-0.015,0.240
125.0200,3.000,705.681,806.199,-3.404,-0.003,0.240
125.1157,3.000,706.002,806.479,-3.383,-0.001,0.240
125.2124,3.000,706.276,806.716,-3.365,-0.000,0.240
125.3175,3.000,706.511,806.915,-3.347,-0.000,0.240
125.4244,3.000,706.714,807.082,-3.329,-0.000,0.240
125.5197,3.000,706.889,807.221,-3.311,-0.000,0.240
125.6158,3.000,707.040,807.336,-3.293,-0.000,0.240
125.7225,3.000,707.172,807.432,-3.275,-0.000,0.240
125.8181,3.000,707.286,807.510,-3.257,-0.000,0.240
125.9150,3.000,707.386,807.574,-3.239,-0.000,0.240
126.0224,3.000,707.474,807.626,-3.221,-0.000,0.240
126.1179,3.000,707.551,807.667,-3.203,-0.000,0.240
126.2132,3.000,707.619,807.699,-3.185,-0.000,0.240
126.3204,3.000,707.680,807.724,-3.167,-0.000,0.240
126.4152,2.000,695.949,817.127,-13.734,-7.579,0.240
126.5207,2.000,702.456,811.643,-7.738,-1.596,0.240
126.6149,1.000,692.377,820.190,-17.052,-7.915,0.240
126.7218,1.000,699.480,814.785,-10.797,-1.666,0.240
126.8179,-0.000,689.739,823.570,-20.061,-7.930,0.240
126.9120,-0.000,697.092,818.403,-13.800,-1.669,0.240
127.0181,-1.000,686.955,826.800,-23.067,-7.930,0.240
127.1139,-2.000,681.585,830.090,-27.397,-9.249,0.240
127.2199,-3.000,677.105,832.202,-30.693,-9.526,0.240
127.3155,-4.000,672.717,833.978,-33.775,-9.584,0.240
127.4126,-4.000,680.649,826.825,-26.233,-2.018,0.240
127.5198,-5.000,670.164,834.372,-35.249,-8.004,0.240
127.6152,-5.000,676.704,828.334,-28.960,-1.685,0.240
127.7116,-5.000,678.218,827.248,-27.660,-0.355,0.240
127.8172,-6.000,666.265,835.964,-37.994,-7.654,0.240
127.9138,-6.000,672.396,830.083,-31.988,-1.611,0.240
128.0191,-6.000,673.738,828.952,-30.752,-0.339,0.240
128.1157,-7.000,661.674,837.595,-41.105,-7.650,0.240
128.2215,-7.000,667.719,831.644,-35.107,-1.611,0.240
128.3178,-8.000,656.603,839.239,-44.463,-7.918,0.240
128.4145,-9.000,650.424,841.824,-48.845,-9.246,0.240
128.5201,-9.000,657.643,834.552,-41.599,-1.947,0.240
128.6161,-10.000,646.718,841.831,-50.702,-7.989,0.240
128.7120,-10.000,652.915,835.535,-44.455,-1.682,0.240
128.8168,-11.000,641.756,843.010,-53.772,-7.933,0.240
128.9128,-12.000,635.502,845.532,-58.160,-9.249,0.240
129.0192,-13.000,630.261,847.001,-61.515,-9.526,0.240
129.1140,-13.000,637.601,839.456,-54.072,-2.005,0.240
129.2194,-14.000,626.633,846.648,-63.152,-8.001,0.240
129.3143,-15.000,620.377,849.096,-67.504,-9.263,0.240
129.4170,-15.000,627.481,841.754,-60.281,-1.950,0.240
129.5198,-16.000,616.445,848.988,-69.416,-7.990,0.240
129.6130,-17.000,610.156,851.446,-73.790,-9.261,0.240
129.7191,-18.000,604.852,852.893,-77.165,-9.529,0.240
129.8143,-18.000,612.127,845.339,-69.751,-2.006,0.240
129.9189,-19.000,601.099,852.530,-78.860,-8.001,0.240
130.0146,-20.000,594.907,854.862,-83.122,-9.263,0.240
130.1212,-21.000,589.700,856.186,-86.388,-9.529,0.240
130.2165,-22.000,584.694,857.293,-89.444,-9.585,0.240
130.3117,-22.000,592.104,849.568,-81.877,-2.018,0.240
130.4169,-23.000,581.184,856.620,-90.863,-8.004,0.240
130.5126,-23.000,587.360,850.158,-84.544,-1.685,0.240
130.6157,-24.000,576.189,857.484,-93.792,-7.934,0.240
130.7206,-24.000,582.318,851.087,-87.529,-1.670,0.240
130.8162,-25.000,571.144,858.434,-96.789,-7.931,0.240
130.9122,-25.000,577.279,852.046,-90.528,-1.670,0.240
131.0192,-25.000,578.489,850.620,-89.210,-0.351,0.240
131.1146,-25.000,578.675,850.251,-88.933,-0.074,0.240
131.2229,-25.000,578.656,850.115,-88.874,-0.016,0.240
131.3208,-24.000,587.981,838.257,-78.283,7.576,0.240
131.4159,-24.000,582.424,844.662,-84.264,1.595,0.240
131.5114,-24.000,581.525,846.281,-85.523,0.336,0.240
131.6184,-24.000,581.566,846.853,-85.788,0.071,0.240
131.7139,-25.000,569.391,855.948,-96.423,-7.564,0.240
131.8217,-25.000,575.554,850.167,-90.451,-1.592,0.240
131.9184,-25.000,576.974,849.073,-89.194,-0.335,0.240
132.0145,-25.000,577.377,848.946,-88.929,-0.071,0.240
132.1213,-24.000,586.929,837.229,-78.295,7.564,0.240
132.2163,-24.000,581.537,843.780,-84.266,1.592,0.240
132.3110,-23.000,590.152,833.751,-74.945,7.914,0.240
132.4174,-22.000,594.182,829.119,-70.614,9.245,0.240
132.5135,-21.000,597.506,825.883,-67.334,9.525,0.240
132.6187,-21.000,591.523,834.941,-74.853,2.005,0.240
132.7140,-20.000,600.626,826.052,-65.858,8.001,0.240
132.8104,-19.000,605.165,822.294,-61.709,9.263,0.240
132.9174,-18.000,608.955,819.769,-58.552,9.529,0.240
133.0127,-17.000,612.746,817.652,-55.598,9.585,0.240
133.1197,-16.000,616.674,815.748,-52.682,9.597,0.240
133.2147,-15.000,620.746,813.996,-49.769,9.599,0.240
133.3103,-14.000,624.949,812.365,-46.853,9.600,0.240
133.4160,-13.000,629.264,810.836,-43.931,9.600,0.240
133.5118,-12.000,633.676,809.392,-41.003,9.600,0.240
133.6162,-11.000,638.172,808.020,-38.069,9.600,0.240
133.7116,-10.000,642.739,806.707,-35.129,9.600,0.240
133.8175,-9.000,647.368,805.444,-32.183,9.600,0.240
133.9132,-7.000,661.436,792.438,-18.646,17.179,0.240
134.0097,-6.000,660.668,797.709,-21.665,11.196,0.240
134.1158,-5.000,664.591,798.212,-19.955,9.936,0.240
134.2102,-4.000,669.484,797.682,-17.244,9.671,0.240
134.3158,-4.000,665.179,808.695,-24.903,2.036,0.240
134.4100,-3.000,675.784,801.393,-15.949,8.008,0.240
134.5195,-3.000,672.347,810.636,-22.289,1.686,0.240
134.6151,-4.000,661.081,823.238,-34.223,-7.224,0.240
134.7102,-4.000,668.828,819.626,-28.544,-1.521,0.240
134.8159,-3.000,681.148,808.422,-16.782,7.259,0.240
134.9113,-3.000,677.373,816.145,-22.531,1.528,0.240
135.0171,-3.000,677.826,819.047,-23.755,0.322,0.240
135.1118,-2.000,688.365,808.960,-13.442,7.647,0.240
135.2167,-1.000,693.394,804.916,-8.906,9.189,0.240
135.3119,-1.000,688.052,814.095,-16.166,1.934,0.240
135.4172,-1.000,688.149,817.259,-17.700,0.407,0.240
135.5119,-1.000,689.208,818.972,-18.027,0.086,0.240
135.6181,-1.000,690.312,820.224,-18.101,0.018,0.240
135.7139,-2.000,678.908,830.031,-28.706,-7.575,0.240
135.8110,-2.000,685.698,824.884,-22.738,-1.595,0.240
135.9178,-3.000,675.258,833.120,-32.075,-7.915,0.240
136.0131,-4.000,669.667,836.237,-36.430,-9.245,0.240
136.1086,-5.000,665.006,838.196,-39.740,-9.525,0.240
136.2148,-7.000,648.077,848.628,-53.420,-17.163,0.240
136.3099,-8.000,649.439,844.144,-50.497,-11.192,0.240
136.4157,-9.000,646.015,844.314,-52.294,-9.935,0.240
136.5107,-10.000,641.537,845.426,-55.089,-9.671,0.240
136.6147,-11.000,636.796,846.706,-58.100,-9.615,0.240
136.7112,-11.000,644.350,839.210,-50.575,-2.024,0.240
136.8087,-11.000,645.906,837.703,-49.043,-0.426,0.240
136.9141,-12.000,633.813,846.238,-59.357,-7.669,0.240
137.0099,-12.000,639.783,840.244,-53.375,-1.614,0.240
137.1164,-13.000,628.590,847.816,-62.758,-7.919,0.240
137.2089,-14.000,622.340,850.388,-67.169,-9.246,0.240
137.3119,-15.000,617.108,851.895,-70.538,-9.525,0.240
137.4174,-16.000,612.069,853.166,-73.693,-9.584,0.240
137.5131,-17.000,607.054,854.379,-76.807,-9.597,0.240
137.6089,-18.000,602.027,855.574,-79.918,-9.599,0.240
137.7151,-20.000,584.720,865.425,-93.498,-17.179,0.240
137.8130,-21.000,585.734,860.473,-90.514,-11.196,0.240
137.9084,-23.000,569.640,869.018,-102.834,-17.515,0.240
138.0153,-24.000,570.881,863.762,-99.585,-11.266,0.240
138.1104,-25.000,567.190,863.440,-101.270,-9.951,0.240
138.2167,-25.000,574.840,855.378,-93.414,-2.095,0.240
138.3117,-24.000,585.699,841.771,-81.181,7.138,0.240
138.4169,-24.000,580.395,847.737,-86.816,1.503,0.240
138.5152,-23.000,588.869,837.427,-77.423,7.895,0.240
138.6136,-23.000,583.355,844.379,-83.657,1.662,0.240
138.7111,-23.000,582.655,846.303,-84.969,0.350,0.240
138.8084,-21.000,601.656,823.541,-64.087,15.232,0.240
138.9168,-21.000,591.033,836.968,-76.112,3.207,0.240
139.0140,-20.000,599.072,828.912,-68.065,8.254,0.240
139.1117,-19.000,603.314,825.256,-64.116,9.317,0.240
139.2084,-18.000,606.978,822.690,-61.000,9.540,0.240
139.3176,-18.000,601.305,832.296,-68.640,2.008,0.240
139.4135,-17.000,610.668,823.876,-59.749,8.002,0.240
139.5110,-17.000,606.149,832.196,-66.168,1.685,0.240
139.6177,-17.000,606.333,835.244,-67.600,0.355,0.240
139.7138,-16.000,616.710,825.214,-57.397,7.654,0.240
139.8118,-16.000,612.219,833.000,-63.536,1.611,0.240
139.9087,-16.000,612.251,835.768,-64.904,0.339,0.240
140.0183,-16.000,613.077,837.322,-65.267,0.071,0.240
140.1160,-15.000,623.321,826.702,-54.835,7.594,0.240
140.2159,-15.000,618.576,834.127,-60.920,1.599,0.240
140.3094,-14.000,627.748,824.833,-51.687,7.916,0.240
140.4146,-14.000,622.863,832.614,-58.020,1.666,0.240
140.5081,-13.000,632.079,823.460,-48.835,7.930,0.240
140.6142,-11.000,646.037,807.754,-34.003,16.827,0.240
140.7108,-10.000,644.328,811.577,-36.769,11.122,0.240
140.8158,-9.000,647.272,811.031,-35.024,9.920,0.240
140.9115,-8.000,651.290,809.651,-32.325,9.667,0.240
141.0072,-7.000,655.616,808.167,-29.421,9.614,0.240
141.1154,-7.000,650.692,818.508,-37.053,2.024,0.240
141.2120,-7.000,651.353,822.449,-38.693,0.426,0.240
141.3080,-7.000,652.931,824.784,-39.071,0.090,0.240
141.4168,-6.000,663.867,814.775,-28.599,7.598,0.240
141.5158,-5.000,669.111,810.918,-24.048,9.178,0.240
141.6127,-4.000,673.309,808.499,-20.740,9.511,0.240
141.7100,-2.000,686.802,794.718,-7.103,17.160,0.240
141.8092,-1.000,685.505,799.370,-10.077,11.192,0.240
141.9158,1.000,697.760,786.968,2.251,17.514,0.240
142.0116,2.000,695.661,791.341,-0.985,11.266,0.240
142.1083,3.000,698.030,790.305,0.718,9.951,0.240
142.2159,4.000,701.044,787.824,3.465,9.674,0.240
142.3117,5.000,703.942,784.779,6.437,9.616,0.240
142.4172,5.000,697.818,793.778,-1.124,2.024,0.240
142.5130,5.000,697.472,796.568,-2.693,0.426,0.240
142.6097,5.000,698.204,797.913,-2.999,0.090,0.240
142.7154,5.000,699.046,798.837,-3.040,0.019,0.240
142.8109,5.000,699.812,799.572,-3.025,0.004,0.240
142.9070,5.000,700.477,800.183,-2.998,0.001,0.240
143.0156,5.000,701.048,800.696,-2.969,0.000,0.240
143.1106,5.000,701.539,801.127,-2.939,0.000,0.240
143.2069,5.000,701.961,801.489,-2.909,0.000,0.240
143.3150,5.000,702.323,801.792,-2.879,0.000,0.240
143.4107,4.000,690.852,811.430,-13.434,-7.579,0.240
143.5067,4.000,697.580,806.143,-7.426,-1.596,0.240
143.6158,4.000,699.476,805.472,-6.143,-0.336,0.240
143.7115,3.000,688.501,815.088,-16.438,-7.650,0.240
143.8072,3.000,695.480,809.953,-10.381,-1.610,0.240
143.9135,2.000,685.769,818.833,-19.677,-7.918,0.240
144.0162,1.000,681.393,823.101,-23.999,-9.246,0.240
144.1089,1.000,690.153,817.251,-16.693,-1.947,0.240
144.2119,-0.000,681.148,826.329,-25.736,-7.989,0.240
144.3158,-2.000,664.215,839.123,-40.599,-16.840,0.240
144.4137,-2.000,678.739,827.082,-27.316,-3.545,0.240
144.5087,-3.000,670.196,834.135,-35.114,-8.325,0.240
144.6141,-4.000,665.233,837.232,-39.144,-9.332,0.240
144.7094,-4.000,673.283,830.596,-31.801,-1.965,0.240
144.8165,-5.000,663.025,838.455,-40.859,-7.993,0.240
144.9121,-5.000,669.786,832.655,-34.579,-1.683,0.240
145.0098,-6.000,659.108,840.550,-43.866,-7.933,0.240
145.1160,-6.000,665.652,834.641,-37.639,-1.670,0.240
145.2116,-6.000,667.204,833.628,-36.356,-0.352,0.240
145.3083,-8.000,642.905,851.185,-57.285,-15.232,0.240
145.4161,-8.000,655.017,839.343,-45.308,-3.207,0.240
145.5174,-9.000,645.231,845.759,-53.409,-8.254,0.240
145.6129,-10.000,639.376,848.149,-57.531,-9.317,0.240
145.7155,-11.000,634.313,849.666,-60.821,-9.540,0.240
145.8108,-11.000,641.772,842.193,-53.355,-2.008,0.240
145.9069,-12.000,630.901,849.453,-62.421,-8.002,0.240
146.0142,-13.000,624.727,851.958,-66.760,-9.264,0.240
146.1096,-14.000,619.517,853.448,-70.110,-9.529,0.240
146.2157,-14.000,626.876,845.928,-62.671,-2.006,0.240
146.3142,-14.000,628.307,844.360,-61.171,-0.422,0.240
146.4098,-14.000,628.498,844.052,-60.922,-0.089,0.240
146.5154,-14.000,628.434,844.016,-60.936,-0.019,0.240
146.6104,-14.000,628.323,844.043,-61.005,-0.004,0.240
146.7056,-14.000,628.206,844.088,-61.086,-0.001,0.240
146.8127,-15.000,615.708,852.926,-71.754,-7.579,0.240
146.9073,-15.000,621.545,846.977,-65.860,-1.596,0.240
147.0140,-15.000,622.668,845.759,-64.691,-0.336,0.240
147.1096,-15.000,622.802,845.544,-64.516,-0.071,0.240
147.2051,-15.000,622.734,845.544,-64.550,-0.015,0.240
147.3104,-16.000,610.242,854.378,-75.213,-7.582,0.240
147.4162,-16.000,616.077,848.433,-69.323,-1.596,0.240
147.5111,-16.000,617.194,847.222,-68.159,-0.336,0.240
147.6067,-16.000,617.324,847.014,-67.990,-0.071,0.240
147.7125,-16.000,617.250,847.020,-68.030,-0.015,0.240
147.8081,-16.000,617.137,847.076,-68.114,-0.003,0.240
147.9140,-15.000,626.404,835.360,-57.623,7.578,0.240
148.0109,-14.000,630.176,830.107,-53.110,9.174,0.240
148.1072,-14.000,623.719,838.305,-60.437,1.931,0.240
148.2151,-13.000,632.235,828.868,-51.461,7.986,0.240
148.3102,-13.000,626.962,836.360,-57.844,1.681,0.240
148.4065,-12.000,635.884,826.922,-48.664,7.933,0.240
148.5133,-12.000,630.830,834.538,-54.999,1.670,0.240
148.6075,-11.000,639.914,825.233,-45.804,7.931,0.240
148.7049,-11.000,634.993,832.966,-52.131,1.670,0.240
148.8102,-11.000,634.803,835.544,-53.515,0.351,0.240
148.9060,-10.000,644.860,825.119,-43.274,7.653,0.240
149.0128,-10.000,640.102,832.564,-49.376,1.611,0.240
149.1102,-9.000,649.296,823.252,-40.123,7.918,0.240
149.2064,-9.000,644.442,831.008,-46.428,1.667,0.240
149.3135,-9.000,644.305,833.611,-47.798,0.351,0.240
149.4090,-8.000,654.407,823.205,-37.544,7.653,0.240
149.5053,-8.000,649.688,830.666,-43.634,1.611,0.240
149.6107,-8.000,649.533,833.151,-44.954,0.339,0.240
149.7066,-8.000,650.208,834.457,-45.269,0.071,0.240
149.8131,-7.000,660.330,823.618,-34.789,7.594,0.240
149.9072,-7.000,655.488,830.851,-40.826,1.599,0.240
150.0143,-7.000,655.200,833.171,-42.130,0.337,0.240
150.1096,-7.000,655.756,834.343,-42.438,0.071,0.240
150.2049,-7.000,656.393,835.175,-42.536,0.015,0.240
150.3122,-6.000,666.348,824.068,-32.005,7.582,0.240
150.4073,-6.000,661.337,831.100,-38.027,1.596,0.240
150.5132,-5.000,670.284,821.470,-28.738,7.915,0.240
150.6075,-5.000,665.216,828.959,-35.016,1.666,0.240
150.7137,-5.000,664.899,831.333,-36.362,0.351,0.240
150.8092,-4.000,674.851,820.729,-26.084,7.653,0.240
150.9125,-4.000,670.008,828.018,-32.150,1.611,0.240
151.0052,-3.000,679.137,818.569,-22.861,7.918,0.240
151.1091,-3.000,674.232,826.202,-29.130,1.667,0.240
151.2131,-3.000,674.057,828.695,-30.464,0.351,0.240
151.3059,-3.000,674.747,829.975,-30.759,0.074,0.240
151.4124,-3.000,675.508,830.889,-30.835,0.016,0.240
151.5081,-3.000,676.190,831.631,-30.866,0.003,0.240
151.6135,-3.000,676.774,832.257,-30.886,0.001,0.240
151.7090,-3.000,677.270,832.790,-30.905,0.000,0.240
151.8044,-3.000,677.689,833.245,-30.923,0.000,0.240
151.9083,-4.000,665.658,842.420,-41.526,-7.579,0.240
152.0140,-4.000,671.903,836.746,-35.566,-1.596,0.240
152.1109,-4.000,673.382,835.753,-34.331,-0.336,0.240
152.2068,-4.000,673.829,835.719,-34.090,-0.071,0.240
152.3144,-4.000,674.037,835.863,-34.058,-0.015,0.240
152.4104,-4.000,674.174,836.024,-34.070,-0.003,0.240
152.5078,-4.000,674.279,836.172,-34.091,-0.001,0.240
152.6120,-4.000,674.363,836.304,-34.115,-0.000,0.240
152.7098,-4.000,674.431,836.419,-34.139,-0.000,0.240
152.8061,-4.000,674.485,836.521,-34.163,-0.000,0.240
152.9117,-4.000,674.527,836.611,-34.187,-0.000,0.240
153.0079,-4.000,674.559,836.692,-34.211,-0.000,0.240
153.1065,-4.000,674.583,836.763,-34.235,-0.000,0.240
153.2129,-4.000,674.600,836.828,-34.259,-0.000,0.240
153.3082,-5.000,662.226,845.672,-44.868,-7.579,0.240
153.4042,-5.000,668.178,839.718,-38.914,-1.596,0.240
153.5099,-6.000,684.609,868.816,-52.277,-11.922,0.400
153.6063,-7.000,708.261,890.602,-57.317,-13.920,0.400
153.7035,-8.000,732.586,911.640,-60.752,-14.307,0.400
153.8107,-9.000,756.422,933.101,-63.881,-14.382,0.400
153.9057,-10.000,779.637,955.128,-66.955,-14.397,0.400
154.0118,-11.000,802.285,977.676,-70.024,-14.399,0.400
154.1083,-13.000,807.872,1013.344,-87.716,-26.013,0.400
154.2046,-14.000,838.809,1027.213,-81.434,-16.648,0.400
154.3115,-16.000,845.291,1061.657,-97.331,-26.448,0.400
154.4086,-17.000,875.796,1075.678,-90.717,-16.732,0.400
154.5051,-19.000,881.676,1110.484,-106.563,-26.464,0.400
154.6120,-20.000,911.743,1124.740,-99.834,-16.735,0.400
154.7084,-22.000,917.270,1159.727,-115.564,-26.465,0.400
154.8044,-24.000,930.374,1186.899,-123.447,-28.348,0.400
154.9085,-26.000,944.769,1212.578,-129.811,-28.713,0.400
155.0045,-28.000,959.264,1237.986,-135.882,-28.783,0.400
155.1110,-30.000,973.650,1263.356,-141.896,-28.797,0.400
155.2074,-31.000,1004.470,1276.068,-133.285,-17.186,0.400
155.3040,-33.000,1009.403,1310.978,-148.651,-26.552,0.400
155.4092,-34.000,1038.326,1325.660,-141.851,-16.752,0.400
155.5059,-36.000,1017.370,1335.591,-157.567,-26.468,0.400
155.6103,-37.000,1020.698,1324.991,-150.835,-16.736,0.400
155.7055,-39.000,999.675,1335.033,-166.564,-26.465,0.400
155.8124,-40.000,1002.955,1324.519,-159.834,-16.735,0.400
155.9067,-41.000,998.456,1321.969,-160.951,-14.852,0.400
156.0102,-42.000,992.495,1321.038,-163.586,-14.487,0.400
156.1029,-44.000,969.727,1333.149,-181.129,-26.030,0.400
156.2058,-45.000,972.714,1323.203,-174.750,-16.651,0.400
156.3079,-45.000,984.758,1308.243,-161.322,-3.223,0.400
156.4029,-46.000,969.619,1317.005,-173.335,-12.237,0.400
156.5087,-46.000,978.330,1305.872,-163.467,-2.368,0.400
156.6056,-47.000,962.693,1315.550,-176.170,-12.071,0.400
156.7041,-47.000,971.435,1304.744,-166.435,-2.336,0.400
156.8116,-47.000,972.475,1301.950,-164.551,-0.452,0.400
156.9077,-47.000,972.122,1300.812,-164.186,-0.088,0.400
157.0113,-46.000,985.145,1284.420,-149.503,11.596,0.400
157.1041,-46.000,975.882,1293.820,-158.854,2.244,0.400
157.2082,-45.000,987.711,1280.009,-146.052,12.047,0.400
157.3019,-45.000,978.667,1290.367,-155.767,2.332,0.400
157.4052,-44.000,990.920,1277.130,-143.035,12.064,0.400
157.5087,-43.000,995.847,1272.268,-138.151,13.948,0.400
157.6026,-42.000,999.698,1269.372,-134.786,14.312,0.400
157.7100,-40.000,1017.195,1251.487,-117.103,25.996,0.400
157.8080,-39.000,1012.635,1259.617,-123.454,16.644,0.400
157.9073,-37.000,1029.360,1244.726,-107.652,26.447,0.400
158.0036,-35.000,1038.942,1238.503,-99.754,28.345,0.400
158.1113,-34.000,1034.078,1250.123,-108.000,17.099,0.400
158.2049,-32.000,1051.789,1236.954,-92.564,26.535,0.400
158.3111,-30.000,1062.448,1231.955,-84.737,28.362,0.400
158.4064,-28.000,1072.110,1228.905,-78.384,28.715,0.400
158.5018,-26.000,1081.891,1226.545,-72.315,28.784,0.400
158.6096,-25.000,1078.396,1240.246,-80.915,17.184,0.400
158.7052,-23.000,1097.503,1228.615,-65.547,26.552,0.400
158.8120,-21.000,1109.395,1224.877,-57.734,28.365,0.400
158.9064,-20.000,1106.550,1238.554,-65.996,17.103,0.400
159.0030,-18.000,1125.879,1227.231,-50.671,26.536,0.400
159.1100,-17.000,1124.344,1239.472,-57.560,16.749,0.400
159.2060,-16.000,1130.354,1243.462,-56.550,14.855,0.400
159.3030,-15.000,1137.598,1245.618,-54.007,14.488,0.400
159.4094,-13.000,1158.457,1231.548,-36.543,26.030,0.400
159.5062,-12.000,1156.842,1242.835,-42.994,16.651,0.400
159.6106,-11.000,1162.522,1246.276,-41.875,14.836,0.400
159.7064,-9.000,1183.006,1232.344,-24.668,26.097,0.400
159.8019,-8.000,1181.260,1243.560,-31.149,16.664,0.400
159.9058,-6.000,1200.436,1231.233,-15.398,26.451,0.400
160.0025,-5.000,1198.548,1242.843,-22.146,16.732,0.400
160.1097,-3.000,1217.794,1230.661,-6.432,26.464,0.400
160.2061,-2.000,1216.005,1242.354,-13.174,16.735,0.400
160.3046,-0.000,1235.344,1230.233,2.556,26.465,0.400
160.4107,2.000,1245.407,1224.506,10.451,28.348,0.400
160.5074,4.000,1252.738,1219.060,16.840,28.713,0.400
160.6030,6.000,1258.746,1212.854,22.946,28.783,0.400
160.7106,8.000,1263.824,1205.809,29.008,28.797,0.400
160.8059,10.000,1268.150,1198.010,35.071,28.799,0.400
160.9024,12.000,1271.847,1189.561,41.143,28.800,0.400
161.0088,13.000,1262.343,1197.126,32.608,17.187,0.400
161.1043,14.000,1261.905,1195.016,33.445,14.939,0.400
161.2106,15.000,1263.027,1190.828,36.100,14.504,0.400
161.3051,16.000,1264.286,1186.063,39.111,14.420,0.400
161.4109,17.000,1265.431,1181.037,42.197,14.404,0.400
161.5054,17.000,1253.768,1192.402,30.683,2.788,0.400
161.6108,18.000,1264.164,1177.853,43.156,12.152,0.400
161.7054,19.000,1266.876,1170.711,48.082,13.965,0.400
161.8016,20.000,1267.893,1165.028,51.433,14.316,0.400
161.9068,21.000,1268.528,1159.527,54.501,14.384,0.400
162.0022,22.000,1269.023,1153.995,57.514,14.397,0.400
162.1008,22.000,1256.773,1164.965,45.904,2.786,0.400
162.2076,23.000,1266.644,1150.105,58.269,12.152,0.400
162.3022,23.000,1256.224,1159.286,48.469,2.352,0.400
162.4085,24.000,1266.463,1144.092,61.185,12.068,0.400
162.5047,24.000,1256.125,1153.219,51.453,2.336,0.400
162.6005,25.000,1266.390,1138.025,64.182,12.065,0.400
162.7040,25.000,1256.065,1147.160,54.452,2.335,0.400
162.8088,25.000,1253.676,1148.537,52.569,0.452,0.400
162.9045,25.000,1252.881,1148.472,52.205,0.087,0.400
163.0105,25.000,1252.445,1148.177,52.134,0.017,0.400
163.1062,25.000,1252.121,1147.880,52.120,0.003,0.400
163.2008,25.000,1251.854,1147.619,52.118,0.001,0.400
163.3078,25.000,1251.630,1147.395,52.117,0.000,0.400
163.4042,25.000,1251.439,1147.204,52.117,0.000,0.400
163.5094,24.000,1235.614,1160.605,37.504,-11.613,0.400
163.6052,25.000,1258.112,1135.147,61.482,9.365,0.400
163.7052,24.000,1235.138,1156.504,39.317,-9.800,0.400
163.8013,24.000,1243.854,1149.413,47.220,-1.897,0.400
163.9086,24.000,1246.075,1148.575,48.750,-0.367,0.400
164.0051,23.000,1231.295,1162.429,34.433,-11.684,0.400
164.1014,23.000,1241.825,1154.113,43.856,-2.261,0.400
164.2092,22.000,1228.926,1166.793,31.067,-12.051,0.400
164.3055,21.000,1224.389,1172.045,26.172,-13.945,0.400
164.4004,20.000,1221.776,1176.165,22.805,-14.312,0.400
164.5062,19.000,1219.909,1180.213,19.848,-14.383,0.400
164.6008,18.000,1218.380,1184.495,16.942,-14.397,0.400
164.7072,17.000,1217.100,1189.016,14.042,-14.399,0.400
164.8028,16.000,1216.023,1193.748,11.137,-14.400,0.400
164.9090,15.000,1215.116,1198.662,8.227,-14.400,0.400
165.0053,14.000,1214.353,1203.730,5.311,-14.400,0.400
165.1019,13.000,1213.711,1208.932,2.389,-14.400,0.400
165.2099,12.000,1213.171,1214.248,-0.539,-14.400,0.400
165.3058,12.000,1228.385,1206.093,11.146,-2.787,0.400
165.4020,11.000,1218.036,1220.342,-1.153,-12.152,0.400
165.5070,10.000,1215.391,1227.203,-5.906,-13.965,0.400
165.6029,9.000,1214.336,1232.741,-9.203,-14.316,0.400
165.7000,8.000,1213.671,1238.116,-12.223,-14.384,0.400
165.8067,7.000,1213.152,1243.540,-15.194,-14.397,0.400
165.9006,6.000,1212.720,1249.040,-18.160,-14.399,0.400
166.0067,6.000,1228.022,1241.046,-6.512,-2.787,0.400
166.1028,5.000,1217.743,1255.437,-18.847,-12.152,0.400
166.2084,4.000,1215.152,1262.423,-23.636,-13.965,0.400
166.3031,3.000,1214.137,1268.074,-26.969,-14.316,0.400
166.4087,3.000,1229.170,1259.981,-15.406,-2.771,0.400
166.5051,3.000,1234.373,1260.679,-13.153,-0.536,0.400
166.6011,2.000,1221.661,1276.304,-27.322,-11.717,0.400
166.7085,2.000,1233.861,1269.582,-17.861,-2.268,0.400
166.8053,1.000,1222.361,1283.638,-30.639,-12.052,0.400
166.8999,1.000,1234.672,1276.499,-20.913,-2.333,0.400
167.0086,-0.000,1223.089,1290.379,-33.645,-12.064,0.400
167.1043,-0.000,1235.294,1283.126,-23.916,-2.335,0.400
167.1991,-0.000,1239.282,1283.347,-22.033,-0.452,0.400
167.3050,-0.000,1241.435,1284.772,-21.668,-0.087,0.400
167.4001,-0.000,1243.026,1286.222,-21.598,-0.017,0.400
167.5059,-0.000,1244.332,1287.501,-21.584,-0.003,0.400
167.6015,-0.000,1245.434,1288.597,-21.581,-0.001,0.400
167.7050,-0.000,1246.368,1289.530,-21.581,-0.000,0.400
167.8080,-0.000,1247.162,1290.323,-21.581,-0.000,0.400
167.9031,1.000,1260.505,1274.429,-6.962,11.613,0.400
168.0068,1.000,1251.562,1284.204,-16.321,2.248,0.400
168.1006,2.000,1262.778,1269.796,-3.509,12.048,0.400
168.2037,2.000,1253.217,1279.643,-13.213,2.332,0.400
168.3076,2.000,1251.470,1281.633,-15.081,0.451,0.400
168.4031,2.000,1251.221,1282.088,-15.433,0.087,0.400
168.4986,2.000,1251.251,1282.235,-15.492,0.017,0.400
168.6051,2.000,1251.324,1282.311,-15.494,0.003,0.400
168.7010,2.000,1251.397,1282.365,-15.484,0.001,0.400
168.8072,2.000,1251.462,1282.408,-15.473,0.000,0.400
168.9053,2.000,1251.520,1282.442,-15.461,0.000,0.400
169.0018,2.000,1251.571,1282.469,-15.449,0.000,0.400
169.1086,3.000,1264.285,1265.921,-0.818,11.613,0.400
169.2048,3.000,1254.808,1275.139,-10.165,2.248,0.400
169.3001,4.000,1265.573,1260.254,2.659,12.048,0.400
169.4060,6.000,1280.968,1236.558,22.205,25.558,0.400
169.5001,6.000,1259.864,1256.604,1.630,4.947,0.400
169.6038,8.000,1280.800,1226.971,26.914,24.183,0.400
169.7064,9.000,1273.317,1229.160,22.079,16.294,0.400
169.8019,10.000,1272.151,1224.927,23.612,14.766,0.400
169.9085,11.000,1272.176,1219.412,26.382,14.471,0.400
170.0030,12.000,1272.408,1213.614,29.397,14.414,0.400
170.0986,13.000,1272.659,1207.732,32.464,14.403,0.400
170.2057,14.000,1272.898,1201.807,35.546,14.401,0.400
170.3017,14.000,1260.452,1212.419,24.016,2.787,0.400
170.3988,14.000,1257.509,1213.804,21.853,0.539,0.400
170.5053,15.000,1269.164,1196.923,36.121,11.717,0.400
170.6026,15.000,1259.085,1205.562,26.761,2.268,0.400
170.6981,15.000,1256.733,1206.689,25.022,0.439,0.400
170.8055,15.000,1255.949,1206.432,24.758,0.085,0.400
170.9004,15.000,1255.528,1205.968,24.780,0.016,0.400
171.0060,15.000,1255.228,1205.516,24.856,0.003,0.400
171.0999,15.000,1254.996,1205.108,24.944,0.001,0.400
171.2062,16.000,1267.483,1188.178,39.652,11.613,0.400
171.3047,16.000,1257.825,1197.059,30.383,2.248,0.400
171.3998,16.000,1255.778,1198.446,28.666,0.435,0.400
171.5048,16.000,1255.243,1198.420,28.411,0.084,0.400
171.6030,16.000,1255.032,1198.153,28.439,0.016,0.400
171.6987,15.000,1239.243,1211.436,13.903,-11.610,0.400
171.8049,15.000,1249.131,1202.419,23.356,-2.247,0.400
171.8995,15.000,1251.403,1200.886,25.258,-0.435,0.400
172.0058,14.000,1236.489,1214.329,11.080,-11.697,0.400
172.0990,13.000,1231.212,1219.256,5.978,-13.877,0.400
172.2021,13.000,1243.832,1209.338,17.247,-2.686,0.400
172.3050,12.000,1231.556,1221.811,4.872,-12.133,0.400
172.4003,11.000,1227.327,1227.107,0.110,-13.961,0.400
172.5060,11.000,1240.605,1217.735,11.435,-2.702,0.400
172.6019,10.000,1228.842,1230.720,-0.939,-12.136,0.400
172.7070,9.000,1225.039,1236.460,-5.711,-13.962,0.400
172.8030,9.000,1238.676,1227.471,5.603,-2.702,0.400
172.8993,8.000,1227.216,1240.781,-6.783,-12.136,0.400
172.9977,7.000,1223.668,1246.801,-11.567,-13.962,0.400
173.1041,7.000,1237.521,1238.051,-0.265,-2.702,0.400
173.1997,6.000,1226.241,1251.567,-12.663,-12.136,0.400
173.3057,6.000,1238.515,1244.194,-2.840,-2.349,0.400
173.4007,6.000,1242.528,1244.347,-0.909,-0.455,0.400
173.4978,6.000,1244.701,1245.715,-0.507,-0.088,0.400
173.6053,6.000,1246.313,1247.113,-0.400,-0.017,0.400
173.6997,6.000,1247.642,1248.342,-0.350,-0.003,0.400
173.8051,6.000,1248.768,1249.391,-0.311,-0.001,0.400
173.9000,6.000,1249.729,1250.278,-0.275,-0.000,0.400
174.0058,6.000,1250.550,1251.028,-0.239,-0.000,0.400
174.1019,7.000,1263.923,1235.091,14.416,11.613,0.400
174.1969,7.000,1255.010,1244.824,5.093,2.248,0.400
174.3042,8.000,1266.257,1230.374,17.941,12.048,0.400
174.4005,9.000,1269.396,1223.612,22.892,13.945,0.400
174.5063,9.000,1258.165,1234.764,11.700,2.699,0.400
174.6042,10.000,1268.678,1220.285,24.196,12.135,0.400
174.6991,10.000,1258.765,1229.825,14.470,2.349,0.400
174.8052,11.000,1269.442,1214.932,27.255,12.068,0.400
174.9012,11.000,1259.484,1224.306,17.589,2.336,0.400
174.9978,11.000,1257.418,1225.875,15.771,0.452,0.400
175.1061,11.000,1256.909,1225.963,15.473,0.087,0.400
175.2028,12.000,1269.394,1209.220,30.087,11.630,0.400
175.2978,12.000,1259.777,1218.217,20.780,2.251,0.400
175.4034,12.000,1257.770,1219.696,19.037,0.436,0.400
175.4986,12.000,1257.267,1219.752,18.758,0.084,0.400
175.6046,12.000,1257.081,1219.558,18.762,0.016,0.400
175.7007,12.000,1256.978,1219.337,18.820,0.003,0.400
175.7962,12.000,1256.910,1219.130,18.890,0.001,0.400
175.9021,12.000,1256.864,1218.942,18.961,0.000,0.400
176.0003,12.000,1256.837,1218.770,19.033,0.000,0.400
176.1053,11.000,1241.155,1232.183,4.486,-11.613,0.400
176.2009,11.000,1251.122,1223.287,13.918,-2.248,0.400
176.2966,11.000,1253.456,1221.864,15.796,-0.435,0.400
176.4031,10.000,1238.591,1235.403,1.594,-11.697,0.400
176.4975,10.000,1249.021,1226.847,11.087,-2.264,0.400
176.6047,10.000,1251.703,1225.757,12.973,-0.438,0.400
176.6992,9.000,1237.124,1239.589,-1.233,-11.698,0.400
176.8031,9.000,1247.794,1231.284,8.255,-2.264,0.400
176.8976,9.000,1250.679,1230.409,10.135,-0.438,0.400
177.0017,8.000,1236.272,1244.425,-4.077,-11.698,0.400
177.1046,8.000,1247.088,1236.277,5.405,-2.264,0.400
177.1983,7.000,1234.426,1249.106,-7.340,-12.051,0.400
177.3014,6.000,1230.089,1254.486,-12.198,-13.945,0.400
177.3955,5.000,1227.646,1258.715,-15.535,-14.312,0.400
177.4982,4.000,1225.808,1262.971,-18.582,-14.383,0.400
177.6012,3.000,1224.290,1267.445,-21.578,-14.397,0.400
177.6954,3.000,1238.674,1258.572,-9.949,-2.786,0.400
177.8022,2.000,1227.613,1272.219,-22.303,-12.152,0.400
177.8974,2.000,1240.024,1265.005,-12.491,-2.352,0.400
178.0023,2.000,1244.141,1265.305,-10.582,-0.455,0.400
178.0981,1.000,1230.729,1280.373,-24.822,-11.701,0.400
178.2058,1.000,1242.375,1273.134,-15.380,-2.265,0.400
178.3028,1.000,1246.080,1273.174,-13.547,-0.438,0.400
178.3975,1.000,1248.032,1274.407,-13.188,-0.085,0.400
178.5050,-0.000,1233.790,1289.255,-27.732,-11.629,0.400
178.6008,-0.000,1244.927,1281.634,-18.354,-2.251,0.400
178.6965,-0.000,1248.236,1281.313,-16.538,-0.436,0.400
178.7991,-0.000,1249.857,1282.231,-16.187,-0.084,0.400
178.9058,-0.000,1251.005,1283.243,-16.119,-0.016,0.400
179.0017,-0.000,1251.935,1284.147,-16.106,-0.003,0.400
179.0969,-0.000,1252.718,1284.925,-16.103,-0.001,0.400
179.2027,1.000,1266.050,1269.018,-1.484,11.613,0.400
179.2963,1.000,1257.097,1278.783,-10.843,2.248,0.400
179.3999,2.000,1268.304,1264.366,1.969,12.048,0.400
179.5045,3.000,1271.405,1257.637,6.884,13.945,0.400
179.5972,4.000,1272.804,1252.254,10.275,14.312,0.400
179.7011,5.000,1273.762,1247.010,13.376,14.383,0.400
179.7949,6.000,1274.540,1241.688,16.426,14.397,0.400
179.9016,7.000,1275.203,1236.262,19.471,14.399,0.400
179.9965,8.000,1275.778,1230.740,22.519,14.400,0.400
180.1049,8.000,1263.611,1241.702,10.954,2.787,0.400
180.1994,8.000,1260.899,1243.389,8.755,0.539,0.400
180.2954,8.000,1260.076,1243.341,8.368,0.104,0.400
180.4018,8.000,1259.670,1243.007,8.331,0.020,0.400
180.4978,8.000,1259.387,1242.661,8.363,0.004,0.400
180.6045,7.000,1243.495,1255.917,-6.211,-11.612,0.400
180.7004,7.000,1253.282,1246.891,3.196,-2.248,0.400
180.7951,7.000,1255.460,1245.359,5.050,-0.435,0.400
180.9010,6.000,1240.458,1258.810,-9.176,-11.697,0.400
180.9981,6.000,1250.768,1250.182,0.293,-2.264,0.400
181.1046,6.000,1253.345,1249.035,2.155,-0.438,0.400
181.2006,6.000,1254.342,1249.253,2.544,-0.085,0.400
181.2965,6.000,1254.963,1249.665,2.649,-0.016,0.400
181.4039,5.000,1239.782,1263.624,-11.921,-11.616,0.400
181.4980,5.000,1250.161,1255.207,-2.523,-2.248,0.400
181.6042,5.000,1252.837,1254.197,-0.680,-0.435,0.400
181.7002,6.000,1266.596,1237.956,14.320,11.529,0.400
181.8042,6.000,1257.779,1247.662,5.059,2.231,0.400
181.8978,7.000,1269.062,1233.234,17.914,12.045,0.400
182.0033,8.000,1272.224,1226.501,22.861,13.944,0.400
182.1019,8.000,1261.008,1237.680,11.664,2.699,0.400
182.1990,8.000,1258.864,1239.793,9.536,0.522,0.400
182.3042,9.000,1271.147,1223.584,23.781,11.714,0.400
182.4004,8.000,1245.916,1246.377,-0.230,-9.346,0.400
182.4971,8.000,1253.965,1239.256,7.354,-1.809,0.400
182.6055,8.000,1255.866,1238.144,8.861,-0.350,0.400
182.7016,8.000,1256.532,1238.149,9.191,-0.068,0.400
182.7967,7.000,1241.251,1251.900,-5.325,-11.626,0.400
182.9023,6.000,1235.849,1256.901,-10.526,-13.863,0.400
182.9988,6.000,1248.395,1247.015,0.690,-2.683,0.400
183.0962,5.000,1236.056,1259.514,-11.729,-12.132,0.400
183.2021,5.000,1247.439,1251.269,-1.915,-2.348,0.400
183.2984,4.000,1235.027,1264.247,-14.610,-12.067,0.400
183.3952,4.000,1246.523,1256.232,-4.854,-2.336,0.400
183.5030,4.000,1249.910,1255.804,-2.947,-0.452,0.400
183.5982,4.000,1251.556,1256.673,-2.558,-0.087,0.400
183.6944,4.000,1252.720,1257.647,-2.464,-0.017,0.400
183.8008,5.000,1266.335,1241.949,12.193,11.610,0.400
183.8953,5.000,1257.617,1251.896,2.860,2.247,0.400
184.0020,5.000,1256.357,1254.201,1.078,0.435,0.400
184.0986,5.000,1256.481,1254.966,0.757,0.084,0.400
184.1946,6.000,1269.489,1238.813,15.338,11.629,0.400
184.3017,6.000,1260.311,1248.318,5.996,2.251,0.400
184.3964,6.000,1258.670,1250.237,4.217,0.436,0.400
184.5005,6.000,1258.473,1250.670,3.902,0.084,0.400
184.5965,6.000,1258.541,1250.802,3.870,0.016,0.400
184.6990,7.000,1271.318,1234.296,18.511,11.616,0.400
184.8019,7.000,1261.908,1243.537,9.185,2.248,0.400
184.8979,7.000,1260.064,1245.236,7.414,0.435,0.400
184.9937,7.000,1259.694,1245.483,7.105,0.084,0.400
185.0986,7.000,1259.616,1245.457,7.080,0.016,0.400
185.1935,8.000,1272.269,1228.815,21.727,11.616,0.400
185.2985,8.000,1262.754,1237.939,12.407,2.248,0.400
185.4034,8.000,1260.823,1239.539,10.642,0.435,0.400
185.4990,8.000,1260.379,1239.700,10.339,0.084,0.400
185.5946,9.000,1272.908,1223.032,24.938,11.629,0.400
185.7009,9.000,1263.325,1232.097,15.614,2.251,0.400
185.7955,9.000,1261.343,1233.637,13.853,0.436,0.400
185.8994,9.000,1260.858,1233.747,13.556,0.084,0.400
186.0021,10.000,1273.354,1217.033,28.160,11.629,0.400
186.0950,10.000,1263.742,1226.058,18.842,2.251,0.400
186.1990,10.000,1261.738,1227.565,17.087,0.436,0.400
186.2936,11.000,1273.904,1211.075,31.414,11.697,0.400
186.3979,11.000,1264.200,1220.105,22.047,2.264,0.400
186.4927,12.000,1274.822,1205.009,34.906,12.051,0.400
186.5980,12.000,1264.774,1214.255,25.260,2.332,0.400
186.6949,13.000,1275.293,1199.154,38.070,12.064,0.400
186.8016,13.000,1265.194,1208.358,28.418,2.335,0.400
186.8969,13.000,1263.009,1209.782,26.613,0.452,0.400
186.9936,13.000,1262.399,1209.746,26.327,0.087,0.400
187.0994,13.000,1262.132,1209.463,26.334,0.017,0.400
187.1965,12.000,1246.294,1222.734,11.780,-11.610,0.400
187.2934,12.000,1256.137,1213.709,21.214,-2.247,0.400
187.3999,12.000,1258.369,1212.172,23.098,-0.435,0.400
187.4955,12.000,1259.087,1212.045,23.521,-0.084,0.400
187.5987,12.000,1259.478,1212.156,23.661,-0.016,0.400
187.7017,11.000,1244.108,1225.854,9.127,-11.616,0.400
187.7954,11.000,1254.331,1217.209,18.561,-2.248,0.400
187.9019,10.000,1241.212,1229.569,5.821,-12.048,0.400
187.9974,10.000,1252.165,1220.971,15.597,-2.332,0.400
188.0934,10.000,1255.107,1220.031,17.538,-0.451,0.400
188.1997,9.000,1240.713,1234.027,3.343,-11.700,0.400
188.2963,8.000,1235.864,1239.437,-1.786,-13.877,0.400
188.3928,7.000,1201.077,1226.771,-1.367,-10.501,0.240
188.4978,7.000,1177.399,1205.475,6.965,-2.211,0.240
188.5935,6.000,1136.607,1198.000,-1.833,-8.044,0.240
188.7018,5.000,1101.928,1184.612,-6.031,-9.272,0.240
188.7988,4.000,1069.499,1169.144,-9.266,-9.531,0.240
188.8935,3.000,1038.363,1152.530,-12.302,-9.585,0.240
188.9961,3.000,1019.978,1125.687,-4.717,-2.018,0.240
189.0990,2.000,984.143,1113.038,-13.691,-8.004,0.240
189.1918,1.000,953.772,1095.159,-17.945,-9.264,0.240
189.2960,-0.000,925.022,1075.857,-21.210,-9.529,0.240
189.3923,-2.000,884.028,1064.167,-34.857,-17.164,0.240
189.4981,-3.000,861.351,1036.824,-31.903,-11.192,0.240
189.5940,-4.000,833.912,1013.506,-33.670,-9.935,0.240
189.7014,-6.000,793.055,999.379,-47.020,-17.250,0.240
189.7974,-7.000,770.287,970.173,-44.023,-11.210,0.240
189.8958,-8.000,742.724,945.318,-45.800,-9.939,0.240
190.0020,-9.000,714.133,921.114,-48.586,-9.671,0.240
190.0975,-10.000,685.311,896.821,-51.590,-9.615,0.240
190.1942,-11.000,656.425,872.319,-54.644,-9.603,0.240
190.2926,-12.000,627.514,847.612,-57.713,-9.601,0.240
190.3989,-13.000,623.816,848.425,-60.791,-9.600,0.240
190.4952,-14.000,619.904,849.284,-63.875,-9.600,0.240
190.6021,-15.000,615.811,850.182,-66.965,-9.600,0.240
190.7009,-16.000,611.562,851.116,-70.061,-9.600,0.240
190.7944,-17.000,607.180,852.079,-73.163,-9.600,0.240
190.9013,-18.000,602.684,853.070,-76.271,-9.600,0.240
190.9958,-19.000,598.090,854.084,-79.385,-9.600,0.240
191.1008,-20.000,593.532,854.999,-82.385,-9.600,0.240
191.1964,-21.000,588.908,855.927,-85.385,-9.600,0.240
191.3011,-22.000,584.227,856.865,-88.385,-9.600,0.240
191.3969,-23.000,579.499,857.813,-91.385,-9.600,0.240
191.4919,-24.000,574.730,858.769,-94.385,-9.600,0.240
191.5974,-26.000,557.547,868.510,-107.964,-17.179,0.240
191.6945,-27.000,558.667,863.465,-104.980,-11.196,0.240
191.7911,-27.000,567.422,854.373,-96.142,-2.357,0.240
191.8964,-28.000,556.833,861.077,-104.860,-8.075,0.240
191.9941,-29.000,550.738,863.268,-109.064,-9.279,0.240
192.0911,-30.000,545.578,864.511,-112.317,-9.532,0.240
192.1972,-31.000,540.604,865.555,-115.371,-9.586,0.240
192.3012,-32.000,535.660,866.559,-118.382,-9.597,0.240
192.3967,-33.000,530.714,867.554,-121.384,-9.599,0.240
192.4992,-33.000,538.141,859.770,-113.806,-2.021,0.240
192.5922,-35.000,514.850,875.558,-133.368,-15.583,0.240
192.6995,-35.000,526.984,863.047,-121.066,-3.281,0.240
192.7959,-36.000,517.051,869.059,-129.054,-8.270,0.240
192.8916,-37.000,511.048,871.128,-133.105,-9.320,0.240
192.9981,-37.000,518.246,863.587,-125.747,-1.962,0.240
193.0961,-38.000,507.281,870.661,-134.777,-7.992,0.240
193.1917,-39.000,501.066,872.967,-139.046,-9.261,0.240
193.2982,-39.000,508.224,865.488,-131.735,-1.950,0.240
193.3947,-40.000,497.254,872.584,-140.774,-7.989,0.240
193.5009,-41.000,491.042,874.904,-145.046,-9.261,0.240
193.5968,-41.000,498.203,867.434,-137.734,-1.950,0.240
193.6939,-42.000,487.236,874.539,-146.774,-7.989,0.240
193.8006,-42.000,493.405,868.087,-140.467,-1.682,0.240
193.8967,-43.000,482.237,875.415,-149.718,-7.933,0.240
193.9918,-43.000,488.370,869.017,-143.455,-1.670,0.240
194.0982,-44.000,477.199,876.363,-152.715,-7.931,0.240
194.1933,-44.000,483.336,869.975,-146.454,-1.670,0.240
194.2986,-45.000,472.170,877.328,-155.715,-7.930,0.240
194.3949,-45.000,478.312,870.945,-149.454,-1.670,0.240
194.4907,-45.000,479.528,869.523,-148.136,-0.351,0.240
194.5975,-46.000,467.340,877.937,-158.438,-7.653,0.240
194.6945,-46.000,473.279,871.790,-152.396,-1.611,0.240
194.7899,-46.000,474.463,870.429,-151.124,-0.339,0.240
194.8985,-47.000,462.277,878.864,-161.435,-7.650,0.240
194.9928,-47.000,468.223,872.730,-155.395,-1.611,0.240
195.0993,-47.000,469.415,871.378,-154.124,-0.339,0.240
195.1950,-47.000,469.616,871.042,-153.856,-0.071,0.240
195.2903,-47.000,469.615,870.928,-153.800,-0.015,0.240
195.3969,-47.000,469.578,870.867,-153.788,-0.003,0.240
195.4925,-47.000,469.539,870.822,-153.785,-0.001,0.240
195.5900,-47.000,469.504,870.786,-153.785,-0.000,0.240
195.6967,-47.000,469.474,870.756,-153.785,-0.000,0.240
195.7914,-47.000,469.449,870.730,-153.785,-0.000,0.240
195.8967,-47.000,469.427,870.708,-153.785,-0.000,0.240
195.9922,-47.000,469.409,870.690,-153.785,-0.000,0.240
196.0983,-46.000,478.772,858.895,-143.206,7.579,0.240
196.1940,-46.000,473.255,865.345,-149.189,1.596,0.240
196.2991,-45.000,481.771,855.222,-139.870,7.915,0.240
196.3970,-45.000,476.340,862.288,-146.119,1.666,0.240
196.4950,-44.000,485.098,852.519,-136.855,7.930,0.240
196.5916,-43.000,489.287,848.071,-132.536,9.248,0.240
196.6983,-42.000,492.754,844.983,-129.259,9.526,0.240
196.7950,-41.000,496.274,842.386,-126.200,9.584,0.240
196.8915,-40.000,499.979,840.066,-123.188,9.597,0.240
196.9980,-38.000,513.249,826.172,-109.607,17.178,0.240
197.0950,-37.000,511.801,830.690,-112.589,11.195,0.240
197.1919,-35.000,524.525,818.776,-100.270,17.515,0.240
197.2979,-34.000,523.421,824.168,-103.519,11.266,0.240
197.3949,-32.000,536.607,812.827,-91.255,17.530,0.240
197.4914,-31.000,535.930,818.672,-94.515,11.269,0.240
197.5967,-29.000,549.488,807.707,-82.254,17.530,0.240
197.6930,-28.000,549.129,813.870,-85.515,11.270,0.240
197.7903,-26.000,562.957,803.176,-73.254,17.530,0.240
197.8966,-24.000,572.206,797.790,-65.936,18.849,0.240
197.9932,-22.000,580.726,793.754,-59.659,19.126,0.240
198.0893,-21.000,579.911,801.980,-64.179,11.605,0.240
198.1962,-19.000,594.043,792.348,-52.298,17.601,0.240
198.2912,-17.000,603.715,787.700,-45.137,18.863,0.240
198.3977,-15.000,612.626,784.260,-38.962,19.129,0.240
198.4939,-14.000,612.145,792.992,-43.569,11.606,0.240
198.5891,-12.000,626.674,783.676,-31.646,17.601,0.240
198.6980,-10.000,636.692,779.289,-24.443,18.863,0.240
198.7951,-8.000,645.902,776.064,-18.226,19.129,0.240
198.8897,-6.000,655.067,773.189,-12.206,19.185,0.240
198.9976,-4.000,664.327,770.473,-6.218,19.197,0.240
199.0938,-2.000,673.699,767.864,-0.227,19.199,0.240
199.1989,-0.000,683.174,765.338,5.773,19.200,0.240
199.2954,2.000,691.539,761.679,11.785,19.200,0.240
199.3903,3.000,690.179,769.441,7.224,11.621,0.240
199.4962,5.000,702.812,758.047,19.238,17.604,0.240
199.5920,6.000,701.256,763.058,15.954,11.285,0.240
199.6962,7.000,704.136,762.514,17.666,9.955,0.240
199.7937,9.000,716.382,748.054,31.019,17.254,0.240
199.8893,10.000,713.658,751.296,28.036,11.211,0.240
199.9938,11.000,715.372,749.422,29.830,9.939,0.240
200.0966,12.000,717.809,746.250,32.635,9.671,0.240
200.1894,13.000,720.217,742.615,35.656,9.615,0.240
200.2923,13.000,713.684,751.107,28.143,2.024,0.240
200.3971,13.000,712.996,753.460,26.623,0.426,0.240
200.4928,13.000,713.445,754.426,26.365,0.090,0.240
200.5975,13.000,714.054,755.020,26.372,0.019,0.240
200.6901,14.000,723.413,743.083,37.020,7.583,0.240
200.7940,14.000,717.915,749.390,31.118,1.596,0.240
200.8882,14.000,717.082,750.910,29.941,0.336,0.240
200.9946,14.000,717.193,751.384,29.760,0.071,0.240
201.0893,15.000,726.255,739.219,40.373,7.594,0.240
201.1955,16.000,729.316,732.920,45.053,9.178,0.240
201.2908,16.000,722.290,740.194,37.903,1.932,0.240
201.3961,17.000,729.751,729.344,47.059,7.986,0.240
201.4913,17.000,723.608,735.606,40.856,1.681,0.240
201.5882,17.000,722.433,736.882,39.631,0.354,0.240
201.6943,16.000,710.514,746.487,28.869,-7.504,0.240
201.7908,17.000,725.836,728.598,45.474,5.999,0.240
201.8973,16.000,709.826,743.026,30.255,-6.316,0.240
201.9927,16.000,715.736,738.772,35.338,-1.330,0.240
202.0902,14.000,694.016,757.099,15.313,-15.438,0.240
202.1942,13.000,696.060,755.771,17.000,-10.829,0.240
202.2899,12.000,694.707,758.333,15.042,-9.859,0.240
202.3962,11.000,692.791,761.876,12.313,-9.654,0.240
202.4924,10.000,690.886,765.765,9.416,-9.611,0.240
202.5880,8.000,677.307,779.229,-4.106,-17.181,0.240
202.6941,7.000,682.085,777.954,-1.079,-11.196,0.240
202.7893,6.000,682.170,781.446,-2.783,-9.936,0.240
202.8961,5.000,681.286,785.971,-5.488,-9.671,0.240
202.9926,5.000,691.998,781.354,2.177,-2.036,0.240
203.0891,4.000,684.441,791.692,-6.770,-8.008,0.240
203.1955,3.000,681.683,797.413,-11.010,-9.265,0.240
203.2912,3.000,691.775,792.840,-3.677,-1.950,0.240
203.3976,2.000,683.893,803.013,-12.704,-7.990,0.240
203.4942,2.000,692.687,799.167,-6.385,-1.682,0.240
203.5893,2.000,696.129,799.929,-5.045,-0.354,0.240
203.6970,1.000,686.423,810.810,-15.338,-7.653,0.240
203.7930,1.000,694.470,806.761,-9.290,-1.611,0.240
203.8876,-0.000,685.663,816.567,-18.597,-7.918,0.240
203.9910,-2.000,669.069,829.810,-33.516,-16.825,0.240
204.0937,-4.000,659.145,835.685,-41.415,-18.700,0.240
204.1968,-5.000,662.779,831.010,-37.261,-11.516,0.240
204.2895,-7.000,648.128,840.576,-49.369,-17.582,0.240
204.3948,-7.000,662.805,827.576,-35.530,-3.702,0.240
204.4903,-7.000,666.399,825.409,-32.650,-0.779,0.240
204.5872,-7.000,667.578,825.442,-32.077,-0.164,0.240
204.6941,-5.000,686.950,802.300,-10.819,15.123,0.240
204.7899,-4.000,685.764,803.882,-12.204,10.763,0.240
204.8983,-4.000,678.911,814.071,-20.725,2.266,0.240
204.9953,-4.000,678.516,817.302,-22.538,0.477,0.240
205.0931,-5.000,666.936,827.693,-33.523,-7.479,0.240
205.1892,-4.000,683.189,811.028,-17.064,6.005,0.240
205.2868,-5.000,667.365,825.903,-32.414,-6.315,0.240
205.3923,-7.000,648.647,839.614,-48.628,-16.487,0.240
205.4882,-8.000,650.109,836.297,-46.239,-11.050,0.240
205.5948,-7.000,668.881,816.547,-26.978,5.253,0.240
205.6922,-8.000,653.391,830.606,-41.752,-6.473,0.240
205.7874,-7.000,668.731,814.650,-26.105,6.216,0.240
205.8931,-6.000,674.404,809.053,-20.469,8.888,0.240
205.9898,-6.000,668.884,817.638,-27.522,1.871,0.240
206.0961,-5.000,678.058,808.669,-18.450,7.973,0.240
206.1934,-4.000,682.706,804.795,-14.189,9.257,0.240
206.2914,-4.000,677.203,813.957,-21.522,1.949,0.240
206.3885,-4.000,677.195,817.074,-23.084,0.410,0.240
206.4952,-3.000,687.553,806.959,-12.847,7.665,0.240
206.5923,-4.000,670.702,823.416,-29.502,-5.965,0.240
206.6890,-5.000,664.335,828.849,-35.402,-8.835,0.240
206.7937,-5.000,672.383,823.007,-28.457,-1.860,0.240
206.8872,-6.000,662.374,831.291,-37.603,-7.971,0.240
206.9920,-7.000,657.012,834.586,-41.932,-9.257,0.240
207.0961,-8.000,652.515,836.727,-45.251,-9.528,0.240
207.1920,-9.000,648.103,838.536,-48.362,-9.585,0.240
207.2877,-9.000,656.009,831.417,-40.849,-2.018,0.240
207.3862,-9.000,657.883,830.213,-39.310,-0.425,0.240
207.4939,-9.000,658.449,830.216,-39.028,-0.089,0.240
207.5893,-9.000,658.707,830.441,-39.012,-0.019,0.240
207.6964,-8.000,668.259,818.901,-28.466,7.575,0.240
207.7918,-8.000,662.885,825.584,-34.494,1.595,0.240
207.8878,-9.000,649.750,836.232,-46.386,-7.243,0.240
207.9937,-9.000,655.857,831.011,-40.722,-1.525,0.240
208.0903,-10.000,644.998,839.022,-50.157,-7.900,0.240
208.1861,-10.000,651.465,833.136,-43.980,-1.663,0.240
208.2939,-11.000,640.580,840.914,-53.312,-7.929,0.240
208.3888,-11.000,646.953,834.900,-47.118,-1.669,0.240
208.4946,-12.000,635.973,842.586,-56.451,-7.930,0.240
208.5903,-12.000,642.262,836.497,-50.262,-1.670,0.240
208.6894,-12.000,643.592,835.335,-49.016,-0.351,0.240
208.7872,-11.000,653.255,823.417,-38.226,7.505,0.240
208.8927,-10.000,657.190,818.164,-33.632,9.159,0.240
208.9900,-10.000,650.839,826.395,-40.923,1.928,0.240
209.0864,-9.000,659.441,816.992,-31.920,7.985,0.240
209.1937,-8.000,663.627,812.724,-27.693,9.260,0.240
209.2914,-7.000,667.119,809.763,-24.466,9.528,0.240
209.3869,-7.000,661.280,819.052,-32.031,2.006,0.240
209.4933,-7.000,661.121,822.145,-33.656,0.422,0.240
209.5891,-7.000,661.993,823.767,-34.032,0.089,0.240
209.6857,-7.000,662.940,824.939,-34.144,0.019,0.240
209.7941,-7.000,663.784,825.896,-34.201,0.004,0.240
209.8886,-7.000,664.505,826.707,-34.246,0.001,0.240
209.9932,-7.000,665.113,827.400,-34.289,0.000,0.240
210.0878,-8.000,653.239,836.781,-44.916,-7.579,0.240
210.1930,-8.000,659.614,831.286,-38.980,-1.596,0.240
210.2863,-9.000,648.815,839.233,-48.354,-7.915,0.240
210.3948,-9.000,655.298,833.327,-42.159,-1.666,0.240
210.4937,-10.000,644.419,841.095,-51.483,-7.930,0.240
210.5904,-10.000,650.798,835.073,-45.282,-1.669,0.240
210.6872,-10.000,652.207,833.966,-44.024,-0.351,0.240
210.7929,-10.000,652.553,833.877,-43.807,-0.074,0.240
210.8885,-11.000,640.276,842.773,-54.393,-7.595,0.240
210.9952,-11.000,646.269,836.906,-48.464,-1.599,0.240
211.0914,-11.000,647.518,835.764,-47.267,-0.337,0.240
211.1868,-11.000,647.764,835.609,-47.068,-0.071,0.240
211.2922,-11.000,647.792,835.658,-47.078,-0.015,0.240
211.3861,-11.000,647.771,835.745,-47.132,-0.003,0.240
211.4897,-10.000,657.120,824.052,-36.611,7.578,0.240
211.5942,-10.000,651.581,830.598,-42.653,1.595,0.240
211.6907,-9.000,660.075,820.561,-33.388,7.915,0.240
211.7869,-8.000,664.001,815.923,-29.106,9.245,0.240
211.8916,-7.000,667.237,812.682,-25.867,9.525,0.240
211.9949,-7.000,661.172,821.742,-33.429,2.005,0.240
212.0910,-6.000,670.205,812.855,-24.470,8.001,0.240
212.1862,-6.000,665.415,820.770,-30.822,1.684,0.240
212.2916,-6.000,665.377,823.464,-32.188,0.355,0.240
212.3850,-6.000,666.189,824.908,-32.504,0.075,0.240
212.4878,-6.000,667.054,825.962,-32.599,0.016,0.240
212.5940,-6.000,667.821,826.826,-32.647,0.003,0.240
212.6896,-6.000,668.475,827.558,-32.686,0.001,0.240
212.7850,-6.000,669.028,828.184,-32.723,0.000,0.240
212.8910,-6.000,669.493,828.721,-32.759,0.000,0.240
212.9874,-6.000,669.882,829.182,-32.795,0.000,0.240
213.0937,-6.000,670.208,829.580,-32.831,0.000,0.240
213.1887,-6.000,670.480,829.924,-32.867,0.000,0.240
213.2850,-7.000,658.320,839.006,-43.488,-7.579,0.240
213.3913,-7.000,664.454,833.257,-37.546,-1.596,0.240
213.4881,-7.000,665.835,832.203,-36.329,-0.336,0.240
213.5932,-7.000,666.197,832.118,-36.106,-0.071,0.240
213.6895,-7.000,666.329,832.222,-36.092,-0.015,0.240
213.7842,-8.000,654.014,841.138,-46.707,-7.582,0.240
213.8906,-9.000,647.622,844.040,-51.354,-9.175,0.240
213.9871,-9.000,654.828,836.868,-44.164,-1.932,0.240
214.0939,-9.000,656.314,835.411,-42.693,-0.407,0.240
214.1892,-10.000,644.208,843.941,-53.011,-7.665,0.240
214.2853,-10.000,650.180,837.931,-47.020,-1.614,0.240
214.3923,-10.000,651.377,836.700,-45.807,-0.340,0.240
214.4889,-11.000,639.186,845.263,-56.183,-7.650,0.240
214.5853,-11.000,645.118,839.247,-50.209,-1.611,0.240
214.6934,-11.000,646.288,838.006,-49.004,-0.339,0.240
214.7901,-11.000,646.459,837.774,-48.802,-0.071,0.240
214.8848,-11.000,646.424,837.758,-48.812,-0.015,0.240
214.9877,-11.000,646.347,837.790,-48.866,-0.003,0.240
215.0906,-11.000,646.265,837.835,-48.929,-0.001,0.240
215.1835,-11.000,646.184,837.884,-48.995,-0.000,0.240
215.2864,-11.000,646.105,837.937,-49.061,-0.000,0.240
215.3921,-11.000,646.027,837.991,-49.127,-0.000,0.240
215.4879,-11.000,645.951,838.048,-49.193,-0.000,0.240
215.5930,-12.000,633.492,846.890,-59.844,-7.579,0.240
215.6867,-11.000,648.752,829.157,-43.347,5.983,0.240
215.7935,-11.000,644.410,834.395,-48.137,1.260,0.240
215.8872,-11.000,643.731,835.837,-49.198,0.265,0.240
215.9835,-10.000,653.165,824.651,-38.888,7.635,0.240
216.0905,-9.000,657.218,819.709,-34.391,9.186,0.240
216.1871,-9.000,651.034,828.138,-41.697,1.934,0.240
216.2932,-8.000,659.791,818.887,-32.693,7.986,0.240
216.3891,-7.000,664.114,814.746,-28.461,9.260,0.240
216.4848,-7.000,658.339,823.676,-35.813,1.950,0.240
216.5899,-7.000,658.098,826.597,-37.394,0.410,0.240
216.6880,-6.000,668.257,816.318,-27.175,7.665,0.240
216.7865,-6.000,663.618,823.854,-33.263,1.614,0.240
216.8923,-5.000,672.924,814.611,-23.988,7.919,0.240
216.9849,-5.000,668.169,822.419,-30.270,1.667,0.240
217.0887,-5.000,668.120,825.062,-31.616,0.351,0.240
217.1838,-5.000,668.916,826.472,-31.923,0.074,0.240
217.2916,-4.000,679.150,815.713,-21.426,7.595,0.240
217.3867,-4.000,674.407,823.010,-27.446,1.599,0.240
217.4931,-4.000,674.207,825.382,-28.732,0.337,0.240
217.5880,-4.000,674.839,826.594,-29.022,0.071,0.240
217.6936,-4.000,675.544,827.458,-29.102,0.015,0.240
217.7910,-3.000,685.559,816.375,-18.553,7.582,0.240
217.8892,-3.000,680.602,823.426,-24.557,1.596,0.240
217.9840,-3.000,680.213,825.593,-25.835,0.336,0.240
218.0889,-3.000,680.686,826.633,-26.118,0.071,0.240
218.1843,-2.000,690.640,815.565,-15.607,7.594,0.240
218.2910,-2.000,685.659,822.598,-21.614,1.599,0.240
218.3851,-3.000,672.873,833.529,-33.473,-7.242,0.240
218.4921,-3.000,679.284,828.541,-27.774,-1.525,0.240
218.5865,-3.000,681.074,827.960,-26.588,-0.321,0.240
218.6839,-3.000,681.824,828.239,-26.352,-0.068,0.240
218.7893,-3.000,682.296,828.641,-26.317,-0.014,0.240
218.8845,-3.000,682.661,829.019,-26.324,-0.003,0.240
218.9911,-2.000,692.346,817.565,-15.754,7.578,0.240
219.0879,-2.000,687.099,824.308,-21.749,1.595,0.240
219.1854,-2.000,686.464,826.216,-23.021,0.336,0.240
219.2830,-1.000,696.112,815.249,-12.713,7.650,0.240
219.3879,-1.000,691.006,822.234,-18.758,1.610,0.240
219.4907,-0.000,699.913,812.525,-9.451,7.918,0.240
219.5851,-0.000,694.820,819.935,-15.702,1.667,0.240
219.6913,-0.000,694.489,822.236,-17.018,0.351,0.240
219.7866,1.000,703.835,810.965,-6.710,7.653,0.240
219.8869,1.000,698.481,817.682,-12.746,1.611,0.240
219.9841,2.000,706.579,807.143,-3.427,7.918,0.240
220.0892,2.000,700.802,813.845,-9.666,1.667,0.240
220.1846,2.000,699.891,815.542,-10.970,0.351,0.240
220.2921,3.000,708.746,803.756,-0.650,7.653,0.240
220.3872,3.000,702.976,810.034,-6.674,1.611,0.240
220.4821,4.000,710.723,799.119,2.657,7.918,0.240
220.5881,4.000,704.649,805.499,-3.570,1.667,0.240
220.6840,4.000,703.488,806.922,-4.862,0.351,0.240
220.7907,4.000,703.346,807.286,-5.115,0.074,0.240
220.8891,4.000,703.406,807.415,-5.149,0.016,0.240
220.9869,4.000,703.497,807.483,-5.138,0.003,0.240
221.0831,4.000,703.587,807.530,-5.116,0.001,0.240
221.1911,4.000,703.668,807.564,-5.093,0.000,0.240
221.2859,3.000,691.956,816.974,-15.654,-7.579,0.240
221.3841,3.000,698.480,811.495,-9.652,-1.596,0.240
221.4892,2.000,688.416,820.046,-18.960,-7.915,0.240
221.5863,1.000,683.749,824.027,-23.284,-9.245,0.240
221.6821,1.000,692.262,817.931,-15.979,-1.946,0.240
221.7885,-0.000,683.047,826.800,-25.022,-7.989,0.240
221.8847,-1.000,678.322,830.632,-29.300,-9.261,0.240
221.9905,-1.000,686.747,824.447,-21.994,-1.950,0.240
222.0873,-1.000,689.232,823.865,-20.461,-0.410,0.240
222.1839,-2.000,677.975,833.142,-30.728,-7.665,0.240
222.2895,-2.000,684.672,827.760,-24.689,-1.614,0.240
222.3865,-2.000,686.494,827.057,-23.427,-0.340,0.240
222.4820,-2.000,687.225,827.276,-23.170,-0.072,0.240
222.5882,-2.000,687.674,827.636,-23.126,-0.015,0.240
222.6825,-2.000,688.017,827.979,-23.126,-0.003,0.240
222.7853,-1.000,697.684,816.496,-12.551,7.578,0.240
222.8917,-1.000,692.424,823.213,-18.539,1.595,0.240
222.9877,-0.000,701.162,813.312,-9.220,7.915,0.240
223.0831,-0.000,695.920,820.567,-15.469,1.666,0.240
223.1923,-0.000,695.459,822.738,-16.784,0.351,0.240
223.2872,-0.000,695.909,823.742,-17.061,0.074,0.240
223.3822,-1.000,684.084,833.203,-27.704,-7.563,0.240
223.4885,-1.000,690.544,827.733,-21.739,-1.592,0.240
223.5840,-1.000,692.216,826.903,-20.488,-0.335,0.240
223.6902,-1.000,692.832,827.002,-20.229,-0.071,0.240
223.7858,-2.000,680.801,836.041,-30.765,-7.594,0.240
223.8814,-2.000,687.013,830.286,-24.781,-1.599,0.240
223.9881,-3.000,676.072,838.015,-34.116,-7.916,0.240
224.0848,-4.000,670.053,840.704,-38.470,-9.245,0.240
224.1812,-5.000,665.028,842.299,-41.780,-9.525,0.240
224.2886,-6.000,660.175,843.636,-44.875,-9.584,0.240
224.3844,-7.000,655.327,844.896,-47.929,-9.597,0.240
224.4809,-8.000,650.451,846.122,-50.980,-9.599,0.240
224.5865,-9.000,645.545,847.325,-54.035,-9.600,0.240
224.6815,-10.000,640.612,848.512,-57.095,-9.600,0.240
224.7888,-11.000,635.653,849.685,-60.161,-9.600,0.240
224.8841,-12.000,630.672,850.848,-63.233,-9.600,0.240
224.9902,-13.000,625.672,852.004,-66.311,-9.600,0.240
225.0858,-14.000,620.654,853.154,-69.395,-9.600,0.240
225.1816,-15.000,615.620,854.300,-72.485,-9.600,0.240
225.2884,-16.000,610.572,855.444,-75.581,-9.600,0.240
225.3854,-17.000,605.510,856.586,-78.683,-9.600,0.240
225.4832,-17.000,612.821,848.944,-71.206,-2.021,0.240
225.5896,-18.000,601.789,856.094,-80.297,-8.004,0.240
225.6861,-18.000,607.851,849.733,-74.086,-1.685,0.240
225.7816,-19.000,596.561,857.169,-83.449,-7.934,0.240
225.8884,-19.000,602.573,850.881,-77.299,-1.670,0.240
225.9844,-19.000,603.660,849.559,-76.094,-0.352,0.240
226.0804,-20.000,591.459,857.961,-86.396,-7.653,0.240
226.1869,-20.000,597.386,851.804,-80.354,-1.611,0.240
226.2823,-20.000,598.560,850.435,-79.082,-0.339,0.240
226.3881,-20.000,598.745,850.084,-78.814,-0.071,0.240
226.4829,-20.000,598.731,849.957,-78.758,-0.015,0.240
226.5803,-20.000,598.683,849.885,-78.746,-0.003,0.240
226.6859,-21.000,586.255,858.611,-89.322,-7.580,0.240
226.7818,-21.000,592.166,852.554,-83.339,-1.596,0.240
226.8870,-21.000,593.363,851.231,-82.079,-0.336,0.240
226.9825,-21.000,593.576,850.913,-81.814,-0.071,0.240
227.0890,-21.000,593.587,850.812,-81.758,-0.015,0.240
227.1876,-21.000,593.560,850.762,-81.746,-0.003,0.240
227.2845,-22.000,581.151,859.506,-92.322,-7.580,0.240
227.3906,-22.000,587.077,853.465,-86.339,-1.596,0.240
227.4854,-22.000,588.288,852.156,-85.079,-0.336,0.240
227.5806,-22.000,588.512,851.849,-84.814,-0.071,0.240
227.6885,-22.000,588.532,851.758,-84.758,-0.015,0.240
227.7848,-22.000,588.514,851.716,-84.746,-0.003,0.240
227.8821,-22.000,588.491,851.688,-84.743,-0.001,0.240
227.9882,-22.000,588.469,851.666,-84.743,-0.000,0.240
228.0826,-22.000,588.451,851.647,-84.743,-0.000,0.240
228.1895,-21.000,597.814,839.852,-74.164,7.579,0.240
228.2865,-21.000,592.298,846.303,-80.147,1.596,0.240
228.3824,-21.000,591.435,847.959,-81.407,0.336,0.240
228.4892,-20.000,600.885,836.782,-71.093,7.650,0.240
228.5866,-19.000,604.878,831.923,-66.667,9.189,0.240
228.6842,-19.000,598.641,840.423,-74.036,1.935,0.240
228.7898,-18.000,607.346,831.242,-65.093,7.986,0.240
228.8863,-17.000,611.616,827.167,-60.921,9.260,0.240
228.9815,-16.000,615.171,824.378,-57.748,9.528,0.240
229.0881,-16.000,609.378,833.822,-65.367,2.006,0.240
229.1850,-15.000,618.635,825.268,-56.462,8.001,0.240
229.2797,-13.000,632.797,809.904,-41.698,16.842,0.240
229.3857,-12.000,631.296,813.983,-44.488,11.125,0.240
229.4818,-11.000,634.422,813.648,-42.758,9.921,0.240
229.5879,-10.000,638.595,812.448,-40.071,9.668,0.240
229.6817,-9.000,643.051,811.119,-37.179,9.614,0.240
229.7865,-8.000,647.621,809.807,-34.238,9.603,0.240
229.8825,-6.000,661.646,796.751,-20.697,17.180,0.240
229.9792,-5.000,660.844,801.977,-23.711,11.196,0.240
230.0853,-4.000,664.740,802.441,-21.995,9.936,0.240
230.1828,-3.000,669.610,801.877,-19.278,9.671,0.240
230.2788,-1.000,684.057,789.290,-5.761,17.194,0.240
230.3843,-0.000,683.653,794.876,-8.756,11.199,0.240
230.4802,1.000,687.299,795.034,-7.012,9.937,0.240
230.5862,1.000,682.577,805.989,-14.851,2.092,0.240
230.6812,2.000,692.366,797.899,-5.911,8.019,0.240
230.7870,2.000,688.268,806.440,-12.231,1.688,0.240
230.8852,3.000,697.621,797.264,-2.966,7.934,0.240
230.9809,3.000,692.950,805.086,-9.212,1.670,0.240
231.0845,3.000,692.988,807.725,-10.513,0.352,0.240
231.1885,3.000,693.867,809.123,-10.773,0.074,0.240
231.2831,3.000,694.794,810.131,-10.813,0.016,0.240
231.3791,3.000,695.622,810.947,-10.808,0.003,0.240
231.4839,3.000,696.336,811.631,-10.792,0.001,0.240
231.5786,2.000,685.163,821.593,-21.360,-7.579,0.240
231.6852,2.000,692.143,816.582,-15.364,-1.596,0.240
231.7820,2.000,694.252,816.148,-14.093,-0.336,0.240
231.8859,1.000,683.456,825.967,-24.400,-7.650,0.240
231.9826,-0.000,678.801,830.392,-28.940,-9.189,0.240
232.0788,-0.000,687.458,824.539,-21.685,-1.935,0.240
232.1852,-0.000,690.177,824.204,-20.158,-0.407,0.240
232.2801,-1.000,679.127,833.680,-30.421,-7.665,0.240
232.3856,-2.000,673.618,837.251,-34.961,-9.193,0.240
232.4822,-2.000,681.540,830.683,-27.716,-1.935,0.240
232.5879,-3.000,671.246,838.527,-36.785,-7.986,0.240
232.6832,-4.000,665.607,841.483,-41.083,-9.260,0.240
232.7783,-4.000,673.253,834.556,-33.796,-1.950,0.240
232.8848,-4.000,675.074,833.347,-32.281,-0.410,0.240
232.9802,-5.000,663.249,842.092,-42.566,-7.665,0.240
233.0863,-5.000,669.462,836.262,-36.545,-1.614,0.240
233.1820,-5.000,670.868,835.180,-35.301,-0.340,0.240
233.2783,-6.000,658.860,843.865,-45.647,-7.650,0.240
233.3846,-6.000,664.951,837.948,-39.643,-1.611,0.240
233.4810,-7.000,653.876,845.572,-48.993,-7.918,0.240
233.5878,-7.000,660.118,839.396,-42.784,-1.667,0.240
233.6835,-8.000,649.035,846.935,-52.095,-7.930,0.240
233.7792,-9.000,642.856,849.501,-56.467,-9.248,0.240
233.8850,-9.000,650.069,842.219,-49.220,-1.947,0.240
233.9808,-10.000,639.137,849.491,-58.322,-7.989,0.240
234.0777,-11.000,632.944,851.973,-62.660,-9.261,0.240
234.1842,-12.000,627.727,853.436,-65.999,-9.529,0.240
234.2798,-13.000,622.697,854.675,-69.134,-9.585,0.240
234.3860,-14.000,617.690,855.859,-72.230,-9.597,0.240
234.4820,-15.000,612.673,857.027,-75.322,-9.599,0.240
234.5787,-16.000,607.640,858.188,-78.419,-9.600,0.240
234.6842,-17.000,602.593,859.345,-81.521,-9.600,0.240
234.7817,-17.000,609.916,851.714,-74.044,-2.021,0.240
234.8877,-18.000,598.894,858.875,-83.135,-8.004,0.240
234.9838,-18.000,604.964,852.523,-76.924,-1.685,0.240
235.0794,-19.000,593.682,859.965,-86.287,-7.934,0.240
235.1781,-19.000,599.699,853.684,-80.137,-1.670,0.240
235.2845,-19.000,600.792,852.367,-78.932,-0.352,0.240
235.3796,-19.000,600.860,852.108,-78.769,-0.074,0.240
235.4861,-19.000,600.724,852.083,-78.824,-0.016,0.240
235.5817,-19.000,600.553,852.116,-78.926,-0.003,0.240
235.6877,-19.000,600.383,852.169,-79.037,-0.001,0.240
235.7840,-19.000,600.220,852.232,-79.151,-0.000,0.240
235.8789,-19.000,600.064,852.304,-79.265,-0.000,0.240
235.9823,-20.000,587.649,861.047,-89.844,-7.579,0.240
236.0775,-20.000,593.572,855.003,-83.860,-1.596,0.240
236.1866,-20.000,594.780,853.692,-82.601,-0.336,0.240
236.2827,-21.000,582.623,862.162,-92.914,-7.650,0.240
236.3782,-21.000,588.595,856.056,-86.875,-1.610,0.240
236.4847,-21.000,589.809,854.727,-85.604,-0.339,0.240
236.5809,-21.000,590.028,854.411,-85.336,-0.071,0.240
236.6783,-21.000,590.043,854.313,-85.280,-0.015,0.240
236.7838,-21.000,590.020,854.266,-85.268,-0.003,0.240
236.8786,-21.000,589.993,854.234,-85.265,-0.001,0.240
236.9858,-21.000,589.968,854.208,-85.265,-0.000,0.240
237.0821,-21.000,589.946,854.187,-85.265,-0.000,0.240
237.1779,-20.000,599.307,842.389,-74.686,7.579,0.240
237.2841,-20.000,593.788,848.837,-80.669,1.596,0.240
237.3814,-20.000,592.923,850.491,-81.929,0.336,0.240
237.4765,-19.000,602.258,839.427,-71.729,7.650,0.240
237.5822,-18.000,606.255,834.561,-67.297,9.189,0.240
237.6781,-18.000,600.023,843.054,-74.660,1.935,0.240
237.7841,-17.000,608.734,833.865,-65.711,7.986,0.240
237.8805,-16.000,613.008,829.784,-61.533,9.260,0.240
237.9868,-15.000,616.569,826.988,-58.354,9.528,0.240
238.0858,-14.000,620.166,824.640,-55.382,9.585,0.240
238.1822,-12.000,633.316,810.753,-41.863,17.176,0.240
238.2775,-11.000,631.756,815.286,-44.910,11.195,0.240
238.3828,-10.000,635.000,815.169,-43.229,9.936,0.240
238.4787,-8.000,648.695,802.332,-29.963,17.250,0.240
238.5837,-6.000,657.163,795.793,-22.459,18.789,0.240
238.6763,-5.000,655.499,802.697,-26.744,11.535,0.240
238.7807,-3.000,708.774,802.105,-6.838,25.458,0.400
238.8773,-1.000,750.548,814.553,1.850,28.153,0.400
238.9839,1.000,789.016,829.810,8.378,28.675,0.400
239.0820,2.000,812.536,861.698,-0.122,17.163,0.400
239.1766,4.000,856.582,867.588,15.287,26.548,0.400
239.2829,5.000,879.026,897.328,8.520,16.751,0.400
239.3796,7.000,921.034,902.517,24.279,26.468,0.400
239.4772,9.000,954.200,915.307,32.214,28.349,0.400
239.5847,10.000,972.327,945.982,24.025,17.100,0.400
239.6817,11.000,998.955,967.576,24.914,14.923,0.400
239.7783,10.000,998.515,1017.544,-1.673,-8.725,0.400
239.8836,8.000,1001.818,1062.778,-23.815,-24.914,0.400
239.9787,6.000,1019.069,1096.225,-32.913,-28.048,0.400
240.0763,6.000,1070.940,1101.085,-10.257,-5.429,0.400
240.1823,6.000,1104.007,1123.880,-5.844,-1.051,0.400
240.2778,6.000,1133.065,1149.943,-4.960,-0.203,0.400
240.3829,6.000,1161.033,1176.468,-4.760,-0.039,0.400
240.4782,7.000,1201.193,1186.367,9.926,11.605,0.400
240.5841,8.000,1231.516,1205.332,15.228,13.859,0.400
240.6793,9.000,1259.644,1225.839,18.719,14.295,0.400
240.7852,9.000,1248.967,1237.566,7.244,2.767,0.400
240.8804,10.000,1260.136,1223.389,19.686,12.148,0.400
240.9770,9.000,1235.149,1246.720,-4.670,-9.262,0.400
241.0861,9.000,1243.635,1239.826,2.853,-1.793,0.400
241.1820,10.000,1258.622,1222.292,18.971,11.266,0.400
241.2787,10.000,1250.135,1231.614,9.946,2.181,0.400
241.3853,11.000,1261.563,1216.995,22.866,12.035,0.400
241.4813,11.000,1252.155,1226.692,13.227,2.329,0.400
241.5788,11.000,1250.540,1228.553,11.414,0.451,0.400
241.6860,10.000,1234.740,1242.460,-3.502,-11.526,0.400
241.7821,10.000,1244.845,1233.748,5.852,-2.231,0.400
241.8782,10.000,1247.341,1232.435,7.711,-0.432,0.400
241.9831,9.000,1232.622,1246.060,-6.499,-11.696,0.400
242.0751,9.000,1243.177,1237.575,2.987,-2.264,0.400
242.1801,8.000,1230.295,1250.116,-9.752,-12.051,0.400
242.2755,7.000,1225.772,1255.250,-14.604,-13.945,0.400
242.3767,6.000,1223.171,1259.270,-17.935,-14.312,0.400
242.4833,4.000,1205.531,1276.915,-35.595,-25.996,0.400
242.5783,4.000,1229.537,1258.915,-14.606,-5.031,0.400
242.6841,5.000,1248.852,1240.804,4.094,10.639,0.400
242.7803,7.000,1267.662,1218.218,24.782,25.285,0.400
242.8751,9.000,1274.055,1206.815,33.671,28.120,0.400
242.9813,12.000,1290.317,1180.595,54.904,40.281,0.400
243.0779,14.000,1283.516,1180.131,51.729,31.022,0.400
243.1843,15.000,1271.169,1188.403,41.414,17.617,0.400
243.2808,17.000,1282.163,1169.146,56.535,26.636,0.400
243.3761,18.000,1272.945,1173.439,49.775,16.768,0.400
243.4834,20.000,1284.159,1153.240,65.478,26.471,0.400
243.5776,21.000,1274.658,1157.203,58.744,16.736,0.400
243.6831,22.000,1272.973,1153.282,59.859,14.852,0.400
243.7798,22.000,1260.114,1164.374,47.882,2.875,0.400
243.8746,24.000,1282.373,1132.814,74.789,23.782,0.400
243.9844,24.000,1262.242,1151.039,55.610,4.603,0.400
244.0812,24.000,1257.722,1153.940,51.898,0.891,0.400
244.1771,25.000,1268.979,1137.406,65.793,11.785,0.400
244.2826,24.000,1243.070,1159.729,41.675,-9.332,0.400
244.3779,24.000,1250.572,1152.179,49.201,-1.806,0.400
244.4742,24.000,1252.009,1150.702,50.658,-0.350,0.400
244.5788,23.000,1236.612,1163.965,36.327,-11.681,0.400
244.6816,22.000,1230.962,1168.700,31.134,-13.874,0.400
244.7772,21.000,1227.599,1172.186,27.709,-14.298,0.400
244.8848,21.000,1240.683,1162.207,39.240,-2.767,0.400
244.9786,20.000,1228.571,1174.857,26.859,-12.149,0.400
245.0751,19.000,1224.549,1180.238,22.157,-13.964,0.400
245.1810,19.000,1238.001,1170.939,33.532,-2.703,0.400
245.2767,18.000,1226.392,1183.980,21.207,-12.136,0.400
245.3839,17.000,1222.727,1189.761,16.483,-13.962,0.400
245.4813,15.000,1205.150,1207.937,-1.393,-25.928,0.400
245.5758,14.000,1213.735,1203.761,4.988,-16.631,0.400
245.6799,13.000,1214.937,1207.207,3.865,-14.832,0.400
245.7827,11.000,1199.113,1225.781,-13.333,-26.096,0.400
245.8774,9.000,1193.056,1235.976,-21.460,-28.277,0.400
245.9752,8.000,1205.004,1231.446,-13.221,-17.086,0.400
246.0829,7.000,1207.814,1235.840,-14.013,-14.920,0.400
246.1796,5.000,1193.113,1255.466,-31.176,-26.114,0.400
246.2761,4.000,1203.626,1253.038,-24.706,-16.667,0.400
246.3825,3.000,1206.358,1258.078,-25.860,-14.839,0.400
246.4789,1.000,1191.809,1278.034,-43.113,-26.098,0.400
246.5755,-0.000,1202.490,1275.848,-36.679,-16.664,0.400
246.6813,-1.000,1204.471,1280.189,-37.859,-14.838,0.400
246.7761,-2.000,1204.049,1285.084,-40.518,-14.485,0.400
246.8807,-3.000,1202.551,1289.485,-43.467,-14.416,0.400
246.9771,-4.000,1200.323,1293.279,-46.478,-14.403,0.400
247.0743,-5.000,1197.512,1296.523,-49.505,-14.401,0.400
247.1801,-6.000,1194.210,1299.292,-52.541,-14.400,0.400
247.2778,-7.000,1190.491,1301.657,-55.583,-14.400,0.400
247.3835,-8.000,1186.418,1303.680,-58.631,-14.400,0.400
247.4770,-8.000,1198.612,1292.744,-47.066,-2.787,0.400
247.5820,-9.000,1184.777,1303.747,-59.485,-12.152,0.400
247.6790,-10.000,1178.251,1306.967,-64.358,-13.965,0.400
247.7739,-11.000,1172.979,1308.528,-67.775,-14.316,0.400
247.8792,-11.000,1184.381,1296.972,-56.296,-2.771,0.400
247.9769,-11.000,1186.484,1294.738,-54.127,-0.536,0.400
248.0826,-12.000,1170.226,1306.985,-68.380,-11.717,0.400
248.1792,-13.000,1162.830,1310.072,-73.621,-13.881,0.400
248.2749,-13.000,1173.614,1298.625,-62.505,-2.687,0.400
248.3812,-13.000,1175.421,1296.254,-60.417,-0.520,0.400
248.4778,-13.000,1175.523,1295.674,-60.075,-0.101,0.400
248.5741,-14.000,1158.753,1308.136,-74.691,-11.632,0.400
248.6795,-13.000,1181.289,1282.839,-50.775,9.361,0.400
248.7768,-13.000,1173.987,1290.793,-58.403,1.812,0.400
248.8830,-13.000,1172.726,1292.610,-59.942,0.351,0.400
248.9790,-12.000,1186.170,1277.538,-45.684,11.681,0.400
249.0761,-11.000,1191.055,1272.169,-40.557,13.874,0.400
249.1824,-10.000,1194.663,1269.049,-37.193,14.298,0.400
249.2782,-10.000,1184.780,1282.347,-48.783,2.767,0.400
249.3736,-9.000,1197.509,1270.422,-36.456,12.149,0.400
249.4809,-7.000,1216.637,1250.776,-17.070,25.577,0.400
249.5752,-6.000,1212.317,1258.556,-23.119,16.563,0.400
249.6789,-5.000,1215.463,1259.251,-21.894,14.819,0.400
249.7734,-4.000,1220.184,1258.696,-19.256,14.481,0.400
249.8791,-3.000,1225.321,1257.999,-16.339,14.416,0.400
249.9755,-2.000,1230.633,1257.361,-13.364,14.403,0.400
250.0726,-1.000,1236.061,1256.806,-10.372,14.401,0.400
250.1784,-0.000,1241.582,1256.327,-7.373,14.400,0.400
250.2740,2.000,1258.950,1238.445,10.252,26.013,0.400
250.3827,3.000,1253.434,1245.624,3.905,16.648,0.400
250.4773,4.000,1254.902,1244.670,5.116,14.835,0.400
250.5834,5.000,1257.349,1241.759,7.795,14.484,0.400
250.6800,5.000,1247.002,1254.712,-3.855,2.803,0.400
250.7763,6.000,1258.547,1241.482,8.533,12.155,0.400
250.8724,6.000,1249.564,1252.033,-1.234,2.353,0.400
250.9790,6.000,1248.369,1254.560,-3.095,0.455,0.400
251.0747,7.000,1261.273,1238.889,11.192,11.701,0.400
251.1734,8.000,1264.872,1232.038,16.417,13.878,0.400
251.2792,8.000,1253.846,1243.300,5.273,2.686,0.400
251.3778,9.000,1264.497,1228.949,17.774,12.133,0.400
251.4725,9.000,1254.694,1238.607,8.043,2.348,0.400
251.5798,10.000,1265.462,1223.817,20.823,12.067,0.400
251.6757,11.000,1268.249,1216.710,25.770,13.949,0.400
251.7723,11.000,1256.730,1227.557,14.587,2.700,0.400
251.8789,11.000,1254.334,1229.382,12.476,0.523,0.400
251.9733,12.000,1266.405,1212.926,26.739,11.714,0.400
252.0802,12.000,1256.666,1221.937,17.364,2.267,0.400
252.1764,13.000,1267.270,1206.816,30.227,12.052,0.400
252.2724,13.000,1257.208,1216.037,20.586,2.333,0.400
252.3797,13.000,1255.048,1217.482,18.783,0.451,0.400
252.4759,14.000,1267.127,1200.896,33.115,11.700,0.400
252.5821,15.000,1270.028,1193.263,38.383,13.877,0.400
252.6781,15.000,1258.416,1203.854,27.281,2.686,0.400
252.7725,16.000,1268.575,1188.927,39.824,12.133,0.400
252.8792,17.000,1244.286,1162.433,40.926,10.133,0.240
252.9748,17.000,1212.486,1146.429,33.029,2.133,0.240
253.0822,18.000,1195.552,1111.489,42.031,8.028,0.240
253.1782,18.000,1164.956,1093.353,35.801,1.690,0.240
253.2749,18.000,1139.199,1070.049,34.575,0.356,0.240
253.3807,18.000,1114.355,1045.551,34.402,0.075,0.240
253.4768,19.000,1098.399,1008.327,45.036,7.595,0.240
253.5725,19.000,1067.596,989.288,39.154,1.599,0.240
253.6782,19.000,1041.445,965.433,38.006,0.337,0.240
253.7743,19.000,1016.221,940.513,37.854,0.071,0.240
253.8808,19.000,991.148,915.324,37.912,0.015,0.240
253.9752,19.000,966.069,890.040,38.014,0.003,0.240
254.0814,20.000,949.622,852.440,48.591,7.580,0.240
254.1769,20.000,918.348,833.135,42.607,1.596,0.240
254.2743,20.000,891.773,809.078,41.347,0.336,0.240
254.3816,20.000,866.169,784.005,41.082,0.071,0.240
254.4777,21.000,849.535,746.325,51.605,7.594,0.240
254.5732,20.000,806.357,736.295,35.031,-5.980,0.240
254.6802,20.000,786.146,706.641,39.752,-1.259,0.240
254.7762,20.000,762.127,680.635,40.746,-0.265,0.240
254.8811,20.000,762.721,680.810,40.955,-0.056,0.240
254.9781,20.000,763.092,681.093,40.999,-0.012,0.240
255.0742,19.000,751.714,690.626,30.544,-7.581,0.240
255.1794,19.000,758.529,685.243,36.643,-1.596,0.240
255.2750,18.000,748.727,693.863,27.432,-7.915,0.240
255.3816,17.000,744.296,697.889,23.204,-9.245,0.240
255.4772,16.000,741.240,701.200,20.020,-9.525,0.240
255.5728,15.000,738.680,704.578,17.051,-9.584,0.240
255.6788,14.000,736.399,708.154,14.123,-9.597,0.240
255.7728,14.000,746.109,702.544,21.783,-2.020,0.240
255.8800,13.000,737.746,711.992,12.877,-8.004,0.240
255.9756,12.000,734.320,716.941,8.689,-9.264,0.240
256.0711,11.000,732.067,721.088,5.490,-9.529,0.240
256.1764,10.000,730.177,725.188,2.494,-9.585,0.240
256.2718,9.000,728.458,729.385,-0.464,-9.597,0.240
256.3798,8.000,726.857,733.693,-3.418,-9.599,0.240
256.4748,7.000,725.349,738.102,-6.377,-9.600,0.240
256.5709,7.000,735.703,733.214,1.244,-2.021,0.240
256.6771,6.000,727.878,743.285,-7.703,-8.004,0.240
256.7734,5.000,724.903,748.769,-11.933,-9.264,0.240
256.8783,5.000,734.813,743.991,-4.589,-1.950,0.240
256.9724,5.000,738.564,744.603,-3.019,-0.411,0.240
257.0775,4.000,728.987,755.488,-13.250,-7.665,0.240
257.1724,4.000,737.119,751.468,-7.175,-1.614,0.240
257.2793,4.000,740.165,751.918,-5.877,-0.340,0.240
257.3768,4.000,741.942,753.111,-5.584,-0.072,0.240
257.4734,4.000,743.285,754.293,-5.504,-0.015,0.240
257.5793,4.000,744.395,755.331,-5.468,-0.003,0.240
257.6747,3.000,733.548,765.601,-16.026,-7.580,0.240
257.7805,3.000,740.806,760.855,-10.025,-1.596,0.240
257.8768,3.000,743.151,760.644,-8.747,-0.336,0.240
257.9738,3.000,744.341,761.268,-8.464,-0.071,0.240
258.0804,3.000,745.186,761.965,-8.390,-0.015,0.240
258.1755,3.000,745.871,762.591,-8.360,-0.003,0.240
258.2726,3.000,746.448,763.127,-8.339,-0.001,0.240
258.3800,3.000,746.940,763.582,-8.321,-0.000,0.240
258.4751,3.000,747.361,763.967,-8.303,-0.000,0.240
258.5802,4.000,756.506,751.906,2.300,7.579,0.240
258.6754,4.000,750.807,758.126,-3.659,1.596,0.240
258.7698,4.000,749.793,759.583,-4.895,0.336,0.240
258.8752,4.000,749.741,760.013,-5.136,0.071,0.240
258.9709,4.000,749.869,760.205,-5.168,0.015,0.240
259.0776,5.000,758.802,747.944,5.429,7.582,0.240
259.1715,5.000,752.932,753.985,-0.527,1.596,0.240
259.2765,5.000,751.775,755.288,-1.757,0.336,0.240
259.3737,6.000,760.386,743.201,8.593,7.650,0.240
259.4697,7.000,763.191,736.841,13.175,9.189,0.240
259.5749,7.000,755.967,744.044,5.962,1.935,0.240
259.6711,8.000,763.258,733.135,15.061,7.986,0.240
259.7769,8.000,756.963,739.354,8.805,1.681,0.240
259.8712,9.000,764.436,728.216,18.110,7.933,0.240
259.9778,10.000,766.955,721.983,22.486,9.249,0.240
260.0753,11.000,768.420,716.761,25.829,9.526,0.240
260.1711,11.000,760.868,724.119,18.375,2.005,0.240
260.2786,12.000,768.053,713.169,27.442,8.001,0.240
260.3742,12.000,761.709,719.313,21.198,1.684,0.240
260.4700,12.000,760.366,720.486,19.940,0.355,0.240
260.5752,12.000,760.086,720.622,19.732,0.075,0.240
260.6708,13.000,768.822,708.163,30.330,7.595,0.240
260.7768,12.000,751.037,723.383,13.827,-5.980,0.240
260.8709,12.000,756.241,719.000,18.620,-1.259,0.240
260.9779,12.000,757.655,718.283,19.686,-0.265,0.240
261.0741,11.000,746.448,727.683,9.382,-7.635,0.240
261.1716,11.000,753.273,722.321,15.476,-1.607,0.240
261.2778,10.000,743.445,730.993,6.226,-7.917,0.240
261.3734,9.000,738.979,735.077,1.951,-9.246,0.240
261.4691,9.000,747.670,729.061,9.305,-1.946,0.240
261.5770,8.000,738.613,737.992,0.310,-7.989,0.240
261.6723,7.000,734.629,742.468,-3.920,-9.261,0.240
261.7781,5.000,720.122,755.594,-17.736,-17.108,0.240
261.8736,4.000,724.286,753.856,-14.785,-11.181,0.240
261.9692,2.000,712.097,766.306,-27.104,-17.512,0.240
262.0749,1.000,717.261,764.966,-23.852,-11.266,0.240
262.1710,-1.000,705.116,777.360,-36.122,-17.530,0.240
262.2780,-2.000,709.670,775.418,-32.874,-11.269,0.240
262.3736,-4.000,696.395,786.713,-45.159,-17.530,0.240
262.4700,-6.000,687.599,792.626,-52.513,-18.849,0.240
262.5777,-8.000,679.449,797.126,-58.839,-19.126,0.240
262.6741,-10.000,671.179,801.093,-64.957,-19.184,0.240
262.7704,-13.000,650.281,813.534,-81.626,-26.776,0.240
262.8767,-14.000,659.862,802.163,-71.151,-13.216,0.240
262.9718,-16.000,646.181,810.123,-81.971,-17.940,0.240
263.0694,-19.000,623.663,822.980,-99.659,-26.514,0.240
263.1752,-19.000,644.874,802.555,-78.841,-5.582,0.240
263.2719,-22.000,612.478,824.820,-106.171,-23.912,0.240
263.3780,-22.000,631.551,806.136,-87.293,-5.034,0.240
263.4761,-22.000,635.690,802.327,-83.319,-1.060,0.240
263.5715,-26.000,587.151,836.747,-124.798,-30.539,0.240
263.6769,-23.000,639.397,777.299,-68.951,16.308,0.240
263.7729,-24.000,615.583,800.392,-92.405,-4.146,0.240
263.8689,-22.000,638.807,774.755,-67.974,14.285,0.240
263.9756,-22.000,629.504,788.007,-79.251,3.007,0.240
264.0715,-19.000,656.831,756.837,-50.003,23.370,0.240
264.1698,-17.000,659.904,754.697,-47.397,20.078,0.240
264.2760,-17.000,647.347,774.047,-63.350,4.227,0.240
264.3717,-17.000,646.795,780.373,-66.789,0.890,0.240
264.4776,-15.000,667.215,760.062,-46.424,15.345,0.240
264.5731,-13.000,676.826,751.742,-37.458,18.388,0.240
264.6685,-13.000,665.780,769.887,-52.054,3.871,0.240
264.7741,-13.000,665.662,776.038,-55.188,0.815,0.240
264.8681,-11.000,686.275,755.753,-34.739,15.329,0.240
264.9756,-7.000,714.786,723.921,-4.568,33.543,0.240
265.0731,-4.000,721.006,719.678,0.664,29.799,0.240
265.1685,-4.000,702.797,748.568,-22.885,6.273,0.240
265.2758,-1.000,730.515,722.729,3.893,24.058,0.240
265.3732,-1.000,716.814,747.026,-15.106,5.065,0.240
265.4694,-1.000,717.313,755.534,-19.111,1.066,0.240
265.5748,-0.000,729.679,748.425,-9.373,7.803,0.240
265.6703,1.000,736.037,745.935,-4.949,9.222,0.240
265.7763,2.000,740.691,743.968,-1.638,9.520,0.240
265.8734,3.000,744.614,741.729,1.442,9.583,0.240
265.9689,4.000,748.067,739.108,4.480,9.596,0.240
266.0763,5.000,751.154,736.129,7.512,9.599,0.240
266.1711,5.000,745.151,745.223,-0.036,2.021,0.240
266.2740,6.000,753.684,735.717,8.984,8.004,0.240
266.3673,9.000,774.842,705.932,34.455,24.422,0.240
266.4700,14.000,800.374,664.067,68.153,43.036,0.240
266.5744,17.000,793.395,661.363,66.016,31.797,0.240
