time_s,error_mm,left_rpm,right_rpm,pid_output,d_term,target_speed_ms
0.0003,-0.000,25.465,25.465,0.000,0.000,0.200
0.0432,-0.000,50.930,50.930,0.000,0.000,0.200
0.1503,-0.000,76.394,76.394,0.000,0.000,0.200
0.2475,-0.000,101.859,101.859,0.000,0.000,0.200
0.3423,-0.000,127.324,127.324,0.000,0.000,0.200
0.4483,-0.000,152.789,152.789,0.000,0.000,0.200
0.5420,-0.000,178.254,178.254,0.000,0.000,0.200
0.6456,-0.000,203.718,203.718,0.000,0.000,0.200
0.7485,-0.000,229.183,229.183,0.000,0.000,0.200
0.8417,-0.000,254.648,254.648,0.000,0.000,0.200
0.9480,-0.000,280.113,280.113,0.000,0.000,0.200
1.0441,-0.000,305.578,305.578,0.000,0.000,0.200
1.1487,-0.000,331.043,331.043,0.000,0.000,0.200
1.2454,-0.000,356.507,356.507,0.000,0.000,0.200
1.3519,-1.000,373.110,386.934,-6.912,-5.410,0.200
1.4478,-1.000,402.850,407.809,-2.479,-0.976,0.200
1.5437,-1.000,428.979,432.342,-1.682,-0.176,0.200
1.6499,-2.000,445.611,462.512,-8.451,-5.442,0.200
1.7465,-2.000,475.278,483.266,-3.994,-0.981,0.200
1.8415,-2.000,501.327,507.715,-3.194,-0.177,0.200
1.9470,-3.000,517.888,537.816,-9.964,-5.442,0.200
2.0429,-4.000,538.632,563.474,-12.421,-6.391,0.200
2.1485,-5.000,560.042,588.246,-14.102,-6.562,0.200
2.2410,-6.000,581.497,612.784,-15.644,-6.593,0.200
2.3469,-6.000,611.757,632.259,-10.251,-1.189,0.200
2.4425,-7.000,603.350,635.749,-16.199,-5.624,0.200
2.5482,-8.000,598.496,635.524,-18.514,-6.424,0.200
2.6474,-9.000,594.227,634.577,-20.175,-6.568,0.200
2.7441,-10.000,590.015,633.454,-21.720,-6.594,0.200
2.8425,-11.000,585.772,632.263,-23.245,-6.599,0.200
2.9423,-12.000,581.489,631.026,-24.769,-6.600,0.200
3.0509,-13.000,577.169,629.755,-26.293,-6.600,0.200
3.1491,-14.000,572.817,628.455,-27.819,-6.600,0.200
3.2461,-15.000,568.436,627.131,-29.347,-6.600,0.200
3.3446,-16.000,564.032,625.787,-30.877,-6.600,0.200
3.4479,-17.000,559.606,624.425,-32.409,-6.600,0.200
3.5408,-17.000,564.025,618.088,-27.031,-1.190,0.200
3.6475,-18.000,555.292,621.290,-32.999,-5.624,0.200
3.7451,-18.000,559.017,615.863,-28.423,-1.014,0.200
3.8416,-19.000,550.230,619.305,-34.537,-5.593,0.200
3.9493,-19.000,554.007,613.984,-29.989,-1.009,0.200
4.0424,-19.000,554.142,612.537,-29.197,-0.182,0.200
4.1476,-19.000,553.697,611.865,-29.084,-0.033,0.200
4.2400,-19.000,553.214,611.400,-29.093,-0.006,0.200
4.3463,-19.000,552.781,611.028,-29.124,-0.001,0.200
4.4406,-19.000,552.403,610.720,-29.158,-0.000,0.200
4.5456,-19.000,552.077,610.464,-29.194,-0.000,0.200
4.6409,-18.000,557.655,602.291,-22.318,5.410,0.200
4.7465,-18.000,553.584,607.156,-26.786,0.976,0.200
4.8424,-18.000,553.088,608.327,-27.619,0.176,0.200
4.9486,-18.000,553.197,608.791,-27.797,0.032,0.200
5.0429,-17.000,559.243,601.133,-20.945,5.416,0.200
5.1394,-17.000,555.587,606.419,-25.416,0.977,0.200
5.2467,-17.000,555.447,607.944,-26.248,0.176,0.200
5.3416,-17.000,555.860,608.709,-26.424,0.032,0.200
5.4488,-16.000,562.164,601.305,-19.571,5.416,0.200
5.5440,-16.000,558.728,606.807,-24.040,0.977,0.200
5.6389,-16.000,558.775,608.516,-24.870,0.176,0.200
5.7457,-16.000,559.347,609.436,-25.044,0.032,0.200
5.8429,-16.000,559.925,610.127,-25.101,0.006,0.200
5.9394,-15.000,566.292,602.739,-18.224,5.411,0.200
6.0463,-15.000,562.894,608.268,-22.687,0.976,0.200
6.1414,-14.000,568.834,602.040,-16.603,5.586,0.200
6.2458,-14.000,565.607,608.022,-21.208,1.007,0.200
6.3409,-14.000,565.926,610.045,-22.060,0.182,0.200
6.4496,-13.000,572.607,603.254,-15.323,5.443,0.200
6.5459,-13.000,569.575,609.193,-19.809,0.981,0.200
6.6410,-13.000,569.982,611.257,-20.637,0.177,0.200
6.7390,-12.000,576.724,604.515,-13.895,5.442,0.200
6.8460,-12.000,573.742,610.498,-18.378,0.981,0.200
6.9433,-11.000,580.052,604.638,-12.293,5.587,0.200
7.0387,-11.000,577.143,610.929,-16.893,1.007,0.200
7.1451,-11.000,577.734,613.213,-17.740,0.182,0.200
7.2410,-11.000,578.787,614.605,-17.909,0.033,0.200
7.3478,-11.000,579.778,615.691,-17.957,0.006,0.200
7.4429,-11.000,580.635,616.599,-17.982,0.001,0.200
7.5486,-11.000,581.364,617.371,-18.004,0.000,0.200
7.6439,-11.000,581.981,618.030,-18.024,0.000,0.200
7.7468,-11.000,582.503,618.593,-18.045,0.000,0.200
7.8398,-12.000,574.081,624.036,-24.977,-5.410,0.200
7.9456,-12.000,578.727,619.858,-20.566,-0.976,0.200
8.0413,-12.000,579.704,619.280,-19.788,-0.176,0.200
8.1392,-12.000,579.995,619.328,-19.667,-0.032,0.200
8.2448,-13.000,571.280,624.430,-26.575,-5.416,0.200
8.3410,-13.000,575.660,619.980,-22.160,-0.977,0.200
8.4476,-13.000,576.406,619.174,-21.384,-0.176,0.200
8.5442,-13.000,576.500,619.029,-21.264,-0.032,0.200
8.6407,-13.000,576.480,619.005,-21.263,-0.006,0.200
8.7481,-13.000,576.442,619.007,-21.282,-0.001,0.200
8.8438,-13.000,576.403,619.015,-21.306,-0.000,0.200
8.9399,-13.000,576.366,619.026,-21.330,-0.000,0.200
9.0459,-13.000,576.330,619.039,-21.354,-0.000,0.200
9.1425,-13.000,576.296,619.053,-21.379,-0.000,0.200
9.2482,-12.000,582.125,611.108,-14.491,5.410,0.200
9.3437,-12.000,578.269,616.165,-18.948,0.976,0.200
9.4390,-11.000,583.819,609.536,-12.859,5.586,0.200
9.5468,-11.000,580.261,615.177,-17.458,1.007,0.200
9.6425,-10.000,586.162,608.946,-11.392,5.591,0.200
9.7388,-10.000,582.920,614.908,-15.994,1.008,0.200
9.8455,-9.000,589.092,608.948,-9.928,5.592,0.200
9.9407,-9.000,586.082,615.138,-14.528,1.008,0.200
10.0469,-8.000,592.452,609.371,-8.460,5.592,0.200
10.1420,-7.000,595.472,607.764,-6.146,6.418,0.200
10.2456,-7.000,592.298,615.138,-11.420,1.157,0.200
10.3393,-6.000,598.983,609.924,-5.470,5.619,0.200
10.4423,-6.000,596.492,616.665,-10.087,1.013,0.200
10.5452,-5.000,603.318,611.352,-4.017,5.593,0.200
10.6378,-5.000,600.867,618.088,-8.610,1.008,0.200
10.7418,-5.000,601.853,620.745,-9.446,0.182,0.200
10.8467,-4.000,609.104,614.490,-2.693,5.443,0.200
10.9406,-4.000,606.559,620.882,-7.162,0.981,0.200
11.0446,-4.000,607.382,623.329,-7.974,0.177,0.200
11.1384,-4.000,608.619,624.872,-8.126,0.032,0.200
11.2438,-3.000,615.628,618.125,-1.248,5.416,0.200
11.3405,-3.000,612.795,624.181,-5.693,0.977,0.200
11.4447,-3.000,613.359,626.357,-6.499,0.176,0.200
11.5408,-3.000,614.373,627.671,-6.649,0.032,0.200
11.6391,-4.000,606.470,633.654,-13.592,-5.404,0.200
11.7421,-4.000,611.576,629.916,-9.170,-0.975,0.200
11.8458,-4.000,612.948,629.706,-8.379,-0.176,0.200
11.9396,-4.000,613.579,630.063,-8.242,-0.032,0.200
12.0447,-5.000,605.155,635.426,-15.136,-5.416,0.200
12.1396,-5.000,609.784,631.196,-10.706,-0.977,0.200
12.2436,-5.000,610.745,630.575,-9.915,-0.176,0.200
12.3394,-5.000,611.024,630.584,-9.780,-0.032,0.200
12.4472,-4.000,617.025,622.728,-2.852,5.404,0.200
12.5434,-4.000,613.299,627.877,-7.289,0.975,0.200
12.6379,-4.000,613.098,629.288,-8.095,0.176,0.200
12.7443,-4.000,613.460,629.953,-8.246,0.032,0.200
12.8396,-4.000,613.864,630.424,-8.280,0.006,0.200
12.9459,-3.000,620.085,622.846,-1.380,5.411,0.200
13.0428,-3.000,616.567,628.210,-5.821,0.976,0.200
13.1380,-3.000,616.547,629.800,-6.627,0.176,0.200
13.2466,-2.000,622.926,622.655,0.135,5.442,0.200
13.3438,-2.000,619.636,628.294,-4.329,0.981,0.200
13.4385,-1.000,625.688,622.138,1.775,5.587,0.200
13.5455,-0.000,628.425,620.214,4.105,6.417,0.200
13.6405,-0.000,625.010,627.319,-1.155,1.157,0.200
13.7460,1.000,630.591,620.974,4.809,5.619,0.200
13.8413,1.000,627.163,626.753,0.205,1.013,0.200
13.9368,2.000,632.296,619.720,6.288,5.593,0.200
14.0439,2.000,628.407,624.992,1.708,1.008,0.200
14.1399,3.000,633.134,617.541,7.797,5.592,0.200
14.2387,3.000,628.899,622.461,3.219,1.008,0.200
14.3448,4.000,633.331,614.711,9.310,5.592,0.200
14.4416,4.000,628.845,619.377,4.734,1.008,0.200
14.5384,4.000,628.102,620.272,3.915,0.182,0.200
14.6364,5.000,632.987,611.617,10.685,5.443,0.200
14.7410,5.000,628.433,615.967,6.233,0.981,0.200
14.8449,5.000,627.551,616.675,5.438,0.177,0.200
14.9418,5.000,627.342,616.737,5.303,0.032,0.200
15.0381,5.000,627.262,616.691,5.286,0.006,0.200
15.1445,6.000,632.175,607.771,12.202,5.411,0.200
15.2408,5.000,619.587,617.854,0.867,-4.434,0.200
15.3356,5.000,623.665,614.645,4.510,-0.800,0.200
15.4412,5.000,624.700,614.350,5.175,-0.144,0.200
15.5361,5.000,625.142,614.536,5.303,-0.026,0.200
15.6415,5.000,625.440,614.773,5.333,-0.005,0.200
15.7364,4.000,617.718,620.849,-1.565,-5.411,0.200
15.8431,4.000,622.961,617.207,2.877,-0.976,0.200
15.9417,4.000,624.449,617.080,3.685,-0.176,0.200
16.0380,4.000,586.256,606.700,3.835,-0.033,0.120
16.1434,4.000,550.465,593.564,3.869,-0.006,0.120
16.2388,4.000,516.792,578.011,3.882,-0.001,0.120
16.3438,4.000,484.934,560.387,3.890,-0.000,0.120
16.4401,4.000,454.620,541.001,3.898,-0.000,0.120
16.5361,4.000,425.621,520.116,3.906,-0.000,0.120
16.6440,5.000,400.846,491.250,8.820,3.405,0.120
16.7380,5.000,371.124,470.739,6.069,0.644,0.120
16.8429,5.000,344.452,447.072,5.556,0.122,0.120
16.9367,6.000,322.001,415.496,10.373,3.428,0.120
17.0398,6.000,319.198,418.665,7.605,0.649,0.120
17.1433,7.000,321.763,412.813,11.997,3.528,0.120
17.2377,7.000,318.861,415.921,9.150,0.667,0.120
17.3446,7.000,318.286,416.669,8.622,0.126,0.120
17.4398,8.000,321.265,410.239,13.440,3.429,0.120
17.5359,8.000,318.436,413.134,10.674,0.649,0.120
17.6413,9.000,320.979,407.047,15.071,3.528,0.120
17.7444,9.000,318.059,409.955,12.227,0.667,0.120
17.8391,10.000,320.578,403.826,16.610,3.532,0.120
17.9430,11.000,320.756,399.979,18.672,4.074,0.120
18.0371,11.000,317.371,403.245,15.390,0.771,0.120
18.1411,12.000,319.788,397.128,19.693,3.551,0.120
18.2366,12.000,316.827,399.943,16.836,0.672,0.120
18.3442,13.000,319.324,393.722,21.221,3.533,0.120
18.4393,14.000,319.486,389.794,23.289,4.074,0.120
18.5460,14.000,316.091,392.990,20.012,0.771,0.120
18.6398,15.000,318.498,386.812,24.321,3.551,0.120
18.7345,16.000,318.638,382.867,26.377,4.077,0.120
18.8409,16.000,315.233,386.038,23.101,0.771,0.120
18.9379,17.000,317.636,379.836,27.413,3.551,0.120
19.0447,18.000,317.772,375.870,29.472,4.077,0.120
19.1404,19.000,317.473,372.315,31.107,4.177,0.120
19.2364,19.000,313.978,375.534,27.756,0.790,0.120
19.3435,20.000,316.357,369.319,32.059,3.555,0.120
19.4435,21.000,316.485,365.331,34.121,4.078,0.120
19.5398,22.000,316.181,361.755,35.761,4.177,0.120
19.6364,23.000,315.791,358.246,37.323,4.196,0.120
19.7428,24.000,315.379,354.744,38.872,4.199,0.120
19.8414,24.000,311.854,357.942,35.512,0.794,0.120
19.9373,25.000,314.221,351.697,39.820,3.556,0.120
20.0438,26.000,314.343,347.680,41.891,4.078,0.120
20.1397,27.000,314.035,344.076,43.541,4.177,0.120
20.2367,28.000,313.642,340.543,45.112,4.196,0.120
20.3418,29.000,313.231,337.018,46.670,4.199,0.120
20.4378,30.000,312.758,333.546,48.170,4.200,0.120
20.5349,30.000,309.175,336.775,44.765,0.795,0.120
20.6427,31.000,311.485,330.564,49.026,3.556,0.120
20.7396,32.000,311.549,326.584,51.049,4.078,0.120
20.8350,33.000,311.184,323.021,52.648,4.177,0.120
20.9419,34.000,310.732,319.534,54.166,4.196,0.120
21.0358,34.000,307.156,322.762,50.764,0.794,0.120
21.1412,35.000,309.470,316.552,55.026,3.556,0.120
21.2374,36.000,309.536,312.574,57.049,4.078,0.120
21.3429,37.000,309.172,309.013,58.648,4.177,0.120
21.4390,38.000,308.723,305.526,60.166,4.196,0.120
21.5359,39.000,308.253,302.050,61.670,4.199,0.120
21.6434,40.000,307.777,298.573,63.170,4.200,0.120
21.7379,41.000,307.297,295.092,64.671,4.200,0.120
21.8346,41.000,303.708,298.314,61.265,0.795,0.120
21.9415,42.000,306.013,292.098,65.526,3.556,0.120
22.0377,42.000,302.967,294.818,62.643,0.673,0.120
22.1342,43.000,305.389,288.520,67.003,3.533,0.120
22.2403,44.000,305.483,284.532,69.044,4.074,0.120
22.3359,44.000,302.025,287.680,65.741,0.771,0.120
22.4430,45.000,304.373,281.467,70.022,3.551,0.120
22.5402,46.000,304.457,277.499,72.048,4.077,0.120
22.6375,47.000,304.105,273.949,73.647,4.177,0.120
22.7438,48.000,303.666,270.472,75.166,4.196,0.120
22.8406,48.000,300.100,273.709,71.764,0.794,0.120
22.9372,49.000,302.422,267.507,76.026,3.556,0.120
23.0420,50.000,302.495,263.536,78.049,4.078,0.120
23.1383,50.000,299.032,266.686,74.742,0.772,0.120
23.2341,51.000,301.379,260.473,79.022,3.551,0.120
23.3411,52.000,301.462,256.504,81.048,4.077,0.120
23.4359,53.000,301.110,252.953,82.647,4.177,0.120
23.5420,53.000,297.564,256.181,79.261,0.790,0.120
23.6368,54.000,299.894,249.981,83.526,3.555,0.120
23.7332,55.000,299.972,246.013,85.549,4.078,0.120
23.8400,56.000,299.618,242.461,87.148,4.177,0.120
23.9370,57.000,299.177,238.982,88.666,4.196,0.120
24.0423,57.000,295.609,242.218,85.264,0.794,0.120
24.1370,58.000,297.929,236.015,89.526,3.556,0.120
24.2423,59.000,298.002,232.043,91.549,4.078,0.120
24.3379,60.000,297.643,228.486,93.148,4.177,0.120
24.4335,60.000,294.093,231.709,89.761,0.790,0.120
24.5390,61.000,296.418,225.505,94.026,3.555,0.120
24.6326,61.000,293.387,228.239,91.143,0.673,0.120
24.7401,62.000,295.821,221.953,95.503,3.533,0.120
24.8349,62.000,292.820,224.680,92.639,0.668,0.120
24.9421,63.000,295.267,218.400,97.002,3.532,0.120
25.0378,63.000,292.274,221.134,94.139,0.668,0.120
25.1338,63.000,291.622,221.566,93.597,0.126,0.120
25.2385,64.000,294.532,214.870,98.400,3.429,0.120
25.3359,64.000,291.642,217.541,95.619,0.649,0.120
25.4429,65.000,294.128,211.269,99.999,3.528,0.120
25.5389,65.000,291.159,214.021,97.138,0.667,0.120
25.6368,65.000,290.525,214.469,96.597,0.126,0.120
25.7418,65.000,290.344,214.493,96.495,0.024,0.120
25.8378,66.000,293.363,207.740,101.381,3.410,0.120
25.9349,66.000,290.511,210.418,98.616,0.645,0.120
26.0415,64.000,277.703,218.278,88.282,-6.689,0.120
26.1385,64.000,284.024,213.752,93.705,-1.265,0.120
26.2323,63.000,279.707,217.194,89.826,-3.645,0.120
26.3355,61.000,271.580,222.778,82.970,-7.500,0.120
26.4393,60.000,273.475,222.321,84.146,-4.824,0.120
26.5329,59.000,273.392,224.226,83.152,-4.318,0.120
26.6395,57.000,266.957,230.410,76.843,-7.628,0.120
26.7366,56.000,269.930,230.824,78.122,-4.848,0.120
26.8428,55.000,270.695,233.537,77.148,-4.323,0.120
26.9391,55.000,277.178,233.011,80.653,-0.818,0.120
27.0340,55.000,280.373,234.879,81.316,-0.155,0.120
27.1408,55.000,282.650,236.906,81.441,-0.029,0.120
27.2354,54.000,278.398,242.417,76.560,-3.411,0.120
27.3320,54.000,283.198,241.686,79.325,-0.645,0.120
27.4353,53.000,279.346,246.597,74.943,-3.527,0.120
27.5419,53.000,284.156,245.687,77.803,-0.667,0.120
27.6369,52.000,280.249,250.509,73.439,-3.532,0.120
27.7325,51.000,278.896,253.240,71.397,-4.074,0.120
27.8376,51.000,284.285,252.023,74.700,-0.771,0.120
27.9333,50.000,280.577,256.876,70.419,-3.551,0.120
28.0391,50.000,285.443,255.984,73.299,-0.672,0.120
28.1345,49.000,281.571,260.833,68.938,-3.533,0.120
28.2404,49.000,286.351,259.884,71.802,-0.668,0.120
28.3376,49.000,288.521,260.971,72.344,-0.126,0.120
28.4349,48.000,283.902,265.958,67.541,-3.429,0.120
28.5414,48.000,288.339,264.833,70.322,-0.649,0.120
28.6371,48.000,290.273,265.715,70.848,-0.123,0.120
28.7334,48.000,291.569,266.812,70.947,-0.023,0.120
28.8399,47.000,286.500,271.516,66.061,-3.410,0.120
28.9364,46.000,284.504,273.802,63.920,-4.051,0.120
29.0316,46.000,289.411,272.140,67.204,-0.766,0.120
29.1394,45.000,285.306,276.604,62.920,-3.550,0.120
29.2362,45.000,289.837,275.378,65.799,-0.672,0.120
29.3308,44.000,285.681,279.943,61.438,-3.532,0.120
29.4387,43.000,284.114,282.458,59.397,-4.074,0.120
29.5353,43.000,289.320,281.058,62.700,-0.771,0.120
29.6312,42.000,285.457,285.756,58.419,-3.551,0.120
29.7369,41.000,284.086,288.437,56.393,-4.077,0.120
29.8315,41.000,289.448,287.188,59.699,-0.771,0.120
29.9359,40.000,285.716,292.016,55.419,-3.551,0.120
30.0309,39.000,284.456,294.808,53.393,-4.077,0.120
30.1366,38.000,283.808,297.358,51.794,-4.177,0.120
30.2319,37.000,283.397,299.986,50.275,-4.196,0.120
30.3378,36.000,283.136,302.731,48.771,-4.199,0.120
30.4333,35.000,282.991,305.588,47.271,-4.200,0.120
30.5382,34.000,282.943,308.540,45.771,-4.200,0.120
30.6333,33.000,282.978,311.575,44.271,-4.200,0.120
30.7400,32.000,283.082,314.679,42.771,-4.200,0.120
30.8346,31.000,283.246,317.843,41.271,-4.200,0.120
30.9304,30.000,283.460,321.057,39.771,-4.200,0.120
31.0382,29.000,283.772,324.260,38.325,-4.200,0.120
31.1349,28.000,284.118,327.501,36.878,-4.200,0.120
31.2321,27.000,284.493,330.775,35.428,-4.200,0.120
31.3371,26.000,284.892,334.077,33.977,-4.200,0.120
31.4322,25.000,285.312,337.403,32.524,-4.200,0.120
31.5355,24.000,285.749,340.750,31.069,-4.200,0.120
31.6384,23.000,286.201,344.115,29.612,-4.200,0.120
31.7314,22.000,286.664,347.496,28.153,-4.200,0.120
31.8342,21.000,287.137,350.891,26.693,-4.200,0.120
31.9380,21.000,293.726,350.590,30.137,-0.795,0.120
32.0343,20.000,290.974,356.285,25.914,-3.556,0.120
32.1299,19.000,290.539,359.823,23.927,-4.078,0.120
32.2368,18.000,290.593,363.007,22.362,-4.177,0.120
32.3309,17.000,290.782,366.170,20.875,-4.196,0.120
32.4348,16.000,291.033,369.368,19.401,-4.199,0.120
32.5399,16.000,297.433,368.899,22.836,-0.794,0.120
32.6364,15.000,294.521,374.453,18.603,-3.556,0.120
32.7318,14.000,293.948,377.872,16.607,-4.078,0.120
32.8385,13.000,293.882,380.956,15.032,-4.177,0.120
32.9341,13.000,300.077,380.328,18.444,-0.790,0.120
33.0294,12.000,297.000,385.735,14.201,-3.555,0.120
33.1379,12.000,302.395,385.321,17.106,-0.673,0.120
33.2348,11.000,298.973,390.578,12.767,-3.533,0.120
33.3300,10.000,298.030,393.680,10.744,-4.074,0.120
33.4358,9.000,297.662,396.483,9.159,-4.176,0.120
33.5334,8.000,297.493,399.322,7.655,-4.195,0.120
33.6297,7.000,297.437,402.247,6.164,-4.199,0.120
33.7379,6.000,297.467,405.256,4.675,-4.200,0.120
33.8350,5.000,297.568,408.339,3.184,-4.200,0.120
33.9313,4.000,297.728,411.484,1.691,-4.200,0.120
34.0381,4.000,304.046,410.976,5.104,-0.795,0.120
34.1334,3.000,301.060,416.501,0.849,-3.556,0.120
34.2302,3.000,306.527,416.191,3.737,-0.673,0.120
34.3381,2.000,303.163,421.539,-0.619,-3.533,0.120
34.4352,1.000,302.267,424.721,-2.658,-4.074,0.120
34.5317,1.000,308.044,423.888,0.647,-0.771,0.120
34.6380,-0.000,304.664,429.070,-3.634,-3.551,0.120
34.7342,-1.000,303.102,431.563,-5.662,-4.077,0.120
34.8308,-1.000,308.302,430.155,-2.358,-0.771,0.120
34.9368,-2.000,303.830,434.250,-6.641,-3.551,0.120
35.0315,-3.000,301.338,435.822,-8.673,-4.077,0.120
35.1378,-3.000,305.747,433.630,-5.373,-0.771,0.120
35.2298,-4.000,300.602,437.060,-9.660,-3.551,0.120
35.3354,-4.000,304.245,434.960,-6.788,-0.672,0.120
35.4308,-5.000,298.731,438.185,-11.158,-3.533,0.120
35.5358,-5.000,302.113,435.857,-8.303,-0.668,0.120
35.6321,-5.000,303.093,435.773,-7.771,-0.126,0.120
35.7379,-6.000,296.860,439.168,-12.585,-3.429,0.120
35.8347,-6.000,299.923,436.692,-9.816,-0.649,0.120
35.9309,-7.000,293.980,439.535,-14.208,-3.528,0.120
36.0386,-7.000,297.010,436.869,-11.361,-0.667,0.120
36.1341,-7.000,297.693,436.496,-10.833,-0.126,0.120
36.2283,-8.000,291.207,439.646,-15.651,-3.429,0.120
36.3355,-8.000,294.054,436.962,-12.885,-0.649,0.120
36.4287,-9.000,287.927,439.628,-17.281,-3.528,0.120
36.5326,-9.000,290.800,436.813,-14.437,-0.667,0.120
36.6376,-9.000,291.349,436.314,-13.913,-0.126,0.120
36.7335,-10.000,284.749,439.357,-18.735,-3.429,0.120
36.8386,-10.000,287.498,436.583,-15.973,-0.649,0.120
36.9346,-10.000,287.995,436.065,-15.466,-0.123,0.120
37.0308,-11.000,281.360,439.083,-20.292,-3.429,0.120
37.1370,-11.000,284.082,436.286,-17.533,-0.649,0.120
37.2322,-11.000,284.556,435.749,-17.028,-0.123,0.120
37.3293,-11.000,284.607,435.643,-16.949,-0.023,0.120
37.4369,-12.000,277.875,438.729,-21.858,-3.410,0.120
37.5319,-12.000,280.568,435.938,-19.116,-0.645,0.120
37.6276,-12.000,281.027,435.395,-18.615,-0.122,0.120
37.7334,-12.000,281.067,435.283,-18.539,-0.023,0.120
37.8373,-12.000,281.033,435.256,-18.542,-0.004,0.120
37.9302,-13.000,274.281,438.357,-23.469,-3.406,0.120
38.0342,-13.000,276.966,435.567,-20.731,-0.644,0.120
38.1382,-13.000,277.420,435.025,-20.233,-0.122,0.120
38.2346,-13.000,277.457,434.913,-20.159,-0.023,0.120
38.3279,-14.000,270.712,437.994,-25.072,-3.410,0.120
38.4343,-14.000,273.394,435.198,-22.333,-0.645,0.120
38.5299,-14.000,273.842,434.653,-21.836,-0.122,0.120
38.6369,-14.000,273.873,434.539,-21.764,-0.023,0.120
38.7335,-14.000,273.831,434.511,-21.771,-0.004,0.120
38.8289,-14.000,273.778,434.504,-21.794,-0.001,0.120
38.9379,-14.000,273.727,434.504,-21.820,-0.000,0.120
39.0324,-14.000,273.680,434.509,-21.846,-0.000,0.120
39.1361,-15.000,266.928,437.624,-26.779,-3.405,0.120
39.2318,-15.000,269.615,434.846,-24.046,-0.644,0.120
39.3361,-15.000,270.071,434.313,-23.552,-0.122,0.120
39.4321,-15.000,270.108,434.209,-23.481,-0.023,0.120
39.5279,-15.000,270.071,434.190,-23.491,-0.004,0.120
39.6334,-15.000,270.023,434.191,-23.515,-0.001,0.120
39.7275,-15.000,269.975,434.198,-23.543,-0.000,0.120
39.8305,-15.000,269.930,434.209,-23.571,-0.000,0.120
39.9344,-15.000,269.887,434.223,-23.599,-0.000,0.120
40.0284,-15.000,269.847,434.238,-23.627,-0.000,0.120
40.1309,-15.000,269.808,434.256,-23.655,-0.000,0.120
40.2354,-15.000,269.771,434.275,-23.683,-0.000,0.120
40.3290,-15.000,269.735,434.296,-23.711,-0.000,0.120
40.4330,-15.000,269.700,434.317,-23.739,-0.000,0.120
40.5278,-15.000,269.667,434.340,-23.768,-0.000,0.120
40.6326,-15.000,269.634,434.363,-23.796,-0.000,0.120
40.7277,-15.000,269.602,434.388,-23.824,-0.000,0.120
40.8361,-15.000,269.570,434.412,-23.852,-0.000,0.120
40.9327,-15.000,269.539,434.438,-23.880,-0.000,0.120
41.0281,-15.000,269.509,434.463,-23.908,-0.000,0.120
41.1330,-15.000,269.479,434.489,-23.936,-0.000,0.120
41.2286,-15.000,269.449,434.516,-23.964,-0.000,0.120
41.3345,-15.000,269.419,434.542,-23.992,-0.000,0.120
41.4280,-15.000,269.390,434.569,-24.021,-0.000,0.120
41.5325,-15.000,269.361,434.596,-24.049,-0.000,0.120
41.6286,-15.000,269.331,434.623,-24.077,-0.000,0.120
41.7344,-15.000,269.303,434.651,-24.105,-0.000,0.120
41.8319,-15.000,269.274,434.678,-24.133,-0.000,0.120
41.9283,-15.000,269.245,434.706,-24.161,-0.000,0.120
42.0366,-15.000,269.216,434.733,-24.189,-0.000,0.120
42.1332,-15.000,269.188,434.761,-24.217,-0.000,0.120
42.2291,-14.000,272.867,428.682,-19.338,3.405,0.120
42.3349,-14.000,270.559,431.949,-22.126,0.644,0.120
42.4319,-14.000,270.418,432.905,-22.674,0.122,0.120
42.5274,-13.000,274.347,427.269,-17.892,3.428,0.120
42.6331,-13.000,272.317,430.848,-20.696,0.649,0.120
42.7291,-13.000,272.425,432.057,-21.247,0.123,0.120
42.8350,-12.000,276.569,426.633,-16.463,3.429,0.120
42.9313,-12.000,274.722,430.391,-19.266,0.649,0.120
43.0259,-11.000,278.693,425.645,-14.907,3.528,0.120
43.1306,-11.000,276.982,429.697,-17.788,0.667,0.120
43.2375,-10.000,281.123,425.146,-13.443,3.532,0.120
43.3329,-10.000,279.566,429.354,-16.325,0.668,0.120
43.4300,-9.000,283.840,424.934,-11.978,3.532,0.120
43.5256,-9.000,282.397,429.252,-14.859,0.668,0.120
43.6310,-8.000,286.768,424.926,-10.510,3.532,0.120
43.7272,-8.000,285.408,429.323,-13.389,0.668,0.120
43.8358,-7.000,289.849,425.064,-9.038,3.532,0.120
43.9319,-7.000,288.550,429.518,-11.915,0.668,0.120
44.0277,-6.000,293.043,425.306,-7.563,3.532,0.120
44.1366,-5.000,295.495,423.694,-5.530,4.074,0.120
44.2319,-5.000,294.039,428.862,-8.842,0.771,0.120
44.3280,-4.000,298.691,424.968,-4.569,3.551,0.120
44.4341,-3.000,301.333,423.569,-2.549,4.077,0.120
44.5292,-2.000,303.757,422.801,-0.953,4.177,0.120
44.6268,-1.000,306.278,422.288,0.564,4.196,0.120
44.7318,-1.000,305.227,428.045,-2.840,0.794,0.120
44.8288,-0.000,310.289,424.584,1.422,3.556,0.120
44.9264,1.000,312.694,422.940,3.446,4.078,0.120
45.0323,2.000,314.320,421.361,5.049,4.177,0.120
45.1287,3.000,315.564,419.556,6.573,4.196,0.120
45.2257,4.000,316.537,417.507,8.084,4.199,0.120
45.3332,4.000,314.182,421.947,4.687,0.794,0.120
45.4293,5.000,317.539,416.762,8.958,3.556,0.120
45.5266,6.000,318.496,413.652,10.991,4.078,0.120
45.6339,7.000,318.893,410.824,12.603,4.177,0.120
45.7312,8.000,319.093,407.958,14.137,4.196,0.120
45.8262,8.000,316.074,411.712,10.750,0.794,0.120
45.9312,9.000,318.864,405.945,15.029,3.556,0.120
46.0290,10.000,319.341,402.339,17.070,4.078,0.120
46.1338,11.000,319.330,399.089,18.689,4.177,0.120
46.2295,12.000,319.186,395.862,20.231,4.196,0.120
46.3255,12.000,315.873,399.309,16.851,0.794,0.120
46.4322,13.000,318.417,393.280,21.137,3.556,0.120
46.5287,14.000,318.684,389.450,23.186,4.078,0.120
46.6370,14.000,315.390,392.716,19.906,0.772,0.120
46.7329,15.000,317.885,386.596,24.214,3.551,0.120
46.8281,16.000,318.101,382.700,26.270,4.077,0.120
46.9247,17.000,317.868,379.204,27.901,4.177,0.120
47.0304,18.000,317.536,375.767,29.454,4.196,0.120
47.1372,19.000,317.173,372.326,30.993,4.199,0.120
47.2330,19.000,313.688,375.578,27.624,0.794,0.120
47.3282,20.000,316.087,369.380,31.923,3.556,0.120
47.4342,21.000,316.235,365.404,33.984,4.078,0.120
47.5302,21.000,312.841,368.544,30.717,0.772,0.120
47.6261,22.000,315.254,362.315,35.038,3.551,0.120
47.7322,23.000,315.401,358.324,37.107,4.077,0.120
47.8290,24.000,315.112,354.746,38.752,4.177,0.120
47.9263,24.000,311.627,357.944,35.410,0.790,0.120
48.0335,25.000,314.016,351.711,39.722,3.555,0.120
48.1303,26.000,314.154,347.705,41.794,4.078,0.120
48.2267,27.000,313.860,344.112,43.443,4.177,0.120
48.3328,27.000,310.372,347.296,40.107,0.790,0.120
48.4287,28.000,312.760,341.050,44.424,3.555,0.120
48.5243,29.000,312.898,337.032,46.502,4.078,0.120
48.6317,29.000,309.497,340.135,43.250,0.772,0.120
48.7286,30.000,311.850,333.929,47.529,3.551,0.120
48.8253,31.000,311.938,329.965,49.555,4.077,0.120
48.9317,31.000,308.485,333.124,46.250,0.771,0.120
49.0273,32.000,310.840,326.920,50.529,3.551,0.120
49.1264,32.000,307.825,329.663,47.650,0.672,0.120
49.2311,32.000,307.164,330.092,47.105,0.127,0.120
49.3263,33.000,310.068,323.391,51.908,3.429,0.120
49.4336,33.000,307.174,326.058,49.127,0.649,0.120
49.5291,34.000,309.657,319.782,53.506,3.528,0.120
49.6334,34.000,306.684,322.531,50.646,0.667,0.120
49.7290,34.000,306.047,322.977,50.104,0.126,0.120
49.8249,34.000,305.864,322.998,50.002,0.024,0.120
49.9311,34.000,305.776,322.949,49.983,0.005,0.120
50.0274,34.000,305.714,322.894,49.979,0.001,0.120
50.1331,35.000,308.769,316.139,54.884,3.406,0.120
50.2281,35.000,305.935,318.828,52.122,0.644,0.120
50.3246,35.000,305.351,319.289,51.600,0.122,0.120
50.4299,35.000,305.200,319.336,51.501,0.023,0.120
50.5255,35.000,305.137,319.310,51.482,0.004,0.120
50.6327,35.000,305.096,319.276,51.479,0.001,0.120
50.7269,35.000,305.063,319.245,51.478,0.000,0.120
50.8325,35.000,305.036,319.218,51.478,0.000,0.120
50.9285,35.000,305.013,319.194,51.478,0.000,0.120
51.0251,35.000,304.993,319.175,51.478,0.000,0.120
51.1312,35.000,304.976,319.158,51.478,0.000,0.120
51.2270,35.000,304.962,319.144,51.478,0.000,0.120
51.3251,35.000,304.950,319.132,51.478,0.000,0.120
51.4328,35.000,304.939,319.121,51.478,0.000,0.120
51.5281,35.000,304.931,319.113,51.478,0.000,0.120
51.6238,34.000,298.818,322.811,46.573,-3.405,0.120
51.7302,34.000,302.053,320.523,49.334,-0.644,0.120
51.8261,34.000,302.978,320.403,49.856,-0.122,0.120
51.9318,34.000,303.419,320.647,49.955,-0.023,0.120
52.0274,34.000,303.728,320.919,49.974,-0.004,0.120
52.1232,34.000,303.979,321.163,49.977,-0.001,0.120
52.2310,34.000,304.190,321.372,49.978,-0.000,0.120
52.3254,34.000,304.369,321.551,49.978,-0.000,0.120
52.4305,34.000,304.521,321.703,49.978,-0.000,0.120
52.5255,34.000,304.650,321.832,49.978,-0.000,0.120
52.6317,34.000,304.760,321.941,49.978,-0.000,0.120
52.7251,34.000,304.853,322.035,49.978,-0.000,0.120
52.8326,34.000,304.932,322.114,49.978,-0.000,0.120
52.9287,35.000,308.105,315.476,54.884,3.405,0.120
53.0244,35.000,305.371,318.264,52.122,0.644,0.120
53.1300,35.000,304.872,318.810,51.600,0.122,0.120
53.2250,35.000,304.793,318.928,51.501,0.023,0.120
53.3309,35.000,304.791,318.964,51.482,0.004,0.120
53.4264,35.000,304.801,318.982,51.479,0.001,0.120
53.5226,35.000,304.813,318.994,51.478,0.000,0.120
53.6282,35.000,304.823,319.005,51.478,0.000,0.120
53.7256,35.000,304.832,319.014,51.478,0.000,0.120
53.8320,35.000,304.839,319.021,51.478,0.000,0.120
53.9267,35.000,304.845,319.027,51.478,0.000,0.120
54.0232,35.000,304.851,319.033,51.478,0.000,0.120
54.1305,35.000,304.855,319.037,51.478,0.000,0.120
54.2268,35.000,304.859,319.041,51.478,0.000,0.120
54.3229,35.000,304.863,319.044,51.478,0.000,0.120
54.4289,35.000,304.865,319.047,51.478,0.000,0.120
54.5268,35.000,304.868,319.050,51.478,0.000,0.120
54.6225,35.000,304.870,319.052,51.478,0.000,0.120
54.7307,35.000,304.871,319.053,51.478,0.000,0.120
54.8273,34.000,298.768,322.760,46.573,-3.405,0.120
54.9248,34.000,302.010,320.480,49.334,-0.644,0.120
55.0308,33.000,296.836,324.072,44.951,-3.527,0.120
55.1278,33.000,300.524,322.040,47.811,-0.667,0.120
55.2225,33.000,301.768,322.203,48.352,-0.126,0.120
55.3272,32.000,296.363,326.404,43.549,-3.429,0.120
55.4246,32.000,300.132,324.611,46.329,-0.649,0.120
55.5311,31.000,295.393,328.631,41.950,-3.528,0.120
55.6262,31.000,299.447,326.964,44.811,-0.667,0.120
55.7216,31.000,301.004,327.438,45.352,-0.126,0.120
55.8302,30.000,295.863,331.904,40.549,-3.429,0.120
55.9252,29.000,293.806,333.988,38.478,-4.054,0.120
56.0229,29.000,298.659,332.157,41.820,-0.767,0.120
56.1290,29.000,300.620,332.766,42.496,-0.145,0.120
56.2236,29.000,301.884,333.686,42.668,-0.027,0.120
56.3309,28.000,296.781,338.244,37.838,-3.411,0.120
56.4256,28.000,300.868,336.695,40.655,-0.645,0.120
56.5309,27.000,296.415,340.906,36.324,-3.527,0.120
56.6265,27.000,300.723,339.392,39.235,-0.667,0.120
56.7232,27.000,302.502,339.987,39.826,-0.126,0.120
56.8268,27.000,303.664,340.843,39.979,-0.024,0.120
56.9307,27.000,304.591,341.631,40.049,-0.005,0.120
57.0245,27.000,305.375,342.306,40.104,-0.001,0.120
57.1294,26.000,299.939,346.582,35.248,-3.406,0.120
57.2244,26.000,303.756,344.778,38.058,-0.644,0.120
57.3294,26.000,305.182,345.063,38.629,-0.122,0.120
57.4233,26.000,306.057,345.643,38.776,-0.023,0.120
57.5272,25.000,300.636,349.901,33.936,-3.410,0.120
57.6210,25.000,304.453,348.095,36.748,-0.645,0.120
57.7272,25.000,305.878,348.380,37.318,-0.122,0.120
57.8208,25.000,306.750,348.961,37.464,-0.023,0.120
57.9257,25.000,307.433,349.513,37.529,-0.004,0.120
58.0213,24.000,301.901,353.694,32.673,-3.406,0.120
58.1283,24.000,305.634,351.814,35.479,-0.644,0.120
58.2253,24.000,306.989,352.033,36.047,-0.122,0.120
58.3209,24.000,307.802,352.559,36.191,-0.023,0.120
58.4279,24.000,308.434,353.064,36.254,-0.004,0.120
58.5230,24.000,308.966,353.499,36.303,-0.001,0.120
58.6294,24.000,309.423,353.864,36.349,-0.000,0.120
58.7266,23.000,303.710,357.875,31.486,-3.405,0.120
58.8255,23.000,307.291,355.848,34.291,-0.644,0.120
58.9216,23.000,308.517,355.943,34.856,-0.122,0.120
59.0276,23.000,309.221,356.362,34.998,-0.023,0.120
59.1234,22.000,303.652,360.485,30.153,-3.410,0.120
59.2294,22.000,307.344,358.564,32.959,-0.645,0.120
59.3241,21.000,302.553,362.460,28.616,-3.527,0.120
59.4299,21.000,306.573,360.681,31.515,-0.667,0.120
59.5253,20.000,301.998,364.759,27.188,-3.532,0.120
59.6205,20.000,306.188,363.147,30.089,-0.668,0.120
59.7260,19.000,301.755,367.371,25.761,-3.532,0.120
59.8220,18.000,299.959,369.590,23.753,-4.074,0.120
59.9280,18.000,304.975,367.933,27.090,-0.771,0.120
60.0236,17.000,300.954,372.410,22.841,-3.551,0.120
60.1297,17.000,305.559,371.192,25.753,-0.672,0.120
60.2254,17.000,307.575,372.055,26.329,-0.127,0.120
60.3217,18.000,312.041,366.436,31.371,3.381,0.120
60.4268,18.000,310.343,370.154,28.663,0.640,0.120
60.5218,18.000,310.717,371.498,28.179,0.121,0.120
60.6277,18.000,311.382,372.292,28.114,0.023,0.120
60.7237,20.000,318.232,359.482,37.944,6.815,0.120
60.8210,20.000,313.211,365.438,32.456,1.289,0.120
60.9272,20.000,312.600,366.843,31.448,0.244,0.120
61.0227,21.000,315.885,360.634,36.195,3.452,0.120
61.1288,21.000,313.383,363.650,33.435,0.653,0.120
61.2265,21.000,313.111,364.358,32.945,0.124,0.120
61.3222,22.000,316.343,357.897,37.792,3.429,0.120
61.4303,22.000,313.732,360.764,35.053,0.649,0.120
61.5259,22.000,313.356,361.357,34.568,0.123,0.120
61.6208,22.000,313.390,361.508,34.510,0.023,0.120
61.7255,22.000,313.491,361.564,34.533,0.004,0.120
61.8201,22.000,313.595,361.593,34.570,0.001,0.120
61.9261,22.000,313.693,361.609,34.611,0.000,0.120
62.0210,22.000,313.782,361.616,34.652,0.000,0.120
62.1276,21.000,307.757,365.323,29.786,-3.405,0.120
62.2235,22.000,314.179,356.330,37.494,2.761,0.120
62.3200,21.000,306.282,362.643,30.389,-2.883,0.120
62.4269,22.000,312.593,354.385,37.673,2.860,0.120
62.5249,21.000,304.881,361.042,30.488,-2.864,0.120
62.6198,21.000,308.294,359.732,32.850,-0.542,0.120
62.7246,21.000,309.667,360.147,33.329,-0.103,0.120
62.8203,21.000,310.549,360.785,33.451,-0.019,0.120
62.9264,22.000,314.357,354.668,38.414,3.402,0.120
63.0217,22.000,312.159,357.904,35.697,0.644,0.120
63.1284,22.000,312.120,358.826,35.216,0.122,0.120
63.2235,22.000,312.437,359.258,35.159,0.023,0.120
63.3225,22.000,312.778,359.554,35.181,0.004,0.120
63.4287,23.000,316.194,353.080,40.126,3.406,0.120
63.5225,24.000,316.783,349.292,42.315,4.050,0.120
63.6261,24.000,313.685,352.670,39.076,0.766,0.120
63.7234,25.000,316.335,346.659,43.407,3.550,0.120
63.8197,25.000,313.574,349.562,40.575,0.672,0.120
63.9253,26.000,316.245,343.413,44.985,3.532,0.120
64.0205,26.000,313.451,346.250,42.170,0.668,0.120
64.1257,27.000,316.083,340.054,46.584,3.532,0.120
64.2207,27.000,313.256,342.852,43.771,0.668,0.120
64.3284,27.000,312.752,343.331,43.280,0.126,0.120
64.4230,28.000,315.797,336.665,48.135,3.429,0.120
64.5278,28.000,313.030,339.355,45.407,0.649,0.120
64.6255,28.000,312.524,339.795,44.933,0.123,0.120
64.7200,28.000,312.449,339.814,44.886,0.023,0.120
64.8251,28.000,312.458,339.757,44.920,0.004,0.120
64.9220,28.000,312.487,339.687,44.969,0.001,0.120
65.0204,28.000,312.522,339.618,45.021,0.000,0.120
65.1264,28.000,312.559,339.551,45.073,0.000,0.120
65.2222,28.000,312.599,339.486,45.126,0.000,0.120
65.3181,27.000,306.534,343.130,40.271,-3.405,0.120
65.4258,27.000,309.817,340.790,43.083,-0.644,0.120
65.5210,27.000,310.790,340.617,43.656,-0.122,0.120
65.6268,26.000,305.173,344.515,38.898,-3.428,0.120
65.7191,26.000,308.770,342.456,41.726,-0.649,0.120
65.8253,26.000,309.999,342.535,42.301,-0.123,0.120
65.9209,25.000,304.596,346.650,37.542,-3.429,0.120
66.0184,25.000,308.375,344.775,40.369,-0.649,0.120
66.1250,25.000,309.757,345.012,40.942,-0.123,0.120
66.2221,25.000,310.592,345.554,41.088,-0.023,0.120
66.3190,24.000,305.135,349.780,36.246,-3.410,0.120
66.4234,24.000,308.922,347.948,39.056,-0.645,0.120
66.5262,24.000,310.321,348.210,39.624,-0.122,0.120
66.6199,24.000,311.171,348.772,39.768,-0.023,0.120
66.7269,24.000,311.834,349.309,39.832,-0.004,0.120
66.8228,24.000,312.393,349.770,39.880,-0.001,0.120
66.9194,24.000,312.872,350.158,39.926,-0.000,0.120
67.0250,24.000,313.286,350.482,39.971,-0.000,0.120
67.1227,25.000,316.752,344.043,44.924,3.405,0.120
67.2267,25.000,314.274,346.993,42.209,0.644,0.120
67.3224,25.000,313.999,347.669,41.734,0.122,0.120
67.4264,25.000,314.118,347.892,41.682,0.023,0.120
67.5193,25.000,314.291,348.009,41.710,0.004,0.120
67.6232,25.000,314.458,348.089,41.753,0.001,0.120
67.7181,25.000,314.609,348.148,41.800,0.000,0.120
67.8219,25.000,314.744,348.190,41.846,0.000,0.120
67.9259,24.000,308.760,351.926,36.986,-3.405,0.120
68.0196,24.000,312.110,349.664,39.792,-0.644,0.120
68.1237,24.000,313.140,349.560,40.359,-0.122,0.120
68.2205,24.000,313.678,349.809,40.503,-0.023,0.120
68.3169,24.000,314.076,350.080,40.567,-0.004,0.120
68.4234,23.000,308.301,354.023,35.708,-3.406,0.120
68.5200,23.000,311.827,351.939,38.513,-0.644,0.120
68.6260,23.000,313.006,351.987,39.079,-0.122,0.120
68.7221,22.000,307.562,356.074,34.313,-3.428,0.120
68.8175,22.000,311.307,354.176,37.134,-0.649,0.120
68.9234,22.000,312.658,354.393,37.702,-0.123,0.120
69.0207,21.000,307.359,358.627,32.935,-3.429,0.120
69.1246,21.000,311.225,356.854,35.754,-0.649,0.120
69.2193,21.000,312.680,357.179,36.320,-0.123,0.120
69.3260,20.000,307.468,361.504,31.551,-3.429,0.120
69.4222,20.000,311.409,359.809,34.369,-0.649,0.120
69.5190,20.000,312.927,360.200,34.932,-0.123,0.120
69.6255,20.000,313.875,360.874,35.069,-0.023,0.120
69.7211,20.000,314.621,361.508,35.126,-0.004,0.120
69.8193,20.000,315.248,362.053,35.167,-0.001,0.120
69.9173,21.000,318.892,355.806,40.112,3.405,0.120
70.0241,21.000,316.564,358.921,37.390,0.644,0.120
70.1218,21.000,316.415,359.738,36.908,0.122,0.120
70.2180,21.000,316.640,360.082,36.848,0.023,0.120
70.3258,21.000,316.902,360.303,36.869,0.004,0.120
70.4223,21.000,317.144,360.473,36.905,0.001,0.120
70.5166,22.000,320.464,353.901,41.851,3.406,0.120
70.6228,22.000,317.863,356.740,39.131,0.644,0.120
70.7183,22.000,317.482,357.322,38.649,0.122,0.120
70.8260,22.000,317.510,357.465,38.592,0.023,0.120
70.9212,22.000,317.605,357.515,38.614,0.004,0.120
71.0167,23.000,320.812,350.832,43.559,3.406,0.120
71.1227,23.000,318.116,353.573,40.841,0.644,0.120
71.2196,23.000,317.656,354.071,40.361,0.122,0.120
71.3262,23.000,317.616,354.143,40.306,0.023,0.120
71.4240,23.000,317.655,354.133,40.330,0.004,0.120
71.5184,22.000,311.599,357.812,35.462,-3.405,0.120
71.6265,22.000,314.890,355.501,38.264,-0.644,0.120
71.7193,22.000,315.870,355.354,38.828,-0.122,0.120
71.8221,22.000,316.365,355.568,38.968,-0.023,0.120
71.9157,22.000,316.725,355.809,39.028,-0.004,0.120
72.0186,22.000,317.026,356.020,39.072,-0.001,0.120
72.1218,22.000,317.285,356.195,39.114,-0.000,0.120
72.2247,22.000,317.511,356.338,39.156,-0.000,0.120
72.3176,21.000,311.603,360.162,34.290,-3.405,0.120
72.4216,21.000,315.017,357.975,37.090,-0.644,0.120
72.5168,21.000,316.100,357.934,37.652,-0.122,0.120
72.6220,20.000,310.574,361.947,32.883,-3.428,0.120
72.7178,20.000,314.248,359.986,35.700,-0.649,0.120
72.8212,19.000,309.433,363.858,31.356,-3.528,0.120
72.9163,19.000,313.428,362.061,34.253,-0.667,0.120
73.0229,18.000,308.832,366.126,29.922,-3.532,0.120
73.1195,18.000,313.003,364.502,32.819,-0.668,0.120
73.2231,18.000,314.661,365.010,33.395,-0.126,0.120
73.3177,18.000,315.718,365.794,33.531,-0.024,0.120
73.4227,17.000,310.446,370.231,28.677,-3.410,0.120
73.5187,17.000,314.388,368.579,31.474,-0.645,0.120
73.6242,17.000,315.916,368.997,32.029,-0.122,0.120
73.7201,17.000,316.874,369.694,32.159,-0.023,0.120
73.8168,16.000,311.521,374.054,27.303,-3.410,0.120
73.9216,16.000,315.393,372.337,30.097,-0.645,0.120
74.0159,16.000,316.863,372.700,30.650,-0.122,0.120
74.1236,15.000,311.663,377.057,25.872,-3.428,0.120
74.2215,15.000,315.613,375.391,28.680,-0.649,0.120
74.3165,15.000,317.137,375.807,29.234,-0.123,0.120
74.4235,14.000,311.983,380.212,24.455,-3.429,0.120
74.5179,14.000,315.970,378.587,27.261,-0.649,0.120
74.6259,14.000,317.526,379.039,27.813,-0.123,0.120
74.7209,13.000,312.398,383.474,23.031,-3.429,0.120
74.8168,13.000,316.408,381.875,25.836,-0.649,0.120
74.9226,13.000,317.983,382.349,26.386,-0.123,0.120
75.0180,13.000,318.978,383.096,26.510,-0.023,0.120
75.1263,13.000,319.761,383.793,26.553,-0.004,0.120
75.2214,13.000,320.418,384.395,26.581,-0.001,0.120
75.3180,13.000,320.978,384.904,26.606,-0.000,0.120
75.4235,13.000,321.457,385.334,26.631,-0.000,0.120
75.5165,13.000,321.868,385.696,26.655,-0.000,0.120
75.6257,13.000,322.221,386.001,26.679,-0.000,0.120
75.7209,13.000,322.525,386.255,26.704,-0.000,0.120
75.8164,14.000,325.894,379.761,31.635,3.405,0.120
75.9226,14.000,323.331,382.668,28.901,0.644,0.120
76.0177,14.000,322.980,383.310,28.404,0.122,0.120
76.1147,14.000,323.032,383.506,28.332,0.023,0.120
76.2227,14.000,323.145,383.604,28.339,0.004,0.120
76.3174,14.000,323.257,383.671,28.362,0.001,0.120
76.4238,14.000,323.359,383.722,28.388,0.000,0.120
76.5189,15.000,326.557,377.053,33.321,3.405,0.120
76.6257,15.000,323.849,379.811,30.588,0.644,0.120
76.7209,15.000,323.376,380.327,30.094,0.122,0.120
76.8161,15.000,323.324,380.416,30.023,0.023,0.120
76.9222,15.000,323.348,380.422,30.032,0.004,0.120
77.0177,15.000,323.386,380.410,30.057,0.001,0.120
77.1162,15.000,323.425,380.394,30.085,0.000,0.120
77.2141,15.000,323.462,380.375,30.113,0.000,0.120
77.3209,15.000,323.498,380.355,30.141,0.000,0.120
77.4168,15.000,323.533,380.334,30.169,0.000,0.120
77.5142,15.000,323.567,380.312,30.197,0.000,0.120
77.6209,15.000,323.600,380.288,30.225,0.000,0.120
77.7142,15.000,323.632,380.264,30.253,0.000,0.120
77.8179,15.000,323.664,380.240,30.281,0.000,0.120
77.9137,15.000,323.695,380.215,30.309,0.000,0.120
78.0192,15.000,323.726,380.189,30.338,0.000,0.120
78.1174,15.000,323.756,380.163,30.366,0.000,0.120
78.2227,15.000,323.786,380.137,30.394,0.000,0.120
78.3186,15.000,323.816,380.110,30.422,0.000,0.120
78.4140,15.000,323.846,380.084,30.450,0.000,0.120
78.5218,16.000,326.982,373.349,35.385,3.405,0.120
78.6180,16.000,324.222,376.051,32.654,0.644,0.120
78.7134,16.000,323.705,376.519,32.162,0.122,0.120
78.8197,16.000,323.615,376.567,32.093,0.023,0.120
78.9152,16.000,323.609,376.538,32.104,0.004,0.120
79.0220,16.000,323.620,376.496,32.131,0.001,0.120
79.1181,16.000,323.636,376.454,32.160,0.000,0.120
79.2139,17.000,326.762,369.706,37.097,3.405,0.120
79.3206,17.000,323.994,372.396,34.368,0.644,0.120
79.4175,17.000,323.470,372.853,33.878,0.122,0.120
79.5229,17.000,323.375,372.892,33.811,0.023,0.120
79.6177,17.000,323.364,372.854,33.824,0.004,0.120
79.7135,17.000,323.371,372.805,33.852,0.001,0.120
79.8204,17.000,323.385,372.757,33.883,0.000,0.120
79.9162,17.000,323.402,372.710,33.915,0.000,0.120
80.0128,17.000,323.421,372.666,33.947,0.000,0.120
80.1191,17.000,323.443,372.623,33.979,0.000,0.120
80.2147,17.000,323.465,372.582,34.011,0.000,0.120
80.3135,17.000,323.489,372.543,34.043,0.000,0.120
80.4210,18.000,326.622,365.797,38.982,3.405,0.120
80.5145,18.000,323.859,368.489,36.254,0.644,0.120
80.6206,18.000,323.340,368.947,35.766,0.122,0.120
80.7161,18.000,323.249,368.986,35.701,0.023,0.120
80.8128,18.000,323.243,368.949,35.716,0.004,0.120
80.9209,18.000,323.254,368.901,35.746,0.001,0.120
81.0160,18.000,323.272,368.852,35.779,0.000,0.120
81.1216,18.000,323.292,368.805,35.813,0.000,0.120
81.2196,18.000,323.314,368.760,35.846,0.000,0.120
81.3136,18.000,323.338,368.716,35.880,0.000,0.120
81.4183,18.000,323.364,368.674,35.914,0.000,0.120
81.5130,18.000,323.390,368.633,35.948,0.000,0.120
81.6196,18.000,323.418,368.594,35.981,0.000,0.120
81.7168,18.000,323.447,368.555,36.015,0.000,0.120
81.8126,18.000,323.476,368.517,36.049,0.000,0.120
81.9201,18.000,323.506,368.479,36.083,0.000,0.120
82.0179,18.000,323.537,368.443,36.116,0.000,0.120
82.1154,18.000,323.568,368.406,36.150,0.000,0.120
82.2213,17.000,317.492,372.078,31.276,-3.405,0.120
82.3194,17.000,320.763,369.763,34.069,-0.644,0.120
82.4144,17.000,321.724,369.615,34.624,-0.122,0.120
82.5198,17.000,322.200,369.829,34.754,-0.023,0.120
82.6151,17.000,322.544,370.072,34.805,-0.004,0.120
82.7212,17.000,322.829,370.287,34.840,-0.001,0.120
82.8169,17.000,323.074,370.466,34.873,-0.000,0.120
82.9129,17.000,323.286,370.615,34.905,-0.000,0.120
83.0183,16.000,317.364,374.443,30.030,-3.405,0.120
83.1138,16.000,320.766,372.262,32.821,-0.644,0.120
83.2137,16.000,321.837,372.229,33.373,-0.122,0.120
83.3119,16.000,322.406,372.541,33.502,-0.023,0.120
83.4184,15.000,316.723,376.574,28.643,-3.410,0.120
83.5149,15.000,320.314,374.580,31.436,-0.645,0.120
83.6229,14.000,315.437,378.415,27.080,-3.527,0.120
83.7200,14.000,319.380,376.585,29.966,-0.667,0.120
83.8160,13.000,314.739,380.624,25.626,-3.532,0.120
83.9124,12.000,312.763,382.687,23.607,-4.074,0.120
84.0121,12.000,317.625,380.899,26.932,-0.771,0.120
84.1177,11.000,313.472,385.265,22.673,-3.551,0.120
84.2153,10.000,311.855,387.663,20.665,-4.077,0.120
84.3206,10.000,317.012,386.170,23.990,-0.771,0.120
84.4164,9.000,313.106,390.790,19.727,-3.551,0.120
84.5129,9.000,317.806,389.698,22.623,-0.672,0.120
84.6210,8.000,313.793,394.376,18.277,-3.533,0.120
84.7163,8.000,318.456,393.280,21.157,-0.668,0.120
84.8133,7.000,314.421,397.946,16.806,-3.532,0.120
84.9198,7.000,319.066,396.838,19.683,-0.668,0.120
85.0156,7.000,321.124,397.786,20.238,-0.126,0.120
85.1121,6.000,316.410,402.655,15.446,-3.429,0.120
85.2174,6.000,320.767,401.429,18.238,-0.649,0.120
85.3165,6.000,322.636,402.223,18.775,-0.123,0.120
85.4124,6.000,323.878,403.244,18.886,-0.023,0.120
85.5166,6.000,324.870,404.175,18.916,-0.004,0.120
85.6120,5.000,319.595,408.685,14.024,-3.406,0.120
85.7165,5.000,323.541,407.089,16.795,-0.644,0.120
85.8193,5.000,325.071,407.556,17.327,-0.122,0.120
85.9120,5.000,326.028,408.296,17.435,-0.023,0.120
86.0140,5.000,326.778,408.990,17.463,-0.004,0.120
86.1168,4.000,321.297,413.297,12.569,-3.406,0.120
86.2110,4.000,325.067,411.529,15.338,-0.644,0.120
86.3146,4.000,326.448,411.850,15.868,-0.122,0.120
86.4203,3.000,321.171,416.175,11.067,-3.428,0.120
86.5179,3.000,325.051,414.484,13.853,-0.649,0.120
86.6143,3.000,326.513,414.883,14.384,-0.123,0.120
86.7201,3.000,327.410,415.569,14.489,-0.023,0.120
86.8180,3.000,328.107,416.217,14.514,-0.004,0.120
86.9139,3.000,328.687,416.780,14.523,-0.001,0.120
87.0198,3.000,329.179,417.259,14.529,-0.000,0.120
87.1159,3.000,329.598,417.666,14.535,-0.000,0.120
87.2113,3.000,329.955,418.012,14.541,-0.000,0.120
87.3186,2.000,324.151,422.012,9.639,-3.405,0.120
87.4159,2.000,327.650,419.980,12.404,-0.644,0.120
87.5121,2.000,328.800,420.078,12.930,-0.122,0.120
87.6181,2.000,329.432,420.505,13.033,-0.023,0.120
87.7128,2.000,329.905,420.933,13.055,-0.004,0.120
87.8184,2.000,330.295,421.309,13.062,-0.001,0.120
87.9139,1.000,324.518,425.337,8.159,-3.406,0.120
88.0210,1.000,328.038,423.331,10.923,-0.644,0.120
88.1155,1.000,329.205,423.450,11.447,-0.122,0.120
88.2116,1.000,329.853,423.896,11.548,-0.023,0.120
88.3181,1.000,330.338,424.340,11.568,-0.004,0.120
88.4152,1.000,330.738,424.729,11.574,-0.001,0.120
88.5107,1.000,331.077,425.063,11.576,-0.000,0.120
88.6172,1.000,331.364,425.346,11.578,-0.000,0.120
88.7156,1.000,331.609,425.587,11.580,-0.000,0.120
88.8122,1.000,331.817,425.791,11.582,-0.000,0.120
88.9186,-0.000,325.886,429.672,6.676,-3.405,0.120
89.0149,-0.000,329.277,427.539,9.438,-0.644,0.120
89.1110,-0.000,330.334,427.552,9.960,-0.122,0.120
89.2172,-0.000,330.887,427.907,10.059,-0.023,0.120
89.3122,-0.000,331.292,428.275,10.078,-0.004,0.120
89.4183,-0.000,331.624,428.600,10.081,-0.001,0.120
89.5140,-0.000,331.903,428.878,10.082,-0.000,0.120
89.6125,-0.000,332.141,429.115,10.082,-0.000,0.120
89.7189,-0.000,332.342,429.317,10.082,-0.000,0.120
89.8155,-0.000,332.514,429.488,10.082,-0.000,0.120
89.9120,-1.000,325.952,432.741,5.175,-3.405,0.120
90.0177,-1.000,328.805,430.076,7.934,-0.644,0.120
90.1130,-1.000,329.406,429.635,8.454,-0.122,0.120
90.2113,-1.000,329.570,429.606,8.551,-0.023,0.120
90.3184,-1.000,329.645,429.647,8.568,-0.004,0.120
90.4133,-1.000,329.695,429.694,8.570,-0.001,0.120
90.5102,-1.000,329.736,429.737,8.569,-0.000,0.120
90.6170,-1.000,329.769,429.774,8.567,-0.000,0.120
90.7126,-1.000,329.798,429.806,8.565,-0.000,0.120
90.8184,-1.000,329.821,429.833,8.563,-0.000,0.120
90.9150,-1.000,329.841,429.857,8.561,-0.000,0.120
91.0102,-0.000,333.565,423.770,13.467,3.405,0.120
91.1186,-0.000,331.300,427.027,10.706,0.644,0.120
91.2138,-0.000,331.199,427.970,10.183,0.122,0.120
91.3110,-0.000,331.458,428.427,10.084,0.023,0.120
91.4167,1.000,334.851,422.043,14.973,3.410,0.120
91.5135,1.000,332.317,425.035,12.210,0.645,0.120
91.6106,1.000,331.990,425.750,11.689,0.122,0.120
91.7174,1.000,332.058,426.013,11.592,0.023,0.120
91.8139,2.000,335.289,419.463,16.482,3.410,0.120
91.9091,3.000,335.725,415.606,18.629,4.050,0.120
92.0146,3.000,332.493,418.931,15.350,0.766,0.120
92.1117,4.000,335.023,412.878,19.642,3.550,0.120
92.2174,4.000,332.155,415.752,16.770,0.672,0.120
92.3125,4.000,331.621,416.292,16.233,0.127,0.120
92.4087,5.000,334.635,409.683,21.045,3.429,0.120
92.5139,5.000,331.836,412.426,18.274,0.649,0.120
92.6105,6.000,334.402,406.212,22.664,3.528,0.120
92.7169,6.000,331.503,409.011,19.815,0.667,0.120
92.8124,7.000,334.037,402.791,24.192,3.532,0.120
92.9089,7.000,331.121,405.575,21.342,0.668,0.120
93.0163,8.000,333.643,399.340,25.721,3.532,0.120
93.1129,9.000,333.824,395.403,27.779,4.074,0.120
93.2086,9.000,330.442,398.593,24.493,0.771,0.120
93.3149,10.000,332.859,392.412,28.792,3.551,0.120
93.4109,10.000,329.899,395.173,25.932,0.672,0.120
93.5177,11.000,332.396,388.907,30.313,3.533,0.120
93.6138,11.000,329.450,391.649,27.470,0.668,0.120
93.7080,12.000,331.950,385.376,31.856,3.532,0.120
93.8134,13.000,332.112,381.407,33.922,4.074,0.120
93.9109,13.000,328.715,384.567,30.643,0.771,0.120
94.0174,14.000,331.122,378.360,34.950,3.551,0.120
94.1130,15.000,331.261,374.391,37.004,4.077,0.120
94.2080,15.000,327.855,377.540,33.726,0.771,0.120
94.3140,16.000,330.256,371.322,38.036,3.551,0.120
94.4083,16.000,327.284,374.048,35.187,0.672,0.120
94.5165,17.000,329.773,367.752,39.579,3.533,0.120
94.6128,17.000,326.822,370.466,36.747,0.668,0.120
94.7079,18.000,329.318,364.168,41.144,3.532,0.120
94.8135,19.000,329.480,360.175,43.222,4.074,0.120
94.9094,19.000,326.084,363.314,39.954,0.771,0.120
95.0126,20.000,328.493,357.087,44.272,3.551,0.120
95.1155,20.000,325.529,359.806,41.431,0.672,0.120
95.2081,20.000,324.917,360.209,40.923,0.127,0.120
95.3134,21.000,327.870,353.478,45.765,3.429,0.120
95.4086,21.000,325.024,356.114,43.024,0.649,0.120
95.5155,22.000,327.555,349.804,47.444,3.528,0.120
95.6128,22.000,324.629,352.518,44.625,0.667,0.120
95.7070,22.000,324.039,352.927,44.125,0.126,0.120
95.8108,22.000,323.901,352.912,44.064,0.024,0.120
95.9166,23.000,326.965,346.117,48.993,3.410,0.120
96.0115,23.000,324.158,348.754,46.271,0.645,0.120
96.1165,23.000,323.606,349.161,45.791,0.122,0.120
96.2098,23.000,323.488,349.155,45.736,0.023,0.120
96.3144,23.000,323.460,349.078,45.760,0.004,0.120
96.4105,23.000,323.455,348.994,45.800,0.001,0.120
96.5162,23.000,323.460,348.914,45.842,0.000,0.120
96.6135,23.000,323.471,348.839,45.885,0.000,0.120
96.7115,23.000,323.486,348.768,45.928,0.000,0.120
96.8070,23.000,323.506,348.702,45.971,0.000,0.120
96.9149,24.000,326.637,341.932,50.922,3.405,0.120
97.0124,24.000,323.874,344.601,48.206,0.644,0.120
97.1070,24.000,323.357,345.039,47.728,0.122,0.120
97.2124,23.000,317.162,348.766,42.767,-3.382,0.120
97.3088,23.000,320.399,346.432,45.553,-0.640,0.120
97.4148,23.000,321.344,346.253,46.115,-0.121,0.120
97.5097,23.000,321.811,346.438,46.256,-0.023,0.120
97.6146,23.000,322.150,346.653,46.318,-0.004,0.120
97.7133,24.000,325.540,340.135,51.271,3.405,0.120
97.8088,23.000,316.887,346.728,43.649,-2.761,0.120
97.9138,24.000,322.901,338.363,50.838,2.883,0.120
98.0096,24.000,321.110,341.157,48.545,0.545,0.120
98.1062,24.000,321.138,341.980,48.148,0.103,0.120
98.2113,24.000,321.462,342.381,48.110,0.020,0.120
98.3074,24.000,321.798,342.659,48.139,0.004,0.120
98.4128,24.000,322.102,342.879,48.181,0.001,0.120
98.5080,24.000,322.369,343.056,48.225,0.000,0.120
98.6135,25.000,325.710,336.493,53.177,3.405,0.120
98.7106,25.000,323.126,339.338,50.463,0.644,0.120
98.8066,25.000,322.762,339.925,49.988,0.122,0.120
98.9115,25.000,322.804,340.071,49.936,0.023,0.120
99.0073,25.000,322.912,340.123,49.964,0.004,0.120
99.1143,25.000,323.024,340.148,50.007,0.001,0.120
99.2122,26.000,326.235,333.452,54.961,3.406,0.120
99.3101,26.000,323.542,336.184,52.248,0.644,0.120
99.4159,26.000,323.085,336.674,51.774,0.122,0.120
99.5125,26.000,323.049,336.738,51.724,0.023,0.120
99.6089,26.000,323.090,336.720,51.754,0.004,0.120
99.7160,26.000,323.146,336.685,51.800,0.001,0.120
99.8122,27.000,326.310,329.938,56.755,3.406,0.120
99.9096,27.000,323.576,332.626,54.044,0.644,0.120
100.0149,27.000,323.085,333.078,53.573,0.122,0.120
100.1117,26.000,316.913,336.817,48.617,-3.382,0.120
100.2068,26.000,320.170,334.492,51.408,-0.640,0.120
100.3126,26.000,321.134,334.321,51.976,-0.121,0.120
100.4078,26.000,321.618,334.511,52.123,-0.023,0.120
100.5135,26.000,321.971,334.729,52.190,-0.004,0.120
100.6102,26.000,322.267,334.920,52.242,-0.001,0.120
100.7156,26.000,322.523,335.078,52.292,-0.000,0.120
100.8126,26.000,322.748,335.205,52.341,-0.000,0.120
100.9084,26.000,322.946,335.305,52.389,-0.000,0.120
101.0074,26.000,323.122,335.384,52.438,-0.000,0.120
101.1118,25.000,317.171,339.150,47.580,-3.405,0.120
101.2071,25.000,320.551,336.914,50.388,-0.644,0.120
101.3139,25.000,321.606,336.830,50.957,-0.122,0.120
101.4104,25.000,322.165,337.098,51.103,-0.023,0.120
101.5066,24.000,316.474,341.091,46.261,-3.410,0.120
101.6125,24.000,320.062,339.059,49.071,-0.645,0.120
101.7092,24.000,321.292,339.153,49.639,-0.122,0.120
101.8142,24.000,321.999,339.572,49.783,-0.023,0.120
101.9087,23.000,316.433,343.693,44.939,-3.410,0.120
102.0129,23.000,320.127,341.772,47.747,-0.645,0.120
102.1056,22.000,315.339,345.666,43.406,-3.527,0.120
102.2107,22.000,319.361,343.885,46.307,-0.667,0.120
102.3045,22.000,320.896,344.255,46.889,-0.126,0.120
102.4084,21.000,315.742,348.628,42.126,-3.429,0.120
102.5138,21.000,319.730,346.977,44.946,-0.649,0.120
102.6099,20.000,315.181,351.111,40.604,-3.528,0.120
102.7135,20.000,319.403,349.537,43.502,-0.667,0.120
102.8086,19.000,315.000,353.791,39.173,-3.532,0.120
102.9145,19.000,319.335,352.328,42.072,-0.668,0.120
103.0090,19.000,321.134,352.972,42.650,-0.126,0.120
103.1057,18.000,316.202,357.579,37.881,-3.429,0.120
103.2110,18.000,320.379,356.127,40.695,-0.649,0.120
103.3081,17.000,315.989,360.432,36.347,-3.528,0.120
103.4047,17.000,320.346,359.004,39.240,-0.667,0.120
103.5096,17.000,322.164,359.676,39.813,-0.126,0.120
103.6043,16.000,317.249,364.307,35.040,-3.429,0.120
103.7097,15.000,315.331,366.582,32.943,-4.054,0.120
103.8052,15.000,320.299,364.919,36.259,-0.767,0.120
103.9112,15.000,322.353,365.674,36.909,-0.145,0.120
104.0068,14.000,317.585,370.429,32.147,-3.433,0.120
104.1128,14.000,321.890,369.114,34.957,-0.649,0.120
104.2098,13.000,317.606,373.539,30.602,-3.528,0.120
104.3137,13.000,322.051,372.214,33.487,-0.668,0.120
104.4066,12.000,317.835,376.682,29.146,-3.532,0.120
104.5104,12.000,322.328,375.403,32.032,-0.668,0.120
104.6043,11.000,318.151,379.912,27.689,-3.532,0.120
104.7086,11.000,322.677,378.669,30.573,-0.668,0.120
104.8112,10.000,318.527,383.208,26.228,-3.532,0.120
104.9048,10.000,323.075,381.992,29.111,-0.668,0.120
105.0081,9.000,318.944,386.554,24.764,-3.532,0.120
105.1039,9.000,323.508,385.357,27.644,-0.668,0.120
105.2118,9.000,325.497,386.230,28.203,-0.126,0.120
105.3066,8.000,320.726,391.034,23.415,-3.429,0.120
105.4130,8.000,325.035,389.752,26.211,-0.649,0.120
105.5081,7.000,320.756,394.205,21.844,-3.528,0.120
105.6047,7.000,325.203,392.905,24.718,-0.667,0.120
105.7120,6.000,320.988,397.396,20.365,-3.532,0.120
105.8073,6.000,325.480,396.138,23.240,-0.668,0.120
105.9151,6.000,327.407,396.960,23.793,-0.126,0.120
106.0112,5.000,322.582,401.721,18.999,-3.429,0.120
106.1084,5.000,326.845,400.405,21.789,-0.649,0.120
106.2137,4.000,322.525,404.829,17.417,-3.528,0.120
106.3094,4.000,326.938,403.505,20.286,-0.667,0.120
106.4051,4.000,328.799,404.269,20.834,-0.126,0.120
106.5105,4.000,330.025,405.274,20.944,-0.024,0.120
106.6064,3.000,324.893,409.903,16.064,-3.410,0.120
106.7127,3.000,328.949,408.419,18.834,-0.645,0.120
106.8077,2.000,324.464,412.691,14.456,-3.527,0.120
106.9037,2.000,328.737,411.236,17.320,-0.667,0.120
107.0091,2.000,330.480,411.889,17.864,-0.126,0.120
107.1035,2.000,331.604,412.801,17.970,-0.024,0.120
107.2099,1.000,326.385,417.351,13.086,-3.410,0.120
107.3062,1.000,330.368,415.800,15.853,-0.645,0.120
107.4034,1.000,331.926,416.308,16.378,-0.122,0.120
107.5102,1.000,332.903,417.087,16.477,-0.023,0.120
107.6067,-0.000,327.563,421.521,11.590,-3.410,0.120
107.7131,-0.000,331.442,419.870,14.355,-0.645,0.120
107.8110,-0.000,332.913,420.295,14.878,-0.122,0.120
107.9063,-1.000,327.110,424.108,10.070,-3.428,0.120
108.0119,-1.000,330.542,421.985,12.848,-0.649,0.120
108.1084,-1.000,331.622,422.017,13.372,-0.123,0.120
108.2131,-2.000,325.486,425.500,8.562,-3.429,0.120
108.3089,-2.000,328.634,423.095,11.338,-0.649,0.120
108.4051,-2.000,329.472,422.889,11.860,-0.123,0.120
108.5102,-3.000,323.129,426.170,7.049,-3.429,0.120
108.6050,-3.000,326.102,423.594,9.823,-0.649,0.120
108.7099,-4.000,320.084,426.349,5.436,-3.528,0.120
108.8045,-4.000,323.050,423.610,8.289,-0.667,0.120
108.9108,-4.000,323.680,423.172,8.823,-0.126,0.120
109.0069,-4.000,323.857,423.159,8.918,-0.024,0.120
109.1037,-5.000,317.231,426.324,4.023,-3.410,0.120
109.2099,-5.000,320.016,423.598,6.778,-0.645,0.120
109.3025,-5.000,320.554,423.109,7.292,-0.122,0.120
109.4075,-6.000,313.958,426.148,2.474,-3.428,0.120
109.5041,-6.000,316.714,423.367,5.243,-0.649,0.120
109.6098,-6.000,317.219,422.842,5.757,-0.123,0.120
109.7060,-7.000,310.591,425.852,0.938,-3.429,0.120
109.8123,-7.000,313.320,423.048,3.705,-0.649,0.120
109.9076,-7.000,313.801,422.504,4.218,-0.123,0.120
110.0032,-7.000,313.861,422.390,4.304,-0.023,0.120
110.1095,-8.000,307.136,425.469,-0.597,-3.410,0.120
110.2068,-8.000,309.836,422.670,2.152,-0.645,0.120
110.3114,-8.000,310.302,422.119,2.660,-0.122,0.120
110.4062,-8.000,310.350,422.000,2.744,-0.023,0.120
110.5019,-8.000,310.324,421.966,2.748,-0.004,0.120
110.6089,-8.000,310.286,421.951,2.737,-0.001,0.120
110.7045,-8.000,310.250,421.943,2.722,-0.000,0.120
110.8118,-8.000,310.216,421.940,2.707,-0.000,0.120
110.9067,-8.000,310.186,421.939,2.692,-0.000,0.120
111.0022,-8.000,310.157,421.940,2.677,-0.000,0.120
111.1083,-7.000,313.838,415.836,7.570,3.405,0.120
111.2049,-7.000,311.534,419.081,4.796,0.644,0.120
111.3097,-7.000,311.398,420.016,4.260,0.122,0.120
111.4044,-7.000,311.626,420.468,4.148,0.023,0.120
111.5092,-6.000,315.590,414.681,9.024,3.410,0.120
111.6044,-6.000,313.540,418.183,6.248,0.645,0.120
111.7119,-6.000,313.622,419.334,5.713,0.122,0.120
111.8073,-6.000,314.036,419.968,5.603,0.023,0.120
111.9017,-6.000,314.452,420.443,5.573,0.004,0.120
112.0092,-5.000,318.523,414.730,10.466,3.406,0.120
112.1056,-5.000,316.553,418.303,7.694,0.644,0.120
112.2027,-4.000,320.410,413.409,12.070,3.527,0.120
112.3092,-4.000,318.602,417.336,9.202,0.667,0.120
112.4049,-4.000,318.954,418.785,8.654,0.126,0.120
112.5014,-3.000,323.317,413.553,13.451,3.429,0.120
112.6077,-3.000,321.662,417.470,10.665,0.649,0.120
112.7029,-2.000,325.798,412.855,15.041,3.528,0.120
112.8009,-2.000,324.231,417.016,12.176,0.667,0.120
112.9077,-1.000,328.495,412.556,16.539,3.532,0.120
113.0051,-1.000,327.047,416.839,13.673,0.668,0.120
113.1116,-0.000,331.415,412.479,18.037,3.532,0.120
113.2074,-0.000,330.055,416.847,15.173,0.668,0.120
113.3025,1.000,333.899,411.959,19.539,3.532,0.120
113.4098,1.000,332.093,415.878,16.677,0.668,0.120
113.5062,2.000,335.559,410.608,21.044,3.532,0.120
113.6022,2.000,333.432,414.201,18.184,0.668,0.120
113.7101,2.000,333.517,415.363,17.646,0.126,0.120
113.8059,3.000,337.056,409.284,22.455,3.429,0.120
113.9113,3.000,334.701,412.479,19.680,0.649,0.120
114.0076,3.000,334.538,413.357,19.160,0.123,0.120
114.1031,4.000,337.855,407.047,23.973,3.429,0.120
114.2023,4.000,335.311,410.048,21.201,0.649,0.120
114.3086,4.000,334.986,410.760,20.682,0.123,0.120
114.4028,4.000,335.059,411.017,20.590,0.023,0.120
114.5080,5.000,338.295,404.461,25.486,3.410,0.120
114.6038,4.000,329.522,411.013,17.823,-2.760,0.120
114.7093,5.000,335.430,402.616,24.976,2.883,0.120
114.8030,5.000,333.544,405.387,22.648,0.545,0.120
114.9089,5.000,333.487,406.195,22.215,0.103,0.120
115.0049,5.000,333.733,406.589,22.141,0.020,0.120
115.1003,5.000,333.998,406.867,22.134,0.004,0.120
115.2067,5.000,334.235,407.092,22.141,0.001,0.120
115.3026,5.000,334.440,407.279,22.150,0.000,0.120
115.4090,5.000,334.616,407.437,22.159,0.000,0.120
115.5067,5.000,334.768,407.570,22.168,0.000,0.120
115.6029,5.000,334.898,407.681,22.178,0.000,0.120
115.7016,6.000,338.117,401.066,27.094,3.405,0.120
115.8092,6.000,335.424,403.873,24.344,0.644,0.120
115.9052,6.000,334.961,404.433,23.833,0.122,0.120
116.0008,6.000,334.915,404.562,23.746,0.023,0.120
116.1057,6.000,334.943,404.604,23.738,0.004,0.120
116.2012,5.000,328.873,408.334,18.839,-3.405,0.120
116.3059,5.000,332.148,406.069,21.608,-0.644,0.120
116.4004,6.000,336.216,399.260,27.047,3.284,0.120
116.5061,5.000,327.793,405.953,19.489,-2.784,0.120
116.6023,5.000,330.825,404.451,21.756,-0.527,0.120
116.7081,5.000,331.911,404.665,22.192,-0.100,0.120
116.8053,5.000,332.554,405.127,22.282,-0.019,0.120
116.9016,5.000,333.049,405.573,22.307,-0.004,0.120
117.0079,5.000,333.460,405.960,22.319,-0.001,0.120
117.1044,5.000,333.809,406.289,22.329,-0.000,0.120
117.2009,4.000,328.000,410.275,17.431,-3.405,0.120
117.3090,4.000,331.494,408.232,20.200,-0.644,0.120
117.4037,4.000,332.640,408.318,20.730,-0.122,0.120
117.5096,4.000,333.270,408.736,20.836,-0.023,0.120
117.6047,4.000,333.742,409.155,20.863,-0.004,0.120
117.6997,4.000,334.132,409.523,20.874,-0.001,0.120
117.8078,4.000,334.461,409.836,20.882,-0.000,0.120
117.9024,4.000,334.743,410.102,20.889,-0.000,0.120
118.0085,4.000,334.983,410.327,20.897,-0.000,0.120
118.1050,3.000,329.080,414.224,15.997,-3.405,0.120
118.2022,4.000,335.602,405.398,23.671,2.761,0.120
118.3009,4.000,333.892,408.150,21.440,0.522,0.120
118.4069,4.000,333.919,409.009,21.024,0.099,0.120
118.5027,3.000,328.115,413.165,16.044,-3.387,0.120
118.6088,3.000,331.666,411.213,18.796,-0.641,0.120
118.7033,3.000,332.871,411.368,19.321,-0.121,0.120
118.8004,3.000,333.553,411.842,19.425,-0.023,0.120
118.9075,3.000,334.069,412.309,19.449,-0.004,0.120
119.0047,3.000,334.495,412.717,19.458,-0.001,0.120
119.1016,3.000,334.856,413.066,19.464,-0.000,0.120
119.1995,3.000,335.164,413.362,19.470,-0.000,0.120
119.3059,3.000,335.426,413.613,19.476,-0.000,0.120
119.4006,2.000,329.542,417.532,14.574,-3.405,0.120
119.5059,2.000,332.972,415.433,17.339,-0.644,0.120
119.6020,2.000,334.064,415.472,17.865,-0.122,0.120
119.7084,3.000,337.754,409.143,22.875,3.382,0.120
119.8055,3.000,335.396,412.258,20.138,0.640,0.120
119.9015,3.000,335.201,413.097,19.621,0.121,0.120
120.0086,3.000,335.376,413.469,19.523,0.023,0.120
120.1041,3.000,335.590,413.720,19.504,0.004,0.120
120.1999,3.000,335.784,413.921,19.501,0.001,0.120
120.3063,3.000,335.951,414.089,19.500,0.000,0.120
120.3992,3.000,336.094,414.232,19.500,0.000,0.120
120.5022,3.000,336.215,414.354,19.500,0.000,0.120
120.6059,3.000,336.319,414.457,19.500,0.000,0.120
120.6991,3.000,336.406,414.544,19.500,0.000,0.120
120.8029,3.000,336.481,414.619,19.500,0.000,0.120
120.9058,3.000,336.544,414.682,19.500,0.000,0.120
120.9986,3.000,336.598,414.736,19.500,0.000,0.120
121.1016,3.000,336.644,414.782,19.500,0.000,0.120
121.2057,3.000,336.683,414.821,19.500,0.000,0.120
121.2985,2.000,330.610,418.559,14.595,-3.405,0.120
121.4015,2.000,333.880,416.306,17.356,-0.644,0.120
121.5044,2.000,334.834,416.216,17.878,-0.122,0.120
121.6074,2.000,335.300,416.484,17.977,-0.023,0.120
121.7013,2.000,335.631,416.777,17.996,-0.004,0.120
121.8050,2.000,335.899,417.039,17.999,-0.001,0.120
121.8987,1.000,330.020,420.969,13.094,-3.406,0.120
122.0048,1.000,333.453,418.880,15.856,-0.644,0.120
122.0997,1.000,334.546,418.928,16.378,-0.122,0.120
122.2048,1.000,335.130,419.315,16.477,-0.023,0.120
122.2994,1.000,335.561,419.708,16.496,-0.004,0.120
122.4045,-0.000,329.810,423.761,11.594,-3.406,0.120
122.4982,-0.000,333.350,421.777,14.356,-0.644,0.120
122.6032,-0.000,334.534,421.916,14.878,-0.122,0.120
122.6977,-0.000,335.195,422.379,14.977,-0.023,0.120
122.8045,-1.000,328.984,425.945,10.088,-3.410,0.120
122.9009,-1.000,332.123,423.559,12.851,-0.645,0.120
123.0059,-1.000,332.964,423.357,13.372,-0.122,0.120
123.1005,-2.000,326.625,426.639,8.562,-3.428,0.120
123.2061,-2.000,329.602,424.064,11.338,-0.649,0.120
123.2997,-2.000,330.295,423.713,11.860,-0.123,0.120
123.4045,-3.000,323.829,426.870,7.049,-3.429,0.120
123.4998,-3.000,326.697,424.189,9.823,-0.649,0.120
123.6059,-4.000,320.589,426.855,5.436,-3.528,0.120
123.7032,-4.000,323.480,424.039,8.289,-0.667,0.120
123.8000,-4.000,324.046,423.538,8.823,-0.126,0.120
123.9067,-4.000,324.168,423.470,8.918,-0.024,0.120
124.0033,-4.000,324.202,423.481,8.930,-0.005,0.120
124.1003,-4.000,324.218,423.504,8.926,-0.001,0.120
124.2063,-4.000,324.228,423.528,8.919,-0.000,0.120
124.3025,-4.000,324.235,423.549,8.912,-0.000,0.120
124.3976,-4.000,324.239,423.569,8.904,-0.000,0.120
124.5037,-4.000,324.242,423.586,8.897,-0.000,0.120
124.6064,-5.000,317.536,426.710,3.982,-3.405,0.120
124.7008,-4.000,323.972,417.828,11.641,2.761,0.120
124.8071,-4.000,322.187,420.535,9.395,0.522,0.120
124.9049,-4.000,322.148,421.358,8.964,0.099,0.120
125.0030,-4.000,322.393,421.779,8.876,0.019,0.120
125.0999,-4.000,322.653,422.084,8.854,0.004,0.120
125.1965,-3.000,326.591,416.228,13.750,3.406,0.120
125.3025,-3.000,324.508,419.680,10.983,0.644,0.120
125.3981,-4.000,317.854,423.897,5.548,-3.283,0.120
125.5060,-3.000,324.681,415.599,13.110,2.784,0.120
125.6026,-3.000,323.292,418.737,10.847,0.527,0.120
125.6985,-3.000,323.603,419.913,10.414,0.100,0.120
125.8044,-3.000,324.149,420.632,10.328,0.019,0.120
125.8996,-3.000,324.665,421.190,10.307,0.004,0.120
126.0051,-3.000,325.113,421.655,10.298,0.001,0.120
126.1003,-3.000,325.495,422.050,10.292,0.000,0.120
126.1966,-3.000,325.820,422.385,10.286,0.000,0.120
126.3034,-3.000,326.095,422.671,10.281,0.000,0.120
126.4015,-3.000,326.327,422.915,10.275,0.000,0.120
126.4989,-3.000,326.524,423.124,10.269,0.000,0.120
126.6059,-3.000,326.691,423.302,10.264,0.000,0.120
126.7021,-3.000,326.832,423.454,10.258,0.000,0.120
126.7979,-3.000,326.950,423.584,10.253,0.000,0.120
126.9057,-3.000,327.051,423.695,10.247,0.000,0.120
127.0031,-3.000,327.135,423.791,10.241,0.000,0.120
127.1015,-3.000,327.206,423.873,10.236,0.000,0.120
127.1970,-3.000,327.265,423.943,10.230,0.000,0.120
127.3037,-3.000,327.315,424.004,10.224,0.000,0.120
127.3992,-2.000,331.063,417.949,15.126,3.405,0.120
127.4966,-2.000,328.818,421.234,12.361,0.644,0.120
127.6016,-2.000,328.734,422.202,11.835,0.122,0.120
127.6970,-2.000,329.007,422.680,11.732,0.023,0.120
127.8033,-2.000,329.304,423.022,11.710,0.004,0.120
127.8987,-1.000,333.275,417.193,16.610,3.406,0.120
128.0051,-1.000,331.222,420.668,13.846,0.644,0.120
128.0998,-1.000,331.302,421.796,13.322,0.122,0.120
128.2055,-1.000,331.715,422.410,13.221,0.023,0.120
128.3016,-1.000,332.131,422.867,13.201,0.004,0.120
128.3962,-0.000,336.203,417.137,18.102,3.406,0.120
128.5010,-0.000,334.237,420.694,15.341,0.644,0.120
128.5964,-0.000,334.390,421.892,14.818,0.122,0.120
128.7025,-0.000,334.866,422.566,14.719,0.023,0.120
128.7982,1.000,338.443,416.366,19.608,3.410,0.120
128.9049,1.000,336.066,419.514,16.845,0.645,0.120
128.9989,1.000,335.872,420.362,16.324,0.122,0.120
129.1050,2.000,339.160,414.030,21.134,3.428,0.120
129.2015,2.000,336.591,417.013,18.358,0.649,0.120
129.2976,2.000,336.244,417.711,17.836,0.123,0.120
129.4046,3.000,339.405,411.248,22.647,3.429,0.120
129.5008,3.000,336.727,414.119,19.873,0.649,0.120
129.5978,4.000,339.397,408.015,24.260,3.528,0.120
129.7027,4.000,336.583,410.908,21.407,0.667,0.120
129.7978,4.000,336.084,411.476,20.873,0.126,0.120
129.8958,5.000,339.125,404.892,25.686,3.429,0.120
130.0025,5.000,336.348,407.658,22.914,0.649,0.120
130.0984,5.000,335.827,408.170,22.398,0.123,0.120
130.2053,5.000,335.733,408.256,22.308,0.023,0.120
130.3008,5.000,335.720,408.262,22.298,0.004,0.120
130.4038,6.000,338.830,401.546,27.211,3.406,0.120
130.4974,6.000,336.048,404.264,24.461,0.644,0.120
130.6005,6.000,335.509,404.748,23.949,0.122,0.120
130.7035,6.000,335.398,404.812,23.862,0.023,0.120
130.7961,6.000,335.370,404.800,23.854,0.004,0.120
130.9006,6.000,335.361,404.775,23.862,0.001,0.120
130.9946,5.000,329.250,408.457,18.965,-3.405,0.120
131.0999,5.000,332.488,406.155,21.736,-0.644,0.120
131.1966,5.000,333.418,406.021,22.267,-0.122,0.120
131.3036,5.000,333.864,406.250,22.376,-0.023,0.120
131.3984,5.000,334.179,406.510,22.404,-0.004,0.120
131.4948,5.000,334.436,406.741,22.417,-0.001,0.120
131.6013,5.000,334.654,406.938,22.427,-0.000,0.120
131.6960,6.000,337.947,400.398,27.344,3.405,0.120
131.8029,6.000,335.317,403.268,24.594,0.644,0.120
131.8987,6.000,334.908,403.881,24.083,0.122,0.120
131.9941,6.000,334.907,404.055,23.995,0.023,0.120
132.1009,7.000,338.080,397.429,28.895,3.410,0.120
132.1960,7.000,335.361,400.213,26.143,0.645,0.120
132.3031,7.000,334.868,400.762,25.622,0.122,0.120
132.4000,7.000,334.793,400.885,25.523,0.023,0.120
132.4987,8.000,337.899,394.218,30.410,3.410,0.120
132.5947,8.000,335.122,396.970,27.645,0.645,0.120
132.7030,8.000,334.588,397.482,27.122,0.122,0.120
132.7994,8.000,334.479,397.571,27.023,0.023,0.120
132.8948,9.000,337.558,390.877,31.910,3.410,0.120
133.0014,9.000,334.757,393.605,29.145,0.645,0.120
133.0958,9.000,334.202,394.096,28.622,0.122,0.120
133.2016,10.000,337.182,387.463,33.428,3.428,0.120
133.2976,10.000,334.350,390.191,30.649,0.649,0.120
133.4036,10.000,333.779,390.672,30.123,0.123,0.120
133.4995,10.000,333.642,390.733,30.023,0.023,0.120
133.5955,10.000,333.590,390.720,30.004,0.004,0.120
133.7020,10.000,333.559,390.696,30.001,0.001,0.120
133.7974,9.000,327.430,394.379,25.095,-3.405,0.120
133.8933,8.000,324.546,395.783,22.950,-4.050,0.120
134.0009,7.000,322.595,397.076,21.328,-4.172,0.120
134.0986,5.000,314.987,402.325,14.900,-7.600,0.120
134.1950,5.000,323.147,398.160,21.062,-1.438,0.120
134.3000,4.000,319.905,402.398,17.323,-3.677,0.120
134.3978,4.000,324.810,401.339,20.304,-0.696,0.120
134.4934,4.000,327.008,402.410,20.868,-0.132,0.120
134.6009,5.000,331.610,396.987,25.881,3.381,0.120
134.6952,5.000,330.020,400.879,23.140,0.640,0.120
134.8018,5.000,330.480,402.376,22.621,0.121,0.120
134.8970,6.000,334.319,396.600,27.428,3.428,0.120
135.0034,6.000,332.216,400.057,24.649,0.649,0.120
135.0988,7.000,335.371,394.453,29.028,3.528,0.120
135.1967,7.000,332.969,397.773,26.167,0.667,0.120
135.2931,8.000,335.924,391.998,30.532,3.532,0.120
135.3995,8.000,333.362,395.164,27.668,0.668,0.120
135.4969,9.000,336.182,389.256,32.032,3.532,0.120
135.5933,9.000,333.506,392.308,29.168,0.668,0.120
135.7003,10.000,336.230,386.304,33.532,3.532,0.120
135.7967,11.000,336.577,382.568,35.574,4.074,0.120
135.8929,11.000,333.334,385.931,32.271,0.771,0.120
135.9997,12.000,335.866,379.901,36.551,3.551,0.120
136.0959,12.000,333.000,382.794,33.672,0.672,0.120
136.1930,13.000,369.870,389.376,40.031,5.531,0.200
136.2996,13.000,396.591,410.229,35.497,0.997,0.200
136.3947,14.000,431.119,419.878,41.590,5.590,0.200
136.5003,14.000,456.028,443.159,37.008,1.008,0.200
136.5948,15.000,489.048,454.840,43.092,5.592,0.200
136.6926,15.000,512.681,479.843,38.508,1.008,0.200
136.7986,15.000,539.657,501.845,37.682,0.182,0.200
136.8939,16.000,571.920,514.954,44.443,5.443,0.200
136.9989,16.000,594.456,541.624,39.981,0.981,0.200
137.0939,16.000,620.419,565.126,39.177,0.177,0.200
137.1998,16.000,621.380,562.919,39.032,0.032,0.200
137.2961,16.000,622.295,560.945,39.006,0.006,0.200
137.3927,16.000,623.090,559.250,39.001,0.001,0.200
137.4978,16.000,623.769,557.807,39.000,0.000,0.200
137.5941,17.000,629.306,547.719,45.910,5.410,0.200
137.7000,17.000,625.205,550.952,41.476,0.976,0.200
137.7949,17.000,624.689,550.731,40.676,0.176,0.200
137.9007,18.000,629.746,541.147,47.442,5.442,0.200
137.9981,18.000,625.333,544.712,42.981,0.981,0.200
138.0932,18.000,624.569,544.755,42.177,0.177,0.200
138.1997,18.000,624.458,544.254,42.032,0.032,0.200
138.2965,18.000,624.461,543.730,42.006,0.006,0.200
138.3923,17.000,616.521,549.127,35.091,-5.409,0.200
138.4983,17.000,621.583,544.904,39.525,-0.975,0.200
138.5941,17.000,622.917,544.283,40.324,-0.176,0.200
138.7025,17.000,623.515,544.291,40.468,-0.032,0.200
138.7983,17.000,623.927,544.394,40.494,-0.006,0.200
138.8958,16.000,616.300,550.359,33.589,-5.411,0.200
138.9918,16.000,621.622,546.625,38.024,-0.976,0.200
139.0988,15.000,615.215,552.281,31.914,-5.586,0.200
139.1951,15.000,621.042,548.816,36.493,-1.007,0.200
139.3020,15.000,622.928,548.937,37.318,-0.182,0.200
139.3969,14.000,616.019,555.453,30.557,-5.443,0.200
139.4939,13.000,613.894,558.143,28.109,-6.391,0.200
139.5996,12.000,612.948,560.469,26.438,-6.562,0.200
139.6942,11.000,612.484,563.007,24.907,-6.593,0.200
139.8001,10.000,612.335,565.819,23.401,-6.599,0.200
139.8963,9.000,612.437,568.880,21.900,-6.600,0.200
139.9924,7.000,604.789,578.016,13.490,-12.010,0.200
140.0982,7.000,618.281,571.789,23.334,-2.166,0.200
140.1949,5.000,607.238,584.808,11.290,-11.210,0.200
140.3011,5.000,620.277,579.448,20.478,-2.022,0.200
140.3966,3.000,609.288,592.764,8.316,-11.184,0.200
140.4924,5.000,632.372,569.858,31.303,8.803,0.200
140.6010,3.000,612.320,591.862,10.268,-9.232,0.200
140.6968,3.000,623.722,588.118,17.835,-1.665,0.200
140.7930,4.000,633.307,581.144,26.110,5.110,0.200
140.8990,5.000,636.692,579.077,28.831,6.331,0.200
140.9955,5.000,633.566,586.324,23.642,1.142,0.200
141.1005,6.000,639.345,580.148,29.616,5.616,0.200
141.1959,6.000,636.075,586.079,25.013,1.013,0.200
141.2917,7.000,641.339,579.179,31.092,5.592,0.200
141.3990,7.000,637.561,584.565,26.508,1.008,0.200
141.4985,7.000,637.419,586.074,25.682,0.182,0.200
141.5957,7.000,637.853,586.803,25.533,0.033,0.200
141.6990,8.000,643.281,578.462,32.416,5.416,0.200
141.7950,8.000,639.105,583.163,27.977,0.977,0.200
141.8917,8.000,638.528,584.185,27.176,0.176,0.200
141.9988,9.000,643.534,575.659,33.942,5.442,0.200
142.0950,9.000,639.078,580.122,29.481,0.981,0.200
142.1909,8.000,630.317,586.789,21.767,-5.233,0.200
142.2985,9.000,640.177,574.249,32.966,4.466,0.200
142.3949,8.000,628.918,584.131,22.396,-4.604,0.200
142.4914,9.000,638.566,572.411,33.080,4.580,0.200
142.5979,9.000,635.433,576.784,29.326,0.826,0.200
142.6921,9.000,635.283,577.988,28.649,0.149,0.200
142.7954,9.000,635.609,578.557,28.527,0.027,0.200
142.8982,9.000,635.967,578.960,28.505,0.005,0.200
142.9910,9.000,636.287,579.287,28.501,0.001,0.200
143.0939,8.000,628.602,585.422,21.590,-5.410,0.200
143.1903,9.000,638.837,572.970,32.934,4.434,0.200
143.2960,8.000,627.800,583.022,22.390,-4.610,0.200
143.3926,8.000,632.660,580.324,26.169,-0.831,0.200
143.5000,8.000,634.261,580.562,26.850,-0.150,0.200
143.5972,7.000,627.206,587.080,20.063,-5.437,0.200
143.6940,7.000,632.934,583.895,24.520,-0.980,0.200
143.8000,6.000,626.858,590.032,18.413,-5.587,0.200
143.8962,6.000,632.964,586.979,22.993,-1.007,0.200
143.9922,5.000,627.127,593.311,16.908,-5.592,0.200
144.0997,5.000,633.421,590.438,21.492,-1.008,0.200
144.1954,4.000,627.741,596.925,15.408,-5.592,0.200
144.2929,3.000,626.208,600.044,13.082,-6.418,0.200
144.3984,3.000,633.643,596.958,18.343,-1.157,0.200
144.4931,2.000,628.479,603.717,12.381,-5.619,0.200
144.5995,1.000,627.303,607.150,10.077,-6.423,0.200
144.6962,-0.000,627.067,610.204,8.432,-6.568,0.200
144.7905,-1.000,626.287,612.479,6.904,-6.594,0.200
144.8972,-2.000,624.964,614.173,5.395,-6.599,0.200
144.9928,-2.000,632.027,610.426,10.801,-1.190,0.200
145.0982,-3.000,625.546,615.825,4.861,-5.624,0.200
145.1966,-3.000,631.191,612.261,9.465,-1.014,0.200
145.2921,-4.000,624.039,617.281,3.379,-5.593,0.200
145.3981,-5.000,620.348,618.260,1.044,-6.418,0.200
145.4928,-6.000,617.085,618.317,-0.616,-6.567,0.200
145.5981,-6.000,622.595,613.084,4.756,-1.184,0.200
145.6937,-7.000,614.810,617.203,-1.197,-5.623,0.200
145.7896,-7.000,619.348,612.549,3.400,-1.014,0.200
145.8951,-8.000,611.255,616.643,-2.694,-5.593,0.200
145.9980,-9.000,606.763,616.836,-5.036,-6.418,0.200
146.0909,-9.000,611.681,611.265,0.208,-1.157,0.200
146.1973,-10.000,603.473,615.017,-5.772,-5.619,0.200
146.2939,-11.000,598.804,614.999,-8.097,-6.423,0.200
146.3912,-11.000,603.556,609.262,-2.853,-1.158,0.200
146.4978,-12.000,595.205,612.877,-8.836,-5.619,0.200
146.5944,-13.000,590.413,612.743,-11.165,-6.423,0.200
146.6902,-13.000,595.060,606.909,-5.925,-1.158,0.200
146.7968,-14.000,586.618,610.441,-11.911,-5.619,0.200
146.8930,-15.000,581.750,610.237,-14.244,-6.423,0.200
146.9893,-15.000,586.330,604.344,-9.007,-1.158,0.200
147.0952,-16.000,577.832,607.827,-14.997,-5.619,0.200
147.1909,-16.000,581.776,602.620,-10.422,-1.013,0.200
147.2978,-17.000,573.178,606.245,-16.533,-5.593,0.200
147.3969,-17.000,577.117,601.079,-11.981,-1.008,0.200
147.4932,-18.000,568.528,604.724,-18.098,-5.592,0.200
147.5912,-18.000,572.477,599.574,-13.548,-1.008,0.200
147.6977,-19.000,563.897,603.232,-19.667,-5.592,0.200
147.7943,-19.000,567.853,598.093,-15.120,-1.008,0.200
147.8908,-20.000,559.280,601.760,-21.240,-5.592,0.200
147.9975,-20.000,563.241,596.630,-16.695,-1.008,0.200
148.0951,-21.000,554.671,600.305,-22.817,-5.592,0.200
148.1896,-21.000,558.634,595.181,-18.273,-1.008,0.200
148.2976,-21.000,558.928,593.901,-17.486,-0.182,0.200
148.3944,-21.000,558.619,593.372,-17.377,-0.033,0.200
148.4895,-22.000,549.388,597.990,-24.301,-5.416,0.200
148.5968,-22.000,553.326,593.132,-19.903,-0.977,0.200
148.6921,-22.000,553.694,591.981,-19.144,-0.176,0.200
148.7978,-22.000,553.464,591.546,-19.041,-0.032,0.200
148.8928,-22.000,553.167,591.278,-19.056,-0.006,0.200
148.9985,-22.000,552.890,591.074,-19.092,-0.001,0.200
149.0934,-22.000,552.645,590.910,-19.133,-0.000,0.200
149.1898,-23.000,543.569,595.740,-26.085,-5.410,0.200
149.2967,-23.000,547.655,591.043,-21.694,-0.976,0.200
149.3926,-23.000,548.152,590.028,-20.938,-0.176,0.200
149.4906,-23.000,548.033,589.706,-20.837,-0.032,0.200
149.5976,-23.000,547.828,589.536,-20.854,-0.006,0.200
149.6930,-23.000,547.630,589.415,-20.892,-0.001,0.200
149.7882,-23.000,547.453,589.322,-20.935,-0.000,0.200
149.8938,-23.000,547.295,589.250,-20.978,-0.000,0.200
149.9891,-23.000,547.154,589.195,-21.021,-0.000,0.200
150.0960,-23.000,547.028,589.155,-21.064,-0.000,0.200
150.1911,-23.000,546.914,589.128,-21.107,-0.000,0.200
150.2964,-22.000,552.672,581.149,-14.238,5.410,0.200
150.3925,-22.000,548.753,586.181,-18.714,0.976,0.200
150.4887,-22.000,548.385,587.495,-19.555,0.176,0.200
150.5967,-22.000,548.602,588.082,-19.740,0.032,0.200
150.6940,-22.000,548.876,588.491,-19.807,0.006,0.200
150.7909,-22.000,549.121,588.828,-19.853,0.001,0.200
150.8971,-22.000,549.326,589.117,-19.895,0.000,0.200
150.9929,-21.000,555.356,581.406,-13.025,5.410,0.200
151.0895,-21.000,551.668,586.666,-17.499,0.976,0.200
151.1957,-21.000,551.497,588.173,-18.338,0.176,0.200
151.2913,-21.000,551.881,588.924,-18.521,0.032,0.200
151.3892,-21.000,552.299,589.472,-18.587,0.006,0.200
151.4936,-20.000,558.527,581.965,-11.719,5.411,0.200
151.5881,-20.000,555.010,587.394,-16.192,0.976,0.200
151.6928,-20.000,554.986,589.044,-17.029,0.176,0.200
151.7875,-19.000,561.356,581.955,-10.299,5.442,0.200
151.8919,-19.000,558.055,587.645,-14.795,0.981,0.200
151.9875,-18.000,564.092,581.539,-8.723,5.587,0.200
152.0946,-18.000,560.950,587.623,-13.336,1.007,0.200
152.1900,-18.000,561.341,589.732,-14.196,0.182,0.200
152.2874,-17.000,568.082,583.016,-7.467,5.443,0.200
152.3945,-17.000,565.100,589.020,-11.960,0.981,0.200
152.4909,-16.000,571.409,583.178,-5.884,5.587,0.200
152.5981,-16.000,568.499,589.487,-10.494,1.007,0.200
152.6929,-16.000,569.087,591.787,-11.350,0.182,0.200
152.7890,-15.000,575.998,585.231,-4.617,5.443,0.200
152.8952,-15.000,573.159,591.371,-9.106,0.981,0.200
152.9907,-14.000,579.592,585.645,-3.027,5.587,0.200
153.0882,-14.000,576.786,592.051,-7.633,1.007,0.200
153.1941,-13.000,583.326,586.472,-1.573,5.592,0.200
153.2912,-12.000,586.489,585.026,0.731,6.418,0.200
153.3883,-12.000,583.435,592.539,-4.552,1.157,0.200
153.4940,-11.000,590.220,587.443,1.389,5.619,0.200
153.5894,-10.000,593.674,586.326,3.674,6.423,0.200
153.6958,-9.000,596.746,586.141,5.302,6.568,0.200
153.7896,-8.000,599.933,586.306,6.814,6.594,0.200
153.8951,-7.000,603.300,586.690,8.305,6.599,0.200
153.9914,-7.000,600.972,595.205,2.883,1.190,0.200
154.0868,-6.000,608.475,590.862,8.806,5.624,0.200
154.1923,-6.000,606.696,598.326,4.185,1.014,0.200
154.2881,-5.000,614.131,593.624,10.254,5.593,0.200
154.3949,-4.000,618.061,592.917,12.572,6.418,0.200
154.4905,-3.000,621.524,593.093,14.215,6.567,0.200
154.5871,-3.000,619.182,601.529,8.827,1.184,0.200
154.6964,-2.000,626.657,597.133,14.762,5.623,0.200
154.7927,-2.000,624.853,604.555,10.149,1.014,0.200
154.8890,-2.000,626.405,607.777,9.314,0.183,0.200
154.9951,-1.000,634.143,601.999,16.072,5.443,0.200
155.0890,-1.000,632.012,608.794,11.609,0.981,0.200
155.1952,-0.000,639.050,603.621,17.714,5.587,0.200
155.2911,-0.000,636.763,610.493,13.135,1.007,0.200
155.3865,1.000,642.848,604.406,19.221,5.592,0.200
155.4937,1.000,639.766,610.487,14.640,1.008,0.200
155.5882,1.000,640.215,612.585,13.815,0.182,0.200
155.6951,2.000,646.113,604.954,20.579,5.443,0.200
155.7928,2.000,642.418,610.174,16.122,0.981,0.200
155.8887,2.000,642.266,611.624,15.321,0.177,0.200
155.9858,3.000,647.638,603.454,22.092,5.442,0.200
156.0931,3.000,643.494,608.220,17.637,0.981,0.200
156.1892,3.000,642.960,609.284,16.838,0.177,0.200
156.2959,4.000,648.007,600.786,23.610,5.442,0.200
156.3909,4.000,643.588,605.273,19.158,0.981,0.200
156.4877,4.000,642.819,606.098,18.361,0.177,0.200
156.5956,4.000,642.706,606.260,18.223,0.032,0.200
156.6897,4.000,642.708,606.299,18.205,0.006,0.200
156.7956,4.000,642.728,606.314,18.207,0.001,0.200
156.8899,5.000,647.712,597.460,25.126,5.410,0.200
156.9861,5.000,643.142,601.741,20.701,0.976,0.200
157.0924,5.000,642.228,602.408,19.910,0.176,0.200
157.1890,5.000,641.989,602.438,19.775,0.032,0.200
157.2861,5.000,641.883,602.366,19.759,0.006,0.200
157.3950,5.000,641.812,602.285,19.764,0.001,0.200
157.4907,5.000,641.757,602.212,19.772,0.000,0.200
157.5861,5.000,641.711,602.149,19.781,0.000,0.200
157.6923,5.000,641.674,602.093,19.791,0.000,0.200
157.7892,6.000,646.606,593.182,26.712,5.410,0.200
157.8858,5.000,634.030,603.276,15.377,-4.434,0.200
157.9930,6.000,643.081,591.215,25.933,4.610,0.200
158.0881,6.000,639.534,595.204,22.165,0.831,0.200
158.1934,6.000,639.051,596.062,21.495,0.150,0.200
158.2891,6.000,639.099,596.333,21.383,0.027,0.200
158.3855,6.000,639.224,596.479,21.372,0.005,0.200
158.4914,6.000,639.347,596.587,21.380,0.001,0.200
158.5881,6.000,639.455,596.675,21.390,0.000,0.200
158.6947,6.000,639.550,596.747,21.401,0.000,0.200
158.7896,6.000,639.632,596.807,21.413,0.000,0.200
158.8856,6.000,639.703,596.856,21.424,0.000,0.200
158.9919,6.000,639.765,596.895,21.435,0.000,0.200
159.0884,6.000,639.820,596.928,21.446,0.000,0.200
159.1935,6.000,639.868,596.953,21.458,0.000,0.200
159.2890,6.000,639.911,596.974,21.469,0.000,0.200
159.3846,6.000,639.949,596.989,21.480,0.000,0.200
159.4922,6.000,639.983,597.000,21.491,0.000,0.200
159.5884,6.000,640.013,597.008,21.503,0.000,0.200
159.6938,6.000,640.041,597.014,21.514,0.000,0.200
159.7889,6.000,640.066,597.016,21.525,0.000,0.200
159.8842,6.000,640.089,597.017,21.536,0.000,0.200
159.9910,6.000,640.111,597.016,21.548,0.000,0.200
160.0855,6.000,640.131,597.013,21.559,0.000,0.200
160.1928,7.000,645.111,588.147,28.482,5.410,0.200
160.2873,7.000,640.538,592.417,24.061,0.976,0.200
160.3923,7.000,639.623,593.075,23.274,0.176,0.200
160.4868,7.000,639.383,593.097,23.143,0.032,0.200
160.5939,7.000,639.277,593.017,23.130,0.006,0.200
160.6907,7.000,639.206,592.929,23.139,0.001,0.200
160.7868,7.000,639.152,592.850,23.151,0.000,0.200
160.8926,8.000,644.069,583.918,30.075,5.410,0.200
160.9855,8.000,639.444,588.132,25.656,0.976,0.200
161.0894,8.000,638.484,588.741,24.872,0.176,0.200
161.1844,8.000,638.206,588.721,24.742,0.032,0.200
161.2908,8.000,638.069,588.606,24.731,0.006,0.200
161.3867,8.000,637.971,588.488,24.742,0.001,0.200
161.4927,8.000,637.894,588.382,24.756,0.000,0.200
161.5867,9.000,642.793,579.428,31.682,5.410,0.200
161.6922,9.000,638.152,583.622,27.265,0.976,0.200
161.7878,9.000,637.179,584.215,26.482,0.176,0.200
161.8939,9.000,636.890,584.181,26.355,0.032,0.200
161.9893,9.000,636.744,584.053,26.346,0.006,0.200
162.0852,9.000,636.639,583.924,26.358,0.001,0.200
162.1908,9.000,636.556,583.808,26.374,0.000,0.200
162.2868,9.000,636.489,583.707,26.391,0.000,0.200
162.3930,9.000,636.434,583.619,26.408,0.000,0.200
162.4886,9.000,636.390,583.541,26.424,0.000,0.200
162.5855,9.000,636.355,583.472,26.441,0.000,0.200
162.6841,9.000,636.328,583.412,26.458,0.000,0.200
162.7909,8.000,628.346,589.219,19.563,-5.410,0.200
162.8870,8.000,633.371,585.345,24.013,-0.976,0.200
162.9832,8.000,634.675,585.020,24.827,-0.176,0.200
163.0901,8.000,635.250,585.277,24.986,-0.032,0.200
163.1859,8.000,635.644,585.589,25.027,-0.006,0.200
163.2920,7.000,628.003,591.732,18.135,-5.411,0.200
163.3880,7.000,633.314,588.147,22.584,-0.976,0.200
163.4834,7.000,634.860,588.067,23.397,-0.176,0.200
163.5901,7.000,635.641,588.533,23.554,-0.032,0.200
163.6839,8.000,641.172,580.162,30.505,5.404,0.200
163.7927,8.000,637.050,584.870,26.090,0.975,0.200
163.8882,8.000,636.516,585.903,25.306,0.176,0.200
163.9848,8.000,636.598,586.244,25.177,0.032,0.200
164.0919,7.000,628.805,592.296,18.255,-5.404,0.200
164.1886,7.000,634.009,588.614,22.697,-0.975,0.200
164.2912,7.000,635.467,588.448,23.509,-0.176,0.200
164.3873,7.000,636.173,588.841,23.666,-0.032,0.200
164.4833,6.000,628.718,595.130,16.794,-5.416,0.200
164.5828,6.000,634.172,591.684,21.244,-0.977,0.200
164.6905,6.000,635.838,591.726,22.056,-0.176,0.200
164.7867,5.000,628.758,598.158,15.300,-5.442,0.200
164.8919,5.000,634.452,594.913,19.769,-0.981,0.200
164.9905,4.000,628.344,601.002,13.671,-5.587,0.200
165.0849,4.000,634.423,597.907,18.258,-1.007,0.200
165.1901,3.000,628.563,604.204,12.180,-5.592,0.200
165.2853,3.000,634.837,601.300,16.769,-1.008,0.200
165.3910,2.000,629.141,607.763,10.689,-5.592,0.200
165.4872,1.000,627.591,610.863,8.364,-6.418,0.200
165.5833,1.000,635.013,607.759,13.627,-1.157,0.200
165.6896,1.000,637.799,608.644,14.578,-0.209,0.200
165.7827,-0.000,631.570,615.892,7.839,-5.447,0.200
165.8884,-0.000,637.968,613.360,12.304,-0.982,0.200
165.9917,-1.000,631.555,619.160,6.197,-5.587,0.200
166.0850,-2.000,628.510,620.784,3.863,-6.417,0.200
166.1911,-2.000,634.663,616.423,9.120,-1.157,0.200
166.2843,-3.000,627.507,621.202,3.153,-5.619,0.200
166.3884,-4.000,623.735,622.054,0.841,-6.423,0.200
166.4816,-4.000,629.251,617.055,6.098,-1.158,0.200
166.5860,-4.000,630.413,616.334,7.040,-0.209,0.200
166.6899,-5.000,621.902,621.319,0.292,-5.448,0.200
166.7853,-5.000,626.360,616.864,4.748,-0.982,0.200
166.8909,-5.000,627.157,616.070,5.543,-0.177,0.200
166.9870,-6.000,618.432,620.897,-1.232,-5.442,0.200
167.0825,-6.000,622.724,616.291,3.217,-0.981,0.200
167.1902,-6.000,623.384,615.365,4.010,-0.177,0.200
167.2851,-6.000,623.405,615.118,4.144,-0.032,0.200
167.3910,-6.000,623.324,615.007,4.159,-0.006,0.200
167.4875,-6.000,623.236,614.931,4.152,-0.001,0.200
167.5859,-6.000,623.156,614.872,4.142,-0.000,0.200
167.6823,-6.000,623.086,614.824,4.131,-0.000,0.200
167.7868,-6.000,623.024,614.785,4.119,-0.000,0.200
167.8839,-6.000,622.970,614.754,4.108,-0.000,0.200
167.9905,-6.000,622.923,614.729,4.097,-0.000,0.200
168.0859,-6.000,622.881,614.709,4.086,-0.000,0.200
168.1913,-6.000,622.843,614.694,4.074,-0.000,0.200
168.2863,-6.000,622.810,614.683,4.063,-0.000,0.200
168.3813,-6.000,622.779,614.676,4.052,-0.000,0.200
168.4890,-6.000,622.752,614.671,4.041,-0.000,0.200
168.5842,-6.000,622.727,614.668,4.029,-0.000,0.200
168.6882,-6.000,622.704,614.668,4.018,-0.000,0.200
168.7808,-6.000,622.683,614.669,4.007,-0.000,0.200
168.8857,-6.000,622.664,614.672,3.996,-0.000,0.200
168.9908,-6.000,622.645,614.676,3.984,-0.000,0.200
169.0855,-6.000,622.628,614.682,3.973,-0.000,0.200
169.1907,-6.000,622.611,614.688,3.962,-0.000,0.200
169.2847,-6.000,622.596,614.695,3.951,-0.000,0.200
169.3883,-6.000,622.581,614.702,3.939,-0.000,0.200
169.4858,-6.000,622.566,614.710,3.928,-0.000,0.200
169.5819,-5.000,628.414,606.757,10.829,5.410,0.200
169.6900,-5.000,624.576,611.806,6.385,0.976,0.200
169.7863,-5.000,624.281,613.129,5.576,0.176,0.200
169.8836,-5.000,624.565,613.720,5.422,0.032,0.200
169.9908,-5.000,624.901,614.127,5.387,0.006,0.200
170.0861,-4.000,631.065,606.495,12.285,5.411,0.200
170.1812,-3.000,633.360,603.852,14.754,6.386,0.200
170.2889,-3.000,629.472,610.444,9.514,1.151,0.200
170.3847,-3.000,629.672,612.543,8.565,0.208,0.200
170.4907,-2.000,636.335,605.734,15.300,5.447,0.200
170.5867,-2.000,633.304,611.641,10.832,0.982,0.200
170.6822,-2.000,633.717,613.672,10.023,0.177,0.200
170.7894,-1.000,640.469,606.898,16.786,5.442,0.200
170.8847,-1.000,637.497,612.851,12.323,0.981,0.200
170.9897,-1.000,637.958,614.924,11.517,0.177,0.200
171.0856,-1.000,638.888,616.148,11.370,0.032,0.200
171.1898,-1.000,639.775,617.091,11.342,0.006,0.200
171.2836,-2.000,631.685,622.838,4.424,-5.409,0.200
171.3862,-1.000,642.480,610.950,15.765,4.434,0.200
171.4817,-2.000,631.018,620.584,5.217,-4.610,0.200
171.5880,-3.000,626.654,622.494,2.080,-6.241,0.200
171.6813,-3.000,632.221,617.841,7.190,-1.125,0.200
171.7849,-3.000,633.526,617.312,8.107,-0.203,0.200
171.8888,-4.000,625.155,622.443,1.356,-5.446,0.200
171.9837,-4.000,629.735,618.110,5.813,-0.982,0.200
172.0805,-4.000,630.638,617.417,6.610,-0.177,0.200
172.1870,-5.000,622.003,622.330,-0.164,-5.442,0.200
172.2797,-5.000,626.372,617.797,4.287,-0.981,0.200
172.3825,-6.000,618.235,621.894,-1.829,-5.587,0.200
172.4900,-7.000,613.725,622.071,-4.173,-6.417,0.200
172.5861,-7.000,618.630,616.482,1.074,-1.157,0.200
172.6816,-8.000,610.414,620.218,-4.902,-5.619,0.200
172.7895,-9.000,605.738,620.185,-7.224,-6.423,0.200
172.8844,-9.000,610.485,614.436,-1.976,-1.158,0.200
172.9823,-10.000,602.129,618.039,-7.955,-5.619,0.200
173.0883,-11.000,597.335,617.895,-10.280,-6.423,0.200
173.1829,-12.000,593.118,617.013,-11.947,-6.568,0.200
173.2868,-13.000,588.951,615.947,-13.498,-6.594,0.200
173.3797,-13.000,593.607,609.842,-8.117,-1.189,0.200
173.4832,-14.000,585.080,613.238,-14.079,-5.624,0.200
173.5865,-15.000,580.122,612.935,-16.407,-6.424,0.200
173.6803,-16.000,575.761,611.923,-18.081,-6.568,0.200
173.7870,-17.000,571.470,610.747,-19.639,-6.594,0.200
173.8825,-17.000,576.020,604.551,-14.265,-1.189,0.200
173.9899,-18.000,567.401,607.870,-20.234,-5.624,0.200
174.0849,-19.000,562.364,607.503,-22.570,-6.424,0.200
174.1806,-20.000,557.935,606.438,-24.251,-6.568,0.200
174.2867,-20.000,562.446,600.257,-18.905,-1.184,0.200
174.3840,-20.000,562.670,598.614,-17.972,-0.214,0.200
174.4802,-22.000,544.481,607.796,-31.658,-10.858,0.200
174.5874,-22.000,552.512,598.110,-22.799,-1.958,0.200
174.6818,-22.000,553.372,595.842,-21.235,-0.353,0.200
174.7880,-24.000,535.299,604.919,-34.810,-10.883,0.200
174.8841,-24.000,543.351,595.220,-25.934,-1.963,0.200
174.9796,-24.000,544.215,592.957,-24.371,-0.354,0.200
175.0881,-24.000,543.865,592.117,-24.126,-0.064,0.200
175.1843,-24.000,543.367,591.604,-24.118,-0.012,0.200
175.2892,-24.000,542.902,591.210,-24.154,-0.002,0.200
175.3846,-24.000,542.493,590.888,-24.197,-0.000,0.200
175.4804,-24.000,542.138,590.622,-24.242,-0.000,0.200
175.5872,-23.000,547.691,582.441,-17.375,5.410,0.200
175.6829,-22.000,549.458,579.340,-14.941,6.385,0.200
175.7788,-21.000,550.978,577.587,-13.304,6.561,0.200
175.8874,-21.000,546.961,584.405,-18.722,1.183,0.200
175.9826,-21.000,547.143,586.605,-19.731,0.213,0.200
176.0798,-20.000,553.802,579.869,-13.034,5.448,0.200
176.1865,-19.000,556.628,577.878,-10.625,6.392,0.200
176.2830,-18.000,559.070,577.047,-8.989,6.563,0.200
176.3791,-18.000,555.841,584.644,-14.402,1.183,0.200
176.4838,-18.000,556.694,587.505,-15.405,0.213,0.200
176.5794,-16.000,569.787,573.368,-1.791,10.858,0.200
176.6850,-17.000,554.551,589.816,-17.632,-3.452,0.200
176.7801,-16.000,565.226,581.073,-7.923,4.787,0.200
176.8854,-15.000,569.454,579.386,-4.966,6.273,0.200
176.9809,-14.000,572.726,579.174,-3.224,6.541,0.200
177.0878,-13.000,576.001,579.401,-1.700,6.589,0.200
177.1830,-12.000,579.425,579.852,-0.214,6.598,0.200
177.2787,-11.000,583.003,580.469,1.267,6.600,0.200
177.3870,-11.000,580.855,589.182,-4.163,1.190,0.200
177.4821,-11.000,582.650,592.968,-5.159,0.215,0.200
177.5785,-10.000,590.687,587.574,1.556,5.449,0.200
177.6847,-10.000,588.825,594.683,-2.929,0.983,0.200
177.7812,-9.000,596.093,589.775,3.159,5.587,0.200
177.8855,-9.000,593.999,596.874,-1.438,1.007,0.200
177.9797,-8.000,601.146,591.883,4.632,5.592,0.200
178.0779,-8.000,598.964,598.897,0.033,1.008,0.200
178.1785,-6.000,611.899,585.869,13.015,11.001,0.200
178.2856,-6.000,605.831,597.858,3.986,1.984,0.200
178.3800,-6.000,606.710,602.012,2.349,0.358,0.200
178.4864,-5.000,614.406,596.493,8.956,5.474,0.200
178.5829,-3.000,624.058,587.492,18.283,11.807,0.200
178.6782,1.000,640.199,567.705,36.247,23.768,0.200
178.7842,4.000,640.053,565.051,37.501,20.516,0.200
178.8799,5.000,631.517,576.308,27.604,9.109,0.200
178.9868,5.000,626.716,586.422,20.147,1.643,0.200
179.0844,5.000,627.636,590.016,18.810,0.296,0.200
179.1801,5.000,629.322,592.169,18.577,0.053,0.200
179.2864,4.000,622.957,599.696,11.630,-5.400,0.200
179.3826,2.000,613.462,608.980,2.241,-11.793,0.200
179.4772,2.000,626.042,602.219,11.911,-2.127,0.200
179.5842,3.000,635.224,594.084,20.570,5.026,0.200
179.6799,4.000,638.017,591.282,23.367,6.316,0.200
179.7824,6.000,644.266,580.224,32.021,11.959,0.200
179.8771,7.000,640.393,582.109,29.142,7.566,0.200
179.9800,8.000,639.821,580.092,29.865,6.774,0.200
180.0831,9.000,639.645,577.167,31.239,6.631,0.200
180.1783,10.000,639.370,573.906,32.732,6.606,0.200
180.2852,11.000,638.933,570.438,34.248,6.601,0.200
180.3807,11.000,633.384,575.668,28.858,1.190,0.200
180.4786,11.000,632.293,576.487,27.903,0.215,0.200
180.5847,11.000,632.022,576.527,27.747,0.039,0.200
180.6805,11.000,631.913,576.440,27.736,0.007,0.200
180.7871,11.000,631.844,576.342,27.751,0.001,0.200
180.8823,11.000,631.793,576.251,27.771,0.000,0.200
180.9778,11.000,631.753,576.170,27.791,0.000,0.200
181.0824,10.000,623.761,581.960,20.900,-5.410,0.200
181.1813,10.000,628.778,578.071,25.353,-0.976,0.200
181.2786,10.000,630.075,577.732,26.172,-0.176,0.200
181.3859,10.000,630.646,577.977,26.335,-0.032,0.200
181.4808,10.000,631.037,578.278,26.379,-0.006,0.200
181.5869,10.000,631.355,578.549,26.403,-0.001,0.200
181.6813,10.000,631.625,578.780,26.422,-0.000,0.200
181.7771,9.000,623.895,584.836,19.530,-5.410,0.200
181.8837,9.000,629.134,581.173,23.981,-0.976,0.200
181.9784,9.000,630.621,581.026,24.797,-0.176,0.200
182.0858,9.000,631.351,581.435,24.958,-0.032,0.200
182.1801,8.000,623.916,587.738,18.089,-5.416,0.200
182.2771,8.000,629.389,584.303,22.543,-0.977,0.200
182.3832,7.000,623.109,590.215,16.447,-5.586,0.200
182.4796,7.000,629.045,586.967,21.039,-1.007,0.200
182.5860,7.000,631.026,587.270,21.878,-0.182,0.200
182.6812,7.000,632.159,588.079,22.040,-0.033,0.200
182.7867,6.000,625.062,594.726,15.168,-5.416,0.200
182.8821,6.000,630.821,591.585,19.618,-0.977,0.200
182.9777,5.000,624.784,597.747,13.518,-5.586,0.200
183.0836,5.000,630.925,594.712,18.106,-1.007,0.200
183.1770,4.000,625.119,601.059,12.030,-5.591,0.200
183.2829,3.000,623.477,604.060,9.709,-6.418,0.200
183.3767,2.000,622.860,606.733,8.063,-6.567,0.200
183.4808,1.000,622.658,609.582,6.538,-6.594,0.200
183.5770,1.000,630.690,606.800,11.945,-1.189,0.200
183.6838,-0.000,625.936,613.916,6.010,-5.624,0.200
183.7795,-1.000,624.189,616.772,3.708,-6.424,0.200
183.8860,-2.000,622.562,618.441,2.060,-6.568,0.200
183.9838,-2.000,629.460,614.579,7.441,-1.184,0.200
184.0793,-3.000,622.855,619.863,1.496,-5.623,0.200
184.1770,-4.000,619.537,621.161,-0.812,-6.424,0.200
184.2853,-4.000,625.435,616.543,4.446,-1.158,0.200
184.3808,-5.000,618.060,621.108,-1.524,-5.619,0.200
184.4761,-5.000,622.962,616.817,3.072,-1.013,0.200
184.5846,-6.000,615.181,621.217,-3.018,-5.593,0.200
184.6801,-7.000,610.955,621.669,-5.357,-6.418,0.200
184.7763,-8.000,607.237,621.279,-7.021,-6.567,0.200
184.8826,-8.000,612.360,615.666,-1.653,-1.184,0.200
184.9785,-9.000,604.245,619.463,-7.609,-5.623,0.200
185.0861,-10.000,599.641,619.497,-9.928,-6.424,0.200
185.1810,-11.000,595.583,618.770,-11.593,-6.568,0.200
185.2799,-11.000,600.413,612.873,-6.230,-1.184,0.200
185.3754,-12.000,592.048,616.431,-12.192,-5.623,0.200
185.4826,-12.000,596.092,611.301,-7.605,-1.014,0.200
185.5792,-13.000,587.578,614.993,-13.708,-5.593,0.200
185.6755,-13.000,591.588,609.883,-9.148,-1.009,0.200
185.7820,-13.000,591.923,608.614,-8.346,-0.182,0.200
185.8798,-13.000,591.650,608.092,-8.221,-0.033,0.200
185.9759,-13.000,591.315,607.752,-8.218,-0.006,0.200
186.0839,-13.000,591.009,607.484,-8.238,-0.001,0.200
186.1792,-13.000,590.741,607.264,-8.261,-0.000,0.200
186.2759,-12.000,596.371,599.119,-1.374,5.410,0.200
186.3826,-12.000,592.346,604.007,-5.831,0.976,0.200
186.4792,-12.000,591.890,605.196,-6.653,0.176,0.200
186.5780,-12.000,592.035,605.674,-6.820,0.032,0.200
186.6833,-12.000,592.251,605.988,-6.868,0.006,0.200
186.7783,-12.000,592.449,606.240,-6.895,0.001,0.200
186.8843,-12.000,592.617,606.455,-6.919,0.000,0.200
186.9789,-12.000,592.757,606.640,-6.941,0.000,0.200
187.0754,-12.000,592.873,606.801,-6.964,0.000,0.200
187.1818,-12.000,592.968,606.941,-6.986,0.000,0.200
187.2779,-12.000,593.046,607.063,-7.009,0.000,0.200
187.3841,-12.000,593.108,607.170,-7.031,0.000,0.200
187.4797,-12.000,593.158,607.265,-7.054,0.000,0.200
187.5744,-12.000,593.196,607.349,-7.076,0.000,0.200
187.6798,-12.000,593.226,607.424,-7.099,0.000,0.200
187.7758,-11.000,599.110,599.529,-0.210,5.410,0.200
187.8830,-11.000,595.300,604.629,-4.664,0.976,0.200
187.9785,-11.000,595.028,605.997,-5.485,0.176,0.200
188.0842,-11.000,595.329,606.628,-5.650,0.032,0.200
188.1793,-11.000,595.679,607.071,-5.696,0.006,0.200
188.2755,-10.000,601.852,599.472,1.190,5.411,0.200
188.3830,-10.000,598.292,604.819,-3.264,0.976,0.200
188.4793,-10.000,598.233,606.398,-4.082,0.176,0.200
188.5743,-10.000,598.716,607.206,-4.245,0.032,0.200
188.6796,-10.000,599.220,607.800,-4.290,0.006,0.200
188.7765,-9.000,605.525,600.328,2.598,5.411,0.200
188.8822,-9.000,602.077,605.784,-1.854,0.976,0.200
188.9788,-9.000,602.114,607.454,-2.670,0.176,0.200
189.0754,-9.000,602.678,608.341,-2.831,0.032,0.200
189.1818,-9.000,603.252,609.000,-2.874,0.006,0.200
189.2780,-9.000,603.754,609.546,-2.896,0.001,0.200
189.3740,-9.000,604.182,610.009,-2.914,0.000,0.200
189.4808,-9.000,604.544,610.405,-2.931,0.000,0.200
189.5768,-9.000,604.849,610.744,-2.947,0.000,0.200
189.6739,-9.000,605.106,611.034,-2.964,0.000,0.200
189.7819,-9.000,605.321,611.284,-2.981,0.000,0.200
189.8790,-9.000,605.502,611.498,-2.998,0.000,0.200
189.9757,-9.000,567.482,601.625,-3.015,0.000,0.120
190.0827,-10.000,525.221,591.937,-7.939,-3.405,0.120
190.1793,-10.000,494.493,573.869,-5.197,-0.644,0.120
190.2755,-10.000,463.313,555.933,-4.693,-0.122,0.120
190.3806,-9.000,436.935,530.523,0.294,3.382,0.120
190.4751,-9.000,405.781,513.017,-2.465,0.640,0.120
190.5809,-9.000,377.876,491.923,-3.001,0.121,0.120
190.6770,-9.000,351.263,469.246,-3.116,0.023,0.120
190.7829,-9.000,325.470,445.504,-3.151,0.004,0.120
190.8791,-8.000,304.029,414.800,1.736,3.406,0.120
190.9749,-8.000,302.019,418.778,-1.041,0.644,0.120
191.0818,-8.000,302.133,420.336,-1.579,0.122,0.120
191.1784,-8.000,302.572,421.317,-1.693,0.023,0.120
191.2736,-7.000,306.717,415.981,3.181,3.410,0.120
191.3801,-6.000,308.526,413.759,5.310,4.050,0.120
191.4771,-5.000,310.166,412.368,6.922,4.172,0.120
191.5742,-5.000,308.298,417.447,3.530,0.789,0.120
191.6801,-4.000,312.652,413.424,7.788,3.555,0.120
191.7760,-3.000,315.050,411.905,9.806,4.078,0.120
191.8731,-3.000,313.562,417.142,6.494,0.771,0.120
191.9808,-2.000,318.188,413.302,10.770,3.551,0.120
192.0778,-1.000,320.810,411.948,12.794,4.077,0.120
192.1736,-0.000,323.218,411.218,14.394,4.177,0.120
192.2809,1.000,325.125,410.137,15.914,4.196,0.120
192.3772,1.000,323.554,415.411,12.514,0.794,0.120
192.4830,2.000,327.574,410.937,16.780,3.556,0.120
192.5792,3.000,329.094,408.433,18.808,4.078,0.120
192.6749,4.000,329.968,406.122,20.414,4.177,0.120
192.7825,5.000,330.573,403.694,21.943,4.196,0.120
192.8774,6.000,331.004,401.115,23.457,4.199,0.120
192.9834,8.000,334.403,391.689,29.878,7.605,0.120
193.0810,9.000,331.791,391.580,28.634,4.844,0.120
193.1765,10.000,331.324,389.132,29.631,4.322,0.120
193.2731,11.000,331.203,386.177,31.052,4.223,0.120
193.3792,13.000,334.202,376.363,37.464,7.610,0.120
193.4741,14.000,331.263,375.909,36.225,4.845,0.120
193.5800,16.000,333.630,366.457,42.137,7.727,0.120
193.6740,17.000,330.488,365.978,40.809,4.867,0.120
193.7805,18.000,329.640,363.148,41.802,4.326,0.120
193.8760,19.000,329.208,359.853,43.235,4.224,0.120
193.9732,19.000,325.733,363.161,39.846,0.799,0.120
194.0796,20.000,328.156,356.996,44.141,3.557,0.120
194.1742,20.000,325.218,359.753,41.295,0.673,0.120
194.2814,20.000,324.632,360.185,40.787,0.127,0.120
194.3766,20.000,324.500,360.186,40.721,0.024,0.120
194.4729,19.000,318.354,363.820,35.832,-3.401,0.120
194.5763,18.000,315.472,365.168,33.717,-4.049,0.120
194.6724,18.000,319.636,362.700,37.034,-0.766,0.120
194.7795,17.000,314.903,366.473,32.782,-3.550,0.120
194.8758,16.000,312.799,368.363,30.785,-4.077,0.120
194.9820,15.000,311.436,370.144,29.213,-4.177,0.120
195.0786,15.000,316.527,368.407,32.628,-0.790,0.120
195.1764,14.000,312.515,372.871,28.389,-3.555,0.120
195.2723,15.000,320.222,364.947,36.205,2.733,0.120
195.3765,15.000,319.442,368.543,34.018,0.517,0.120
195.4745,15.000,320.248,370.131,33.627,0.098,0.120
195.5809,15.000,321.214,371.200,33.575,0.019,0.120
195.6752,16.000,325.199,365.345,38.496,3.409,0.120
195.7717,16.000,323.170,368.784,35.762,0.645,0.120
195.8787,16.000,323.276,369.876,35.269,0.122,0.120
195.9750,16.000,323.717,370.454,35.200,0.023,0.120
196.0722,16.000,324.161,370.876,35.211,0.004,0.120
196.1770,16.000,324.556,371.218,35.238,0.001,0.120
196.2731,17.000,328.005,364.794,40.174,3.406,0.120
196.3801,16.000,319.404,371.467,32.538,-2.761,0.120
196.4749,17.000,325.461,363.171,39.714,2.883,0.120
196.5813,17.000,323.703,366.025,37.408,0.545,0.120
196.6766,17.000,323.759,366.902,36.998,0.103,0.120
196.7717,17.000,324.104,367.350,36.946,0.020,0.120
196.8798,17.000,324.456,367.671,36.962,0.004,0.120
196.9757,17.000,324.772,367.928,36.991,0.001,0.120
197.0738,17.000,325.046,368.140,37.022,0.000,0.120
197.1789,17.000,325.285,368.315,37.054,0.000,0.120
197.2763,17.000,325.492,368.459,37.086,0.000,0.120
197.3712,17.000,325.674,368.577,37.118,0.000,0.120
197.4761,17.000,325.833,368.672,37.149,0.000,0.120
197.5809,17.000,325.973,368.748,37.181,0.000,0.120
197.6766,18.000,329.203,362.101,42.120,3.405,0.120
197.7746,18.000,326.524,364.876,39.393,0.644,0.120
197.8716,18.000,326.076,365.406,38.904,0.122,0.120
197.9779,18.000,326.046,365.505,38.839,0.023,0.120
198.0737,18.000,326.090,365.520,38.854,0.004,0.120
198.1789,18.000,326.146,365.515,38.885,0.001,0.120
198.2743,18.000,326.200,365.503,38.918,0.000,0.120
198.3802,18.000,326.252,365.487,38.951,0.000,0.120
198.4764,18.000,326.301,365.469,38.985,0.000,0.120
198.5729,18.000,326.348,365.448,39.019,0.000,0.120
198.6802,18.000,326.393,365.426,39.053,0.000,0.120
198.7759,18.000,326.436,365.401,39.086,0.000,0.120
198.8720,18.000,326.478,365.376,39.120,0.000,0.120
198.9770,18.000,326.518,365.349,39.154,0.000,0.120
199.0726,18.000,326.558,365.321,39.188,0.000,0.120
199.1796,18.000,326.596,365.292,39.221,0.000,0.120
199.2747,18.000,326.634,365.262,39.255,0.000,0.120
199.3796,17.000,320.564,368.940,34.381,-3.405,0.120
199.4761,18.000,326.948,359.922,42.082,2.761,0.120
199.5723,16.000,312.909,369.922,30.062,-6.288,0.120
199.6777,17.000,322.428,359.370,40.098,2.216,0.120
199.7713,17.000,321.725,362.196,38.334,0.419,0.120
199.8752,16.000,316.211,367.113,33.118,-3.326,0.120
199.9780,16.000,320.184,365.632,35.845,-0.629,0.120
200.0709,17.000,324.892,359.444,41.293,3.286,0.120
200.1742,17.000,323.129,362.948,38.660,0.622,0.120
200.2770,17.000,323.397,364.160,38.188,0.118,0.120
200.3697,17.000,323.963,364.853,38.124,0.022,0.120
200.4728,19.000,330.726,351.959,47.953,6.815,0.120
200.5766,18.000,319.523,361.551,37.555,-2.116,0.120
200.6710,19.000,325.195,353.909,44.212,3.005,0.120
200.7745,19.000,323.457,356.973,41.811,0.569,0.120
200.8783,20.000,326.703,351.255,46.293,3.513,0.120
200.9711,21.000,327.448,347.807,48.389,4.070,0.120
201.0741,21.000,324.539,351.420,45.129,0.770,0.120
201.1784,21.000,324.253,352.304,44.544,0.146,0.120
201.2746,21.000,324.428,352.636,44.465,0.028,0.120
201.3707,22.000,327.769,346.128,49.389,3.411,0.120
201.4786,22.000,325.198,349.006,46.665,0.645,0.120
201.5765,22.000,324.847,349.618,46.183,0.122,0.120
201.6724,22.000,324.900,349.787,46.126,0.023,0.120
201.7774,24.000,331.231,336.444,55.963,6.815,0.120
201.8722,24.000,325.771,341.945,50.482,1.289,0.120
201.9779,24.000,324.787,342.963,49.481,0.244,0.120
202.0733,24.000,324.649,343.130,49.329,0.046,0.120
202.1783,25.000,327.776,336.428,54.244,3.414,0.120
202.2710,25.000,325.036,339.129,51.522,0.646,0.120
202.3751,25.000,324.542,339.590,51.045,0.122,0.120
202.4780,26.000,327.583,332.921,55.900,3.429,0.120
202.5708,26.000,324.810,335.610,53.169,0.649,0.120
202.6742,26.000,324.297,336.051,52.692,0.123,0.120
202.7693,26.000,324.216,336.072,52.641,0.023,0.120
202.8751,27.000,327.328,329.309,57.579,3.410,0.120
202.9701,28.000,327.669,325.264,59.772,4.051,0.120
203.0774,28.000,324.363,328.421,56.540,0.766,0.120
203.1713,27.000,317.624,332.634,51.064,-3.260,0.120
203.2778,28.000,323.852,323.659,58.665,2.789,0.120
203.3731,28.000,321.976,326.200,56.457,0.528,0.120
203.4703,28.000,321.883,326.858,56.082,0.100,0.120
203.5747,28.000,322.095,327.127,56.053,0.019,0.120
203.6690,29.000,325.444,320.586,60.998,3.409,0.120
203.7761,27.000,310.663,330.854,48.474,-6.166,0.120
203.8720,27.000,316.795,326.886,53.523,-1.167,0.120
203.9770,28.000,321.819,320.102,59.427,3.185,0.120
204.0721,29.000,323.148,316.676,61.805,4.008,0.120
204.1697,28.000,314.454,324.188,53.702,-2.647,0.120
204.2769,27.000,311.544,326.694,50.994,-3.906,0.120
204.3740,30.000,325.355,304.739,68.877,9.477,0.120
204.4702,30.000,318.710,313.462,61.193,1.793,0.120
204.5753,30.000,318.139,315.798,59.739,0.339,0.120
204.6712,31.000,321.720,310.119,64.370,3.470,0.120
204.7779,31.000,319.514,313.540,61.556,0.656,0.120
204.8742,31.000,319.499,314.589,61.024,0.124,0.120
204.9691,34.000,329.154,295.012,75.640,10.240,0.120
205.0739,33.000,315.029,307.304,62.432,-1.468,0.120
205.1690,34.000,320.046,300.129,68.528,3.128,0.120
205.2759,34.000,318.093,303.247,65.992,0.592,0.120
205.3724,35.000,321.214,297.517,70.417,3.517,0.120
205.4693,35.000,318.753,300.760,67.565,0.665,0.120
205.5770,36.000,321.651,294.927,71.931,3.531,0.120
205.6736,36.000,319.040,298.042,69.068,0.668,0.120
205.7716,36.000,318.713,298.799,68.526,0.126,0.120
205.8683,36.000,318.793,299.084,68.424,0.024,0.120
205.9739,36.000,318.929,299.258,68.405,0.005,0.120
206.0693,36.000,319.057,299.393,68.401,0.001,0.120
206.1759,36.000,319.168,299.506,68.400,0.000,0.120
206.2711,35.000,313.158,303.307,63.495,-3.405,0.120
206.3767,34.000,310.375,304.812,61.350,-4.050,0.120
206.4728,34.000,314.615,302.486,64.634,-0.766,0.120
206.5707,34.000,316.050,302.678,65.255,-0.145,0.120
206.6770,34.000,316.858,303.251,65.373,-0.027,0.120
206.7726,33.000,311.363,307.522,60.489,-3.411,0.120
206.8695,32.000,309.002,309.442,58.349,-4.051,0.120
206.9759,33.000,316.704,300.764,66.539,2.639,0.120
207.0723,32.000,309.545,307.695,59.494,-2.906,0.120
207.1694,32.000,313.304,306.742,61.850,-0.550,0.120
207.2753,31.000,308.837,311.194,57.391,-3.509,0.120
207.3722,31.000,313.176,309.842,60.236,-0.664,0.120
207.4677,31.000,314.984,310.573,60.774,-0.126,0.120
207.5726,31.000,316.165,311.550,60.876,-0.024,0.120
207.6680,30.000,310.996,316.154,55.990,-3.410,0.120
207.7729,30.000,315.020,314.648,58.755,-0.645,0.120
207.8685,29.000,310.563,318.847,54.427,-3.527,0.120
207.9758,28.000,308.760,321.030,52.434,-4.073,0.120
208.0713,28.000,313.776,319.337,55.789,-0.771,0.120
208.1764,27.000,309.759,323.779,51.559,-3.551,0.120
208.2730,25.000,302.155,329.944,44.674,-7.483,0.120
208.3702,25.000,310.657,326.219,50.788,-1.416,0.120
208.4672,24.000,307.774,330.762,47.076,-3.673,0.120
208.5752,24.000,313.003,329.944,50.099,-0.695,0.120
208.6688,22.000,303.272,338.625,40.893,-6.942,0.120
208.7759,23.000,314.603,328.801,51.470,2.092,0.120
208.8706,22.000,308.983,336.302,44.910,-3.010,0.120
208.9759,21.000,307.657,339.827,42.484,-3.975,0.120
209.0712,21.000,313.354,338.999,45.746,-0.752,0.120
209.1680,21.000,316.035,340.457,46.358,-0.142,0.120
209.2749,21.000,317.909,342.101,46.473,-0.027,0.120
209.3709,21.000,319.426,343.574,46.495,-0.005,0.120
209.4673,20.000,314.595,348.546,41.594,-3.406,0.120
209.5755,20.000,318.917,347.344,44.356,-0.644,0.120
209.6707,19.000,314.661,351.854,39.973,-3.527,0.120
209.7771,19.000,319.128,350.601,42.833,-0.667,0.120
209.8723,18.000,314.930,355.131,38.468,-3.532,0.120
209.9667,18.000,319.435,353.909,41.332,-0.668,0.120
210.0694,16.000,309.161,362.173,32.063,-6.937,0.120
210.1746,17.000,320.037,351.989,42.593,2.093,0.120
210.2709,16.000,314.028,359.185,35.991,-3.009,0.120
210.3669,16.000,318.473,358.750,38.431,-0.569,0.120
210.4728,15.000,314.533,363.698,33.987,-3.513,0.120
210.5682,14.000,313.205,366.483,31.930,-4.070,0.120
210.6742,14.000,318.624,365.302,35.230,-0.770,0.120
210.7698,13.000,314.944,370.185,30.949,-3.551,0.120
210.8743,11.000,307.624,376.727,24.017,-7.483,0.120
210.9715,10.000,310.255,377.035,25.179,-4.821,0.120
211.0669,10.000,316.913,375.875,29.088,-0.912,0.120
211.1716,10.000,319.989,377.473,29.827,-0.173,0.120
211.2674,9.000,316.010,383.024,25.062,-3.438,0.120
211.3752,8.000,314.860,386.110,22.944,-4.056,0.120
211.4708,5.000,302.156,396.261,11.516,-10.984,0.120
211.5683,4.000,308.371,394.475,15.517,-5.483,0.120
211.6743,4.000,316.199,393.412,19.963,-1.037,0.120
211.7705,4.000,319.915,395.446,20.804,-0.196,0.120
211.8684,4.000,322.518,397.730,20.963,-0.037,0.120
211.9741,3.000,318.520,403.483,16.088,-3.412,0.120
212.0695,2.000,317.427,406.667,13.949,-4.051,0.120
212.1665,1.000,316.995,409.477,12.328,-4.172,0.120
212.2717,-0.000,316.782,412.310,10.805,-4.195,0.120
212.3674,-0.000,322.797,411.523,14.206,-0.794,0.120
212.4719,-0.000,325.663,413.101,14.850,-0.150,0.120
212.5657,1.000,330.778,408.163,19.877,3.377,0.120
212.6695,-0.000,323.510,416.181,12.233,-2.767,0.120
212.7751,-0.000,327.572,415.757,14.477,-0.523,0.120
212.8718,1.000,332.648,410.174,19.806,3.306,0.120
212.9678,1.000,331.251,414.139,17.126,0.626,0.120
213.0736,1.000,331.836,415.737,16.618,0.118,0.120
213.1681,1.000,332.668,416.761,16.522,0.022,0.120
213.2724,1.000,333.438,417.568,16.504,0.004,0.120
213.3691,2.000,337.211,411.536,21.406,3.406,0.120
213.4667,3.000,338.094,408.133,23.550,4.050,0.120
213.5727,3.000,335.239,411.845,20.266,0.766,0.120
213.6680,3.000,334.983,412.831,19.645,0.145,0.120
213.7750,3.000,335.175,413.258,19.527,0.027,0.120
213.8705,3.000,335.416,413.544,19.505,0.005,0.120
213.9673,3.000,335.636,413.772,19.501,0.001,0.120
214.0740,3.000,335.825,413.963,19.500,0.000,0.120
214.1709,3.000,335.987,414.125,19.500,0.000,0.120
214.2669,3.000,336.124,414.262,19.500,0.000,0.120
214.3744,3.000,336.241,414.379,19.500,0.000,0.120
214.4691,3.000,336.340,414.478,19.500,0.000,0.120
214.5752,3.000,336.425,414.563,19.500,0.000,0.120
214.6695,2.000,330.391,418.340,14.595,-3.405,0.120
214.7647,2.000,333.693,416.120,17.356,-0.644,0.120
214.8691,2.000,334.675,416.057,17.878,-0.122,0.120
214.9746,1.000,329.060,420.055,13.072,-3.428,0.120
215.0699,1.000,332.652,418.087,15.851,-0.649,0.120
215.1648,1.000,333.868,418.252,16.377,-0.123,0.120
215.2740,1.000,334.554,418.739,16.477,-0.023,0.120
215.3723,1.000,335.072,419.219,16.496,-0.004,0.120
215.4677,1.000,335.500,419.639,16.499,-0.001,0.120
215.5706,-0.000,329.755,423.705,11.594,-3.406,0.120
215.6650,-0.000,333.303,421.730,14.356,-0.644,0.120
215.7729,-0.000,334.494,421.876,14.878,-0.122,0.120
215.8694,-0.000,335.161,422.345,14.977,-0.023,0.120
215.9654,-0.000,335.662,422.809,14.996,-0.004,0.120
216.0713,-0.000,336.076,423.216,14.999,-0.001,0.120
216.1680,-0.000,336.426,423.564,15.000,-0.000,0.120
216.2645,-0.000,336.723,423.861,15.000,-0.000,0.120
216.3704,-0.000,336.975,424.113,15.000,-0.000,0.120
216.4649,-0.000,337.189,424.327,15.000,-0.000,0.120
216.5702,-0.000,337.371,424.509,15.000,-0.000,0.120
216.6651,-0.000,337.526,424.664,15.000,-0.000,0.120
216.7715,-0.000,337.657,424.796,15.000,-0.000,0.120
216.8692,-0.000,337.769,424.907,15.000,-0.000,0.120
216.9652,-0.000,337.864,425.003,15.000,-0.000,0.120
217.0732,-0.000,337.945,425.083,15.000,-0.000,0.120
217.1688,-0.000,338.014,425.152,15.000,-0.000,0.120
217.2653,-0.000,338.072,425.210,15.000,-0.000,0.120
217.3744,-0.000,338.122,425.260,15.000,-0.000,0.120
217.4701,1.000,341.269,418.597,19.905,3.405,0.120
217.5666,1.000,338.514,421.364,17.144,0.644,0.120
217.6726,1.000,337.997,421.891,16.622,0.122,0.120
217.7678,1.000,337.902,421.994,16.523,0.023,0.120
217.8728,1.000,337.887,422.017,16.504,0.004,0.120
217.9680,1.000,337.887,422.023,16.501,0.001,0.120
218.0638,1.000,337.889,422.026,16.500,0.000,0.120
218.1698,1.000,337.891,422.029,16.500,0.000,0.120
218.2637,2.000,340.998,415.325,21.405,3.405,0.120
218.3676,2.000,338.208,418.058,18.644,0.644,0.120
218.4717,2.000,337.662,418.556,18.122,0.122,0.120
218.5655,2.000,337.542,418.634,18.023,0.023,0.120
218.6701,2.000,337.506,418.636,18.004,0.004,0.120
218.7661,2.000,337.488,418.624,18.001,0.001,0.120
218.8733,2.000,337.475,418.613,18.000,0.000,0.120
218.9691,2.000,337.464,418.602,18.000,0.000,0.120
219.0649,2.000,337.455,418.593,18.000,0.000,0.120
219.1702,2.000,337.447,418.585,18.000,0.000,0.120
219.2637,2.000,337.440,418.579,18.000,0.000,0.120
219.3668,3.000,340.540,411.868,22.905,3.405,0.120
219.4698,3.000,337.744,414.594,20.144,0.644,0.120
219.5632,3.000,337.192,415.087,19.622,0.122,0.120
219.6675,3.000,337.068,415.160,19.523,0.023,0.120
219.7731,3.000,337.028,415.158,19.504,0.004,0.120
219.8689,3.000,337.007,415.143,19.501,0.001,0.120
219.9648,3.000,336.991,415.128,19.500,0.000,0.120
220.0739,3.000,336.977,415.115,19.500,0.000,0.120
220.1691,4.000,340.072,408.399,24.405,3.405,0.120
220.2647,4.000,337.271,411.121,21.644,0.644,0.120
220.3707,4.000,336.715,411.609,21.122,0.122,0.120
220.4692,4.000,336.588,411.680,21.023,0.023,0.120
220.5638,4.000,336.545,411.674,21.004,0.004,0.120
220.6689,4.000,336.521,411.657,21.001,0.001,0.120
220.7631,4.000,336.503,411.640,21.000,0.000,0.120
220.8692,5.000,339.593,404.920,25.905,3.405,0.120
220.9669,5.000,336.789,407.639,23.144,0.644,0.120
221.0647,5.000,336.230,408.125,22.622,0.122,0.120
221.1717,5.000,336.101,408.193,22.523,0.023,0.120
221.2669,5.000,336.056,408.185,22.504,0.004,0.120
221.3636,5.000,336.030,408.167,22.501,0.001,0.120
221.4692,5.000,336.011,408.148,22.500,0.000,0.120
221.5654,6.000,339.100,401.427,27.405,3.405,0.120
221.6719,6.000,336.295,404.144,24.644,0.644,0.120
221.7692,6.000,335.735,404.630,24.122,0.122,0.120
221.8646,6.000,335.605,404.697,24.023,0.023,0.120
221.9713,6.000,335.559,404.689,24.004,0.004,0.120
222.0674,6.000,335.533,404.670,24.001,0.001,0.120
222.1629,7.000,338.618,397.946,28.906,3.406,0.120
222.2691,7.000,335.811,400.660,26.144,0.644,0.120
222.3657,7.000,335.249,401.143,25.622,0.122,0.120
222.4702,7.000,335.116,401.208,25.523,0.023,0.120
222.5669,7.000,335.069,401.199,25.504,0.004,0.120
222.6722,7.000,335.041,401.178,25.501,0.001,0.120
222.7667,8.000,338.126,394.453,30.406,3.406,0.120
222.8619,8.000,335.317,397.166,27.644,0.644,0.120
222.9693,8.000,334.754,397.648,27.122,0.122,0.120
223.0639,8.000,334.621,397.713,27.023,0.023,0.120
223.1707,8.000,334.573,397.702,27.004,0.004,0.120
223.2678,8.000,334.545,397.681,27.001,0.001,0.120
223.3643,9.000,337.628,390.955,31.906,3.406,0.120
223.4714,8.000,328.714,397.374,24.239,-2.761,0.120
223.5662,9.000,334.497,388.869,31.383,2.883,0.120
223.6626,9.000,332.503,391.550,29.045,0.545,0.120
223.7689,9.000,332.352,392.284,28.603,0.103,0.120
223.8650,9.000,332.517,392.616,28.520,0.020,0.120
223.9719,9.000,332.712,392.843,28.504,0.004,0.120
224.0690,9.000,332.888,393.025,28.501,0.001,0.120
224.1645,10.000,336.145,386.472,33.406,3.406,0.120
224.2714,10.000,333.484,389.333,30.644,0.644,0.120
224.3684,10.000,333.046,389.940,30.122,0.122,0.120
224.4635,10.000,333.019,390.111,30.023,0.023,0.120
224.5698,11.000,336.167,383.485,34.910,3.410,0.120
224.6645,11.000,333.424,386.272,32.145,0.645,0.120
224.7710,11.000,332.919,386.814,31.622,0.122,0.120
224.8666,11.000,332.836,386.928,31.523,0.023,0.120
224.9716,11.000,332.831,386.961,31.504,0.004,0.120
225.0681,11.000,332.839,386.976,31.501,0.001,0.120
225.1639,11.000,332.848,386.986,31.500,0.000,0.120
225.2707,11.000,332.856,386.994,31.500,0.000,0.120
225.3665,11.000,332.863,387.001,31.500,0.000,0.120
225.4641,11.000,332.869,387.007,31.500,0.000,0.120
225.5712,11.000,332.874,387.012,31.500,0.000,0.120
225.6680,11.000,332.879,387.017,31.500,0.000,0.120
225.7642,10.000,326.777,390.726,26.595,-3.405,0.120
225.8697,10.000,330.021,388.448,29.356,-0.644,0.120
225.9650,10.000,330.954,388.336,29.878,-0.122,0.120
226.0707,10.000,331.402,388.586,29.977,-0.023,0.120
226.1681,9.000,325.612,392.570,25.090,-3.410,0.120
226.2649,9.000,329.109,390.537,27.855,-0.645,0.120
226.3629,9.000,330.254,390.637,28.378,-0.122,0.120
226.4689,8.000,324.777,394.772,23.572,-3.428,0.120
226.5654,8.000,328.486,392.922,26.351,-0.649,0.120
226.6709,7.000,323.697,396.892,21.972,-3.528,0.120
226.7668,7.000,327.709,395.183,24.833,-0.667,0.120
226.8635,7.000,329.230,395.620,25.374,-0.126,0.120
226.9703,7.000,330.164,396.350,25.476,-0.024,0.120
227.0670,6.000,324.785,400.743,20.590,-3.410,0.120
227.1627,6.000,328.631,399.060,23.355,-0.645,0.120
227.2700,6.000,330.073,399.456,23.878,-0.122,0.120
227.3663,5.000,324.848,403.843,19.072,-3.428,0.120
227.4607,5.000,328.772,402.207,21.851,-0.649,0.120
227.5662,4.000,324.165,406.359,17.472,-3.528,0.120
227.6605,4.000,328.332,404.805,20.333,-0.667,0.120
227.7655,3.000,323.878,409.080,15.968,-3.532,0.120
227.8622,3.000,328.166,407.640,18.832,-0.668,0.120
227.9698,3.000,329.918,408.309,19.374,-0.126,0.120
228.0653,2.000,324.944,412.941,14.571,-3.429,0.120
228.1618,2.000,329.079,411.515,17.351,-0.649,0.120
228.2673,1.000,324.651,415.845,12.972,-3.528,0.120
228.3622,1.000,328.970,414.443,15.833,-0.667,0.120
228.4668,-0.000,324.646,418.847,11.468,-3.532,0.120
228.5697,-0.000,329.043,417.518,14.332,-0.668,0.120
228.6637,-0.000,330.889,418.280,14.874,-0.126,0.120
228.7690,-1.000,325.392,422.393,10.069,-3.429,0.120
228.8657,-1.000,329.083,420.526,12.847,-0.649,0.120
228.9607,-2.000,323.675,423.884,8.464,-3.528,0.120
229.0676,-2.000,327.161,421.656,11.321,-0.667,0.120
229.1619,-2.000,328.233,421.653,11.859,-0.126,0.120
229.2686,-2.000,328.786,422.009,11.957,-0.024,0.120
229.3643,-3.000,322.480,425.487,7.066,-3.410,0.120
229.4596,-3.000,325.538,423.026,9.825,-0.645,0.120
229.5669,-3.000,326.309,422.762,10.342,-0.122,0.120
229.6629,-4.000,319.910,425.992,5.528,-3.428,0.120
229.7694,-4.000,322.836,423.372,8.301,-0.649,0.120
229.8657,-3.000,327.192,416.877,13.726,3.283,0.120
229.9615,-4.000,318.408,423.242,6.152,-2.784,0.120
230.0677,-4.000,321.130,421.464,8.402,-0.527,0.120
230.1627,-4.000,321.951,421.446,8.822,-0.100,0.120
230.2697,-4.000,322.365,421.714,8.895,-0.019,0.120
230.3680,-4.000,322.663,421.996,8.903,-0.004,0.120
230.4638,-4.000,322.905,422.247,8.898,-0.001,0.120
230.5695,-4.000,323.107,422.463,8.891,-0.000,0.120
230.6649,-4.000,323.278,422.649,8.884,-0.000,0.120
230.7604,-3.000,327.129,416.700,13.784,3.405,0.120
230.8682,-4.000,318.264,423.183,6.109,-2.761,0.120
230.9640,-4.000,320.982,421.439,8.341,-0.522,0.120
231.0616,-4.000,321.813,421.437,8.757,-0.099,0.120
231.1681,-4.000,322.237,421.717,8.829,-0.019,0.120
231.2629,-3.000,326.252,415.901,13.744,3.402,0.120
231.3593,-3.000,324.222,419.399,10.980,0.644,0.120
231.4643,-3.000,324.319,420.551,10.453,0.122,0.120
231.5589,-3.000,324.745,421.186,10.349,0.023,0.120
231.6659,-3.000,325.172,421.661,10.324,0.004,0.120
231.7614,-3.000,325.546,422.054,10.315,0.001,0.120
231.8587,-3.000,325.866,422.386,10.309,0.000,0.120
231.9652,-3.000,326.137,422.669,10.303,0.000,0.120
232.0604,-3.000,326.367,422.910,10.298,0.000,0.120
232.1682,-3.000,326.561,423.115,10.292,0.000,0.120
232.2636,-2.000,330.433,417.184,15.194,3.405,0.120
232.3592,-2.000,328.292,420.573,12.429,0.644,0.120
232.4651,-2.000,328.297,421.630,11.903,0.122,0.120
232.5623,-2.000,328.646,422.184,11.800,0.023,0.120
232.6681,-2.000,329.007,422.590,11.777,0.004,0.120
232.7638,-2.000,329.326,422.924,11.770,0.001,0.120
232.8601,-2.000,329.598,423.205,11.766,0.000,0.120
232.9667,-1.000,333.537,417.337,16.669,3.405,0.120
233.0628,-1.000,331.455,420.780,13.906,0.644,0.120
233.1574,-1.000,331.509,421.883,13.382,0.122,0.120
233.2644,-1.000,331.899,422.475,13.281,0.023,0.120
233.3600,-0.000,336.004,416.806,18.168,3.410,0.120
233.4653,-0.000,334.074,420.406,15.403,0.645,0.120
233.5602,-0.000,334.261,421.639,14.880,0.122,0.120
233.6582,1.000,337.873,415.634,19.688,3.428,0.120
233.7630,1.000,335.578,418.895,16.911,0.649,0.120
233.8585,1.000,335.464,419.829,16.386,0.123,0.120
233.9648,2.000,338.822,413.568,21.196,3.429,0.120
234.0618,2.000,336.313,416.611,18.420,0.649,0.120
234.1585,2.000,336.017,417.360,17.898,0.123,0.120
234.2653,3.000,339.221,410.941,22.709,3.429,0.120
234.3599,3.000,336.580,413.849,19.935,0.649,0.120
234.4674,4.000,339.281,407.775,24.322,3.528,0.120
234.5636,4.000,336.495,410.695,21.469,0.667,0.120
234.6608,4.000,336.017,411.286,20.935,0.126,0.120
234.7633,5.000,339.078,404.721,25.747,3.429,0.120
234.8672,5.000,336.318,407.503,22.976,0.649,0.120
234.9609,5.000,335.810,408.029,22.460,0.123,0.120
235.0640,6.000,338.835,401.420,27.277,3.429,0.120
235.1582,6.000,336.043,404.165,24.508,0.649,0.120
235.2656,6.000,335.509,404.660,23.993,0.123,0.120
235.3630,7.000,338.511,398.024,28.812,3.429,0.120
235.4609,7.000,335.700,400.747,26.046,0.649,0.120
235.5673,7.000,335.149,401.222,25.533,0.123,0.120
235.6619,8.000,338.138,394.569,30.354,3.429,0.120
235.7579,8.000,335.316,397.277,27.589,0.649,0.120
235.8646,8.000,334.756,397.739,27.078,0.123,0.120
235.9611,9.000,337.738,391.075,31.900,3.429,0.120
236.0681,9.000,334.910,393.773,29.137,0.649,0.120
236.1637,10.000,337.445,387.527,33.528,3.528,0.120
236.2594,10.000,334.507,390.310,30.667,0.667,0.120
236.3640,11.000,337.006,384.081,35.032,3.532,0.120
236.4594,11.000,334.057,386.859,32.168,0.668,0.120
236.5656,11.000,333.442,387.328,31.626,0.126,0.120
236.6639,11.000,333.278,387.368,31.524,0.024,0.120
236.7603,12.000,336.311,380.629,36.410,3.410,0.120
236.8578,12.000,333.472,383.320,33.645,0.645,0.120
236.9649,12.000,332.885,383.779,33.122,0.122,0.120
237.0603,12.000,332.732,383.824,33.023,0.023,0.120
237.1663,12.000,332.668,383.797,33.004,0.004,0.120
237.2634,12.000,332.625,383.761,33.001,0.001,0.120
237.3613,13.000,335.697,377.024,37.906,3.406,0.120
237.4665,13.000,332.877,379.727,35.144,0.644,0.120
237.5626,12.000,326.200,383.905,29.716,-3.284,0.120
237.6587,12.000,329.300,381.681,32.379,-0.621,0.120
237.7612,12.000,330.176,381.549,32.882,-0.118,0.120
237.8581,12.000,330.588,381.770,32.978,-0.022,0.120
237.9626,12.000,330.875,382.021,32.996,-0.004,0.120
238.0593,12.000,331.107,382.247,32.999,-0.001,0.120
238.1644,11.000,325.196,386.146,28.094,-3.406,0.120
238.2594,11.000,328.603,384.030,30.856,-0.644,0.120
238.3645,11.000,329.674,384.056,31.378,-0.122,0.120
238.4594,11.000,330.239,384.423,31.477,-0.023,0.120
238.5658,10.000,324.548,388.506,26.590,-3.410,0.120
238.6618,10.000,328.130,386.558,29.355,-0.645,0.120
238.7578,10.000,329.347,386.729,29.878,-0.122,0.120
238.8641,10.000,330.036,387.220,29.977,-0.023,0.120
238.9598,10.000,330.556,387.703,29.996,-0.004,0.120
239.0659,9.000,324.881,391.831,25.094,-3.406,0.120
239.1624,9.000,328.485,389.912,27.856,-0.644,0.120
239.2582,9.000,329.724,390.106,28.378,-0.122,0.120
239.3641,9.000,330.431,390.615,28.477,-0.023,0.120
239.4607,8.000,324.862,394.819,23.590,-3.410,0.120
239.5657,8.000,328.546,392.974,26.355,-0.645,0.120
239.6608,8.000,329.851,393.233,26.878,-0.122,0.120
239.7563,7.000,324.509,397.504,22.072,-3.428,0.120
239.8631,7.000,328.334,395.769,24.851,-0.649,0.120
239.9581,6.000,323.642,399.837,20.472,-3.528,0.120
240.0647,6.000,327.738,398.211,23.333,-0.667,0.120
240.1604,6.000,329.329,398.719,23.874,-0.126,0.120
240.2560,5.000,324.218,403.215,19.071,-3.429,0.120
240.3641,5.000,328.237,401.673,21.851,-0.649,0.120
240.4593,5.000,329.816,402.199,22.377,-0.123,0.120
240.5655,5.000,330.810,402.994,22.477,-0.023,0.120
240.6604,4.000,325.484,407.441,17.590,-3.410,0.120
240.7569,4.000,329.375,405.803,20.355,-0.645,0.120
240.8639,4.000,330.855,406.238,20.878,-0.122,0.120
240.9591,3.000,325.663,410.658,16.072,-3.428,0.120
241.0649,3.000,329.614,409.050,18.851,-0.649,0.120
241.1593,3.000,331.136,409.520,19.377,-0.123,0.120
241.2661,3.000,332.082,410.267,19.477,-0.023,0.120
241.3613,2.000,326.715,414.673,14.590,-3.410,0.120
241.4587,2.000,330.572,413.000,17.355,-0.645,0.120
241.5666,1.000,325.917,417.110,12.973,-3.527,0.120
241.6620,1.000,330.046,415.519,15.833,-0.667,0.120
241.7587,1.000,331.666,416.056,16.374,-0.126,0.120
241.8650,1.000,332.685,416.871,16.476,-0.024,0.120
241.9609,-0.000,327.378,421.336,11.590,-3.410,0.120
242.0564,-0.000,331.285,419.713,14.355,-0.645,0.120
242.1624,-1.000,326.072,423.269,9.971,-3.527,0.120
242.2580,-1.000,329.725,421.206,12.829,-0.667,0.120
242.3633,-1.000,330.941,421.342,13.368,-0.126,0.120
242.4595,-1.000,331.616,421.817,13.469,-0.024,0.120
242.5647,-1.000,332.122,422.287,13.486,-0.005,0.120
242.6584,-1.000,332.538,422.701,13.488,-0.001,0.120
242.7621,-1.000,332.890,423.055,13.487,-0.000,0.120
242.8570,-1.000,333.188,423.357,13.485,-0.000,0.120
242.9618,-1.000,333.441,423.613,13.483,-0.000,0.120
243.0567,-1.000,333.656,423.832,13.481,-0.000,0.120
243.1627,-1.000,333.839,424.018,13.479,-0.000,0.120
243.2570,-1.000,333.993,424.176,13.477,-0.000,0.120
243.3640,-1.000,334.125,424.311,13.476,-0.000,0.120
243.4618,-1.000,334.236,424.426,13.474,-0.000,0.120
243.5585,-1.000,334.330,424.524,13.472,-0.000,0.120
243.6636,-1.000,334.410,424.608,13.470,-0.000,0.120
243.7562,-1.000,334.478,424.679,13.468,-0.000,0.120
243.8591,-1.000,334.535,424.740,13.466,-0.000,0.120
243.9640,-1.000,334.583,424.792,13.464,-0.000,0.120
244.0568,-1.000,334.624,424.837,13.462,-0.000,0.120
244.1610,-2.000,327.951,427.982,8.553,-3.405,0.120
244.2549,-2.000,330.709,425.226,11.311,-0.644,0.120
244.3607,-2.000,331.229,424.708,11.829,-0.122,0.120
244.4559,-2.000,331.324,424.613,11.924,-0.023,0.120
244.5638,-2.000,331.340,424.599,11.939,-0.004,0.120
244.6591,-2.000,331.340,424.600,11.939,-0.001,0.120
244.7556,-2.000,331.337,424.603,11.936,-0.000,0.120
244.8626,-2.000,331.334,424.607,11.932,-0.000,0.120
244.9591,-2.000,331.330,424.611,11.929,-0.000,0.120
245.0573,-2.000,331.327,424.615,11.925,-0.000,0.120
245.1624,-2.000,331.323,424.619,11.921,-0.000,0.120
245.2578,-2.000,331.320,424.623,11.917,-0.000,0.120
245.3616,-2.000,331.316,424.627,11.914,-0.000,0.120
245.4544,-2.000,331.312,424.631,11.910,-0.000,0.120
245.5599,-2.000,331.309,424.634,11.906,-0.000,0.120
245.6556,-2.000,331.305,424.638,11.902,-0.000,0.120
245.7632,-2.000,331.301,424.642,11.899,-0.000,0.120
245.8612,-2.000,331.298,424.646,11.895,-0.000,0.120
245.9577,-1.000,335.001,418.542,16.799,3.405,0.120
246.0536,-2.000,326.011,424.893,9.128,-2.761,0.120
246.1591,-1.000,332.331,416.929,16.271,2.883,0.120
246.2552,-1.000,330.793,420.069,13.931,0.545,0.120
246.3638,-2.000,324.323,424.302,8.580,-3.302,0.120
246.4607,-2.000,327.546,422.177,11.253,-0.625,0.120
246.5580,-2.000,328.515,422.141,11.756,-0.118,0.120
246.6633,-2.000,329.004,422.445,11.848,-0.022,0.120
246.7606,-2.000,329.355,422.768,11.863,-0.004,0.120
246.8560,-2.000,329.642,423.055,11.862,-0.001,0.120
246.9608,-2.000,329.882,423.302,11.859,-0.000,0.120
247.0564,-2.000,330.085,423.512,11.856,-0.000,0.120
247.1632,-2.000,330.258,423.692,11.852,-0.000,0.120
247.2594,-2.000,330.404,423.845,11.848,-0.000,0.120
247.3570,-3.000,323.820,427.084,6.937,-3.405,0.120
247.4623,-3.000,326.653,424.406,9.693,-0.644,0.120
247.5587,-3.000,327.236,423.956,10.209,-0.122,0.120
247.6537,-3.000,327.386,423.919,10.303,-0.023,0.120
247.7609,-3.000,327.447,423.954,10.316,-0.004,0.120
247.8563,-3.000,327.486,423.997,10.314,-0.001,0.120
247.9636,-3.000,327.515,424.036,10.309,-0.000,0.120
248.0592,-3.000,327.539,424.071,10.303,-0.000,0.120
248.1534,-3.000,327.559,424.102,10.297,-0.000,0.120
248.2594,-2.000,331.282,418.022,15.199,3.405,0.120
248.3547,-2.000,329.015,421.285,12.434,0.644,0.120
248.4603,-2.000,328.912,422.234,11.908,0.122,0.120
248.5562,-2.000,329.169,422.696,11.806,0.023,0.120
248.6535,-2.000,329.453,423.025,11.783,0.004,0.120
248.7620,-2.000,329.706,423.292,11.776,0.001,0.120
248.8599,-2.000,329.922,423.518,11.771,0.000,0.120
248.9554,-2.000,330.106,423.709,11.768,0.000,0.120
249.0623,-2.000,330.262,423.873,11.764,0.000,0.120
249.1579,-2.000,330.394,424.012,11.760,0.000,0.120
249.2535,-1.000,334.213,418.024,16.664,3.405,0.120
249.3573,-1.000,332.028,421.365,13.901,0.644,0.120
249.4615,-1.000,331.995,422.381,13.376,0.122,0.120
249.5552,-0.000,336.019,416.792,18.183,3.428,0.120
249.6603,-0.000,334.074,420.407,15.403,0.649,0.120
249.7554,-0.000,334.258,421.642,14.877,0.123,0.120
249.8621,-0.000,334.762,422.345,14.778,0.023,0.120
249.9576,1.000,338.363,416.169,19.666,3.410,0.120
250.0530,1.000,336.006,419.338,16.903,0.645,0.120
250.1573,1.000,335.830,420.204,16.382,0.122,0.120
250.2628,2.000,339.134,413.887,21.192,3.428,0.120
250.3588,2.000,336.577,416.883,18.416,0.649,0.120
250.4545,2.000,336.241,417.591,17.894,0.123,0.120
250.5606,2.000,336.304,417.845,17.798,0.023,0.120
250.6554,3.000,339.531,411.288,22.690,3.410,0.120
250.7620,3.000,336.856,414.131,19.931,0.645,0.120
250.8586,3.000,336.410,414.721,19.414,0.122,0.120
250.9545,3.000,336.378,414.875,19.321,0.023,0.120
251.0614,3.000,336.417,414.940,19.307,0.004,0.120
251.1576,3.000,336.463,414.982,19.310,0.001,0.120
251.2523,3.000,336.505,415.014,19.315,0.000,0.120
251.3586,4.000,339.650,408.333,24.227,3.405,0.120
251.4539,4.000,336.893,411.084,21.474,0.644,0.120
251.5595,5.000,339.483,404.889,25.866,3.527,0.120
251.6545,5.000,336.601,407.708,23.015,0.667,0.120
251.7571,6.000,339.149,401.505,27.391,3.532,0.120
251.8600,7.000,339.351,397.597,29.446,4.074,0.120
251.9528,8.000,339.093,394.104,31.064,4.176,0.120
252.0558,8.000,335.628,397.381,27.693,0.790,0.120
252.1595,9.000,338.030,391.219,31.974,3.555,0.120
252.2548,9.000,335.067,393.987,29.109,0.673,0.120
252.3612,10.000,337.562,387.725,33.488,3.533,0.120
252.4573,11.000,337.723,383.763,35.549,4.074,0.120
252.5529,11.000,334.325,386.929,32.267,0.771,0.120
252.6590,12.000,336.711,380.747,36.551,3.551,0.120
252.7555,12.000,333.718,383.513,33.672,0.672,0.120
252.8627,13.000,336.182,377.256,38.033,3.533,0.120
252.9607,13.000,333.206,380.008,35.168,0.668,0.120
253.0585,14.000,335.675,373.749,39.532,3.532,0.120
253.1535,14.000,332.700,376.502,36.668,0.668,0.120
253.2594,14.000,332.064,376.949,36.126,0.126,0.120
253.3546,15.000,334.987,370.266,40.929,3.429,0.120
253.4602,15.000,332.108,372.949,38.149,0.649,0.120
253.5547,15.000,331.499,373.391,37.623,0.123,0.120
253.6605,16.000,334.433,366.714,42.429,3.429,0.120
253.7573,16.000,331.563,369.404,39.649,0.649,0.120
253.8551,17.000,334.066,363.148,44.028,3.528,0.120
253.9530,17.000,331.110,365.913,41.167,0.667,0.120
254.0600,17.000,330.488,366.374,40.626,0.126,0.120
254.1579,17.000,330.317,366.407,40.524,0.024,0.120
254.2544,18.000,333.344,359.663,45.410,3.410,0.120
254.3509,18.000,330.500,362.348,42.645,0.645,0.120
254.4583,18.000,329.909,362.803,42.122,0.122,0.120
254.5539,19.000,332.858,356.139,46.928,3.428,0.120
254.6512,19.000,329.999,358.840,44.149,0.649,0.120
254.7579,20.000,332.512,352.593,48.528,3.528,0.120
254.8548,20.000,329.564,355.367,45.667,0.667,0.120
254.9598,20.000,328.949,355.834,45.126,0.126,0.120
255.0546,20.000,328.783,355.874,45.024,0.024,0.120
255.1599,21.000,331.816,349.134,49.910,3.410,0.120
255.2564,21.000,328.976,351.824,47.145,0.645,0.120
255.3524,21.000,328.389,352.283,46.622,0.122,0.120
255.4568,21.000,328.235,352.327,46.523,0.023,0.120
255.5529,21.000,328.170,352.299,46.504,0.004,0.120
255.6608,21.000,328.127,352.264,46.501,0.001,0.120
255.7578,21.000,328.093,352.231,46.500,0.000,0.120
255.8538,21.000,328.064,352.202,46.500,0.000,0.120
255.9600,21.000,328.040,352.178,46.500,0.000,0.120
256.0564,21.000,328.020,352.158,46.500,0.000,0.120
256.1609,20.000,321.897,355.846,41.595,-3.405,0.120
256.2573,20.000,325.123,353.550,44.356,-0.644,0.120
256.3536,20.000,326.041,353.423,44.878,-0.122,0.120
256.4574,19.000,320.370,357.365,40.072,-3.428,0.120
256.5522,18.000,317.810,359.057,37.946,-4.054,0.120
256.6576,18.000,322.228,356.900,41.233,-0.767,0.120
256.7531,17.000,317.706,360.945,36.949,-3.551,0.120
256.8593,17.000,321.882,359.363,39.828,-0.672,0.120
256.9561,16.000,317.423,363.626,35.468,-3.532,0.120
257.0526,16.000,321.705,362.179,38.332,-0.668,0.120
257.1574,16.000,323.451,362.842,38.874,-0.126,0.120
257.2524,15.000,318.472,367.469,34.071,-3.429,0.120
257.3499,15.000,322.603,366.039,36.851,-0.649,0.120
257.4557,15.000,324.277,366.660,37.377,-0.123,0.120
257.5523,15.000,325.352,367.536,37.477,-0.023,0.120
257.6581,15.000,326.200,368.347,37.496,-0.004,0.120
257.7558,15.000,326.908,369.048,37.499,-0.001,0.120
257.8509,15.000,327.508,369.646,37.500,-0.000,0.120
257.9590,15.000,328.017,370.156,37.500,-0.000,0.120
258.0542,15.000,328.450,370.588,37.500,-0.000,0.120
258.1587,15.000,328.818,370.956,37.500,-0.000,0.120
258.2527,15.000,329.131,371.269,37.500,-0.000,0.120
258.3563,15.000,329.397,371.535,37.500,-0.000,0.120
258.4510,15.000,329.623,371.761,37.500,-0.000,0.120
258.5581,14.000,323.709,375.658,32.595,-3.405,0.120
258.6535,14.000,327.114,373.540,35.356,-0.644,0.120
258.7500,13.000,322.077,377.270,30.973,-3.527,0.120
258.8561,13.000,325.882,375.355,33.833,-0.667,0.120
258.9527,12.000,321.121,379.322,29.468,-3.532,0.120
259.0583,12.000,325.147,377.621,32.332,-0.668,0.120
259.1528,12.000,326.677,378.068,32.874,-0.126,0.120
259.2494,11.000,321.514,382.511,28.071,-3.429,0.120
259.3556,11.000,325.488,380.924,30.851,-0.649,0.120
259.4534,10.000,320.924,385.118,26.472,-3.528,0.120
259.5499,9.000,319.022,387.306,24.427,-4.073,0.120
259.6576,9.000,323.945,385.625,27.729,-0.771,0.120
259.7540,8.000,319.843,390.083,23.449,-3.551,0.120
259.8507,7.000,318.268,392.561,21.423,-4.077,0.120
259.9575,6.000,317.352,394.844,19.823,-4.177,0.120
260.0523,5.000,316.715,397.244,18.304,-4.196,0.120
260.1498,4.000,316.260,399.796,16.801,-4.199,0.120
260.2554,3.000,315.951,402.489,15.300,-4.200,0.120
260.3517,3.000,321.869,401.596,18.705,-0.795,0.120
260.4489,2.000,318.544,406.793,14.444,-3.556,0.120
260.5555,2.000,323.722,406.206,17.327,-0.673,0.120
260.6504,1.000,320.114,411.317,12.967,-3.533,0.120
260.7559,1.000,325.116,410.591,15.832,-0.668,0.120
260.8517,1.000,327.476,411.867,16.374,-0.126,0.120
260.9488,-0.000,323.018,417.015,11.571,-3.429,0.120
261.0535,-0.000,327.592,416.028,14.351,-0.649,0.120
261.1577,-0.000,329.643,417.026,14.877,-0.123,0.120
261.2559,-1.000,324.330,421.330,10.069,-3.429,0.120
261.3505,-1.000,328.180,419.623,12.848,-0.649,0.120
261.4581,-2.000,322.907,423.117,8.464,-3.528,0.120
261.5550,-2.000,326.508,421.004,11.321,-0.667,0.120
261.6515,-3.000,320.971,424.206,6.951,-3.532,0.120
261.7585,-4.000,317.629,424.963,4.902,-4.074,0.120
261.8539,-4.000,321.326,422.069,8.197,-0.771,0.120
261.9491,-5.000,315.577,424.900,3.908,-3.551,0.120
262.0544,-6.000,312.000,425.397,1.870,-4.077,0.120
262.1484,-6.000,315.486,422.294,5.165,-0.771,0.120
262.2513,-7.000,309.555,424.949,0.872,-3.551,0.120
262.3572,-8.000,305.822,425.298,-1.169,-4.077,0.120
262.4515,-9.000,302.467,425.177,-2.786,-4.177,0.120
262.5581,-10.000,299.152,424.937,-4.323,-4.196,0.120
262.6534,-11.000,295.817,424.650,-5.847,-4.199,0.120
262.7498,-12.000,292.455,424.334,-7.370,-4.200,0.120
262.8565,-13.000,289.067,423.995,-8.895,-4.200,0.120
262.9532,-14.000,285.657,423.638,-10.421,-4.200,0.120
263.0477,-15.000,282.228,423.264,-11.949,-4.200,0.120
263.1532,-16.000,278.781,422.878,-13.479,-4.200,0.120
263.2503,-18.000,268.614,425.589,-19.919,-7.605,0.120
263.3534,-19.000,267.870,422.394,-18.693,-4.844,0.120
263.4472,-19.000,271.588,418.328,-14.801,-0.916,0.120
263.5529,-20.000,265.440,420.580,-19.001,-3.579,0.120
263.6517,-20.000,268.149,417.560,-16.136,-0.677,0.120
263.7480,-21.000,261.821,420.023,-20.532,-3.533,0.120
263.8541,-20.000,268.211,410.948,-12.799,2.737,0.120
263.9486,-21.000,259.606,416.671,-19.963,-2.888,0.120
264.0541,-20.000,265.890,408.537,-12.754,2.859,0.120
264.1497,-20.000,264.249,411.606,-15.110,0.541,0.120
264.2527,-20.000,264.379,412.689,-15.586,0.102,0.120
264.3555,-20.000,264.774,413.325,-15.706,0.019,0.120
264.4485,-20.000,265.160,413.817,-15.759,0.004,0.120
264.5550,-20.000,265.492,414.230,-15.800,0.001,0.120
264.6498,-21.000,259.063,417.692,-20.745,-3.405,0.120
264.7549,-20.000,265.731,409.102,-13.116,2.761,0.120
264.8513,-20.000,264.138,412.062,-15.393,0.522,0.120
264.9478,-20.000,264.258,413.104,-15.854,0.099,0.120
265.0542,-20.000,264.634,413.715,-15.971,0.019,0.120
265.1519,-20.000,265.001,414.187,-16.024,0.004,0.120
265.2485,-19.000,269.025,408.477,-11.157,3.406,0.120
265.3565,-19.000,267.011,412.058,-13.954,0.644,0.120
265.4525,-19.000,267.118,413.281,-14.512,0.122,0.120
265.5494,-19.000,267.550,413.982,-14.647,0.023,0.120
265.6558,-18.000,271.684,408.410,-9.794,3.410,0.120
265.7508,-18.000,269.774,412.097,-12.592,0.645,0.120
265.8571,-18.000,269.973,413.409,-13.149,0.122,0.120
265.9533,-18.000,270.482,414.184,-13.282,0.023,0.120
266.0482,-18.000,270.976,414.782,-13.334,0.004,0.120
266.1541,-18.000,271.402,415.284,-13.372,0.001,0.120
266.2495,-18.000,271.762,415.713,-13.406,0.000,0.120
266.3561,-18.000,272.064,416.082,-13.440,0.000,0.120
266.4493,-18.000,272.315,416.400,-13.474,0.000,0.120
266.5532,-18.000,272.523,416.676,-13.507,0.000,0.120
266.6474,-18.000,272.695,416.916,-13.541,0.000,0.120
266.7542,-18.000,272.837,417.125,-13.575,0.000,0.120
266.8508,-18.000,272.952,417.307,-13.609,0.000,0.120
266.9569,-18.000,273.044,417.467,-13.642,0.000,0.120
267.0529,-18.000,273.118,417.609,-13.676,0.000,0.120
267.1483,-18.000,273.175,417.734,-13.710,0.000,0.120
267.2549,-18.000,273.219,417.845,-13.744,0.000,0.120
267.3502,-18.000,273.252,417.945,-13.777,0.000,0.120
267.4465,-18.000,273.274,418.035,-13.811,0.000,0.120
267.5544,-18.000,273.288,418.116,-13.845,0.000,0.120
267.6494,-18.000,273.295,418.190,-13.879,0.000,0.120
267.7463,-18.000,273.295,418.259,-13.912,0.000,0.120
267.8547,-18.000,273.291,418.322,-13.946,0.000,0.120
267.9513,-17.000,276.989,412.273,-9.073,3.405,0.120
268.0469,-17.000,274.697,415.567,-11.866,0.644,0.120
268.1536,-17.000,274.569,416.547,-12.420,0.122,0.120
268.2487,-17.000,274.801,417.040,-12.551,0.023,0.120
268.3546,-16.000,278.765,411.291,-7.694,3.410,0.120
268.4497,-16.000,276.712,414.827,-10.489,0.645,0.120
268.5469,-16.000,276.789,416.011,-11.042,0.122,0.120
268.6524,-15.000,280.903,410.568,-6.263,3.428,0.120
268.7489,-14.000,282.738,408.205,-4.164,4.054,0.120
268.8549,-13.000,284.407,406.686,-2.570,4.172,0.120
268.9514,-13.000,282.564,411.657,-5.978,0.789,0.120
269.0468,-12.000,286.936,407.543,-1.735,3.555,0.120
269.1530,-11.000,289.348,405.951,0.268,4.078,0.120
269.2497,-11.000,287.870,411.126,-3.059,0.771,0.120
269.3551,-10.000,292.502,407.236,1.202,3.551,0.120
269.4507,-10.000,291.419,411.950,-1.696,0.672,0.120
269.5465,-10.000,292.399,414.056,-2.260,0.127,0.120
269.6540,-9.000,297.296,409.383,2.526,3.429,0.120
269.7484,-9.000,296.093,413.775,-0.272,0.649,0.120
269.8529,-9.000,296.906,415.674,-0.815,0.123,0.120
269.9485,-9.000,297.942,416.943,-0.931,0.023,0.120
270.0546,-9.000,298.886,417.958,-0.967,0.004,0.120
270.1494,-8.000,303.405,412.703,3.920,3.406,0.120
270.2453,-8.000,301.816,416.668,1.143,0.644,0.120
270.3528,-7.000,305.995,412.108,5.513,3.527,0.120
270.4482,-7.000,304.460,416.319,2.640,0.667,0.120
270.5546,-6.000,308.751,411.903,6.993,3.532,0.120
270.6523,-5.000,311.030,410.117,9.025,4.074,0.120
270.7492,-4.000,313.135,409.032,10.620,4.176,0.120
270.8566,-3.000,315.382,408.252,12.134,4.195,0.120
270.9524,-2.000,317.805,407.675,13.634,4.199,0.120
271.0483,-1.000,320.389,407.261,15.133,4.200,0.120
271.1545,-0.000,323.111,406.983,16.633,4.200,0.120
271.2509,1.000,325.352,406.220,18.135,4.200,0.120
271.3461,2.000,327.183,405.044,19.639,4.200,0.120
271.4516,3.000,328.668,403.517,21.144,4.200,0.120
271.5476,4.000,329.857,401.692,22.652,4.200,0.120
271.6544,4.000,327.689,406.319,19.254,0.795,0.120
271.7525,5.000,331.205,401.294,23.524,3.556,0.120
271.8496,6.000,332.297,398.319,25.558,4.078,0.120
271.9466,7.000,332.808,395.606,27.170,4.177,0.120
272.0538,7.000,330.000,399.545,23.796,0.790,0.120
272.1507,8.000,332.959,393.945,28.076,3.555,0.120
272.2461,8.000,330.470,397.190,25.209,0.673,0.120
272.3514,9.000,333.368,391.335,29.586,3.533,0.120
272.4463,9.000,330.764,394.425,26.738,0.668,0.120
272.5538,10.000,333.553,388.450,31.121,3.532,0.120
272.6499,10.000,330.853,391.440,28.276,0.668,0.120
272.7454,10.000,330.454,392.087,27.753,0.126,0.120
272.8509,10.000,330.476,392.276,27.669,0.024,0.120
272.9452,10.000,330.565,392.366,27.668,0.005,0.120
273.0501,11.000,333.763,385.720,32.591,3.406,0.120
273.1440,11.000,331.056,388.496,29.849,0.644,0.120
273.2507,11.000,330.584,389.027,29.348,0.122,0.120
273.3476,11.000,330.531,389.130,29.269,0.023,0.120
273.4439,11.000,330.554,389.150,29.271,0.004,0.120
273.5518,11.000,330.589,389.151,29.288,0.001,0.120
273.6473,12.000,333.732,382.439,34.216,3.406,0.120
273.7539,12.000,330.976,385.160,31.477,0.644,0.120
273.8492,13.000,333.569,378.939,35.884,3.527,0.120
273.9439,13.000,330.691,381.732,33.049,0.667,0.120
274.0474,13.000,330.138,382.213,32.532,0.126,0.120
274.1511,14.000,333.137,375.553,37.361,3.429,0.120
274.2468,14.000,330.327,378.251,34.607,0.649,0.120
274.3523,14.000,329.780,378.704,34.107,0.123,0.120
274.4476,14.000,329.666,378.736,34.034,0.023,0.120
274.5536,14.000,329.639,378.695,34.041,0.004,0.120
274.6483,15.000,332.740,371.935,38.971,3.406,0.120
274.7446,15.000,329.951,374.614,36.238,0.644,0.120
274.8505,15.000,329.410,375.062,35.743,0.122,0.120
274.9451,15.000,329.300,375.093,35.672,0.023,0.120
275.0518,15.000,329.276,375.050,35.682,0.004,0.120
275.1486,15.000,329.272,374.997,35.706,0.001,0.120
275.2455,15.000,329.275,374.945,35.734,0.000,0.120
275.3512,15.000,329.282,374.897,35.762,0.000,0.120
275.4460,15.000,329.293,374.851,35.790,0.000,0.120
275.5511,15.000,329.306,374.808,35.818,0.000,0.120
275.6461,16.000,332.429,368.060,40.754,3.405,0.120
275.7533,16.000,329.657,370.750,38.022,0.644,0.120
275.8494,15.000,323.022,374.915,32.623,-3.284,0.120
275.9441,15.000,326.163,372.675,35.313,-0.621,0.120
276.0483,15.000,327.078,372.526,35.845,-0.118,0.120
276.1518,15.000,327.527,372.728,35.968,-0.022,0.120
276.2478,15.000,327.850,372.959,36.015,-0.004,0.120
276.3427,15.000,328.117,373.163,36.046,-0.001,0.120
276.4504,15.000,328.345,373.334,36.075,-0.000,0.120
276.5470,14.000,322.436,377.183,31.196,-3.405,0.120
276.6522,14.000,325.848,375.020,33.983,-0.644,0.120
276.7474,14.000,326.927,375.002,34.532,-0.122,0.120
276.8517,14.000,327.504,375.328,34.657,-0.023,0.120
276.9460,13.000,321.825,379.374,29.795,-3.410,0.120
277.0529,13.000,325.420,377.391,32.584,-0.645,0.120
277.1486,13.000,326.652,377.528,33.131,-0.122,0.120
277.2453,13.000,327.358,377.987,33.254,-0.023,0.120
277.3427,13.000,327.896,378.439,33.298,-0.004,0.120
277.4478,13.000,328.344,378.832,33.325,-0.001,0.120
277.5445,13.000,328.727,379.164,33.350,-0.000,0.120
277.6514,13.000,329.056,379.444,33.375,-0.000,0.120
277.7450,13.000,329.338,379.678,33.399,-0.000,0.120
277.8431,13.000,329.582,379.873,33.424,-0.000,0.120
277.9490,13.000,329.793,380.035,33.448,-0.000,0.120
278.0457,13.000,329.976,380.170,33.472,-0.000,0.120
278.1421,13.000,330.136,380.280,33.497,-0.000,0.120
278.2458,12.000,324.167,384.078,28.614,-3.405,0.120
278.3523,12.000,327.529,381.871,31.398,-0.644,0.120
278.4491,12.000,328.564,381.817,31.942,-0.122,0.120
278.5449,11.000,322.995,385.821,27.157,-3.428,0.120
278.6518,11.000,326.631,383.855,29.957,-0.649,0.120
278.7489,11.000,327.887,384.018,30.504,-0.123,0.120
278.8443,10.000,322.502,388.208,25.716,-3.429,0.120
278.9507,10.000,326.294,386.402,28.515,-0.649,0.120
279.0459,10.000,327.682,386.701,29.060,-0.123,0.120
279.1422,9.000,322.410,391.007,24.271,-3.429,0.120
279.2478,9.000,326.297,389.300,27.068,-0.649,0.120
279.3440,9.000,327.765,389.683,27.610,-0.123,0.120
279.4497,8.000,322.562,394.061,22.820,-3.429,0.120
279.5419,8.000,326.506,392.415,25.614,-0.649,0.120
279.6470,8.000,328.024,392.851,26.155,-0.123,0.120
279.7428,7.000,322.861,397.274,21.363,-3.429,0.120
279.8504,7.000,326.840,395.667,24.156,-0.649,0.120
279.9459,7.000,328.387,396.135,24.695,-0.123,0.120
280.0518,7.000,329.356,396.879,24.807,-0.023,0.120
280.1471,7.000,330.116,397.576,24.839,-0.004,0.120
280.2429,6.000,324.645,401.885,19.949,-3.406,0.120
280.3483,6.000,328.424,400.118,22.722,-0.644,0.120
280.4430,7.000,332.920,393.732,28.163,3.283,0.120
280.5501,6.000,324.860,400.786,20.606,-2.784,0.120
280.6475,7.000,331.309,392.882,27.782,2.879,0.120
280.7439,7.000,329.869,396.085,25.461,0.545,0.120
280.8502,7.000,330.190,397.262,25.033,0.103,0.120
280.9461,7.000,330.757,397.970,24.963,0.019,0.120
281.0434,7.000,331.295,398.514,24.960,0.004,0.120
281.1504,7.000,331.766,398.964,24.970,0.001,0.120
281.2458,7.000,332.169,399.342,24.983,0.000,0.120
281.3519,7.000,332.515,399.662,24.996,0.000,0.120
281.4500,7.000,332.811,399.931,25.009,0.000,0.120
281.5430,7.000,333.064,400.158,25.022,0.000,0.120
281.6476,7.000,333.281,400.349,25.035,0.000,0.120
281.7425,7.000,333.468,400.510,25.048,0.000,0.120
281.8483,7.000,333.628,400.644,25.061,0.000,0.120
281.9437,7.000,333.767,400.756,25.074,0.000,0.120
282.0516,7.000,333.887,400.850,25.088,0.000,0.120
282.1469,7.000,333.990,400.927,25.101,0.000,0.120
282.2437,7.000,334.081,400.991,25.114,0.000,0.120
282.3491,6.000,328.052,404.751,20.220,-3.405,0.120
282.4448,6.000,331.360,402.514,22.992,-0.644,0.120
282.5413,6.000,332.349,402.436,23.526,-0.122,0.120
282.6470,6.000,332.846,402.713,23.636,-0.023,0.120
282.7425,6.000,333.205,403.012,23.666,-0.004,0.120
282.8485,6.000,333.499,403.276,23.680,-0.001,0.120
282.9436,6.000,333.749,403.502,23.692,-0.000,0.120
283.0491,6.000,333.962,403.693,23.704,-0.000,0.120
283.1448,6.000,334.145,403.853,23.715,-0.000,0.120
283.2512,6.000,334.302,403.988,23.726,-0.000,0.120
283.3468,6.000,334.438,404.101,23.737,-0.000,0.120
283.4403,6.000,334.554,404.195,23.749,-0.000,0.120
283.5477,6.000,334.655,404.273,23.760,-0.000,0.120
283.6432,6.000,334.743,404.338,23.771,-0.000,0.120
283.7492,6.000,334.819,404.392,23.782,-0.000,0.120
283.8444,7.000,337.992,397.728,28.701,3.405,0.120
283.9404,7.000,335.261,400.493,25.953,0.644,0.120
284.0482,7.000,334.766,401.017,25.444,0.122,0.120
284.1466,7.000,334.692,401.114,25.358,0.023,0.120
284.2436,7.000,334.697,401.130,25.352,0.004,0.120
284.3492,7.000,334.716,401.130,25.362,0.001,0.120
284.4453,8.000,337.843,394.417,30.282,3.406,0.120
284.5431,8.000,335.073,397.140,27.536,0.644,0.120
284.6495,8.000,334.545,397.627,27.028,0.122,0.120
284.7456,8.000,334.444,397.694,26.944,0.023,0.120
284.8411,8.000,334.426,397.683,26.941,0.004,0.120
284.9460,8.000,334.425,397.659,26.952,0.001,0.120
285.0417,8.000,334.429,397.634,26.966,0.000,0.120
285.1470,9.000,337.542,390.903,31.889,3.405,0.120
285.2440,9.000,334.760,393.610,29.144,0.644,0.120
285.3400,9.000,334.206,394.100,28.622,0.122,0.120
285.4468,9.000,334.080,394.172,28.523,0.023,0.120
285.5435,9.000,334.038,394.168,28.504,0.004,0.120
285.6492,9.000,334.015,394.152,28.501,0.001,0.120
285.7450,9.000,333.998,394.136,28.500,0.000,0.120
285.8425,9.000,333.983,394.122,28.500,0.000,0.120
285.9476,9.000,333.971,394.110,28.500,0.000,0.120
286.0435,9.000,333.961,394.099,28.500,0.000,0.120
286.1492,8.000,327.847,397.796,23.595,-3.405,0.120
286.2434,8.000,331.081,395.507,26.356,-0.644,0.120
286.3493,8.000,332.005,395.387,26.878,-0.122,0.120
286.4445,8.000,332.445,395.629,26.977,-0.023,0.120
286.5397,7.000,326.649,399.606,22.090,-3.410,0.120
286.6464,7.000,330.140,397.568,24.855,-0.645,0.120
286.7413,7.000,331.281,397.663,25.378,-0.122,0.120
286.8475,6.000,325.799,401.795,20.572,-3.428,0.120
286.9437,6.000,329.506,399.941,23.351,-0.649,0.120
287.0401,6.000,330.819,400.202,23.877,-0.123,0.120
287.1468,5.000,325.482,404.478,19.071,-3.429,0.120
287.2431,5.000,329.311,402.746,21.851,-0.649,0.120
287.3391,5.000,330.728,403.112,22.377,-0.123,0.120
287.4457,5.000,331.586,403.770,22.477,-0.023,0.120
287.5438,5.000,332.249,404.396,22.496,-0.004,0.120
287.6400,5.000,332.800,404.940,22.499,-0.001,0.120
287.7453,4.000,327.160,409.110,17.594,-3.406,0.120
287.8396,4.000,330.797,407.224,20.356,-0.644,0.120
287.9453,4.000,332.064,407.446,20.878,-0.122,0.120
288.0408,4.000,332.795,407.980,20.977,-0.023,0.120
288.1473,4.000,333.352,408.499,20.996,-0.004,0.120
288.2414,4.000,333.812,408.952,20.999,-0.001,0.120
288.3399,4.000,334.201,409.340,21.000,-0.000,0.120
288.4459,4.000,334.532,409.670,21.000,-0.000,0.120
288.5419,4.000,334.813,409.951,21.000,-0.000,0.120
288.6484,4.000,335.051,410.189,21.000,-0.000,0.120
288.7447,4.000,335.254,410.392,21.000,-0.000,0.120
288.8413,4.000,335.426,410.564,21.000,-0.000,0.120
288.9389,4.000,335.573,410.711,21.000,-0.000,0.120
289.0458,4.000,335.697,410.836,21.000,-0.000,0.120
289.1420,4.000,335.803,410.941,21.000,-0.000,0.120
289.2484,5.000,338.999,404.326,25.905,3.405,0.120
289.3450,5.000,336.284,407.134,23.144,0.644,0.120
289.4409,5.000,335.801,407.695,22.622,0.122,0.120
289.5483,5.000,335.736,407.828,22.523,0.023,0.120
289.6443,5.000,335.746,407.875,22.504,0.004,0.120
289.7386,5.000,335.766,407.903,22.501,0.001,0.120
289.8474,5.000,335.786,407.924,22.500,0.000,0.120
289.9432,5.000,335.804,407.942,22.500,0.000,0.120
290.0390,5.000,335.819,407.957,22.500,0.000,0.120
290.1472,5.000,335.831,407.969,22.500,0.000,0.120
290.2437,5.000,335.842,407.980,22.500,0.000,0.120
290.3400,5.000,335.851,407.989,22.500,0.000,0.120
290.4453,5.000,335.859,407.997,22.500,0.000,0.120
290.5405,5.000,335.866,408.004,22.500,0.000,0.120
290.6469,5.000,335.871,408.009,22.500,0.000,0.120
290.7399,5.000,335.876,408.014,22.500,0.000,0.120
290.8454,5.000,335.880,408.018,22.500,0.000,0.120
290.9417,5.000,335.884,408.022,22.500,0.000,0.120
291.0468,5.000,335.886,408.025,22.500,0.000,0.120
291.1423,5.000,335.889,408.027,22.500,0.000,0.120
291.2392,5.000,335.891,408.029,22.500,0.000,0.120
291.3452,5.000,335.893,408.031,22.500,0.000,0.120
291.4410,5.000,335.894,408.033,22.500,0.000,0.120
291.5378,5.000,335.896,408.034,22.500,0.000,0.120
291.6443,5.000,335.897,408.035,22.500,0.000,0.120
291.7422,5.000,335.898,408.036,22.500,0.000,0.120
291.8483,5.000,335.899,408.037,22.500,0.000,0.120
291.9432,4.000,329.794,411.743,17.595,-3.405,0.120
292.0390,4.000,333.036,409.462,20.356,-0.644,0.120
292.1466,4.000,333.966,409.348,20.878,-0.122,0.120
292.2393,4.000,334.412,409.597,20.977,-0.023,0.120
292.3424,4.000,334.726,409.873,20.996,-0.004,0.120
292.4380,4.000,334.981,410.121,20.999,-0.001,0.120
292.5431,4.000,335.195,410.333,21.000,-0.000,0.120
292.6391,5.000,338.481,403.809,25.905,3.405,0.120
292.7444,4.000,329.739,410.399,18.239,-2.761,0.120
292.8431,5.000,335.669,402.041,25.383,2.883,0.120
292.9397,5.000,333.799,404.846,23.045,0.545,0.120
293.0455,5.000,333.754,405.686,22.603,0.103,0.120
293.1410,5.000,334.008,406.107,22.520,0.020,0.120
293.2479,5.000,334.279,406.410,22.504,0.004,0.120
293.3463,5.000,334.521,406.657,22.501,0.001,0.120
293.4425,5.000,334.727,406.865,22.500,0.000,0.120
293.5381,5.000,334.904,407.042,22.500,0.000,0.120
293.6447,5.000,335.054,407.192,22.500,0.000,0.120
293.7417,5.000,335.181,407.319,22.500,0.000,0.120
293.8367,5.000,335.289,407.427,22.500,0.000,0.120
293.9445,5.000,335.381,407.520,22.500,0.000,0.120
294.0402,5.000,335.460,407.598,22.500,0.000,0.120
294.1369,5.000,335.526,407.664,22.500,0.000,0.120
294.2434,5.000,335.583,407.721,22.500,0.000,0.120
294.3399,5.000,335.631,407.769,22.500,0.000,0.120
294.4460,5.000,335.672,407.810,22.500,0.000,0.120
294.5391,5.000,335.706,407.844,22.500,0.000,0.120
294.6450,5.000,335.736,407.874,22.500,0.000,0.120
294.7400,4.000,329.656,411.605,17.595,-3.405,0.120
294.8370,4.000,332.918,409.345,20.356,-0.644,0.120
294.9444,4.000,333.867,409.248,20.878,-0.122,0.120
295.0396,3.000,328.222,413.217,16.072,-3.428,0.120
295.1362,3.000,331.790,411.225,18.851,-0.649,0.120
295.2439,3.000,332.985,411.369,19.377,-0.123,0.120
295.3403,2.000,327.549,415.544,14.571,-3.429,0.120
295.4459,2.000,331.293,413.728,17.351,-0.649,0.120
295.5425,1.000,326.532,417.727,12.972,-3.528,0.120
295.6382,1.000,330.569,416.043,15.833,-0.667,0.120
295.7436,1.000,332.111,416.501,16.374,-0.126,0.120
295.8394,-0.000,326.958,420.954,11.571,-3.429,0.120
295.9440,-1.000,324.233,422.483,9.444,-4.054,0.120
296.0399,-1.000,328.511,420.190,12.729,-0.767,0.120
296.1362,-1.000,329.974,420.413,13.349,-0.145,0.120
296.2444,-2.000,324.099,424.122,8.558,-3.433,0.120
296.3401,-2.000,327.458,421.921,11.337,-0.649,0.120
296.4368,-3.000,321.766,424.998,6.953,-3.528,0.120
296.5446,-3.000,325.010,422.532,9.808,-0.668,0.120
296.6390,-3.000,325.875,422.326,10.344,-0.126,0.120
296.7419,-4.000,319.546,425.617,5.533,-3.429,0.120
296.8374,-4.000,322.527,423.053,8.306,-0.649,0.120
296.9430,-5.000,316.516,425.819,3.917,-3.528,0.120
297.0361,-5.000,319.488,423.088,6.769,-0.667,0.120
297.1421,-6.000,313.415,425.767,2.393,-3.532,0.120
297.2379,-6.000,316.324,422.971,5.246,-0.668,0.120
297.3442,-6.000,316.904,422.490,5.776,-0.126,0.120
297.4398,-7.000,310.329,425.547,0.960,-3.429,0.120
297.5365,-7.000,313.101,422.785,3.727,-0.649,0.120
297.6430,-8.000,306.911,425.383,-0.667,-3.528,0.120
297.7384,-8.000,309.731,422.511,2.179,-0.667,0.120
297.8462,-9.000,303.527,425.070,-2.202,-3.532,0.120
297.9415,-9.000,306.325,422.175,0.644,-0.668,0.120
298.0381,-9.000,306.808,421.608,1.169,-0.126,0.120
298.1445,-10.000,300.151,424.594,-3.652,-3.429,0.120
298.2393,-10.000,302.853,421.772,-0.891,-0.649,0.120
298.3363,-10.000,303.309,421.214,-0.383,-0.123,0.120
298.4430,-11.000,296.639,424.197,-5.210,-3.429,0.120
298.5430,-11.000,299.332,421.371,-2.451,-0.649,0.120
298.6374,-11.000,299.780,420.809,-1.945,-0.123,0.120
298.7431,-11.000,299.811,420.682,-1.866,-0.023,0.120
298.8385,-11.000,299.768,420.642,-1.868,-0.004,0.120
298.9445,-11.000,299.716,420.624,-1.885,-0.001,0.120
299.0397,-12.000,292.959,423.722,-6.812,-3.406,0.120
299.1363,-12.000,295.642,420.928,-4.074,-0.644,0.120
299.2433,-12.000,296.095,420.381,-3.574,-0.122,0.120
299.3390,-12.000,296.132,420.265,-3.497,-0.023,0.120
299.4349,-12.000,296.094,420.235,-3.501,-0.004,0.120
299.5408,-12.000,296.046,420.225,-3.520,-0.001,0.120
299.6372,-12.000,296.000,420.222,-3.542,-0.000,0.120
299.7432,-12.000,295.957,420.224,-3.564,-0.000,0.120
299.8380,-12.000,295.917,420.228,-3.587,-0.000,0.120
299.9345,-13.000,289.172,423.343,-8.517,-3.405,0.120
300.0397,-13.000,291.866,420.564,-5.780,-0.644,0.120
300.1349,-12.000,296.035,413.922,-0.375,3.284,0.120
300.2404,-12.000,293.799,417.056,-3.059,0.621,0.120
300.3369,-12.000,293.654,417.964,-3.586,0.118,0.120
300.4442,-12.000,293.861,418.406,-3.703,0.022,0.120
300.5420,-12.000,294.096,418.722,-3.744,0.004,0.120
300.6368,-11.000,298.012,412.875,1.137,3.406,0.120
300.7423,-11.000,295.909,416.337,-1.645,0.644,0.120
300.8389,-11.000,295.943,417.458,-2.188,0.122,0.120
300.9348,-11.000,296.315,418.068,-2.308,0.023,0.120
301.0413,-10.000,300.400,412.417,2.560,3.410,0.120
301.1375,-10.000,298.451,416.035,-0.223,0.645,0.120
301.2437,-10.000,298.618,417.286,-0.765,0.122,0.120
301.3385,-9.000,302.811,411.900,4.025,3.428,0.120
301.4340,-9.000,301.007,415.689,1.228,0.649,0.120
301.5390,-8.000,305.015,410.968,5.592,3.528,0.120
301.6442,-8.000,303.336,415.041,2.717,0.667,0.120
301.7401,-8.000,303.798,416.615,2.161,0.126,0.120
301.8351,-7.000,308.253,411.490,6.951,3.429,0.120
301.9406,-7.000,306.674,415.498,4.157,0.649,0.120
302.0358,-7.000,307.168,417.070,3.618,0.123,0.120
302.1399,-6.000,311.640,411.954,8.412,3.429,0.120
302.2366,-6.000,310.075,415.971,5.621,0.649,0.120
302.3433,-5.000,314.288,411.443,9.991,3.528,0.120
302.4399,-5.000,312.784,415.679,7.121,0.667,0.120
302.5355,-4.000,352.750,425.365,13.476,5.530,0.200
302.6444,-4.000,382.099,448.859,8.936,0.997,0.200
302.7403,-3.000,419.762,461.653,15.023,5.590,0.200
302.8370,-3.000,447.333,487.609,10.435,1.008,0.200
302.9417,-2.000,483.518,502.462,16.515,5.592,0.200
303.0373,-2.000,509.840,530.162,11.928,1.008,0.200
303.1336,-1.000,544.963,546.496,18.010,5.592,0.200
303.2393,-1.000,570.384,575.454,13.425,1.008,0.200
303.3359,-1.000,598.880,600.819,12.596,0.182,0.200
303.4410,-1.000,627.475,625.646,12.445,0.033,0.200
303.5366,-1.000,630.235,625.004,12.417,0.006,0.200
303.6330,-1.000,632.598,624.441,12.410,0.001,0.200
303.7396,-1.000,634.610,623.959,12.407,0.000,0.200
303.8355,-1.000,636.321,623.549,12.405,0.000,0.200
303.9413,-1.000,637.775,623.201,12.403,0.000,0.200
304.0373,-2.000,630.148,627.867,5.490,-5.410,0.200
304.1345,-2.000,635.473,623.026,9.920,-0.976,0.200
304.2398,-3.000,628.167,626.843,3.804,-5.586,0.200
304.3358,-3.000,633.229,621.816,8.377,-1.007,0.200
304.4425,-4.000,625.602,625.572,2.285,-5.591,0.200
304.5379,-5.000,621.512,625.472,-0.051,-6.418,0.200
304.6331,-5.000,626.772,619.651,5.201,-1.157,0.200
304.7395,-6.000,618.857,623.188,-0.772,-5.619,0.200
304.8342,-6.000,623.300,618.025,3.822,-1.013,0.200
304.9406,-7.000,615.129,621.683,-2.270,-5.593,0.200
305.0359,-8.000,610.571,621.505,-4.611,-6.418,0.200
305.1323,-8.000,615.433,615.618,0.635,-1.157,0.200
305.2376,-9.000,607.178,619.101,-5.343,-5.619,0.200
305.3361,-9.000,611.332,613.892,-0.754,-1.013,0.200
305.4424,-10.000,602.914,617.513,-6.853,-5.593,0.200
305.5390,-10.000,607.007,612.341,-2.287,-1.008,0.200
305.6339,-10.000,607.414,611.018,-1.479,-0.182,0.200
305.7391,-11.000,598.341,615.412,-8.261,-5.443,0.200
305.8328,-11.000,602.335,610.442,-3.820,-0.981,0.200
305.9357,-11.000,602.738,609.208,-3.036,-0.177,0.200
306.0408,-11.000,602.540,608.701,-2.912,-0.032,0.200
306.1368,-11.000,602.271,608.370,-2.906,-0.006,0.200
306.2344,-11.000,602.021,608.109,-2.922,-0.001,0.200
306.3326,-11.000,601.803,607.894,-2.942,-0.000,0.200
306.4382,-11.000,601.614,607.715,-2.963,-0.000,0.200
306.5351,-11.000,601.450,607.566,-2.983,-0.000,0.200
306.6405,-11.000,601.307,607.442,-3.004,-0.000,0.200
306.7376,-11.000,601.183,607.340,-3.024,-0.000,0.200
306.8333,-11.000,601.074,607.256,-3.045,-0.000,0.200
306.9398,-11.000,600.979,607.188,-3.066,-0.000,0.200
307.0342,-11.000,600.895,607.133,-3.086,-0.000,0.200
307.1393,-12.000,591.958,612.052,-10.019,-5.410,0.200
307.2358,-12.000,596.167,607.428,-5.607,-0.976,0.200
307.3336,-12.000,596.771,606.471,-4.830,-0.176,0.200
307.4380,-12.000,596.745,606.196,-4.708,-0.032,0.200
307.5320,-12.000,596.624,606.062,-4.704,-0.006,0.200
307.6381,-13.000,587.638,610.931,-11.634,-5.411,0.200
307.7354,-13.000,591.801,606.269,-7.223,-0.976,0.200
307.8403,-13.000,592.366,605.280,-6.448,-0.176,0.200
307.9342,-13.000,592.307,604.978,-6.328,-0.032,0.200
308.0370,-14.000,583.295,609.784,-13.238,-5.416,0.200
308.1403,-14.000,587.420,605.082,-8.825,-0.977,0.200
308.2353,-14.000,587.951,604.062,-8.051,-0.176,0.200
308.3317,-15.000,579.000,608.697,-14.845,-5.442,0.200
308.4381,-15.000,583.099,603.930,-10.413,-0.981,0.200
308.5339,-15.000,583.591,602.870,-9.636,-0.177,0.200
308.6390,-16.000,574.605,607.472,-16.431,-5.442,0.200
308.7344,-16.000,578.673,602.679,-12.001,-0.981,0.200
308.8405,-16.000,579.140,601.596,-11.226,-0.177,0.200
308.9367,-16.000,578.993,601.218,-11.111,-0.032,0.200
309.0334,-17.000,569.905,605.961,-18.027,-5.416,0.200
309.1387,-17.000,573.965,601.207,-13.620,-0.977,0.200
309.2336,-17.000,574.439,600.143,-12.851,-0.176,0.200
309.3312,-17.000,574.301,599.780,-12.739,-0.032,0.200
309.4362,-17.000,574.082,599.573,-12.744,-0.006,0.200
309.5319,-17.000,573.874,599.419,-12.772,-0.001,0.200
309.6388,-17.000,573.689,599.296,-12.803,-0.000,0.200
309.7355,-17.000,573.527,599.196,-12.834,-0.000,0.200
309.8333,-17.000,573.384,599.117,-12.866,-0.000,0.200
309.9396,-17.000,573.257,599.054,-12.898,-0.000,0.200
310.0361,-17.000,573.145,599.006,-12.930,-0.000,0.200
310.1409,-17.000,573.045,598.969,-12.962,-0.000,0.200
310.2351,-16.000,578.817,590.981,-6.082,5.410,0.200
310.3309,-16.000,574.911,596.004,-10.546,0.976,0.200
310.4377,-16.000,574.556,597.308,-11.376,0.176,0.200
310.5342,-16.000,574.785,597.885,-11.550,0.032,0.200
310.6398,-16.000,575.072,598.284,-11.606,0.006,0.200
310.7359,-16.000,575.328,598.610,-11.641,0.001,0.200
310.8341,-15.000,581.407,590.927,-4.760,5.410,0.200
310.9399,-15.000,577.762,596.208,-9.223,0.976,0.200
311.0367,-15.000,577.630,597.731,-10.050,0.176,0.200
311.1314,-15.000,578.049,598.494,-10.223,0.032,0.200
311.2401,-14.000,584.358,591.089,-3.365,5.416,0.200
311.3355,-14.000,580.928,596.588,-7.830,0.977,0.200
311.4329,-14.000,580.980,598.294,-8.657,0.176,0.200
311.5394,-14.000,581.557,599.213,-8.828,0.032,0.200
311.6363,-13.000,588.002,591.938,-1.968,5.416,0.200
311.7393,-13.000,584.686,597.549,-6.432,0.977,0.200
311.8320,-13.000,584.837,599.350,-7.256,0.176,0.200
311.9356,-13.000,585.497,600.347,-7.425,0.032,0.200
312.0309,-13.000,586.151,601.102,-7.476,0.006,0.200
312.1373,-13.000,586.721,601.731,-7.505,0.001,0.200
312.2399,-12.000,593.067,594.303,-0.618,5.410,0.200
312.3325,-12.000,589.650,599.800,-5.075,0.976,0.200
312.4304,-12.000,589.712,601.507,-5.897,0.176,0.200
312.5350,-12.000,590.297,602.425,-6.064,0.032,0.200
312.6310,-12.000,590.888,603.112,-6.112,0.006,0.200
312.7358,-11.000,597.265,595.721,0.772,5.411,0.200
312.8327,-11.000,593.879,601.246,-3.684,0.976,0.200
312.9394,-11.000,593.967,602.975,-4.504,0.176,0.200
313.0356,-10.000,600.436,595.951,2.243,5.442,0.200
313.1318,-10.000,597.221,601.694,-2.236,0.981,0.200
313.2383,-10.000,597.473,603.591,-3.059,0.177,0.200
313.3342,-9.000,604.084,596.706,3.689,5.442,0.200
313.4398,-9.000,600.990,602.568,-0.789,0.981,0.200
313.5359,-8.000,607.207,596.603,5.302,5.587,0.200
313.6319,-8.000,604.220,602.805,0.707,1.007,0.200
313.7370,-7.000,610.607,597.050,6.778,5.592,0.200
313.8334,-7.000,607.779,603.415,2.182,1.008,0.200
313.9395,-6.000,614.305,597.797,8.254,5.592,0.200
314.0343,-6.000,611.596,604.277,3.660,1.008,0.200
314.1392,-6.000,612.361,606.717,2.822,0.182,0.200
314.2358,-5.000,619.424,600.278,9.573,5.443,0.200
314.3305,-4.000,622.581,598.552,12.014,6.391,0.200
314.4367,-4.000,619.443,605.906,6.768,1.153,0.200
314.5320,-3.000,626.144,600.689,12.728,5.618,0.200
314.6390,-3.000,623.664,607.430,8.117,1.013,0.200
314.7340,-2.000,630.501,602.115,14.193,5.593,0.200
314.8305,-1.000,633.922,600.888,16.517,6.418,0.200
314.9375,-1.000,631.091,608.583,11.254,1.157,0.200
315.0325,-0.000,638.070,603.639,17.215,5.619,0.200
315.1297,1.000,640.791,601.748,19.522,6.423,0.200
315.2366,1.000,637.381,608.863,14.259,1.158,0.200
315.3325,2.000,642.970,602.524,20.223,5.619,0.200
315.4378,3.000,644.511,599.445,22.533,6.423,0.200
315.5336,3.000,640.098,605.550,17.274,1.158,0.200
315.6290,3.000,639.874,607.214,16.330,0.209,0.200
315.7338,4.000,645.281,599.129,23.076,5.448,0.200
315.8388,4.000,641.186,603.949,18.619,0.982,0.200
315.9355,4.000,640.696,605.054,17.821,0.177,0.200
316.0306,5.000,645.782,596.592,24.595,5.442,0.200
316.1379,5.000,641.396,601.108,20.144,0.981,0.200
316.2355,5.000,640.656,601.958,19.349,0.177,0.200
316.3320,5.000,640.567,602.141,19.213,0.032,0.200
316.4287,5.000,640.591,602.198,19.196,0.006,0.200
316.5371,5.000,640.629,602.227,19.201,0.001,0.200
316.6348,5.000,640.666,602.247,19.210,0.000,0.200
316.7310,5.000,640.700,602.263,19.219,0.000,0.200
316.8369,5.000,640.730,602.274,19.228,0.000,0.200
316.9336,5.000,640.757,602.282,19.238,0.000,0.200
317.0286,5.000,640.782,602.288,19.247,0.000,0.200
317.1346,5.000,640.804,602.292,19.256,0.000,0.200
317.2309,5.000,640.824,602.293,19.266,0.000,0.200
317.3374,6.000,645.805,593.431,26.187,5.410,0.200
317.4340,6.000,641.232,597.705,21.764,0.976,0.200
317.5298,6.000,640.316,598.366,20.975,0.176,0.200
317.6363,6.000,640.075,598.391,20.842,0.032,0.200
317.7326,6.000,639.969,598.313,20.828,0.006,0.200
317.8291,6.000,639.897,598.229,20.834,0.001,0.200
317.9379,5.000,631.879,604.014,13.933,-5.410,0.200
318.0336,5.000,636.874,600.121,18.376,-0.976,0.200
318.1296,5.000,638.151,599.781,19.185,-0.176,0.200
318.2361,5.000,638.703,600.025,19.339,-0.032,0.200
318.3325,5.000,639.077,600.328,19.374,-0.006,0.200
318.4287,5.000,639.379,600.602,19.388,-0.001,0.200
318.5366,5.000,639.633,600.836,19.399,-0.000,0.200
318.6320,5.000,639.851,601.034,19.408,-0.000,0.200
318.7282,5.000,640.037,601.202,19.417,-0.000,0.200
318.8342,4.000,632.235,607.204,12.515,-5.410,0.200
318.9293,4.000,637.411,603.498,16.957,-0.976,0.200
319.0346,4.000,638.843,603.315,17.764,-0.176,0.200
319.1292,3.000,631.565,609.556,11.004,-5.442,0.200
319.2356,3.000,637.089,606.150,15.470,-0.981,0.200
319.3310,3.000,638.800,606.240,16.280,-0.177,0.200
319.4370,3.000,639.715,606.854,16.431,-0.032,0.200
319.5335,3.000,640.397,607.473,16.462,-0.006,0.200
319.6306,2.000,632.999,613.877,9.561,-5.411,0.200
319.7377,2.000,638.515,610.515,14.000,-0.976,0.200
319.8325,2.000,640.234,610.628,14.803,-0.176,0.200
319.9379,2.000,641.161,611.258,14.951,-0.032,0.200
320.0331,2.000,641.852,611.890,14.981,-0.006,0.200
320.1284,1.000,634.461,618.306,8.078,-5.411,0.200
320.2342,1.000,639.984,614.954,12.515,-0.976,0.200
320.3319,1.000,641.708,615.075,13.317,-0.176,0.200
320.4273,1.000,642.639,615.713,13.463,-0.032,0.200
320.5328,1.000,643.333,616.352,13.491,-0.006,0.200
320.6289,1.000,643.906,616.912,13.497,-0.001,0.200
320.7353,1.000,644.391,617.391,13.500,-0.000,0.200
320.8317,1.000,644.802,617.798,13.502,-0.000,0.200
320.9376,1.000,645.152,618.145,13.504,-0.000,0.200
321.0335,1.000,645.450,618.438,13.506,-0.000,0.200
321.1301,1.000,645.703,618.688,13.507,-0.000,0.200
321.2271,1.000,645.919,618.900,13.509,-0.000,0.200
321.3341,1.000,646.102,619.080,13.511,-0.000,0.200
321.4307,1.000,646.258,619.232,13.513,-0.000,0.200
321.5294,1.000,646.392,619.362,13.515,-0.000,0.200
321.6367,1.000,646.505,619.471,13.517,-0.000,0.200
321.7334,1.000,646.602,619.564,13.519,-0.000,0.200
321.8287,1.000,646.684,619.643,13.521,-0.000,0.200
321.9357,1.000,646.755,619.710,13.522,-0.000,0.200
322.0325,1.000,646.815,619.766,13.524,-0.000,0.200
322.1284,1.000,646.866,619.814,13.526,-0.000,0.200
322.2345,1.000,646.910,619.854,13.528,-0.000,0.200
322.3308,1.000,646.948,619.888,13.530,-0.000,0.200
322.4352,1.000,646.980,619.916,13.532,-0.000,0.200
322.5303,1.000,647.008,619.940,13.534,-0.000,0.200
322.6363,1.000,647.031,619.960,13.536,-0.000,0.200
322.7311,1.000,647.052,619.977,13.537,-0.000,0.200
322.8360,1.000,647.070,619.991,13.539,-0.000,0.200
322.9298,1.000,647.085,620.003,13.541,-0.000,0.200
323.0349,1.000,647.098,620.012,13.543,-0.000,0.200
323.1379,1.000,647.110,620.020,13.545,-0.000,0.200
323.2311,1.000,647.120,620.026,13.547,-0.000,0.200
323.3336,1.000,647.129,620.032,13.549,-0.000,0.200
323.4263,-0.000,639.175,625.897,6.639,-5.410,0.200
323.5294,-0.000,644.222,622.076,11.073,-0.976,0.200
323.6336,-0.000,645.543,621.797,11.873,-0.176,0.200
323.7309,1.000,651.091,613.234,18.929,5.378,0.200
323.8295,-0.000,638.942,623.720,7.611,-4.440,0.200
323.9358,-0.000,643.374,620.874,11.250,-0.801,0.200
324.0315,-0.000,644.705,620.893,11.906,-0.144,0.200
324.1379,-0.000,645.397,621.347,12.025,-0.026,0.200
324.2347,-0.000,645.905,621.813,12.046,-0.005,0.200
324.3302,1.000,651.285,613.362,18.961,5.409,0.200
324.4273,-0.000,639.086,623.850,7.618,-4.434,0.200
324.5340,-0.000,643.494,620.988,11.253,-0.800,0.200
324.6296,-0.000,644.806,620.989,11.908,-0.144,0.200
324.7267,1.000,650.444,612.568,18.938,5.384,0.200
324.8334,1.000,646.350,617.296,14.527,0.971,0.200
324.9299,1.000,645.826,618.360,13.733,0.175,0.200
325.0350,1.000,645.913,618.730,13.592,0.032,0.200
325.1305,1.000,646.084,618.949,13.568,0.006,0.200
325.2259,1.000,646.247,619.117,13.565,0.001,0.200
325.3317,1.000,646.389,619.257,13.566,0.000,0.200
325.4288,1.000,646.510,619.375,13.568,0.000,0.200
325.5351,1.000,646.614,619.475,13.569,0.000,0.200
325.6320,1.000,646.702,619.559,13.571,0.000,0.200
325.7289,1.000,646.777,619.631,13.573,0.000,0.200
325.8351,2.000,651.803,610.830,20.487,5.410,0.200
325.9329,1.000,639.307,621.018,9.144,-4.434,0.200
326.0295,2.000,648.424,609.038,19.693,4.610,0.200
326.1278,2.000,644.932,613.097,15.918,0.831,0.200
326.2333,1.000,636.533,619.877,8.328,-5.260,0.200
326.3287,1.000,641.659,616.376,12.641,-0.949,0.200
326.4260,1.000,643.129,616.287,13.421,-0.171,0.200
