time_s,error_mm,left_rpm,right_rpm,pid_output,d_term,target_speed_ms
0.0003,4.000,152.654,-122.972,137.813,126.609,0.320
0.0546,3.000,51.761,5.778,22.991,14.570,0.320
0.1513,4.000,67.770,16.158,25.806,14.562,0.320
0.2596,4.000,71.338,42.796,14.271,3.005,0.320
0.3563,3.000,68.759,73.664,-2.453,-10.936,0.320
0.4543,3.000,93.365,80.879,6.243,-2.257,0.320
0.5630,3.000,111.084,94.982,8.051,-0.466,0.320
0.6587,3.000,127.382,110.508,8.437,-0.096,0.320
0.7555,3.000,143.388,126.327,8.530,-0.020,0.320
0.8553,3.000,159.333,142.207,8.563,-0.004,0.320
0.9524,3.000,175.266,158.101,8.583,-0.001,0.320
1.0599,3.000,191.197,173.997,8.600,-0.000,0.320
1.1578,3.000,207.128,189.894,8.617,-0.000,0.320
1.2559,3.000,223.059,205.791,8.634,-0.000,0.320
1.3519,3.000,238.990,221.688,8.651,-0.000,0.320
1.4505,3.000,254.922,237.586,8.668,-0.000,0.320
1.5577,2.000,255.412,266.765,-5.677,-11.556,0.320
1.6555,2.000,281.091,274.080,3.506,-2.384,0.320
1.7539,1.000,283.963,301.867,-8.952,-12.048,0.320
1.8519,1.000,310.448,309.217,0.615,-2.486,0.320
1.9507,1.000,329.193,324.006,2.594,-0.513,0.320
2.0593,1.000,346.246,340.232,3.007,-0.106,0.320
2.1587,1.000,362.866,356.674,3.096,-0.022,0.320
2.2557,-0.000,363.886,386.370,-11.242,-11.560,0.320
2.3531,-0.000,390.003,394.138,-2.067,-2.385,0.320
2.4616,-0.000,408.684,409.033,-0.174,-0.492,0.320
2.5597,-0.000,425.732,425.299,0.217,-0.102,0.320
2.6598,-1.000,426.078,454.206,-14.064,-11.577,0.320
2.7579,-1.000,451.579,461.343,-4.882,-2.389,0.320
2.8576,-1.000,469.728,475.712,-2.992,-0.493,0.320
2.9552,-2.000,470.040,503.974,-16.967,-11.657,0.320
3.0538,-1.000,508.593,495.324,6.635,9.150,0.320
3.1609,-2.000,501.641,531.629,-14.994,-9.667,0.320
3.2591,-2.000,525.664,540.330,-7.333,-1.995,0.320
3.3571,-2.000,543.531,555.053,-5.761,-0.412,0.320
3.4555,-2.000,560.085,570.975,-5.445,-0.085,0.320
3.5524,-2.000,576.331,587.109,-5.389,-0.018,0.320
3.6502,-2.000,592.482,603.255,-5.386,-0.004,0.320
3.7598,-2.000,608.587,619.377,-5.395,-0.001,0.320
3.8568,-2.000,624.661,635.471,-5.405,-0.000,0.320
3.9540,-2.000,640.708,651.541,-5.416,-0.000,0.320
4.0505,-2.000,656.734,667.589,-5.428,-0.000,0.320
4.1595,-2.000,672.742,683.619,-5.439,-0.000,0.320
4.2586,-2.000,644.464,680.722,-5.061,-0.000,0.180
4.3569,-2.000,618.020,675.892,-5.071,-0.000,0.180
4.4522,-2.000,593.465,669.090,-5.081,-0.000,0.180
4.5501,-2.000,570.515,660.612,-5.092,-0.000,0.180
4.6500,-2.000,548.931,650.708,-5.102,-0.000,0.180
4.7588,-2.000,528.506,639.593,-5.113,-0.000,0.180
4.8559,-2.000,509.067,627.448,-5.123,-0.000,0.180
4.9542,-2.000,506.070,630.655,-5.133,-0.000,0.180
5.0521,-1.000,511.495,623.009,4.030,6.568,0.180
5.1503,-1.000,504.627,630.989,-1.161,1.383,0.180
5.2574,-0.000,510.078,624.083,6.916,6.860,0.180
5.3550,-0.000,503.931,631.994,1.500,1.444,0.180
5.4514,-0.000,502.168,635.255,0.360,0.304,0.180
5.5574,1.000,508.773,626.324,9.294,6.632,0.180
5.6555,2.000,510.436,622.084,13.236,7.965,0.180
5.7545,2.000,503.721,629.608,6.959,1.677,0.180
5.8536,3.000,509.410,621.008,14.819,6.921,0.180
5.9517,3.000,503.615,627.328,9.371,1.457,0.180
6.0574,5.000,516.933,607.256,26.583,13.444,0.180
6.1555,5.000,506.036,618.412,15.996,2.830,0.180
6.2517,5.000,503.564,621.105,13.787,0.596,0.180
6.3600,6.000,510.269,610.987,22.516,6.694,0.180
6.4495,6.000,504.795,616.560,17.263,1.409,0.180
6.5580,7.000,510.900,606.939,25.355,6.865,0.180
6.6541,8.000,512.701,601.550,29.145,8.014,0.180
6.7541,8.000,506.225,607.976,22.860,1.687,0.180
6.8511,8.000,504.772,609.386,21.570,0.355,0.180
6.9500,8.000,504.396,609.726,21.331,0.075,0.180
7.0562,9.000,511.634,598.856,30.488,6.584,0.180
7.1543,10.000,513.727,593.077,34.510,7.955,0.180
7.2519,10.000,507.359,599.312,28.282,1.675,0.180
7.3496,11.000,513.344,589.615,36.186,6.921,0.180
7.4567,12.000,515.179,584.023,39.952,8.025,0.180
7.5550,12.000,508.764,590.245,33.679,1.690,0.180
7.6537,12.000,507.372,591.473,32.407,0.356,0.180
7.7532,13.000,514.425,580.681,41.363,6.643,0.180
7.8510,13.000,509.131,585.797,36.186,1.399,0.180
7.9503,14.000,515.369,575.807,44.323,6.863,0.180
8.0575,14.000,509.909,581.078,38.977,1.445,0.180
8.1541,15.000,516.117,571.109,47.083,6.873,0.180
8.2521,15.000,510.657,576.373,41.735,1.447,0.180
8.3500,15.000,509.497,577.366,40.671,0.305,0.180
8.4572,15.000,509.253,577.468,40.509,0.064,0.180
8.5545,15.000,509.211,577.389,40.536,0.014,0.180
8.6511,15.000,509.220,577.278,40.603,0.003,0.180
8.7500,14.000,498.872,585.139,31.506,-6.568,0.180
8.8583,14.000,504.567,580.329,36.763,-1.383,0.180
8.9573,13.000,495.730,587.520,28.754,-6.860,0.180
9.0532,12.000,491.635,590.814,25.064,-8.013,0.180
9.1508,11.000,488.806,593.563,22.278,-8.255,0.180
9.2585,10.000,486.470,596.431,19.679,-8.306,0.180
9.3551,8.000,474.057,607.497,7.941,-14.886,0.180
9.4539,7.000,477.901,606.107,10.561,-9.702,0.180
9.5502,6.000,477.765,608.929,9.084,-8.611,0.180
9.6594,3.000,456.114,628.664,-11.608,-21.518,0.180
9.7570,2.000,466.428,623.321,-3.778,-11.099,0.180
9.8579,1.000,468.438,626.136,-4.179,-8.905,0.180
9.9544,-1.000,457.676,637.999,-15.491,-15.012,0.180
10.0524,-3.000,451.042,644.369,-21.992,-16.297,0.180
10.1502,-5.000,444.833,649.154,-27.489,-16.568,0.180
10.2567,-6.000,449.307,645.869,-23.609,-10.056,0.180
10.3576,-7.000,448.247,647.341,-24.874,-8.686,0.180
10.4557,-9.000,434.794,656.943,-36.401,-14.965,0.180
10.5562,-10.000,436.952,653.912,-33.806,-9.719,0.180
10.6552,-11.000,434.728,654.794,-35.359,-8.615,0.180
10.7538,-12.000,431.427,656.354,-37.789,-8.382,0.180
10.8514,-13.000,427.769,657.933,-40.408,-8.333,0.180
10.9490,-14.000,423.922,659.412,-43.070,-8.323,0.180
11.0567,-14.000,430.913,653.408,-36.572,-1.752,0.180
11.1549,-17.000,399.723,674.638,-62.783,-20.074,0.180
11.2521,-17.000,415.749,659.145,-47.023,-4.226,0.180
11.3520,-17.000,419.223,656.124,-43.775,-0.890,0.180
11.4509,-18.000,409.056,663.076,-52.335,-6.756,0.180
11.5585,-19.000,403.456,665.344,-56.269,-7.991,0.180
11.6574,-19.000,409.750,659.218,-50.059,-1.682,0.180
11.7561,-19.000,411.050,658.060,-48.830,-0.354,0.180
11.8544,-21.000,389.453,672.578,-66.887,-13.211,0.180
11.9548,-21.000,399.875,662.139,-56.457,-2.781,0.180
12.0523,-21.000,402.063,659.936,-54.261,-0.586,0.180
12.1497,-21.000,402.519,659.468,-53.799,-0.123,0.180
12.2483,-21.000,402.611,659.365,-53.701,-0.026,0.180
12.3557,-22.000,391.659,666.708,-62.849,-6.574,0.180
12.4533,-21.000,404.783,651.116,-48.491,5.184,0.180
12.5503,-21.000,401.142,655.661,-52.584,1.091,0.180
12.6558,-21.000,400.664,656.906,-53.446,0.230,0.180
12.7531,-21.000,400.808,657.413,-53.627,0.048,0.180
12.8513,-20.000,409.016,647.360,-44.497,6.579,0.180
12.9490,-21.000,393.569,660.638,-58.859,-5.183,0.180
13.0582,-21.000,398.239,657.124,-54.767,-1.091,0.180
13.1572,-20.000,407.561,646.385,-44.737,6.339,0.180
13.2551,-20.000,403.454,652.287,-49.741,1.334,0.180
13.3527,-19.000,411.034,643.834,-41.725,6.849,0.180
13.4503,-19.000,406.656,650.469,-47.231,1.442,0.180
13.5466,-19.000,406.378,652.666,-48.468,0.304,0.180
13.6561,-18.000,414.829,643.446,-39.633,6.632,0.180
13.7537,-17.000,418.646,639.575,-35.789,7.965,0.180
13.8508,-16.000,421.720,637.055,-32.992,8.245,0.180
13.9474,-16.000,416.863,645.383,-39.584,1.736,0.180
14.0553,-15.000,424.859,637.938,-31.864,6.934,0.180
14.1543,-14.000,429.014,634.851,-28.243,8.028,0.180
14.2523,-13.000,432.531,632.842,-25.480,8.259,0.180
14.3494,-12.000,436.058,631.197,-22.894,8.307,0.180
14.4464,-12.000,431.737,640.117,-29.515,1.749,0.180
14.5463,-10.000,448.196,622.768,-12.610,13.505,0.180
14.6542,-10.000,440.103,636.103,-23.324,2.843,0.180
14.7522,-9.000,448.009,630.254,-16.447,7.167,0.180
14.8499,-8.000,452.651,627.960,-12.979,8.077,0.180
14.9478,-6.000,464.678,616.129,-1.050,14.837,0.180
15.0574,-6.000,456.016,630.957,-12.795,3.124,0.180
15.1543,-5.000,464.114,625.701,-6.118,7.226,0.180
15.2533,-5.000,461.090,634.139,-11.849,1.521,0.180
15.3513,-5.000,462.165,637.668,-13.076,0.320,0.180
15.4482,-4.000,471.816,629.529,-4.181,6.636,0.180
15.5568,-5.000,457.726,644.306,-18.614,-5.171,0.180
15.6529,-4.000,471.547,631.667,-5.384,5.480,0.180
15.7519,-5.000,458.229,645.390,-18.905,-5.415,0.180
15.8487,-5.000,464.151,642.813,-14.656,-1.140,0.180
15.9565,-5.000,466.446,643.361,-13.782,-0.240,0.180
16.0542,-5.000,467.818,644.406,-13.618,-0.051,0.180
16.1530,-6.000,457.885,652.792,-22.778,-6.579,0.180
16.2515,-6.000,463.891,648.472,-17.615,-1.385,0.180
16.3515,-6.000,465.669,648.127,-16.553,-0.292,0.180
16.4499,-6.000,466.478,648.537,-16.354,-0.061,0.180
16.5470,-6.000,467.012,649.037,-16.337,-0.013,0.180
16.6563,-6.000,467.431,649.498,-16.358,-0.003,0.180
16.7555,-5.000,475.750,639.528,-7.213,6.568,0.180
16.8532,-4.000,479.310,635.163,-3.251,7.951,0.180
16.9517,-4.000,474.171,642.619,-9.549,1.674,0.180
17.0515,-3.000,481.786,634.572,-1.717,6.921,0.180
17.1490,-3.000,477.624,641.369,-7.197,1.457,0.180
17.2458,-3.000,477.577,643.654,-8.363,0.307,0.180
17.3463,-2.000,486.245,634.489,0.553,6.633,0.180
17.4531,-2.000,482.286,641.025,-4.694,1.396,0.180
17.5501,-2.000,482.269,643.233,-5.807,0.294,0.180
17.6482,-2.000,482.957,644.407,-6.049,0.062,0.180
17.7557,-1.000,491.663,634.884,3.065,6.581,0.180
17.8509,-1.000,487.615,641.238,-2.136,1.386,0.180
17.9489,-1.000,487.496,643.317,-3.235,0.292,0.180
18.0464,-1.000,488.093,644.385,-3.470,0.061,0.180
18.1553,-1.000,488.747,645.146,-3.524,0.013,0.180
18.2532,-1.000,489.333,645.764,-3.540,0.003,0.180
18.3484,-2.000,478.864,653.656,-12.720,-6.568,0.180
18.4454,-1.000,492.417,638.512,1.628,5.186,0.180
18.5515,-1.000,489.142,643.436,-2.471,1.092,0.180
18.6487,-1.000,488.975,645.003,-3.338,0.230,0.180
18.7468,-1.000,489.384,645.785,-3.525,0.048,0.180
18.8545,-1.000,489.847,646.335,-3.568,0.010,0.180
18.9500,-1.000,490.264,646.778,-3.582,0.002,0.180
19.0466,-1.000,490.622,647.151,-3.589,0.000,0.180
19.1536,-1.000,490.927,647.467,-3.594,0.000,0.180
19.2544,-1.000,491.186,647.736,-3.599,0.000,0.180
19.3523,-1.000,491.406,647.966,-3.605,0.000,0.180
19.4502,-1.000,491.591,648.162,-3.610,0.000,0.180
19.5473,-1.000,491.748,648.330,-3.615,0.000,0.180
19.6475,-2.000,480.907,655.846,-12.794,-6.568,0.180
19.7467,-2.000,486.170,650.758,-7.619,-1.383,0.180
19.8549,-2.000,487.325,649.751,-6.537,-0.291,0.180
19.9531,-2.000,487.608,649.595,-6.318,-0.061,0.180
20.0501,-3.000,476.726,656.984,-15.454,-6.581,0.180
20.1504,-3.000,481.921,651.819,-10.273,-1.386,0.180
20.2475,-3.000,483.013,650.754,-9.195,-0.292,0.180
20.3551,-4.000,472.265,657.924,-18.154,-6.630,0.180
20.4520,-5.000,466.484,660.064,-22.114,-7.964,0.180
20.5501,-5.000,472.698,653.755,-15.853,-1.677,0.180
20.6470,-5.000,473.956,652.417,-14.555,-0.353,0.180
20.7460,-6.000,463.201,659.504,-23.476,-6.643,0.180
20.8547,-6.000,468.355,654.232,-18.263,-1.398,0.180
20.9521,-7.000,458.404,660.482,-26.364,-6.863,0.180
21.0526,-7.000,463.712,655.028,-20.982,-1.445,0.180
21.1492,-7.000,464.755,653.862,-19.878,-0.304,0.180
21.2468,-8.000,453.932,660.979,-28.848,-6.632,0.180
21.3524,-9.000,448.079,663.084,-32.827,-7.965,0.180
21.4491,-9.000,454.226,656.749,-26.586,-1.677,0.180
21.5465,-10.000,444.450,662.766,-34.482,-6.921,0.180
21.6557,-10.000,449.765,657.257,-29.070,-1.457,0.180
21.7513,-11.000,439.807,663.449,-37.145,-6.875,0.180
21.8489,-12.000,434.104,665.352,-40.948,-8.016,0.180
21.9483,-12.000,440.254,658.970,-34.683,-1.688,0.180
22.0456,-13.000,430.452,664.976,-42.586,-6.924,0.180
22.1554,-13.000,435.737,659.464,-37.188,-1.458,0.180
22.2526,-13.000,436.724,658.285,-36.105,-0.307,0.180
22.3496,-14.000,425.843,665.402,-45.104,-6.633,0.180
22.4471,-14.000,430.907,660.138,-39.940,-1.396,0.180
22.5447,-14.000,431.852,659.024,-38.910,-0.294,0.180
22.6525,-14.000,431.940,658.793,-38.751,-0.062,0.180
22.7505,-14.000,431.855,658.755,-38.775,-0.013,0.180
22.8465,-14.000,431.740,658.766,-38.837,-0.003,0.180
22.9452,-14.000,431.625,658.792,-38.908,-0.001,0.180
23.0516,-14.000,431.515,658.827,-38.980,-0.000,0.180
23.1462,-14.000,431.411,658.868,-39.053,-0.000,0.180
23.2535,-14.000,431.311,658.914,-39.126,-0.000,0.180
23.3502,-14.000,431.215,658.963,-39.199,-0.000,0.180
23.4479,-14.000,431.122,659.016,-39.271,-0.000,0.180
23.5438,-14.000,431.033,659.073,-39.344,-0.000,0.180
23.6433,-14.000,430.946,659.131,-39.417,-0.000,0.180
23.7515,-14.000,430.861,659.192,-39.490,-0.000,0.180
23.8494,-14.000,430.778,659.254,-39.563,-0.000,0.180
23.9484,-14.000,430.697,659.319,-39.635,-0.000,0.180
24.0464,-14.000,430.616,659.384,-39.708,-0.000,0.180
24.1466,-13.000,438.511,649.077,-30.607,6.568,0.180
24.2460,-13.000,433.732,654.805,-35.861,1.383,0.180
24.3535,-13.000,432.977,656.368,-37.020,0.291,0.180
24.4515,-13.000,433.022,657.008,-37.317,0.061,0.180
24.5490,-12.000,441.171,647.042,-28.260,6.581,0.180
24.6472,-12.000,436.641,653.028,-33.518,1.386,0.180
24.7431,-12.000,436.103,654.803,-34.674,0.292,0.180
24.8495,-11.000,444.310,645.247,-25.793,6.630,0.180
24.9468,-11.000,439.946,651.466,-31.084,1.396,0.180
25.0462,-11.000,439.574,653.413,-32.244,0.294,0.180
25.1439,-10.000,447.928,643.998,-23.359,6.630,0.180
25.2525,-9.000,451.665,639.960,-19.472,7.964,0.180
25.3514,-9.000,446.702,647.666,-25.806,1.677,0.180
25.4490,-8.000,454.472,639.829,-18.003,6.921,0.180
25.5467,-8.000,450.437,646.806,-23.509,1.457,0.180
25.6447,-7.000,458.469,638.875,-15.527,6.875,0.180
25.7437,-7.000,454.548,645.882,-20.992,1.447,0.180
25.8505,-7.000,454.680,648.373,-22.171,0.305,0.180
25.9514,-6.000,463.492,639.391,-13.274,6.633,0.180
26.0502,-6.000,459.652,646.086,-18.542,1.396,0.180
26.1460,-5.000,467.705,638.059,-10.501,6.862,0.180
26.2451,-5.000,463.773,645.014,-15.945,1.445,0.180
26.3447,-4.000,471.865,637.092,-7.938,6.873,0.180
26.4511,-3.000,475.964,633.737,-4.211,8.015,0.180
26.5475,-3.000,471.437,641.897,-10.554,1.687,0.180
26.6451,-2.000,479.606,634.414,-2.729,6.924,0.180
26.7518,-1.000,483.896,631.309,0.969,8.026,0.180
26.8510,-1.000,479.557,639.654,-5.373,1.690,0.180
26.9475,-0.000,487.895,632.323,2.462,6.924,0.180
27.0458,-0.000,484.356,639.717,-3.005,1.458,0.180
27.1437,1.000,492.217,631.532,5.018,6.875,0.180
27.2437,2.000,495.530,627.344,8.769,8.016,0.180
27.3503,2.000,490.341,634.790,2.451,1.688,0.180
27.4474,3.000,497.351,626.097,10.303,6.924,0.180
27.5458,3.000,492.686,632.333,4.852,1.458,0.180
27.6449,3.000,492.218,634.135,3.717,0.307,0.180
27.7448,3.000,492.559,634.929,3.490,0.065,0.180
27.8524,3.000,493.005,635.447,3.455,0.014,0.180
27.9495,3.000,493.420,635.852,3.460,0.003,0.180
28.0469,3.000,493.782,636.187,3.473,0.001,0.180
28.1461,3.000,494.093,636.468,3.488,0.000,0.180
28.2428,3.000,494.360,636.704,3.504,0.000,0.180
28.3513,4.000,501.963,625.929,12.693,6.568,0.180
28.4500,4.000,496.950,631.245,7.528,1.383,0.180
28.5449,5.000,503.382,621.472,15.631,6.860,0.180
28.6417,5.000,498.073,626.941,10.241,1.444,0.180
28.7507,5.000,497.026,628.123,9.127,0.304,0.180
28.8480,5.000,496.870,628.394,8.913,0.064,0.180
28.9450,5.000,496.894,628.468,8.889,0.013,0.180
29.0432,5.000,496.951,628.494,8.904,0.003,0.180
29.1428,5.000,497.010,628.505,8.928,0.001,0.180
29.2496,4.000,486.692,636.484,-0.220,-6.568,0.180
29.3466,3.000,482.030,639.757,-4.187,-7.951,0.180
29.4443,3.000,489.233,634.373,2.105,-1.674,0.180
29.5507,2.000,480.970,641.783,-5.731,-6.921,0.180
29.6480,1.000,477.208,645.420,-9.430,-8.025,0.180
29.7442,1.000,484.995,640.525,-3.089,-1.690,0.180
29.8458,-0.000,477.191,648.390,-10.924,-6.924,0.180
29.9441,-1.000,473.209,651.822,-14.631,-8.026,0.180
30.0517,-1.000,480.806,646.757,-8.300,-1.690,0.180
30.1493,-1.000,483.212,646.505,-6.971,-0.356,0.180
30.2452,-2.000,473.429,654.518,-15.869,-6.643,0.180
30.3450,-2.000,479.411,650.031,-10.635,-1.399,0.180
30.4426,-2.000,481.140,649.573,-9.541,-0.294,0.180
30.5509,-2.000,481.902,649.891,-9.319,-0.062,0.180
30.6479,-2.000,482.400,650.312,-9.280,-0.013,0.180
30.7456,-2.000,482.790,650.703,-9.281,-0.003,0.180
30.8449,-2.000,483.114,651.043,-9.289,-0.001,0.180
30.9428,-2.000,483.386,651.335,-9.299,-0.000,0.180
31.0407,-2.000,483.615,651.585,-9.309,-0.000,0.180
31.1507,-1.000,491.782,641.425,-0.146,6.568,0.180
31.2486,-1.000,487.245,647.269,-5.337,1.383,0.180
31.3453,-1.000,486.703,648.921,-6.434,0.291,0.180
31.4530,-1.000,486.940,649.628,-6.669,0.061,0.180
31.5514,-1.000,487.287,650.083,-6.722,0.013,0.180
31.6483,-1.000,487.613,650.439,-6.738,0.003,0.180
31.7457,-0.000,495.869,640.363,2.429,6.569,0.180
31.8433,-0.000,491.409,646.275,-2.757,1.383,0.180
31.9433,-0.000,490.935,647.984,-3.849,0.291,0.180
32.0409,-0.000,491.230,648.739,-4.079,0.061,0.180
32.1493,-0.000,491.628,649.233,-4.127,0.013,0.180
32.2487,-1.000,481.023,656.996,-13.311,-6.566,0.180
32.3477,-1.000,486.494,652.110,-8.133,-1.382,0.180
32.4468,-2.000,476.854,658.646,-16.220,-6.859,0.180
32.5454,-2.000,482.441,653.423,-10.816,-1.444,0.180
32.6413,-3.000,472.751,659.821,-18.859,-6.872,0.180
32.7489,-3.000,478.261,654.512,-13.449,-1.447,0.180
32.8451,-4.000,468.500,660.844,-21.496,-6.873,0.180
32.9436,-4.000,473.948,655.482,-16.091,-1.447,0.180
33.0510,-5.000,464.133,661.770,-24.143,-6.873,0.180
33.1476,-5.000,469.534,656.371,-18.743,-1.447,0.180
33.2444,-6.000,459.677,662.630,-26.800,-6.873,0.180
33.3441,-7.000,454.069,664.579,-30.579,-8.015,0.180
33.4420,-7.000,460.306,658.233,-24.288,-1.687,0.180
33.5405,-8.000,450.582,664.264,-32.166,-6.924,0.180
33.6479,-9.000,444.963,666.143,-35.915,-8.026,0.180
33.7455,-10.000,440.189,667.138,-38.799,-8.258,0.180
33.8419,-11.000,435.578,667.938,-41.505,-8.307,0.180
33.9487,-11.000,441.959,661.317,-35.004,-1.749,0.180
34.0468,-11.000,443.180,659.892,-33.680,-0.368,0.180
34.1437,-12.000,432.353,666.946,-42.621,-6.646,0.180
34.2433,-12.000,437.434,661.657,-37.436,-1.399,0.180
34.3420,-12.000,438.388,660.527,-36.394,-0.295,0.180
34.4499,-12.000,438.483,660.282,-36.224,-0.062,0.180
34.5454,-13.000,427.433,667.606,-45.411,-6.581,0.180
34.6433,-13.000,432.477,662.393,-40.283,-1.386,0.180
34.7408,-13.000,433.432,661.295,-39.256,-0.292,0.180
34.8404,-13.000,433.533,661.072,-39.094,-0.061,0.180
34.9469,-13.000,433.463,661.039,-39.113,-0.013,0.180
35.0448,-14.000,422.388,668.426,-48.344,-6.571,0.180
35.1458,-14.000,427.435,663.244,-43.229,-1.383,0.180
35.2439,-14.000,428.398,662.168,-42.209,-0.291,0.180
35.3420,-14.000,428.506,661.962,-42.052,-0.061,0.180
35.4399,-14.000,428.440,661.945,-42.077,-0.013,0.180
35.5490,-13.000,436.316,651.599,-32.966,6.566,0.180
35.6488,-12.000,439.489,646.926,-29.043,7.951,0.180
35.7463,-12.000,434.012,654.128,-35.382,1.674,0.180
35.8425,-11.000,441.335,645.872,-27.593,6.921,0.180
35.9397,-10.000,444.891,642.122,-23.940,8.025,0.180
36.0481,-9.000,447.895,639.554,-21.154,8.258,0.180
36.1486,-8.000,450.987,637.432,-18.547,8.307,0.180
36.2478,-7.000,454.273,635.570,-15.973,8.317,0.180
36.3459,-7.000,449.776,644.278,-22.576,1.751,0.180
36.4437,-6.000,458.121,637.113,-14.821,6.937,0.180
36.5403,-6.000,454.614,644.622,-20.329,1.460,0.180
36.6477,-6.000,455.131,647.507,-21.513,0.307,0.180
36.7442,-6.000,456.303,649.227,-21.787,0.065,0.180
36.8414,-6.000,457.449,650.539,-21.869,0.014,0.180
36.9393,-6.000,458.452,651.625,-21.911,0.003,0.180
37.0479,-6.000,459.307,652.547,-21.944,0.001,0.180
37.1468,-6.000,460.030,653.333,-21.976,0.000,0.180
37.2436,-6.000,460.640,654.006,-22.007,0.000,0.180
37.3407,-5.000,469.128,644.209,-12.865,6.568,0.180
37.4390,-4.000,472.833,639.990,-8.903,7.951,0.180
37.5475,-3.000,475.791,637.197,-6.027,8.242,0.180
37.6452,-2.000,478.811,634.916,-3.377,8.304,0.180
37.7435,-1.000,482.033,632.922,-0.769,8.317,0.180
37.8415,-1.000,477.484,641.515,-7.340,1.751,0.180
37.9384,-0.000,485.789,634.248,0.446,6.937,0.180
38.0447,-0.000,482.254,641.665,-5.030,1.460,0.180
38.1417,-0.000,482.751,644.468,-6.183,0.307,0.180
38.2384,-0.000,483.910,646.113,-6.426,0.065,0.180
38.3469,-0.000,485.051,647.356,-6.477,0.014,0.180
38.4479,-0.000,486.053,648.380,-6.488,0.003,0.180
38.5466,-0.000,486.912,649.244,-6.490,0.001,0.180
38.6440,-1.000,476.670,657.350,-15.664,-6.568,0.180
38.7400,-1.000,482.443,652.762,-10.484,-1.383,0.180
38.8482,-1.000,484.033,652.179,-9.397,-0.291,0.180
38.9466,-1.000,484.685,652.382,-9.173,-0.061,0.180
39.0437,-1.000,485.092,652.702,-9.130,-0.013,0.180
39.1421,-0.000,493.380,642.633,0.049,6.566,0.180
39.2407,-0.000,488.939,648.559,-5.134,1.382,0.180
39.3470,-0.000,488.479,650.282,-6.226,0.291,0.180
39.4450,1.000,496.160,640.075,2.718,6.630,0.180
39.5430,2.000,498.731,634.756,6.663,7.964,0.180
39.6401,2.000,492.786,641.365,0.386,1.677,0.180
39.7485,3.000,499.129,631.987,8.246,6.921,0.180
39.8465,3.000,493.890,637.646,2.798,1.457,0.180
39.9440,3.000,492.934,638.959,1.663,0.307,0.180
40.0419,4.000,500.233,628.364,10.610,6.633,0.180
40.1383,4.000,495.116,633.679,5.394,1.396,0.180
40.2469,4.000,494.118,634.844,4.313,0.294,0.180
40.3459,4.000,493.979,635.127,4.101,0.062,0.180
40.4430,5.000,501.385,624.243,13.247,6.581,0.180
40.5395,5.000,496.237,629.434,8.077,1.386,0.180
40.6381,5.000,495.187,630.520,7.009,0.292,0.180
40.7475,6.000,502.372,619.767,15.978,6.630,0.180
40.8460,6.000,497.153,624.953,10.776,1.396,0.180
40.9433,6.000,496.068,626.009,9.705,0.294,0.180
41.0407,6.000,495.855,626.198,9.504,0.062,0.180
41.1391,7.000,503.201,615.232,18.660,6.581,0.180
41.2380,7.000,498.003,620.353,13.501,1.386,0.180
41.3473,7.000,496.912,621.377,12.443,0.292,0.180
41.4445,7.000,496.690,621.543,12.249,0.061,0.180
41.5417,7.000,496.655,621.531,12.237,0.013,0.180
41.6388,7.000,496.661,621.485,12.263,0.003,0.180
41.7457,7.000,496.678,621.434,12.298,0.001,0.180
41.8449,7.000,496.699,621.383,12.333,0.000,0.180
41.9441,6.000,486.349,629.308,3.196,-6.568,0.180
42.0441,5.000,481.662,632.534,-0.761,-7.951,0.180
42.1417,5.000,488.844,627.110,5.543,-1.674,0.180
42.2389,4.000,480.565,634.483,-2.283,-6.921,0.180
42.3456,3.000,476.791,638.087,-5.972,-8.025,0.180
42.4438,3.000,484.571,633.164,0.379,-1.690,0.180
42.5431,2.000,476.760,641.002,-7.445,-6.924,0.180
42.6412,1.000,473.375,645.010,-11.142,-8.026,0.180
42.7380,1.000,481.481,640.433,-4.800,-1.690,0.180
42.8465,1.000,484.321,640.594,-3.461,-0.356,0.180
42.9480,-0.000,475.508,649.557,-12.349,-6.643,0.180
43.0472,1.000,489.690,634.902,2.070,5.170,0.180
43.1438,1.000,486.914,640.278,-2.007,1.088,0.180
43.2408,1.000,487.164,642.236,-2.861,0.229,0.180
43.3392,1.000,487.927,643.351,-3.036,0.048,0.180
43.4385,1.000,488.692,644.182,-3.069,0.010,0.180
43.5373,1.000,489.367,644.863,-3.072,0.002,0.180
43.6469,1.000,489.947,645.436,-3.069,0.000,0.180
43.7447,-0.000,480.069,653.894,-12.237,-6.568,0.180
43.8418,-2.000,464.203,664.353,-25.399,-14.520,0.180
43.9394,-3.000,465.384,660.976,-23.120,-9.625,0.180
44.0372,-4.000,462.561,661.333,-24.711,-8.595,0.180
44.1453,-6.000,447.830,669.767,-36.293,-14.946,0.180
44.2420,-7.000,448.948,665.696,-33.698,-9.715,0.180
44.3398,-9.000,434.880,673.056,-44.412,-15.182,0.180
44.4464,-10.000,435.994,668.639,-41.647,-9.765,0.180
44.5454,-11.000,432.774,668.452,-43.164,-8.624,0.180
44.6438,-12.000,428.603,669.126,-45.586,-8.384,0.180
44.7428,-12.000,435.174,662.583,-39.029,-1.765,0.180
44.8418,-12.000,436.517,661.264,-37.698,-0.372,0.180
44.9398,-11.000,444.731,650.670,-28.294,6.490,0.180
45.0467,-11.000,440.039,656.340,-33.475,1.366,0.180
45.1443,-11.000,439.319,657.891,-34.611,0.288,0.180
45.2417,-11.000,439.387,658.528,-34.895,0.061,0.180
45.3388,-11.000,439.582,658.933,-35.000,0.013,0.180
45.4466,-11.000,439.770,659.256,-35.067,0.003,0.180
45.5437,-11.000,439.928,659.532,-35.126,0.001,0.180
45.6422,-11.000,440.054,659.774,-35.184,0.000,0.180
45.7405,-10.000,448.127,649.614,-26.068,6.568,0.180
45.8377,-9.000,451.476,645.091,-22.132,7.951,0.180
45.9456,-9.000,446.153,652.416,-28.456,1.674,0.180
46.0423,-9.000,445.636,654.636,-29.824,0.352,0.180
46.1408,-8.000,454.008,645.310,-20.976,6.643,0.180
46.2368,-8.000,449.817,651.691,-26.261,1.398,0.180
46.3441,-7.000,457.576,643.394,-18.233,6.863,0.180
46.4430,-7.000,453.392,650.119,-23.688,1.445,0.180
46.5404,-7.000,453.296,652.377,-24.865,0.304,0.180
46.6362,-7.000,453.938,653.571,-25.141,0.064,0.180
46.7455,-6.000,462.605,644.065,-16.055,6.582,0.180
46.8442,-7.000,447.547,657.810,-30.456,-5.183,0.180
46.9448,-7.000,452.544,654.697,-26.401,-1.091,0.180
47.0452,-7.000,454.170,654.672,-25.576,-0.230,0.180
47.1442,-8.000,444.022,662.582,-34.604,-6.617,0.180
47.2422,-9.000,438.779,665.321,-38.596,-7.961,0.180
47.3394,-9.000,445.454,659.519,-32.357,-1.676,0.180
47.4393,-10.000,436.127,665.987,-40.254,-6.921,0.180
47.5386,-10.000,441.825,660.860,-34.842,-1.457,0.180
47.6390,-10.000,443.165,660.004,-33.744,-0.307,0.180
47.7367,-11.000,432.588,667.394,-42.727,-6.633,0.180
47.8357,-12.000,426.939,669.733,-46.721,-7.965,0.180
47.9372,-12.000,433.258,663.601,-40.496,-1.677,0.180
48.0456,-12.000,434.599,662.419,-39.234,-0.353,0.180
48.1430,-13.000,423.909,669.643,-48.192,-6.643,0.180
48.2402,-13.000,429.113,664.494,-43.015,-1.398,0.180
48.3383,-14.000,419.199,670.854,-51.152,-6.863,0.180
48.4383,-15.000,413.560,672.873,-54.981,-8.013,0.180
48.5351,-15.000,419.770,666.586,-48.732,-1.687,0.180
48.6453,-15.000,420.991,665.299,-47.479,-0.355,0.180
48.7430,-15.000,421.165,665.069,-47.276,-0.075,0.180
48.8413,-15.000,421.122,665.064,-47.295,-0.016,0.180
48.9377,-15.000,421.036,665.109,-47.361,-0.003,0.180
49.0443,-14.000,428.918,654.794,-38.263,6.568,0.180
49.1421,-13.000,432.099,650.143,-34.347,7.951,0.180
49.2420,-13.000,426.630,657.364,-40.692,1.674,0.180
49.3396,-10.000,449.906,628.376,-14.560,20.058,0.180
49.4364,-9.000,444.065,635.962,-21.273,10.791,0.180
49.5424,-9.000,437.740,646.770,-29.839,2.272,0.180
49.6398,-7.000,453.753,629.769,-13.332,13.615,0.180
49.7378,-6.000,453.521,632.760,-14.944,9.435,0.180
49.8445,-4.000,464.661,622.165,-4.076,15.123,0.180
49.9434,-4.000,455.933,637.357,-16.036,3.184,0.180
50.0437,-3.000,464.119,632.265,-9.397,7.239,0.180
50.1419,-2.000,469.177,630.436,-5.954,8.092,0.180
50.2429,-1.000,473.625,629.334,-3.179,8.272,0.180
50.3420,-0.000,477.984,628.418,-0.542,8.310,0.180
50.4397,-0.000,474.387,637.942,-7.102,1.749,0.180
50.5393,1.000,482.899,630.869,0.690,6.937,0.180
50.6373,1.000,479.539,638.451,-4.781,1.460,0.180
50.7364,1.000,480.186,641.393,-5.928,0.307,0.180
50.8360,2.000,488.847,632.183,3.008,6.633,0.180
50.9349,2.000,484.887,638.676,-2.219,1.396,0.180
51.0346,1.000,474.498,648.818,-12.484,-6.274,0.180
51.1442,2.000,488.225,634.280,1.648,5.247,0.180
51.2432,2.000,485.249,639.569,-2.484,1.105,0.180
51.3419,2.000,485.370,641.413,-3.346,0.233,0.180
51.4420,2.000,486.031,642.421,-3.519,0.049,0.180
51.5390,3.000,494.087,632.186,5.626,6.579,0.180
51.6375,3.000,489.482,637.937,0.448,1.385,0.180
51.7356,4.000,496.265,628.529,8.544,6.860,0.180
51.8437,5.000,498.628,623.334,12.322,8.013,0.180
51.9426,5.000,492.625,629.930,6.023,1.687,0.180
52.0390,6.000,498.945,620.515,13.891,6.924,0.180
52.1358,6.000,493.694,626.134,8.456,1.458,0.180
52.2422,6.000,492.731,627.410,7.336,0.307,0.180
52.3392,6.000,492.653,627.754,7.125,0.065,0.180
52.4383,6.000,492.747,627.887,7.105,0.014,0.180
52.5363,5.000,482.490,635.936,-2.048,-6.566,0.180
52.6439,5.000,488.261,631.289,3.162,-1.382,0.180
52.7418,5.000,489.856,630.649,4.279,-0.291,0.180
52.8396,4.000,480.144,638.773,-4.639,-6.630,0.180
52.9371,4.000,486.223,634.343,0.616,-1.396,0.180
53.0339,3.000,477.674,641.895,-7.435,-6.862,0.180
53.1398,2.000,473.809,645.512,-11.176,-8.013,0.180
53.2375,2.000,481.540,640.570,-4.839,-1.687,0.180
53.3350,2.000,484.068,640.413,-3.497,-0.355,0.180
53.4437,1.000,474.993,649.104,-12.380,-6.643,0.180
53.5428,-0.000,471.206,653.164,-16.304,-7.967,0.180
53.6419,-1.000,468.138,655.864,-19.188,-8.246,0.180
53.7408,-1.000,475.986,650.703,-12.683,-1.736,0.180
53.8374,-2.000,488.374,668.350,-26.514,-11.914,0.320
53.9337,-3.000,507.710,678.478,-31.431,-14.014,0.320
54.0427,-4.000,527.037,688.131,-34.687,-14.447,0.320
54.1381,-4.000,561.563,686.012,-23.243,-2.981,0.320
54.2364,-5.000,569.634,706.423,-35.261,-12.171,0.320
54.3361,-6.000,583.945,720.254,-39.990,-14.067,0.320
54.4438,-6.000,615.149,720.747,-28.860,-2.903,0.320
54.5406,-7.000,620.587,743.186,-40.951,-12.155,0.320
54.6388,-9.000,616.419,771.143,-60.066,-25.619,0.320
54.7402,-10.000,638.513,776.206,-54.145,-16.842,0.320
54.8380,-11.000,653.176,788.560,-55.195,-15.031,0.320
54.9360,-13.000,649.726,815.069,-72.050,-26.213,0.320
55.0337,-15.000,654.675,832.815,-80.041,-28.520,0.320
55.1432,-17.000,661.051,848.825,-86.213,-28.996,0.320
55.2404,-19.000,667.459,864.539,-92.017,-29.094,0.320
55.3380,-20.000,690.042,867.695,-83.282,-17.559,0.320
55.4373,-22.000,687.084,892.625,-98.057,-26.734,0.320
55.5429,-23.000,707.459,897.861,-91.195,-17.072,0.320
55.6394,-24.000,720.106,910.918,-92.001,-15.078,0.320
55.7381,-25.000,731.120,925.688,-94.390,-14.667,0.320
55.8357,-27.000,725.488,953.330,-111.460,-26.138,0.320
55.9334,-29.000,728.792,971.829,-119.427,-28.505,0.320
56.0403,-29.000,766.382,963.547,-96.805,-5.882,0.320
56.1362,-31.000,753.609,998.326,-120.848,-24.325,0.320
56.2331,-31.000,787.881,993.534,-101.542,-5.019,0.320
56.3414,-33.000,774.423,1029.145,-126.270,-24.147,0.320
56.4399,-33.000,808.553,1024.619,-107.105,-4.983,0.320
56.5371,-34.000,811.340,1047.930,-117.506,-12.584,0.320
56.6339,-35.000,804.233,1049.324,-121.875,-14.152,0.320
56.7428,-36.000,798.362,1049.499,-124.999,-14.476,0.320
56.8391,-38.000,776.465,1061.875,-142.221,-26.098,0.320
56.9375,-39.000,779.928,1052.479,-135.864,-16.941,0.320
57.0374,-39.000,792.413,1037.950,-122.418,-3.496,0.320
57.1348,-39.000,794.372,1034.255,-119.644,-0.721,0.320
57.2426,-39.000,794.251,1032.900,-119.072,-0.149,0.320
57.3411,-37.000,820.331,1001.245,-90.242,23.080,0.320
57.4390,-36.000,815.951,1004.726,-94.205,16.318,0.320
57.5360,-31.000,870.524,941.590,-35.378,61.145,0.320
57.6346,-2.000,1210.859,546.335,332.394,347.728,0.320
57.7346,7.000,1068.703,697.610,185.659,175.753,0.320
57.8422,11.000,996.412,789.291,103.656,82.489,0.320
57.9396,15.000,995.026,803.799,95.695,63.244,0.320
58.0358,17.000,981.388,832.911,74.307,36.161,0.320
58.1334,20.000,999.582,822.350,88.675,42.129,0.320
58.2408,21.000,986.335,847.245,69.595,20.249,0.320
58.3371,23.000,1001.594,837.207,82.236,27.289,0.320
58.4355,24.000,997.596,847.802,74.933,17.187,0.320
58.5333,25.000,1000.701,849.466,75.648,15.102,0.320
58.6333,25.000,992.246,864.973,63.662,3.116,0.320
58.7416,25.000,992.774,870.440,61.189,0.643,0.320
58.8407,25.000,994.815,873.495,60.679,0.133,0.320
58.9374,25.000,996.878,875.763,60.573,0.027,0.320
59.0335,24.000,983.264,890.899,46.196,-11.550,0.320
59.1325,24.000,994.579,883.877,55.363,-2.383,0.320
59.2406,24.000,998.297,883.808,57.254,-0.492,0.320
59.3373,23.000,984.804,898.243,43.289,-11.657,0.320
59.4353,22.000,980.522,904.166,38.185,-13.961,0.320
59.5331,22.000,993.800,895.282,49.265,-2.881,0.320
59.6413,21.000,982.520,908.138,37.196,-12.150,0.320
59.7421,21.000,994.333,900.664,46.839,-2.507,0.320
59.8372,20.000,982.732,913.793,34.473,-12.073,0.320
59.9349,19.000,979.135,919.530,29.806,-14.047,0.320
60.0342,19.000,992.799,910.683,41.060,-2.899,0.320
60.1311,18.000,981.813,923.605,29.106,-12.154,0.320
60.2409,17.000,978.441,929.462,24.491,-14.063,0.320
60.3387,17.000,992.254,920.761,35.748,-2.902,0.320
60.4358,16.000,981.384,933.816,23.785,-12.154,0.320
60.5338,15.000,978.108,939.790,19.160,-14.064,0.320
60.6427,15.000,992.000,931.191,30.406,-2.902,0.320
60.7410,14.000,981.196,944.334,18.432,-12.154,0.320
60.8390,13.000,977.974,950.385,13.795,-14.064,0.320
60.9374,12.000,976.469,955.133,10.669,-14.458,0.320
61.0343,11.000,975.448,959.752,7.849,-14.539,0.320
61.1415,10.000,974.636,964.461,5.088,-14.556,0.320
61.2398,9.000,973.960,969.291,2.335,-14.559,0.320
61.3391,9.000,988.830,960.951,13.940,-3.004,0.320
61.4373,8.000,978.599,974.572,2.014,-12.175,0.320
61.5362,7.000,975.807,981.086,-2.639,-14.068,0.320
61.6343,7.000,990.093,972.964,8.565,-2.903,0.320
61.7315,6.000,979.615,986.522,-3.453,-12.155,0.320
61.8401,6.000,992.103,979.650,6.227,-2.508,0.320
61.9381,5.000,981.074,993.295,-6.110,-12.073,0.320
62.0340,5.000,993.295,986.296,3.500,-2.491,0.320
62.1330,4.000,982.079,999.791,-8.856,-12.070,0.320
62.2406,4.000,994.149,992.659,0.745,-2.491,0.320
62.3403,3.000,982.805,1006.039,-11.617,-12.069,0.320
62.4386,2.000,979.325,1012.090,-16.382,-14.046,0.320
62.5367,1.000,977.636,1016.805,-19.585,-14.454,0.320
62.6357,-0.000,976.457,1021.395,-22.469,-14.538,0.320
62.7325,-1.000,974.664,1025.248,-25.292,-14.555,0.320
62.8412,-2.000,972.305,1028.518,-28.107,-14.559,0.320
62.9388,-3.000,969.455,1031.303,-30.924,-14.560,0.320
63.0380,-3.000,982.465,1021.236,-19.386,-3.004,0.320
63.1345,-4.000,969.803,1032.561,-31.379,-12.176,0.320
63.2316,-5.000,964.094,1036.293,-36.099,-14.068,0.320
63.3305,-5.000,975.891,1025.816,-24.962,-2.903,0.320
63.4387,-6.000,962.447,1036.542,-37.048,-12.155,0.320
63.5353,-7.000,956.123,1039.715,-41.796,-14.064,0.320
63.6323,-7.000,967.406,1028.754,-30.674,-2.902,0.320
63.7318,-8.000,953.526,1039.068,-42.771,-12.154,0.320
63.8317,-8.000,963.112,1029.450,-33.169,-2.508,0.320
63.9395,-8.000,965.044,1027.491,-31.223,-0.518,0.320
64.0355,-8.000,965.399,1027.114,-30.858,-0.107,0.320
64.1331,-8.000,965.429,1027.065,-30.818,-0.022,0.320
64.2315,-9.000,949.113,1039.525,-45.206,-11.560,0.320
64.3308,-8.000,971.379,1014.820,-21.721,9.170,0.320
64.4406,-9.000,948.239,1035.048,-43.404,-9.663,0.320
64.5379,-9.000,956.121,1027.692,-35.786,-1.994,0.320
64.6379,-8.000,971.157,1010.941,-19.892,11.144,0.320
64.7358,-8.000,963.039,1020.602,-28.782,2.300,0.320
64.8334,-8.000,961.825,1023.128,-30.651,0.475,0.320
64.9294,-8.000,961.961,1024.107,-31.073,0.098,0.320
65.0367,-8.000,962.312,1024.703,-31.195,0.020,0.320
65.1348,-8.000,962.654,1025.166,-31.256,0.004,0.320
65.2348,-8.000,962.948,1025.557,-31.304,0.001,0.320
65.3334,-7.000,976.475,1010.452,-16.989,11.556,0.320
65.4310,-7.000,968.094,1020.492,-26.199,2.385,0.320
65.5373,-6.000,980.148,1007.687,-13.770,12.048,0.320
65.6367,-5.000,985.016,1003.023,-9.004,14.042,0.320
65.7332,-5.000,975.429,1015.781,-20.176,2.897,0.320
65.8302,-4.000,987.731,1004.015,-8.142,12.153,0.320
65.9387,-4.000,979.791,1015.411,-17.810,2.508,0.320
66.0357,-3.000,992.528,1003.451,-5.462,12.073,0.320
66.1356,-3.000,984.760,1014.880,-15.060,2.491,0.320
66.2328,-2.000,997.603,1002.989,-2.693,12.070,0.320
66.3332,-2.000,989.917,1014.484,-12.283,2.491,0.320
66.4310,-1.000,1002.829,1002.649,0.090,12.069,0.320
66.5294,-0.000,1008.484,998.751,4.867,14.046,0.320
66.6368,-0.000,999.582,1012.145,-6.281,2.898,0.320
66.7343,1.000,1011.633,1000.073,5.780,12.154,0.320
66.8308,1.000,1003.483,1011.204,-3.860,2.508,0.320
66.9305,2.000,1015.207,998.175,8.516,12.073,0.320
67.0398,2.000,1006.582,1008.691,-1.055,2.491,0.320
67.1367,2.000,1005.419,1011.460,-3.021,0.514,0.320
67.2368,2.000,1005.705,1012.540,-3.417,0.106,0.320
67.3337,3.000,1018.654,996.912,10.871,11.577,0.320
67.4293,3.000,1009.844,1006.445,1.699,2.389,0.320
67.5373,3.000,997.374,996.225,0.574,0.683,0.180
67.6358,4.000,985.512,981.860,1.826,1.481,0.180
67.7330,4.000,972.902,971.358,0.772,0.423,0.180
67.8309,5.000,961.047,956.627,2.210,1.407,0.180
67.9306,5.000,948.339,945.919,1.210,0.402,0.180
68.0379,6.000,936.371,931.043,2.664,1.401,0.180
68.1358,6.000,923.557,920.219,1.669,0.400,0.180
68.2338,6.000,911.321,908.544,1.389,0.114,0.180
68.3305,7.000,899.349,893.251,3.049,1.318,0.180
68.4389,7.000,886.416,882.189,2.113,0.377,0.180
68.5377,7.000,874.046,870.344,1.851,0.108,0.180
68.6344,7.000,861.774,858.214,1.780,0.031,0.180
68.7305,8.000,849.654,842.652,3.501,1.294,0.180
68.8287,8.000,836.562,831.395,2.584,0.370,0.180
68.9357,9.000,824.223,816.097,4.063,1.391,0.180
69.0342,9.000,811.082,804.927,3.078,0.398,0.180
69.1315,9.000,798.564,792.961,2.802,0.114,0.180
69.2378,9.000,786.176,780.718,2.729,0.032,0.180
69.3349,10.000,773.959,765.059,4.450,1.295,0.180
69.4325,10.000,760.786,753.717,3.534,0.370,0.180
69.5286,11.000,748.379,738.348,5.016,1.391,0.180
69.6362,11.000,735.180,727.117,4.032,0.398,0.180
69.7332,11.000,722.613,715.098,3.758,0.114,0.180
69.8313,11.000,710.183,702.810,3.686,0.032,0.180
69.9278,11.000,697.755,690.409,3.673,0.009,0.180
70.0382,12.000,685.473,674.647,5.413,1.288,0.180
70.1350,12.000,672.234,663.227,4.503,0.368,0.180
70.2338,12.000,659.593,651.090,4.251,0.105,0.180
70.3301,12.000,647.088,638.714,4.187,0.030,0.180
70.4293,12.000,634.592,626.240,4.176,0.009,0.180
70.5363,13.000,622.252,610.417,5.918,1.288,0.180
70.6354,13.000,608.964,598.946,5.009,0.368,0.180
70.7334,13.000,596.281,586.765,4.758,0.105,0.180
70.8314,13.000,583.740,574.351,4.695,0.030,0.180
70.9279,13.000,571.214,561.845,4.685,0.009,0.180
71.0337,13.000,571.404,562.024,4.690,0.002,0.180
71.1335,13.000,571.571,562.170,4.700,0.001,0.180
71.2319,14.000,571.892,558.996,6.448,1.286,0.180
71.3296,14.000,571.273,560.189,5.542,0.367,0.180
71.4292,14.000,571.267,560.683,5.292,0.105,0.180
71.5364,14.000,571.413,560.953,5.230,0.030,0.180
71.6375,14.000,571.580,561.138,5.221,0.009,0.180
71.7365,15.000,571.913,557.985,6.964,1.288,0.180
71.8334,15.000,571.308,559.193,6.058,0.368,0.180
71.9305,15.000,571.315,559.698,5.808,0.105,0.180
72.0276,15.000,571.471,559.978,5.747,0.030,0.180
72.1365,16.000,571.825,556.874,7.475,1.294,0.180
72.2349,16.000,571.246,558.115,6.565,0.370,0.180
72.3320,16.000,571.278,558.647,6.315,0.106,0.180
72.4303,16.000,571.456,558.947,6.254,0.030,0.180
72.5371,16.000,571.652,559.158,6.247,0.009,0.180
72.6329,17.000,572.010,556.026,7.992,1.288,0.180
72.7305,17.000,571.426,557.252,7.087,0.368,0.180
72.8285,17.000,571.452,557.772,6.840,0.105,0.180
72.9370,17.000,571.624,558.064,6.780,0.030,0.180
73.0333,17.000,571.815,558.267,6.774,0.009,0.180
73.1311,17.000,571.992,558.426,6.783,0.002,0.180
73.2291,17.000,572.148,558.555,6.796,0.001,0.180
73.3267,16.000,569.107,558.958,5.075,-1.286,0.180
73.4338,16.000,570.418,558.404,6.007,-0.367,0.180
73.5311,15.000,567.841,558.746,4.547,-1.391,0.180
73.6283,15.000,569.397,558.289,5.554,-0.397,0.180
73.7304,15.000,570.162,558.459,5.851,-0.114,0.180
73.8287,14.000,567.477,559.058,4.209,-1.318,0.180
73.9264,14.000,569.045,558.717,5.164,-0.377,0.180
74.0356,14.000,569.848,558.957,5.445,-0.108,0.180
74.1340,14.000,570.381,559.311,5.535,-0.031,0.180
74.2322,13.000,567.615,559.950,3.833,-1.294,0.180
74.3292,13.000,569.148,559.610,4.769,-0.370,0.180
74.4267,12.000,566.754,560.138,3.308,-1.391,0.180
74.5337,12.000,568.466,559.840,4.313,-0.398,0.180
74.6312,12.000,569.361,560.146,4.608,-0.114,0.180
74.7268,12.000,569.964,560.565,4.700,-0.032,0.180
74.8354,11.000,567.255,561.262,2.997,-1.295,0.180
74.9343,11.000,568.835,560.972,3.932,-0.370,0.180
75.0341,11.000,569.658,561.246,4.206,-0.106,0.180
75.1339,10.000,567.032,561.923,2.555,-1.316,0.180
75.2321,9.000,565.477,561.943,1.767,-1.662,0.180
75.3320,9.000,567.519,561.595,2.962,-0.475,0.180
75.4310,8.000,565.410,562.264,1.573,-1.421,0.180
75.5289,8.000,567.321,562.130,2.595,-0.406,0.180
75.6266,8.000,568.373,562.588,2.892,-0.116,0.180
75.7369,7.000,565.928,563.436,1.246,-1.319,0.180
75.8349,7.000,567.698,563.309,2.194,-0.377,0.180
75.9320,7.000,568.671,563.732,2.470,-0.108,0.180
76.0281,6.000,566.172,564.539,0.816,-1.316,0.180
76.1354,6.000,567.898,564.374,1.762,-0.376,0.180
76.2360,6.000,568.835,564.763,2.036,-0.107,0.180
76.3340,5.000,566.305,565.541,0.382,-1.316,0.180
76.4336,5.000,568.005,565.352,1.327,-0.376,0.180
76.5306,4.000,565.743,566.017,-0.137,-1.393,0.180
76.6281,3.000,564.387,566.137,-0.875,-1.684,0.180
76.7270,3.000,566.567,565.906,0.331,-0.481,0.180
76.8261,3.000,567.742,566.388,0.677,-0.137,0.180
76.9337,2.000,565.370,567.288,-0.959,-1.325,0.180
77.0313,1.000,564.016,567.510,-1.747,-1.664,0.180
77.1304,-0.000,563.048,567.637,-2.294,-1.761,0.180
77.2294,-0.000,565.449,567.521,-1.036,-0.503,0.180
77.3262,-1.000,563.482,568.309,-2.413,-1.429,0.180
77.4328,-2.000,562.205,568.465,-3.130,-1.694,0.180
77.5320,-3.000,561.141,568.457,-3.658,-1.770,0.180
77.6309,-4.000,560.149,568.416,-4.133,-1.791,0.180
77.7290,-4.000,562.487,568.201,-2.857,-0.512,0.180
77.8296,-5.000,560.454,568.918,-4.232,-1.432,0.180
77.9270,-5.000,562.413,568.841,-3.214,-0.409,0.180
78.0344,-5.000,563.501,569.353,-2.926,-0.117,0.180
78.1339,-6.000,560.963,570.130,-4.584,-1.319,0.180
78.2311,-7.000,559.355,570.122,-5.383,-1.663,0.180
78.3289,-6.000,561.646,566.577,-2.465,0.811,0.180
78.4257,-6.000,562.028,568.128,-3.050,0.232,0.180
78.5347,-6.000,562.679,569.121,-3.221,0.066,0.180
78.6323,-6.000,563.325,569.872,-3.273,0.019,0.180
78.7322,-6.000,563.900,570.485,-3.292,0.005,0.180
78.8290,-4.000,564.989,564.646,0.172,2.573,0.180
78.9278,-4.000,564.129,567.469,-1.670,0.735,0.180
79.0256,-4.000,564.434,568.831,-2.199,0.210,0.180
79.1335,-4.000,564.989,569.694,-2.352,0.060,0.180
79.2305,-3.000,565.842,567.166,-0.662,1.303,0.180
79.3278,-3.000,565.697,568.888,-1.595,0.372,0.180
79.4257,-2.000,566.395,566.649,-0.127,1.392,0.180
79.5341,-2.000,566.244,568.491,-1.123,0.398,0.180
79.6321,-1.000,566.973,566.319,0.327,1.399,0.180
79.7304,-0.000,567.156,565.030,1.063,1.686,0.180
79.8286,-0.000,566.982,567.263,-0.141,0.482,0.180
79.9283,1.000,567.690,565.186,1.252,1.423,0.180
80.0263,1.000,567.592,567.120,0.236,0.407,0.180
80.1327,1.000,568.083,568.190,-0.053,0.116,0.180
80.2296,2.000,568.841,565.638,1.601,1.319,0.180
80.3272,2.000,568.639,567.316,0.661,0.377,0.180
80.4338,3.000,569.175,564.914,2.130,1.393,0.180
80.5331,3.000,568.889,566.614,1.138,0.398,0.180
80.6318,3.000,569.209,567.497,0.856,0.114,0.180
80.7289,3.000,569.641,568.086,0.778,0.032,0.180
80.8275,4.000,570.231,565.244,2.494,1.295,0.180
80.9351,5.000,570.030,563.412,3.309,1.656,0.180
81.0324,5.000,569.487,565.226,2.131,0.473,0.180
81.1315,5.000,569.694,566.099,1.797,0.135,0.180
81.2291,5.000,570.061,566.651,1.705,0.039,0.180
81.3288,5.000,570.428,567.064,1.682,0.011,0.180
81.4293,6.000,570.933,564.103,3.415,1.289,0.180
81.5264,6.000,570.474,565.474,2.500,0.368,0.180
81.6342,6.000,570.604,566.119,2.243,0.105,0.180
81.7311,6.000,570.864,566.518,2.173,0.030,0.180
81.8273,7.000,571.305,563.518,3.893,1.294,0.180
81.9242,7.000,570.798,564.848,2.975,0.370,0.180
82.0335,7.000,570.891,565.456,2.717,0.106,0.180
82.1287,7.000,571.119,565.823,2.648,0.030,0.180
82.2267,7.000,571.357,566.091,2.633,0.009,0.180
82.3242,8.000,571.749,563.010,4.370,1.288,0.180
82.4318,8.000,571.193,564.280,3.457,0.368,0.180
82.5319,8.000,571.241,564.839,3.201,0.105,0.180
82.6305,8.000,571.430,565.164,3.133,0.030,0.180
82.7269,8.000,571.635,565.398,3.119,0.009,0.180
82.8241,8.000,571.823,565.583,3.120,0.002,0.180
82.9317,8.000,571.986,565.736,3.125,0.001,0.180
83.0318,8.000,572.128,565.864,3.132,0.000,0.180
83.1290,9.000,572.426,562.674,4.876,1.286,0.180
83.2253,9.000,571.787,563.856,3.965,0.367,0.180
83.3252,9.000,571.763,564.341,3.711,0.105,0.180
83.4237,9.000,571.892,564.604,3.644,0.030,0.180
83.5327,9.000,572.045,564.783,3.631,0.009,0.180
83.6297,9.000,572.189,564.923,3.633,0.002,0.180
83.7272,8.000,569.139,565.334,1.903,-1.285,0.180
83.8263,8.000,570.442,564.787,2.828,-0.367,0.180
83.9253,8.000,571.033,564.839,3.097,-0.105,0.180
84.0327,8.000,571.389,565.030,3.179,-0.030,0.180
84.1302,8.000,571.650,565.234,3.208,-0.009,0.180
84.2268,7.000,568.684,565.715,1.485,-1.288,0.180
84.3247,7.000,570.054,565.232,2.411,-0.368,0.180
84.4301,7.000,570.701,565.340,2.680,-0.105,0.180
84.5255,6.000,567.926,565.876,1.025,-1.316,0.180
84.6234,5.000,566.243,565.776,0.234,-1.662,0.180
84.7343,5.000,568.177,565.327,1.425,-0.475,0.180
84.8322,5.000,569.151,565.614,1.769,-0.136,0.180
84.9300,4.000,566.613,566.346,0.133,-1.324,0.180
85.0274,3.000,565.117,566.425,-0.654,-1.664,0.180
85.1236,3.000,567.207,566.131,0.538,-0.475,0.180
85.2325,3.000,568.313,566.552,0.880,-0.136,0.180
111.5768,1.000,49.295,-19.612,34.453,31.652,0.320
111.6194,1.000,40.702,20.293,10.205,7.399,0.320
111.7163,1.000,50.532,41.855,4.338,1.527,0.320
111.8146,1.000,65.054,58.790,3.132,0.315,0.320
111.9237,1.000,80.566,74.791,2.888,0.065,0.320
112.0217,1.000,96.300,90.617,2.842,0.013,0.320
112.1199,1.000,112.096,106.423,2.837,0.003,0.320
112.2157,1.000,127.917,122.237,2.840,0.001,0.320
112.3242,1.000,143.755,138.065,2.845,0.000,0.320
112.4239,1.000,159.605,153.904,2.851,0.000,0.320
112.5213,1.000,175.467,169.754,2.856,0.000,0.320
112.6167,1.000,191.337,185.613,2.862,0.000,0.320
112.7138,-0.000,191.773,214.761,-11.494,-11.556,0.320
112.8228,-0.000,217.405,222.050,-2.323,-2.384,0.320
112.9207,-0.000,235.677,236.537,-0.430,-0.492,0.320
113.0179,-0.000,252.376,252.456,-0.040,-0.102,0.320
113.1140,-0.000,268.707,268.625,0.041,-0.021,0.320
113.2217,-1.000,268.643,297.250,-14.304,-11.560,0.320
113.3229,-1.000,293.837,304.107,-5.135,-2.385,0.320
113.4218,-1.000,311.734,318.228,-3.247,-0.492,0.320
113.5186,-1.000,328.114,333.838,-2.862,-0.102,0.320
113.6162,-1.000,344.172,349.746,-2.787,-0.021,0.320
113.7138,-1.000,360.156,365.708,-2.776,-0.004,0.320
113.8230,-2.000,359.837,394.115,-17.139,-11.556,0.320
113.9191,-2.000,384.822,400.780,-7.979,-2.385,0.320
114.0169,-3.000,386.261,427.178,-20.459,-12.048,0.320
114.1154,-2.000,424.805,417.910,3.447,9.070,0.320
114.2137,-3.000,417.644,453.890,-18.123,-9.684,0.320
114.3210,-2.000,454.730,446.916,3.907,9.557,0.320
114.4178,-2.000,463.818,471.196,-3.689,1.972,0.320
114.5160,-2.000,478.811,489.342,-5.266,0.407,0.320
114.6148,-2.000,494.948,506.147,-5.600,0.084,0.320
114.7129,-1.000,524.539,507.172,8.684,11.573,0.320
114.8239,-1.000,532.248,533.261,-0.507,2.388,0.320
114.9229,-0.000,560.379,536.472,11.953,12.048,0.320
115.0220,1.000,580.466,546.961,16.752,14.042,0.320
115.1202,2.000,598.651,558.701,19.975,14.453,0.320
115.2161,2.000,603.797,586.766,8.515,2.982,0.320
115.3129,3.000,630.384,589.342,20.521,12.171,0.320
115.4213,3.000,637.023,615.267,10.878,2.511,0.320
115.5220,4.000,663.714,617.189,23.263,12.074,0.320
115.6193,4.000,670.203,642.797,13.703,2.491,0.320
115.7159,4.000,684.276,660.780,11.748,0.514,0.320
115.8149,4.000,699.902,677.177,11.362,0.106,0.320
115.9231,5.000,728.278,676.955,25.662,11.577,0.320
116.0208,5.000,734.970,701.968,16.501,2.389,0.320
116.1179,5.000,748.964,719.698,14.633,0.493,0.320
116.2172,5.000,764.471,735.931,14.270,0.102,0.320
116.3166,5.000,780.296,751.861,14.217,0.021,0.320
116.4147,5.000,796.190,767.732,14.229,0.004,0.320
116.5134,4.000,796.661,796.877,-0.108,-11.555,0.320
116.6221,4.000,822.327,804.158,9.085,-2.384,0.320
116.7193,4.000,840.632,818.633,10.999,-0.492,0.320
116.8199,3.000,841.923,847.820,-2.949,-11.657,0.320
116.9193,3.000,868.032,855.392,6.320,-2.405,0.320
117.0172,2.000,871.218,883.449,-6.116,-12.052,0.320
117.1154,1.000,882.519,904.320,-10.901,-14.042,0.320
117.2120,1.000,911.229,910.730,0.250,-2.898,0.320
117.3193,1.000,930.848,925.738,2.555,-0.598,0.320
117.4152,-0.000,932.991,955.643,-11.326,-11.679,0.320
117.5131,-0.000,959.768,963.881,-2.057,-2.410,0.320
117.6222,-1.000,962.668,991.678,-14.505,-12.053,0.320
117.7205,-1.000,989.162,999.052,-4.945,-2.487,0.320
117.8159,-1.000,1007.911,1013.865,-2.977,-0.513,0.320
117.9219,-2.000,992.767,1026.640,-16.936,-11.661,0.320
118.0113,-3.000,986.223,1030.331,-22.054,-13.962,0.320
118.1111,-3.000,997.575,1019.554,-10.990,-2.881,0.320
118.2188,-4.000,983.808,1029.969,-23.081,-12.150,0.320
118.3189,-4.000,993.504,1020.425,-13.460,-2.507,0.320
118.4146,-5.000,979.254,1030.963,-25.854,-12.073,0.320
118.5121,-5.000,988.730,1021.332,-16.301,-2.491,0.320
118.6206,-6.000,974.333,1031.758,-28.713,-12.070,0.320
118.7167,-6.000,983.690,1022.024,-19.167,-2.491,0.320
118.8159,-7.000,969.192,1032.363,-31.585,-12.069,0.320
118.9144,-7.000,978.464,1022.555,-22.045,-2.491,0.320
119.0116,-7.000,980.174,1020.390,-20.108,-0.514,0.320
119.1204,-7.000,980.349,1019.828,-19.739,-0.106,0.320
119.2183,-7.000,980.230,1019.619,-19.694,-0.022,0.320
119.3173,-7.000,980.068,1019.501,-19.716,-0.005,0.320
119.4150,-7.000,979.914,1019.418,-19.752,-0.001,0.320
119.5132,-7.000,979.774,1019.355,-19.790,-0.000,0.320
119.6220,-8.000,963.368,1031.749,-34.191,-11.556,0.320
119.7124,-7.000,985.571,1006.977,-10.703,9.171,0.320
119.8195,-7.000,978.661,1014.703,-18.021,1.892,0.320
119.9175,-7.000,977.466,1016.590,-19.562,0.391,0.320
120.0149,-7.000,977.412,1017.234,-19.911,0.081,0.320
120.1127,-7.000,977.559,1017.588,-20.014,0.017,0.320
120.2210,-6.000,991.001,1002.412,-5.706,11.559,0.320
120.3186,-6.000,982.556,1012.382,-14.913,2.385,0.320
120.4159,-6.000,981.278,1014.957,-16.840,0.492,0.320
120.5126,-6.000,981.405,1015.933,-17.264,0.102,0.320
120.6206,-6.000,981.760,1016.515,-17.378,0.021,0.320
120.7183,-6.000,982.108,1016.964,-17.428,0.004,0.320
120.8159,-6.000,982.409,1017.339,-17.465,0.001,0.320
120.9142,-6.000,982.662,1017.661,-17.500,0.000,0.320
121.0128,-6.000,982.873,1017.940,-17.533,0.000,0.320
121.1112,-6.000,983.048,1018.181,-17.567,0.000,0.320
121.2191,-6.000,983.191,1018.392,-17.601,0.000,0.320
121.3165,-6.000,983.307,1018.575,-17.634,0.000,0.320
121.4149,-6.000,983.401,1018.737,-17.668,0.000,0.320
121.5146,-6.000,983.476,1018.879,-17.701,0.000,0.320
121.6105,-6.000,983.535,1019.005,-17.735,0.000,0.320
121.7189,-6.000,983.580,1019.117,-17.769,0.000,0.320
121.8147,-6.000,983.613,1019.217,-17.802,0.000,0.320
121.9135,-6.000,983.636,1019.307,-17.836,0.000,0.320
122.0127,-6.000,983.650,1019.389,-17.869,0.000,0.320
122.1210,-6.000,983.658,1019.463,-17.903,0.000,0.320
122.2180,-5.000,996.940,1004.091,-3.575,11.556,0.320
122.3160,-5.000,988.352,1013.901,-12.774,2.384,0.320
122.4142,-5.000,986.952,1016.342,-14.695,0.492,0.320
122.5109,-5.000,986.975,1017.202,-15.113,0.102,0.320
122.6190,-5.000,987.242,1017.686,-15.222,0.021,0.320
122.7149,-5.000,987.517,1018.050,-15.267,0.004,0.320
122.8125,-5.000,987.757,1018.353,-15.298,0.001,0.320
122.9193,-5.000,987.959,1018.612,-15.327,0.000,0.320
123.0156,-5.000,988.127,1018.836,-15.355,0.000,0.320
123.1132,-5.000,988.265,1019.031,-15.383,0.000,0.320
123.2098,-5.000,988.379,1019.201,-15.411,0.000,0.320
123.3183,-5.000,988.471,1019.349,-15.439,0.000,0.320
123.4152,-5.000,988.546,1019.479,-15.467,0.000,0.320
123.5122,-5.000,988.605,1019.594,-15.495,0.000,0.320
123.6102,-5.000,988.651,1019.696,-15.523,0.000,0.320
123.7178,-5.000,988.685,1019.787,-15.551,0.000,0.320
123.8141,-5.000,988.711,1019.869,-15.579,0.000,0.320
123.9113,-5.000,988.728,1019.942,-15.607,0.000,0.320
124.0186,-4.000,1002.020,1004.568,-1.274,11.556,0.320
124.1168,-3.000,1006.723,998.935,3.894,13.940,0.320
124.2146,-2.000,1010.028,995.678,7.175,14.432,0.320
124.3151,-1.000,1013.365,993.223,10.071,14.534,0.320
124.4119,-1.000,1003.699,1006.638,-1.470,2.999,0.320
124.5109,1.000,1028.629,978.895,24.867,23.730,0.320
124.6187,1.000,1011.606,999.528,6.039,4.897,0.320
124.7161,2.000,1021.701,988.661,16.520,12.566,0.320
124.8131,3.000,1025.352,983.513,20.919,14.149,0.320
124.9106,4.000,1027.445,979.308,24.068,14.475,0.320
125.0201,4.000,1016.581,991.376,12.602,2.987,0.320
125.1180,5.000,1027.186,977.956,24.615,12.172,0.320
125.2162,5.000,1017.857,987.891,14.983,2.512,0.320
125.3142,5.000,1016.150,990.114,13.018,0.518,0.320
125.4111,6.000,1028.427,974.435,26.996,11.663,0.320
125.5189,6.000,1019.258,983.712,17.773,2.407,0.320
125.6158,6.000,1017.428,985.634,15.897,0.497,0.320
125.7130,6.000,1017.107,986.034,15.536,0.102,0.320
125.8195,6.000,1017.092,986.115,15.489,0.021,0.320
125.9101,7.000,1029.579,969.845,29.867,11.560,0.320
126.0180,7.000,1020.335,978.873,20.731,2.385,0.320
126.1145,7.000,1018.390,980.635,18.877,0.492,0.320
126.2137,7.000,1017.960,980.909,18.526,0.102,0.320
126.3088,7.000,1017.853,980.884,18.484,0.021,0.320
126.4155,7.000,1017.819,980.805,18.507,0.004,0.320
126.5139,7.000,1017.807,980.721,18.543,0.001,0.320
126.6107,7.000,1017.804,980.642,18.581,0.000,0.320
126.7088,7.000,1017.809,980.568,18.620,0.000,0.320
126.8166,6.000,1002.378,993.781,4.298,-11.556,0.320
126.9184,6.000,1012.139,985.133,13.503,-2.384,0.320
127.0086,6.000,1014.539,983.681,15.429,-0.492,0.320
127.1152,5.000,999.924,996.940,1.492,-11.657,0.320
127.2127,5.000,1010.128,988.584,10.772,-2.405,0.320
127.3111,4.000,997.409,1000.714,-1.652,-12.052,0.320
127.4214,4.000,1008.246,992.376,7.935,-2.487,0.320
127.5181,4.000,1011.305,991.442,9.931,-0.513,0.320
127.6166,3.000,997.196,1005.197,-4.000,-11.661,0.320
127.7134,3.000,1007.817,997.274,5.272,-2.406,0.320
127.8132,2.000,995.450,1009.776,-7.163,-12.052,0.320
127.9122,2.000,1006.583,1001.756,2.413,-2.487,0.320
128.0127,1.000,963.879,1013.356,-5.137,-7.092,0.180
128.1098,1.000,939.025,1009.997,0.468,-1.493,0.180
128.2167,-0.000,901.871,1015.995,-7.522,-6.883,0.180
128.3133,-1.000,870.964,1015.045,-11.262,-8.017,0.180
128.4111,-1.000,853.621,1003.535,-4.938,-1.688,0.180
128.5088,-0.000,840.728,984.727,5.563,6.213,0.180
128.6159,-0.000,815.363,981.374,0.658,1.308,0.180
128.7137,1.000,802.236,961.714,8.799,6.844,0.180
128.8110,1.000,778.184,956.123,3.401,1.441,0.180
128.9181,2.000,766.493,934.242,11.443,6.872,0.180
129.0143,2.000,743.730,926.695,6.028,1.447,0.180
129.1112,3.000,733.150,903.137,14.070,6.873,0.180
129.2077,4.000,718.708,883.187,17.833,8.015,0.180
129.3157,4.000,696.351,874.537,11.526,1.687,0.180
129.4126,4.000,679.320,860.436,10.215,0.355,0.180
129.5087,5.000,670.997,833.923,19.129,6.643,0.180
129.6172,6.000,657.924,812.010,23.084,7.967,0.180
129.7150,7.000,643.989,790.833,25.999,8.246,0.180
129.8127,7.000,622.617,780.584,19.525,1.736,0.180
129.9117,8.000,613.916,754.033,27.365,6.934,0.180
130.0080,9.000,601.222,731.389,31.106,8.028,0.180
130.1167,10.000,587.758,709.440,33.988,8.259,0.180
130.2149,11.000,574.194,687.529,36.694,8.307,0.180
130.3129,12.000,560.660,665.534,39.367,8.317,0.180
130.4127,13.000,547.179,643.441,42.036,8.319,0.180
130.5116,14.000,533.747,621.260,44.710,8.320,0.180
130.6101,14.000,512.987,609.976,38.214,1.752,0.180
130.7085,15.000,504.849,582.500,46.078,6.937,0.180
130.8177,16.000,508.250,575.284,49.853,8.029,0.180
130.9167,17.000,510.551,569.140,52.771,8.259,0.180
131.0160,17.000,505.095,574.330,46.339,1.739,0.180
131.1142,18.000,512.013,563.585,54.229,6.934,0.180
131.2119,18.000,507.307,568.039,48.848,1.460,0.180
131.3085,19.000,514.195,557.337,56.962,6.876,0.180
131.4162,19.000,509.323,561.966,51.633,1.448,0.180
131.5140,20.000,515.938,551.546,59.659,6.873,0.180
131.6124,20.000,510.812,556.436,54.232,1.447,0.180
131.7101,21.000,517.294,546.155,62.259,6.873,0.180
131.8104,21.000,512.055,551.164,56.832,1.447,0.180
131.9074,21.000,511.071,551.952,55.690,0.305,0.180
132.0159,22.000,518.335,540.923,64.618,6.633,0.180
132.1137,22.000,513.183,545.873,59.382,1.396,0.180
132.2111,22.000,512.153,546.732,58.279,0.294,0.180
132.3088,22.000,511.982,546.758,58.047,0.062,0.180
132.4078,22.000,511.986,546.631,57.999,0.013,0.180
132.5158,22.000,512.020,546.492,57.988,0.003,0.180
132.6123,21.000,501.687,554.335,48.818,-6.568,0.180
132.7094,21.000,507.384,549.522,54.003,-1.383,0.180
132.8165,21.000,508.911,548.747,55.094,-0.291,0.180
132.9143,20.000,499.142,556.755,46.156,-6.630,0.180
133.0107,19.000,494.901,560.099,42.320,-7.964,0.180
133.1094,19.000,502.443,554.795,48.706,-1.677,0.180
133.2092,18.000,494.473,562.266,40.955,-6.921,0.180
133.3071,17.000,490.972,565.943,37.340,-8.026,0.180
133.4134,16.000,488.621,569.045,34.590,-8.258,0.180
133.5116,15.000,486.687,572.216,32.019,-8.307,0.180
133.6072,14.000,484.992,575.563,29.482,-8.317,0.180
133.7063,13.000,483.473,579.086,26.947,-8.319,0.180
133.8151,12.000,482.099,582.764,24.409,-8.320,0.180
133.9123,11.000,480.845,586.576,21.866,-8.320,0.180
134.0112,10.000,479.693,590.503,19.318,-8.320,0.180
134.1079,9.000,478.626,594.528,16.765,-8.320,0.180
134.2067,7.000,467.257,606.611,5.033,-14.888,0.180
134.3080,6.000,471.983,606.093,7.650,-9.703,0.180
134.4165,5.000,472.593,609.659,6.168,-8.611,0.180
134.5147,4.000,472.322,614.079,3.818,-8.381,0.180
134.6124,3.000,471.853,618.676,1.282,-8.333,0.180
134.7092,-0.000,450.583,639.254,-19.644,-21.460,0.180
134.8159,-2.000,449.786,641.263,-21.050,-17.655,0.180
134.9128,-3.000,456.257,638.222,-16.296,-10.285,0.180
135.0104,-5.000,445.373,647.821,-26.539,-15.302,0.180
135.1083,-7.000,437.936,652.967,-32.832,-16.358,0.180
135.2159,-9.000,430.894,656.861,-38.301,-16.581,0.180
135.3116,-11.000,423.653,660.226,-43.605,-16.628,0.180
135.4088,-13.000,416.130,663.255,-48.882,-16.637,0.180
135.5075,-15.000,408.340,666.024,-54.162,-16.639,0.180
135.6159,-17.000,400.318,668.579,-59.451,-16.640,0.180
135.7129,-18.000,403.070,663.580,-55.576,-10.072,0.180
135.8099,-19.000,400.499,663.641,-56.892,-8.689,0.180
135.9082,-21.000,385.856,671.951,-68.370,-14.966,0.180
136.0157,-22.000,387.011,667.812,-65.723,-9.719,0.180
136.1143,-23.000,383.948,667.739,-67.218,-8.615,0.180
136.2111,-24.000,379.948,668.473,-69.586,-8.382,0.180
136.3096,-25.000,375.709,669.336,-72.137,-8.333,0.180
136.4071,-26.000,371.385,670.191,-74.726,-8.323,0.180
136.5057,-26.000,377.981,663.646,-68.156,-1.752,0.180
136.6145,-27.000,368.418,669.653,-75.941,-6.937,0.180
136.7140,-27.000,373.883,664.164,-70.464,-1.460,0.180
136.8127,-28.000,364.058,670.370,-78.480,-6.876,0.180
136.9110,-29.000,358.480,672.271,-82.220,-8.016,0.180
137.0085,-30.000,353.777,673.249,-85.060,-8.256,0.180
137.1060,-31.000,349.244,674.016,-87.710,-8.307,0.180
137.2135,-31.000,355.701,667.357,-81.152,-1.749,0.180
137.3124,-32.000,346.027,673.260,-88.940,-6.937,0.180
137.4088,-33.000,340.432,675.049,-92.632,-8.029,0.180
137.5069,-33.000,346.654,668.593,-86.294,-1.690,0.180
137.6063,-34.000,336.920,674.527,-94.128,-6.924,0.180
137.7170,-35.000,331.303,676.314,-97.830,-8.026,0.180
137.8143,-35.000,337.512,669.850,-91.493,-1.690,0.180
137.9109,-36.000,327.769,675.776,-99.328,-6.924,0.180
138.0075,-36.000,333.114,670.188,-93.861,-1.458,0.180
138.1058,-37.000,323.192,676.301,-101.879,-6.875,0.180
138.2072,-38.000,317.533,678.124,-105.620,-8.016,0.180
138.3149,-38.000,323.731,671.665,-99.291,-1.688,0.180
138.4114,-38.000,324.952,670.222,-97.959,-0.355,0.180
138.5086,-39.000,314.170,677.215,-106.847,-6.643,0.180
138.6079,-39.000,319.305,671.860,-101.602,-1.399,0.180
138.7060,-39.000,320.315,670.663,-100.498,-0.294,0.180
138.8139,-39.000,320.468,670.351,-100.266,-0.062,0.180
138.9123,-39.000,320.449,670.234,-100.217,-0.013,0.180
139.0110,-39.000,320.402,670.166,-100.206,-0.003,0.180
139.1080,-39.000,320.355,670.115,-100.204,-0.001,0.180
139.2062,-39.000,320.314,670.073,-100.204,-0.000,0.180
139.3170,-39.000,320.279,670.038,-100.204,-0.000,0.180
139.4045,-39.000,320.249,670.008,-100.204,-0.000,0.180
139.5147,-39.000,320.224,669.982,-100.204,-0.000,0.180
139.6141,-39.000,320.202,669.960,-100.204,-0.000,0.180
139.7132,-38.000,328.152,659.574,-91.035,6.568,0.180
139.8134,-38.000,323.431,665.224,-96.221,1.383,0.180
139.9098,-38.000,322.734,666.710,-97.313,0.291,0.180
140.0071,-38.000,322.839,667.275,-97.542,0.061,0.180
140.1053,-38.000,323.076,667.609,-97.591,0.013,0.180
140.2127,-37.000,331.277,657.493,-88.433,6.571,0.180
140.3133,-37.000,326.775,663.367,-93.620,1.383,0.180
140.4108,-37.000,326.266,665.042,-94.712,0.291,0.180
140.5088,-36.000,334.500,655.399,-85.774,6.630,0.180
140.6065,-36.000,330.167,661.534,-91.008,1.396,0.180
140.7046,-35.000,337.800,653.034,-82.941,6.862,0.180
140.8065,-35.000,333.514,659.583,-88.359,1.445,0.180
140.9065,-35.000,333.335,661.685,-89.500,0.304,0.180
141.0060,-35.000,333.912,662.742,-89.740,0.064,0.180
141.1056,-35.000,334.556,663.487,-89.790,0.013,0.180
141.2051,-35.000,335.136,664.089,-89.801,0.003,0.180
141.3139,-35.000,335.635,664.593,-89.803,0.001,0.180
141.4112,-34.000,344.030,654.651,-80.635,6.569,0.180
141.5118,-35.000,328.718,668.048,-94.989,-5.186,0.180
141.6100,-34.000,341.467,654.272,-81.727,5.477,0.180
141.7079,-35.000,327.238,667.028,-95.219,-5.415,0.180
141.8073,-34.000,340.356,653.258,-81.775,5.428,0.180
141.9061,-34.000,337.293,658.766,-86.061,1.143,0.180
142.0036,-34.000,337.430,660.707,-86.963,0.241,0.180
142.1100,-34.000,338.124,661.781,-87.153,0.051,0.180
142.2099,-33.000,346.803,652.203,-78.025,6.579,0.180
142.3090,-32.000,350.696,648.147,-74.050,7.953,0.180
142.4064,-32.000,345.847,655.857,-80.329,1.674,0.180
142.5038,-30.000,361.678,637.658,-63.314,13.489,0.180
142.6110,-29.000,360.990,639.932,-64.795,9.408,0.180
142.7100,-28.000,363.706,639.166,-63.055,8.549,0.180
142.8069,-26.000,375.222,627.507,-51.467,14.937,0.180
142.9139,-24.000,382.306,621.501,-44.922,16.281,0.180
143.0103,-23.000,380.878,627.445,-48.608,9.996,0.180
143.1073,-21.000,392.343,618.019,-38.162,15.241,0.180
143.2053,-19.000,400.015,613.280,-31.957,16.346,0.180
143.3033,-17.000,407.206,609.783,-26.613,16.578,0.180
143.4118,-16.000,406.573,617.155,-30.616,10.059,0.180
143.5116,-15.000,410.886,619.170,-29.466,8.686,0.180
143.6076,-14.000,416.114,619.921,-27.228,8.397,0.180
143.7046,-13.000,421.427,620.291,-24.756,8.336,0.180
143.8125,-11.000,434.640,610.107,-13.058,14.892,0.180
143.9090,-11.000,427.114,626.209,-24.872,3.135,0.180
144.0059,-11.000,428.226,632.386,-27.404,0.660,0.180
144.1040,-10.000,438.719,625.688,-18.809,6.707,0.180
144.2111,-10.000,436.485,634.149,-24.156,1.412,0.180
144.3093,-9.000,445.938,627.588,-16.149,6.866,0.180
144.4078,-9.000,443.201,635.784,-21.616,1.445,0.180
144.5081,-9.000,444.332,639.292,-22.804,0.304,0.180
144.6055,-7.000,461.965,620.804,-4.744,13.201,0.180
144.7048,-7.000,454.143,633.898,-15.202,2.779,0.180
144.8041,-6.000,462.126,627.996,-8.259,7.154,0.180
144.9131,-4.000,474.780,615.312,4.410,14.643,0.180
145.0103,-4.000,466.186,629.879,-7.171,3.083,0.180
145.1083,-3.000,474.243,624.499,-0.452,7.217,0.180
145.2062,-1.000,487.115,612.104,12.181,14.656,0.180
145.3046,-0.000,486.715,616.508,9.779,9.654,0.180
145.4123,1.000,489.669,616.358,11.331,8.601,0.180
145.5081,2.000,492.950,614.861,13.720,8.379,0.180
145.6087,4.000,503.350,601.777,25.462,14.901,0.180
145.7076,5.000,500.840,604.405,22.893,9.705,0.180
145.8073,6.000,502.128,602.618,24.430,8.612,0.180
145.9036,7.000,504.022,599.700,26.836,8.381,0.180
146.0120,7.000,498.506,607.345,20.256,1.765,0.180
146.1106,7.000,498.054,609.607,18.899,0.371,0.180
146.2106,7.000,498.566,610.633,18.642,0.078,0.180
146.3120,7.000,499.195,611.312,18.617,0.016,0.180
146.4086,8.000,507.148,600.870,27.814,6.572,0.180
146.5057,8.000,502.443,606.460,22.667,1.384,0.180
146.6022,9.000,509.142,596.913,30.790,6.860,0.180
146.7106,9.000,504.063,602.571,25.422,1.444,0.180
146.8094,11.000,517.963,581.963,42.676,13.441,0.180
146.9071,12.000,514.932,581.693,41.295,9.398,0.180
147.0057,12.000,507.672,589.147,33.938,1.979,0.180
147.1030,13.000,513.628,579.755,41.612,6.985,0.180
147.2125,14.000,515.595,574.268,45.339,8.039,0.180
147.3110,14.000,509.325,580.546,39.065,1.692,0.180
147.4095,14.000,508.065,581.813,37.802,0.356,0.180
147.5052,14.000,507.860,582.024,37.593,0.075,0.180
147.6015,14.000,507.876,582.013,37.607,0.016,0.180
147.7090,14.000,507.938,581.955,37.667,0.003,0.180
147.8074,12.000,487.263,597.834,19.390,-13.136,0.180
147.9064,12.000,498.657,588.362,29.823,-2.766,0.180
148.0033,11.000,491.347,594.907,22.895,-7.151,0.180
148.1016,10.000,487.850,598.353,19.424,-8.074,0.180
148.2111,9.000,485.381,601.379,16.676,-8.268,0.180
148.3084,7.000,472.945,612.489,4.904,-14.878,0.180
148.4060,6.000,476.789,611.117,7.512,-9.701,0.180
148.5015,5.000,476.656,613.952,6.028,-8.611,0.180
148.6030,4.000,475.754,617.750,3.678,-8.381,0.180
148.7117,3.000,474.749,621.817,1.142,-8.333,0.180
148.8078,3.000,484.145,618.024,7.736,-1.754,0.180
148.9072,1.000,467.179,634.952,-9.211,-13.506,0.180
149.0031,1.000,480.831,627.268,1.457,-2.843,0.180
149.1011,-0.000,475.244,635.528,-5.466,-7.167,0.180
149.2105,-1.000,472.564,639.879,-8.982,-8.077,0.180
149.3079,-2.000,470.173,643.091,-11.784,-8.269,0.180
149.4043,-3.000,467.566,645.796,-14.440,-8.309,0.180
149.5111,-4.000,464.678,648.167,-17.069,-8.318,0.180
149.6101,-5.000,461.531,650.275,-19.697,-8.320,0.180
149.7085,-6.000,458.157,652.165,-22.328,-8.320,0.180
149.8077,-8.000,443.617,661.245,-34.139,-14.888,0.180
149.9055,-9.000,445.035,657.585,-31.600,-9.703,0.180
150.0015,-10.000,442.222,657.893,-33.160,-8.611,0.180
150.1117,-10.000,449.403,651.582,-26.414,-1.813,0.180
150.2107,-10.000,451.152,650.572,-25.035,-0.382,0.180
150.3065,-10.000,451.716,650.637,-24.785,-0.080,0.180
150.4052,-10.000,451.994,650.893,-24.774,-0.017,0.180
150.5020,-9.000,460.157,640.785,-15.639,6.565,0.180
150.6105,-9.000,455.600,646.688,-20.868,1.382,0.180
150.7084,-8.000,463.008,638.025,-12.833,6.859,0.180
150.8058,-8.000,458.517,644.448,-18.290,1.444,0.180
150.9044,-8.000,458.157,646.451,-19.471,0.304,0.180
151.0021,-9.000,447.600,654.804,-28.927,-6.504,0.180
151.1107,-9.000,453.252,650.279,-23.838,-1.369,0.180
151.2067,-10.000,443.791,657.098,-31.978,-6.857,0.180
151.3045,-11.000,438.556,659.487,-35.790,-8.012,0.180
151.4031,-12.000,434.141,660.883,-38.696,-8.255,0.180
151.5041,-13.000,429.839,662.019,-41.414,-8.306,0.180
151.6009,-15.000,414.536,670.431,-53.272,-14.886,0.180
151.7091,-16.000,415.307,666.202,-50.772,-9.702,0.180
151.8059,-18.000,400.967,673.403,-61.542,-15.179,0.180
151.9045,-18.000,412.823,661.479,-49.652,-3.196,0.180
152.0011,-16.000,431.171,638.273,-28.876,12.464,0.180
152.1099,-16.000,422.183,649.132,-38.799,2.624,0.180
152.2070,-13.000,444.744,620.961,-13.433,20.258,0.180
152.3050,-11.000,446.747,618.390,-11.146,17.402,0.180
152.4021,-9.000,451.657,614.197,-6.594,16.800,0.180
152.5002,-9.000,441.652,630.812,-19.904,3.537,0.180
152.6107,-7.000,457.569,615.713,-4.396,13.881,0.180
152.7061,-6.000,457.895,619.682,-6.218,9.491,0.180
152.8040,-5.000,461.670,620.158,-4.568,8.566,0.180
152.9007,-4.000,466.161,619.880,-2.184,8.372,0.180
153.0095,-4.000,462.822,629.801,-8.814,1.763,0.180
153.1061,-3.000,472.180,623.636,-1.053,6.939,0.180
153.2038,-3.000,469.543,631.988,-6.547,1.461,0.180
153.3023,-3.000,470.803,635.586,-7.716,0.308,0.180
153.4014,-3.000,472.609,637.909,-7.974,0.065,0.180
153.5010,-2.000,482.271,629.357,1.133,6.582,0.180
153.6104,-1.000,487.010,626.162,5.100,7.954,0.180
153.7097,-0.000,490.854,624.229,7.988,8.243,0.180
153.8078,1.000,494.033,622.075,10.654,8.304,0.180
153.9037,2.000,496.792,619.588,13.278,8.317,0.180
154.0020,3.000,499.225,616.785,15.896,8.319,0.180
154.1087,3.000,494.016,624.680,9.344,1.751,0.180
154.2062,4.000,501.164,616.215,17.150,6.937,0.180
154.3027,4.000,496.649,622.611,11.694,1.460,0.180
154.3992,4.000,496.316,624.543,10.562,0.307,0.180
154.5073,4.000,496.773,625.444,10.340,0.065,0.180
154.6059,3.000,486.947,634.025,1.136,-6.555,0.180
154.7022,3.000,493.108,629.806,6.327,-1.380,0.180
154.8016,1.000,474.291,645.473,-10.915,-13.427,0.180
154.9094,1.000,486.558,636.529,-0.310,-2.827,0.180
155.0080,-1.000,468.860,651.051,-16.420,-13.732,0.180
155.1057,-2.000,470.373,649.240,-14.758,-9.459,0.180
155.2043,-3.000,468.229,650.528,-16.474,-8.560,0.180
155.3067,-4.000,465.135,652.297,-18.905,-8.370,0.180
155.4048,-4.000,472.659,646.646,-12.318,-1.762,0.180
155.5021,-4.000,474.825,646.071,-10.948,-0.371,0.180
155.6001,-4.000,475.774,646.476,-10.675,-0.078,0.180
155.7085,-4.000,476.390,647.010,-10.635,-0.016,0.180
155.8088,-4.000,476.871,647.506,-10.642,-0.003,0.180
155.9071,-3.000,485.242,637.566,-1.487,6.568,0.180
156.0056,-3.000,480.874,643.600,-6.687,1.383,0.180
156.1044,-3.000,480.475,645.415,-7.795,0.291,0.180
156.2016,-3.000,480.832,646.263,-8.040,0.061,0.180
156.3013,-4.000,470.306,654.212,-17.278,-6.556,0.180
156.4091,-4.000,475.865,649.462,-12.123,-1.380,0.180
156.5069,-4.000,477.278,648.738,-11.054,-0.291,0.180
156.6042,-4.000,477.779,648.822,-10.846,-0.061,0.180
156.7016,-5.000,467.082,656.417,-19.992,-6.581,0.180
156.8007,-5.000,472.433,651.428,-14.822,-1.386,0.180
156.8997,-5.000,473.655,650.514,-13.754,-0.292,0.180
157.0073,-6.000,463.017,657.815,-22.724,-6.630,0.180
157.1065,-7.000,457.327,660.067,-26.694,-7.964,0.180
157.2054,-8.000,452.644,661.229,-29.617,-8.245,0.180
157.3021,-8.000,459.115,654.764,-23.149,-1.736,0.180
157.3982,-9.000,449.473,660.812,-30.994,-6.934,0.180
157.5074,-9.000,454.873,655.357,-25.567,-1.460,0.180
157.6068,-10.000,444.981,661.602,-33.635,-6.876,0.180
157.7041,-10.000,450.307,656.175,-28.258,-1.448,0.180
157.8003,-10.000,451.356,655.042,-27.168,-0.305,0.180
157.9062,-11.000,440.535,662.191,-36.153,-6.633,0.180
158.0024,-11.000,445.653,656.951,-30.974,-1.396,0.180
158.0999,-12.000,435.673,663.228,-39.102,-6.862,0.180
158.1982,-12.000,440.954,657.799,-33.747,-1.445,0.180
158.3061,-12.000,441.970,656.658,-32.669,-0.304,0.180
158.4049,-12.000,442.094,656.427,-32.491,-0.064,0.180
158.5022,-12.000,442.037,656.394,-32.503,-0.013,0.180
158.5998,-13.000,430.973,663.780,-41.728,-6.571,0.180
158.7076,-13.000,436.030,658.597,-36.608,-1.383,0.180
158.8050,-14.000,426.028,664.893,-44.757,-6.860,0.180
158.9027,-14.000,431.295,659.475,-39.414,-1.444,0.180
159.0001,-16.000,410.351,673.091,-56.694,-13.441,0.180
159.0987,-17.000,409.791,669.822,-55.340,-9.398,0.180
159.2075,-18.000,406.022,669.737,-57.182,-8.547,0.180
159.3044,-19.000,401.564,670.319,-59.702,-8.368,0.180
159.4023,-20.000,397.054,670.934,-62.264,-8.330,0.180
159.5020,-21.000,392.507,671.570,-64.856,-8.322,0.180
159.5987,-22.000,387.946,672.207,-67.455,-8.320,0.180
159.7051,-23.000,383.379,672.839,-70.054,-8.320,0.180
159.8034,-23.000,389.775,666.097,-63.486,-1.752,0.180
159.9005,-24.000,380.043,671.936,-71.271,-6.937,0.180
159.9979,-25.000,374.396,673.673,-74.963,-8.029,0.180
160.1050,-26.000,369.605,674.542,-77.793,-8.259,0.180
160.2021,-26.000,375.958,667.854,-71.273,-1.739,0.180
160.3023,-27.000,366.220,673.708,-79.069,-6.934,0.180
160.4005,-28.000,360.575,675.451,-82.762,-8.028,0.180
160.5013,-28.000,366.755,668.955,-76.424,-1.690,0.180
160.5987,-28.000,367.955,667.486,-75.090,-0.356,0.180
160.7064,-28.000,368.121,667.091,-74.809,-0.075,0.180
160.8013,-28.000,368.083,666.934,-74.750,-0.016,0.180
160.8983,-27.000,375.982,656.471,-65.569,6.565,0.180
161.0039,-27.000,371.209,662.064,-70.752,1.382,0.180
161.1006,-27.000,370.466,663.503,-71.843,0.291,0.180
161.1988,-27.000,370.532,664.029,-72.073,0.061,0.180
161.2980,-26.000,378.704,653.961,-62.953,6.581,0.180
161.4062,-26.000,374.202,659.850,-68.149,1.386,0.180
161.5039,-27.000,362.729,668.902,-78.411,-6.277,0.180
161.6071,-26.000,376.125,654.050,-64.287,5.247,0.180
161.7048,-26.000,372.863,659.073,-68.429,1.105,0.180
161.8018,-27.000,361.771,668.062,-78.470,-6.336,0.180
161.9012,-27.000,367.379,663.666,-73.468,-1.334,0.180
162.0003,-27.000,368.948,663.129,-72.415,-0.281,0.180
162.0987,-28.000,358.639,670.713,-81.362,-6.628,0.180
162.2055,-28.000,364.213,665.823,-76.129,-1.395,0.180
162.3046,-27.000,373.574,654.644,-65.859,6.275,0.180
162.4035,-27.000,369.348,660.325,-70.813,1.321,0.180
162.5012,-25.000,384.860,641.250,-53.519,13.415,0.180
162.6008,-25.000,375.755,653.326,-64.110,2.824,0.180
162.7000,-25.000,374.788,656.818,-66.340,0.595,0.180
162.7962,-20.000,415.234,606.519,-20.967,32.967,0.180
162.9052,-19.000,400.389,625.588,-37.924,13.509,0.180
163.0015,-14.000,432.789,587.779,-2.820,35.686,0.180
163.0982,-11.000,433.665,590.106,-3.545,27.218,0.180
163.2061,-8.000,441.902,586.391,2.431,25.435,0.180
163.3030,-3.000,468.069,561.067,28.177,38.197,0.180
163.4008,-1.000,461.704,578.349,16.353,21.178,0.180
163.4986,1.000,467.966,581.367,17.975,17.595,0.180
163.6065,1.000,461.024,602.196,4.089,3.704,0.180
163.7035,3.000,478.754,589.071,19.517,13.917,0.180
163.8010,3.000,472.740,604.999,8.546,2.930,0.180
163.8976,4.000,482.029,600.536,15.422,7.185,0.180
163.9958,4.000,479.929,609.739,9.771,1.513,0.180
164.1061,4.000,481.774,613.931,8.597,0.318,0.180
164.2038,4.000,484.109,616.727,8.367,0.067,0.180
164.3002,3.000,475.885,626.914,-0.839,-6.554,0.180
164.3987,4.000,490.782,613.084,13.524,5.189,0.180
164.5052,3.000,478.287,627.087,0.275,-5.476,0.180
164.6037,4.000,492.140,613.915,13.788,5.416,0.180
164.7006,4.000,489.675,619.960,9.533,1.140,0.180
164.7975,6.000,505.064,600.413,27.001,13.377,0.180
164.8963,7.000,503.141,601.202,25.645,9.385,0.180
165.0030,7.000,496.787,609.592,18.273,1.976,0.180
165.1001,9.000,510.876,590.034,35.097,13.553,0.180
165.1992,10.000,508.272,590.388,33.618,9.422,0.180
165.2973,10.000,501.430,598.319,26.231,1.984,0.180
165.3955,11.000,507.753,589.322,33.891,6.986,0.180
165.5051,12.000,510.031,584.169,37.607,8.039,0.180
165.6052,13.000,511.399,579.759,40.496,8.261,0.180
165.7016,12.000,494.778,594.393,24.868,-4.829,0.180
165.8003,13.000,506.683,580.200,37.917,5.552,0.180
165.8962,15.000,517.642,563.096,51.949,14.306,0.180
166.0035,16.000,514.188,563.727,49.906,9.580,0.180
166.1012,16.000,507.008,571.507,42.426,2.017,0.180
166.1980,16.000,505.754,573.271,40.917,0.425,0.180
166.2963,16.000,505.719,573.740,40.665,0.089,0.180
166.4028,15.000,495.543,581.885,31.504,-6.550,0.180
166.5009,15.000,501.428,577.273,36.753,-1.379,0.180
166.5997,14.000,492.762,584.621,28.746,-6.859,0.180
166.6976,12.000,478.442,596.021,15.886,-14.581,0.180
166.8057,12.000,491.775,586.206,27.460,-3.070,0.180
166.8947,11.000,485.382,593.189,20.772,-7.215,0.180
167.0041,11.000,492.886,589.187,26.525,-1.519,0.180
167.1051,11.000,495.631,589.419,27.781,-0.320,0.180
167.2036,11.000,497.205,590.375,28.091,-0.067,0.180
167.3007,10.000,488.017,599.313,19.028,-6.583,0.180
167.3988,10.000,494.660,595.458,24.276,-1.386,0.180
167.4955,9.000,486.617,603.471,16.249,-6.860,0.180
167.6059,9.000,493.567,599.495,21.712,-1.444,0.180
167.7026,9.000,496.018,599.572,22.899,-0.304,0.180
167.8003,8.000,487.006,608.333,14.012,-6.632,0.180
167.8988,8.000,493.677,604.449,19.290,-1.396,0.180
167.9963,7.000,485.632,612.463,11.260,-6.862,0.180
168.0953,7.000,492.572,608.496,16.714,-1.445,0.180
168.1949,7.000,495.013,608.582,17.891,-0.304,0.180
168.3012,6.000,485.990,617.353,8.994,-6.632,0.180
168.4007,6.000,492.650,613.479,14.261,-1.396,0.180
168.4993,5.000,484.594,621.503,6.221,-6.862,0.180
168.5973,4.000,481.151,625.520,2.491,-8.013,0.180
168.6947,3.000,478.868,628.890,-0.336,-8.255,0.180
168.8032,2.000,476.989,632.292,-2.976,-8.306,0.180
168.8997,1.000,475.331,635.845,-5.582,-8.317,0.180
168.9964,-0.000,473.834,639.553,-8.184,-8.319,0.180
169.0946,-1.000,471.868,642.799,-10.790,-8.320,0.180
169.1944,-2.000,469.501,645.653,-13.400,-8.320,0.180
169.3032,-3.000,466.793,648.176,-16.016,-8.320,0.180
169.4033,-5.000,452.820,657.791,-27.810,-14.888,0.180
169.5023,-6.000,454.722,654.585,-25.256,-9.703,0.180
169.5998,-7.000,452.323,655.275,-26.800,-8.611,0.180
169.6980,-8.000,448.885,656.661,-29.212,-8.381,0.180
169.7957,-9.000,445.115,658.087,-31.811,-8.333,0.180
169.9032,-9.000,452.150,652.059,-25.279,-1.754,0.180
169.9998,-11.000,431.969,665.896,-42.288,-13.506,0.180
170.0957,-11.000,442.878,655.594,-31.682,-2.843,0.180
170.2047,-12.000,434.351,661.039,-38.668,-7.167,0.180
170.3029,-13.000,429.162,663.006,-42.246,-8.077,0.180
170.4011,-14.000,424.629,664.201,-45.111,-8.269,0.180
170.5001,-13.000,439.139,647.454,-29.482,4.828,0.180
170.5978,-14.000,424.836,659.256,-42.534,-5.552,0.180
170.6959,-14.000,429.583,655.382,-38.224,-1.169,0.180
170.8022,-13.000,438.778,644.530,-28.200,6.322,0.180
170.9013,-13.000,434.515,650.384,-33.259,1.331,0.180
171.0033,-13.000,434.073,652.179,-34.378,0.280,0.180
171.1004,-13.000,434.359,653.043,-34.666,0.059,0.180
171.1988,-12.000,442.707,643.272,-25.607,6.581,0.180
171.2967,-11.000,446.318,639.051,-21.691,7.954,0.180
171.3946,-10.000,449.196,636.255,-18.854,8.243,0.180
171.4942,-9.000,452.145,633.976,-16.240,8.304,0.180
171.6008,-9.000,447.327,642.363,-22.842,1.748,0.180
171.6979,-8.000,455.391,634.934,-15.096,6.936,0.180
171.7949,-7.000,459.616,631.847,-11.440,8.029,0.180
171.9026,-6.000,463.199,629.832,-8.641,8.259,0.180
172.0011,-6.000,458.814,638.550,-15.192,1.739,0.180
172.0991,-5.000,467.225,631.422,-7.422,6.934,0.180
172.1943,-5.000,463.770,638.967,-12.923,1.460,0.180
172.3036,-5.000,464.330,641.884,-14.102,0.307,0.180
172.4036,-5.000,465.539,643.631,-14.370,0.065,0.180
172.5019,-5.000,466.718,644.964,-14.447,0.014,0.180
172.6027,-5.000,467.749,646.068,-14.484,0.003,0.180
172.7017,-5.000,468.628,647.004,-14.512,0.001,0.180
172.8012,-6.000,458.399,655.175,-23.712,-6.568,0.180
172.9002,-6.000,464.179,650.647,-18.558,-1.383,0.180
172.9971,-7.000,454.798,657.492,-26.671,-6.860,0.180
173.0958,-7.000,460.599,652.535,-21.292,-1.444,0.180
173.1956,-8.000,451.088,659.163,-29.362,-6.872,0.180
173.2949,-8.000,456.747,654.054,-23.978,-1.447,0.180
173.3940,-8.000,458.081,653.187,-22.878,-0.305,0.180
173.4926,-8.000,458.479,653.187,-22.679,-0.064,0.180
173.6002,-9.000,447.683,660.720,-31.843,-6.582,0.180
173.6979,-9.000,452.946,655.684,-26.694,-1.386,0.180
173.7948,-9.000,454.089,654.734,-25.647,-0.292,0.180
173.8939,-9.000,454.355,654.632,-25.463,-0.061,0.180
174.0009,-9.000,454.426,654.700,-25.461,-0.013,0.180
174.0990,-9.000,454.449,654.796,-25.498,-0.003,0.180
174.1969,-9.000,454.455,654.891,-25.543,-0.001,0.180
174.2974,-9.000,454.451,654.980,-25.589,-0.000,0.180
174.3941,-10.000,443.467,662.437,-34.809,-6.568,0.180
174.5026,-10.000,448.602,657.304,-29.676,-1.383,0.180
174.6016,-10.000,449.642,656.265,-28.636,-0.291,0.180
174.6987,-10.000,449.821,656.088,-28.458,-0.061,0.180
174.7962,-11.000,438.844,663.466,-37.635,-6.581,0.180
174.8949,-11.000,443.953,658.298,-32.497,-1.386,0.180
174.9927,-11.000,444.965,657.236,-31.460,-0.292,0.180
175.1010,-11.000,445.116,657.042,-31.287,-0.061,0.180
175.1969,-12.000,434.116,664.406,-40.469,-6.581,0.180
175.2949,-12.000,439.204,659.227,-35.336,-1.386,0.180
175.3949,-12.000,440.197,658.157,-34.305,-0.292,0.180
175.4920,-12.000,440.332,657.956,-34.137,-0.061,0.180
175.6019,-12.000,440.290,657.943,-34.151,-0.013,0.180
175.7015,-12.000,440.214,657.971,-34.203,-0.003,0.180
175.7984,-12.000,440.134,658.011,-34.263,-0.001,0.180
175.8943,-12.000,440.055,658.056,-34.325,-0.000,0.180
175.9916,-12.000,439.978,658.104,-34.387,-0.000,0.180
176.1025,-12.000,439.903,658.154,-34.450,-0.000,0.180
176.2007,-12.000,439.830,658.206,-34.512,-0.000,0.180
176.2998,-12.000,439.759,658.259,-34.575,-0.000,0.180
176.3966,-12.000,439.689,658.314,-34.637,-0.000,0.180
176.4939,-11.000,447.594,647.996,-25.526,6.568,0.180
176.5950,-11.000,442.825,653.713,-30.769,1.383,0.180
176.6930,-11.000,442.080,655.266,-31.917,0.291,0.180
176.7922,-11.000,442.136,655.896,-32.204,0.061,0.180
176.8922,-11.000,442.321,656.293,-32.310,0.013,0.180
177.0015,-11.000,442.502,656.608,-32.377,0.003,0.180
177.0999,-11.000,442.653,656.878,-32.437,0.001,0.180
177.1968,-11.000,442.774,657.114,-32.494,0.000,0.180
177.2949,-10.000,450.843,646.950,-23.378,6.568,0.180
177.3918,-10.000,446.214,652.797,-28.616,1.383,0.180
177.5005,-10.000,445.589,654.458,-29.759,0.291,0.180
177.6005,-10.000,445.747,655.181,-30.041,0.061,0.180
177.6972,-10.000,446.021,655.655,-30.142,0.013,0.180
177.7927,-10.000,446.277,656.035,-30.204,0.003,0.180
177.9008,-10.000,446.493,656.360,-30.258,0.001,0.180
178.0016,-10.000,446.670,656.642,-30.310,0.000,0.180
178.0979,-9.000,454.787,646.516,-21.189,6.568,0.180
178.1962,-9.000,450.201,652.394,-26.421,1.383,0.180
178.2915,-9.000,449.611,654.082,-27.560,0.291,0.180
178.4009,-9.000,449.801,654.825,-27.836,0.061,0.180
178.4982,-8.000,458.077,644.944,-18.758,6.581,0.180
178.5945,-8.000,453.656,650.998,-23.995,1.386,0.180
178.6909,-7.000,461.189,642.455,-15.957,6.860,0.180
178.7995,-7.000,456.807,648.977,-21.409,1.444,0.180
178.8964,-7.000,456.541,651.064,-22.586,0.304,0.180
178.9937,-6.000,465.011,641.740,-13.689,6.632,0.180
179.1019,-6.000,460.881,648.145,-18.956,1.396,0.180
179.2015,-5.000,468.688,639.872,-10.916,6.862,0.180
179.3012,-5.000,464.546,646.617,-16.360,1.445,0.180
179.4006,-4.000,472.460,638.516,-8.353,6.873,0.180
179.5000,-4.000,468.434,645.383,-13.799,1.447,0.180
179.5996,-3.000,476.452,637.380,-5.789,6.873,0.180
179.6984,-3.000,472.516,644.328,-11.230,1.447,0.180
179.7937,-2.000,480.613,636.393,-3.215,6.873,0.180
179.8899,-1.000,484.718,633.024,0.522,8.015,0.180
179.9992,-1.000,480.198,641.170,-5.811,1.687,0.180
180.0961,-0.000,488.375,633.675,2.026,6.924,0.180
180.1949,1.000,492.073,629.958,5.733,8.026,0.180
180.2905,1.000,487.233,637.780,-0.598,1.690,0.180
180.3983,2.000,494.546,629.403,7.247,6.924,0.180
180.4967,2.000,490.137,635.907,1.791,1.458,0.180
180.5948,3.000,529.226,626.110,15.032,11.856,0.320
180.6942,3.000,545.690,642.319,5.639,2.447,0.320
180.7908,3.000,568.131,652.424,3.714,0.505,0.320
180.8994,3.000,590.846,662.148,3.330,0.104,0.320
181.0003,4.000,625.243,656.260,17.625,11.577,0.320
181.0978,3.000,621.609,689.740,-5.902,-9.167,0.320
181.1941,3.000,649.698,694.795,1.390,-1.892,0.320
181.2918,2.000,655.839,719.441,-11.453,-11.946,0.320
181.3993,2.000,685.355,723.869,-1.961,-2.465,0.320
181.4962,1.000,691.289,749.401,-14.354,-12.064,0.320
181.5948,-0.000,704.894,768.158,-19.135,-14.045,0.320
181.6950,-1.000,719.276,785.218,-22.349,-14.454,0.320
181.7930,-2.000,733.303,801.851,-25.245,-14.538,0.320
181.8917,-2.000,763.103,805.887,-13.718,-3.000,0.320
182.0011,-4.000,750.829,844.016,-40.071,-23.730,0.320
182.0994,-6.000,754.432,865.485,-49.982,-28.008,0.320
182.1948,-8.000,760.939,883.383,-56.509,-28.890,0.320
182.2921,-9.000,784.008,887.993,-47.986,-17.517,0.320
182.3894,-10.000,797.831,901.632,-48.495,-15.170,0.320
182.4971,-11.000,809.603,917.138,-50.873,-14.686,0.320
182.5949,-11.000,837.111,920.590,-39.279,-3.030,0.320
182.6945,-12.000,839.088,945.864,-51.297,-12.181,0.320
182.7929,-13.000,848.190,963.860,-56.058,-14.069,0.320
182.9010,-13.000,874.954,967.904,-44.964,-2.903,0.320
182.9981,-14.000,876.611,993.368,-57.094,-12.155,0.320
183.0955,-15.000,885.505,1011.463,-61.887,-14.064,0.320
183.1937,-16.000,895.822,1028.020,-65.171,-14.458,0.320
183.2910,-16.000,922.655,1031.805,-53.786,-2.983,0.320
183.3997,-17.000,908.255,1041.334,-65.869,-12.171,0.320
183.4962,-18.000,901.068,1043.540,-70.666,-14.067,0.320
183.5936,-19.000,895.319,1044.215,-73.964,-14.458,0.320
183.6924,-20.000,889.935,1044.447,-76.844,-14.539,0.320
183.7904,-20.000,900.846,1032.157,-65.305,-3.000,0.320
183.8985,-21.000,886.418,1041.572,-77.280,-12.175,0.320
183.9957,-21.000,895.494,1031.235,-67.618,-2.512,0.320
184.0925,-22.000,880.715,1041.103,-79.979,-12.074,0.320
184.1896,-23.000,873.466,1043.336,-84.752,-14.047,0.320
184.2964,-24.000,867.735,1043.965,-87.959,-14.454,0.320
184.3924,-25.000,862.286,1044.237,-90.843,-14.538,0.320
184.5017,-26.000,856.868,1044.414,-93.661,-14.555,0.320
184.5980,-26.000,867.710,1032.118,-82.109,-3.004,0.320
184.6961,-27.000,853.214,1041.537,-94.081,-12.175,0.320
184.7940,-27.000,862.232,1031.205,-84.418,-2.512,0.320
184.8919,-28.000,847.401,1041.077,-96.779,-12.074,0.320
184.9903,-28.000,856.386,1030.879,-87.197,-2.491,0.320
185.0981,-29.000,841.579,1040.814,-99.575,-12.070,0.320
185.1946,-29.000,850.594,1030.658,-89.996,-2.491,0.320
185.2926,-30.000,835.815,1040.626,-102.375,-12.069,0.320
185.3906,-31.000,828.579,1042.934,-107.151,-14.046,0.320
185.5004,-32.000,822.861,1043.623,-110.359,-14.454,0.320
185.5961,-33.000,817.422,1043.947,-113.243,-14.538,0.320
185.6960,-35.000,795.738,1056.603,-130.416,-26.111,0.320
185.7955,-37.000,783.076,1059.912,-138.404,-28.499,0.320
185.8931,-38.000,788.446,1048.752,-130.142,-17.436,0.320
185.9902,-39.000,785.049,1046.386,-130.659,-15.154,0.320
186.0885,-40.000,779.853,1045.845,-132.988,-14.682,0.320
186.1903,-40.000,790.568,1033.253,-121.335,-3.030,0.320
186.2890,-39.000,805.452,1014.614,-104.575,10.930,0.320
186.3988,-37.000,823.233,992.321,-84.539,25.367,0.320
186.4985,-34.000,844.011,967.228,-61.604,39.901,0.320
186.5960,-28.000,894.663,908.947,-7.138,77.567,0.320
186.6931,-14.000,1024.640,760.246,132.200,177.784,0.320
186.7900,-4.000,1029.318,760.053,134.635,152.241,0.320
186.8901,4.000,1028.265,770.918,128.676,123.859,0.320
187.0003,9.000,1008.363,803.961,102.203,83.336,0.320
187.0881,13.000,1005.123,818.010,93.558,63.419,0.320
187.1957,17.000,1015.222,813.738,100.743,59.309,0.320
187.2936,20.000,1013.936,820.459,96.740,46.905,0.320
187.3925,23.000,1020.826,815.667,102.580,44.345,0.320
187.4902,25.000,1015.894,823.703,96.096,32.262,0.320
187.5886,27.000,1019.480,821.075,99.203,29.768,0.320
187.6979,29.000,1024.133,815.557,104.288,29.254,0.320
187.7948,31.000,1028.419,808.855,109.782,29.148,0.320
187.8912,33.000,1032.130,801.410,115.360,29.126,0.320
187.9989,35.000,1035.299,793.388,120.956,29.121,0.320
188.0876,37.000,1037.996,784.886,126.555,29.120,0.320
188.1966,40.000,1052.724,759.704,146.510,40.676,0.320
188.2921,42.000,1045.369,759.492,142.939,31.504,0.320
188.3883,44.000,1045.021,751.728,146.647,29.612,0.320
188.4995,47.000,1058.379,725.956,166.212,40.777,0.320
188.5959,49.000,1050.111,724.991,162.560,31.525,0.320
188.6954,50.000,1036.603,732.812,151.895,18.061,0.320
188.7921,51.000,1033.787,729.953,151.917,15.282,0.320
188.8904,53.000,1045.618,708.619,168.499,26.265,0.320
188.9886,54.000,1036.169,712.150,162.010,16.975,0.320
189.0967,55.000,1034.118,708.332,162.893,15.058,0.320
189.1939,56.000,1033.607,703.012,165.298,14.663,0.320
189.2913,57.000,1033.428,697.396,168.016,14.581,0.320
189.3882,58.000,1033.328,691.730,170.799,14.564,0.320
189.4966,59.000,1033.254,686.063,173.596,14.561,0.320
189.5950,59.000,1020.758,696.679,162.039,3.005,0.320
189.6930,59.000,1017.574,698.265,159.655,0.620,0.320
189.7913,60.000,1028.839,681.803,173.518,11.683,0.320
189.8891,59.000,1003.421,703.641,149.890,-9.145,0.320
189.9898,59.000,1010.658,696.363,157.148,-1.887,0.320
190.0876,59.000,1012.138,694.848,158.645,-0.389,0.320
190.1958,59.000,1012.432,694.524,158.954,-0.080,0.320
190.2938,58.000,997.048,707.723,144.663,-11.572,0.320
190.3901,57.000,991.367,712.385,139.491,-13.943,0.320
190.4894,57.000,1003.501,702.386,150.557,-2.877,0.320
190.5893,56.000,991.256,714.286,138.485,-12.149,0.320
190.6874,55.000,986.816,719.272,133.772,-14.063,0.320
190.7969,54.000,984.274,723.119,130.577,-14.457,0.320
190.8951,54.000,997.802,713.699,142.051,-2.983,0.320
190.9915,53.000,986.481,726.354,130.064,-12.171,0.320
191.0911,51.000,967.335,745.311,111.012,-25.623,0.320
191.1890,50.000,975.156,741.172,116.992,-16.843,0.320
191.2954,49.000,976.152,744.144,116.004,-15.031,0.320
191.3930,48.000,975.832,748.677,113.577,-14.657,0.320
191.4910,46.000,959.884,766.886,96.499,-26.136,0.320
191.5890,45.000,969.153,763.380,102.886,-16.949,0.320
191.6871,43.000,955.682,780.429,87.626,-26.608,0.320
191.7952,42.000,965.884,777.107,94.389,-17.046,0.320
191.8907,40.000,952.967,794.554,79.206,-26.629,0.320
191.9867,38.000,948.154,804.896,71.629,-28.606,0.320
192.0949,36.000,945.336,814.095,65.621,-29.014,0.320
192.1938,33.000,927.768,836.606,45.581,-40.654,0.320
192.2935,31.000,935.762,837.493,49.135,-31.500,0.320
192.3896,28.000,921.230,859.094,31.068,-41.167,0.320
192.4899,26.000,930.536,860.478,35.029,-31.606,0.320
192.5870,23.000,916.856,882.764,17.046,-41.189,0.320
192.6958,21.000,926.832,884.783,21.024,-31.610,0.320
192.7937,18.000,913.811,907.519,3.146,-41.189,0.320
192.8930,15.000,908.908,923.201,-7.147,-43.166,0.320
192.9907,12.000,906.008,937.782,-15.887,-43.574,0.320
193.0879,10.000,919.240,939.159,-9.960,-32.103,0.320
193.1956,7.000,907.659,962.678,-27.509,-41.291,0.320
193.2922,4.000,903.719,979.285,-37.783,-43.187,0.320
193.3910,2.000,917.018,981.433,-32.207,-32.023,0.320
193.4918,-0.000,921.127,992.134,-35.503,-29.719,0.320
193.5911,-2.000,921.446,1002.724,-40.639,-29.244,0.320
193.6902,-4.000,919.717,1012.045,-46.164,-29.146,0.320
193.7889,-7.000,900.210,1032.486,-66.138,-40.681,0.320
193.8863,-8.000,921.072,1017.577,-48.252,-19.950,0.320
193.9933,-10.000,908.329,1030.701,-61.186,-27.228,0.320
194.0888,-12.000,900.482,1037.191,-68.355,-28.730,0.320
194.1866,-13.000,909.358,1029.322,-59.982,-17.484,0.320
194.2961,-14.000,908.808,1029.888,-60.540,-15.163,0.320
194.3947,-15.000,905.989,1031.879,-62.945,-14.684,0.320
194.4937,-16.000,902.427,1033.899,-65.736,-14.586,0.320
194.5921,-17.000,898.477,1035.698,-68.611,-14.565,0.320
194.6891,-18.000,894.246,1037.260,-71.507,-14.561,0.320
194.7880,-19.000,889.786,1038.612,-74.413,-14.560,0.320
194.8874,-20.000,885.246,1039.671,-77.213,-14.560,0.320
194.9855,-21.000,880.546,1040.571,-80.013,-14.560,0.320
195.0941,-22.000,875.711,1041.336,-82.813,-14.560,0.320
195.1920,-23.000,870.761,1041.986,-85.613,-14.560,0.320
195.2881,-24.000,865.714,1042.539,-88.413,-14.560,0.320
195.3862,-25.000,860.584,1043.009,-91.213,-14.560,0.320
195.4949,-25.000,871.659,1030.973,-79.657,-3.004,0.320
195.5897,-26.000,857.359,1040.615,-91.628,-12.176,0.320
195.6970,-27.000,850.268,1042.909,-96.320,-14.068,0.320
195.7953,-27.000,860.893,1031.204,-85.155,-2.903,0.320
195.8917,-27.000,862.739,1028.442,-82.852,-0.599,0.320
195.9900,-28.000,846.549,1040.012,-96.732,-11.679,0.320
196.0858,-28.000,855.355,1030.280,-87.462,-2.410,0.320
196.1946,-28.000,856.874,1027.974,-85.550,-0.497,0.320
196.2916,-28.000,856.934,1027.244,-85.155,-0.103,0.320
196.3879,-29.000,840.455,1039.314,-99.429,-11.577,0.320
196.4862,-29.000,849.269,1029.752,-90.241,-2.389,0.320
196.5862,-29.000,850.848,1027.538,-88.345,-0.493,0.320
196.6853,-29.000,850.969,1026.877,-87.954,-0.102,0.320
196.7942,-29.000,850.820,1026.567,-87.873,-0.021,0.320
196.8917,-28.000,863.917,1010.920,-73.501,11.551,0.320
196.9898,-28.000,855.165,1020.503,-82.669,2.384,0.320
197.0861,-27.000,866.903,1007.313,-70.205,12.047,0.320
197.1952,-27.000,858.224,1017.757,-79.767,2.486,0.320
197.2923,-26.000,870.277,1005.045,-67.384,12.069,0.320
197.3898,-25.000,875.194,1000.407,-62.607,14.046,0.320
197.4853,-25.000,865.665,1013.174,-73.754,2.898,0.320
197.5937,-24.000,878.017,1001.414,-61.699,12.154,0.320
197.6935,-23.000,883.398,997.376,-56.989,14.063,0.320
197.7913,-22.000,887.583,995.173,-53.795,14.458,0.320
197.8880,-21.000,891.726,993.554,-50.914,14.539,0.320
197.9845,-20.000,896.036,992.230,-48.097,14.556,0.320
198.0954,-19.000,900.422,991.222,-45.400,14.559,0.320
198.1942,-18.000,904.978,990.377,-42.700,14.560,0.320
198.2927,-17.000,909.680,989.670,-39.995,14.560,0.320
198.3917,-16.000,914.508,989.077,-37.285,14.560,0.320
198.4904,-15.000,919.444,988.581,-34.569,14.560,0.320
198.5882,-15.000,911.191,1003.607,-46.208,3.004,0.320
198.6870,-14.000,924.883,993.514,-34.315,12.176,0.320
198.7839,-14.000,918.171,1006.284,-44.057,2.512,0.320
198.8844,-13.000,931.954,995.490,-31.768,12.074,0.320
198.9845,-12.000,938.350,992.475,-27.062,14.047,0.320
199.0926,-11.000,943.353,991.186,-23.917,14.454,0.320
199.1911,-10.000,959.825,960.446,-0.310,5.415,0.180
199.2882,-9.000,949.771,954.673,-2.451,2.833,0.180
199.3869,-9.000,940.603,949.568,-4.483,0.809,0.180
199.4837,-8.000,932.337,939.002,-3.332,1.517,0.180
199.5945,-7.000,923.130,928.502,-2.686,1.719,0.180
199.6921,-7.000,913.110,920.951,-3.921,0.491,0.180
199.7914,-6.000,903.672,908.755,-2.541,1.426,0.180
199.8896,-6.000,893.044,900.174,-3.565,0.407,0.180
199.9866,-6.000,882.674,890.397,-3.862,0.116,0.180
200.0848,-7.000,868.816,880.189,-5.687,-1.252,0.180
200.1926,-7.000,859.067,868.663,-4.798,-0.358,0.180
200.2897,-8.000,845.068,857.639,-6.286,-1.388,0.180
200.3861,-9.000,831.710,845.787,-7.038,-1.682,0.180
200.4839,-11.000,815.187,833.822,-9.318,-3.052,0.180
200.5929,-11.000,806.340,820.635,-7.148,-0.872,0.180
200.6923,-11.000,795.678,808.747,-6.535,-0.249,0.180
200.7894,-13.000,777.760,797.439,-9.840,-2.643,0.180
200.8882,-12.000,768.601,781.056,-6.227,0.531,0.180
200.9882,-10.000,757.539,763.827,-3.144,2.723,0.180
201.0837,-10.000,744.652,754.848,-5.098,0.778,0.180
201.1917,-9.000,733.180,741.033,-3.926,1.508,0.180
201.2868,-3.000,722.718,711.902,5.408,8.145,0.180
201.3838,-2.000,707.457,704.809,1.324,3.613,0.180
201.4928,-0.000,695.558,691.128,2.215,3.604,0.180
201.5899,4.000,683.909,670.734,6.587,6.172,0.180
201.6906,8.000,669.553,653.553,8.000,6.906,0.180
201.7883,10.000,656.796,641.444,7.676,4.545,0.180
201.8892,11.000,644.257,631.907,6.175,2.584,0.180
201.9889,14.000,631.610,615.610,8.000,4.595,0.180
202.0883,15.000,620.339,604.339,8.000,2.599,0.180
202.1873,17.000,607.229,591.229,8.000,3.314,0.180
202.2842,19.000,594.055,578.055,8.000,3.518,0.180
202.3932,21.000,580.828,564.828,8.000,3.577,0.180
202.4876,22.000,569.115,553.115,8.000,2.308,0.180
202.5850,23.000,557.189,541.189,8.000,1.945,0.180
202.6928,24.000,557.814,541.814,8.000,1.841,0.180
202.7916,25.000,558.286,542.286,8.000,1.812,0.180
202.8912,26.000,558.627,542.627,8.000,1.803,0.180
202.9897,28.000,557.296,541.296,8.000,3.087,0.180
203.0874,29.000,557.606,541.606,8.000,2.168,0.180
203.1854,29.000,559.369,543.369,8.000,0.619,0.180
203.2842,31.000,557.747,541.747,8.000,2.748,0.180
203.3921,32.000,557.809,541.809,8.000,2.071,0.180
203.4887,32.000,559.361,543.361,8.000,0.592,0.180
203.5877,34.000,557.561,541.561,8.000,2.740,0.180
203.6843,34.000,559.030,543.030,8.000,0.783,0.180
203.7926,35.000,558.720,542.720,8.000,1.509,0.180
203.8912,35.000,559.955,543.955,8.000,0.431,0.180
203.9890,36.000,559.446,543.446,8.000,1.409,0.180
204.0864,37.000,558.953,542.953,8.000,1.688,0.180
204.1840,37.000,560.034,544.034,8.000,0.482,0.180
204.2925,38.000,559.392,543.392,8.000,1.424,0.180
204.3917,38.000,560.347,544.347,8.000,0.407,0.180
204.4895,39.000,559.599,543.599,8.000,1.402,0.180
204.5879,39.000,560.463,544.463,8.000,0.401,0.180
204.6872,40.000,559.637,543.637,8.000,1.400,0.180
204.7853,40.000,560.435,544.435,8.000,0.400,0.180
204.8822,41.000,559.554,543.554,8.000,1.400,0.180
204.9902,41.000,560.304,544.304,8.000,0.400,0.180
205.0884,42.000,559.382,543.382,8.000,1.400,0.180
205.1865,43.000,558.539,542.539,8.000,1.686,0.180
205.2853,43.000,559.322,543.322,8.000,0.482,0.180
205.3920,44.000,558.427,542.427,8.000,1.423,0.180
205.4898,44.000,559.167,543.167,8.000,0.407,0.180
205.5873,44.000,559.796,543.796,8.000,0.116,0.180
205.6853,44.000,560.330,544.330,8.000,0.033,0.180
205.7830,45.000,559.224,543.224,8.000,1.295,0.180
205.8912,45.000,559.784,543.784,8.000,0.370,0.180
205.9901,46.000,558.700,542.700,8.000,1.391,0.180
206.0873,46.000,559.279,543.279,8.000,0.398,0.180
206.1850,47.000,558.211,542.211,8.000,1.399,0.180
206.2827,47.000,558.803,542.803,8.000,0.400,0.180
206.3912,47.000,559.306,543.306,8.000,0.114,0.180
206.4882,47.000,559.734,543.734,8.000,0.033,0.180
206.5838,47.000,560.098,544.098,8.000,0.009,0.180
206.6809,48.000,558.847,542.847,8.000,1.288,0.180
206.7897,48.000,559.284,543.284,8.000,0.368,0.180
206.8876,48.000,559.655,543.655,8.000,0.105,0.180
206.9870,47.000,558.530,542.530,8.000,-1.256,0.180
207.0855,47.000,559.074,543.074,8.000,-0.359,0.180
207.1837,47.000,559.537,543.537,8.000,-0.103,0.180
207.2811,47.000,559.930,543.930,8.000,-0.029,0.180
207.3871,47.000,560.264,544.264,8.000,-0.008,0.180
207.4839,47.000,560.549,544.549,8.000,-0.002,0.180
207.5805,47.000,560.790,544.790,8.000,-0.001,0.180
207.6882,46.000,559.555,543.555,8.000,-1.286,0.180
207.7860,46.000,560.006,544.006,8.000,-0.367,0.180
207.8839,46.000,560.389,544.389,8.000,-0.105,0.180
207.9833,46.000,560.714,544.714,8.000,-0.030,0.180
208.0898,45.000,559.551,543.551,8.000,-1.294,0.180
208.1863,46.000,558.502,542.502,8.000,0.916,0.180
208.2829,45.000,557.670,541.670,8.000,-1.024,0.180
208.3893,45.000,558.463,542.463,8.000,-0.293,0.180
208.4873,44.000,557.698,541.698,8.000,-1.369,0.180
208.5853,44.000,558.547,542.547,8.000,-0.391,0.180
208.6814,44.000,559.269,543.269,8.000,-0.112,0.180
208.7891,44.000,559.882,543.882,8.000,-0.032,0.180
208.8887,43.000,558.963,542.963,8.000,-1.295,0.180
208.9894,42.000,558.243,542.243,8.000,-1.656,0.180
209.0864,42.000,559.130,543.130,8.000,-0.473,0.180
209.1829,42.000,559.884,543.884,8.000,-0.135,0.180
209.2803,41.000,559.085,543.085,8.000,-1.324,0.180
209.3899,40.000,558.466,542.466,8.000,-1.664,0.180
209.4883,40.000,559.440,543.440,8.000,-0.475,0.180
209.5858,39.000,558.828,542.828,8.000,-1.422,0.180
209.6831,38.000,558.367,542.367,8.000,-1.692,0.180
209.7806,38.000,559.476,543.476,8.000,-0.483,0.180
209.8810,37.000,558.978,542.978,8.000,-1.424,0.180
209.9889,37.000,560.055,544.055,8.000,-0.407,0.180
210.0885,37.000,560.971,544.971,8.000,-0.116,0.180
210.1876,36.000,560.309,544.309,8.000,-1.319,0.180
210.2868,35.000,559.806,543.806,8.000,-1.663,0.180
210.3874,35.000,560.879,544.879,8.000,-0.475,0.180
210.4839,33.000,558.911,542.911,8.000,-2.707,0.180
210.5808,31.000,557.358,541.358,8.000,-3.345,0.180
210.6864,28.000,553.205,540.231,6.487,-4.813,0.180
210.7840,27.000,555.534,539.534,8.000,-2.661,0.180
210.8801,24.000,550.290,540.526,4.882,-4.617,0.180
210.9894,22.000,549.929,540.511,4.709,-3.891,0.180
211.0860,21.000,552.373,540.869,5.752,-2.397,0.180
211.1805,19.000,550.442,542.421,4.010,-3.256,0.180
211.2796,17.000,549.271,543.510,2.880,-3.502,0.180
211.3877,16.000,551.576,544.256,3.660,-2.286,0.180
211.4863,15.000,552.843,545.701,3.571,-1.939,0.180
211.5856,15.000,556.894,546.956,4.969,-0.554,0.180
211.6873,14.000,556.382,549.098,3.642,-1.444,0.180
211.7840,13.000,556.442,550.543,2.949,-1.698,0.180
211.8822,13.000,559.807,551.458,4.174,-0.485,0.180
211.9814,13.000,561.984,552.919,4.532,-0.139,0.180
212.0889,12.000,560.464,554.651,2.907,-1.325,0.180
212.1846,11.000,559.835,555.580,2.127,-1.664,0.180
212.2804,11.000,562.661,556.009,3.326,-0.476,0.180
212.3883,10.000,561.218,557.340,1.939,-1.422,0.180
212.4848,9.000,560.517,558.064,1.227,-1.692,0.180
212.5842,8.000,560.068,558.654,0.707,-1.769,0.180
212.6810,8.000,562.898,558.943,1.978,-0.505,0.180
212.7877,8.000,564.592,559.900,2.346,-0.144,0.180
212.8828,7.000,562.653,561.213,0.720,-1.327,0.180
212.9812,7.000,564.841,561.493,1.674,-0.379,0.180
213.0795,7.000,566.166,562.265,1.951,-0.108,0.180
213.1790,6.000,563.965,563.369,0.298,-1.317,0.180
213.2882,6.000,565.944,563.457,1.244,-0.376,0.180
213.3840,6.000,567.097,564.061,1.518,-0.107,0.180
213.4809,6.000,567.926,564.726,1.600,-0.031,0.180
213.5873,5.000,565.412,565.630,-0.109,-1.294,0.180
213.6875,5.000,567.157,565.517,0.820,-0.370,0.180
213.7852,5.000,568.118,565.941,1.089,-0.106,0.180
213.8829,5.000,568.788,566.450,1.169,-0.030,0.180
213.9802,5.000,569.315,566.925,1.195,-0.009,0.180
214.0803,4.000,566.574,567.637,-0.531,-1.288,0.180
214.1788,4.000,568.136,567.351,0.392,-0.368,0.180
214.2789,4.000,568.945,567.627,0.659,-0.105,0.180
214.3894,4.000,569.484,568.009,0.738,-0.030,0.180
214.4890,4.000,569.901,568.376,0.763,-0.009,0.180
214.5872,5.000,570.420,565.402,2.509,1.283,0.180
214.6863,5.000,569.965,566.771,1.597,0.367,0.180
236.2479,4.000,152.654,-122.972,137.813,126.609,0.320
236.2805,4.000,76.595,-18.120,47.357,36.138,0.320
236.3801,4.000,62.561,25.164,18.699,7.457,0.320
236.4804,4.000,71.483,45.878,12.803,1.539,0.320
236.5709,4.000,85.267,62.059,11.604,0.318,0.320
236.6703,4.000,100.160,77.412,11.374,0.066,0.320
236.7789,4.000,115.372,92.683,11.345,0.014,0.320
236.8760,4.000,130.726,108.014,11.356,0.003,0.320
236.9734,4.000,146.175,123.422,11.376,0.001,0.320
237.0807,4.000,161.699,138.902,11.398,0.000,0.320
237.1790,3.000,161.844,167.725,-2.940,-11.556,0.320
237.2779,3.000,187.230,174.735,6.247,-2.384,0.320
237.3782,3.000,205.295,188.982,8.157,-0.492,0.320
237.4772,4.000,234.264,188.413,22.925,11.454,0.320
237.5794,4.000,241.153,213.439,13.857,2.364,0.320
237.6756,4.000,255.250,231.243,12.004,0.488,0.320
237.7725,4.000,270.831,247.554,11.639,0.101,0.320
237.8700,4.000,286.715,263.552,11.581,0.021,0.320
237.9790,4.000,302.658,279.484,11.587,0.004,0.320
238.0781,4.000,318.611,295.399,11.606,0.001,0.320
238.1750,4.000,334.564,311.308,11.628,0.000,0.320
238.2723,4.000,350.516,327.215,11.650,0.000,0.320
238.3706,3.000,351.024,356.401,-2.688,-11.556,0.320
238.4794,3.000,376.719,363.720,6.499,-2.384,0.320
238.5791,3.000,395.046,378.229,8.409,-0.492,0.320
238.6706,3.000,411.797,394.165,8.816,-0.102,0.320
238.7800,3.000,428.173,410.346,8.913,-0.021,0.320
238.8782,3.000,444.431,426.537,8.947,-0.004,0.320
238.9763,2.000,445.188,455.976,-5.394,-11.556,0.320
239.0775,2.000,471.092,463.514,3.789,-2.385,0.320
239.1754,2.000,489.595,478.210,5.693,-0.492,0.320
239.2731,2.000,506.494,494.306,6.094,-0.102,0.320
239.3703,2.000,522.996,510.624,6.186,-0.021,0.320
239.4784,1.000,523.918,540.213,-8.147,-11.560,0.320
239.5761,1.000,549.953,547.887,1.033,-2.385,0.320
239.6736,1.000,568.566,562.703,2.932,-0.492,0.320
239.7728,1.000,585.556,578.900,3.328,-0.102,0.320
239.8727,1.000,602.135,595.307,3.414,-0.021,0.320
239.9714,-0.000,603.122,624.971,-10.925,-11.560,0.320
240.0700,-0.000,629.210,632.711,-1.750,-2.385,0.320
240.1784,-0.000,647.868,647.582,0.143,-0.492,0.320
240.2780,-1.000,648.615,676.270,-13.828,-11.657,0.320
240.3767,-2.000,657.976,695.862,-18.943,-13.961,0.320
240.4734,-2.000,685.238,700.986,-7.874,-2.881,0.320
240.5719,-3.000,687.383,727.303,-19.960,-12.150,0.320
240.6700,-3.000,712.993,733.660,-10.334,-2.507,0.320
240.7797,-4.000,714.658,760.102,-22.722,-12.073,0.320
240.8765,-4.000,740.050,766.376,-13.163,-2.491,0.320
240.9733,-4.000,757.850,780.266,-11.208,-0.514,0.320
241.0707,-5.000,757.811,808.177,-25.183,-11.662,0.320
241.1788,-6.000,766.489,827.124,-30.317,-13.962,0.320
241.2768,-6.000,793.165,831.705,-19.270,-2.881,0.320
241.3732,-7.000,794.808,857.564,-31.378,-12.150,0.320
241.4753,-7.000,819.987,863.536,-21.774,-2.507,0.320
241.5745,-7.000,837.565,877.213,-19.824,-0.517,0.320
241.6711,-8.000,837.325,904.953,-33.814,-11.662,0.320
241.7718,-8.000,862.111,911.316,-24.603,-2.407,0.320
241.8707,-8.000,879.602,925.077,-22.738,-0.497,0.320
241.9786,-8.000,895.621,940.398,-22.388,-0.102,0.320
242.0768,-9.000,895.083,968.509,-36.713,-11.577,0.320
242.1760,-9.000,919.826,974.977,-27.575,-2.389,0.320
242.2749,-9.000,937.324,988.783,-25.730,-0.493,0.320
242.3716,-9.000,953.356,1004.134,-25.389,-0.102,0.320
242.4692,-9.000,969.112,1019.829,-25.359,-0.021,0.320
242.5777,-9.000,968.916,1019.701,-25.392,-0.004,0.320
242.6767,-9.000,968.732,1019.611,-25.439,-0.001,0.320
242.7733,-9.000,968.565,1019.544,-25.489,-0.000,0.320
242.8704,-9.000,968.416,1019.495,-25.539,-0.000,0.320
242.9690,-9.000,968.281,1019.461,-25.590,-0.000,0.320
243.0766,-9.000,968.159,1019.439,-25.640,-0.000,0.320
243.1716,-9.000,968.048,1019.429,-25.691,-0.000,0.320
243.2695,-10.000,951.664,1031.868,-40.102,-11.556,0.320
243.3785,-10.000,960.603,1022.577,-30.987,-2.384,0.320
243.4748,-10.000,962.290,1020.591,-29.151,-0.492,0.320
243.5730,-10.000,962.497,1020.129,-28.816,-0.102,0.320
243.6710,-10.000,962.414,1019.997,-28.791,-0.021,0.320
243.7701,-10.000,962.282,1019.944,-28.831,-0.004,0.320
243.8770,-10.000,962.152,1019.919,-28.883,-0.001,0.320
243.9748,-10.000,962.030,1019.908,-28.939,-0.000,0.320
244.0741,-10.000,961.918,1019.907,-28.995,-0.000,0.320
244.1703,-10.000,961.814,1019.915,-29.051,-0.000,0.320
244.2788,-10.000,961.717,1019.930,-29.107,-0.000,0.320
244.3778,-10.000,961.626,1019.951,-29.163,-0.000,0.320
244.4769,-9.000,974.822,1004.537,-14.857,11.556,0.320
244.5763,-9.000,966.158,1014.315,-24.079,2.384,0.320
244.6756,-9.000,964.688,1016.732,-26.022,0.492,0.320
244.7729,-8.000,977.931,1002.134,-12.101,11.657,0.320
244.8703,-8.000,969.558,1012.354,-21.398,2.405,0.320
244.9732,-6.000,994.952,984.211,5.371,23.607,0.320
245.0695,-6.000,978.014,1004.812,-13.399,4.871,0.320
245.1780,-6.000,975.671,1010.269,-17.299,1.005,0.320
245.2751,-6.000,976.163,1012.424,-18.130,0.207,0.320
245.3734,-6.000,977.090,1013.747,-18.329,0.043,0.320
245.4725,-6.000,977.978,1014.771,-18.396,0.009,0.320
245.5708,-6.000,978.750,1015.624,-18.437,0.002,0.320
245.6675,-6.000,979.406,1016.350,-18.472,0.000,0.320
245.7760,-5.000,993.241,1001.530,-4.145,11.556,0.320
245.8741,-5.000,985.123,1011.810,-13.344,2.384,0.320
245.9700,-5.000,984.121,1014.649,-15.264,0.492,0.320
246.0776,-4.000,997.765,1000.408,-1.321,11.657,0.320
246.1750,-4.000,989.737,1010.928,-10.596,2.405,0.320
246.2731,-4.000,988.864,1013.918,-12.527,0.496,0.320
246.3700,-4.000,989.348,1015.235,-12.943,0.102,0.320
246.4783,-3.000,1003.291,1000.662,1.314,11.577,0.320
246.5776,-2.000,1008.600,995.658,6.471,13.944,0.320
246.6757,-2.000,999.151,1008.366,-4.608,2.877,0.320
246.7736,-1.000,1011.522,996.605,7.459,12.149,0.320
246.8713,-1.000,1003.634,1008.012,-2.189,2.507,0.320
246.9675,-1.000,1003.134,1011.503,-4.184,0.517,0.320
247.0766,-0.000,1017.270,997.749,9.761,11.662,0.320
247.1743,1.000,1022.118,992.386,14.866,13.962,0.320
247.2712,2.000,1024.765,988.461,18.152,14.437,0.320
247.3690,2.000,1014.275,1000.865,6.705,2.979,0.320
247.4675,3.000,1025.177,987.750,18.713,12.170,0.320
247.5755,4.000,1028.535,981.670,23.432,14.067,0.320
247.6737,4.000,1017.737,993.156,12.291,2.903,0.320
247.7710,5.000,1028.189,979.448,24.370,12.155,0.320
247.8708,5.000,1018.686,989.182,14.752,2.508,0.320
247.9679,5.000,1016.822,991.244,12.789,0.518,0.320
248.0670,5.000,1016.524,991.710,12.407,0.107,0.320
248.1769,6.000,1028.979,975.557,26.711,11.578,0.320
248.2756,6.000,1019.753,984.641,17.556,2.389,0.320
248.3743,6.000,1017.830,986.443,15.694,0.493,0.320
248.4708,6.000,1017.421,986.749,15.336,0.102,0.320
248.5689,6.000,1017.330,986.752,15.289,0.021,0.320
248.6673,6.000,1017.309,986.698,15.306,0.004,0.320
248.7763,5.000,1001.867,999.917,0.975,-11.555,0.320
248.8763,5.000,1011.620,991.274,10.173,-2.384,0.320
248.9734,5.000,1014.012,989.825,12.093,-0.492,0.320
249.0726,6.000,1027.273,973.527,26.873,11.454,0.320
249.1705,5.000,1002.984,996.074,3.455,-9.192,0.320
249.2700,6.000,1023.508,973.229,25.139,9.659,0.320
249.3686,5.000,1000.948,994.656,3.146,-9.562,0.320
249.4671,5.000,1009.584,988.057,10.763,-1.973,0.320
249.5756,5.000,1012.044,987.329,12.357,-0.407,0.320
249.6712,4.000,997.690,1000.995,-1.653,-11.640,0.320
249.7688,4.000,1008.157,992.942,7.608,-2.402,0.320
249.8666,4.000,1011.112,992.040,9.536,-0.496,0.320
249.9666,5.000,1024.842,976.215,24.313,11.453,0.320
250.0766,4.000,1000.948,999.168,0.890,-9.192,0.320
250.1734,4.000,1009.366,992.951,8.208,-1.897,0.320
250.2701,4.000,1011.829,992.358,9.736,-0.391,0.320
250.3684,4.000,1012.957,992.820,10.069,-0.081,0.320
250.4660,3.000,998.278,1006.690,-4.206,-11.572,0.320
250.5748,3.000,1008.635,998.645,4.995,-2.388,0.320
250.6744,3.000,1011.530,997.716,6.907,-0.493,0.320
250.7703,3.000,1012.773,998.144,7.315,-0.102,0.320
250.8683,3.000,1013.581,998.756,7.412,-0.021,0.320
250.9676,3.000,1014.218,999.326,7.446,-0.004,0.320
251.0750,3.000,1014.751,999.819,7.466,-0.001,0.320
251.1716,2.000,999.764,1013.519,-6.877,-11.556,0.320
251.2690,2.000,1009.899,1005.289,2.305,-2.385,0.320
251.3670,2.000,1012.612,1004.195,4.209,-0.492,0.320
251.4750,1.000,967.712,1016.721,-4.902,-6.672,0.180
251.5732,-0.000,931.614,1021.126,-8.803,-7.973,0.180
251.6703,-1.000,898.991,1021.436,-11.682,-8.247,0.180
251.7671,-1.000,879.638,1011.547,-5.177,-1.736,0.180
251.8655,-2.000,845.974,1011.982,-12.985,-6.934,0.180
251.9731,-3.000,817.911,1006.425,-16.694,-8.028,0.180
252.0724,-4.000,791.983,998.402,-19.546,-8.259,0.180
252.1712,-5.000,767.317,988.834,-22.220,-8.307,0.180
252.2688,-5.000,754.580,970.698,-15.688,-1.749,0.180
252.3657,-5.000,737.480,956.781,-14.333,-0.368,0.180
252.4740,-6.000,709.008,950.514,-23.242,-6.646,0.180
252.5702,-6.000,697.019,931.200,-18.027,-1.399,0.180
252.6678,-7.000,670.419,922.818,-26.127,-6.863,0.180
252.7753,-8.000,648.526,909.602,-29.919,-8.013,0.180
252.8731,-9.000,627.875,895.035,-32.808,-8.255,0.180
252.9699,-10.000,607.698,879.903,-35.511,-8.306,0.180
253.0679,-11.000,587.801,864.412,-38.179,-8.317,0.180
253.1670,-13.000,557.142,856.017,-50.017,-14.888,0.180
253.2650,-14.000,542.780,834.808,-47.505,-9.703,0.180
253.3737,-15.000,524.475,817.503,-49.091,-8.611,0.180
253.4713,-17.000,494.460,808.275,-60.718,-14.950,0.180
253.5703,-19.000,469.522,793.882,-67.351,-16.284,0.180
253.6677,-20.000,456.773,770.824,-63.664,-9.997,0.180
253.7646,-22.000,428.182,760.006,-74.109,-15.241,0.180
253.8723,-24.000,403.777,744.938,-80.413,-16.346,0.180
253.9721,-25.000,391.251,721.537,-76.677,-10.010,0.180
254.0695,-26.000,373.786,703.089,-77.943,-8.676,0.180
254.1684,-28.000,344.353,693.022,-89.430,-14.963,0.180
254.2663,-29.000,346.473,686.783,-86.786,-9.719,0.180
254.3667,-30.000,344.231,684.925,-88.282,-8.614,0.180
254.4649,-31.000,340.929,684.141,-90.649,-8.382,0.180
254.5746,-32.000,337.283,683.713,-93.200,-8.333,0.180
254.6723,-32.000,344.432,676.103,-86.621,-1.754,0.180
254.7696,-33.000,335.333,681.209,-94.405,-6.938,0.180
254.8681,-33.000,341.192,674.956,-88.928,-1.461,0.180
254.9647,-34.000,331.701,680.512,-96.943,-6.876,0.180
255.0724,-35.000,326.407,681.862,-100.683,-8.016,0.180
255.1688,-35.000,332.914,675.002,-94.355,-1.688,0.180
255.2645,-35.000,334.398,673.218,-93.022,-0.355,0.180
255.3723,-36.000,323.840,679.921,-101.910,-6.643,0.180
255.4706,-36.000,329.164,674.320,-96.666,-1.399,0.180
255.5679,-36.000,330.336,672.913,-95.562,-0.294,0.180
255.6647,-36.000,330.627,672.423,-95.329,-0.062,0.180
255.7743,-36.000,330.725,672.155,-95.280,-0.013,0.180
255.8716,-36.000,330.777,671.958,-95.270,-0.003,0.180
255.9701,-36.000,330.814,671.798,-95.268,-0.001,0.180
256.0692,-35.000,338.813,661.295,-86.099,6.568,0.180
256.1663,-35.000,334.133,666.846,-91.284,1.383,0.180
256.2635,-35.000,333.471,668.248,-92.376,0.291,0.180
256.3723,-34.000,341.575,658.374,-83.437,6.630,0.180
256.4698,-34.000,337.132,664.313,-88.671,1.396,0.180
256.5670,-34.000,336.702,666.013,-89.773,0.294,0.180
256.6637,-33.000,345.009,656.386,-80.837,6.630,0.180
256.7726,-32.000,348.709,652.165,-76.903,7.964,0.180
256.8706,-32.000,343.722,659.708,-83.190,1.677,0.180
256.9671,-32.000,343.504,662.099,-84.514,0.353,0.180
257.0695,-31.000,352.133,652.917,-75.624,6.643,0.180
257.1662,-31.000,348.168,659.412,-80.869,1.398,0.180
257.2637,-30.000,356.119,651.211,-72.804,6.863,0.180
257.3726,-29.000,360.073,647.645,-69.054,8.013,0.180
257.4710,-28.000,363.389,645.259,-66.212,8.255,0.180
257.5686,-27.000,366.742,643.296,-63.561,8.306,0.180
257.6646,-27.000,362.281,651.939,-70.118,1.749,0.180
257.7737,-25.000,378.620,634.354,-53.162,13.505,0.180
257.8710,-24.000,378.402,637.114,-54.656,9.412,0.180
257.9710,-23.000,381.524,636.752,-52.917,8.550,0.180
258.0679,-22.000,385.419,635.803,-50.499,8.368,0.180
258.1664,-20.000,397.504,624.423,-38.768,14.899,0.180
258.2633,-19.000,396.913,629.212,-41.461,9.705,0.180
258.3737,-17.000,408.386,619.508,-30.874,15.180,0.180
258.4713,-15.000,416.014,614.583,-24.600,16.333,0.180
258.5694,-14.000,415.166,621.329,-28.398,10.007,0.180
258.6659,-12.000,427.148,612.560,-18.024,15.244,0.180
258.7679,-10.000,435.365,608.275,-11.773,16.346,0.180
258.8654,-9.000,435.053,615.528,-15.557,10.010,0.180
258.9642,-7.000,447.502,607.179,-5.159,15.244,0.180
259.0631,-6.000,448.148,613.619,-8.056,9.778,0.180
259.1728,-5.000,452.883,615.506,-6.633,8.627,0.180
259.2704,-4.000,458.335,616.283,-4.296,8.385,0.180
259.3664,-2.000,471.790,606.323,7.411,14.902,0.180
259.4647,-2.000,464.500,622.583,-4.364,3.137,0.180
259.5728,-0.000,481.773,608.136,11.496,13.797,0.180
259.6701,1.000,482.455,612.255,9.777,9.473,0.180
259.7682,1.000,478.522,623.269,2.303,1.994,0.180
259.8652,2.000,487.336,616.874,9.908,6.988,0.180
259.9637,3.000,491.731,613.935,13.575,8.040,0.180
260.0630,4.000,494.892,611.411,16.417,8.261,0.180
260.1716,4.000,490.162,619.683,9.916,1.739,0.180
260.2687,4.000,490.315,622.541,8.563,0.366,0.180
260.3659,4.000,491.327,624.088,8.295,0.077,0.180
260.4634,5.000,499.748,614.242,17.429,6.585,0.180
260.5720,5.000,495.470,620.309,12.256,1.386,0.180
260.6710,5.000,495.162,622.138,11.188,0.292,0.180
260.7706,6.000,502.978,612.015,20.157,6.630,0.180
260.8685,6.000,498.294,617.737,14.954,1.396,0.180
260.9693,7.000,505.038,608.275,23.057,6.862,0.180
261.0670,8.000,507.376,603.028,26.850,8.013,0.180
261.1672,9.000,508.729,598.603,29.739,8.255,0.180
261.2649,9.000,502.452,605.267,23.268,1.738,0.180
261.3645,10.000,508.665,595.784,31.116,6.934,0.180
261.4727,11.000,510.726,590.342,34.868,8.028,0.180
261.5705,11.000,504.509,596.687,28.587,1.690,0.180
261.6661,12.000,510.660,587.044,36.483,6.924,0.180
261.7641,12.000,505.271,592.465,31.079,1.458,0.180
261.8620,13.000,511.570,582.593,39.164,6.875,0.180
261.9636,13.000,506.191,587.935,33.804,1.447,0.180
262.0617,13.000,505.101,588.994,32.729,0.305,0.180
262.1702,12.000,494.541,597.127,23.382,-6.504,0.180
262.2676,12.000,500.207,592.399,28.580,-1.369,0.180
262.3664,12.000,501.748,591.654,29.723,-0.288,0.180
262.4665,11.000,492.003,599.676,20.839,-6.629,0.180
262.5639,11.000,498.062,595.153,26.130,-1.396,0.180
262.6625,11.000,499.874,594.646,27.289,-0.294,0.180
262.7708,11.000,500.717,594.912,27.578,-0.062,0.180
262.8696,11.000,501.295,595.278,27.684,-0.013,0.180
262.9666,10.000,491.390,603.585,18.578,-6.571,0.180
263.0646,10.000,497.450,599.165,23.818,-1.383,0.180
263.1648,9.000,488.918,606.692,15.788,-6.860,0.180
263.2625,9.000,495.453,602.303,21.251,-1.444,0.180
263.3620,9.000,497.552,602.028,22.438,-0.304,0.180
263.4692,9.000,498.614,602.517,22.724,-0.064,0.180
263.5655,8.000,488.997,611.052,13.648,-6.582,0.180
263.6641,7.000,484.901,614.828,9.712,-7.954,0.180
263.7612,7.000,492.581,609.876,16.028,-1.675,0.180
263.8694,7.000,495.099,609.677,17.387,-0.353,0.180
263.9681,6.000,486.026,618.321,8.528,-6.643,0.180
264.0653,6.000,492.619,614.364,13.803,-1.398,0.180
264.1631,5.000,484.501,622.322,5.765,-6.863,0.180
264.2714,5.000,491.377,618.310,11.209,-1.445,0.180
264.3679,4.000,483.387,626.334,3.202,-6.873,0.180
264.4647,4.000,490.348,622.402,8.648,-1.447,0.180
264.5616,3.000,482.425,630.500,0.638,-6.873,0.180
264.6703,2.000,479.067,634.607,-3.094,-8.015,0.180
264.7711,1.000,476.850,638.060,-5.929,-8.256,0.180
264.8688,-0.000,475.025,641.536,-8.580,-8.306,0.180
264.9682,-1.000,472.811,644.554,-11.196,-8.317,0.180
265.0661,-2.000,470.240,647.208,-13.809,-8.319,0.180
265.1658,-3.000,467.359,649.559,-16.425,-8.320,0.180
265.2638,-4.000,464.213,651.655,-19.045,-8.320,0.180
265.3631,-4.000,471.814,646.161,-12.498,-1.752,0.180
265.4707,-5.000,463.098,653.068,-20.309,-6.937,0.180
265.5671,-6.000,458.306,655.722,-24.032,-8.029,0.180
265.6644,-7.000,454.232,657.380,-26.899,-8.259,0.180
265.7620,-7.000,461.188,651.369,-20.415,-1.739,0.180
265.8613,-9.000,440.979,665.182,-37.426,-13.503,0.180
265.9603,-10.000,440.901,662.224,-35.986,-9.411,0.180
266.0686,-10.000,448.488,655.056,-28.608,-1.981,0.180
266.1657,-11.000,439.204,661.095,-36.270,-6.986,0.180
266.2656,-13.000,422.836,670.506,-49.159,-14.607,0.180
266.3641,-14.000,423.370,666.458,-46.868,-9.644,0.180
266.4630,-14.000,430.917,658.924,-39.328,-2.030,0.180
266.5604,-15.000,421.479,664.773,-46.971,-6.996,0.180
266.6691,-16.000,415.926,666.677,-50.700,-8.041,0.180
266.7681,-16.000,422.139,660.360,-44.435,-1.693,0.180
266.8652,-17.000,412.375,666.437,-52.355,-6.925,0.180
266.9625,-17.000,417.687,660.991,-46.977,-1.458,0.180
267.0628,-17.000,418.692,659.871,-45.914,-0.307,0.180
267.1707,-17.000,418.798,659.669,-45.760,-0.065,0.180
267.2698,-17.000,418.719,659.665,-45.798,-0.014,0.180
267.3700,-18.000,407.633,667.081,-55.049,-6.571,0.180
267.4666,-18.000,412.667,661.927,-49.955,-1.383,0.180
267.5623,-18.000,413.615,660.878,-48.956,-0.291,0.180
267.6601,-18.000,413.708,660.698,-48.820,-0.061,0.180
267.7674,-18.000,413.626,660.707,-48.865,-0.013,0.180
267.8652,-18.000,413.511,660.759,-48.948,-0.003,0.180
267.9629,-19.000,402.420,668.197,-58.213,-6.569,0.180
268.0618,-19.000,407.454,663.058,-53.126,-1.383,0.180
268.1639,-19.000,408.403,662.020,-52.133,-0.291,0.180
268.2618,-19.000,408.496,661.851,-52.002,-0.061,0.180
268.3596,-19.000,408.413,661.869,-52.052,-0.013,0.180
268.4672,-20.000,397.428,669.200,-61.211,-6.571,0.180
268.5664,-20.000,402.562,663.959,-56.023,-1.383,0.180
268.6661,-20.000,403.609,662.821,-54.931,-0.291,0.180
268.7646,-20.000,403.800,662.553,-54.701,-0.061,0.180
268.8616,-20.000,403.816,662.472,-54.652,-0.013,0.180
268.9603,-19.000,411.668,652.164,-45.573,6.566,0.180
269.0594,-19.000,406.842,657.903,-50.855,1.382,0.180
269.1672,-19.000,406.040,659.481,-52.045,0.291,0.180
269.2642,-19.000,406.041,660.139,-52.373,0.061,0.180
269.3621,-18.000,414.148,650.193,-43.347,6.581,0.180
269.4600,-18.000,409.576,656.200,-48.636,1.386,0.180
269.5687,-17.000,416.973,647.625,-40.650,6.860,0.180
269.6673,-17.000,412.468,654.128,-46.154,1.444,0.180
269.7634,-16.000,420.062,645.832,-38.209,6.872,0.180
269.8696,-16.000,415.755,652.542,-43.718,1.447,0.180
269.9677,-16.000,415.551,654.789,-44.944,0.305,0.180
270.0657,-15.000,424.069,645.608,-36.094,6.633,0.180
270.1633,-15.000,419.973,652.140,-41.408,1.396,0.180
270.2607,-14.000,427.801,643.982,-33.415,6.862,0.180
270.3591,-14.000,423.671,650.832,-38.905,1.445,0.180
270.4666,-13.000,431.587,642.828,-30.945,6.873,0.180
270.5622,-13.000,427.556,649.784,-36.438,1.447,0.180
270.6593,-12.000,435.563,641.863,-28.474,6.873,0.180
270.7590,-11.000,439.585,638.515,-24.789,8.015,0.180
270.8684,-10.000,442.960,636.313,-22.001,8.256,0.180
270.9670,-10.000,438.388,644.881,-28.571,1.738,0.180
271.0642,-9.000,446.636,637.630,-20.821,6.934,0.180
271.1648,-8.000,451.013,634.701,-17.169,8.028,0.180
271.2618,-7.000,454.722,632.823,-14.375,8.259,0.180
271.3593,-7.000,450.443,641.657,-20.931,1.739,0.180
271.4603,-6.000,458.944,634.629,-13.167,6.934,0.180
271.5686,-5.000,463.538,631.886,-9.499,8.028,0.180
271.6656,-5.000,459.461,640.538,-15.863,1.690,0.180
271.7658,-4.000,468.018,633.468,-8.050,6.924,0.180
271.8635,-4.000,464.663,641.088,-13.537,1.458,0.180
271.9607,-3.000,473.277,633.698,-5.535,6.875,0.180
272.0687,-3.000,469.854,641.162,-10.978,1.447,0.180
272.1658,-3.000,470.413,644.038,-12.137,0.305,0.180
272.2628,-2.000,479.591,635.381,-3.219,6.633,0.180
272.3619,-2.000,476.065,642.348,-8.466,1.396,0.180
272.4598,-1.000,484.389,634.550,-0.405,6.862,0.180
272.5676,-1.000,480.689,641.696,-5.828,1.445,0.180
272.6646,-0.000,488.982,633.933,2.200,6.873,0.180
272.7604,1.000,492.655,630.110,5.948,8.015,0.180
272.8671,1.000,487.769,637.869,-0.375,1.687,0.180
272.9651,3.000,502.410,618.470,16.645,13.492,0.180
273.0627,3.000,492.751,630.084,6.009,2.840,0.180
273.1585,4.000,498.729,622.168,12.956,7.166,0.180
273.2668,5.000,501.142,617.508,16.493,8.077,0.180
273.3663,5.000,495.337,624.404,10.142,1.700,0.180
273.4645,5.000,494.483,626.183,8.826,0.358,0.180
273.5616,5.000,494.621,626.834,8.569,0.075,0.180
273.6606,5.000,494.922,627.202,8.536,0.016,0.180
273.7586,4.000,484.846,635.446,-0.625,-6.565,0.180
273.8676,4.000,490.772,630.964,4.579,-1.382,0.180
273.9651,3.000,482.124,638.440,-3.482,-6.859,0.180
274.0623,3.000,488.556,634.010,1.948,-1.444,0.180
274.1594,2.000,480.189,641.679,-6.070,-6.872,0.180
274.2677,2.000,486.829,637.447,-0.634,-1.447,0.180
274.3645,2.000,489.005,637.317,0.519,-0.305,0.180
274.4606,2.000,490.125,637.936,0.770,-0.064,0.180
274.5589,2.000,490.925,638.614,0.831,-0.014,0.180
274.6674,2.000,491.575,639.222,0.852,-0.003,0.180
274.7664,2.000,492.121,639.743,0.865,-0.001,0.180
274.8642,2.000,492.586,640.186,0.876,-0.000,0.180
274.9612,2.000,492.982,640.561,0.886,-0.000,0.180
275.0572,2.000,493.321,640.879,0.896,-0.000,0.180
275.1631,2.000,493.610,641.147,0.907,-0.000,0.180
275.2594,2.000,493.857,641.374,0.917,-0.000,0.180
275.3575,2.000,494.069,641.565,0.928,-0.000,0.180
275.4584,3.000,501.624,630.752,10.112,6.568,0.180
275.5568,3.000,496.570,636.038,4.942,1.383,0.180
275.6647,3.000,495.592,637.212,3.866,0.291,0.180
275.7615,3.000,495.461,637.509,3.651,0.061,0.180
275.8607,3.000,495.499,637.613,3.619,0.013,0.180
275.9616,3.000,495.565,637.668,3.624,0.003,0.180
276.0600,4.000,503.003,626.732,12.811,6.569,0.180
276.1575,4.000,497.852,631.911,7.646,1.383,0.180
276.2668,4.000,496.792,632.994,6.575,0.291,0.180
276.3644,4.000,496.593,633.212,6.366,0.061,0.180
276.4610,4.000,496.574,633.248,6.338,0.013,0.180
276.5579,4.000,496.591,633.245,6.349,0.003,0.180
276.6657,4.000,496.616,633.232,6.367,0.001,0.180
276.7642,3.000,486.268,641.191,-2.786,-6.568,0.180
276.8629,3.000,491.953,636.474,2.415,-1.383,0.180
276.9588,3.000,493.472,635.778,3.523,-0.291,0.180
277.0572,2.000,483.694,643.856,-5.406,-6.630,0.180
277.1647,1.000,479.342,647.363,-9.335,-7.964,0.180
277.2639,1.000,486.776,642.211,-3.042,-1.677,0.180
277.3598,-0.000,478.701,649.826,-10.887,-6.921,0.180
277.4565,-0.000,485.469,645.666,-5.423,-1.457,0.180
277.5655,-1.000,476.755,652.998,-13.446,-6.875,0.180
277.6613,-2.000,472.116,655.861,-17.197,-8.016,0.180
277.7619,-2.000,479.179,650.289,-10.879,-1.688,0.180
277.8611,-3.000,470.161,656.974,-18.731,-6.924,0.180
277.9604,-4.000,465.147,659.406,-22.454,-8.026,0.180
278.0603,-4.000,471.865,653.492,-16.138,-1.690,0.180
278.1593,-6.000,451.572,667.268,-33.172,-13.493,0.180
278.2582,-6.000,462.424,656.878,-22.552,-2.841,0.180
278.3581,-8.000,442.884,669.610,-38.688,-13.735,0.180
278.4576,-8.000,453.792,658.915,-27.886,-2.892,0.180
278.5598,-9.000,445.151,664.138,-34.818,-7.177,0.180
278.6591,-9.000,450.817,658.566,-29.199,-1.511,0.180
278.7556,-9.000,452.003,657.460,-28.053,-0.318,0.180
278.8622,-10.000,441.268,664.663,-37.022,-6.635,0.180
278.9611,-10.000,446.453,659.476,-31.836,-1.397,0.180
279.0585,-10.000,447.503,658.424,-30.785,-0.294,0.180
279.1568,-11.000,436.709,665.617,-39.778,-6.630,0.180
279.2638,-12.000,430.882,667.782,-43.775,-7.964,0.180
279.3635,-12.000,437.051,661.501,-37.549,-1.677,0.180
279.4626,-13.000,427.291,667.566,-45.462,-6.921,0.180
279.5598,-13.000,432.617,662.098,-40.065,-1.457,0.180
279.6579,-14.000,422.666,668.329,-48.156,-6.875,0.180
279.7653,-14.000,427.940,662.893,-42.801,-1.447,0.180
279.8638,-14.000,428.942,661.755,-41.731,-0.305,0.180
279.9629,-14.000,429.051,661.528,-41.563,-0.064,0.180
280.0598,-13.000,436.953,651.127,-32.412,6.555,0.180
280.1611,-12.000,440.121,646.434,-28.481,7.948,0.180
280.2599,-12.000,434.636,653.624,-34.818,1.673,0.180
280.3568,-11.000,441.951,645.358,-27.028,6.921,0.180
280.4652,-11.000,437.525,651.974,-32.549,1.457,0.180
280.5633,-10.000,445.223,643.739,-24.583,6.875,0.180
280.6613,-9.000,448.988,640.117,-20.889,8.016,0.180
280.7618,-9.000,444.174,648.053,-27.264,1.688,0.180
280.8617,-9.000,444.122,650.759,-28.643,0.355,0.180
280.9586,-9.000,444.922,652.214,-28.970,0.075,0.180
281.0567,-9.000,445.775,653.278,-29.076,0.016,0.180
281.1639,-9.000,446.530,654.152,-29.135,0.003,0.180
281.2611,-9.000,447.173,654.894,-29.185,0.001,0.180
281.3601,-9.000,447.715,655.530,-29.232,0.000,0.180
281.4608,-10.000,437.195,663.451,-38.453,-6.568,0.180
281.5576,-9.000,450.697,648.339,-24.145,5.186,0.180
281.6559,-9.000,447.372,653.296,-28.286,1.092,0.180
281.7632,-9.000,447.157,654.898,-29.195,0.230,0.180
281.8601,-7.000,463.466,634.969,-11.076,13.185,0.180
281.9569,-6.000,462.455,636.502,-12.348,9.344,0.180
282.0640,-5.000,464.742,635.259,-10.583,8.536,0.180
282.1622,-4.000,467.895,633.593,-8.174,8.365,0.180
282.2611,-3.000,471.376,631.977,-5.625,8.330,0.180
282.3592,-2.000,475.050,630.487,-3.043,8.322,0.180
282.4563,-2.000,470.898,639.496,-9.623,1.752,0.180
282.5638,-2.000,471.569,642.954,-11.017,0.369,0.180
282.6637,-1.000,480.995,634.636,-2.145,6.646,0.180
282.7591,-1.000,477.714,641.860,-7.397,1.399,0.180
282.8565,-1.000,478.280,644.645,-8.507,0.295,0.180
282.9654,-2.000,468.493,653.681,-17.918,-6.506,0.180
283.0629,-2.000,474.800,649.735,-12.792,-1.370,0.180
283.1614,-2.000,476.875,649.668,-11.721,-0.288,0.180
283.2603,-2.000,477.945,650.304,-11.504,-0.061,0.180
283.3584,-2.000,478.708,650.991,-11.466,-0.013,0.180
283.4554,-2.000,479.324,651.608,-11.467,-0.003,0.180
283.5638,-2.000,479.839,652.140,-11.475,-0.001,0.180
283.6614,-1.000,488.248,642.222,-2.311,6.568,0.180
283.7578,-1.000,483.916,648.271,-7.502,1.383,0.180
283.8542,-0.000,491.522,639.724,0.575,6.860,0.180
283.9538,-0.000,487.207,646.240,-4.841,1.444,0.180
284.0541,1.000,494.376,637.341,3.193,6.872,0.180
284.1547,1.000,489.721,643.527,-2.227,1.447,0.180
284.2634,2.000,496.607,634.340,5.809,6.873,0.180
284.3603,2.000,491.714,640.279,0.393,1.447,0.180
284.4582,3.000,498.400,630.881,8.435,6.873,0.180
284.5562,3.000,493.337,636.639,3.025,1.447,0.180
284.6563,3.000,492.506,638.062,1.898,0.305,0.180
284.7632,3.000,492.532,638.538,1.673,0.064,0.180
284.8623,4.000,500.085,627.812,10.812,6.582,0.180
284.9603,4.000,495.061,633.139,5.636,1.386,0.180
285.0569,4.000,494.116,634.341,4.563,0.292,0.180
285.1635,4.000,494.016,634.660,4.354,0.061,0.180
285.2617,5.000,501.455,623.807,13.499,6.581,0.180
285.3597,5.000,496.334,629.026,8.330,1.386,0.180
285.4583,6.000,502.682,619.162,16.435,6.860,0.180
285.5569,6.000,497.303,624.552,11.051,1.444,0.180
285.6548,6.000,496.198,625.666,9.942,0.304,0.180
285.7624,6.000,495.993,625.879,9.733,0.064,0.180
285.8588,6.000,495.977,625.901,9.714,0.013,0.180
285.9571,6.000,496.001,625.884,9.734,0.003,0.180
286.0541,6.000,496.032,625.857,9.763,0.001,0.180
286.1531,6.000,496.065,625.828,9.794,0.000,0.180
286.2628,5.000,485.724,633.773,0.651,-6.568,0.180
286.3595,5.000,491.417,629.043,5.863,-1.383,0.180
286.4595,4.000,482.571,636.308,-2.193,-6.860,0.180
286.5595,4.000,488.835,631.699,3.243,-1.444,0.180
286.6581,3.000,480.326,639.216,-4.770,-6.872,0.180
286.7587,2.000,476.471,642.826,-8.502,-8.015,0.180
286.8557,2.000,484.206,637.885,-2.164,-1.687,0.180
286.9555,1.000,476.362,645.703,-9.995,-6.924,0.180
287.0632,1.000,483.322,641.720,-4.524,-1.458,0.180
287.1602,1.000,485.744,641.830,-3.368,-0.307,0.180
287.2592,-0.000,476.693,650.632,-12.294,-6.633,0.180
287.3572,-0.000,483.324,646.789,-7.057,-1.396,0.180
287.4560,-0.000,485.612,646.872,-5.955,-0.294,0.180
287.5540,1.000,494.225,636.674,3.451,6.507,0.180
287.6620,-0.000,479.546,650.605,-10.854,-5.199,0.180
287.7605,1.000,492.206,636.710,2.424,5.474,0.180
287.8556,1.000,488.865,642.001,-1.893,1.152,0.180
287.9621,1.000,488.789,643.735,-2.797,0.243,0.180
288.0596,1.000,489.307,644.626,-2.984,0.051,0.180
288.1582,-0.000,479.497,653.233,-12.192,-6.558,0.180
288.2550,-1.000,474.690,656.419,-16.189,-7.949,0.180
288.3609,-2.000,470.797,658.333,-19.092,-8.242,0.180
288.4594,-3.000,466.979,659.869,-21.769,-8.304,0.180
288.5573,-4.000,463.075,661.233,-24.403,-8.317,0.180
288.6555,-5.000,459.067,662.482,-27.032,-8.319,0.180
288.7628,-7.000,443.989,671.015,-38.837,-14.888,0.180
288.8626,-8.000,444.952,666.890,-36.293,-9.703,0.180
288.9608,-9.000,441.752,666.800,-37.849,-8.611,0.180
289.0578,-10.000,437.632,667.525,-40.271,-8.381,0.180
289.1559,-10.000,444.254,661.017,-33.706,-1.764,0.180
289.2529,-10.000,445.643,659.724,-32.365,-0.371,0.180
289.3614,-10.000,445.926,659.524,-32.124,-0.078,0.180
289.4615,-10.000,445.971,659.550,-32.114,-0.016,0.180
289.5585,-10.000,445.961,659.618,-32.153,-0.003,0.180
289.6574,-9.000,453.911,649.319,-23.029,6.568,0.180
289.7563,-9.000,449.181,655.053,-28.260,1.383,0.180
289.8533,-9.000,448.468,656.617,-29.399,0.291,0.180
289.9608,-9.000,448.554,657.256,-29.675,0.061,0.180
290.0590,-8.000,456.741,647.286,-20.597,6.581,0.180
290.1578,-8.000,452.245,653.265,-25.834,1.386,0.180
290.2551,-8.000,451.740,655.031,-26.970,0.292,0.180
290.3519,-7.000,459.978,645.465,-18.068,6.630,0.180
290.4601,-7.000,455.643,651.671,-23.339,1.396,0.180
290.5583,-6.000,463.273,643.231,-15.303,6.862,0.180
290.6576,-6.000,458.980,649.836,-20.752,1.445,0.180
290.7542,-6.000,458.791,651.990,-21.924,0.304,0.180
290.8538,-5.000,467.329,642.723,-13.021,6.632,0.180
290.9519,-5.000,463.256,649.175,-18.284,1.396,0.180
291.0604,-5.000,463.139,651.315,-19.412,0.294,0.180
291.1588,-5.000,463.741,652.432,-19.670,0.062,0.180
291.2589,-5.000,464.397,653.238,-19.745,0.013,0.180
291.3570,-6.000,454.008,661.269,-28.955,-6.566,0.180
291.4562,-6.000,459.658,656.615,-23.803,-1.382,0.180
291.5559,-7.000,450.168,663.351,-31.916,-6.859,0.180
291.6526,-7.000,455.877,658.302,-26.537,-1.444,0.180
291.7602,-8.000,446.287,664.853,-34.607,-6.872,0.180
291.8562,-8.000,451.879,659.677,-29.223,-1.447,0.180
291.9529,-9.000,442.183,666.127,-37.296,-6.873,0.180
292.0611,-10.000,436.710,668.242,-41.090,-8.015,0.180
292.1583,-10.000,443.058,662.038,-34.815,-1.687,0.180
292.2567,-11.000,433.426,668.193,-42.708,-6.924,0.180
292.3550,-11.000,438.857,662.807,-37.299,-1.458,0.180
292.4539,-12.000,428.996,669.106,-45.379,-6.875,0.180
292.5518,-12.000,434.348,663.726,-40.014,-1.447,0.180
292.6511,-13.000,424.443,670.008,-48.107,-6.873,0.180
292.7515,-13.000,429.761,664.609,-42.748,-1.447,0.180
292.8505,-13.000,430.802,663.500,-41.674,-0.305,0.180
292.9508,-15.000,408.999,678.046,-59.848,-13.201,0.180
293.0589,-15.000,419.258,667.617,-49.504,-2.779,0.180
293.1557,-15.000,421.302,665.429,-47.388,-0.585,0.180
293.2528,-15.000,421.625,664.984,-47.004,-0.123,0.180
293.3507,-15.000,421.592,664.913,-46.985,-0.026,0.180
293.4589,-14.000,429.464,654.553,-37.869,6.563,0.180
293.5567,-13.000,432.626,649.876,-33.949,7.950,0.180
293.6537,-12.000,435.112,646.702,-31.120,8.242,0.180
293.7512,-10.000,445.697,633.732,-19.342,14.872,0.180
293.8598,-9.000,443.864,637.138,-21.961,9.699,0.180
293.9588,-8.000,446.302,636.637,-20.492,8.610,0.180
294.0559,-7.000,449.760,635.426,-18.158,8.381,0.180
294.1528,-7.000,445.562,644.534,-24.811,1.764,0.180
294.2503,-5.000,462.166,627.303,-7.893,13.508,0.180
294.3592,-4.000,462.183,630.353,-9.410,9.412,0.180
294.4568,-3.000,465.508,630.235,-7.688,8.550,0.180
294.5543,-2.000,469.580,629.490,-5.279,8.368,0.180
294.6601,-1.000,473.850,628.647,-2.723,8.330,0.180
294.7598,-0.000,478.198,627.811,-0.131,8.322,0.180
294.8589,-0.000,474.621,637.374,-6.701,1.752,0.180
294.9578,-0.000,475.782,641.302,-8.084,0.369,0.180
295.0538,-0.000,477.653,643.755,-8.375,0.078,0.180
295.1511,1.000,486.804,634.681,0.737,6.585,0.180
295.2594,1.000,483.143,641.407,-4.456,1.386,0.180
295.3601,1.000,483.356,643.798,-5.546,0.292,0.180
295.4577,1.000,484.238,645.131,-5.771,0.061,0.180
295.5551,1.000,485.136,646.115,-5.814,0.013,0.180
295.6528,2.000,493.304,635.947,3.354,6.571,0.180
295.7499,2.000,488.777,641.774,-1.823,1.383,0.180
295.8588,3.000,495.621,632.434,6.269,6.860,0.180
295.9569,3.000,490.661,638.274,0.869,1.444,0.180
296.0542,4.000,497.284,628.798,8.918,6.872,0.180
296.1503,4.000,492.166,634.491,3.513,1.447,0.180
296.2572,5.000,498.663,624.883,11.566,6.873,0.180
296.3547,6.000,500.814,619.487,15.339,8.015,0.180
296.4549,6.000,494.639,625.905,9.042,1.687,0.180
296.5514,6.000,493.441,627.309,7.741,0.355,0.180
296.6593,6.000,493.279,627.646,7.492,0.075,0.180
296.7575,6.000,493.325,627.748,7.464,0.016,0.180
296.8563,6.000,493.407,627.793,7.483,0.003,0.180
296.9545,6.000,493.490,627.818,7.512,0.001,0.180
297.0523,6.000,493.566,627.833,7.542,0.000,0.180
297.1518,6.000,493.636,627.840,7.573,0.000,0.180
297.2497,5.000,483.327,635.816,-1.569,-6.568,0.180
297.3587,4.000,478.673,639.086,-5.531,-7.951,0.180
297.4578,4.000,485.883,633.700,0.767,-1.674,0.180
297.5560,3.000,477.626,641.106,-7.064,-6.921,0.180
297.6522,2.000,473.871,644.739,-10.759,-8.025,0.180
297.7489,2.000,481.665,639.841,-4.412,-1.690,0.180
297.8584,1.000,473.867,647.701,-12.242,-6.924,0.180
297.9565,-0.000,470.491,651.729,-15.944,-8.026,0.180
298.0553,-0.000,478.604,647.170,-9.607,-1.690,0.180
298.1519,-1.000,470.475,654.720,-17.447,-6.924,0.180
298.2494,-2.000,466.217,657.887,-21.159,-8.026,0.180
298.3578,-3.000,483.197,670.490,-30.172,-13.212,0.320
298.4578,-3.000,519.647,666.960,-19.703,-2.726,0.320
298.5551,-4.000,529.984,685.539,-31.917,-12.118,0.320
298.6551,-4.000,562.635,685.242,-22.322,-2.501,0.320
298.7531,-5.000,570.301,706.012,-34.721,-12.072,0.320
298.8510,-7.000,568.234,732.344,-53.891,-25.602,0.320
298.9502,-7.000,608.438,723.539,-33.611,-5.283,0.320
299.0563,-9.000,599.353,756.409,-58.180,-24.201,0.320
299.1549,-10.000,620.777,762.137,-53.384,-16.549,0.320
299.2530,-11.000,635.595,774.332,-54.667,-14.971,0.320
299.3510,-13.000,632.426,800.557,-71.569,-26.200,0.320
299.4484,-15.000,637.645,818.030,-79.570,-28.518,0.320
299.5566,-16.000,660.538,821.360,-71.383,-17.440,0.320
299.6538,-18.000,658.114,846.169,-86.353,-26.710,0.320
299.7514,-20.000,662.813,863.591,-93.866,-28.623,0.320
299.8581,-22.000,668.745,879.556,-99.861,-29.017,0.320
299.9568,-22.000,707.300,870.389,-76.831,-5.988,0.320
300.0550,-24.000,695.086,904.678,-100.790,-24.347,0.320
300.1530,-25.000,713.503,911.959,-95.823,-16.579,0.320
300.2491,-27.000,709.429,937.969,-111.376,-26.532,0.320
300.3570,-27.000,745.632,931.189,-90.318,-5.475,0.320
300.4554,-29.000,732.686,966.237,-114.684,-24.241,0.320
300.5552,-31.000,734.469,986.337,-124.157,-28.113,0.320
300.6538,-31.000,771.735,978.446,-101.844,-5.801,0.320
300.7516,-33.000,758.886,1013.358,-125.952,-24.308,0.320
300.8503,-33.000,793.135,1008.637,-106.659,-5.016,0.320
300.9499,-34.000,795.941,1031.865,-117.034,-12.591,0.320
301.0488,-35.000,804.749,1049.120,-121.397,-14.154,0.320
301.1569,-36.000,798.873,1049.253,-124.519,-14.476,0.320
301.2553,-38.000,776.971,1061.594,-141.742,-26.098,0.320
301.3515,-39.000,780.430,1052.168,-135.384,-16.941,0.320
301.4477,-39.000,792.912,1037.614,-121.939,-3.496,0.320
301.5549,-40.000,778.592,1046.333,-133.520,-12.277,0.320
301.6528,-40.000,787.508,1035.656,-123.777,-2.533,0.320
301.7503,-39.000,802.090,1017.417,-107.411,11.033,0.320
301.8477,-37.000,819.869,995.210,-87.456,25.388,0.320
301.9552,-36.000,814.146,1001.009,-93.249,16.794,0.320
302.0534,-31.000,868.754,938.665,-34.800,61.243,0.320
302.1509,3.000,1273.250,464.114,404.700,405.526,0.320
302.2504,11.000,1072.196,676.901,197.760,176.124,0.320
302.3568,15.000,999.244,768.466,115.484,82.565,0.320
302.4553,19.000,997.490,782.682,107.485,63.260,0.320
302.5532,22.000,995.899,795.345,100.346,47.720,0.320
302.6499,24.000,992.112,809.862,91.184,32.958,0.320
302.7476,26.000,998.396,811.020,93.737,29.912,0.320
302.8554,28.000,1005.697,808.364,98.709,29.283,0.320
302.9513,30.000,1012.308,804.022,104.179,29.154,0.320
303.0480,31.000,1005.575,814.843,95.397,17.571,0.320
303.1471,32.000,1007.308,815.746,95.807,15.181,0.320
303.2559,33.000,1010.318,814.135,98.114,14.688,0.320
303.3528,33.000,1000.759,827.884,86.456,3.031,0.320
303.4500,33.000,1000.137,832.067,84.051,0.625,0.320
303.5474,33.000,1001.157,834.075,83.555,0.129,0.320
303.6535,33.000,1002.343,835.462,83.452,0.027,0.320
303.7504,32.000,987.981,849.850,69.075,-11.550,0.320
