time_s,error_mm,left_rpm,right_rpm,pid_output,d_term,target_speed_ms
0.0003,-13.000,-436.708,466.390,-451.549,-412.533,0.320
0.0537,-13.000,-112.545,170.084,-141.314,-102.221,0.320
0.1505,-13.000,-22.579,106.422,-64.501,-25.329,0.320
0.2523,-13.000,8.887,99.939,-45.526,-6.276,0.320
0.3522,-12.000,41.105,91.584,-25.240,11.082,0.320
0.4533,-12.000,45.557,112.853,-33.648,2.746,0.320
0.5473,-12.000,56.739,128.309,-35.785,0.680,0.320
0.6464,-12.000,69.863,142.601,-36.369,0.169,0.320
0.7453,-12.000,83.703,156.839,-36.568,0.042,0.320
0.8443,-12.000,97.921,171.263,-36.671,0.010,0.320
0.9445,-12.000,112.401,185.903,-36.751,0.003,0.320
1.0532,-11.000,141.654,184.017,-21.182,12.638,0.320
1.1522,-11.000,147.599,209.108,-30.754,3.131,0.320
1.2454,-11.000,160.756,227.107,-33.176,0.776,0.320
1.3433,-11.000,175.734,243.385,-33.825,0.192,0.320
1.4518,-11.000,191.195,259.267,-34.036,0.048,0.320
1.5513,-10.000,221.364,258.354,-18.495,12.649,0.320
1.6491,-10.000,228.111,284.250,-28.069,3.134,0.320
1.7479,-10.000,241.954,302.928,-30.487,0.777,0.320
1.8457,-10.000,257.518,319.780,-31.131,0.192,0.320
1.9493,-9.000,288.041,319.427,-15.693,12.685,0.320
2.0483,-9.000,295.155,345.732,-25.288,3.143,0.320
2.1493,-9.000,309.327,364.740,-27.707,0.779,0.320
2.2503,-9.000,325.176,381.869,-28.347,0.193,0.320
2.3511,-8.000,355.943,381.748,-12.903,12.685,0.320
2.4523,-8.000,363.265,408.250,-22.492,3.143,0.320
2.5505,-8.000,377.615,427.424,-24.905,0.779,0.320
2.6504,-7.000,408.180,427.970,-9.895,12.830,0.320
2.7481,-7.000,415.596,454.773,-19.588,3.179,0.320
2.8449,-7.000,430.093,474.137,-22.022,0.788,0.320
2.9436,-6.000,460.800,474.826,-7.013,12.832,0.320
3.0527,-6.000,468.342,501.745,-16.702,3.180,0.320
3.1498,-6.000,482.947,521.207,-19.130,0.788,0.320
3.2485,-5.000,513.747,521.978,-4.115,12.832,0.320
3.3486,-5.000,521.370,548.966,-13.798,3.180,0.320
3.4464,-4.000,550.608,551.761,-0.577,13.425,0.320
3.5461,-4.000,557.987,579.385,-10.699,3.327,0.320
3.6452,-3.000,587.288,582.452,2.418,13.461,0.320
3.7482,-2.000,609.350,593.516,7.917,15.973,0.320
3.8471,-1.000,629.853,606.786,11.533,16.595,0.320
3.9450,-0.000,650.168,620.793,14.688,16.749,0.320
4.0433,-0.000,656.043,651.865,2.089,4.150,0.320
4.1422,-0.000,671.011,673.077,-1.033,1.028,0.320
4.2521,-0.000,688.001,691.615,-1.807,0.255,0.320
4.3452,1.000,719.019,691.730,13.645,12.700,0.320
4.4432,1.000,726.591,718.396,4.097,3.147,0.320
4.5423,1.000,741.168,737.696,1.736,0.780,0.320
4.6522,2.000,771.096,737.498,16.799,12.830,0.320
4.7493,2.000,777.979,763.660,7.160,3.179,0.320
4.8501,3.000,805.755,764.908,20.423,13.425,0.320
4.9481,3.000,811.896,791.210,10.343,3.327,0.320
5.0511,3.000,825.588,809.871,7.859,0.824,0.320
5.1499,3.000,841.123,826.610,7.257,0.204,0.320
5.2490,2.000,840.368,857.413,-8.522,-12.587,0.320
5.3481,1.000,849.782,879.153,-14.686,-15.756,0.320
5.4472,-1.000,844.482,912.710,-34.114,-29.178,0.320
5.5464,-3.000,848.695,935.611,-43.458,-32.504,0.320
5.6453,-5.000,854.911,955.535,-50.312,-33.329,0.320
5.7444,-7.000,861.321,974.438,-56.558,-33.533,0.320
5.8451,-10.000,849.959,1006.572,-78.306,-46.220,0.320
5.9450,-12.000,865.256,1015.026,-74.885,-36.727,0.320
6.0460,-15.000,855.602,1044.122,-94.260,-47.012,0.320
6.1460,-18.000,853.336,1065.169,-105.916,-49.561,0.320
6.2442,-21.000,852.814,1083.909,-115.548,-50.192,0.320
6.3420,-25.000,819.055,1099.738,-140.341,-62.986,0.320
6.4422,-28.000,812.142,1091.890,-139.874,-53.519,0.320
6.5420,-32.000,780.397,1104.728,-162.166,-63.810,0.320
6.6509,-37.000,738.574,1123.280,-192.353,-78.997,0.320
6.7429,-41.000,725.378,1116.335,-195.479,-70.123,0.320
6.8413,-46.000,687.780,1129.614,-220.917,-80.561,0.320
6.9520,-50.000,675.315,1121.048,-222.866,-70.511,0.320
7.0409,-53.000,672.744,1106.222,-216.739,-55.383,0.320
7.1508,-55.000,676.396,1089.103,-206.353,-38.998,0.320
7.2488,-56.000,685.450,1070.762,-192.656,-22.300,0.320
7.3480,-66.000,524.206,1188.712,-332.253,-131.897,0.320
7.4463,-73.000,497.121,1182.117,-342.498,-121.143,0.320
7.5449,-81.000,443.974,1196.916,-376.471,-131.115,0.320
7.6449,-90.000,380.288,1217.446,-418.579,-146.223,0.320
14.6445,-100.000,-985.159,1014.841,-1000.000,-3173.333,0.320
14.7465,-94.000,-963.720,1021.259,-992.490,-710.490,0.320
14.8453,-90.000,-353.581,437.423,-395.502,-125.502,0.320
14.9448,-87.000,-199.773,308.600,-254.186,6.814,0.320
15.0435,-84.000,-146.056,278.745,-212.400,39.600,0.320
15.1444,-81.000,-117.477,273.075,-195.276,47.724,0.320
15.2475,-78.000,-95.414,273.112,-184.263,49.737,0.320
15.3454,-75.000,-75.210,274.318,-174.764,50.236,0.320
15.4429,-74.000,-86.949,306.881,-196.915,25.085,0.320
15.5423,-72.000,-64.380,304.640,-184.510,31.490,0.320
15.6425,-71.000,-62.478,322.642,-192.560,20.440,0.320
15.7410,-70.000,-52.444,332.152,-192.298,17.702,0.320
15.8424,-70.000,-56.140,355.087,-205.614,4.386,0.320
15.9401,-68.000,-18.676,336.602,-177.639,26.361,0.320
16.0376,-67.000,-13.489,350.173,-181.831,19.169,0.320
16.1475,-65.000,12.652,342.603,-164.976,30.024,0.320
16.2465,-63.000,30.547,343.119,-156.286,32.714,0.320
16.3455,-61.000,46.351,345.590,-149.620,33.380,0.320
16.4465,-56.000,108.508,301.594,-96.543,71.457,0.320
16.5478,-55.000,79.425,348.739,-134.657,30.343,0.320
16.6464,-55.000,65.590,380.553,-157.481,7.519,0.320
16.7444,-55.000,69.423,395.697,-163.137,1.863,0.320
16.8436,-55.000,78.474,407.551,-164.538,0.462,0.320
16.9410,-54.000,103.956,402.453,-149.248,12.752,0.320
17.0416,-54.000,106.915,424.596,-158.840,3.160,0.320
17.1425,-54.000,117.594,440.028,-161.217,0.783,0.320
17.2443,-53.000,145.046,437.384,-146.169,12.831,0.320
17.3433,-52.000,164.383,444.750,-140.183,15.817,0.320
17.4443,-51.000,182.278,455.166,-136.444,16.556,0.320
17.5413,-50.000,200.301,466.822,-133.260,16.740,0.320
17.6414,-49.000,218.768,479.198,-130.215,16.785,0.320
17.7393,-48.000,237.694,492.102,-127.204,16.796,0.320
17.8383,-46.000,271.589,488.717,-108.564,29.436,0.320
17.9362,-45.000,282.359,512.496,-115.069,19.931,0.320
18.0443,-43.000,315.051,512.625,-98.787,30.213,0.320
18.1453,-42.000,326.218,537.971,-105.876,20.124,0.320
18.2455,-40.000,359.600,539.079,-89.739,30.261,0.320
18.3423,-39.000,371.440,565.170,-96.865,20.135,0.320
18.4414,-38.000,390.860,583.607,-96.374,17.626,0.320
18.5402,-37.000,412.134,600.125,-93.995,17.005,0.320
18.6403,-36.000,433.849,616.148,-91.149,16.851,0.320
18.7412,-35.000,455.657,632.032,-88.187,16.813,0.320
18.8383,-34.000,477.474,647.868,-85.197,16.803,0.320
18.9371,-33.000,499.282,663.680,-82.199,16.801,0.320
19.0438,-32.000,521.077,679.477,-79.200,16.800,0.320
19.1443,-31.000,542.860,695.260,-76.200,16.800,0.320
19.2402,-30.000,564.634,711.034,-73.200,16.800,0.320
19.3443,-29.000,586.399,726.799,-70.200,16.800,0.320
19.4450,-29.000,593.599,759.273,-82.837,4.163,0.320
19.5423,-28.000,624.274,764.936,-70.331,13.669,0.320
19.6402,-27.000,647.880,777.832,-64.976,16.024,0.320
19.7392,-27.000,655.227,809.286,-77.029,3.971,0.320
19.8402,-26.000,685.676,814.434,-64.379,13.621,0.320
19.9403,-25.000,709.003,826.978,-58.988,16.012,0.320
20.0412,-24.000,730.648,841.438,-55.395,16.605,0.320
20.1392,-23.000,751.947,856.443,-52.248,16.752,0.320
20.2372,-22.000,773.219,871.643,-49.212,16.788,0.320
20.3357,-22.000,779.980,903.660,-61.840,4.160,0.320
20.4393,-21.000,810.275,908.939,-49.332,13.668,0.320
20.5372,-20.000,833.558,921.510,-43.976,16.024,0.320
20.6365,-20.000,840.629,952.688,-56.029,3.971,0.320
20.7466,-20.000,856.286,974.319,-59.016,0.984,0.320
20.8439,-20.000,873.781,993.293,-59.756,0.244,0.320
20.9407,-20.000,891.484,1011.363,-59.940,0.060,0.320
21.0379,-20.000,893.114,1013.084,-59.985,0.015,0.320
21.1348,-21.000,876.969,1028.236,-75.633,-12.633,0.320
21.2436,-22.000,869.994,1033.529,-81.768,-15.768,0.320
21.3411,-22.000,882.639,1022.453,-69.907,-3.907,0.320
21.4412,-23.000,868.688,1033.898,-82.605,-13.605,0.320
21.5392,-23.000,879.357,1024.099,-72.371,-3.371,0.320
21.6392,-24.000,864.705,1035.650,-85.473,-13.473,0.320
21.7383,-24.000,875.021,1025.698,-75.338,-3.338,0.320
21.8356,-25.000,860.130,1037.059,-88.464,-13.464,0.320
21.9454,-25.000,870.258,1026.931,-78.336,-3.336,0.320
22.0434,-25.000,872.767,1024.421,-75.827,-0.827,0.320
22.1405,-26.000,855.832,1037.516,-90.842,-12.842,0.320
22.2401,-26.000,865.360,1027.724,-81.182,-3.182,0.320
22.3381,-26.000,867.641,1025.218,-78.788,-0.788,0.320
22.4362,-26.000,868.138,1024.529,-78.195,-0.195,0.320
22.5351,-26.000,868.204,1024.301,-78.048,-0.048,0.320
22.6340,-26.000,868.172,1024.196,-78.012,-0.012,0.320
22.7340,-25.000,882.679,1007.411,-62.366,12.634,0.320
22.8437,-25.000,873.708,1017.446,-71.869,3.131,0.320
22.9432,-24.000,886.362,1003.536,-58.587,13.413,0.320
23.0416,-22.000,906.354,981.158,-37.402,28.598,0.320
23.1394,-21.000,901.385,987.938,-43.277,19.723,0.320
23.2367,-20.000,903.375,988.327,-42.476,17.524,0.320
23.3337,-19.000,907.148,987.417,-40.135,16.979,0.320
23.4430,-17.000,926.104,969.573,-21.734,29.482,0.320
23.5430,-16.000,921.862,978.601,-28.370,19.942,0.320
23.6413,-15.000,924.863,980.509,-27.823,17.579,0.320
23.7394,-14.000,929.699,980.685,-25.493,16.993,0.320
23.8375,-13.000,935.026,980.458,-22.716,16.848,0.320
23.9346,-12.000,940.505,980.154,-19.824,16.812,0.320
24.0344,-11.000,946.050,979.848,-16.899,16.803,0.320
24.1434,-9.000,966.197,962.834,1.682,29.438,0.320
24.2406,-8.000,962.895,972.640,-4.872,19.932,0.320
24.3393,-7.000,966.681,975.221,-4.270,17.576,0.320
24.4364,-6.000,972.187,975.967,-1.890,16.992,0.320
24.5450,-5.000,978.090,976.219,0.936,16.848,0.320
24.6430,-4.000,984.066,976.314,3.876,16.812,0.320
24.7440,-3.000,990.039,976.342,6.849,16.803,0.320
24.8342,-2.000,995.996,976.326,9.835,16.801,0.320
24.9351,-1.000,1001.934,976.277,12.828,16.800,0.320
25.0360,-0.000,1007.857,976.201,15.828,16.800,0.320
25.1430,-0.000,999.204,992.822,3.191,4.163,0.320
25.2332,1.000,1013.183,981.777,15.703,13.669,0.320
25.3431,1.000,1005.654,994.800,5.427,3.387,0.320
25.4408,1.000,1005.447,999.677,2.885,0.839,0.320
25.5387,2.000,1020.530,984.723,17.903,12.845,0.320
25.6363,1.000,995.711,1010.492,-7.390,-9.454,0.320
25.7410,1.000,1004.732,1005.278,-0.273,-2.343,0.320
25.8393,1.000,1008.119,1005.128,1.496,-0.580,0.320
25.9359,1.000,1009.937,1006.060,1.938,-0.144,0.320
26.0337,1.000,1011.220,1007.115,2.052,-0.036,0.320
26.1327,1.000,1012.247,1008.076,2.085,-0.009,0.320
26.2389,-0.000,996.381,1023.471,-13.545,-12.639,0.320
26.3379,-0.000,1007.188,1015.264,-4.038,-3.132,0.320
26.4353,-0.000,1010.649,1014.013,-1.682,-0.776,0.320
26.5429,-0.000,1012.172,1014.368,-1.098,-0.192,0.320
26.6410,-0.000,1013.115,1015.022,-0.954,-0.048,0.320
26.7398,-1.000,996.266,1029.388,-16.561,-12.649,0.320
26.8390,-1.000,1006.220,1020.324,-7.052,-3.134,0.320
26.9363,-2.000,991.386,1032.074,-20.344,-13.414,0.320
27.0344,-3.000,984.090,1035.908,-25.909,-15.961,0.320
27.1329,-4.000,978.544,1037.672,-29.564,-16.592,0.320
27.2437,-5.000,973.330,1038.831,-32.750,-16.748,0.320
27.3418,-5.000,985.676,1026.040,-20.182,-4.150,0.320
27.4400,-6.000,971.014,1036.481,-32.734,-13.666,0.320
27.5391,-7.000,963.401,1039.668,-38.133,-16.023,0.320
27.6368,-7.000,975.031,1027.276,-26.122,-3.970,0.320
27.7378,-7.000,977.651,1024.007,-23.178,-0.984,0.320
27.8408,-7.000,978.074,1023.033,-22.480,-0.244,0.320
27.9389,-8.000,960.418,1036.381,-37.982,-12.698,0.320
28.0350,-8.000,969.590,1026.547,-28.478,-3.146,0.320
28.1330,-8.000,971.627,1023.947,-26.160,-0.780,0.320
28.2329,-9.000,954.364,1036.892,-41.264,-12.830,0.320
28.3319,-9.000,963.625,1026.960,-31.667,-3.179,0.320
28.4408,-9.000,965.678,1024.337,-29.330,-0.788,0.320
28.5417,-10.000,948.411,1037.280,-44.434,-12.832,0.320
28.6417,-10.000,957.666,1027.349,-34.842,-3.180,0.320
28.7428,-10.000,959.710,1024.730,-32.510,-0.788,0.320
28.8401,-10.000,959.999,1023.953,-31.977,-0.195,0.320
28.9375,-10.000,959.878,1023.659,-31.890,-0.048,0.320
29.0372,-10.000,959.678,1023.506,-31.914,-0.012,0.320
29.1358,-10.000,959.477,1023.407,-31.965,-0.003,0.320
29.2337,-10.000,959.292,1023.337,-32.023,-0.001,0.320
29.3398,-10.000,959.124,1023.289,-32.082,-0.000,0.320
29.4380,-9.000,973.535,1006.533,-16.499,12.637,0.320
29.5370,-9.000,964.479,1016.597,-26.059,3.131,0.320
29.6357,-9.000,962.498,1019.434,-28.468,0.776,0.320
29.7343,-8.000,976.788,1003.713,-13.463,12.829,0.320
29.8321,-7.000,982.544,997.579,-7.518,15.816,0.320
29.9405,-6.000,986.507,994.135,-3.814,16.556,0.320
30.0363,-5.000,990.301,991.622,-0.660,16.740,0.320
30.1357,-4.000,994.287,989.565,2.361,16.785,0.320
30.2357,-3.000,998.521,987.812,5.354,16.796,0.320
30.3357,-3.000,988.422,1003.018,-7.298,4.162,0.320
30.4343,-2.000,1002.008,991.615,5.196,13.668,0.320
30.5319,-2.000,994.141,1004.335,-5.097,3.387,0.320
30.6346,-2.000,993.645,1008.958,-7.657,0.839,0.320
30.7328,-2.000,994.755,1011.355,-8.300,0.208,0.320
30.8315,-1.000,1010.640,996.291,7.175,12.689,0.320
30.9399,-1.000,1002.939,1007.691,-2.376,3.144,0.320
31.0375,-1.000,1002.139,1011.633,-4.747,0.779,0.320
31.1368,-1.000,1002.883,1013.561,-5.339,0.193,0.320
31.2347,-1.000,1003.868,1014.848,-5.490,0.048,0.320
31.3349,-1.000,1004.791,1015.855,-5.532,0.012,0.320
31.4348,-1.000,1005.596,1016.691,-5.547,0.003,0.320
31.5368,-2.000,988.722,1031.119,-21.198,-12.636,0.320
31.6344,-2.000,998.676,1022.087,-11.705,-3.131,0.320
31.7328,-3.000,983.848,1033.858,-25.005,-13.413,0.320
31.8309,-4.000,976.557,1037.711,-30.577,-15.961,0.320
31.9392,-4.000,988.578,1025.768,-18.595,-3.955,0.320
32.0366,-5.000,973.999,1036.573,-31.287,-13.617,0.320
32.1399,-6.000,966.544,1039.979,-36.717,-16.011,0.320
32.2391,-6.000,978.332,1027.751,-24.709,-3.967,0.320
32.3381,-7.000,963.530,1038.338,-37.404,-13.620,0.320
32.4388,-7.000,973.442,1027.844,-27.201,-3.375,0.320
32.5371,-8.000,958.128,1038.823,-40.347,-13.473,0.320
32.6369,-8.000,967.872,1028.393,-30.261,-3.339,0.320
32.7374,-8.000,970.045,1025.639,-27.797,-0.827,0.320
32.8366,-8.000,970.371,1024.817,-27.223,-0.205,0.320
32.9373,-8.000,970.267,1024.501,-27.117,-0.051,0.320
33.0376,-8.000,970.079,1024.332,-27.127,-0.013,0.320
33.1354,-9.000,952.325,1037.942,-42.808,-12.640,0.320
33.2375,-9.000,961.518,1028.226,-33.354,-3.132,0.320
33.3365,-9.000,963.598,1025.702,-31.052,-0.776,0.320
33.4358,-10.000,946.376,1038.707,-46.165,-12.829,0.320
33.5328,-10.000,955.674,1028.824,-36.575,-3.179,0.320
33.6315,-11.000,940.194,1039.968,-49.887,-13.425,0.320
33.7316,-11.000,949.883,1029.592,-39.855,-3.327,0.320
33.8404,-12.000,934.464,1040.587,-53.061,-13.461,0.320
33.9405,-13.000,926.575,1043.877,-58.651,-15.973,0.320
34.0412,-14.000,920.494,1045.208,-62.357,-16.595,0.320
34.1414,-15.000,914.811,1046.013,-65.601,-16.749,0.320
34.2304,-15.000,926.747,1032.931,-53.092,-4.150,0.320
34.3306,-16.000,911.729,1043.136,-65.704,-13.666,0.320
34.4292,-16.000,921.366,1032.406,-55.520,-3.386,0.320
34.5386,-16.000,923.353,1029.491,-53.069,-0.839,0.320
34.6365,-16.000,923.494,1028.562,-52.534,-0.208,0.320
34.7375,-16.000,923.219,1028.166,-52.474,-0.052,0.320
34.8365,-15.000,937.440,1011.215,-36.888,12.624,0.320
34.9350,-15.000,928.193,1021.141,-46.474,3.128,0.320
35.0343,-14.000,940.602,1007.150,-33.274,13.412,0.320
35.1351,-14.000,931.257,1018.150,-43.447,3.323,0.320
35.2326,-13.000,943.939,1004.714,-30.387,13.461,0.320
35.3300,-13.000,934.916,1016.097,-40.591,3.335,0.320
35.4400,-12.000,947.895,1002.964,-27.534,13.464,0.320
35.5379,-11.000,953.693,997.875,-22.091,15.973,0.320
35.6353,-11.000,943.413,1011.757,-34.172,3.958,0.320
35.7343,-10.000,956.464,999.608,-21.572,13.618,0.320
35.8333,-9.000,962.607,995.072,-16.232,16.012,0.320
35.9313,-9.000,952.692,1009.353,-28.331,3.967,0.320
36.0295,-8.000,966.072,997.524,-15.726,13.620,0.320
36.1393,-8.000,957.938,1009.976,-26.019,3.375,0.320
36.2380,-7.000,971.750,997.675,-12.963,13.473,0.320
36.3362,-7.000,963.715,1009.994,-23.139,3.339,0.320
36.4373,-7.000,962.983,1014.368,-25.693,0.827,0.320
36.5294,-6.000,978.429,999.857,-10.714,12.842,0.320
36.6303,-6.000,970.630,1011.450,-20.410,3.182,0.320
36.7402,-6.000,969.814,1015.493,-22.840,0.788,0.320
36.8373,-6.000,970.555,1017.493,-23.469,0.195,0.320
36.9367,-6.000,971.538,1018.841,-23.652,0.048,0.320
37.0363,-6.000,972.456,1019.904,-23.724,0.012,0.320
37.1373,-6.000,973.253,1020.791,-23.769,0.003,0.320
37.2363,-7.000,956.367,1035.268,-39.450,-12.636,0.320
37.3333,-7.000,966.306,1026.281,-29.987,-3.131,0.320
37.4330,-8.000,951.461,1038.095,-43.317,-13.413,0.320
37.5309,-9.000,944.152,1041.989,-48.919,-15.961,0.320
37.6402,-9.000,956.152,1030.086,-36.967,-3.955,0.320
37.7382,-8.000,973.677,1010.483,-18.403,11.657,0.320
37.8362,-8.000,965.477,1019.916,-27.219,2.889,0.320
37.9381,-8.000,963.781,1022.661,-29.440,0.716,0.320
38.0395,-8.000,963.640,1023.693,-30.027,0.177,0.320
38.1373,-7.000,978.401,1007.531,-14.565,12.681,0.320
38.2385,-7.000,969.724,1018.015,-24.146,3.142,0.320
38.3373,-6.000,982.650,1004.466,-10.908,13.416,0.320
38.4346,-6.000,973.758,1015.829,-21.036,3.324,0.320
38.5344,-6.000,972.271,1019.415,-23.572,0.824,0.320
38.6363,-6.000,972.508,1020.963,-24.228,0.204,0.320
38.7342,-5.000,987.640,1005.188,-8.774,12.688,0.320
38.8373,-5.000,979.293,1015.989,-18.348,3.144,0.320
38.9365,-5.000,977.941,1019.427,-20.743,0.779,0.320
39.0373,-5.000,978.211,1020.929,-21.359,0.193,0.320
39.1373,-5.000,978.789,1021.857,-21.534,0.048,0.320
39.2382,-5.000,979.364,1022.564,-21.600,0.012,0.320
39.3392,-5.000,979.869,1023.147,-21.639,0.003,0.320
39.4286,-4.000,994.863,1006.919,-6.028,12.638,0.320
39.5383,-4.000,986.307,1017.424,-15.558,3.132,0.320
39.6363,-4.000,984.757,1020.633,-17.938,0.776,0.320
39.7363,-3.000,999.417,1005.222,-2.903,12.829,0.320
39.8362,-3.000,990.929,1016.072,-12.571,3.179,0.320
39.9347,-3.000,989.524,1019.485,-14.980,0.788,0.320
40.0329,-3.000,989.767,1020.948,-15.591,0.195,0.320
40.1364,-3.000,990.327,1021.838,-15.756,0.048,0.320
40.2371,-3.000,990.889,1022.509,-15.810,0.012,0.320
40.3372,-3.000,991.386,1023.060,-15.837,0.003,0.320
40.4349,-2.000,1006.375,1006.803,-0.214,12.638,0.320
40.5330,-2.000,997.817,1017.282,-9.732,3.132,0.320
40.6331,-2.000,996.266,1020.466,-12.100,0.776,0.320
40.7321,-2.000,996.364,1021.755,-12.696,0.192,0.320
40.8305,-1.000,1011.360,1005.779,2.791,12.685,0.320
40.9303,-1.000,1002.896,1016.410,-6.757,3.143,0.320
41.0297,-1.000,1001.447,1019.701,-9.127,0.779,0.320
41.1280,-1.000,1001.638,1021.076,-9.719,0.193,0.320
41.2282,-1.000,1002.152,1021.892,-9.870,0.048,0.320
41.3281,-1.000,1002.676,1022.500,-9.912,0.012,0.320
41.4279,-1.000,1003.141,1022.995,-9.927,0.003,0.320
41.5376,-2.000,985.979,1037.135,-25.578,-12.636,0.320
41.6350,-2.000,995.687,1027.857,-16.085,-3.131,0.320
41.7335,-3.000,980.650,1039.420,-29.385,-13.413,0.320
41.8345,-4.000,973.182,1043.096,-34.957,-15.961,0.320
41.9356,-4.000,985.052,1031.002,-22.975,-3.955,0.320
42.0350,-5.000,970.345,1041.679,-35.667,-13.617,0.320
42.1359,-6.000,962.782,1044.976,-41.097,-16.011,0.320
42.2280,-7.000,956.913,1046.379,-44.733,-16.605,0.320
42.3261,-8.000,951.400,1047.255,-47.928,-16.752,0.320
42.4336,-9.000,945.920,1047.956,-51.018,-16.788,0.320
42.5333,-10.000,940.399,1048.573,-54.087,-16.797,0.320
42.6321,-12.000,917.263,1062.860,-72.798,-29.436,0.320
42.7295,-13.000,921.010,1053.753,-66.371,-19.931,0.320
42.8321,-15.000,900.020,1065.506,-82.743,-30.213,0.320
42.9287,-16.000,904.168,1055.667,-75.750,-20.124,0.320
43.0305,-18.000,883.164,1067.153,-91.995,-30.261,0.320
43.1312,-20.000,869.767,1070.780,-100.507,-32.773,0.320
43.2312,-22.000,858.153,1072.411,-107.129,-33.395,0.320
43.3332,-24.000,846.915,1073.481,-113.283,-33.549,0.320
43.4317,-26.000,835.716,1074.359,-119.321,-33.587,0.320
43.5311,-28.000,824.480,1075.142,-125.331,-33.597,0.320
43.6290,-30.000,813.195,1075.861,-131.333,-33.599,0.320
43.7278,-33.000,784.307,1090.249,-152.971,-46.237,0.320
43.8366,-35.000,782.310,1081.240,-149.465,-36.731,0.320
43.9353,-36.000,790.705,1065.650,-137.473,-21.739,0.320
44.0342,-38.000,770.385,1075.175,-152.395,-30.661,0.320
44.1334,-41.000,739.189,1091.675,-176.243,-45.509,0.320
44.2340,-43.000,736.561,1083.131,-173.285,-36.551,0.320
44.3312,-45.000,727.193,1081.323,-177.065,-34.331,0.320
44.4311,-47.000,716.153,1081.183,-182.515,-33.781,0.320
44.5310,-49.000,704.698,1081.456,-188.379,-33.645,0.320
44.6309,-50.000,710.696,1068.112,-178.708,-20.974,0.320
44.7299,-52.000,689.737,1078.148,-194.205,-30.471,0.320
44.8289,-53.000,693.458,1067.301,-186.922,-20.188,0.320
44.9266,-54.000,689.558,1064.305,-187.373,-17.639,0.320
45.0353,-55.000,683.839,1063.323,-189.742,-17.008,0.320
45.1256,-56.000,677.727,1062.898,-192.586,-16.852,0.320
45.2271,-63.000,566.225,1144.964,-289.370,-92.636,0.320
45.3260,-66.000,581.225,1114.424,-266.600,-60.866,0.320
45.4335,-69.000,572.232,1107.687,-267.727,-52.993,0.320
45.5321,-73.000,539.681,1120.508,-290.414,-63.680,0.320
45.6319,-76.000,532.525,1111.374,-289.425,-53.691,0.320
45.7298,-78.000,535.373,1095.998,-280.312,-38.578,0.320
45.8258,-81.000,509.397,1105.806,-298.205,-47.471,0.320
45.9248,-84.000,490.062,1108.878,-309.408,-49.674,0.320
46.0349,-87.000,472.344,1110.253,-318.954,-50.220,0.320
46.1251,-89.000,472.560,1097.465,-312.452,-37.718,0.320
46.2278,-92.000,445.918,1107.901,-330.992,-47.258,0.320
46.3267,-96.000,408.850,1124.835,-357.993,-62.259,0.320
46.8311,-99.000,-985.159,1014.841,-1000.000,-3141.600,0.320
46.9290,-98.000,-971.231,1028.769,-1000.000,-765.812,0.320
47.0299,-100.000,-473.112,556.954,-515.033,-215.033,0.320
47.3286,-100.000,-985.159,1014.841,-1000.000,-3173.333,0.320
47.4258,-98.000,-971.231,1028.769,-1000.000,-761.038,0.320
47.5302,-95.000,-393.743,477.586,-435.664,-150.664,0.320
47.6290,-97.000,-299.194,408.020,-353.607,-62.607,0.320
47.7286,-98.000,-255.806,388.495,-322.150,-28.150,0.320
47.8273,-97.000,-207.539,363.137,-285.338,5.662,0.320
47.9254,-97.000,-200.748,378.446,-289.597,1.403,0.320
48.0339,-97.000,-191.098,390.206,-290.652,0.348,0.320
48.1311,-96.000,-165.310,385.243,-275.277,12.723,0.320
48.2326,-96.000,-164.718,404.977,-284.847,3.153,0.320
48.3315,-95.000,-141.500,401.663,-271.582,13.418,0.320
48.4311,-95.000,-141.821,421.529,-281.675,3.325,0.320
48.5317,-95.000,-134.703,433.650,-284.176,0.824,0.320
48.6322,-94.000,-110.196,428.122,-269.159,12.841,0.320
48.7246,-94.000,-110.476,447.160,-278.818,3.182,0.320
48.8277,-94.000,-103.584,458.839,-281.212,0.788,0.320
48.9256,-93.000,-79.334,453.001,-266.167,12.833,0.320
49.0246,-93.000,-79.849,471.791,-275.820,3.180,0.320
49.1235,-94.000,-88.798,498.900,-293.849,-11.849,0.320
49.2235,-94.000,-70.854,499.018,-284.936,-2.936,0.320
49.3325,-94.000,-59.656,505.799,-282.728,-0.728,0.320
49.4289,-95.000,-65.792,529.843,-297.817,-12.817,0.320
49.5256,-96.000,-62.863,544.763,-303.813,-15.813,0.320
49.6234,-97.000,-57.707,557.404,-307.555,-16.555,0.320
49.7320,-98.000,-52.015,569.464,-310.739,-16.739,0.320
49.8244,-100.000,-61.839,597.005,-329.422,-29.422,0.320
49.9243,-100.000,-30.865,583.716,-307.290,-7.290,0.320
50.2257,-100.000,-985.159,1014.841,-1000.000,-3173.333,0.320
50.3265,-100.000,-971.231,1028.769,-1000.000,-786.313,0.320
61.9217,-97.000,-985.159,1014.841,-1000.000,-3078.133,0.320
62.0220,-94.000,-971.231,1028.769,-1000.000,-724.812,0.320
62.1215,-89.000,-341.492,425.335,-383.414,-116.414,0.320
62.2209,-86.000,-194.521,303.348,-248.934,9.066,0.320
62.3200,-84.000,-158.135,290.824,-224.479,27.521,0.320
62.4204,-81.000,-120.470,276.068,-198.269,44.731,0.320
62.5199,-77.000,-80.519,258.216,-169.368,61.632,0.320
62.6199,-75.000,-84.900,284.008,-184.454,40.546,0.320
62.7199,-73.000,-73.713,293.645,-183.679,35.321,0.320
62.8188,-71.000,-58.844,299.103,-178.974,34.026,0.320
62.9269,-70.000,-58.850,319.013,-188.931,21.069,0.320
63.0289,-69.000,-49.288,328.996,-189.142,17.858,0.320
63.1289,-68.000,-37.464,336.411,-186.938,17.062,0.320
63.2278,-67.000,-25.172,343.098,-184.135,16.865,0.320
63.3260,-65.000,2.796,333.889,-165.547,29.453,0.320
63.4256,-64.000,5.563,349.692,-172.065,19.935,0.320
63.5265,-62.000,31.047,342.619,-155.786,30.214,0.320
63.6257,-57.000,95.643,296.298,-100.327,70.673,0.320
63.7269,-56.000,67.200,342.902,-137.851,30.149,0.320
63.8250,-56.000,53.553,374.612,-160.529,7.471,0.320
63.9233,-56.000,56.923,389.220,-166.149,1.851,0.320
64.0220,-55.000,80.122,383.930,-151.904,13.096,0.320
64.1219,-55.000,80.803,404.314,-161.755,3.245,0.320
64.2240,-54.000,104.260,401.377,-148.559,13.441,0.320
64.3259,-54.000,106.758,424.097,-158.669,3.331,0.320
64.4235,-53.000,131.914,422.989,-145.538,13.462,0.320
64.5226,-52.000,150.453,430.507,-140.027,15.973,0.320
64.6211,-51.000,167.956,440.766,-136.405,16.595,0.320
64.7189,-50.000,185.717,452.219,-133.251,16.749,0.320
64.8207,-49.000,203.978,464.403,-130.213,16.787,0.320
64.9193,-47.000,237.291,460.423,-111.566,29.434,0.320
65.0176,-45.000,262.119,466.984,-102.432,32.568,0.320
65.1266,-44.000,270.906,493.492,-111.293,20.707,0.320
65.2252,-42.000,303.331,494.521,-95.595,30.405,0.320
65.3252,-40.000,329.180,503.563,-87.192,32.808,0.320
65.4271,-38.000,353.832,515.024,-80.596,33.404,0.320
65.5276,-35.000,393.112,510.734,-58.811,46.189,0.320
65.6276,-33.000,409.240,533.802,-62.281,36.719,0.320
65.7275,-31.000,432.780,550.034,-58.627,34.373,0.320
65.8276,-29.000,458.329,564.746,-53.208,33.792,0.320
65.9275,-27.000,484.522,579.228,-47.353,33.647,0.320
66.0268,-24.000,525.559,577.061,-25.751,46.249,0.320
66.1278,-22.000,543.291,601.822,-29.266,36.734,0.320
66.2256,-19.000,582.663,602.864,-10.100,47.014,0.320
66.3177,-16.000,614.938,612.236,1.351,49.561,0.320
66.4162,-12.000,660.401,607.307,26.547,62.829,0.320
66.5247,-8.000,696.935,613.361,41.787,66.117,0.320
66.6230,-4.000,731.894,622.738,54.578,66.932,0.320
66.7238,-0.000,767.005,633.446,66.780,67.134,0.320
66.8217,5.000,812.983,623.990,94.497,79.821,0.320
66.9253,9.000,833.272,639.158,97.057,70.327,0.320
67.0223,14.000,872.498,627.646,122.426,80.612,0.320
67.1219,19.000,902.226,622.049,140.089,83.161,0.320
67.2206,24.000,928.401,616.961,155.720,83.792,0.320
67.3226,28.000,939.089,628.611,155.239,71.311,0.320
67.4204,32.000,958.198,629.904,164.147,68.219,0.320
67.5165,35.000,965.092,645.606,159.743,54.815,0.320
67.6254,39.000,995.219,633.101,181.059,64.131,0.320
67.7244,41.000,990.289,662.103,164.093,41.165,0.320
67.8244,44.000,1016.094,656.015,180.040,48.112,0.320
67.9220,47.000,1036.322,654.800,190.761,49.833,0.320
68.0198,50.000,1054.957,654.582,200.188,50.260,0.320
68.1206,53.000,1073.017,654.431,209.293,50.365,0.320
68.2196,56.000,1090.782,654.143,218.319,50.391,0.320
68.3196,59.000,1092.428,637.776,227.326,50.398,0.320
68.4182,62.000,1093.913,621.258,236.327,50.399,0.320
68.5176,64.000,1081.547,622.166,229.691,37.763,0.320
68.6176,65.000,1064.989,631.145,216.922,21.994,0.320
68.7176,67.000,1074.158,610.854,231.652,30.724,0.320
68.8165,66.000,1032.603,646.795,192.904,-5.024,0.320
68.9242,66.000,1035.496,642.130,196.683,-1.245,0.320
69.0254,65.000,1018.962,654.997,181.982,-12.946,0.320
69.1241,65.000,1028.642,645.201,191.720,-3.208,0.320
69.2163,64.000,1014.288,657.296,178.496,-13.432,0.320
69.3158,63.000,1008.215,662.290,172.963,-15.965,0.320
69.4250,63.000,1021.265,651.321,184.972,-3.956,0.320
69.5243,62.000,1008.409,663.788,172.311,-13.617,0.320
69.6159,61.000,1003.269,669.436,166.917,-16.011,0.320
69.7155,60.000,1000.312,673.665,163.323,-16.605,0.320
69.8230,58.000,981.408,692.330,144.539,-29.389,0.320
69.9232,57.000,989.696,687.679,151.009,-19.919,0.320
70.0225,55.000,974.291,704.855,134.718,-30.210,0.320
70.1204,53.000,967.334,714.998,126.168,-32.760,0.320
70.2188,50.000,946.179,738.381,103.899,-46.029,0.320
70.3174,46.000,919.381,767.433,75.974,-61.954,0.320
70.4191,42.000,906.073,786.017,60.028,-65.900,0.320
70.5181,39.000,913.734,788.360,62.687,-54.241,0.320
70.6174,36.000,913.135,799.982,56.576,-51.352,0.320
70.7198,34.000,927.513,799.654,63.929,-37.999,0.320
70.8178,31.000,914.916,823.714,45.601,-47.327,0.320
70.9181,29.000,926.453,826.600,49.927,-37.001,0.320
71.0182,28.000,946.699,822.454,62.122,-21.806,0.320
71.1169,23.000,887.858,887.180,0.339,-68.589,0.320
71.2194,21.000,916.018,874.702,20.658,-42.270,0.320
71.3185,16.000,873.989,925.261,-25.636,-73.660,0.320
71.4222,12.000,873.725,939.135,-32.705,-68.801,0.320
71.5215,8.000,870.442,957.347,-43.453,-67.597,0.320
71.6225,2.000,833.342,1006.176,-86.417,-92.573,0.320
71.7203,-0.000,883.527,979.641,-48.057,-48.213,0.320
71.8184,-4.000,862.592,1011.319,-74.363,-62.495,0.320
71.9169,-7.000,867.454,1016.068,-74.307,-53.397,0.320
72.0172,-10.000,863.473,1025.698,-81.113,-51.143,0.320
72.1147,-14.000,838.532,1049.082,-105.275,-63.221,0.320
72.2232,-19.000,803.525,1075.564,-136.019,-78.851,0.320
72.3212,-23.000,796.487,1074.997,-139.255,-70.087,0.320
72.4251,-29.000,746.632,1107.347,-180.358,-93.190,0.320
72.5245,-34.000,730.505,1107.395,-188.445,-86.277,0.320
72.6222,-40.000,690.727,1125.466,-217.369,-97.201,0.320
72.7232,-44.000,693.389,1106.993,-206.802,-74.634,0.320
72.8219,-49.000,661.024,1118.718,-228.847,-81.679,0.320
72.9198,-52.000,668.521,1097.158,-214.319,-58.151,0.320
73.0192,-55.000,658.114,1093.091,-217.489,-52.321,0.320
73.1172,-57.000,660.704,1079.517,-209.407,-38.239,0.320
73.2157,-57.000,687.800,1049.086,-180.643,-9.475,0.320
73.3203,-65.000,553.052,1150.279,-298.613,-103.445,0.320
73.4199,-71.000,523.261,1152.508,-314.623,-101.455,0.320
73.5183,-77.000,491.520,1155.781,-332.130,-100.962,0.320
73.6162,-84.000,441.467,1172.757,-365.645,-113.477,0.320
73.7231,-91.000,400.368,1179.861,-389.746,-116.578,0.320
80.6153,-100.000,-985.159,1014.841,-1000.000,-3173.333,0.320
80.7169,-96.000,-971.231,1028.769,-1000.000,-735.764,0.320
80.8168,-91.000,-350.206,434.049,-392.127,-119.127,0.320
80.9144,-89.000,-216.831,325.657,-271.244,-4.244,0.320
81.0120,-88.000,-186.070,318.759,-252.414,11.586,0.320
81.1204,-85.000,-136.418,292.017,-214.218,40.782,0.320
81.2118,-81.000,-93.497,271.195,-182.346,60.654,0.320
81.3119,-78.000,-81.505,280.613,-181.059,52.941,0.320
81.4108,-76.000,-79.641,299.574,-189.608,38.392,0.320
81.5205,-74.000,-67.083,307.342,-187.212,34.788,0.320
81.6187,-72.000,-52.024,312.188,-182.106,33.894,0.320
81.7178,-70.000,-36.473,316.181,-176.327,33.673,0.320
81.8200,-68.000,-20.908,319.855,-170.382,33.618,0.320
81.9194,-67.000,-21.070,338.996,-180.033,20.967,0.320
82.0199,-66.000,-11.825,348.510,-180.167,17.833,0.320
82.1174,-65.000,-0.317,355.572,-177.944,17.056,0.320
82.2157,-65.000,-3.941,377.607,-190.774,4.226,0.320
82.3147,-65.000,2.018,389.924,-193.953,1.047,0.320
82.4135,-64.000,25.948,384.154,-179.103,12.897,0.320
82.5114,-63.000,40.915,387.249,-173.167,15.833,0.320
82.6207,-62.000,53.632,392.511,-169.440,16.560,0.320
82.7113,-61.000,65.766,398.285,-166.259,16.741,0.320
82.8207,-57.000,124.646,357.253,-116.303,54.697,0.320
82.9125,-57.000,94.244,409.138,-157.447,13.553,0.320
83.0123,-57.000,95.567,430.851,-167.642,3.358,0.320
83.1110,-57.000,105.218,445.554,-170.168,0.832,0.320
83.2196,-56.000,131.888,442.201,-155.157,12.843,0.320
83.3187,-56.000,136.023,465.659,-164.818,3.182,0.320
83.4203,-56.000,147.744,482.167,-167.211,0.789,0.320
83.5181,-55.000,176.093,480.428,-152.167,12.833,0.320
83.6181,-55.000,181.636,505.277,-161.820,3.180,0.320
83.7161,-54.000,209.106,506.255,-148.575,13.425,0.320
83.8168,-53.000,229.542,515.615,-143.036,15.964,0.320
83.9142,-53.000,234.085,544.173,-155.044,3.956,0.320
84.0138,-52.000,262.121,546.887,-142.383,13.617,0.320
84.1107,-50.000,297.949,540.652,-121.351,28.649,0.320
84.2101,-49.000,308.921,563.449,-127.264,19.736,0.320
84.3192,-48.000,326.871,579.816,-126.473,17.527,0.320
84.4157,-47.000,346.716,594.756,-124.020,16.980,0.320
84.5148,-46.000,367.171,609.482,-121.155,16.845,0.320
84.6147,-44.000,402.455,607.558,-102.552,29.448,0.320
84.7147,-43.000,414.425,632.557,-109.066,19.934,0.320
84.8138,-42.000,433.587,650.434,-108.423,17.577,0.320
84.9119,-40.000,469.109,649.850,-90.370,29.630,0.320
85.0099,-40.000,467.057,692.374,-112.658,7.342,0.320
85.1095,-39.000,495.680,700.767,-102.544,14.456,0.320
85.2096,-39.000,504.425,731.260,-113.418,3.582,0.320
85.3122,-38.000,535.351,736.301,-100.475,13.525,0.320
85.4103,-38.000,544.350,765.648,-110.649,3.351,0.320
85.5196,-38.000,560.514,786.853,-113.170,0.830,0.320
85.6196,-37.000,592.716,789.030,-98.157,12.843,0.320
85.7176,-37.000,601.554,817.189,-107.818,3.182,0.320
85.8159,-36.000,631.828,820.976,-94.574,13.426,0.320
85.9134,-35.000,654.649,832.722,-89.036,15.964,0.320
86.0140,-34.000,675.777,846.591,-85.407,16.593,0.320
86.1121,-34.000,682.056,877.833,-97.889,4.111,0.320
86.2112,-33.000,711.855,882.543,-85.344,13.656,0.320
86.3110,-32.000,734.693,894.651,-79.979,16.021,0.320
86.4099,-31.000,755.939,908.725,-76.393,16.607,0.320
86.5163,-30.000,776.902,923.397,-73.248,16.752,0.320
86.6128,-29.000,797.890,938.314,-70.212,16.788,0.320
86.7161,-28.000,818.966,953.372,-67.203,16.797,0.320
86.8167,-27.000,840.133,968.534,-64.201,16.799,0.320
86.9162,-26.000,861.380,983.781,-61.200,16.800,0.320
87.0156,-25.000,866.782,983.182,-58.200,16.800,0.320
87.1155,-23.000,886.801,965.927,-39.563,29.437,0.320
87.2124,-22.000,883.390,975.527,-46.069,19.931,0.320
87.3115,-21.000,887.084,977.932,-45.424,17.576,0.320
87.4203,-22.000,860.399,1008.963,-74.282,-8.282,0.320
87.5083,-22.000,869.976,1006.080,-68.052,-2.052,0.320
87.6165,-21.000,888.921,990.664,-50.871,12.129,0.320
87.7144,-21.000,882.798,1002.787,-59.995,3.005,0.320
87.8185,-21.000,883.087,1007.598,-62.255,0.745,0.320
87.9192,-21.000,884.694,1010.325,-62.815,0.185,0.320
88.0178,-21.000,886.398,1012.307,-62.954,0.046,0.320
88.1154,-21.000,887.930,1013.907,-62.989,0.011,0.320
88.2135,-21.000,889.252,1015.247,-62.997,0.003,0.320
88.3135,-21.000,890.382,1016.380,-62.999,0.001,0.320
88.4152,-22.000,873.786,1031.060,-78.637,-12.637,0.320
88.5113,-23.000,866.420,1035.957,-84.768,-15.768,0.320
88.6092,-24.000,861.174,1038.263,-88.544,-16.544,0.320
88.7178,-24.000,873.870,1026.069,-76.099,-4.099,0.320
88.8145,-25.000,859.610,1036.916,-88.653,-13.653,0.320
88.9139,-26.000,852.372,1040.413,-94.020,-16.020,0.320
89.0140,-26.000,864.333,1028.272,-81.970,-3.970,0.320
89.1128,-27.000,849.685,1038.927,-94.621,-13.621,0.320
89.2108,-28.000,842.177,1042.201,-100.012,-16.012,0.320
89.3110,-28.000,853.922,1029.857,-87.968,-3.968,0.320
89.4218,-29.000,839.095,1040.335,-100.620,-13.620,0.320
89.5094,-29.000,848.992,1029.742,-90.375,-3.375,0.320
89.6094,-30.000,833.677,1040.624,-103.473,-13.473,0.320
89.7172,-31.000,825.871,1043.823,-108.976,-15.976,0.320
89.8103,-33.000,802.316,1058.782,-128.233,-29.233,0.320
89.9091,-33.000,823.652,1036.139,-106.244,-7.244,0.320
90.0084,-35.000,793.431,1057.569,-132.069,-27.069,0.320
90.1083,-35.000,813.056,1036.471,-111.707,-6.707,0.320
90.2082,-35.000,817.476,1030.800,-106.662,-1.662,0.320
90.3079,-36.000,800.637,1042.735,-121.049,-13.049,0.320
90.4189,-36.000,809.869,1032.336,-111.233,-3.233,0.320
90.5103,-37.000,794.247,1043.124,-124.438,-13.438,0.320
90.6083,-37.000,803.802,1032.462,-114.330,-3.330,0.320
90.7072,-38.000,788.279,1043.203,-127.462,-13.462,0.320
90.8072,-38.000,797.873,1032.544,-117.336,-3.336,0.320
90.9195,-39.000,782.372,1043.300,-130.464,-13.464,0.320
91.0072,-39.000,791.983,1032.656,-120.336,-3.336,0.320
91.1163,-40.000,776.497,1043.424,-133.464,-13.464,0.320
91.2163,-41.000,768.562,1046.509,-138.973,-15.973,0.320
91.3163,-42.000,762.459,1047.649,-142.595,-16.595,0.320
91.4160,-43.000,756.775,1048.274,-145.749,-16.749,0.320
91.5153,-44.000,751.167,1048.742,-148.787,-16.787,0.320
91.6144,-44.000,763.111,1035.430,-136.160,-4.160,0.320
91.7143,-45.000,748.101,1045.437,-148.668,-13.668,0.320
91.8131,-46.000,740.198,1048.246,-154.024,-16.024,0.320
91.9115,-47.000,734.030,1049.246,-157.608,-16.608,0.320
92.0098,-47.000,745.826,1036.056,-145.115,-4.115,0.320
92.1122,-48.000,730.772,1046.086,-157.657,-13.657,0.320
92.2123,-49.000,722.852,1048.895,-163.021,-16.021,0.320
92.3123,-50.000,716.674,1049.888,-166.607,-16.607,0.320
92.4110,-50.000,728.463,1036.693,-154.115,-4.115,0.320
92.5122,-50.000,730.960,1033.000,-151.020,-1.020,0.320
92.6102,-51.000,713.662,1045.442,-165.890,-12.890,0.320
92.7085,-51.000,722.794,1035.182,-156.194,-3.194,0.320
92.8062,-51.000,724.717,1032.300,-153.791,-0.791,0.320
92.9155,-51.000,724.905,1031.297,-153.196,-0.196,0.320
93.0078,-51.000,724.706,1030.804,-153.049,-0.049,0.320
93.1158,-51.000,724.449,1030.473,-153.012,-0.012,0.320
93.2141,-51.000,724.207,1030.213,-153.003,-0.003,0.320
93.3122,-51.000,723.997,1029.998,-153.001,-0.001,0.320
93.4109,-51.000,723.817,1029.817,-153.000,-0.000,0.320
93.5160,-50.000,738.220,1012.946,-137.363,12.637,0.320
93.6130,-50.000,729.166,1022.903,-146.869,3.131,0.320
93.7111,-50.000,727.194,1025.642,-149.224,0.776,0.320
93.8091,-49.000,741.494,1009.835,-134.171,12.829,0.320
93.9077,-49.000,732.703,1020.345,-143.821,3.179,0.320
94.0119,-48.000,745.599,1006.749,-130.575,13.425,0.320
94.1119,-48.000,736.703,1018.050,-140.673,3.327,0.320
94.2132,-47.000,749.781,1004.858,-127.539,13.461,0.320
94.3121,-47.000,741.106,1016.435,-137.664,3.336,0.320
94.4118,-46.000,754.387,1003.460,-124.536,13.464,0.320
94.5106,-45.000,760.447,998.501,-119.027,15.973,0.320
94.6140,-45.000,750.400,1012.484,-131.042,3.958,0.320
94.7129,-44.000,763.652,1000.416,-118.382,13.618,0.320
94.8130,-43.000,769.970,995.946,-112.988,16.012,0.320
94.9120,-43.000,760.211,1010.276,-125.033,3.967,0.320
95.0153,-42.000,773.726,998.485,-112.380,13.620,0.320
95.1132,-41.000,780.271,994.247,-106.988,16.012,0.320
95.2111,-40.000,785.263,992.054,-103.395,16.605,0.320
95.3110,-39.000,790.020,990.517,-100.248,16.752,0.320
95.4120,-38.000,794.845,989.269,-97.212,16.788,0.320
95.5112,-37.000,799.795,988.201,-94.203,16.797,0.320
95.6101,-36.000,804.866,987.268,-91.201,16.799,0.320
95.7105,-35.000,810.046,986.446,-88.200,16.800,0.320
95.8095,-34.000,815.318,985.718,-85.200,16.800,0.320
95.9086,-32.000,835.226,968.352,-66.563,29.437,0.320
96.0123,-31.000,831.721,977.858,-73.069,19.931,0.320
96.1100,-30.000,835.336,980.184,-72.424,17.576,0.320
96.2087,-29.000,840.697,980.713,-70.008,16.992,0.320
96.3075,-29.000,831.918,997.497,-82.790,4.210,0.320
96.4044,-28.000,846.711,987.350,-70.320,13.680,0.320
96.5057,-28.000,839.895,1001.115,-80.610,3.390,0.320
96.6045,-28.000,840.298,1006.618,-83.160,0.840,0.320
96.7045,-28.000,842.176,1009.760,-83.792,0.208,0.320
96.8138,-28.000,844.153,1012.050,-83.948,0.052,0.320
96.9107,-29.000,828.371,1027.620,-99.624,-12.624,0.320
97.0110,-29.000,839.277,1019.533,-90.128,-3.128,0.320
97.1111,-30.000,825.271,1032.095,-103.412,-13.412,0.320
97.2110,-31.000,818.689,1036.610,-108.961,-15.961,0.320
97.3110,-31.000,831.316,1025.226,-96.955,-3.955,0.320
97.4119,-32.000,817.262,1036.496,-109.617,-13.617,0.320
97.5104,-33.000,810.265,1040.288,-115.011,-16.011,0.320
97.6129,-34.000,804.889,1042.098,-118.605,-16.605,0.320
97.7118,-36.000,782.250,1057.027,-137.389,-29.389,0.320
97.8108,-37.000,786.522,1048.361,-130.919,-19.919,0.320
97.9147,-38.000,783.581,1046.727,-131.573,-17.573,0.320
98.0132,-39.000,778.798,1046.781,-133.992,-16.992,0.320
98.1115,-40.000,773.513,1047.208,-136.847,-16.847,0.320
98.2100,-41.000,768.063,1047.687,-139.812,-16.812,0.320
98.3089,-41.000,780.097,1034.429,-127.166,-4.166,0.320
98.4076,-42.000,765.153,1044.492,-139.669,-13.669,0.320
98.5105,-43.000,757.303,1047.352,-145.024,-16.024,0.320
98.6094,-44.000,751.180,1048.395,-148.608,-16.608,0.320
98.7074,-44.000,763.013,1035.243,-136.115,-4.115,0.320
98.8104,-45.000,747.991,1045.305,-148.657,-13.657,0.320
98.9073,-46.000,740.098,1048.141,-154.021,-16.021,0.320
99.0064,-47.000,733.943,1049.158,-157.607,-16.607,0.320
99.1053,-47.000,745.752,1035.982,-145.115,-4.115,0.320
99.2133,-48.000,730.709,1046.022,-157.657,-13.657,0.320
99.3054,-49.000,722.799,1048.841,-163.021,-16.021,0.320
99.4040,-49.000,734.186,1036.125,-150.970,-3.970,0.320
99.5048,-50.000,719.050,1046.292,-163.621,-13.621,0.320
99.6038,-50.000,728.684,1035.434,-153.375,-3.375,0.320
99.7136,-51.000,713.146,1046.093,-166.473,-13.473,0.320
99.8115,-51.000,722.707,1035.384,-156.339,-3.339,0.320
99.9098,-52.000,707.173,1046.102,-169.464,-13.464,0.320
100.0099,-52.000,716.754,1035.427,-159.336,-3.336,0.320
100.1088,-52.000,718.799,1032.453,-156.827,-0.827,0.320
100.2066,-53.000,701.469,1045.153,-171.842,-12.842,0.320
100.3056,-53.000,710.661,1035.025,-162.182,-3.182,0.320
100.4047,-53.000,712.657,1032.234,-159.788,-0.788,0.320
100.5028,-53.000,712.912,1031.303,-159.195,-0.195,0.320
100.6034,-53.000,712.772,1030.869,-159.048,-0.048,0.320
100.7124,-53.000,712.564,1030.588,-159.012,-0.012,0.320
100.8078,-53.000,712.366,1030.372,-159.003,-0.003,0.320
100.9085,-53.000,712.191,1030.193,-159.001,-0.001,0.320
101.0089,-53.000,712.042,1030.042,-159.000,-0.000,0.320
101.1078,-53.000,711.915,1029.915,-159.000,-0.000,0.320
101.2048,-53.000,711.806,1029.806,-159.000,-0.000,0.320
101.3028,-52.000,726.272,1012.997,-143.363,12.637,0.320
101.4107,-52.000,717.269,1023.007,-152.869,3.131,0.320
101.5090,-52.000,715.342,1025.790,-155.224,0.776,0.320
101.6079,-52.000,715.122,1026.738,-155.808,0.192,0.320
101.7056,-51.000,729.844,1010.475,-140.315,12.685,0.320
101.8037,-51.000,721.148,1020.861,-149.857,3.143,0.320
101.9035,-51.000,719.502,1023.944,-152.221,0.779,0.320
102.0098,-50.000,734.083,1008.423,-137.170,12.830,0.320
102.1070,-50.000,725.533,1019.175,-146.821,3.179,0.320
102.2059,-50.000,724.078,1022.502,-149.212,0.788,0.320
102.3089,-49.000,738.838,1007.173,-134.168,12.832,0.320
102.4097,-49.000,730.443,1018.084,-143.820,3.180,0.320
102.5118,-48.000,743.678,1004.828,-130.575,13.425,0.320
102.6099,-48.000,735.070,1016.417,-140.673,3.327,0.320
102.7090,-48.000,733.835,1020.187,-143.176,0.824,0.320
102.8080,-48.000,734.292,1021.884,-143.796,0.204,0.320
102.9095,-47.000,749.612,1006.236,-128.312,12.688,0.320
103.0087,-47.000,741.428,1017.140,-137.856,3.144,0.320
103.1086,-47.000,740.219,1020.661,-140.221,0.779,0.320
103.2075,-47.000,740.616,1022.230,-140.807,0.193,0.320
103.3065,-46.000,755.864,1006.494,-125.315,12.685,0.320
103.4058,-46.000,747.614,1017.328,-134.857,3.143,0.320
103.5066,-46.000,746.348,1020.790,-137.221,0.779,0.320
103.6051,-46.000,746.695,1022.310,-137.807,0.193,0.320
103.7074,-45.000,761.901,1006.531,-122.315,12.685,0.320
103.8074,-45.000,753.616,1017.329,-131.857,3.143,0.320
103.9045,-44.000,766.876,1004.044,-118.584,13.416,0.320
104.0098,-44.000,758.275,1015.626,-128.676,3.324,0.320
104.1098,-43.000,771.598,1002.676,-115.539,13.461,0.320
104.2074,-43.000,763.130,1014.460,-125.665,3.335,0.320
104.3116,-43.000,762.031,1018.378,-128.174,0.826,0.320
104.4096,-42.000,777.165,1003.481,-113.158,12.842,0.320
104.5066,-42.000,769.105,1014.741,-122.818,3.182,0.320
104.6075,-41.000,782.629,1001.778,-109.574,13.426,0.320
104.7075,-41.000,774.269,1013.615,-119.673,3.327,0.320
104.8116,-41.000,773.244,1017.595,-122.176,0.824,0.320
104.9097,-41.000,773.880,1019.471,-122.796,0.204,0.320
105.0082,-41.000,774.794,1020.692,-122.949,0.051,0.320
105.1064,-41.000,775.663,1021.638,-122.987,0.013,0.320
105.2046,-41.000,776.425,1022.419,-122.997,0.003,0.320
105.3064,-41.000,777.078,1023.077,-122.999,0.001,0.320
105.4048,-42.000,760.078,1037.352,-138.637,-12.637,0.320
105.5031,-43.000,752.368,1041.905,-144.768,-15.768,0.320
105.6017,-44.000,746.830,1043.919,-148.544,-16.544,0.320
105.7088,-44.000,759.278,1031.477,-136.099,-4.099,0.320
105.8069,-45.000,744.807,1042.113,-148.653,-13.653,0.320
105.9055,-46.000,737.389,1045.430,-154.020,-16.020,0.320
106.0055,-47.000,731.640,1046.854,-157.607,-16.607,0.320
106.1044,-48.000,726.237,1047.741,-160.752,-16.752,0.320
106.2033,-48.000,738.418,1034.720,-148.151,-4.151,0.320
106.3085,-49.000,723.627,1044.959,-160.666,-13.666,0.320
106.4075,-50.000,715.914,1047.961,-166.023,-16.023,0.320
106.5070,-51.000,709.908,1049.124,-169.608,-16.608,0.320
106.6025,-51.000,721.842,1036.073,-157.115,-4.115,0.320
106.7014,-52.000,706.906,1046.220,-169.657,-13.657,0.320
106.8004,-53.000,699.086,1049.128,-175.021,-16.021,0.320
106.9112,-54.000,692.993,1050.207,-178.607,-16.607,0.320
107.0099,-54.000,704.854,1037.084,-166.115,-4.115,0.320
107.1004,-55.000,689.856,1047.169,-178.657,-13.657,0.320
107.2004,-55.000,699.540,1036.308,-168.384,-3.384,0.320
107.3092,-56.000,684.029,1046.980,-181.476,-13.476,0.320
107.4081,-56.000,693.609,1036.287,-171.339,-3.339,0.320
107.5063,-56.000,695.647,1033.302,-168.827,-0.827,0.320
107.6093,-56.000,695.867,1032.277,-168.205,-0.205,0.320
107.7082,-57.000,678.122,1045.498,-183.688,-12.688,0.320
107.8092,-57.000,687.244,1035.532,-174.144,-3.144,0.320
107.9100,-57.000,689.249,1032.807,-171.779,-0.779,0.320
108.0079,-57.000,689.530,1031.916,-171.193,-0.193,0.320
108.1050,-57.000,689.416,1031.511,-171.048,-0.048,0.320
108.2032,-57.000,689.231,1031.255,-171.012,-0.012,0.320
108.3053,-57.000,689.052,1031.058,-171.003,-0.003,0.320
108.4042,-57.000,688.895,1030.897,-171.001,-0.001,0.320
108.5054,-57.000,688.760,1030.760,-171.000,-0.000,0.320
108.6033,-57.000,688.645,1030.645,-171.000,-0.000,0.320
108.7005,-57.000,688.547,1030.547,-171.000,-0.000,0.320
108.8113,-56.000,703.021,1013.747,-155.363,12.637,0.320
108.9091,-56.000,694.027,1023.764,-164.869,3.131,0.320
109.0049,-56.000,692.106,1026.554,-167.224,0.776,0.320
109.1047,-55.000,706.449,1010.790,-152.171,12.829,0.320
109.2089,-55.000,697.694,1021.336,-161.821,3.179,0.320
109.3076,-55.000,696.065,1024.489,-164.212,0.788,0.320
109.4062,-54.000,710.677,1009.012,-149.168,12.832,0.320
109.5075,-53.000,716.713,1003.080,-143.183,15.817,0.320
109.6045,-52.000,720.917,999.804,-139.444,16.556,0.320
109.7014,-51.000,724.915,997.436,-136.260,16.740,0.320
109.8013,-50.000,729.073,995.503,-133.215,16.785,0.320
109.9002,-49.000,733.450,993.857,-130.204,16.796,0.320
109.9993,-48.000,738.034,992.436,-127.201,16.799,0.320
110.1022,-49.000,710.684,1021.633,-155.475,-8.475,0.320
110.2008,-49.000,719.344,1017.543,-149.100,-2.100,0.320
110.2992,-48.000,737.423,1001.189,-131.883,12.117,0.320
110.3992,-46.000,759.656,979.102,-109.723,28.277,0.320
110.5092,-44.000,770.562,970.000,-99.719,32.281,0.320
110.6081,-42.000,779.161,964.614,-92.727,33.273,0.320
110.7091,-40.000,787.612,960.574,-86.481,33.519,0.320
110.8012,-37.000,810.945,940.511,-64.783,46.217,0.320
110.9002,-34.000,825.741,931.014,-52.636,49.364,0.320
111.0102,-31.000,839.033,924.747,-42.857,50.143,0.320
111.1092,-28.000,852.472,919.799,-33.664,50.336,0.320
111.2078,-25.000,866.388,915.620,-24.616,50.384,0.320
111.3042,-23.000,866.241,928.723,-31.241,37.759,0.320
111.4041,-20.000,890.016,915.481,-12.732,47.268,0.320
111.5033,-17.000,907.007,909.963,-1.478,49.624,0.320
111.6041,-14.000,922.643,906.600,8.022,50.208,0.320
111.7042,-11.000,938.197,903.997,17.100,50.352,0.320
111.8052,-8.000,953.950,901.773,26.088,50.388,0.320
111.9025,-4.000,984.501,883.081,50.710,63.034,0.320
112.0022,-0.000,1006.355,874.667,65.844,66.168,0.320
112.1023,3.000,1009.465,883.462,63.001,54.307,0.320
112.2002,7.000,1033.084,863.602,84.741,64.005,0.320
112.3023,10.000,1033.747,866.613,83.567,53.771,0.320
112.4042,14.000,1054.315,842.810,105.753,63.873,0.320
112.5052,18.000,1065.870,825.143,120.363,66.375,0.320
112.6037,21.000,1060.496,825.803,117.347,54.359,0.320
112.7022,24.000,1063.255,816.517,123.369,51.381,0.320
112.8022,27.000,1067.483,804.221,131.631,50.643,0.320
112.9021,31.000,1085.328,773.158,156.085,63.097,0.320
113.0013,34.000,1079.400,768.331,155.534,53.546,0.320
113.1023,37.000,1080.202,755.867,162.168,51.180,0.320
113.2000,39.000,1068.682,758.794,154.944,37.956,0.320
113.2990,42.000,1080.631,734.022,173.305,47.317,0.320
113.4090,45.000,1085.240,715.992,184.624,49.636,0.320
113.5070,50.000,1115.286,664.340,225.473,75.485,0.320
113.6040,54.000,1111.691,649.209,231.241,69.253,0.320
113.7092,60.000,1139.942,594.000,272.971,92.983,0.320
113.7993,66.000,1149.845,556.143,296.851,98.863,0.320
113.9077,70.000,1127.468,557.400,285.034,75.046,0.320
114.0074,76.000,1150.344,505.531,322.406,94.418,0.320
114.1060,81.000,1144.586,485.446,329.570,86.582,0.320
114.2048,85.000,1130.843,476.862,326.991,72.003,0.320
114.3049,89.000,1128.061,457.305,335.378,68.390,0.320
114.4093,97.000,1182.861,364.798,409.032,118.044,0.320
126.7008,100.000,1014.841,-985.159,1000.000,3173.333,0.320
126.8022,99.000,1028.769,-971.231,1000.000,773.676,0.320
126.9022,95.000,468.080,-384.237,426.159,141.159,0.320
127.0012,92.000,327.479,-218.653,273.066,-2.934,0.320
127.1028,90.000,310.343,-177.654,243.999,-26.001,0.320
127.2016,88.000,310.082,-154.484,232.283,-31.717,0.320
127.2997,85.000,298.078,-120.381,209.229,-45.771,0.320
127.3977,82.000,296.301,-97.193,196.747,-49.253,0.320
127.4955,80.000,312.488,-92.555,202.521,-37.479,0.320
127.5923,76.000,288.294,-48.035,168.165,-59.835,0.320
127.7032,74.000,311.981,-51.817,181.899,-40.101,0.320
127.8003,71.000,305.006,-25.298,165.152,-47.848,0.320
127.8974,69.000,319.343,-20.396,169.870,-37.130,0.320
127.9951,66.000,309.851,8.075,150.888,-47.112,0.320
128.0930,65.000,339.031,-2.347,170.689,-24.311,0.320
128.1948,63.000,335.329,19.926,157.702,-31.298,0.320
128.2923,62.000,352.441,21.226,165.608,-20.392,0.320
128.3927,60.000,345.644,46.298,149.673,-30.327,0.320
128.4950,59.000,361.899,48.203,156.848,-20.152,0.320
128.5930,57.000,354.814,73.350,140.732,-30.268,0.320
128.6917,55.000,355.297,90.846,132.226,-32.774,0.320
128.7999,54.000,373.267,90.784,141.242,-20.758,0.320
128.8982,52.000,366.532,115.368,125.582,-30.418,0.320
128.9972,50.000,368.820,134.443,117.188,-32.812,0.320
129.0958,49.000,391.250,138.785,126.233,-20.767,0.320
129.1941,47.000,388.704,167.544,110.580,-30.420,0.320
129.2931,46.000,411.396,175.746,117.825,-20.175,0.320
129.3921,45.000,426.873,192.145,117.364,-17.636,0.320
129.5012,44.000,440.856,210.870,114.993,-17.007,0.320
129.6013,43.000,454.720,230.423,112.149,-16.851,0.320
129.7003,42.000,468.769,250.394,109.187,-16.813,0.320
129.8002,41.000,483.044,270.650,106.197,-16.803,0.320
129.9002,39.000,480.812,305.688,87.562,-29.438,0.320
129.9992,38.000,505.568,317.431,94.068,-19.932,0.320
130.0992,37.000,523.243,336.395,93.424,-17.576,0.320
130.1978,36.000,539.206,357.190,91.008,-16.992,0.320
130.2961,35.000,554.780,378.475,88.152,-16.848,0.320
130.3931,34.000,570.288,399.912,85.188,-16.812,0.320
130.4943,34.000,602.523,406.855,97.834,-4.166,0.320
130.5921,34.000,624.695,422.759,100.968,-1.032,0.320
130.6911,34.000,644.041,440.552,101.744,-0.256,0.320
130.7951,33.000,645.687,473.088,86.299,-12.701,0.320
130.8941,33.000,673.656,481.950,95.853,-3.147,0.320
130.9907,32.000,677.346,512.180,82.583,-13.417,0.320
131.1006,32.000,705.742,520.391,92.675,-3.325,0.320
131.1986,31.000,709.471,550.393,79.539,-13.461,0.320
131.2956,30.000,721.102,573.047,74.027,-15.973,0.320
131.3915,29.000,734.858,594.048,70.405,-16.595,0.320
131.4931,29.000,766.000,600.224,82.888,-4.112,0.320
131.5930,28.000,770.624,629.936,70.344,-13.656,0.320
131.6916,28.000,799.376,638.144,80.616,-3.384,0.320
131.7935,27.000,803.299,668.251,67.524,-13.476,0.320
131.8932,27.000,831.786,676.464,77.661,-3.339,0.320
131.9919,26.000,835.566,706.495,64.535,-13.465,0.320
132.0911,26.000,863.950,714.623,74.664,-3.336,0.320
132.1921,25.000,867.648,744.576,61.536,-13.464,0.320
132.2910,25.000,895.965,752.637,71.664,-3.336,0.320
132.3910,24.000,899.605,782.533,58.536,-13.464,0.320
132.4952,23.000,911.156,805.102,53.027,-15.973,0.320
132.5962,22.000,924.842,826.033,49.405,-16.595,0.320
132.6961,22.000,955.925,832.149,61.888,-4.112,0.320
132.7980,20.000,943.781,876.367,33.707,-26.293,0.320
132.8967,19.000,965.974,890.051,37.962,-19.152,0.320
132.9956,18.000,982.907,909.229,36.839,-17.383,0.320
133.0961,17.000,982.686,913.927,34.380,-16.944,0.320
133.1960,15.000,965.490,933.608,15.941,-29.473,0.320
133.2960,14.000,975.084,929.968,22.558,-19.940,0.320
133.3950,13.000,977.474,933.478,21.998,-17.578,0.320
133.4955,11.000,961.335,953.311,4.012,-29.630,0.320
133.5940,10.000,971.537,950.091,10.723,-19.979,0.320
133.6916,8.000,957.646,968.595,-5.475,-30.225,0.320
133.7910,6.000,951.944,979.899,-13.978,-32.764,0.320
133.8898,4.000,948.559,989.725,-20.583,-33.393,0.320
134.0011,3.000,962.716,984.883,-11.083,-20.911,0.320
134.0902,1.000,950.477,1003.720,-26.622,-30.456,0.320
134.1993,-1.000,944.910,1014.896,-34.993,-32.821,0.320
134.2981,-3.000,939.849,1023.043,-41.597,-33.407,0.320
134.3980,-5.000,934.146,1029.690,-47.772,-33.552,0.320
134.4949,-6.000,945.192,1021.606,-38.207,-20.951,0.320
134.5920,-8.000,928.548,1036.088,-53.770,-30.466,0.320
134.6909,-10.000,918.372,1042.747,-62.187,-32.823,0.320
134.7929,-12.000,909.381,1047.068,-68.844,-33.408,0.320
134.8920,-14.000,900.327,1050.472,-75.072,-33.552,0.320
134.9932,-16.000,890.954,1053.363,-81.204,-33.588,0.320
135.0952,-17.000,898.806,1042.161,-71.678,-20.960,0.320
135.1931,-19.000,879.420,1054.020,-87.300,-30.468,0.320
135.2917,-20.000,884.582,1044.620,-80.019,-20.187,0.320
135.3963,-21.000,881.908,1042.851,-80.471,-17.639,0.320
135.4944,-22.000,877.232,1042.911,-82.840,-17.008,0.320
135.5925,-23.000,872.006,1043.373,-85.684,-16.852,0.320
135.6914,-24.000,866.600,1043.890,-88.645,-16.813,0.320
135.7898,-24.000,878.669,1030.665,-75.998,-4.166,0.320
135.8906,-25.000,863.755,1040.757,-88.501,-13.669,0.320
135.9993,-25.000,873.487,1029.926,-78.219,-3.387,0.320
136.0983,-26.000,858.011,1040.628,-91.308,-13.476,0.320
136.1898,-26.000,867.619,1029.962,-81.171,-3.339,0.320
136.2987,-26.000,869.681,1027.000,-78.659,-0.827,0.320
136.3977,-27.000,852.364,1039.713,-93.674,-12.842,0.320
136.4965,-27.000,861.567,1029.596,-84.014,-3.182,0.320
136.5972,-27.000,863.573,1026.814,-81.620,-0.788,0.320
136.6976,-27.000,863.836,1025.890,-81.027,-0.195,0.320
136.7956,-27.000,863.702,1025.463,-80.880,-0.048,0.320
136.8946,-26.000,878.057,1008.471,-65.207,12.625,0.320
136.9969,-26.000,868.940,1018.347,-74.704,3.128,0.320
137.0967,-26.000,866.909,1021.022,-77.057,0.775,0.320
137.1959,-26.000,866.600,1021.880,-77.640,0.192,0.320
137.2948,-26.000,866.688,1022.257,-77.784,0.048,0.320
137.3947,-26.000,866.850,1022.491,-77.820,0.012,0.320
137.4888,-26.000,867.010,1022.668,-77.829,0.003,0.320
137.5977,-25.000,881.708,1006.096,-62.194,12.638,0.320
137.6976,-25.000,872.905,1016.306,-71.700,3.132,0.320
137.7878,-25.000,871.148,1019.260,-74.056,0.776,0.320
137.8976,-24.000,885.629,1003.634,-59.003,12.829,0.320
137.9963,-24.000,876.993,1014.299,-68.653,3.179,0.320
138.0953,-24.000,875.464,1017.552,-71.044,0.788,0.320
138.1928,-23.000,890.161,1002.160,-56.000,12.832,0.320
138.2948,-23.000,881.713,1013.018,-65.652,3.180,0.320
138.3960,-22.000,894.903,999.716,-52.407,13.425,0.320
138.4942,-21.000,900.814,994.550,-46.868,15.964,0.320
138.5931,-21.000,890.622,1008.375,-58.876,3.956,0.320
138.6929,-20.000,903.748,996.177,-46.215,13.617,0.320
138.7928,-19.000,909.842,991.712,-40.935,16.011,0.320
138.8916,-18.000,914.440,989.339,-37.449,16.605,0.320
138.9889,-17.000,918.850,987.659,-34.404,16.752,0.320
139.0970,-16.000,923.372,986.300,-31.464,16.788,0.320
139.1963,-15.000,928.054,985.144,-28.545,16.797,0.320
139.2946,-14.000,932.891,984.145,-25.627,16.799,0.320
139.3934,-12.000,952.428,966.550,-7.061,29.437,0.320
139.4988,-12.000,934.039,992.591,-29.276,7.294,0.320
139.5986,-11.000,946.295,984.678,-19.191,14.445,0.320
139.6976,-9.000,967.836,965.509,1.164,28.854,0.320
139.7976,-8.000,964.649,974.552,-4.951,19.787,0.320
139.8965,-7.000,968.269,976.749,-4.240,17.540,0.320
139.9962,-5.000,988.132,960.511,13.811,29.621,0.320
140.0948,-4.000,984.925,970.640,7.143,19.977,0.320
140.1920,-3.000,988.879,973.409,7.735,17.587,0.320
140.2903,-1.000,1009.115,957.567,25.774,29.632,0.320
140.3882,-0.000,1006.250,968.007,19.122,19.980,0.320
140.4969,-0.000,995.941,987.756,4.093,4.951,0.320
140.5956,2.000,1023.675,960.365,31.655,26.501,0.320
140.6945,3.000,1020.622,965.870,27.376,19.204,0.320
140.7945,3.000,1008.736,982.839,12.948,4.758,0.320
140.8865,4.000,1021.059,970.998,25.030,13.816,0.320
140.9946,4.000,1012.395,983.072,14.661,3.423,0.320
141.0936,5.000,1025.016,969.509,27.753,13.485,0.320
141.1935,5.000,1016.001,980.722,17.640,3.342,0.320
141.2925,6.000,1028.175,966.577,30.799,13.465,0.320
141.3926,5.000,1002.022,991.895,5.063,-9.301,0.320
141.4936,5.000,1010.193,986.014,12.089,-2.305,0.320
141.5923,5.000,1012.930,985.224,13.853,-0.571,0.320
141.6899,5.000,1014.217,985.592,14.313,-0.141,0.320
141.7890,6.000,1028.780,968.595,30.092,12.602,0.320
141.8875,6.000,1019.802,978.505,20.649,3.123,0.320
141.9876,6.000,1017.885,981.213,18.336,0.774,0.320
142.0966,6.000,1017.675,982.096,17.790,0.192,0.320
142.1956,7.000,1031.576,964.927,33.325,12.685,0.320
142.2970,7.000,1022.188,974.538,23.825,3.143,0.320
142.3945,7.000,1019.960,976.954,21.503,0.779,0.320
142.4924,8.000,1033.220,960.015,36.602,12.830,0.320
142.5903,7.000,1006.830,984.118,11.356,-9.458,0.320
142.6910,7.000,1014.514,977.489,18.512,-2.344,0.320
142.7969,7.000,1016.768,976.133,20.317,-0.581,0.320
142.8964,6.000,1000.905,990.599,5.153,-12.781,0.320
142.9956,6.000,1011.461,981.855,14.803,-3.167,0.320
143.0944,6.000,1014.649,980.207,17.221,-0.785,0.320
143.1946,5.000,999.207,994.798,2.204,-12.832,0.320
143.2935,4.000,993.304,1000.818,-3.757,-15.817,0.320
143.3925,3.000,990.052,1005.009,-7.478,-16.556,0.320
143.4905,3.000,1004.424,994.437,4.994,-4.102,0.320
143.5884,2.000,992.419,1007.510,-7.546,-13.654,0.320
143.6884,2.000,1004.655,999.182,2.737,-3.383,0.320
143.7904,1.000,992.150,1012.849,-10.349,-13.475,0.320
143.8904,1.000,1004.287,1004.701,-0.207,-3.339,0.320
143.9893,-0.000,991.776,1018.441,-13.333,-13.465,0.320
144.0864,-0.000,1003.927,1010.335,-3.204,-3.336,0.320
144.1952,-0.000,1008.156,1009.545,-0.695,-0.827,0.320
144.2866,-0.000,1010.239,1010.384,-0.073,-0.205,0.320
144.3953,-0.000,1011.635,1011.473,0.081,-0.051,0.320
144.4942,-0.000,1012.729,1012.490,0.119,-0.013,0.320
144.5917,-0.000,1013.636,1013.378,0.129,-0.003,0.320
144.6913,-1.000,996.838,1027.862,-15.512,-12.638,0.320
144.7892,-1.000,1006.855,1018.878,-6.012,-3.132,0.320
144.8872,-1.000,1009.643,1016.967,-3.662,-0.776,0.320
144.9899,-1.000,1010.594,1016.763,-3.084,-0.192,0.320
145.0898,-1.000,1011.050,1016.941,-2.946,-0.048,0.320
145.1875,-1.000,1011.349,1017.181,-2.916,-0.012,0.320
145.2849,-1.000,1011.581,1017.407,-2.913,-0.003,0.320
145.3947,-1.000,1011.772,1017.606,-2.917,-0.001,0.320
145.4942,-1.000,1011.932,1017.777,-2.922,-0.000,0.320
145.5928,-1.000,1012.067,1017.923,-2.928,-0.000,0.320
145.6897,-0.000,1026.744,1001.326,12.709,12.637,0.320
145.7877,-0.000,1017.922,1011.515,3.203,3.131,0.320
145.8862,-0.000,1016.147,1014.452,0.848,0.776,0.320
145.9874,-0.000,1016.058,1015.529,0.264,0.192,0.320
146.0865,1.000,1030.056,998.531,15.763,12.685,0.320
146.1895,1.000,1020.745,1008.291,6.227,3.143,0.320
146.2882,2.000,1032.301,993.277,19.512,13.416,0.320
146.3872,2.000,1022.252,1003.387,9.432,3.324,0.320
146.4852,2.000,1019.789,1005.902,6.944,0.824,0.320
146.5942,3.000,1032.927,988.968,21.979,12.841,0.320
146.6922,3.000,1023.172,998.497,12.338,3.182,0.320
146.7892,3.000,1020.701,1000.776,9.962,0.788,0.320
146.8883,2.000,1003.321,1015.832,-6.256,-12.442,0.320
146.9893,2.000,1013.204,1006.974,3.115,-3.083,0.320
147.0903,1.000,999.247,1019.641,-10.197,-13.401,0.320
147.1914,1.000,1010.286,1010.507,-0.111,-3.321,0.320
147.2893,1.000,1013.599,1008.813,2.393,-0.823,0.320
147.3882,-0.000,998.189,1023.439,-12.625,-12.841,0.320
147.4852,-1.000,991.452,1028.670,-18.609,-15.819,0.320
147.5873,-3.000,969.078,1045.083,-38.002,-29.194,0.320
147.6863,-5.000,956.361,1051.054,-47.346,-32.508,0.320
147.7866,-7.000,945.791,1054.210,-54.209,-33.329,0.320
147.8844,-9.000,935.542,1056.476,-60.467,-33.533,0.320
147.9847,-11.000,925.193,1058.360,-66.583,-33.583,0.320
148.0852,-15.000,879.539,1087.459,-103.960,-58.870,0.320
148.1851,-16.000,905.132,1055.953,-75.410,-27.224,0.320
148.2851,-19.000,871.813,1075.728,-101.957,-44.657,0.320
148.3838,-23.000,833.919,1095.748,-130.914,-61.614,0.320
148.4837,-23.000,878.670,1047.805,-84.567,-15.267,0.320
148.5913,-28.000,801.012,1103.550,-151.269,-66.969,0.320
148.6913,-28.000,849.573,1051.362,-100.894,-16.594,0.320
148.7894,-30.000,825.400,1064.772,-119.686,-29.386,0.320
148.8892,-30.000,845.931,1041.094,-97.582,-7.282,0.320
148.9882,-30.000,850.070,1034.279,-92.104,-1.804,0.320
149.0871,-30.000,850.290,1031.784,-90.747,-0.447,0.320
149.1861,-30.000,849.660,1030.481,-90.411,-0.111,0.320
149.2861,-29.000,863.478,1012.859,-74.690,12.610,0.320
149.3845,-26.000,897.548,972.076,-37.264,41.036,0.320
149.4940,-25.000,882.885,987.874,-52.495,22.805,0.320
149.5922,-21.000,925.941,940.142,-7.100,56.200,0.320
149.6907,-21.000,887.679,986.428,-49.374,13.926,0.320
149.7895,-21.000,880.615,1000.314,-59.849,3.451,0.320
149.8906,-20.000,895.476,989.092,-46.808,13.492,0.320
149.9891,-19.000,902.817,985.684,-41.434,15.980,0.320
150.0871,-17.000,922.980,967.543,-22.282,29.234,0.320
150.1848,-13.000,963.000,926.603,18.199,57.793,0.320
150.2835,-9.000,983.311,908.869,37.221,64.869,0.320
150.3865,-9.000,941.557,964.814,-11.628,16.074,0.320
150.4841,-2.000,1037.385,865.927,85.729,92.443,0.320
150.5829,19.000,1266.904,577.530,344.687,288.287,0.320
150.6860,23.000,1111.396,730.631,190.383,121.983,0.320
150.7851,28.000,1093.202,739.578,176.812,93.412,0.320
150.8834,30.000,1053.941,778.300,137.821,48.421,0.320
150.9902,33.000,1061.441,764.822,148.310,49.910,0.320
151.0879,35.000,1053.292,769.209,142.041,37.641,0.320
151.1859,37.000,1053.813,763.810,145.001,34.601,0.320
151.2894,40.000,1069.864,738.094,165.885,46.485,0.320
151.3884,41.000,1049.007,755.895,146.556,24.156,0.320
151.4874,44.000,1072.189,721.595,175.297,43.897,0.320
151.5880,46.000,1066.379,719.276,173.551,36.151,0.320
151.6855,48.000,1066.164,710.900,177.632,34.232,0.320
151.7827,50.000,1067.198,700.884,183.157,33.757,0.320
151.8916,51.000,1054.705,707.902,173.402,21.002,0.320
151.9906,52.000,1051.798,705.316,173.241,17.841,0.320
152.0894,53.000,1051.260,700.344,175.458,17.058,0.320
152.1824,53.000,1037.588,712.334,162.627,4.227,0.320
152.2815,54.000,1047.410,697.241,175.085,13.685,0.320
152.3864,54.000,1036.377,706.795,164.791,3.391,0.320
152.4853,54.000,1033.197,708.716,162.240,0.840,0.320
152.5908,53.000,1015.313,723.371,145.971,-12.429,0.320
152.6917,53.000,1024.790,714.149,155.320,-3.080,0.320
152.7928,52.000,1010.498,726.498,142.000,-13.400,0.320
152.8898,51.000,1004.535,731.650,136.442,-15.958,0.320
152.9890,50.000,1000.976,735.359,132.809,-16.591,0.320
153.0891,48.000,981.586,753.556,114.015,-29.385,0.320
153.1886,47.000,989.466,748.503,120.481,-19.919,0.320
153.2917,46.000,990.433,750.778,119.827,-17.573,0.320
153.3883,44.000,973.095,769.552,101.771,-29.629,0.320
153.4878,43.000,982.275,765.433,108.421,-19.979,0.320
153.5863,41.000,967.520,783.170,92.175,-30.225,0.320
153.6917,39.000,961.088,793.816,83.636,-32.764,0.320
153.7896,36.000,940.373,817.633,61.370,-46.030,0.320
153.8888,34.000,947.381,817.941,64.720,-36.680,0.320
153.9871,31.000,930.931,840.131,45.400,-47.000,0.320
154.0892,29.000,939.790,840.831,49.480,-36.920,0.320
154.1899,26.000,924.473,863.793,30.340,-47.060,0.320
154.2910,23.000,917.469,879.814,18.828,-49.572,0.320
154.3893,20.000,912.939,894.529,9.205,-50.195,0.320
154.4874,17.000,909.476,909.170,0.153,-50.349,0.320
154.5862,15.000,923.255,909.572,6.842,-37.750,0.320
154.6853,11.000,893.876,948.365,-27.245,-59.903,0.320
154.7866,8.000,898.832,956.930,-29.049,-52.755,0.320
154.8919,4.000,881.917,985.698,-51.891,-63.621,0.320
154.9908,1.000,890.666,992.545,-50.940,-53.676,0.320
155.0894,-3.000,872.763,1019.024,-73.131,-63.849,0.320
155.1889,-6.000,877.728,1021.829,-72.050,-53.732,0.320
155.2870,-10.000,855.660,1044.141,-94.241,-63.863,0.320
155.3867,-13.000,857.052,1043.436,-93.192,-53.736,0.320
155.4850,-16.000,849.498,1049.055,-99.779,-51.227,0.320
155.5808,-18.000,856.486,1041.742,-92.628,-37.968,0.320
155.6808,-20.000,852.793,1043.478,-95.342,-34.682,0.320
155.7810,-22.000,845.936,1046.992,-100.528,-33.868,0.320
155.8818,-25.000,820.320,1064.247,-121.964,-46.304,0.320
155.9848,-26.000,838.539,1044.080,-102.771,-24.111,0.320
156.0848,-28.000,822.234,1054.051,-115.909,-31.249,0.320
156.1832,-30.000,810.932,1058.287,-123.677,-33.017,0.320
156.2857,-32.000,800.652,1060.883,-130.116,-33.456,0.320
156.3839,-33.000,807.994,1049.168,-120.587,-20.927,0.320
156.4830,-35.000,788.263,1060.503,-136.120,-30.460,0.320
156.5857,-36.000,793.049,1050.739,-128.845,-20.185,0.320
156.6836,-37.000,790.060,1048.658,-129.299,-17.639,0.320
156.7826,-38.000,785.116,1048.452,-131.668,-17.008,0.320
156.8825,-40.000,762.107,1062.404,-150.149,-29.489,0.320
156.9809,-41.000,765.882,1053.090,-143.604,-19.944,0.320
157.0805,-42.000,762.473,1050.951,-144.239,-17.579,0.320
157.1806,-43.000,757.281,1050.587,-146.653,-16.993,0.320
157.2905,-44.000,751.645,1050.661,-149.508,-16.848,0.320
157.3847,-45.000,745.897,1050.841,-152.472,-16.812,0.320
157.4837,-45.000,757.676,1037.328,-139.826,-4.166,0.320
157.5820,-45.000,760.074,1033.458,-136.692,-1.032,0.320
157.6805,-46.000,742.667,1045.773,-151.553,-12.893,0.320
157.7796,-46.000,751.701,1035.410,-141.855,-3.195,0.320
157.8835,-46.000,753.540,1032.443,-139.452,-0.792,0.320
157.9802,-46.000,753.655,1031.368,-138.856,-0.196,0.320
158.0906,-46.000,753.395,1030.812,-138.709,-0.049,0.320
158.1799,-45.000,767.642,1013.712,-123.035,12.625,0.320
158.2906,-45.000,758.433,1023.496,-132.532,3.128,0.320
158.3908,-45.000,756.324,1026.093,-134.885,0.775,0.320
158.4880,-44.000,770.505,1010.167,-119.831,12.829,0.320
158.5871,-44.000,761.613,1020.576,-129.481,3.179,0.320
158.6875,-43.000,774.424,1006.894,-116.235,13.425,0.320
158.7865,-42.000,780.013,1001.406,-110.696,15.964,0.320
158.8844,-42.000,769.547,1014.956,-122.704,3.956,0.320
158.9819,-41.000,782.440,1002.526,-110.043,13.617,0.320
159.0808,-40.000,788.451,997.748,-104.649,16.011,0.320
159.1848,-39.000,792.988,995.099,-101.055,16.605,0.320
159.2846,-38.000,797.357,993.174,-97.908,16.752,0.320
159.3815,-37.000,801.853,991.597,-94.872,16.788,0.320
159.4814,-36.000,806.522,990.248,-91.863,16.797,0.320
159.5804,-34.000,825.912,972.360,-73.224,29.436,0.320
159.6794,-32.000,836.523,964.706,-64.092,32.568,0.320
159.7815,-30.000,845.396,960.027,-57.316,33.344,0.320
159.8800,-29.000,839.653,973.174,-66.761,20.899,0.320
159.9806,-27.000,857.693,960.107,-51.207,30.453,0.320
160.0795,-25.000,869.014,954.694,-42.840,32.820,0.320
160.1897,-24.000,864.394,968.175,-51.890,20.770,0.320
160.2883,-22.000,883.152,955.630,-36.239,30.421,0.320
160.3876,-21.000,880.466,967.436,-43.485,20.175,0.320
160.4868,-19.000,899.667,954.668,-27.501,30.273,0.320
160.5883,-17.000,911.641,949.841,-19.100,32.776,0.320
160.6878,-16.000,907.485,963.912,-28.213,20.759,0.320
160.7846,-14.000,926.615,951.891,-12.638,30.418,0.320
160.8845,-12.000,938.797,947.430,-4.316,32.812,0.320
160.9855,-11.000,934.889,961.742,-13.427,20.767,0.320
161.0855,-9.000,954.249,949.905,2.172,30.420,0.320
161.1836,-7.000,966.637,945.592,10.522,32.812,0.320
161.2829,-6.000,962.908,960.025,1.442,20.768,0.320
161.3805,-5.000,967.862,965.008,1.427,17.783,0.320
161.4805,-3.000,989.306,950.692,19.307,29.681,0.320
161.5796,-2.000,987.553,962.342,12.606,19.992,0.320
161.6882,-0.000,1007.337,949.652,28.842,30.228,0.320
161.7873,1.000,1004.336,960.842,21.747,20.127,0.320
161.8777,2.000,1007.906,963.393,22.256,17.624,0.320
161.9874,3.000,1012.485,963.177,24.654,17.004,0.320
162.0863,3.000,1003.067,979.304,11.881,4.213,0.320
162.1788,4.000,1016.490,967.743,24.373,13.681,0.320
162.2893,5.000,1022.237,962.739,29.749,16.027,0.320
162.3874,4.000,995.304,991.143,2.080,-8.666,0.320
162.4866,5.000,1017.695,969.163,24.266,10.490,0.320
162.5862,5.000,1011.509,978.698,16.405,2.599,0.320
162.6882,7.000,1038.453,946.920,45.766,25.918,0.320
162.7872,8.000,1033.668,949.757,41.955,19.059,0.320
162.8872,8.000,1020.051,964.718,27.667,4.723,0.320
162.9840,9.000,1030.841,951.230,39.805,13.807,0.320
163.0834,10.000,1034.586,944.353,45.116,16.058,0.320
163.1815,9.000,1006.012,971.104,17.454,-8.658,0.320
163.2833,9.000,1013.304,965.262,24.021,-2.145,0.320
163.3828,8.000,998.865,978.774,10.045,-13.169,0.320
163.4843,4.000,943.032,1028.179,-42.574,-53.812,0.320
163.5831,3.000,970.078,1005.508,-17.715,-25.971,0.320
163.6822,-1.000,925.259,1046.727,-60.734,-56.984,0.320
163.7867,-5.000,902.335,1063.232,-80.449,-64.669,0.320
163.8857,-5.000,954.221,1017.889,-31.834,-16.024,0.320
163.9857,-1.000,1027.277,941.753,42.762,46.578,0.320
164.0849,3.000,1052.659,912.075,70.292,62.090,0.320
164.1823,4.000,1023.869,945.372,39.248,28.022,0.320
164.2833,4.000,1006.230,969.843,18.194,6.944,0.320
164.3819,4.000,1003.934,977.945,12.995,1.721,0.320
164.4813,2.000,971.686,1010.810,-19.562,-24.848,0.320
164.5814,1.000,976.927,1009.932,-16.502,-18.794,0.320
164.6787,-0.000,977.702,1013.706,-18.002,-17.294,0.320
164.7793,-1.000,976.581,1017.854,-20.636,-16.922,0.320
164.8832,-2.000,974.527,1021.640,-23.556,-16.830,0.320
164.9799,-4.000,954.285,1038.675,-42.195,-29.445,0.320
165.0774,-7.000,925.357,1059.356,-67.000,-45.208,0.320
165.1861,-9.000,925.190,1053.834,-64.322,-36.476,0.320
165.2866,-11.000,918.029,1054.479,-68.225,-34.313,0.320
165.3782,-13.000,908.878,1056.412,-73.767,-33.777,0.320
165.4793,-15.000,899.013,1058.461,-79.724,-33.644,0.320
165.5772,-16.000,906.346,1046.645,-70.150,-20.974,0.320
165.6881,-18.000,886.495,1058.005,-85.755,-30.471,0.320
165.7873,-21.000,856.135,1075.627,-109.746,-45.462,0.320
165.8859,-23.000,854.305,1067.951,-106.823,-36.539,0.320
165.9852,-25.000,845.635,1066.860,-110.612,-34.328,0.320
166.0771,-27.000,835.195,1067.324,-116.064,-33.780,0.320
166.1850,-29.000,824.251,1068.108,-121.929,-33.645,0.320
166.2871,-31.000,813.126,1068.916,-127.895,-33.611,0.320
166.3851,-33.000,801.910,1069.684,-133.887,-33.603,0.320
166.4863,-34.000,808.189,1056.684,-124.248,-20.964,0.320
166.5852,-36.000,787.487,1066.993,-139.753,-30.469,0.320
166.6824,-37.000,791.432,1056.374,-132.471,-20.187,0.320
166.7817,-38.000,787.723,1053.569,-132.923,-17.639,0.320
166.8804,-40.000,764.609,1066.467,-150.929,-29.645,0.320
166.9793,-41.000,768.009,1056.543,-144.267,-19.983,0.320
167.0870,-43.000,746.654,1067.674,-160.510,-30.226,0.320
167.1864,-44.000,750.487,1057.309,-153.411,-20.127,0.320
167.2864,-45.000,746.794,1054.611,-153.908,-17.624,0.320
167.3862,-47.000,723.720,1067.571,-171.925,-29.641,0.320
167.4854,-48.000,727.162,1057.694,-165.266,-19.982,0.320
167.5873,-49.000,723.400,1055.145,-165.872,-17.588,0.320
167.6871,-50.000,717.891,1054.450,-168.279,-16.995,0.320
167.7869,-51.000,711.981,1054.246,-171.132,-16.848,0.320
167.8848,-52.000,706.000,1054.192,-174.096,-16.812,0.320
167.9841,-53.000,700.023,1054.197,-177.087,-16.803,0.320
168.0852,-54.000,694.068,1054.237,-180.085,-16.801,0.320
168.1854,-54.000,705.691,1040.585,-167.447,-4.163,0.320
168.2862,-55.000,690.404,1050.309,-179.953,-13.669,0.320
168.3851,-55.000,699.821,1039.163,-169.671,-3.387,0.320
168.4842,-55.000,701.634,1035.880,-167.123,-0.839,0.320
168.5842,-56.000,684.083,1048.341,-182.129,-12.845,0.320
168.6821,-56.000,693.083,1038.016,-172.467,-3.183,0.320
168.7819,-56.000,694.913,1035.059,-170.073,-0.789,0.320
168.8811,-56.000,695.027,1033.986,-169.479,-0.195,0.320
168.9801,-57.000,677.210,1047.149,-184.970,-12.686,0.320
169.0841,-57.000,686.274,1037.129,-175.427,-3.143,0.320
169.1820,-57.000,688.232,1034.358,-173.063,-0.779,0.320
169.2821,-57.000,688.473,1033.427,-172.477,-0.193,0.320
169.3811,-57.000,688.324,1032.988,-172.332,-0.048,0.320
169.4790,-57.000,688.111,1032.703,-172.296,-0.012,0.320
169.5812,-57.000,687.908,1032.481,-172.287,-0.003,0.320
169.6785,-58.000,670.172,1046.016,-187.922,-12.638,0.320
169.7753,-58.000,679.393,1036.224,-178.416,-3.132,0.320
169.8753,-58.000,681.507,1033.626,-176.060,-0.776,0.320
169.9749,-58.000,681.884,1032.837,-175.476,-0.192,0.320
170.0853,-58.000,681.854,1032.517,-175.332,-0.048,0.320
170.1832,-58.000,681.741,1032.332,-175.296,-0.012,0.320
170.2751,-58.000,681.623,1032.197,-175.287,-0.003,0.320
170.3853,-58.000,681.517,1032.087,-175.285,-0.001,0.320
170.4832,-58.000,681.427,1031.995,-175.284,-0.000,0.320
170.5839,-58.000,681.349,1031.917,-175.284,-0.000,0.320
170.6843,-61.000,628.611,1073.002,-222.196,-37.912,0.320
170.7841,-61.000,656.677,1044.033,-193.678,-9.394,0.320
170.8830,-62.000,645.802,1050.299,-202.249,-14.965,0.320
170.9803,-61.000,671.157,1021.867,-175.355,8.929,0.320
171.0813,-61.000,664.632,1028.775,-182.071,2.213,0.320
171.1814,-61.000,663.131,1030.603,-183.736,0.548,0.320
171.2810,-58.000,706.529,981.003,-137.237,38.047,0.320
171.3821,-58.000,679.774,1011.486,-165.856,9.428,0.320
171.4809,-58.000,674.266,1020.162,-172.948,2.336,0.320
171.5799,-58.000,673.856,1023.266,-174.705,0.579,0.320
171.6779,-58.000,674.565,1024.846,-175.141,0.143,0.320
171.7789,-58.000,675.430,1025.927,-175.248,0.036,0.320
171.8788,-58.000,676.231,1026.781,-175.275,0.009,0.320
171.9760,-58.000,676.927,1027.491,-175.282,0.002,0.320
172.0749,-58.000,677.523,1028.090,-175.283,0.001,0.320
172.1740,-57.000,692.588,1011.881,-159.647,12.637,0.320
172.2837,-57.000,684.095,1022.401,-169.153,3.131,0.320
172.3810,-57.000,682.602,1025.618,-171.508,0.776,0.320
172.4779,-57.000,682.750,1026.934,-172.092,0.192,0.320
172.5789,-57.000,683.228,1027.701,-172.236,0.048,0.320
172.6809,-57.000,683.722,1028.266,-172.272,0.012,0.320
172.7821,-57.000,684.163,1028.725,-172.281,0.003,0.320
172.8832,-56.000,699.100,1012.392,-156.646,12.638,0.320
172.9808,-56.000,690.500,1022.805,-166.152,3.132,0.320
173.0801,-56.000,688.916,1025.932,-168.508,0.776,0.320
173.1812,-56.000,688.987,1027.171,-169.092,0.192,0.320
173.2806,-55.000,703.957,1011.155,-153.599,12.685,0.320
173.3790,-55.000,695.471,1021.752,-163.141,3.143,0.320
173.4783,-54.000,708.561,1008.297,-149.868,13.416,0.320
173.5769,-54.000,699.814,1019.733,-159.960,3.324,0.320
173.6758,-53.000,713.013,1006.659,-146.823,13.461,0.320
173.7798,-53.000,704.441,1018.338,-156.949,3.335,0.320
173.8810,-52.000,717.810,1005.450,-143.820,13.464,0.320
173.9790,-51.000,723.944,1000.565,-138.311,15.973,0.320
174.0768,-50.000,728.516,997.894,-134.689,16.595,0.320
174.1783,-49.000,732.898,995.968,-131.535,16.749,0.320
174.2763,-48.000,737.401,994.394,-128.497,16.787,0.320
174.3757,-47.000,742.074,993.049,-125.487,16.797,0.320
174.4750,-46.000,746.911,991.881,-122.485,16.799,0.320
174.5836,-44.000,766.449,974.143,-103.847,29.437,0.320
174.6837,-43.000,762.627,983.333,-110.353,19.931,0.320
174.7813,-41.000,780.531,968.673,-94.071,30.213,0.320
174.8796,-39.000,791.297,962.344,-85.523,32.761,0.320
174.9816,-37.000,800.654,958.438,-78.892,33.392,0.320
175.0787,-35.000,809.968,955.439,-72.736,33.548,0.320
175.1796,-33.000,819.530,952.923,-66.697,33.587,0.320
175.2796,-31.000,829.374,950.749,-60.687,33.597,0.320
175.3817,-29.000,839.476,948.846,-54.685,33.599,0.320
175.4798,-27.000,849.802,947.170,-48.684,33.600,0.320
175.5806,-26.000,845.761,962.403,-58.321,20.963,0.320
175.6806,-24.000,865.363,950.994,-42.815,30.469,0.320
175.7806,-22.000,878.041,946.960,-34.460,32.824,0.320
175.8796,-19.000,903.581,928.287,-12.353,46.045,0.320
175.9803,-17.000,905.377,937.009,-15.816,36.684,0.320
176.0786,-15.000,914.277,938.729,-12.226,34.364,0.320
176.1771,-14.000,910.415,955.458,-22.522,21.152,0.320
176.2773,-12.000,930.514,944.975,-7.230,30.516,0.320
176.3759,-10.000,943.702,941.642,1.030,32.836,0.320
176.4752,-9.000,940.694,956.867,-8.087,20.773,0.320
176.5738,-7.000,960.832,945.792,7.520,30.422,0.320
176.6766,-6.000,959.321,958.847,0.237,20.175,0.320
176.7766,-6.000,950.515,980.465,-14.975,4.999,0.320
176.8766,-4.000,981.291,956.261,12.515,26.513,0.320
176.9754,-4.000,967.116,982.021,-7.452,6.570,0.320
177.0739,-3.000,981.637,975.187,3.225,14.265,0.320
177.1834,-2.000,990.219,973.979,8.120,16.172,0.320
177.2813,-2.000,982.676,990.790,-4.057,4.007,0.320
177.3785,-2.000,983.589,997.755,-7.083,0.993,0.320
177.4759,-2.000,986.178,1001.862,-7.842,0.246,0.320
177.5736,-2.000,988.827,1004.905,-8.039,0.061,0.320
177.6825,-2.000,991.188,1007.382,-8.097,0.015,0.320
177.7715,-4.000,958.094,1036.908,-39.407,-25.271,0.320
177.8745,-5.000,961.000,1033.130,-36.065,-18.899,0.320
177.9737,-6.000,958.752,1033.796,-37.522,-17.320,0.320
178.0725,-7.000,955.009,1035.355,-40.173,-16.929,0.320
178.1795,-9.000,933.146,1050.680,-58.767,-29.469,0.320
178.2775,-11.000,920.355,1056.236,-67.940,-32.576,0.320
178.3774,-14.000,892.028,1072.891,-90.432,-45.984,0.320
178.4786,-16.000,890.947,1065.372,-87.212,-36.668,0.320
178.5788,-18.000,882.652,1064.677,-91.012,-34.360,0.320
178.6758,-20.000,872.563,1065.444,-96.440,-33.788,0.320
178.7765,-23.000,844.346,1080.218,-117.936,-46.284,0.320
178.8779,-26.000,825.277,1085.341,-130.032,-49.380,0.320
178.9786,-28.000,825.879,1074.203,-124.162,-37.510,0.320
179.0767,-29.000,835.060,1058.228,-111.584,-21.932,0.320
179.1739,-32.000,797.498,1081.494,-141.998,-43.346,0.320
179.2725,-35.000,775.857,1088.465,-156.304,-48.652,0.320
179.3734,-38.000,758.047,1091.284,-166.619,-49.967,0.320
179.4722,-41.000,741.090,1092.979,-175.945,-50.293,0.320
179.5808,-44.000,724.263,1094.314,-185.025,-50.373,0.320
179.6804,-47.000,707.398,1095.489,-194.045,-50.393,0.320
179.7790,-50.000,690.466,1096.567,-203.050,-50.398,0.320
179.8785,-52.000,691.023,1083.852,-196.414,-37.762,0.320
179.9769,-54.000,682.147,1080.714,-199.283,-34.631,0.320
180.0758,-55.000,688.535,1066.275,-188.870,-21.218,0.320
180.1739,-62.000,579.673,1144.413,-282.370,-93.718,0.320
180.2741,-66.000,577.383,1126.228,-274.423,-73.771,0.320
180.3758,-70.000,559.943,1122.904,-281.480,-68.828,0.320
180.4756,-74.000,538.664,1123.174,-292.255,-67.603,0.320
180.5734,-77.000,533.915,1110.545,-288.315,-54.663,0.320
180.6722,-80.000,519.476,1107.693,-294.108,-51.456,0.320
180.7813,-84.000,485.105,1121.006,-317.951,-63.299,0.320
180.8798,-87.000,477.098,1111.594,-317.248,-53.596,0.320
180.9762,-91.000,444.282,1123.244,-339.481,-63.829,0.320
192.7715,-99.000,-985.159,1014.841,-1000.000,-3141.600,0.320
192.8712,-95.000,-971.231,1028.769,-1000.000,-727.901,0.320
192.9695,-90.000,-345.258,429.100,-387.179,-117.179,0.320
193.0754,-87.000,-197.711,306.537,-252.124,8.876,0.320
193.1757,-85.000,-161.182,293.871,-227.526,27.474,0.320
193.2767,-83.000,-139.119,294.717,-216.918,32.082,0.320
193.3767,-80.000,-105.290,282.988,-194.139,45.861,0.320
193.4745,-76.000,-66.534,265.641,-166.088,61.912,0.320
193.5739,-74.000,-71.418,291.351,-181.385,40.615,0.320
193.6736,-71.000,-44.895,285.154,-165.024,47.976,0.320
193.7716,-68.000,-24.119,284.283,-154.201,49.799,0.320
193.8687,-65.000,-4.895,284.603,-144.749,50.251,0.320
193.9690,-62.000,13.837,285.110,-135.637,50.363,0.320
194.0678,-57.000,63.628,254.298,-95.335,75.665,0.320
194.1682,-57.000,16.091,320.593,-152.251,18.749,0.320
194.2666,-57.000,11.273,343.982,-166.354,4.646,0.320
194.3658,-57.000,16.984,356.682,-169.849,1.151,0.320
194.4660,-57.000,25.256,366.686,-170.715,0.285,0.320
194.5751,-56.000,49.759,360.343,-155.292,12.708,0.320
194.6710,-56.000,49.231,378.933,-164.851,3.149,0.320
194.7670,-56.000,55.852,390.291,-167.220,0.780,0.320
194.8760,-56.000,64.334,399.947,-167.807,0.193,0.320
194.9728,-55.000,88.841,393.471,-152.315,12.685,0.320
195.0717,-54.000,105.407,397.846,-146.220,15.780,0.320
195.1715,-54.000,106.324,422.504,-158.090,3.910,0.320
195.2724,-53.000,131.196,421.984,-145.394,13.606,0.320
195.3724,-52.000,149.756,429.739,-139.991,16.009,0.320
195.4715,-51.000,167.343,440.135,-136.396,16.604,0.320
195.5646,-49.000,199.747,434.970,-117.611,29.389,0.320
195.6748,-48.000,209.162,457.324,-124.081,19.919,0.320
195.7738,-47.000,226.125,472.979,-123.427,17.573,0.320
195.8721,-46.000,245.213,487.230,-121.008,16.992,0.320
195.9706,-44.000,279.603,484.634,-102.515,29.485,0.320
196.0696,-43.000,290.881,508.995,-109.057,19.943,0.320
196.1681,-43.000,294.913,543.030,-124.058,4.942,0.320
196.2669,-42.000,324.320,548.596,-112.138,13.862,0.320
196.3670,-41.000,347.200,561.057,-106.928,16.072,0.320
196.4645,-41.000,354.018,592.053,-119.018,3.982,0.320
196.5734,-41.000,369.481,613.508,-122.013,0.987,0.320
196.6660,-41.000,386.816,632.327,-122.755,0.245,0.320
196.7749,-41.000,404.385,650.264,-122.939,0.061,0.320
196.8722,-41.000,421.817,667.786,-122.985,0.015,0.320
196.9709,-40.000,453.605,668.324,-107.359,12.641,0.320
197.0726,-39.000,476.280,678.741,-101.231,15.769,0.320
197.1725,-39.000,482.369,708.554,-113.093,3.907,0.320
197.2696,-38.000,511.633,712.422,-100.395,13.605,0.320
197.3672,-37.000,533.924,723.908,-94.992,16.008,0.320
197.4649,-36.000,554.682,737.475,-91.396,16.604,0.320
197.5735,-35.000,575.225,751.722,-88.249,16.751,0.320
197.6722,-33.000,610.412,749.562,-69.575,29.425,0.320
197.7701,-32.000,622.259,774.403,-76.072,19.928,0.320
197.8695,-30.000,655.863,775.438,-59.788,30.212,0.320
197.9674,-28.000,682.360,784.839,-51.239,32.761,0.320
198.0638,-26.000,707.475,796.691,-44.608,33.392,0.320
198.1654,-25.000,718.013,826.191,-54.089,20.911,0.320
198.2644,-22.000,766.858,812.672,-22.907,43.093,0.320
198.3733,-20.000,785.458,833.554,-24.048,35.952,0.320
198.4728,-18.000,809.588,849.438,-19.925,34.183,0.320
198.5728,-15.000,849.850,847.483,1.184,46.382,0.320
198.6714,-12.000,881.729,855.460,13.134,49.404,0.320
198.7688,-9.000,912.010,866.351,22.829,50.153,0.320
198.8677,-7.000,927.741,895.070,16.336,37.702,0.320
198.9685,-3.000,981.871,880.858,50.507,59.891,0.320
199.0679,-0.000,1005.845,901.109,52.368,52.752,0.320
199.1679,3.000,1017.101,897.868,59.617,50.983,0.320
199.2661,6.000,1027.845,891.416,68.214,50.544,0.320
199.3634,10.000,1051.078,865.472,92.803,63.073,0.320
199.4627,13.000,1049.711,865.014,92.348,53.540,0.320
199.5734,16.000,1054.409,856.245,99.082,51.178,0.320
199.6724,18.000,1046.224,862.289,91.968,37.956,0.320
199.7708,21.000,1060.916,840.259,110.328,47.316,0.320
199.8695,23.000,1054.139,842.117,106.011,36.999,0.320
199.9673,26.000,1068.369,818.186,125.091,47.079,0.320
200.0665,30.000,1088.201,783.749,152.226,62.214,0.320
200.1663,34.000,1096.064,760.111,167.977,65.965,0.320
200.2655,38.000,1100.609,738.797,180.906,66.894,0.320
200.3643,42.000,1104.033,717.760,193.136,67.124,0.320
200.4700,45.000,1093.207,714.095,189.556,54.544,0.320
200.5684,47.000,1077.954,718.351,179.802,38.790,0.320
200.6662,49.000,1074.536,710.740,181.898,34.886,0.320
200.7663,50.000,1060.325,717.738,171.293,21.281,0.320
200.8676,51.000,1056.468,714.623,170.922,17.910,0.320
200.9672,52.000,1055.250,709.075,173.087,17.075,0.320
201.0642,55.000,1082.182,667.873,207.155,42.143,0.320
201.1623,57.000,1076.351,662.893,206.729,35.717,0.320
201.2652,60.000,1089.041,635.494,226.774,46.762,0.320
201.3642,62.000,1079.550,633.803,222.873,36.861,0.320
201.4623,64.000,1077.504,624.664,226.420,34.408,0.320
201.5642,65.000,1063.585,631.235,216.175,21.163,0.320
201.6622,66.000,1059.760,627.974,215.893,17.881,0.320
201.7712,67.000,1058.516,622.356,218.080,17.068,0.320
201.8711,66.000,1027.544,648.336,189.604,-8.408,0.320
201.9702,65.000,1016.529,655.946,180.291,-14.721,0.320
202.0723,64.000,1010.938,659.484,175.727,-16.285,0.320
202.1712,65.000,1037.532,630.304,203.614,8.602,0.320
202.2696,68.000,1072.614,584.504,244.055,40.043,0.320
202.3685,70.000,1069.873,579.456,245.208,35.196,0.320
202.4683,72.000,1070.521,570.506,250.008,33.996,0.320
202.5662,73.000,1058.138,577.992,240.073,21.061,0.320
202.6662,75.000,1069.149,558.139,255.505,30.493,0.320
202.7652,77.000,1072.889,545.204,263.842,32.830,0.320
202.8648,78.000,1061.003,551.434,254.784,20.772,0.320
202.9634,79.000,1058.191,548.598,254.796,17.784,0.320
203.0643,79.000,1043.913,561.076,241.419,4.407,0.320
203.1622,79.000,1039.833,563.625,238.104,1.092,0.320
203.2700,78.000,1021.644,578.353,221.645,-12.367,0.320
203.3690,78.000,1030.975,569.080,230.948,-3.064,0.320
203.4672,77.000,1016.588,581.357,217.616,-13.396,0.320
203.5671,76.000,1010.551,586.440,212.055,-15.957,0.320
203.6662,75.000,1006.931,590.089,208.421,-16.591,0.320
203.7651,75.000,1020.923,579.121,220.901,-4.111,0.320
203.8629,76.000,1039.018,559.757,239.631,11.619,0.320
203.9612,76.000,1031.239,569.458,230.891,2.879,0.320
204.0632,75.000,1013.173,586.997,213.088,-11.924,0.320
204.1631,74.000,1006.702,593.861,206.420,-15.592,0.320
204.2606,73.000,1003.379,598.357,202.511,-16.501,0.320
204.3611,72.000,1001.073,602.500,199.286,-16.726,0.320
204.4697,71.000,999.218,606.757,196.230,-16.782,0.320
204.5692,72.000,1028.079,579.097,224.491,8.479,0.320
204.6692,74.000,1051.146,552.372,249.387,27.375,0.320
204.7691,75.000,1045.716,556.851,244.432,19.420,0.320
204.8702,76.000,1045.922,554.999,245.461,17.449,0.320
204.9693,76.000,1033.596,568.924,232.336,4.324,0.320
205.0722,77.000,1044.740,555.299,244.721,13.709,0.320
205.1710,77.000,1034.875,566.057,234.409,3.397,0.320
205.2622,77.000,1032.698,568.991,231.854,0.842,0.320
205.3633,77.000,1032.388,569.946,231.221,0.209,0.320
205.4649,78.000,1046.222,552.820,246.701,12.689,0.320
205.5642,78.000,1036.778,562.465,237.156,3.144,0.320
205.6628,78.000,1034.498,564.916,234.791,0.779,0.320
205.7620,78.000,1033.985,565.575,234.205,0.193,0.320
205.8626,79.000,1047.619,548.225,249.697,12.685,0.320
205.9613,79.000,1037.998,557.687,240.155,3.143,0.320
206.0639,79.000,1035.566,559.984,237.791,0.779,0.320
206.1650,79.000,1034.923,560.513,237.205,0.193,0.320
206.2649,78.000,1018.011,575.166,221.423,-12.589,0.320
206.3647,78.000,1028.022,566.237,230.893,-3.119,0.320
206.4634,77.000,1014.111,578.907,217.602,-13.410,0.320
206.5614,76.000,1008.453,584.349,212.052,-15.960,0.320
206.6714,75.000,1005.150,588.310,208.420,-16.592,0.320
206.7703,75.000,1019.410,577.609,220.901,-4.111,0.320
206.8704,75.000,1024.015,576.029,223.993,-1.019,0.320
206.9685,75.000,1026.067,576.548,224.760,-0.252,0.320
207.0673,74.000,1010.633,592.008,209.312,-12.700,0.320
207.1654,73.000,1004.979,598.523,203.228,-15.784,0.320
207.2643,72.000,1002.001,603.074,199.464,-16.548,0.320
207.3615,71.000,999.900,607.351,196.274,-16.738,0.320
207.4707,70.000,998.198,611.743,193.227,-16.785,0.320
207.5699,68.000,980.033,630.875,174.579,-29.433,0.320
207.6689,67.000,988.866,626.703,181.082,-19.930,0.320
207.7659,66.000,990.622,629.750,180.436,-17.576,0.320
207.8650,65.000,990.667,634.627,178.020,-16.992,0.320
207.9619,65.000,1007.040,625.437,190.802,-4.210,0.320
208.0608,64.000,996.543,639.880,178.332,-13.680,0.320
208.1612,63.000,993.294,647.324,172.985,-16.027,0.320
208.2615,61.000,975.198,667.665,153.766,-29.246,0.320
208.3634,60.000,984.434,664.177,160.128,-19.884,0.320
208.4616,59.000,986.616,667.721,159.448,-17.564,0.320
208.5613,57.000,970.328,687.557,141.385,-29.627,0.320
208.6602,56.000,980.403,684.336,148.034,-19.978,0.320
208.7615,54.000,966.410,702.836,131.787,-30.225,0.320
208.8618,53.000,977.344,699.573,138.886,-20.126,0.320
208.9610,52.000,980.526,703.751,138.388,-17.624,0.320
209.0599,51.000,981.694,709.679,136.008,-17.004,0.320
209.1587,50.000,982.284,715.961,133.161,-16.851,0.320
209.2697,49.000,982.663,722.264,130.199,-16.813,0.320
209.3689,48.000,982.931,728.514,127.209,-16.803,0.320
209.4693,47.000,983.124,734.702,124.211,-16.801,0.320
209.5687,46.000,983.257,740.833,121.212,-16.800,0.320
209.6682,45.000,983.339,746.915,118.212,-16.800,0.320
209.7660,44.000,983.379,752.955,115.212,-16.800,0.320
209.8658,43.000,983.383,758.959,112.212,-16.800,0.320
209.9637,42.000,983.356,764.932,109.212,-16.800,0.320
210.0695,40.000,966.586,785.436,90.575,-29.437,0.320
210.1678,38.000,959.882,796.995,81.443,-32.569,0.320
210.2657,36.000,956.009,806.674,74.668,-33.344,0.320
210.3637,34.000,953.125,816.174,68.475,-33.537,0.320
210.4620,32.000,950.728,825.873,62.428,-33.584,0.320
210.5648,30.000,948.660,835.829,56.416,-33.596,0.320
210.6620,28.000,946.850,846.024,50.413,-33.599,0.320
210.7610,27.000,961.969,841.871,60.049,-20.963,0.320
210.8691,26.000,967.181,846.820,60.181,-17.831,0.320
210.9681,26.000,986.413,839.226,73.594,-4.418,0.320
211.0684,25.000,977.966,855.406,61.280,-13.732,0.320
211.1682,25.000,993.081,849.862,71.609,-3.403,0.320
211.2682,25.000,999.709,851.371,74.169,-0.843,0.320
211.3683,25.000,1003.801,854.195,74.803,-0.209,0.320
211.4660,25.000,1006.897,856.977,74.960,-0.052,0.320
211.5659,24.000,992.717,873.993,59.362,-12.650,0.320
211.6641,24.000,1004.938,867.183,68.877,-3.135,0.320
211.7631,23.000,992.879,881.682,55.598,-13.414,0.320
211.8629,23.000,1005.506,874.129,65.688,-3.324,0.320
211.9629,22.000,993.445,888.342,52.551,-13.461,0.320
212.0628,22.000,1005.985,880.632,62.677,-3.335,0.320
212.1648,22.000,1010.547,880.176,65.186,-0.826,0.320
212.2625,22.000,1012.913,881.299,65.807,-0.205,0.320
212.3620,22.000,1014.550,882.628,65.961,-0.051,0.320
212.4607,22.000,1015.849,883.850,65.999,-0.013,0.320
212.5606,22.000,1016.930,884.912,66.009,-0.003,0.320
212.6606,22.000,1017.843,885.820,66.011,-0.001,0.320
212.7591,23.000,1032.335,869.037,81.649,12.637,0.320
212.8585,23.000,1023.355,879.068,72.143,3.131,0.320
212.9575,23.000,1021.447,881.871,69.788,0.776,0.320
213.0606,22.000,1004.526,897.392,53.567,-12.445,0.320
213.1585,22.000,1014.792,888.936,62.928,-3.084,0.320
213.2576,21.000,1001.164,901.942,49.611,-13.401,0.320
213.3670,20.000,995.763,907.655,44.054,-15.958,0.320
213.4651,19.000,992.796,911.727,40.535,-16.591,0.320
213.5642,18.000,990.637,915.666,37.486,-16.748,0.320
213.6613,17.000,988.876,919.779,34.549,-16.787,0.320
213.7583,17.000,1004.106,909.549,47.278,-4.160,0.320
213.8570,16.000,992.738,923.006,34.866,-13.668,0.320
213.9640,15.000,988.780,929.580,29.600,-16.024,0.320
214.0634,14.000,986.812,934.612,26.100,-16.608,0.320
214.1618,13.000,985.468,939.400,23.034,-16.752,0.320
214.2627,13.000,1001.111,929.685,35.713,-4.151,0.320
214.3617,12.000,990.107,943.567,23.270,-13.666,0.320
214.4589,12.000,1003.182,935.939,33.622,-3.386,0.320
214.5577,12.000,1008.116,935.634,36.241,-0.839,0.320
214.6576,12.000,1010.787,936.899,36.944,-0.208,0.320
214.7653,12.000,1012.688,938.343,37.172,-0.052,0.320
214.8625,12.000,1014.220,939.654,37.283,-0.013,0.320
214.9596,12.000,1015.510,940.780,37.365,-0.003,0.320
215.0591,12.000,1016.611,941.733,37.439,-0.001,0.320
215.1573,12.000,1017.557,942.533,37.512,-0.000,0.320
215.2577,12.000,1018.371,943.203,37.584,-0.000,0.320
215.3588,12.000,1019.074,943.762,37.656,-0.000,0.320
215.4590,13.000,1033.405,926.663,53.371,12.637,0.320
215.5586,13.000,1024.301,936.415,43.943,3.131,0.320
215.6599,13.000,1022.299,938.967,41.666,0.776,0.320
215.7578,14.000,1035.751,922.144,56.803,12.829,0.320
215.8567,14.000,1026.251,931.777,47.237,3.179,0.320
215.9578,14.000,1024.000,934.141,44.930,0.788,0.320
216.0576,14.000,1023.540,934.698,44.421,0.195,0.320
216.1565,15.000,1037.242,917.238,60.002,12.686,0.320
216.2604,15.000,1027.692,926.594,50.549,3.143,0.320
216.3594,15.000,1025.335,928.785,48.275,0.779,0.320
216.4584,15.000,1024.769,929.211,47.779,0.193,0.320
216.5573,14.000,1007.931,943.770,32.081,-12.589,0.320
216.6560,14.000,1018.016,934.747,41.635,-3.119,0.320
216.7605,13.000,1004.175,947.332,28.422,-13.410,0.320
216.8605,13.000,1015.306,938.132,38.587,-3.323,0.320
216.9595,12.000,1001.982,950.939,25.521,-13.461,0.320
217.0572,12.000,1013.459,942.021,35.719,-3.335,0.320
217.1660,11.000,1000.404,955.092,22.656,-13.464,0.320
217.2644,11.000,1012.105,946.405,32.850,-3.336,0.320
217.3634,10.000,999.237,959.673,19.782,-13.464,0.320
217.4626,9.000,994.373,965.719,14.327,-15.973,0.320
217.5605,8.000,991.721,970.215,10.753,-16.595,0.320
217.6583,7.000,989.812,974.531,7.641,-16.749,0.320
217.7563,6.000,988.253,978.976,4.639,-16.787,0.320
217.8583,4.000,970.197,998.165,-13.984,-29.434,0.320
217.9580,3.000,979.120,994.046,-7.463,-19.931,0.320
218.0556,1.000,964.226,1011.703,-23.739,-30.213,0.320
218.1553,-1.000,956.846,1021.431,-32.293,-32.761,0.320
218.2577,-4.000,932.792,1041.962,-54.585,-46.029,0.320
218.3566,-6.000,935.267,1037.811,-51.272,-36.680,0.320
218.4564,-8.000,929.984,1039.990,-55.003,-34.363,0.320
218.5571,-11.000,904.776,1057.040,-76.132,-46.426,0.320
218.6653,-13.000,905.538,1050.663,-72.562,-36.778,0.320
218.7573,-16.000,881.050,1064.859,-91.905,-47.025,0.320
218.8563,-18.000,881.326,1057.155,-87.914,-36.926,0.320
218.9656,-21.000,856.274,1070.372,-107.049,-47.061,0.320
219.0553,-23.000,856.030,1061.877,-102.924,-36.936,0.320
219.1663,-25.000,847.985,1060.814,-106.415,-34.427,0.320
219.2549,-27.000,837.895,1061.481,-111.793,-33.805,0.320
219.3653,-28.000,844.762,1048.765,-102.002,-21.014,0.320
219.4641,-30.000,824.469,1059.407,-117.469,-30.481,0.320
219.5642,-31.000,828.738,1049.094,-110.178,-20.190,0.320
219.6643,-33.000,807.743,1060.273,-126.265,-30.277,0.320
219.7655,-34.000,811.788,1050.043,-119.127,-20.139,0.320
219.8553,-35.000,808.252,1047.482,-119.615,-17.627,0.320
219.9555,-36.000,802.863,1046.849,-121.993,-17.005,0.320
220.0663,-37.000,797.038,1046.715,-124.839,-16.851,0.320
220.1652,-37.000,808.680,1033.007,-112.163,-4.175,0.320
220.2631,-38.000,793.386,1042.706,-124.660,-13.672,0.320
220.3612,-38.000,802.792,1031.544,-114.376,-3.388,0.320
220.4602,-39.000,787.037,1041.966,-127.465,-13.477,0.320
220.5587,-39.000,796.408,1031.063,-117.327,-3.339,0.320
220.6573,-40.000,780.711,1041.617,-130.453,-13.465,0.320
220.7562,-40.000,790.154,1030.803,-120.324,-3.336,0.320
220.8561,-40.000,792.081,1027.710,-117.815,-0.827,0.320
220.9551,-40.000,792.207,1026.593,-117.193,-0.205,0.320
221.0542,-40.000,791.940,1026.018,-117.039,-0.051,0.320
221.1561,-40.000,791.620,1025.621,-117.001,-0.013,0.320
221.2571,-40.000,791.325,1025.308,-116.991,-0.003,0.320
221.3551,-40.000,791.069,1025.047,-116.989,-0.001,0.320
221.4644,-39.000,805.407,1008.109,-101.351,12.637,0.320
221.5631,-39.000,796.297,1018.010,-110.857,3.131,0.320
221.6612,-38.000,808.834,1003.984,-97.575,13.413,0.320
221.7598,-37.000,814.169,998.224,-92.027,15.961,0.320
221.8583,-37.000,803.483,1011.549,-104.033,3.955,0.320
221.9582,-36.000,816.187,998.928,-91.371,13.617,0.320
222.0575,-35.000,822.036,993.989,-85.977,16.011,0.320
222.1572,-35.000,811.879,1007.920,-98.021,3.967,0.320
222.2557,-33.000,839.613,979.074,-69.731,26.257,0.320
222.3547,-33.000,822.389,1001.353,-89.482,6.506,0.320
222.4650,-32.000,834.201,991.678,-78.739,14.249,0.320
222.5541,-31.000,840.447,988.087,-73.820,16.168,0.320
222.6542,-29.000,860.029,969.443,-54.707,29.281,0.320
222.7651,-28.000,855.959,978.150,-61.095,19.893,0.320
222.8642,-27.000,859.023,979.867,-60.422,17.566,0.320
222.9642,-25.000,878.456,963.178,-42.361,29.627,0.320
223.0641,-24.000,874.894,972.913,-49.010,19.978,0.320
223.1641,-23.000,878.546,975.347,-48.400,17.588,0.320
223.2532,-21.000,898.518,959.229,-30.356,29.632,0.320
223.3551,-20.000,895.423,969.440,-37.008,19.980,0.320
223.4541,-18.000,913.925,955.667,-20.871,30.225,0.320
223.5534,-17.000,910.654,966.797,-28.071,20.127,0.320
223.6633,-15.000,929.379,953.432,-12.027,30.261,0.320
223.7609,-14.000,926.367,964.840,-19.236,20.136,0.320
223.8609,-12.000,945.331,951.692,-3.180,30.264,0.320
223.9571,-10.000,957.093,946.555,5.269,32.773,0.320
224.0545,-9.000,952.759,960.359,-3.800,20.758,0.320
224.1628,-8.000,957.179,964.829,-3.825,17.781,0.320
224.2620,-7.000,963.597,966.807,-1.605,17.043,0.320
224.3607,-6.000,970.367,968.015,1.176,16.860,0.320
224.4573,-5.000,977.102,968.900,4.101,16.815,0.320
224.5544,-5.000,969.162,986.317,-8.577,4.167,0.320
224.6624,-4.000,984.589,976.786,3.902,13.670,0.320
224.7597,-4.000,978.289,991.098,-6.405,3.387,0.320
224.8583,-3.000,993.685,980.352,6.666,13.476,0.320
224.9588,-3.000,987.006,993.983,-3.489,3.339,0.320
225.0611,-3.000,987.431,999.468,-6.019,0.827,0.320
225.1595,-3.000,989.302,1002.620,-6.659,0.205,0.320
225.2572,-3.000,991.264,1004.927,-6.831,0.051,0.320
225.3570,-2.000,1007.586,990.074,8.756,12.650,0.320
225.4572,-2.000,1000.183,1001.726,-0.772,3.134,0.320
225.5578,-2.000,999.619,1005.901,-3.141,0.777,0.320
225.6571,-1.000,1015.121,991.309,11.906,12.830,0.320
225.7583,-1.000,1007.351,1002.853,2.249,3.179,0.320
225.8591,-1.000,1006.557,1006.853,-0.148,0.788,0.320
225.9578,-0.000,1021.885,992.092,14.896,12.832,0.320
226.0581,-0.000,1013.973,1003.485,5.244,3.180,0.320
226.1560,1.000,1026.784,989.793,18.495,13.425,0.320
226.2527,1.000,1017.817,1001.012,8.403,3.327,0.320
226.3619,1.000,1016.277,1004.465,5.906,0.824,0.320
226.4629,1.000,1016.476,1005.892,5.292,0.204,0.320
226.5629,1.000,1017.020,1006.731,5.145,0.051,0.320
226.6620,1.000,1017.575,1007.350,5.113,0.013,0.320
226.7623,2.000,1031.795,990.290,20.752,12.640,0.320
226.8611,2.000,1022.591,1000.079,11.256,3.132,0.320
226.9602,2.000,1020.496,1002.671,8.912,0.776,0.320
227.0600,2.000,1020.135,1003.455,8.340,0.192,0.320
227.1599,2.000,1020.182,1003.767,8.208,0.048,0.320
227.2593,2.000,1020.311,1003.943,8.184,0.012,0.320
227.3581,2.000,1020.444,1004.070,8.187,0.003,0.320
227.4552,3.000,1034.287,986.607,23.840,12.638,0.320
227.5538,3.000,1024.761,996.058,14.352,3.132,0.320
227.6558,3.000,1022.391,998.363,12.014,0.776,0.320
227.7570,3.000,1021.797,998.901,11.448,0.192,0.320
227.8551,3.000,1021.647,999.004,11.322,0.048,0.320
227.9571,3.000,1021.609,999.002,11.304,0.012,0.320
228.0582,3.000,1021.602,998.976,11.313,0.003,0.320
228.1563,3.000,1021.603,998.945,11.329,0.001,0.320
228.2576,3.000,1021.608,998.916,11.346,0.000,0.320
228.3582,3.000,1021.616,998.887,11.364,0.000,0.320
228.4572,3.000,1021.625,998.861,11.382,0.000,0.320
228.5591,3.000,1021.635,998.835,11.400,0.000,0.320
228.6599,3.000,1021.647,998.811,11.418,0.000,0.320
228.7610,3.000,1021.659,998.787,11.436,0.000,0.320
228.8598,3.000,1021.673,998.765,11.454,0.000,0.320
228.9610,3.000,1021.687,998.743,11.472,0.000,0.320
229.0618,3.000,1021.701,998.721,11.490,0.000,0.320
229.1599,3.000,1021.717,998.701,11.508,0.000,0.320
229.2597,3.000,1021.732,998.680,11.526,0.000,0.320
229.3580,3.000,1021.748,998.660,11.544,0.000,0.320
229.4560,3.000,1021.764,998.640,11.562,0.000,0.320
229.5519,3.000,1021.781,998.621,11.580,0.000,0.320
229.6506,3.000,1021.798,998.602,11.598,0.000,0.320
229.7595,3.000,1021.815,998.583,11.616,0.000,0.320
229.8572,2.000,1005.108,1013.127,-4.009,-12.637,0.320
229.9557,2.000,1015.208,1004.190,5.509,-3.131,0.320
230.0545,1.000,1001.346,1016.880,-7.767,-13.413,0.320
230.1535,1.000,1012.443,1007.786,2.328,-3.324,0.320
230.2616,-0.000,999.078,1020.695,-10.809,-13.461,0.320
230.3617,-0.000,1010.509,1011.876,-0.683,-3.335,0.320
230.4511,-0.000,1014.128,1010.477,1.826,-0.826,0.320
230.5516,-0.000,1015.693,1010.799,2.447,-0.205,0.320
230.6608,-0.000,1016.649,1011.447,2.601,-0.051,0.320
230.7581,-0.000,1017.369,1012.090,2.639,-0.013,0.320
230.8555,-0.000,1017.958,1012.660,2.649,-0.003,0.320
230.9538,1.000,1032.176,995.587,18.294,12.636,0.320
231.0561,1.000,1022.963,1005.373,8.795,3.131,0.320
231.1551,1.000,1020.858,1007.966,6.446,0.776,0.320
231.2551,2.000,1034.210,991.188,21.511,12.829,0.320
231.3556,3.000,1038.339,983.307,27.516,15.816,0.320
231.4545,3.000,1026.365,995.091,15.637,3.919,0.320
231.5548,4.000,1037.078,980.378,28.350,13.608,0.320
231.6545,4.000,1026.666,990.390,18.138,3.372,0.320
231.7542,5.000,1037.706,975.169,31.269,13.473,0.320
231.8524,5.000,1027.325,984.996,21.164,3.338,0.320
231.9504,5.000,1024.609,987.242,18.683,0.827,0.320
232.0604,5.000,1023.816,987.635,18.091,0.205,0.320
232.1583,5.000,1023.522,987.589,17.967,0.051,0.320
232.2551,5.000,1023.370,987.453,17.959,0.013,0.320
232.3529,5.000,1023.267,987.309,17.979,0.003,0.320
232.4514,5.000,1023.191,987.177,18.007,0.001,0.320
232.5495,5.000,1023.131,987.059,18.036,0.000,0.320
232.6595,4.000,1006.363,1001.517,2.423,-12.637,0.320
232.7526,4.000,1016.410,992.505,11.953,-3.131,0.320
232.8511,3.000,1002.507,1005.129,-1.311,-13.413,0.320
232.9585,3.000,1013.571,995.978,8.796,-3.324,0.320
233.0565,3.000,1016.901,994.272,11.314,-0.824,0.320
233.1539,2.000,1001.506,1008.889,-3.691,-12.841,0.320
233.2517,2.000,1012.347,1000.387,5.980,-3.182,0.320
233.3493,1.000,999.023,1013.538,-7.258,-13.426,0.320
233.4584,-0.000,993.832,1019.423,-12.796,-15.964,0.320
233.5585,-0.000,1007.635,1009.210,-0.788,-3.956,0.320
233.6575,-1.000,994.572,1021.483,-13.455,-13.617,0.320
233.7575,-3.000,970.848,1039.857,-34.505,-28.649,0.320
233.8564,-4.000,975.543,1032.774,-28.616,-19.736,0.320
233.9547,-5.000,973.286,1032.161,-29.437,-17.527,0.320
234.0575,-7.000,951.595,1046.733,-47.569,-29.617,0.320
234.1576,-8.000,956.242,1038.194,-40.976,-19.976,0.320
234.2549,-9.000,953.503,1036.785,-41.641,-17.587,0.320
234.3524,-10.000,948.853,1037.071,-44.109,-16.995,0.320
234.4519,-13.000,908.532,1065.161,-78.315,-42.123,0.320
234.5525,-14.000,921.878,1046.579,-62.351,-23.075,0.320
234.6533,-16.000,903.299,1056.027,-76.364,-30.992,0.320
234.7536,-17.000,908.072,1045.653,-68.791,-20.317,0.320
234.8525,-18.000,904.808,1043.315,-69.253,-17.671,0.320
234.9510,-19.000,899.549,1042.973,-71.712,-17.016,0.320
235.0586,-20.000,893.912,1043.011,-74.550,-16.854,0.320
235.1585,-21.000,888.152,1043.170,-77.509,-16.813,0.320
235.2585,-22.000,882.361,1043.360,-80.499,-16.803,0.320
235.3563,-22.000,894.121,1029.840,-67.860,-4.164,0.320
235.4567,-23.000,878.947,1039.677,-80.365,-13.669,0.320
235.5559,-23.000,888.461,1028.627,-70.083,-3.387,0.320
235.6534,-23.000,890.356,1025.427,-67.535,-0.839,0.320
235.7553,-23.000,890.433,1024.241,-66.904,-0.208,0.320
235.8553,-23.000,890.117,1023.613,-66.748,-0.052,0.320
235.9571,-22.000,904.313,1006.456,-51.072,12.624,0.320
236.0544,-22.000,895.058,1016.193,-60.568,3.128,0.320
236.1508,-22.000,892.910,1018.751,-62.921,0.775,0.320
236.2580,-21.000,907.058,1002.792,-47.867,12.829,0.320
236.3552,-20.000,912.695,996.455,-41.880,15.816,0.320
236.4528,-20.000,902.001,1009.555,-53.777,3.919,0.320
236.5564,-19.000,914.518,996.922,-41.202,13.608,0.320
236.6541,-18.000,920.182,992.000,-35.909,16.009,0.320
236.7531,-17.000,924.410,989.242,-32.416,16.604,0.320
236.8542,-16.000,928.506,987.236,-29.365,16.751,0.320
236.9543,-15.000,932.761,985.597,-26.418,16.788,0.320
237.0527,-15.000,922.655,1000.927,-39.136,4.160,0.320
237.1530,-14.000,936.219,989.643,-26.712,13.668,0.320
237.2569,-13.000,942.886,985.755,-21.434,16.024,0.320
237.3568,-12.000,947.999,983.844,-17.922,16.608,0.320
237.4568,-11.000,952.858,982.546,-14.844,16.752,0.320
237.5575,-10.000,957.768,981.503,-11.868,16.788,0.320
237.6569,-9.000,962.786,980.612,-8.913,16.797,0.320
237.7475,-8.000,967.914,979.832,-5.959,16.799,0.320
237.8562,-7.000,973.141,979.141,-3.000,16.800,0.320
237.9529,-7.000,963.890,995.248,-15.679,4.163,0.320
238.0512,-6.000,978.193,984.612,-3.209,13.669,0.320
238.1492,-6.000,970.934,997.988,-13.527,3.387,0.320
238.2482,-5.000,985.513,986.448,-0.468,13.476,0.320
238.3571,-4.000,992.701,982.684,5.008,15.976,0.320
238.4552,-4.000,983.614,997.681,-7.033,3.959,0.320
238.5542,-3.000,997.687,986.471,5.608,13.618,0.320
238.6581,-3.000,990.143,999.450,-4.654,3.374,0.320
238.7562,-2.000,1004.459,987.592,8.433,13.473,0.320
238.8552,-1.000,1011.420,983.561,13.930,15.976,0.320
238.9533,-1.000,1002.142,998.329,1.907,3.959,0.320
239.0525,-1.000,1001.492,1003.647,-1.077,0.981,0.320
239.1521,-1.000,1002.732,1006.374,-1.821,0.243,0.320
239.2552,-1.000,1004.229,1008.249,-2.010,0.060,0.320
239.3537,-1.000,1005.611,1009.733,-2.061,0.015,0.320
239.4518,-1.000,1006.812,1010.968,-2.078,0.004,0.320
239.5502,-1.000,1007.838,1012.012,-2.087,0.001,0.320
239.6493,-1.000,1008.712,1012.899,-2.094,0.000,0.320
239.7513,-2.000,991.890,1027.377,-17.743,-12.637,0.320
239.8513,-2.000,1001.888,1018.387,-8.249,-3.131,0.320
239.9500,-2.000,1004.660,1016.472,-5.906,-0.776,0.320
240.0484,-2.000,1005.595,1016.264,-5.334,-0.192,0.320
240.1473,-2.000,1006.037,1016.441,-5.202,-0.048,0.320
240.2473,-2.000,1006.324,1016.680,-5.178,-0.012,0.320
240.3483,-2.000,1006.545,1016.907,-5.181,-0.003,0.320
240.4483,-3.000,989.162,1030.830,-20.834,-12.638,0.320
240.5570,-4.000,981.117,1035.094,-26.989,-15.769,0.320
240.6509,-4.000,992.847,1023.150,-15.151,-3.907,0.320
240.7523,-5.000,978.108,1033.867,-27.879,-13.605,0.320
240.8533,-6.000,970.540,1037.177,-33.318,-16.008,0.320
240.9506,-6.000,982.236,1024.861,-21.313,-3.967,0.320
241.0482,-7.000,967.357,1035.373,-34.008,-13.620,0.320
241.1468,-7.000,977.204,1024.814,-23.805,-3.375,0.320
241.2461,-7.000,979.398,1022.015,-21.308,-0.836,0.320
241.3560,-7.000,979.728,1021.171,-20.721,-0.207,0.320
241.4547,-8.000,962.060,1034.561,-36.251,-12.689,0.320
241.5550,-8.000,971.239,1024.747,-26.754,-3.144,0.320
241.6557,-8.000,973.286,1022.160,-24.437,-0.779,0.320
241.7470,-8.000,973.594,1021.393,-23.899,-0.193,0.320
241.8471,-8.000,973.497,1021.100,-23.802,-0.048,0.320
241.9461,-9.000,955.755,1034.669,-39.457,-12.649,0.320
242.0539,-9.000,964.943,1024.936,-29.996,-3.134,0.320
242.1533,-9.000,967.015,1022.400,-27.693,-0.777,0.320
242.2542,-9.000,967.348,1021.673,-27.162,-0.192,0.320
242.3521,-9.000,967.271,1021.414,-27.072,-0.048,0.320
242.4501,-9.000,967.110,1021.290,-27.090,-0.012,0.320
242.5501,-9.000,966.944,1021.214,-27.135,-0.003,0.320
242.6473,-9.000,966.789,1021.163,-27.187,-0.001,0.320
242.7480,-8.000,981.211,1004.405,-11.597,12.637,0.320
242.8466,-7.000,986.728,997.744,-5.508,15.768,0.320
242.9463,-7.000,975.839,1010.660,-17.411,3.907,0.320
243.0522,-6.000,988.282,997.780,-4.749,13.605,0.320
243.1522,-5.000,993.890,992.641,0.624,16.008,0.320
243.2502,-4.000,998.080,989.688,4.196,16.604,0.320
243.3494,-3.000,1002.156,987.505,7.325,16.751,0.320
243.4511,-2.000,1006.405,985.705,10.350,16.788,0.320
243.5517,-1.000,1010.868,984.162,13.353,16.797,0.320
243.6490,-0.000,1015.532,982.822,16.355,16.799,0.320
243.7492,1.000,1019.531,980.808,19.362,16.800,0.320
243.8503,1.000,1009.244,995.782,6.731,4.163,0.320
243.9490,2.000,1021.833,983.336,19.249,13.669,0.320
244.0510,2.000,1013.125,995.167,8.979,3.387,0.320
244.1509,3.000,1025.639,981.467,22.086,13.476,0.320
244.2500,3.000,1016.516,992.582,11.967,3.339,0.320
244.3511,3.000,1014.869,995.922,9.473,0.827,0.320
244.4514,4.000,1028.707,979.683,24.512,12.842,0.320
244.5508,4.000,1019.551,989.798,14.876,3.182,0.320
244.6498,4.000,1017.589,992.576,12.506,0.788,0.320
244.7479,5.000,1031.089,975.928,27.581,12.833,0.320
244.8459,5.000,1021.629,985.714,17.958,3.180,0.320
244.9448,5.000,1019.405,988.214,15.596,0.788,0.320
245.0538,5.000,1018.960,988.894,15.033,0.195,0.320
245.1520,6.000,1032.666,971.547,30.560,12.686,0.320
245.2532,5.000,1006.390,995.570,5.410,-9.494,0.320
245.3529,6.000,1027.826,971.377,28.225,10.285,0.320
245.4524,5.000,1003.731,993.969,4.881,-10.089,0.320
245.5496,5.000,1012.212,987.211,12.500,-2.500,0.320
245.6519,5.000,1014.854,986.033,14.411,-0.619,0.320
245.7486,5.000,1015.973,986.160,14.907,-0.153,0.320
245.8548,5.000,1016.647,986.543,15.052,-0.038,0.320
245.9526,5.000,1017.155,986.934,15.111,-0.009,0.320
246.0527,5.000,1017.574,987.279,15.148,-0.002,0.320
246.1519,5.000,1017.931,987.572,15.179,-0.001,0.320
246.2519,5.000,1018.238,987.818,15.210,-0.000,0.320
246.3497,5.000,1018.502,988.023,15.240,-0.000,0.320
246.4531,5.000,1018.732,988.192,15.270,-0.000,0.320
246.5541,5.000,1018.932,988.332,15.300,-0.000,0.320
246.6523,4.000,1002.383,1003.009,-0.313,-12.637,0.320
246.7441,4.000,1012.617,994.184,9.217,-3.131,0.320
246.8437,3.000,998.872,1006.966,-4.047,-13.413,0.320
246.9438,2.000,993.347,1012.513,-9.583,-15.961,0.320
247.0548,1.000,990.151,1016.567,-13.208,-16.592,0.320
247.1461,-0.000,987.780,1020.509,-16.364,-16.748,0.320
247.2438,-1.000,984.982,1023.801,-19.409,-16.787,0.320
247.3450,-2.000,981.751,1026.613,-22.431,-16.797,0.320
247.4536,-3.000,978.132,1029.035,-25.451,-16.799,0.320
247.5530,-4.000,974.179,1031.131,-28.476,-16.800,0.320
247.6517,-5.000,969.939,1032.951,-31.506,-16.800,0.320
247.7540,-6.000,965.455,1034.539,-34.542,-16.800,0.320
247.8539,-7.000,960.763,1035.931,-37.584,-16.800,0.320
247.9437,-7.000,973.455,1023.432,-24.989,-4.163,0.320
248.0442,-8.000,959.063,1034.149,-37.543,-13.669,0.320
248.1535,-8.000,969.235,1023.853,-27.309,-3.387,0.320
248.2528,-8.000,971.682,1021.300,-24.809,-0.839,0.320
248.3506,-8.000,972.220,1020.672,-24.226,-0.208,0.320
248.4516,-8.000,972.291,1020.526,-24.118,-0.052,0.320
248.5437,-8.000,972.249,1020.503,-24.127,-0.013,0.320
248.6428,-8.000,972.183,1020.514,-24.165,-0.003,0.320
248.7526,-8.000,972.114,1020.536,-24.211,-0.001,0.320
248.8516,-8.000,972.047,1020.563,-24.258,-0.000,0.320
248.9429,-7.000,986.545,1003.871,-8.663,12.637,0.320
249.0442,-7.000,977.565,1013.987,-18.211,3.131,0.320
249.1441,-7.000,975.650,1016.866,-20.608,0.776,0.320
249.2453,-7.000,975.435,1017.902,-21.234,0.192,0.320
249.3473,-7.000,975.597,1018.437,-21.420,0.048,0.320
249.4469,-7.000,975.815,1018.812,-21.498,0.012,0.320
249.5477,-7.000,976.016,1019.114,-21.549,0.003,0.320
249.6500,-7.000,976.186,1019.373,-21.593,0.001,0.320
249.7491,-7.000,976.326,1019.597,-21.636,0.000,0.320
249.8515,-7.000,976.438,1019.794,-21.678,0.000,0.320
249.9515,-7.000,976.527,1019.967,-21.720,0.000,0.320
250.0436,-7.000,976.597,1020.121,-21.762,0.000,0.320
250.1437,-7.000,976.650,1020.258,-21.804,0.000,0.320
250.2536,-7.000,976.689,1020.381,-21.846,0.000,0.320
250.3536,-7.000,976.716,1020.492,-21.888,0.000,0.320
250.4523,-7.000,976.732,1020.592,-21.930,0.000,0.320
250.5503,-7.000,976.740,1020.684,-21.972,0.000,0.320
250.6490,-8.000,959.176,1034.491,-37.657,-12.637,0.320
250.7520,-9.000,950.975,1038.660,-43.843,-15.769,0.320
250.8492,-9.000,962.568,1026.639,-32.035,-3.907,0.320
250.9464,-9.000,965.272,1023.572,-29.150,-0.968,0.320
251.0454,-9.000,965.792,1022.744,-28.476,-0.240,0.320
251.1425,-9.000,965.787,1022.486,-28.349,-0.059,0.320
251.2498,-9.000,965.666,1022.384,-28.359,-0.015,0.320
251.3467,-9.000,965.528,1022.332,-28.402,-0.004,0.320
251.4448,-9.000,965.396,1022.302,-28.453,-0.001,0.320
251.5415,-9.000,965.275,1022.287,-28.506,-0.000,0.320
251.6526,-8.000,979.726,1005.559,-12.917,12.637,0.320
251.7515,-8.000,970.704,1015.646,-22.471,3.131,0.320
251.8505,-7.000,983.317,1001.779,-9.231,13.413,0.320
251.9483,-7.000,974.152,1012.877,-19.362,3.324,0.320
252.0485,-7.000,972.432,1016.241,-21.904,0.824,0.320
252.1505,-7.000,972.469,1017.600,-22.566,0.204,0.320
252.2500,-6.000,987.430,1001.667,-7.118,12.688,0.320
252.3503,-6.000,978.937,1012.333,-16.698,3.144,0.320
252.4473,-6.000,977.460,1015.658,-19.099,0.779,0.320
252.5460,-6.000,977.623,1017.065,-19.721,0.193,0.320
252.6449,-5.000,992.672,1001.190,-4.259,12.685,0.320
252.7430,-5.000,984.249,1011.911,-13.831,3.143,0.320
252.8439,-5.000,982.832,1015.282,-16.225,0.779,0.320
252.9520,-5.000,983.046,1016.728,-16.841,0.193,0.320
253.0416,-4.000,998.140,1000.886,-1.373,12.685,0.320
253.1524,-4.000,989.756,1011.634,-10.939,3.143,0.320
253.2513,-4.000,988.372,1015.027,-13.327,0.779,0.320
253.3502,-3.000,1003.180,999.767,1.706,12.830,0.320
253.4480,-3.000,994.819,1010.744,-7.963,3.179,0.320
253.5484,-3.000,993.521,1014.265,-10.372,0.788,0.320
253.6494,-3.000,993.855,1015.821,-10.983,0.195,0.320
253.7495,-2.000,1009.057,1000.066,4.496,12.686,0.320
253.8486,-2.000,1000.767,1010.885,-5.059,3.143,0.320
253.9475,-2.000,999.466,1014.336,-7.435,0.779,0.320
254.0474,-2.000,999.782,1015.848,-8.033,0.193,0.320
254.1463,-2.000,1000.401,1016.781,-8.190,0.048,0.320
254.2435,-1.000,1015.576,1000.766,7.405,12.649,0.320
254.3512,-1.000,1007.199,1011.430,-2.116,3.134,0.320
254.4415,-0.000,1020.370,998.043,11.164,13.414,0.320
254.5498,-0.000,1011.688,1009.540,1.074,3.324,0.320
254.6483,-1.000,992.821,1026.961,-17.070,-11.814,0.320
254.7453,-1.000,1002.587,1018.965,-8.189,-2.927,0.320
254.8432,-1.000,1005.535,1017.522,-5.993,-0.725,0.320
254.9435,-2.000,989.151,1031.345,-21.097,-12.817,0.320
255.0442,-3.000,981.629,1035.851,-27.111,-15.813,0.320
255.1416,-4.000,976.160,1037.915,-30.877,-16.555,0.320
255.2422,-5.000,971.080,1039.262,-34.091,-16.739,0.320
255.3503,-6.000,965.991,1040.337,-37.173,-16.785,0.320
255.4503,-7.000,960.812,1041.265,-40.226,-16.796,0.320
255.5501,-8.000,955.534,1042.089,-43.277,-16.799,0.320
255.6491,-9.000,950.167,1042.830,-46.332,-16.800,0.320
255.7471,-10.000,944.721,1043.505,-49.392,-16.800,0.320
255.8412,-12.000,921.644,1057.846,-68.101,-29.437,0.320
255.9403,-14.000,907.875,1062.508,-77.316,-32.568,0.320
256.0492,-15.000,913.857,1050.947,-68.545,-20.707,0.320
256.1485,-17.000,893.345,1062.036,-84.345,-30.405,0.320
256.2463,-18.000,897.547,1051.985,-77.219,-20.171,0.320
256.3512,-20.000,876.619,1063.260,-93.321,-30.273,0.320
256.4489,-22.000,863.174,1066.821,-101.823,-32.775,0.320
256.5476,-23.000,869.070,1054.683,-92.807,-20.759,0.320
256.6406,-25.000,848.418,1065.350,-108.466,-30.418,0.320
256.7497,-27.000,834.941,1068.660,-116.860,-32.812,0.320
256.8468,-29.000,823.187,1070.092,-123.453,-33.405,0.320
256.9457,-31.000,811.813,1071.012,-129.600,-33.552,0.320
257.0437,-33.000,800.493,1071.765,-135.636,-33.588,0.320
257.1436,-35.000,789.154,1072.444,-141.645,-33.597,0.320
257.2409,-37.000,777.781,1073.075,-147.647,-33.599,0.320
257.3396,-39.000,766.375,1073.670,-153.648,-33.600,0.320
257.4497,-42.000,737.383,1087.953,-175.285,-46.237,0.320
257.5491,-44.000,735.297,1078.856,-171.779,-36.731,0.320
257.6491,-46.000,726.060,1076.908,-175.424,-34.376,0.320
257.7392,-48.000,715.050,1076.731,-180.840,-33.792,0.320
257.8422,-49.000,721.157,1063.274,-171.058,-21.010,0.320
257.9405,-51.000,700.224,1073.281,-186.528,-30.480,0.320
258.0486,-52.000,703.950,1062.426,-179.238,-20.190,0.320
258.1412,-53.000,700.051,1059.427,-179.688,-17.640,0.320
258.2401,-54.000,694.331,1058.443,-182.056,-17.008,0.320
258.3401,-55.000,688.218,1058.017,-184.900,-16.852,0.320
258.4401,-55.000,699.615,1044.063,-172.224,-4.176,0.320
258.5402,-56.000,684.112,1053.552,-184.720,-13.672,0.320
258.6422,-63.000,570.440,1138.232,-283.896,-91.848,0.320
258.7394,-66.000,585.036,1108.473,-261.718,-60.670,0.320
258.8385,-69.000,576.057,1102.043,-262.993,-52.945,0.320
258.9480,-71.000,578.720,1087.603,-254.441,-38.393,0.320
259.0502,-74.000,552.923,1097.869,-272.473,-47.425,0.320
259.1403,-77.000,533.825,1101.246,-283.711,-49.663,0.320
259.2402,-78.000,551.443,1075.425,-261.991,-24.943,0.320
259.3414,-80.000,533.105,1082.111,-274.503,-31.455,0.320
259.4382,-83.000,502.142,1097.649,-297.754,-45.706,0.320
259.5412,-85.000,499.353,1088.648,-294.648,-36.600,0.320
259.6401,-86.000,507.315,1072.823,-282.754,-21.706,0.320
259.7390,-88.000,486.687,1082.088,-297.701,-30.653,0.320
259.8390,-89.000,490.358,1070.919,-290.281,-20.233,0.320
259.9492,-90.000,486.333,1067.730,-290.699,-17.651,0.320
260.0481,-92.000,462.930,1080.321,-308.696,-29.648,0.320
260.1466,-93.000,466.079,1070.142,-302.032,-19.984,0.320
260.2451,-95.000,444.509,1081.057,-318.274,-30.226,0.320
260.3436,-96.000,448.160,1070.509,-311.175,-20.127,0.320
260.4427,-98.000,426.754,1081.373,-327.310,-30.262,0.320
260.9471,-100.000,-985.159,1014.841,-1000.000,-3173.333,0.320
261.0455,-97.000,-971.231,1028.769,-1000.000,-748.401,0.320
261.1460,-95.000,-403.249,487.091,-445.170,-160.170,0.320
261.2451,-97.000,-301.549,410.376,-355.963,-64.963,0.320
261.3461,-97.000,-240.752,373.442,-307.097,-16.097,0.320
261.4442,-95.000,-185.915,341.514,-263.714,21.286,0.320
261.5420,-95.000,-190.877,368.574,-279.726,5.274,0.320
261.6410,-94.000,-168.502,367.610,-268.056,13.944,0.320
261.7430,-92.000,-137.304,357.237,-247.270,28.730,0.320
261.8420,-91.000,-133.114,373.374,-253.244,19.756,0.320
261.9395,-90.000,-122.386,382.549,-252.468,17.532,0.320
262.0403,-90.000,-125.802,405.510,-265.656,4.344,0.320
262.1383,-89.000,-103.813,402.760,-253.286,13.714,0.320
262.2480,-88.000,-89.002,406.928,-247.965,16.035,0.320
262.3480,-88.000,-91.684,428.369,-260.027,3.973,0.320
262.4463,-87.000,-69.751,425.006,-247.378,13.622,0.320
262.5443,-86.000,-55.154,428.821,-241.988,16.012,0.320
262.6439,-85.000,-42.424,434.366,-238.395,16.605,0.320
262.7428,-85.000,-45.835,455.936,-250.886,4.114,0.320
262.8419,-84.000,-24.261,452.425,-238.343,13.657,0.320
262.9400,-83.000,-9.907,456.050,-232.979,16.021,0.320
263.0374,-82.000,2.633,461.419,-229.393,16.607,0.320
263.1450,-81.000,14.702,467.197,-226.248,16.752,0.320
263.2393,-80.000,26.636,473.060,-223.212,16.788,0.320
263.3373,-79.000,38.522,478.928,-220.203,16.797,0.320
263.4464,-77.000,66.019,469.147,-201.564,29.436,0.320
263.5374,-76.000,68.357,484.494,-208.069,19.931,0.320
263.6485,-75.000,77.831,492.679,-207.424,17.576,0.320
263.7458,-74.000,89.065,499.080,-205.008,16.992,0.320
263.8442,-73.000,100.797,505.102,-202.152,16.848,0.320
263.9471,-71.000,128.671,495.774,-183.551,29.449,0.320
264.0479,-70.000,134.346,514.477,-190.066,19.934,0.320
264.1465,-68.000,162.714,510.286,-173.786,30.214,0.320
264.2445,-67.000,170.206,531.958,-180.876,20.124,0.320
264.3439,-65.000,200.465,529.944,-164.739,30.261,0.320
264.4422,-64.000,209.651,553.380,-171.865,20.135,0.320
264.5410,-62.000,241.371,552.844,-155.736,30.264,0.320
264.6409,-56.000,324.590,493.946,-84.678,83.322,0.320
264.7388,-56.000,283.638,578.346,-147.354,20.646,0.320
264.8378,-56.000,288.960,614.728,-162.884,5.116,0.320
264.9446,-56.000,305.224,638.688,-166.732,1.268,0.320
265.0424,-55.000,338.310,642.407,-152.049,12.951,0.320
265.1408,-54.000,362.654,654.962,-146.154,15.846,0.320
265.2386,-54.000,370.304,686.451,-158.073,3.927,0.320
265.3422,-53.000,400.929,691.708,-145.390,13.610,0.320
265.4423,-51.000,438.943,687.649,-124.353,28.647,0.320
265.5422,-50.000,451.770,712.299,-130.265,19.735,0.320
265.6398,-48.000,485.853,713.524,-113.835,30.165,0.320
265.7411,-46.000,512.671,723.174,-105.251,32.749,0.320
265.8406,-44.000,538.038,735.260,-98.611,33.389,0.320
265.9393,-41.000,577.898,731.528,-76.815,46.185,0.320
266.0447,-39.000,594.514,755.077,-80.282,36.718,0.320
266.1455,-35.000,647.580,738.286,-45.353,59.647,0.320
266.2442,-32.000,670.188,756.805,-43.309,52.691,0.320
266.3417,-29.000,698.591,770.655,-36.032,50.968,0.320
266.4418,-25.000,743.326,766.970,-11.822,63.178,0.320
266.5418,-22.000,765.308,790.175,-12.434,53.566,0.320
266.6407,-18.000,809.227,789.800,9.714,63.822,0.320
266.7406,-14.000,846.258,797.916,24.171,66.363,0.320
266.8458,-10.000,882.082,808.601,36.741,66.993,0.320
266.9444,-6.000,918.036,820.315,48.861,67.149,0.320
267.0435,-3.000,939.826,849.337,45.244,54.550,0.320
267.1408,-0.000,970.946,868.702,51.122,51.428,0.320
267.2400,2.000,988.051,900.604,43.724,38.018,0.320
267.3420,5.000,1010.935,886.799,62.068,47.332,0.320
267.4439,7.000,1011.167,895.605,57.781,37.003,0.320
267.5425,9.000,1017.662,895.112,61.275,34.443,0.320
267.6456,11.000,1024.805,891.391,66.707,33.809,0.320
267.7466,14.000,1045.063,868.521,88.271,46.289,0.320
267.8466,17.000,1054.887,853.957,100.465,49.381,0.320
267.9455,19.000,1047.776,858.359,94.708,37.510,0.320
268.0436,21.000,1048.843,853.309,97.767,34.569,0.320
268.1426,22.000,1037.865,863.063,87.401,21.203,0.320
268.2427,23.000,1036.612,862.434,87.089,17.891,0.320
268.3416,24.000,1037.572,859.035,89.268,17.070,0.320
268.4434,23.000,1008.478,886.896,60.791,-8.407,0.320
268.5420,23.000,1015.777,881.548,67.115,-2.083,0.320
268.6403,22.000,1001.457,895.368,53.045,-13.153,0.320
268.7418,21.000,995.921,901.318,47.302,-15.896,0.320
268.8391,20.000,992.837,905.593,43.622,-16.576,0.320
268.9418,19.000,990.709,909.574,40.567,-16.745,0.320
269.0388,19.000,1005.706,899.152,53.277,-4.149,0.320
269.1385,17.000,977.439,926.988,25.226,-26.302,0.320
269.2436,16.000,983.420,924.481,29.469,-19.155,0.320
269.3427,15.000,984.178,927.516,28.331,-17.383,0.320
269.4418,14.000,983.732,932.025,25.853,-16.945,0.320
269.5389,14.000,999.789,922.422,38.683,-4.199,0.320
269.6375,13.000,989.051,936.486,26.282,-13.678,0.320
269.7376,11.000,968.885,958.160,5.363,-28.663,0.320
269.8375,9.000,960.706,969.300,-4.297,-32.377,0.320
269.9392,5.000,922.480,1007.403,-42.461,-58.571,0.320
270.0386,1.000,905.623,1027.515,-60.946,-65.062,0.320
270.1366,-0.000,945.230,1000.515,-27.643,-28.759,0.320
270.2345,-0.000,973.720,985.741,-6.010,-7.126,0.320
270.3347,-2.000,949.784,1013.656,-31.936,-27.040,0.320
270.4351,-2.000,974.803,998.019,-11.608,-6.700,0.320
270.5347,-2.000,983.818,996.978,-6.580,-1.660,0.320
270.6444,-3.000,970.881,1012.854,-20.987,-13.049,0.320
270.7421,-6.000,930.737,1046.975,-58.119,-41.145,0.320
270.8444,-9.000,910.902,1059.171,-74.135,-48.107,0.320
270.9433,-11.000,913.161,1051.738,-69.289,-37.195,0.320
271.0427,-14.000,889.185,1065.797,-88.306,-47.128,0.320
271.1444,-16.000,889.710,1058.162,-84.226,-36.952,0.320
271.2445,-17.000,899.825,1044.164,-72.169,-21.793,0.320
271.3438,-18.000,898.403,1041.446,-71.521,-18.037,0.320
271.4439,-19.000,894.040,1041.449,-73.705,-17.107,0.320
271.5414,-21.000,871.441,1055.663,-92.111,-29.513,0.320
271.6404,-23.000,857.963,1060.333,-101.185,-32.587,0.320
271.7424,-25.000,846.618,1062.512,-107.947,-33.349,0.320
271.8415,-28.000,818.136,1077.682,-129.773,-46.175,0.320
271.9395,-30.000,816.597,1069.225,-126.314,-36.716,0.320
272.0388,-34.000,772.739,1095.228,-161.244,-59.646,0.320
272.1343,-37.000,763.346,1089.924,-163.289,-52.691,0.320
272.2436,-39.000,766.120,1075.977,-154.929,-38.331,0.320
272.3431,-41.000,758.090,1072.830,-157.370,-34.772,0.320
272.4411,-43.000,747.382,1072.358,-162.488,-33.890,0.320
272.5401,-45.000,736.008,1072.548,-168.270,-33.672,0.320
272.6393,-46.000,742.027,1059.184,-158.579,-20.981,0.320
272.7378,-48.000,721.072,1069.215,-174.071,-30.473,0.320
272.8352,-50.000,707.238,1072.084,-182.423,-32.825,0.320
272.9335,-51.000,712.712,1059.449,-173.369,-20.771,0.320
273.0442,-53.000,691.678,1069.716,-189.019,-30.421,0.320
273.1433,-54.000,695.429,1058.975,-181.773,-20.175,0.320
273.2433,-55.000,691.576,1056.045,-182.234,-17.636,0.320
273.3420,-56.000,685.902,1055.113,-184.605,-17.007,0.320
273.4444,-56.000,697.388,1041.013,-171.812,-4.214,0.320
273.5444,-56.000,699.447,1036.731,-168.642,-1.044,0.320
273.6347,-57.000,681.731,1048.719,-183.494,-12.896,0.320
273.7338,-57.000,690.496,1038.083,-173.793,-3.195,0.320
273.8353,-57.000,692.105,1034.885,-171.390,-0.792,0.320
273.9433,-57.000,692.026,1033.614,-170.794,-0.196,0.320
274.0431,-61.000,621.370,1087.761,-233.195,-50.597,0.320
274.1431,-63.000,623.300,1076.119,-226.410,-37.812,0.320
274.2425,-64.000,633.058,1060.267,-213.604,-22.006,0.320
274.3431,-66.000,613.406,1070.057,-228.325,-30.727,0.320
274.4425,-67.000,617.772,1059.470,-220.849,-20.251,0.320
274.5421,-68.000,614.303,1056.810,-221.253,-17.655,0.320
274.6412,-69.000,608.922,1056.142,-223.610,-17.012,0.320
274.7382,-70.000,603.091,1055.992,-226.451,-16.853,0.320
274.8343,-71.000,597.168,1055.990,-229.411,-16.813,0.320
274.9340,-71.000,608.797,1042.325,-216.764,-4.166,0.320
275.0413,-71.000,611.065,1038.326,-213.630,-1.032,0.320
275.1382,-72.000,593.549,1050.531,-228.491,-12.893,0.320
275.2366,-71.000,617.047,1023.359,-203.156,9.442,0.320
275.3321,-71.000,609.883,1030.400,-210.258,2.340,0.320
275.4320,-71.000,608.071,1032.107,-212.018,0.580,0.320
275.5413,-71.000,607.590,1032.499,-212.454,0.144,0.320
275.6406,-70.000,622.002,1015.852,-196.925,12.673,0.320
275.7396,-71.000,595.462,1039.652,-222.095,-9.497,0.320
275.8376,-70.000,617.498,1016.126,-199.314,10.284,0.320
275.9384,-70.000,610.629,1024.729,-207.050,2.548,0.320
276.0367,-70.000,609.450,1027.383,-208.967,0.631,0.320
276.1355,-70.000,609.601,1028.484,-209.442,0.156,0.320
276.2367,-70.000,610.016,1029.134,-209.559,0.039,0.320
276.3366,-70.000,610.439,1029.616,-209.588,0.010,0.320
276.4352,-69.000,625.374,1013.291,-193.958,12.640,0.320
276.5327,-68.000,631.332,1006.990,-187.829,15.769,0.320
276.6427,-67.000,635.383,1003.490,-184.053,16.545,0.320
276.7400,-66.000,639.228,1000.951,-180.861,16.737,0.320
276.8376,-65.000,643.251,998.879,-177.814,16.784,0.320
276.9362,-63.000,662.069,980.399,-159.165,29.433,0.320
277.0361,-62.000,657.630,988.965,-165.668,19.930,0.320
277.1341,-61.000,660.450,990.494,-165.022,17.576,0.320
277.2331,-61.000,650.577,1007.063,-178.243,4.355,0.320
277.3317,-56.000,722.933,929.599,-103.333,64.265,0.320
277.4400,-56.000,679.921,983.269,-151.674,15.924,0.320
277.5402,-56.000,672.472,999.777,-163.652,3.946,0.320
277.6413,-55.000,687.912,989.878,-150.983,13.615,0.320
277.7423,-55.000,681.525,1003.974,-161.224,3.374,0.320
277.8321,-54.000,696.821,993.071,-148.125,13.473,0.320
277.9319,-54.000,690.053,1006.572,-158.260,3.338,0.320
278.0321,-53.000,704.961,995.228,-145.134,13.464,0.320
278.1322,-52.000,712.405,991.654,-139.625,15.973,0.320
278.2342,-52.000,703.534,1006.814,-151.640,3.958,0.320
278.3325,-51.000,717.787,995.747,-138.980,13.618,0.320
278.4310,-49.000,739.511,975.410,-117.949,28.649,0.320
278.5401,-48.000,736.108,983.832,-123.862,19.736,0.320
278.6422,-47.000,739.453,985.594,-123.071,17.527,0.320
278.7312,-46.000,744.496,985.732,-120.618,16.980,0.320
278.8332,-44.000,764.540,968.772,-102.116,29.482,0.320
278.9410,-43.000,761.231,978.542,-108.656,19.942,0.320
279.0392,-42.000,765.033,981.072,-108.019,17.579,0.320
279.1379,-41.000,770.558,981.768,-105.605,16.993,0.320
279.2378,-39.000,791.035,965.261,-87.113,29.485,0.320
279.3378,-38.000,788.100,975.409,-93.655,19.943,0.320
279.4382,-38.000,777.664,994.976,-108.656,4.942,0.320
279.5361,-37.000,792.385,985.857,-96.736,13.862,0.320
279.6370,-37.000,785.838,1000.165,-107.163,3.435,0.320
279.7359,-36.000,801.111,989.330,-94.110,13.488,0.320
279.8350,-35.000,808.908,986.145,-88.619,15.979,0.320
279.9361,-35.000,800.348,1001.625,-100.639,3.959,0.320
280.0349,-34.000,814.867,990.827,-87.980,13.618,0.320
280.1331,-33.000,822.262,987.435,-82.586,16.012,0.320
280.2320,-32.000,827.977,985.964,-78.993,16.605,0.320
280.3318,-31.000,833.347,985.040,-75.846,16.752,0.320
280.4349,-31.000,824.136,1001.031,-88.447,4.151,0.320
280.5331,-30.000,838.453,990.317,-75.932,13.666,0.320
280.6328,-30.000,831.204,1003.628,-86.212,3.386,0.320
280.7310,-29.000,845.791,992.034,-73.122,13.476,0.320
280.8303,-29.000,838.426,1004.943,-83.259,3.339,0.320
280.9413,-29.000,838.270,1009.811,-85.771,0.827,0.320
281.0298,-29.000,839.650,1012.436,-86.393,0.205,0.320
281.1300,-30.000,823.641,1028.010,-102.184,-12.586,0.320
281.2383,-30.000,834.424,1019.858,-92.717,-3.119,0.320
281.3360,-30.000,837.888,1018.629,-90.371,-0.773,0.320
281.4347,-30.000,839.419,1018.998,-89.789,-0.191,0.320
281.5323,-31.000,822.814,1033.379,-105.283,-12.685,0.320
281.6300,-31.000,832.910,1024.392,-95.741,-3.143,0.320
281.7371,-32.000,818.188,1036.216,-109.014,-13.416,0.320
281.8353,-32.000,828.548,1026.393,-98.922,-3.324,0.320
281.9330,-33.000,813.720,1037.838,-112.059,-13.461,0.320
282.0329,-34.000,806.350,1041.491,-117.571,-15.973,0.320
282.1317,-34.000,818.286,1029.397,-105.556,-3.958,0.320
282.2303,-34.000,821.196,1026.353,-102.579,-0.981,0.320
282.3297,-35.000,804.319,1039.275,-117.478,-12.880,0.320
282.4403,-35.000,813.827,1029.406,-107.790,-3.192,0.320
282.5399,-35.000,816.074,1026.852,-105.389,-0.791,0.320
282.6399,-34.000,831.095,1009.409,-89.157,12.441,0.320
282.7384,-34.000,822.208,1019.238,-98.515,3.083,0.320
282.8374,-34.000,820.290,1021.958,-100.834,0.764,0.320
282.9352,-34.000,820.055,1022.873,-101.409,0.189,0.320
283.0329,-34.000,820.202,1023.304,-101.551,0.047,0.320
283.1328,-33.000,834.970,1006.868,-85.949,12.649,0.320
283.2318,-33.000,826.246,1017.174,-95.464,3.134,0.320
283.3307,-33.000,824.561,1020.204,-97.821,0.777,0.320
283.4337,-32.000,839.106,1004.642,-82.768,12.830,0.320
283.5348,-32.000,830.523,1015.361,-92.419,3.179,0.320
283.6358,-31.000,843.596,1001.942,-79.173,13.425,0.320
283.7337,-31.000,834.851,1013.394,-89.271,3.327,0.320
283.8313,-31.000,833.500,1017.047,-91.774,0.824,0.320
283.9391,-30.000,848.415,1001.928,-76.757,12.841,0.320
284.0367,-31.000,822.611,1026.718,-102.053,-9.455,0.320
284.1397,-31.000,830.793,1020.674,-94.941,-2.343,0.320
284.2377,-31.000,833.464,1019.821,-93.179,-0.581,0.320
284.3358,-30.000,849.230,1003.440,-77.105,12.493,0.320
284.4352,-30.000,841.071,1014.076,-86.502,3.096,0.320
284.5339,-30.000,839.795,1017.457,-88.831,0.767,0.320
284.6329,-30.000,840.113,1018.929,-89.408,0.190,0.320
284.7358,-30.000,840.731,1019.833,-89.551,0.047,0.320
284.8359,-29.000,855.899,1003.798,-73.949,12.649,0.320
284.9343,-29.000,847.516,1014.444,-83.464,3.134,0.320
285.0331,-28.000,860.678,1001.046,-70.184,13.414,0.320
285.1320,-28.000,851.987,1012.536,-80.274,3.324,0.320
285.2327,-27.000,865.234,999.508,-67.137,13.461,0.320
285.3311,-26.000,871.259,994.510,-61.625,15.973,0.320
285.4292,-26.000,861.180,1008.461,-73.640,3.958,0.320
285.5350,-26.000,859.849,1013.084,-76.617,0.981,0.320
285.6367,-26.000,860.510,1015.220,-77.355,0.243,0.320
285.7347,-26.000,861.517,1016.592,-77.538,0.060,0.320
285.8337,-27.000,844.925,1031.365,-93.220,-12.622,0.320
285.9354,-28.000,837.589,1036.315,-99.363,-15.765,0.320
286.0333,-29.000,832.377,1038.660,-103.141,-16.543,0.320
286.1315,-30.000,827.545,1040.214,-106.334,-16.736,0.320
286.2307,-31.000,822.684,1041.449,-109.382,-16.784,0.320
286.3306,-32.000,817.711,1042.499,-112.394,-16.796,0.320
286.4314,-34.000,795.064,1057.133,-131.034,-29.436,0.320
286.5306,-35.000,799.243,1048.302,-124.529,-19.931,0.320
286.6296,-37.000,778.644,1060.266,-140.811,-30.213,0.320
286.7277,-39.000,765.587,1064.305,-149.359,-32.761,0.320
286.8364,-40.000,771.840,1052.546,-140.353,-20.755,0.320
286.9356,-42.000,751.498,1063.528,-156.015,-30.417,0.320
287.0335,-43.000,755.843,1053.387,-148.772,-20.174,0.320
287.1366,-45.000,734.940,1064.683,-164.871,-30.273,0.320
287.2355,-46.000,739.072,1054.545,-157.737,-20.139,0.320
287.3325,-47.000,735.611,1052.061,-158.225,-17.627,0.320
287.4318,-48.000,730.287,1051.493,-160.603,-17.005,0.320
287.5316,-48.000,742.073,1037.697,-147.812,-4.214,0.320
287.6318,-49.000,726.832,1047.390,-160.279,-13.681,0.320
287.7328,-50.000,718.708,1049.959,-165.625,-16.027,0.320
287.8316,-50.000,729.903,1037.042,-153.569,-3.971,0.320
287.9290,-51.000,714.601,1047.040,-166.219,-13.621,0.320
288.0302,-51.000,724.093,1036.039,-155.973,-3.375,0.320
288.1288,-52.000,708.434,1046.577,-169.071,-13.473,0.320
288.2369,-52.000,717.892,1035.765,-158.937,-3.339,0.320
288.3359,-52.000,719.828,1032.678,-156.425,-0.827,0.320
288.4336,-53.000,702.404,1045.284,-171.440,-12.842,0.320
288.5336,-53.000,711.516,1035.076,-161.780,-3.182,0.320
288.6324,-53.000,713.444,1032.217,-159.386,-0.788,0.320
288.7309,-54.000,696.084,1044.945,-174.431,-12.833,0.320
288.8364,-54.000,705.269,1034.824,-164.778,-3.180,0.320
288.9337,-54.000,707.262,1032.034,-162.386,-0.788,0.320
289.0346,-55.000,689.960,1044.820,-177.430,-12.832,0.320
289.1341,-55.000,699.193,1034.748,-167.778,-3.180,0.320
289.2325,-55.000,701.228,1032.000,-165.386,-0.788,0.320
289.3325,-55.000,701.517,1031.104,-164.793,-0.195,0.320
289.4318,-55.000,701.406,1030.699,-164.646,-0.048,0.320
289.5312,-56.000,683.667,1044.161,-180.247,-12.649,0.320
289.6306,-56.000,692.863,1034.328,-170.732,-3.134,0.320
289.7285,-56.000,694.950,1031.700,-168.375,-0.777,0.320
289.8368,-56.000,695.305,1030.886,-167.790,-0.192,0.320
289.9339,-56.000,695.254,1030.545,-167.646,-0.048,0.320
290.0327,-56.000,695.124,1030.344,-167.610,-0.012,0.320
290.1313,-56.000,694.992,1030.193,-167.601,-0.003,0.320
290.2346,-56.000,694.874,1030.071,-167.599,-0.001,0.320
290.3345,-55.000,709.330,1013.252,-151.961,12.637,0.320
290.4325,-55.000,700.319,1023.253,-161.467,3.131,0.320
290.5314,-55.000,698.385,1026.029,-163.822,0.776,0.320
290.6296,-55.000,698.159,1026.970,-164.406,0.192,0.320
290.7284,-55.000,698.318,1027.419,-164.550,0.048,0.320
290.8303,-55.000,698.541,1027.714,-164.586,0.012,0.320
290.9293,-54.000,713.309,1011.225,-148.958,12.640,0.320
291.0286,-54.000,704.570,1021.502,-158.466,3.132,0.320
291.1268,-54.000,702.868,1024.511,-160.822,0.776,0.320
291.2256,-53.000,717.396,1008.933,-145.769,12.829,0.320
291.3352,-53.000,708.800,1019.638,-155.419,3.179,0.320
291.4373,-53.000,707.305,1022.925,-157.810,0.788,0.320
291.5363,-52.000,722.031,1007.562,-142.766,12.832,0.320
291.6274,-52.000,713.608,1018.444,-152.418,3.180,0.320
291.7283,-51.000,726.818,1005.164,-139.173,13.425,0.320
291.8269,-51.000,718.190,1016.733,-149.271,3.327,0.320
291.9353,-50.000,731.494,1003.767,-136.137,13.461,0.320
292.0354,-49.000,737.570,998.820,-130.625,15.973,0.320
292.1343,-49.000,727.535,1012.815,-142.640,3.958,0.320
292.2333,-48.000,740.797,1000.758,-129.980,13.618,0.320
292.3333,-48.000,732.566,1013.013,-140.224,3.374,0.320
292.4325,-47.000,746.295,1000.545,-127.125,13.473,0.320
292.5317,-47.000,738.196,1012.715,-137.259,3.339,0.320
292.6324,-46.000,751.973,1000.240,-124.134,13.464,0.320
292.7333,-46.000,743.898,1012.421,-134.262,3.336,0.320
292.8343,-45.000,757.690,999.958,-121.134,13.464,0.320
292.9303,-45.000,749.628,1012.151,-131.262,3.336,0.320
293.0285,-44.000,763.431,999.699,-118.134,13.464,0.320
293.1283,-44.000,755.377,1011.901,-128.262,3.336,0.320
293.2251,-44.000,754.631,1016.173,-130.771,0.827,0.320
293.3343,-43.000,770.065,1001.577,-115.756,12.842,0.320
293.4343,-43.000,762.261,1013.092,-125.416,3.182,0.320
293.5334,-42.000,776.002,1000.346,-112.172,13.426,0.320
293.6339,-42.000,767.825,1012.368,-122.271,3.327,0.320
293.7311,-42.000,766.957,1016.505,-124.774,0.824,0.320
293.8292,-42.000,767.727,1018.514,-125.394,0.204,0.320
293.9322,-42.000,768.754,1019.848,-125.547,0.051,0.320
294.0306,-42.000,769.719,1020.890,-125.585,0.013,0.320
294.1297,-42.000,770.563,1021.753,-125.595,0.003,0.320
294.2284,-42.000,771.286,1022.480,-125.597,0.001,0.320
294.3269,-42.000,771.902,1023.097,-125.598,0.000,0.320
294.4266,-42.000,772.426,1023.621,-125.598,0.000,0.320
294.5253,-42.000,772.871,1024.067,-125.598,0.000,0.320
294.6253,-42.000,773.249,1024.445,-125.598,0.000,0.320
294.7274,-43.000,756.014,1038.484,-141.235,-12.637,0.320
294.8294,-44.000,748.104,1042.837,-147.367,-15.769,0.320
294.9322,-44.000,759.954,1030.964,-135.505,-3.907,0.320
295.0311,-44.000,762.883,1028.015,-132.566,-0.968,0.320
295.1311,-45.000,746.045,1040.996,-147.475,-12.877,0.320
295.2301,-46.000,738.035,1044.887,-153.426,-15.828,0.320
295.3280,-46.000,749.691,1032.731,-141.520,-3.922,0.320
295.4260,-47.000,734.871,1043.285,-154.207,-13.609,0.320
295.5241,-47.000,744.795,1032.735,-143.970,-3.372,0.320
295.6350,-47.000,747.066,1029.933,-141.434,-0.836,0.320
295.7331,-48.000,729.911,1042.796,-156.442,-12.844,0.320
295.8321,-48.000,739.249,1032.810,-146.781,-3.183,0.320
295.9320,-49.000,723.810,1043.858,-160.024,-13.426,0.320
296.0303,-49.000,733.543,1033.392,-149.925,-3.327,0.320
296.1280,-49.000,735.734,1030.579,-147.422,-0.824,0.320
296.2310,-50.000,718.532,1043.411,-162.439,-12.841,0.320
296.3311,-50.000,727.835,1033.395,-152.780,-3.182,0.320
296.4318,-51.000,712.368,1044.415,-166.024,-13.426,0.320
296.5292,-51.000,722.077,1033.926,-155.925,-3.327,0.320
296.6303,-52.000,706.691,1044.810,-169.059,-13.461,0.320
296.7290,-52.000,716.403,1034.270,-158.934,-3.336,0.320
296.8280,-52.000,718.560,1031.410,-156.425,-0.827,0.320
296.9300,-52.000,718.883,1030.489,-155.803,-0.205,0.320
297.0300,-53.000,701.226,1043.798,-171.286,-12.688,0.320
297.1275,-53.000,710.422,1033.906,-161.742,-3.144,0.320
297.2265,-53.000,712.491,1031.245,-159.377,-0.779,0.320
297.3274,-53.000,712.826,1030.408,-158.791,-0.193,0.320
297.4263,-53.000,712.757,1030.049,-158.646,-0.048,0.320
297.5251,-53.000,712.612,1029.832,-158.610,-0.012,0.320
297.6340,-52.000,727.024,1012.951,-142.964,12.634,0.320
297.7319,-52.000,717.971,1022.905,-152.467,3.131,0.320
297.8318,-52.000,715.999,1025.644,-154.822,0.776,0.320
297.9324,-51.000,730.298,1009.836,-139.769,12.829,0.320
298.0313,-50.000,736.064,1003.628,-133.782,15.816,0.320
298.1320,-50.000,725.479,1016.837,-145.679,3.919,0.320
298.2310,-49.000,738.203,1004.183,-132.990,13.608,0.320
298.3288,-48.000,744.054,999.232,-127.589,16.009,0.320
298.4275,-47.000,748.451,996.439,-123.994,16.604,0.320
298.5288,-45.000,767.258,977.677,-105.209,29.389,0.320
298.6288,-44.000,762.727,986.085,-111.679,19.919,0.320
298.7274,-42.000,780.006,970.782,-95.388,30.210,0.320
298.8294,-41.000,775.679,980.629,-102.475,20.123,0.320
298.9269,-39.000,793.502,966.177,-86.337,30.261,0.320
299.0254,-37.000,804.287,959.938,-77.825,32.773,0.320
299.1264,-35.000,813.682,956.088,-71.203,33.395,0.320
299.2243,-33.000,823.032,953.130,-65.049,33.549,0.320
299.3243,-32.000,818.070,967.365,-74.648,20.950,0.320
299.4220,-32.000,807.752,988.566,-90.407,5.191,0.320
299.5313,-32.000,808.472,997.096,-94.312,1.286,0.320
299.6304,-33.000,793.879,1015.712,-110.916,-12.318,0.320
299.7329,-32.000,820.912,992.938,-86.013,9.585,0.320
299.8294,-31.000,831.569,986.741,-77.586,15.012,0.320
299.9297,-29.000,852.787,967.994,-57.604,28.994,0.320
300.0274,-28.000,849.584,977.137,-63.776,19.822,0.320
300.1260,-26.000,867.813,962.638,-47.412,30.186,0.320
300.2290,-24.000,878.807,956.495,-38.844,32.754,0.320
300.3309,-22.000,888.344,952.760,-32.208,33.390,0.320
300.4326,-20.000,897.808,949.908,-26.050,33.548,0.320
300.5313,-18.000,907.389,947.627,-20.119,33.587,0.320
300.6292,-16.000,917.246,945.656,-14.205,33.597,0.320
300.7284,-15.000,912.792,960.652,-23.930,20.962,0.320
300.8272,-13.000,932.041,949.044,-8.502,30.468,0.320
300.9249,-12.000,929.855,961.565,-15.855,20.187,0.320
301.0278,-10.000,949.617,949.268,0.174,30.276,0.320
301.1268,-8.000,962.081,944.829,8.626,32.776,0.320
301.2308,-6.000,972.916,942.496,15.210,33.396,0.320
301.3298,-4.000,983.498,940.819,21.339,33.549,0.320
301.4294,-2.000,994.149,939.418,27.365,33.587,0.320
301.5324,-0.000,1004.930,938.180,33.375,33.597,0.320
301.6318,1.000,1000.437,952.945,23.746,20.962,0.320
301.7319,3.000,1017.986,939.445,39.270,30.468,0.320
301.8318,4.000,1013.530,949.505,32.013,20.187,0.320
301.9297,5.000,1015.974,950.983,32.495,17.639,0.320
302.0266,7.000,1033.349,932.263,50.543,29.645,0.320
302.1280,8.000,1027.243,939.385,43.929,19.983,0.320
302.2289,8.000,1014.191,956.300,28.946,4.952,0.320
302.3309,9.000,1025.880,944.056,40.912,13.864,0.320
302.4286,10.000,1030.492,938.131,46.181,16.073,0.320
302.5258,10.000,1019.404,951.103,34.151,3.983,0.320
302.6249,10.000,1017.269,954.840,31.215,0.987,0.320
302.7277,9.000,1000.544,970.766,14.889,-12.393,0.320
302.8268,9.000,1011.081,962.550,24.265,-3.071,0.320
302.9246,12.000,1055.601,908.484,73.559,37.151,0.320
303.0228,16.000,1083.063,866.547,108.258,59.754,0.320
303.1210,18.000,1065.506,876.120,94.693,40.081,0.320
303.2309,20.000,1062.398,870.762,95.818,35.206,0.320
303.3278,23.000,1076.469,843.975,116.247,46.635,0.320
303.4295,26.000,1081.636,825.478,128.079,49.467,0.320
303.5276,29.000,1084.413,808.852,137.781,50.169,0.320
303.6277,31.000,1072.724,810.089,131.318,37.706,0.320
303.7296,32.000,1056.637,819.452,118.592,21.980,0.320
303.8290,34.000,1066.179,799.514,133.333,30.721,0.320
303.9291,35.000,1055.370,803.647,125.861,20.249,0.320
304.0275,36.000,1052.518,799.984,126.267,17.655,0.320
304.1206,37.000,1051.686,794.439,128.624,17.012,0.320
304.2300,39.000,1065.114,770.910,147.102,29.490,0.320
304.3274,39.000,1041.638,791.800,124.919,7.307,0.320
304.4259,40.000,1048.760,778.640,135.060,14.448,0.320
304.5236,41.000,1050.543,770.885,139.829,16.217,0.320
304.6221,41.000,1037.306,782.045,127.630,4.018,0.320
304.7282,41.000,1033.401,784.185,124.608,0.996,0.320
304.8263,41.000,1031.902,784.184,123.859,0.247,0.320
304.9251,42.000,1044.796,766.175,139.310,12.698,0.320
305.0311,41.000,1017.853,789.610,114.121,-9.491,0.320
305.1291,41.000,1025.001,782.480,121.260,-2.352,0.320
305.2280,40.000,1010.061,795.276,107.392,-13.220,0.320
305.3217,40.000,1020.593,785.921,117.336,-3.276,0.320
305.4202,39.000,1006.841,798.514,104.163,-13.449,0.320
305.5316,38.000,1001.247,803.962,98.642,-15.970,0.320
305.6315,37.000,997.981,807.945,95.018,-16.594,0.320
305.7297,37.000,1012.267,797.267,107.500,-4.112,0.320
305.8286,36.000,1000.177,810.265,94.956,-13.656,0.320
305.9262,35.000,995.618,816.436,89.591,-16.021,0.320
306.0235,34.000,993.137,821.127,86.005,-16.607,0.320
306.1215,32.000,974.633,840.188,67.223,-29.389,0.320
306.2315,31.000,983.261,835.876,73.693,-19.919,0.320
306.3301,29.000,968.144,853.340,57.402,-30.210,0.320
306.4287,27.000,961.431,863.727,48.852,-32.760,0.320
306.5275,26.000,973.919,858.204,57.857,-20.755,0.320
306.6254,24.000,960.556,876.166,42.195,-30.417,0.320
306.7240,22.000,954.956,887.355,33.801,-32.811,0.320
306.8243,19.000,934.975,911.607,11.684,-46.042,0.320
306.9241,17.000,942.592,912.301,15.145,-36.683,0.320
307.0264,15.000,943.372,920.264,11.554,-34.364,0.320
307.1231,14.000,959.304,915.605,21.850,-21.152,0.320
307.2230,11.000,931.420,949.590,-9.085,-43.153,0.320
307.3210,9.000,937.593,953.283,-7.845,-35.967,0.320
307.4189,6.000,921.726,977.057,-27.666,-46.824,0.320
307.5284,3.000,914.674,993.349,-39.338,-49.514,0.320
307.6269,1.000,926.917,993.640,-33.361,-37.543,0.320
307.7259,-2.000,911.642,1015.730,-52.044,-47.214,0.320
307.8289,-5.000,901.851,1028.792,-63.471,-49.611,0.320
307.9260,-8.000,892.340,1038.565,-73.112,-50.204,0.320
308.0243,-11.000,881.978,1046.629,-82.326,-50.352,0.320
308.1219,-14.000,870.621,1053.513,-91.446,-50.388,0.320
308.2192,-16.000,875.912,1045.739,-84.914,-37.760,0.320
308.3282,-19.000,853.475,1060.547,-103.536,-47.268,0.320
308.4261,-22.000,837.616,1067.400,-114.892,-49.624,0.320
308.5230,-24.000,840.502,1058.179,-108.839,-37.571,0.320
308.6214,-27.000,816.399,1071.377,-127.489,-47.221,0.320
308.7203,-29.000,816.671,1063.157,-123.243,-36.975,0.320
308.8190,-31.000,808.991,1062.400,-126.704,-34.436,0.320
308.9283,-33.000,799.195,1063.346,-132.075,-33.807,0.320
309.0266,-34.000,806.306,1050.871,-122.282,-21.014,0.320
309.1263,-36.000,786.220,1061.719,-137.749,-30.481,0.320
309.2253,-37.000,790.665,1051.581,-130.458,-20.190,0.320
309.3253,-39.000,769.818,1062.908,-146.545,-30.277,0.320
309.4212,-40.000,773.990,1052.805,-139.407,-20.139,0.320
309.5203,-42.000,753.004,1064.069,-155.533,-30.265,0.320
309.6201,-43.000,757.081,1053.890,-148.404,-20.136,0.320
309.7233,-44.000,753.577,1051.366,-148.895,-17.627,0.320
309.8234,-45.000,748.217,1050.762,-151.273,-17.005,0.320
309.9210,-46.000,742.416,1050.654,-154.119,-16.851,0.320
310.0195,-47.000,736.523,1050.684,-157.081,-16.813,0.320
310.1275,-47.000,748.178,1037.046,-144.434,-4.166,0.320
310.2264,-48.000,732.912,1046.786,-156.937,-13.669,0.320
310.3256,-48.000,742.345,1035.656,-146.655,-3.387,0.320
310.4233,-48.000,744.172,1032.387,-144.107,-0.839,0.320
310.5226,-48.000,744.190,1031.142,-143.476,-0.208,0.320
310.6215,-48.000,743.826,1030.465,-143.320,-0.052,0.320
310.7214,-48.000,743.422,1029.983,-143.281,-0.013,0.320
310.8222,-48.000,743.055,1029.597,-143.271,-0.003,0.320
310.9199,-47.000,757.294,1012.557,-127.632,12.636,0.320
311.0223,-47.000,748.099,1022.373,-137.137,3.131,0.320
311.1233,-46.000,760.564,1008.274,-123.855,13.413,0.320
311.2243,-46.000,751.281,1019.170,-133.944,3.324,0.320
311.3229,-45.000,764.023,1005.638,-120.807,13.461,0.320
311.4210,-44.000,769.619,1000.210,-115.295,15.973,0.320
311.5204,-43.000,773.733,997.079,-111.673,16.595,0.320
311.6192,-42.000,777.725,994.763,-108.519,16.749,0.320
311.7182,-40.000,796.453,976.140,-89.843,29.425,0.320
311.8272,-39.000,791.921,984.601,-96.340,19.928,0.320
311.9271,-38.000,794.658,986.044,-95.693,17.575,0.320
312.0270,-36.000,813.828,969.106,-77.639,29.629,0.320
312.1262,-35.000,810.047,978.625,-84.289,19.979,0.320
312.2238,-34.000,813.514,980.875,-83.680,17.588,0.320
312.3213,-32.000,833.328,964.600,-65.636,29.632,0.320
312.4220,-31.000,830.100,974.677,-72.288,19.980,0.320
312.5176,-29.000,848.596,960.682,-56.043,30.225,0.320
312.6192,-27.000,859.888,954.896,-47.504,32.764,0.320
312.7191,-26.000,855.140,968.164,-56.512,20.756,0.320
312.8181,-24.000,873.762,955.464,-40.851,30.417,0.320
312.9198,-22.000,885.513,950.427,-32.457,32.811,0.320
313.0192,-20.000,895.800,947.527,-25.863,33.405,0.320
313.1188,-19.000,891.255,962.190,-35.468,20.914,0.320
313.2271,-17.000,910.336,950.391,-20.027,30.457,0.320
313.3195,-15.000,922.545,946.050,-11.753,32.821,0.320
313.4180,-13.000,933.237,943.727,-5.245,33.407,0.320
313.5174,-11.000,943.713,942.044,0.834,33.552,0.320
313.6168,-9.000,954.272,940.639,6.816,33.588,0.320
313.7169,-8.000,950.406,956.126,-2.860,20.960,0.320
313.8261,-5.000,984.720,928.210,28.255,43.105,0.320
313.9182,-4.000,974.048,951.160,11.444,23.318,0.320
314.0274,-2.000,992.329,941.996,25.166,31.052,0.320
314.1261,-0.000,1004.960,938.794,33.083,32.969,0.320
314.2264,2.000,1014.614,935.475,39.570,33.444,0.320
314.3252,4.000,1022.608,931.185,45.711,33.561,0.320
314.4266,6.000,1029.407,925.855,51.776,33.590,0.320
314.5246,7.000,1021.524,937.147,42.188,20.960,0.320
314.6258,9.000,1036.194,920.694,57.750,30.468,0.320
314.7159,10.000,1029.295,928.237,50.529,20.187,0.320
314.8194,12.000,1043.390,910.010,66.690,30.276,0.320
314.9195,13.000,1035.655,916.393,59.631,20.139,0.320
315.0191,15.000,1048.956,897.263,75.847,30.265,0.320
315.1191,15.000,1026.803,920.460,53.171,7.499,0.320
315.2191,17.000,1049.142,891.329,78.907,27.133,0.320
315.3191,18.000,1042.672,894.187,74.242,19.360,0.320
315.4178,19.000,1041.904,891.043,75.430,17.434,0.320
315.5259,20.000,1042.345,886.438,77.953,16.957,0.320
315.6161,20.000,1029.320,898.924,65.198,4.202,0.320
315.7189,21.000,1039.647,884.298,77.674,13.678,0.320
315.8189,21.000,1029.031,894.260,67.385,3.389,0.320
315.9181,22.000,1039.920,878.974,80.473,13.477,0.320
316.0161,22.000,1029.415,888.744,70.335,3.339,0.320
316.1251,21.000,1009.872,905.500,52.186,-11.810,0.320
316.2248,21.000,1019.072,896.932,61.070,-2.926,0.320
316.3239,21.000,1021.542,895.000,63.271,-0.725,0.320
316.4264,20.000,1005.598,909.240,48.179,-12.817,0.320
316.5250,18.000,982.689,929.381,26.654,-28.450,0.320
316.6229,17.000,989.298,924.259,32.519,-19.687,0.320
316.7212,15.000,972.894,940.607,16.144,-30.152,0.320
316.8193,14.000,981.918,935.376,23.271,-20.109,0.320
316.9188,12.000,966.794,952.404,7.195,-30.257,0.320
317.0175,11.000,976.711,947.944,14.384,-20.134,0.320
317.1179,10.000,979.019,951.116,13.952,-17.626,0.320
317.2172,8.000,962.720,970.752,-4.016,-29.642,0.320
317.3181,7.000,972.761,967.389,2.686,-19.982,0.320
317.4157,6.000,975.448,971.217,2.116,-17.588,0.320
317.5236,5.000,976.260,976.783,-0.261,-16.995,0.320
317.6243,4.000,976.562,982.742,-3.090,-16.848,0.320
317.7230,3.000,976.697,988.769,-6.036,-16.812,0.320
317.8235,2.000,976.757,994.787,-9.015,-16.803,0.320
317.9202,1.000,976.768,1000.782,-12.007,-16.801,0.320
318.0175,-1.000,959.178,1020.477,-30.649,-29.437,0.320
318.1183,-3.000,950.084,1029.681,-39.799,-32.569,0.320
318.2172,-4.000,960.048,1021.970,-30.961,-20.707,0.320
318.3158,-5.000,960.494,1022.599,-31.052,-17.768,0.320
318.4159,-7.000,940.660,1038.666,-49.003,-29.677,0.320
318.5255,-9.000,929.215,1045.231,-58.008,-32.628,0.320
318.6244,-10.000,937.066,1035.390,-49.162,-20.722,0.320
318.7149,-11.000,935.685,1034.241,-49.278,-17.772,0.320
318.8248,-13.000,914.285,1048.809,-67.262,-29.678,0.320
318.9236,-13.000,936.628,1026.660,-45.016,-7.354,0.320
319.0234,-14.000,924.601,1035.012,-55.205,-14.459,0.320
319.1209,-15.000,917.768,1037.880,-60.056,-16.220,0.320
319.2188,-16.000,912.131,1039.308,-63.588,-16.656,0.320
319.3178,-16.000,924.275,1026.586,-51.155,-4.127,0.320
319.4164,-17.000,909.475,1037.055,-63.790,-13.660,0.320
319.5178,-17.000,919.307,1026.541,-53.617,-3.385,0.320
319.6179,-17.000,921.462,1023.807,-51.173,-0.839,0.320
319.7165,-17.000,921.744,1023.032,-50.644,-0.208,0.320
319.8260,-18.000,904.026,1036.491,-66.233,-12.689,0.320
319.9233,-18.000,913.153,1026.745,-56.796,-3.144,0.320
320.0229,-18.000,915.146,1024.224,-54.539,-0.779,0.320
320.1237,-18.000,915.400,1023.522,-54.061,-0.193,0.320
320.2218,-18.000,915.247,1023.295,-54.024,-0.048,0.320
320.3201,-18.000,915.013,1023.205,-54.096,-0.012,0.320
320.4185,-18.000,914.777,1023.167,-54.195,-0.003,0.320
320.5179,-17.000,929.117,1006.432,-38.658,12.636,0.320
320.6188,-17.000,919.993,1016.522,-48.265,3.131,0.320
320.7199,-17.000,917.946,1019.390,-50.722,0.776,0.320
320.8210,-16.000,932.172,1003.701,-35.765,12.829,0.320
320.9214,-16.000,923.304,1014.326,-45.511,3.179,0.320
321.0210,-15.000,936.126,1000.837,-32.355,13.425,0.320
321.1209,-14.000,941.718,995.518,-26.900,15.964,0.320
321.2187,-14.000,931.242,1009.227,-38.992,3.956,0.320
321.3190,-12.000,958.683,980.214,-10.766,26.254,0.320
321.4183,-12.000,941.193,1002.366,-30.586,6.506,0.320
321.5158,-11.000,952.773,992.590,-19.909,14.249,0.320
321.6133,-10.000,958.818,988.918,-15.050,16.168,0.320
321.7239,-9.000,963.668,986.926,-11.629,16.643,0.320
321.8236,-8.000,968.372,985.490,-8.559,16.761,0.320
321.9130,-8.000,958.606,1001.035,-21.215,4.153,0.320
322.0212,-7.000,972.453,989.940,-8.744,13.666,0.320
322.1202,-6.000,979.363,986.208,-3.422,16.024,0.320
322.2136,-6.000,970.125,1001.148,-15.512,3.970,0.320
322.3225,-6.000,969.526,1006.594,-18.534,0.984,0.320
322.4202,-6.000,970.810,1009.430,-19.310,0.244,0.320
322.5224,-5.000,986.904,994.677,-3.886,12.698,0.320
322.6226,-6.000,961.830,1020.052,-29.111,-9.491,0.320
322.7202,-7.000,952.998,1028.300,-37.651,-14.989,0.320
322.8218,-8.000,947.919,1032.042,-42.061,-16.351,0.320
322.9129,-9.000,943.539,1034.445,-45.453,-16.689,0.320
323.0208,-10.000,939.136,1036.329,-48.596,-16.772,0.320
323.1184,-12.000,916.995,1051.648,-67.326,-29.430,0.320
323.2162,-14.000,904.035,1057.129,-76.547,-32.567,0.320
323.3160,-15.000,910.707,1046.260,-67.777,-20.707,0.320
323.4148,-18.000,873.219,1071.660,-99.220,-43.042,0.320
323.5166,-20.000,869.845,1066.080,-98.118,-35.940,0.320
323.6155,-20.000,896.074,1038.241,-71.083,-8.905,0.320
323.7138,-24.000,831.859,1085.726,-126.933,-52.755,0.320
323.8136,-25.000,852.875,1058.650,-102.887,-25.709,0.320
323.9118,-28.000,818.467,1079.387,-130.460,-44.282,0.320
324.0215,-28.000,850.466,1044.767,-97.151,-10.973,0.320
324.1199,-30.000,822.492,1062.834,-120.171,-27.993,0.320
324.2220,-30.000,842.338,1040.567,-99.114,-6.936,0.320
324.3200,-30.000,846.527,1034.320,-93.897,-1.719,0.320
324.4211,-30.000,846.945,1032.153,-92.604,-0.426,0.320
324.5198,-29.000,861.079,1014.372,-76.646,12.532,0.320
324.6210,-27.000,880.717,990.314,-54.798,28.380,0.320
324.7201,-26.000,875.048,996.066,-60.509,19.669,0.320
324.8218,-25.000,876.345,995.679,-59.667,17.511,0.320
324.9220,-21.000,923.289,943.870,-10.290,54.888,0.320
325.0215,-21.000,885.934,989.089,-51.578,13.600,0.320
325.1205,-21.000,879.046,1002.661,-61.808,3.370,0.320
325.2185,-19.000,908.352,974.717,-33.183,26.109,0.320
325.3163,-16.000,935.866,947.880,-6.007,44.381,0.320
325.4151,-16.000,907.174,986.148,-39.487,10.997,0.320
325.5185,-9.000,1004.818,881.524,61.647,91.185,0.320
325.6174,-9.000,943.707,957.701,-6.997,22.595,0.320
325.7176,-1.000,1049.565,847.369,101.098,106.696,0.320
325.8145,18.000,1240.980,604.872,318.054,266.544,0.320
325.9119,20.000,1074.707,777.045,148.831,91.321,0.320
326.0210,27.000,1107.542,728.345,189.598,111.088,0.320
326.1210,30.000,1068.889,762.993,152.948,65.438,0.320
326.2209,32.000,1049.898,779.900,134.999,41.489,0.320
326.3148,35.000,1061.955,760.551,150.702,48.192,0.320
326.4125,38.000,1068.257,745.531,161.363,49.853,0.320
326.5122,41.000,1072.703,731.154,170.774,50.264,0.320
326.6124,43.000,1062.607,734.129,164.239,37.729,0.320
326.7113,46.000,1075.352,709.811,182.770,47.260,0.320
326.8113,49.000,1080.535,692.271,194.132,49.622,0.320
326.9206,52.000,1083.609,676.174,203.717,50.207,0.320
327.0163,54.000,1072.242,677.792,197.225,37.715,0.320
327.1165,55.000,1056.446,687.461,184.492,21.982,0.320
327.2170,57.000,1066.240,667.778,199.231,30.721,0.320
327.3154,58.000,1055.646,672.127,191.760,20.250,0.320
327.4202,59.000,1052.977,668.648,192.165,17.655,0.320
327.5186,60.000,1052.301,663.258,194.522,17.012,0.320
327.6174,61.000,1052.144,657.419,197.362,16.852,0.320
327.7173,61.000,1038.419,669.047,184.686,4.176,0.320
327.8145,61.000,1034.387,671.297,181.545,1.035,0.320
327.9143,61.000,1032.851,671.318,180.766,0.256,0.320
328.0143,61.000,1032.014,670.867,180.574,0.064,0.320
328.1143,60.000,1014.702,684.925,164.889,-12.621,0.320
328.2215,60.000,1024.313,675.548,174.383,-3.127,0.320
328.3203,59.000,1010.048,687.852,161.098,-13.412,0.320
328.4188,58.000,1004.086,692.987,155.549,-15.961,0.320
328.5183,57.000,1000.523,696.687,151.918,-16.592,0.320
328.6173,55.000,981.127,714.878,133.124,-29.386,0.320
328.7150,54.000,989.003,709.820,139.591,-19.919,0.320
328.8146,52.000,973.249,726.648,123.300,-30.210,0.320
328.9132,51.000,982.712,721.938,130.387,-20.123,0.320
329.0133,49.000,967.935,739.436,114.249,-30.261,0.320
329.1129,48.000,978.136,735.387,121.375,-20.135,0.320
329.2142,45.000,947.245,768.027,89.609,-42.901,0.320
329.3132,44.000,968.042,755.557,106.243,-23.267,0.320
329.4123,41.000,940.431,786.765,76.833,-43.677,0.320
329.5144,39.000,945.881,789.054,78.413,-36.097,0.320
329.6144,37.000,945.888,797.305,74.291,-34.219,0.320
329.7139,34.000,927.985,821.746,53.120,-46.390,0.320
329.8137,32.000,936.725,823.244,56.741,-36.769,0.320
329.9111,29.000,921.583,846.608,37.488,-47.022,0.320
330.0123,25.000,898.080,877.461,10.310,-62.200,0.320
330.1100,22.000,903.840,883.468,10.186,-53.324,0.320
330.2191,19.000,903.414,896.415,3.499,-51.125,0.320
330.3171,16.000,901.637,911.356,-4.860,-50.580,0.320
330.4155,12.000,882.981,941.560,-29.290,-63.082,0.320
330.5146,8.000,874.519,963.198,-44.340,-66.180,0.320
330.6142,4.000,869.056,983.222,-57.083,-66.947,0.320
330.7142,1.000,881.457,988.717,-53.630,-54.500,0.320
330.8142,-1.000,900.278,988.108,-43.915,-38.779,0.320
330.9124,-4.000,887.492,1010.853,-61.680,-47.520,0.320
331.0104,-6.000,896.820,1011.311,-57.245,-37.049,0.320
331.1211,-8.000,896.686,1018.083,-60.699,-34.455,0.320
331.2201,-10.000,893.250,1025.482,-66.116,-33.812,0.320
331.3186,-13.000,870.618,1045.962,-87.672,-46.290,0.320
331.4099,-15.000,873.819,1042.252,-84.216,-36.744,0.320
331.5102,-17.000,869.026,1044.932,-87.953,-34.379,0.320
331.6112,-19.000,861.760,1048.722,-93.481,-33.793,0.320
331.7101,-21.000,853.588,1052.259,-99.336,-33.648,0.320
331.8142,-22.000,862.371,1041.697,-89.663,-20.975,0.320
331.9134,-23.000,861.335,1040.380,-89.522,-17.834,0.320
332.0112,-25.000,840.136,1054.899,-107.381,-29.693,0.320
332.1202,-26.000,845.076,1046.442,-100.683,-19.995,0.320
332.2190,-28.000,825.007,1058.841,-116.917,-30.229,0.320
332.3188,-29.000,829.929,1049.560,-109.815,-20.127,0.320
332.4206,-30.000,827.159,1047.784,-110.313,-17.625,0.320
332.5171,-31.000,822.427,1047.812,-112.692,-17.004,0.320
332.6168,-32.000,817.162,1048.239,-115.539,-16.851,0.320
332.7154,-33.000,811.724,1048.725,-118.501,-16.813,0.320
332.8150,-33.000,823.766,1035.474,-105.854,-4.166,0.320
332.9153,-34.000,808.828,1045.543,-118.357,-13.669,0.320
333.0136,-35.000,800.984,1048.409,-123.712,-16.024,0.320
333.1118,-35.000,812.422,1035.740,-111.659,-3.971,0.320
333.2105,-36.000,797.329,1045.947,-124.309,-13.621,0.320
333.3094,-36.000,806.998,1035.124,-114.063,-3.375,0.320
333.4186,-36.000,809.046,1032.095,-111.524,-0.836,0.320
333.5182,-37.000,791.702,1044.766,-126.532,-12.844,0.320
333.6171,-36.000,815.434,1017.901,-101.234,9.454,0.320
333.7190,-36.000,808.491,1025.182,-108.345,2.343,0.320
333.8177,-36.000,806.872,1027.087,-110.108,0.580,0.320
333.9163,-36.000,806.558,1027.646,-110.544,0.144,0.320
334.0179,-36.000,806.553,1027.858,-110.652,0.036,0.320
334.1191,-36.000,806.614,1027.973,-110.679,0.009,0.320
334.2182,-35.000,821.240,1011.337,-95.049,12.639,0.320
334.3079,-35.000,812.378,1021.490,-104.556,3.132,0.320
334.4159,-35.000,810.571,1024.395,-106.912,0.776,0.320
334.5148,-34.000,825.011,1008.728,-91.859,12.829,0.320
334.6152,-33.000,830.896,1002.640,-85.872,15.816,0.320
334.7151,-32.000,834.970,999.233,-82.132,16.556,0.320
334.8129,-31.000,838.857,996.753,-78.948,16.740,0.320
334.9160,-30.000,842.920,994.726,-75.903,16.785,0.320
335.0139,-29.000,847.217,993.000,-72.892,16.796,0.320
335.1142,-28.000,851.732,991.510,-69.889,16.799,0.320
335.2151,-26.000,870.996,973.498,-51.251,29.437,0.320
335.3150,-25.000,866.942,982.455,-57.757,19.931,0.320
335.4131,-24.000,870.091,984.315,-57.112,17.576,0.320
335.5128,-23.000,875.055,984.447,-54.696,16.992,0.320
335.6146,-22.000,880.497,984.178,-51.840,16.848,0.320
335.7149,-21.000,886.079,983.832,-48.876,16.812,0.320
335.8127,-20.000,891.716,983.486,-45.885,16.803,0.320
335.9143,-19.000,897.269,983.271,-43.001,16.801,0.320
336.0120,-18.000,902.848,983.068,-40.110,16.800,0.320
336.1132,-17.000,908.451,982.875,-37.212,16.800,0.320
336.2144,-16.000,914.075,982.691,-34.308,16.800,0.320
336.3142,-15.000,919.716,982.512,-31.398,16.800,0.320
336.4129,-14.000,925.374,982.338,-28.482,16.800,0.320
336.5130,-13.000,931.046,982.166,-25.560,16.800,0.320
336.6149,-13.000,922.169,998.720,-38.275,4.163,0.320
336.7160,-12.000,936.785,988.468,-25.841,13.669,0.320
336.8178,-11.000,944.350,985.453,-20.552,16.024,0.320
336.9194,-10.000,950.227,984.283,-17.028,16.608,0.320
337.0188,-9.000,955.738,983.613,-13.938,16.752,0.320
337.1173,-8.000,961.203,983.103,-10.950,16.788,0.320
337.2129,-7.000,966.696,982.662,-7.983,16.797,0.320
337.3118,-6.000,972.229,982.263,-5.017,16.799,0.320
337.4105,-5.000,977.802,981.894,-2.046,16.800,0.320
337.5099,-5.000,968.847,998.273,-14.713,4.163,0.320
337.6089,-5.000,968.840,1004.589,-17.875,1.031,0.320
337.7088,-4.000,985.279,991.354,-3.037,12.893,0.320
337.8076,-3.000,992.982,987.214,2.884,15.832,0.320
337.9194,-2.000,998.632,985.432,6.600,16.560,0.320
338.0177,-0.000,1018.434,967.598,25.418,29.378,0.320
338.1163,1.000,1013.895,975.970,18.963,19.917,0.320
338.2088,2.000,1015.772,976.511,19.630,17.572,0.320
338.3184,2.000,1005.093,992.245,6.424,4.354,0.320
338.4183,3.000,1017.702,980.094,18.804,13.716,0.320
338.5088,2.000,992.373,1006.650,-7.138,-9.238,0.320
338.6076,1.000,984.634,1016.274,-15.820,-14.926,0.320
338.7159,1.000,998.168,1007.341,-4.587,-3.699,0.320
338.8168,-2.000,951.062,1048.518,-48.728,-38.828,0.320
338.9185,-4.000,947.111,1048.750,-50.819,-34.895,0.320
339.0168,-6.000,939.629,1051.391,-55.881,-33.921,0.320
339.1158,-9.000,913.362,1068.023,-77.331,-46.317,0.320
339.2142,-5.000,1006.805,966.749,20.028,39.072,0.320
339.3132,3.000,1094.043,862.537,115.753,110.779,0.320
339.4119,4.000,1029.240,933.070,48.085,40.087,0.320
339.5099,4.000,1003.046,967.136,17.955,9.933,0.320
339.6086,4.000,998.943,977.929,10.507,2.461,0.320
339.7106,4.000,999.959,982.600,8.680,0.610,0.320
339.8157,2.000,968.495,1014.578,-23.041,-25.123,0.320
339.9135,2.000,990.624,998.886,-4.131,-6.225,0.320
340.0113,1.000,981.331,1011.490,-15.080,-14.180,0.320
340.1098,-0.000,978.187,1018.288,-20.051,-16.151,0.320
340.2097,-1.000,975.826,1022.916,-23.545,-16.639,0.320
340.3079,-5.000,920.547,1067.762,-73.608,-54.672,0.320
340.4123,-6.000,945.644,1041.956,-48.156,-26.184,0.320
340.5106,-8.000,931.376,1050.941,-59.782,-31.762,0.320
340.6096,-10.000,920.849,1055.299,-67.225,-33.145,0.320
340.7085,-12.000,910.972,1058.251,-73.639,-33.487,0.320
340.8072,-13.000,918.584,1046.914,-64.165,-20.935,0.320
340.9152,-14.000,916.607,1044.884,-64.139,-17.825,0.320
341.0125,-17.000,877.038,1072.527,-97.744,-42.328,0.320
341.1107,-19.000,873.081,1067.667,-97.293,-35.763,0.320
341.2097,-21.000,864.121,1067.453,-101.666,-34.136,0.320
341.3108,-23.000,853.785,1068.310,-107.263,-33.733,0.320
341.4123,-25.000,843.016,1069.342,-113.163,-33.633,0.320
341.5097,-28.000,814.506,1084.057,-134.775,-46.245,0.320
341.6083,-29.000,830.372,1061.624,-115.626,-24.096,0.320
341.7074,-30.000,829.649,1055.925,-113.138,-18.608,0.320
341.8075,-32.000,807.303,1068.133,-130.415,-29.885,0.320
341.9096,-32.000,828.474,1044.344,-107.935,-7.405,0.320
342.0102,-33.000,815.375,1051.379,-118.002,-14.472,0.320
342.1108,-35.000,790.069,1066.849,-138.390,-28.860,0.320
342.2081,-35.000,810.598,1043.960,-116.681,-7.151,0.320
342.3070,-36.000,797.417,1051.295,-126.939,-14.409,0.320
342.4072,-37.000,789.714,1053.189,-131.738,-16.208,0.320
342.5062,-38.000,783.379,1053.746,-135.183,-16.653,0.320
342.6047,-39.000,777.394,1053.981,-138.294,-16.764,0.320
342.7136,-41.000,753.945,1067.861,-156.958,-29.428,0.320
342.8144,-41.000,775.014,1044.658,-134.822,-7.292,0.320
342.9133,-43.000,744.479,1065.701,-160.611,-27.081,0.320
343.0105,-44.000,746.258,1058.013,-155.878,-19.348,0.320
343.1105,-45.000,742.243,1056.165,-156.961,-17.431,0.320
343.2101,-46.000,736.806,1055.779,-159.486,-16.956,0.320
343.3094,-47.000,731.028,1055.766,-162.369,-16.839,0.320
343.4094,-48.000,725.177,1055.856,-165.340,-16.810,0.320
343.5086,-49.000,719.315,1055.980,-168.332,-16.802,0.320
343.6085,-49.000,731.016,1042.403,-155.693,-4.163,0.320
343.7127,-50.000,715.793,1052.191,-168.199,-13.669,0.320
343.8125,-51.000,707.708,1054.816,-173.554,-16.024,0.320
343.9103,-51.000,718.941,1041.942,-161.501,-3.971,0.320
344.0090,-51.000,721.230,1038.258,-158.514,-0.984,0.320
344.1101,-52.000,703.821,1050.642,-173.411,-12.881,0.320
344.2080,-53.000,695.317,1054.035,-179.359,-15.829,0.320
344.3079,-53.000,706.551,1041.455,-167.452,-3.922,0.320
344.4054,-53.000,708.930,1037.933,-164.502,-0.972,0.320
344.5130,-54.000,691.618,1050.434,-179.408,-12.878,0.320
344.6103,-54.000,700.760,1040.202,-169.721,-3.191,0.320
344.7146,-54.000,702.697,1037.338,-167.321,-0.791,0.320
344.8134,-55.000,685.341,1050.067,-182.363,-12.833,0.320
344.9130,-55.000,694.527,1039.947,-172.710,-3.180,0.320
345.0132,-55.000,696.522,1037.158,-170.318,-0.788,0.320
345.1113,-56.000,679.221,1049.946,-185.362,-12.832,0.320
345.2123,-56.000,688.455,1039.874,-175.710,-3.180,0.320
345.3115,-56.000,690.491,1037.127,-173.318,-0.788,0.320
345.4105,-56.000,690.781,1036.232,-172.725,-0.195,0.320
345.5071,-56.000,690.671,1035.828,-172.578,-0.048,0.320
345.6042,-56.000,690.489,1035.573,-172.542,-0.012,0.320
345.7133,-56.000,690.312,1035.378,-172.533,-0.003,0.320
345.8144,-56.000,690.156,1035.218,-172.531,-0.001,0.320
345.9043,-57.000,672.466,1048.800,-188.167,-12.637,0.320
346.0134,-57.000,681.725,1039.048,-178.661,-3.131,0.320
346.1113,-57.000,683.872,1036.484,-176.306,-0.776,0.320
346.2124,-57.000,684.278,1035.722,-175.722,-0.192,0.320
346.3110,-57.000,684.271,1035.426,-175.578,-0.048,0.320
346.4087,-57.000,684.179,1035.262,-175.542,-0.012,0.320
346.5074,-57.000,684.078,1035.144,-175.533,-0.003,0.320
346.6070,-57.000,683.988,1035.049,-175.531,-0.001,0.320
346.7057,-57.000,683.909,1034.970,-175.530,-0.000,0.320
346.8033,-56.000,698.400,1018.185,-159.893,12.637,0.320
346.9141,-56.000,689.419,1028.216,-169.399,3.131,0.320
347.0128,-56.000,687.510,1031.018,-171.754,0.776,0.320
347.1108,-56.000,687.305,1031.981,-172.338,0.192,0.320
347.2091,-56.000,687.483,1032.448,-172.482,0.048,0.320
347.3141,-56.000,687.721,1032.758,-172.518,0.012,0.320
347.4126,-56.000,687.945,1033.000,-172.527,0.003,0.320
347.5118,-55.000,702.698,1016.483,-156.892,12.638,0.320
347.6109,-55.000,693.942,1026.739,-166.398,3.132,0.320
347.7102,-55.000,692.224,1029.733,-168.754,0.776,0.320
347.8073,-55.000,692.183,1030.858,-169.338,0.192,0.320
347.9040,-54.000,707.056,1014.747,-153.845,12.685,0.320
348.0130,-54.000,698.488,1025.262,-163.387,3.143,0.320
348.1121,-53.000,711.509,1011.737,-150.114,13.416,0.320
348.2031,-53.000,702.702,1023.114,-160.206,3.324,0.320
348.3131,-53.000,701.295,1026.707,-162.706,0.824,0.320
348.4109,-52.000,716.161,1011.538,-147.689,12.841,0.320
348.5111,-52.000,707.873,1022.569,-157.348,3.182,0.320
348.6091,-51.000,721.202,1009.411,-144.104,13.426,0.320
348.7090,-50.000,727.233,1004.366,-138.566,15.964,0.320
348.8111,-50.000,717.144,1018.293,-150.574,3.956,0.320
348.9085,-49.000,730.357,1006.182,-137.913,13.617,0.320
349.0075,-48.000,736.639,1001.677,-132.519,16.011,0.320
349.1076,-47.000,741.408,999.259,-128.925,16.605,0.320
349.2076,-46.000,745.974,997.531,-125.778,16.752,0.320
349.3082,-45.000,750.636,996.120,-122.742,16.788,0.320
349.4084,-44.000,755.447,994.913,-119.733,16.797,0.320
349.5063,-43.000,760.401,993.863,-116.731,16.799,0.320
349.6062,-41.000,780.038,976.224,-98.093,29.437,0.320
349.7058,-40.000,776.302,985.499,-104.599,19.931,0.320
349.8052,-39.000,779.720,987.628,-103.954,17.576,0.320
349.9043,-37.000,799.471,971.273,-85.901,29.629,0.320
350.0052,-35.000,810.741,964.569,-76.914,32.616,0.320
350.1042,-33.000,820.262,960.609,-70.174,33.356,0.320
350.2042,-31.000,829.649,957.630,-63.990,33.540,0.320
350.3041,-29.000,839.257,955.147,-57.945,33.585,0.320
350.4040,-27.000,849.137,953.004,-51.934,33.596,0.320
350.5027,-25.000,859.268,951.130,-45.931,33.599,0.320
350.6058,-24.000,855.061,966.195,-55.567,20.963,0.320
350.7041,-22.000,874.521,954.644,-40.061,30.469,0.320
350.8022,-20.000,887.078,950.490,-31.706,32.824,0.320
350.9050,-18.000,897.965,948.426,-25.230,33.408,0.320
351.0031,-16.000,908.603,946.967,-19.182,33.552,0.320
351.1110,-14.000,919.296,945.756,-13.230,33.588,0.320
351.2100,-12.000,930.103,944.689,-7.293,33.597,0.320
351.3090,-11.000,926.462,960.449,-16.994,20.962,0.320
351.4121,-9.000,946.405,949.488,-1.542,30.468,0.320
351.5078,-8.000,944.812,962.554,-8.871,20.187,0.320
351.6056,-7.000,950.519,967.440,-8.461,17.639,0.320
351.7041,-6.000,957.773,970.029,-6.128,17.008,0.320
351.8024,-5.000,965.191,971.820,-3.314,16.852,0.320
351.9025,-4.000,972.461,973.215,-0.377,16.813,0.320
352.0105,-3.000,979.536,974.346,2.595,16.803,0.320
352.1094,-2.000,986.430,975.268,5.581,16.801,0.320
352.2070,-2.000,978.602,992.740,-7.069,4.163,0.320
352.3054,-1.000,994.120,983.258,5.431,13.669,0.320
352.4047,-1.000,987.897,997.611,-4.857,3.387,0.320
352.5026,-1.000,988.799,1003.621,-7.411,0.839,0.320
352.6045,-1.000,991.099,1007.196,-8.048,0.208,0.320
352.7018,-2.000,975.871,1023.578,-23.854,-12.586,0.320
352.8005,-2.000,987.316,1016.113,-14.399,-3.119,0.320
352.9014,-3.000,973.778,1029.194,-27.708,-13.410,0.320
353.0105,-5.000,950.027,1047.877,-48.925,-28.597,0.320
353.1005,-6.000,954.791,1040.965,-43.087,-19.723,0.320
353.2098,-7.000,952.615,1040.476,-43.930,-17.524,0.320
353.3084,-9.000,930.996,1055.149,-62.077,-29.617,0.320
353.4093,-12.000,900.578,1074.143,-86.782,-45.250,0.320
353.5090,-14.000,899.062,1067.268,-84.103,-36.487,0.320
353.6070,-16.000,890.732,1066.787,-88.027,-34.315,0.320
353.7045,-18.000,880.577,1067.772,-93.597,-33.777,0.320
353.8033,-21.000,852.416,1082.618,-115.101,-46.281,0.320
353.9023,-24.000,833.399,1087.798,-127.199,-49.379,0.320
354.0009,-26.000,834.048,1076.707,-121.330,-37.510,0.320
354.1120,-27.000,843.268,1060.771,-108.752,-21.932,0.320
354.2111,-29.000,823.297,1070.354,-123.529,-30.709,0.320
354.3089,-32.000,792.310,1086.991,-147.341,-45.521,0.320
354.4088,-35.000,772.281,1092.303,-160.011,-49.191,0.320
354.5091,-37.000,772.414,1080.980,-154.283,-37.463,0.320
354.6089,-39.000,763.724,1078.479,-157.377,-34.557,0.320
354.7078,-42.000,735.291,1091.879,-178.294,-46.474,0.320
354.8110,-45.000,715.689,1096.183,-190.247,-49.427,0.320
354.9096,-48.000,698.196,1098.154,-199.979,-50.159,0.320
355.0069,-49.000,716.271,1072.043,-177.886,-25.066,0.320
355.1057,-51.000,698.097,1078.708,-190.305,-31.485,0.320
355.2046,-53.000,684.775,1080.567,-197.896,-33.076,0.320
355.3060,-54.000,690.226,1067.532,-188.653,-20.833,0.320
355.4058,-55.000,686.617,1063.856,-188.619,-17.799,0.320
355.5033,-56.000,680.852,1062.587,-190.868,-17.048,0.320
355.6022,-62.000,586.843,1130.578,-271.867,-80.047,0.320
355.7033,-65.000,592.327,1109.459,-258.566,-57.746,0.320
355.8023,-67.000,598.505,1091.311,-246.403,-39.583,0.320
355.9028,-69.000,591.078,1086.883,-247.903,-35.083,0.320
356.0099,-71.000,580.315,1085.890,-252.787,-33.967,0.320
356.1018,-74.000,551.198,1099.494,-274.148,-46.328,0.320
356.2007,-76.000,548.839,1089.987,-270.574,-36.754,0.320
356.2997,-78.000,539.328,1087.731,-274.201,-34.381,0.320
356.4000,-80.000,528.076,1087.303,-279.614,-33.794,0.320
356.5019,-81.000,533.974,1073.636,-269.831,-21.011,0.320
356.6018,-83.000,512.862,1083.463,-285.301,-30.481,0.320
356.7028,-85.000,498.880,1086.174,-293.647,-32.827,0.320
356.8018,-88.000,469.111,1100.843,-315.866,-46.046,0.320
356.9016,-90.000,466.716,1091.723,-312.504,-36.684,0.320
357.0040,-92.000,457.301,1089.670,-316.184,-34.364,0.320
357.1004,-95.000,428.605,1103.098,-337.247,-46.427,0.320
357.2010,-99.000,391.310,1121.055,-364.873,-62.053,0.320
357.6018,-96.000,-985.159,1014.841,-1000.000,-3046.400,0.320
357.7038,-95.000,-971.231,1028.769,-1000.000,-742.223,0.320
357.8018,-96.000,-442.630,526.472,-484.551,-196.551,0.320
358.1077,-99.000,-985.159,1014.841,-1000.000,-3141.600,0.320
358.1988,-96.000,-971.231,1028.769,-1000.000,-740.538,0.320
358.3009,-96.000,-429.575,513.417,-471.496,-183.496,0.320
360.1069,-97.000,-985.159,1014.841,-1000.000,-3078.133,0.320
361.7055,-97.000,-985.159,1014.841,-1000.000,-3078.133,0.320
362.1032,-97.000,-985.159,1014.841,-1000.000,-3078.133,0.320
362.4036,-95.000,-985.159,1014.841,-1000.000,-3014.667,0.320
362.5031,-95.000,-971.231,1028.769,-1000.000,-746.997,0.320
362.6037,-93.000,-396.901,480.743,-438.822,-159.822,0.320
362.7036,-96.000,-311.100,419.927,-365.513,-77.513,0.320
362.8036,-96.000,-240.862,373.551,-307.207,-19.207,0.320
362.9033,-96.000,-214.960,370.559,-292.759,-4.759,0.320
363.1011,-94.000,-985.159,1014.841,-1000.000,-2982.933,0.320
363.2014,-94.000,-971.231,1028.769,-1000.000,-739.134,0.320
363.3004,-94.000,-423.227,507.069,-465.148,-183.148,0.320
363.3994,-94.000,-272.969,381.795,-327.382,-45.382,0.320
363.4973,-93.000,-211.263,343.953,-277.608,1.392,0.320
363.5986,-94.000,-216.493,372.092,-294.292,-12.292,0.320
363.6966,-94.000,-196.197,373.895,-285.046,-3.046,0.320
363.8062,-93.000,-167.564,366.671,-267.118,11.882,0.320
363.9047,-93.000,-166.089,386.022,-276.056,2.944,0.320
364.0035,-93.000,-158.141,398.400,-278.270,0.730,0.320
364.1033,-92.000,-133.100,393.264,-263.182,12.818,0.320
364.2013,-92.000,-132.970,412.678,-272.824,3.176,0.320
364.3043,-90.000,-94.465,393.412,-243.939,26.061,0.320
364.4022,-90.000,-104.579,422.505,-263.542,6.458,0.320
364.5004,-89.000,-84.420,421.105,-252.763,14.237,0.320
364.5993,-89.000,-85.845,441.100,-263.472,3.528,0.320
364.7003,-88.000,-63.656,437.322,-250.489,13.511,0.320
364.8012,-87.000,-49.044,440.986,-245.015,15.985,0.320
364.9002,-86.000,-36.351,446.453,-241.402,16.598,0.320
364.9984,-86.000,-39.805,467.969,-253.887,4.113,0.320
365.0966,-85.000,-18.272,464.415,-241.344,13.656,0.320
365.1959,-84.000,-3.953,468.005,-235.979,16.021,0.320
365.2972,-84.000,-7.081,488.980,-248.030,3.970,0.320
365.3961,-82.000,30.106,469.590,-219.742,26.258,0.320
365.4961,-82.000,19.231,498.218,-239.494,6.506,0.320
365.5962,-81.000,38.832,496.334,-228.751,14.249,0.320
365.7024,-81.000,36.956,515.895,-239.469,3.531,0.320
365.8012,-80.000,58.767,511.743,-226.488,13.512,0.320
365.9031,-79.000,73.058,515.087,-221.015,15.985,0.320
366.0023,-78.000,85.479,520.283,-217.402,16.598,0.320
366.1013,-77.000,97.431,525.931,-214.250,16.750,0.320
366.2002,-76.000,110.219,532.644,-211.212,16.788,0.320
366.2987,-75.000,124.323,540.730,-208.203,16.797,0.320
366.3963,-74.000,139.564,549.966,-205.201,16.799,0.320
366.4953,-73.000,155.774,560.175,-202.200,16.800,0.320
366.6062,-72.000,172.810,571.210,-199.200,16.800,0.320
366.6952,-70.000,205.105,566.231,-180.563,29.437,0.320
366.8028,-68.000,229.073,571.936,-171.432,32.568,0.320
366.9021,-66.000,251.687,580.998,-164.656,33.344,0.320
367.0012,-63.000,289.126,574.779,-142.826,46.174,0.320
367.1002,-61.000,303.664,596.233,-146.284,36.716,0.320
367.1974,-58.000,340.401,594.383,-126.991,47.009,0.320
367.3052,-58.000,326.755,651.458,-162.352,11.648,0.320
367.4032,-58.000,338.837,681.065,-171.114,2.886,0.320
367.5022,-58.000,356.771,703.341,-173.285,0.715,0.320
367.6061,-58.000,375.710,723.356,-173.823,0.177,0.320
367.7045,-58.000,394.519,742.432,-173.956,0.044,0.320
367.8031,-57.000,427.532,744.236,-158.352,12.648,0.320
367.9000,-57.000,436.703,772.435,-167.866,3.134,0.320
368.0002,-56.000,467.171,776.344,-154.586,13.414,0.320
368.1022,-56.000,475.580,804.932,-164.676,3.324,0.320
368.2018,-54.000,520.305,792.109,-135.902,26.098,0.320
368.2994,-53.000,534.176,813.968,-139.896,19.104,0.320
368.4008,-52.000,553.436,830.694,-138.629,17.371,0.320
368.5004,-50.000,588.665,829.508,-120.421,29.579,0.320
368.6000,-48.000,615.385,838.178,-111.396,32.604,0.320
368.6991,-47.000,625.846,866.414,-120.284,20.716,0.320
368.7987,-44.000,674.269,852.179,-88.955,43.045,0.320
368.8967,-43.000,677.864,889.258,-105.697,23.303,0.320
368.9958,-40.000,725.180,877.809,-76.314,43.686,0.320
369.0951,-38.000,743.564,899.366,-77.901,36.099,0.320
369.2032,-36.000,767.887,915.449,-73.781,34.219,0.320
369.3021,-34.000,793.821,930.314,-68.247,33.753,0.320
369.4032,-32.000,820.272,944.996,-62.362,33.638,0.320
369.5024,-29.000,845.595,927.102,-40.753,46.247,0.320
369.6021,-26.000,862.136,919.394,-28.629,49.371,0.320
369.7009,-23.000,876.924,914.634,-18.855,50.145,0.320
369.7981,-19.000,906.081,894.361,5.860,62.974,0.320
369.8966,-15.000,926.626,884.728,20.949,66.153,0.320
369.9939,-11.000,945.665,878.324,33.671,66.941,0.320
370.1030,-8.000,950.304,889.943,30.181,54.499,0.320
370.2039,-5.000,964.362,892.227,36.068,51.416,0.320
370.3029,-2.000,980.791,892.207,44.292,50.652,0.320
370.3970,-0.000,983.278,908.348,37.465,37.825,0.320
370.4968,1.000,979.466,930.154,24.656,22.010,0.320
370.5980,3.000,999.509,920.725,39.392,30.728,0.320
370.6993,4.000,997.648,933.769,31.939,20.251,0.320
370.8001,7.000,1029.861,902.542,63.660,42.930,0.320
370.9010,11.000,1057.422,869.458,93.982,61.186,0.320
370.9992,14.000,1056.285,866.380,94.953,53.073,0.320
371.0991,18.000,1074.049,838.674,117.687,63.699,0.320
371.2014,21.000,1069.060,835.693,116.683,53.695,0.320
371.3021,24.000,1070.933,824.524,123.205,51.217,0.320
371.4020,27.000,1074.109,810.928,131.590,50.602,0.320
371.5020,29.000,1063.550,813.948,124.801,37.813,0.320
371.6029,31.000,1062.338,807.074,127.632,34.644,0.320
371.7019,32.000,1049.558,815.139,117.210,21.222,0.320
371.8018,33.000,1046.809,813.042,116.884,17.896,0.320
371.9042,34.000,1046.505,808.386,119.059,17.071,0.320
372.0023,34.000,1033.056,820.619,106.218,4.230,0.320
372.1033,34.000,1029.357,823.285,103.036,1.048,0.320
372.2015,34.000,1028.129,823.634,102.248,0.260,0.320
372.3000,34.000,1027.561,823.456,102.052,0.064,0.320
372.3983,35.000,1040.912,805.630,117.641,12.653,0.320
372.4966,36.000,1044.710,797.189,123.760,15.772,0.320
372.5939,36.000,1032.372,808.579,111.896,3.908,0.320
372.6929,36.000,1029.030,811.117,108.956,0.968,0.320
372.7953,34.000,994.525,840.617,76.954,-25.034,0.320
372.8926,32.000,980.795,851.774,64.510,-31.478,0.320
373.0039,31.000,989.662,844.559,72.551,-20.437,0.320
373.1029,30.000,990.520,845.946,72.287,-17.701,0.320
373.2014,30.000,1006.289,835.085,85.602,-4.386,0.320
373.2998,29.000,994.957,848.429,73.264,-13.724,0.320
373.3988,28.000,990.918,855.017,67.950,-16.038,0.320
373.4990,26.000,972.131,874.652,48.740,-29.248,0.320
373.5989,24.000,964.058,885.125,39.466,-32.522,0.320
373.6959,22.000,959.107,893.796,32.655,-33.333,0.320
373.7933,20.000,955.327,902.419,26.454,-33.534,0.320
373.9026,17.000,935.560,925.821,4.869,-46.221,0.320
374.0019,14.000,926.306,940.686,-7.190,-49.364,0.320
374.1029,12.000,936.960,939.481,-1.260,-37.506,0.320
374.2032,9.000,922.091,961.901,-19.905,-47.205,0.320
374.3008,6.000,915.193,977.738,-31.272,-49.608,0.320
374.3997,4.000,927.398,977.811,-25.207,-37.567,0.320
374.4999,1.000,913.729,1001.437,-43.854,-47.220,0.320
374.5998,-3.000,888.573,1030.376,-70.901,-62.249,0.320
374.6971,-6.000,890.298,1032.346,-71.024,-53.336,0.320
374.7951,-10.000,866.200,1053.225,-93.513,-63.765,0.320
374.8947,-14.000,848.484,1064.845,-108.181,-66.349,0.320
374.9919,-19.000,813.902,1087.046,-136.572,-79.626,0.320
375.0918,-23.000,805.807,1084.257,-139.225,-70.279,0.320
375.2000,-27.000,789.817,1087.635,-148.909,-67.963,0.320
375.2988,-30.000,788.908,1078.304,-144.698,-54.752,0.320
375.3977,-34.000,760.012,1092.135,-166.062,-64.116,0.320
375.4953,-37.000,755.167,1084.656,-164.745,-53.799,0.320
375.5970,-40.000,742.226,1084.602,-171.188,-51.242,0.320
375.6967,-43.000,727.076,1086.185,-179.555,-50.609,0.320
375.7968,-46.000,711.207,1088.003,-188.398,-50.452,0.320
375.8956,-49.000,695.014,1089.732,-197.359,-50.413,0.320
375.9988,-51.000,696.174,1077.598,-190.712,-37.766,0.320
376.0990,-53.000,687.804,1074.960,-193.578,-34.632,0.320
376.1976,-54.000,694.619,1060.948,-183.165,-21.219,0.320
376.2977,-55.000,691.464,1057.146,-182.841,-17.895,0.320
376.3965,-56.000,685.911,1055.945,-185.017,-17.071,0.320
376.5008,-57.000,679.824,1055.451,-187.813,-16.867,0.320
376.5977,-57.000,691.215,1041.466,-175.125,-4.179,0.320
376.6968,-62.000,605.471,1105.806,-250.167,-64.221,0.320
376.7957,-66.000,581.954,1110.770,-264.408,-66.462,0.320
376.8958,-69.000,577.390,1100.042,-261.326,-54.380,0.320
376.9978,-72.000,563.626,1098.290,-267.332,-51.386,0.320
377.0957,-74.000,565.070,1084.976,-259.953,-38.007,0.320
377.1924,-75.000,574.058,1068.059,-247.001,-22.055,0.320
377.3007,-77.000,553.663,1077.034,-261.685,-30.739,0.320
377.3978,-78.000,557.375,1065.775,-254.200,-20.254,0.320
377.4958,-79.000,553.346,1062.550,-254.602,-17.656,0.320
377.5941,-80.000,547.486,1061.403,-256.958,-17.012,0.320
377.6916,-81.000,541.248,1060.845,-259.799,-16.853,0.320
377.8004,-83.000,517.422,1074.215,-278.396,-29.450,0.320
377.8990,-85.000,503.017,1078.052,-287.518,-32.572,0.320
377.9986,-87.000,490.912,1079.495,-294.291,-33.345,0.320
378.0964,-89.000,479.349,1080.315,-300.483,-33.537,0.320
378.1946,-90.000,485.453,1067.239,-290.893,-20.947,0.320
378.2999,-92.000,464.632,1077.454,-306.411,-30.465,0.320
378.3980,-92.000,486.040,1053.030,-283.495,-7.549,0.320
378.4970,-92.000,490.437,1046.070,-277.816,-1.870,0.320
378.5961,-92.000,490.755,1043.574,-276.409,-0.463,0.320
378.6975,-91.000,504.735,1025.582,-260.424,12.522,0.320
378.7975,-90.000,509.668,1018.080,-254.206,15.740,0.320
378.8954,-90.000,498.236,1030.327,-266.046,3.900,0.320
379.0008,-89.000,510.206,1016.891,-253.342,13.604,0.320
379.0986,-87.000,529.964,994.566,-232.301,28.645,0.320
379.1978,-86.000,524.883,1001.305,-238.211,19.735,0.320
379.2964,-84.000,541.357,984.920,-221.782,30.164,0.320
379.3954,-83.000,536.262,993.931,-228.834,20.112,0.320
379.4937,-82.000,538.856,995.507,-228.325,17.621,0.320
379.5914,-81.000,543.430,995.316,-225.943,17.003,0.320
379.6916,-80.000,548.560,994.751,-223.096,16.850,0.320
379.7904,-78.000,568.440,977.433,-204.496,29.450,0.320
379.8904,-77.000,564.933,986.956,-211.012,19.934,0.320
379.9913,-76.000,568.553,989.291,-210.369,17.577,0.320
380.0995,-75.000,573.919,989.826,-207.954,16.992,0.320
380.1907,-73.000,594.259,973.182,-189.461,29.485,0.320
380.2896,-72.000,591.208,983.214,-196.003,19.943,0.320
380.3984,-70.000,609.788,969.248,-179.730,30.216,0.320
380.4964,-68.000,621.135,963.504,-171.185,32.761,0.320
380.5946,-66.000,630.987,960.094,-164.554,33.392,0.320
380.6925,-63.000,655.278,940.799,-142.760,46.186,0.320
380.7904,-61.000,656.274,948.729,-146.227,36.719,0.320
380.8925,-56.000,708.233,899.557,-95.662,72.284,0.320
380.9934,-56.000,662.545,962.615,-150.035,17.911,0.320
381.0923,-55.000,671.011,966.752,-147.871,17.075,0.320
381.1919,-54.000,679.580,969.736,-145.078,16.868,0.320
381.2912,-53.000,687.859,972.117,-142.129,16.817,0.320
381.3918,-52.000,695.797,974.081,-139.142,16.804,0.320
381.4910,-51.000,703.422,975.712,-136.145,16.801,0.320
381.5913,-50.000,710.775,977.067,-133.146,16.800,0.320
381.6925,-48.000,732.453,961.470,-114.509,29.437,0.320
381.7909,-47.000,730.452,972.481,-121.015,19.931,0.320
381.8923,-44.000,764.459,942.651,-89.096,42.850,0.320
381.9907,-43.000,753.060,964.442,-105.691,23.255,0.320
382.0943,-40.000,785.155,937.699,-76.272,43.674,0.320
382.1930,-38.000,788.192,943.892,-77.850,36.096,0.320
382.2924,-36.000,797.077,944.532,-73.727,34.219,0.320
382.3901,-34.000,807.500,943.885,-68.193,33.753,0.320
382.4989,-32.000,818.380,942.996,-62.308,33.638,0.320
382.5978,-29.000,843.994,925.393,-40.699,46.247,0.320
382.6962,-27.000,846.226,934.651,-44.212,36.734,0.320
382.7962,-25.000,855.592,936.731,-40.570,34.376,0.320
382.8953,-24.000,852.155,953.737,-50.791,21.155,0.320
382.9934,-21.000,887.181,926.765,-19.792,43.154,0.320
383.0920,-20.000,877.200,950.432,-36.616,23.330,0.320
383.1888,-18.000,895.974,941.971,-22.999,31.055,0.320
383.2894,-18.000,879.889,972.822,-46.467,7.695,0.320
383.3926,-17.000,894.831,968.271,-36.720,14.544,0.320
383.4934,-16.000,904.268,968.506,-32.119,16.241,0.320
383.5918,-16.000,897.566,986.430,-44.432,4.024,0.320
383.6903,-16.000,899.212,994.322,-47.555,0.997,0.320
383.7883,-16.000,902.420,999.222,-48.401,0.247,0.320
383.8993,-16.000,905.584,1002.949,-48.683,0.061,0.320
383.9963,-17.000,890.808,1019.744,-64.468,-12.622,0.320
384.0952,-17.000,902.558,1012.709,-55.076,-3.128,0.320
384.1942,-18.000,889.249,1026.185,-68.468,-13.412,0.320
384.2932,-19.000,883.238,1031.499,-74.131,-15.961,0.320
384.3944,-20.000,878.890,1034.414,-77.762,-16.592,0.320
384.4936,-21.000,874.705,1036.542,-80.918,-16.748,0.320
384.5978,-22.000,870.371,1038.286,-83.957,-16.787,0.320
384.6952,-24.000,848.284,1053.492,-102.604,-29.434,0.320
384.7921,-25.000,852.943,1045.144,-96.101,-19.931,0.320
384.8905,-26.000,850.310,1043.802,-96.746,-17.576,0.320
384.9908,-27.000,845.784,1044.109,-99.162,-16.992,0.320
385.0906,-29.000,823.159,1058.468,-117.655,-29.485,0.320
385.1882,-30.000,827.267,1049.493,-111.113,-19.943,0.320
385.2895,-32.000,806.586,1061.358,-127.386,-30.216,0.320
385.3913,-33.000,811.011,1051.599,-120.294,-20.124,0.320
385.4913,-34.000,807.825,1049.412,-120.794,-17.624,0.320
385.5934,-35.000,802.740,1049.089,-123.174,-17.004,0.320
385.6942,-37.000,779.618,1062.934,-141.658,-29.488,0.320
385.7943,-38.000,783.300,1053.527,-135.114,-19.944,0.320
385.8941,-40.000,762.254,1065.027,-151.386,-30.216,0.320
385.9937,-41.000,766.369,1054.958,-144.294,-20.124,0.320
386.0932,-42.000,762.919,1052.506,-144.794,-17.624,0.320
386.1917,-43.000,757.610,1051.959,-147.174,-17.004,0.320
386.2907,-44.000,751.855,1051.896,-150.021,-16.851,0.320
386.3885,-45.000,746.001,1051.966,-152.983,-16.813,0.320
386.4982,-45.000,757.689,1038.361,-140.336,-4.166,0.320
386.5981,-46.000,742.450,1048.129,-152.839,-13.669,0.320
386.6981,-46.000,751.908,1037.022,-142.557,-3.387,0.320
386.7972,-46.000,753.755,1033.774,-140.009,-0.839,0.320
386.8962,-46.000,753.791,1032.547,-139.378,-0.208,0.320
386.9954,-46.000,753.441,1031.884,-139.222,-0.052,0.320
387.0931,-46.000,753.049,1031.414,-139.183,-0.013,0.320
387.1932,-46.000,752.693,1031.039,-139.173,-0.003,0.320
387.2921,-46.000,752.384,1030.726,-139.171,-0.001,0.320
387.3921,-46.000,752.120,1030.461,-139.170,-0.000,0.320
387.4884,-46.000,751.896,1030.236,-139.170,-0.000,0.320
387.5890,-45.000,766.262,1013.328,-123.533,12.637,0.320
387.6893,-45.000,757.176,1023.253,-133.039,3.131,0.320
387.7872,-44.000,769.734,1009.248,-119.757,13.413,0.320
387.8871,-43.000,775.087,1003.506,-114.209,15.961,0.320
387.9958,-42.000,778.973,1000.129,-110.578,16.592,0.320
388.0941,-41.000,782.766,997.609,-107.422,16.748,0.320
388.1925,-39.000,801.322,978.813,-88.746,29.424,0.320
388.2927,-38.000,796.645,987.128,-95.242,19.928,0.320
388.3932,-36.000,813.815,971.730,-78.958,30.212,0.320
388.4925,-35.000,809.399,981.492,-86.047,20.123,0.320
388.5931,-33.000,827.148,966.967,-69.909,30.261,0.320
388.6931,-32.000,823.313,977.382,-77.035,20.135,0.320
388.7931,-31.000,827.021,980.108,-76.544,17.626,0.320
388.8921,-29.000,847.111,964.167,-58.528,29.642,0.320
388.9923,-28.000,844.134,974.510,-65.188,19.982,0.320
389.0931,-27.000,848.291,977.454,-64.582,17.588,0.320
389.1930,-25.000,868.693,961.768,-46.537,29.633,0.320
389.2931,-24.000,865.964,972.345,-53.190,19.980,0.320
389.3930,-23.000,870.328,975.492,-52.582,17.588,0.320
389.4933,-21.000,890.905,959.980,-34.538,29.632,0.320
389.5909,-20.000,888.325,970.705,-41.190,19.980,0.320
389.6920,-19.000,892.701,974.093,-40.696,17.588,0.320
389.7900,-18.000,898.719,975.513,-38.397,16.995,0.320
389.8883,-17.000,905.052,976.343,-35.646,16.848,0.320
389.9861,-16.000,911.384,976.940,-32.778,16.812,0.320
390.0959,-15.000,917.649,977.403,-29.877,16.803,0.320
390.1889,-14.000,923.843,977.770,-26.963,16.801,0.320
390.2873,-13.000,929.972,978.056,-24.042,16.800,0.320
390.3969,-13.000,921.484,994.998,-36.757,4.163,0.320
390.4960,-12.000,936.430,985.077,-24.323,13.669,0.320
390.5947,-11.000,944.276,982.343,-19.034,16.024,0.320
390.6936,-11.000,935.829,998.135,-31.153,3.971,0.320
390.7909,-9.000,965.024,970.863,-2.920,26.258,0.320
390.8889,-8.000,963.599,977.763,-7.082,19.144,0.320
390.9890,-7.000,967.540,979.315,-5.887,17.381,0.320
391.0881,-6.000,972.822,979.542,-3.360,16.944,0.320
391.1900,-5.000,978.446,979.442,-0.498,16.836,0.320
391.2872,-4.000,984.162,979.260,2.451,16.809,0.320
391.3872,-3.000,989.910,979.057,5.426,16.802,0.320
391.4860,-2.000,995.672,978.847,8.413,16.801,0.320
391.5847,-1.000,1001.446,978.634,11.406,16.800,0.320
391.6933,-0.000,1007.229,978.417,14.406,16.800,0.320
391.7922,1.000,1012.180,977.356,17.412,16.800,0.320
391.8911,2.000,1016.426,975.578,20.424,16.800,0.320
391.9926,3.000,1020.072,973.188,23.442,16.800,0.320
392.0907,4.000,1023.211,970.279,26.466,16.800,0.320
392.1893,5.000,1025.918,966.926,29.496,16.800,0.320
392.2848,6.000,1028.259,963.195,32.532,16.800,0.320
392.3858,6.000,1016.568,976.706,19.931,4.163,0.320
392.4962,7.000,1027.969,963.012,32.479,13.669,0.320
392.5956,8.000,1031.978,956.214,37.882,16.024,0.320
392.6948,9.000,1034.010,950.971,41.520,16.608,0.320
392.7933,10.000,1035.430,945.981,44.724,16.752,0.320
392.8915,11.000,1036.595,940.942,47.826,16.788,0.320
392.9881,12.000,1037.609,935.795,50.907,16.797,0.320
393.0859,12.000,1024.790,948.102,38.344,4.162,0.320
393.1858,13.000,1035.236,933.379,50.928,13.668,0.320
393.2869,14.000,1038.439,925.702,56.368,16.024,0.320
393.3881,15.000,1039.791,919.707,60.042,16.608,0.320
393.4864,15.000,1026.915,931.636,47.639,4.115,0.320
393.5947,16.000,1037.230,916.676,60.277,13.657,0.320
393.6947,16.000,1026.579,926.379,50.100,3.384,0.320
393.7930,17.000,1037.450,910.862,63.294,13.476,0.320
393.8908,18.000,1040.664,902.859,68.902,15.976,0.320
393.9900,18.000,1028.219,914.233,56.993,3.959,0.320
394.0889,19.000,1038.617,899.085,69.766,13.618,0.320
394.1918,19.000,1027.969,908.696,59.636,3.374,0.320
394.2914,20.000,1038.707,893.236,72.735,13.473,0.320
394.3889,20.000,1028.065,902.864,62.601,3.339,0.320
394.4872,20.000,1025.123,904.944,60.089,0.827,0.320
394.5847,20.000,1024.134,905.201,59.467,0.205,0.320
394.6868,20.000,1023.669,905.043,59.313,0.051,0.320
394.7862,21.000,1037.083,887.260,74.912,12.650,0.320
394.8836,21.000,1027.211,896.418,65.396,3.134,0.320
394.9931,21.000,1024.550,898.473,63.039,0.777,0.320
395.0926,21.000,1023.708,898.799,62.454,0.192,0.320
395.1921,21.000,1023.344,898.725,62.310,0.048,0.320
395.2936,21.000,1023.122,898.574,62.274,0.012,0.320
395.3925,21.000,1022.955,898.425,62.265,0.003,0.320
395.4914,21.000,1022.818,898.292,62.263,0.001,0.320
395.5928,21.000,1022.703,898.179,62.262,0.000,0.320
395.6922,21.000,1022.606,898.082,62.262,0.000,0.320
395.7918,20.000,1005.806,912.556,46.625,-12.637,0.320
395.8912,20.000,1015.823,903.562,56.131,-3.131,0.320
395.9896,19.000,1002.011,916.085,42.963,-13.413,0.320
396.0938,18.000,996.443,921.396,37.523,-15.961,0.320
396.1935,18.000,1009.947,910.673,49.637,-3.955,0.320
396.2915,17.000,997.490,923.336,37.077,-13.617,0.320
396.3905,16.000,992.698,929.141,31.779,-16.011,0.320
396.4899,16.000,1006.769,918.932,43.919,-3.967,0.320
396.5912,15.000,994.768,932.056,31.356,-13.620,0.320
396.6893,14.000,990.357,938.261,26.048,-16.012,0.320
396.7936,14.000,1004.748,928.395,38.176,-3.968,0.320
396.8920,13.000,993.016,941.813,25.602,-13.620,0.320
396.9897,13.000,1005.556,933.706,35.925,-3.375,0.320
397.0886,12.000,993.334,947.537,22.899,-13.473,0.320
397.1876,11.000,989.001,954.077,17.462,-15.976,0.320
397.2866,10.000,986.799,958.995,13.902,-16.596,0.320
397.3885,9.000,985.274,963.669,10.803,-16.749,0.320
397.4878,9.000,1000.765,953.854,23.456,-4.150,0.320
397.5846,7.000,972.907,982.217,-4.655,-26.303,0.320
397.6872,6.000,979.226,980.167,-0.471,-19.155,0.320
397.7860,5.000,980.261,983.600,-1.669,-17.383,0.320
397.8851,5.000,996.767,973.894,11.437,-4.307,0.320
397.9845,3.000,969.480,1002.639,-16.580,-26.342,0.320
398.0831,3.000,992.932,986.427,3.253,-6.527,0.320
398.1919,2.000,984.214,999.139,-7.463,-14.255,0.320
398.2906,-0.000,964.699,1020.728,-28.014,-28.806,0.320
398.3886,-1.000,972.687,1016.665,-21.989,-19.775,0.320
398.4886,-2.000,973.160,1018.686,-22.763,-17.537,0.320
398.5864,-3.000,971.337,1021.790,-25.227,-16.983,0.320
398.6865,-4.000,968.575,1024.801,-28.113,-16.845,0.320
398.7854,-5.000,965.264,1027.483,-31.109,-16.811,0.320
398.8840,-7.000,943.986,1043.546,-49.780,-29.440,0.320
398.9865,-7.000,966.873,1022.227,-27.677,-7.295,0.320
399.0883,-9.000,937.859,1044.895,-53.518,-27.082,0.320
399.1874,-10.000,940.915,1038.603,-48.844,-19.348,0.320
399.2873,-11.000,937.971,1037.957,-49.993,-17.431,0.320
399.3915,-13.000,915.865,1052.332,-68.234,-29.594,0.320
399.4902,-14.000,920.198,1043.587,-61.694,-19.970,0.320
399.5863,-15.000,917.198,1041.997,-62.400,-17.586,0.320
399.6873,-16.000,912.322,1042.131,-64.905,-16.995,0.320
399.7873,-17.000,906.931,1042.652,-67.860,-16.848,0.320
399.8884,-18.000,901.370,1043.234,-70.932,-16.812,0.320
399.9861,-19.000,895.728,1043.802,-74.037,-16.803,0.320
400.0853,-20.000,890.155,1044.224,-77.035,-16.801,0.320
400.1830,-21.000,884.546,1044.614,-80.034,-16.800,0.320
400.2924,-22.000,878.908,1044.976,-83.034,-16.800,0.320
400.3905,-23.000,873.245,1045.313,-86.034,-16.800,0.320
400.4886,-24.000,867.562,1045.630,-89.034,-16.800,0.320
400.5884,-25.000,861.862,1045.930,-92.034,-16.800,0.320
400.6884,-26.000,856.146,1046.214,-95.034,-16.800,0.320
400.7875,-27.000,850.418,1046.486,-98.034,-16.800,0.320
400.8894,-28.000,844.679,1046.747,-101.034,-16.800,0.320
400.9895,-29.000,838.931,1046.999,-104.034,-16.800,0.320
401.0891,-31.000,815.618,1060.960,-122.671,-29.437,0.320
401.1875,-32.000,819.229,1051.560,-116.165,-19.931,0.320
401.2862,-33.000,815.704,1049.324,-116.810,-17.576,0.320
401.3850,-35.000,792.863,1062.590,-134.863,-29.629,0.320
401.4849,-36.000,796.523,1052.949,-128.213,-19.979,0.320
401.5832,-37.000,792.953,1050.596,-128.822,-17.588,0.320
401.6823,-37.000,805.165,1036.349,-115.592,-4.358,0.320
401.7809,-38.000,790.021,1045.924,-127.951,-13.717,0.320
401.8913,-38.000,799.473,1034.738,-117.633,-3.399,0.320
401.9914,-39.000,783.735,1045.162,-130.713,-13.479,0.320
402.0903,-39.000,793.116,1034.264,-120.574,-3.340,0.320
402.1903,-39.000,794.984,1031.107,-118.062,-0.828,0.320
402.2903,-39.000,795.058,1029.937,-117.439,-0.205,0.320
402.3902,-39.000,794.747,1029.317,-117.285,-0.051,0.320
402.4875,-39.000,794.389,1028.882,-117.247,-0.013,0.320
402.5860,-38.000,808.619,1011.819,-101.600,12.634,0.320
402.6903,-38.000,799.412,1021.619,-111.103,3.131,0.320
402.7893,-38.000,797.309,1024.225,-113.458,0.776,0.320
402.8882,-37.000,811.496,1008.305,-98.405,12.829,0.320
402.9860,-37.000,802.609,1018.720,-108.055,3.179,0.320
403.0853,-37.000,800.867,1021.760,-110.446,0.788,0.320
403.1863,-37.000,800.827,1022.904,-111.039,0.195,0.320
403.2842,-36.000,815.706,1006.803,-95.548,12.686,0.320
403.3873,-36.000,807.145,1017.326,-105.091,3.143,0.320
403.4844,-35.000,820.171,1003.807,-91.818,13.416,0.320
403.5831,-35.000,811.370,1015.189,-101.910,3.324,0.320
403.6822,-34.000,824.523,1002.069,-88.773,13.461,0.320
403.7842,-34.000,815.912,1013.709,-98.899,3.335,0.320
403.8832,-33.000,829.248,1000.788,-85.770,13.464,0.320
403.9841,-32.000,835.354,995.875,-80.261,15.973,0.320
404.0817,-31.000,839.902,993.180,-76.639,16.595,0.320
404.1861,-30.000,844.264,991.233,-73.485,16.749,0.320
404.2851,-29.000,848.749,989.642,-70.447,16.787,0.320
404.3837,-28.000,853.408,988.282,-67.437,16.797,0.320
404.4811,-27.000,858.232,987.102,-64.435,16.799,0.320
404.5885,-26.000,863.202,986.070,-61.434,16.800,0.320
404.6853,-24.000,882.852,968.446,-42.797,29.437,0.320
404.7828,-23.000,879.128,977.733,-49.303,19.931,0.320
404.8817,-22.000,882.557,979.873,-48.658,17.576,0.320
404.9810,-20.000,902.317,963.526,-30.605,29.629,0.320
405.0873,-19.000,898.923,973.661,-37.369,19.979,0.320
405.1857,-18.000,902.709,976.446,-36.868,17.588,0.320
405.2837,-17.000,908.227,977.352,-34.563,16.995,0.320
405.3827,-16.000,914.134,977.746,-31.806,16.848,0.320
405.4812,-15.000,920.106,977.970,-28.932,16.812,0.320
405.5809,-13.000,940.629,961.393,-10.382,29.440,0.320
405.6803,-12.000,937.646,971.570,-16.962,19.932,0.320
405.7890,-10.000,956.265,957.747,-0.741,30.213,0.320
405.8870,-9.000,953.080,968.848,-7.884,20.124,0.320
405.9855,-8.000,957.316,972.181,-7.432,17.624,0.320
406.0850,-7.000,963.291,973.479,-5.094,17.004,0.320
406.1820,-5.000,984.176,957.456,13.360,29.488,0.320
406.2843,-4.000,981.594,968.011,6.792,19.944,0.320
406.3832,-2.000,1000.583,954.479,23.052,30.216,0.320
406.4821,-1.000,997.725,965.816,15.954,20.124,0.320
406.5798,1.000,1015.970,951.777,32.097,30.261,0.320
406.6890,3.000,1025.448,944.195,40.627,32.773,0.320
406.7801,5.000,1032.066,937.508,47.279,33.395,0.320
406.8791,6.000,1023.670,948.006,37.832,20.912,0.320
406.9800,8.000,1037.815,930.967,53.424,30.456,0.320
407.0791,11.000,1057.893,902.909,77.492,45.458,0.320
407.1877,13.000,1052.320,903.020,74.650,36.538,0.320
407.2793,15.000,1053.038,895.978,78.530,34.328,0.320
407.3879,17.000,1055.065,886.897,84.084,33.780,0.320
407.4869,19.000,1057.205,877.080,90.063,33.645,0.320
407.5890,22.000,1072.786,849.454,111.666,46.248,0.320
407.6883,23.000,1051.096,866.066,92.515,24.097,0.320
407.7866,25.000,1059.746,848.419,105.663,31.245,0.320
407.8863,28.000,1076.571,818.428,129.072,45.654,0.320
407.9861,30.000,1068.568,816.558,126.005,36.587,0.320
408.0833,33.000,1081.003,790.212,145.395,46.977,0.320
408.1878,35.000,1071.688,789.023,141.333,36.915,0.320
408.2889,37.000,1069.890,780.212,144.839,34.421,0.320
408.3879,39.000,1069.924,769.481,150.222,33.804,0.320
408.4867,41.000,1070.384,758.247,156.068,33.650,0.320
408.5849,43.000,1070.928,746.867,162.030,33.612,0.320
408.6834,45.000,1071.473,735.430,168.021,33.603,0.320
408.7811,48.000,1085.719,706.407,189.656,46.238,0.320
408.8787,50.000,1076.592,704.293,186.150,36.732,0.320
408.9884,52.000,1074.619,695.031,189.794,34.376,0.320
409.0894,55.000,1088.137,666.442,210.847,46.429,0.320
409.1775,57.000,1078.742,664.348,207.197,36.779,0.320
409.2863,60.000,1090.345,637.459,226.443,47.025,0.320
409.3872,61.000,1066.693,653.279,206.707,24.289,0.320
409.4850,63.000,1074.028,634.606,219.711,31.293,0.320
409.5830,65.000,1076.105,621.212,227.446,33.028,0.320
409.6854,68.000,1090.602,591.575,249.514,46.096,0.320
409.7843,70.000,1081.428,589.200,246.114,36.696,0.320
409.8879,72.000,1079.351,579.781,249.785,34.367,0.320
409.9857,73.000,1065.331,586.189,239.571,21.153,0.320
410.0846,74.000,1061.401,582.808,239.297,17.879,0.320
410.1836,76.000,1073.780,559.535,257.122,29.704,0.320
410.2804,77.000,1063.524,562.692,250.416,19.998,0.320
410.3800,79.000,1074.398,541.103,266.647,30.229,0.320
410.4805,80.000,1063.823,544.731,259.546,20.128,0.320
410.5792,81.000,1060.947,540.862,260.043,17.625,0.320
410.6851,83.000,1073.757,517.638,278.059,29.641,0.320
410.7832,84.000,1063.752,520.952,271.400,19.982,0.320
410.8819,85.000,1061.094,517.081,272.006,17.588,0.320
410.9791,86.000,1060.307,511.480,274.413,16.995,0.320
411.0818,87.000,1060.025,505.492,277.266,16.848,0.320
411.1829,88.000,1059.904,499.444,280.230,16.812,0.320
411.2841,89.000,1059.852,493.410,283.221,16.803,0.320
411.3849,90.000,1059.844,487.407,286.219,16.801,0.320
411.4852,90.000,1046.152,498.990,273.581,4.163,0.320
411.5849,91.000,1055.841,483.667,286.087,13.669,0.320
411.6861,91.000,1044.665,493.055,275.805,3.387,0.320
411.7860,91.000,1041.357,494.842,273.257,0.839,0.320
411.8868,91.000,1040.079,494.828,272.626,0.208,0.320
411.9859,92.000,1053.091,476.878,288.107,12.689,0.320
412.0859,92.000,1042.948,485.823,278.562,3.144,0.320
412.1856,93.000,1053.791,470.122,291.834,13.416,0.320
412.2829,93.000,1043.134,479.650,281.742,3.324,0.320
412.3798,94.000,1053.871,464.113,294.879,13.461,0.320
412.4819,94.000,1043.206,473.699,284.753,3.335,0.320
412.5796,94.000,1040.238,475.749,282.244,0.826,0.320
412.6798,95.000,1052.943,458.423,297.260,12.842,0.320
412.7827,95.000,1042.820,467.619,287.600,3.182,0.320
412.8817,95.000,1040.032,469.619,285.206,0.788,0.320
412.9791,94.000,1022.387,484.434,268.976,-12.442,0.320
413.0822,94.000,1032.043,475.373,278.335,-3.083,0.320
413.1817,94.000,1034.615,473.306,280.654,-0.764,0.320
413.2796,93.000,1018.687,487.504,265.592,-12.826,0.320
413.3767,93.000,1029.100,478.620,275.240,-3.178,0.320
413.4864,92.000,1015.423,491.436,261.993,-13.425,0.320
413.5848,92.000,1026.656,482.473,272.092,-3.326,0.320
413.6844,92.000,1030.122,480.935,274.594,-0.824,0.320
413.7830,92.000,1031.562,481.134,275.214,-0.204,0.320
413.8810,92.000,1032.412,481.677,275.367,-0.051,0.320
413.9801,92.000,1033.042,482.231,275.405,-0.013,0.320
414.0798,92.000,1033.555,482.725,275.415,-0.003,0.320
414.1807,91.000,1017.268,497.708,259.780,-12.638,0.320
414.2806,92.000,1041.437,471.590,284.924,9.506,0.320
414.3796,92.000,1034.959,479.412,277.773,2.355,0.320
414.4789,92.000,1033.758,481.755,276.002,0.584,0.320
414.5765,92.000,1033.805,482.679,275.563,0.145,0.320
414.6775,91.000,1017.391,497.758,259.817,-12.601,0.320
414.7766,91.000,1027.803,489.212,269.296,-3.122,0.320
414.8844,90.000,1014.227,502.213,256.007,-13.411,0.320
414.9846,90.000,1025.571,493.381,266.095,-3.323,0.320
415.0857,89.000,1012.421,506.506,252.957,-13.461,0.320
415.1857,88.000,1007.318,512.427,247.445,-15.973,0.320
415.2840,87.000,1004.464,516.818,243.823,-16.595,0.320
415.3856,86.000,1002.382,521.045,240.669,-16.749,0.320
415.4855,85.000,1000.676,525.415,237.631,-16.787,0.320
415.5856,85.000,1015.936,515.419,250.258,-4.160,0.320
415.6761,84.000,1004.585,529.085,237.750,-13.668,0.320
415.7851,83.000,1000.632,535.844,232.394,-16.024,0.320
415.8840,82.000,998.662,541.041,228.810,-16.608,0.320
415.9816,81.000,997.308,545.977,225.666,-16.752,0.320
416.0798,81.000,1012.932,536.398,238.267,-4.151,0.320
416.1786,80.000,1001.906,550.402,225.752,-13.666,0.320
416.2785,79.000,998.235,557.445,220.395,-16.023,0.320
416.3765,77.000,979.786,577.440,201.173,-29.245,0.320
416.4764,76.000,988.724,573.655,207.534,-19.884,0.320
416.5851,75.000,990.654,576.946,206.854,-17.564,0.320
416.6836,74.000,990.868,582.010,204.429,-16.989,0.320
416.7815,72.000,973.956,602.088,185.934,-29.484,0.320
416.8835,71.000,983.763,598.813,192.475,-19.943,0.320
416.9844,70.000,986.323,602.644,191.839,-17.579,0.320
417.0820,70.000,1003.762,593.638,205.062,-4.356,0.320
417.1804,69.000,993.905,608.502,192.702,-13.716,0.320
417.2838,67.000,974.417,630.927,171.745,-28.673,0.320
417.3828,66.000,983.516,628.164,177.676,-19.742,0.320
417.4817,65.000,985.842,632.064,176.889,-17.529,0.320
417.5798,63.000,969.739,652.139,158.800,-29.618,0.320
417.6825,62.000,979.989,649.105,165.442,-19.976,0.320
417.7835,60.000,966.148,667.760,149.194,-30.224,0.320
417.8809,58.000,960.494,679.185,140.654,-32.764,0.320
417.9855,56.000,957.158,689.107,134.025,-33.393,0.320
418.0851,54.000,954.641,698.902,127.869,-33.549,0.320
418.1756,52.000,952.535,708.874,121.831,-33.587,0.320
418.2774,50.000,950.709,719.067,115.821,-33.597,0.320
418.3843,48.000,949.102,729.465,109.819,-33.599,0.320
418.4812,46.000,947.678,740.042,103.818,-33.600,0.320
418.5785,43.000,929.691,765.329,82.181,-46.237,0.320
418.6809,41.000,938.639,767.265,85.687,-36.731,0.320
418.7782,39.000,940.460,776.376,82.042,-34.376,0.320
418.8761,37.000,940.530,787.279,76.626,-33.792,0.320
418.9852,34.000,923.461,813.194,55.133,-46.285,0.320
419.0852,32.000,933.102,815.752,58.675,-36.743,0.320
419.1843,30.000,935.491,825.413,55.039,-34.379,0.320
419.2824,28.000,936.038,836.788,49.625,-33.793,0.320
419.3823,26.000,936.090,848.550,43.770,-33.648,0.320
419.4851,24.000,935.987,860.375,37.806,-33.612,0.320
419.5853,22.000,935.818,872.188,31.815,-33.603,0.320
419.6744,20.000,935.608,883.974,25.817,-33.601,0.320
419.7753,17.000,918.754,910.189,4.283,-46.237,0.320
419.8735,15.000,928.668,912.911,7.879,-36.731,0.320
419.9833,13.000,931.312,922.688,4.312,-34.376,0.320
420.0813,11.000,932.081,934.157,-1.038,-33.792,0.320
420.1804,8.000,915.597,960.563,-22.483,-46.285,0.320
420.2823,6.000,925.732,963.542,-18.905,-36.743,0.320
420.3819,4.000,928.533,973.567,-22.517,-34.379,0.320
420.4798,1.000,912.699,999.824,-43.562,-46.430,0.320
420.5776,-1.000,922.274,1002.108,-39.917,-36.779,0.320
420.6765,-4.000,905.284,1023.658,-59.187,-47.025,0.320
420.7759,-6.000,911.945,1022.194,-55.125,-36.927,0.320
420.8749,-9.000,892.205,1040.831,-74.313,-47.061,0.320
420.9743,-12.000,878.892,1050.686,-85.897,-49.573,0.320
421.0764,-15.000,866.451,1057.669,-95.609,-50.195,0.320
421.1788,-17.000,871.172,1049.628,-89.228,-37.712,0.320
421.2763,-19.000,865.900,1050.397,-92.249,-34.619,0.320
421.3741,-21.000,857.913,1052.878,-97.482,-33.852,0.320
421.4752,-24.000,831.365,1069.224,-118.930,-46.300,0.320
421.5732,-26.000,831.243,1061.996,-115.377,-36.747,0.320
421.6821,-28.000,823.646,1061.665,-119.010,-34.380,0.320
421.7752,-30.000,814.023,1062.869,-124.423,-33.793,0.320
421.8742,-33.000,786.193,1078.023,-145.915,-46.285,0.320
421.9745,-35.000,785.007,1069.754,-142.373,-36.743,0.320
422.0821,-37.000,776.514,1068.531,-146.009,-34.379,0.320
422.1811,-39.000,766.130,1068.976,-151.423,-33.793,0.320
422.2810,-41.000,755.211,1069.767,-157.278,-33.648,0.320
422.3810,-42.000,761.660,1056.869,-147.605,-20.975,0.320
422.4802,-44.000,741.082,1067.285,-163.102,-30.472,0.320
422.5811,-45.000,745.127,1056.763,-155.818,-20.188,0.320
422.6810,-47.000,723.945,1067.759,-171.907,-30.277,0.320
422.7800,-48.000,727.834,1057.372,-164.769,-20.139,0.320
422.8791,-49.000,724.164,1054.679,-165.257,-17.627,0.320
422.9835,-50.000,718.662,1053.932,-167.635,-17.005,0.320
423.0723,-51.000,712.741,1053.702,-170.481,-16.851,0.320
423.1822,-52.000,706.745,1053.630,-173.443,-16.813,0.320
423.2733,-52.000,718.312,1039.904,-160.796,-4.166,0.320
423.3726,-53.000,702.971,1049.570,-173.299,-13.669,0.320
423.4725,-53.000,712.342,1038.376,-163.017,-3.387,0.320
423.5820,-54.000,696.557,1048.770,-176.106,-13.476,0.320
423.6831,-54.000,705.904,1037.843,-165.969,-3.339,0.320
423.7721,-54.000,707.744,1034.659,-163.457,-0.827,0.320
423.8721,-55.000,690.238,1047.182,-178.472,-12.842,0.320
423.9722,-55.000,699.280,1036.904,-168.812,-3.182,0.320
424.0814,-55.000,701.149,1033.986,-166.418,-0.788,0.320
424.1814,-55.000,701.296,1032.946,-165.825,-0.195,0.320
424.2793,-55.000,701.063,1032.420,-165.678,-0.048,0.320
424.3790,-55.000,700.777,1032.061,-165.642,-0.012,0.320
424.4778,-55.000,700.512,1031.778,-165.633,-0.003,0.320
424.5781,-61.000,594.939,1113.846,-259.454,-75.824,0.320
424.6781,-62.000,633.427,1069.538,-218.055,-31.425,0.320
424.7776,-62.000,656.092,1044.926,-194.417,-7.787,0.320
424.8799,-62.000,661.122,1038.241,-188.559,-1.929,0.320
424.9725,-62.000,661.870,1036.086,-187.108,-0.478,0.320
425.0815,-61.000,676.189,1018.412,-171.111,12.519,0.320
425.1787,-61.000,666.846,1027.902,-180.528,3.102,0.320
425.2757,-61.000,664.576,1030.298,-182.861,0.769,0.320
425.3727,-55.000,751.394,930.627,-89.617,76.013,0.320
425.4728,-55.000,697.753,991.342,-146.795,18.835,0.320
425.5729,-54.000,701.149,991.800,-145.326,17.304,0.320
425.6832,-54.000,691.270,1007.954,-158.342,4.288,0.320
425.7811,-54.000,690.712,1013.847,-161.568,1.062,0.320
425.8801,-53.000,706.737,1000.196,-146.730,12.900,0.320
425.9731,-53.000,699.542,1012.408,-156.433,3.197,0.320
426.0731,-52.000,713.827,1000.228,-143.201,13.429,0.320
426.1720,-51.000,720.677,996.008,-137.665,15.965,0.320
426.2809,-50.000,725.843,993.917,-134.037,16.593,0.320
426.3786,-49.000,730.726,992.488,-130.881,16.749,0.320
426.4777,-48.000,735.652,991.337,-127.843,16.787,0.320
426.5758,-47.000,740.686,990.352,-124.833,16.797,0.320
426.6719,-46.000,745.830,989.491,-121.831,16.799,0.320
426.7820,-44.000,765.627,972.013,-103.193,29.437,0.320
426.8810,-43.000,762.027,981.425,-109.699,19.931,0.320
426.9810,-41.000,780.119,966.953,-93.417,30.213,0.320
427.0789,-40.000,776.488,977.501,-100.506,20.124,0.320
427.1821,-38.000,794.905,963.643,-84.369,30.261,0.320
427.2812,-37.000,791.637,974.627,-91.495,20.135,0.320
427.3782,-36.000,795.827,977.835,-91.004,17.626,0.320
427.4767,-35.000,801.770,979.020,-88.625,17.005,0.320
427.5760,-33.000,822.623,962.907,-70.142,29.488,0.320
427.6760,-32.000,820.013,973.385,-76.686,19.944,0.320
427.7780,-30.000,838.969,959.797,-60.414,30.216,0.320
427.8782,-29.000,836.079,971.090,-67.506,20.124,0.320
427.9752,-28.000,840.569,974.582,-67.006,17.624,0.320
428.0729,-26.000,861.319,959.297,-48.989,29.641,0.320
428.1709,-25.000,858.903,970.199,-55.648,19.982,0.320
428.2809,-24.000,863.536,973.619,-55.042,17.588,0.320
428.3800,-22.000,884.342,958.337,-36.997,29.633,0.320
428.4789,-21.000,881.957,969.258,-43.650,19.980,0.320
428.5778,-20.000,886.613,972.697,-43.042,17.588,0.320
428.6770,-19.000,892.767,974.264,-40.749,16.995,0.320
428.7789,-17.000,913.777,958.498,-22.360,29.486,0.320
428.8779,-17.000,896.724,986.007,-44.642,7.306,0.320
428.9748,-16.000,910.133,979.326,-34.596,14.448,0.320
429.0729,-14.000,932.655,961.203,-14.274,28.854,0.320
429.1718,-14.000,915.736,987.861,-36.062,7.150,0.320
429.2748,-13.000,928.976,980.739,-25.881,14.409,0.320
429.3737,-12.000,936.723,979.032,-21.155,16.207,0.320
429.4717,-11.000,943.090,978.640,-17.775,16.653,0.320
429.5799,-10.000,949.100,978.549,-14.724,16.764,0.320
429.6798,-9.000,955.008,978.510,-11.751,16.791,0.320
429.7798,-9.000,946.319,995.190,-24.435,4.161,0.320
429.8719,-9.000,946.531,1001.769,-27.619,1.031,0.320
429.9699,-8.000,963.151,988.762,-12.805,12.893,0.320
430.0788,-7.000,971.004,984.820,-6.908,15.832,0.320
430.1767,-7.000,962.215,999.933,-18.859,3.923,0.320
430.2758,-8.000,944.347,1019.337,-37.495,-11.665,0.320
430.3788,-8.000,955.226,1012.763,-28.768,-2.890,0.320
430.4798,-8.000,959.182,1012.466,-26.642,-0.716,0.320
430.5778,-9.000,943.665,1027.254,-41.795,-12.815,0.320
430.6760,-9.000,954.440,1018.859,-32.209,-3.175,0.320
430.7741,-10.000,940.223,1031.259,-45.518,-13.424,0.320
430.8728,-10.000,950.988,1021.949,-35.480,-3.326,0.320
430.9728,-11.000,936.486,1033.849,-48.681,-13.461,0.320
431.0728,-12.000,929.376,1037.906,-54.265,-15.973,0.320
431.1728,-13.000,923.959,1039.889,-57.965,-16.595,0.320
431.2714,-15.000,901.278,1054.970,-76.846,-29.386,0.320
431.3706,-16.000,905.500,1046.449,-70.475,-19.919,0.320
