time_s,error_mm,left_rpm,right_rpm,pid_output,d_term,target_speed_ms
0.0002,3.000,118.201,-88.519,103.360,94.957,0.320
0.0871,3.000,57.205,2.831,27.810,19.991,0.180
0.1864,3.000,55.886,34.725,12.043,4.209,0.180
0.2837,3.000,66.935,54.439,8.736,0.886,0.180
0.3837,3.000,80.531,71.767,8.052,0.187,0.180
0.4806,3.000,94.612,88.745,7.920,0.039,0.180
0.5896,3.000,108.755,105.778,7.905,0.008,0.180
0.6873,2.000,112.500,130.906,-1.260,-6.567,0.180
0.7837,3.000,139.618,132.505,13.109,5.186,0.180
0.8802,3.000,149.953,154.355,9.030,1.092,0.180
0.9881,3.000,163.435,173.005,8.184,0.230,0.180
1.0859,3.000,177.523,191.002,8.018,0.048,0.180
1.1828,2.000,181.320,216.854,-1.178,-6.558,0.180
1.2889,2.000,201.128,230.021,4.010,-1.381,0.180
1.3857,2.000,216.731,247.222,5.110,-0.291,0.180
1.4831,2.000,231.375,265.236,5.350,-0.061,0.180
1.5794,1.000,235.380,291.365,-3.765,-6.581,0.180
1.6885,2.000,262.682,293.851,10.610,5.183,0.180
1.7861,1.000,262.792,324.436,-2.645,-5.477,0.180
1.8844,1.000,282.057,339.036,1.684,-1.153,0.180
1.9830,-0.000,287.371,364.882,-6.574,-6.811,0.180
2.0810,-1.000,296.887,386.027,-10.370,-8.002,0.180
2.1886,-1.000,318.091,398.659,-4.058,-1.685,0.180
2.2859,-2.000,323.176,423.509,-11.907,-6.923,0.180
2.3838,-2.000,343.202,436.704,-6.452,-1.457,0.180
2.4819,-3.000,347.829,461.488,-14.485,-6.875,0.180
2.5808,-4.000,356.606,481.886,-18.246,-8.016,0.180
2.6786,-5.000,366.173,501.291,-21.112,-8.256,0.180
2.7871,-6.000,375.836,520.430,-23.794,-8.307,0.180
2.8847,-6.000,396.431,532.091,-17.268,-1.749,0.180
2.9822,-7.000,400.842,556.272,-25.092,-6.937,0.180
3.0792,-7.000,420.258,568.935,-19.652,-1.460,0.180
3.1888,-8.000,424.356,593.277,-27.709,-6.876,0.180
3.2856,-8.000,443.651,605.932,-22.322,-1.448,0.180
3.3824,-8.000,458.651,622.864,-21.221,-0.305,0.180
3.4804,-9.000,461.766,648.065,-30.196,-6.633,0.180
3.5797,-9.000,465.204,644.641,-25.006,-1.396,0.180
3.6878,-10.000,453.796,652.459,-33.124,-6.862,0.180
3.7855,-10.000,457.866,648.338,-27.759,-1.445,0.180
3.8838,-11.000,446.880,655.681,-35.844,-6.873,0.180
3.9816,-11.000,451.282,651.182,-30.475,-1.447,0.180
4.0798,-11.000,451.546,650.836,-29.390,-0.305,0.180
4.1899,-12.000,440.058,658.655,-38.381,-6.633,0.180
4.2881,-12.000,444.608,653.985,-33.207,-1.396,0.180
4.3852,-13.000,434.145,660.747,-41.340,-6.862,0.180
4.4851,-14.000,428.041,663.105,-45.164,-8.013,0.180
4.5852,-14.000,433.856,657.105,-38.911,-1.687,0.180
4.6852,-15.000,423.769,663.436,-46.825,-6.924,0.180
4.7854,-16.000,417.836,665.575,-50.611,-8.026,0.180
4.8841,-17.000,412.791,666.796,-53.531,-8.258,0.180
4.9809,-19.000,396.969,675.167,-65.447,-14.875,0.180
5.0800,-20.000,397.424,670.779,-62.872,-9.700,0.180
5.1798,-21.000,393.812,670.449,-64.383,-8.611,0.180
5.2888,-22.000,389.354,670.954,-66.753,-8.381,0.180
5.3848,-23.000,384.729,671.621,-69.305,-8.333,0.180
5.4842,-24.000,380.076,672.309,-71.895,-8.323,0.180
5.5815,-27.000,353.488,687.726,-92.829,-21.457,0.180
5.6806,-27.000,370.123,670.597,-75.889,-4.517,0.180
5.7799,-28.000,362.462,674.238,-81.492,-7.519,0.180
5.8878,-29.000,357.179,675.503,-84.724,-8.151,0.180
5.9911,-31.000,341.435,683.633,-96.625,-14.853,0.180
6.0884,-32.000,341.926,679.069,-94.067,-9.695,0.180
6.1868,-33.000,338.355,678.578,-95.582,-8.610,0.180
6.2831,-34.000,333.935,678.945,-97.953,-8.381,0.180
6.3813,-34.000,340.311,672.125,-91.336,-1.764,0.180
6.4902,-35.000,330.531,677.927,-99.112,-6.940,0.180
6.5775,-36.000,324.837,679.639,-102.802,-8.029,0.180
6.6862,-36.000,330.973,673.120,-96.462,-1.690,0.180
6.7851,-37.000,321.166,679.000,-104.296,-6.924,0.180
6.8829,-37.000,326.456,673.373,-98.830,-1.458,0.180
6.9795,-38.000,316.488,679.454,-106.847,-6.875,0.180
7.0790,-39.000,310.789,681.249,-110.588,-8.016,0.180
7.1773,-39.000,316.953,674.766,-104.260,-1.688,0.180
7.2852,-40.000,307.178,680.672,-112.096,-6.924,0.180
7.3843,-41.000,301.527,682.433,-115.798,-8.026,0.180
7.4841,-41.000,307.707,675.946,-109.462,-1.690,0.180
7.5807,-42.000,297.939,681.853,-117.296,-6.924,0.180
7.6777,-42.000,303.263,676.248,-111.830,-1.458,0.180
7.7848,-42.000,304.292,674.980,-110.679,-0.307,0.180
7.8816,-43.000,293.463,682.006,-119.605,-6.633,0.180
7.9806,-43.000,298.582,676.654,-114.369,-1.396,0.180
8.0815,-43.000,299.584,675.454,-113.266,-0.294,0.180
8.1778,-43.000,299.731,675.139,-113.034,-0.062,0.180
8.2871,-43.000,299.708,675.019,-112.985,-0.013,0.180
8.3846,-43.000,299.656,674.949,-112.975,-0.003,0.180
8.4844,-44.000,288.638,682.264,-122.141,-6.569,0.180
8.5815,-44.000,293.749,677.005,-116.955,-1.383,0.180
8.6790,-44.000,294.778,675.851,-115.863,-0.291,0.180
8.7845,-44.000,294.954,675.568,-115.633,-0.061,0.180
8.8808,-44.000,294.957,675.474,-115.585,-0.013,0.180
8.9779,-44.000,294.928,675.426,-115.575,-0.003,0.180
9.0875,-44.000,294.897,675.391,-115.573,-0.001,0.180
9.1841,-44.000,294.870,675.363,-115.572,-0.000,0.180
9.2817,-43.000,302.814,664.971,-106.404,6.568,0.180
9.3778,-43.000,298.088,670.616,-111.589,1.383,0.180
9.4850,-42.000,305.356,661.731,-103.513,6.860,0.180
9.5830,-42.000,300.753,667.958,-108.928,1.444,0.180
9.6812,-42.000,300.303,669.789,-110.068,0.304,0.180
9.7792,-41.000,308.618,660.248,-101.140,6.632,0.180
9.8854,-41.000,304.361,666.463,-106.376,1.396,0.180
9.9837,-40.000,312.059,658.029,-98.310,6.862,0.180
10.0822,-39.000,315.797,654.265,-94.559,8.013,0.180
10.1776,-38.000,318.928,651.712,-91.717,8.255,0.180
10.2866,-37.000,322.125,649.607,-89.066,8.306,0.180
10.3838,-37.000,317.531,658.128,-95.623,1.749,0.180
10.4837,-35.000,333.756,640.441,-78.667,13.505,0.180
10.5809,-34.000,333.442,643.114,-80.161,9.412,0.180
10.6844,-33.000,336.482,642.678,-78.422,8.550,0.180
10.7818,-32.000,340.307,641.666,-76.004,8.368,0.180
10.8805,-31.000,344.365,640.600,-73.442,8.330,0.180
10.9787,-29.000,356.497,629.211,-61.682,14.891,0.180
11.0766,-28.000,356.025,633.914,-64.269,9.703,0.180
11.1862,-27.000,359.631,634.504,-62.761,8.611,0.180
11.2824,-26.000,364.085,634.218,-60.391,8.381,0.180
11.3788,-25.000,368.708,633.737,-57.839,8.333,0.180
11.4762,-23.000,381.326,622.839,-46.081,14.891,0.180
11.5846,-21.000,389.238,617.590,-39.500,16.272,0.180
11.6830,-21.000,380.524,634.568,-52.346,3.426,0.180
11.7803,-19.000,397.169,620.146,-36.813,13.858,0.180
11.8792,-18.000,398.049,624.757,-38.679,9.486,0.180
11.9765,-17.000,402.273,625.799,-37.087,8.565,0.180
12.0847,-16.000,407.134,626.014,-34.764,8.372,0.180
12.1812,-15.000,412.073,625.991,-32.283,8.331,0.180
12.2779,-13.000,424.954,615.487,-20.591,14.891,0.180
12.3760,-12.000,425.115,620.948,-23.241,9.703,0.180
12.4835,-11.000,429.255,622.186,-21.790,8.611,0.180
12.5826,-9.000,442.132,612.080,-10.298,14.950,0.180
12.6790,-8.000,442.434,617.734,-12.974,9.716,0.180
12.7759,-7.000,446.727,619.103,-11.512,8.614,0.180
12.8857,-6.000,451.771,619.473,-9.175,8.382,0.180
12.9833,-5.000,456.896,619.548,-6.650,8.333,0.180
13.0807,-3.000,469.949,609.116,5.092,14.891,0.180
13.1781,-2.000,470.265,614.628,2.494,9.703,0.180
13.2851,-0.000,482.518,605.528,13.170,15.180,0.180
13.3838,1.000,482.248,610.879,10.360,9.764,0.180
13.4825,3.000,492.951,600.294,21.004,15.192,0.180
13.5811,5.000,498.770,593.376,27.373,16.335,0.180
13.6779,6.000,495.806,597.805,23.676,10.007,0.180
13.7866,6.000,490.060,607.797,15.807,2.107,0.180
13.8846,6.000,490.232,611.234,14.175,0.444,0.180
13.9849,7.000,498.821,602.113,23.029,6.662,0.180
14.0843,7.000,494.871,608.610,17.806,1.402,0.180
14.1823,7.000,494.883,610.763,16.736,0.295,0.180
14.2812,7.000,495.607,611.880,16.539,0.062,0.180
14.3808,6.000,486.003,620.649,7.353,-6.555,0.180
14.4820,6.000,492.354,616.587,12.559,-1.380,0.180
14.5818,6.000,494.448,616.440,13.680,-0.291,0.180
14.6813,7.000,502.909,606.033,23.114,6.507,0.180
14.7800,7.000,498.482,611.807,18.013,1.370,0.180
14.8798,7.000,498.009,613.424,16.968,0.288,0.180
14.9786,7.000,498.304,614.101,16.777,0.061,0.180
15.0769,7.000,498.705,614.526,16.765,0.013,0.180
15.1751,7.000,499.083,614.851,16.791,0.003,0.180
15.2836,7.000,499.416,615.116,16.826,0.001,0.180
15.3809,7.000,499.706,615.334,16.862,0.000,0.180
15.4778,7.000,499.958,615.513,16.898,0.000,0.180
15.5758,7.000,500.178,615.660,16.934,0.000,0.180
15.6847,7.000,500.370,615.780,16.971,0.000,0.180
15.7836,7.000,500.539,615.876,17.007,0.000,0.180
15.8834,7.000,500.688,615.952,17.044,0.000,0.180
15.9796,7.000,500.820,616.011,17.080,0.000,0.180
16.0763,7.000,500.938,616.056,17.116,0.000,0.180
16.1843,7.000,501.043,616.089,17.153,0.000,0.180
16.2814,7.000,501.139,616.112,17.189,0.000,0.180
16.3788,6.000,490.851,624.099,8.052,-6.568,0.180
16.4770,6.000,496.591,619.404,13.269,-1.383,0.180
16.5756,5.000,487.784,626.699,5.218,-6.860,0.180
16.6834,5.000,494.083,622.115,10.659,-1.444,0.180
16.7819,5.000,495.978,621.678,11.825,-0.304,0.180
16.8796,4.000,486.490,630.005,2.918,-6.632,0.180
16.9754,4.000,492.753,625.755,8.175,-1.396,0.180
17.0836,3.000,484.359,633.461,0.124,-6.862,0.180
17.1816,2.000,480.625,637.209,-3.616,-8.013,0.180
17.2804,1.000,478.095,640.352,-6.453,-8.255,0.180
17.3796,1.000,486.377,635.590,0.070,-1.738,0.180
17.4778,-0.000,478.877,643.682,-7.727,-6.934,0.180
17.5757,-0.000,486.104,639.959,-2.252,-1.460,0.180
17.6746,-1.000,477.772,647.670,-10.273,-6.876,0.180
17.7824,-1.000,484.430,643.482,-4.850,-1.448,0.180
17.8805,-2.000,475.644,650.769,-12.886,-6.873,0.180
17.9800,-2.000,481.923,646.215,-7.471,-1.447,0.180
18.0759,-3.000,472.815,653.191,-15.512,-6.873,0.180
18.1835,-3.000,478.819,648.373,-10.102,-1.447,0.180
18.2799,-4.000,469.476,655.125,-18.149,-6.873,0.180
18.3776,-5.000,464.306,657.492,-21.917,-8.015,0.180
18.4742,-5.000,470.917,651.499,-15.615,-1.687,0.180
18.5818,-6.000,461.512,657.829,-23.483,-6.924,0.180
18.6775,-6.000,467.140,652.587,-18.048,-1.458,0.180
18.7755,-7.000,457.450,659.005,-26.102,-6.875,0.180
18.8851,-7.000,462.952,653.723,-20.710,-1.447,0.180
18.9828,-7.000,464.151,652.710,-19.604,-0.305,0.180
19.0821,-7.000,464.434,652.585,-19.400,-0.064,0.180
19.1783,-7.000,464.516,652.638,-19.386,-0.014,0.180
19.2764,-7.000,464.547,652.721,-19.411,-0.003,0.180
19.3754,-7.000,464.562,652.804,-19.445,-0.001,0.180
19.4746,-7.000,464.567,652.881,-19.481,-0.000,0.180
19.5817,-7.000,464.566,652.953,-19.518,-0.000,0.180
19.6784,-7.000,464.559,653.019,-19.554,-0.000,0.180
19.7755,-7.000,464.548,653.081,-19.590,-0.000,0.180
19.8746,-7.000,464.534,653.138,-19.627,-0.000,0.180
19.9840,-7.000,464.516,653.193,-19.663,-0.000,0.180
20.0845,-7.000,464.495,653.245,-19.700,-0.000,0.180
20.1806,-8.000,453.498,660.668,-28.910,-6.568,0.180
20.2778,-8.000,458.623,655.506,-23.766,-1.383,0.180
20.3761,-8.000,459.657,654.440,-22.716,-0.291,0.180
20.4735,-8.000,459.832,654.238,-22.527,-0.061,0.180
20.5832,-9.000,448.854,661.593,-31.694,-6.581,0.180
20.6827,-9.000,453.963,656.404,-26.545,-1.386,0.180
20.7792,-9.000,454.976,655.324,-25.498,-0.292,0.180
20.8772,-9.000,455.131,655.111,-25.315,-0.061,0.180
20.9739,-9.000,455.108,655.085,-25.313,-0.013,0.180
21.0818,-9.000,455.051,655.101,-25.350,-0.003,0.180
21.1789,-9.000,454.988,655.128,-25.394,-0.001,0.180
21.2791,-8.000,462.901,644.786,-16.267,6.568,0.180
21.3754,-8.000,458.141,650.480,-21.494,1.383,0.180
21.4735,-8.000,457.405,652.011,-22.627,0.291,0.180
21.5810,-7.000,465.445,642.246,-13.725,6.630,0.180
21.6786,-7.000,460.941,648.283,-18.996,1.396,0.180
21.7779,-7.000,460.455,650.074,-20.134,0.294,0.180
21.8771,-6.000,468.714,640.522,-11.229,6.630,0.180
21.9748,-6.000,464.399,646.739,-16.494,1.396,0.180
22.0747,-6.000,464.075,648.681,-17.627,0.294,0.180
22.1825,-6.000,464.499,649.631,-17.891,0.062,0.180
22.2806,-6.000,465.003,650.295,-17.971,0.013,0.180
22.3786,-5.000,473.431,640.459,-8.839,6.571,0.180
22.4789,-5.000,469.119,646.575,-14.052,1.383,0.180
22.5783,-5.000,468.768,648.460,-15.170,0.291,0.180
22.6783,-5.000,469.164,649.367,-15.426,0.061,0.180
22.7771,-4.000,477.617,639.622,-6.327,6.581,0.180
22.8768,-4.000,473.351,645.790,-11.544,1.386,0.180
22.9790,-3.000,481.018,637.339,-3.485,6.860,0.180
23.0771,-2.000,484.727,633.564,0.257,8.013,0.180
23.1732,-2.000,479.863,641.372,-6.079,1.687,0.180
23.2809,-2.000,479.772,643.965,-7.421,0.355,0.180
23.3768,-1.000,488.518,634.946,1.462,6.643,0.180
23.4728,-0.000,492.626,631.206,5.386,7.967,0.180
23.5811,-0.000,487.993,639.152,-0.904,1.677,0.180
23.6806,-0.000,488.076,641.884,-2.228,0.353,0.180
23.7777,-0.000,488.994,643.359,-2.507,0.074,0.180
23.8759,-0.000,489.953,644.435,-2.566,0.016,0.180
23.9733,1.000,498.179,634.339,6.596,6.572,0.180
24.0736,-0.000,483.327,648.200,-7.761,-5.185,0.180
24.1807,-0.000,488.500,645.186,-3.668,-1.092,0.180
24.2788,-0.000,490.279,645.242,-2.806,-0.230,0.180
24.3781,1.000,498.613,634.866,6.549,6.520,0.180
24.4767,-0.000,483.730,648.615,-7.767,-5.196,0.180
24.5760,1.000,496.224,634.557,5.509,5.475,0.180
24.6751,1.000,492.742,639.709,1.192,1.153,0.180
24.7737,2.000,499.921,630.350,9.461,6.811,0.180
24.8729,2.000,495.128,636.290,4.094,1.434,0.180
24.9825,3.000,501.867,626.926,12.146,6.870,0.180
25.0809,3.000,496.843,632.718,6.738,1.446,0.180
25.1820,4.000,503.417,623.198,14.785,6.873,0.180
25.2795,4.000,498.259,628.850,9.380,1.447,0.180
25.3794,4.000,497.348,630.182,8.259,0.305,0.180
25.4763,4.000,497.308,630.581,8.039,0.064,0.180
25.5758,3.000,487.056,638.737,-1.165,-6.555,0.180
25.6843,3.000,492.856,634.155,4.026,-1.380,0.180
25.7806,2.000,484.105,641.542,-4.043,-6.859,0.180
25.8769,1.000,480.077,645.010,-7.791,-8.012,0.180
25.9737,-0.000,477.297,647.915,-10.634,-8.255,0.180
26.0823,-0.000,485.367,642.951,-4.116,-1.738,0.180
26.1809,-1.000,477.085,650.272,-11.918,-6.934,0.180
26.2789,-1.000,483.646,645.895,-6.449,-1.460,0.180
26.3772,-2.000,474.748,653.049,-14.475,-6.876,0.180
26.4744,-2.000,480.925,648.391,-9.057,-1.448,0.180
26.5722,-2.000,482.702,647.903,-7.925,-0.305,0.180
26.6824,-2.000,483.481,648.221,-7.695,-0.064,0.180
26.7815,-2.000,483.987,648.647,-7.654,-0.014,0.180
26.8823,-2.000,484.384,649.043,-7.654,-0.003,0.180
26.9791,-2.000,484.712,649.388,-7.662,-0.001,0.180
27.0759,-1.000,492.962,639.310,1.501,6.568,0.180
27.1730,-1.000,488.495,645.224,-3.689,1.383,0.180
27.2821,-1.000,488.013,646.936,-4.786,0.291,0.180
27.3796,-1.000,488.300,647.694,-5.021,0.061,0.180
27.4791,-0.000,496.664,637.818,4.099,6.581,0.180
27.5768,-0.000,492.326,643.871,-1.097,1.386,0.180
27.6750,1.000,499.335,634.720,6.983,6.860,0.180
27.7723,1.000,494.514,640.721,1.572,1.444,0.180
27.8799,1.000,493.880,642.357,0.437,0.304,0.180
27.9781,2.000,501.445,632.044,9.376,6.632,0.180
28.0750,2.000,496.551,637.602,4.150,1.396,0.180
28.1816,2.000,495.741,638.976,3.058,0.294,0.180
28.2794,2.000,495.760,639.438,2.837,0.062,0.180
28.3753,1.000,485.552,647.654,-6.375,-6.555,0.180
28.4719,1.000,491.385,643.126,-1.195,-1.380,0.180
28.5726,1.000,493.036,642.587,-0.100,-0.291,0.180
28.6799,-0.000,483.369,650.798,-9.039,-6.630,0.180
28.7775,-1.000,478.510,653.819,-12.979,-7.964,0.180
28.8748,-1.000,485.511,648.256,-6.697,-1.677,0.180
28.9711,-2.000,476.467,654.922,-14.552,-6.921,0.180
29.0792,-3.000,471.437,657.332,-18.272,-8.026,0.180
29.1768,-3.000,478.144,651.397,-11.951,-1.690,0.180
29.2746,-4.000,468.816,657.781,-19.807,-6.924,0.180
29.3726,-5.000,463.537,659.958,-23.535,-8.026,0.180
29.4723,-5.000,470.029,653.829,-17.224,-1.690,0.180
29.5803,-6.000,460.518,660.049,-25.090,-6.924,0.180
29.6813,-7.000,455.081,662.089,-28.828,-8.026,0.180
29.7770,-8.000,450.463,663.218,-31.702,-8.258,0.180
29.8750,-9.000,445.985,664.131,-34.397,-8.307,0.180
29.9725,-10.000,441.508,664.979,-37.060,-8.317,0.180
30.0803,-11.000,437.006,665.795,-39.719,-8.319,0.180
30.1766,-12.000,432.477,666.592,-42.382,-8.320,0.180
30.2732,-13.000,427.923,667.373,-45.050,-8.320,0.180
30.3810,-14.000,423.346,668.142,-47.722,-8.320,0.180
30.4770,-15.000,418.750,668.903,-50.400,-8.320,0.180
30.5726,-15.000,425.111,662.282,-43.910,-1.752,0.180
30.6807,-15.000,426.305,660.866,-42.605,-0.369,0.180
30.7783,-16.000,415.450,667.933,-51.566,-6.646,0.180
30.8761,-16.000,420.504,662.659,-46.402,-1.399,0.180
30.9719,-16.000,421.432,661.544,-45.381,-0.295,0.180
31.0804,-17.000,410.528,668.689,-54.405,-6.630,0.180
31.1771,-17.000,415.577,663.445,-49.259,-1.396,0.180
31.2741,-17.000,416.507,662.349,-48.245,-0.294,0.180
31.3724,-18.000,405.607,669.508,-57.275,-6.630,0.180
31.4804,-18.000,410.658,664.278,-52.134,-1.396,0.180
31.5784,-19.000,400.616,670.566,-60.300,-6.862,0.180
31.6754,-19.000,405.840,665.153,-54.981,-1.445,0.180
31.7737,-19.000,406.801,664.030,-53.939,-0.304,0.180
31.8719,-19.000,406.874,663.820,-53.798,-0.064,0.180
31.9718,-18.000,414.741,653.437,-44.672,6.555,0.180
32.0715,-18.000,409.903,659.136,-49.941,1.380,0.180
32.1779,-17.000,417.059,650.311,-41.950,6.859,0.180
32.2765,-17.000,412.347,656.605,-47.454,1.444,0.180
32.3753,-16.000,419.764,648.132,-39.508,6.872,0.180
32.4721,-16.000,415.307,654.693,-45.017,1.447,0.180
32.5809,-15.000,422.949,646.438,-37.069,6.873,0.180
32.6824,-14.000,426.658,642.808,-33.400,8.015,0.180
32.7804,-13.000,429.765,640.369,-30.627,8.256,0.180
32.8804,-13.000,424.963,648.738,-37.212,1.738,0.180
32.9769,-13.000,425.040,651.694,-38.652,0.366,0.180
33.0741,-13.000,425.972,653.339,-39.008,0.077,0.180
33.1811,-13.000,426.939,654.563,-39.137,0.016,0.180
33.2809,-13.000,427.789,655.575,-39.217,0.003,0.180
33.3815,-13.000,428.511,656.436,-39.287,0.001,0.180
33.4789,-13.000,429.115,657.177,-39.356,0.000,0.180
33.5785,-13.000,429.619,657.817,-39.423,0.000,0.180
33.6756,-12.000,438.011,647.997,-30.317,6.568,0.180
33.7736,-12.000,433.656,654.138,-35.565,1.383,0.180
33.8795,-10.000,449.209,635.304,-18.372,13.428,0.180
33.9787,-9.000,448.135,637.189,-19.852,9.395,0.180
34.0788,-8.000,450.488,636.124,-18.142,8.546,0.180
34.1751,-7.000,453.721,634.587,-15.757,8.368,0.180
34.2750,-6.000,457.273,633.076,-13.226,8.330,0.180
34.3726,-5.000,461.007,631.678,-10.660,8.322,0.180
34.4708,-4.000,464.877,630.393,-8.082,8.320,0.180
34.5793,-4.000,460.886,639.581,-14.672,1.752,0.180
34.6774,-3.000,469.664,632.820,-6.902,6.937,0.180
34.7751,-2.000,474.503,630.296,-3.221,8.029,0.180
34.8725,-2.000,470.638,639.129,-9.570,1.690,0.180
34.9711,-2.000,471.404,642.585,-10.915,0.356,0.180
35.0786,-2.000,472.908,644.671,-11.206,0.075,0.180
35.1754,-1.000,482.337,635.892,-2.102,6.584,0.180
35.2724,-1.000,478.910,642.872,-7.305,1.386,0.180
35.3706,-0.000,487.294,635.108,0.769,6.860,0.180
35.4762,-0.000,483.642,642.287,-4.647,1.444,0.180
35.5749,1.000,491.375,633.953,3.386,6.872,0.180
35.6746,1.000,487.198,640.618,-2.034,1.447,0.180
35.7753,2.000,494.492,631.838,6.003,6.873,0.180
35.8729,2.000,489.946,638.123,0.587,1.447,0.180
35.9699,3.000,496.926,629.020,8.629,6.873,0.180
36.0780,3.000,492.113,635.028,3.218,1.447,0.180
36.1767,4.000,498.868,625.689,11.265,6.873,0.180
36.2741,4.000,493.865,631.497,5.860,1.447,0.180
36.3731,4.000,493.085,632.960,4.738,0.305,0.180
36.4718,4.000,493.156,633.470,4.518,0.064,0.180
36.5691,4.000,493.373,633.747,4.489,0.014,0.180
36.6787,4.000,493.593,633.946,4.499,0.003,0.180
36.7770,4.000,493.790,634.106,4.517,0.001,0.180
36.8749,4.000,493.961,634.237,4.538,0.000,0.180
36.9723,4.000,494.111,634.345,4.558,0.000,0.180
37.0799,4.000,494.241,634.434,4.579,0.000,0.180
37.1820,4.000,494.355,634.506,4.600,0.000,0.180
37.2786,4.000,494.455,634.565,4.621,0.000,0.180
37.3758,4.000,494.543,634.611,4.642,0.000,0.180
37.4765,5.000,501.995,623.674,13.836,6.568,0.180
37.5741,5.000,496.854,628.852,8.676,1.383,0.180
37.6819,5.000,495.804,629.934,7.611,0.291,0.180
37.7796,5.000,495.613,630.151,7.407,0.061,0.180
37.8778,5.000,495.602,630.185,7.384,0.013,0.180
37.9775,5.000,495.628,630.179,7.400,0.003,0.180
38.0749,6.000,503.034,619.189,16.598,6.569,0.180
38.1720,5.000,487.482,632.295,2.269,-5.185,0.180
38.2695,5.000,492.062,628.636,6.389,-1.092,0.180
38.3781,5.000,493.342,628.139,7.277,-0.230,0.180
38.4770,5.000,493.882,628.264,7.484,-0.048,0.180
38.5738,5.000,494.229,628.483,7.549,-0.010,0.180
38.6719,4.000,484.130,636.663,-1.591,-6.571,0.180
38.7703,4.000,490.022,632.139,3.617,-1.383,0.180
38.8699,4.000,491.717,631.608,4.730,-0.291,0.180
38.9787,3.000,482.088,639.825,-4.193,-6.630,0.180
39.0763,3.000,488.238,635.476,1.057,-1.396,0.180
39.1729,2.000,479.747,643.097,-7.000,-6.862,0.180
39.2692,2.000,486.305,638.800,-1.572,-1.445,0.180
39.3765,1.000,478.044,646.583,-9.594,-6.873,0.180
39.4751,1.000,484.771,642.449,-4.163,-1.447,0.180
39.5718,1.000,487.021,642.404,-3.016,-0.305,0.180
39.6795,1.000,488.203,643.095,-2.770,-0.064,0.180
39.7752,1.000,489.056,643.836,-2.714,-0.014,0.180
39.8740,1.000,489.748,644.497,-2.699,-0.003,0.180
39.9746,2.000,497.705,634.091,6.483,6.568,0.180
40.0727,2.000,492.989,639.725,1.308,1.383,0.180
40.1700,1.000,481.925,649.170,-8.947,-6.277,0.180
40.2697,1.000,487.697,645.020,-3.986,-1.322,0.180
40.3686,1.000,489.436,644.662,-2.937,-0.278,0.180
40.4770,-1.000,468.900,660.371,-21.060,-13.195,0.180
40.5744,-2.000,469.287,658.280,-19.821,-9.346,0.180
40.6730,-3.000,466.458,659.062,-21.627,-8.536,0.180
40.7697,-5.000,451.864,667.716,-33.250,-14.934,0.180
40.8770,-6.000,453.129,663.801,-30.660,-9.712,0.180
40.9725,-7.000,450.166,663.912,-32.197,-8.613,0.180
41.0703,-9.000,435.270,672.183,-43.781,-14.950,0.180
41.1807,-10.000,436.237,667.986,-41.199,-9.716,0.180
41.2773,-11.000,433.009,667.868,-42.754,-8.614,0.180
41.3757,-11.000,439.830,661.203,-36.011,-1.813,0.180
41.4746,-11.000,441.271,659.895,-34.636,-0.382,0.180
41.5724,-11.000,441.571,659.707,-34.392,-0.080,0.180
41.6715,-12.000,430.652,667.122,-43.559,-6.585,0.180
41.7687,-12.000,435.799,661.996,-38.423,-1.386,0.180
41.8678,-11.000,444.814,650.599,-28.217,6.277,0.180
41.9780,-11.000,440.289,656.100,-33.230,1.321,0.180
42.0751,-11.000,439.604,657.615,-34.330,0.278,0.180
42.1747,-11.000,439.679,658.244,-34.607,0.059,0.180
42.2732,-11.000,439.875,658.647,-34.710,0.012,0.180
42.3710,-10.000,448.037,648.595,-25.603,6.571,0.180
42.4695,-10.000,443.493,654.531,-30.843,1.383,0.180
42.5680,-10.000,442.941,656.267,-31.987,0.291,0.180
42.6770,-10.000,443.162,657.052,-32.269,0.061,0.180
42.7731,-9.000,451.463,647.206,-23.196,6.581,0.180
42.8702,-8.000,455.038,642.919,-19.265,7.954,0.180
42.9676,-8.000,449.914,650.437,-25.586,1.675,0.180
43.0699,-7.000,457.541,642.444,-17.776,6.921,0.180
43.1699,-7.000,453.386,649.289,-23.276,1.457,0.180
43.2677,-7.000,453.342,651.619,-24.463,0.307,0.180
43.3678,-7.000,454.035,652.869,-24.742,0.065,0.180
43.4754,-7.000,454.774,653.783,-24.829,0.014,0.180
43.5740,-7.000,455.429,654.532,-24.876,0.003,0.180
43.6712,-7.000,455.987,655.167,-24.915,0.001,0.180
43.7684,-8.000,445.483,663.085,-34.125,-6.568,0.180
43.8777,-9.000,440.055,665.716,-38.155,-7.951,0.180
43.9767,-10.000,435.623,667.170,-41.098,-8.242,0.180
44.0759,-10.000,442.312,660.949,-34.643,-1.735,0.180
44.1743,-11.000,432.856,667.204,-42.499,-6.934,0.180
44.2694,-11.000,438.412,661.926,-37.082,-1.460,0.180
44.3771,-12.000,428.652,668.323,-45.160,-6.876,0.180
44.4734,-13.000,423.114,670.402,-48.968,-8.016,0.180
44.5724,-13.000,429.405,664.171,-42.707,-1.688,0.180
44.6760,-13.000,430.695,662.932,-41.443,-0.355,0.180
44.7733,-13.000,430.930,662.741,-41.230,-0.075,0.180
44.8700,-14.000,419.966,670.141,-50.412,-6.584,0.180
44.9694,-15.000,414.104,672.375,-54.460,-7.955,0.180
45.0677,-15.000,420.263,666.131,-48.258,-1.675,0.180
45.1759,-16.000,410.498,672.225,-56.188,-6.921,0.180
45.2752,-16.000,415.818,666.784,-50.807,-1.457,0.180
45.3752,-16.000,416.834,665.665,-49.740,-0.307,0.180
45.4734,-17.000,405.976,672.836,-58.755,-6.633,0.180
45.5711,-16.000,419.030,657.247,-44.433,5.172,0.180
45.6791,-16.000,415.287,661.836,-48.599,1.089,0.180
45.7765,-14.000,430.651,642.392,-31.195,13.366,0.180
45.8752,-14.000,421.291,654.282,-41.820,2.814,0.180
45.9729,-12.000,436.020,636.905,-25.767,13.729,0.180
46.0714,-12.000,426.993,649.680,-36.668,2.890,0.180
46.1700,-10.000,442.189,632.871,-20.665,13.745,0.180
46.2704,-9.000,441.574,635.715,-22.395,9.462,0.180
46.3683,-7.000,452.451,624.932,-11.565,15.129,0.180
46.4772,-7.000,443.511,639.952,-23.545,3.185,0.180
46.5752,-6.000,451.518,634.713,-16.922,7.239,0.180
46.6730,-4.000,464.395,622.389,-4.321,14.661,0.180
46.7735,-4.000,456.035,637.219,-15.916,3.086,0.180
46.8711,-2.000,472.274,621.679,-0.027,13.787,0.180
46.9691,-2.000,464.677,635.871,-10.921,2.902,0.180
47.0777,-1.000,473.151,630.601,-4.049,7.179,0.180
47.1774,-1.000,470.341,639.137,-9.723,1.511,0.180
47.2776,-0.000,479.549,632.395,-1.747,6.887,0.180
47.3729,-0.000,476.660,640.379,-7.184,1.450,0.180
47.4723,1.000,485.055,632.716,0.845,6.874,0.180
47.5696,1.000,481.444,639.949,-4.577,1.447,0.180
47.6700,-0.000,471.473,650.599,-14.887,-6.264,0.180
47.7684,-0.000,478.206,647.442,-9.942,-1.319,0.180
47.8673,-0.000,480.767,647.921,-8.901,-0.278,0.180
47.9685,-0.000,482.279,648.994,-8.682,-0.058,0.180
48.0752,1.000,490.797,639.073,0.538,6.556,0.180
48.1731,1.000,486.530,645.147,-4.633,1.380,0.180
48.2751,1.000,486.213,646.999,-5.718,0.291,0.180
48.3725,2.000,494.015,636.903,3.232,6.630,0.180
48.4720,2.000,489.317,642.651,-1.992,1.396,0.180
48.5736,2.000,488.671,644.189,-3.083,0.294,0.180
48.6722,3.000,496.203,633.816,5.869,6.630,0.180
48.7701,3.000,491.276,639.327,0.650,1.396,0.180
48.8704,3.000,490.438,640.662,-0.436,0.294,0.180
48.9683,3.000,490.433,641.090,-0.653,0.062,0.180
49.0662,4.000,497.953,630.329,8.488,6.581,0.180
49.1745,3.000,482.527,643.600,-5.861,-5.183,0.180
49.2717,3.000,487.219,640.077,-1.754,-1.091,0.180
49.3712,3.000,488.592,639.696,-0.877,-0.230,0.180
49.4704,3.000,489.211,639.922,-0.680,-0.048,0.180
49.5702,2.000,479.250,648.200,-9.799,-6.579,0.180
49.6691,1.000,474.866,651.755,-13.769,-7.953,0.180
49.7691,1.000,482.297,646.618,-7.485,-1.674,0.180
49.8668,-0.000,474.226,654.239,-15.331,-6.921,0.180
49.9657,-1.000,470.025,657.458,-19.041,-8.025,0.180
50.0732,-1.000,477.438,652.210,-12.710,-1.690,0.180
50.1715,-1.000,505.842,657.237,-12.223,-0.349,0.320
50.2699,-3.000,499.668,688.922,-40.674,-23.183,0.320
50.3678,-3.000,542.373,678.677,-22.292,-4.784,0.320
50.4668,-4.000,552.933,696.641,-32.873,-12.543,0.320
50.5656,-4.000,584.723,696.873,-22.941,-2.588,0.320
50.6751,-5.000,591.440,718.308,-35.270,-12.090,0.320
50.7737,-6.000,604.802,732.810,-40.064,-14.050,0.320
50.8694,-7.000,618.959,746.272,-43.308,-14.455,0.320
50.9773,-7.000,649.070,747.413,-31.875,-2.983,0.320
51.0759,-8.000,653.380,770.600,-43.908,-12.171,0.320
51.1746,-10.000,648.212,799.237,-63.016,-25.623,0.320
51.2745,-11.000,669.446,804.885,-57.098,-16.843,0.320
51.3730,-13.000,667.095,830.181,-72.514,-26.587,0.320
51.4710,-15.000,672.053,847.820,-80.209,-28.597,0.320
51.5688,-16.000,694.527,851.489,-71.958,-17.457,0.320
51.6681,-19.000,675.424,889.067,-101.277,-38.269,0.320
51.7661,-19.000,721.261,872.709,-71.011,-7.897,0.320
51.8662,-22.000,694.325,917.958,-107.810,-36.296,0.320
51.9664,-24.000,705.851,928.092,-107.715,-30.601,0.320
52.0738,-27.000,696.414,955.194,-126.495,-40.981,0.320
52.1711,-27.000,743.768,936.630,-93.971,-8.456,0.320
52.2672,-29.000,732.921,969.044,-115.970,-24.856,0.320
52.3661,-29.000,767.515,963.556,-96.243,-5.129,0.320
52.4666,-30.000,770.334,986.412,-106.528,-12.614,0.320
52.5656,-32.000,762.820,1015.845,-125.228,-25.714,0.320
52.6737,-34.000,765.572,1034.818,-133.531,-28.417,0.320
52.7695,-34.000,802.909,1026.721,-110.978,-5.864,0.320
52.8659,-35.000,806.241,1049.178,-120.680,-12.766,0.320
52.9737,-35.000,815.424,1037.861,-110.548,-2.634,0.320
53.0709,-36.000,800.432,1047.198,-122.813,-12.099,0.320
53.1668,-36.000,809.216,1036.607,-113.211,-2.497,0.320
53.2745,-37.000,794.227,1046.220,-125.585,-12.071,0.320
53.3714,-37.000,803.084,1035.794,-116.005,-2.491,0.320
53.4685,-37.000,804.446,1033.098,-114.028,-0.514,0.320
53.5660,-37.000,804.332,1032.078,-113.620,-0.106,0.320
53.6727,-37.000,803.972,1031.474,-113.536,-0.022,0.320
53.7703,-36.000,816.888,1015.579,-99.163,11.551,0.320
53.8676,-35.000,821.257,1009.518,-93.975,13.939,0.320
53.9661,-32.000,850.825,975.031,-61.971,37.543,0.320
54.0652,-29.000,863.285,960.911,-48.701,42.414,0.320
54.1738,-25.000,886.537,936.607,-24.940,54.974,0.320
54.2731,-22.000,888.300,939.470,-25.504,46.011,0.320
54.3709,-18.000,911.264,920.799,-4.699,55.716,0.320
54.4677,-17.000,888.059,957.492,-34.658,23.053,0.320
54.5658,-14.000,916.753,936.783,-9.965,39.424,0.320
54.6746,-13.000,906.568,960.595,-26.971,19.691,0.320
54.7719,-11.000,924.729,952.698,-13.949,27.174,0.320
54.8710,-10.000,923.748,966.242,-21.216,17.163,0.320
54.9706,-9.000,930.196,971.313,-20.532,15.097,0.320
55.0672,-8.000,937.845,974.296,-18.203,14.671,0.320
55.1670,-9.000,915.897,1004.440,-44.253,-8.528,0.320
55.2639,-9.000,927.602,1002.703,-37.535,-1.760,0.320
55.3734,-9.000,933.186,1005.590,-36.189,-0.363,0.320
55.4709,-9.000,937.027,1008.951,-35.951,-0.075,0.320
55.5680,-9.000,940.098,1012.001,-35.942,-0.015,0.320
55.6695,-8.000,955.944,999.198,-21.619,11.552,0.320
55.7677,-8.000,949.525,1011.203,-30.832,2.384,0.320
55.8641,-8.000,949.964,1015.513,-32.769,0.492,0.320
55.9726,-7.000,964.829,1002.524,-18.843,11.657,0.320
56.0689,-7.000,957.836,1014.112,-28.134,2.405,0.320
56.1672,-6.000,971.122,1002.571,-15.721,12.052,0.320
56.2736,-6.000,963.766,1014.411,-25.319,2.487,0.320
56.3715,-6.000,963.665,1018.324,-27.327,0.513,0.320
56.4700,-5.000,978.125,1004.943,-13.406,11.661,0.320
56.5673,-5.000,970.801,1016.184,-22.690,2.406,0.320
56.6646,-4.000,983.810,1004.345,-10.266,12.052,0.320
56.7710,-4.000,976.220,1015.930,-19.854,2.487,0.320
56.8692,-3.000,989.203,1004.182,-7.489,12.069,0.320
56.9682,-3.000,981.633,1015.802,-17.084,2.490,0.320
57.0663,-3.000,981.361,1019.517,-19.077,0.514,0.320
57.1652,-2.000,995.680,1005.963,-5.141,11.662,0.320
57.2737,-2.000,988.240,1017.055,-14.407,2.406,0.320
57.3712,-1.000,1001.152,1005.087,-1.967,12.052,0.320
57.4700,-0.000,1006.763,1001.117,2.823,14.042,0.320
57.5661,-0.000,997.816,1014.460,-8.321,2.898,0.320
57.6652,-0.000,997.385,1018.628,-10.621,0.598,0.320
57.7718,1.000,1010.939,1004.409,3.265,11.679,0.320
57.8690,2.000,1015.335,998.609,8.363,13.965,0.320
57.9661,2.000,1005.166,1010.584,-2.709,2.882,0.320
58.0633,3.000,1016.098,997.347,9.376,12.150,0.320
58.1727,4.000,1019.434,991.212,14.111,14.063,0.320
58.2721,4.000,1008.606,1002.661,2.972,2.902,0.320
58.3695,4.000,1006.589,1005.206,0.692,0.599,0.320
58.4696,4.000,1006.360,1005.883,0.239,0.124,0.320
58.5661,5.000,1018.917,989.868,14.524,11.581,0.320
58.6669,5.000,1009.783,999.061,5.361,2.390,0.320
58.7660,5.000,1007.940,1000.955,3.492,0.493,0.320
58.8639,5.000,1007.599,1001.340,3.129,0.102,0.320
58.9723,5.000,1007.564,1001.412,3.076,0.021,0.320
59.0687,5.000,1007.591,1001.416,3.088,0.004,0.320
59.1663,5.000,1007.629,1001.405,3.112,0.001,0.320
59.2655,5.000,1007.668,1001.389,3.140,0.000,0.320
59.3721,5.000,1007.705,1001.371,3.167,0.000,0.320
59.4705,4.000,992.300,1014.632,-11.166,-11.556,0.320
59.5689,4.000,1002.083,1006.027,-1.972,-2.384,0.320
59.6697,4.000,1004.498,1004.613,-0.057,-0.492,0.320
59.7678,4.000,1005.337,1004.626,0.355,-0.102,0.320
59.8663,3.000,990.360,1018.166,-13.903,-11.577,0.320
59.9636,3.000,1000.454,1009.851,-4.698,-2.389,0.320
60.0730,3.000,1003.123,1008.694,-2.786,-0.493,0.320
60.1715,2.000,988.732,1022.210,-16.739,-11.657,0.320
60.2692,2.000,999.123,1014.075,-7.476,-2.405,0.320
60.3670,2.000,1002.003,1013.114,-5.555,-0.496,0.320
60.4651,2.000,1003.223,1013.524,-5.150,-0.102,0.320
60.5643,2.000,1004.008,1014.124,-5.058,-0.021,0.320
60.6626,2.000,1004.625,1014.685,-5.030,-0.004,0.320
60.7706,2.000,1005.141,1015.171,-5.015,-0.001,0.320
60.8688,3.000,1018.019,999.303,9.358,11.555,0.320
60.9677,3.000,1009.095,1008.687,0.204,2.384,0.320
61.0643,3.000,1007.414,1010.758,-1.672,0.492,0.320
61.1730,3.000,1007.207,1011.298,-2.046,0.102,0.320
61.2701,3.000,1007.284,1011.502,-2.109,0.021,0.320
61.3698,3.000,1007.404,1011.622,-2.109,0.004,0.320
61.4672,3.000,1007.519,1011.711,-2.096,0.001,0.320
61.5657,3.000,1007.622,1011.781,-2.080,0.000,0.320
61.6634,3.000,1007.712,1011.838,-2.063,0.000,0.320
61.7697,3.000,1007.792,1011.884,-2.046,0.000,0.320
61.8670,3.000,1007.862,1011.920,-2.029,0.000,0.320
61.9644,4.000,1020.365,995.668,12.349,11.556,0.320
62.0623,4.000,1011.123,1004.723,3.200,2.384,0.320
62.1714,4.000,1009.173,1006.513,1.330,0.492,0.320
62.2700,5.000,1021.178,990.533,15.323,11.657,0.320
62.3683,5.000,1011.765,999.567,6.099,2.405,0.320
62.4662,5.000,1009.723,1001.287,4.218,0.496,0.320
62.5664,5.000,1009.220,1001.516,3.852,0.102,0.320
62.6640,5.000,1009.051,1001.453,3.799,0.021,0.320
62.7710,5.000,1008.963,1001.343,3.810,0.004,0.320
62.8726,5.000,1008.904,1001.234,3.835,0.001,0.320
62.9726,5.000,1008.859,1001.135,3.862,0.000,0.320
63.0687,5.000,1008.826,1001.047,3.890,0.000,0.320
63.1663,5.000,1008.803,1000.967,3.918,0.000,0.320
63.2658,5.000,1008.787,1000.895,3.946,0.000,0.320
63.3625,5.000,1008.778,1000.830,3.974,0.000,0.320
63.4616,5.000,1008.774,1000.770,4.002,0.000,0.320
63.5700,5.000,1008.775,1000.715,4.030,0.000,0.320
63.6680,5.000,1008.780,1000.665,4.058,0.000,0.320
63.7678,5.000,1008.789,1000.617,4.086,0.000,0.320
63.8653,4.000,993.359,1013.854,-10.247,-11.556,0.320
63.9681,4.000,1003.120,1005.228,-1.054,-2.384,0.320
64.0667,4.000,1005.518,1003.796,0.861,-0.492,0.320
64.1667,4.000,1006.341,1003.793,1.274,-0.102,0.320
64.2666,4.000,1006.793,1004.039,1.377,-0.021,0.320
64.3666,4.000,1007.128,1004.297,1.416,-0.004,0.320
64.4634,4.000,1007.406,1004.523,1.442,-0.001,0.320
64.5722,4.000,1007.643,1004.714,1.465,-0.000,0.320
64.6703,4.000,1007.848,1004.873,1.487,-0.000,0.320
64.7678,5.000,1020.466,988.725,15.871,11.556,0.320
64.8666,5.000,1011.323,997.867,6.728,2.384,0.320
64.9645,5.000,1009.458,999.731,4.863,0.492,0.320
65.0645,5.000,1009.095,1000.093,4.501,0.102,0.320
65.1712,5.000,1009.042,1000.146,4.448,0.021,0.320
65.2686,5.000,1009.054,1000.134,4.460,0.004,0.320
65.3705,5.000,1009.078,1000.109,4.484,0.001,0.320
65.4696,5.000,1009.105,1000.082,4.512,0.000,0.320
65.5697,5.000,1009.133,1000.054,4.539,0.000,0.320
65.6695,5.000,1009.161,1000.026,4.567,0.000,0.320
65.7679,5.000,1009.188,999.998,4.595,0.000,0.320
65.8643,5.000,1009.216,999.970,4.623,0.000,0.320
65.9637,5.000,1009.244,999.942,4.651,0.000,0.320
66.0616,5.000,1009.272,999.914,4.679,0.000,0.320
66.1706,5.000,1009.300,999.885,4.707,0.000,0.320
66.2696,5.000,1009.328,999.857,4.735,0.000,0.320
66.3677,5.000,1009.356,999.829,4.763,0.000,0.320
66.4655,4.000,993.943,1013.082,-9.570,-11.556,0.320
66.5618,4.000,1003.718,1004.471,-0.376,-2.384,0.320
66.6701,5.000,1018.569,986.770,15.900,11.064,0.320
66.7676,5.000,1010.105,995.811,7.147,2.283,0.320
66.8670,5.000,1008.566,997.840,5.363,0.471,0.320
66.9655,4.000,992.988,1011.675,-9.344,-11.458,0.320
67.0643,4.000,1002.863,1003.318,-0.227,-2.364,0.320
67.1617,4.000,1005.407,1002.064,1.671,-0.488,0.320
67.2605,4.000,1006.365,1002.203,2.081,-0.101,0.320
67.3674,4.000,1006.934,1002.567,2.183,-0.021,0.320
67.4675,4.000,1007.369,1002.925,2.222,-0.004,0.320
67.5689,4.000,1007.732,1003.236,2.248,-0.001,0.320
67.6676,4.000,1008.041,1003.499,2.271,-0.000,0.320
67.7637,4.000,1008.307,1003.720,2.294,-0.000,0.320
67.8613,4.000,1008.536,1003.904,2.316,-0.000,0.320
67.9607,4.000,1008.735,1004.058,2.339,-0.000,0.320
68.0693,4.000,1008.907,1004.185,2.361,-0.000,0.320
68.1692,4.000,1009.056,1004.289,2.383,-0.000,0.320
68.2661,3.000,993.745,1017.656,-11.955,-11.556,0.320
68.3632,2.000,988.166,1022.423,-17.129,-13.940,0.320
68.4606,2.000,1000.395,1012.503,-6.054,-2.877,0.320
68.5702,1.000,988.230,1024.472,-18.121,-12.149,0.320
68.6697,-0.000,983.853,1029.521,-22.834,-14.063,0.320
68.7671,-1.000,980.518,1032.588,-26.035,-14.457,0.320
68.8670,-1.000,993.372,1022.505,-14.566,-2.983,0.320
68.9638,-2.000,980.631,1033.762,-26.565,-12.171,0.320
69.0619,-3.000,974.868,1037.424,-31.278,-14.067,0.320
69.1598,-4.000,970.341,1039.325,-34.492,-14.458,0.320
69.2686,-4.000,982.178,1028.256,-23.039,-2.983,0.320
69.3647,-5.000,968.568,1038.678,-35.055,-12.171,0.320
69.4624,-5.000,978.345,1029.192,-25.423,-2.512,0.320
69.5707,-6.000,964.153,1039.792,-37.819,-12.074,0.320
69.6615,-6.000,973.675,1030.216,-28.270,-2.491,0.320
69.7697,-6.000,975.596,1028.249,-26.327,-0.514,0.320
69.8688,-7.000,959.669,1040.296,-40.313,-11.662,0.320
69.9675,-7.000,968.737,1030.932,-31.097,-2.406,0.320
70.0658,-7.000,970.481,1028.935,-29.227,-0.497,0.320
70.1639,-8.000,954.448,1040.914,-43.233,-11.658,0.320
70.2624,-9.000,947.151,1043.924,-48.387,-13.961,0.320
70.3604,-9.000,957.859,1032.572,-37.357,-2.881,0.320
70.4597,-9.000,959.822,1030.063,-35.121,-0.594,0.320
70.5688,-10.000,943.729,1041.850,-49.060,-11.678,0.320
70.6681,-11.000,936.331,1044.749,-54.209,-13.965,0.320
70.7672,-12.000,930.660,1045.756,-57.548,-14.437,0.320
70.8647,-12.000,941.568,1033.883,-46.157,-2.979,0.320
70.9639,-12.000,943.456,1031.176,-43.860,-0.615,0.320
71.0616,-12.000,943.528,1030.407,-43.439,-0.127,0.320
71.1694,-11.000,956.546,1014.636,-29.045,11.529,0.320
71.2664,-11.000,947.664,1024.178,-38.257,2.379,0.320
71.3651,-9.000,972.558,995.526,-11.484,23.602,0.320
71.4643,-8.000,968.459,1000.270,-15.905,16.426,0.320
71.5619,-6.000,983.715,984.243,-0.264,26.501,0.320
71.6695,-5.000,978.602,992.539,-6.969,17.024,0.320
71.7648,-3.000,994.479,978.049,8.215,26.624,0.320
71.8617,-1.000,1003.483,971.903,15.790,28.605,0.320
71.9684,1.000,1010.712,967.104,21.804,29.014,0.320
72.0645,3.000,1016.606,961.595,27.505,29.098,0.320
72.1639,4.000,1009.134,971.555,18.790,17.560,0.320
72.2626,6.000,1022.660,955.464,33.598,26.735,0.320
72.3607,7.000,1015.826,962.277,26.775,17.072,0.320
72.4683,9.000,1028.689,944.716,41.987,26.634,0.320
72.5652,11.000,1033.488,934.244,49.622,28.607,0.320
72.6651,12.000,1023.875,941.195,41.340,17.459,0.320
72.7669,12.000,1010.455,955.352,27.552,3.603,0.320
72.8636,13.000,1020.418,942.176,39.121,12.299,0.320
72.9602,14.000,1023.305,935.718,43.794,14.093,0.320
73.0588,14.000,1012.180,946.807,32.687,2.908,0.320
73.1697,14.000,1009.935,949.021,30.457,0.600,0.320
73.2676,15.000,1021.966,933.125,44.420,11.679,0.320
73.3649,15.000,1012.637,942.168,35.235,2.410,0.320
73.4646,15.000,1010.687,943.875,33.406,0.497,0.320
73.5639,15.000,1010.273,944.082,33.096,0.103,0.320
73.6620,15.000,1010.188,943.992,33.098,0.021,0.320
73.7585,15.000,1010.181,943.850,33.165,0.004,0.320
73.8667,15.000,1010.198,943.706,33.246,0.001,0.320
73.9639,14.000,994.786,956.850,18.968,-11.555,0.320
74.0629,14.000,1004.571,948.137,28.217,-2.384,0.320
74.1621,14.000,1006.998,946.622,30.188,-0.492,0.320
74.2601,13.000,992.413,959.821,16.296,-11.657,0.320
74.3587,12.000,987.208,964.689,11.259,-13.961,0.320
74.4670,11.000,984.271,968.180,8.045,-14.436,0.320
74.5648,10.000,982.084,971.677,5.203,-14.534,0.320
74.6630,9.000,980.291,975.424,2.433,-14.555,0.320
74.7597,7.000,963.340,992.715,-14.687,-26.114,0.320
74.8688,6.000,971.809,988.375,-8.283,-16.944,0.320
74.9688,4.000,957.663,1004.711,-23.524,-26.608,0.320
75.0668,2.000,951.851,1014.065,-31.107,-28.602,0.320
75.1637,1.000,963.626,1009.140,-22.757,-17.457,0.320
75.2611,-1.000,950.176,1025.413,-37.619,-26.713,0.320
75.3689,-2.000,959.290,1020.859,-30.784,-17.068,0.320
75.4681,-3.000,959.981,1023.203,-31.611,-15.077,0.320
75.5672,-5.000,942.158,1038.926,-48.384,-26.222,0.320
75.6658,-5.000,965.049,1020.250,-27.600,-5.411,0.320
75.7628,-6.000,954.826,1030.216,-37.695,-12.672,0.320
75.8598,-7.000,949.959,1034.024,-42.033,-14.170,0.320
75.9578,-7.000,962.216,1023.867,-30.825,-2.924,0.320
76.0684,-7.000,965.390,1022.478,-28.544,-0.603,0.320
76.1660,-7.000,966.589,1022.798,-28.104,-0.125,0.320
76.2661,-6.000,980.575,1007.942,-13.684,11.530,0.320
76.3628,-5.000,985.802,1002.815,-8.507,13.935,0.320
76.4595,-5.000,976.257,1015.445,-19.594,2.875,0.320
76.5580,-4.000,988.539,1003.625,-7.543,12.149,0.320
76.6699,-4.000,980.571,1014.986,-17.207,2.507,0.320
76.7685,-3.000,993.283,1002.999,-4.858,12.073,0.320
76.8677,-2.000,998.773,998.964,-0.095,14.047,0.320
76.9661,-2.000,989.732,1012.242,-11.255,2.899,0.320
77.0639,-2.000,989.221,1016.354,-13.567,0.598,0.320
77.1618,-1.000,1003.547,1002.930,0.309,11.679,0.320
77.2610,-1.000,996.156,1014.088,-8.966,2.410,0.320
77.3605,-1.000,995.838,1017.606,-10.884,0.497,0.320
77.4678,-1.000,996.798,1019.367,-11.284,0.103,0.320
77.5665,-1.000,997.868,1020.611,-11.371,0.021,0.320
77.6654,-1.000,998.828,1021.616,-11.394,0.004,0.320
77.7616,-1.000,999.655,1022.461,-11.403,0.001,0.320
77.8585,-2.000,984.078,1035.618,-25.770,-11.555,0.320
77.9667,-2.000,993.709,1026.930,-16.611,-2.384,0.320
78.0572,-2.000,995.991,1025.450,-14.729,-0.492,0.320
78.1574,-3.000,980.430,1037.853,-28.711,-11.657,0.320
78.2672,-3.000,989.823,1028.776,-19.476,-2.405,0.320
78.3656,-3.000,991.849,1027.017,-17.584,-0.496,0.320
78.4629,-3.000,992.340,1026.754,-17.207,-0.102,0.320
78.5609,-3.000,992.501,1026.786,-17.143,-0.021,0.320
78.6589,-3.000,992.584,1026.869,-17.143,-0.004,0.320
78.7671,-3.000,992.640,1026.952,-17.156,-0.001,0.320
78.8632,-3.000,992.684,1027.028,-17.172,-0.000,0.320
78.9597,-3.000,992.717,1027.095,-17.189,-0.000,0.320
79.0673,-3.000,992.744,1027.154,-17.205,-0.000,0.320
79.1626,-3.000,992.763,1027.208,-17.222,-0.000,0.320
79.2617,-2.000,1006.059,1011.814,-2.878,11.556,0.320
79.3593,-2.000,997.485,1021.605,-12.060,2.384,0.320
79.4670,-2.000,996.098,1024.026,-13.964,0.492,0.320
79.5576,-2.000,996.136,1024.867,-14.366,0.102,0.320
79.6670,-2.000,996.418,1025.333,-14.457,0.021,0.320
79.7659,-1.000,1009.989,1010.237,-0.124,11.560,0.320
79.8656,-1.000,1001.661,1020.269,-9.304,2.385,0.320
79.9658,-0.000,1013.767,1007.451,3.158,12.048,0.320
80.0645,-0.000,1005.403,1018.210,-6.403,2.486,0.320
80.1615,1.000,1016.889,1004.920,5.985,12.069,0.320
80.2578,1.000,1008.050,1015.226,-3.588,2.490,0.320
80.3659,1.000,1006.702,1017.820,-5.559,0.514,0.320
80.4629,2.000,1019.271,1002.470,8.400,11.662,0.320
80.5600,2.000,1010.345,1012.033,-0.844,2.406,0.320
80.6690,2.000,1008.717,1014.202,-2.742,0.497,0.320
80.7653,2.000,1008.564,1014.815,-3.125,0.102,0.320
80.8620,2.000,1008.689,1015.080,-3.195,0.021,0.320
80.9606,3.000,1021.291,998.971,11.160,11.560,0.320
81.0580,2.000,996.701,1021.419,-12.359,-9.170,0.320
81.1568,2.000,1004.580,1014.720,-5.070,-1.892,0.320
81.2660,2.000,1006.595,1013.708,-3.557,-0.390,0.320
81.3655,2.000,1007.342,1013.813,-3.236,-0.081,0.320
81.4662,1.000,992.338,1027.381,-17.522,-11.572,0.320
81.5642,1.000,1002.418,1019.081,-8.332,-2.388,0.320
81.6612,-0.000,989.634,1031.218,-20.792,-12.048,0.320
81.7578,-0.000,1000.421,1022.881,-11.230,-2.486,0.320
81.8568,-1.000,987.154,1034.390,-23.618,-12.069,0.320
81.9664,-2.000,981.199,1038.012,-28.407,-14.046,0.320
82.0663,-2.000,992.843,1027.384,-17.270,-2.898,0.320
82.1666,-2.000,995.564,1025.526,-14.981,-0.598,0.320
82.2649,-2.000,996.395,1025.430,-14.518,-0.123,0.320
82.3639,-3.000,980.512,1038.096,-28.792,-11.581,0.320
82.4610,-3.000,989.820,1029.055,-19.618,-2.390,0.320
82.5601,-3.000,991.813,1027.289,-17.738,-0.493,0.320
82.6595,-3.000,992.284,1027.010,-17.363,-0.102,0.320
82.7562,-3.000,992.430,1027.028,-17.299,-0.021,0.320
82.8572,-3.000,992.499,1027.098,-17.299,-0.004,0.320
82.9559,-2.000,1005.826,1011.729,-2.952,11.555,0.320
83.0666,-3.000,980.995,1033.984,-26.494,-9.171,0.320
83.1642,-3.000,988.663,1027.128,-19.232,-1.892,0.320
83.2629,-3.000,990.493,1025.987,-17.747,-0.391,0.320
83.3623,-3.000,991.079,1025.987,-17.454,-0.081,0.320
83.4611,-3.000,991.375,1026.189,-17.407,-0.017,0.320
83.5570,-2.000,1004.864,1010.963,-3.049,11.552,0.320
83.6666,-2.000,996.446,1020.904,-12.229,2.384,0.320
83.7655,-2.000,995.191,1023.455,-14.132,0.492,0.320
83.8647,-2.000,995.340,1024.407,-14.534,0.102,0.320
83.9624,-2.000,995.716,1024.966,-14.625,0.021,0.320
84.0607,-3.000,979.805,1037.833,-29.014,-11.551,0.320
84.1576,-3.000,989.161,1028.888,-19.863,-2.384,0.320
84.2558,-2.000,1004.493,1011.747,-3.627,11.064,0.320
84.3656,-2.000,996.432,1021.270,-12.419,2.283,0.320
84.4626,-3.000,978.949,1036.156,-28.604,-11.084,0.320
84.5599,-2.000,1001.406,1012.330,-5.462,9.268,0.320
84.6583,-2.000,994.958,1020.616,-12.829,1.913,0.320
84.7595,-1.000,1007.491,1007.485,0.003,11.950,0.320
84.8567,-0.000,1012.528,1002.779,4.874,14.021,0.320
84.9563,-0.000,1003.041,1015.548,-6.254,2.893,0.320
85.0643,1.000,1014.580,1002.958,5.811,12.153,0.320
85.1625,2.000,1018.436,997.370,10.533,14.063,0.320
85.2597,3.000,1020.490,993.002,13.744,14.457,0.320
85.3579,3.000,1009.550,1004.976,2.287,2.983,0.320
85.4555,4.000,1020.079,991.486,14.297,12.171,0.320
85.5635,5.000,1023.125,985.083,19.021,14.067,0.320
85.6606,6.000,1024.503,980.012,22.246,14.458,0.320
85.7571,6.000,1012.992,991.383,10.804,2.983,0.320
85.8658,7.000,1023.040,977.377,22.831,12.171,0.320
85.9638,7.000,1013.237,986.815,13.211,2.512,0.320
86.0609,8.000,1023.569,972.333,25.618,12.074,0.320
86.1588,8.000,1013.768,981.607,16.080,2.491,0.320
86.2572,8.000,1011.611,983.315,14.148,0.514,0.320
86.3647,8.000,1011.057,983.488,13.785,0.106,0.320
86.4612,8.000,1010.856,983.365,13.745,0.022,0.320
86.5585,8.000,1010.745,983.200,13.773,0.005,0.320
86.6557,8.000,1010.670,983.042,13.814,0.001,0.320
86.7648,8.000,1010.614,982.898,13.858,0.000,0.320
86.8629,8.000,1010.574,982.769,13.903,0.000,0.320
86.9598,8.000,1010.547,982.652,13.947,0.000,0.320
87.0570,8.000,1010.531,982.547,13.992,0.000,0.320
87.1648,9.000,1022.965,966.169,28.398,11.556,0.320
87.2611,8.000,998.227,988.394,4.916,-9.171,0.320
87.3580,8.000,1005.983,981.503,12.240,-1.892,0.320
87.4558,8.000,1007.897,980.324,13.786,-0.391,0.320
87.5631,7.000,993.123,993.563,-0.220,-11.636,0.320
87.6631,7.000,1003.244,985.136,9.054,-2.401,0.320
87.7609,7.000,1005.910,983.911,10.999,-0.495,0.320
87.8596,6.000,991.513,997.372,-2.930,-11.658,0.320
87.9588,6.000,1001.901,989.189,6.356,-2.406,0.320
88.0550,6.000,1004.781,988.183,8.299,-0.496,0.320
88.1547,5.000,990.564,1001.833,-5.635,-11.658,0.320
88.2658,5.000,1001.104,993.812,3.646,-2.406,0.320
88.3631,5.000,1004.111,992.945,5.583,-0.496,0.320
88.4604,4.000,990.002,1006.714,-8.356,-11.658,0.320
88.5580,3.000,985.190,1012.076,-13.443,-13.961,0.320
88.6565,3.000,998.021,1002.712,-2.346,-2.881,0.320
88.7561,3.000,1001.798,1001.883,-0.042,-0.594,0.320
88.8641,2.000,957.965,1014.711,-8.770,-6.694,0.180
88.9636,2.000,932.845,1011.702,-3.476,-1.409,0.180
89.0630,1.000,895.664,1017.798,-11.526,-6.865,0.180
89.1614,1.000,875.753,1009.512,-6.101,-1.445,0.180
89.2583,2.000,860.661,992.263,4.218,6.264,0.180
89.3562,3.000,840.924,979.135,8.457,7.887,0.180
89.4644,3.000,813.756,976.592,2.246,1.660,0.180
89.5613,4.000,799.946,956.775,10.124,6.918,0.180
89.6593,4.000,775.494,950.868,4.684,1.456,0.180
89.7581,4.000,756.129,939.654,3.555,0.307,0.180
89.8575,5.000,745.704,915.711,12.507,6.633,0.180
89.9555,5.000,723.447,906.982,7.296,1.396,0.180
90.0635,5.000,705.805,893.510,6.220,0.294,0.180
90.1620,6.000,696.815,867.679,15.187,6.630,0.180
90.2599,7.000,683.146,846.376,19.158,7.964,0.180
90.3575,7.000,661.325,836.695,12.907,1.677,0.180
90.4542,8.000,652.101,810.769,20.793,6.921,0.180
90.5615,9.000,638.932,788.685,24.544,8.026,0.180
90.6587,10.000,625.058,767.220,27.428,8.258,0.180
90.7578,11.000,611.143,745.721,30.134,8.307,0.180
90.8580,12.000,597.312,724.076,32.807,8.317,0.180
90.9549,13.000,583.577,702.282,35.477,8.319,0.180
91.0635,14.000,569.931,680.354,38.150,8.320,0.180
91.1580,14.000,548.987,669.285,31.655,1.752,0.180
91.2571,15.000,540.693,641.992,39.518,6.937,0.180
91.3547,15.000,520.985,629.678,34.120,1.460,0.180
91.4550,16.000,513.044,602.025,42.218,6.876,0.180
91.5635,17.000,500.863,578.577,46.047,8.016,0.180
91.6647,18.000,503.417,572.195,48.980,8.256,0.180
91.7606,18.000,498.169,577.188,42.556,1.738,0.180
91.8581,19.000,505.265,566.277,50.451,6.934,0.180
91.9542,19.000,500.709,570.588,45.075,1.460,0.180
92.0614,20.000,507.623,559.868,53.091,6.876,0.180
92.1590,21.000,510.126,553.529,56.831,8.016,0.180
92.2569,21.000,504.245,559.148,50.503,1.688,0.180
92.3542,22.000,510.663,548.910,58.339,6.924,0.180
92.4627,22.000,505.490,553.833,52.873,1.458,0.180
92.5609,22.000,504.590,554.523,51.722,0.307,0.180
92.6560,23.000,511.928,543.405,60.649,6.633,0.180
92.7546,23.000,506.842,548.279,55.412,1.396,0.180
92.8621,23.000,505.867,549.073,54.310,0.294,0.180
92.9591,23.000,505.744,549.043,54.077,0.062,0.180
93.0554,23.000,505.788,548.869,54.029,0.013,0.180
93.1532,22.000,495.487,556.658,44.850,-6.566,0.180
93.2628,22.000,501.218,551.793,50.033,-1.382,0.180
93.3609,21.000,492.405,558.942,41.956,-6.859,0.180
93.4613,21.000,498.696,554.237,47.371,-1.444,0.180
93.5577,20.000,490.211,561.669,39.343,-6.872,0.180
93.6563,19.000,486.479,565.106,35.699,-8.015,0.180
93.7551,18.000,483.958,567.977,32.952,-8.256,0.180
93.8538,17.000,481.887,570.945,30.390,-8.306,0.180
93.9617,16.000,480.077,574.118,27.862,-8.317,0.180
94.0580,16.000,488.837,569.516,34.512,-1.751,0.180
94.1552,15.000,481.722,577.765,26.804,-6.937,0.180
94.2622,14.000,478.908,582.144,23.185,-8.029,0.180
94.3597,14.000,487.503,577.878,29.596,-1.690,0.180
94.4586,13.000,480.393,586.269,21.830,-6.924,0.180
94.5558,12.000,477.612,590.739,18.190,-8.026,0.180
94.6535,12.000,486.240,586.545,24.589,-1.690,0.180
94.7607,11.000,479.157,594.998,16.812,-6.924,0.180
94.8570,10.000,476.398,599.521,13.162,-8.026,0.180
94.9568,8.000,464.296,611.323,1.203,-14.827,0.180
95.0553,7.000,468.548,610.416,3.776,-9.690,0.180
95.1523,5.000,458.413,621.593,-6.885,-15.177,0.180
95.2612,4.000,463.495,620.998,-4.051,-9.764,0.180
95.3616,3.000,464.261,624.646,-5.496,-8.624,0.180
95.4584,1.000,453.716,637.141,-17.019,-14.952,0.180
95.5576,-1.000,448.011,644.506,-23.556,-16.285,0.180
95.6554,-2.000,453.596,642.731,-19.879,-9.997,0.180
95.7537,-4.000,442.652,652.714,-30.344,-15.241,0.180
95.8528,-6.000,435.309,658.039,-36.680,-16.346,0.180
95.9522,-8.000,428.379,662.054,-42.154,-16.578,0.180
96.0607,-10.000,421.241,665.515,-47.455,-16.627,0.180
96.1586,-11.000,424.780,661.250,-43.554,-10.069,0.180
96.2575,-14.000,400.943,676.670,-63.183,-21.825,0.180
96.3554,-15.000,408.051,667.808,-55.199,-11.163,0.180
96.4541,-17.000,395.593,674.574,-64.811,-15.487,0.180
96.5522,-18.000,397.340,670.390,-61.847,-9.829,0.180
96.6613,-19.000,394.497,670.561,-63.354,-8.638,0.180
96.7594,-20.000,390.712,671.474,-65.703,-8.387,0.180
96.8584,-21.000,386.645,672.501,-68.251,-8.334,0.180
96.9553,-21.000,393.433,666.129,-61.671,-1.755,0.180
97.0536,-22.000,384.026,672.289,-69.454,-6.938,0.180
97.1622,-23.000,378.655,674.300,-73.145,-8.029,0.180
97.2590,-24.000,374.098,675.401,-75.975,-8.259,0.180
97.3576,-24.000,380.649,668.912,-69.455,-1.739,0.180
97.4568,-25.000,371.080,674.935,-77.251,-6.934,0.180
97.5549,-26.000,365.579,676.821,-80.945,-8.028,0.180
97.6516,-27.000,360.913,677.815,-83.775,-8.259,0.180
97.7610,-28.000,356.403,678.603,-86.424,-8.307,0.180
97.8580,-29.000,351.912,679.331,-89.034,-8.317,0.180
97.9551,-29.000,358.379,672.665,-82.467,-1.751,0.180
98.0518,-30.000,348.708,678.567,-90.254,-6.937,0.180
98.1581,-31.000,343.114,680.357,-93.945,-8.029,0.180
98.2563,-32.000,338.368,681.270,-96.775,-8.259,0.180
98.3536,-33.000,333.790,681.989,-99.424,-8.307,0.180
98.4624,-34.000,329.241,682.660,-102.034,-8.317,0.180
98.5600,-34.000,335.658,675.944,-95.467,-1.751,0.180
98.6582,-35.000,325.946,681.804,-103.254,-6.937,0.180
98.7580,-36.000,320.316,683.558,-106.945,-8.029,0.180
98.8559,-36.000,326.508,677.073,-100.607,-1.690,0.180
98.9525,-36.000,327.718,675.614,-99.272,-0.356,0.180
99.0516,-37.000,316.924,682.595,-108.160,-6.643,0.180
99.1609,-37.000,322.049,677.230,-102.915,-1.399,0.180
99.2567,-37.000,323.051,676.024,-101.811,-0.294,0.180
99.3576,-37.000,323.196,675.704,-101.578,-0.062,0.180
99.4545,-37.000,323.171,675.582,-101.530,-0.013,0.180
99.5520,-37.000,323.119,675.509,-101.519,-0.003,0.180
99.6605,-37.000,323.068,675.453,-101.517,-0.001,0.180
99.7568,-37.000,323.023,675.407,-101.517,-0.000,0.180
99.8547,-37.000,322.985,675.369,-101.517,-0.000,0.180
99.9516,-36.000,330.920,664.968,-92.348,6.568,0.180
100.0606,-36.000,326.187,670.605,-97.534,1.383,0.180
100.1585,-35.000,333.448,661.713,-89.457,6.860,0.180
100.2559,-35.000,328.839,667.935,-94.872,1.444,0.180
100.3579,-35.000,328.385,669.761,-96.012,0.304,0.180
100.4599,-35.000,328.728,670.584,-96.252,0.064,0.180
100.5595,-34.000,337.141,660.761,-87.135,6.582,0.180
100.6579,-34.000,332.846,666.858,-92.331,1.386,0.180
100.7557,-33.000,340.486,658.350,-84.256,6.860,0.180
100.8540,-32.000,344.170,654.528,-80.504,8.013,0.180
100.9523,-32.000,339.285,662.296,-86.830,1.687,0.180
101.0602,-31.000,347.147,654.484,-78.993,6.924,0.180
101.1585,-30.000,351.171,651.103,-75.290,8.026,0.180
101.2576,-30.000,346.608,659.213,-81.627,1.690,0.180
101.3579,-29.000,354.750,651.685,-73.792,6.924,0.180
101.4552,-29.000,351.044,658.913,-79.259,1.458,0.180
101.5520,-28.000,359.359,651.192,-71.241,6.875,0.180
101.6507,-27.000,363.652,648.004,-67.501,8.016,0.180
101.7587,-27.000,359.293,656.302,-73.829,1.688,0.180
101.8567,-27.000,359.635,659.308,-75.161,0.355,0.180
101.9546,-26.000,368.746,650.643,-66.273,6.643,0.180
102.0557,-26.000,365.191,657.578,-71.518,1.399,0.180
102.1557,-26.000,365.523,660.118,-72.622,0.294,0.180
102.2550,-26.000,366.511,661.571,-72.854,0.062,0.180
102.3521,-25.000,375.468,652.289,-63.735,6.581,0.180
102.4598,-25.000,371.634,658.847,-68.931,1.386,0.180
102.5577,-25.000,371.698,661.099,-70.025,0.292,0.180
102.6569,-25.000,372.452,662.313,-70.255,0.061,0.180
102.7549,-24.000,381.208,652.829,-61.135,6.581,0.180
102.8525,-23.000,385.171,648.848,-57.163,7.954,0.180
102.9598,-22.000,388.353,646.251,-54.274,8.243,0.180
103.0577,-21.000,391.562,644.139,-51.613,8.304,0.180
103.1553,-20.000,394.941,642.292,-49.000,8.317,0.180
103.2553,-18.000,406.370,630.366,-37.322,14.888,0.180
103.3527,-16.000,413.259,624.254,-30.822,16.271,0.180
103.4598,-14.000,419.607,619.766,-25.404,16.562,0.180
103.5562,-11.000,434.171,605.584,-11.031,23.192,0.180
103.6524,-9.000,436.413,607.866,-11.051,18.019,0.180
103.7601,-6.000,450.984,595.940,2.198,23.499,0.180
103.8594,-4.000,453.973,599.400,1.962,18.084,0.180
103.9586,-3.000,453.390,609.065,-3.162,10.376,0.180
104.0566,-1.000,466.490,601.884,6.978,15.321,0.180
104.1545,-0.000,467.878,609.127,4.051,9.794,0.180
104.2528,1.000,472.688,611.054,5.493,8.630,0.180
104.3511,1.000,470.243,622.225,-1.316,1.817,0.180
104.4593,1.000,472.522,627.363,-2.745,0.383,0.180
104.5566,1.000,475.378,630.812,-3.042,0.081,0.180
104.6534,1.000,477.999,633.550,-3.100,0.017,0.180
104.7500,-0.000,469.895,643.809,-12.282,-6.565,0.180
104.8516,-0.000,477.494,641.043,-7.099,-1.382,0.180
104.9506,-1.000,469.665,649.379,-15.181,-6.859,0.180
105.0587,-1.000,476.790,645.684,-9.771,-1.444,0.180
105.1558,-1.000,479.383,646.007,-8.636,-0.304,0.180
105.2540,-0.000,488.831,636.638,0.772,6.504,0.180
105.3541,2.000,499.977,621.360,13.984,14.506,0.180
105.4524,3.000,497.152,623.071,11.716,9.622,0.180
105.5497,6.000,512.719,598.759,31.656,21.731,0.180
105.6586,8.000,511.124,594.719,32.878,17.712,0.180
105.7560,10.000,512.536,587.319,37.284,16.866,0.180
105.8515,11.000,507.101,590.063,33.195,10.119,0.180
105.9584,12.000,506.899,587.377,34.437,8.699,0.180
106.0571,14.000,515.115,572.508,45.979,14.968,0.180
106.1531,15.000,510.916,573.451,43.408,9.720,0.180
106.2491,16.000,510.811,570.189,44.987,8.615,0.180
106.3569,17.000,511.535,566.002,47.442,8.382,0.180
106.4540,17.000,505.035,572.559,40.913,1.765,0.180
106.5510,17.000,503.754,573.888,39.609,0.372,0.180
106.6596,18.000,510.943,563.140,48.577,6.647,0.180
106.7559,18.000,505.777,568.281,43.424,1.399,0.180
106.8532,18.000,504.755,569.282,42.413,0.295,0.180
106.9503,18.000,504.607,569.412,42.274,0.062,0.180
107.0495,18.000,504.644,569.359,42.318,0.013,0.180
107.1589,18.000,504.721,569.269,42.401,0.003,0.180
107.2568,19.000,512.181,558.199,51.667,6.569,0.180
107.3529,20.000,514.328,552.382,55.649,7.951,0.180
107.4610,21.000,515.360,547.631,58.540,8.242,0.180
107.5588,21.000,508.772,554.058,52.033,1.735,0.180
107.6556,22.000,514.702,544.391,59.831,6.934,0.180
107.7540,22.000,509.140,549.777,54.357,1.460,0.180
107.8539,22.000,507.912,550.854,53.205,0.307,0.180
107.9517,22.000,507.606,551.033,52.962,0.065,0.180
108.0505,22.000,507.501,551.030,52.911,0.014,0.180
108.1608,22.000,507.444,550.994,52.900,0.003,0.180
108.2601,22.000,507.403,550.958,52.898,0.001,0.180
108.3578,21.000,497.000,558.893,43.729,-6.568,0.180
108.4554,19.000,482.000,569.997,30.677,-14.520,0.180
108.5541,18.000,484.532,567.753,33.065,-9.625,0.180
108.6525,17.000,483.473,569.657,31.584,-8.595,0.180
108.7487,16.000,481.832,572.616,29.284,-8.378,0.180
108.8489,14.000,469.842,583.926,17.634,-14.901,0.180
108.9581,12.000,463.643,590.748,11.123,-16.274,0.180
109.0548,11.000,469.444,589.076,14.859,-9.994,0.180
109.1512,9.000,459.899,600.330,4.460,-15.241,0.180
109.2600,7.000,454.957,607.925,-1.808,-16.345,0.180
109.3578,5.000,451.278,615.059,-7.215,-16.578,0.180
109.4550,4.000,458.487,614.387,-3.275,-10.059,0.180
109.5549,3.000,460.353,618.677,-4.486,-8.686,0.180
109.6530,1.000,450.595,631.868,-15.961,-14.965,0.180
109.7501,-0.000,456.501,632.481,-13.314,-9.719,0.180
109.8580,-2.000,446.497,643.825,-23.989,-15.183,0.180
109.9569,-4.000,440.095,650.166,-30.360,-16.333,0.180
110.0539,-6.000,433.996,655.013,-35.833,-16.575,0.180
110.1515,-7.000,438.545,651.800,-31.952,-10.058,0.180
110.2584,-9.000,426.570,660.711,-42.395,-15.254,0.180
110.3585,-10.000,429.290,657.786,-39.573,-9.780,0.180
110.4543,-12.000,416.425,666.278,-50.251,-15.196,0.180
110.5507,-13.000,418.526,662.858,-47.490,-9.768,0.180
110.6482,-15.000,405.163,670.902,-58.194,-15.193,0.180
110.7583,-16.000,406.844,667.098,-55.451,-9.767,0.180
110.8552,-16.000,415.070,660.068,-47.823,-2.056,0.180
110.9542,-16.000,417.119,659.036,-46.283,-0.433,0.180
111.0506,-16.000,417.809,659.210,-46.025,-0.091,0.180
111.1480,-16.000,418.165,659.589,-46.036,-0.019,0.180
111.2485,-16.000,418.409,659.969,-46.104,-0.004,0.180
111.3594,-16.000,418.595,660.314,-46.184,-0.001,0.180
111.4575,-16.000,418.738,660.622,-46.267,-0.000,0.180
111.5549,-16.000,418.847,660.897,-46.350,-0.000,0.180
111.6533,-17.000,407.953,668.517,-55.607,-6.568,0.180
111.7500,-17.000,413.158,663.528,-50.509,-1.383,0.180
111.8566,-18.000,403.280,669.991,-58.680,-6.860,0.180
111.9542,-19.000,397.677,672.091,-62.531,-8.013,0.180
112.0512,-19.000,403.915,665.875,-56.305,-1.687,0.180
112.1484,-21.000,383.319,679.290,-73.310,-13.492,0.180
112.2571,-22.000,382.951,675.955,-71.827,-9.409,0.180
112.3542,-23.000,379.336,675.821,-73.567,-8.549,0.180
112.4541,-24.000,375.024,676.347,-75.986,-8.368,0.180
112.5529,-24.000,381.521,669.631,-69.379,-1.762,0.180
112.6507,-23.000,390.788,657.779,-58.820,6.198,0.180
112.7479,-23.000,386.296,663.073,-63.713,1.305,0.180
112.8579,-22.000,393.576,654.076,-55.575,6.843,0.180
112.9551,-20.000,404.880,639.511,-42.640,14.577,0.180
113.0520,-19.000,402.855,642.365,-45.079,9.637,0.180
113.1480,-17.000,412.948,631.177,-34.439,15.166,0.180
113.2579,-16.000,411.394,635.399,-37.327,9.761,0.180
113.3565,-16.000,406.239,645.823,-45.116,2.055,0.180
113.4548,-15.000,414.746,639.394,-37.648,7.001,0.180
113.5528,-14.000,419.498,637.009,-34.080,8.042,0.180
113.6494,-13.000,423.555,635.563,-31.328,8.262,0.180
113.7563,-13.000,419.575,644.762,-37.918,1.739,0.180
113.8540,-12.000,428.327,638.048,-30.185,6.935,0.180
113.9522,-11.000,433.129,635.577,-26.549,8.028,0.180
114.0500,-11.000,429.224,644.463,-32.944,1.690,0.180
114.1478,-10.000,437.924,637.598,-25.162,6.924,0.180
114.2474,-9.000,442.658,635.023,-21.507,8.026,0.180
114.3547,-9.000,438.693,643.824,-27.890,1.690,0.180
114.4548,-8.000,447.341,636.886,-20.097,6.924,0.180
114.5523,-7.000,452.033,634.247,-16.432,8.026,0.180
114.6489,-6.000,456.006,632.619,-13.631,8.258,0.180
114.7473,-5.000,459.926,631.293,-11.008,8.307,0.180
114.8560,-4.000,463.918,630.106,-8.418,8.317,0.180
114.9550,-3.000,467.996,629.011,-5.832,8.319,0.180
115.0525,-2.000,472.155,627.989,-3.242,8.320,0.180
115.1515,-1.000,476.382,627.027,-0.647,8.320,0.180
115.2489,-1.000,472.697,636.489,-7.221,1.752,0.180
115.3485,-1.000,473.764,640.332,-8.609,0.369,0.180
115.4572,-0.000,483.528,632.341,0.269,6.646,0.180
115.5555,-1.000,469.561,647.215,-14.152,-5.169,0.180
115.6555,-1.000,475.522,645.025,-10.076,-1.088,0.180
115.7529,-2.000,467.005,653.147,-18.396,-6.798,0.180
115.8514,-2.000,473.693,649.124,-13.040,-1.431,0.180
115.9489,-2.000,475.945,649.137,-11.920,-0.301,0.180
116.0478,-3.000,466.162,657.245,-20.866,-6.632,0.180
116.1564,-3.000,472.170,652.814,-15.646,-1.396,0.180
116.2529,-3.000,473.927,652.397,-14.560,-0.294,0.180
116.3520,-2.000,482.686,642.376,-5.170,6.507,0.180
116.4508,-2.000,478.503,648.488,-10.317,1.370,0.180
116.5491,-1.000,486.204,640.025,-2.235,6.857,0.180
116.6472,-0.000,489.936,636.247,1.520,8.012,0.180
116.7553,1.000,492.464,633.078,4.369,8.255,0.180
116.8545,1.000,487.180,640.818,-2.143,1.738,0.180
116.9535,1.000,486.857,643.229,-3.510,0.366,0.180
117.0505,2.000,494.835,633.426,5.380,6.645,0.180
117.1505,2.000,490.323,639.386,0.144,1.399,0.180
117.2482,2.000,489.844,641.096,-0.950,0.295,0.180
117.3562,2.000,490.145,641.841,-1.172,0.062,0.180
117.4544,1.000,480.178,650.298,-10.385,-6.555,0.180
117.5544,1.000,486.216,645.976,-5.204,-1.380,0.180
117.6555,1.000,488.040,645.610,-4.109,-0.291,0.180
117.7524,1.000,488.895,645.996,-3.875,-0.061,0.180
117.8489,1.000,489.475,646.469,-3.821,-0.013,0.180
117.9467,-0.000,479.565,654.875,-12.980,-6.571,0.180
118.0566,-0.000,485.613,650.548,-7.792,-1.383,0.180
118.1525,-1.000,476.464,657.561,-15.873,-6.860,0.180
118.2495,-2.000,471.492,660.117,-19.637,-8.013,0.180
118.3470,-2.000,478.281,654.274,-13.321,-1.687,0.180
118.4468,-3.000,469.030,660.729,-21.174,-6.924,0.180
118.5557,-3.000,474.793,655.590,-15.723,-1.458,0.180
118.6548,-4.000,465.219,662.094,-23.762,-6.875,0.180
118.7509,-5.000,459.848,664.256,-27.528,-8.016,0.180
118.8497,-5.000,466.286,658.089,-21.226,-1.688,0.180
118.9484,-5.000,467.708,656.899,-19.920,-0.355,0.180
119.0452,-5.000,468.061,656.742,-19.665,-0.075,0.180
119.1527,-5.000,468.177,656.793,-19.632,-0.016,0.180
119.2521,-6.000,457.261,664.251,-28.819,-6.572,0.180
119.3517,-6.000,462.448,659.124,-23.662,-1.384,0.180
119.4500,-6.000,463.535,658.089,-22.601,-0.291,0.180
119.5470,-7.000,452.782,665.286,-31.576,-6.630,0.180
119.6555,-8.000,446.995,667.451,-35.552,-7.964,0.180
119.7538,-9.000,442.228,668.539,-38.480,-8.245,0.180
119.8510,-10.000,437.653,669.386,-41.191,-8.304,0.180
119.9506,-12.000,422.125,677.545,-53.034,-14.885,0.180
120.0485,-13.000,422.709,673.098,-50.519,-9.702,0.180
120.1462,-14.000,419.186,672.738,-52.101,-8.611,0.180
120.2546,-15.000,414.787,673.236,-54.549,-8.381,0.180
120.3546,-16.000,410.194,673.913,-57.184,-8.333,0.180
120.4556,-17.000,405.552,674.627,-59.862,-8.323,0.180
120.5532,-18.000,400.890,675.348,-62.553,-8.321,0.180
120.6517,-19.000,396.218,676.073,-65.252,-8.320,0.180
120.7491,-20.000,391.640,676.695,-67.852,-8.320,0.180
120.8461,-22.000,376.090,684.682,-79.620,-14.888,0.180
120.9540,-23.000,376.662,680.082,-77.035,-9.703,0.180
121.0460,-24.000,373.141,679.578,-78.543,-8.611,0.180
121.1488,-25.000,368.761,679.938,-80.913,-8.381,0.180
121.2504,-26.000,364.201,680.481,-83.465,-8.333,0.180
121.3488,-26.000,370.572,673.695,-76.886,-1.754,0.180
121.4480,-25.000,379.749,661.765,-66.333,6.199,0.180
121.5462,-25.000,375.185,666.990,-71.227,1.305,0.180
121.6546,-25.000,374.435,668.300,-72.257,0.275,0.180
121.7528,-24.000,382.426,658.388,-63.305,6.626,0.180
121.8507,-24.000,377.877,664.302,-68.537,1.395,0.180
121.9488,-23.000,385.324,655.615,-60.470,6.862,0.180
122.0468,-24.000,369.912,669.374,-75.055,-5.124,0.180
122.1549,-24.000,374.754,666.126,-71.010,-1.079,0.180
122.2514,-25.000,365.315,673.321,-79.327,-6.796,0.180
122.3479,-25.000,371.226,668.502,-73.962,-1.431,0.180
122.4450,-25.000,372.820,667.837,-72.833,-0.301,0.180
122.5557,-25.000,373.452,667.993,-72.595,-0.063,0.180
122.6536,-25.000,373.837,668.279,-72.545,-0.013,0.180
122.7515,-27.000,352.196,683.290,-90.871,-13.140,0.180
122.8484,-27.000,362.752,673.099,-80.498,-2.766,0.180
122.9488,-27.000,365.091,671.070,-78.314,-0.582,0.180
123.0468,-24.000,389.587,639.637,-50.349,19.583,0.180
123.1448,-26.000,353.742,671.385,-84.146,-9.014,0.180
123.2526,-23.000,386.023,634.423,-49.524,17.808,0.180
123.3482,-25.000,352.538,665.728,-81.920,-9.388,0.180
123.4453,-21.000,393.897,618.917,-37.834,24.297,0.180
123.5542,-21.000,378.398,641.782,-57.016,5.115,0.180
123.6537,-17.000,409.275,607.565,-24.470,27.351,0.180
123.7538,-13.000,424.069,592.332,-9.456,32.032,0.180
123.8539,-9.000,436.422,582.007,1.883,33.017,0.180
123.9530,-4.000,457.038,563.114,21.638,39.793,0.180
124.0522,-1.000,457.755,571.662,17.722,28.083,0.180
124.1517,-1.000,444.017,602.275,-4.454,5.912,0.180
124.2462,2.000,469.237,581.799,18.395,20.950,0.180
124.3544,3.000,466.597,593.870,11.039,10.979,0.180
124.4440,5.000,478.201,586.084,20.735,15.448,0.180
124.5514,6.000,478.027,591.902,17.738,9.821,0.180
124.6495,7.000,481.578,592.550,19.190,8.636,0.180
124.7467,7.000,478.081,602.615,12.408,1.818,0.180
124.8527,7.000,479.473,606.806,11.009,0.383,0.180
124.9491,8.000,488.954,598.471,19.917,6.649,0.180
125.0474,8.000,485.733,605.665,14.710,1.400,0.180
125.1455,8.000,486.359,608.417,13.646,0.295,0.180
125.2456,10.000,502.350,588.097,31.802,13.199,0.180
125.3450,9.000,482.769,607.599,12.261,-3.790,0.180
125.4457,11.000,502.021,584.079,33.647,12.339,0.180
125.5449,12.000,500.897,583.976,33.136,9.166,0.180
125.6538,12.000,494.701,592.128,25.962,1.930,0.180
125.7518,13.000,501.445,583.447,33.675,6.975,0.180
125.8508,14.000,504.057,578.589,37.409,8.037,0.180
125.9475,14.000,498.330,585.406,31.137,1.692,0.180
126.0457,14.000,497.531,587.133,29.875,0.356,0.180
126.1452,14.000,497.716,587.735,29.666,0.075,0.180
126.2531,16.000,512.812,566.109,48.027,13.153,0.180
126.3510,17.000,510.110,565.661,46.900,9.337,0.180
126.4501,17.000,502.988,573.105,39.617,1.966,0.180
126.5471,18.000,509.034,563.732,47.327,6.982,0.180
126.6536,18.000,503.702,569.237,41.908,1.470,0.180
126.7531,19.000,510.082,559.403,50.015,6.878,0.180
126.8525,20.000,512.053,553.897,53.754,8.016,0.180
126.9506,20.000,505.722,560.223,47.425,1.688,0.180
127.0475,20.000,504.387,561.554,46.092,0.355,0.180
127.1455,20.000,504.105,561.832,45.812,0.075,0.180
127.2454,19.000,493.775,569.759,36.683,-6.553,0.180
127.3531,18.000,489.152,572.940,32.782,-7.948,0.180
127.4527,17.000,486.033,575.432,29.976,-8.242,0.180
127.5508,16.000,483.488,578.044,27.398,-8.304,0.180
127.6484,16.000,491.656,572.935,34.036,-1.748,0.180
127.7501,16.000,494.419,572.771,35.499,-0.368,0.180
127.8497,15.000,485.523,581.475,26.700,-6.646,0.180
127.9492,15.000,492.267,577.569,32.024,-1.399,0.180
128.0491,15.000,494.656,577.593,33.207,-0.295,0.180
128.1459,15.000,495.991,578.307,33.518,-0.062,0.180
128.2531,14.000,486.616,587.025,24.471,-6.581,0.180
128.3518,14.000,493.105,582.977,29.740,-1.386,0.180
128.4507,14.000,495.309,582.848,30.906,-0.292,0.180
128.5492,13.000,486.121,591.401,22.036,-6.630,0.180
128.6477,13.000,492.652,587.329,27.337,-1.396,0.180
128.7451,12.000,484.493,595.178,19.333,-6.862,0.180
128.8447,11.000,480.968,599.040,15.640,-8.013,0.180
128.9529,11.000,488.994,594.300,22.023,-1.687,0.180
129.0512,11.000,491.780,594.307,23.412,-0.355,0.180
129.1501,11.000,493.305,595.157,23.750,-0.075,0.180
129.2465,10.000,484.057,604.023,14.692,-6.584,0.180
129.3441,10.000,490.644,600.111,19.942,-1.386,0.180
129.4528,9.000,482.554,608.076,11.915,-6.860,0.180
129.5510,8.000,479.090,612.033,8.204,-8.013,0.180
129.6480,7.000,476.793,615.349,5.398,-8.255,0.180
129.7450,6.000,474.906,618.702,2.778,-8.306,0.180
129.8432,5.000,473.245,622.210,0.193,-8.317,0.180
129.9492,4.000,471.748,625.876,-2.388,-8.319,0.180
130.0496,3.000,470.385,629.683,-4.973,-8.320,0.180
130.1490,1.000,458.760,641.585,-16.736,-14.888,0.180
130.2447,-0.000,463.264,640.917,-14.151,-9.703,0.180
130.3521,-1.000,463.081,643.760,-15.664,-8.611,0.180
130.4507,-3.000,450.557,654.345,-27.219,-14.950,0.180
130.5501,-4.000,453.546,652.108,-24.605,-9.716,0.180
130.6476,-6.000,441.068,661.026,-35.303,-15.182,0.180
130.7479,-7.000,443.536,657.931,-32.522,-9.765,0.180
130.8491,-8.000,441.469,658.866,-34.023,-8.624,0.180
130.9490,-9.000,438.281,660.491,-36.430,-8.384,0.180
131.0470,-10.000,434.715,662.129,-39.031,-8.333,0.180
131.1440,-12.000,419.975,671.029,-50.851,-14.891,0.180
131.2508,-12.000,432.188,659.854,-39.157,-3.135,0.180
131.3485,-12.000,435.041,657.882,-36.745,-0.660,0.180
131.4512,-12.000,435.874,657.798,-36.286,-0.139,0.180
131.5510,-13.000,425.266,665.442,-45.413,-6.598,0.180
131.6498,-13.000,430.648,660.542,-40.271,-1.389,0.180
131.7500,-12.000,439.855,649.344,-30.069,6.276,0.180
131.8475,-12.000,435.492,655.015,-35.086,1.321,0.180
131.9451,-11.000,442.915,646.302,-27.018,6.847,0.180
132.0429,-10.000,446.379,642.344,-23.307,8.010,0.180
132.1526,-10.000,441.293,650.009,-29.682,1.686,0.180
132.2497,-9.000,448.980,642.114,-21.892,6.923,0.180
132.3503,-8.000,452.852,638.665,-18.231,8.026,0.180
132.4469,-8.000,448.154,646.723,-24.609,1.690,0.180
132.5428,-7.000,456.180,639.153,-16.811,6.924,0.180
132.6511,-7.000,452.371,646.349,-22.314,1.458,0.180
132.7487,-6.000,460.597,638.603,-14.327,6.875,0.180
132.8464,-5.000,464.816,635.392,-10.613,8.016,0.180
132.9431,-5.000,460.389,643.674,-16.967,1.688,0.180
133.0522,-4.000,468.644,636.298,-9.152,6.924,0.180
133.1493,-4.000,465.030,643.658,-14.638,1.458,0.180
133.2462,-4.000,465.451,646.422,-15.810,0.307,0.180
133.3449,-4.000,466.541,648.038,-16.073,0.065,0.180
133.4439,-4.000,467.619,649.260,-16.145,0.014,0.180
133.5512,-4.000,468.566,650.270,-16.176,0.003,0.180
133.6502,-4.000,469.374,651.124,-16.199,0.001,0.180
133.7512,-6.000,448.112,666.599,-34.568,-13.137,0.180
133.8502,-6.000,458.992,656.799,-24.228,-2.766,0.180
133.9490,-7.000,450.630,662.480,-31.250,-7.151,0.180
134.0459,-8.000,445.626,664.605,-34.814,-8.074,0.180
134.1476,-9.000,441.261,665.923,-37.655,-8.268,0.180
134.2451,-9.000,447.947,659.647,-31.175,-1.741,0.180
134.3418,-10.000,438.475,665.868,-39.021,-6.935,0.180
134.4519,-10.000,444.016,660.563,-33.598,-1.460,0.180
134.5521,-10.000,445.217,659.563,-32.497,-0.307,0.180
134.6517,-10.000,445.492,659.457,-32.307,-0.065,0.180
134.7507,-10.000,445.564,659.531,-32.308,-0.014,0.180
134.8480,-10.000,445.584,659.634,-32.349,-0.003,0.180
134.9459,-10.000,445.587,659.736,-32.399,-0.001,0.180
135.0460,-10.000,445.580,659.832,-32.450,-0.000,0.180
135.1427,-11.000,434.592,667.295,-41.676,-6.568,0.180
135.2515,-11.000,439.723,662.169,-36.547,-1.383,0.180
135.3487,-11.000,440.759,661.136,-35.513,-0.291,0.180
135.4458,-12.000,429.960,668.339,-44.514,-6.630,0.180
135.5431,-12.000,435.103,663.138,-39.342,-1.396,0.180
135.6416,-12.000,436.118,662.075,-38.303,-0.294,0.180
135.7480,-12.000,436.267,661.884,-38.133,-0.062,0.180
135.8481,-13.000,425.262,669.254,-47.320,-6.581,0.180
135.9464,-13.000,430.345,664.081,-42.192,-1.386,0.180
136.0444,-13.000,431.334,663.016,-41.166,-0.292,0.180
136.1414,-13.000,431.464,662.821,-41.003,-0.061,0.180
136.2490,-14.000,420.443,670.186,-50.196,-6.581,0.180
136.3465,-14.000,425.513,665.010,-45.073,-1.386,0.180
136.4445,-14.000,426.488,663.943,-44.052,-0.292,0.180
136.5420,-14.000,426.607,663.747,-43.894,-0.061,0.180
136.6406,-14.000,426.550,663.739,-43.919,-0.013,0.180
136.7504,-14.000,426.460,663.773,-43.981,-0.003,0.180
136.8490,-14.000,426.365,663.820,-44.052,-0.001,0.180
136.9466,-14.000,426.273,663.872,-44.124,-0.000,0.180
137.0468,-14.000,426.183,663.928,-44.197,-0.000,0.180
137.1456,-13.000,434.069,653.612,-35.096,6.568,0.180
137.2452,-13.000,429.284,659.333,-40.349,1.383,0.180
137.3464,-13.000,428.522,660.890,-41.509,0.291,0.180
137.4431,-13.000,428.562,661.525,-41.806,0.061,0.180
137.5415,-13.000,428.733,661.928,-41.922,0.013,0.180
137.6500,-13.000,428.900,662.250,-42.000,0.003,0.180
137.7474,-12.000,437.011,652.154,-32.896,6.569,0.180
137.8470,-12.000,432.419,658.059,-38.144,1.383,0.180
137.9434,-12.000,431.823,659.771,-39.299,0.291,0.180
138.0400,-12.000,432.005,660.537,-39.591,0.061,0.180
138.1499,-12.000,432.297,661.051,-39.702,0.013,0.180
138.2472,-12.000,432.567,661.466,-39.774,0.003,0.180
138.3451,-11.000,440.767,651.449,-30.665,6.569,0.180
138.4436,-11.000,436.252,657.419,-35.908,1.383,0.180
138.5418,-11.000,435.721,659.187,-37.057,0.291,0.180
138.6406,-11.000,435.960,660.000,-37.344,0.061,0.180
138.7474,-10.000,444.274,650.178,-28.276,6.581,0.180
138.8467,-10.000,439.886,656.286,-33.524,1.386,0.180
138.9432,-10.000,439.471,658.163,-34.670,0.292,0.180
139.0422,-10.000,439.810,659.066,-34.952,0.061,0.180
139.1505,-9.000,448.212,649.321,-25.879,6.581,0.180
139.2490,-9.000,443.898,655.492,-31.122,1.386,0.180
139.3467,-8.000,451.520,647.049,-23.089,6.860,0.180
139.4436,-8.000,447.214,653.657,-28.546,1.444,0.180
139.5405,-7.000,454.984,645.444,-20.554,6.872,0.180
139.6474,-7.000,450.834,652.218,-26.016,1.447,0.180
139.7457,-6.000,458.743,644.138,-18.021,6.873,0.180
139.8436,-6.000,454.714,651.022,-23.479,1.447,0.180
139.9427,-6.000,454.754,653.410,-24.652,0.305,0.180
140.0416,-5.000,463.487,644.339,-15.750,6.633,0.180
140.1396,-4.000,467.555,640.584,-11.839,7.965,0.180
140.2457,-4.000,462.880,648.526,-18.148,1.677,0.180
140.3428,-3.000,470.897,640.886,-10.319,6.921,0.180
140.4408,-2.000,475.051,637.652,-6.625,8.026,0.180
140.5411,-1.000,478.569,635.516,-3.798,8.258,0.180
140.6493,-1.000,474.132,644.128,-10.322,1.739,0.180
140.7462,-0.000,482.502,636.906,-2.526,6.934,0.180
140.8466,1.000,486.389,633.395,1.173,8.028,0.180
140.9439,3.000,496.464,619.441,13.187,14.827,0.180
141.0434,4.000,493.498,621.508,10.671,9.690,0.180
141.1402,5.000,494.361,619.282,12.215,8.608,0.180
141.2478,5.000,488.511,626.972,5.445,1.812,0.180
141.3459,5.000,487.889,629.160,4.040,0.382,0.180
141.4434,6.000,495.653,619.126,12.939,6.649,0.180
141.5431,6.000,517.825,628.415,8.179,1.372,0.320
141.6402,6.000,542.050,635.708,7.124,0.283,0.320
141.7489,6.000,565.734,643.588,6.933,0.058,0.320
141.8457,6.000,588.402,652.524,6.920,0.012,0.320
141.9438,6.000,610.092,662.472,6.944,0.002,0.320
142.0426,6.000,630.928,673.304,6.976,0.001,0.320
142.1410,6.000,651.031,684.892,7.009,0.000,0.320
142.2468,6.000,670.512,697.124,7.043,0.000,0.320
142.3444,5.000,674.022,723.184,-7.285,-11.556,0.320
142.4438,5.000,702.270,727.845,1.914,-2.384,0.320
142.5442,4.000,707.329,753.375,-10.527,-12.048,0.320
142.6441,3.000,720.233,772.084,-15.304,-14.042,0.320
142.7408,2.000,734.869,789.935,-18.504,-14.453,0.320
142.8492,1.000,749.958,808.074,-21.383,-14.538,0.320
142.9470,-0.000,765.222,826.670,-24.201,-14.555,0.320
143.0468,-2.000,763.467,857.299,-41.371,-26.115,0.320
143.1458,-4.000,770.110,878.294,-49.379,-28.500,0.320
143.2437,-6.000,777.985,897.006,-55.505,-28.992,0.320
143.3509,-8.000,785.686,914.998,-61.251,-29.094,0.320
143.4479,-9.000,809.268,920.191,-52.567,-17.559,0.320
143.5448,-10.000,823.423,934.429,-53.043,-15.179,0.320
143.6425,-11.000,835.456,950.464,-55.413,-14.688,0.320
143.7419,-11.000,863.181,954.372,-43.818,-3.031,0.320
143.8398,-12.000,865.342,980.034,-55.835,-12.181,0.320
143.9384,-14.000,858.318,1010.801,-74.957,-25.625,0.320
144.0460,-15.000,877.967,1018.270,-69.060,-16.843,0.320
144.1459,-16.000,890.545,1032.675,-70.137,-15.031,0.320
144.2438,-17.000,901.598,1048.493,-72.659,-14.657,0.320
144.3414,-17.000,912.646,1036.229,-61.121,-3.025,0.320
144.4491,-19.000,881.973,1058.189,-87.538,-23.735,0.320
144.5382,-19.000,900.086,1038.669,-68.807,-4.898,0.320
144.6472,-20.000,887.173,1046.547,-79.276,-12.566,0.320
144.7454,-21.000,880.292,1048.308,-83.658,-14.149,0.320
144.8424,-21.000,890.897,1036.350,-72.429,-2.920,0.320
144.9419,-22.000,876.409,1045.849,-84.467,-12.158,0.320
145.0387,-23.000,869.200,1047.977,-89.174,-14.064,0.320
145.1475,-24.000,863.459,1048.559,-92.367,-14.458,0.320
145.2471,-25.000,857.993,1048.800,-95.248,-14.539,0.320
145.3472,-26.000,852.559,1048.953,-98.065,-14.556,0.320
145.4454,-27.000,847.111,1049.072,-100.869,-14.559,0.320
145.5433,-28.000,841.642,1049.171,-103.669,-14.560,0.320
145.6399,-29.000,836.154,1049.255,-106.469,-14.560,0.320
145.7488,-29.000,846.925,1036.890,-94.914,-3.004,0.320
145.8469,-29.000,848.642,1033.818,-92.529,-0.620,0.320
145.9449,-29.000,848.568,1032.742,-92.037,-0.128,0.320
146.0436,-30.000,831.912,1044.579,-106.291,-11.582,0.320
146.1414,-31.000,824.287,1047.268,-111.455,-13.945,0.320
146.2389,-32.000,818.487,1048.033,-114.743,-14.433,0.320
146.3481,-32.000,829.306,1035.933,-103.288,-2.978,0.320
146.4479,-33.000,814.854,1045.457,-115.280,-12.170,0.320
146.5489,-34.000,807.646,1047.636,-119.976,-14.067,0.320
146.6450,-35.000,801.900,1048.267,-123.168,-14.458,0.320
146.7418,-36.000,796.428,1048.552,-126.048,-14.539,0.320
146.8394,-37.000,790.989,1048.742,-128.865,-14.556,0.320
146.9386,-39.000,769.261,1061.328,-146.024,-26.115,0.320
147.0386,-39.000,789.103,1039.716,-125.298,-5.389,0.320
147.1474,-40.000,776.353,1047.121,-135.377,-12.668,0.320
147.2455,-39.000,798.911,1020.859,-110.968,8.942,0.320
147.3420,-38.000,805.017,1012.445,-103.709,13.401,0.320
147.4412,-35.000,834.728,977.292,-71.278,37.432,0.320
147.5386,-31.000,860.311,947.445,-43.563,53.946,0.320
147.6374,-25.000,901.337,901.832,-0.244,80.465,0.320
147.7457,-19.000,924.075,880.237,21.921,85.937,0.320
147.8451,-13.000,944.937,865.386,39.778,87.066,0.320
147.9426,-10.000,927.162,899.790,13.688,52.633,0.320
148.0416,-7.000,936.746,906.862,14.944,45.527,0.320
148.1387,-4.000,951.996,908.288,21.855,44.061,0.320
148.2389,-3.000,941.873,939.426,1.225,20.648,0.320
148.3485,-1.000,962.463,935.379,13.543,27.372,0.320
148.4467,-1.000,950.765,967.139,-8.186,5.648,0.320
148.5441,-0.000,968.084,964.712,1.687,12.721,0.320
148.6416,-0.000,965.817,982.637,-8.409,2.625,0.320
148.7420,1.000,982.830,975.094,3.869,12.097,0.320
148.8386,2.000,991.200,973.933,8.634,14.052,0.320
148.9367,3.000,997.064,973.356,11.854,14.455,0.320
149.0463,4.000,1001.797,972.278,14.760,14.538,0.320
149.1442,4.000,993.335,986.847,3.244,3.000,0.320
149.2439,6.000,1018.454,959.238,29.608,23.730,0.320
149.3424,8.000,1026.478,947.418,39.530,28.008,0.320
149.4398,9.000,1018.122,954.707,31.708,17.335,0.320
149.5401,10.000,1017.903,953.180,32.362,15.133,0.320
149.6473,12.000,1031.589,933.329,49.130,26.234,0.320
149.7463,13.000,1023.657,938.181,42.738,16.969,0.320
149.8447,15.000,1035.336,919.205,58.066,26.613,0.320
149.9415,15.000,1014.197,940.140,37.028,5.491,0.320
150.0388,16.000,1022.277,928.047,47.115,12.689,0.320
150.1456,17.000,1024.532,921.541,51.496,14.174,0.320
150.2418,18.000,1025.513,916.107,54.703,14.480,0.320
150.3387,19.000,1026.170,910.825,57.673,14.544,0.320
150.4367,20.000,1026.597,905.626,60.486,14.557,0.320
150.5446,21.000,1026.952,900.376,63.288,14.559,0.320
150.6407,21.000,1014.816,911.350,51.733,3.004,0.320
150.7388,21.000,1011.938,913.241,49.349,0.620,0.320
150.8466,21.000,1011.027,913.313,48.857,0.128,0.320
150.9440,21.000,1010.569,913.058,48.755,0.026,0.320
151.0410,21.000,1010.245,912.776,48.734,0.005,0.320
151.1384,21.000,1009.983,912.522,48.730,0.001,0.320
151.2458,20.000,994.327,925.580,34.374,-11.555,0.320
151.3453,20.000,1003.894,916.805,43.545,-2.384,0.320
151.4433,19.000,990.794,928.418,31.188,-12.048,0.320
151.5403,19.000,1001.330,919.618,40.856,-2.486,0.320
151.6399,17.000,973.265,944.839,14.213,-23.624,0.320
151.7392,17.000,993.900,927.785,33.057,-4.875,0.320
151.8374,16.000,983.946,938.625,22.660,-12.561,0.320
151.9456,15.000,980.439,943.723,18.358,-14.148,0.320
152.0449,15.000,993.928,934.588,29.670,-2.919,0.320
152.1427,14.000,982.738,947.318,17.710,-12.158,0.320
152.2415,14.000,994.621,939.745,27.438,-2.509,0.320
152.3397,13.000,983.080,952.788,15.146,-12.073,0.320
152.4370,13.000,994.874,945.272,24.801,-2.491,0.320
152.5461,13.000,998.742,945.040,26.851,-0.514,0.320
152.6443,12.000,985.327,959.386,12.971,-11.662,0.320
152.7416,12.000,996.545,951.959,22.293,-2.406,0.320
152.8415,11.000,984.692,964.874,9.909,-12.052,0.320
152.9389,11.000,996.270,957.199,19.536,-2.487,0.320
153.0382,10.000,984.523,970.103,7.210,-12.069,0.320
153.1377,9.000,980.708,975.742,2.483,-14.046,0.320
153.2360,8.000,978.740,980.100,-0.680,-14.454,0.320
153.3442,8.000,992.772,971.100,10.836,-2.983,0.320
153.4403,7.000,981.881,984.108,-1.113,-12.171,0.320
153.5388,6.000,978.538,990.090,-5.776,-14.067,0.320
153.6389,5.000,976.917,994.795,-8.939,-14.458,0.320
153.7370,4.000,975.789,999.384,-11.797,-14.539,0.320
153.8440,3.000,974.880,1004.074,-14.597,-14.556,0.320
153.9408,2.000,974.115,1008.894,-17.389,-14.559,0.320
154.0423,1.000,973.463,1013.832,-20.184,-14.560,0.320
154.1398,1.000,988.346,1005.593,-8.623,-3.004,0.320
154.2377,-0.000,978.118,1019.307,-20.595,-12.176,0.320
154.3455,-0.000,990.763,1012.626,-10.931,-2.512,0.320
154.4424,-1.000,979.011,1025.608,-23.299,-12.074,0.320
154.5421,-2.000,974.329,1030.495,-28.083,-14.047,0.320
154.6393,-2.000,987.053,1020.945,-16.946,-2.899,0.320
154.7383,-3.000,974.411,1032.446,-29.018,-12.154,0.320
154.8371,-3.000,985.054,1023.831,-19.389,-2.508,0.320
154.9448,-3.000,987.890,1022.720,-17.415,-0.518,0.320
155.0436,-3.000,989.017,1023.059,-17.021,-0.107,0.320
155.1420,-3.000,989.708,1023.614,-16.953,-0.022,0.320
155.2405,-2.000,1003.520,1008.702,-2.591,11.551,0.320
155.3380,-2.000,995.373,1018.913,-11.770,2.384,0.320
155.4455,-2.000,994.348,1021.693,-13.673,0.492,0.320
155.5467,-1.000,1007.973,1007.400,0.287,11.657,0.320
155.6445,-1.000,999.932,1017.873,-8.970,2.405,0.320
155.7424,-2.000,982.770,1033.262,-25.246,-11.059,0.320
155.8398,-2.000,992.282,1025.243,-16.480,-2.282,0.320
155.9380,-2.000,994.717,1024.077,-14.680,-0.471,0.320
156.0457,-2.000,995.618,1024.254,-14.318,-0.097,0.320
156.1413,-2.000,996.143,1024.647,-14.252,-0.020,0.320
156.2372,-3.000,980.256,1037.473,-28.608,-11.560,0.320
156.3440,-3.000,989.613,1028.514,-19.451,-2.385,0.320
156.4405,-4.000,975.377,1039.249,-31.936,-12.048,0.320
156.5370,-4.000,984.929,1029.721,-22.396,-2.486,0.320
156.6371,-4.000,986.889,1027.781,-20.446,-0.513,0.320
156.7373,-4.000,987.283,1027.405,-20.061,-0.106,0.320
156.8451,-4.000,987.352,1027.350,-19.999,-0.022,0.320
156.9432,-5.000,971.072,1039.803,-34.366,-11.560,0.320
157.0417,-5.000,980.092,1030.529,-25.219,-2.385,0.320
157.1393,-6.000,965.568,1040.998,-37.715,-12.048,0.320
157.2380,-6.000,974.873,1031.246,-28.187,-2.486,0.320
157.3350,-6.000,976.622,1029.116,-26.247,-0.513,0.320
157.4431,-6.000,976.834,1028.581,-25.874,-0.106,0.320
157.5421,-7.000,960.466,1040.835,-40.184,-11.577,0.320
157.6394,-7.000,969.367,1031.437,-31.035,-2.389,0.320
157.7352,-6.000,984.293,1013.928,-14.817,11.063,0.320
157.8437,-6.000,975.882,1023.143,-23.631,2.283,0.320
157.9415,-6.000,974.379,1025.331,-25.476,0.471,0.320
158.0386,-6.000,974.262,1026.029,-25.883,0.097,0.320
158.1371,-6.000,974.398,1026.387,-25.994,0.020,0.320
158.2358,-6.000,974.559,1026.646,-26.044,0.004,0.320
158.3457,-6.000,974.700,1026.862,-26.081,0.001,0.320
158.4448,-5.000,988.099,1011.606,-11.754,11.556,0.320
158.5432,-5.000,979.611,1021.517,-20.953,2.385,0.320
158.6410,-4.000,991.576,1008.600,-8.512,12.048,0.320
158.7394,-4.000,983.087,1019.280,-18.096,2.486,0.320
158.8379,-3.000,995.304,1006.765,-5.730,12.069,0.320
158.9353,-3.000,991.977,989.535,1.221,3.448,0.180
159.0440,-3.000,978.865,981.353,-1.244,0.985,0.180
159.1434,-2.000,967.111,968.309,-0.599,1.281,0.180
159.2349,-2.000,955.244,958.276,-1.516,0.366,0.180
159.3339,-2.000,943.764,947.322,-1.779,0.105,0.180
159.4404,-2.000,932.244,935.954,-1.855,0.030,0.180
159.5406,-2.000,920.584,924.339,-1.878,0.009,0.180
159.6380,-2.000,908.775,912.545,-1.885,0.002,0.180
159.7437,-2.000,896.830,900.606,-1.888,0.001,0.180
159.8399,-2.000,884.768,888.548,-1.890,0.000,0.180
159.9379,-2.000,872.606,876.389,-1.892,0.000,0.180
160.0346,-3.000,857.447,863.934,-3.244,-1.000,0.180
160.1419,-3.000,846.014,851.077,-2.532,-0.286,0.180
160.2392,-4.000,831.071,838.432,-3.680,-1.082,0.180
160.3352,-4.000,819.707,825.528,-2.911,-0.309,0.180
160.4423,-4.000,807.701,813.086,-2.693,-0.088,0.180
160.5398,-4.000,795.461,800.725,-2.632,-0.025,0.180
160.6382,-4.000,783.111,788.345,-2.617,-0.007,0.180
160.7373,-5.000,767.782,775.713,-3.965,-1.002,0.180
160.8363,-6.000,753.291,762.499,-4.604,-1.286,0.180
160.9354,-6.000,742.020,749.399,-3.689,-0.368,0.180
161.0339,-7.000,727.101,736.664,-4.782,-1.105,0.180
161.1427,-7.000,715.722,723.717,-3.997,-0.316,0.180
161.2404,-8.000,700.784,711.039,-5.127,-1.090,0.180
161.3378,-10.000,683.589,697.700,-7.056,-2.311,0.180
161.4358,-10.000,673.346,684.169,-5.412,-0.660,0.180
161.5438,-10.000,661.797,671.691,-4.947,-0.189,0.180
161.6410,-12.000,643.982,659.023,-7.520,-2.054,0.180
161.7379,-11.000,633.487,642.909,-4.711,0.413,0.180
161.8370,-10.000,621.375,628.702,-3.663,1.118,0.180
161.9340,-10.000,608.975,617.912,-4.469,0.319,0.180
162.0417,-9.000,596.884,603.591,-3.353,1.091,0.180
162.1415,-9.000,584.464,592.742,-4.139,0.312,0.180
162.2405,-7.000,572.257,575.590,-1.667,2.089,0.180
162.3384,-4.000,559.105,557.328,0.888,3.597,0.180
162.4350,-4.000,558.504,561.871,-1.684,1.028,0.180
162.5341,-3.000,559.353,561.493,-1.070,1.294,0.180
162.6438,-2.000,560.038,561.329,-0.645,1.370,0.180
162.7406,-0.000,560.601,558.448,1.076,2.391,0.180
162.8372,2.000,560.489,556.350,2.070,2.683,0.180
162.9349,3.000,560.426,557.415,1.505,1.767,0.180
163.0329,4.000,560.882,557.690,1.596,1.505,0.180
163.1409,5.000,561.412,557.662,1.875,1.430,0.180
163.2380,7.000,561.689,554.572,3.558,2.409,0.180
163.3356,8.000,561.568,555.181,3.194,1.688,0.180
163.4334,9.000,561.866,555.178,3.344,1.482,0.180
163.5418,9.000,562.439,557.856,2.292,0.424,0.180
163.6420,10.000,563.315,556.623,3.346,1.121,0.180
163.7409,11.000,563.660,555.854,3.903,1.320,0.180
163.8391,12.000,563.836,555.199,4.318,1.377,0.180
163.9363,12.000,564.157,557.471,3.343,0.393,0.180
164.0358,12.000,564.986,558.845,3.070,0.112,0.180
164.1347,13.000,565.641,556.943,4.349,1.032,0.180
164.2349,13.000,565.883,558.641,3.621,0.295,0.180
164.3424,14.000,566.296,556.756,4.770,1.084,0.180
164.4410,14.000,566.407,558.396,4.006,0.310,0.180
164.5398,14.000,566.939,559.351,3.794,0.089,0.180
164.6376,14.000,567.517,560.036,3.741,0.025,0.180
164.7377,14.000,568.046,560.582,3.732,0.007,0.180
164.8336,15.000,568.298,558.123,5.088,1.002,0.180
164.9418,15.000,568.155,559.390,4.382,0.286,0.180
165.0388,15.000,568.439,560.062,4.188,0.082,0.180
165.1374,15.000,568.797,560.516,4.140,0.023,0.180
165.2345,15.000,569.136,560.868,4.134,0.007,0.180
165.3332,16.000,569.226,558.245,5.491,1.002,0.180
165.4417,16.000,568.945,559.373,4.786,0.286,0.180
165.5407,16.000,569.112,559.926,4.593,0.082,0.180
165.6379,16.000,569.370,560.279,4.546,0.023,0.180
165.7375,16.000,569.625,560.544,4.540,0.007,0.180
165.8356,17.000,569.643,557.848,5.897,1.002,0.180
165.9424,17.000,569.301,558.914,5.194,0.286,0.180
166.0414,17.000,569.416,559.414,5.001,0.082,0.180
166.1395,17.000,569.631,559.722,4.955,0.023,0.180
166.2384,17.000,569.849,559.949,4.950,0.007,0.180
166.3350,17.000,570.045,560.131,4.957,0.002,0.180
166.4335,17.000,570.216,560.281,4.967,0.001,0.180
166.5421,18.000,570.155,557.495,6.330,1.000,0.180
166.6396,18.000,569.743,558.487,5.628,0.286,0.180
166.7376,18.000,569.798,558.925,5.436,0.082,0.180
166.8346,18.000,569.962,559.180,5.391,0.023,0.180
166.9414,18.000,570.136,559.362,5.387,0.007,0.180
167.0386,18.000,570.295,559.506,5.394,0.002,0.180
167.1363,18.000,570.435,559.623,5.406,0.001,0.180
167.2348,17.000,567.766,559.631,4.067,-1.000,0.180
167.3327,17.000,568.861,559.274,4.793,-0.286,0.180
167.4411,17.000,569.390,559.372,5.009,-0.082,0.180
167.5385,17.000,569.727,559.568,5.079,-0.023,0.180
167.6374,16.000,567.192,559.677,3.757,-1.007,0.180
167.7368,16.000,568.390,559.415,4.488,-0.288,0.180
167.8374,15.000,566.215,559.508,3.353,-1.082,0.180
167.9358,15.000,567.613,559.339,4.137,-0.309,0.180
168.0362,15.000,568.366,559.630,4.368,-0.088,0.180
168.1365,14.000,566.093,559.911,3.091,-1.025,0.180
168.2344,14.000,567.489,559.822,3.833,-0.293,0.180
168.3323,13.000,565.473,560.069,2.702,-1.084,0.180
168.4434,13.000,567.004,560.034,3.485,-0.310,0.180
168.5316,13.000,567.870,560.440,3.715,-0.088,0.180
168.6391,12.000,565.692,560.819,2.437,-1.025,0.180
168.7368,12.000,567.168,560.813,3.177,-0.293,0.180
168.8358,12.000,568.011,561.221,3.395,-0.084,0.180
168.9342,11.000,565.820,561.595,2.113,-1.024,0.180
169.0320,11.000,567.287,561.583,2.852,-0.293,0.180
169.1409,10.000,565.331,561.896,1.718,-1.084,0.180
169.2377,10.000,566.914,561.917,2.499,-0.310,0.180
169.3360,9.000,565.033,562.281,1.376,-1.088,0.180
169.4353,8.000,563.881,562.263,0.809,-1.311,0.180
169.5345,8.000,565.826,562.324,1.751,-0.375,0.180
169.6339,7.000,564.161,562.814,0.674,-1.107,0.180
169.7320,6.000,563.166,562.930,0.118,-1.316,0.180
169.8381,5.000,562.447,563.022,-0.288,-1.376,0.180
169.9382,4.000,561.876,563.180,-0.652,-1.393,0.180
170.0382,4.000,564.198,563.507,0.346,-0.398,0.180
170.1383,3.000,562.821,564.256,-0.718,-1.114,0.180
170.2359,3.000,564.851,564.692,0.080,-0.318,0.180
170.3369,2.000,563.338,565.421,-1.041,-1.091,0.180
170.4333,1.000,562.495,565.718,-1.612,-1.312,0.180
170.5323,1.000,564.700,566.048,-0.674,-0.375,0.180
170.6415,-0.000,563.255,566.768,-1.756,-1.107,0.180
170.7329,-1.000,562.328,566.960,-2.316,-1.316,0.180
170.8314,-2.000,561.544,566.998,-2.727,-1.376,0.180
170.9385,-2.000,563.708,567.200,-1.746,-0.393,0.180
171.0342,-2.000,564.993,567.926,-1.466,-0.112,0.180
171.1322,-3.000,563.016,568.493,-2.738,-1.032,0.180
171.2396,-4.000,561.741,568.449,-3.354,-1.295,0.180
171.3376,-4.000,563.603,568.466,-2.432,-0.370,0.180
171.4359,-5.000,561.752,568.794,-3.521,-1.106,0.180
171.5328,-5.000,563.391,568.861,-2.735,-0.316,0.180
171.6324,-6.000,561.427,569.154,-3.863,-1.090,0.180
171.7314,-7.000,560.081,568.960,-4.439,-1.312,0.180
171.8393,-7.000,561.859,568.874,-3.507,-0.375,0.180
171.9303,-8.000,559.930,569.121,-4.595,-1.107,0.180
172.0301,-8.000,561.500,569.120,-3.810,-0.316,0.180
172.1406,-9.000,559.477,569.358,-4.941,-1.090,0.180
172.2408,-9.000,560.990,569.327,-4.168,-0.312,0.180
172.3393,-9.000,561.837,569.740,-3.952,-0.089,0.180
172.4402,-10.000,559.519,570.009,-5.245,-1.025,0.180
172.5371,-10.000,560.873,569.913,-4.520,-0.293,0.180
172.6340,-10.000,561.610,570.245,-4.318,-0.084,0.180
172.7301,-11.000,559.207,570.438,-5.615,-1.024,0.180
172.8396,-11.000,560.491,570.275,-4.892,-0.293,0.180
172.9365,-11.000,561.169,570.550,-4.691,-0.084,0.180
173.0344,-11.000,561.625,570.903,-4.639,-0.024,0.180
173.1322,-11.000,561.979,571.237,-4.629,-0.007,0.180
173.2312,-12.000,559.358,571.323,-5.983,-1.002,0.180
173.3307,-12.000,560.488,571.039,-5.275,-0.286,0.180
173.4380,-12.000,561.043,571.202,-5.079,-0.082,0.180
173.5368,-12.000,561.399,571.457,-5.029,-0.023,0.180
173.6359,-13.000,558.756,571.499,-6.372,-1.007,0.180
173.7358,-12.000,559.771,568.393,-4.311,0.712,0.180
173.8332,-13.000,556.954,569.313,-6.179,-0.796,0.180
173.9334,-12.000,558.119,566.656,-4.269,0.772,0.180
174.0315,-13.000,555.514,567.872,-6.179,-0.779,0.180
174.1314,-12.000,556.882,565.444,-4.281,0.777,0.180
174.2407,-12.000,557.367,567.057,-4.845,0.222,0.180
174.3408,-12.000,558.092,568.116,-5.012,0.063,0.180
174.4400,-11.000,558.707,566.137,-3.715,1.018,0.180
174.5384,-11.000,558.893,567.792,-4.450,0.291,0.180
174.6366,-11.000,559.460,568.790,-4.665,0.083,0.180
174.7339,-12.000,557.147,569.313,-6.083,-0.976,0.180
174.8311,-12.000,558.575,569.363,-5.394,-0.279,0.180
174.9304,-12.000,559.394,569.801,-5.203,-0.080,0.180
175.0303,-12.000,559.977,570.286,-5.155,-0.023,0.180
175.1377,-12.000,560.439,570.733,-5.147,-0.007,0.180
175.2354,-12.000,560.821,571.122,-5.151,-0.002,0.180
175.3340,-13.000,558.231,571.248,-6.508,-1.001,0.180
175.4304,-13.000,559.390,570.995,-5.803,-0.286,0.180
175.5295,-13.000,559.969,571.185,-5.608,-0.082,0.180
175.6379,-13.000,560.346,571.463,-5.559,-0.023,0.180
175.7343,-12.000,560.542,568.943,-4.200,0.993,0.180
175.8312,-13.000,557.426,569.964,-6.269,-0.716,0.180
175.9297,-13.000,558.538,570.071,-5.766,-0.205,0.180
176.0385,-13.000,559.193,570.452,-5.629,-0.058,0.180
176.1376,-12.000,559.577,568.069,-4.246,0.983,0.180
176.2355,-12.000,559.516,569.430,-4.957,0.281,0.180
176.3339,-12.000,559.860,570.192,-5.166,0.080,0.180
176.4318,-13.000,557.354,570.518,-6.582,-0.977,0.180
176.5395,-13.000,558.616,570.403,-5.893,-0.279,0.180
176.6375,-13.000,559.293,570.700,-5.703,-0.080,0.180
176.7358,-13.000,559.756,571.066,-5.655,-0.023,0.180
176.8322,-13.000,560.115,571.411,-5.648,-0.007,0.180
176.9292,-13.000,560.410,571.715,-5.653,-0.002,0.180
177.0371,-12.000,560.567,569.186,-4.310,0.999,0.180
177.1322,-12.000,560.337,570.401,-5.032,0.286,0.180
177.2291,-10.000,560.364,565.450,-2.543,2.082,0.180
177.3385,-9.000,559.689,565.061,-2.686,1.595,0.180
177.4380,-6.000,559.323,558.882,0.221,3.456,0.180
177.5375,-5.000,558.480,560.282,-0.901,1.987,0.180
177.6352,-4.000,558.704,560.651,-0.973,1.568,0.180
177.7325,-5.000,556.423,563.316,-3.447,-0.552,0.180
177.8299,-5.000,558.477,564.589,-3.056,-0.158,0.180
177.9378,-4.000,559.911,563.103,-1.596,0.955,0.180
182.0310,-3.000,-88.519,118.201,-103.360,-94.957,0.320
182.1296,-3.000,1.644,57.672,-28.014,-19.594,0.320
182.2289,-3.000,32.159,57.120,-12.480,-4.043,0.320
182.3279,-3.000,50.473,69.049,-9.288,-0.834,0.320
182.4378,-3.000,66.359,83.644,-8.643,-0.172,0.320
182.5349,-3.000,81.821,98.866,-8.523,-0.036,0.320
182.6323,-3.000,97.260,114.283,-8.511,-0.007,0.320
182.7286,-3.000,112.750,129.795,-8.522,-0.002,0.320
182.8369,-4.000,112.017,157.815,-22.899,-11.556,0.320
182.9382,-4.000,136.650,164.150,-13.750,-2.385,0.320
183.0379,-4.000,154.068,177.829,-11.880,-0.492,0.320
183.1338,-4.000,170.040,193.065,-11.512,-0.102,0.320
183.2310,-3.000,199.030,193.216,2.907,11.535,0.320
183.3283,-4.000,189.850,231.100,-20.625,-9.175,0.320
183.4275,-4.000,213.197,239.928,-13.365,-1.893,0.320
183.5353,-3.000,244.019,239.067,2.476,11.165,0.320
183.6327,-4.000,235.481,277.007,-20.763,-9.252,0.320
183.7319,-3.000,272.466,270.629,0.918,9.646,0.320
183.8286,-3.000,281.689,295.197,-6.754,1.991,0.320
183.9285,-4.000,280.559,325.983,-22.712,-11.145,0.320
184.0275,-3.000,319.154,318.211,0.472,9.256,0.320
184.1285,-3.000,328.779,342.561,-6.891,1.910,0.320
184.2373,-3.000,344.072,360.919,-8.424,0.394,0.320
184.3370,-3.000,360.432,377.939,-8.753,0.081,0.320
184.4361,-3.000,376.924,394.594,-8.835,0.017,0.320
184.5355,-3.000,393.369,411.098,-8.865,0.003,0.320
184.6322,-3.000,409.740,427.509,-8.884,0.001,0.320
184.7390,-3.000,426.043,443.846,-8.902,0.000,0.320
184.8372,-2.000,455.566,444.681,5.443,11.556,0.320
184.9340,-3.000,446.892,483.094,-18.101,-9.171,0.320
185.0320,-3.000,470.680,492.358,-10.839,-1.892,0.320
185.1296,-3.000,488.600,507.308,-9.354,-0.391,0.320
185.2365,-3.000,505.250,523.372,-9.061,-0.081,0.320
185.3360,-2.000,534.869,524.174,5.348,11.539,0.320
185.4347,-2.000,542.516,550.159,-3.822,2.381,0.320
185.5311,-3.000,541.015,581.183,-20.084,-11.064,0.320
185.6296,-2.000,579.495,573.412,3.042,9.272,0.320
185.7277,-2.000,589.064,597.720,-4.328,1.913,0.320
185.8355,-2.000,604.319,616.035,-5.858,0.395,0.320
185.9324,-2.000,620.649,633.014,-6.183,0.081,0.320
186.0330,-2.000,637.117,649.634,-6.259,0.017,0.320
186.1304,-2.000,653.542,666.108,-6.283,0.003,0.320
186.2371,-2.000,669.898,682.492,-6.297,0.001,0.320
186.3357,-2.000,686.187,698.805,-6.309,0.000,0.320
186.4342,-2.000,702.419,715.060,-6.320,0.000,0.320
186.5320,-2.000,718.602,731.265,-6.331,0.000,0.320
186.6297,-2.000,734.744,747.429,-6.343,0.000,0.320
186.7312,-2.000,750.849,763.557,-6.354,0.000,0.320
186.8289,-2.000,766.925,779.655,-6.365,0.000,0.320
186.9275,-3.000,766.693,808.168,-20.737,-11.556,0.320
187.0273,-4.000,775.474,827.362,-25.944,-13.940,0.320
187.1262,-4.000,802.291,832.097,-14.903,-2.877,0.320
187.2333,-5.000,804.068,858.075,-27.004,-12.149,0.320
187.3316,-5.000,829.365,864.144,-17.390,-2.507,0.320
187.4281,-5.000,847.045,877.901,-15.428,-0.517,0.320
187.5265,-7.000,830.613,918.148,-43.768,-23.218,0.320
187.6357,-7.000,864.509,915.269,-25.380,-4.791,0.320
187.7331,-8.000,867.561,939.517,-35.978,-12.544,0.320
187.8307,-9.000,876.680,957.537,-40.428,-14.144,0.320
187.9299,-10.000,886.996,974.224,-43.614,-14.474,0.320
188.0266,-11.000,897.509,990.597,-46.544,-14.542,0.320
188.1370,-12.000,908.023,1006.873,-49.425,-14.556,0.320
188.2353,-13.000,918.499,1023.101,-52.301,-14.559,0.320
188.3323,-14.000,928.937,1039.297,-55.180,-14.560,0.320
188.4310,-15.000,923.425,1039.553,-58.064,-14.560,0.320
188.5281,-16.000,917.880,1039.788,-60.954,-14.560,0.320
188.6266,-17.000,912.309,1040.007,-63.849,-14.560,0.320
188.7355,-18.000,906.713,1040.213,-66.750,-14.560,0.320
188.8353,-18.000,917.378,1027.968,-55.295,-3.004,0.320
188.9342,-18.000,918.989,1025.012,-53.011,-0.620,0.320
189.0341,-18.000,918.809,1024.049,-52.620,-0.128,0.320
189.1316,-19.000,902.043,1036.004,-66.981,-11.582,0.320
189.2275,-19.000,910.584,1026.374,-57.895,-2.390,0.320
189.3272,-19.000,911.912,1024.121,-56.105,-0.493,0.320
189.4362,-18.000,925.084,1008.001,-41.458,11.454,0.320
189.5337,-18.000,916.141,1017.440,-50.649,2.363,0.320
189.6319,-18.000,914.374,1019.626,-52.626,0.488,0.320
189.7299,-18.000,914.065,1020.293,-53.114,0.101,0.320
189.8287,-18.000,914.037,1020.626,-53.295,0.021,0.320
189.9267,-17.000,927.330,1005.431,-39.051,11.560,0.320
190.0294,-17.000,918.752,1015.393,-48.320,2.385,0.320
190.1295,-17.000,917.352,1017.969,-50.309,0.492,0.320
190.2274,-17.000,917.366,1018.955,-50.795,0.102,0.320
190.3260,-18.000,901.333,1031.997,-65.332,-11.535,0.320
190.4353,-17.000,923.897,1007.731,-41.917,9.175,0.320
190.5310,-16.000,930.578,1000.444,-34.933,13.449,0.320
190.6270,-16.000,921.057,1012.449,-45.696,2.775,0.320
190.7259,-15.000,933.102,1000.356,-33.627,12.128,0.320
190.8255,-14.000,938.153,996.104,-28.976,14.058,0.320
190.9342,-13.000,942.038,993.738,-25.850,14.456,0.320
191.0327,-13.000,932.637,1007.430,-37.396,2.983,0.320
191.1330,-12.000,945.302,996.253,-25.475,12.171,0.320
191.2314,-11.000,950.989,992.671,-20.841,14.067,0.320
191.3285,-11.000,942.157,1006.291,-32.067,2.903,0.320
191.4265,-10.000,955.108,995.251,-20.071,12.155,0.320
191.5254,-9.000,960.999,991.824,-15.413,14.064,0.320
191.6358,-8.000,965.615,990.142,-12.263,14.458,0.320
191.7344,-8.000,956.843,1004.408,-23.782,2.983,0.320
191.8315,-6.000,983.328,978.273,2.527,23.727,0.320
191.9295,-6.000,967.612,1000.286,-16.337,4.896,0.320
192.0279,-6.000,966.370,1006.882,-20.256,1.010,0.320
192.1264,-6.000,967.809,1009.993,-21.092,0.208,0.320
192.2252,-5.000,982.825,996.684,-6.930,11.599,0.320
192.3329,-5.000,975.818,1008.143,-16.163,2.393,0.320
192.4302,-5.000,975.782,1011.962,-18.090,0.494,0.320
192.5286,-4.000,990.251,998.549,-4.149,11.657,0.320
192.6285,-4.000,982.926,1009.772,-13.423,2.406,0.320
192.7250,-4.000,982.651,1013.361,-15.355,0.496,0.320
192.8355,-4.000,983.642,1015.185,-15.771,0.102,0.320
192.9345,-3.000,998.017,1001.044,-1.514,11.577,0.320
193.0334,-3.000,990.411,1011.848,-10.719,2.389,0.320
193.1314,-2.000,1003.139,999.679,1.730,12.048,0.320
193.2279,-2.000,995.303,1010.990,-7.844,2.486,0.320
193.3266,-1.000,1008.077,999.010,4.533,12.069,0.320
193.4257,-0.000,1013.611,994.990,9.311,14.046,0.320
193.5339,1.000,1017.049,992.000,12.524,14.454,0.320
193.6247,1.000,1007.273,1005.156,1.058,2.983,0.320
193.7240,2.000,1018.789,992.673,13.058,12.171,0.320
193.8323,3.000,1022.671,987.130,17.771,14.067,0.320
193.9330,3.000,1012.318,999.071,6.623,2.903,0.320
194.0329,4.000,1023.147,985.752,18.698,12.155,0.320
194.1303,5.000,1026.405,979.536,23.435,14.064,0.320
194.2294,5.000,1015.515,990.913,12.301,2.902,0.320
194.3275,6.000,1025.888,977.114,24.387,12.154,0.320
194.4244,6.000,1016.319,986.770,14.774,2.508,0.320
194.5341,7.000,1026.840,972.483,27.179,12.073,0.320
194.6316,7.000,1017.197,981.925,17.636,2.491,0.320
194.7317,7.000,1015.174,983.778,15.698,0.514,0.320
194.8304,8.000,1027.174,967.793,29.690,11.662,0.320
194.9286,8.000,1017.770,976.810,20.480,2.406,0.320
195.0268,8.000,1015.740,978.510,18.615,0.497,0.320
195.1258,8.000,1015.251,978.720,18.266,0.102,0.320
195.2361,8.000,1015.095,978.637,18.229,0.021,0.320
195.3321,9.000,1027.463,962.227,32.618,11.560,0.320
195.4294,9.000,1018.121,971.133,23.494,2.385,0.320
195.5260,9.000,1016.093,972.791,21.651,0.492,0.320
195.6250,8.000,1000.155,986.255,6.950,-11.454,0.320
195.7234,8.000,1009.738,977.568,16.085,-2.364,0.320
195.8315,8.000,1012.040,976.028,18.006,-0.488,0.320
195.9290,8.000,1012.795,975.920,18.438,-0.101,0.320
196.0276,7.000,997.754,989.352,4.201,-11.576,0.320
196.1245,7.000,1007.797,980.941,13.428,-2.389,0.320
196.2233,6.000,994.984,992.981,1.002,-12.048,0.320
196.3315,5.000,990.310,997.837,-3.764,-14.042,0.320
196.4277,4.000,987.619,1001.524,-6.952,-14.453,0.320
196.5271,4.000,1001.035,991.954,4.541,-2.982,0.320
196.6248,4.000,1005.059,991.199,6.930,-0.615,0.320
196.7255,4.000,1006.960,992.078,7.441,-0.127,0.320
196.8239,4.000,1008.264,993.136,7.564,-0.026,0.320
196.9323,3.000,993.870,1007.378,-6.754,-11.561,0.320
197.0280,3.000,1004.497,999.621,2.438,-2.386,0.320
197.1256,3.000,1007.628,998.931,4.348,-0.492,0.320
197.2243,2.000,993.631,1012.841,-9.605,-11.657,0.320
197.3310,2.000,1004.357,1005.042,-0.342,-2.405,0.320
197.4294,1.000,992.080,1017.647,-12.783,-12.052,0.320
197.5282,1.000,1003.290,1009.716,-3.213,-2.487,0.320
197.6262,1.000,1006.663,1009.130,-1.233,-0.513,0.320
197.7245,-0.000,992.819,1023.182,-15.182,-11.661,0.320
197.8235,-0.000,1003.663,1015.516,-5.926,-2.406,0.320
197.9297,-0.000,1006.923,1014.957,-4.017,-0.497,0.320
198.0288,-0.000,1008.465,1015.710,-3.623,-0.102,0.320
198.1281,-1.000,993.241,1029.046,-17.902,-11.577,0.320
198.2269,-2.000,986.840,1033.002,-23.081,-13.944,0.320
198.3259,-2.000,998.356,1022.407,-12.026,-2.877,0.320
198.4324,-3.000,984.739,1032.968,-24.114,-12.149,0.320
198.5320,-4.000,949.239,1034.158,-22.857,-9.126,0.180
198.6301,-5.000,913.630,1035.230,-24.847,-8.490,0.180
198.7278,-5.000,891.153,1026.575,-18.170,-1.787,0.180
198.8242,-6.000,854.709,1028.183,-25.959,-6.945,0.180
198.9327,-7.000,824.253,1023.653,-29.681,-8.030,0.180
199.0297,-8.000,796.283,1016.511,-32.551,-8.259,0.180
199.1269,-8.000,780.850,1000.323,-26.073,-1.739,0.180
199.2232,-9.000,750.507,995.415,-33.915,-6.934,0.180
199.3223,-10.000,725.259,985.323,-37.661,-8.028,0.180
199.4292,-11.000,701.719,973.451,-40.549,-8.259,0.180
199.5268,-11.000,690.051,953.244,-34.086,-1.739,0.180
199.6250,-12.000,662.905,944.921,-41.944,-6.934,0.180
199.7322,-14.000,629.400,939.303,-54.879,-14.597,0.180
199.8286,-15.000,613.316,919.758,-52.602,-9.641,0.180
199.9268,-17.000,582.719,911.095,-63.415,-15.167,0.180
200.0249,-19.000,556.766,897.704,-69.877,-16.330,0.180
200.1227,-20.000,543.045,875.606,-66.154,-10.006,0.180
200.2309,-22.000,513.604,865.627,-76.591,-15.243,0.180
200.3268,-24.000,488.472,851.278,-82.894,-16.346,0.180
200.4248,-27.000,453.390,843.225,-97.494,-23.147,0.180
200.5242,-28.000,445.710,814.867,-88.389,-11.441,0.180
200.6227,-30.000,417.962,803.007,-97.693,-15.546,0.180
200.7330,-31.000,404.514,780.415,-94.589,-9.841,0.180
200.8321,-33.000,375.700,769.619,-105.156,-15.209,0.180
200.9298,-34.000,362.153,747.124,-102.318,-9.770,0.180
201.0268,-36.000,333.425,736.240,-112.941,-15.194,0.180
201.1245,-37.000,319.987,713.634,-110.115,-9.767,0.180
201.2238,-38.000,302.329,695.280,-111.572,-8.625,0.180
201.3311,-39.000,299.426,694.029,-113.932,-8.384,0.180
201.4313,-40.000,296.116,693.209,-116.481,-8.334,0.180
201.5302,-41.000,292.579,692.634,-119.070,-8.323,0.180
201.6283,-41.000,299.845,684.874,-112.500,-1.752,0.180
201.7269,-42.000,290.850,689.848,-120.285,-6.937,0.180
201.8268,-43.000,285.831,690.850,-123.976,-8.029,0.180
201.9245,-44.000,281.572,691.094,-126.806,-8.259,0.180
202.0222,-45.000,277.410,691.244,-129.455,-8.307,0.180
202.1314,-45.000,284.181,684.063,-122.896,-1.749,0.180
202.2278,-46.000,274.774,689.521,-130.684,-6.937,0.180
202.3244,-47.000,269.405,690.932,-134.376,-8.029,0.180
202.4227,-47.000,275.819,684.155,-128.038,-1.690,0.180
202.5217,-48.000,266.249,689.817,-135.872,-6.924,0.180
202.6319,-48.000,271.740,684.004,-130.405,-1.458,0.180
202.7281,-49.000,261.943,689.927,-138.423,-6.875,0.180
202.8276,-49.000,267.358,684.218,-132.995,-1.447,0.180
202.9239,-49.000,268.490,682.837,-131.852,-0.305,0.180
203.0322,-49.000,268.722,682.394,-131.612,-0.064,0.180
203.1330,-50.000,257.797,689.539,-140.729,-6.582,0.180
203.2291,-50.000,262.956,684.167,-135.533,-1.386,0.180
203.3261,-50.000,264.019,682.923,-134.439,-0.292,0.180
203.4244,-50.000,264.223,682.565,-134.209,-0.061,0.180
203.5216,-50.000,264.249,682.408,-134.160,-0.013,0.180
203.6309,-50.000,264.240,682.306,-134.150,-0.003,0.180
203.7281,-51.000,253.258,689.594,-143.317,-6.569,0.180
203.8247,-51.000,258.400,684.311,-138.130,-1.383,0.180
203.9245,-51.000,259.455,683.137,-137.039,-0.291,0.180
204.0221,-51.000,259.653,682.838,-136.809,-0.061,0.180
204.1223,-51.000,259.675,682.730,-136.760,-0.013,0.180
204.2305,-51.000,259.662,682.670,-136.750,-0.003,0.180
204.3293,-51.000,259.645,682.625,-136.748,-0.001,0.180
204.4264,-51.000,259.629,682.588,-136.748,-0.000,0.180
204.5249,-51.000,259.615,682.557,-136.748,-0.000,0.180
204.6224,-50.000,267.571,672.162,-127.579,6.568,0.180
204.7310,-50.000,262.855,677.805,-132.765,1.383,0.180
204.8290,-50.000,262.163,679.286,-133.856,0.291,0.180
204.9299,-50.000,262.273,679.846,-134.086,0.061,0.180
205.0270,-49.000,270.481,669.807,-124.966,6.581,0.180
205.1241,-49.000,266.011,675.722,-130.162,1.386,0.180
205.2251,-48.000,273.502,667.059,-122.087,6.860,0.180
205.3240,-48.000,269.090,673.474,-127.503,1.444,0.180
205.4245,-47.000,276.772,665.095,-119.475,6.872,0.180
205.5230,-47.000,272.551,671.723,-124.901,1.447,0.180
205.6207,-46.000,280.402,663.518,-116.875,6.873,0.180
205.7274,-45.000,284.295,659.925,-113.132,8.015,0.180
205.8266,-45.000,279.596,667.879,-119.460,1.687,0.180
205.9242,-44.000,287.616,660.225,-111.624,6.924,0.180
206.0211,-43.000,291.775,656.977,-107.921,8.026,0.180
206.1285,-42.000,295.295,654.832,-105.089,8.258,0.180
206.2266,-42.000,290.860,663.435,-111.609,1.739,0.180
206.3249,-41.000,299.228,656.210,-103.813,6.934,0.180
206.4203,-40.000,303.708,653.302,-100.119,8.028,0.180
206.5214,-39.000,307.507,651.439,-97.289,8.259,0.180
206.6286,-38.000,311.278,649.913,-94.640,8.307,0.180
206.7292,-37.000,315.143,648.557,-92.030,8.317,0.180
206.8280,-36.000,319.112,647.321,-89.428,8.319,0.180
206.9282,-35.000,323.174,646.182,-86.828,8.320,0.180
207.0263,-34.000,327.316,645.124,-84.228,8.320,0.180
207.1230,-33.000,331.527,644.134,-81.628,8.320,0.180
207.2213,-32.000,335.796,643.203,-79.028,8.320,0.180
207.3299,-31.000,340.115,642.322,-76.428,8.320,0.180
207.4264,-29.000,352.444,631.115,-64.659,14.888,0.180
207.5252,-28.000,352.136,635.977,-67.245,9.703,0.180
207.6217,-26.000,363.848,626.335,-56.568,15.180,0.180
207.7292,-25.000,363.712,631.831,-59.383,9.764,0.180
207.8259,-23.000,375.719,622.580,-48.755,15.192,0.180
207.9238,-21.000,383.833,618.009,-42.412,16.335,0.180
208.0228,-19.000,391.280,614.773,-37.070,16.576,0.180
208.1202,-17.000,398.832,612.000,-31.908,16.626,0.180
208.2291,-16.000,398.623,619.872,-35.949,10.069,0.180
208.3277,-14.000,411.294,611.914,-25.634,15.257,0.180
208.4246,-11.000,428.101,597.914,-10.231,22.917,0.180
208.5224,-10.000,423.617,611.382,-19.207,11.393,0.180
208.6300,-7.000,443.811,594.627,-0.733,22.104,0.180
208.7269,-6.000,440.258,607.701,-9.046,11.222,0.180
208.8282,-4.000,452.862,601.391,0.411,15.499,0.180
208.9240,-3.000,454.253,608.949,-2.672,9.831,0.180
209.0218,-2.000,459.753,611.656,-1.276,8.638,0.180
209.1304,-1.000,465.885,613.101,1.067,8.387,0.180
209.2288,-1.000,463.978,624.447,-5.559,1.766,0.180
209.3272,-0.000,474.564,619.485,2.215,6.940,0.180
209.4256,1.000,480.349,617.880,5.910,8.030,0.180
209.5243,1.000,477.292,627.491,-0.424,1.690,0.180
209.6216,1.000,478.747,631.605,-1.753,0.356,0.180
209.7201,2.000,488.213,623.274,7.145,6.643,0.180
209.8263,2.000,484.960,630.491,1.910,1.399,0.180
209.9246,2.000,485.552,633.270,0.817,0.294,0.180
210.0209,2.000,486.762,634.924,0.594,0.062,0.180
210.1293,2.000,487.940,636.180,0.556,0.013,0.180
210.2209,2.000,488.975,637.214,0.556,0.003,0.180
210.3295,2.000,489.863,638.086,0.564,0.001,0.180
210.4269,3.000,497.994,627.850,9.748,6.569,0.180
210.5257,4.000,500.803,622.652,13.751,7.951,0.180
210.6221,4.000,495.031,629.393,7.495,1.674,0.180
210.7290,4.000,494.142,631.105,6.194,0.352,0.180
210.8251,4.000,494.235,631.713,5.937,0.074,0.180
210.9216,4.000,494.495,632.048,5.899,0.016,0.180
211.0206,4.000,494.757,632.293,5.907,0.003,0.180
211.1199,5.000,502.363,621.516,15.099,6.569,0.180
211.2265,5.000,497.356,626.829,9.939,1.383,0.180
211.3249,4.000,486.046,635.998,-0.300,-6.277,0.180
211.4235,4.000,491.613,631.612,4.676,-1.322,0.180
211.5207,4.000,493.179,631.050,5.740,-0.278,0.180
211.6189,4.000,493.846,631.236,5.981,-0.059,0.180
211.7192,4.000,494.276,631.532,6.048,-0.012,0.180
211.8305,3.000,484.241,639.783,-3.095,-6.571,0.180
211.9287,3.000,490.186,635.322,2.108,-1.383,0.180
212.0272,2.000,481.551,642.818,-5.958,-6.860,0.180
212.1258,2.000,487.993,638.408,-0.532,-1.444,0.180
212.2233,1.000,479.634,646.095,-8.555,-6.872,0.180
212.3214,1.000,486.278,641.878,-3.124,-1.447,0.180
212.4290,1.000,488.458,641.763,-1.977,-0.305,0.180
212.5260,1.000,489.581,642.394,-1.731,-0.064,0.180
212.6218,1.000,490.382,643.084,-1.675,-0.014,0.180
212.7291,-0.000,480.658,651.676,-10.833,-6.571,0.180
212.8278,-0.000,486.865,647.507,-5.645,-1.383,0.180
212.9244,-1.000,477.849,654.654,-13.727,-6.860,0.180
213.0220,-2.000,472.992,657.323,-17.490,-8.013,0.180
213.1210,-2.000,479.877,651.578,-11.175,-1.687,0.180
213.2207,-2.000,481.683,650.741,-9.853,-0.355,0.180
213.3298,-3.000,471.391,658.257,-18.757,-6.643,0.180
213.4285,-3.000,476.941,653.348,-13.528,-1.399,0.180
213.5263,-3.000,478.301,652.531,-12.440,-0.294,0.180
213.6240,-3.000,478.749,652.546,-12.223,-0.062,0.180
213.7225,-3.000,478.979,652.709,-12.189,-0.013,0.180
213.8217,-3.000,479.141,652.882,-12.195,-0.003,0.180
213.9206,-3.000,479.270,653.037,-12.208,-0.001,0.180
214.0215,-3.000,479.375,653.173,-12.223,-0.000,0.180
214.1194,-3.000,479.462,653.291,-12.239,-0.000,0.180
214.2180,-3.000,479.534,653.394,-12.254,-0.000,0.180
214.3265,-3.000,479.593,653.484,-12.270,-0.000,0.180
214.4276,-2.000,487.614,643.189,-3.112,6.568,0.180
214.5231,-2.000,482.951,648.918,-8.308,1.383,0.180
214.6226,-2.000,482.303,650.474,-9.410,0.291,0.180
214.7188,-2.000,482.448,651.100,-9.650,0.061,0.180
214.8265,-2.000,482.717,651.486,-9.709,0.013,0.180
214.9215,-2.000,482.975,651.785,-9.730,0.003,0.180
215.0221,-2.000,483.199,652.034,-9.742,0.001,0.180
215.1206,-2.000,483.389,652.247,-9.753,0.000,0.180
215.2202,-2.000,483.550,652.428,-9.763,0.000,0.180
215.3271,-2.000,483.685,652.584,-9.774,0.000,0.180
215.4254,-2.000,483.798,652.718,-9.784,0.000,0.180
215.5219,-3.000,472.919,660.207,-18.968,-6.568,0.180
215.6184,-3.000,478.148,655.096,-13.798,-1.383,0.180
215.7281,-3.000,479.275,654.071,-12.722,-0.291,0.180
215.8267,-3.000,479.532,653.899,-12.508,-0.061,0.180
215.9251,-3.000,479.601,653.903,-12.475,-0.013,0.180
216.0243,-3.000,479.627,653.939,-12.481,-0.003,0.180
216.1222,-3.000,479.640,653.979,-12.494,-0.001,0.180
216.2198,-2.000,487.620,643.643,-3.336,6.568,0.180
216.3176,-2.000,482.923,649.338,-8.532,1.383,0.180
216.4273,-2.000,482.246,650.864,-9.634,0.291,0.180
216.5245,-1.000,490.339,641.091,-0.700,6.630,0.180
216.6248,-1.000,485.887,647.117,-5.939,1.396,0.180
216.7229,-1.000,485.448,648.892,-7.046,0.294,0.180
216.8219,-1.000,485.779,649.698,-7.284,0.062,0.180
216.9192,-1.000,486.208,650.235,-7.338,0.013,0.180
217.0277,-0.000,494.577,640.287,1.820,6.571,0.180
217.1252,-0.000,490.218,646.304,-3.367,1.383,0.180
217.2238,-0.000,489.830,648.101,-4.459,0.291,0.180
217.3218,-0.000,490.199,648.929,-4.689,0.061,0.180
217.4205,1.000,498.034,638.513,4.436,6.581,0.180
217.5183,1.000,493.246,644.107,-0.755,1.386,0.180
217.6282,1.000,492.500,645.538,-1.843,0.292,0.180
217.7257,2.000,499.939,635.080,7.105,6.630,0.180
217.8256,2.000,494.933,640.521,1.881,1.396,0.180
217.9227,3.000,501.400,630.824,9.964,6.862,0.180
218.0209,3.000,496.125,636.353,4.562,1.445,0.180
218.1213,3.000,495.108,637.585,3.437,0.304,0.180
218.2185,3.000,494.975,637.902,3.212,0.064,0.180
218.3257,3.000,495.018,638.015,3.177,0.013,0.180
218.4253,3.000,495.089,638.076,3.182,0.003,0.180
218.5247,3.000,495.159,638.119,3.195,0.001,0.180
218.6231,3.000,495.222,638.152,3.211,0.000,0.180
218.7229,3.000,495.278,638.177,3.226,0.000,0.180
218.8209,4.000,502.702,627.222,12.415,6.568,0.180
218.9190,4.000,497.537,632.387,7.251,1.383,0.180
219.0186,4.000,496.465,633.457,6.180,0.291,0.180
219.1257,3.000,485.882,641.639,-3.203,-6.507,0.180
219.2246,3.000,491.514,636.966,1.950,-1.370,0.180
219.3212,3.000,493.019,636.277,3.047,-0.288,0.180
219.4204,3.000,493.609,636.380,3.290,-0.061,0.180
219.5178,4.000,501.341,625.637,12.527,6.556,0.180
219.6263,4.000,496.407,631.012,7.373,1.380,0.180
219.7239,5.000,502.899,621.295,15.477,6.859,0.180
219.8217,5.000,497.639,626.813,10.088,1.444,0.180
219.9195,5.000,496.635,628.037,8.974,0.304,0.180
220.0177,6.000,503.888,617.371,17.934,6.632,0.180
220.1258,6.000,498.732,622.625,12.729,1.396,0.180
220.2248,6.000,497.703,623.738,11.658,0.294,0.180
220.3255,5.000,487.164,631.948,2.284,-6.507,0.180
220.4216,5.000,492.837,627.296,7.446,-1.370,0.180
220.5195,4.000,484.005,634.596,-0.620,-6.857,0.180
220.6264,3.000,479.914,637.984,-4.359,-8.012,0.180
220.7266,3.000,487.456,632.845,1.981,-1.687,0.180
220.8242,2.000,479.451,640.492,-5.845,-6.924,0.180
220.9214,1.000,475.902,644.337,-9.542,-8.026,0.180
221.0193,-0.000,473.495,647.595,-12.374,-8.258,0.180
221.1200,-0.000,481.877,642.938,-5.855,-1.739,0.180
221.2266,-0.000,484.832,643.148,-4.482,-0.366,0.180
221.3245,-1.000,475.493,651.578,-13.367,-6.645,0.180
221.4224,-1.000,481.847,647.450,-8.126,-1.399,0.180
221.5186,-1.000,483.893,647.297,-7.026,-0.295,0.180
221.6165,-1.000,484.925,647.874,-6.799,-0.062,0.180
221.7249,-1.000,485.652,648.514,-6.755,-0.013,0.180
221.8169,-2.000,475.265,656.464,-15.924,-6.571,0.180
221.9261,-1.000,488.880,641.377,-1.573,5.185,0.180
222.0206,-1.000,485.656,646.350,-5.672,1.092,0.180
222.1187,-1.000,485.532,647.960,-6.539,0.230,0.180
222.2157,-1.000,485.977,648.779,-6.725,0.048,0.180
222.3224,-1.000,486.471,649.359,-6.769,0.010,0.180
222.4207,-0.000,494.888,639.455,2.392,6.571,0.180
222.5184,-0.000,490.569,645.511,-2.795,1.383,0.180
222.6268,-0.000,490.214,647.341,-3.888,0.291,0.180
222.7233,-0.000,490.612,648.198,-4.117,0.061,0.180
222.8202,-0.000,491.096,648.779,-4.166,0.013,0.180
222.9176,-0.000,491.539,649.242,-4.176,0.003,0.180
223.0162,-0.000,491.922,649.630,-4.178,0.001,0.180
223.1229,-0.000,492.249,649.957,-4.179,0.000,0.180
223.2212,-0.000,492.527,650.236,-4.179,0.000,0.180
223.3172,-0.000,492.764,650.472,-4.179,0.000,0.180
223.4261,-0.000,492.965,650.673,-4.179,0.000,0.180
223.5246,-1.000,482.162,658.218,-13.352,-6.568,0.180
223.6216,-2.000,476.484,660.526,-17.346,-7.951,0.180
223.7175,-2.000,482.819,654.327,-11.079,-1.674,0.180
223.8263,-3.000,473.214,660.448,-18.941,-6.921,0.180
223.9251,-3.000,478.682,655.019,-13.493,-1.457,0.180
224.0240,-4.000,468.859,661.274,-21.532,-6.875,0.180
224.1195,-5.000,463.276,663.224,-25.299,-8.016,0.180
224.2167,-5.000,469.534,656.878,-18.996,-1.688,0.180
224.3239,-5.000,470.804,655.535,-17.690,-0.355,0.180
224.4213,-6.000,460.053,662.622,-26.609,-6.643,0.180
224.5169,-7.000,454.236,664.725,-30.569,-7.967,0.180
224.6158,-7.000,460.411,658.394,-24.316,-1.677,0.180
224.7161,-8.000,450.658,664.413,-32.202,-6.922,0.180
224.8150,-9.000,445.021,666.277,-35.953,-8.026,0.180
224.9154,-10.000,440.233,667.258,-38.837,-8.258,0.180
225.0158,-11.000,435.609,668.046,-41.543,-8.307,0.180
225.1233,-12.000,431.005,668.789,-44.216,-8.317,0.180
225.2201,-12.000,437.369,662.144,-37.712,-1.751,0.180
225.3176,-13.000,427.595,668.078,-45.566,-6.937,0.180
225.4152,-13.000,432.872,662.537,-40.157,-1.460,0.180
225.5226,-13.000,433.846,661.340,-39.071,-0.307,0.180
225.6206,-13.000,433.926,661.069,-38.896,-0.065,0.180
225.7188,-13.000,433.828,661.005,-38.913,-0.014,0.180
225.8156,-14.000,422.729,668.367,-48.143,-6.571,0.180
225.9256,-14.000,427.756,663.163,-43.028,-1.383,0.180
226.0225,-14.000,428.700,662.069,-42.009,-0.291,0.180
226.1196,-15.000,417.820,669.221,-51.025,-6.630,0.180
226.2177,-15.000,422.891,663.981,-45.869,-1.396,0.180
226.3157,-16.000,412.870,670.259,-54.019,-6.862,0.180
226.4230,-16.000,418.113,664.834,-48.685,-1.445,0.180
226.5187,-16.000,419.093,663.699,-47.627,-0.304,0.180
226.6160,-16.000,419.185,663.476,-47.470,-0.064,0.180
226.7213,-16.000,419.096,663.453,-47.503,-0.013,0.180
226.8157,-15.000,426.950,653.105,-38.402,6.566,0.180
226.9148,-14.000,430.102,648.432,-34.490,7.951,0.180
227.0253,-13.000,432.579,645.262,-31.666,8.242,0.180
227.1231,-13.000,427.210,653.042,-38.240,1.735,0.180
227.2206,-12.000,434.771,645.131,-30.504,6.934,0.180
227.3195,-11.000,438.560,641.645,-26.867,8.028,0.180
227.4150,-11.000,433.793,649.668,-33.262,1.690,0.180
227.5229,-10.000,441.759,642.070,-25.480,6.924,0.180
227.6214,-10.000,437.897,649.245,-30.999,1.458,0.180
227.7192,-9.000,446.076,641.483,-23.028,6.875,0.180
227.8175,-9.000,442.278,648.634,-28.502,1.447,0.180
227.9185,-9.000,442.514,651.249,-29.692,0.305,0.180
228.0177,-9.000,443.438,652.748,-29.979,0.064,0.180
228.1247,-10.000,433.397,661.249,-39.250,-6.555,0.180
228.2224,-10.000,439.365,656.971,-34.128,-1.380,0.180
228.3194,-9.000,449.095,646.279,-23.916,6.278,0.180
228.4148,-9.000,445.182,652.372,-28.919,1.322,0.180
228.5237,-9.000,445.019,654.390,-30.010,0.278,0.180
228.6223,-8.000,453.514,645.071,-21.103,6.627,0.180
228.7190,-6.000,465.338,630.747,-8.029,14.532,0.180
228.8167,-5.000,463.745,633.814,-10.359,9.628,0.180
228.9157,-4.000,466.219,633.194,-8.812,8.595,0.180
229.0138,-3.000,469.674,631.915,-6.445,8.378,0.180
229.1226,-2.000,473.442,630.596,-3.901,8.332,0.180
229.2187,-1.000,477.368,629.352,-1.316,8.323,0.180
229.3157,-0.000,481.406,628.193,1.282,8.321,0.180
229.4208,-0.000,477.561,637.486,-5.287,1.752,0.180
229.5183,-0.000,478.493,641.184,-6.670,0.369,0.180
229.6158,1.000,487.544,632.470,2.213,6.646,0.180
229.7224,1.000,483.945,639.354,-3.029,1.399,0.180
229.8205,1.000,484.242,641.850,-4.129,0.295,0.180
229.9179,1.000,485.201,643.264,-4.356,0.062,0.180
230.0160,-0.000,475.793,652.290,-13.573,-6.555,0.180
230.1147,-0.000,482.305,648.453,-8.398,-1.380,0.180
230.2225,-0.000,484.532,648.500,-7.308,-0.291,0.180
230.3185,-0.000,485.728,649.237,-7.079,-0.061,0.180
230.4175,-0.000,486.597,650.010,-7.031,-0.013,0.180
230.5197,-0.000,487.306,650.698,-7.021,-0.003,0.180
230.6180,1.000,495.275,640.316,2.155,6.568,0.180
230.7155,1.000,490.569,645.970,-3.025,1.383,0.180
230.8145,2.000,497.260,636.486,5.062,6.860,0.180
230.9221,3.000,499.541,631.230,8.831,8.013,0.180
231.0196,3.000,493.467,637.776,2.521,1.687,0.180
231.1175,3.000,492.351,639.293,1.205,0.355,0.180
231.2142,4.000,499.631,628.754,10.114,6.643,0.180
231.3227,4.000,494.522,634.093,4.890,1.399,0.180
231.4204,5.000,500.910,624.300,12.980,6.863,0.180
231.5213,5.000,495.571,629.746,7.588,1.445,0.180
231.6181,5.000,494.501,630.905,6.473,0.304,0.180
231.7149,5.000,494.325,631.158,6.259,0.064,0.180
231.8239,6.000,501.707,620.241,15.408,6.582,0.180
231.9216,6.000,496.539,625.404,10.243,1.386,0.180
232.0196,6.000,495.475,626.465,9.181,0.292,0.180
232.1172,7.000,502.647,615.688,18.155,6.630,0.180
232.2146,7.000,497.418,620.855,12.957,1.396,0.180
232.3132,8.000,503.700,610.920,21.066,6.862,0.180
232.4198,8.000,498.271,616.243,15.690,1.445,0.180
232.5165,8.000,497.127,617.297,14.591,0.304,0.180
232.6135,9.000,504.264,606.484,23.566,6.632,0.180
232.7220,9.000,499.013,611.611,18.376,1.396,0.180
232.8184,9.000,497.904,612.613,17.321,0.294,0.180
232.9160,9.000,497.674,612.754,17.136,0.062,0.180
233.0142,9.000,497.633,612.717,17.134,0.013,0.180
233.1214,9.000,497.637,612.648,17.170,0.003,0.180
233.2192,9.000,497.654,612.576,17.215,0.001,0.180
233.3162,8.000,487.303,620.480,8.087,-6.568,0.180
233.4153,8.000,492.991,615.713,13.314,-1.383,0.180
233.5136,7.000,484.141,622.944,5.274,-6.860,0.180
233.6229,7.000,490.405,618.305,10.726,-1.444,0.180
233.7203,6.000,481.899,625.792,2.729,-6.872,0.180
233.8172,5.000,478.049,629.376,-0.988,-8.015,0.180
233.9169,4.000,475.416,632.383,-3.808,-8.256,0.180
234.0150,4.000,483.613,627.503,2.731,-1.738,0.180
234.1245,3.000,476.043,635.494,-5.050,-6.934,0.180
234.2214,2.000,472.838,639.656,-8.733,-8.028,0.180
234.3204,1.000,470.719,643.187,-11.559,-8.259,0.180
234.4182,-0.000,468.972,646.737,-14.207,-8.307,0.180
234.5164,-0.000,477.795,642.444,-7.649,-1.749,0.180
234.6142,-0.000,481.102,642.989,-6.268,-0.368,0.180
234.7224,-0.000,483.029,644.335,-5.977,-0.078,0.180
234.8201,-0.000,484.482,645.666,-5.916,-0.016,0.180
234.9174,-0.000,485.678,646.835,-5.903,-0.003,0.180
235.0135,-1.000,475.712,655.212,-15.074,-6.569,0.180
235.1222,-1.000,481.717,650.855,-9.893,-1.383,0.180
235.2125,-2.000,472.531,657.843,-17.980,-6.860,0.180
235.3210,-3.000,467.528,660.377,-21.749,-8.013,0.180
235.4207,-4.000,463.316,661.892,-24.612,-8.255,0.180
235.5194,-6.000,448.218,670.495,-36.463,-14.875,0.180
235.6177,-7.000,449.197,666.397,-33.925,-9.700,0.180
235.7153,-9.000,435.045,673.697,-44.650,-15.179,0.180
235.8126,-10.000,436.096,669.222,-41.888,-9.764,0.180
235.9224,-12.000,421.850,676.358,-52.578,-15.192,0.180
236.0192,-12.000,433.760,664.405,-40.647,-3.198,0.180
236.1168,-14.000,414.257,676.671,-56.531,-13.810,0.180
236.2145,-14.000,425.011,665.765,-45.701,-2.907,0.180
236.3147,-14.000,427.169,663.478,-43.479,-0.612,0.180
236.4217,-14.000,427.525,663.013,-43.068,-0.129,0.180
236.5213,-14.000,427.507,662.937,-43.039,-0.027,0.180
236.6172,-14.000,427.416,662.949,-43.091,-0.006,0.180
236.7185,-14.000,427.314,662.984,-43.159,-0.001,0.180
236.8153,-14.000,427.214,663.027,-43.231,-0.000,0.180
236.9122,-14.000,427.117,663.075,-43.304,-0.000,0.180
237.0196,-14.000,427.023,663.127,-43.376,-0.000,0.180
237.1168,-13.000,434.907,652.809,-34.276,6.568,0.180
237.2155,-13.000,430.119,658.527,-39.529,1.383,0.180
237.3157,-13.000,429.355,660.082,-40.688,0.291,0.180
237.4147,-12.000,437.367,650.342,-31.812,6.630,0.180
237.5136,-11.000,440.810,646.030,-27.935,7.964,0.180
237.6204,-11.000,435.596,653.505,-34.279,1.677,0.180
237.7206,-10.000,443.150,645.474,-26.487,6.921,0.180
237.8184,-10.000,438.930,652.287,-32.003,1.457,0.180
237.9168,-10.000,438.830,654.592,-33.205,0.307,0.180
238.0130,-9.000,447.447,645.449,-24.326,6.633,0.180
238.1138,-10.000,432.466,659.383,-38.783,-5.172,0.180
238.2214,-9.000,445.526,646.033,-25.578,5.480,0.180
238.3187,-9.000,442.530,651.783,-29.951,1.154,0.180
238.4160,-10.000,431.769,661.284,-40.082,-6.326,0.180
238.5138,-10.000,437.676,657.307,-35.140,-1.332,0.180
238.6129,-10.000,439.495,657.128,-34.141,-0.280,0.180
238.7196,-10.000,440.362,657.655,-33.971,-0.059,0.180
238.8172,-11.000,429.975,665.627,-43.150,-6.581,0.180
238.9156,-11.000,435.587,660.962,-38.012,-1.385,0.180
239.0132,-11.000,437.026,660.328,-36.976,-0.292,0.180
239.1220,-11.000,437.541,660.497,-36.803,-0.061,0.180
239.2198,-11.000,437.823,660.797,-36.811,-0.013,0.180
239.3159,-11.000,438.024,661.091,-36.858,-0.003,0.180
239.4136,-12.000,427.205,668.730,-46.087,-6.569,0.180
239.5118,-12.000,432.477,663.755,-40.963,-1.383,0.180
239.6188,-12.000,433.633,662.852,-39.934,-0.291,0.180
239.7170,-13.000,422.934,670.165,-48.940,-6.630,0.180
239.8147,-13.000,428.162,665.060,-43.774,-1.396,0.180
239.9125,-14.000,418.275,671.452,-51.913,-6.862,0.180
240.0212,-14.000,423.634,666.121,-46.568,-1.445,0.180
240.1195,-14.000,424.714,665.066,-45.500,-0.304,0.180
240.2190,-13.000,432.865,654.535,-36.160,6.504,0.180
240.3180,-14.000,417.177,667.600,-50.536,-5.199,0.180
240.4181,-13.000,429.568,653.580,-37.330,5.474,0.180
240.5166,-12.000,433.960,648.403,-32.546,7.721,0.180
240.6159,-11.000,436.943,645.354,-29.530,8.194,0.180
240.7137,-10.000,439.862,642.978,-26.882,8.293,0.180
240.8145,-9.000,442.967,640.934,-24.308,8.314,0.180
240.9122,-7.000,454.254,628.749,-12.572,14.887,0.180
241.0130,-6.000,453.057,632.783,-15.188,9.703,0.180
241.1113,-4.000,464.019,622.433,-4.532,15.179,0.180
241.2201,-2.000,471.221,616.950,1.811,16.333,0.180
241.3172,-1.000,470.021,623.212,-1.920,10.007,0.180
241.4159,-0.000,473.741,624.395,-0.652,8.675,0.180
241.5133,1.000,477.849,623.854,1.673,8.395,0.180
241.6111,2.000,481.617,622.518,4.225,8.336,0.180
241.7199,3.000,484.953,620.649,6.828,8.323,0.180
241.8190,4.000,487.895,618.354,9.446,8.321,0.180
241.9208,4.000,483.122,626.677,2.898,1.752,0.180
242.0174,5.000,490.642,618.575,10.709,6.937,0.180
242.1159,6.000,493.818,614.304,14.432,8.029,0.180
242.2147,6.000,488.545,621.646,8.125,1.690,0.180
242.3127,6.000,488.121,623.829,6.822,0.356,0.180
242.4119,6.000,488.619,624.826,6.572,0.075,0.180
242.5213,6.000,489.226,625.490,6.544,0.016,0.180
242.6194,6.000,489.785,626.011,6.563,0.003,0.180
242.7181,6.000,490.273,626.441,6.591,0.001,0.180
242.8145,6.000,490.693,626.801,6.622,0.000,0.180
242.9114,6.000,491.056,627.101,6.653,0.000,0.180
243.0122,7.000,498.743,616.379,15.858,6.568,0.180
243.1104,7.000,493.803,621.737,10.709,1.383,0.180
243.2107,8.000,500.300,611.997,18.827,6.860,0.180
243.3099,9.000,502.421,606.519,22.627,8.013,0.180
243.4190,9.000,496.215,612.871,16.348,1.687,0.180
243.5173,9.000,494.993,614.218,15.063,0.355,0.180
243.6162,10.000,502.186,603.531,24.003,6.643,0.180
243.7144,10.000,497.008,608.739,18.810,1.399,0.180
243.8127,10.000,495.969,609.804,17.758,0.294,0.180
243.9108,10.000,495.799,609.995,17.578,0.062,0.180
244.0193,10.000,523.079,612.164,18.932,0.013,0.320
244.1168,9.000,532.108,630.782,4.617,-11.553,0.320
244.2153,9.000,565.058,629.106,13.836,-2.384,0.320
244.3132,8.000,574.117,649.245,1.417,-12.047,0.320
244.4114,8.000,605.867,650.088,11.023,-2.486,0.320
244.5185,7.000,613.653,672.620,-1.320,-12.069,0.320
244.6137,5.000,613.385,702.113,-20.425,-25.601,0.320
244.7109,4.000,639.690,709.265,-14.439,-16.838,0.320
244.8180,2.000,643.352,737.495,-29.775,-26.586,0.320
244.9172,-0.000,655.117,759.294,-37.387,-28.597,0.320
245.0168,-1.000,683.389,766.485,-29.052,-17.457,0.320
245.1173,-4.000,669.228,807.045,-58.287,-38.269,0.320
245.2150,-5.000,702.996,805.650,-42.298,-19.452,0.320
245.3131,-7.000,704.845,831.414,-55.610,-27.125,0.320
245.4092,-9.000,712.045,850.778,-62.844,-28.708,0.320
245.5168,-11.000,719.872,868.626,-68.832,-29.035,0.320
245.6157,-12.000,743.704,873.552,-60.211,-17.547,0.320
245.7144,-15.000,725.536,912.419,-89.436,-38.287,0.320
245.8119,-16.000,755.843,909.641,-73.494,-19.456,0.320
245.9192,-19.000,738.449,946.689,-101.226,-38.681,0.320
246.0174,-21.000,752.272,955.667,-99.237,-31.093,0.320
246.1161,-23.000,759.845,970.570,-103.271,-29.527,0.320
246.2143,-25.000,765.981,986.632,-108.548,-29.204,0.320
246.3140,-26.000,787.972,990.445,-99.726,-17.582,0.320
246.4125,-27.000,800.730,1003.554,-100.128,-15.184,0.320
246.5099,-30.000,779.028,1043.499,-131.144,-37.800,0.320
246.6186,-31.000,807.556,1040.411,-115.500,-19.356,0.320
246.7164,-31.000,837.756,1039.610,-100.138,-3.994,0.320
246.8144,-32.000,823.735,1047.724,-111.324,-12.380,0.320
246.9137,-33.000,816.375,1049.223,-115.854,-14.110,0.320
247.0104,-34.000,810.392,1049.384,-119.011,-14.467,0.320
247.1194,-35.000,804.697,1049.290,-121.885,-14.541,0.320
247.2165,-36.000,799.063,1049.164,-124.700,-14.556,0.320
247.3137,-37.000,793.445,1049.046,-127.503,-14.559,0.320
247.4123,-37.000,804.106,1036.509,-115.948,-3.004,0.320
247.5092,-37.000,805.731,1033.289,-113.564,-0.620,0.320
247.6185,-37.000,805.578,1032.087,-113.072,-0.128,0.320
247.7163,-38.000,788.855,1043.818,-127.326,-11.582,0.320
247.8129,-38.000,797.449,1033.981,-118.134,-2.390,0.320
247.9104,-38.000,798.837,1031.536,-116.237,-0.493,0.320
248.0187,-38.000,798.796,1030.679,-115.846,-0.102,0.320
248.1180,-38.000,798.509,1030.202,-115.765,-0.021,0.320
248.2166,-38.000,798.214,1029.849,-115.748,-0.004,0.320
248.3167,-36.000,824.503,998.688,-87.034,23.110,0.320
248.4144,-34.000,833.651,987.079,-76.664,27.880,0.320
248.5126,-32.000,840.037,980.281,-70.080,28.864,0.320
248.6092,-29.000,859.787,959.701,-49.921,40.623,0.320
248.7176,-26.000,871.526,949.777,-39.095,43.049,0.320
248.8137,-23.000,882.462,942.903,-30.194,43.550,0.320
248.9127,-20.000,893.956,937.382,-21.691,43.653,0.320
249.0133,-17.000,906.084,932.851,-13.365,43.674,0.320
249.1117,-16.000,892.339,959.893,-33.761,20.568,0.320
249.2185,-14.000,909.642,952.573,-21.452,27.355,0.320
249.3162,-13.000,908.379,966.162,-28.880,17.200,0.320
249.4131,-12.000,914.676,971.181,-28.243,15.105,0.320
249.5084,-11.000,922.213,974.103,-25.937,14.672,0.320
249.6087,-10.000,929.735,976.312,-23.282,14.583,0.320
249.7174,-10.000,923.741,993.577,-34.912,3.009,0.320
249.8173,-9.000,939.369,985.369,-22.995,12.177,0.320
249.9160,-9.000,934.309,999.736,-32.709,2.513,0.320
250.0142,-9.000,936.221,1005.735,-34.754,0.518,0.320
250.1124,-8.000,952.403,994.118,-20.854,11.663,0.320
250.2117,-8.000,946.542,1006.858,-30.155,2.407,0.320
250.3093,-7.000,960.793,996.295,-17.749,12.052,0.320
250.4084,-6.000,967.537,993.525,-12.992,14.043,0.320
250.5174,-5.000,972.829,992.451,-9.809,14.453,0.320
250.6145,-5.000,964.624,1007.243,-21.308,2.982,0.320
250.7127,-4.000,978.309,996.995,-9.342,12.171,0.320
250.8115,-3.000,984.869,994.197,-4.663,14.067,0.320
250.9090,-2.000,990.068,993.036,-1.483,14.458,0.320
251.0173,-2.000,981.799,1007.738,-12.969,2.983,0.320
251.1143,-2.000,982.153,1012.850,-15.348,0.616,0.320
251.2135,-2.000,983.977,1015.673,-15.848,0.127,0.320
251.3094,-1.000,999.122,1002.319,-1.598,11.582,0.320
251.4074,-1.000,992.185,1013.778,-10.796,2.390,0.320
251.5145,-0.000,1005.486,1002.160,1.663,12.049,0.320
251.6136,-0.000,998.139,1013.938,-7.900,2.486,0.320
251.7118,1.000,1010.490,1001.513,4.488,12.069,0.320
251.8209,1.000,1002.386,1012.555,-5.084,2.490,0.320
251.9093,2.000,1014.104,999.493,7.306,12.069,0.320
252.0089,2.000,1005.466,1009.989,-2.262,2.491,0.320
252.1174,3.000,1016.731,996.463,10.134,12.069,0.320
252.2169,4.000,1020.150,990.284,14.933,14.046,0.320
252.3164,5.000,1021.792,985.454,18.169,14.454,0.320
252.4158,5.000,1010.494,997.043,6.726,2.983,0.320
252.5127,6.000,1020.720,983.224,18.748,12.171,0.320
252.6106,6.000,1011.067,992.823,9.122,2.511,0.320
252.7081,7.000,1021.525,978.479,21.523,12.074,0.320
252.8071,7.000,1011.831,987.871,11.980,2.491,0.320
252.9150,8.000,1022.205,973.399,24.403,12.070,0.320
253.0170,8.000,1012.429,982.692,14.869,2.491,0.320
253.1145,9.000,1022.733,968.137,27.298,12.069,0.320
253.2136,9.000,1012.898,977.359,17.770,2.491,0.320
253.3120,9.000,1010.712,979.025,15.843,0.514,0.320
253.4088,8.000,994.692,992.442,1.125,-11.450,0.320
253.5175,8.000,1004.217,983.704,10.256,-2.363,0.320
253.6147,7.000,991.031,995.400,-2.185,-12.043,0.320
253.7106,7.000,1001.495,986.670,7.412,-2.485,0.320
253.8099,6.000,988.801,998.676,-4.937,-12.068,0.320
253.9065,5.000,984.180,1003.554,-9.687,-14.046,0.320
254.0165,5.000,996.964,993.987,1.489,-2.898,0.320
254.1138,4.000,985.219,1006.307,-10.544,-12.154,0.320
254.2124,4.000,996.632,998.384,-0.876,-2.508,0.320
254.3142,3.000,984.686,1011.135,-13.224,-12.073,0.320
254.4168,2.000,980.686,1016.660,-17.987,-14.047,0.320
254.5155,2.000,993.993,1007.648,-6.828,-2.899,0.320
254.6165,1.000,982.689,1020.443,-18.877,-12.154,0.320
254.7131,-0.000,979.033,1026.207,-23.587,-14.063,0.320
254.8138,-0.000,992.591,1017.441,-12.425,-2.902,0.320
254.9124,-1.000,980.649,1029.616,-24.483,-12.154,0.320
255.0096,-1.000,991.889,1021.574,-14.843,-2.508,0.320
255.1077,-1.000,995.233,1020.948,-12.858,-0.518,0.320
255.2086,-1.000,996.793,1021.699,-12.453,-0.107,0.320
255.3088,-1.000,997.855,1022.601,-12.373,-0.022,0.320
255.4080,-1.000,998.701,1023.424,-12.362,-0.005,0.320
255.5067,-1.000,999.409,1024.136,-12.363,-0.001,0.320
255.6148,-1.000,1000.007,1024.744,-12.368,-0.000,0.320
255.7124,-1.000,1000.514,1025.262,-12.374,-0.000,0.320
255.8102,-1.000,1000.944,1025.703,-12.379,-0.000,0.320
255.9070,-1.000,1001.309,1026.079,-12.385,-0.000,0.320
256.0148,-1.000,1001.618,1026.399,-12.391,-0.000,0.320
256.1127,-1.000,1001.880,1026.672,-12.396,-0.000,0.320
256.2110,-1.000,1002.102,1026.905,-12.402,-0.000,0.320
256.3081,-1.000,1002.290,1027.104,-12.407,-0.000,0.320
256.4162,-1.000,1002.448,1027.274,-12.413,-0.000,0.320
256.5153,-0.000,1015.864,1011.978,1.943,11.556,0.320
256.6120,-0.000,1007.393,1021.850,-7.228,2.384,0.320
256.7111,-0.000,1006.096,1024.338,-9.121,0.492,0.320
256.8068,1.000,1018.653,1008.954,4.850,11.657,0.320
256.9156,1.000,1009.706,1018.498,-4.396,2.405,0.320
257.0065,1.000,1008.056,1020.655,-6.300,0.496,0.320
257.1139,-0.000,992.442,1034.540,-21.049,-11.453,0.320
257.2122,-0.000,1002.297,1026.216,-11.960,-2.363,0.320
257.3099,-0.000,1004.823,1024.991,-10.084,-0.488,0.320
257.4090,-0.000,1005.763,1025.156,-9.697,-0.101,0.320
257.5057,1.000,1018.754,1009.265,4.744,11.535,0.320
257.6143,1.000,1009.872,1018.682,-4.405,2.380,0.320
257.7132,1.000,1008.216,1020.793,-6.288,0.491,0.320
257.8093,1.000,1008.025,1021.370,-6.672,0.101,0.320
257.9099,1.000,1008.115,1021.609,-6.747,0.021,0.320
258.0097,2.000,1020.684,1005.478,7.603,11.560,0.320
258.1108,2.000,1011.508,1014.628,-1.560,2.385,0.320
258.2086,2.000,1009.614,1016.499,-3.442,0.492,0.320
258.3088,2.000,1009.225,1016.869,-3.822,0.102,0.320
258.4070,2.000,1009.148,1016.930,-3.891,0.021,0.320
258.5154,2.000,1009.135,1016.929,-3.897,0.004,0.320
258.6135,2.000,1009.137,1016.915,-3.889,0.001,0.320
258.7090,3.000,1021.584,1000.618,10.483,11.556,0.320
258.8063,3.000,1012.293,1009.636,1.328,2.385,0.320
258.9159,3.000,1010.302,1011.396,-0.547,0.492,0.320
259.0152,4.000,1022.271,995.390,13.440,11.657,0.320
259.1148,4.000,1012.826,1004.404,4.211,2.405,0.320
259.2137,4.000,1010.756,1006.107,2.324,0.496,0.320
259.3114,4.000,1010.228,1006.323,1.953,0.102,0.320
259.4100,5.000,1022.478,989.968,16.255,11.577,0.320
259.5064,5.000,1013.074,998.883,7.095,2.389,0.320
259.6136,5.000,1010.998,1000.543,5.227,0.493,0.320
259.7140,5.000,1010.458,1000.730,4.864,0.102,0.320
259.8133,5.000,1010.255,1000.632,4.811,0.021,0.320
259.9098,5.000,1010.139,1000.493,4.823,0.004,0.320
260.0069,5.000,1010.055,1000.360,4.847,0.001,0.320
260.1160,5.000,1009.990,1000.241,4.874,0.000,0.320
260.2133,4.000,994.498,1013.416,-9.459,-11.556,0.320
260.3121,4.000,1004.207,1004.738,-0.265,-2.384,0.320
260.4100,4.000,1006.560,1003.261,1.649,-0.492,0.320
260.5091,4.000,1007.345,1003.220,2.062,-0.102,0.320
260.6075,3.000,992.323,1016.715,-12.196,-11.577,0.320
260.7050,3.000,1002.379,1008.361,-2.991,-2.389,0.320
260.8138,3.000,1005.015,1007.172,-1.079,-0.493,0.320
260.9096,3.000,1006.038,1007.379,-0.671,-0.102,0.320
261.0069,3.000,1006.658,1007.804,-0.573,-0.021,0.320
261.1143,2.000,991.694,1021.496,-14.901,-11.560,0.320
261.2124,3.000,1014.281,996.989,8.646,9.170,0.320
261.3100,3.000,1007.703,1004.934,1.385,1.892,0.320
261.4065,3.000,1006.799,1007.000,-0.100,0.390,0.320
261.5140,3.000,1007.000,1007.787,-0.393,0.081,0.320
261.6110,3.000,1007.373,1008.254,-0.440,0.017,0.320
261.7086,3.000,1007.733,1008.607,-0.437,0.003,0.320
261.8045,3.000,1008.051,1008.896,-0.423,0.001,0.320
261.9119,3.000,1008.325,1009.138,-0.406,0.000,0.320
262.0078,3.000,1008.561,1009.340,-0.390,0.000,0.320
262.1061,3.000,1008.764,1009.510,-0.373,0.000,0.320
262.2058,3.000,1008.939,1009.651,-0.356,0.000,0.320
262.3144,3.000,1009.090,1009.769,-0.339,0.000,0.320
262.4140,3.000,1009.222,1009.867,-0.323,0.000,0.320
262.5119,3.000,1009.336,1009.947,-0.306,0.000,0.320
262.6089,3.000,1009.435,1010.013,-0.289,0.000,0.320
262.7079,2.000,994.081,1023.348,-14.633,-11.556,0.320
262.8060,2.000,1003.905,1014.807,-5.451,-2.384,0.320
262.9142,1.000,990.913,1026.730,-17.909,-12.048,0.320
263.0106,-0.000,986.085,1031.490,-22.703,-14.042,0.320
263.1119,-1.000,982.418,1034.258,-25.920,-14.453,0.320
263.2093,-2.000,978.720,1036.352,-28.816,-14.538,0.320
263.3076,-3.000,974.785,1038.085,-31.650,-14.555,0.320
263.4051,-4.000,970.602,1039.554,-34.476,-14.559,0.320
263.5125,-4.000,982.482,1028.369,-22.944,-3.004,0.320
263.6089,-5.000,968.858,1038.743,-34.943,-12.175,0.320
263.7060,-5.000,978.612,1029.227,-25.308,-2.512,0.320
263.8040,-6.000,964.397,1039.803,-37.703,-12.074,0.320
263.9130,-6.000,973.900,1030.208,-28.154,-2.491,0.320
264.0110,-6.000,975.805,1028.225,-26.210,-0.514,0.320
264.1096,-7.000,959.865,1040.259,-40.197,-11.662,0.320
264.2098,-7.000,968.920,1030.882,-30.981,-2.406,0.320
264.3088,-8.000,954.373,1041.316,-43.471,-12.052,0.320
264.4088,-8.000,963.646,1031.548,-33.951,-2.487,0.320
264.5098,-8.000,965.364,1029.408,-32.022,-0.513,0.320
264.6088,-9.000,949.266,1041.308,-46.021,-11.661,0.320
264.7050,-9.000,958.187,1031.819,-36.816,-2.406,0.320
264.8047,-10.000,943.524,1042.159,-49.318,-12.052,0.320
264.9136,-10.000,952.695,1032.313,-39.809,-2.487,0.320
265.0129,-11.000,938.045,1042.549,-52.252,-12.069,0.320
265.1100,-11.000,947.186,1032.657,-42.735,-2.490,0.320
265.2075,-12.000,932.501,1042.864,-55.182,-12.069,0.320
265.3038,-12.000,941.609,1032.949,-45.670,-2.491,0.320
265.4110,-12.000,943.175,1030.696,-43.760,-0.514,0.320
265.5076,-12.000,943.225,1030.064,-43.420,-0.106,0.320
265.6064,-11.000,956.275,1014.358,-29.042,11.534,0.320
265.7031,-11.000,947.431,1023.945,-38.257,2.380,0.320
265.8126,-9.000,972.358,995.329,-11.485,23.602,0.320
265.9119,-8.000,968.290,1000.102,-15.906,16.426,0.320
266.0111,-6.000,983.570,984.101,-0.265,26.501,0.320
266.1091,-5.000,978.479,992.419,-6.970,17.024,0.320
266.2061,-3.000,994.374,977.947,8.213,26.624,0.320
266.3036,-1.000,1003.394,971.817,15.789,28.605,0.320
266.4034,1.000,1010.637,967.030,21.803,29.014,0.320
266.5140,3.000,1016.542,961.533,27.504,29.098,0.320
266.6123,4.000,1009.079,971.502,18.789,17.560,0.320
266.7097,6.000,1022.613,955.419,33.597,26.735,0.320
266.8079,7.000,1015.786,962.239,26.774,17.072,0.320
266.9050,8.000,1016.214,960.965,27.625,15.078,0.320
267.0026,10.000,1030.315,941.465,44.425,26.223,0.320
267.1026,11.000,1022.706,946.645,38.030,16.967,0.320
267.2027,12.000,1022.210,944.235,38.988,15.057,0.320
267.3110,13.000,1023.035,940.102,41.466,14.662,0.320
267.4095,14.000,1024.005,935.479,44.263,14.581,0.320
267.5063,14.000,1012.459,946.920,32.769,3.009,0.320
267.6126,14.000,1010.105,949.185,30.460,0.621,0.320
267.7083,14.000,1009.653,949.562,30.046,0.128,0.320
267.8063,14.000,1009.597,949.553,30.022,0.026,0.320
267.9063,14.000,1009.627,949.468,30.080,0.005,0.320
268.0037,14.000,1009.678,949.371,30.154,0.001,0.320
268.1117,15.000,1022.177,932.992,44.592,11.556,0.320
268.2087,14.000,997.500,955.212,21.144,-9.171,0.320
268.3090,14.000,1005.312,948.310,28.501,-1.892,0.320
268.4073,14.000,1007.280,947.117,30.081,-0.391,0.320
268.5040,14.000,1007.997,947.058,30.470,-0.081,0.320
268.6028,13.000,992.978,960.476,16.251,-11.572,0.320
268.7129,13.000,1003.055,952.039,25.508,-2.388,0.320
268.8108,12.000,990.279,964.049,13.115,-12.048,0.320
268.9079,11.000,985.641,968.875,8.383,-14.042,0.320
269.0054,10.000,982.986,972.531,5.228,-14.453,0.320
269.1123,9.000,980.997,976.210,2.393,-14.538,0.320
269.2115,7.000,963.921,993.403,-14.741,-26.111,0.320
269.3072,6.000,972.292,988.971,-8.340,-16.944,0.320
269.4022,4.000,958.064,1005.227,-23.581,-26.607,0.320
269.5107,2.000,952.184,1014.512,-31.164,-28.602,0.320
269.6088,1.000,963.900,1009.529,-22.814,-17.457,0.320
269.7056,-1.000,950.400,1025.752,-37.676,-26.713,0.320
269.8055,-2.000,959.472,1021.155,-30.842,-17.068,0.320
269.9044,-4.000,943.846,1035.905,-46.029,-26.633,0.320
270.0041,-5.000,951.308,1029.858,-39.275,-17.051,0.320
270.1131,-6.000,950.633,1030.896,-40.132,-15.074,0.320
270.2118,-7.000,947.936,1033.062,-42.563,-14.666,0.320
270.3086,-8.000,944.529,1035.176,-45.324,-14.582,0.320
270.4047,-9.000,940.727,1037.040,-48.157,-14.565,0.320
270.5022,-8.000,966.193,1010.767,-22.287,8.550,0.320
270.6125,-8.000,960.519,1018.754,-29.117,1.764,0.320
270.7116,-7.000,973.339,1005.742,-16.201,11.920,0.320
270.8088,-7.000,965.257,1016.659,-25.701,2.460,0.320
270.9090,-6.000,977.753,1004.414,-13.331,12.063,0.320
271.0077,-5.000,983.033,1000.187,-8.577,14.045,0.320
271.1082,-5.000,973.805,1013.309,-19.752,2.898,0.320
271.2076,-4.000,986.414,1001.851,-7.719,12.154,0.320
271.3045,-4.000,978.735,1013.508,-17.387,2.508,0.320
271.4030,-3.000,991.694,1001.770,-5.038,12.073,0.320
271.5119,-2.000,997.395,997.947,-0.276,14.047,0.320
271.6027,-2.000,988.534,1011.405,-11.435,2.899,0.320
271.7102,-2.000,988.176,1015.670,-13.747,0.598,0.320
271.8080,-2.000,989.351,1017.816,-14.233,0.123,0.320
271.9073,-2.000,990.653,1019.337,-14.342,0.025,0.320
272.0047,-2.000,991.821,1020.568,-14.373,0.005,0.320
272.1016,-2.000,992.825,1021.603,-14.389,0.001,0.320
272.2102,-2.000,993.680,1022.482,-14.401,0.000,0.320
272.3077,-2.000,994.405,1023.230,-14.412,0.000,0.320
272.4065,-3.000,978.739,1036.308,-28.785,-11.556,0.320
272.5035,-3.000,988.294,1027.554,-19.630,-2.384,0.320
272.6022,-3.000,990.510,1026.019,-17.755,-0.492,0.320
272.7105,-3.000,991.173,1025.934,-17.381,-0.102,0.320
272.8071,-3.000,991.482,1026.117,-17.317,-0.021,0.320
272.9039,-3.000,991.691,1026.326,-17.317,-0.004,0.320
273.0029,-3.000,991.855,1026.517,-17.331,-0.001,0.320
273.1101,-3.000,991.990,1026.684,-17.347,-0.000,0.320
273.2068,-3.000,992.102,1026.829,-17.363,-0.000,0.320
273.3041,-3.000,992.194,1026.955,-17.380,-0.000,0.320
273.4039,-3.000,992.270,1027.064,-17.397,-0.000,0.320
273.5116,-3.000,992.332,1027.160,-17.414,-0.000,0.320
273.6113,-2.000,1005.663,1011.802,-3.069,11.556,0.320
273.7112,-2.000,997.120,1021.624,-12.252,2.384,0.320
273.8094,-2.000,995.760,1024.070,-14.155,0.492,0.320
273.9079,-2.000,995.820,1024.934,-14.557,0.102,0.320
274.0055,-2.000,996.120,1025.418,-14.649,0.021,0.320
274.1025,-1.000,1009.707,1010.338,-0.315,11.560,0.320
274.2091,-1.000,1001.392,1020.384,-9.496,2.385,0.320
274.3065,-0.000,1013.510,1007.577,2.967,12.048,0.320
274.4061,-0.000,1005.156,1018.346,-6.595,2.486,0.320
274.5047,-0.000,1004.209,1021.345,-8.568,0.513,0.320
274.6023,1.000,1017.116,1006.343,5.386,11.661,0.320
274.7024,1.000,1008.476,1016.202,-3.863,2.406,0.320
274.8096,1.000,1007.089,1018.625,-5.768,0.497,0.320
274.9061,2.000,1019.582,1003.172,8.205,11.658,0.320
275.0036,2.000,1010.583,1012.656,-1.036,2.406,0.320
275.1036,2.000,1008.891,1014.760,-2.934,0.496,0.320
275.2011,2.000,1008.684,1015.318,-3.317,0.102,0.320
275.3087,2.000,1008.762,1015.536,-3.387,0.021,0.320
275.4052,2.000,1008.883,1015.668,-3.393,0.004,0.320
275.5047,2.000,1008.998,1015.768,-3.385,0.001,0.320
275.6033,2.000,1009.100,1015.849,-3.374,0.000,0.320
275.7006,2.000,1009.189,1015.916,-3.363,0.000,0.320
275.8107,1.000,993.825,1029.252,-17.713,-11.556,0.320
275.9086,2.000,1016.081,1004.432,5.825,9.171,0.320
276.0076,1.000,993.783,1025.391,-15.804,-9.663,0.320
276.1066,1.000,1002.388,1018.647,-8.129,-1.994,0.320
276.2038,1.000,1004.768,1017.850,-6.541,-0.411,0.320
276.3013,2.000,1018.214,1001.909,8.152,11.471,0.320
276.4082,1.000,994.120,1024.723,-15.302,-9.189,0.320
276.5032,1.000,1002.373,1018.380,-8.003,-1.896,0.320
276.6101,1.000,1004.696,1017.682,-6.493,-0.391,0.320
276.7061,1.000,1005.703,1018.057,-6.177,-0.081,0.320
276.8046,1.000,1006.359,1018.574,-6.107,-0.017,0.320
276.9045,1.000,1006.877,1019.054,-6.088,-0.003,0.320
277.0027,2.000,1019.751,1003.188,8.281,11.555,0.320
277.1003,2.000,1010.820,1012.576,-0.878,2.384,0.320
277.2097,1.000,993.692,1027.933,-17.121,-11.064,0.320
277.3079,1.000,1003.225,1019.894,-8.334,-2.283,0.320
277.4078,2.000,1018.119,1002.430,7.844,11.084,0.320
277.5041,2.000,1009.740,1011.624,-0.942,2.287,0.320
277.6019,1.000,992.842,1027.055,-17.107,-11.084,0.320
277.7002,1.000,1002.520,1019.130,-8.305,-2.287,0.320
277.8079,1.000,1005.086,1018.054,-6.484,-0.472,0.320
277.9062,1.000,1006.100,1018.308,-6.104,-0.097,0.320
278.0019,1.000,1006.721,1018.763,-6.021,-0.020,0.320
278.1103,1.000,1007.200,1019.199,-6.000,-0.004,0.320
278.2074,1.000,1007.598,1019.579,-5.991,-0.001,0.320
278.3092,-0.000,992.494,1033.185,-20.345,-11.556,0.320
278.4092,-0.000,1002.528,1024.876,-11.174,-2.385,0.320
278.5097,-0.000,1005.154,1023.717,-9.282,-0.492,0.320
278.6068,-1.000,989.887,1036.392,-23.252,-11.657,0.320
278.7047,-1.000,999.531,1027.544,-14.006,-2.405,0.320
278.8028,-1.000,1001.773,1025.978,-12.103,-0.496,0.320
278.9016,-1.000,1002.448,1025.878,-11.715,-0.102,0.320
279.0094,-1.000,1002.769,1026.046,-11.639,-0.021,0.320
279.1073,-1.000,1002.987,1026.243,-11.628,-0.004,0.320
279.2034,-0.000,1016.443,1010.980,2.731,11.555,0.320
279.3016,-0.000,1008.005,1020.883,-6.439,2.384,0.320
279.4093,1.000,1019.176,1007.116,6.030,12.048,0.320
279.5057,1.000,1010.017,1017.069,-3.526,2.486,0.320
279.6036,2.000,1020.828,1003.093,8.868,12.069,0.320
279.7002,3.000,1023.857,996.534,13.662,14.046,0.320
279.8084,3.000,1012.726,1007.664,2.531,2.898,0.320
279.8991,4.000,1022.883,993.666,14.609,12.154,0.320
280.0073,5.000,1025.569,986.876,19.346,14.063,0.320
280.1054,5.000,1014.191,997.765,8.213,2.902,0.320
280.2011,6.000,1024.149,983.551,20.299,12.154,0.320
280.3030,7.000,1026.669,976.574,25.047,14.064,0.320
280.4015,7.000,1015.152,987.302,13.925,2.902,0.320
280.4988,7.000,1012.553,989.231,11.661,0.599,0.320
280.6069,7.000,1011.832,989.382,11.225,0.124,0.320
280.7044,7.000,1011.531,989.199,11.166,0.025,0.320
280.8041,6.000,995.903,1002.255,-3.176,-11.550,0.320
280.9020,6.000,1005.510,993.462,6.024,-2.383,0.320
281.0090,6.000,1007.782,991.882,7.950,-0.492,0.320
281.1091,6.000,1008.500,991.752,8.374,-0.101,0.320
281.2069,6.000,1008.864,991.888,8.488,-0.021,0.320
281.3031,6.000,1009.126,992.051,8.538,-0.004,0.320
281.4085,6.000,1009.344,992.194,8.575,-0.001,0.320
281.5049,6.000,1009.532,992.313,8.609,-0.000,0.320
281.6039,5.000,994.255,1005.691,-5.718,-11.556,0.320
281.6998,5.000,1004.147,997.185,3.481,-2.384,0.320
281.8082,5.000,1006.656,995.854,5.401,-0.492,0.320
281.9066,4.000,992.134,1009.217,-8.541,-11.657,0.320
282.0058,4.000,1002.416,1000.950,0.733,-2.405,0.320
282.1049,4.000,1005.204,999.875,2.664,-0.496,0.320
282.2011,4.000,1006.348,1000.187,3.081,-0.102,0.320
282.3017,3.000,991.629,1013.983,-11.177,-11.577,0.320
282.4004,3.000,1001.942,1005.886,-1.972,-2.389,0.320
282.4998,3.000,1004.796,1004.915,-0.059,-0.493,0.320
282.6091,3.000,1006.005,1005.308,0.349,-0.102,0.320
282.7080,3.000,1006.783,1005.891,0.446,-0.021,0.320
282.8048,3.000,1007.395,1006.436,0.480,-0.004,0.320
282.9031,2.000,992.465,1020.188,-13.861,-11.556,0.320
283.0006,2.000,1002.648,1012.005,-4.678,-2.385,0.320
283.1001,1.000,989.961,1024.232,-17.136,-12.048,0.320
283.2002,1.000,1000.832,1015.969,-7.569,-2.486,0.320
283.3090,-0.000,988.479,1028.381,-19.951,-12.069,0.320
283.4067,-0.000,999.581,1020.327,-10.373,-2.490,0.320
283.5029,-1.000,956.915,1030.154,-17.017,-7.093,0.180
283.5996,-1.000,931.314,1026.067,-11.423,-1.493,0.180
283.6981,-1.000,903.896,1023.475,-10.249,-0.314,0.180
283.8045,-1.000,877.759,1019.329,-10.007,-0.066,0.180
283.9030,-1.000,853.308,1013.265,-9.959,-0.014,0.180
284.0018,-1.000,830.414,1005.447,-9.954,-0.003,0.180
284.1015,-1.000,808.870,996.110,-9.957,-0.001,0.180
284.1987,-0.000,796.452,975.105,-0.788,6.568,0.180
284.3068,-0.000,772.343,969.031,-5.973,1.383,0.180
284.4054,-0.000,753.089,957.853,-7.065,0.291,0.180
284.5023,-0.000,735.345,944.956,-7.295,0.061,0.180
284.5997,1.000,725.708,920.174,1.831,6.581,0.180
284.7001,1.000,703.992,910.858,-3.360,1.386,0.180
284.8066,2.000,694.155,885.944,4.725,6.860,0.180
284.9052,3.000,680.313,864.872,8.493,8.013,0.180
285.0030,3.000,658.459,855.276,2.183,1.687,0.180
285.1004,4.000,649.227,829.400,10.040,6.924,0.180
285.1983,5.000,636.053,807.357,13.769,8.026,0.180
285.3058,6.000,622.174,785.928,16.632,8.258,0.180
285.4059,6.000,600.878,775.437,10.144,1.739,0.180
285.5052,7.000,592.248,748.674,17.976,6.934,0.180
285.6079,9.000,586.987,714.875,30.885,14.597,0.180
285.7054,9.000,560.990,708.897,19.408,3.073,0.180
285.8031,10.000,551.566,682.768,26.203,7.215,0.180
285.9012,11.000,538.934,659.805,29.732,8.087,0.180
285.9987,12.000,525.666,637.443,32.578,8.271,0.180
286.0972,13.000,512.299,615.149,35.284,8.310,0.180
286.2051,13.000,491.569,603.793,28.791,1.749,0.180
286.3046,13.000,491.681,603.464,27.478,0.368,0.180
286.4047,14.000,500.043,591.317,36.428,6.646,0.180
286.5017,14.000,495.870,595.275,31.254,1.399,0.180
286.5998,15.000,503.062,584.299,39.396,6.863,0.180
286.7063,15.000,498.414,588.730,34.056,1.445,0.180
286.8062,16.000,505.314,578.046,42.167,6.873,0.180
286.9040,16.000,500.442,582.701,36.825,1.447,0.180
287.0010,16.000,499.782,583.177,35.765,0.305,0.180
287.1001,17.000,507.339,571.864,44.782,6.633,0.180
287.1991,17.000,502.450,576.560,39.634,1.396,0.180
287.3072,17.000,501.656,577.190,38.620,0.294,0.180
287.4055,18.000,509.073,566.034,47.650,6.630,0.180
287.5053,18.000,504.061,570.867,42.509,1.396,0.180
287.6009,18.000,503.162,571.614,41.501,0.294,0.180
287.6978,18.000,503.117,571.530,41.362,0.062,0.180
287.8064,17.000,492.867,579.270,32.233,-6.555,0.180
287.9052,17.000,498.678,574.326,37.497,-1.380,0.180
288.0027,17.000,500.322,573.420,38.675,-0.291,0.180
288.1008,16.000,490.661,581.306,29.819,-6.630,0.180
288.1968,16.000,496.794,576.666,35.136,-1.396,0.180
288.3057,15.000,488.300,584.029,27.148,-6.862,0.180
288.4062,15.000,494.865,579.502,32.643,-1.445,0.180
288.5049,14.000,486.619,587.080,24.688,-6.873,0.180
288.6019,13.000,482.997,590.735,21.013,-8.015,0.180
288.7002,13.000,490.937,585.823,27.409,-1.687,0.180
288.7995,12.000,483.276,593.657,19.635,-6.924,0.180
288.8964,11.000,480.027,597.653,15.990,-8.026,0.180
289.0030,11.000,488.258,593.058,22.383,-1.690,0.180
289.0999,10.000,480.836,601.170,14.601,-6.924,0.180
289.1974,8.000,467.415,613.378,1.772,-14.595,0.180
289.3058,6.000,460.727,620.234,-5.012,-16.209,0.180
289.4049,5.000,466.263,618.441,-1.357,-9.981,0.180
289.5050,4.000,466.894,621.592,-2.625,-8.670,0.180
289.6034,3.000,466.501,625.800,-4.934,-8.394,0.180
289.7055,2.000,465.896,630.247,-7.465,-8.335,0.180
289.8022,-0.000,454.878,642.731,-19.221,-14.892,0.180
289.8986,-2.000,448.315,649.340,-25.812,-16.272,0.180
289.9964,-3.000,453.201,646.894,-22.150,-9.994,0.180
290.1045,-5.000,441.668,656.300,-32.622,-15.241,0.180
290.2014,-7.000,433.826,661.134,-38.963,-16.345,0.180
290.2996,-9.000,426.470,664.733,-44.443,-16.578,0.180
290.4001,-10.000,429.943,660.467,-40.575,-10.059,0.180
290.4974,-11.000,428.023,661.113,-41.860,-8.686,0.180
290.5961,-13.000,413.836,670.017,-53.407,-14.965,0.180
290.7064,-14.000,415.366,666.397,-50.833,-9.719,0.180
290.7962,-15.000,412.605,666.781,-52.407,-8.615,0.180
290.9035,-16.000,408.845,667.921,-54.858,-8.382,0.180
291.0009,-17.000,404.792,669.146,-57.497,-8.333,0.180
291.0995,-18.000,400.608,670.327,-60.180,-8.323,0.180
291.1974,-19.000,396.336,671.447,-62.877,-8.321,0.180
291.3063,-19.000,402.966,665.136,-56.407,-1.752,0.180
291.4036,-20.000,393.517,671.257,-64.192,-6.937,0.180
291.5014,-20.000,399.080,665.866,-58.716,-1.460,0.180
291.5995,-21.000,389.338,672.154,-66.731,-6.876,0.180
291.6977,-22.000,383.830,674.126,-70.471,-8.016,0.180
291.8069,-23.000,379.187,675.163,-73.311,-8.256,0.180
291.9062,-24.000,374.704,675.980,-75.962,-8.307,0.180
291.9957,-25.000,370.236,676.733,-78.572,-8.317,0.180
292.1034,-26.000,365.755,677.456,-81.175,-8.319,0.180
292.2022,-27.000,361.257,678.160,-83.775,-8.320,0.180
292.3019,-28.000,356.745,678.847,-86.375,-8.320,0.180
292.3991,-28.000,363.188,672.153,-79.807,-1.752,0.180
292.4978,-29.000,353.495,678.032,-87.592,-6.937,0.180
292.5955,-30.000,347.883,679.803,-91.284,-8.029,0.180
292.7045,-31.000,343.120,680.700,-94.114,-8.259,0.180
292.8013,-32.000,338.529,681.405,-96.762,-8.307,0.180
292.9003,-32.000,344.936,674.696,-90.204,-1.749,0.180
293.0019,-33.000,335.220,680.555,-97.992,-6.937,0.180
293.1007,-34.000,329.588,682.308,-101.684,-8.029,0.180
293.1980,-34.000,335.778,675.821,-95.345,-1.690,0.180
293.2960,-35.000,326.018,681.728,-103.179,-6.924,0.180
293.4033,-35.000,331.348,676.125,-97.713,-1.458,0.180
293.5016,-35.000,332.382,674.857,-96.562,-0.307,0.180
293.5984,-36.000,321.556,681.884,-105.488,-6.633,0.180
293.6968,-36.000,326.679,676.533,-100.252,-1.396,0.180
293.8048,-36.000,327.684,675.333,-99.149,-0.294,0.180
293.9015,-36.000,327.834,675.019,-98.917,-0.062,0.180
294.0001,-36.000,327.812,674.900,-98.868,-0.013,0.180
294.0971,-37.000,316.794,682.198,-108.026,-6.571,0.180
294.2040,-36.000,329.870,666.561,-93.670,5.185,0.180
294.3015,-37.000,315.220,678.435,-106.932,-5.477,0.180
294.3992,-37.000,319.863,674.430,-102.608,-1.153,0.180
294.4977,-37.000,321.045,673.792,-101.698,-0.243,0.180
294.5961,-36.000,329.436,663.463,-92.338,6.517,0.180
294.7036,-36.000,324.967,669.284,-97.483,1.372,0.180
294.8028,-36.000,324.459,670.942,-98.566,0.289,0.180
294.9011,-36.000,324.719,671.659,-98.794,0.061,0.180
295.0052,-36.000,325.087,672.123,-98.842,0.013,0.180
295.1026,-36.000,325.430,672.486,-98.852,0.003,0.180
295.2026,-35.000,333.696,662.419,-89.686,6.569,0.180
295.2992,-35.000,329.245,668.341,-94.872,1.383,0.180
295.3986,-35.000,328.778,670.057,-95.964,0.291,0.180
295.4972,-35.000,329.079,670.818,-96.194,0.061,0.180
295.5963,-35.000,329.482,671.318,-96.242,0.013,0.180
295.6946,-34.000,337.824,661.343,-87.084,6.571,0.180
295.8058,-34.000,333.443,667.337,-92.272,1.383,0.180
295.9039,-34.000,333.036,669.115,-93.364,0.291,0.180
296.0014,-34.000,333.388,669.927,-93.594,0.061,0.180
296.1008,-34.000,333.835,670.471,-93.642,0.013,0.180
296.1988,-34.000,334.246,670.902,-93.652,0.003,0.180
296.2963,-34.000,334.601,671.261,-93.655,0.001,0.180
296.3945,-34.000,334.905,671.566,-93.655,0.000,0.180
296.4944,-34.000,335.163,671.824,-93.655,0.000,0.180
296.6036,-34.000,335.383,672.044,-93.655,0.000,0.180
296.7015,-34.000,335.570,672.231,-93.655,0.000,0.180
296.7994,-33.000,343.697,662.021,-84.487,6.568,0.180
296.9006,-33.000,339.126,667.822,-89.672,1.383,0.180
296.9988,-32.000,346.525,659.068,-81.596,6.860,0.180
297.0970,-32.000,342.034,665.407,-87.011,1.444,0.180
297.1950,-31.000,349.648,656.965,-78.983,6.872,0.180
297.2946,-29.000,361.307,642.801,-66.071,14.584,0.180
297.3952,-28.000,359.698,645.882,-68.416,9.639,0.180
297.5029,-25.000,378.119,624.511,-48.521,21.734,0.180
297.5994,-24.000,372.175,634.548,-56.511,11.144,0.180
297.6970,-23.000,374.585,636.217,-56.141,8.915,0.180
297.7953,-21.000,386.718,625.752,-44.842,15.014,0.180
297.9038,-19.000,394.411,620.675,-38.456,16.298,0.180
298.0039,-17.000,401.505,617.005,-33.074,16.568,0.180
298.1010,-16.000,400.766,624.256,-37.069,10.056,0.180
298.1986,-14.000,412.958,615.798,-26.744,15.254,0.180
298.2954,-13.000,413.403,622.127,-29.686,9.780,0.180
298.3953,-12.000,417.967,623.921,-28.301,8.627,0.180
298.4940,-11.000,423.270,624.623,-26.001,8.385,0.180
298.6017,-10.000,428.619,624.977,-23.504,8.334,0.180
298.7028,-10.000,425.911,635.533,-30.135,1.754,0.180
298.8005,-10.000,427.810,640.305,-31.572,0.369,0.180
298.8990,-10.000,430.301,643.484,-31.916,0.078,0.180
298.9953,-9.000,440.571,635.634,-22.856,6.585,0.180
299.1043,-9.000,437.854,643.407,-28.101,1.386,0.180
299.2033,-8.000,446.836,636.324,-20.068,6.860,0.180
299.2995,-7.000,451.659,633.715,-16.352,8.013,0.180
299.3978,-5.000,463.684,621.770,-4.367,14.824,0.180
299.4967,-3.000,470.937,615.787,2.251,16.258,0.180
299.5944,-1.000,477.574,611.429,7.748,16.560,0.180
299.6961,1.000,483.811,607.129,13.016,16.623,0.180
299.7947,2.000,481.889,613.097,9.072,10.068,0.180
299.9039,4.000,491.918,602.308,19.481,15.256,0.180
300.0018,6.000,497.319,595.061,25.804,16.349,0.180
300.1028,8.000,501.405,588.205,31.276,16.579,0.180
300.2016,9.000,497.555,592.101,27.403,10.059,0.180
300.3012,11.000,505.928,579.567,37.856,15.254,0.180
300.3990,12.000,502.547,581.811,35.044,9.780,0.180
300.4981,13.000,503.279,579.513,36.559,8.627,0.180
300.5945,13.000,497.370,587.091,29.815,1.816,0.180
300.6928,14.000,504.086,578.193,37.622,6.951,0.180
300.8019,14.000,499.245,584.180,32.208,1.463,0.180
300.9010,14.000,498.649,585.749,31.125,0.308,0.180
300.9989,14.000,498.892,586.334,30.955,0.065,0.180
301.0970,14.000,499.266,586.664,30.977,0.014,0.180
301.1983,14.000,499.627,586.901,31.039,0.003,0.180
301.2990,15.000,507.325,576.111,40.283,6.569,0.180
301.3996,16.000,509.777,570.431,44.348,7.951,0.180
301.4967,17.000,511.084,565.780,47.328,8.242,0.180
301.5950,18.000,512.118,561.304,50.083,8.304,0.180
301.7025,18.000,505.693,567.803,43.621,1.748,0.180
301.7997,19.000,511.812,558.148,51.508,6.936,0.180
301.8976,19.000,506.431,563.522,46.130,1.460,0.180
301.9941,20.000,512.644,553.703,54.146,6.876,0.180
302.1031,20.000,507.184,559.099,48.718,1.448,0.180
302.1932,20.000,506.013,560.215,47.575,0.305,0.180
302.3021,20.000,505.749,560.432,47.334,0.064,0.180
302.4006,19.000,495.409,568.332,38.214,-6.555,0.180
302.4979,19.000,501.146,563.522,43.488,-1.380,0.180
302.5959,17.000,481.981,578.674,26.329,-13.427,0.180
302.6934,16.000,483.591,577.254,27.844,-9.395,0.180
302.8015,15.000,482.298,579.307,26.171,-8.546,0.180
302.9014,13.000,470.199,590.253,14.649,-14.936,0.180
302.9991,12.000,474.195,588.877,17.334,-9.713,0.180
303.0942,11.000,474.165,591.733,15.891,-8.613,0.180
303.1926,10.000,473.350,595.551,13.575,-8.382,0.180
303.3009,8.000,462.048,607.606,1.897,-14.901,0.180
303.4001,7.000,466.800,607.093,4.529,-9.706,0.180
303.4985,7.000,477.800,602.696,12.228,-2.043,0.180
303.5961,5.000,461.509,619.800,-4.470,-13.567,0.180
303.6955,5.000,475.591,612.409,6.267,-2.856,0.180
303.7926,4.000,470.342,620.946,-0.626,-7.170,0.180
303.9015,3.000,468.547,626.135,-4.119,-8.078,0.180
303.9991,2.000,467.509,630.659,-6.899,-8.269,0.180
304.0979,1.000,466.655,635.075,-9.534,-8.309,0.180
304.1976,-0.000,465.860,639.497,-12.143,-8.318,0.180
304.2978,-1.000,464.495,643.346,-14.750,-8.320,0.180
304.3971,-2.000,462.640,646.713,-17.361,-8.320,0.180
304.4930,-3.000,460.367,649.671,-19.976,-8.320,0.180
304.6006,-4.000,457.737,652.282,-22.597,-8.320,0.180
304.7000,-6.000,443.830,661.974,-34.397,-14.888,0.180
304.7977,-6.000,456.761,651.460,-22.674,-3.134,0.180
304.8978,-7.000,449.258,657.417,-29.404,-7.228,0.180
304.9956,-7.000,455.771,652.590,-23.734,-1.522,0.180
305.0960,-7.000,457.653,652.142,-22.569,-0.320,0.180
305.1955,-7.000,458.478,652.535,-22.353,-0.067,0.180
305.2933,-6.000,466.987,642.662,-13.162,6.554,0.180
305.4016,-6.000,462.701,648.788,-18.368,1.380,0.180
305.5006,-6.000,462.363,650.690,-19.488,0.290,0.180
305.5986,-5.000,470.741,641.242,-10.575,6.630,0.180
305.6946,-6.000,455.552,654.920,-25.009,-5.173,0.180
305.7922,-6.000,460.463,651.726,-20.956,-1.089,0.180
305.9008,-6.000,462.021,651.627,-20.128,-0.229,0.180
305.9970,-7.000,451.817,659.471,-29.151,-6.617,0.180
306.0939,-8.000,446.528,662.155,-33.138,-7.961,0.180
306.1942,-9.000,442.191,663.677,-36.068,-8.245,0.180
306.2919,-10.000,437.983,664.892,-38.779,-8.304,0.180
306.4008,-11.000,433.741,665.990,-41.449,-8.317,0.180
306.4972,-14.000,407.493,681.766,-62.461,-21.456,0.180
306.5937,-15.000,413.435,672.323,-54.769,-11.086,0.180
306.6938,-16.000,411.147,671.035,-55.269,-8.902,0.180
306.7931,-14.000,434.019,643.323,-29.976,11.263,0.180
306.8930,-12.000,441.945,632.483,-20.594,15.508,0.180
307.0003,-11.000,439.375,636.177,-23.725,9.833,0.180
307.1008,-10.000,441.505,635.601,-22.372,8.639,0.180
307.1987,-7.000,460.715,613.513,-1.723,21.524,0.180
307.2978,-6.000,454.936,623.445,-9.579,11.100,0.180
307.3947,-5.000,457.381,625.130,-9.199,8.905,0.180
307.4930,-4.000,461.554,625.069,-7.082,8.443,0.180
307.6008,-3.000,466.088,624.628,-4.595,8.346,0.180
307.6981,-2.000,470.697,624.099,-2.026,8.325,0.180
307.7967,-2.000,467.348,633.917,-8.609,1.753,0.180
307.8959,-1.000,476.676,627.686,-0.829,6.937,0.180
307.9962,-0.000,481.984,625.611,2.862,8.029,0.180
308.0941,-0.000,478.520,634.824,-3.476,1.690,0.180
308.1915,-0.000,479.628,638.601,-4.811,0.356,0.180
308.2992,1.000,488.798,629.985,4.082,6.643,0.180
308.3978,1.000,485.293,636.960,-1.158,1.399,0.180
308.4971,1.000,485.669,639.533,-2.257,0.294,0.180
308.5956,3.000,501.442,619.067,15.863,13.199,0.180
308.6958,3.000,492.043,630.477,5.459,2.779,0.180
308.7925,4.000,498.094,622.536,12.454,7.153,0.180
308.9007,5.000,500.537,617.886,16.001,8.074,0.180
308.9987,5.000,494.751,624.796,9.653,1.700,0.180
309.0978,5.000,493.912,626.590,8.337,0.358,0.180
309.1973,5.000,494.062,627.253,8.080,0.075,0.180
309.2961,5.000,494.374,627.631,8.047,0.016,0.180
309.3977,5.000,494.680,627.911,8.060,0.003,0.180
309.4990,4.000,484.580,636.111,-1.090,-6.568,0.180
309.5970,4.000,490.477,631.597,4.116,-1.383,0.180
309.6940,3.000,481.804,639.046,-3.945,-6.860,0.180
309.7921,1.000,467.468,650.542,-16.862,-14.581,0.180
309.9005,1.000,480.777,640.819,-5.345,-3.070,0.180
310.0003,-0.000,474.356,647.888,-12.090,-7.215,0.180
310.0978,-1.000,470.854,651.341,-15.568,-8.087,0.180
310.1971,-1.000,478.713,646.441,-9.189,-1.703,0.180
310.2944,-2.000,470.335,653.733,-17.023,-6.927,0.180
310.3935,-2.000,476.832,649.313,-11.565,-1.458,0.180
310.5005,-2.000,478.856,649.055,-10.424,-0.307,0.180
310.6005,-2.000,479.838,649.574,-10.192,-0.065,0.180
310.6971,-2.000,480.517,650.171,-10.152,-0.014,0.180
310.7953,-1.000,489.033,640.339,-0.978,6.566,0.180
310.8937,-1.000,484.785,646.468,-6.166,1.382,0.180
310.9915,-1.000,484.488,648.365,-7.263,0.291,0.180
311.0903,-1.000,484.933,649.279,-7.497,0.061,0.180
311.1984,-1.000,485.457,649.911,-7.551,0.013,0.180
311.2980,-1.000,485.933,650.417,-7.566,0.003,0.180
311.3952,-2.000,475.370,658.216,-16.747,-6.568,0.180
311.4936,-3.000,469.896,660.739,-20.746,-7.951,0.180
311.5902,-3.000,476.403,654.724,-14.485,-1.674,0.180
311.6906,-3.000,477.919,653.627,-13.179,-0.352,0.180
311.7994,-4.000,467.385,660.916,-22.090,-6.643,0.180
311.8979,-4.000,472.730,655.814,-16.866,-1.398,0.180
311.9954,-5.000,462.942,662.207,-24.957,-6.863,0.180
312.0929,-5.000,468.392,656.873,-19.565,-1.445,0.180
312.1911,-6.000,458.582,663.180,-27.624,-6.873,0.180
312.2918,-6.000,463.988,657.797,-22.229,-1.447,0.180
312.3902,-7.000,454.135,664.070,-30.292,-6.873,0.180
312.4986,-7.000,459.503,658.659,-24.902,-1.447,0.180
312.5982,-8.000,449.617,664.908,-32.970,-6.873,0.180
312.6970,-8.000,454.956,659.478,-27.585,-1.447,0.180
312.7938,-8.000,456.018,658.338,-26.485,-0.305,0.180
312.8916,-9.000,445.210,665.480,-35.459,-6.633,0.180
312.9995,-9.000,450.342,660.233,-30.270,-1.396,0.180
313.0983,-9.000,451.348,659.128,-29.214,-0.294,0.180
313.1963,-9.000,451.491,658.900,-29.029,-0.062,0.180
313.2922,-10.000,440.484,666.236,-38.201,-6.581,0.180
313.3991,-10.000,445.568,661.032,-33.057,-1.386,0.180
313.4955,-11.000,435.585,667.313,-41.188,-6.860,0.180
313.5922,-12.000,429.896,669.254,-45.003,-8.013,0.180
313.7002,-12.000,436.067,662.898,-38.740,-1.687,0.180
313.7985,-13.000,426.284,668.924,-46.644,-6.924,0.180
313.8966,-14.000,420.612,670.802,-50.420,-8.026,0.180
313.9953,-15.000,415.790,671.800,-53.330,-8.258,0.180
314.0952,-16.000,411.132,672.607,-56.062,-8.307,0.180
314.1949,-18.000,395.523,680.742,-67.934,-14.886,0.180
314.2916,-19.000,396.032,676.281,-65.449,-9.702,0.180
314.3917,-20.000,392.543,675.810,-66.958,-8.611,0.180
314.4898,-21.000,388.190,676.198,-69.328,-8.381,0.180
314.5997,-21.000,394.621,669.396,-62.712,-1.764,0.180
314.6895,-23.000,373.920,682.582,-79.655,-13.508,0.180
314.7995,-24.000,373.422,679.092,-78.159,-9.412,0.180
314.8968,-24.000,380.658,671.467,-70.729,-1.982,0.180
314.9956,-26.000,360.120,684.473,-87.501,-13.554,0.180
315.0932,-27.000,359.651,680.941,-85.969,-9.422,0.180
315.1902,-27.000,366.889,673.302,-78.531,-1.984,0.180
315.2902,-28.000,357.316,678.933,-86.133,-6.986,0.180
315.3997,-28.000,362.656,673.243,-80.618,-1.471,0.180
315.4964,-28.000,363.669,671.933,-79.457,-0.310,0.180
315.5947,-27.000,371.755,661.194,-70.044,6.503,0.180
315.6944,-27.000,366.994,666.701,-75.178,1.369,0.180
315.7919,-26.000,374.198,657.730,-67.090,6.857,0.180
315.8894,-26.000,369.534,663.892,-72.504,1.444,0.180
315.9982,-27.000,358.063,673.037,-82.812,-6.265,0.180
316.0962,-27.000,363.520,668.603,-77.866,-1.319,0.180
316.1920,-27.000,364.995,667.996,-76.825,-0.278,0.180
316.2891,-27.000,365.584,668.146,-76.606,-0.058,0.180
316.3892,-27.000,365.944,668.414,-76.559,-0.012,0.180
316.4987,-27.000,366.221,668.671,-76.550,-0.003,0.180
316.5970,-27.000,366.450,668.896,-76.548,-0.001,0.180
316.6936,-27.000,366.643,669.088,-76.547,-0.000,0.180
316.7930,-27.000,366.807,669.252,-76.547,-0.000,0.180
316.8908,-26.000,374.915,659.023,-67.379,6.568,0.180
316.9978,-26.000,370.327,664.807,-72.564,1.383,0.180
317.0946,-25.000,377.713,656.039,-64.488,6.860,0.180
317.1939,-25.000,373.210,662.367,-69.903,1.444,0.180
317.2911,-24.000,380.814,653.914,-61.875,6.872,0.180
317.3887,-23.000,384.496,650.110,-58.132,8.015,0.180
317.4989,-21.000,395.553,637.150,-46.123,14.824,0.180
317.5984,-20.000,394.009,640.676,-48.658,9.689,0.180
317.6989,-16.000,420.492,609.277,-19.717,28.314,0.180
317.7976,-14.000,417.915,614.877,-23.806,19.098,0.180
317.8960,-10.000,438.944,592.817,-2.261,30.294,0.180
317.9939,-7.000,444.458,591.226,1.291,26.083,0.180
318.0938,-3.000,461.891,576.527,17.358,31.765,0.180
318.1936,-2.000,451.934,598.409,1.438,13.256,0.180
318.2907,-1.000,456.000,605.079,0.136,9.359,0.180
318.3893,1.000,470.017,597.188,11.090,15.107,0.180
318.4882,3.000,478.446,592.766,17.515,16.317,0.180
318.5962,3.000,470.282,610.335,4.649,3.435,0.180
318.6933,4.000,478.957,606.056,11.126,7.292,0.180
318.7929,5.000,483.962,604.186,14.564,8.104,0.180
318.8916,5.000,480.424,613.390,8.192,1.706,0.180
318.9915,5.000,481.510,617.118,6.872,0.359,0.180
319.0913,7.000,498.047,597.475,24.961,13.212,0.180
319.1927,6.000,478.958,617.523,5.393,-3.787,0.180
319.2909,7.000,491.260,605.436,17.588,5.771,0.180
319.3883,7.000,488.332,611.547,13.068,1.215,0.180
319.4889,9.000,503.509,591.876,30.492,13.393,0.180
319.5878,11.000,508.820,581.545,38.313,15.956,0.180
319.6978,12.000,504.520,583.977,34.947,9.928,0.180
319.7880,12.000,497.451,592.459,27.172,2.090,0.180
319.8975,13.000,503.838,583.674,34.758,7.008,0.180
319.9956,15.000,513.600,567.672,47.640,14.612,0.180
320.0939,15.000,502.490,579.478,36.182,3.076,0.180
320.1904,15.000,500.436,582.125,33.831,0.648,0.180
320.2982,15.000,500.254,582.810,33.398,0.136,0.180
320.3879,17.000,515.186,561.106,51.715,13.166,0.180
320.4881,17.000,505.002,571.534,41.410,2.772,0.180
320.5962,17.000,503.006,573.737,39.310,0.584,0.180
320.6949,19.000,517.469,552.250,57.285,13.260,0.180
320.7922,19.000,507.114,562.634,46.916,2.792,0.180
320.8891,20.000,512.292,553.882,53.880,7.156,0.180
320.9876,19.000,496.353,567.382,39.161,-5.062,0.180
321.0980,20.000,508.181,552.881,52.326,5.503,0.180
321.1967,19.000,493.931,565.459,38.912,-5.410,0.180
321.2938,18.000,488.717,569.852,34.108,-7.707,0.180
321.3945,17.000,485.673,572.799,31.113,-8.191,0.180
321.4918,16.000,483.313,575.676,28.494,-8.293,0.180
321.5917,16.000,491.662,570.765,35.124,-1.746,0.180
321.6912,15.000,484.212,578.739,27.412,-6.936,0.180
321.7881,15.000,491.488,574.908,32.966,-1.460,0.180
321.8871,14.000,483.809,583.114,25.023,-6.876,0.180
321.9868,13.000,480.661,587.311,21.351,-8.016,0.180
322.0949,13.000,489.003,582.861,27.747,-1.688,0.180
322.1925,12.000,481.683,591.089,19.973,-6.924,0.180
322.2900,12.000,489.098,587.446,25.501,-1.458,0.180
322.3888,12.000,491.914,587.836,26.714,-0.307,0.180
322.4958,11.000,483.207,596.867,17.845,-6.633,0.180
322.5942,10.000,479.766,601.185,13.966,-7.965,0.180
322.6903,10.000,487.978,596.718,20.306,-1.677,0.180
322.7897,9.000,480.572,604.907,12.508,-6.921,0.180
322.8879,9.000,487.916,601.229,18.019,-1.457,0.180
322.9962,8.000,480.297,609.563,10.042,-6.875,0.180
323.0939,8.000,487.571,605.898,15.512,-1.447,0.180
323.1919,7.000,479.915,614.221,7.523,-6.873,0.180
323.2912,7.000,487.161,610.542,12.985,-1.447,0.180
323.3871,6.000,479.482,618.853,4.990,-6.873,0.180
323.4956,5.000,476.334,623.138,1.274,-8.015,0.180
323.5991,5.000,484.672,618.767,7.628,-1.687,0.180
323.6868,3.000,466.969,635.042,-9.361,-13.492,0.180
323.7967,2.000,469.655,634.741,-7.868,-9.409,0.180
323.8943,1.000,469.234,637.791,-9.603,-8.549,0.180
323.9928,-0.000,468.232,641.626,-12.022,-8.368,0.180
324.0898,-1.000,466.569,645.098,-14.589,-8.330,0.180
324.1885,-2.000,464.435,648.169,-17.191,-8.322,0.180
324.2882,-3.000,461.920,650.881,-19.805,-8.320,0.180
324.3963,-4.000,459.083,653.285,-22.426,-8.320,0.180
324.4930,-5.000,455.973,655.427,-25.052,-8.320,0.180
324.5924,-7.000,441.657,664.721,-36.856,-14.888,0.180
324.6896,-8.000,443.267,661.242,-34.312,-9.703,0.180
324.7862,-9.000,440.617,661.703,-35.867,-8.611,0.180
324.8950,-10.000,436.965,662.895,-38.290,-8.381,0.180
324.9918,-11.000,433.010,664.158,-40.898,-8.333,0.180
325.0901,-12.000,428.914,665.366,-43.551,-8.323,0.180
325.1885,-12.000,435.695,659.131,-37.042,-1.752,0.180
325.2968,-13.000,426.274,665.415,-44.895,-6.937,0.180
325.3867,-13.000,431.850,660.173,-39.486,-1.460,0.180
325.4947,-13.000,433.078,659.230,-38.401,-0.307,0.180
325.5929,-13.000,433.373,659.175,-38.225,-0.065,0.180
325.6909,-13.000,433.459,659.294,-38.242,-0.014,0.180
325.7888,-13.000,433.490,659.439,-38.299,-0.003,0.180
325.8865,-12.000,441.472,649.204,-29.191,6.568,0.180
325.9954,-12.000,436.768,654.995,-34.438,1.383,0.180
326.0946,-10.000,452.022,635.863,-17.245,13.428,0.180
326.1927,-10.000,442.722,647.869,-27.898,2.827,0.180
326.2897,-9.000,449.561,640.928,-21.008,7.164,0.180
326.3878,-8.000,453.290,637.714,-17.537,8.077,0.180
326.4966,-8.000,448.590,645.850,-23.954,1.700,0.180
326.5945,-7.000,456.641,638.321,-16.165,6.926,0.180
326.6917,-6.000,460.831,635.174,-12.496,8.027,0.180
326.7883,-5.000,464.380,633.112,-9.690,8.258,0.180
326.8852,-4.000,467.940,631.415,-7.062,8.307,0.180
326.9936,-4.000,463.653,640.286,-13.641,1.749,0.180
327.0915,-3.000,472.174,633.263,-5.869,6.937,0.180
327.1908,-3.000,468.818,640.890,-11.361,1.460,0.180
327.2883,-3.000,469.465,643.875,-12.529,0.307,0.180
327.3861,-2.000,478.723,635.303,-3.614,6.633,0.180
327.4939,-3.000,464.295,649.715,-18.035,-5.172,0.180
327.5947,-3.000,469.855,647.141,-13.967,-1.089,0.180
327.6924,-3.000,471.968,647.566,-13.123,-0.229,0.180
327.7901,-4.000,462.239,655.853,-22.131,-6.617,0.180
327.8860,-5.000,457.355,658.910,-26.102,-7.961,0.180
327.9920,-6.000,453.364,660.748,-29.016,-8.245,0.180
328.0889,-6.000,460.427,654.856,-22.539,-1.736,0.180
328.1871,-6.000,462.264,654.014,-21.200,-0.365,0.180
328.2937,-7.000,451.970,661.554,-30.116,-6.645,0.180
328.3942,-7.000,457.510,656.673,-24.906,-1.399,0.180
328.4931,-7.000,458.858,655.885,-23.838,-0.295,0.180
328.5892,-7.000,459.292,655.927,-23.642,-0.062,0.180
328.6871,-7.000,459.507,656.117,-23.629,-0.013,0.180
328.7853,-7.000,459.653,656.315,-23.655,-0.003,0.180
328.8947,-7.000,459.765,656.495,-23.690,-0.001,0.180
328.9919,-6.000,467.827,646.282,-14.552,6.568,0.180
329.0900,-7.000,452.222,659.458,-28.942,-5.186,0.180
329.1890,-7.000,456.747,655.868,-24.885,-1.092,0.180
329.2859,-7.000,457.970,655.440,-24.059,-0.230,0.180
329.3950,-7.000,458.453,655.633,-23.914,-0.048,0.180
329.4916,-7.000,458.742,655.918,-23.913,-0.010,0.180
329.5883,-7.000,458.958,656.191,-23.941,-0.002,0.180
329.6851,-8.000,448.157,663.807,-33.149,-6.569,0.180
329.7922,-8.000,453.448,658.809,-28.005,-1.383,0.180
329.8898,-8.000,454.623,657.883,-26.955,-0.291,0.180
329.9878,-8.000,454.917,657.801,-26.766,-0.061,0.180
330.0854,-9.000,444.040,665.258,-35.933,-6.581,0.180
330.1937,-9.000,449.235,660.155,-30.784,-1.386,0.180
330.2919,-10.000,439.348,666.521,-38.911,-6.860,0.180
330.3901,-9.000,452.689,650.787,-24.373,5.124,0.180
330.4868,-10.000,438.106,662.736,-37.639,-5.490,0.180
330.5934,-10.000,442.769,658.835,-33.357,-1.156,0.180
330.6917,-10.000,443.953,658.298,-32.497,-0.243,0.180
330.7886,-10.000,444.368,658.432,-32.357,-0.051,0.180
330.8900,-9.000,452.564,648.304,-23.195,6.558,0.180
330.9885,-9.000,448.018,654.207,-28.419,1.381,0.180
331.0849,-9.000,447.459,655.920,-29.555,0.291,0.180
331.1846,-9.000,447.673,656.687,-29.832,0.061,0.180
331.2957,-9.000,447.994,657.199,-29.927,0.013,0.180
331.3946,-9.000,448.292,657.610,-29.984,0.003,0.180
331.4914,-8.000,456.517,647.586,-20.859,6.569,0.180
331.5880,-8.000,452.026,653.550,-26.087,1.383,0.180
331.6864,-8.000,451.518,655.309,-27.220,0.291,0.180
331.7946,-8.000,451.778,656.112,-27.491,0.061,0.180
331.8928,-8.000,452.140,656.654,-27.581,0.013,0.180
331.9925,-8.000,452.473,657.090,-27.633,0.003,0.180
332.0902,-8.000,452.755,657.460,-27.677,0.001,0.180
332.1873,-8.000,452.991,657.780,-27.719,0.000,0.180
332.2845,-8.000,453.185,658.058,-27.761,0.000,0.180
332.3947,-8.000,453.344,658.300,-27.802,0.000,0.180
332.4841,-8.000,453.473,658.512,-27.844,0.000,0.180
332.5841,-8.000,453.576,658.698,-27.886,0.000,0.180
332.6933,-8.000,453.658,658.863,-27.927,0.000,0.180
332.7910,-8.000,453.721,659.009,-27.969,0.000,0.180
332.8885,-8.000,453.768,659.140,-28.010,0.000,0.180
332.9861,-8.000,453.802,659.257,-28.052,0.000,0.180
333.0836,-7.000,461.799,648.989,-18.920,6.568,0.180
333.1934,-7.000,457.111,654.746,-24.142,1.383,0.180
333.2914,-7.000,456.438,656.329,-25.270,0.291,0.180
333.3890,-7.000,456.558,656.981,-25.536,0.061,0.180
333.4856,-7.000,456.801,657.394,-25.621,0.013,0.180
333.5865,-6.000,465.007,647.346,-16.494,6.571,0.180
333.6931,-6.000,460.506,653.282,-21.713,1.383,0.180
333.7915,-6.000,459.992,655.015,-22.836,0.291,0.180
333.8919,-5.000,468.222,645.421,-13.924,6.630,0.180
333.9936,-5.000,463.883,651.602,-19.184,1.396,0.180
334.0903,-4.000,471.511,643.138,-11.138,6.862,0.180
334.1886,-4.000,467.218,649.722,-16.576,1.445,0.180
334.2864,-3.000,475.003,641.483,-8.564,6.873,0.180
334.3846,-3.000,470.869,648.231,-14.005,1.447,0.180
334.4854,-2.000,478.796,640.127,-5.990,6.873,0.180
334.5835,-1.000,482.758,636.614,-2.253,8.015,0.180
334.6920,-1.000,478.116,644.638,-8.586,1.687,0.180
334.7898,-0.000,486.189,637.039,-0.749,6.924,0.180
334.8879,1.000,489.798,633.233,2.958,8.026,0.180
334.9861,2.000,492.257,630.007,5.801,8.258,0.180
335.0920,3.000,494.296,626.717,8.465,8.307,0.180
335.1889,4.000,496.094,623.253,11.096,8.317,0.180
335.2862,4.000,490.342,630.591,4.551,1.751,0.180
335.3832,5.000,497.027,621.653,12.363,6.937,0.180
335.4925,5.000,519.027,631.370,7.302,1.431,0.320
335.5899,6.000,555.748,622.543,20.556,11.851,0.320
335.6889,6.000,570.211,639.564,11.184,2.445,0.320
335.7872,6.000,590.951,650.360,9.276,0.505,0.320
335.8841,6.000,612.221,660.670,8.910,0.104,0.320
335.9924,6.000,632.951,671.558,8.861,0.021,0.320
336.0913,5.000,637.576,696.423,-5.484,-11.551,0.320
336.1891,5.000,666.783,700.057,3.711,-2.384,0.320
336.2901,4.000,672.659,724.711,-8.730,-12.047,0.320
336.3866,4.000,701.700,729.395,0.854,-2.486,0.320
336.4826,2.000,691.738,768.477,-25.873,-23.624,0.320
336.5896,1.000,714.696,778.887,-21.474,-16.430,0.320
336.6885,-0.000,731.962,795.598,-22.789,-14.946,0.320
336.7846,-1.000,747.225,813.150,-25.289,-14.640,0.320
336.8928,-2.000,761.541,830.661,-28.037,-14.576,0.320
336.9899,-5.000,742.648,872.863,-59.563,-37.675,0.320
337.0880,-7.000,757.583,883.834,-58.413,-30.885,0.320
337.1858,-8.000,782.879,887.493,-48.301,-17.929,0.320
337.2834,-10.000,781.295,913.783,-62.839,-26.811,0.320
337.3827,-11.000,802.635,920.379,-55.978,-17.088,0.320
337.4906,-12.000,816.048,934.645,-56.839,-15.082,0.320
337.5876,-12.000,843.970,938.025,-44.936,-3.112,0.320
337.6837,-13.000,846.096,963.441,-56.895,-12.198,0.320
337.7928,-15.000,839.001,994.041,-76.009,-25.628,0.320
337.8923,-16.000,858.579,1001.377,-70.114,-16.844,0.320
337.9896,-17.000,871.095,1015.672,-71.197,-15.031,0.320
338.0887,-18.000,882.094,1031.397,-73.724,-14.657,0.320
338.1881,-19.000,892.729,1047.413,-76.553,-14.580,0.320
338.2864,-19.000,903.611,1035.128,-65.088,-3.009,0.320
338.3828,-20.000,889.227,1044.478,-77.056,-12.176,0.320
338.4916,-21.000,882.062,1046.526,-81.748,-14.068,0.320
338.5877,-22.000,876.349,1047.048,-84.938,-14.459,0.320
338.6845,-23.000,870.904,1047.241,-87.818,-14.539,0.320
338.7830,-23.000,881.764,1034.918,-76.279,-3.000,0.320
338.8916,-24.000,867.292,1044.305,-88.254,-12.175,0.320
338.9896,-25.000,860.055,1046.380,-92.947,-14.068,0.320
339.0894,-27.000,838.008,1059.360,-110.493,-26.014,0.320
339.1882,-28.000,841.552,1050.268,-104.203,-16.924,0.320
339.2874,-29.000,837.873,1048.391,-105.127,-15.048,0.320
339.3854,-30.000,832.699,1048.004,-107.540,-14.661,0.320
339.4818,-31.000,827.212,1047.923,-110.260,-14.581,0.320
339.5896,-31.000,837.932,1035.470,-98.688,-3.009,0.320
339.6916,-32.000,823.320,1044.770,-110.656,-12.176,0.320
339.7879,-32.000,832.237,1034.338,-100.992,-2.513,0.320
339.8840,-33.000,817.320,1044.126,-113.353,-12.074,0.320
339.9838,-33.000,826.230,1033.857,-103.771,-2.491,0.320
340.0827,-34.000,811.361,1043.731,-116.149,-12.070,0.320
340.1894,-35.000,804.047,1045.959,-120.925,-14.046,0.320
340.2904,-35.000,814.537,1034.145,-109.778,-2.898,0.320
340.3888,-36.000,800.004,1043.714,-121.833,-12.154,0.320
340.4879,-36.000,809.043,1033.455,-112.187,-2.508,0.320
340.5878,-37.000,794.242,1043.379,-124.552,-12.073,0.320
340.6874,-37.000,803.254,1033.222,-114.971,-2.491,0.320
340.7863,-39.000,772.195,1055.627,-141.705,-23.625,0.320
340.8838,-39.000,790.269,1036.197,-122.954,-4.875,0.320
340.9898,-39.000,793.563,1031.751,-119.085,-1.006,0.320
341.0896,-39.000,793.873,1030.461,-118.287,-0.208,0.320
341.1868,-39.000,793.623,1029.879,-118.122,-0.043,0.320
341.2848,-38.000,806.580,1014.055,-103.733,11.547,0.320
341.3818,-35.000,837.524,977.193,-69.830,37.049,0.320
341.4893,-31.000,863.208,946.839,-41.812,53.867,0.320
341.5869,-23.000,930.676,870.122,30.281,103.560,0.320
341.6861,-15.000,962.676,836.980,62.851,113.814,0.320
341.7851,-9.000,963.465,846.260,58.605,92.819,0.320
341.8851,-3.000,982.716,840.608,71.056,88.486,0.320
341.9852,1.000,979.536,863.027,58.256,64.481,0.320
342.0822,4.000,979.867,879.530,50.170,47.972,0.320
342.1908,6.000,978.352,896.672,40.841,33.010,0.320
342.2879,8.000,986.712,899.917,43.399,29.923,0.320
342.3840,8.000,970.940,931.552,19.695,6.175,0.320
342.4828,9.000,985.268,926.868,29.201,12.830,0.320
342.5813,9.000,980.735,942.599,19.069,2.647,0.320
342.6897,9.000,983.443,949.408,17.018,0.546,0.320
342.7871,10.000,999.546,937.555,30.996,11.668,0.320
342.8853,11.000,1006.089,933.785,36.153,13.963,0.320
342.9820,12.000,1010.188,931.202,39.494,14.437,0.320
343.0900,13.000,1013.384,928.456,42.464,14.535,0.320
343.1875,14.000,1016.053,925.328,45.363,14.555,0.320
343.2853,15.000,1018.327,921.825,48.251,14.559,0.320
343.3821,16.000,1020.275,917.992,51.141,14.560,0.320
343.4895,17.000,1021.949,913.876,54.037,14.560,0.320
343.5864,19.000,1035.833,893.236,71.299,26.116,0.320
343.6838,19.000,1015.341,913.985,50.678,5.389,0.320
343.7911,21.000,1036.045,885.820,75.113,24.223,0.320
343.8896,21.000,1016.649,904.874,55.888,4.998,0.320
343.9860,22.000,1024.972,892.420,66.276,12.587,0.320
344.0838,22.000,1014.727,902.154,56.287,2.597,0.320
344.1821,23.000,1024.884,887.722,68.581,12.092,0.320
344.2905,23.000,1014.971,897.002,58.985,2.495,0.320
344.3873,23.000,1012.722,898.713,57.004,0.515,0.320
344.4848,23.000,1012.084,898.893,56.596,0.106,0.320
344.5865,23.000,1011.806,898.783,56.511,0.022,0.320
344.6846,23.000,1011.623,898.635,56.494,0.005,0.320
344.7816,23.000,1011.479,898.498,56.490,0.001,0.320
344.8803,22.000,995.923,911.655,42.134,-11.555,0.320
344.9818,22.000,1005.575,902.965,51.305,-2.384,0.320
345.0804,21.000,992.440,914.756,38.842,-12.048,0.320
345.1899,21.000,1002.931,906.124,48.403,-2.486,0.320
345.2878,19.000,974.929,931.385,21.772,-23.624,0.320
345.3874,19.000,995.620,914.365,40.627,-4.875,0.320
345.4850,18.000,985.714,925.231,30.242,-12.561,0.320
345.5834,16.000,966.810,943.631,11.589,-25.703,0.320
345.6831,15.000,974.643,939.209,17.717,-16.859,0.320
345.7813,15.000,991.058,928.694,31.182,-3.479,0.320
345.8902,14.000,980.969,941.638,19.666,-12.273,0.320
345.9889,13.000,978.061,947.813,15.124,-14.088,0.320
346.0856,12.000,976.762,952.729,12.016,-14.463,0.320
346.1835,12.000,991.344,944.220,23.562,-2.984,0.320
346.2840,11.000,980.920,957.647,11.636,-12.171,0.320
346.3829,11.000,993.418,950.702,21.358,-2.512,0.320
346.4807,11.000,997.833,951.007,23.413,-0.518,0.320
346.5888,10.000,984.870,965.821,9.525,-11.662,0.320
346.6852,9.000,981.028,972.078,4.475,-13.962,0.320
346.7847,9.000,994.686,963.472,15.607,-2.881,0.320
346.8836,8.000,983.728,976.563,3.583,-12.150,0.320
346.9817,8.000,995.823,969.283,13.270,-2.507,0.320
347.0896,7.000,984.463,982.575,0.944,-12.073,0.320
347.1897,6.000,980.963,988.556,-3.797,-14.047,0.320
347.2866,5.000,979.259,993.211,-6.976,-14.454,0.320
347.3829,5.000,993.512,984.465,4.524,-2.983,0.320
347.4802,3.000,967.366,1010.973,-21.804,-23.727,0.320
347.5791,2.000,973.925,1008.560,-17.317,-16.452,0.320
347.6877,1.000,974.815,1012.036,-18.610,-14.950,0.320
347.7867,1.000,990.041,1003.520,-6.740,-3.085,0.320
347.8834,-0.000,979.905,1017.199,-18.647,-12.192,0.320
347.9802,-1.000,976.307,1022.970,-23.332,-14.071,0.320
348.0895,-2.000,973.611,1026.672,-26.531,-14.459,0.320
348.1870,-3.000,970.722,1029.576,-29.427,-14.539,0.320
348.2848,-4.000,967.469,1032.002,-32.266,-14.556,0.320
348.3820,-4.000,980.148,1021.621,-20.737,-3.004,0.320
348.4791,-5.000,967.204,1032.677,-32.736,-12.175,0.320
348.5870,-5.000,977.537,1023.739,-23.101,-2.512,0.320
348.6843,-6.000,963.815,1034.808,-35.497,-12.074,0.320
348.7842,-6.000,973.736,1025.631,-25.948,-2.491,0.320
348.8823,-7.000,959.715,1036.445,-38.365,-12.070,0.320
348.9854,-6.000,982.673,1011.601,-14.464,9.065,0.320
349.0824,-6.000,976.143,1019.527,-21.692,1.871,0.320
349.1801,-5.000,988.500,1006.198,-8.849,11.942,0.320
349.2878,-5.000,980.081,1016.790,-18.354,2.464,0.320
349.3861,-5.000,979.021,1019.697,-20.338,0.508,0.320
349.4826,-5.000,979.374,1020.914,-20.770,0.105,0.320
349.5794,-5.000,979.930,1021.692,-20.881,0.022,0.320
349.6877,-4.000,993.733,1006.863,-6.565,11.560,0.320
349.7844,-4.000,985.601,1017.124,-15.762,2.385,0.320
349.8812,-4.000,984.589,1019.945,-17.678,0.492,0.320
349.9791,-4.000,984.945,1021.126,-18.091,0.102,0.320
350.0874,-4.000,985.496,1021.883,-18.194,0.021,0.320
350.1878,-5.000,969.731,1034.919,-32.594,-11.551,0.320
350.2878,-5.000,979.211,1026.119,-23.454,-2.384,0.320
350.3840,-5.000,981.364,1024.544,-21.590,-0.492,0.320
350.4822,-6.000,965.691,1036.869,-35.589,-11.657,0.320
350.5796,-6.000,974.986,1027.728,-26.371,-2.405,0.320
350.6889,-6.000,976.926,1025.918,-24.496,-0.496,0.320
350.7865,-6.000,977.342,1025.613,-24.135,-0.102,0.320
350.8828,-6.000,977.437,1025.613,-24.088,-0.021,0.320
350.9797,-7.000,961.179,1038.111,-38.466,-11.560,0.320
351.0778,-7.000,970.217,1028.877,-29.330,-2.385,0.320
351.1880,-7.000,971.988,1026.940,-27.476,-0.492,0.320
351.2864,-7.000,972.268,1026.518,-27.125,-0.102,0.320
351.3837,-8.000,955.968,1038.858,-41.445,-11.577,0.320
351.4797,-8.000,964.928,1029.532,-32.302,-2.389,0.320
351.5772,-8.000,966.624,1027.525,-30.451,-0.493,0.320
351.6855,-8.000,966.838,1027.046,-30.104,-0.102,0.320
351.7848,-8.000,966.761,1026.898,-30.068,-0.021,0.320
351.8830,-8.000,966.638,1026.831,-30.096,-0.004,0.320
351.9812,-8.000,966.515,1026.791,-30.138,-0.001,0.320
352.0782,-7.000,979.683,1011.325,-15.821,11.555,0.320
352.1866,-7.000,970.996,1021.058,-25.031,2.384,0.320
352.2866,-7.000,969.509,1023.434,-26.963,0.492,0.320
352.3856,-7.000,969.458,1024.242,-27.392,0.102,0.320
352.4840,-6.000,982.941,1009.242,-13.151,11.577,0.320
352.5833,-6.000,974.574,1019.319,-22.372,2.389,0.320
352.6840,-5.000,986.653,1006.534,-9.940,12.048,0.320
352.7855,-4.000,991.544,1001.883,-5.170,14.042,0.320
352.8817,-4.000,981.979,1014.651,-16.336,2.898,0.320
352.9794,-3.000,994.300,1002.894,-4.297,12.153,0.320
353.0795,-2.000,999.658,998.854,0.402,14.063,0.320
353.1777,-2.000,990.546,1012.088,-10.771,2.902,0.320
353.2874,-1.000,1003.264,1000.712,1.276,12.154,0.320
353.3839,-1.000,995.683,1012.435,-8.376,2.508,0.320
353.4819,-1.000,995.447,1016.191,-10.372,0.518,0.320
353.5787,-0.000,1009.807,1002.662,3.573,11.662,0.320
353.6865,-1.000,986.124,1026.213,-20.044,-9.149,0.320
353.7842,-0.000,1008.104,1004.960,1.572,9.668,0.320
353.8865,-0.000,1002.241,1014.442,-6.100,1.995,0.320
353.9864,-1.000,985.914,1030.004,-22.045,-11.144,0.320
354.0865,-0.000,1009.209,1006.899,1.155,9.256,0.320
354.1767,-0.000,1003.444,1015.826,-6.191,1.910,0.320
354.2853,-1.000,994.868,998.504,-1.818,-0.454,0.180
354.3828,-1.000,983.776,986.763,-1.494,-0.130,0.180
354.4798,-1.000,972.254,975.058,-1.402,-0.037,0.180
354.5768,-3.000,954.677,962.832,-4.077,-2.011,0.180
354.6863,-3.000,944.535,949.822,-2.643,-0.574,0.180
354.7849,-5.000,927.372,937.245,-4.937,-2.164,0.180
354.8830,-5.000,917.365,924.154,-3.394,-0.618,0.180
354.9791,-8.000,897.345,911.361,-7.008,-3.177,0.180
355.0871,-8.000,888.253,897.743,-4.745,-0.908,0.180
355.1845,-10.000,871.512,885.119,-6.803,-2.259,0.180
355.2839,-9.000,861.640,869.332,-3.846,0.354,0.180
355.3808,-9.000,850.066,858.277,-4.105,0.101,0.180
355.4796,-9.000,838.460,846.828,-4.184,0.029,0.180
355.5804,-7.000,826.546,829.565,-1.510,2.008,0.180
355.6784,-5.000,813.618,814.113,-0.248,2.574,0.180
355.7760,-1.000,800.448,793.821,3.313,4.735,0.180
355.8842,1.000,786.634,781.371,2.632,3.353,0.180
355.9809,3.000,773.750,767.873,2.939,2.958,0.180
356.0774,7.000,760.679,748.218,6.231,4.845,0.180
356.1851,9.000,746.987,736.034,5.476,3.384,0.180
356.2829,12.000,734.040,719.806,7.117,3.967,0.180
356.3827,14.000,720.987,707.001,6.993,3.133,0.180
356.4830,16.000,708.441,693.508,7.467,2.895,0.180
356.5813,18.000,695.878,679.878,8.000,2.827,0.180
356.6782,19.000,683.731,668.821,7.455,1.808,0.180
356.7865,21.000,670.885,654.885,8.000,2.517,0.180
356.8842,22.000,659.032,643.032,8.000,1.719,0.180
356.9805,23.000,646.987,630.987,8.000,1.491,0.180
357.0773,24.000,634.780,618.780,8.000,1.426,0.180
357.1782,25.000,622.433,606.433,8.000,1.407,0.180
357.2758,26.000,609.969,593.969,8.000,1.402,0.180
357.3837,27.000,597.404,581.404,8.000,1.401,0.180
357.4817,28.000,584.755,568.755,8.000,1.400,0.180
357.5802,29.000,572.032,556.032,8.000,1.400,0.180
357.6777,30.000,559.249,543.249,8.000,1.400,0.180
357.7843,30.000,560.705,544.705,8.000,0.400,0.180
357.8830,31.000,560.383,544.383,8.000,1.114,0.180
357.9804,32.000,560.049,544.049,8.000,1.318,0.180
358.0781,32.000,561.266,545.266,8.000,0.377,0.180
358.1750,32.000,562.300,546.300,8.000,0.108,0.180
358.2838,33.000,561.618,545.618,8.000,1.031,0.180
358.3809,33.000,562.539,546.539,8.000,0.294,0.180
358.4812,34.000,561.762,545.762,8.000,1.084,0.180
358.5790,35.000,561.042,545.042,8.000,1.310,0.180
358.6772,35.000,561.929,545.929,8.000,0.374,0.180
358.7858,35.000,562.684,546.684,8.000,0.107,0.180
358.8845,36.000,561.765,545.765,8.000,1.031,0.180
358.9831,37.000,560.924,544.924,8.000,1.294,0.180
359.0809,37.000,561.709,545.709,8.000,0.370,0.180
359.1793,38.000,560.816,544.816,8.000,1.106,0.180
359.2773,38.000,561.558,545.558,8.000,0.316,0.180
359.3840,38.000,562.188,546.188,8.000,0.090,0.180
359.4817,39.000,561.163,545.163,8.000,1.026,0.180
359.5813,39.000,561.793,545.793,8.000,0.293,0.180
359.6808,39.000,562.327,546.327,8.000,0.084,0.180
359.7776,39.000,562.782,546.782,8.000,0.024,0.180
359.8741,39.000,563.168,547.168,8.000,0.007,0.180
359.9834,40.000,561.937,545.937,8.000,1.002,0.180
360.0837,40.000,562.390,546.390,8.000,0.286,0.180
360.1851,40.000,562.775,546.775,8.000,0.082,0.180
360.2852,40.000,563.103,547.103,8.000,0.023,0.180
360.3826,40.000,563.381,547.381,8.000,0.007,0.180
360.4804,40.000,563.618,547.618,8.000,0.002,0.180
360.5788,40.000,563.819,547.819,8.000,0.001,0.180
360.6774,40.000,563.990,547.990,8.000,0.000,0.180
360.7752,39.000,562.695,546.695,8.000,-1.000,0.180
360.8748,39.000,563.094,547.094,8.000,-0.286,0.180
360.9837,39.000,563.434,547.434,8.000,-0.082,0.180
361.0837,38.000,562.283,546.283,8.000,-1.023,0.180
361.1834,38.000,562.804,546.804,8.000,-0.292,0.180
361.2811,38.000,563.247,547.247,8.000,-0.084,0.180
361.3796,37.000,562.184,546.184,8.000,-1.024,0.180
361.4777,37.000,562.780,546.780,8.000,-0.293,0.180
361.5736,36.000,561.847,545.847,8.000,-1.084,0.180
361.6833,36.000,562.553,546.553,8.000,-0.310,0.180
361.7792,35.000,561.714,545.714,8.000,-1.088,0.180
361.8764,35.000,562.501,546.501,8.000,-0.311,0.180
361.9742,34.000,561.729,545.729,8.000,-1.089,0.180
362.0744,34.000,562.574,546.574,8.000,-0.311,0.180
362.1829,33.000,561.851,545.851,8.000,-1.089,0.180
362.2823,33.000,562.737,546.737,8.000,-0.311,0.180
362.3803,32.000,562.051,546.051,8.000,-1.089,0.180
362.4789,31.000,561.527,545.527,8.000,-1.311,0.180
362.5764,31.000,562.581,546.581,8.000,-0.375,0.180
362.6742,30.000,562.038,546.038,8.000,-1.107,0.180
362.7822,29.000,561.467,545.805,7.831,-1.316,0.180
362.8792,28.000,560.775,545.933,7.421,-1.376,0.180
362.9773,27.000,560.229,546.121,7.054,-1.393,0.180
363.0748,26.000,559.782,546.383,6.699,-1.398,0.180
363.1730,25.000,559.412,546.716,6.348,-1.399,0.180
363.2818,25.000,561.895,547.201,7.347,-0.400,0.180
363.3789,24.000,560.652,548.087,6.283,-1.114,0.180
363.4757,23.000,560.007,548.549,5.729,-1.318,0.180
363.5852,21.000,556.790,548.849,3.971,-2.377,0.180
363.6816,18.000,551.891,548.630,1.631,-3.679,0.180
363.7798,16.000,551.275,548.135,1.570,-3.051,0.180
363.8766,14.000,550.412,548.294,1.059,-2.872,0.180
363.9746,14.000,555.174,548.934,3.120,-0.821,0.180
364.0741,14.000,558.066,550.634,3.716,-0.234,0.180
364.1816,13.000,557.403,552.318,2.543,-1.067,0.180
364.2797,13.000,560.109,553.482,3.314,-0.305,0.180
364.3787,13.000,561.981,554.899,3.541,-0.087,0.180
364.4766,12.000,560.659,556.137,2.261,-1.025,0.180
364.5737,12.000,562.863,556.860,3.002,-0.293,0.180
364.6821,11.000,561.535,557.798,1.869,-1.084,0.180
364.7800,10.000,560.860,558.261,1.300,-1.310,0.180
364.8766,9.000,560.421,558.638,0.891,-1.374,0.180
364.9736,9.000,562.883,559.125,1.879,-0.393,0.180
365.0731,8.000,561.632,560.002,0.815,-1.112,0.180
365.1734,8.000,563.774,560.543,1.615,-0.318,0.180
365.2726,7.000,562.355,561.361,0.497,-1.091,0.180
365.3821,6.000,561.594,561.733,-0.070,-1.312,0.180
365.4781,5.000,561.078,562.037,-0.479,-1.375,0.180
365.5734,3.000,557.893,562.283,-2.195,-2.393,0.180
365.6819,2.000,558.564,562.233,-1.835,-1.684,0.180
365.7799,-0.000,555.950,562.614,-3.332,-2.481,0.180
365.8757,-0.000,559.774,562.893,-1.560,-0.709,0.180
365.9722,-1.000,559.113,563.922,-2.404,-1.203,0.180
366.0811,-2.000,558.717,564.510,-2.897,-1.344,0.180
366.1788,-3.000,558.346,564.924,-3.289,-1.384,0.180
366.2746,-4.000,557.940,565.247,-3.653,-1.395,0.180
366.3719,-5.000,557.488,565.508,-4.010,-1.399,0.180
366.4788,-6.000,556.992,565.723,-4.365,-1.400,0.180
366.5763,-6.000,559.368,566.107,-3.370,-0.400,0.180
366.6750,-6.000,560.822,566.999,-3.088,-0.114,0.180
366.7720,-6.000,561.897,567.919,-3.011,-0.033,0.180
366.8807,-6.000,562.764,568.747,-2.992,-0.009,0.180
366.9790,-7.000,560.576,569.256,-4.340,-1.003,0.180
367.0758,-7.000,562.073,569.331,-3.629,-0.286,0.180
367.1762,-7.000,562.942,569.800,-3.429,-0.082,0.180
367.2730,-7.000,563.563,570.314,-3.375,-0.023,0.180
367.3717,-7.000,564.058,570.785,-3.364,-0.007,0.180
367.4821,-8.000,561.558,570.987,-4.714,-1.002,0.180
367.5800,-9.000,559.880,570.590,-5.355,-1.286,0.180
367.6752,-9.000,561.411,570.296,-4.443,-0.368,0.180
367.7821,-9.000,562.193,570.566,-4.186,-0.105,0.180
367.8798,-9.000,562.708,570.944,-4.118,-0.030,0.180
367.9770,-8.000,563.014,568.518,-2.752,0.991,0.180
368.0755,-7.000,562.810,567.040,-2.115,1.283,0.180
368.1758,-7.000,562.673,568.746,-3.036,0.367,0.180
368.2750,-7.000,563.074,569.680,-3.303,0.105,0.180
368.3840,-6.000,563.472,567.537,-2.032,1.030,0.180
368.4814,-5.000,563.401,566.244,-1.421,1.294,0.180
368.5790,-5.000,563.393,568.092,-2.349,0.370,0.180
368.6795,-4.000,563.819,566.351,-1.266,1.106,0.180
368.7782,-4.000,563.967,568.085,-2.059,0.316,0.180
368.8779,-4.000,564.539,569.113,-2.287,0.090,0.180
368.9780,-3.000,565.062,567.070,-1.004,1.026,0.180
369.0750,-2.000,565.092,565.868,-0.388,1.293,0.180
369.1707,-2.000,565.168,567.794,-1.313,0.369,0.180
369.2805,-2.000,565.755,568.911,-1.578,0.106,0.180
369.3796,-1.000,566.312,566.921,-0.304,1.030,0.180
369.4772,-1.000,566.467,568.549,-1.041,0.294,0.180
369.5770,-1.000,567.014,569.517,-1.252,0.084,0.180
369.6742,-0.000,567.507,567.431,0.038,1.024,0.180
369.7717,-0.000,567.599,568.986,-0.693,0.293,0.180
369.8808,-0.000,568.090,569.895,-0.902,0.084,0.180
369.9778,-0.000,568.625,570.550,-0.962,0.024,0.180
370.0768,-0.000,569.114,571.072,-0.979,0.007,0.180
370.1762,-1.000,566.628,571.298,-2.335,-0.998,0.180
370.2745,-1.000,567.880,571.125,-1.623,-0.285,0.180
370.3734,-1.000,568.541,571.380,-1.420,-0.081,0.180
370.4789,-0.000,568.899,568.922,-0.011,0.977,0.180
370.5773,-0.000,568.808,570.227,-0.709,0.279,0.180
370.6746,-0.000,569.125,570.942,-0.908,0.080,0.180
370.7742,-0.000,569.507,571.438,-0.965,0.023,0.180
370.8723,-0.000,569.864,571.827,-0.982,0.007,0.180
370.9809,1.000,569.967,569.238,0.364,1.002,0.180
371.0788,1.000,569.695,570.396,-0.350,0.286,0.180
395.5787,2.000,83.748,-54.065,68.907,63.304,0.320
395.6669,2.000,48.754,11.402,18.676,13.063,0.320
395.7660,1.000,38.295,50.377,-6.041,-8.860,0.320
395.8636,1.000,61.340,59.347,0.996,-1.828,0.320
395.9633,1.000,78.790,73.884,2.453,-0.377,0.320
396.0612,1.000,95.076,89.560,2.758,-0.078,0.320
396.1700,1.000,111.115,105.465,2.825,-0.016,0.320
396.2659,1.000,127.097,121.410,2.844,-0.003,0.320
396.3619,1.000,143.061,137.357,2.852,-0.001,0.320
396.4712,-0.000,143.576,166.583,-11.503,-11.556,0.320
396.5703,-0.000,169.274,173.938,-2.332,-2.385,0.320
396.6677,-0.000,187.602,188.481,-0.439,-0.492,0.320
396.7647,-0.000,204.350,204.448,-0.049,-0.102,0.320
396.8650,-0.000,220.721,220.658,0.032,-0.021,0.320
396.9652,-0.000,236.973,236.876,0.048,-0.004,0.320
397.0612,-0.000,253.163,253.059,0.052,-0.001,0.320
397.1717,-0.000,269.310,269.205,0.052,-0.000,0.320
397.2694,-0.000,285.421,285.316,0.053,-0.000,0.320
397.3667,-0.000,301.503,301.398,0.053,-0.000,0.320
397.4675,-0.000,317.560,317.455,0.053,-0.000,0.320
397.5659,-0.000,333.596,333.491,0.053,-0.000,0.320
397.6659,-0.000,349.614,349.509,0.053,-0.000,0.320
397.7642,-0.000,365.617,365.511,0.053,-0.000,0.320
397.8620,-0.000,381.606,381.501,0.053,-0.000,0.320
397.9698,-0.000,397.584,397.479,0.053,-0.000,0.320
398.0659,-0.000,413.553,413.448,0.053,-0.000,0.320
398.1644,-0.000,429.514,429.409,0.053,-0.000,0.320
398.2635,-0.000,445.468,445.363,0.053,-0.000,0.320
398.3635,-0.000,461.417,461.311,0.053,-0.000,0.320
398.4617,-0.000,477.360,477.255,0.053,-0.000,0.320
398.5605,-0.000,493.299,493.194,0.053,-0.000,0.320
398.6701,-0.000,509.235,509.129,0.053,-0.000,0.320
398.7671,-0.000,525.167,525.062,0.053,-0.000,0.320
398.8680,-0.000,541.097,540.992,0.053,-0.000,0.320
398.9664,-0.000,557.025,556.920,0.053,-0.000,0.320
399.0659,-0.000,572.951,572.846,0.053,-0.000,0.320
399.1652,-0.000,588.876,588.771,0.053,-0.000,0.320
399.2652,-0.000,604.799,604.694,0.053,-0.000,0.320
399.3637,-0.000,620.721,620.616,0.053,-0.000,0.320
399.4608,-0.000,636.642,636.537,0.053,-0.000,0.320
399.5594,-0.000,652.562,652.457,0.053,-0.000,0.320
399.6702,-1.000,652.200,680.817,-14.309,-11.556,0.320
399.7670,-1.000,677.153,687.439,-5.143,-2.384,0.320
399.8641,-2.000,678.565,713.799,-17.617,-12.048,0.320
399.9638,-2.000,703.806,719.939,-8.067,-2.486,0.320
400.0624,-2.000,721.492,733.702,-6.105,-0.513,0.320
400.1618,-2.000,737.641,749.059,-5.709,-0.106,0.320
400.2600,-2.000,753.491,764.764,-5.636,-0.022,0.320
400.3689,-2.000,769.295,780.556,-5.630,-0.005,0.320
400.4676,-2.000,785.103,796.379,-5.638,-0.001,0.320
400.5647,-2.000,800.923,812.220,-5.648,-0.000,0.320
400.6611,-2.000,816.756,828.074,-5.659,-0.000,0.320
400.7696,-3.000,816.318,856.381,-20.032,-11.556,0.320
400.8680,-3.000,841.203,862.958,-10.877,-2.384,0.320
400.9649,-3.000,858.838,876.841,-9.002,-0.492,0.320
401.0616,-4.000,858.713,904.691,-22.989,-11.657,0.320
401.1601,-4.000,883.613,911.133,-13.760,-2.405,0.320
401.2691,-4.000,901.207,924.953,-11.873,-0.496,0.320
401.3680,-4.000,917.316,940.320,-11.502,-0.102,0.320
401.4652,-4.000,933.140,956.026,-11.443,-0.021,0.320
401.5640,-4.000,948.922,971.819,-11.449,-0.004,0.320
401.6639,-4.000,964.710,987.645,-11.467,-0.001,0.320
401.7632,-4.000,980.512,1003.490,-11.489,-0.000,0.320
401.8593,-4.000,996.326,1019.349,-11.511,-0.000,0.320
401.9670,-3.000,1009.518,1003.864,2.827,11.556,0.320
402.0631,-3.000,1000.856,1013.577,-6.360,2.384,0.320
402.1597,-3.000,999.393,1015.932,-8.270,0.492,0.320
402.2681,-3.000,999.365,1016.719,-8.677,0.102,0.320
402.3661,-3.000,999.590,1017.139,-8.774,0.021,0.320
402.4648,-3.000,999.831,1017.447,-8.808,0.004,0.320
402.5632,-3.000,1000.044,1017.700,-8.828,0.001,0.320
402.6602,-3.000,1000.224,1017.916,-8.846,0.000,0.320
402.7701,-3.000,1000.376,1018.101,-8.863,0.000,0.320
402.8677,-4.000,984.221,1030.702,-23.241,-11.556,0.320
402.9651,-4.000,993.359,1021.543,-14.092,-2.384,0.320
403.0619,-4.000,995.221,1019.664,-12.222,-0.492,0.320
403.1590,-5.000,979.300,1031.730,-26.215,-11.657,0.320
403.2699,-5.000,988.385,1022.368,-16.991,-2.405,0.320
403.3658,-5.000,990.149,1020.369,-15.110,-0.496,0.320
403.4654,-5.000,990.415,1019.903,-14.744,-0.102,0.320
403.5619,-4.000,1003.664,1004.324,-0.330,11.534,0.320
403.6594,-4.000,994.997,1014.010,-9.506,2.380,0.320
403.7686,-4.000,993.519,1016.355,-11.418,0.491,0.320
403.8679,-4.000,993.475,1017.135,-11.830,0.101,0.320
403.9663,-4.000,993.686,1017.551,-11.933,0.021,0.320
404.0638,-4.000,993.913,1017.856,-11.972,0.004,0.320
404.1632,-4.000,994.113,1018.108,-11.998,0.001,0.320
404.2603,-4.000,994.282,1018.324,-12.021,0.000,0.320
404.3587,-3.000,1007.704,1003.069,2.318,11.556,0.320
404.4659,-3.000,999.237,1012.977,-6.870,2.384,0.320
404.5629,-3.000,997.941,1015.499,-8.779,0.492,0.320
404.6609,-3.000,998.054,1016.428,-9.187,0.102,0.320
404.7581,-3.000,998.400,1016.968,-9.284,0.021,0.320
404.8661,-3.000,998.743,1017.377,-9.317,0.004,0.320
404.9651,-4.000,982.761,1030.159,-23.699,-11.555,0.320
405.0618,-3.000,1005.330,1005.709,-0.190,9.171,0.320
405.1597,-3.000,998.735,1013.706,-7.485,1.892,0.320
405.2680,-3.000,997.812,1015.821,-9.004,0.391,0.320
405.3677,-4.000,981.711,1029.095,-23.692,-11.475,0.320
405.4666,-4.000,991.094,1020.309,-14.607,-2.368,0.320
405.5667,-3.000,1006.486,1003.264,1.611,11.067,0.320
405.6631,-3.000,998.483,1012.862,-7.189,2.284,0.320
405.7620,-2.000,1010.613,999.928,5.343,12.027,0.320
405.8625,-2.000,1002.215,1010.643,-4.214,2.482,0.320
405.9611,-2.000,1001.219,1013.608,-6.194,0.512,0.320
406.0581,-1.000,1014.919,999.421,7.749,11.661,0.320
406.1664,-0.000,1020.233,994.534,12.850,13.962,0.320
406.2652,-0.000,1010.834,1007.296,1.769,2.881,0.320
406.3644,-0.000,1009.976,1011.012,-0.518,0.594,0.320
406.4648,-0.000,1010.719,1012.698,-0.989,0.123,0.320
406.5634,-0.000,1011.655,1013.828,-1.087,0.025,0.320
406.6623,1.000,1024.953,998.445,13.254,11.561,0.320
406.7607,1.000,1016.398,1008.228,4.085,2.386,0.320
406.8587,1.000,1015.032,1010.638,2.197,0.492,0.320
406.9586,2.000,1027.532,995.186,16.173,11.657,0.320
407.0575,2.000,1018.536,1004.671,6.932,2.405,0.320
407.1660,2.000,1016.847,1006.777,5.035,0.496,0.320
407.2642,2.000,1016.641,1007.337,4.652,0.102,0.320
407.3642,3.000,1029.163,991.277,18.943,11.577,0.320
407.4619,2.000,1004.546,1013.725,-4.589,-9.167,0.320
407.5598,2.000,1012.411,1007.017,2.697,-1.892,0.320
407.6576,3.000,1026.857,989.715,18.571,11.165,0.320
407.7645,3.000,1018.298,998.846,9.726,2.304,0.320
407.8639,3.000,1016.729,1000.900,7.914,0.475,0.320
407.9622,3.000,1016.576,1001.468,7.554,0.098,0.320
408.0612,3.000,1016.690,1001.704,7.493,0.020,0.320
408.1589,3.000,1016.840,1001.853,7.494,0.004,0.320
408.2580,3.000,1016.981,1001.966,7.507,0.001,0.320
408.3652,3.000,1017.104,1002.058,7.523,0.000,0.320
408.4642,3.000,1017.213,1002.133,7.540,0.000,0.320
408.5607,4.000,1029.749,985.913,21.918,11.556,0.320
408.6592,3.000,1005.093,1008.277,-1.592,-9.171,0.320
408.7582,3.000,1012.915,1001.508,5.703,-1.892,0.320
408.8564,3.000,1014.881,1000.436,7.222,-0.391,0.320
408.9658,3.000,1015.587,1000.490,7.549,-0.081,0.320
409.0639,2.000,1000.550,1014.013,-6.732,-11.572,0.320
409.1606,2.000,1010.602,1005.674,2.464,-2.388,0.320
409.2579,2.000,1013.237,1004.496,4.370,-0.493,0.320
409.3662,3.000,1026.699,988.432,19.134,11.454,0.320
409.4671,3.000,1018.020,997.899,10.060,2.363,0.320
409.5677,4.000,1028.937,983.812,22.562,12.043,0.320
409.6661,4.000,1019.554,993.501,13.027,2.485,0.320
409.7631,3.000,1002.292,1008.861,-3.285,-11.043,0.320
409.8595,3.000,1011.766,1000.773,5.496,-2.279,0.320
409.9590,3.000,1014.179,999.536,7.322,-0.470,0.320
410.0576,3.000,1015.070,999.646,7.712,-0.097,0.320
410.1657,3.000,1015.589,999.978,7.805,-0.020,0.320
410.2646,3.000,1015.983,1000.306,7.838,-0.004,0.320
410.3623,3.000,1016.310,1000.594,7.858,-0.001,0.320
410.4620,3.000,1016.589,1000.837,7.876,-0.000,0.320
410.5602,3.000,981.106,1005.653,7.329,-0.000,0.180
410.6583,3.000,949.350,1006.567,7.344,-0.000,0.180
410.7581,3.000,920.283,1004.644,7.360,-0.000,0.180
410.8569,3.000,893.503,1000.308,7.376,-0.000,0.180
410.9645,2.000,858.292,1001.895,-1.782,-6.568,0.180
411.0623,1.000,830.393,997.039,-5.760,-7.951,0.180
411.1604,2.000,823.141,971.076,9.696,4.894,0.180
411.2592,-0.000,778.661,980.747,-12.505,-12.106,0.180
411.3576,-0.000,770.205,960.841,-2.947,-2.549,0.180
411.4552,-0.000,754.830,947.334,-0.935,-0.537,0.180
411.5657,-0.000,738.398,934.442,-0.511,-0.113,0.180
411.6642,-0.000,722.084,921.056,-0.422,-0.024,0.180
411.7609,-0.000,706.084,907.036,-0.403,-0.005,0.180
411.8586,-0.000,690.395,892.432,-0.399,-0.001,0.180
411.9589,-0.000,674.981,877.324,-0.399,-0.000,0.180
412.0559,-0.000,659.803,861.783,-0.398,-0.000,0.180
412.1640,-0.000,644.825,845.876,-0.398,-0.000,0.180
412.2625,-0.000,630.018,829.656,-0.398,-0.000,0.180
412.3613,-0.000,615.355,813.170,-0.398,-0.000,0.180
412.4595,-0.000,600.816,796.459,-0.398,-0.000,0.180
412.5578,-1.000,575.407,786.930,-9.572,-6.568,0.180
412.6566,-1.000,566.212,764.654,-4.392,-1.383,0.180
412.7638,-3.000,531.056,761.084,-21.652,-13.428,0.180
412.8606,-3.000,527.354,733.095,-11.067,-2.827,0.180
412.9599,-4.000,504.376,720.760,-18.024,-7.164,0.180
413.0565,-6.000,473.870,712.276,-30.737,-14.645,0.180
413.1649,-7.000,460.227,690.404,-28.380,-9.652,0.180
413.2625,-8.000,442.659,672.408,-29.970,-8.600,0.180
413.3622,-10.000,428.908,678.786,-41.569,-14.947,0.180
413.4588,-11.000,430.854,672.974,-38.994,-9.715,0.180
413.5570,-13.000,417.485,678.856,-49.729,-15.182,0.180
413.6644,-14.000,419.190,673.188,-46.984,-9.765,0.180
413.7616,-16.000,405.495,679.313,-57.695,-15.193,0.180
413.8592,-16.000,417.870,666.505,-45.784,-3.198,0.180
413.9603,-17.000,409.732,670.673,-52.516,-7.242,0.180
414.0591,-19.000,393.719,679.113,-65.235,-14.661,0.180
414.1555,-19.000,405.394,667.001,-53.759,-3.087,0.180
414.2546,-20.000,397.032,671.391,-60.490,-7.218,0.180
414.3621,-21.000,391.876,672.571,-63.960,-8.088,0.180
414.4635,-23.000,376.392,680.476,-75.912,-14.840,0.180
414.5564,-23.000,388.104,668.321,-64.196,-3.124,0.180
414.6637,-24.000,379.600,672.849,-70.898,-7.226,0.180
414.7597,-24.000,385.272,666.797,-65.193,-1.521,0.180
414.8601,-25.000,375.477,672.669,-73.161,-6.889,0.180
414.9580,-25.000,380.863,666.949,-67.722,-1.450,0.180
415.0554,-26.000,370.994,672.934,-75.746,-6.874,0.180
415.1633,-27.000,365.383,674.642,-79.487,-8.016,0.180
415.2609,-27.000,371.623,668.086,-73.159,-1.687,0.180
415.3577,-27.000,372.881,666.560,-71.827,-0.355,0.180
415.4565,-28.000,362.129,673.483,-80.715,-6.643,0.180
415.5556,-28.000,367.289,668.068,-75.470,-1.399,0.180
415.6650,-29.000,357.353,674.188,-83.535,-6.863,0.180
415.7551,-29.000,362.681,668.617,-78.117,-1.445,0.180
415.8633,-29.000,363.744,667.346,-76.976,-0.304,0.180
415.9627,-29.000,363.919,666.996,-76.736,-0.064,0.180
416.0630,-30.000,352.945,674.220,-85.854,-6.582,0.180
416.1607,-29.000,366.032,658.545,-71.489,5.183,0.180
416.2594,-29.000,362.355,663.024,-75.581,1.091,0.180
416.3557,-30.000,350.877,671.582,-85.611,-6.339,0.180
416.4549,-29.000,364.119,656.459,-71.438,5.234,0.180
416.5638,-30.000,349.727,668.651,-84.738,-5.467,0.180
416.6627,-29.000,362.584,654.525,-71.254,5.418,0.180
416.7627,-29.000,359.274,659.757,-75.531,1.141,0.180
416.8617,-29.000,359.195,661.468,-76.432,0.240,0.180
416.9598,-29.000,359.704,662.348,-76.621,0.051,0.180
417.0587,-29.000,360.257,662.974,-76.661,0.011,0.180
417.1558,-28.000,368.722,653.112,-67.501,6.571,0.180
417.2535,-28.000,364.444,659.203,-72.689,1.383,0.180
417.3619,-27.000,372.093,650.694,-64.612,6.860,0.180
417.4587,-27.000,367.814,657.243,-70.028,1.444,0.180
417.5564,-25.000,383.577,638.609,-52.831,13.441,0.180
417.6559,-24.000,382.715,640.630,-54.274,9.398,0.180
417.7549,-24.000,377.290,650.041,-61.693,1.979,0.180
417.8541,-23.000,385.391,642.928,-54.087,6.985,0.180
417.9629,-22.000,389.766,639.993,-50.433,8.039,0.180
418.0627,-21.000,393.500,638.082,-47.611,8.261,0.180
418.1618,-20.000,397.223,636.510,-44.964,8.308,0.180
418.2600,-19.000,400.948,635.212,-42.453,8.317,0.180
418.3584,-18.000,404.789,634.035,-39.945,8.319,0.180
418.4568,-17.000,408.733,632.954,-37.433,8.320,0.180
418.5561,-16.000,412.768,631.954,-34.916,8.320,0.180
418.6549,-14.000,424.853,620.648,-23.220,14.888,0.180
418.7536,-13.000,424.331,625.432,-25.873,9.703,0.180
418.8615,-12.000,427.889,626.097,-24.428,8.611,0.180
418.9560,-11.000,432.297,625.879,-22.115,8.381,0.180
419.0551,-10.000,436.877,625.460,-19.615,8.333,0.180
419.1647,-9.000,441.489,624.985,-17.072,8.323,0.180
419.2626,-8.000,446.103,624.487,-14.516,8.321,0.180
419.3607,-7.000,450.716,623.973,-11.953,8.320,0.180
419.4582,-6.000,455.327,623.447,-9.384,8.320,0.180
419.5542,-5.000,459.937,622.908,-6.810,8.320,0.180
419.6623,-5.000,456.573,632.733,-13.404,1.752,0.180
419.7574,-5.000,457.910,636.888,-14.813,0.369,0.180
419.8545,-4.000,467.900,629.165,-5.957,6.646,0.180
419.9564,-4.000,465.096,636.897,-11.224,1.399,0.180
420.0550,-4.000,466.065,640.116,-12.350,0.295,0.180
420.1542,-5.000,456.618,649.523,-21.777,-6.506,0.180
420.2538,-5.000,463.212,645.896,-16.666,-1.370,0.180
420.3625,-5.000,465.528,646.101,-15.611,-0.288,0.180
420.4599,-4.000,474.775,636.597,-6.235,6.508,0.180
420.5579,-4.000,471.007,643.146,-11.394,1.370,0.180
420.6554,-4.000,471.087,645.431,-12.496,0.288,0.180
420.7534,-5.000,460.870,654.058,-21.918,-6.508,0.180
420.8539,-5.000,466.806,649.771,-16.807,-1.370,0.180
420.9527,-5.000,468.562,649.415,-15.751,-0.288,0.180
421.0636,-5.000,469.359,649.809,-15.549,-0.061,0.180
421.1620,-4.000,477.861,639.920,-6.354,6.556,0.180
421.2596,-4.000,473.575,646.026,-11.550,1.380,0.180
421.3565,-4.000,473.238,647.910,-12.661,0.291,0.180
421.4557,-3.000,481.619,638.444,-3.737,6.630,0.180
421.5516,-3.000,477.409,644.733,-8.987,1.396,0.180
421.6592,-3.000,477.174,646.734,-10.104,0.294,0.180
421.7571,-3.000,477.677,647.732,-10.352,0.062,0.180
421.8557,-3.000,478.251,648.434,-10.416,0.013,0.180
421.9521,-3.000,478.767,649.002,-10.442,0.003,0.180
422.0519,-3.000,479.211,649.481,-10.460,0.001,0.180
422.1601,-3.000,479.586,649.889,-10.476,0.000,0.180
422.2596,-3.000,479.904,650.238,-10.491,0.000,0.180
422.3573,-3.000,480.171,650.537,-10.507,0.000,0.180
422.4561,-3.000,480.396,650.793,-10.523,0.000,0.180
422.5546,-3.000,480.585,651.013,-10.538,0.000,0.180
422.6516,-3.000,480.744,651.203,-10.554,0.000,0.180
422.7605,-3.000,480.876,651.366,-10.570,0.000,0.180
422.8608,-3.000,480.986,651.507,-10.585,0.000,0.180
422.9590,-4.000,470.103,659.003,-19.774,-6.568,0.180
423.0578,-4.000,475.329,653.899,-14.610,-1.383,0.180
423.1560,-4.000,476.451,652.880,-13.539,-0.291,0.180
423.2553,-4.000,476.704,652.715,-13.330,-0.061,0.180
423.3544,-4.000,476.769,652.724,-13.302,-0.013,0.180
423.4538,-4.000,476.790,652.767,-13.313,-0.003,0.180
423.5522,-4.000,476.799,652.812,-13.331,-0.001,0.180
423.6523,-4.000,476.801,652.856,-13.352,-0.000,0.180
423.7510,-4.000,476.800,652.896,-13.372,-0.000,0.180
423.8602,-4.000,476.796,652.933,-13.393,-0.000,0.180
423.9591,-4.000,476.789,652.968,-13.414,-0.000,0.180
424.0573,-5.000,465.807,660.374,-22.608,-6.568,0.180
424.1540,-5.000,470.946,655.195,-17.449,-1.383,0.180
424.2508,-6.000,461.022,661.486,-25.557,-6.860,0.180
424.3603,-6.000,466.361,656.057,-20.172,-1.444,0.180
424.4578,-6.000,467.433,654.911,-19.064,-0.304,0.180
424.5549,-7.000,456.636,662.044,-28.028,-6.632,0.180
424.6566,-7.000,461.778,656.787,-22.829,-1.396,0.180
424.7557,-8.000,451.822,663.046,-30.936,-6.862,0.180
424.8547,-8.000,457.127,657.598,-25.560,-1.445,0.180
424.9515,-9.000,447.191,663.812,-33.635,-6.873,0.180
425.0511,-9.000,452.489,658.352,-28.256,-1.447,0.180
425.1504,-9.000,453.515,657.187,-27.161,-0.305,0.180
425.2596,-9.000,453.650,656.935,-26.967,-0.064,0.180
425.3549,-10.000,442.630,664.254,-36.137,-6.582,0.180
425.4516,-10.000,447.702,659.037,-30.992,-1.386,0.180
425.5513,-10.000,448.682,657.934,-29.950,-0.292,0.180
425.6596,-11.000,437.834,665.077,-38.946,-6.630,0.180
425.7579,-11.000,442.936,659.825,-33.769,-1.396,0.180
425.8558,-11.000,443.918,658.717,-32.724,-0.294,0.180
425.9557,-12.000,433.065,665.862,-41.723,-6.630,0.180
426.0525,-12.000,438.161,660.614,-36.551,-1.396,0.180
426.1513,-12.000,439.136,659.510,-35.511,-0.294,0.180
426.2617,-12.000,439.251,659.286,-35.342,-0.062,0.180
426.3498,-13.000,428.218,666.627,-44.529,-6.581,0.180
426.4574,-13.000,433.276,661.429,-39.401,-1.386,0.180
426.5541,-12.000,442.217,649.970,-29.201,6.277,0.180
426.6511,-12.000,437.629,655.417,-34.219,1.321,0.180
426.7506,-12.000,436.889,656.888,-35.324,0.278,0.180
426.8592,-12.000,436.917,657.481,-35.606,0.059,0.180
426.9580,-12.000,437.072,657.853,-35.715,0.012,0.180
427.0541,-11.000,445.198,647.776,-26.613,6.571,0.180
427.1525,-11.000,440.624,653.691,-31.858,1.383,0.180
427.2514,-11.000,440.045,655.411,-33.007,0.291,0.180
427.3505,-10.000,448.216,645.809,-24.121,6.630,0.180
427.4602,-10.000,443.822,651.987,-29.407,1.396,0.180
427.5565,-9.000,451.400,643.525,-21.387,6.862,0.180
427.6559,-9.000,447.060,650.114,-26.852,1.445,0.180
427.7556,-9.000,446.828,652.257,-28.039,0.304,0.180
427.8519,-9.000,447.353,653.356,-28.326,0.064,0.180
427.9497,-8.000,455.920,643.771,-19.250,6.582,0.180
428.0572,-8.000,451.749,650.075,-24.487,1.386,0.180
428.1564,-8.000,451.521,652.118,-25.623,0.292,0.180
428.2545,-7.000,459.993,642.787,-16.721,6.630,0.180
428.3537,-7.000,455.858,649.193,-21.992,1.396,0.180
428.4506,-6.000,463.658,640.922,-13.956,6.862,0.180
428.5583,-6.000,459.510,647.671,-19.405,1.445,0.180
428.6541,-6.000,459.443,649.948,-20.577,0.304,0.180
428.7529,-5.000,468.085,640.785,-11.675,6.632,0.180
428.8498,-5.000,464.101,647.326,-16.937,1.396,0.180
428.9509,-5.000,464.060,649.541,-18.065,0.294,0.180
429.0586,-4.000,472.699,640.349,-9.150,6.630,0.180
429.1595,-3.000,476.682,636.496,-5.231,7.964,0.180
429.2560,-3.000,471.934,644.354,-11.534,1.677,0.180
429.3552,-2.000,479.891,636.642,-3.700,6.921,0.180
429.4532,-2.000,476.020,643.721,-9.175,1.457,0.180
429.5537,-1.000,484.196,635.871,-1.162,6.875,0.180
429.6545,-1.000,480.402,642.943,-6.595,1.447,0.180
429.7519,-0.000,488.620,635.110,1.431,6.873,0.180
429.8502,-0.000,484.858,642.200,-3.995,1.447,0.180
429.9574,1.000,492.504,633.783,4.036,6.873,0.180
430.0552,1.000,488.255,640.376,-1.385,1.447,0.180
430.1543,2.000,495.488,631.536,6.652,6.873,0.180
430.2544,2.000,490.889,637.769,1.236,1.447,0.180
430.3554,3.000,497.825,628.621,9.278,6.873,0.180
430.4526,3.000,492.975,634.592,3.867,1.447,0.180
430.5524,4.000,499.698,625.221,11.914,6.873,0.180
430.6513,4.000,494.668,631.002,6.509,1.447,0.180
430.7504,5.000,501.238,621.468,14.561,6.873,0.180
430.8483,5.000,496.079,627.109,9.161,1.447,0.180
430.9588,5.000,495.167,628.430,8.044,0.305,0.180
431.0554,6.000,502.500,617.845,17.003,6.633,0.180
431.1534,6.000,497.413,623.168,11.798,1.396,0.180
431.2519,6.000,496.442,624.339,10.727,0.294,0.180
431.3491,6.000,496.327,624.625,10.526,0.062,0.180
431.4482,7.000,503.755,613.741,19.682,6.581,0.180
431.5584,7.000,498.627,618.932,14.523,1.386,0.180
431.6563,6.000,487.223,627.990,4.292,-6.277,0.180
431.7517,6.000,492.712,623.507,9.278,-1.321,0.180
431.8524,6.000,494.214,622.859,10.353,-0.278,0.180
431.9495,6.000,494.828,622.972,10.604,-0.059,0.180
432.0583,6.000,495.214,623.203,10.681,-0.012,0.180
432.1574,7.000,502.891,612.451,19.896,6.566,0.180
432.2580,6.000,487.563,625.765,5.575,-5.186,0.180
432.3577,7.000,499.707,611.310,18.874,5.477,0.180
432.4569,7.000,495.937,616.115,14.587,1.153,0.180
432.5530,8.000,502.877,606.455,22.886,6.811,0.180
432.6512,9.000,505.258,601.161,26.724,8.002,0.180
432.7492,9.000,499.250,607.694,20.454,1.685,0.180
432.8479,9.000,498.190,609.200,19.170,0.355,0.180
432.9574,10.000,505.520,598.649,28.111,6.643,0.180
433.0543,9.000,490.084,611.946,13.745,-5.170,0.180
433.1523,9.000,494.804,608.410,17.873,-1.088,0.180
433.2514,8.000,485.839,615.980,9.605,-6.798,0.180
433.3504,7.000,481.781,619.453,5.840,-7.999,0.180
433.4575,6.000,479.010,622.326,3.018,-8.253,0.180
433.5563,5.000,476.727,625.296,0.391,-8.306,0.180
433.6565,5.000,485.102,620.505,6.974,-1.749,0.180
433.7547,4.000,477.658,628.596,-0.793,-6.937,0.180
433.8575,4.000,484.930,624.873,4.704,-1.460,0.180
433.9561,3.000,477.238,633.182,-3.296,-6.876,0.180
434.0544,3.000,484.444,629.500,2.148,-1.448,0.180
434.1519,2.000,476.727,637.813,-5.867,-6.873,0.180
434.2514,2.000,483.917,634.130,-0.431,-1.447,0.180
434.3497,2.000,486.560,634.467,0.722,-0.305,0.180
434.4471,2.000,488.078,635.483,0.973,-0.064,0.180
434.5567,2.000,489.215,636.499,1.034,-0.014,0.180
434.6545,2.000,490.151,637.393,1.055,-0.003,0.180
434.7524,2.000,490.942,638.158,1.067,-0.001,0.180
434.8515,2.000,491.614,638.809,1.078,-0.000,0.180
434.9500,2.000,492.187,639.360,1.089,-0.000,0.180
435.0475,2.000,492.675,639.827,1.099,-0.000,0.180
435.1568,2.000,493.091,640.223,1.110,-0.000,0.180
435.2553,2.000,493.447,640.558,1.120,-0.000,0.180
435.3533,2.000,493.751,640.841,1.130,-0.000,0.180
435.4511,3.000,501.384,630.106,10.315,6.568,0.180
435.5521,2.000,486.022,643.432,-4.029,-5.186,0.180
435.6497,3.000,498.135,628.989,9.249,5.477,0.180
435.7468,3.000,494.336,633.806,4.941,1.153,0.180
435.8565,3.000,493.875,635.134,4.046,0.243,0.180
435.9544,3.000,494.067,635.678,3.870,0.051,0.180
436.0522,3.000,494.355,636.016,3.845,0.011,0.180
436.1495,3.000,494.628,636.274,3.852,0.002,0.180
436.2469,3.000,494.868,636.487,3.866,0.000,0.180
436.3550,2.000,484.702,644.637,-5.292,-6.568,0.180
436.4527,1.000,480.167,648.058,-9.270,-7.951,0.180
436.5486,-0.000,477.103,650.776,-12.161,-8.242,0.180
436.6557,-1.000,473.989,652.996,-14.828,-8.304,0.180
436.7542,-2.000,470.686,654.939,-17.451,-8.317,0.180
436.8498,-3.000,467.189,656.679,-20.069,-8.319,0.180
436.9482,-3.000,474.495,650.880,-13.517,-1.751,0.180
437.0552,-4.000,465.529,657.527,-21.323,-6.937,0.180
437.1568,-4.000,471.500,652.586,-15.868,-1.460,0.180
437.2544,-5.000,462.096,659.265,-23.909,-6.876,0.180
437.3522,-5.000,467.840,654.204,-18.507,-1.448,0.180
437.4509,-6.000,458.273,660.751,-26.563,-6.873,0.180
437.5545,-7.000,452.912,662.947,-30.342,-8.015,0.180
437.6530,-8.000,448.384,664.183,-33.224,-8.256,0.180
437.7503,-9.000,443.988,665.182,-35.922,-8.306,0.180
437.8498,-10.000,439.581,666.101,-38.584,-8.317,0.180
437.9567,-11.000,435.139,666.978,-41.244,-8.319,0.180
438.0531,-12.000,430.661,667.826,-43.907,-8.320,0.180
438.1501,-13.000,426.151,668.650,-46.574,-8.320,0.180
438.2498,-13.000,432.585,662.083,-40.073,-1.752,0.180
438.3505,-13.000,433.844,660.712,-38.758,-0.369,0.180
438.4480,-14.000,423.046,667.814,-47.708,-6.646,0.180
438.5554,-14.000,428.149,662.569,-42.534,-1.399,0.180
438.6531,-14.000,429.121,661.477,-41.502,-0.295,0.180
438.7517,-15.000,418.256,668.640,-50.516,-6.630,0.180
438.8483,-15.000,423.339,663.410,-45.360,-1.396,0.180
438.9468,-16.000,413.327,669.697,-53.509,-6.862,0.180
439.0551,-16.000,418.578,664.280,-48.175,-1.445,0.180
439.1518,-16.000,419.565,663.152,-47.118,-0.304,0.180
439.2514,-17.000,408.688,670.308,-56.134,-6.632,0.180
439.3522,-17.000,413.755,665.080,-50.987,-1.396,0.180
439.4505,-17.000,414.700,663.997,-49.973,-0.294,0.180
439.5487,-17.000,414.785,663.795,-49.829,-0.062,0.180
439.6453,-16.000,422.670,653.411,-40.695,6.555,0.180
439.7530,-15.000,425.823,648.733,-36.780,7.949,0.180
439.8515,-15.000,420.321,655.938,-43.133,1.673,0.180
439.9467,-15.000,419.647,658.062,-44.532,0.352,0.180
440.0538,-13.000,435.853,638.286,-26.541,13.211,0.180
440.1498,-13.000,426.839,650.267,-37.038,2.781,0.180
440.2454,-13.000,425.837,653.791,-39.302,0.586,0.180
440.3542,-12.000,434.352,645.019,-30.658,6.692,0.180
440.4512,-11.000,438.371,641.382,-26.830,7.977,0.180
440.5539,-11.000,433.679,649.399,-33.185,1.679,0.180
440.6503,-11.000,433.709,652.195,-34.568,0.354,0.180
440.7486,-11.000,434.573,653.732,-34.904,0.074,0.180
440.8463,-11.000,435.478,654.869,-35.020,0.016,0.180
440.9552,-11.000,436.276,655.806,-35.089,0.003,0.180
441.0532,-11.000,436.954,656.604,-35.149,0.001,0.180
441.1505,-11.000,437.523,657.288,-35.207,0.000,0.180
441.2493,-10.000,445.972,647.505,-26.091,6.568,0.180
441.3470,-10.000,441.668,653.675,-31.328,1.383,0.180
441.4559,-9.000,449.291,645.238,-23.298,6.860,0.180
441.5536,-8.000,452.956,641.481,-19.587,8.013,0.180
441.6507,-7.000,456.023,638.936,-16.781,8.255,0.180
441.7481,-5.000,467.139,626.464,-4.987,14.875,0.180
441.8552,-5.000,457.793,640.657,-16.756,3.132,0.180
441.9520,-3.000,473.302,624.468,-0.907,13.796,0.180
442.0491,-3.000,465.106,638.086,-11.815,2.904,0.180
442.1462,-2.000,473.075,632.325,-4.950,7.180,0.180
442.2458,-1.000,477.809,630.069,-1.455,8.080,0.180
442.3452,-1.000,473.977,639.006,-7.839,1.701,0.180
442.4548,-0.000,482.773,632.151,-0.013,6.927,0.180
442.5536,-0.000,479.629,639.944,-5.482,1.458,0.180
442.6498,-0.000,480.454,643.071,-6.633,0.307,0.180
442.7490,-0.000,481.891,644.992,-6.875,0.065,0.180
442.8471,-0.000,483.267,646.471,-6.926,0.014,0.180
442.9452,1.000,491.843,636.721,2.237,6.571,0.180
443.0444,1.000,487.662,642.905,-2.946,1.383,0.180
443.1543,1.000,487.426,644.844,-4.033,0.291,0.180
443.2440,1.000,487.925,645.792,-4.258,0.061,0.180
443.3532,1.000,488.497,646.450,-4.301,0.013,0.180
443.4497,2.000,496.388,636.004,4.868,6.571,0.180
443.5475,2.000,491.625,641.596,-0.310,1.383,0.180
443.6444,3.000,498.269,632.056,7.782,6.860,0.180
443.7445,3.000,493.139,637.725,2.382,1.444,0.180
443.8530,4.000,499.617,628.105,10.431,6.872,0.180
443.9514,4.000,494.376,633.675,5.027,1.447,0.180
444.0483,5.000,500.769,623.962,13.079,6.873,0.180
444.1460,5.000,495.457,629.451,7.679,1.447,0.180
444.2541,6.000,501.790,619.670,15.736,6.873,0.180
444.3513,6.000,496.430,625.099,10.341,1.447,0.180
444.4521,6.000,495.348,626.239,9.230,0.305,0.180
444.5498,7.000,502.537,615.499,18.194,6.633,0.180
444.6473,7.000,497.328,620.690,12.994,1.396,0.180
444.7460,7.000,496.254,621.749,11.928,0.294,0.180
444.8450,7.000,496.052,621.938,11.733,0.062,0.180
444.9441,8.000,503.408,610.971,20.894,6.581,0.180
445.0435,8.000,498.219,616.091,15.740,1.386,0.180
445.1530,8.000,497.137,617.114,14.687,0.292,0.180
445.2516,9.000,504.297,606.304,23.672,6.630,0.180
445.3477,10.000,506.432,600.466,27.659,7.964,0.180
445.4479,10.000,500.123,606.628,21.423,1.677,0.180
445.5462,10.000,498.789,607.837,20.151,0.353,0.180
445.6439,10.000,498.509,608.010,19.925,0.074,0.180
445.7532,10.000,498.457,607.972,19.918,0.016,0.180
445.8512,10.000,498.458,607.894,19.958,0.003,0.180
445.9484,10.000,498.475,607.812,20.007,0.001,0.180
446.0488,9.000,488.125,615.706,10.885,-6.568,0.180
446.1478,8.000,483.440,618.904,6.944,-7.951,0.180
446.2464,8.000,490.627,613.453,13.263,-1.674,0.180
446.3438,7.000,482.354,620.801,5.452,-6.921,0.180
446.4530,6.000,478.588,624.382,1.779,-8.025,0.180
446.5518,6.000,486.376,619.436,8.146,-1.690,0.180
446.6488,5.000,478.575,627.252,0.337,-6.924,0.180
446.7466,4.000,475.201,631.240,-3.344,-8.026,0.180
446.8434,4.000,483.319,626.643,3.013,-1.690,0.180
446.9500,4.000,486.170,626.785,4.368,-0.356,0.180
447.0458,3.000,477.370,635.729,-4.504,-6.643,0.180
447.1436,3.000,484.192,632.030,0.756,-1.399,0.180
447.2500,3.000,486.639,632.238,1.876,-0.294,0.180
447.3470,3.000,488.015,633.118,2.124,-0.062,0.180
447.4456,3.000,489.038,634.012,2.189,-0.013,0.180
447.5452,3.000,489.879,634.801,2.215,-0.003,0.180
447.6529,3.000,490.589,635.476,2.232,-0.001,0.180
447.7522,3.000,491.194,636.049,2.248,-0.000,0.180
447.8506,2.000,481.337,644.507,-6.910,-6.568,0.180
447.9479,2.000,487.438,640.217,-1.714,-1.383,0.180
448.0449,1.000,478.936,647.858,-9.785,-6.860,0.180
448.1525,-0.000,475.118,651.545,-13.538,-8.013,0.180
448.2485,-1.000,471.914,654.037,-16.386,-8.255,0.180
448.3456,-3.000,457.676,663.469,-28.221,-14.875,0.180
448.4447,-4.000,459.388,660.073,-25.667,-9.700,0.180
448.5443,-6.000,445.862,667.968,-36.377,-15.179,0.180
448.6430,-7.000,447.447,663.996,-33.599,-9.764,0.180
448.7431,-8.000,444.631,664.183,-35.100,-8.624,0.180
448.8422,-9.000,440.807,665.172,-37.507,-8.384,0.180
448.9428,-9.000,447.674,658.895,-30.935,-1.765,0.180
449.0417,-10.000,438.298,665.173,-38.762,-6.940,0.180
449.1494,-10.000,443.909,659.930,-33.335,-1.461,0.180
449.2459,-10.000,445.166,658.984,-32.234,-0.308,0.180
449.3447,-10.000,445.489,658.926,-32.043,-0.065,0.180
449.4428,-10.000,445.601,659.039,-32.044,-0.014,0.180
449.5424,-10.000,445.656,659.176,-32.085,-0.003,0.180
449.6519,-9.000,453.661,648.934,-22.961,6.568,0.180
449.7501,-9.000,448.978,654.715,-28.193,1.383,0.180
449.8466,-9.000,448.306,656.320,-29.331,0.291,0.180
449.9417,-9.000,448.427,656.993,-29.608,0.061,0.180
450.0481,-9.000,448.669,657.426,-29.703,0.013,0.180
450.1463,-9.000,448.898,657.769,-29.760,0.003,0.180
450.2452,-8.000,457.067,647.688,-20.635,6.569,0.180
450.3446,-7.000,460.500,643.230,-16.689,7.951,0.180
450.4421,-7.000,455.250,650.607,-23.003,1.674,0.180
450.5413,-7.000,454.796,652.870,-24.361,0.352,0.180
450.6476,-6.000,463.224,643.580,-15.502,6.643,0.180
450.7471,-6.000,459.082,649.988,-20.777,1.398,0.180
450.8427,-6.000,458.911,652.087,-21.913,0.294,0.180
450.9498,-6.000,459.466,653.170,-22.176,0.062,0.180
451.0477,-6.000,460.082,653.946,-22.256,0.013,0.180
451.1463,-6.000,460.632,654.579,-22.298,0.003,0.180
451.2449,-7.000,450.128,662.489,-31.505,-6.568,0.180
451.3496,-7.000,455.674,657.738,-26.356,-1.383,0.180
451.4479,-7.000,457.067,657.020,-25.301,-0.291,0.180
451.5457,-8.000,446.574,664.488,-34.281,-6.630,0.180
451.6446,-9.000,441.007,666.883,-38.262,-7.964,0.180
451.7425,-9.000,447.400,660.794,-32.022,-1.677,0.180
451.8434,-9.000,448.806,659.647,-30.745,-0.353,0.180
451.9432,-9.000,449.147,659.525,-30.513,-0.074,0.180
452.0416,-10.000,438.279,666.980,-39.675,-6.584,0.180
452.1496,-11.000,432.501,669.257,-43.702,-7.955,0.180
452.2470,-11.000,438.735,663.046,-37.480,-1.675,0.180
452.3455,-12.000,429.037,669.165,-45.388,-6.921,0.180
452.4429,-12.000,434.417,663.742,-39.987,-1.457,0.180
452.5410,-13.000,424.513,670.009,-48.073,-6.875,0.180
452.6491,-13.000,429.828,664.604,-42.713,-1.447,0.180
452.7494,-13.000,430.864,663.490,-41.637,-0.305,0.180
452.8462,-14.000,420.031,670.658,-50.638,-6.633,0.180
452.9428,-14.000,425.136,665.437,-45.475,-1.396,0.180
453.0408,-14.000,426.117,664.358,-44.445,-0.294,0.180
453.1510,-13.000,434.208,653.783,-35.112,6.507,0.180
453.2404,-13.000,429.448,659.432,-40.317,1.370,0.180
453.3415,-12.000,436.650,650.585,-32.292,6.857,0.180
453.4412,-12.000,431.976,656.862,-37.768,1.444,0.180
453.5492,-10.000,447.402,637.998,-20.622,13.441,0.180
453.6466,-9.000,446.251,639.826,-22.112,9.398,0.180
453.7451,-7.000,456.520,628.333,-11.231,15.115,0.180
453.8437,-7.000,447.030,642.782,-23.201,3.182,0.180
453.9509,-5.000,462.536,626.692,-7.402,13.807,0.180
454.0417,-4.000,462.336,629.996,-9.154,9.475,0.180
454.1500,-3.000,465.627,629.942,-7.482,8.563,0.180
454.2469,-1.000,477.674,618.847,4.089,14.940,0.180
454.3448,-1.000,469.279,634.051,-7.710,3.145,0.180
454.4419,-0.000,477.659,629.060,-1.025,7.231,0.180
454.5393,1.000,482.264,626.734,2.440,8.091,0.180
454.6498,1.000,478.351,635.585,-3.942,1.703,0.180
454.7488,2.000,486.483,628.050,3.892,6.927,0.180
454.8460,2.000,482.779,635.262,-1.566,1.458,0.180
454.9438,2.000,483.128,637.893,-2.707,0.307,0.180
455.0418,3.000,491.537,628.419,6.235,6.633,0.180
455.1420,3.000,487.363,634.687,1.014,1.396,0.180
455.2409,3.000,487.166,636.664,-0.073,0.294,0.180
455.3497,3.000,487.706,637.637,-0.290,0.062,0.180
455.4474,3.000,488.316,638.313,-0.323,0.013,0.180
455.5431,3.000,488.868,638.854,-0.318,0.003,0.180
455.6400,3.000,489.346,639.305,-0.304,0.001,0.180
455.7483,4.000,497.130,628.712,8.885,6.569,0.180
455.8489,4.000,492.270,634.182,3.720,1.383,0.180
455.9468,5.000,498.833,624.539,11.822,6.860,0.180
456.0449,5.000,493.634,630.119,6.433,1.444,0.180
456.1426,6.000,500.056,620.422,14.493,6.872,0.180
456.2422,7.000,502.143,614.951,18.272,8.015,0.180
456.3407,7.000,495.913,621.304,11.980,1.687,0.180
456.4398,7.000,494.670,622.652,10.685,0.355,0.180
456.5479,7.000,494.471,622.941,10.440,0.075,0.180
456.6491,8.000,501.859,612.028,19.591,6.584,0.180
456.7469,8.000,496.705,617.186,14.435,1.386,0.180
456.8479,8.000,495.654,618.241,13.382,0.292,0.180
456.9452,7.000,485.094,626.405,4.020,-6.507,0.180
457.0429,6.000,480.375,629.686,0.020,-7.938,0.180
457.1398,6.000,487.562,624.277,6.318,-1.671,0.180
457.2392,5.000,479.295,631.656,-1.505,-6.920,0.180
457.3471,5.000,485.907,627.289,3.984,-1.457,0.180
457.4453,5.000,488.037,627.067,5.161,-0.307,0.180
457.5424,5.000,489.116,627.610,5.429,-0.065,0.180
457.6425,4.000,501.383,645.193,-8.431,-11.569,0.320
457.7422,3.000,521.240,656.322,-13.588,-13.943,0.320
457.8399,2.000,542.031,667.484,-16.866,-14.433,0.320
457.9488,1.000,562.402,679.888,-19.762,-14.534,0.320
458.0472,-0.000,582.165,693.599,-22.583,-14.555,0.320
458.1454,-1.000,600.519,707.632,-25.393,-14.559,0.320
458.2424,-1.000,633.945,709.510,-13.844,-3.004,0.320
458.3409,-3.000,624.743,745.815,-40.187,-23.731,0.320
458.4487,-4.000,647.238,753.292,-35.731,-16.452,0.320
458.5464,-5.000,663.212,766.729,-37.057,-14.951,0.320
458.6425,-7.000,661.079,793.956,-53.942,-26.196,0.320
458.7410,-9.000,667.195,812.264,-61.913,-28.517,0.320
458.8396,-11.000,674.575,828.739,-68.053,-28.996,0.320
458.9479,-11.000,714.406,819.960,-45.103,-5.983,0.320
459.0477,-14.000,686.985,867.030,-83.499,-35.901,0.320
459.1454,-16.000,699.054,877.757,-83.807,-30.519,0.320
459.2421,-17.000,722.812,880.310,-74.036,-17.853,0.320
459.3401,-19.000,720.101,905.481,-88.684,-26.795,0.320
459.4472,-20.000,740.624,910.982,-81.774,-17.085,0.320
459.5454,-22.000,737.091,936.731,-96.925,-26.637,0.320
459.6451,-23.000,757.219,942.422,-90.141,-17.052,0.320
459.7419,-24.000,769.706,955.815,-90.963,-15.074,0.320
459.8411,-26.000,764.319,983.295,-107.711,-26.222,0.320
459.9392,-27.000,783.897,989.430,-101.255,-16.966,0.320
460.0415,-29.000,779.854,1015.424,-116.501,-26.612,0.320
460.1381,-30.000,799.608,1021.263,-109.736,-17.047,0.320
460.2398,-31.000,811.790,1034.770,-110.562,-15.073,0.320
460.3477,-32.000,822.421,1049.909,-112.955,-14.666,0.320
460.4460,-33.000,816.828,1049.510,-115.671,-14.582,0.320
460.5425,-33.000,827.455,1036.790,-104.098,-3.009,0.320
460.6409,-34.000,812.763,1045.863,-116.065,-12.176,0.320
460.7492,-35.000,805.336,1047.674,-120.757,-14.068,0.320
460.8466,-36.000,799.401,1047.996,-123.947,-14.459,0.320
460.9454,-36.000,810.042,1035.582,-112.472,-2.984,0.320
461.0428,-37.000,795.426,1044.852,-124.460,-12.171,0.320
461.1402,-37.000,804.352,1034.383,-114.800,-2.512,0.320
461.2387,-38.000,789.446,1044.137,-127.163,-12.074,0.320
461.3454,-37.000,811.641,1018.401,-103.225,9.064,0.320
461.4435,-35.000,831.018,994.696,-81.707,24.981,0.320
461.5426,-33.000,838.922,984.792,-72.823,28.266,0.320
461.6408,-30.000,858.483,963.053,-52.190,40.499,0.320
461.7372,-17.000,1002.415,798.187,102.195,158.579,0.320
461.8374,-8.000,1006.610,795.760,105.494,136.723,0.320
461.9442,-2.000,992.003,825.909,83.106,97.546,0.320
462.0432,1.000,969.192,871.771,48.761,54.795,0.320
462.1430,3.000,964.896,896.980,34.000,34.418,0.320
462.2429,5.000,974.374,903.599,35.423,30.213,0.320
462.3400,7.000,985.152,904.823,40.195,29.346,0.320
462.4464,9.000,994.888,903.608,45.666,29.167,0.320
462.5427,9.000,978.416,933.323,22.569,6.018,0.320
462.6406,10.000,991.763,927.393,32.204,12.797,0.320
462.7404,10.000,986.317,942.143,22.103,2.641,0.320
462.8400,10.000,988.234,948.135,20.063,0.545,0.320
462.9392,9.000,975.780,965.152,5.326,-11.443,0.320
463.0472,8.000,972.912,972.738,0.097,-13.917,0.320
463.1454,9.000,999.949,948.871,25.548,8.684,0.320
463.2427,8.000,980.515,971.839,4.345,-9.764,0.320
463.3420,8.000,991.312,967.047,12.139,-2.015,0.320
463.4412,8.000,995.509,967.954,13.783,-0.416,0.320
463.5386,8.000,998.054,969.748,14.157,-0.086,0.320
463.6460,8.000,1000.011,971.478,14.270,-0.018,0.320
463.7435,8.000,1001.638,972.986,14.329,-0.004,0.320
463.8393,8.000,1003.018,974.270,14.377,-0.001,0.320
463.9480,7.000,988.755,988.637,0.061,-11.556,0.320
464.0454,7.000,999.510,980.971,9.271,-2.385,0.320
464.1414,7.000,1002.755,980.352,11.203,-0.492,0.320
464.2383,7.000,1004.301,981.038,11.633,-0.102,0.320
464.3465,7.000,1005.369,981.866,11.752,-0.021,0.320
464.4427,6.000,990.790,995.898,-2.553,-11.560,0.320
464.5423,6.000,1001.266,987.957,6.655,-2.385,0.320
464.6384,5.000,988.829,1000.388,-5.779,-12.048,0.320
464.7364,5.000,999.916,992.296,3.811,-2.486,0.320
464.8365,5.000,1003.190,991.568,5.812,-0.513,0.320
464.9464,5.000,1004.707,992.215,6.247,-0.106,0.320
465.0455,5.000,1005.739,993.022,6.359,-0.022,0.320
465.1434,5.000,1006.566,993.759,6.404,-0.005,0.320
465.2408,5.000,1007.262,994.392,6.436,-0.001,0.320
465.3388,5.000,1007.856,994.928,6.464,-0.000,0.320
465.4376,5.000,1008.364,995.380,6.493,-0.000,0.320
465.5450,5.000,1008.800,995.760,6.521,-0.000,0.320
465.6418,5.000,1009.175,996.078,6.549,-0.000,0.320
465.7428,5.000,1009.498,996.345,6.577,-0.000,0.320
465.8406,5.000,1009.777,996.568,6.605,-0.000,0.320
465.9365,5.000,1010.018,996.753,6.633,-0.000,0.320
466.0368,5.000,1010.227,996.906,6.661,-0.000,0.320
466.1439,5.000,1010.409,997.032,6.689,-0.000,0.320
466.2406,5.000,1010.568,997.135,6.717,-0.000,0.320
466.3363,5.000,1010.707,997.218,6.745,-0.000,0.320
466.4441,4.000,995.388,1010.565,-7.589,-11.556,0.320
466.5418,4.000,1005.244,1002.034,1.605,-2.384,0.320
466.6402,4.000,1007.722,1000.682,3.520,-0.492,0.320
466.7369,3.000,993.172,1014.029,-10.428,-11.657,0.320
466.8430,3.000,1003.430,1005.750,-1.160,-2.405,0.320
466.9412,2.000,990.755,1017.945,-13.595,-12.052,0.320
467.0372,2.000,1001.627,1009.665,-4.019,-2.487,0.320
467.1449,1.000,989.273,1022.064,-16.395,-12.069,0.320
467.2417,-0.000,984.934,1027.279,-21.172,-14.046,0.320
467.3429,-0.000,997.955,1018.005,-10.025,-2.898,0.320
467.4407,-1.000,985.566,1029.737,-22.086,-12.154,0.320
467.5398,-1.000,996.427,1021.318,-12.446,-2.508,0.320
467.6352,-2.000,983.169,1032.813,-24.822,-12.073,0.320
467.7434,-2.000,993.490,1023.992,-15.251,-2.491,0.320
467.8414,-2.000,996.093,1022.664,-13.285,-0.514,0.320
467.9389,-3.000,980.751,1035.251,-27.250,-11.662,0.320
468.0419,-3.000,990.318,1026.341,-18.011,-2.406,0.320
468.1397,-3.000,992.491,1024.727,-16.118,-0.497,0.320
468.2375,-2.000,1006.387,1009.146,-1.380,11.453,0.320
468.3457,-2.000,998.070,1019.031,-10.481,2.363,0.320
468.4364,-2.000,996.849,1021.584,-12.368,0.488,0.320
468.5374,-2.000,997.017,1022.549,-12.766,0.101,0.320
468.6357,-2.000,997.408,1023.121,-12.857,0.021,0.320
468.7440,-2.000,997.789,1023.558,-12.885,0.004,0.320
468.8419,-2.000,998.122,1023.921,-12.899,0.001,0.320
468.9392,-2.000,998.406,1024.228,-12.911,0.000,0.320
469.0357,-2.000,998.646,1024.491,-12.923,0.000,0.320
469.1434,-2.000,998.848,1024.716,-12.934,0.000,0.320
469.2416,-2.000,999.019,1024.909,-12.945,0.000,0.320
469.3391,-2.000,999.162,1025.074,-12.956,0.000,0.320
469.4370,-1.000,1012.563,1009.775,1.394,11.556,0.320
469.5352,-1.000,1004.080,1019.646,-7.783,2.384,0.320
469.6437,-1.000,1002.771,1022.133,-9.681,0.492,0.320
469.7405,-0.000,1016.157,1007.589,4.284,11.657,0.320
469.8396,-0.000,1007.914,1017.849,-4.968,2.405,0.320
469.9373,-0.000,1006.861,1020.614,-6.877,0.496,0.320
470.0432,-0.000,1007.195,1021.737,-7.271,0.102,0.320
470.1417,-0.000,1007.733,1022.437,-7.352,0.021,0.320
470.2422,-0.000,1008.243,1022.980,-7.369,0.004,0.320
470.3411,-0.000,1008.686,1023.430,-7.372,0.001,0.320
470.4385,-0.000,1009.066,1023.811,-7.373,0.000,0.320
470.5365,1.000,1021.830,1007.853,6.988,11.556,0.320
470.6349,1.000,1012.807,1017.161,-2.177,2.384,0.320
470.7339,1.000,1011.041,1019.170,-4.064,0.492,0.320
470.8430,1.000,1010.759,1019.658,-4.449,0.102,0.320
470.9420,2.000,1023.213,1003.539,9.837,11.577,0.320
471.0430,2.000,1013.979,1012.658,0.661,2.389,0.320
471.1409,2.000,1012.046,1014.494,-1.224,0.493,0.320
471.2400,2.000,1011.624,1014.832,-1.604,0.102,0.320
471.3372,2.000,1011.519,1014.866,-1.674,0.021,0.320
471.4430,2.000,1011.484,1014.842,-1.679,0.004,0.320
471.5412,2.000,1011.466,1014.808,-1.671,0.001,0.320
471.6398,2.000,1011.455,1014.776,-1.661,0.000,0.320
471.7361,3.000,1023.888,998.466,12.711,11.556,0.320
471.8360,3.000,1014.586,1007.472,3.557,2.384,0.320
471.9444,3.000,1012.585,1009.222,1.681,0.492,0.320
472.0424,4.000,1024.546,993.208,15.669,11.657,0.320
472.1396,4.000,1015.094,1002.215,6.440,2.405,0.320
472.2391,4.000,1013.018,1003.912,4.553,0.496,0.320
472.3356,4.000,1012.486,1004.123,4.181,0.102,0.320
472.4432,5.000,1024.731,987.764,18.484,11.577,0.320
472.5406,5.000,1015.323,996.675,9.324,2.389,0.320
472.6420,5.000,1013.244,998.332,7.456,0.493,0.320
472.7407,5.000,1012.702,998.516,7.093,0.102,0.320
472.8385,5.000,1012.496,998.416,7.040,0.021,0.320
472.9369,5.000,1012.378,998.275,7.051,0.004,0.320
473.0344,5.000,1012.293,998.141,7.076,0.001,0.320
473.1419,5.000,1012.226,998.020,7.103,0.000,0.320
473.2403,5.000,1012.175,997.912,7.131,0.000,0.320
473.3388,5.000,1012.135,997.817,7.159,0.000,0.320
473.4388,5.000,1012.105,997.731,7.187,0.000,0.320
473.5374,5.000,1012.084,997.654,7.215,0.000,0.320
473.6368,5.000,1012.071,997.585,7.243,0.000,0.320
473.7364,5.000,1012.064,997.522,7.271,0.000,0.320
473.8367,5.000,1012.062,997.464,7.299,0.000,0.320
473.9355,5.000,1012.064,997.410,7.327,0.000,0.320
474.0424,5.000,1012.070,997.360,7.355,0.000,0.320
474.1390,5.000,1012.080,997.314,7.383,0.000,0.320
474.2360,5.000,1012.092,997.270,7.411,0.000,0.320
474.3336,5.000,1012.107,997.229,7.439,0.000,0.320
474.4412,5.000,1012.124,997.190,7.467,0.000,0.320
474.5380,4.000,996.701,1010.433,-6.866,-11.556,0.320
474.6359,4.000,1006.468,1001.813,2.327,-2.384,0.320
474.7362,5.000,1021.312,984.105,18.603,11.064,0.320
474.8341,5.000,1012.842,993.140,9.851,2.283,0.320
474.9424,4.000,995.857,1008.446,-6.294,-11.084,0.320
475.0434,4.000,1005.463,1000.412,2.525,-2.287,0.320
475.1402,5.000,1020.410,982.962,18.724,11.084,0.320
475.2400,5.000,1012.078,992.166,9.956,2.287,0.320
475.3386,5.000,1010.661,994.324,8.169,0.472,0.320
475.4363,5.000,1010.629,994.985,7.822,0.097,0.320
475.5325,4.000,995.407,1008.584,-6.588,-11.535,0.320
475.6421,4.000,1005.394,1000.216,2.589,-2.380,0.320
475.7404,3.000,992.552,1012.273,-9.860,-12.047,0.320
475.8369,3.000,1003.297,1003.863,-0.283,-2.486,0.320
475.9366,2.000,990.837,1016.146,-12.654,-12.069,0.320
476.0328,1.000,986.411,1021.263,-17.426,-14.046,0.320
476.1334,1.000,999.357,1011.903,-6.273,-2.898,0.320
476.2327,-0.000,987.746,1024.403,-18.328,-12.154,0.320
476.3320,-1.000,982.989,1029.076,-23.044,-14.063,0.320
476.4410,-2.000,979.327,1031.825,-26.249,-14.458,0.320
476.5412,-3.000,975.622,1033.916,-29.147,-14.539,0.320
476.6388,-3.000,987.957,1023.207,-17.625,-3.000,0.320
476.7371,-4.000,974.732,1033.976,-29.622,-12.175,0.320
476.8332,-4.000,984.828,1024.792,-19.982,-2.512,0.320
476.9420,-5.000,970.905,1035.649,-32.372,-12.074,0.320
477.0403,-5.000,980.657,1026.292,-22.817,-2.491,0.320
477.1389,-5.000,982.774,1024.510,-20.868,-0.514,0.320
477.2370,-5.000,983.297,1024.272,-20.488,-0.106,0.320
477.3364,-6.000,967.193,1036.779,-34.793,-11.577,0.320
477.4325,-6.000,976.319,1027.595,-25.638,-2.389,0.320
477.5424,-7.000,961.875,1038.149,-38.137,-12.049,0.320
477.6398,-7.000,971.246,1028.473,-28.614,-2.486,0.320
477.7403,-8.000,956.768,1038.850,-41.041,-12.069,0.320
477.8375,-9.000,949.778,1041.515,-45.868,-14.046,0.320
477.9347,-9.000,960.537,1030.080,-34.771,-2.898,0.320
478.0321,-10.000,946.219,1039.984,-46.883,-12.154,0.320
478.1416,-11.000,939.151,1042.459,-51.654,-14.063,0.320
478.2406,-11.000,949.799,1030.907,-40.554,-2.902,0.320
478.3366,-12.000,935.375,1040.723,-52.674,-12.154,0.320
478.4361,-12.000,944.496,1030.685,-43.095,-2.508,0.320
478.5364,-11.000,959.311,1012.931,-26.810,11.038,0.320
478.6343,-11.000,950.739,1022.004,-35.632,2.278,0.320
478.7316,-9.000,975.646,993.204,-8.779,23.581,0.320
478.8408,-8.000,971.506,997.873,-13.183,16.421,0.320
478.9361,-7.000,973.435,997.235,-11.900,14.944,0.320
479.0353,-5.000,990.146,980.301,4.923,26.195,0.320
479.1340,-3.000,998.797,973.142,12.827,28.516,0.320
479.2325,-2.000,993.062,983.983,4.540,17.440,0.320
479.3401,-0.000,1009.443,970.623,19.410,26.710,0.320
479.4408,2.000,1017.411,963.543,26.934,28.623,0.320
479.5387,4.000,1022.965,957.064,32.951,29.017,0.320
479.6371,5.000,1015.006,966.396,24.305,17.543,0.320
479.7339,6.000,1015.635,966.094,24.771,15.176,0.320
479.8417,8.000,1030.146,947.182,41.482,26.243,0.320
479.9399,9.000,1022.934,952.812,35.061,16.971,0.320
480.0372,10.000,1022.785,950.777,36.004,15.057,0.320
480.1354,11.000,1023.903,946.962,38.470,14.663,0.320
480.2335,12.000,1025.123,942.611,41.256,14.581,0.320
480.3318,12.000,1013.787,954.285,29.751,3.009,0.320
480.4404,12.000,1011.609,956.749,27.430,0.621,0.320
480.5312,12.000,1011.306,957.296,27.005,0.128,0.320
480.6391,12.000,1011.375,957.435,26.970,0.026,0.320
480.7367,12.000,1011.510,957.477,27.016,0.005,0.320
480.8341,12.000,1011.647,957.489,27.079,0.001,0.320
480.9327,12.000,1011.777,957.486,27.146,0.000,0.320
481.0319,12.000,1011.898,957.473,27.213,0.000,0.320
481.1409,12.000,1012.012,957.452,27.280,0.000,0.320
481.2363,12.000,1012.118,957.424,27.347,0.000,0.320
481.3340,12.000,1012.218,957.390,27.414,0.000,0.320
481.4321,12.000,1012.314,957.351,27.481,0.000,0.320
481.5301,11.000,996.964,970.589,13.187,-11.556,0.320
481.6387,11.000,1006.799,961.959,22.420,-2.384,0.320
481.7353,11.000,1009.265,960.517,24.374,-0.492,0.320
481.8324,11.000,1010.152,960.500,24.826,-0.102,0.320
481.9408,10.000,995.223,974.009,10.607,-11.577,0.320
482.0378,9.000,989.922,978.943,5.490,-13.944,0.320
482.1351,8.000,986.943,982.450,2.246,-14.433,0.320
482.2328,7.000,984.725,985.956,-0.616,-14.534,0.320
482.3331,6.000,982.906,989.711,-3.403,-14.555,0.320
482.4302,5.000,981.372,993.730,-6.179,-14.559,0.320
482.5391,4.000,980.070,997.985,-8.958,-14.560,0.320
482.6384,3.000,978.961,1002.443,-11.741,-14.560,0.320
482.7359,2.000,978.016,1007.075,-14.530,-14.560,0.320
482.8332,1.000,977.209,1011.857,-17.324,-14.560,0.320
482.9313,-0.000,976.518,1016.766,-20.124,-14.560,0.320
483.0297,-0.000,991.366,1008.503,-8.569,-3.004,0.320
483.1376,-2.000,963.987,1033.799,-34.906,-23.731,0.320
483.2366,-2.000,984.925,1017.091,-16.083,-4.897,0.320
483.3352,-3.000,974.316,1027.455,-26.569,-12.566,0.320
483.4318,-4.000,969.387,1031.336,-30.974,-14.149,0.320
483.5300,-3.000,994.930,1005.743,-5.407,8.636,0.320
483.6375,-3.000,989.537,1014.092,-12.277,1.782,0.320
483.7346,-2.000,1002.644,1001.339,0.653,11.923,0.320
483.8346,-2.000,994.820,1012.463,-8.821,2.460,0.320
483.9326,-1.000,1007.540,1000.388,3.576,12.063,0.320
484.0312,-0.000,1013.016,996.301,8.357,14.045,0.320
484.1301,-0.000,1003.959,1009.538,-2.789,2.898,0.320
484.2376,-0.000,1003.436,1013.614,-5.089,0.598,0.320
484.3346,1.000,1016.912,999.318,8.797,11.679,0.320
484.4306,1.000,1008.801,1009.733,-0.466,2.410,0.320
484.5369,1.000,1007.872,1012.619,-2.373,0.497,0.320
484.6360,1.000,1008.315,1013.840,-2.762,0.103,0.320
484.7347,1.000,1008.947,1014.623,-2.838,0.021,0.320
484.8322,1.000,1009.537,1015.235,-2.849,0.004,0.320
484.9318,1.000,1010.050,1015.744,-2.847,0.001,0.320
485.0311,1.000,1010.489,1016.174,-2.842,0.000,0.320
485.1299,-0.000,995.422,1029.819,-17.198,-11.556,0.320
485.2370,-0.000,1005.489,1021.543,-8.027,-2.384,0.320
485.3352,-0.000,1008.143,1020.412,-6.135,-0.492,0.320
485.4332,-1.000,992.900,1033.110,-20.105,-11.657,0.320
485.5309,-1.000,1002.564,1024.282,-10.859,-2.405,0.320
485.6292,-1.000,1004.823,1022.734,-8.956,-0.496,0.320
485.7360,-1.000,1005.513,1022.648,-8.567,-0.102,0.320
485.8337,-1.000,1005.846,1022.829,-8.492,-0.021,0.320
485.9293,-1.000,1006.075,1023.036,-8.481,-0.004,0.320
486.0373,-1.000,1006.259,1023.224,-8.483,-0.001,0.320
486.1364,-1.000,1006.411,1023.386,-8.488,-0.000,0.320
486.2335,-2.000,990.259,1035.967,-22.854,-11.556,0.320
486.3310,-2.000,999.401,1026.789,-13.694,-2.384,0.320
486.4299,-2.000,1001.267,1024.892,-11.813,-0.492,0.320
486.5381,-2.000,1001.633,1024.500,-11.434,-0.102,0.320
486.6362,-2.000,1001.691,1024.420,-11.364,-0.021,0.320
486.7358,-1.000,1014.968,1008.964,3.002,11.551,0.320
486.8333,-1.000,1006.369,1018.711,-6.171,2.384,0.320
486.9318,-1.000,1004.959,1021.096,-8.068,0.492,0.320
487.0280,-1.000,1004.978,1021.907,-8.464,0.101,0.320
487.1298,-1.000,1005.245,1022.345,-8.550,0.021,0.320
487.2369,-1.000,1005.522,1022.667,-8.573,0.004,0.320
487.3342,-1.000,1005.768,1022.931,-8.582,0.001,0.320
487.4338,-1.000,1005.978,1023.154,-8.588,0.000,0.320
487.5310,-0.000,1019.437,1007.902,5.767,11.556,0.320
487.6306,-0.000,1011.005,1017.812,-3.404,2.384,0.320
487.7282,-0.000,1009.740,1020.332,-5.296,0.492,0.320
487.8386,-0.000,1009.883,1021.256,-5.687,0.102,0.320
487.9367,1.000,1022.697,1005.509,8.594,11.577,0.320
488.0374,1.000,1013.768,1014.944,-0.588,2.389,0.320
488.1355,1.000,1012.093,1017.050,-2.478,0.493,0.320
488.2326,1.000,1011.891,1017.619,-2.864,0.102,0.320
488.3288,1.000,1011.971,1017.850,-2.939,0.021,0.320
488.4279,1.000,1012.093,1017.993,-2.950,0.004,0.320
488.5360,-0.000,996.766,1031.384,-17.309,-11.555,0.320
488.6342,-0.000,1006.614,1022.892,-8.139,-2.384,0.320
488.7334,-0.000,1009.082,1021.575,-6.247,-0.492,0.320
488.8304,-0.000,1009.962,1021.674,-5.856,-0.102,0.320
488.9288,-0.000,1010.459,1022.010,-5.776,-0.021,0.320
489.0269,-0.000,1010.829,1022.347,-5.759,-0.004,0.320
489.1336,-0.000,1011.133,1022.644,-5.755,-0.001,0.320
489.2314,-0.000,1011.390,1022.899,-5.755,-0.000,0.320
489.3290,-0.000,1011.607,1023.116,-5.755,-0.000,0.320
489.4274,-0.000,1011.792,1023.301,-5.755,-0.000,0.320
489.5358,-0.000,1011.949,1023.458,-5.755,-0.000,0.320
489.6352,-0.000,1012.082,1023.591,-5.755,-0.000,0.320
489.7330,1.000,1024.637,1007.423,8.607,11.556,0.320
489.8306,1.000,1015.435,1016.553,-0.559,2.384,0.320
489.9288,-0.000,998.077,1031.691,-16.807,-11.064,0.320
490.0299,-0.000,1007.414,1023.467,-8.026,-2.283,0.320
490.1294,-0.000,1009.699,1022.128,-6.214,-0.471,0.320
490.2354,-0.000,1010.474,1022.156,-5.841,-0.097,0.320
490.3334,-0.000,1010.893,1022.420,-5.763,-0.020,0.320
490.4331,1.000,1023.641,1006.413,8.614,11.551,0.320
490.5298,-0.000,999.152,1028.972,-14.910,-9.172,0.320
490.6275,-0.000,1007.111,1022.372,-7.630,-1.893,0.320
490.7268,-0.000,1009.191,1021.447,-6.128,-0.391,0.320
490.8349,-0.000,1009.992,1021.628,-5.818,-0.081,0.320
490.9329,-0.000,1010.473,1021.982,-5.754,-0.017,0.320
491.0297,-0.000,1010.841,1022.323,-5.741,-0.003,0.320
491.1361,-1.000,994.864,1035.063,-20.100,-11.556,0.320
491.2339,-1.000,1004.154,1026.022,-10.934,-2.385,0.320
491.3338,-1.000,1006.147,1024.240,-9.047,-0.492,0.320
491.4314,-1.000,1006.622,1023.945,-8.662,-0.102,0.320
491.5301,-2.000,990.492,1036.388,-22.948,-11.577,0.320
491.6291,-2.000,999.601,1027.144,-13.771,-2.389,0.320
491.7281,-2.000,1001.429,1025.202,-11.887,-0.493,0.320
491.8359,-3.000,985.479,1037.215,-25.868,-11.657,0.320
491.9341,-2.000,1007.822,1012.366,-2.272,9.150,0.320
492.0320,-2.000,1000.984,1020.074,-9.545,1.888,0.320
492.1308,-2.000,999.844,1021.953,-11.055,0.390,0.320
492.2297,-1.000,1013.119,1007.146,2.986,11.636,0.320
492.3273,-1.000,1004.727,1017.236,-6.254,2.401,0.320
492.4352,-0.000,1016.819,1004.427,6.196,12.051,0.320
492.5322,1.000,1020.891,998.906,10.993,14.042,0.320
492.6297,1.000,1010.636,1010.929,-0.147,2.898,0.320
492.7282,2.000,1021.535,997.694,11.921,12.153,0.320
492.8268,2.000,1012.407,1007.835,2.286,2.508,0.320
492.9340,3.000,1023.300,993.964,14.668,12.073,0.320
493.0330,4.000,1026.410,987.481,19.464,14.047,0.320
493.1301,4.000,1015.351,998.674,8.338,2.899,0.320
493.2259,5.000,1025.571,984.728,20.422,12.154,0.320
493.3321,6.000,1028.311,977.981,25.165,14.063,0.320
493.4289,7.000,1029.421,972.625,28.398,14.458,0.320
493.5258,7.000,1017.682,983.755,16.963,2.983,0.320
493.6361,7.000,1015.094,985.825,14.635,0.616,0.320
493.7342,8.000,1026.866,969.773,28.546,11.683,0.320
493.8320,8.000,1017.320,978.681,19.319,2.411,0.320
493.9303,8.000,1015.180,980.278,17.451,0.497,0.320
494.0298,7.000,999.158,993.679,2.740,-11.453,0.320
494.1266,7.000,1008.673,984.936,11.869,-2.363,0.320
494.2267,7.000,1010.916,983.350,13.783,-0.488,0.320
494.3327,7.000,1011.622,983.202,14.210,-0.101,0.320
494.4289,7.000,1011.978,983.320,14.329,-0.021,0.320
494.5268,7.000,1012.235,983.466,14.384,-0.004,0.320
494.6358,6.000,997.008,996.876,0.066,-11.556,0.320
494.7319,6.000,1006.941,988.398,9.271,-2.385,0.320
494.8308,6.000,1009.485,987.091,11.197,-0.492,0.320
494.9292,6.000,1010.435,987.192,11.622,-0.102,0.320
495.0269,5.000,995.555,1000.806,-2.625,-11.577,0.320
495.1265,5.000,1005.732,992.552,6.590,-2.389,0.320
495.2328,4.000,993.033,1004.727,-5.847,-12.048,0.320
495.3314,4.000,1003.894,996.419,3.738,-2.486,0.320
495.4286,3.000,991.534,1008.790,-8.628,-12.069,0.320
495.5259,3.000,1002.634,1000.700,0.967,-2.490,0.320
495.6332,3.000,1005.906,999.985,2.960,-0.514,0.320
495.7321,3.000,1007.418,1000.648,3.385,-0.106,0.320
495.8287,2.000,962.660,1013.742,-5.939,-6.591,0.180
495.9251,2.000,937.179,1010.535,-0.725,-1.388,0.180
496.0337,2.000,910.118,1008.437,0.381,-0.292,0.180
496.1311,2.000,884.341,1004.653,0.622,-0.061,0.180
496.2287,2.000,860.208,998.885,0.681,-0.013,0.180
496.3277,2.000,837.590,991.313,0.701,-0.003,0.180
496.4275,2.000,816.283,982.183,0.714,-0.001,0.180
496.5260,3.000,803.470,960.750,9.898,6.568,0.180
496.6340,4.000,786.399,943.337,13.902,7.951,0.180
496.7338,5.000,769.027,926.024,16.819,8.242,0.180
496.8318,6.000,752.098,908.096,19.512,8.304,0.180
496.9305,6.000,728.319,900.471,12.987,1.748,0.180
497.0297,7.000,717.601,876.122,20.812,6.936,0.180
497.1270,8.000,703.197,855.343,24.546,8.029,0.180
497.2267,9.000,688.281,834.980,27.423,8.259,0.180
497.3359,11.000,680.854,803.444,39.297,14.876,0.180
497.4333,12.000,661.060,787.746,36.784,9.700,0.180
497.5306,13.000,645.573,767.690,38.362,8.611,0.180
497.6284,14.000,631.134,746.542,40.805,8.381,0.180
497.7353,15.000,617.038,725.015,43.435,8.333,0.180
497.8328,15.000,595.745,714.254,36.934,1.754,0.180
497.9302,16.000,587.161,687.217,44.801,6.938,0.180
498.0275,17.000,574.582,664.144,48.581,8.029,0.180
498.1260,18.000,561.224,641.823,51.504,8.259,0.180
498.2360,19.000,547.756,619.589,54.251,8.307,0.180
498.3350,21.000,541.575,586.448,66.030,14.886,0.180
498.4331,22.000,522.850,569.375,63.446,9.702,0.180
498.5329,23.000,508.263,548.160,64.955,8.611,0.180
498.6322,24.000,510.179,542.268,67.325,8.381,0.180
498.7306,24.000,504.677,547.391,60.709,1.764,0.180
498.8277,25.000,511.599,536.545,68.484,6.940,0.180
498.9261,26.000,514.264,529.947,72.174,8.029,0.180
499.0341,26.000,508.554,535.313,65.834,1.690,0.180
499.1312,27.000,515.122,524.852,73.668,6.924,0.180
499.2277,28.000,517.448,518.617,77.370,8.026,0.180
499.3337,29.000,518.811,513.332,80.202,8.258,0.180
499.4314,29.000,512.543,519.266,73.683,1.739,0.180
499.5298,30.000,518.752,509.173,81.479,6.934,0.180
499.6296,30.000,513.429,514.195,76.004,1.460,0.180
499.7272,31.000,519.773,503.994,84.020,6.876,0.180
499.8240,31.000,514.424,509.066,78.592,1.448,0.180
499.9317,31.000,513.349,509.905,77.449,0.305,0.180
500.0318,31.000,513.166,509.888,77.208,0.064,0.180
500.1280,31.000,513.164,509.719,77.158,0.014,0.180
500.2255,31.000,513.195,509.543,77.147,0.003,0.180
500.3248,31.000,513.228,509.387,77.145,0.001,0.180
500.4330,31.000,513.257,509.253,77.144,0.000,0.180
500.5320,30.000,502.914,517.107,67.976,-6.568,0.180
500.6284,29.000,498.233,520.272,63.993,-7.951,0.180
500.7283,29.000,505.417,514.800,70.270,-1.674,0.180
500.8277,28.000,497.140,522.132,62.423,-6.921,0.180
500.9253,27.000,493.370,525.698,58.719,-8.025,0.180
501.0331,27.000,501.151,520.745,65.055,-1.690,0.180
501.1327,26.000,493.344,528.555,57.220,-6.924,0.180
501.2302,26.000,500.335,524.567,62.686,-1.458,0.180
501.3274,25.000,492.412,532.642,54.669,-6.875,0.180
501.4283,24.000,489.052,536.731,50.928,-8.016,0.180
501.5246,24.000,497.205,532.199,57.257,-1.688,0.180
501.6233,23.000,489.719,540.362,49.420,-6.924,0.180
501.7309,22.000,486.614,544.642,45.718,-8.026,0.180
501.8265,21.000,484.590,548.265,42.886,-8.258,0.180
501.9242,20.000,482.928,551.886,40.237,-8.307,0.180
502.0236,19.000,481.555,555.524,37.726,-8.317,0.180
502.1316,18.000,480.315,559.290,35.217,-8.319,0.180
502.2312,17.000,479.180,563.171,32.705,-8.320,0.180
502.3282,16.000,478.135,567.152,30.188,-8.320,0.180
502.4283,15.000,477.163,571.218,27.666,-8.320,0.180
502.5253,14.000,476.254,575.358,25.139,-8.320,0.180
502.6227,13.000,475.396,579.561,22.606,-8.320,0.180
502.7309,12.000,474.583,583.818,20.069,-8.320,0.180
502.8307,11.000,473.805,588.123,17.526,-8.320,0.180
502.9302,10.000,473.058,592.469,14.978,-8.320,0.180
503.0277,8.000,461.961,604.824,3.251,-14.888,0.180
503.1235,6.000,456.546,612.509,-3.300,-16.271,0.180
503.2238,5.000,463.014,611.570,0.403,-9.994,0.180
503.3325,3.000,454.034,623.450,-10.028,-15.241,0.180
503.4324,1.000,449.568,631.581,-16.328,-16.345,0.180
503.5293,-1.000,445.688,638.576,-21.766,-16.578,0.180
503.6294,-3.000,441.148,644.564,-27.030,-16.627,0.180
503.7311,-5.000,435.927,649.815,-32.266,-16.637,0.180
503.8288,-7.000,430.102,654.467,-37.505,-16.639,0.180
503.9263,-9.000,423.756,658.615,-42.752,-16.640,0.180
504.0257,-11.000,416.965,662.338,-48.009,-16.640,0.180
504.1222,-13.000,409.794,665.701,-53.277,-16.640,0.180
504.2230,-15.000,402.297,668.761,-58.555,-16.640,0.180
504.3320,-16.000,405.497,664.190,-54.670,-10.072,0.180
504.4280,-17.000,403.309,664.612,-55.975,-8.689,0.180
504.5257,-19.000,388.883,673.338,-67.552,-14.966,0.180
504.6217,-20.000,390.307,669.468,-64.905,-9.719,0.180
504.7281,-21.000,387.472,669.624,-66.400,-8.615,0.180
504.8282,-22.000,383.666,670.553,-68.768,-8.382,0.180
504.9259,-23.000,379.592,671.581,-71.319,-8.333,0.180
505.0235,-23.000,386.377,665.208,-64.740,-1.754,0.180
505.1307,-24.000,376.968,671.367,-72.523,-6.938,0.180
505.2263,-25.000,371.596,673.376,-76.215,-8.029,0.180
505.3251,-26.000,367.037,674.477,-79.044,-8.259,0.180
505.4227,-27.000,362.619,675.355,-81.693,-8.307,0.180
505.5296,-28.000,358.204,676.161,-84.303,-8.317,0.180
505.6276,-29.000,353.769,676.930,-86.905,-8.319,0.180
505.7250,-30.000,349.309,677.672,-89.505,-8.320,0.180
505.8229,-32.000,333.861,685.760,-101.274,-14.888,0.180
505.9225,-33.000,334.519,681.247,-98.688,-9.703,0.180
506.0317,-34.000,331.072,680.816,-100.197,-8.611,0.180
506.1305,-35.000,326.754,681.239,-102.567,-8.381,0.180
506.2299,-36.000,322.247,681.835,-105.118,-8.333,0.180
506.3283,-37.000,317.694,682.462,-107.708,-8.323,0.180
506.4266,-37.000,324.097,675.723,-101.138,-1.752,0.180
506.5232,-38.000,314.369,681.566,-108.923,-6.937,0.180
506.6303,-39.000,308.726,683.306,-112.614,-8.029,0.180
506.7288,-40.000,303.938,684.177,-115.444,-8.259,0.180
506.8267,-40.000,310.293,677.492,-108.924,-1.739,0.180
506.9246,-41.000,300.557,683.348,-116.720,-6.934,0.180
507.0234,-42.000,294.914,685.093,-120.414,-8.028,0.180
507.1311,-42.000,301.095,678.598,-114.076,-1.690,0.180
507.2310,-42.000,302.296,677.130,-112.741,-0.356,0.180
507.3309,-42.000,302.464,676.736,-112.460,-0.075,0.180
507.4281,-43.000,291.458,683.949,-121.570,-6.584,0.180
507.5255,-43.000,296.545,678.639,-116.372,-1.386,0.180
507.6230,-43.000,297.544,677.450,-115.277,-0.292,0.180
507.7211,-43.000,297.694,677.139,-115.047,-0.061,0.180
507.8305,-43.000,297.673,677.021,-114.998,-0.013,0.180
507.9261,-43.000,297.625,676.953,-114.988,-0.003,0.180
508.0235,-44.000,286.609,684.270,-124.155,-6.569,0.180
508.1311,-44.000,291.723,679.011,-118.968,-1.383,0.180
508.2287,-44.000,292.754,677.858,-117.877,-0.291,0.180
508.3255,-44.000,292.931,677.576,-117.647,-0.061,0.180
508.4239,-44.000,292.935,677.483,-117.598,-0.013,0.180
508.5238,-44.000,292.908,677.436,-117.588,-0.003,0.180
508.6209,-44.000,292.878,677.401,-117.586,-0.001,0.180
508.7211,-44.000,292.851,677.374,-117.586,-0.000,0.180
508.8218,-44.000,292.828,677.350,-117.586,-0.000,0.180
508.9298,-43.000,300.777,666.962,-108.417,6.568,0.180
509.0298,-43.000,296.055,672.611,-113.603,1.383,0.180
509.1287,-43.000,295.357,674.097,-114.694,0.291,0.180
509.2282,-43.000,295.462,674.661,-114.924,0.061,0.180
509.3262,-43.000,295.698,674.994,-114.973,0.013,0.180
509.4250,-42.000,303.898,664.878,-105.814,6.571,0.180
509.5314,-42.000,299.396,670.751,-111.002,1.383,0.180
509.6290,-42.000,298.886,672.426,-112.094,0.291,0.180
509.7284,-42.000,299.152,673.151,-112.324,0.061,0.180
509.8268,-41.000,307.493,663.252,-103.204,6.581,0.180
509.9239,-41.000,303.135,669.286,-108.400,1.386,0.180
510.0324,-41.000,302.753,671.092,-109.494,0.292,0.180
510.1203,-40.000,311.097,661.559,-100.556,6.630,0.180
510.2309,-40.000,306.857,667.788,-105.790,1.396,0.180
510.3324,-40.000,306.601,669.735,-106.892,0.294,0.180
510.4203,-40.000,307.087,670.686,-107.124,0.062,0.180
510.5297,-39.000,315.618,660.977,-98.004,6.581,0.180
510.6266,-39.000,311.421,667.172,-103.200,1.386,0.180
510.7250,-38.000,319.145,658.747,-95.125,6.860,0.180
510.8234,-37.000,322.899,654.996,-91.373,8.013,0.180
510.9234,-36.000,326.043,652.455,-88.530,8.255,0.180
511.0228,-35.000,329.251,650.360,-85.879,8.306,0.180
511.1204,-34.000,332.634,648.522,-83.268,8.317,0.180
511.2276,-33.000,336.194,646.877,-80.666,8.319,0.180
511.3246,-31.000,347.876,635.022,-68.897,14.888,0.180
511.4242,-29.000,354.985,628.965,-62.314,16.271,0.180
511.5218,-28.000,353.556,634.890,-65.992,9.994,0.180
511.6197,-26.000,365.013,625.453,-55.545,15.241,0.180
511.7285,-24.000,372.776,620.607,-49.240,16.345,0.180
511.8266,-22.000,380.049,617.015,-43.808,16.578,0.180
511.9239,-21.000,379.493,624.298,-47.727,10.059,0.180
512.0210,-19.000,391.750,615.961,-37.430,15.254,0.180
512.1281,-18.000,392.247,622.394,-40.398,9.780,0.180
512.2262,-16.000,404.825,613.907,-29.865,15.196,0.180
512.3239,-16.000,397.484,630.726,-41.945,3.199,0.180
512.4215,-15.000,406.877,626.989,-35.380,7.242,0.180
512.5300,-14.000,412.959,626.314,-32.002,8.093,0.180
512.6267,-13.000,418.269,626.201,-29.291,8.272,0.180
512.7254,-12.000,423.353,626.134,-26.715,8.310,0.180
512.8225,-12.000,420.362,636.389,-33.338,1.749,0.180
512.9218,-11.000,429.980,630.547,-25.608,6.937,0.180
513.0304,-10.000,435.524,628.811,-21.968,8.029,0.180
513.1286,-9.000,440.226,627.946,-19.185,8.259,0.180
513.2261,-6.000,460.711,606.523,1.769,21.444,0.180
513.3234,-5.000,455.825,617.211,-6.018,11.083,0.180
513.4191,-2.000,474.936,598.832,12.727,22.039,0.180
513.5265,-0.000,478.285,600.305,13.665,17.777,0.180
513.6291,3.000,491.421,586.468,27.152,23.448,0.180
513.7270,5.000,491.875,587.219,27.004,18.073,0.180
513.8251,7.000,495.892,583.025,31.109,16.942,0.180
513.9231,9.000,500.225,577.342,36.117,16.704,0.180
514.0230,11.000,504.258,570.961,41.324,16.653,0.180
514.1222,12.000,500.544,575.080,37.408,10.074,0.180
514.2201,13.000,501.699,573.669,38.690,8.689,0.180
514.3195,14.000,503.671,570.879,41.071,8.398,0.180
514.4288,15.000,505.640,567.615,43.688,8.336,0.180
514.5266,16.000,507.460,564.094,46.358,8.323,0.180
514.6242,17.000,509.123,560.386,49.044,8.321,0.180
514.7252,17.000,503.273,567.497,42.563,1.752,0.180
514.8237,17.000,502.514,569.328,41.269,0.369,0.180
514.9240,17.000,502.767,569.986,41.066,0.078,0.180
515.0225,18.000,510.555,559.373,50.267,6.585,0.180
515.1204,19.000,513.123,553.803,54.336,7.955,0.180
515.2283,20.000,514.436,549.339,57.224,8.243,0.180
515.3281,21.000,515.457,545.039,59.885,8.304,0.180
515.4269,22.000,516.376,540.733,62.497,8.317,0.180
515.5234,23.000,517.240,536.390,65.100,8.319,0.180
515.6216,23.000,510.693,542.980,58.532,1.751,0.180
515.7189,24.000,516.697,533.412,66.318,6.937,0.180
515.8280,24.000,511.206,538.875,60.841,1.460,0.180
515.9261,25.000,517.409,529.047,68.857,6.876,0.180
516.0234,25.000,511.940,534.435,63.428,1.448,0.180
516.1210,25.000,510.763,535.543,62.286,0.305,0.180
516.2191,25.000,510.493,535.754,62.045,0.064,0.180
516.3273,24.000,500.049,543.749,52.826,-6.555,0.180
516.4230,23.000,495.315,547.001,48.832,-7.948,0.180
516.5214,22.000,492.092,549.564,45.939,-8.242,0.180
516.6208,21.000,489.449,552.246,43.277,-8.304,0.180
516.7264,20.000,487.153,555.175,40.664,-8.317,0.180
516.8279,19.000,485.218,558.248,38.160,-8.319,0.180
516.9255,18.000,483.495,561.539,35.653,-8.320,0.180
517.0218,16.000,471.576,572.991,23.968,-14.888,0.180
517.1199,15.000,475.841,571.928,26.632,-9.703,0.180
517.2195,14.000,476.066,575.025,25.196,-8.611,0.180
517.3284,13.000,475.475,579.039,22.894,-8.381,0.180
517.4261,13.000,485.115,575.310,29.578,-1.764,0.180
517.5227,12.000,478.714,584.335,21.865,-6.940,0.180
517.6201,11.000,476.497,589.382,18.233,-8.029,0.180
517.7275,10.000,475.222,593.663,15.455,-8.259,0.180
517.8254,10.000,484.572,589.868,22.027,-1.739,0.180
517.9226,9.000,477.983,598.778,14.278,-6.934,0.180
518.0195,8.000,475.618,603.717,10.626,-8.028,0.180
518.1185,7.000,474.218,607.904,7.832,-8.259,0.180
518.2179,5.000,462.711,619.980,-3.959,-14.875,0.180
518.3168,4.000,467.349,619.425,-1.362,-9.700,0.180
518.4252,3.000,467.890,622.956,-2.857,-8.611,0.180
518.5248,1.000,457.187,635.320,-14.391,-14.950,0.180
518.6225,1.000,472.700,627.218,-2.584,-3.147,0.180
518.7185,-1.000,456.992,643.225,-18.441,-13.799,0.180
518.8257,-1.000,471.009,635.464,-7.552,-2.905,0.180
518.9224,-1.000,475.956,635.834,-5.264,-0.612,0.180
519.0189,-1.000,478.693,637.616,-4.786,-0.129,0.180
519.1169,-0.000,488.683,629.066,4.484,6.541,0.180
519.2244,-0.000,485.632,636.343,-0.680,1.377,0.180
519.3260,1.000,493.714,628.252,7.406,6.858,0.180
519.4245,1.000,489.801,635.158,1.997,1.444,0.180
519.5220,1.000,489.938,637.564,0.862,0.304,0.180
519.6199,1.000,490.784,638.880,0.628,0.064,0.180
519.7175,-0.000,481.284,647.818,-8.591,-6.555,0.180
519.8245,-1.000,476.747,651.278,-12.590,-7.948,0.180
519.9218,-1.000,484.058,646.050,-6.320,-1.673,0.180
520.0190,-3.000,464.313,660.367,-23.351,-13.489,0.180
520.1259,-4.000,464.666,657.799,-21.891,-9.408,0.180
520.2235,-6.000,450.684,665.699,-32.832,-15.118,0.180
520.3216,-9.000,430.082,676.331,-48.449,-22.888,0.180
520.4192,-11.000,426.420,673.318,-48.774,-17.955,0.180
520.5172,-13.000,418.754,674.111,-53.003,-16.917,0.180
520.6250,-11.000,448.068,640.155,-21.368,9.575,0.180
520.7222,-10.000,449.452,638.425,-19.811,8.584,0.180
520.8201,-9.000,451.950,636.233,-17.466,8.376,0.180
520.9200,-7.000,462.868,623.775,-5.778,14.900,0.180
521.0183,-6.000,461.387,627.547,-8.404,9.705,0.180
521.1170,-4.000,472.115,616.966,2.250,15.180,0.180
521.2271,-4.000,463.172,632.034,-9.755,3.196,0.180
521.3259,-3.000,471.205,626.808,-3.125,7.241,0.180
521.4230,-2.000,476.140,624.859,0.316,8.093,0.180
521.5195,-2.000,472.509,634.027,-6.084,1.704,0.180
521.6180,-1.000,481.481,627.363,1.734,6.927,0.180
521.7263,-0.000,486.461,624.944,5.434,8.027,0.180
521.8217,-0.000,482.712,633.869,-0.903,1.690,0.180
521.9207,-0.000,483.578,637.403,-2.237,0.356,0.180
522.0187,-0.000,485.167,639.554,-2.518,0.075,0.180
522.1161,-0.000,486.698,641.203,-2.577,0.016,0.180
522.2153,-0.000,488.037,642.567,-2.589,0.003,0.180
522.3239,-0.000,489.183,643.718,-2.592,0.001,0.180
522.4218,1.000,497.532,633.721,6.581,6.569,0.180
522.5191,1.000,493.151,639.701,1.401,1.383,0.180
522.6165,1.000,492.744,641.468,0.314,0.291,0.180
522.7261,2.000,500.471,631.296,9.263,6.630,0.180
522.8235,2.000,495.709,636.981,4.039,1.396,0.180
522.9238,2.000,495.009,638.465,2.948,0.294,0.180
523.0233,2.000,495.121,639.019,2.726,0.062,0.180
523.1239,2.000,495.366,639.341,2.688,0.013,0.180
523.2218,1.000,485.233,647.555,-6.486,-6.566,0.180
523.3212,1.000,491.106,643.051,-1.297,-1.382,0.180
523.4176,-0.000,482.411,650.510,-9.374,-6.859,0.180
523.5165,-2.000,466.854,660.817,-22.306,-14.581,0.180
523.6253,-3.000,468.149,657.458,-19.979,-9.638,0.180
523.7229,-4.000,465.392,657.862,-21.559,-8.597,0.180
523.8209,-5.000,461.685,658.968,-23.966,-8.378,0.180
523.9177,-6.000,457.695,660.148,-26.551,-8.332,0.180
524.0167,-7.000,453.574,661.280,-29.178,-8.323,0.180
524.1239,-7.000,460.337,654.976,-22.644,-1.752,0.180
524.2207,-7.000,461.880,653.824,-21.297,-0.369,0.180
524.3164,-6.000,470.274,643.362,-11.868,6.491,0.180
524.4250,-6.000,465.739,649.138,-17.024,1.366,0.180
524.5255,-6.000,465.157,650.776,-18.134,0.288,0.180
524.6212,-6.000,465.348,651.483,-18.392,0.061,0.180
524.7183,-6.000,465.650,651.944,-18.471,0.013,0.180
524.8172,-6.000,465.933,652.309,-18.512,0.003,0.180
524.9150,-6.000,466.175,652.618,-18.546,0.001,0.180
525.0243,-6.000,466.378,652.884,-18.577,0.000,0.180
525.1235,-7.000,455.572,660.488,-27.782,-6.568,0.180
525.2207,-7.000,460.861,655.478,-22.633,-1.383,0.180
525.3179,-7.000,462.034,654.541,-21.578,-0.291,0.180
525.4150,-8.000,451.355,661.822,-30.558,-6.630,0.180
525.5232,-8.000,456.603,656.685,-25.366,-1.396,0.180
525.6224,-8.000,457.710,655.672,-24.305,-0.294,0.180
525.7206,-8.000,457.940,655.522,-24.115,-0.062,0.180
525.8195,-9.000,447.008,662.922,-33.281,-6.581,0.180
525.9166,-9.000,452.156,657.772,-28.132,-1.386,0.180
526.0243,-9.000,453.202,656.724,-27.085,-0.292,0.180
526.1226,-9.000,453.385,656.540,-26.902,-0.061,0.180
526.2217,-10.000,442.413,663.911,-36.074,-6.581,0.180
526.3200,-10.000,447.526,658.737,-30.930,-1.386,0.180
526.4195,-10.000,448.542,657.669,-29.888,-0.292,0.180
526.5197,-11.000,437.724,664.842,-38.883,-6.630,0.180
526.6179,-11.000,442.853,659.617,-33.706,-1.396,0.180
526.7169,-11.000,443.856,658.530,-32.662,-0.294,0.180
526.8150,-11.000,443.995,658.320,-32.487,-0.062,0.180
526.9244,-11.000,443.957,658.299,-32.495,-0.013,0.180
527.0219,-11.000,443.885,658.320,-32.542,-0.003,0.180
527.1215,-11.000,443.808,658.354,-32.597,-0.001,0.180
527.2194,-11.000,443.733,658.392,-32.654,-0.000,0.180
527.3193,-11.000,443.660,658.434,-32.711,-0.000,0.180
527.4170,-11.000,443.590,658.477,-32.768,-0.000,0.180
527.5140,-12.000,432.548,665.897,-41.999,-6.568,0.180
527.6220,-12.000,437.631,660.734,-36.876,-1.383,0.180
527.7207,-13.000,427.653,667.045,-45.020,-6.860,0.180
527.8180,-13.000,432.942,661.638,-39.672,-1.444,0.180
527.9161,-14.000,422.991,667.890,-47.774,-6.872,0.180
528.0242,-15.000,417.298,669.838,-51.594,-8.015,0.180
528.1215,-15.000,423.457,663.497,-45.345,-1.687,0.180
528.2186,-16.000,413.659,669.539,-53.264,-6.924,0.180
528.3178,-17.000,407.973,671.433,-57.055,-8.026,0.180
528.4139,-17.000,414.109,665.074,-50.807,-1.690,0.180
528.5226,-19.000,393.312,678.480,-67.908,-13.493,0.180
528.6204,-19.000,403.725,667.786,-57.355,-2.841,0.180
528.7168,-20.000,394.879,672.793,-64.281,-7.166,0.180
528.8159,-21.000,389.437,674.372,-67.792,-8.077,0.180
528.9144,-21.000,395.672,667.853,-61.415,-1.700,0.180
529.0212,-23.000,374.957,681.127,-78.410,-13.495,0.180
529.1215,-24.000,374.480,677.679,-76.924,-9.409,0.180
529.2209,-25.000,370.771,677.451,-78.664,-8.549,0.180
529.3188,-25.000,377.348,670.528,-71.915,-1.800,0.180
529.4178,-24.000,386.590,658.592,-61.325,6.190,0.180
529.5198,-24.000,382.059,663.833,-66.212,1.303,0.180
529.6184,-24.000,381.332,665.164,-67.240,0.274,0.180
529.7156,-23.000,389.340,655.269,-58.289,6.626,0.180
529.8129,-23.000,384.807,661.198,-63.520,1.395,0.180
529.9198,-23.000,384.299,662.893,-64.621,0.294,0.180
530.0191,-22.000,392.540,653.260,-55.684,6.630,0.180
530.1162,-23.000,377.246,666.772,-70.087,-5.173,0.180
530.2150,-25.000,360.135,678.168,-84.341,-14.226,0.180
530.3127,-25.000,371.937,667.508,-73.110,-2.995,0.180
530.4228,-24.000,382.755,655.260,-61.577,5.938,0.180
530.5212,-25.000,367.992,668.209,-75.433,-5.318,0.180
530.6207,-25.000,372.919,664.739,-71.234,-1.120,0.180
530.7200,-27.000,352.486,679.211,-88.687,-13.373,0.180
530.8167,-25.000,379.446,648.384,-59.793,10.322,0.180
530.9136,-23.000,388.591,637.152,-49.605,15.310,0.180
531.0213,-26.000,345.712,673.457,-89.197,-16.482,0.180
531.1189,-24.000,376.367,641.414,-57.848,9.667,0.180
531.2159,-24.000,371.146,651.456,-65.480,2.035,0.180
531.3139,-25.000,360.619,662.480,-76.255,-6.140,0.180
531.4131,-24.000,375.146,648.975,-62.239,5.276,0.180
531.5128,-19.000,412.659,603.332,-20.661,33.953,0.180
531.6210,-16.000,413.721,603.159,-20.043,26.853,0.180
531.7184,-11.000,437.183,577.452,4.541,38.495,0.180
531.8171,-5.000,461.123,552.204,29.135,47.515,0.180
531.9246,-0.000,471.898,546.318,37.465,42.845,0.180
532.0202,3.000,469.771,556.800,31.161,28.725,0.180
532.1184,6.000,477.280,554.592,36.020,25.753,0.180
532.2181,9.000,485.855,548.725,43.241,25.127,0.180
532.3153,9.000,471.715,574.165,23.450,5.290,0.180
532.4140,11.000,487.135,561.150,37.668,14.250,0.180
532.5137,12.000,487.338,565.392,35.649,9.569,0.180
532.6219,12.000,483.235,576.273,28.157,2.014,0.180
532.7190,14.000,499.335,558.734,44.976,13.561,0.180
532.8192,14.000,491.091,571.756,34.343,2.855,0.180
532.9165,14.000,490.940,575.967,32.162,0.601,0.180
533.0190,14.000,492.264,578.095,31.760,0.127,0.180
533.1157,14.000,493.704,579.588,31.733,0.027,0.180
533.2123,14.000,495.002,580.784,31.785,0.006,0.180
533.3118,15.000,503.504,570.801,41.027,6.570,0.180
533.4214,-22.000,125.782,881.916,-303.391,-241.649,0.180
533.5201,-26.000,276.450,724.381,-149.290,-77.147,0.180
533.6180,-32.000,274.626,710.767,-143.395,-55.652,0.180
533.7171,-33.000,310.033,676.639,-108.627,-18.285,0.180
533.8155,-33.000,326.512,664.247,-94.192,-3.849,0.180
533.9125,-30.000,355.193,631.840,-63.648,18.895,0.180
534.0219,-29.000,351.160,639.304,-69.396,10.546,0.180
534.1191,11.000,682.613,253.821,289.072,264.957,0.180
534.2151,30.000,625.847,267.009,254.095,180.580,0.180
534.3120,32.000,508.000,397.615,129.868,51.154,0.180
534.4208,32.000,476.038,446.422,89.484,10.769,0.180
534.5205,33.000,482.064,451.115,90.150,8.836,0.180
534.6185,35.000,495.881,442.209,101.511,14.997,0.180
534.7157,36.000,496.496,448.167,98.840,9.726,0.180
534.8149,37.000,500.481,449.171,100.330,8.616,0.180
534.9130,38.000,504.667,448.624,102.697,8.382,0.180
535.0214,38.000,501.096,458.289,96.079,1.765,0.180
535.1200,38.000,502.293,462.272,94.686,0.372,0.180
535.2188,38.000,504.201,464.767,94.393,0.078,0.180
535.3149,37.000,495.642,474.668,85.163,-6.552,0.180
535.4156,37.000,502.885,471.566,90.335,-1.379,0.180
535.5126,36.000,495.365,480.205,82.256,-6.859,0.180
535.6109,36.000,502.756,476.766,87.671,-1.444,0.180
535.7206,35.000,495.207,485.274,79.642,-6.872,0.180
535.8180,35.000,502.541,481.756,85.068,-1.447,0.180
535.9166,34.000,494.936,490.204,77.041,-6.873,0.180
536.0154,34.000,502.220,486.636,82.468,-1.447,0.180
536.1144,34.000,504.942,487.073,83.610,-0.305,0.180
536.2127,33.000,496.157,496.144,74.682,-6.633,0.180
536.3128,32.000,492.646,500.497,70.750,-7.965,0.180
536.4210,31.000,490.423,504.036,67.869,-8.245,0.180
536.5210,30.000,488.623,507.554,65.210,-8.304,0.180
536.6196,29.000,487.041,511.197,62.598,-8.317,0.180
536.7161,28.000,485.615,514.975,59.995,-8.319,0.180
536.8146,27.000,484.314,518.876,57.395,-8.320,0.180
536.9122,26.000,483.118,522.880,54.795,-8.320,0.180
537.0205,25.000,482.012,526.974,52.194,-8.320,0.180
537.1188,24.000,480.982,531.144,49.594,-8.320,0.180
537.2167,22.000,469.648,543.347,37.826,-14.888,0.180
537.3167,21.000,474.402,542.930,40.412,-9.703,0.180
537.4167,20.000,475.038,546.582,38.903,-8.611,0.180
537.5164,19.000,474.889,550.976,36.632,-8.381,0.180
537.6158,17.000,464.161,563.511,25.000,-14.901,0.180
537.7136,16.000,469.408,563.401,27.679,-9.706,0.180
537.8119,14.000,460.090,575.286,17.078,-15.180,0.180
537.9114,12.000,455.490,583.266,10.787,-16.333,0.180
538.0185,9.000,441.763,598.668,-3.777,-23.144,0.180
538.1174,8.000,454.919,593.535,5.368,-11.441,0.180
538.2140,6.000,448.155,605.318,-3.906,-15.545,0.180
538.3164,4.000,444.845,614.094,-9.949,-16.410,0.180
538.4141,2.000,442.397,622.389,-15.321,-16.591,0.180
538.5118,1.000,450.617,622.739,-11.385,-10.061,0.180
538.6101,-1.000,442.360,635.280,-21.784,-15.255,0.180
538.7120,-3.000,437.272,642.809,-28.093,-16.348,0.180
538.8149,-5.000,432.253,648.703,-33.549,-16.579,0.180
538.9139,-5.000,448.688,639.013,-20.487,-3.490,0.180
539.0150,-7.000,432.336,653.897,-36.105,-13.872,0.180
539.1159,-9.000,423.680,660.105,-43.537,-16.057,0.180
539.2171,-9.000,438.270,649.435,-30.907,-3.380,0.180
539.3160,-11.000,420.610,663.226,-46.632,-13.849,0.180
539.4150,-12.000,421.869,661.080,-44.930,-9.484,0.180
539.5109,-12.000,430.416,654.778,-37.505,-1.997,0.180
539.6199,-12.000,432.884,654.218,-35.991,-0.420,0.180
539.7174,-13.000,422.991,662.133,-44.896,-6.657,0.180
539.8143,-13.000,428.838,657.605,-39.708,-1.401,0.180
539.9117,-13.000,430.438,657.127,-38.669,-0.295,0.180
540.0109,-13.000,431.079,657.438,-38.504,-0.062,0.180
540.1178,-13.000,431.466,657.861,-38.522,-0.013,0.180
540.2140,-13.000,431.753,658.263,-38.579,-0.003,0.180
540.3106,-12.000,439.953,648.247,-29.471,6.568,0.180
540.4116,-12.000,435.435,654.223,-34.719,1.383,0.180
540.5189,-11.000,442.874,645.623,-26.699,6.860,0.180
540.6166,-11.000,438.408,652.102,-32.172,1.444,0.180
540.7153,-10.000,446.039,643.781,-24.195,6.872,0.180
540.8117,-10.000,441.769,650.466,-29.673,1.447,0.180
540.9189,-10.000,441.601,652.687,-30.867,0.305,0.180
541.0159,-9.000,450.154,643.478,-21.986,6.633,0.180
541.1128,-9.000,446.092,649.982,-27.269,1.396,0.180
541.2119,-9.000,445.981,652.169,-28.418,0.294,0.180
541.3099,-9.000,446.585,653.331,-28.697,0.062,0.180
541.4191,-9.000,447.239,654.176,-28.793,0.013,0.180
541.5183,-9.000,447.820,654.871,-28.850,0.003,0.180
541.6145,-9.000,448.313,655.462,-28.899,0.001,0.180
541.7150,-10.000,437.753,663.343,-38.120,-6.568,0.180
541.8138,-10.000,443.248,658.571,-32.986,-1.383,0.180
541.9116,-10.000,444.595,657.839,-31.947,-0.291,0.180
542.0097,-11.000,434.060,665.296,-40.942,-6.630,0.180
542.1176,-11.000,439.429,660.311,-35.766,-1.396,0.180
542.2159,-11.000,440.637,659.430,-34.721,-0.294,0.180
542.3166,-12.000,429.977,666.767,-43.720,-6.630,0.180
542.4139,-12.000,435.237,661.683,-38.548,-1.396,0.180
542.5109,-12.000,436.351,660.718,-37.508,-0.294,0.180
542.6086,-12.000,436.584,660.612,-37.339,-0.062,0.180
542.7185,-13.000,425.651,668.054,-46.526,-6.581,0.180
542.8144,-13.000,430.795,662.941,-41.397,-1.386,0.180
542.9118,-13.000,431.835,661.928,-40.371,-0.292,0.180
543.0092,-13.000,432.009,661.777,-40.209,-0.061,0.180
543.1166,-13.000,432.000,661.806,-40.228,-0.013,0.180
543.2147,-12.000,439.924,651.498,-31.111,6.566,0.180
543.3157,-13.000,424.192,664.605,-45.531,-5.186,0.180
543.4127,-13.000,428.603,660.962,-41.504,-1.092,0.180
543.5107,-13.000,429.723,660.494,-40.710,-0.230,0.180
543.6107,-13.000,430.115,660.658,-40.596,-0.048,0.180
543.7100,-13.000,430.321,660.923,-40.625,-0.010,0.180
543.8188,-13.000,430.462,661.183,-40.685,-0.002,0.180
543.9156,-13.000,430.566,661.419,-40.751,-0.000,0.180
544.0122,-13.000,430.644,661.631,-40.818,-0.000,0.180
544.1088,-13.000,430.700,661.822,-40.886,-0.000,0.180
544.2152,-14.000,419.763,669.368,-50.127,-6.568,0.180
544.3149,-14.000,424.935,664.314,-45.014,-1.383,0.180
544.4118,-13.000,433.977,652.971,-34.821,6.277,0.180
544.5104,-13.000,429.477,658.517,-39.845,1.322,0.180
544.6082,-13.000,428.810,660.072,-40.956,0.278,0.180
544.7161,-13.000,428.900,660.737,-41.243,0.059,0.180
544.8126,-13.000,429.107,661.172,-41.357,0.012,0.180
544.9096,-13.000,429.303,661.522,-41.434,0.003,0.180
545.0449,-12.000,437.439,651.450,-32.330,6.569,0.180
545.1087,-12.000,432.867,657.376,-37.579,1.383,0.180
545.2086,-12.000,432.289,659.105,-38.733,0.291,0.180
545.3085,-11.000,440.459,649.513,-29.851,6.630,0.180
545.4180,-10.000,444.037,645.327,-25.969,7.964,0.180
545.5160,-10.000,438.939,652.907,-32.308,1.677,0.180
545.6130,-10.000,438.619,655.338,-33.684,0.353,0.180
545.7128,-9.000,447.159,646.192,-24.841,6.643,0.180
545.8128,-9.000,443.110,652.726,-30.132,1.398,0.180
545.9109,-8.000,450.989,644.559,-22.109,6.863,0.180
546.0088,-8.000,446.907,651.396,-27.569,1.445,0.180
546.1177,-8.000,446.896,653.750,-28.751,0.304,0.180
546.2167,-7.000,455.583,644.653,-19.859,6.632,0.180
546.3145,-7.000,451.636,651.252,-25.132,1.396,0.180
546.4115,-7.000,451.625,653.518,-26.271,0.294,0.180
546.5085,-6.000,460.288,644.370,-17.366,6.630,0.180
546.6163,-6.000,456.317,650.930,-22.631,1.396,0.180
546.7139,-6.000,456.284,653.164,-23.764,0.294,0.180
546.8146,-6.000,456.956,654.362,-24.028,0.062,0.180
546.9122,-5.000,465.644,644.864,-14.934,6.581,0.180
547.0090,-5.000,461.578,651.241,-20.156,1.386,0.180
547.1088,-5.000,461.440,653.343,-21.276,0.292,0.180
547.2165,-4.000,469.993,644.061,-12.358,6.630,0.180
547.3166,-3.000,473.901,640.132,-8.440,7.964,0.180
547.4153,-3.000,469.089,647.926,-14.743,1.677,0.180
547.5152,-2.000,476.991,640.159,-6.909,6.921,0.180
547.6124,-2.000,473.074,647.192,-12.383,1.457,0.180
547.7093,-1.000,481.211,639.303,-4.370,6.875,0.180
547.8088,-0.000,485.357,635.967,-0.630,8.016,0.180
547.9077,-0.000,480.873,644.140,-6.958,1.688,0.180
548.0150,1.000,488.482,636.066,0.883,6.924,0.180
548.1124,2.000,491.697,631.856,4.596,8.026,0.180
548.2138,2.000,486.449,639.259,-1.730,1.690,0.180
548.3131,2.000,486.041,641.499,-3.053,0.356,0.180
548.4110,3.000,493.922,631.574,5.850,6.643,0.180
548.5114,3.000,489.325,637.434,0.621,1.399,0.180
548.6082,4.000,496.146,628.086,8.706,6.863,0.180
548.7167,4.000,491.176,633.910,3.308,1.445,0.180
548.8117,5.000,497.792,624.418,11.362,6.873,0.180
548.9100,5.000,519.505,633.891,6.281,1.418,0.320
549.0189,6.000,556.012,624.829,19.545,11.848,0.320
549.1062,6.000,570.286,641.656,10.175,2.445,0.320
549.2142,7.000,603.305,636.008,22.629,12.060,0.320
549.3108,7.000,615.140,655.213,13.097,2.489,0.320
549.4096,7.000,633.754,667.759,11.161,0.514,0.320
549.5077,7.000,653.240,679.532,10.793,0.106,0.320
549.6077,7.000,672.458,691.659,10.748,0.022,0.320
549.7067,6.000,675.800,717.575,-3.591,-11.551,0.320
549.8164,5.000,688.477,735.383,-8.751,-13.939,0.320
549.9158,4.000,703.175,752.211,-12.022,-14.432,0.320
550.0130,3.000,718.370,769.427,-14.907,-14.534,0.320
550.1123,1.000,718.295,800.507,-32.077,-26.110,0.320
550.2126,-0.000,743.500,810.270,-25.711,-16.943,0.320
550.3114,-1.000,760.566,826.862,-26.625,-15.052,0.320
550.4094,-3.000,759.115,857.018,-43.407,-26.217,0.320
550.5056,-4.000,782.042,865.423,-36.978,-16.965,0.320
550.6146,-6.000,780.833,893.360,-52.258,-26.612,0.320
550.7126,-7.000,802.986,900.860,-45.532,-17.047,0.320
550.8092,-8.000,817.196,915.791,-46.403,-15.073,0.320
550.9084,-10.000,813.258,944.593,-63.207,-26.221,0.320
551.0078,-12.000,817.773,964.305,-71.175,-28.522,0.320
551.1172,-14.000,823.778,981.989,-77.328,-28.997,0.320
551.2139,-15.000,846.154,986.684,-68.754,-17.539,0.320
551.3114,-16.000,859.327,1000.455,-69.280,-15.175,0.320
551.4073,-16.000,886.813,1003.647,-57.326,-3.131,0.320
551.5166,-17.000,888.516,1028.955,-69.291,-12.202,0.320
551.6158,-17.000,913.611,1034.593,-59.703,-2.518,0.320
551.7137,-18.000,898.884,1044.547,-72.161,-12.075,0.320
551.8097,-19.000,891.658,1046.876,-77.039,-14.047,0.320
551.9158,-20.000,886.035,1047.497,-80.246,-14.454,0.320
552.0156,-21.000,880.678,1047.762,-83.130,-14.538,0.320
552.1131,-22.000,875.338,1047.933,-85.948,-14.555,0.320
552.2121,-22.000,886.246,1035.632,-74.396,-3.004,0.320
552.3081,-23.000,871.807,1045.048,-86.367,-12.175,0.320
552.4061,-24.000,864.597,1047.147,-91.060,-14.068,0.320
552.5142,-24.000,875.122,1035.278,-79.895,-2.903,0.320
552.6140,-24.000,876.883,1032.375,-77.591,-0.599,0.320
552.7102,-25.000,860.620,1043.827,-91.471,-11.679,0.320
552.8084,-26.000,853.089,1046.429,-96.558,-13.966,0.320
552.9076,-26.000,863.595,1034.733,-85.474,-2.882,0.320
553.0052,-27.000,849.115,1044.362,-97.542,-12.150,0.320
553.1140,-28.000,841.933,1046.580,-102.255,-14.063,0.320
553.2129,-29.000,836.219,1047.235,-105.450,-14.457,0.320
553.3100,-29.000,847.051,1035.102,-93.975,-2.983,0.320
553.4106,-30.000,832.598,1044.610,-105.963,-12.171,0.320
553.5081,-29.000,854.938,1018.906,-81.948,9.044,0.320
553.6054,-30.000,831.561,1038.585,-103.481,-9.689,0.320
553.7047,-29.000,852.459,1015.383,-81.436,9.556,0.320
553.8135,-30.000,829.124,1035.919,-103.376,-9.584,0.320
553.9131,-30.000,837.044,1028.621,-95.770,-1.978,0.320
554.0101,-30.000,838.880,1027.312,-94.200,-0.408,0.320
554.1089,-30.000,839.431,1027.211,-93.876,-0.084,0.320
554.2047,-31.000,823.415,1039.768,-108.165,-11.573,0.320
554.3134,-32.000,816.356,1043.047,-113.336,-13.944,0.320
554.4101,-32.000,827.317,1031.873,-102.269,-2.877,0.320
554.5108,-34.000,796.961,1054.369,-128.697,-23.705,0.320
554.6085,-35.000,799.159,1047.649,-124.239,-16.447,0.320
554.7089,-38.000,762.964,1071.480,-154.253,-38.060,0.320
554.8074,-39.000,776.142,1052.954,-138.401,-19.409,0.320
554.9044,-39.000,790.774,1036.775,-122.997,-4.005,0.320
555.0113,-40.000,777.020,1045.374,-134.174,-12.382,0.320
555.1102,-40.000,786.157,1034.856,-124.347,-2.555,0.320
555.2105,-38.000,814.149,1001.370,-93.608,22.584,0.320
555.3089,-36.000,823.442,989.087,-82.821,27.771,0.320
555.4068,-33.000,842.957,966.550,-61.795,40.397,0.320
555.5057,-23.000,946.867,847.471,49.699,123.891,0.320
555.6124,-7.000,1069.464,707.422,181.022,210.454,0.320
555.7114,5.000,1074.155,701.576,186.290,182.094,0.320
555.8108,12.000,1034.261,749.608,142.328,118.464,0.320
555.9067,18.000,1028.915,759.831,134.543,93.778,0.320
556.0140,23.000,1027.739,763.953,131.893,77.129,0.320
556.1112,26.000,1012.584,785.092,113.747,50.582,0.320
556.2093,29.000,1016.790,783.453,116.669,45.104,0.320
556.3055,32.000,1023.890,776.014,123.939,43.974,0.320
556.4045,34.000,1018.217,782.719,117.750,32.185,0.320
556.5124,36.000,1020.983,779.150,120.917,29.752,0.320
556.6107,38.000,1024.900,772.871,126.015,29.251,0.320
556.7091,40.000,1028.553,765.530,131.512,29.147,0.320
556.8052,41.000,1019.289,773.820,122.735,17.570,0.320
556.9056,43.000,1031.301,756.299,137.501,26.737,0.320
557.0130,45.000,1035.612,745.626,144.993,28.628,0.320
557.1108,47.000,1038.058,736.092,150.983,29.019,0.320
557.2087,49.000,1039.886,726.559,156.664,29.099,0.320
557.3070,50.000,1028.953,733.103,147.925,17.560,0.320
557.4082,51.000,1027.086,730.399,148.344,15.179,0.320
557.5084,53.000,1039.468,709.452,165.008,26.243,0.320
557.6065,54.000,1030.435,713.365,158.535,16.971,0.320
557.7042,55.000,1028.726,709.882,159.422,15.057,0.320
557.8040,56.000,1028.504,704.850,161.827,14.663,0.320
557.9030,56.000,1016.135,715.754,150.190,3.026,0.320
558.0031,57.000,1025.546,701.257,162.145,12.180,0.320
558.1112,57.000,1015.218,710.262,152.478,2.513,0.320
558.2102,57.000,1012.661,711.695,150.483,0.519,0.320
558.3105,58.000,1024.207,695.353,164.427,11.663,0.320
558.4079,58.000,1014.413,704.071,155.171,2.407,0.320
558.5051,58.000,1012.046,705.523,153.261,0.497,0.320
558.6040,58.000,1011.263,705.529,152.867,0.102,0.320
558.7034,57.000,995.416,718.555,138.430,-11.534,0.320
558.8125,56.000,989.435,722.977,133.229,-13.936,0.320
558.9126,55.000,985.898,726.031,129.933,-14.431,0.320
559.0117,54.000,983.210,729.147,127.031,-14.533,0.320
559.1090,53.000,980.991,732.571,124.210,-14.555,0.320
559.2096,52.000,979.118,736.307,121.406,-14.559,0.320
559.3082,50.000,962.094,753.595,104.249,-26.115,0.320
559.4092,49.000,970.497,749.256,110.620,-16.944,0.320
559.5063,47.000,956.301,765.587,95.357,-26.608,0.320
559.6021,45.000,950.454,774.928,87.763,-28.602,0.320
559.7091,43.000,946.768,783.265,81.752,-29.013,0.320
559.8051,41.000,943.900,791.766,76.067,-29.098,0.320
559.9025,39.000,941.516,800.618,70.449,-29.115,0.320
560.0137,37.000,939.501,809.810,64.846,-29.119,0.320
560.1128,35.000,937.791,819.301,59.245,-29.120,0.320
560.2122,33.000,936.338,829.048,53.645,-29.120,0.320
560.3098,31.000,935.103,839.013,48.045,-29.120,0.320
560.4093,29.000,934.053,849.164,42.445,-29.120,0.320
560.5094,27.000,933.160,859.471,36.845,-29.120,0.320
560.6073,25.000,932.402,869.913,31.245,-29.120,0.320
560.7041,23.000,931.757,880.468,25.645,-29.120,0.320
560.8110,21.000,931.209,891.120,20.045,-29.120,0.320
560.9095,19.000,930.850,901.748,14.551,-29.120,0.320
561.0080,16.000,915.108,925.738,-5.315,-40.676,0.320
561.1068,14.000,924.603,927.934,-1.665,-31.504,0.320
561.2062,12.000,926.771,937.383,-5.306,-29.612,0.320
561.3061,9.000,911.954,961.595,-24.820,-40.777,0.320
561.4040,7.000,921.977,964.237,-21.130,-31.525,0.320
561.5027,4.000,909.096,987.403,-39.154,-41.172,0.320
561.6112,2.000,919.784,990.139,-35.177,-31.607,0.320
561.7081,-1.000,906.421,1012.751,-53.165,-41.189,0.320
561.8046,-3.000,914.974,1013.380,-49.203,-31.610,0.320
561.9119,-5.000,914.384,1020.094,-52.855,-29.634,0.320
562.0095,-7.000,910.916,1027.088,-58.086,-29.226,0.320
562.1091,-9.000,906.008,1033.313,-63.652,-29.142,0.320
562.2065,-11.000,900.084,1038.677,-69.297,-29.125,0.320
562.3058,-13.000,893.336,1043.268,-74.966,-29.121,0.320
562.4055,-14.000,902.178,1034.754,-66.288,-17.565,0.320
562.5033,-16.000,885.116,1047.413,-81.149,-26.736,0.320
562.6017,-18.000,874.812,1052.296,-88.742,-28.628,0.320
562.7117,-19.000,881.847,1042.813,-80.483,-17.463,0.320
562.8091,-20.000,879.890,1041.848,-80.979,-15.159,0.320
562.9057,-21.000,875.904,1042.511,-83.304,-14.684,0.320
563.0050,-22.000,871.370,1043.381,-86.006,-14.586,0.320
563.1116,-23.000,866.613,1044.183,-88.785,-14.565,0.320
563.2094,-24.000,861.716,1044.878,-91.581,-14.561,0.320
563.3072,-24.000,872.987,1033.036,-80.025,-3.005,0.320
563.4066,-25.000,858.853,1042.844,-91.996,-12.176,0.320
563.5044,-25.000,868.178,1032.843,-82.333,-2.512,0.320
563.6027,-25.000,869.884,1030.561,-80.339,-0.518,0.320
563.7124,-25.000,870.051,1029.905,-79.927,-0.107,0.320
563.8126,-25.000,869.928,1029.612,-79.842,-0.022,0.320
563.9019,-25.000,869.769,1029.418,-79.825,-0.005,0.320
564.0095,-25.000,869.622,1029.264,-79.821,-0.001,0.320
564.1067,-25.000,869.495,1029.136,-79.820,-0.000,0.320
564.2082,-25.000,869.387,1029.027,-79.820,-0.000,0.320
564.3054,-26.000,853.019,1041.371,-94.176,-11.556,0.320
564.4021,-26.000,861.980,1031.989,-85.005,-2.384,0.320
564.5035,-25.000,876.969,1014.482,-68.757,11.064,0.320
564.6021,-25.000,868.619,1023.693,-77.537,2.283,0.320
564.7102,-25.000,867.172,1025.870,-79.349,0.471,0.320
564.8072,-25.000,867.109,1026.555,-79.723,0.097,0.320
564.9052,-24.000,880.572,1011.461,-65.445,11.576,0.320
565.0030,-24.000,872.191,1021.454,-74.632,2.389,0.320
565.1013,-23.000,884.256,1008.600,-62.172,12.048,0.320
565.2007,-23.000,875.859,1019.327,-71.734,2.486,0.320
565.3010,-22.000,888.151,1006.854,-59.352,12.069,0.320
565.4094,-22.000,879.996,1017.856,-68.930,2.490,0.320
565.5085,-21.000,892.505,1005.607,-56.551,12.069,0.320
565.6050,-21.000,884.537,1016.796,-66.130,2.491,0.320
565.7036,-20.000,897.205,1004.706,-53.751,12.069,0.320
565.8016,-19.000,902.541,1000.701,-49.080,14.046,0.320
565.9086,-19.000,893.352,1014.021,-60.335,2.898,0.320
566.0080,-18.000,905.982,1002.743,-48.380,12.154,0.320
566.1040,-16.000,924.873,983.681,-29.404,25.619,0.320
566.2026,-16.000,907.378,1007.031,-49.826,5.286,0.320
566.3037,-14.000,932.143,982.922,-25.389,24.202,0.320
566.4037,-13.000,929.417,990.046,-30.315,16.550,0.320
566.5014,-12.000,932.860,991.182,-29.161,14.971,0.320
566.6113,-11.000,937.638,991.135,-26.748,14.645,0.320
566.7103,-10.000,942.746,990.889,-24.071,14.577,0.320
566.8071,-9.000,947.968,990.639,-21.336,14.564,0.320
566.9041,-8.000,953.254,990.420,-18.583,14.561,0.320
567.0018,-7.000,958.587,990.234,-15.823,14.560,0.320
567.1104,-6.000,963.961,990.075,-13.057,14.560,0.320
567.2081,-5.000,969.369,989.939,-10.285,14.560,0.320
567.3099,-3.000,988.088,974.381,6.854,26.116,0.320
567.4017,-2.000,984.970,984.027,0.472,16.944,0.320
567.5089,-0.000,1002.347,970.878,15.735,26.608,0.320
567.6091,1.000,998.468,980.511,8.979,17.046,0.320
567.7077,2.000,984.716,974.289,5.213,5.870,0.180
567.8042,3.000,971.416,966.671,2.372,2.677,0.180
567.9008,4.000,959.997,956.371,1.813,1.765,0.180
568.0004,4.000,949.098,947.988,0.555,0.504,0.180
568.1099,4.000,938.636,938.241,0.198,0.144,0.180
568.2078,5.000,927.828,924.932,1.448,1.041,0.180
568.3046,5.000,916.428,915.012,0.708,0.297,0.180
568.4013,6.000,905.039,901.340,1.850,1.085,0.180
568.5009,6.000,893.208,891.050,1.079,0.310,0.180
568.6088,7.000,881.470,877.045,2.212,1.089,0.180
568.7075,7.000,869.346,866.467,1.440,0.311,0.180
568.8061,8.000,857.362,852.215,2.573,1.089,0.180
568.9029,7.000,842.239,841.338,0.450,-0.689,0.180
569.0104,7.000,831.276,829.381,0.947,-0.197,0.180
569.1080,8.000,819.561,814.674,2.443,0.944,0.180
569.2067,6.000,801.672,803.525,-0.926,-1.730,0.180
569.3020,5.000,788.870,790.944,-1.037,-1.494,0.180
569.4103,4.000,775.953,778.587,-1.317,-1.427,0.180
569.5104,3.000,763.033,766.324,-1.645,-1.408,0.180
569.6062,1.000,747.347,754.025,-3.339,-2.402,0.180
569.7042,-2.000,729.648,740.997,-5.675,-3.686,0.180
569.8006,-3.000,718.900,727.687,-4.394,-2.053,0.180
569.9061,-2.000,709.640,712.797,-1.579,0.413,0.180
570.0036,-6.000,687.028,701.584,-7.278,-3.882,0.180
570.1018,-9.000,670.778,687.901,-8.562,-4.109,0.180
570.2024,-4.000,663.129,660.888,1.121,3.826,0.180
570.3009,1.000,650.686,640.409,5.139,6.093,0.180
570.3987,11.000,629.546,613.546,8.000,11.741,0.180
570.4991,13.000,619.114,603.114,8.000,5.355,0.180
570.6065,18.000,603.537,587.537,8.000,6.530,0.180
570.7052,20.000,592.767,576.767,8.000,3.866,0.180
570.8051,23.000,580.023,564.023,8.000,4.104,0.180
570.9018,26.000,567.101,551.101,8.000,4.173,0.180
571.0018,29.000,554.027,538.027,8.000,4.192,0.180
571.1000,31.000,542.384,526.384,8.000,3.198,0.180
571.2062,33.000,543.190,527.190,8.000,2.914,0.180
571.3041,34.000,545.315,529.315,8.000,1.832,0.180
571.4012,36.000,545.502,529.502,8.000,2.524,0.180
571.5002,38.000,545.540,529.540,8.000,2.721,0.180
571.6075,38.000,548.573,532.573,8.000,0.777,0.180
571.7055,40.000,548.031,532.031,8.000,2.222,0.180
571.8044,40.000,550.570,534.570,8.000,0.635,0.180
571.9015,41.000,551.168,535.168,8.000,1.181,0.180
572.0000,43.000,550.057,534.057,8.000,2.338,0.180
572.1071,43.000,552.112,536.112,8.000,0.668,0.180
572.2064,44.000,552.299,536.299,8.000,1.191,0.180
572.3057,45.000,552.398,536.398,8.000,1.340,0.180
572.4041,46.000,552.422,536.422,8.000,1.383,0.180
572.5028,47.000,552.382,536.382,8.000,1.395,0.180
572.6005,48.000,552.289,536.289,8.000,1.399,0.180
572.7016,49.000,552.149,536.149,8.000,1.400,0.180
572.7998,49.000,553.531,537.531,8.000,0.400,0.180
572.9082,50.000,553.145,537.145,8.000,1.114,0.180
573.0060,51.000,552.757,536.757,8.000,1.318,0.180
573.1055,52.000,552.367,536.367,8.000,1.377,0.180
573.2044,52.000,553.536,537.536,8.000,0.393,0.180
573.3017,53.000,552.969,536.969,8.000,1.112,0.180
573.4008,54.000,552.427,536.427,8.000,1.318,0.180
573.4989,55.000,551.907,535.907,8.000,1.377,0.180
573.6074,55.000,552.965,536.965,8.000,0.393,0.180
573.7047,56.000,552.304,536.304,8.000,1.112,0.180
573.8018,57.000,551.682,535.682,8.000,1.318,0.180
573.8985,57.000,552.653,536.653,8.000,0.377,0.180
574.0075,58.000,551.919,535.919,8.000,1.108,0.180
574.1049,59.000,551.235,535.235,8.000,1.316,0.180
574.2035,60.000,550.593,534.593,8.000,1.376,0.180
574.3018,61.000,549.988,533.988,8.000,1.393,0.180
574.4018,62.000,549.414,533.414,8.000,1.398,0.180
574.4981,61.000,548.985,532.985,8.000,-0.601,0.180
574.6075,60.000,548.681,532.681,8.000,-1.172,0.180
574.7067,59.000,548.483,532.483,8.000,-1.335,0.180
574.8055,57.000,546.934,530.934,8.000,-2.381,0.180
574.9047,56.000,547.178,531.178,8.000,-1.680,0.180
575.0040,54.000,546.005,530.005,8.000,-2.480,0.180
575.1038,52.000,545.128,529.128,8.000,-2.709,0.180
575.2010,50.000,544.502,528.502,8.000,-2.774,0.180
575.2982,47.000,542.651,526.651,8.000,-3.793,0.180
575.4079,45.000,542.697,526.697,8.000,-3.084,0.180
575.5070,42.000,541.416,525.416,8.000,-3.881,0.180
575.6066,39.000,540.507,524.507,8.000,-4.109,0.180
575.7058,36.000,539.066,524.764,7.151,-4.174,0.180
575.8035,33.000,537.674,525.509,6.082,-4.193,0.180
575.9026,28.000,530.944,526.290,2.327,-6.198,0.180
576.0006,24.000,529.182,526.474,1.354,-5.771,0.180
576.0981,20.000,527.473,527.321,0.076,-5.649,0.180
