time_s,error_mm,left_rpm,right_rpm,pid_output,d_term,target_speed_ms
0.0003,-1.000,-19.612,49.295,-34.453,-31.652,0.320
0.0968,-1.000,21.160,39.836,-9.338,-6.531,0.320
0.1970,-1.000,42.033,50.353,-4.160,-1.348,0.320
0.2960,-1.000,58.826,65.018,-3.096,-0.278,0.320
0.3959,-1.000,74.797,80.559,-2.881,-0.057,0.320
0.4939,-1.000,90.618,96.300,-2.841,-0.012,0.320
0.6014,-1.000,106.422,112.097,-2.837,-0.002,0.320
0.6977,-0.000,135.518,112.477,11.520,11.555,0.320
0.7952,-0.000,142.761,138.062,2.350,2.384,0.320
0.9029,-0.000,157.209,156.294,0.457,0.492,0.320
0.9991,-0.000,173.094,172.961,0.067,0.102,0.320
1.0957,-0.000,189.236,189.263,-0.014,0.021,0.320
1.1935,-0.000,205.395,205.456,-0.030,0.004,0.320
1.3014,-0.000,221.529,221.596,-0.034,0.001,0.320
1.4000,-0.000,237.632,237.701,-0.035,0.000,0.320
1.4979,-0.000,253.707,253.776,-0.035,0.000,0.320
1.5942,-0.000,269.758,269.828,-0.035,0.000,0.320
1.7025,-0.000,285.789,285.859,-0.035,0.000,0.320
1.7991,-0.000,301.803,301.873,-0.035,0.000,0.320
1.8951,-0.000,317.802,317.872,-0.035,0.000,0.320
2.0011,1.000,346.230,317.577,14.326,11.556,0.320
2.0998,1.000,352.908,342.586,5.161,2.384,0.320
2.1967,1.000,366.876,360.328,3.274,0.492,0.320
2.2942,1.000,382.355,376.576,2.889,0.102,0.320
2.4026,1.000,398.151,392.523,2.814,0.021,0.320
2.4992,1.000,414.018,408.412,2.803,0.004,0.320
2.5986,1.000,429.904,424.294,2.805,0.001,0.320
2.6953,1.000,445.798,440.177,2.810,0.000,0.320
2.7949,1.000,461.696,456.064,2.816,0.000,0.320
2.8943,1.000,477.597,471.955,2.821,0.000,0.320
3.0009,1.000,493.502,487.848,2.827,0.000,0.320
3.0993,1.000,509.409,503.744,2.832,0.000,0.320
3.1964,1.000,525.318,519.642,2.838,0.000,0.320
3.2976,1.000,541.229,535.541,2.844,0.000,0.320
3.3952,1.000,557.141,551.443,2.849,0.000,0.320
3.5030,1.000,573.055,567.345,2.855,0.000,0.320
3.5992,1.000,588.970,583.249,2.860,0.000,0.320
3.6962,1.000,604.886,599.153,2.866,0.000,0.320
3.7941,1.000,620.802,615.059,2.872,0.000,0.320
3.8936,1.000,636.719,630.965,2.877,0.000,0.320
3.9924,-0.000,637.196,660.153,-11.478,-11.556,0.320
4.1003,-0.000,662.862,667.476,-2.307,-2.384,0.320
4.1966,-0.000,681.162,681.992,-0.415,-0.492,0.320
4.2953,-0.000,697.887,697.935,-0.024,-0.102,0.320
4.3932,-0.000,714.238,714.126,0.056,-0.021,0.320
4.5009,-1.000,714.192,742.768,-14.288,-11.560,0.320
4.5986,-1.000,739.401,749.640,-5.119,-2.385,0.320
4.6967,-1.000,757.311,763.774,-3.232,-0.492,0.320
4.7930,-2.000,757.420,791.836,-17.208,-11.657,0.320
4.9015,-2.000,782.521,798.456,-7.967,-2.405,0.320
4.9989,-3.000,784.006,824.868,-20.431,-12.052,0.320
5.0988,-3.000,809.298,831.063,-10.882,-2.487,0.320
5.1988,-3.000,827.024,844.875,-8.925,-0.513,0.320
5.2941,-4.000,826.925,872.717,-22.896,-11.661,0.320
5.3929,-4.000,851.836,879.163,-13.663,-2.406,0.320
5.4931,-4.000,869.437,892.989,-11.776,-0.497,0.320
5.5924,-4.000,885.552,908.361,-11.404,-0.102,0.320
5.6994,-4.000,901.381,924.072,-11.345,-0.021,0.320
5.7959,-5.000,900.885,952.310,-25.712,-11.560,0.320
5.8952,-4.000,938.991,943.400,-2.205,9.170,0.320
5.9929,-5.000,931.705,979.438,-23.866,-9.663,0.320
6.1013,-5.000,955.453,987.903,-16.225,-1.994,0.320
6.1990,-5.000,973.086,1002.426,-14.670,-0.411,0.320
6.2974,-5.000,989.438,1018.181,-14.372,-0.085,0.320
6.3965,-5.000,989.595,1018.259,-14.332,-0.018,0.320
6.4929,-4.000,1002.962,1002.932,0.015,11.552,0.320
6.6008,-5.000,978.157,1025.231,-23.537,-9.172,0.320
6.7003,-5.000,985.843,1018.414,-16.286,-1.893,0.320
6.8004,-5.000,987.687,1017.310,-14.812,-0.391,0.320
6.9010,-5.000,988.283,1017.342,-14.530,-0.081,0.320
6.9998,-5.000,988.586,1017.573,-14.494,-0.017,0.320
7.0982,-5.000,988.798,1017.815,-14.509,-0.003,0.320
7.1987,-5.000,988.965,1018.033,-14.534,-0.001,0.320
7.2979,-6.000,972.821,1030.666,-28.922,-11.556,0.320
7.3958,-6.000,981.966,1021.535,-19.785,-2.385,0.320
7.4939,-6.000,983.831,1019.683,-17.926,-0.492,0.320
7.5911,-6.000,984.193,1019.331,-17.569,-0.102,0.320
7.7004,-6.000,984.245,1019.289,-17.522,-0.021,0.320
7.7987,-6.000,984.232,1019.310,-17.539,-0.004,0.320
7.8953,-6.000,984.205,1019.343,-17.569,-0.001,0.320
7.9925,-5.000,997.456,1003.938,-3.241,11.555,0.320
8.0999,-5.000,988.841,1013.721,-12.440,2.384,0.320
8.1978,-5.000,987.417,1016.138,-14.360,0.492,0.320
8.2943,-4.000,1000.702,1001.538,-0.418,11.657,0.320
8.3927,-4.000,992.369,1011.753,-9.692,2.405,0.320
8.4928,-4.000,991.237,1014.484,-11.623,0.496,0.320
8.5918,-4.000,991.501,1015.580,-12.039,0.102,0.320
8.6985,-4.000,991.975,1016.261,-12.143,0.021,0.320
8.7979,-4.000,992.427,1016.792,-12.182,0.004,0.320
8.8949,-3.000,1006.100,1001.794,2.153,11.556,0.320
8.9912,-3.000,997.848,1011.919,-7.036,2.385,0.320
9.1006,-4.000,980.454,1027.066,-23.306,-11.063,0.320
9.1985,-4.000,989.757,1018.853,-14.548,-2.283,0.320
9.2955,-5.000,975.728,1029.968,-27.120,-12.027,0.320
9.3943,-5.000,985.507,1020.712,-17.603,-2.482,0.320
9.4917,-5.000,987.671,1018.993,-15.661,-0.512,0.320
9.5991,-5.000,988.238,1018.804,-15.283,-0.106,0.320
9.6977,-5.000,988.455,1018.909,-15.227,-0.022,0.320
9.7946,-5.000,988.581,1019.056,-15.238,-0.004,0.320
9.8932,-5.000,988.673,1019.197,-15.262,-0.001,0.320
9.9929,-5.000,988.744,1019.323,-15.289,-0.000,0.320
10.0894,-4.000,1002.081,1003.993,-0.956,11.556,0.320
10.1987,-4.000,993.541,1013.840,-10.149,2.384,0.320
10.2962,-4.000,992.181,1016.310,-12.064,0.492,0.320
10.3938,-3.000,1005.522,1001.754,1.884,11.657,0.320
10.4920,-2.000,1010.518,996.564,6.977,13.961,0.320
10.5998,-2.000,1000.844,1009.073,-4.115,2.881,0.320
10.6966,-2.000,999.752,1012.576,-6.412,0.594,0.320
10.7932,-1.000,1013.574,998.642,7.466,11.678,0.320
10.8912,-0.000,1019.034,993.928,12.553,13.965,0.320
10.9910,-0.000,1009.767,1006.828,1.469,2.882,0.320
11.0896,1.000,1021.465,994.378,13.543,12.150,0.320
11.2006,1.000,1013.008,1005.196,3.906,2.507,0.320
11.2963,2.000,1024.469,991.903,16.283,12.073,0.320
11.3956,2.000,1015.619,1002.194,6.713,2.491,0.320
11.4970,2.000,1014.266,1004.773,4.747,0.514,0.320
11.5954,2.000,1014.390,1005.691,4.350,0.106,0.320
11.6932,3.000,1027.201,989.925,18.638,11.577,0.320
11.7945,3.000,1018.274,999.342,9.466,2.389,0.320
11.8928,3.000,1016.603,1001.428,7.587,0.493,0.320
11.9905,3.000,1016.405,1001.979,7.213,0.102,0.320
12.0989,2.000,1001.050,1015.475,-7.212,-11.535,0.320
12.1957,2.000,1010.925,1007.019,1.953,-2.380,0.320
12.2928,2.000,1013.428,1005.721,3.853,-0.491,0.320
12.3994,2.000,1014.342,1005.833,4.254,-0.101,0.320
12.4970,1.000,999.428,1019.458,-10.015,-11.576,0.320
12.5968,1.000,1009.574,1011.218,-0.822,-2.389,0.320
12.6963,2.000,1024.726,993.844,15.441,11.063,0.320
12.7943,2.000,1016.513,1003.169,6.672,2.283,0.320
12.8943,1.000,999.744,1018.724,-9.490,-11.085,0.320
12.9899,1.000,1009.531,1010.905,-0.687,-2.287,0.320
13.0985,1.000,1012.188,1009.920,1.134,-0.472,0.320
13.1958,1.000,1013.279,1010.250,1.514,-0.097,0.320
13.2929,1.000,1013.966,1010.772,1.597,-0.020,0.320
13.3904,1.000,1014.501,1011.264,1.619,-0.004,0.320
13.4985,1.000,1014.947,1011.691,1.628,-0.001,0.320
13.5963,1.000,1015.324,1012.056,1.634,-0.000,0.320
13.6933,2.000,1028.086,996.085,16.001,11.556,0.320
13.7907,2.000,1019.062,1005.380,6.841,2.384,0.320
13.8899,2.000,1017.297,1007.377,4.960,0.492,0.320
13.9980,2.000,1017.016,1007.855,4.580,0.102,0.320
14.0926,2.000,1017.030,1008.008,4.511,0.021,0.320
14.1898,2.000,1017.096,1008.084,4.506,0.004,0.320
14.2882,2.000,1017.164,1008.137,4.513,0.001,0.320
14.3967,2.000,1017.226,1008.178,4.524,0.000,0.320
14.4937,2.000,981.678,1012.461,4.211,0.000,0.180
14.5917,2.000,949.664,1013.127,4.221,0.000,0.180
14.6892,2.000,920.376,1010.993,4.232,0.000,0.180
14.7983,2.000,893.408,1006.479,4.242,0.000,0.180
14.8948,2.000,868.409,999.943,4.253,0.000,0.180
14.9915,2.000,845.086,991.686,4.263,0.000,0.180
15.0894,2.000,823.187,981.968,4.273,0.000,0.180
15.1880,2.000,802.498,971.008,4.284,0.000,0.180
15.2973,2.000,782.838,958.992,4.294,0.000,0.180
15.3934,2.000,764.052,946.078,4.305,0.000,0.180
15.4911,2.000,746.010,932.401,4.315,0.000,0.180
15.5881,2.000,728.599,918.076,4.325,0.000,0.180
15.6958,2.000,711.725,903.199,4.336,0.000,0.180
15.7933,2.000,695.308,887.854,4.346,0.000,0.180
15.8924,2.000,679.279,872.111,4.357,0.000,0.180
15.9895,2.000,663.579,856.029,4.367,0.000,0.180
16.0966,2.000,648.160,839.659,4.377,0.000,0.180
16.1927,3.000,640.353,812.071,13.561,6.568,0.180
16.2905,3.000,620.164,800.400,8.391,1.383,0.180
16.3879,3.000,604.245,784.462,7.315,0.291,0.180
16.4973,3.000,589.339,767.516,7.101,0.061,0.180
16.5925,3.000,574.742,750.264,7.068,0.013,0.180
16.6906,3.000,560.291,732.868,7.074,0.003,0.180
16.7967,3.000,545.941,715.374,7.087,0.001,0.180
16.8959,3.000,531.671,697.802,7.102,0.000,0.180
16.9949,2.000,507.094,688.138,-2.056,-6.568,0.180
17.0920,1.000,488.234,673.719,-6.033,-7.951,0.180
17.1934,1.000,481.291,650.600,0.249,-1.674,0.180
17.2915,1.000,484.904,648.491,1.576,-0.352,0.180
17.3907,-0.000,476.757,655.517,-7.314,-6.643,0.180
17.4982,-1.000,473.159,657.561,-11.244,-7.967,0.180
17.5950,-2.000,470.252,658.548,-14.133,-8.246,0.180
17.6938,-4.000,456.289,666.678,-25.981,-14.873,0.180
17.7920,-5.000,458.238,662.172,-23.434,-9.700,0.180
17.8889,-6.000,455.887,661.748,-24.976,-8.610,0.180
17.9968,-8.000,441.520,669.558,-36.557,-14.950,0.180
18.0956,-9.000,442.938,664.966,-33.970,-9.716,0.180
18.1949,-11.000,429.120,671.885,-44.693,-15.182,0.180
18.2928,-12.000,430.446,667.096,-41.938,-9.765,0.180
18.3928,-12.000,438.377,659.221,-34.292,-2.056,0.180
18.4900,-14.000,418.233,672.213,-51.078,-13.570,0.180
18.5885,-15.000,418.045,668.722,-49.612,-9.425,0.180
18.6958,-16.000,414.528,668.511,-51.423,-8.553,0.180
18.7933,-17.000,410.273,668.998,-53.927,-8.369,0.180
18.8908,-18.000,405.831,669.637,-56.582,-8.330,0.180
18.9899,-18.000,412.294,662.941,-50.099,-1.754,0.180
19.0887,-19.000,402.595,668.842,-57.982,-6.938,0.180
19.1969,-20.000,397.059,670.550,-61.673,-8.029,0.180
19.2941,-21.000,392.362,671.393,-64.503,-8.259,0.180
19.3911,-22.000,387.826,672.053,-67.151,-8.307,0.180
19.4894,-23.000,383.312,672.673,-69.762,-8.317,0.180
19.5895,-23.000,389.760,665.915,-63.195,-1.751,0.180
19.6974,-24.000,380.073,671.738,-70.981,-6.937,0.180
19.7946,-24.000,385.434,666.093,-65.505,-1.460,0.180
19.8911,-25.000,375.520,672.165,-73.520,-6.876,0.180
19.9892,-25.000,380.835,666.585,-68.092,-1.448,0.180
20.0967,-26.000,370.912,672.682,-76.117,-6.873,0.180
20.1963,-26.000,376.227,667.116,-70.691,-1.447,0.180
20.2937,-27.000,366.305,673.224,-78.717,-6.873,0.180
20.3929,-27.000,371.620,667.667,-73.291,-1.447,0.180
20.4908,-27.000,372.668,666.413,-72.149,-0.305,0.180
20.5898,-27.000,372.829,666.078,-71.908,-0.064,0.180
20.6888,-27.000,372.811,665.947,-71.858,-0.014,0.180
20.7965,-27.000,372.764,665.868,-71.847,-0.003,0.180
20.8959,-27.000,372.717,665.808,-71.845,-0.001,0.180
20.9960,-27.000,372.676,665.758,-71.844,-0.000,0.180
21.0931,-27.000,372.640,665.716,-71.844,-0.000,0.180
21.1905,-27.000,372.610,665.680,-71.844,-0.000,0.180
21.2899,-26.000,380.553,655.281,-62.676,6.568,0.180
21.3973,-26.000,375.825,660.921,-67.861,1.383,0.180
21.4939,-26.000,375.123,662.399,-68.953,0.291,0.180
21.5913,-26.000,375.224,662.957,-69.183,0.061,0.180
21.6898,-25.000,383.425,652.916,-60.063,6.581,0.180
21.7976,-25.000,378.949,658.829,-65.259,1.386,0.180
21.8957,-24.000,386.435,650.164,-57.184,6.860,0.180
21.9932,-24.000,382.018,656.578,-62.600,1.444,0.180
22.0923,-23.000,389.696,648.198,-54.572,6.872,0.180
22.1903,-22.000,393.441,644.456,-50.829,8.015,0.180
22.2896,-21.000,396.584,641.917,-47.988,8.256,0.180
22.3984,-20.000,399.791,639.822,-45.338,8.306,0.180
22.4960,-20.000,395.206,648.352,-51.896,1.749,0.180
22.5911,-19.000,403.372,641.140,-44.206,6.937,0.180
22.6911,-18.000,407.677,638.246,-40.608,8.029,0.180
22.7896,-17.000,411.318,636.404,-37.866,8.259,0.180
22.8906,-16.000,414.948,634.903,-35.301,8.307,0.180
22.9891,-15.000,418.685,633.576,-32.769,8.317,0.180
23.0980,-14.000,422.539,632.370,-30.240,8.319,0.180
23.1950,-13.000,426.497,631.263,-27.707,8.320,0.180
23.2931,-12.000,430.547,630.237,-25.169,8.320,0.180
23.3890,-11.000,434.675,629.279,-22.626,8.320,0.180
23.4982,-10.000,438.870,628.378,-20.078,8.320,0.180
23.5967,-9.000,443.123,627.525,-17.525,8.320,0.180
23.6944,-8.000,447.427,626.712,-14.967,8.320,0.180
23.7917,-8.000,443.800,636.305,-21.577,1.752,0.180
23.8896,-7.000,452.885,629.892,-13.827,6.937,0.180
23.9881,-7.000,450.008,638.040,-19.341,1.460,0.180
24.0946,-6.000,459.032,631.096,-11.356,6.876,0.180
24.1918,-6.000,455.957,638.940,-16.816,1.448,0.180
24.2902,-5.000,464.783,631.767,-8.816,6.873,0.180
24.3905,-5.000,461.533,639.421,-14.268,1.447,0.180
24.4982,-5.000,462.237,642.462,-15.437,0.305,0.180
24.5962,-5.000,463.562,644.320,-15.703,0.064,0.180
24.6949,-5.000,464.838,645.749,-15.780,0.014,0.180
24.7919,-4.000,473.925,636.562,-6.643,6.571,0.180
24.8901,-4.000,470.173,643.228,-11.852,1.383,0.180
24.9912,-3.000,478.273,635.206,-3.791,6.860,0.180
25.0994,-2.000,482.348,631.796,-0.048,8.013,0.180
25.1980,-1.000,485.768,629.541,2.789,8.255,0.180
25.2966,-1.000,481.241,638.059,-3.733,1.738,0.180
25.3942,-1.000,481.560,641.133,-5.111,0.366,0.180
25.4929,-0.000,490.682,632.495,3.769,6.645,0.180
25.5898,-0.000,487.141,639.447,-1.478,1.399,0.180
25.6889,1.000,494.859,631.028,6.592,6.863,0.180
25.7973,1.000,490.649,637.643,1.179,1.445,0.180
25.8937,1.000,490.535,639.800,0.043,0.304,0.180
25.9921,2.000,498.542,629.930,8.982,6.632,0.180
26.0912,2.000,494.025,635.864,3.756,1.396,0.180
26.1894,2.000,493.535,637.558,2.664,0.294,0.180
26.2972,2.000,493.825,638.291,2.442,0.062,0.180
26.3951,2.000,494.222,638.765,2.404,0.013,0.180
26.4932,2.000,494.592,639.135,2.404,0.003,0.180
26.5919,2.000,494.914,639.441,2.412,0.001,0.180
26.6884,2.000,495.191,639.698,2.422,0.000,0.180
26.7971,3.000,502.802,628.941,11.606,6.568,0.180
26.8946,3.000,497.795,634.274,6.436,1.383,0.180
26.9915,3.000,496.858,635.489,5.360,0.291,0.180
27.0912,3.000,496.761,635.821,5.146,0.061,0.180
27.1880,3.000,496.829,635.954,5.113,0.013,0.180
27.2982,3.000,496.919,636.033,5.118,0.003,0.180
27.3886,3.000,497.005,636.092,5.132,0.001,0.180
27.4879,3.000,497.081,636.138,5.147,0.000,0.180
27.5949,3.000,497.149,636.175,5.163,0.000,0.180
27.6914,3.000,497.209,636.204,5.178,0.000,0.180
27.7911,3.000,497.263,636.226,5.194,0.000,0.180
27.8987,3.000,497.310,636.243,5.209,0.000,0.180
27.9970,3.000,497.353,636.254,5.225,0.000,0.180
28.0960,3.000,497.392,636.262,5.241,0.000,0.180
28.1947,2.000,487.054,644.240,-3.917,-6.568,0.180
28.2921,1.000,482.373,647.514,-7.895,-7.951,0.180
28.3911,1.000,489.557,642.134,-1.613,-1.674,0.180
28.4913,-0.000,481.277,649.548,-9.459,-6.921,0.180
28.5990,-0.000,487.873,645.216,-3.996,-1.457,0.180
28.6956,-1.000,479.012,652.401,-12.019,-6.875,0.180
28.7934,-2.000,474.249,655.140,-15.770,-8.016,0.180
28.8915,-2.000,481.206,649.462,-9.452,-1.688,0.180
28.9898,-3.000,472.098,656.057,-17.304,-6.924,0.180
29.0986,-3.000,477.981,651.039,-11.853,-1.458,0.180
29.1962,-4.000,468.509,657.644,-19.892,-6.875,0.180
29.2952,-4.000,474.199,652.520,-14.485,-1.447,0.180
29.3930,-5.000,464.587,659.011,-22.537,-6.873,0.180
29.4912,-5.000,470.161,653.785,-17.136,-1.447,0.180
29.5978,-5.000,471.425,652.816,-16.020,-0.305,0.180
29.6972,-6.000,460.792,660.101,-24.979,-6.633,0.180
29.7935,-6.000,466.073,654.973,-19.774,-1.396,0.180
29.8912,-7.000,456.236,661.341,-27.877,-6.862,0.180
29.9881,-8.000,450.669,663.358,-31.669,-8.013,0.180
30.0965,-9.000,445.972,664.439,-34.558,-8.255,0.180
30.1930,-9.000,452.405,657.931,-28.087,-1.738,0.180
30.2938,-10.000,442.726,663.948,-35.936,-6.934,0.180
30.3920,-11.000,437.118,665.843,-39.687,-8.028,0.180
30.4913,-11.000,443.320,659.483,-33.406,-1.690,0.180
30.5897,-11.000,444.531,658.140,-32.129,-0.356,0.180
30.6919,-11.000,444.698,657.859,-31.905,-0.075,0.180
30.7893,-12.000,433.678,665.183,-41.077,-6.584,0.180
30.8916,-12.000,438.743,659.977,-35.941,-1.386,0.180
30.9899,-12.000,439.715,658.884,-34.909,-0.292,0.180
31.0981,-12.000,439.832,658.665,-34.741,-0.061,0.180
31.1972,-12.000,439.774,658.636,-34.755,-0.013,0.180
31.2953,-12.000,439.685,658.651,-34.807,-0.003,0.180
31.3926,-12.000,439.593,658.680,-34.868,-0.001,0.180
31.4904,-12.000,439.505,658.715,-34.930,-0.000,0.180
31.5907,-12.000,439.420,658.754,-34.992,-0.000,0.180
31.6886,-12.000,439.338,658.798,-35.054,-0.000,0.180
31.7974,-12.000,439.259,658.843,-35.117,-0.000,0.180
31.8972,-12.000,439.183,658.892,-35.179,-0.000,0.180
31.9964,-12.000,439.108,658.942,-35.241,-0.000,0.180
32.0935,-13.000,428.062,666.368,-44.477,-6.568,0.180
32.1901,-13.000,433.142,661.212,-39.359,-1.383,0.180
32.2978,-13.000,434.133,660.155,-38.335,-0.291,0.180
32.3939,-13.000,434.267,659.965,-38.173,-0.061,0.180
32.4927,-13.000,434.225,659.960,-38.192,-0.013,0.180
32.5891,-13.000,434.147,659.998,-38.250,-0.003,0.180
32.6908,-13.000,434.064,660.046,-38.315,-0.001,0.180
32.7891,-13.000,433.983,660.099,-38.382,-0.000,0.180
32.8962,-13.000,433.903,660.154,-38.450,-0.000,0.180
32.9942,-13.000,433.825,660.211,-38.517,-0.000,0.180
33.0922,-13.000,433.748,660.270,-38.585,-0.000,0.180
33.1908,-12.000,441.647,649.956,-29.479,6.568,0.180
33.2884,-12.000,436.872,655.677,-34.727,1.383,0.180
33.3987,-11.000,444.094,646.860,-26.707,6.860,0.180
33.4959,-11.000,439.444,653.155,-32.180,1.444,0.180
33.5952,-10.000,446.919,644.678,-24.204,6.872,0.180
33.6942,-10.000,442.515,651.229,-29.681,1.447,0.180
33.7919,-10.000,442.234,653.336,-30.876,0.305,0.180
33.8889,-10.000,442.717,654.405,-31.168,0.064,0.180
33.9979,-9.000,451.248,644.793,-22.097,6.582,0.180
34.0951,-9.000,447.046,651.077,-27.340,1.386,0.180
34.1938,-8.000,454.763,642.729,-19.307,6.860,0.180
34.2942,-8.000,450.537,649.418,-24.765,1.444,0.180
34.3953,-7.000,458.376,641.273,-16.773,6.872,0.180
34.4935,-7.000,454.284,648.105,-22.235,1.447,0.180
34.5882,-6.000,462.244,640.075,-14.240,6.873,0.180
34.6962,-6.000,458.256,647.002,-19.697,1.447,0.180
34.7934,-5.000,466.306,639.051,-11.697,6.873,0.180
34.8908,-4.000,470.369,635.672,-7.976,8.015,0.180
34.9888,-4.000,465.811,643.811,-14.324,1.687,0.180
35.0885,-3.000,473.954,636.313,-6.504,6.924,0.180
35.1972,-3.000,470.246,643.568,-11.985,1.458,0.180
35.2962,-2.000,478.561,635.868,-3.978,6.875,0.180
35.3964,-1.000,482.858,632.695,-0.243,8.016,0.180
35.4955,-0.000,486.475,630.632,2.597,8.256,0.180
35.5953,-0.000,482.118,639.310,-3.921,1.738,0.180
35.6946,1.000,489.956,631.546,3.881,6.934,0.180
35.7918,1.000,486.018,638.546,-1.588,1.460,0.180
35.8886,1.000,486.172,640.995,-2.736,0.307,0.180
35.9989,1.000,487.041,642.338,-2.973,0.065,0.180
36.0961,1.000,487.935,643.325,-3.019,0.014,0.180
36.1947,1.000,488.729,644.129,-3.025,0.003,0.180
36.2943,1.000,489.411,644.806,-3.022,0.001,0.180
36.3923,1.000,489.994,645.378,-3.017,0.000,0.180
36.4912,2.000,497.863,634.891,6.162,6.568,0.180
36.5893,2.000,493.075,640.453,0.987,1.383,0.180
36.6979,3.000,499.697,630.890,9.079,6.860,0.180
36.7957,3.000,494.546,636.539,3.679,1.444,0.180
36.8923,3.000,493.634,637.876,2.555,0.304,0.180
36.9889,4.000,500.964,627.307,11.504,6.632,0.180
37.0964,4.000,495.872,632.646,6.288,1.396,0.180
37.1973,4.000,494.895,633.833,5.207,0.294,0.180
37.2953,4.000,494.773,634.133,4.996,0.062,0.180
37.3921,4.000,494.821,634.237,4.968,0.013,0.180
37.4892,4.000,494.896,634.291,4.978,0.003,0.180
37.5980,3.000,484.596,642.300,-4.177,-6.568,0.180
37.6957,2.000,479.949,645.600,-8.150,-7.951,0.180
37.7949,2.000,487.164,640.240,-1.862,-1.674,0.180
37.8925,1.000,478.911,647.670,-9.704,-6.921,0.180
37.9886,-0.000,475.157,651.325,-13.408,-8.025,0.180
38.0965,-0.000,482.950,646.447,-7.073,-1.690,0.180
38.1952,-1.000,474.549,653.725,-14.912,-6.924,0.180
38.2934,-1.000,481.034,649.287,-9.451,-1.458,0.180
38.3916,-1.000,483.049,649.011,-8.306,-0.307,0.180
38.4893,-1.000,484.025,649.513,-8.068,-0.065,0.180
38.5970,-1.000,484.700,650.096,-8.023,-0.014,0.180
38.6930,-1.000,485.239,650.624,-8.017,-0.003,0.180
38.7942,-1.000,485.690,651.081,-8.020,-0.001,0.180
38.8929,-1.000,486.071,651.472,-8.025,-0.000,0.180
38.9914,-1.000,486.394,651.805,-8.030,-0.000,0.180
39.0894,-1.000,486.668,652.089,-8.035,-0.000,0.180
39.1978,-0.000,494.873,641.958,1.133,6.568,0.180
39.2957,-0.000,490.369,647.825,-4.052,1.383,0.180
39.3936,-0.000,489.857,649.496,-5.144,0.291,0.180
39.4928,-0.000,490.119,650.218,-5.374,0.061,0.180
39.5891,1.000,497.863,639.711,3.751,6.581,0.180
39.6986,1.000,492.998,645.227,-1.439,1.386,0.180
39.7947,1.000,492.186,646.593,-2.528,0.292,0.180
39.8922,1.000,492.196,647.053,-2.753,0.061,0.180
39.9915,2.000,499.727,636.323,6.378,6.581,0.180
40.0895,2.000,494.681,641.648,1.192,1.386,0.180
40.1966,2.000,493.717,642.851,0.109,0.292,0.180
40.2886,2.000,493.598,643.172,-0.111,0.061,0.180
40.3984,2.000,493.646,643.296,-0.149,0.013,0.180
40.4950,1.000,483.346,651.342,-9.323,-6.566,0.180
40.5910,1.000,489.077,646.696,-4.134,-1.382,0.180
40.6882,-0.000,480.260,654.034,-12.211,-6.859,0.180
40.7970,-0.000,486.547,649.490,-6.796,-1.444,0.180
40.8945,-1.000,477.455,656.465,-14.829,-6.872,0.180
40.9907,-1.000,483.475,651.644,-9.409,-1.447,0.180
41.0967,-2.000,474.148,658.390,-17.446,-6.873,0.180
41.1970,-3.000,468.993,660.752,-21.204,-8.015,0.180
41.2950,-3.000,475.619,654.752,-14.891,-1.687,0.180
41.3928,-4.000,466.228,661.075,-22.748,-6.924,0.180
41.4895,-4.000,471.869,655.826,-17.303,-1.458,0.180
41.5910,-5.000,462.192,662.236,-25.347,-6.875,0.180
41.6898,-5.000,467.705,656.946,-19.945,-1.447,0.180
41.7899,-6.000,457.943,663.298,-28.002,-6.873,0.180
41.8896,-7.000,452.415,665.327,-31.780,-8.015,0.180
41.9979,-7.000,458.720,659.049,-25.489,-1.687,0.180
42.0944,-9.000,438.079,672.511,-42.540,-13.492,0.180
42.1917,-9.000,448.634,661.856,-31.935,-2.840,0.180
42.2915,-9.000,450.786,659.617,-29.740,-0.598,0.180
42.3892,-9.000,451.175,659.155,-29.315,-0.126,0.180
42.4959,-9.000,451.197,659.072,-29.262,-0.027,0.180
42.5913,-9.000,451.144,659.071,-29.288,-0.006,0.180
42.6973,-10.000,440.106,666.465,-38.504,-6.570,0.180
42.7974,-10.000,445.191,661.281,-33.369,-1.383,0.180
42.8956,-10.000,446.190,660.200,-32.329,-0.291,0.180
42.9922,-10.000,446.332,659.986,-32.152,-0.061,0.180
43.0928,-11.000,435.325,667.333,-41.329,-6.581,0.180
43.1928,-11.000,440.408,662.139,-36.190,-1.386,0.180
43.2920,-11.000,441.397,661.055,-35.154,-0.292,0.180
43.3929,-12.000,430.556,668.216,-44.154,-6.630,0.180
43.4920,-12.000,435.664,662.980,-38.982,-1.396,0.180
43.5886,-11.000,444.622,651.512,-28.769,6.275,0.180
43.6984,-11.000,440.045,656.957,-33.780,1.321,0.180
43.7943,-10.000,447.287,648.052,-25.707,6.847,0.180
43.8923,-9.000,450.597,643.928,-21.990,8.010,0.180
43.9895,-9.000,445.381,651.453,-28.360,1.686,0.180
44.0984,-8.000,452.958,643.439,-20.565,6.923,0.180
44.1961,-7.000,456.738,639.887,-16.899,8.026,0.180
44.2935,-6.000,459.936,637.483,-14.098,8.258,0.180
44.3940,-5.000,463.196,635.497,-11.475,8.307,0.180
44.4926,-4.000,466.627,633.749,-8.885,8.317,0.180
44.5906,-4.000,462.256,642.552,-15.472,1.751,0.180
44.6996,-4.000,462.736,645.838,-16.876,0.369,0.180
44.7976,-4.000,464.025,647.751,-17.187,0.078,0.180
44.8952,-4.000,465.303,649.193,-17.270,0.016,0.180
44.9935,-4.000,466.426,650.384,-17.303,0.003,0.180
45.0931,-4.000,467.386,651.390,-17.327,0.001,0.180
45.1898,-4.000,468.200,652.247,-17.348,0.000,0.180
45.2982,-4.000,468.889,652.978,-17.369,0.000,0.180
45.3983,-4.000,469.472,653.603,-17.390,0.000,0.180
45.4967,-4.000,469.964,654.137,-17.411,0.000,0.180
45.5943,-2.000,486.327,633.846,0.916,13.137,0.180
45.6928,-2.000,477.276,645.559,-9.466,2.766,0.180
45.7905,-1.000,484.187,638.510,-2.486,7.151,0.180
45.8983,-0.000,487.952,635.228,1.037,8.074,0.180
45.9937,1.000,490.656,632.334,3.837,8.268,0.180
46.0902,2.000,492.927,629.302,6.488,8.309,0.180
46.1888,3.000,494.928,626.055,9.112,8.318,0.180
46.2967,3.000,489.347,633.576,2.561,1.751,0.180
46.3926,2.000,478.431,643.741,-7.979,-6.200,0.180
46.4898,2.000,484.517,640.017,-3.074,-1.305,0.180
46.5990,2.000,486.561,639.979,-2.033,-0.275,0.180
46.6991,2.000,487.642,640.605,-1.806,-0.058,0.180
46.7998,1.000,478.050,649.248,-10.924,-6.581,0.180
46.8979,1.000,484.346,645.144,-5.723,-1.385,0.180
46.9965,1.000,486.377,644.977,-4.624,-0.292,0.180
47.0952,1.000,487.405,645.534,-4.389,-0.061,0.180
47.1951,1.000,488.132,646.153,-4.335,-0.013,0.180
47.2925,1.000,488.720,646.710,-4.320,-0.003,0.180
47.3894,1.000,489.214,647.189,-4.312,-0.001,0.180
47.4971,2.000,497.006,636.624,4.867,6.568,0.180
47.5940,2.000,492.153,642.120,-0.308,1.383,0.180
47.6908,3.000,498.718,632.501,7.784,6.860,0.180
47.7887,3.000,493.521,638.103,2.384,1.444,0.180
47.8966,4.000,499.942,628.426,10.433,6.872,0.180
47.9950,4.000,494.653,633.947,5.029,1.447,0.180
48.0941,4.000,493.630,635.167,3.907,0.305,0.180
48.1921,4.000,493.495,635.471,3.687,0.064,0.180
48.2891,4.000,493.536,635.572,3.658,0.014,0.180
48.3975,4.000,493.607,635.622,3.668,0.003,0.180
48.4974,4.000,493.677,635.655,3.686,0.001,0.180
48.5975,4.000,493.741,635.679,3.707,0.000,0.180
48.6942,4.000,493.799,635.695,3.727,0.000,0.180
48.7907,5.000,501.225,624.733,12.922,6.568,0.180
48.8988,5.000,496.062,629.889,7.762,1.383,0.180
48.9961,5.000,494.994,630.952,6.696,0.291,0.180
49.0928,6.000,502.162,620.180,15.666,6.630,0.180
49.1904,6.000,496.927,625.351,10.463,1.396,0.180
49.2905,6.000,495.829,626.395,9.393,0.294,0.180
49.3883,6.000,495.605,626.572,9.192,0.062,0.180
49.4955,6.000,495.568,626.570,9.174,0.013,0.180
49.5933,6.000,495.572,626.533,9.195,0.003,0.180
49.6915,6.000,495.587,626.490,9.224,0.001,0.180
49.7906,6.000,495.606,626.447,9.255,0.000,0.180
49.8901,6.000,495.627,626.406,9.286,0.000,0.180
49.9911,6.000,495.649,626.366,9.317,0.000,0.180
50.0989,6.000,495.673,626.327,9.349,0.000,0.180
50.1972,5.000,485.324,634.263,0.206,-6.568,0.180
50.2962,5.000,491.011,629.526,5.418,-1.383,0.180
50.3937,4.000,482.158,636.786,-2.638,-6.860,0.180
50.4895,3.000,478.044,640.146,-6.376,-8.013,0.180
50.5968,3.000,485.565,634.984,-0.034,-1.687,0.180
50.6965,3.000,487.914,634.640,1.313,-0.355,0.180
50.7955,2.000,478.689,643.169,-7.565,-6.643,0.180
50.8926,1.000,474.775,647.092,-11.483,-7.967,0.180
50.9891,1.000,482.573,642.301,-5.188,-1.677,0.180
51.0983,1.000,485.181,642.250,-3.859,-0.353,0.180
51.1986,-0.000,476.178,651.026,-12.749,-6.643,0.180
51.2962,-0.000,482.825,647.185,-7.504,-1.398,0.180
51.3940,-0.000,485.122,647.274,-6.400,-0.294,0.180
51.4913,1.000,493.742,637.082,3.006,6.506,0.180
51.5896,1.000,489.443,643.045,-2.126,1.370,0.180
51.6982,1.000,489.074,644.829,-3.202,0.288,0.180
51.7956,-0.000,479.079,653.626,-12.598,-6.508,0.180
51.8927,-0.000,485.207,649.479,-7.460,-1.370,0.180
51.9915,-1.000,476.158,656.613,-15.552,-6.857,0.180
52.0938,-2.000,471.278,659.265,-19.318,-8.012,0.180
52.1938,-4.000,456.199,668.250,-31.350,-14.824,0.180
52.2915,-5.000,457.317,664.352,-28.842,-9.689,0.180
52.3896,-7.000,443.312,671.794,-39.566,-15.177,0.180
52.4988,-8.000,444.494,667.434,-36.794,-9.764,0.180
52.5965,-10.000,430.362,674.664,-47.475,-15.192,0.180
52.6938,-11.000,431.398,670.162,-44.707,-9.767,0.180
52.7916,-12.000,428.104,669.909,-46.227,-8.625,0.180
52.8906,-12.000,434.843,663.155,-39.480,-1.816,0.180
52.9987,-12.000,436.208,661.778,-38.109,-0.382,0.180
53.0977,-12.000,436.442,661.533,-37.870,-0.080,0.180
53.1970,-13.000,425.466,668.901,-47.042,-6.585,0.180
53.2929,-13.000,430.563,663.736,-41.911,-1.386,0.180
53.3987,-12.000,439.535,652.307,-31.710,6.277,0.180
53.4967,-12.000,434.973,657.780,-36.728,1.321,0.180
53.5938,-12.000,434.255,659.273,-37.834,0.278,0.180
53.6973,-12.000,434.302,659.884,-38.116,0.059,0.180
53.7966,-12.000,434.473,660.273,-38.224,0.012,0.180
53.8953,-12.000,434.639,660.583,-38.296,0.003,0.180
53.9950,-12.000,434.776,660.849,-38.361,0.001,0.180
54.0943,-11.000,442.859,650.710,-29.250,6.569,0.180
54.1926,-11.000,438.242,656.579,-34.493,1.383,0.180
54.2990,-11.000,437.625,658.260,-35.642,0.291,0.180
54.3955,-10.000,445.764,648.626,-26.755,6.630,0.180
54.4945,-10.000,441.343,654.776,-32.041,1.396,0.180
54.5922,-9.000,448.897,646.292,-24.022,6.862,0.180
54.6909,-9.000,444.537,652.860,-29.486,1.445,0.180
54.7897,-9.000,444.289,654.987,-30.673,0.304,0.180
54.8987,-9.000,444.800,656.072,-30.960,0.064,0.180
54.9968,-9.000,445.381,656.847,-31.058,0.013,0.180
55.0929,-9.000,445.900,657.481,-31.115,0.003,0.180
55.1899,-10.000,435.368,665.394,-40.338,-6.568,0.180
55.2909,-10.000,440.887,660.648,-35.205,-1.383,0.180
55.3894,-11.000,431.282,667.310,-43.339,-6.860,0.180
55.4974,-11.000,436.890,662.201,-37.980,-1.444,0.180
55.5951,-11.000,438.184,661.330,-36.897,-0.304,0.180
55.6940,-12.000,427.574,668.701,-45.888,-6.632,0.180
55.7907,-13.000,421.897,671.024,-49.888,-7.965,0.180
55.8888,-12.000,436.166,654.505,-34.494,4.892,0.180
55.9966,-13.000,421.811,666.346,-47.592,-5.539,0.180
56.0927,-14.000,415.574,669.847,-52.461,-7.734,0.180
56.1909,-14.000,421.945,664.151,-46.427,-1.628,0.180
56.2892,-14.000,423.444,663.225,-45.215,-0.343,0.180
56.3969,-15.000,412.912,670.644,-54.190,-6.641,0.180
56.4958,-15.000,418.254,665.656,-49.026,-1.398,0.180
56.5929,-15.000,419.430,664.781,-48.000,-0.294,0.180
56.6909,-17.000,397.765,679.502,-66.193,-13.199,0.180
56.7883,-17.000,408.145,669.219,-55.861,-2.779,0.180
56.8993,-17.000,410.292,667.155,-53.756,-0.585,0.180
56.9965,-17.000,410.701,666.817,-53.383,-0.123,0.180
57.0946,-16.000,418.713,656.464,-44.200,6.542,0.180
57.1916,-16.000,413.970,662.218,-49.448,1.377,0.180
57.2906,-15.000,421.203,653.445,-41.445,6.858,0.180
57.3891,-15.000,416.555,659.782,-46.938,1.444,0.180
57.4978,-13.000,432.003,640.972,-29.809,13.441,0.180
57.5964,-12.000,430.869,642.847,-31.314,9.398,0.180
57.6935,-10.000,441.149,631.397,-20.448,15.115,0.180
57.7933,-10.000,431.667,645.885,-32.434,3.182,0.180
57.8891,-8.000,447.177,629.829,-16.651,13.807,0.180
57.9974,-7.000,446.977,633.166,-18.419,9.475,0.180
58.0948,-6.000,450.267,633.142,-16.762,8.563,0.180
58.1980,-5.000,454.337,632.448,-14.380,8.371,0.180
58.2949,-3.000,466.584,621.270,-2.667,14.899,0.180
58.3903,-3.000,458.261,636.503,-14.446,3.137,0.180
58.4980,-2.000,466.679,631.558,-7.764,7.229,0.180
58.5943,-2.000,463.938,640.251,-13.481,1.522,0.180
58.6916,-1.000,473.229,633.619,-5.519,6.889,0.180
58.7891,-0.000,478.389,631.319,-1.790,8.019,0.180
58.8981,1.000,482.148,629.392,1.054,8.257,0.180
58.9970,1.000,477.913,638.183,-5.460,1.738,0.180
59.0961,1.000,478.482,641.487,-6.827,0.366,0.180
59.1935,1.000,479.845,643.417,-7.110,0.077,0.180
59.2912,2.000,488.562,633.898,2.008,6.585,0.180
59.3892,1.000,474.159,648.219,-12.354,-5.182,0.180
59.4993,2.000,487.095,634.614,0.916,5.477,0.180
59.5967,2.000,483.997,640.143,-3.398,1.153,0.180
59.6942,2.000,484.130,642.077,-4.298,0.243,0.180
59.7935,3.000,492.200,632.163,4.694,6.620,0.180
59.8909,4.000,495.080,627.116,8.658,7.962,0.180
59.9886,4.000,489.394,633.960,2.393,1.676,0.180
60.0978,5.000,495.958,624.781,10.264,6.921,0.180
60.1951,6.000,498.281,619.634,13.999,8.026,0.180
60.2913,6.000,492.277,626.239,7.695,1.690,0.180
60.3892,7.000,498.603,616.823,15.565,6.924,0.180
60.4975,6.000,482.986,630.413,0.962,-5.111,0.180
60.5925,7.000,495.064,616.013,14.201,5.492,0.180
60.6904,6.000,480.904,628.799,0.728,-5.412,0.180
60.7895,6.000,486.124,625.411,5.032,-1.139,0.180
60.8908,6.000,487.833,625.259,5.963,-0.240,0.180
60.9897,6.000,488.716,625.700,6.183,-0.050,0.180
61.0899,5.000,478.976,634.165,-2.919,-6.579,0.180
61.1972,5.000,485.154,629.903,2.301,-1.385,0.180
61.2941,5.000,487.088,629.598,3.420,-0.292,0.180
61.3910,4.000,477.663,638.008,-5.497,-6.630,0.180
61.4987,3.000,473.612,641.795,-9.416,-7.964,0.180
61.5963,3.000,481.303,636.880,-3.113,-1.677,0.180
61.6932,2.000,473.449,644.695,-10.947,-6.921,0.180
61.7905,1.000,470.033,648.677,-14.646,-8.026,0.180
61.8896,-0.000,467.741,652.050,-17.479,-8.258,0.180
61.9991,-0.000,476.220,647.490,-10.959,-1.739,0.180
62.0956,-1.000,468.285,655.156,-18.760,-6.934,0.180
62.1938,-2.000,464.166,658.446,-22.465,-8.028,0.180
62.2962,-2.000,471.641,653.266,-16.137,-1.690,0.180
62.3942,-3.000,462.967,660.292,-23.986,-6.924,0.180
62.4917,-3.000,469.218,655.640,-18.536,-1.458,0.180
62.5901,-4.000,480.199,673.288,-33.070,-11.856,0.320
62.6886,-5.000,498.882,682.876,-38.044,-14.002,0.320
62.7974,-5.000,533.961,679.600,-26.959,-2.889,0.320
62.8934,-6.000,542.729,698.801,-39.055,-12.152,0.320
62.9898,-7.000,557.679,711.558,-43.806,-14.063,0.320
63.0977,-7.000,589.434,711.130,-32.684,-2.902,0.320
63.1947,-9.000,579.061,745.224,-59.142,-23.710,0.320
63.2925,-10.000,600.607,750.777,-54.736,-16.448,0.320
63.3992,-11.000,615.780,762.572,-56.100,-14.950,0.320
63.4964,-13.000,612.964,788.405,-73.019,-26.196,0.320
63.5952,-14.000,634.776,793.093,-66.662,-16.961,0.320
63.6920,-15.000,648.902,805.427,-67.641,-15.055,0.320
63.7900,-17.000,644.930,831.984,-84.498,-26.218,0.320
63.8988,-19.000,649.420,849.785,-92.508,-28.521,0.320
63.9988,-19.000,687.962,840.966,-69.978,-5.885,0.320
64.0965,-21.000,676.080,875.207,-94.019,-24.326,0.320
64.1934,-23.000,678.557,894.830,-103.424,-28.131,0.320
64.2933,-25.000,683.818,911.448,-109.809,-28.916,0.320
64.3906,-26.000,705.779,915.020,-101.215,-17.522,0.320
64.4900,-28.000,702.384,940.212,-116.020,-26.727,0.320
64.5892,-30.000,706.130,958.089,-123.519,-28.626,0.320
64.6979,-31.000,727.519,962.013,-115.156,-17.463,0.320
64.7963,-32.000,740.062,974.921,-115.652,-15.159,0.320
64.8949,-32.000,767.063,977.327,-103.621,-3.128,0.320
64.9910,-34.000,752.107,1014.375,-129.850,-23.757,0.320
65.0986,-35.000,769.655,1022.540,-125.351,-16.458,0.320
65.1954,-36.000,781.420,1036.565,-126.645,-14.952,0.320
65.2932,-38.000,775.723,1064.279,-143.489,-26.196,0.320
65.3898,-40.000,762.909,1067.070,-151.410,-28.517,0.320
65.4981,-40.000,784.383,1043.077,-128.778,-5.884,0.320
65.5950,-41.000,771.792,1049.687,-138.463,-12.770,0.320
65.6912,-41.000,780.957,1038.437,-128.328,-2.635,0.320
65.7902,-40.000,795.500,1019.963,-111.881,11.012,0.320
65.8969,-39.000,799.918,1013.043,-106.265,13.828,0.320
65.9946,-37.000,815.976,993.539,-88.529,25.964,0.320
66.0905,-35.000,823.494,984.772,-80.424,28.469,0.320
66.1996,-29.000,883.054,917.190,-16.885,75.208,0.320
66.2959,11.000,1350.827,355.718,497.710,477.741,0.320
66.3957,35.000,1290.322,364.419,463.083,375.915,0.320
66.4945,39.000,1055.722,611.625,222.160,123.792,0.320
66.5919,42.000,1006.156,672.387,166.980,60.211,0.320
66.6896,45.000,1004.948,680.591,162.260,47.091,0.320
66.8002,47.000,999.931,692.875,153.597,32.828,0.320
66.8973,49.000,1004.847,692.456,156.254,29.885,0.320
66.9948,51.000,1010.919,688.526,161.246,29.278,0.320
67.0931,52.000,1004.036,699.390,152.366,17.597,0.320
67.1914,53.000,1005.704,700.266,152.755,15.187,0.320
67.2893,53.000,996.238,714.894,140.702,3.134,0.320
67.3987,54.000,1008.385,703.295,152.571,12.202,0.320
67.4959,55.000,1012.873,698.433,157.242,14.073,0.320
67.5952,55.000,1003.048,710.940,146.073,2.904,0.320
67.6938,55.000,1001.885,714.382,143.768,0.599,0.320
67.7910,55.000,1002.381,715.824,143.292,0.124,0.320
67.8890,55.000,1003.108,716.744,143.194,0.026,0.320
67.9988,55.000,1003.790,717.462,143.174,0.005,0.320
68.0981,54.000,988.947,731.335,128.814,-11.554,0.320
68.1949,53.000,983.770,736.527,123.629,-13.940,0.320
68.2938,51.000,965.470,753.520,105.981,-25.988,0.320
68.3963,50.000,973.105,748.615,112.250,-16.918,0.320
68.4953,49.000,973.757,751.122,111.322,-15.047,0.320
68.5944,47.000,957.671,768.574,94.553,-26.216,0.320
68.6954,45.000,951.188,777.899,86.648,-28.521,0.320
68.7921,44.000,962.596,772.746,94.928,-17.441,0.320
68.8904,42.000,949.725,789.613,80.058,-26.710,0.320
68.9887,40.000,944.751,799.664,72.546,-28.623,0.320
69.0967,38.000,941.755,808.656,66.551,-29.017,0.320
69.1946,37.000,954.897,804.449,75.225,-17.543,0.320
69.2928,35.000,943.247,822.375,60.437,-26.731,0.320
69.3902,33.000,939.259,833.378,52.941,-28.627,0.320
69.4989,32.000,952.524,829.915,61.306,-17.463,0.320
69.5965,30.000,941.179,848.272,46.454,-26.715,0.320
69.6928,28.000,937.490,859.601,38.945,-28.624,0.320
69.7980,26.000,935.583,869.682,32.951,-29.018,0.320
69.8989,25.000,949.651,866.402,41.625,-17.543,0.320
69.9980,23.000,938.788,885.114,26.837,-26.731,0.320
70.0958,21.000,935.469,896.786,19.341,-28.627,0.320
70.1941,19.000,933.974,907.061,13.457,-29.018,0.320
70.2922,17.000,932.959,917.218,7.871,-29.099,0.320
70.3905,15.000,932.152,927.476,2.338,-29.116,0.320
70.4900,14.000,946.920,924.582,11.169,-17.564,0.320
70.5900,12.000,936.601,943.673,-3.536,-26.735,0.320
70.6900,10.000,933.733,955.678,-10.972,-28.628,0.320
70.7888,8.000,932.510,966.347,-16.918,-29.018,0.320
70.8970,6.000,931.718,976.848,-22.565,-29.099,0.320
70.9951,4.000,931.090,987.409,-28.159,-29.116,0.320
71.0931,2.000,930.559,998.062,-33.751,-29.119,0.320
71.1915,-0.000,930.101,1008.805,-39.352,-29.120,0.320
71.2888,-3.000,911.739,1030.389,-59.325,-40.676,0.320
71.3986,-5.000,917.312,1028.875,-55.782,-31.504,0.320
71.4983,-6.000,930.731,1021.065,-45.167,-18.056,0.320
71.5973,-8.000,916.350,1035.535,-59.593,-26.837,0.320
71.6977,-10.000,908.079,1042.200,-67.060,-28.649,0.320
71.7980,-12.000,900.516,1046.719,-73.102,-29.023,0.320
71.8957,-13.000,908.908,1037.900,-64.496,-17.544,0.320
71.9911,-15.000,891.515,1050.249,-79.367,-26.731,0.320
72.0887,-16.000,897.222,1042.415,-72.597,-17.072,0.320
72.1977,-18.000,878.715,1054.435,-87.860,-26.634,0.320
72.2965,-19.000,883.714,1046.081,-81.184,-17.051,0.320
72.3921,-20.000,881.045,1045.058,-82.006,-15.074,0.320
72.4891,-21.000,876.664,1045.461,-84.398,-14.666,0.320
72.5964,-22.000,871.838,1046.067,-87.114,-14.582,0.320
72.6960,-23.000,866.841,1046.635,-89.897,-14.565,0.320
72.7927,-23.000,878.019,1034.694,-78.338,-3.005,0.320
72.8948,-24.000,863.804,1044.420,-90.308,-12.176,0.320
72.9914,-24.000,873.059,1034.349,-80.645,-2.512,0.320
73.0880,-25.000,858.431,1044.444,-93.006,-12.074,0.320
73.1978,-25.000,867.587,1034.434,-83.424,-2.491,0.320
73.2953,-25.000,869.201,1032.094,-81.446,-0.514,0.320
73.3944,-25.000,869.301,1031.378,-81.038,-0.106,0.320
73.4922,-25.000,869.123,1031.032,-80.954,-0.022,0.320
73.5914,-25.000,868.918,1030.792,-80.937,-0.005,0.320
73.6887,-25.000,868.732,1030.599,-80.933,-0.001,0.320
73.7968,-25.000,868.572,1030.437,-80.933,-0.000,0.320
73.8943,-25.000,868.435,1030.300,-80.932,-0.000,0.320
73.9938,-25.000,868.319,1030.184,-80.932,-0.000,0.320
74.0902,-25.000,868.220,1030.085,-80.932,-0.000,0.320
74.1977,-25.000,868.136,1030.001,-80.932,-0.000,0.320
74.2958,-24.000,881.340,1014.494,-66.577,11.556,0.320
74.3939,-23.000,885.966,1008.751,-61.392,13.940,0.320
74.4927,-23.000,875.928,1020.839,-72.456,2.877,0.320
74.5889,-22.000,887.792,1008.558,-60.383,12.149,0.320
74.6985,-20.000,906.023,988.652,-41.314,25.618,0.320
74.7881,-20.000,887.980,1011.272,-61.646,5.286,0.320
74.8980,-19.000,898.898,1002.083,-51.592,12.646,0.320
74.9970,-17.000,917.553,983.579,-33.013,25.721,0.320
75.0947,-17.000,900.108,1007.152,-53.522,5.307,0.320
75.1926,-15.000,924.968,983.181,-29.107,24.206,0.320
75.2888,-14.000,922.331,990.413,-34.041,16.551,0.320
75.3989,-13.000,925.852,991.639,-32.894,14.971,0.320
75.4960,-11.000,943.977,976.228,-16.126,26.200,0.320
75.5937,-10.000,940.556,985.796,-22.620,16.962,0.320
75.6907,-9.000,944.432,987.985,-21.777,15.056,0.320
75.7888,-8.000,949.791,988.621,-19.415,14.662,0.320
75.8991,-6.000,968.720,973.468,-2.374,26.137,0.320
75.9980,-5.000,965.829,983.409,-8.790,16.949,0.320
76.0969,-4.000,970.127,985.943,-7.908,15.053,0.320
76.1947,-3.000,975.842,986.875,-5.516,14.662,0.320
76.2930,-2.000,981.795,987.412,-2.808,14.581,0.320
76.3908,-1.000,987.751,987.812,-0.030,14.564,0.320
76.4913,-0.000,981.722,974.620,3.551,5.447,0.180
76.5920,1.000,969.429,966.635,1.397,2.842,0.180
76.6916,3.000,958.725,953.043,2.841,3.383,0.180
76.7902,4.000,947.252,942.924,2.164,2.252,0.180
76.8881,5.000,936.237,931.647,2.295,1.929,0.180
76.9974,6.000,925.156,919.839,2.658,1.837,0.180
77.0940,8.000,914.066,904.416,4.825,3.096,0.180
77.1923,9.000,901.859,893.145,4.357,2.170,0.180
77.2908,10.000,890.106,881.003,4.552,1.906,0.180
77.3891,11.000,878.365,868.493,4.936,1.830,0.180
77.4977,12.000,866.527,855.777,5.375,1.809,0.180
77.5941,13.000,854.578,842.917,5.831,1.802,0.180
77.6908,14.000,842.525,829.942,6.292,1.801,0.180
77.8000,14.000,830.205,820.169,5.018,0.514,0.180
77.8884,15.000,818.727,805.928,6.400,1.433,0.180
77.9966,16.000,806.553,792.300,7.126,1.695,0.180
78.0938,17.000,794.158,778.825,7.667,1.770,0.180
78.1930,18.000,781.526,765.526,8.000,1.791,0.180
78.2908,19.000,768.536,752.536,8.000,1.798,0.180
78.3887,19.000,756.446,741.724,7.361,0.514,0.180
78.4989,21.000,742.322,726.322,8.000,2.718,0.180
78.5978,21.000,730.863,714.863,8.000,0.777,0.180
78.6956,22.000,717.653,701.653,8.000,1.508,0.180
78.7945,22.000,706.015,690.015,8.000,0.431,0.180
78.8921,23.000,692.652,676.652,8.000,1.409,0.180
78.9903,23.000,680.884,664.884,8.000,0.403,0.180
79.0896,24.000,667.412,651.412,8.000,1.401,0.180
79.1892,24.000,655.550,639.550,8.000,0.400,0.180
79.2974,25.000,641.998,625.998,8.000,1.400,0.180
79.3973,26.000,628.509,612.509,8.000,1.686,0.180
79.4961,26.000,616.633,600.633,8.000,0.482,0.180
79.5956,27.000,603.069,587.069,8.000,1.423,0.180
79.6947,28.000,589.570,573.570,8.000,1.692,0.180
79.7917,28.000,577.685,561.685,8.000,0.484,0.180
79.8975,29.000,564.114,548.114,8.000,1.424,0.180
79.9948,29.000,564.900,548.900,8.000,0.407,0.180
80.0922,30.000,564.009,548.009,8.000,1.402,0.180
80.1927,30.000,564.751,548.751,8.000,0.401,0.180
80.2931,31.000,563.822,547.822,8.000,1.400,0.180
80.3899,31.000,564.533,548.533,8.000,0.400,0.180
80.4975,32.000,563.577,547.577,8.000,1.400,0.180
80.5950,33.000,562.704,546.704,8.000,1.686,0.180
80.6936,33.000,563.462,547.462,8.000,0.482,0.180
80.7928,34.000,562.546,546.546,8.000,1.423,0.180
80.8888,34.000,563.268,547.268,8.000,0.407,0.180
80.9889,35.000,562.322,546.322,8.000,1.402,0.180
81.0902,35.000,563.017,547.017,8.000,0.401,0.180
81.1883,35.000,563.608,547.608,8.000,0.114,0.180
81.2970,36.000,562.551,546.551,8.000,1.318,0.180
81.3949,37.000,561.592,545.592,8.000,1.662,0.180
81.4923,37.000,562.277,546.277,8.000,0.475,0.180
81.5903,38.000,561.299,545.299,8.000,1.421,0.180
81.6883,38.000,561.968,545.968,8.000,0.406,0.180
81.7971,39.000,560.977,544.977,8.000,1.402,0.180
81.8961,39.000,561.634,545.634,8.000,0.400,0.180
81.9930,40.000,560.632,544.632,8.000,1.400,0.180
82.0888,40.000,561.281,545.281,8.000,0.400,0.180
82.1963,40.000,561.833,545.833,8.000,0.114,0.180
82.2962,39.000,560.862,544.862,8.000,-1.253,0.180
82.3948,39.000,561.536,545.536,8.000,-0.358,0.180
82.4903,39.000,562.109,546.109,8.000,-0.102,0.180
82.5900,39.000,562.597,546.597,8.000,-0.029,0.180
82.6966,39.000,563.011,547.011,8.000,-0.008,0.180
82.7924,39.000,563.363,547.363,8.000,-0.002,0.180
82.8914,39.000,563.662,547.662,8.000,-0.001,0.180
82.9883,39.000,563.917,547.917,8.000,-0.000,0.180
83.0975,39.000,564.133,548.133,8.000,-0.000,0.180
83.1936,39.000,564.317,548.317,8.000,-0.000,0.180
83.2924,39.000,564.473,548.473,8.000,-0.000,0.180
83.3923,39.000,564.606,548.606,8.000,-0.000,0.180
83.4895,39.000,564.719,548.719,8.000,-0.000,0.180
83.5885,38.000,563.375,547.375,8.000,-1.286,0.180
83.6965,38.000,563.732,547.732,8.000,-0.367,0.180
83.7931,38.000,564.036,548.036,8.000,-0.105,0.180
83.8903,38.000,564.294,548.294,8.000,-0.030,0.180
83.9894,37.000,563.074,547.074,8.000,-1.294,0.180
84.0892,37.000,563.537,547.537,8.000,-0.370,0.180
84.1877,37.000,563.930,547.930,8.000,-0.106,0.180
84.2972,37.000,564.264,548.264,8.000,-0.030,0.180
84.3951,36.000,563.108,547.108,8.000,-1.294,0.180
84.4936,36.000,563.626,547.626,8.000,-0.370,0.180
84.5904,36.000,564.066,548.066,8.000,-0.106,0.180
84.6887,36.000,564.440,548.440,8.000,-0.030,0.180
84.7898,36.000,564.757,548.757,8.000,-0.009,0.180
84.8876,36.000,565.027,549.027,8.000,-0.002,0.180
84.9966,36.000,565.257,549.257,8.000,-0.001,0.180
85.0930,35.000,564.012,548.012,8.000,-1.286,0.180
85.1899,35.000,564.454,548.454,8.000,-0.367,0.180
85.2883,35.000,564.830,548.830,8.000,-0.105,0.180
85.3990,35.000,565.149,549.149,8.000,-0.030,0.180
85.4963,35.000,565.420,549.420,8.000,-0.009,0.180
85.5935,34.000,564.211,548.211,8.000,-1.288,0.180
85.6916,34.000,564.683,548.683,8.000,-0.368,0.180
85.7916,33.000,563.644,547.644,8.000,-1.391,0.180
85.8910,33.000,564.262,548.262,8.000,-0.397,0.180
85.9904,32.000,563.346,547.346,8.000,-1.399,0.180
86.0890,32.000,564.068,548.068,8.000,-0.400,0.180
86.1967,31.000,563.241,547.241,8.000,-1.400,0.180
86.2951,30.000,562.599,546.599,8.000,-1.686,0.180
86.3938,29.000,562.113,546.113,8.000,-1.767,0.180
86.4924,29.000,563.200,547.200,8.000,-0.505,0.180
86.5899,28.000,562.683,546.683,8.000,-1.430,0.180
86.6883,27.000,562.305,546.305,8.000,-1.694,0.180
86.7878,27.000,563.483,547.483,8.000,-0.484,0.180
86.8960,26.000,563.044,547.044,8.000,-1.424,0.180
86.9952,26.000,564.171,548.171,8.000,-0.407,0.180
87.0912,25.000,563.689,547.689,8.000,-1.402,0.180
87.1901,25.000,564.780,548.780,8.000,-0.401,0.180
87.2886,25.000,565.706,549.706,8.000,-0.114,0.180
87.3975,25.000,566.494,550.494,8.000,-0.033,0.180
87.4955,26.000,565.604,549.604,8.000,1.276,0.180
87.5923,26.000,566.347,550.347,8.000,0.365,0.180
87.6900,26.000,566.979,550.979,8.000,0.104,0.180
87.7895,27.000,565.956,549.956,8.000,1.315,0.180
87.8882,27.000,566.586,550.586,8.000,0.376,0.180
87.9971,28.000,565.562,549.562,8.000,1.393,0.180
88.0932,28.000,566.191,550.191,8.000,0.398,0.180
88.1926,29.000,565.166,549.166,8.000,1.399,0.180
88.2898,29.000,565.795,549.795,8.000,0.400,0.180
88.3972,29.000,566.330,550.330,8.000,0.114,0.180
88.4945,30.000,565.224,549.224,8.000,1.318,0.180
88.5903,30.000,565.784,549.784,8.000,0.377,0.180
88.6881,31.000,564.700,548.700,8.000,1.393,0.180
88.7976,32.000,563.719,547.719,8.000,1.684,0.180
88.8967,32.000,564.385,548.385,8.000,0.481,0.180
88.9934,33.000,563.391,547.391,8.000,1.423,0.180
89.0907,33.000,564.046,548.046,8.000,0.407,0.180
89.1899,33.000,564.603,548.603,8.000,0.116,0.180
89.2976,33.000,565.076,549.076,8.000,0.033,0.180
89.3955,34.000,563.918,547.918,8.000,1.295,0.180
89.4929,34.000,564.434,548.434,8.000,0.370,0.180
89.5888,34.000,564.873,548.873,8.000,0.106,0.180
89.6900,34.000,565.246,549.246,8.000,0.030,0.180
89.7897,35.000,564.003,548.003,8.000,1.294,0.180
89.8907,35.000,564.446,548.446,8.000,0.370,0.180
89.9891,35.000,564.823,548.823,8.000,0.106,0.180
90.0963,35.000,565.143,549.143,8.000,0.030,0.180
90.1873,35.000,565.415,549.415,8.000,0.009,0.180
90.2968,35.000,565.647,549.647,8.000,0.002,0.180
90.3942,36.000,564.284,548.284,8.000,1.286,0.180
90.4915,35.000,563.185,547.185,8.000,-0.918,0.180
90.5898,36.000,562.191,546.191,8.000,1.023,0.180
90.6984,36.000,562.846,546.846,8.000,0.292,0.180
90.7986,35.000,561.963,545.963,8.000,-1.202,0.180
90.8978,36.000,561.152,545.152,8.000,0.942,0.180
90.9956,36.000,561.963,545.963,8.000,0.269,0.180
91.0925,36.000,562.652,546.652,8.000,0.077,0.180
91.1912,36.000,563.238,547.238,8.000,0.022,0.180
91.2892,36.000,563.736,547.736,8.000,0.006,0.180
91.3955,36.000,564.160,548.160,8.000,0.002,0.180
91.4941,36.000,564.519,548.519,8.000,0.001,0.180
91.5905,36.000,564.825,548.825,8.000,0.000,0.180
91.6979,36.000,565.085,549.085,8.000,0.000,0.180
91.7977,36.000,565.306,549.306,8.000,0.000,0.180
91.8963,36.000,565.494,549.494,8.000,0.000,0.180
91.9933,35.000,564.214,548.214,8.000,-1.286,0.180
92.0900,36.000,563.065,547.065,8.000,0.918,0.180
92.1878,35.000,562.149,546.149,8.000,-1.023,0.180
92.2972,35.000,562.871,546.871,8.000,-0.292,0.180
92.3951,35.000,563.484,547.484,8.000,-0.084,0.180
92.4945,35.000,564.005,548.005,8.000,-0.024,0.180
92.5923,35.000,564.448,548.448,8.000,-0.007,0.180
92.6906,35.000,564.824,548.824,8.000,-0.002,0.180
92.7974,35.000,565.145,549.145,8.000,-0.001,0.180
92.8963,34.000,563.977,547.977,8.000,-1.286,0.180
92.9949,34.000,564.484,548.484,8.000,-0.367,0.180
93.0941,33.000,563.475,547.475,8.000,-1.391,0.180
93.1927,33.000,564.118,548.118,8.000,-0.397,0.180
93.2911,32.000,563.224,547.224,8.000,-1.399,0.180
93.3894,32.000,563.964,547.964,8.000,-0.400,0.180
93.4872,31.000,563.153,547.153,8.000,-1.400,0.180
93.5962,31.000,563.964,547.964,8.000,-0.400,0.180
93.6958,30.000,563.213,547.213,8.000,-1.400,0.180
93.7952,29.000,562.635,546.635,8.000,-1.686,0.180
93.8940,29.000,563.643,547.643,8.000,-0.482,0.180
93.9912,28.000,563.061,547.061,8.000,-1.423,0.180
94.0890,27.000,562.625,546.625,8.000,-1.692,0.180
94.1963,27.000,563.755,547.755,8.000,-0.484,0.180
94.2944,26.000,563.276,547.276,8.000,-1.424,0.180
94.3932,26.000,564.368,548.368,8.000,-0.407,0.180
127.0410,24.000,841.693,-812.011,826.852,759.652,0.320
127.0854,24.000,267.993,-210.454,239.224,172.024,0.320
127.1906,24.000,144.618,-60.776,102.697,35.497,0.320
127.2895,23.000,114.582,-5.756,60.169,-4.231,0.320
127.3871,23.000,129.872,2.818,63.527,-0.873,0.320
127.4845,22.000,127.664,27.935,49.864,-11.736,0.320
127.5943,21.000,133.672,44.026,44.823,-13.977,0.320
127.6860,21.000,155.470,43.638,55.916,-2.884,0.320
127.7848,21.000,169.020,52.610,58.205,-0.595,0.320
127.8927,20.000,166.016,77.372,44.322,-11.678,0.320
127.9894,19.000,173.090,94.408,39.341,-13.965,0.320
128.0880,19.000,198.414,97.351,50.531,-2.882,0.320
128.1949,18.000,199.767,122.640,38.563,-12.150,0.320
128.2924,17.000,209.280,141.388,33.946,-14.063,0.320
128.3911,16.000,220.993,159.311,30.841,-14.457,0.320
128.4884,15.000,233.598,177.511,28.044,-14.539,0.320
128.5866,15.000,262.200,182.868,39.666,-3.000,0.320
128.6866,14.000,266.044,210.504,27.770,-12.175,0.320
128.7857,13.000,277.610,231.310,23.150,-14.068,0.320
128.8947,13.000,306.493,237.718,34.388,-2.903,0.320
128.9921,12.000,310.815,266.009,22.403,-12.155,0.320
129.0917,11.000,322.835,287.324,17.756,-14.064,0.320
129.1898,10.000,336.672,307.437,14.618,-14.458,0.320
129.2886,9.000,351.077,327.503,11.787,-14.539,0.320
129.3867,8.000,365.763,347.733,9.015,-14.556,0.320
129.4847,7.000,380.645,368.144,6.250,-14.559,0.320
129.5926,6.000,395.685,388.718,3.483,-14.560,0.320
129.6901,5.000,410.856,409.433,0.711,-14.560,0.320
129.7865,5.000,441.578,416.989,12.295,-3.004,0.320
129.8843,3.000,431.764,459.794,-14.015,-23.731,0.320
129.9933,2.000,454.582,473.633,-9.525,-16.452,0.320
130.0894,2.000,487.117,480.030,3.543,-3.395,0.320
130.1869,1.000,493.316,509.540,-8.112,-12.256,0.320
130.2839,1.000,522.111,518.870,1.621,-2.529,0.320
130.3919,-0.000,527.274,548.730,-10.728,-12.077,0.320
130.4904,-1.000,539.350,570.357,-15.504,-14.048,0.320
130.5873,-1.000,568.704,577.425,-4.360,-2.899,0.320
130.6853,-2.000,572.585,605.438,-16.427,-12.154,0.320
130.7924,-2.000,599.662,613.246,-6.792,-2.508,0.320
130.8910,-3.000,602.573,640.921,-19.174,-12.073,0.320
130.9908,-3.000,629.025,648.242,-9.609,-2.491,0.320
131.0897,-4.000,631.445,675.464,-22.010,-12.070,0.320
131.1862,-5.000,641.205,694.833,-26.814,-14.046,0.320
131.2845,-6.000,652.311,712.423,-30.056,-14.454,0.320
131.3911,-6.000,679.832,717.068,-18.618,-2.983,0.320
131.4911,-7.000,681.942,743.233,-30.645,-12.171,0.320
131.5880,-8.000,691.186,761.958,-35.386,-14.067,0.320
131.6849,-8.000,718.079,766.613,-24.267,-2.903,0.320
131.7844,-9.000,719.852,792.590,-36.369,-12.155,0.320
131.8840,-10.000,728.848,811.117,-41.134,-14.064,0.320
131.9935,-10.000,755.539,815.595,-30.028,-2.902,0.320
132.0916,-11.000,757.139,841.423,-42.142,-12.154,0.320
132.1890,-11.000,782.268,847.383,-32.558,-2.508,0.320
132.2911,-11.000,799.797,861.054,-30.629,-0.518,0.320
132.3889,-11.000,815.793,876.352,-30.280,-0.107,0.320
132.4965,-12.000,815.223,904.458,-44.618,-11.578,0.320
132.5843,-13.000,823.653,923.367,-49.857,-13.945,0.320
132.6947,-13.000,850.154,927.880,-38.863,-2.877,0.320
132.7915,-13.000,867.932,941.237,-36.652,-0.594,0.320
132.8910,-14.000,867.670,968.899,-50.615,-11.678,0.320
132.9881,-14.000,892.392,975.242,-41.425,-2.410,0.320
133.0869,-15.000,893.535,1001.439,-53.952,-12.053,0.320
133.1854,-15.000,918.523,1007.464,-44.470,-2.487,0.320
133.2841,-16.000,919.700,1033.583,-56.942,-12.069,0.320
133.3929,-16.000,928.761,1023.667,-47.453,-2.490,0.320
133.4886,-17.000,914.004,1033.858,-59.927,-12.069,0.320
133.5870,-18.000,906.766,1036.375,-64.804,-14.046,0.320
133.6943,-18.000,917.306,1024.821,-53.758,-2.898,0.320
133.7915,-18.000,919.075,1022.191,-51.558,-0.598,0.320
133.8892,-19.000,902.801,1033.892,-65.545,-11.679,0.320
133.9875,-19.000,911.521,1024.286,-56.383,-2.410,0.320
134.0880,-19.000,912.951,1022.103,-54.576,-0.497,0.320
134.1853,-19.000,912.919,1021.495,-54.288,-0.103,0.320
134.2947,-19.000,912.621,1021.248,-54.313,-0.021,0.320
134.3911,-19.000,912.301,1021.106,-54.403,-0.004,0.320
134.4900,-19.000,912.001,1021.012,-54.506,-0.001,0.320
134.5903,-19.000,911.728,1020.951,-54.611,-0.000,0.320
134.6881,-18.000,924.761,1005.474,-40.356,11.556,0.320
134.7859,-18.000,915.950,1015.207,-49.628,2.384,0.320
134.8843,-17.000,927.630,1002.151,-37.260,12.048,0.320
134.9926,-17.000,918.889,1012.723,-46.917,2.486,0.320
135.0894,-17.000,917.599,1015.569,-48.985,0.513,0.320
135.1877,-16.000,931.039,1001.292,-35.127,11.661,0.320
135.2853,-16.000,922.838,1011.781,-44.471,2.406,0.320
135.3929,-15.000,935.092,999.311,-32.110,12.052,0.320
135.4940,-14.000,940.133,994.928,-27.398,14.042,0.320
135.5937,-13.000,943.970,992.489,-24.260,14.453,0.320
135.6920,-13.000,934.521,1006.127,-35.803,2.982,0.320
135.7907,-12.000,947.143,994.906,-23.882,12.171,0.320
135.8888,-11.000,952.792,991.287,-19.247,14.067,0.320
135.9864,-11.000,943.929,1004.876,-30.473,2.903,0.320
136.0853,-11.000,943.572,1009.250,-32.839,0.599,0.320
136.1952,-10.000,958.024,996.053,-19.014,11.679,0.320
136.2936,-10.000,950.732,1007.411,-28.340,2.410,0.320
136.3922,-10.000,950.491,1011.108,-30.308,0.497,0.320
136.4904,-10.000,951.510,1013.027,-30.759,0.103,0.320
136.5868,-10.000,952.621,1014.414,-30.896,0.021,0.320
136.6854,-10.000,953.609,1015.548,-30.969,0.004,0.320
136.7860,-9.000,967.733,1001.068,-16.668,11.556,0.320
136.8860,-8.000,973.141,996.198,-11.529,13.940,0.320
136.9837,-8.000,963.761,1009.035,-22.637,2.877,0.320
137.0926,-8.000,962.902,1012.832,-24.965,0.594,0.320
137.1902,-7.000,976.916,999.155,-11.120,11.678,0.320
137.2903,-7.000,969.252,1010.106,-20.427,2.410,0.320
137.3887,-6.000,981.979,998.014,-8.018,12.053,0.320
137.4860,-5.000,987.430,993.941,-3.256,14.043,0.320
137.5863,-5.000,978.343,1007.200,-14.429,2.898,0.320
137.6838,-5.000,977.788,1011.301,-16.756,0.598,0.320
137.7913,-4.000,992.074,997.870,-2.898,11.679,0.320
137.8882,-3.000,997.927,993.583,2.172,13.965,0.320
137.9859,-3.000,988.992,1006.849,-8.929,2.882,0.320
138.0843,-2.000,1001.810,995.553,3.129,12.150,0.320
138.1927,-2.000,994.303,1007.354,-6.526,2.507,0.320
138.2906,-1.000,1007.407,995.738,5.835,12.073,0.320
138.3895,-1.000,999.953,1007.458,-3.753,2.491,0.320
138.4845,-1.000,999.783,1011.254,-5.736,0.514,0.320
138.5931,-0.000,1014.192,997.768,8.212,11.662,0.320
138.6840,-0.000,1006.828,1008.915,-1.043,2.406,0.320
138.7932,1.000,1018.968,996.152,11.408,12.052,0.320
138.8913,1.000,1010.643,1006.946,1.849,2.487,0.320
138.9909,1.000,1009.725,1009.964,-0.120,0.513,0.320
139.0900,1.000,1010.215,1011.258,-0.521,0.106,0.320
139.1909,1.000,1010.895,1012.095,-0.600,0.022,0.320
139.2888,1.000,1011.528,1012.751,-0.611,0.005,0.320
139.3858,1.000,1012.078,1013.297,-0.609,0.001,0.320
139.4856,1.000,1012.549,1013.758,-0.605,0.000,0.320
139.5933,2.000,1025.391,997.867,13.762,11.556,0.320
139.6916,2.000,1016.436,1007.232,4.602,2.384,0.320
139.7890,3.000,1027.169,993.006,17.082,12.048,0.320
139.8864,3.000,1017.640,1002.566,7.537,2.486,0.320
139.9829,4.000,1028.139,988.254,19.942,12.069,0.320
140.0907,5.000,1030.904,981.409,24.747,14.046,0.320
140.1899,5.000,1019.549,992.294,13.628,2.898,0.320
140.2878,6.000,1029.519,978.085,25.717,12.154,0.320
140.3847,7.000,1032.047,971.115,30.466,14.063,0.320
140.4829,8.000,1032.977,965.568,33.705,14.458,0.320
140.5910,9.000,1033.527,960.254,36.636,14.539,0.320
140.6887,10.000,1033.955,954.937,39.509,14.556,0.320
140.7858,10.000,1021.881,965.855,28.013,3.004,0.320
140.8863,10.000,1019.062,967.691,25.685,0.620,0.320
140.9853,11.000,1030.650,951.428,39.611,11.683,0.320
141.0927,11.000,1020.952,960.152,30.400,2.411,0.320
141.1910,11.000,1018.686,961.590,28.548,0.497,0.320
141.2908,11.000,1018.001,961.572,28.215,0.103,0.320
141.3882,11.000,1017.682,961.292,28.195,0.021,0.320
141.4840,11.000,1017.473,960.993,28.240,0.004,0.320
141.5936,11.000,1017.315,960.719,28.298,0.001,0.320
141.6930,10.000,1001.751,973.756,13.997,-11.555,0.320
141.7917,10.000,1011.403,964.955,23.224,-2.384,0.320
141.8880,10.000,1013.714,963.368,25.173,-0.492,0.320
141.9869,10.000,1014.468,963.230,25.619,-0.102,0.320
142.0848,9.000,999.425,976.636,11.395,-11.577,0.320
142.1917,9.000,1009.467,968.202,20.633,-2.389,0.320
142.2888,8.000,996.656,980.220,8.218,-12.048,0.320
142.3849,8.000,1007.426,971.776,17.825,-2.486,0.320
142.4846,7.000,994.992,984.028,5.482,-12.069,0.320
142.5825,6.000,990.591,989.114,0.738,-14.046,0.320
142.6912,5.000,988.122,993.005,-2.442,-14.454,0.320
142.7879,5.000,1001.725,983.610,9.057,-2.983,0.320
142.8862,4.000,990.468,996.285,-2.909,-12.171,0.320
142.9832,3.000,986.811,1001.987,-7.588,-14.067,0.320
143.0894,3.000,1000.361,993.175,3.593,-2.903,0.320
143.1872,2.000,989.254,1006.149,-8.447,-12.155,0.320
143.2853,1.000,985.764,1012.066,-13.151,-14.064,0.320
143.3853,1.000,999.463,1003.430,-1.984,-2.902,0.320
143.4923,-0.000,988.483,1016.555,-14.036,-12.154,0.320
143.5923,-0.000,1000.540,1009.319,-4.390,-2.508,0.320
143.6910,-1.000,988.299,1021.819,-16.760,-12.073,0.320
143.7900,-1.000,999.485,1013.853,-7.184,-2.491,0.320
143.8900,-2.000,986.544,1025.691,-19.574,-12.070,0.320
143.9884,-3.000,980.862,1029.596,-24.367,-14.046,0.320
144.0862,-3.000,958.259,1022.577,-12.556,-2.957,0.180
144.1842,-4.000,918.277,1029.005,-19.411,-7.191,0.180
144.2924,-4.000,895.199,1021.789,-13.755,-1.514,0.180
144.3901,-4.000,869.873,1016.590,-12.580,-0.319,0.180
144.4872,-3.000,853.476,999.866,-3.176,6.501,0.180
144.5836,-3.000,825.820,997.594,-8.324,1.369,0.180
144.6925,-3.000,803.516,989.684,-9.420,0.288,0.180
144.7899,-3.000,783.170,979.574,-9.663,0.061,0.180
144.8888,-2.000,771.917,957.765,-0.553,6.581,0.180
144.9869,-2.000,748.826,950.979,-5.759,1.386,0.180
145.0830,-1.000,738.417,928.818,2.310,6.860,0.180
145.1909,-1.000,716.713,921.062,-3.111,1.444,0.180
145.2873,-0.000,707.624,897.935,4.917,6.872,0.180
145.3861,-0.000,687.073,889.328,-0.508,1.447,0.180
145.4828,1.000,678.372,864.871,7.523,6.873,0.180
145.5932,2.000,665.526,844.158,11.276,8.015,0.180
145.6918,3.000,651.897,823.887,14.132,8.256,0.180
145.7889,3.000,630.806,814.388,7.630,1.738,0.180
145.8862,4.000,622.346,788.471,15.447,6.934,0.180
145.9851,5.000,609.855,766.368,19.167,8.028,0.180
146.0846,5.000,589.187,755.856,12.855,1.690,0.180
146.1844,6.000,580.974,729.192,20.720,6.924,0.180
146.2923,7.000,568.669,706.476,24.458,8.026,0.180
146.3895,8.000,555.530,684.473,27.332,8.258,0.180
146.4875,9.000,542.239,662.519,30.027,8.307,0.180
146.5836,10.000,528.936,640.489,32.690,8.317,0.180
146.6921,10.000,508.275,629.342,26.175,1.751,0.180
146.7891,11.000,500.218,601.988,34.019,6.937,0.180
146.8876,12.000,503.684,594.878,37.773,8.029,0.180
146.9836,12.000,498.664,599.801,31.497,1.690,0.180
147.0915,13.000,505.833,588.950,39.398,6.924,0.180
147.1882,13.000,501.311,593.342,33.999,1.458,0.180
147.2858,13.000,500.973,593.569,32.916,0.307,0.180
147.3926,13.000,501.433,593.016,32.741,0.065,0.180
147.4822,14.000,509.362,581.407,41.932,6.582,0.180
147.5923,14.000,504.666,585.975,36.808,1.386,0.180
147.6897,15.000,511.382,575.550,44.961,6.860,0.180
147.7865,15.000,506.323,580.457,39.623,1.444,0.180
147.8854,15.000,505.498,581.152,38.560,0.304,0.180
147.9922,15.000,505.538,581.002,38.398,0.064,0.180
148.0884,15.000,505.737,580.710,38.426,0.013,0.180
148.1857,15.000,505.950,580.417,38.493,0.003,0.180
148.2839,15.000,506.150,580.150,38.569,0.001,0.180
148.3825,15.000,506.333,579.910,38.647,0.000,0.180
148.4909,15.000,506.500,579.693,38.724,0.000,0.180
148.5897,15.000,506.654,579.498,38.802,0.000,0.180
148.6891,15.000,506.797,579.320,38.880,0.000,0.180
148.7855,15.000,506.930,579.157,38.958,0.000,0.180
148.8827,14.000,496.681,586.980,29.863,-6.568,0.180
148.9927,14.000,502.459,582.140,35.121,-1.383,0.180
149.0909,14.000,504.065,581.332,36.286,-0.291,0.180
149.1890,13.000,494.370,589.305,27.415,-6.630,0.180
149.2876,13.000,500.470,584.741,32.716,-1.396,0.180
149.3873,13.000,502.319,584.198,33.886,-0.294,0.180
149.4849,12.000,492.823,592.404,25.012,-6.630,0.180
149.5824,12.000,499.090,588.040,30.309,-1.396,0.180
149.6924,11.000,490.706,595.642,22.299,-6.862,0.180
149.7913,11.000,497.362,591.321,27.774,-1.445,0.180
149.8885,10.000,489.191,599.078,19.798,-6.873,0.180
149.9859,9.000,485.628,602.887,16.102,-8.015,0.180
150.0834,7.000,472.869,614.057,4.130,-14.824,0.180
150.1926,6.000,476.567,612.608,6.696,-9.689,0.180
150.2894,5.000,476.336,615.350,5.203,-8.608,0.180
150.3871,4.000,475.356,619.064,2.851,-8.381,0.180
150.4850,3.000,474.287,623.058,0.315,-8.333,0.180
150.5842,2.000,473.254,627.177,-2.265,-8.323,0.180
150.6915,-0.000,461.902,639.351,-14.031,-14.889,0.180
150.7883,-1.000,466.035,638.318,-11.450,-9.703,0.180
150.8883,-2.000,465.536,640.851,-12.969,-8.611,0.180
150.9862,-4.000,452.744,651.173,-24.528,-14.950,0.180
151.0838,-5.000,455.503,648.714,-21.920,-9.716,0.180
151.1837,-7.000,442.829,657.443,-32.623,-15.182,0.180
151.2916,-8.000,445.130,654.189,-29.847,-9.765,0.180
151.3897,-9.000,442.919,654.989,-31.353,-8.624,0.180
151.4872,-10.000,439.609,656.500,-33.765,-8.384,0.180
151.5847,-11.000,435.939,658.042,-36.372,-8.333,0.180
151.6819,-12.000,432.083,659.488,-39.024,-8.323,0.180
151.7897,-13.000,428.094,660.829,-41.689,-8.321,0.180
151.8876,-14.000,423.996,662.075,-44.361,-8.320,0.180
151.9851,-15.000,419.807,663.241,-47.039,-8.320,0.180
152.0840,-15.000,426.513,656.966,-40.549,-1.752,0.180
152.1824,-16.000,417.027,663.217,-48.418,-6.937,0.180
152.2904,-16.000,422.547,657.949,-43.024,-1.460,0.180
152.3871,-17.000,412.750,664.359,-51.128,-6.876,0.180
152.4853,-18.000,407.177,666.453,-54.962,-8.016,0.180
152.5860,-19.000,402.460,667.613,-57.900,-8.256,0.180
152.6850,-20.000,397.997,668.452,-60.551,-8.307,0.180
152.7863,-21.000,393.547,669.222,-63.162,-8.317,0.180
152.8842,-22.000,389.081,669.961,-65.764,-8.319,0.180
152.9830,-22.000,395.565,663.308,-59.196,-1.751,0.180
153.0904,-24.000,374.939,676.591,-76.150,-13.506,0.180
153.1891,-25.000,374.512,673.176,-74.656,-9.412,0.180
153.2870,-26.000,370.841,672.981,-76.394,-8.550,0.180
153.3857,-27.000,366.479,673.457,-78.813,-8.368,0.180
153.4836,-27.000,372.935,666.698,-72.206,-1.762,0.180
153.5829,-28.000,363.228,672.547,-79.984,-6.939,0.180
153.6914,-29.000,357.599,674.298,-83.674,-8.029,0.180
153.7893,-30.000,352.821,675.179,-86.503,-8.259,0.180
153.8887,-31.000,348.216,675.871,-89.152,-8.307,0.180
153.9858,-31.000,354.612,669.150,-82.593,-1.749,0.180
154.0838,-31.000,355.854,667.631,-81.213,-0.368,0.180
154.1827,-32.000,345.059,674.591,-90.090,-6.646,0.180
154.2903,-32.000,350.176,669.214,-84.844,-1.399,0.180
154.3879,-32.000,351.170,667.999,-83.739,-0.295,0.180
154.4848,-32.000,351.308,667.672,-83.506,-0.062,0.180
154.5830,-33.000,340.309,674.912,-92.626,-6.581,0.180
154.6909,-33.000,345.407,669.618,-87.430,-1.386,0.180
154.7918,-33.000,346.418,668.441,-86.336,-0.292,0.180
154.8900,-33.000,346.578,668.140,-86.106,-0.061,0.180
154.9876,-34.000,335.597,675.400,-95.226,-6.581,0.180
155.0849,-34.000,340.712,670.123,-90.030,-1.386,0.180
155.1832,-34.000,341.737,668.960,-88.936,-0.292,0.180
155.2918,-34.000,341.909,668.672,-88.706,-0.061,0.180
155.3889,-34.000,341.908,668.573,-88.657,-0.013,0.180
155.4888,-35.000,330.907,675.889,-97.816,-6.571,0.180
155.5879,-35.000,336.029,670.636,-92.628,-1.383,0.180
155.6862,-35.000,337.065,669.487,-91.536,-0.291,0.180
155.7838,-35.000,337.247,669.210,-91.306,-0.061,0.180
155.8820,-35.000,337.255,669.121,-91.257,-0.013,0.180
155.9819,-35.000,337.231,669.076,-91.247,-0.003,0.180
156.0897,-35.000,337.204,669.045,-91.245,-0.001,0.180
156.1862,-35.000,337.179,669.019,-91.245,-0.000,0.180
156.2841,-36.000,326.190,676.367,-100.413,-6.568,0.180
156.3909,-36.000,331.327,671.133,-95.227,-1.383,0.180
156.4874,-36.000,332.378,670.000,-94.136,-0.291,0.180
156.5854,-36.000,332.573,669.736,-93.906,-0.061,0.180
156.6840,-37.000,321.624,677.027,-103.026,-6.581,0.180
156.7832,-37.000,326.765,671.776,-97.830,-1.386,0.180
156.8914,-38.000,316.843,678.003,-105.905,-6.860,0.180
156.9888,-38.000,322.189,672.518,-100.489,-1.444,0.180
157.0857,-38.000,323.270,671.318,-99.348,-0.304,0.180
157.1837,-38.000,323.460,671.028,-99.108,-0.064,0.180
157.2906,-39.000,312.499,678.303,-108.226,-6.582,0.180
157.3881,-38.000,325.597,662.672,-93.862,5.183,0.180
157.4883,-38.000,321.929,667.187,-97.953,1.091,0.180
157.5893,-38.000,321.428,668.408,-98.815,0.230,0.180
157.6879,-38.000,321.553,668.896,-98.996,0.048,0.180
157.7842,-37.000,329.743,658.826,-89.866,6.579,0.180
157.8819,-37.000,325.250,664.720,-95.059,1.385,0.180
157.9867,-36.000,332.721,656.041,-86.984,6.860,0.180
158.0842,-35.000,336.261,652.075,-83.232,8.013,0.180
158.1825,-34.000,339.222,649.351,-80.389,8.255,0.180
158.2903,-33.000,342.274,647.101,-77.738,8.306,0.180
158.3850,-32.000,345.525,645.131,-75.127,8.317,0.180
158.4810,-31.000,348.972,643.373,-72.525,8.319,0.180
158.5885,-30.000,352.590,641.790,-69.925,8.320,0.180
158.6855,-29.000,356.356,640.356,-67.324,8.320,0.180
158.7829,-29.000,352.278,649.414,-73.893,1.752,0.180
158.8921,-28.000,360.980,642.546,-66.107,6.937,0.180
158.9911,-28.000,357.783,650.302,-71.584,1.460,0.180
159.0884,-27.000,366.535,643.024,-63.569,6.876,0.180
159.1852,-27.000,363.234,650.579,-68.997,1.448,0.180
159.2826,-27.000,363.899,653.529,-70.140,0.305,0.180
159.3813,-27.000,365.195,655.307,-70.380,0.064,0.180
159.4817,-26.000,374.419,646.295,-61.262,6.582,0.180
159.5817,-26.000,370.813,653.081,-66.459,1.386,0.180
159.6884,-26.000,371.071,655.527,-67.553,0.292,0.180
159.7871,-25.000,379.958,646.538,-58.615,6.630,0.180
159.8840,-25.000,376.180,653.228,-63.849,1.396,0.180
159.9817,-23.000,392.253,634.832,-46.614,13.431,0.180
160.0896,-22.000,391.631,637.079,-48.048,9.396,0.180
160.1872,-20.000,402.340,625.950,-37.129,15.115,0.180
160.2867,-18.000,409.073,620.062,-30.819,16.319,0.180
160.3850,-16.000,415.402,615.650,-25.449,16.572,0.180
160.4817,-15.000,414.023,622.258,-29.442,10.057,0.180
160.5874,-13.000,425.675,613.252,-19.113,15.254,0.180
160.6861,-11.000,433.636,608.739,-12.876,16.348,0.180
160.7859,-9.000,441.085,605.421,-7.492,16.579,0.180
160.8831,-7.000,448.653,602.565,-2.280,16.627,0.180
160.9815,-6.000,448.466,610.356,-6.270,10.069,0.180
161.0906,-4.000,461.165,602.322,4.097,15.257,0.180
161.1886,-2.000,470.029,598.622,10.379,16.349,0.180
161.2859,-1.000,470.280,606.361,6.635,10.010,0.180
161.3822,1.000,482.615,597.817,17.075,15.244,0.180
161.4900,2.000,482.570,603.485,14.219,9.778,0.180
161.5883,3.000,486.125,604.109,15.683,8.627,0.180
161.6868,5.000,497.353,592.233,27.235,14.953,0.180
161.7879,6.000,495.673,595.764,24.630,9.716,0.180
161.8839,8.000,505.066,583.742,35.338,15.182,0.180
161.9814,10.000,509.752,575.622,41.740,16.333,0.180
162.0815,12.000,513.197,568.058,47.245,16.575,0.180
162.1912,13.000,508.797,571.358,43.395,10.058,0.180
162.2875,15.000,516.704,558.316,53.870,15.254,0.180
162.3859,17.000,520.303,549.151,60.252,16.348,0.180
162.4831,18.000,515.493,551.630,56.607,10.010,0.180
162.5818,18.000,508.194,559.948,48.798,2.107,0.180
162.6808,20.000,521.700,540.108,65.471,13.581,0.180
162.7865,20.000,511.287,551.138,54.750,2.859,0.180
162.8834,20.000,509.291,553.657,52.493,0.602,0.180
162.9908,20.000,509.039,554.355,52.018,0.127,0.180
163.0891,20.000,509.128,554.644,51.917,0.027,0.180
163.1848,19.000,498.998,562.696,42.827,-6.563,0.180
163.2823,19.000,504.895,558.032,48.107,-1.382,0.180
163.3897,18.000,496.235,565.341,40.123,-6.859,0.180
163.4875,17.000,492.296,568.731,36.458,-8.012,0.180
163.5847,16.000,489.603,571.557,33.698,-8.255,0.180
163.6830,16.000,497.760,566.514,40.299,-1.738,0.180
163.7813,14.000,479.791,582.329,23.407,-13.503,0.180
163.8808,14.000,492.609,573.681,34.140,-2.843,0.180
163.9872,12.000,475.951,589.083,18.109,-13.735,0.180
164.0838,12.000,489.323,580.643,29.016,-2.892,0.180
164.1814,12.000,493.765,580.394,31.361,-0.609,0.180
164.2812,11.000,485.716,589.607,22.730,-6.697,0.180
164.3806,10.000,482.681,594.231,18.901,-7.978,0.180
164.4888,9.000,480.833,598.029,16.078,-8.248,0.180
164.5889,8.000,479.347,601.773,13.462,-8.305,0.180
164.6860,7.000,478.031,605.609,10.887,-8.317,0.180
164.7885,5.000,466.457,617.524,-0.858,-14.888,0.180
164.8859,4.000,471.008,616.864,1.748,-9.703,0.180
164.9846,3.000,471.469,620.310,0.255,-8.611,0.180
165.0829,2.000,471.069,624.630,-2.105,-8.381,0.180
165.1909,-0.000,460.115,637.116,-13.825,-14.901,0.180
165.2865,-1.000,464.557,636.377,-11.234,-9.706,0.180
165.3842,-1.000,475.288,631.794,-3.577,-2.043,0.180
165.4812,-1.000,479.509,632.798,-1.969,-0.430,0.180
165.5898,-1.000,482.064,634.685,-1.635,-0.091,0.180
165.6868,-0.000,491.991,626.132,7.605,6.549,0.180
165.7851,-0.000,488.905,633.387,2.434,1.379,0.180
165.8828,1.000,496.962,625.274,10.519,6.859,0.180
165.9807,1.000,493.028,632.160,5.110,1.444,0.180
166.0902,1.000,493.148,634.549,3.975,0.304,0.180
166.1868,1.000,493.980,635.850,3.740,0.064,0.180
166.2840,1.000,494.841,636.802,3.695,0.013,0.180
166.3816,1.000,495.606,637.578,3.690,0.003,0.180
166.4802,-0.000,485.890,646.204,-5.481,-6.568,0.180
166.5880,-1.000,481.139,649.429,-9.470,-7.951,0.180
166.6852,-3.000,466.315,658.755,-21.545,-14.811,0.180
166.7828,-5.000,456.708,662.489,-28.215,-16.255,0.180
166.8803,-8.000,437.098,672.307,-42.929,-23.127,0.180
166.9804,-9.000,444.679,661.802,-33.886,-11.437,0.180
167.0890,-11.000,431.973,667.824,-43.250,-15.545,0.180
167.1870,-12.000,433.373,663.142,-40.209,-9.841,0.180
167.2839,-11.000,449.158,645.167,-23.329,4.497,0.180
167.3817,-9.000,462.068,628.596,-8.588,14.084,0.180
167.4837,-7.000,468.294,620.458,-1.407,16.102,0.180
167.5828,-5.000,473.680,614.646,4.192,16.527,0.180
167.6795,-3.000,479.373,609.792,9.466,16.616,0.180
167.7883,-2.000,477.569,615.908,5.506,10.067,0.180
167.8866,-1.000,480.918,616.825,6.722,8.688,0.180
167.9862,-0.000,485.341,616.628,9.032,8.397,0.180
168.0841,-0.000,482.007,626.554,2.402,1.768,0.180
168.1802,1.000,490.787,619.778,10.180,6.941,0.180
168.2885,1.000,487.664,627.603,4.706,1.461,0.180
168.3853,1.000,488.515,630.750,3.558,0.308,0.180
168.4825,1.000,489.976,632.687,3.320,0.065,0.180
168.5802,1.000,491.374,634.177,3.274,0.014,0.180
168.6806,1.000,492.596,635.410,3.268,0.003,0.180
168.7891,1.000,493.642,636.450,3.271,0.001,0.180
168.8891,1.000,494.534,637.332,3.276,0.000,0.180
168.9885,2.000,502.666,627.107,12.455,6.568,0.180
169.0870,2.000,498.102,632.893,7.280,1.383,0.180
169.1835,3.000,504.913,623.520,15.372,6.860,0.180
169.2832,4.000,507.298,618.358,19.146,8.013,0.180
169.3800,4.000,501.313,624.982,12.841,1.687,0.180
169.4878,4.000,500.273,626.565,11.530,0.355,0.180
169.5868,4.000,500.245,627.055,11.270,0.075,0.180
169.6822,4.000,500.403,627.290,11.232,0.016,0.180
169.7818,4.000,500.578,627.448,11.241,0.003,0.180
169.8798,3.000,490.364,635.545,2.085,-6.568,0.180
169.9890,3.000,496.165,630.945,7.286,-1.383,0.180
170.0891,1.000,477.036,646.296,-9.954,-13.428,0.180
170.1862,-0.000,478.662,645.057,-8.522,-9.395,0.180
170.2860,-1.000,476.771,646.678,-10.278,-8.546,0.180
170.3833,-2.000,473.924,648.695,-12.710,-8.368,0.180
170.4803,-3.000,470.694,650.620,-15.288,-8.330,0.180
170.5806,-4.000,467.226,652.378,-17.901,-8.322,0.180
170.6890,-5.000,463.575,653.976,-20.525,-8.320,0.180
170.7852,-5.000,470.745,648.061,-13.982,-1.752,0.180
170.8828,-5.000,472.635,647.237,-12.625,-0.369,0.180
170.9798,-5.000,473.354,647.425,-12.360,-0.078,0.180
171.0887,-4.000,481.748,637.402,-3.151,6.552,0.180
171.1875,-4.000,477.362,643.403,-8.345,1.379,0.180
171.2846,-4.000,476.939,645.199,-9.454,0.290,0.180
171.3849,-5.000,466.299,653.406,-18.878,-6.507,0.180
171.4827,-5.000,471.876,648.760,-13.767,-1.370,0.180
171.5795,-5.000,473.327,648.101,-12.711,-0.288,0.180
171.6885,-5.000,473.866,648.236,-12.510,-0.061,0.180
171.7872,-6.000,463.200,655.874,-21.661,-6.581,0.180
171.8842,-7.000,457.604,658.296,-25.670,-7.954,0.180
171.9835,-7.000,463.998,652.204,-19.427,-1.675,0.180
172.0820,-8.000,454.439,658.421,-27.315,-6.921,0.180
172.1797,-8.000,459.941,653.078,-21.893,-1.457,0.180
172.2874,-9.000,450.143,659.410,-29.958,-6.875,0.180
172.3830,-9.000,455.551,654.056,-24.577,-1.447,0.180
172.4828,-10.000,445.697,660.357,-32.655,-6.873,0.180
172.5850,-11.000,440.087,662.346,-36.454,-8.015,0.180
172.6831,-11.000,446.319,656.037,-30.183,-1.687,0.180
172.7798,-12.000,436.587,662.103,-38.082,-6.924,0.180
172.8887,-12.000,441.933,656.641,-32.678,-1.458,0.180
172.9861,-13.000,431.998,662.877,-40.764,-6.875,0.180
173.0852,-13.000,437.287,657.445,-35.403,-1.447,0.180
173.1842,-14.000,427.327,663.682,-43.502,-6.873,0.180
173.2811,-14.000,432.599,658.247,-38.149,-1.447,0.180
173.3795,-15.000,422.625,664.481,-46.253,-6.873,0.180
173.4877,-15.000,427.884,659.044,-40.905,-1.447,0.180
173.5845,-15.000,428.872,657.904,-39.840,-0.305,0.180
173.6828,-15.000,428.970,657.677,-39.678,-0.064,0.180
173.7808,-16.000,417.914,665.023,-48.879,-6.582,0.180
173.8900,-16.000,422.951,659.833,-43.766,-1.386,0.180
173.9875,-17.000,412.923,666.131,-51.929,-6.860,0.180
174.0851,-17.000,418.165,660.718,-46.601,-1.444,0.180
174.1816,-18.000,408.171,666.968,-54.723,-6.872,0.180
174.2817,-19.000,402.438,668.918,-58.564,-8.015,0.180
174.3810,-20.000,397.689,669.850,-61.405,-8.256,0.180
174.4788,-20.000,404.085,663.211,-54.887,-1.738,0.180
174.5861,-21.000,394.385,669.104,-62.684,-6.934,0.180
174.6846,-22.000,388.774,670.880,-66.377,-8.028,0.180
174.7817,-23.000,384.013,671.780,-69.208,-8.259,0.180
174.8790,-24.000,379.424,672.487,-71.856,-8.307,0.180
174.9847,-24.000,385.832,665.780,-65.298,-1.749,0.180
175.0826,-25.000,376.118,671.640,-73.086,-6.937,0.180
175.1876,-25.000,381.456,666.026,-67.610,-1.460,0.180
175.2869,-26.000,371.523,672.124,-75.625,-6.876,0.180
175.3848,-26.000,376.821,666.566,-70.197,-1.448,0.180
175.4816,-27.000,366.885,672.681,-78.222,-6.873,0.180
175.5785,-28.000,361.219,674.500,-81.965,-8.015,0.180
175.6891,-28.000,367.412,668.037,-75.637,-1.687,0.180
175.7880,-29.000,357.661,673.958,-83.473,-6.924,0.180
175.8856,-29.000,362.999,668.364,-78.007,-1.458,0.180
175.9852,-28.000,372.010,656.736,-67.688,6.262,0.180
176.0844,-28.000,367.454,662.068,-72.631,1.318,0.180
176.1831,-27.000,374.712,653.069,-64.503,6.846,0.180
176.2830,-27.000,370.067,659.234,-69.908,1.441,0.180
176.3796,-26.000,377.544,650.650,-61.877,6.872,0.180
176.4878,-26.000,373.148,657.104,-67.302,1.447,0.180
176.5878,-25.000,380.849,648.753,-59.276,6.873,0.180
176.6846,-25.000,376.647,655.402,-64.702,1.447,0.180
176.7821,-25.000,376.544,657.585,-65.845,0.305,0.180
176.8806,-25.000,377.188,658.709,-66.085,0.064,0.180
176.9812,-27.000,355.952,674.248,-84.473,-13.123,0.180
177.0799,-27.000,366.891,664.466,-74.112,-2.763,0.180
177.1784,-27.000,369.564,662.777,-71.931,-0.582,0.180
177.2887,-28.000,359.473,670.105,-80.640,-6.691,0.180
177.3856,-27.000,373.049,654.779,-66.189,5.160,0.180
177.4836,-27.000,369.732,659.609,-70.263,1.086,0.180
177.5812,-27.000,369.518,661.110,-71.121,0.229,0.180
177.6793,-26.000,377.852,651.469,-62.133,6.617,0.180
177.7871,-25.000,381.542,647.269,-58.188,7.961,0.180
177.8857,-25.000,376.540,654.837,-64.473,1.676,0.180
177.9828,-25.000,376.307,657.251,-65.796,0.353,0.180
178.0797,-23.000,392.892,637.719,-47.738,13.211,0.180
178.1785,-20.000,408.115,618.792,-30.663,22.487,0.180
178.2875,-19.000,401.158,629.200,-39.346,11.302,0.180
178.3869,-13.000,442.945,578.947,6.674,41.790,0.180
178.4832,-9.000,447.182,575.914,10.309,35.072,0.180
178.5817,-3.000,473.800,547.919,37.616,46.794,0.180
178.6806,-0.000,469.177,562.171,28.179,29.557,0.180
178.7780,2.000,469.183,572.151,23.192,19.359,0.180
178.8876,5.000,483.274,561.747,35.439,23.781,0.180
178.9861,6.000,477.967,575.589,25.865,11.575,0.180
179.0842,7.000,481.361,578.849,25.931,9.005,0.180
179.1823,8.000,485.989,579.277,28.032,8.464,0.180
179.2785,8.000,482.997,589.566,21.391,1.782,0.180
179.3842,8.000,484.734,594.033,20.026,0.375,0.180
179.4814,7.000,476.742,604.897,10.598,-6.489,0.180
179.5802,9.000,499.369,580.511,34.105,11.771,0.180
179.6781,8.000,482.003,599.983,15.685,-4.090,0.180
179.7860,9.000,495.042,588.134,28.130,5.707,0.180
179.8850,9.000,492.589,594.598,23.671,1.202,0.180
179.9811,9.000,493.391,597.205,22.769,0.253,0.180
180.0799,10.000,502.061,587.833,31.790,6.622,0.180
180.1892,11.000,505.461,583.237,35.788,7.962,0.180
180.2872,11.000,500.223,590.457,29.559,1.676,0.180
180.3860,13.000,514.547,570.619,46.640,13.490,0.180
180.4819,14.000,511.995,570.884,45.231,9.408,0.180
180.5809,14.000,505.168,578.766,37.876,1.981,0.180
180.6787,17.000,526.246,547.785,63.906,20.122,0.180
180.7882,16.000,500.367,571.848,38.935,-2.332,0.180
180.8832,17.000,510.392,559.677,50.033,6.077,0.180
180.9799,17.000,506.271,564.975,45.323,1.279,0.180
181.0789,18.000,513.223,555.424,53.575,6.838,0.180
181.1777,19.000,515.688,550.150,57.444,8.008,0.180
181.2885,20.000,517.040,545.810,60.291,8.254,0.180
181.3880,20.000,510.753,552.556,53.774,1.738,0.180
181.4871,20.000,509.577,554.124,52.402,0.366,0.180
181.5862,21.000,516.823,543.610,61.282,6.645,0.180
181.6835,21.000,511.688,548.968,56.035,1.399,0.180
181.7813,20.000,500.309,558.135,45.763,-6.274,0.180
181.8880,19.000,495.553,561.612,41.646,-7.889,0.180
181.9844,18.000,492.463,564.215,38.799,-8.229,0.180
182.0818,16.000,479.599,574.865,27.043,-14.869,0.180
182.1785,16.000,493.480,565.102,38.865,-3.130,0.180
182.2781,15.000,487.411,572.271,32.246,-7.227,0.180
182.3884,14.000,484.789,576.428,28.856,-8.090,0.180
182.4863,13.000,483.028,580.095,26.142,-8.272,0.180
182.5846,13.000,491.935,575.806,32.740,-1.741,0.180
182.6848,12.000,484.967,584.301,25.009,-6.935,0.180
182.7805,12.000,492.653,580.912,30.546,-1.460,0.180
182.8804,11.000,485.321,589.497,22.587,-6.876,0.180
182.9778,10.000,482.465,594.018,18.899,-8.016,0.180
183.0875,10.000,491.053,589.845,25.280,-1.688,0.180
183.1852,10.000,494.314,590.337,26.664,-0.355,0.180
183.2845,9.000,485.867,599.573,17.823,-6.643,0.180
183.3837,8.000,482.621,604.091,13.941,-7.967,0.180
183.4822,8.000,490.993,599.800,20.272,-1.677,0.180
183.5795,8.000,494.093,600.168,21.638,-0.353,0.180
183.6874,7.000,485.514,609.296,12.784,-6.643,0.180
183.7832,7.000,492.527,605.748,18.065,-1.398,0.180
183.8823,6.000,484.767,614.054,10.032,-6.863,0.180
183.9839,5.000,481.575,618.311,6.308,-8.013,0.180
184.0823,4.000,479.506,621.885,3.486,-8.255,0.180
184.1792,2.000,467.436,633.433,-8.323,-14.875,0.180
184.2865,1.000,471.595,632.432,-5.743,-9.700,0.180
184.3860,-1.000,460.752,642.957,-16.427,-15.179,0.180
184.4844,-2.000,464.623,641.218,-13.622,-9.764,0.180
184.5821,-3.000,463.753,643.300,-15.098,-8.624,0.180
184.6800,-5.000,450.613,653.269,-26.652,-14.952,0.180
184.7799,-6.000,453.071,650.517,-24.047,-9.716,0.180
184.8782,-7.000,451.111,651.625,-25.582,-8.614,0.180
184.9868,-8.000,448.040,653.373,-27.991,-8.382,0.180
185.0853,-10.000,433.606,662.483,-39.763,-14.901,0.180
185.1827,-11.000,435.082,658.881,-37.224,-9.706,0.180
185.2837,-12.000,432.310,659.246,-38.792,-8.612,0.180
185.3809,-14.000,417.576,667.734,-50.403,-14.950,0.180
185.4782,-15.000,418.678,663.723,-47.847,-9.716,0.180
185.5771,-16.000,415.560,663.768,-49.429,-8.614,0.180
185.6867,-16.000,422.471,657.245,-42.711,-1.813,0.180
185.7863,-17.000,413.011,663.435,-50.537,-6.950,0.180
185.8852,-17.000,418.520,658.147,-45.138,-1.463,0.180
185.9834,-18.000,408.707,664.548,-53.245,-6.876,0.180
186.0812,-18.000,414.092,659.262,-47.910,-1.448,0.180
186.1789,-17.000,423.157,647.881,-37.687,6.264,0.180
186.2875,-18.000,407.666,660.804,-51.894,-5.250,0.180
186.3855,-17.000,420.099,646.788,-38.669,5.463,0.180
186.4820,-17.000,416.525,652.017,-43.071,1.150,0.180
186.5790,-16.000,424.205,643.343,-34.893,6.811,0.180
186.6866,-16.000,419.823,649.880,-40.353,1.434,0.180
186.7854,-16.000,419.523,652.012,-41.569,0.302,0.180
186.8843,-15.000,427.954,642.738,-32.716,6.632,0.180
186.9845,-14.000,431.756,638.820,-28.857,7.965,0.180
187.0819,-13.000,434.819,636.258,-26.044,8.245,0.180
187.1794,-12.000,437.929,634.174,-23.447,8.304,0.180
187.2860,-12.000,433.247,642.728,-30.065,1.748,0.180
187.3834,-11.000,441.423,635.443,-22.334,6.936,0.180
187.4825,-10.000,445.742,632.482,-18.694,8.029,0.180
187.5830,-10.000,441.429,640.949,-25.085,1.690,0.180
187.6805,-9.000,449.781,633.727,-17.297,6.924,0.180
187.7766,-9.000,446.249,641.221,-22.811,1.458,0.180
187.8834,-9.000,446.735,644.102,-24.008,0.307,0.180
187.9816,-9.000,447.876,645.822,-24.297,0.065,0.180
188.0788,-8.000,456.969,636.763,-15.222,6.582,0.180
188.1863,-9.000,442.271,650.888,-29.633,-5.183,0.180
188.2835,-9.000,447.573,648.100,-25.588,-1.091,0.180
188.3821,-9.000,449.455,648.354,-24.774,-0.230,0.180
188.4802,-9.000,450.498,649.127,-24.639,-0.048,0.180
188.5769,-9.000,451.261,649.908,-24.648,-0.010,0.180
188.6861,-10.000,440.905,657.976,-33.860,-6.571,0.180
188.7838,-10.000,446.568,653.369,-28.725,-1.383,0.180
188.8806,-10.000,448.056,652.777,-27.685,-0.291,0.180
188.9781,-10.000,448.616,652.980,-27.507,-0.061,0.180
189.0780,-10.000,448.936,653.308,-27.511,-0.013,0.180
189.1778,-10.000,449.170,653.625,-27.552,-0.003,0.180
189.2764,-10.000,449.354,653.909,-27.602,-0.001,0.180
189.3857,-10.000,449.501,654.160,-27.654,-0.000,0.180
189.4848,-10.000,449.619,654.381,-27.706,-0.000,0.180
189.5837,-10.000,449.710,654.577,-27.758,-0.000,0.180
189.6828,-10.000,449.781,654.751,-27.810,-0.000,0.180
189.7787,-10.000,449.832,654.907,-27.862,-0.000,0.180
189.8860,-10.000,449.869,655.047,-27.914,-0.000,0.180
189.9832,-10.000,449.892,655.174,-27.966,-0.000,0.180
190.0798,-10.000,449.904,655.290,-28.018,-0.000,0.180
190.1761,-10.000,449.906,655.396,-28.070,-0.000,0.180
190.2846,-10.000,449.900,655.494,-28.122,-0.000,0.180
190.3846,-10.000,449.887,655.585,-28.174,-0.000,0.180
190.4849,-10.000,449.868,655.671,-28.226,-0.000,0.180
190.5811,-11.000,438.871,663.125,-37.451,-6.568,0.180
190.6799,-11.000,443.994,657.990,-32.323,-1.383,0.180
190.7787,-11.000,445.023,656.951,-31.288,-0.291,0.180
190.8798,-11.000,445.191,656.774,-31.116,-0.061,0.180
190.9776,-11.000,445.179,656.779,-31.125,-0.013,0.180
191.0848,-11.000,445.129,656.823,-31.172,-0.003,0.180
191.1824,-11.000,445.071,656.875,-31.227,-0.001,0.180
191.2805,-11.000,445.012,656.930,-31.283,-0.000,0.180
191.3772,-11.000,444.953,656.985,-31.340,-0.000,0.180
191.4859,-10.000,452.868,646.667,-22.224,6.568,0.180
191.5840,-10.000,448.109,652.383,-27.462,1.383,0.180
191.6809,-10.000,447.372,653.934,-28.605,0.291,0.180
191.7782,-10.000,447.436,654.561,-28.887,0.061,0.180
191.8762,-10.000,447.630,654.956,-28.987,0.013,0.180
191.9837,-9.000,455.791,644.894,-19.876,6.571,0.180
192.0806,-9.000,451.249,650.821,-25.111,1.383,0.180
192.1760,-9.000,450.698,652.548,-26.250,0.291,0.180
192.2850,-8.000,458.895,642.952,-17.353,6.630,0.180
192.3817,-8.000,454.525,649.133,-22.628,1.396,0.180
192.4792,-8.000,454.151,651.046,-23.772,0.294,0.180
192.5861,-8.000,454.531,651.973,-24.045,0.062,0.180
192.6839,-8.000,454.997,652.619,-24.136,0.013,0.180
192.7812,-8.000,455.417,653.144,-24.188,0.003,0.180
192.8784,-8.000,455.775,653.589,-24.231,0.001,0.180
192.9763,-7.000,464.048,643.599,-15.100,6.569,0.180
193.0833,-7.000,459.596,649.591,-20.322,1.383,0.180
193.1807,-7.000,459.123,651.374,-21.450,0.291,0.180
193.2776,-7.000,459.413,652.197,-21.716,0.061,0.180
193.3759,-7.000,459.801,652.755,-21.801,0.013,0.180
193.4846,-7.000,460.157,653.203,-21.848,0.003,0.180
193.5836,-7.000,460.460,653.584,-21.886,0.001,0.180
193.6811,-6.000,468.687,643.537,-12.749,6.569,0.180
193.7816,-6.000,464.197,649.481,-17.966,1.383,0.180
193.8800,-6.000,463.692,651.222,-19.089,0.291,0.180
193.9782,-6.000,463.956,652.008,-19.350,0.061,0.180
194.0842,-5.000,472.297,642.160,-10.256,6.581,0.180
194.1843,-5.000,467.934,648.242,-15.478,1.386,0.180
194.2845,-5.000,467.545,650.092,-16.598,0.292,0.180
194.3817,-4.000,475.883,640.596,-7.681,6.630,0.180
194.4802,-3.000,479.610,636.485,-3.762,7.964,0.180
194.5776,-3.000,474.644,644.124,-10.065,1.677,0.180
194.6759,-3.000,474.440,646.600,-11.404,0.353,0.180
194.7845,-3.000,475.112,647.860,-11.698,0.074,0.180
194.8842,-2.000,483.832,638.381,-2.599,6.584,0.180
194.9863,-1.000,487.775,634.394,1.366,7.955,0.180
195.0827,-1.000,482.971,642.160,-4.919,1.675,0.180
195.1826,-1.000,482.903,644.746,-6.246,0.353,0.180
195.2790,-0.000,491.663,635.726,2.644,6.643,0.180
195.3764,-0.000,487.808,642.360,-2.600,1.398,0.180
195.4754,1.000,495.259,633.672,5.469,6.863,0.180
195.5834,1.000,490.820,640.058,0.056,1.445,0.180
195.6803,2.000,497.886,631.048,8.095,6.873,0.180
195.7773,3.000,500.518,626.163,11.853,8.015,0.180
195.8838,3.000,494.748,633.018,5.541,1.687,0.180
195.9807,3.000,520.940,638.860,4.515,0.348,0.320
196.0777,4.000,558.645,629.319,18.616,11.627,0.320
196.1863,4.000,573.389,646.288,9.411,2.399,0.320
196.2847,4.000,594.251,657.156,7.529,0.495,0.320
196.3833,4.000,615.601,667.553,7.158,0.102,0.320
196.4800,4.000,636.392,678.521,7.099,0.021,0.320
196.5778,4.000,656.507,690.175,7.105,0.004,0.320
196.6764,4.000,676.006,702.455,7.124,0.001,0.320
196.7841,3.000,679.532,728.555,-7.215,-11.555,0.320
196.8827,2.000,692.352,746.533,-12.389,-13.940,0.320
196.9832,1.000,707.167,763.510,-15.675,-14.432,0.320
197.0799,-0.000,722.459,780.856,-18.577,-14.534,0.320
197.1783,-1.000,737.064,797.928,-21.403,-14.555,0.320
197.2753,-2.000,751.033,814.819,-24.219,-14.559,0.320
197.3851,-3.000,764.449,831.569,-27.037,-14.560,0.320
197.4826,-5.000,761.112,860.642,-44.220,-26.116,0.320
197.5799,-7.000,766.405,880.319,-52.244,-28.500,0.320
197.6787,-9.000,773.129,897.914,-58.386,-28.992,0.320
197.7763,-10.000,796.131,902.518,-49.788,-17.538,0.320
197.8756,-11.000,809.843,916.205,-50.287,-15.175,0.320
197.9776,-12.000,821.510,931.762,-52.666,-14.687,0.320
198.0772,-13.000,832.645,947.703,-55.438,-14.586,0.320
198.1759,-14.000,843.575,963.722,-58.296,-14.565,0.320
198.2843,-14.000,870.663,967.314,-46.814,-3.006,0.320
198.3824,-15.000,872.343,992.648,-58.869,-12.176,0.320
198.4805,-16.000,881.202,1010.686,-63.650,-14.068,0.320
198.5768,-17.000,891.478,1027.206,-66.936,-14.458,0.320
198.6846,-18.000,901.991,1043.404,-69.917,-14.539,0.320
198.7814,-18.000,912.872,1031.172,-58.479,-3.000,0.320
198.8767,-19.000,898.397,1040.657,-70.560,-12.175,0.320
198.9749,-20.000,891.249,1042.725,-75.253,-14.068,0.320
199.0821,-21.000,885.552,1043.264,-78.444,-14.458,0.320
199.1798,-21.000,896.397,1031.035,-66.969,-2.983,0.320
199.2790,-22.000,881.953,1040.461,-78.957,-12.171,0.320
199.3757,-23.000,874.749,1042.560,-83.653,-14.067,0.320
199.4748,-24.000,869.007,1043.124,-86.844,-14.458,0.320
199.5845,-25.000,863.537,1043.352,-89.725,-14.539,0.320
199.6828,-26.000,858.100,1043.493,-92.541,-14.556,0.320
199.7815,-26.000,868.925,1031.167,-80.989,-3.004,0.320
199.8791,-27.000,854.415,1040.561,-92.961,-12.175,0.320
199.9772,-28.000,847.145,1042.643,-97.654,-14.068,0.320
200.0747,-29.000,841.343,1043.194,-100.844,-14.458,0.320
200.1829,-29.000,852.099,1030.975,-89.369,-2.983,0.320
200.2793,-29.000,853.856,1027.975,-87.001,-0.616,0.320
200.3757,-30.000,837.549,1039.385,-100.868,-11.683,0.320
200.4851,-30.000,846.247,1029.524,-91.596,-2.411,0.320
200.5842,-31.000,831.397,1039.546,-104.039,-12.053,0.320
200.6824,-31.000,840.417,1029.423,-94.473,-2.487,0.320
200.7803,-31.000,841.926,1026.976,-92.499,-0.513,0.320
200.8784,-32.000,825.663,1038.601,-106.447,-11.661,0.320
200.9760,-33.000,818.175,1041.307,-111.547,-13.962,0.320
201.0751,-34.000,812.451,1042.127,-114.822,-14.437,0.320
201.1832,-35.000,807.051,1042.518,-117.720,-14.535,0.320
201.2786,-37.000,785.408,1055.223,-134.896,-26.110,0.320
201.3857,-38.000,789.058,1046.136,-128.529,-16.943,0.320
201.4851,-39.000,785.421,1044.312,-129.437,-15.052,0.320
201.5826,-40.000,780.271,1043.980,-131.847,-14.661,0.320
201.6804,-39.000,804.354,1016.077,-105.855,8.530,0.320
201.7794,-39.000,797.461,1022.723,-112.625,1.760,0.320
201.8778,-37.000,822.511,993.143,-85.311,23.474,0.320
201.9745,-34.000,844.783,966.541,-60.875,39.511,0.320
202.0827,-29.000,882.463,923.379,-20.455,65.931,0.320
202.1815,-18.000,981.239,811.185,85.029,140.716,0.320
202.2786,-9.000,999.787,794.792,102.500,133.037,0.320
202.3772,-2.000,1001.536,806.754,97.393,108.341,0.320
202.4760,3.000,995.753,829.351,83.203,80.134,0.320
202.5844,8.000,1009.023,826.172,91.427,74.313,0.320
202.6851,11.000,999.202,848.052,75.576,50.001,0.320
202.7850,13.000,994.088,864.736,64.677,33.429,0.320
202.8854,16.000,1012.870,850.268,81.302,41.565,0.320
202.9829,18.000,1011.188,856.937,77.126,31.688,0.320
203.0788,20.000,1016.030,854.654,80.688,29.650,0.320
203.1792,22.000,1021.457,849.722,85.868,29.229,0.320
203.2763,24.000,1026.341,843.580,91.381,29.143,0.320
203.3868,25.000,1018.112,852.898,82.608,17.569,0.320
203.4751,27.000,1031.003,836.253,97.375,26.736,0.320
203.5823,28.000,1023.623,842.602,90.511,17.073,0.320
203.6808,30.000,1036.007,824.662,105.672,26.634,0.320
203.7767,33.000,1052.814,797.613,127.601,40.163,0.320
203.8760,34.000,1033.522,813.359,110.081,19.843,0.320
203.9844,36.000,1042.637,796.549,123.044,27.206,0.320
204.0837,38.000,1045.646,785.320,130.163,28.725,0.320
204.1803,40.000,1047.226,775.073,136.077,29.038,0.320
204.2809,40.000,1023.496,797.435,113.030,5.992,0.320
204.3793,41.000,1030.595,785.335,122.630,12.792,0.320
204.4758,42.000,1032.253,778.585,126.834,14.195,0.320
204.5833,43.000,1032.758,772.912,129.923,14.485,0.320
204.6823,43.000,1020.566,783.711,118.427,2.989,0.320
204.7809,44.000,1030.037,769.216,130.411,12.172,0.320
204.8794,44.000,1019.742,778.241,120.750,2.512,0.320
204.9788,44.000,1017.208,779.695,118.757,0.518,0.320
205.0763,44.000,1016.338,779.648,118.345,0.107,0.320
205.1830,44.000,1015.863,779.342,118.260,0.022,0.320
205.2808,43.000,1000.079,792.304,103.887,-11.551,0.320
205.3787,43.000,1009.546,783.437,113.055,-2.384,0.320
205.4768,43.000,1011.693,781.800,114.947,-0.492,0.320
205.5753,42.000,996.865,794.902,100.981,-11.657,0.320
205.6759,41.000,991.447,799.692,95.877,-13.961,0.320
205.7832,40.000,988.325,803.121,92.602,-14.436,0.320
205.8823,39.000,985.978,806.570,89.704,-14.534,0.320
205.9810,38.000,984.045,810.278,86.884,-14.555,0.320
206.0814,37.000,982.416,814.257,84.079,-14.559,0.320
206.1791,36.000,981.033,818.476,81.279,-14.560,0.320
206.2789,34.000,964.423,836.177,64.123,-26.116,0.320
206.3761,33.000,973.178,832.190,70.494,-16.944,0.320
206.4739,32.000,974.717,835.544,69.586,-15.052,0.320
206.5826,31.000,974.807,840.453,67.177,-14.662,0.320
206.6807,29.000,959.196,858.992,50.102,-26.137,0.320
206.7779,27.000,953.313,869.045,42.134,-28.504,0.320
206.8760,25.000,949.836,877.745,36.045,-28.993,0.320
206.9739,24.000,962.631,873.231,44.700,-17.538,0.320
207.0818,22.000,950.699,890.882,29.908,-26.730,0.320
207.1782,21.000,961.908,888.374,36.767,-17.071,0.320
207.2761,19.000,949.889,906.467,21.711,-26.634,0.320
207.3742,17.000,945.834,917.368,14.233,-28.607,0.320
207.4823,15.000,943.659,927.039,8.310,-29.014,0.320
207.5797,13.000,942.074,936.677,2.699,-29.098,0.320
207.6760,11.000,940.781,946.495,-2.857,-29.115,0.320
207.7842,9.000,939.691,956.512,-8.410,-29.119,0.320
207.8822,8.000,954.204,953.426,0.389,-17.564,0.320
207.9802,5.000,928.222,985.641,-28.709,-38.291,0.320
208.0782,4.000,950.348,975.654,-12.653,-19.457,0.320
208.1765,2.000,941.589,993.410,-25.911,-27.126,0.320
208.2744,-0.000,939.070,1005.257,-33.093,-28.709,0.320
208.3823,-1.000,952.538,1001.878,-24.670,-17.480,0.320
208.4784,-4.000,923.349,1031.122,-53.886,-38.274,0.320
208.5777,-5.000,941.945,1017.733,-37.894,-19.453,0.320
208.6765,-7.000,928.507,1030.917,-51.205,-27.125,0.320
208.7746,-9.000,920.325,1037.203,-58.439,-28.708,0.320
208.8736,-10.000,928.973,1029.104,-50.066,-17.480,0.320
208.9838,-11.000,928.241,1029.462,-50.610,-15.162,0.320
209.0828,-12.000,925.273,1031.272,-53.000,-14.684,0.320
209.1793,-13.000,921.587,1033.134,-55.774,-14.586,0.320
209.2786,-14.000,917.534,1034.797,-58.632,-14.565,0.320
209.3770,-15.000,913.218,1036.241,-61.511,-14.561,0.320
209.4755,-16.000,908.689,1037.489,-64.400,-14.560,0.320
209.5735,-17.000,903.979,1038.570,-67.295,-14.560,0.320
209.6816,-17.000,915.397,1027.067,-55.835,-3.004,0.320
209.7789,-18.000,901.370,1037.183,-67.907,-12.176,0.320
209.8775,-18.000,910.769,1027.458,-58.344,-2.512,0.320
209.9764,-18.000,912.524,1025.427,-56.451,-0.518,0.320
210.0747,-19.000,896.436,1037.440,-70.502,-11.663,0.320
210.1726,-19.000,905.354,1028.058,-61.352,-2.407,0.320
210.2811,-19.000,906.961,1026.058,-59.549,-0.497,0.320
210.3818,-19.000,907.081,1025.603,-59.261,-0.102,0.320
210.4800,-20.000,890.744,1037.814,-73.535,-11.577,0.320
210.5769,-20.000,899.679,1028.374,-64.347,-2.389,0.320
210.6747,-20.000,901.360,1026.263,-62.451,-0.493,0.320
210.7832,-20.000,901.568,1025.689,-62.060,-0.102,0.320
210.8815,-21.000,885.218,1037.888,-76.335,-11.577,0.320
210.9784,-21.000,894.142,1028.436,-67.147,-2.389,0.320
211.0790,-21.000,895.813,1026.316,-65.251,-0.493,0.320
211.1786,-21.000,896.014,1025.734,-64.860,-0.102,0.320
211.2771,-21.000,895.932,1025.491,-64.779,-0.021,0.320
211.3753,-21.000,895.811,1025.336,-64.763,-0.004,0.320
211.4742,-20.000,908.973,1009.780,-50.404,11.555,0.320
211.5733,-20.000,900.285,1019.433,-59.574,2.384,0.320
211.6815,-20.000,898.803,1021.735,-61.466,0.492,0.320
211.7800,-20.000,898.761,1022.474,-61.857,0.102,0.320
211.8770,-20.000,898.976,1022.851,-61.937,0.021,0.320
211.9756,-19.000,912.381,1007.790,-47.705,11.560,0.320
212.0723,-19.000,903.896,1017.867,-56.986,2.385,0.320
212.1778,-19.000,902.573,1020.544,-58.985,0.492,0.320
212.2754,-18.000,915.932,1006.175,-45.121,11.657,0.320
212.3732,-18.000,907.650,1016.598,-54.474,2.405,0.320
212.4749,-17.000,919.832,1004.077,-42.122,12.052,0.320
212.5737,-16.000,924.809,999.652,-37.422,14.042,0.320
212.6718,-15.000,928.590,997.179,-34.295,14.453,0.320
212.7790,-14.000,932.372,995.349,-31.488,14.538,0.320
212.8772,-13.000,936.367,993.854,-28.744,14.555,0.320
212.9757,-13.000,927.304,1008.041,-40.368,3.004,0.320
213.0823,-12.000,940.307,997.235,-28.464,12.175,0.320
213.1800,-11.000,946.291,993.957,-23.833,14.068,0.320
213.2791,-10.000,950.996,992.393,-20.698,14.458,0.320
213.3768,-9.000,955.581,991.317,-17.868,14.539,0.320
213.4744,-7.000,973.545,975.016,-0.735,26.111,0.320
213.5828,-6.000,969.771,984.044,-7.136,16.944,0.320
213.6800,-6.000,960.023,1001.257,-20.617,3.496,0.320
213.7798,-6.000,960.387,1007.239,-23.426,0.721,0.320
213.8778,-6.000,962.478,1010.542,-24.032,0.149,0.320
213.9758,-6.000,964.619,1012.986,-24.184,0.031,0.320
214.0737,-5.000,979.790,999.551,-9.881,11.562,0.320
214.1743,-4.000,986.106,995.553,-4.723,13.941,0.320
214.2823,-4.000,977.503,1009.124,-15.810,2.877,0.320
214.3804,-4.000,977.309,1013.541,-18.116,0.594,0.320
214.4784,-4.000,983.087,988.769,-2.841,0.170,0.180
214.5753,-2.000,973.573,972.558,0.508,2.620,0.180
214.6743,-3.000,958.560,964.765,-3.102,-0.537,0.180
214.7747,-2.000,949.135,951.104,-0.985,1.132,0.180
214.8724,-2.000,938.104,941.694,-1.795,0.323,0.180
214.9789,-2.000,927.273,931.329,-2.028,0.092,0.180
215.0775,-1.000,916.584,917.303,-0.359,1.312,0.180
215.1754,-1.000,904.732,907.327,-1.297,0.375,0.180
215.2830,-1.000,893.277,896.408,-1.566,0.107,0.180
215.3798,-2.000,878.484,885.244,-3.380,-1.255,0.180
215.4780,-1.000,868.233,869.731,-0.749,0.927,0.180
215.5761,-3.000,849.618,859.388,-4.885,-2.307,0.180
215.6741,-4.000,836.749,846.702,-4.977,-1.945,0.180
215.7721,-4.000,826.864,834.046,-3.591,-0.556,0.180
215.8800,-6.000,809.174,822.516,-6.671,-2.730,0.180
215.9769,-7.000,796.494,809.420,-6.463,-2.066,0.180
216.0726,-7.000,786.598,796.586,-4.994,-0.590,0.180
216.1729,-9.000,768.850,784.954,-8.052,-2.740,0.180
216.2805,-7.000,759.996,765.255,-2.630,1.789,0.180
216.3781,-7.000,747.668,755.494,-3.913,0.511,0.180
216.4779,-7.000,735.998,744.568,-4.285,0.146,0.180
216.5748,-1.000,726.154,714.106,6.024,7.756,0.180
216.6758,-0.000,710.870,706.430,2.220,3.502,0.180
216.7752,4.000,698.908,685.577,6.665,6.143,0.180
216.8729,7.000,685.196,670.215,7.491,5.612,0.180
216.9822,8.000,671.605,661.155,5.225,2.889,0.180
217.0798,12.000,658.103,642.103,8.000,5.968,0.180
217.1762,14.000,645.238,629.238,8.000,4.277,0.180
217.2764,16.000,632.272,616.272,8.000,3.793,0.180
217.3732,18.000,619.222,603.222,8.000,3.655,0.180
217.4806,20.000,606.099,590.099,8.000,3.616,0.180
217.5781,22.000,592.915,576.915,8.000,3.605,0.180
217.6756,23.000,581.239,565.239,8.000,2.316,0.180
217.7730,24.000,569.344,553.344,8.000,1.947,0.180
217.8809,25.000,557.264,541.264,8.000,1.842,0.180
217.9785,26.000,557.758,541.758,8.000,1.812,0.180
218.0748,27.000,558.118,542.118,8.000,1.803,0.180
218.1723,28.000,558.364,542.364,8.000,1.801,0.180
218.2808,29.000,558.513,542.513,8.000,1.800,0.180
218.3783,30.000,558.580,542.580,8.000,1.800,0.180
218.4736,31.000,558.577,542.577,8.000,1.800,0.180
218.5731,32.000,558.514,542.514,8.000,1.800,0.180
218.6756,33.000,558.401,542.401,8.000,1.800,0.180
218.7747,34.000,558.244,542.244,8.000,1.800,0.180
218.8743,34.000,559.611,543.611,8.000,0.514,0.180
218.9730,35.000,559.213,543.213,8.000,1.433,0.180
219.0810,35.000,560.375,544.375,8.000,0.409,0.180
219.1791,36.000,559.803,543.803,8.000,1.403,0.180
219.2751,36.000,560.816,544.816,8.000,0.401,0.180
219.3739,37.000,560.117,544.117,8.000,1.400,0.180
219.4712,37.000,561.023,545.023,8.000,0.400,0.180
219.5816,37.000,561.794,545.794,8.000,0.114,0.180
219.6793,38.000,560.888,544.888,8.000,1.318,0.180
219.7781,38.000,561.619,545.619,8.000,0.377,0.180
219.8751,38.000,562.240,546.240,8.000,0.108,0.180
219.9726,39.000,561.208,545.208,8.000,1.316,0.180
220.0814,40.000,560.270,544.270,8.000,1.662,0.180
220.1803,40.000,560.973,544.973,8.000,0.475,0.180
220.2774,40.000,561.571,545.571,8.000,0.136,0.180
220.3732,41.000,560.519,544.519,8.000,1.324,0.180
220.4801,41.000,561.125,545.125,8.000,0.378,0.180
220.5775,42.000,560.080,544.080,8.000,1.394,0.180
220.6748,42.000,560.692,544.692,8.000,0.398,0.180
220.7724,43.000,559.652,543.652,8.000,1.399,0.180
220.8789,43.000,560.268,544.268,8.000,0.400,0.180
220.9753,43.000,560.791,544.791,8.000,0.114,0.180
221.0740,44.000,559.676,543.676,8.000,1.318,0.180
221.1716,44.000,560.229,544.229,8.000,0.377,0.180
221.2710,44.000,560.698,544.698,8.000,0.108,0.180
221.3711,44.000,561.097,545.097,8.000,0.031,0.180
221.4810,44.000,561.436,545.436,8.000,0.009,0.180
221.5785,45.000,560.165,544.165,8.000,1.288,0.180
221.6752,45.000,560.584,544.584,8.000,0.368,0.180
221.7720,45.000,560.940,544.940,8.000,0.105,0.180
221.8711,45.000,561.243,545.243,8.000,0.030,0.180
221.9801,45.000,561.500,545.500,8.000,0.009,0.180
222.0778,45.000,561.719,545.719,8.000,0.002,0.180
222.1744,45.000,561.905,545.905,8.000,0.001,0.180
222.2707,45.000,562.063,546.063,8.000,0.000,0.180
222.3797,45.000,562.197,546.197,8.000,0.000,0.180
222.4806,45.000,562.311,546.311,8.000,0.000,0.180
222.5791,45.000,562.408,546.408,8.000,0.000,0.180
222.6763,45.000,562.491,546.491,8.000,0.000,0.180
222.7743,45.000,562.561,546.561,8.000,0.000,0.180
222.8746,44.000,561.181,545.181,8.000,-1.286,0.180
222.9707,44.000,561.507,545.507,8.000,-0.367,0.180
223.0777,44.000,561.785,545.785,8.000,-0.105,0.180
223.1750,44.000,562.021,546.021,8.000,-0.030,0.180
223.2726,44.000,562.221,546.221,8.000,-0.009,0.180
223.3742,43.000,560.952,544.952,8.000,-1.288,0.180
223.4727,43.000,561.373,545.373,8.000,-0.368,0.180
223.5716,43.000,561.731,545.731,8.000,-0.105,0.180
223.6799,42.000,560.595,544.595,8.000,-1.316,0.180
223.7774,42.000,561.129,545.129,8.000,-0.376,0.180
223.8775,41.000,560.144,544.144,8.000,-1.393,0.180
223.9738,41.000,560.806,544.806,8.000,-0.398,0.180
224.0722,40.000,559.929,543.929,8.000,-1.399,0.180
224.1709,40.000,560.683,544.683,8.000,-0.400,0.180
224.2788,39.000,559.884,543.884,8.000,-1.400,0.180
224.3757,38.000,559.266,543.266,8.000,-1.686,0.180
224.4751,38.000,560.239,544.239,8.000,-0.482,0.180
224.5729,37.000,559.627,543.627,8.000,-1.423,0.180
224.6811,37.000,560.607,544.607,8.000,-0.407,0.180
224.7703,36.000,560.000,544.000,8.000,-1.402,0.180
224.8791,36.000,560.983,544.983,8.000,-0.401,0.180
224.9777,35.000,560.380,544.380,8.000,-1.400,0.180
225.0758,34.000,559.926,543.926,8.000,-1.686,0.180
225.1755,34.000,561.041,545.041,8.000,-0.482,0.180
225.2725,34.000,561.989,545.989,8.000,-0.138,0.180
225.3801,33.000,561.354,545.354,8.000,-1.325,0.180
225.4785,33.000,562.315,546.315,8.000,-0.379,0.180
225.5739,32.000,561.691,545.691,8.000,-1.394,0.180
225.6716,32.000,562.661,546.661,8.000,-0.398,0.180
225.7795,31.000,562.046,546.046,8.000,-1.400,0.180
225.8759,31.000,563.023,547.023,8.000,-0.400,0.180
225.9747,29.000,560.973,544.973,8.000,-2.686,0.180
226.0735,27.000,558.952,543.750,7.601,-3.339,0.180
226.1736,25.000,556.606,543.578,6.514,-3.525,0.180
226.2804,23.000,554.703,543.581,5.561,-3.579,0.180
226.3784,21.000,553.100,543.809,4.646,-3.594,0.180
226.4775,20.000,554.907,543.953,5.477,-2.313,0.180
226.5740,18.000,552.553,545.206,3.674,-3.232,0.180
226.6726,16.000,551.056,546.006,2.525,-3.495,0.180
226.7798,15.000,553.094,546.496,3.299,-2.284,0.180
226.8769,13.000,550.961,548.018,1.471,-3.224,0.180
226.9762,13.000,556.016,548.444,3.786,-0.921,0.180
227.0742,12.000,555.838,550.400,2.719,-1.549,0.180
227.1743,11.000,556.034,551.836,2.099,-1.728,0.180
227.2711,10.000,556.296,553.081,1.607,-1.780,0.180
227.3802,10.000,559.716,553.942,2.887,-0.508,0.180
227.4776,9.000,558.731,555.686,1.523,-1.431,0.180
227.5776,8.000,558.407,556.774,0.816,-1.695,0.180
227.6760,7.000,558.273,557.679,0.297,-1.770,0.180
227.7732,6.000,558.195,558.532,-0.169,-1.791,0.180
227.8711,6.000,561.309,559.076,1.116,-0.512,0.180
227.9696,5.000,560.058,560.557,-0.249,-1.432,0.180
228.0768,5.000,562.683,561.127,0.778,-0.409,0.180
228.1739,4.000,561.161,562.485,-0.662,-1.403,0.180
228.2713,3.000,560.420,563.206,-1.393,-1.686,0.180
228.3715,3.000,563.119,563.491,-0.186,-0.482,0.180
228.4698,2.000,561.558,564.709,-1.575,-1.423,0.180
228.5702,2.000,563.930,565.044,-0.557,-0.407,0.180
228.6794,2.000,565.373,565.902,-0.265,-0.116,0.180
228.7770,1.000,563.259,567.092,-1.917,-1.319,0.180
228.8747,1.000,565.310,567.257,-0.974,-0.377,0.180
228.9727,-0.000,563.344,568.224,-2.440,-1.393,0.180
229.0722,-0.000,565.416,568.305,-1.445,-0.398,0.180
229.1801,-0.000,566.615,568.936,-1.160,-0.114,0.180
229.2747,-1.000,564.177,569.808,-2.816,-1.318,0.180
229.3740,-1.000,565.952,569.703,-1.875,-0.377,0.180
229.4703,-2.000,563.633,570.321,-3.344,-1.393,0.180
229.5783,-3.000,562.107,570.281,-4.087,-1.684,0.180
229.6783,-4.000,560.845,570.092,-4.623,-1.767,0.180
229.7767,-5.000,559.691,569.894,-5.102,-1.791,0.180
229.8761,-4.000,562.187,566.368,-2.091,0.774,0.180
229.9741,-4.000,562.692,567.986,-2.647,0.221,0.180
230.0728,-4.000,563.433,569.051,-2.809,0.063,0.180
253.7937,-3.000,-88.519,118.201,-103.360,-94.957,0.320
253.8696,-3.000,1.644,57.672,-28.014,-19.594,0.320
253.9670,-3.000,32.159,57.120,-12.480,-4.043,0.320
254.0685,-3.000,50.473,69.049,-9.288,-0.834,0.320
254.1694,-3.000,66.359,83.644,-8.643,-0.172,0.320
254.2668,-3.000,81.821,98.866,-8.523,-0.036,0.320
254.3746,-3.000,97.260,114.283,-8.511,-0.007,0.320
254.4728,-3.000,112.750,129.795,-8.522,-0.002,0.320
254.5710,-4.000,112.017,157.815,-22.899,-11.556,0.320
254.6692,-4.000,136.650,164.150,-13.750,-2.385,0.320
254.7664,-4.000,154.068,177.829,-11.880,-0.492,0.320
254.8738,-4.000,170.040,193.065,-11.512,-0.102,0.320
254.9715,-4.000,185.749,208.657,-11.454,-0.021,0.320
255.0703,-4.000,201.434,224.353,-11.460,-0.004,0.320
255.1690,-4.000,217.139,240.096,-11.479,-0.001,0.320
255.2685,-4.000,232.870,255.871,-11.500,-0.000,0.320
255.3661,-3.000,261.906,256.229,2.839,11.556,0.320
255.4747,-3.000,269.098,281.797,-6.349,2.384,0.320
255.5727,-3.000,283.499,300.016,-8.259,0.492,0.320
255.6699,-3.000,299.343,316.674,-8.666,0.102,0.320
255.7697,-3.000,315.446,332.973,-8.763,0.021,0.320
255.8674,-3.000,331.571,349.164,-8.797,0.004,0.320
255.9658,-3.000,347.672,365.306,-8.817,0.001,0.320
256.0743,-3.000,363.745,381.414,-8.834,0.000,0.320
256.1727,-3.000,379.793,397.495,-8.851,0.000,0.320
256.2702,-3.000,395.818,413.554,-8.868,0.000,0.320
256.3665,-3.000,411.824,429.594,-8.885,0.000,0.320
256.4735,-3.000,427.814,445.618,-8.902,0.000,0.320
256.5709,-3.000,443.791,461.628,-8.919,0.000,0.320
256.6678,-4.000,443.474,490.067,-23.297,-11.556,0.320
256.7649,-4.000,468.463,496.758,-14.148,-2.384,0.320
256.8719,-2.000,512.746,479.857,16.445,22.619,0.320
256.9699,-2.000,511.808,514.845,-1.518,4.667,0.320
257.0684,-3.000,508.670,547.860,-19.595,-10.592,0.320
257.1645,-3.000,533.644,556.055,-11.205,-2.186,0.320
257.2726,-3.000,551.847,570.821,-9.487,-0.451,0.320
257.3692,-3.000,568.587,586.879,-9.146,-0.093,0.320
257.4690,-3.000,584.971,603.149,-9.089,-0.019,0.320
257.5704,-4.000,584.953,631.856,-23.452,-11.560,0.320
257.6692,-4.000,610.185,638.785,-14.300,-2.385,0.320
257.7663,-5.000,611.831,665.411,-26.790,-12.048,0.320
257.8734,-5.000,637.267,671.780,-17.257,-2.486,0.320
257.9707,-6.000,638.836,698.181,-29.673,-12.069,0.320
258.0677,-6.000,664.155,704.411,-20.128,-2.490,0.320
258.1682,-6.000,681.893,718.263,-18.185,-0.514,0.320
258.2658,-7.000,681.799,746.144,-32.172,-11.662,0.320
258.3740,-7.000,706.712,752.624,-22.956,-2.406,0.320
258.4702,-8.000,708.031,778.925,-35.447,-12.052,0.320
258.5673,-8.000,733.177,785.030,-25.926,-2.487,0.320
258.6652,-8.000,750.775,798.770,-23.997,-0.513,0.320
258.7733,-9.000,750.562,826.554,-37.996,-11.661,0.320
258.8719,-9.000,775.372,832.955,-28.791,-2.406,0.320
258.9685,-9.000,792.884,846.748,-26.932,-0.497,0.320
259.0662,-9.000,808.919,862.095,-26.588,-0.102,0.320
259.1651,-10.000,808.394,890.231,-40.918,-11.577,0.320
259.2645,-10.000,833.147,896.720,-31.787,-2.389,0.320
259.3737,-11.000,834.372,922.987,-44.308,-12.048,0.320
259.4639,-12.000,843.162,941.499,-49.168,-14.042,0.320
259.5710,-12.000,869.730,945.913,-38.091,-2.898,0.320
259.6673,-12.000,887.517,959.235,-35.859,-0.598,0.320
259.7658,-13.000,887.252,986.877,-49.813,-11.679,0.320
259.8638,-13.000,911.971,993.204,-40.616,-2.410,0.320
259.9716,-14.000,913.111,1019.387,-53.138,-12.053,0.320
260.0689,-13.000,951.379,1009.958,-29.289,9.068,0.320
260.1658,-14.000,928.057,1029.898,-50.920,-9.684,0.320
260.2680,-13.000,949.008,1006.911,-28.952,9.557,0.320
260.3645,-13.000,941.985,1015.204,-36.610,1.972,0.320
260.4636,-13.000,940.887,1017.382,-38.248,0.407,0.320
260.5729,-13.000,940.950,1018.236,-38.643,0.084,0.320
260.6691,-13.000,941.200,1018.766,-38.783,0.017,0.320
260.7664,-12.000,954.726,1003.743,-24.508,11.559,0.320
260.8654,-12.000,946.349,1013.847,-33.749,2.385,0.320
260.9632,-12.000,945.123,1016.542,-35.710,0.492,0.320
261.0709,-12.000,945.289,1017.624,-36.167,0.102,0.320
261.1689,-13.000,929.390,1030.743,-50.676,-11.535,0.320
261.2670,-12.000,952.072,1006.539,-27.234,9.175,0.320
261.3654,-12.000,945.576,1014.741,-34.583,1.893,0.320
261.4634,-12.000,944.731,1017.036,-36.153,0.391,0.320
261.5706,-12.000,944.970,1018.030,-36.530,0.081,0.320
261.6696,-12.000,945.363,1018.685,-36.661,0.017,0.320
261.7673,-12.000,945.728,1019.211,-36.742,0.003,0.320
261.8650,-11.000,959.317,1004.218,-22.450,11.556,0.320
261.9646,-10.000,964.269,998.914,-17.322,13.940,0.320
262.0651,-10.000,954.500,1011.384,-28.442,2.877,0.320
262.1643,-10.000,953.308,1014.870,-30.781,0.594,0.320
262.2722,-9.000,967.038,1000.932,-16.947,11.678,0.320
262.3697,-8.000,972.411,996.220,-11.904,13.965,0.320
262.4672,-8.000,963.065,1009.130,-23.033,2.882,0.320
262.5671,-7.000,975.528,997.535,-11.004,12.150,0.320
262.6639,-6.000,980.996,993.645,-6.325,14.063,0.320
262.7727,-5.000,985.254,991.569,-3.158,14.457,0.320
262.8710,-4.000,989.460,990.058,-0.299,14.539,0.320
262.9674,-4.000,980.544,1004.264,-11.860,3.000,0.320
263.0654,-4.000,980.389,1008.916,-14.263,0.619,0.320
263.1626,-4.000,981.786,1011.340,-14.777,0.128,0.320
263.2717,-4.000,983.287,1013.089,-14.901,0.026,0.320
263.3706,-4.000,984.624,1014.513,-14.944,0.005,0.320
263.4684,-4.000,985.771,1015.713,-14.971,0.001,0.320
263.5637,-4.000,986.745,1016.734,-14.994,0.000,0.320
263.6721,-3.000,1000.852,1002.163,-0.656,11.556,0.320
263.7698,-3.000,992.967,1012.654,-9.844,2.384,0.320
263.8706,-2.000,1005.446,1000.229,2.608,12.048,0.320
263.9675,-2.000,997.396,1011.325,-6.965,2.486,0.320
264.0685,-1.000,1009.988,999.163,5.412,12.069,0.320
264.1653,-1.000,1002.087,1010.430,-4.171,2.490,0.320
264.2632,-0.000,1014.816,998.401,8.208,12.069,0.320
264.3726,-0.000,1007.035,1009.777,-1.371,2.491,0.320
264.4708,1.000,1019.027,997.001,11.013,12.069,0.320
264.5695,1.000,1010.621,1007.741,1.440,2.491,0.320
264.6672,2.000,1022.083,994.422,13.830,12.069,0.320
264.7656,3.000,1025.667,988.420,18.624,14.046,0.320
264.8642,4.000,1027.450,983.742,21.854,14.454,0.320
264.9620,5.000,1028.711,979.179,24.766,14.538,0.320
265.0704,5.000,1017.298,990.787,13.256,3.000,0.320
265.1683,6.000,1027.469,976.941,25.264,12.175,0.320
265.2651,6.000,1017.778,986.508,15.635,2.512,0.320
265.3630,7.000,1028.207,972.134,28.036,12.074,0.320
265.4732,7.000,1018.487,981.501,18.493,2.491,0.320
265.5711,7.000,1016.398,983.289,16.555,0.514,0.320
265.6680,8.000,1028.343,967.249,30.547,11.662,0.320
265.7662,8.000,1018.892,976.219,21.337,2.406,0.320
265.8637,7.000,1001.381,991.161,5.110,-11.059,0.320
265.9629,7.000,1010.606,982.753,13.927,-2.282,0.320
266.0706,7.000,1012.803,981.249,15.777,-0.471,0.320
266.1676,7.000,1013.511,981.131,16.190,-0.097,0.320
266.2644,7.000,1013.878,981.266,16.306,-0.020,0.320
266.3733,7.000,1014.146,981.424,16.361,-0.004,0.320
266.4618,7.000,1014.370,981.562,16.404,-0.001,0.320
266.5617,7.000,1014.564,981.676,16.444,-0.000,0.320
266.6616,7.000,1014.734,981.768,16.483,-0.000,0.320
266.7695,7.000,1014.884,981.840,16.522,-0.000,0.320
266.8673,7.000,1015.018,981.895,16.561,-0.000,0.320
266.9659,7.000,1015.138,981.936,16.601,-0.000,0.320
267.0656,7.000,1015.245,981.966,16.640,-0.000,0.320
267.1639,6.000,999.901,995.266,2.318,-11.556,0.320
267.2622,6.000,1009.737,986.692,11.523,-2.384,0.320
267.3704,5.000,996.759,998.584,-0.913,-12.048,0.320
267.4698,6.000,1019.828,973.751,23.038,9.070,0.320
267.5673,5.000,997.973,994.947,1.513,-9.684,0.320
267.6639,6.000,1019.347,972.172,23.587,9.557,0.320
267.7725,5.000,997.260,993.910,1.675,-9.583,0.320
267.8713,5.000,1006.245,987.627,9.309,-1.978,0.320
267.9719,5.000,1008.991,987.178,10.906,-0.408,0.320
268.0678,5.000,1010.319,987.803,11.258,-0.084,0.320
268.1630,4.000,995.802,1001.819,-3.008,-11.573,0.320
268.2625,4.000,1006.297,993.899,6.199,-2.388,0.320
268.3710,4.000,1009.309,993.075,8.117,-0.493,0.320
268.4690,3.000,995.211,1006.873,-5.831,-11.657,0.320
268.5663,3.000,1005.852,998.977,3.438,-2.405,0.320
268.6635,3.000,1008.945,998.218,5.363,-0.496,0.320
268.7616,3.000,1010.347,998.799,5.774,-0.102,0.320
268.8707,3.000,975.709,1004.012,5.451,-0.022,0.180
268.9672,3.000,944.498,1005.437,5.484,-0.005,0.180
269.0661,2.000,905.510,1011.932,-3.671,-6.569,0.180
269.1642,2.000,884.772,1003.276,1.526,-1.383,0.180
269.2628,2.000,861.754,996.536,2.628,-0.291,0.180
269.3716,1.000,829.042,996.778,-6.305,-6.630,0.180
269.4700,-0.000,803.119,990.926,-10.240,-7.964,0.180
269.5666,-1.000,779.167,982.496,-13.126,-8.245,0.180
269.6613,-1.000,767.189,965.174,-6.622,-1.736,0.180
269.7688,-2.000,739.794,959.289,-14.430,-6.934,0.180
269.8654,-2.000,728.033,940.988,-8.966,-1.460,0.180
269.9629,-2.000,712.459,926.235,-7.824,-0.307,0.180
270.0720,-3.000,685.432,919.109,-16.766,-6.633,0.180
270.1723,-3.000,674.704,899.032,-11.545,-1.396,0.180
270.2718,-3.000,660.158,882.619,-10.458,-0.294,0.180
270.3674,-3.000,645.010,866.677,-10.241,-0.062,0.180
270.4655,-4.000,618.934,857.952,-19.382,-6.581,0.180
270.5618,-5.000,598.164,843.767,-23.380,-7.954,0.180
270.6705,-5.000,589.586,820.858,-17.127,-1.675,0.180
270.7709,-5.000,576.199,802.707,-15.831,-0.353,0.180
270.8701,-6.000,550.920,792.803,-24.752,-6.643,0.180
270.9675,-7.000,530.680,777.764,-28.713,-7.967,0.180
271.0657,-8.000,511.546,761.536,-31.633,-8.246,0.180
271.1616,-9.000,492.683,744.967,-34.339,-8.304,0.180
271.2683,-11.000,462.934,735.623,-46.177,-14.885,0.180
271.3660,-12.000,449.355,713.599,-43.656,-9.702,0.180
271.4631,-13.000,431.717,695.600,-45.232,-8.611,0.180
271.5614,-15.000,402.272,685.778,-56.849,-14.950,0.180
271.6695,-16.000,404.397,679.733,-54.298,-9.716,0.180
271.7690,-17.000,402.149,678.049,-55.885,-8.614,0.180
271.8675,-19.000,387.851,684.805,-67.520,-14.950,0.180
271.9668,-20.000,389.422,679.223,-64.886,-9.716,0.180
272.0641,-21.000,386.720,677.916,-66.384,-8.614,0.180
272.1630,-23.000,372.061,684.967,-77.920,-14.950,0.180
272.2699,-23.000,384.209,672.352,-66.117,-3.147,0.180
272.3681,-24.000,376.019,676.546,-72.801,-7.231,0.180
272.4649,-24.000,381.947,670.220,-67.092,-1.522,0.180
272.5631,-26.000,361.398,683.231,-84.227,-13.457,0.180
272.6611,-26.000,372.121,672.102,-73.603,-2.833,0.180
272.7707,-27.000,363.473,676.804,-80.535,-7.165,0.180
272.8694,-27.000,369.171,670.752,-74.878,-1.508,0.180
272.9698,-27.000,370.397,669.225,-73.687,-0.318,0.180
273.0604,-28.000,359.709,676.057,-82.605,-6.635,0.180
273.1674,-28.000,364.942,670.546,-77.367,-1.397,0.180
273.2648,-29.000,355.073,676.580,-85.432,-6.863,0.180
273.3632,-29.000,360.457,670.935,-80.015,-1.445,0.180
273.4699,-29.000,361.569,669.602,-78.874,-0.304,0.180
273.5657,-30.000,350.817,676.566,-87.802,-6.632,0.180
273.6640,-30.000,356.003,671.160,-82.566,-1.396,0.180
273.7620,-31.000,346.094,677.282,-90.632,-6.862,0.180
273.8608,-31.000,351.445,671.712,-85.215,-1.445,0.180
273.9679,-31.000,352.529,670.442,-84.074,-0.304,0.180
274.0641,-31.000,352.721,670.092,-83.834,-0.064,0.180
274.1613,-31.000,352.731,669.948,-83.783,-0.013,0.180
274.2708,-30.000,360.675,659.489,-74.604,6.566,0.180
274.3671,-30.000,355.942,665.085,-79.788,1.382,0.180
274.4639,-30.000,355.234,666.527,-80.879,0.291,0.180
274.5628,-30.000,355.330,667.054,-81.109,0.061,0.180
274.6605,-29.000,363.526,656.987,-71.989,6.581,0.180
274.7695,-29.000,359.046,662.878,-77.184,1.386,0.180
274.8680,-29.000,358.560,664.563,-78.278,0.292,0.180
274.9657,-29.000,358.846,665.296,-78.509,0.061,0.180
275.0645,-28.000,367.205,655.403,-69.389,6.581,0.180
275.1624,-28.000,362.863,661.442,-74.584,1.386,0.180
275.2603,-27.000,370.463,652.884,-66.510,6.860,0.180
275.3681,-27.000,366.143,659.388,-71.926,1.444,0.180
275.4682,-26.000,373.904,651.086,-63.897,6.872,0.180
275.5700,-25.000,377.719,647.410,-60.155,8.015,0.180
275.6669,-25.000,372.952,655.295,-66.482,1.687,0.180
275.7658,-24.000,380.916,647.582,-58.646,6.924,0.180
275.8639,-22.000,392.995,633.916,-45.775,14.594,0.180
275.9711,-22.000,383.800,647.762,-57.297,3.073,0.180
276.0684,-20.000,399.289,631.426,-41.386,13.784,0.180
276.1651,-19.000,398.918,634.677,-43.198,9.470,0.180
276.2611,-18.000,402.041,634.602,-41.600,8.562,0.180
276.3693,-17.000,405.958,633.877,-39.280,8.371,0.180
276.4665,-16.000,410.091,633.056,-36.803,8.331,0.180
276.5655,-14.000,422.286,621.876,-25.116,14.891,0.180
276.6618,-13.000,421.863,626.762,-27.771,9.703,0.180
276.7697,-12.000,425.506,627.513,-26.325,8.611,0.180
276.8663,-10.000,437.960,616.993,-14.839,14.950,0.180
276.9635,-9.000,437.902,622.296,-17.520,9.716,0.180
277.0610,-7.000,449.861,612.994,-6.890,15.182,0.180
277.1590,-6.000,449.942,618.773,-9.738,9.765,0.180
277.2676,-5.000,454.166,620.129,-8.305,8.624,0.180
277.3641,-4.000,459.177,620.461,-5.966,8.384,0.180
277.4612,-4.000,456.308,630.872,-12.606,1.765,0.180
277.5692,-3.000,466.073,625.118,-4.846,6.940,0.180
277.6672,-2.000,471.756,623.443,-1.167,8.029,0.180
277.7672,-2.000,468.611,632.996,-7.517,1.690,0.180
277.8660,-2.000,469.989,637.064,-8.862,0.356,0.180
277.9652,-1.000,479.986,629.297,0.021,6.643,0.180
278.0615,-1.000,477.184,636.994,-5.229,1.399,0.180
278.1595,-1.000,478.155,640.184,-6.339,0.294,0.180
278.2693,-1.000,479.686,642.190,-6.576,0.062,0.180
278.3669,-1.000,481.135,643.747,-6.630,0.013,0.180
278.4650,-1.000,482.397,645.040,-6.646,0.003,0.180
278.5635,-0.000,491.449,635.760,2.520,6.569,0.180
278.6611,1.000,495.040,631.375,6.508,7.951,0.180
278.7681,1.000,489.930,638.810,0.236,1.674,0.180
278.8637,2.000,496.976,630.141,8.093,6.921,0.180
278.9645,3.000,499.706,625.431,11.813,8.025,0.180
279.0636,3.000,494.044,632.410,5.493,1.690,0.180
279.1617,4.000,500.659,623.314,13.348,6.924,0.180
279.2693,5.000,503.033,618.232,17.076,8.026,0.180
279.3682,6.000,504.445,613.917,19.939,8.258,0.180
279.4653,7.000,505.597,609.699,22.625,8.307,0.180
279.5636,7.000,499.272,616.417,16.103,1.749,0.180
279.6612,8.000,505.468,606.955,23.932,6.937,0.180
279.7613,8.000,500.145,612.501,18.498,1.460,0.180
279.8701,9.000,506.503,602.734,26.560,6.876,0.180
279.9670,9.000,501.172,608.167,21.178,1.448,0.180
280.0644,9.000,500.120,609.306,20.082,0.305,0.180
280.1622,9.000,499.963,609.537,19.889,0.064,0.180
280.2600,8.000,489.617,617.545,10.711,-6.555,0.180
280.3686,8.000,495.340,612.835,15.928,-1.380,0.180
280.4671,8.000,496.901,612.135,17.059,-0.291,0.180
280.5646,8.000,497.538,612.230,17.330,-0.061,0.180
280.6645,8.000,497.939,612.451,17.420,-0.013,0.180
280.7614,8.000,498.256,612.664,17.471,-0.003,0.180
280.8601,8.000,498.524,612.845,17.515,-0.001,0.180
280.9701,8.000,498.757,612.994,17.557,-0.000,0.180
281.0698,7.000,488.588,621.088,8.425,-6.568,0.180
281.1662,7.000,494.428,616.484,13.647,-1.383,0.180
281.2657,6.000,485.708,623.855,5.602,-6.860,0.180
281.3646,6.000,492.081,619.335,11.048,-1.444,0.180
281.4597,6.000,494.040,618.951,12.220,-0.304,0.180
281.5671,5.000,484.607,627.323,3.317,-6.632,0.180
281.6683,5.000,490.918,623.110,8.579,-1.396,0.180
281.7641,5.000,492.938,622.873,9.708,-0.294,0.180
281.8634,5.000,493.954,623.373,9.966,-0.062,0.180
281.9621,4.000,484.299,631.916,0.867,-6.581,0.180
282.0590,4.000,490.543,627.727,6.084,-1.386,0.180
282.1664,3.000,482.158,635.460,-1.975,-6.860,0.180
282.2636,2.000,478.438,639.224,-5.717,-8.013,0.180
282.3610,1.000,475.920,642.381,-8.555,-8.255,0.180
282.4607,-0.000,473.840,645.603,-11.206,-8.306,0.180
282.5696,-1.000,471.410,648.404,-13.822,-8.317,0.180
282.6663,-2.000,468.655,650.875,-16.435,-8.319,0.180
282.7632,-2.000,476.591,645.696,-9.877,-1.751,0.180
282.8603,-3.000,468.162,652.870,-17.678,-6.937,0.180
282.9675,-4.000,463.616,655.749,-21.391,-8.029,0.180
283.0651,-5.000,459.751,657.596,-24.247,-8.259,0.180
283.1632,-5.000,466.888,651.745,-17.753,-1.739,0.180
283.2596,-6.000,457.807,658.318,-25.580,-6.934,0.180
283.3658,-6.000,463.685,653.309,-20.136,-1.460,0.180
283.4628,-7.000,454.202,659.930,-28.188,-6.876,0.180
283.5591,-8.000,448.904,662.196,-31.970,-8.016,0.180
283.6662,-9.000,444.429,663.494,-34.857,-8.256,0.180
283.7652,-10.000,440.076,664.546,-37.560,-8.307,0.180
283.8631,-11.000,435.705,665.511,-40.227,-8.317,0.180
283.9621,-12.000,431.293,666.428,-42.892,-8.319,0.180
284.0611,-12.000,437.813,659.937,-36.387,-1.751,0.180
284.1587,-13.000,428.172,666.003,-44.240,-6.937,0.180
284.2691,-14.000,422.588,667.948,-48.004,-8.029,0.180
284.3681,-14.000,428.808,661.636,-41.739,-1.690,0.180
284.4685,-15.000,419.056,667.708,-49.651,-6.924,0.180
284.5644,-15.000,424.381,662.256,-44.262,-1.458,0.180
284.6640,-15.000,425.400,661.129,-43.189,-0.307,0.180
284.7624,-15.000,425.518,660.919,-43.025,-0.065,0.180
284.8596,-16.000,414.478,668.281,-52.226,-6.582,0.180
284.9577,-16.000,419.528,663.104,-47.112,-1.386,0.180
285.0667,-16.000,420.485,662.040,-46.102,-0.292,0.180
285.1647,-16.000,420.587,661.847,-45.955,-0.061,0.180
285.2626,-16.000,420.513,661.843,-45.989,-0.013,0.180
285.3594,-16.000,420.407,661.883,-46.062,-0.003,0.180
285.4678,-16.000,420.298,661.936,-46.143,-0.001,0.180
285.5659,-16.000,420.192,661.995,-46.226,-0.000,0.180
285.6631,-16.000,420.088,662.058,-46.309,-0.000,0.180
285.7630,-16.000,419.988,662.124,-46.392,-0.000,0.180
285.8599,-16.000,419.890,662.192,-46.476,-0.000,0.180
285.9681,-16.000,419.794,662.263,-46.559,-0.000,0.180
286.0665,-16.000,419.701,662.336,-46.642,-0.000,0.180
286.1645,-16.000,419.609,662.410,-46.725,-0.000,0.180
286.2618,-17.000,408.544,669.859,-55.982,-6.568,0.180
286.3622,-17.000,413.605,664.725,-50.885,-1.383,0.180
286.4615,-17.000,414.577,663.691,-49.881,-0.291,0.180
286.5581,-16.000,422.666,653.150,-40.566,6.507,0.180
286.6652,-17.000,406.929,666.201,-54.960,-5.198,0.180
286.7654,-16.000,419.278,652.171,-41.771,5.474,0.180
286.8635,-16.000,415.658,657.361,-46.176,1.152,0.180
286.9618,-16.000,415.332,659.021,-47.169,0.243,0.180
287.0613,-16.000,415.625,659.863,-47.444,0.051,0.180
287.1609,-15.000,423.957,650.095,-38.394,6.579,0.180
287.2593,-15.000,419.575,656.257,-43.666,1.385,0.180
287.3579,-14.000,427.133,647.811,-35.664,6.860,0.180
287.4634,-14.000,422.767,654.423,-41.152,1.444,0.180
287.5609,-14.000,422.509,656.590,-42.365,0.304,0.180
287.6619,-13.000,430.981,647.341,-33.504,6.632,0.180
287.7592,-13.000,426.847,653.814,-38.808,1.396,0.180
287.8575,-12.000,434.645,645.605,-30.804,6.862,0.180
287.9648,-12.000,430.490,652.410,-36.284,1.445,0.180
288.0628,-11.000,438.387,644.365,-28.314,6.873,0.180
288.1679,-10.000,442.315,640.912,-24.623,8.015,0.180
288.2657,-10.000,437.637,648.994,-31.003,1.687,0.180
288.3621,-9.000,445.673,641.451,-23.213,6.924,0.180
288.4615,-8.000,449.843,638.299,-19.553,8.026,0.180
288.5600,-7.000,453.372,636.237,-16.757,8.258,0.180
288.6679,-7.000,448.939,644.916,-23.313,1.739,0.180
288.7640,-6.000,457.308,637.756,-15.548,6.934,0.180
288.8619,-6.000,453.816,645.275,-21.054,1.460,0.180
288.9576,-5.000,462.318,637.797,-13.064,6.876,0.180
289.0657,-4.000,466.772,634.813,-9.345,8.016,0.180
289.1619,-4.000,462.548,643.287,-15.694,1.688,0.180
289.2592,-3.000,470.975,636.073,-7.873,6.924,0.180
289.3657,-2.000,475.482,633.196,-4.181,8.026,0.180
289.4626,-1.000,479.302,631.362,-1.355,8.258,0.180
289.5593,-1.000,475.121,640.231,-7.879,1.739,0.180
289.6672,-0.000,483.709,633.227,-0.083,6.934,0.180
289.7637,-0.000,480.408,640.875,-5.558,1.460,0.180
289.8607,-0.000,481.103,643.875,-6.711,0.307,0.180
289.9569,1.000,489.804,634.715,2.220,6.633,0.180
290.0650,1.000,485.878,641.251,-3.011,1.396,0.180
290.1642,1.000,485.890,643.457,-4.108,0.294,0.180
290.2639,1.000,486.605,644.627,-4.335,0.062,0.180
290.3608,1.000,487.363,645.472,-4.379,0.013,0.180
290.4560,1.000,488.039,646.158,-4.384,0.003,0.180
290.5625,2.000,495.995,635.760,4.793,6.569,0.180
290.6641,3.000,498.655,630.425,8.791,7.951,0.180
290.7619,3.000,492.756,637.049,2.529,1.674,0.180
290.8591,4.000,499.132,627.690,10.397,6.921,0.180
290.9680,5.000,501.295,622.391,14.127,8.025,0.180
291.0653,5.000,495.152,628.869,7.817,1.690,0.180
291.1632,5.000,493.986,630.319,6.509,0.356,0.180
291.2618,5.000,493.852,630.694,6.255,0.075,0.180
291.3594,5.000,493.922,630.830,6.221,0.016,0.180
291.4572,5.000,494.023,630.904,6.235,0.003,0.180
291.5655,4.000,483.747,638.928,-2.915,-6.568,0.180
291.6653,3.000,479.122,642.239,-6.883,-7.951,0.180
291.7616,3.000,486.357,636.888,-0.590,-1.674,0.180
291.8597,3.000,488.494,636.351,0.747,-0.352,0.180
291.9578,2.000,479.095,644.712,-8.133,-6.643,0.180
292.0565,2.000,485.407,640.515,-2.878,-1.398,0.180
292.1564,1.000,477.048,648.274,-10.938,-6.863,0.180
292.2635,1.000,483.716,644.095,-5.514,-1.445,0.180
292.3653,1.000,485.919,644.007,-4.368,-0.304,0.180
292.4663,1.000,487.064,644.661,-4.123,-0.064,0.180
292.5651,1.000,487.884,645.370,-4.067,-0.013,0.180
292.6653,1.000,488.550,646.004,-4.052,-0.003,0.180
292.7636,1.000,489.109,646.549,-4.044,-0.001,0.180
292.8612,1.000,489.584,647.012,-4.038,-0.000,0.180
292.9586,2.000,497.362,636.432,5.140,6.568,0.180
293.0559,2.000,492.496,641.917,-0.035,1.383,0.180
293.1645,2.000,491.678,643.261,-1.116,0.291,0.180
293.2615,3.000,499.055,632.730,7.838,6.630,0.180
293.3613,3.000,493.997,638.108,2.620,1.396,0.180
293.4583,3.000,493.046,639.330,1.534,0.294,0.180
293.5578,3.000,492.945,639.662,1.317,0.062,0.180
293.6659,4.000,500.384,628.820,10.458,6.581,0.180
293.7634,4.000,495.262,634.049,5.282,1.386,0.180
293.8618,4.000,494.235,635.167,4.209,0.292,0.180
293.9597,4.000,494.064,635.415,4.000,0.061,0.180
294.0571,4.000,494.069,635.476,3.972,0.013,0.180
294.1564,4.000,494.107,635.493,3.983,0.003,0.180
294.2653,5.000,501.523,624.524,13.175,6.569,0.180
294.3637,4.000,485.980,637.648,-1.159,-5.185,0.180
294.4618,4.000,490.566,634.005,2.956,-1.092,0.180
294.5582,3.000,481.476,641.497,-5.335,-6.798,0.180
294.6660,3.000,487.679,636.935,0.048,-1.431,0.180
294.7625,2.000,479.149,644.461,-7.980,-6.870,0.180
294.8600,2.000,485.656,640.100,-2.547,-1.446,0.180
294.9571,1.000,477.346,647.834,-10.568,-6.873,0.180
295.0649,1.000,484.033,643.658,-5.137,-1.447,0.180
295.1651,-0.000,475.874,651.551,-13.163,-6.873,0.180
295.2629,-0.000,482.687,647.512,-7.737,-1.447,0.180
295.3589,-1.000,474.034,654.922,-15.768,-6.873,0.180
295.4659,-2.000,469.454,657.846,-19.521,-8.015,0.180
295.5649,-2.000,476.567,652.325,-13.203,-1.687,0.180
295.6636,-3.000,467.592,659.054,-21.055,-6.924,0.180
295.7624,-4.000,462.614,661.522,-24.778,-8.026,0.180
295.8601,-4.000,469.363,655.640,-18.463,-1.690,0.180
295.9590,-6.000,449.098,669.443,-35.497,-13.493,0.180
296.0573,-6.000,459.972,659.075,-24.876,-2.841,0.180
296.1554,-7.000,451.425,664.453,-31.838,-7.166,0.180
296.2644,-7.000,457.199,658.984,-26.217,-1.509,0.180
296.3604,-8.000,447.510,665.333,-34.236,-6.886,0.180
296.4574,-8.000,452.985,660.019,-28.841,-1.450,0.180
296.5560,-8.000,454.157,658.984,-27.738,-0.305,0.180
296.6653,-8.000,454.414,658.843,-27.539,-0.064,0.180
296.7646,-8.000,454.473,658.884,-27.530,-0.014,0.180
296.8635,-9.000,443.510,666.330,-36.734,-6.571,0.180
296.9641,-9.000,448.657,661.195,-31.593,-1.383,0.180
297.0612,-10.000,438.734,667.528,-39.722,-6.860,0.180
297.1593,-10.000,444.071,662.139,-34.358,-1.444,0.180
297.2557,-10.000,445.137,661.028,-33.270,-0.304,0.180
297.3637,-11.000,434.333,668.195,-42.256,-6.632,0.180
297.4638,-11.000,439.466,662.970,-37.077,-1.396,0.180
297.5625,-10.000,448.446,651.513,-26.858,6.274,0.180
297.6629,-10.000,443.887,656.965,-31.863,1.321,0.180
297.7615,-10.000,443.172,658.440,-32.958,0.278,0.180
297.8592,-9.000,451.197,648.661,-24.056,6.627,0.180
297.9684,-9.000,446.673,654.694,-29.335,1.395,0.180
298.0572,-8.000,454.140,646.109,-21.309,6.862,0.180
298.1642,-7.000,457.679,642.220,-17.595,8.013,0.180
298.2628,-6.000,460.642,639.560,-14.784,8.255,0.180
298.3597,-5.000,463.695,637.364,-12.159,8.306,0.180
298.4579,-5.000,458.976,645.812,-18.742,1.749,0.180
298.5560,-4.000,467.128,638.429,-10.975,6.937,0.180
298.6646,-4.000,463.457,645.753,-16.472,1.460,0.180
298.7637,-4.000,463.837,648.480,-17.646,0.307,0.180
298.8602,-4.000,464.893,650.064,-17.910,0.065,0.180
298.9563,-4.000,465.943,651.257,-17.981,0.014,0.180
299.0645,-4.000,466.865,652.243,-18.013,0.003,0.180
299.1645,-5.000,456.679,660.450,-27.210,-6.568,0.180
299.2649,-5.000,462.498,655.950,-22.051,-1.383,0.180
299.3613,-4.000,472.097,645.071,-11.811,6.277,0.180
299.4587,-4.000,468.077,651.004,-16.788,1.322,0.180
299.5573,-3.000,475.799,642.507,-8.678,6.847,0.180
299.6551,-2.000,479.522,638.725,-4.926,8.010,0.180
299.7626,-1.000,482.637,636.160,-2.086,8.255,0.180
299.8600,-0.000,485.823,634.043,0.566,8.306,0.180
299.9566,1.000,488.593,631.581,3.182,8.317,0.180
300.0550,1.000,483.662,639.772,-3.379,1.751,0.180
300.1631,2.000,491.045,631.562,4.417,6.937,0.180
300.2595,1.000,476.353,646.150,-10.223,-5.108,0.180
300.3573,1.000,481.847,643.568,-6.185,-1.075,0.180
300.4541,2.000,491.313,632.978,3.843,6.342,0.180
300.5642,1.000,476.964,646.970,-10.327,-5.233,0.180
300.6616,1.000,482.450,644.182,-6.190,-1.102,0.180
300.7601,1.000,484.471,644.453,-5.315,-0.232,0.180
300.8577,1.000,485.634,645.239,-5.127,-0.049,0.180
300.9575,1.000,486.506,646.024,-5.083,-0.010,0.180
301.0557,1.000,487.223,646.715,-5.070,-0.002,0.180
301.1550,1.000,487.829,647.306,-5.063,-0.000,0.180
301.2641,1.000,488.343,647.809,-5.058,-0.000,0.180
301.3548,1.000,488.780,648.236,-5.052,-0.000,0.180
301.4630,1.000,489.153,648.598,-5.047,-0.000,0.180
301.5590,2.000,496.844,637.932,4.132,6.568,0.180
301.6592,3.000,499.278,632.369,8.130,7.951,0.180
301.7593,3.000,493.187,638.801,1.868,1.674,0.180
301.8580,4.000,499.399,629.278,9.736,6.921,0.180
301.9563,4.000,494.049,634.814,4.293,1.457,0.180
302.0643,4.000,492.999,636.022,3.164,0.307,0.180
302.1635,5.000,500.218,625.337,12.116,6.633,0.180
302.2612,4.000,484.661,638.549,-2.268,-5.172,0.180
302.3570,5.000,496.641,623.974,11.009,5.480,0.180
302.4539,5.000,492.739,628.672,6.709,1.154,0.180
302.5644,5.000,492.192,629.894,5.825,0.243,0.180
302.6619,5.000,492.314,630.347,5.659,0.051,0.180
302.7600,5.000,492.544,630.606,5.644,0.011,0.180
302.8572,5.000,492.769,630.796,5.662,0.002,0.180
302.9573,6.000,500.343,619.974,14.860,6.569,0.180
303.0558,6.000,495.308,625.249,9.705,1.383,0.180
303.1551,6.000,494.349,626.412,8.644,0.291,0.180
303.2628,6.000,494.237,626.697,8.446,0.061,0.180
303.3591,7.000,501.668,615.814,17.602,6.581,0.180
303.4565,7.000,496.541,621.006,12.443,1.386,0.180
303.5535,7.000,495.511,622.091,11.385,0.292,0.180
303.6634,7.000,495.341,622.309,11.191,0.061,0.180
303.7617,7.000,495.349,622.341,11.179,0.013,0.180
303.8617,7.000,495.392,622.332,11.206,0.003,0.180
303.9583,6.000,485.067,630.286,2.066,-6.568,0.180
304.0566,6.000,490.776,625.562,7.283,-1.383,0.180
304.1536,5.000,481.943,632.831,-0.768,-6.860,0.180
304.2623,5.000,488.220,628.225,4.673,-1.444,0.180
304.3591,4.000,479.723,635.743,-3.334,-6.872,0.180
304.4566,4.000,486.253,631.380,2.112,-1.447,0.180
304.5548,3.000,477.964,639.112,-5.899,-6.873,0.180
304.6535,2.000,474.295,642.907,-9.630,-8.015,0.180
304.7605,2.000,482.187,638.122,-3.292,-1.687,0.180
304.8578,1.000,474.476,646.074,-11.123,-6.924,0.180
304.9544,1.000,481.550,642.205,-5.652,-1.458,0.180
305.0641,1.000,484.068,642.411,-4.496,-0.307,0.180
305.1627,1.000,485.473,643.322,-4.249,-0.065,0.180
305.2593,1.000,486.514,644.250,-4.192,-0.014,0.180
305.3570,1.000,487.366,645.070,-4.176,-0.003,0.180
305.4550,1.000,488.085,645.774,-4.169,-0.001,0.180
305.5534,1.000,488.695,646.372,-4.163,-0.000,0.180
305.6624,2.000,496.587,635.907,5.016,6.568,0.180
305.7613,1.000,481.445,649.463,-9.333,-5.186,0.180
305.8598,1.000,486.370,646.189,-5.234,-1.092,0.180
305.9578,-0.000,477.565,653.998,-13.541,-6.798,0.180
306.0560,-1.000,473.035,657.081,-17.347,-8.000,0.180
306.1539,-2.000,469.257,659.029,-20.210,-8.253,0.180
306.2613,-3.000,465.510,660.620,-22.879,-8.306,0.180
306.3597,-5.000,450.689,669.410,-34.685,-14.885,0.180
306.4588,-7.000,440.903,672.868,-41.307,-16.271,0.180
306.5568,-8.000,443.050,667.743,-37.671,-9.994,0.180
306.6546,-9.000,440.158,667.503,-38.997,-8.672,0.180
306.7533,-9.000,447.127,660.872,-32.197,-1.826,0.180
306.8618,-11.000,426.719,674.369,-49.150,-13.521,0.180
306.9580,-11.000,437.398,663.813,-38.532,-2.847,0.180
307.0563,-11.000,439.641,661.676,-36.342,-0.599,0.180
307.1533,-11.000,440.102,661.305,-35.926,-0.126,0.180
307.2641,-10.000,448.156,650.927,-26.710,6.542,0.180
307.3608,-11.000,432.478,664.030,-41.100,-5.191,0.180
307.4608,-10.000,444.899,650.021,-27.886,5.476,0.180
307.5579,-10.000,441.349,655.221,-32.260,1.153,0.180
307.6540,-10.000,441.088,656.884,-33.222,0.243,0.180
307.7617,-10.000,441.440,657.723,-33.466,0.051,0.180
307.8587,-10.000,441.854,658.322,-33.558,0.011,0.180
307.9563,-9.000,450.198,648.439,-24.445,6.571,0.180
308.0541,-9.000,445.810,654.520,-29.679,1.383,0.180
308.1633,-9.000,445.390,656.377,-30.818,0.291,0.180
308.2621,-9.000,445.724,657.265,-31.095,0.061,0.180
308.3625,-8.000,454.122,647.506,-22.017,6.581,0.180
308.4610,-7.000,457.780,643.292,-18.080,7.954,0.180
308.5589,-7.000,452.728,650.871,-24.396,1.675,0.180
308.6588,-7.000,452.443,653.303,-25.755,0.353,0.180
308.7566,-7.000,453.041,654.531,-26.069,0.074,0.180
308.8639,-7.000,453.722,655.402,-26.164,0.016,0.180
308.9537,-7.000,454.333,656.110,-26.213,0.003,0.180
309.0609,-7.000,454.854,656.709,-26.252,0.001,0.180
309.1578,-8.000,444.320,664.596,-35.463,-6.568,0.180
309.2556,-8.000,449.839,659.828,-30.319,-1.383,0.180
309.3538,-9.000,440.234,666.470,-38.442,-6.860,0.180
309.4538,-9.000,445.844,661.342,-33.074,-1.444,0.180
309.5521,-10.000,436.168,667.827,-41.154,-6.872,0.180
309.6575,-10.000,441.686,662.598,-35.780,-1.447,0.180
309.7552,-11.000,431.925,669.004,-43.864,-6.873,0.180
309.8525,-11.000,437.368,663.709,-38.495,-1.447,0.180
309.9528,-12.000,427.542,670.060,-46.583,-6.873,0.180
310.0622,-12.000,432.930,664.720,-41.220,-1.447,0.180
310.1625,-12.000,434.030,663.660,-40.140,-0.305,0.180
310.2610,-12.000,434.225,663.499,-39.962,-0.064,0.180
310.3594,-12.000,434.227,663.525,-39.973,-0.014,0.180
310.4578,-14.000,412.241,678.337,-58.372,-13.140,0.180
310.5560,-14.000,422.492,667.986,-48.072,-2.766,0.180
310.6541,-15.000,413.587,673.207,-55.134,-7.151,0.180
310.7616,-15.000,419.089,667.574,-49.567,-1.505,0.180
310.8579,-15.000,420.143,666.407,-48.456,-0.317,0.180
310.9544,-15.000,420.268,666.188,-48.284,-0.067,0.180
311.0614,-15.000,420.202,666.172,-48.310,-0.014,0.180
311.1608,-14.000,428.075,655.831,-39.203,6.565,0.180
311.2577,-13.000,431.243,651.165,-35.285,7.951,0.180
311.3565,-12.000,433.735,647.999,-32.456,8.242,0.180
311.4544,-11.000,436.353,645.408,-29.852,8.304,0.180
311.5548,-10.000,439.226,643.159,-27.291,8.317,0.180
311.6520,-8.000,450.320,630.794,-15.561,14.888,0.180
311.7621,-7.000,448.959,634.676,-18.183,9.703,0.180
311.8591,-6.000,451.807,634.570,-16.706,8.611,0.180
311.9554,-4.000,463.591,623.317,-5.188,14.950,0.180
312.0535,-3.000,462.967,627.993,-7.837,9.716,0.180
312.1527,-3.000,458.503,638.900,-15.523,2.045,0.180
312.2603,-2.000,467.584,632.896,-7.980,6.999,0.180
312.3560,-1.000,472.830,630.866,-4.342,8.042,0.180
312.4541,-0.000,477.316,629.713,-1.523,8.261,0.180
312.5513,1.000,481.084,628.178,1.129,8.308,0.180
312.6591,1.000,476.979,637.180,-5.425,1.749,0.180
312.7585,2.000,485.059,629.664,2.373,6.937,0.180
312.8558,3.000,488.706,625.896,6.081,8.029,0.180
312.9551,3.000,483.832,633.667,-0.242,1.690,0.180
313.0540,3.000,483.745,636.217,-1.561,0.356,0.180
313.1615,3.000,484.526,637.529,-1.826,0.075,0.180
313.2587,3.000,485.372,638.463,-1.870,0.016,0.180
313.3567,3.000,486.131,639.216,-1.867,0.003,0.180
313.4549,3.000,486.787,639.845,-1.854,0.001,0.180
313.5514,3.000,487.348,640.377,-1.839,0.000,0.180
313.6612,3.000,487.828,640.825,-1.823,0.000,0.180
313.7607,4.000,495.612,630.231,7.366,6.568,0.180
313.8579,5.000,498.126,624.728,11.375,7.951,0.180
313.9563,5.000,492.105,631.209,5.124,1.674,0.180
314.0553,6.000,498.378,621.726,13.002,6.921,0.180
314.1527,6.000,493.081,627.294,7.569,1.457,0.180
314.2610,7.000,499.452,617.555,15.624,6.875,0.180
314.3586,7.000,494.128,623.015,10.232,1.447,0.180
314.4549,7.000,493.080,624.179,9.126,0.305,0.180
314.5527,7.000,492.925,624.433,8.922,0.064,0.180
314.6638,8.000,500.327,613.515,18.081,6.582,0.180
314.7617,7.000,484.804,626.649,3.753,-5.183,0.180
314.8587,7.000,489.417,623.006,7.881,-1.091,0.180
314.9559,6.000,480.353,630.494,-0.395,-6.798,0.180
315.0542,6.000,486.581,625.926,5.003,-1.431,0.180
315.1523,6.000,488.448,625.470,6.164,-0.301,0.180
315.2516,5.000,478.943,633.775,-2.740,-6.632,0.180
315.3598,4.000,474.821,637.477,-6.652,-7.965,0.180
315.4578,4.000,482.451,632.489,-0.343,-1.677,0.180
315.5564,3.000,474.545,640.242,-8.173,-6.921,0.180
315.6524,2.000,471.086,644.170,-11.866,-8.026,0.180
315.7511,1.000,468.759,647.497,-14.694,-8.258,0.180
315.8584,1.000,477.208,642.897,-8.169,-1.739,0.180
315.9558,-0.000,469.848,651.129,-15.965,-6.934,0.180
316.0527,-1.000,466.219,654.898,-19.664,-8.028,0.180
316.1605,-2.000,463.139,657.499,-22.505,-8.259,0.180
316.2586,-2.000,470.944,652.285,-15.995,-1.739,0.180
316.3582,-3.000,482.913,670.030,-30.084,-11.914,0.320
316.4560,-4.000,502.108,680.027,-35.006,-14.014,0.320
316.5533,-4.000,537.595,677.128,-23.906,-2.892,0.320
316.6509,-5.000,546.702,696.654,-35.995,-12.152,0.320
316.7587,-6.000,561.942,709.688,-40.739,-14.063,0.320
316.8560,-6.000,593.943,709.494,-29.612,-2.902,0.320
316.9527,-7.000,600.062,731.347,-41.703,-12.154,0.320
317.0533,-9.000,596.472,758.806,-60.819,-25.619,0.320
317.1514,-9.000,635.339,751.003,-40.536,-5.286,0.320
317.2597,-12.000,608.824,797.177,-79.474,-35.758,0.320
317.3576,-13.000,638.303,794.343,-65.524,-18.934,0.320
317.4540,-15.000,637.780,817.608,-79.292,-27.018,0.320
317.5501,-16.000,659.505,822.150,-72.294,-17.131,0.320
317.6570,-19.000,640.572,859.663,-101.871,-38.202,0.320
317.7574,-20.000,670.551,855.413,-85.908,-19.438,0.320
317.8559,-21.000,685.503,866.265,-84.836,-15.567,0.320
317.9515,-22.000,697.267,880.368,-86.837,-14.768,0.320
318.0596,-24.000,692.025,907.693,-103.828,-26.158,0.320
318.1563,-25.000,711.883,913.539,-97.423,-16.953,0.320
318.2544,-28.000,691.834,951.692,-127.035,-38.165,0.320
318.3529,-29.000,720.863,947.985,-111.101,-19.431,0.320
318.4607,-31.000,718.752,971.715,-124.390,-27.121,0.320
318.5595,-31.000,755.165,964.453,-102.866,-5.596,0.320
318.6572,-32.000,758.374,986.956,-112.780,-12.710,0.320
318.7540,-33.000,767.228,1003.893,-117.048,-14.178,0.320
318.8507,-34.000,777.246,1019.732,-120.151,-14.481,0.320
318.9587,-35.000,787.504,1035.387,-123.014,-14.544,0.320
319.0560,-36.000,797.811,1051.041,-125.826,-14.557,0.320
319.1531,-38.000,775.936,1063.246,-142.985,-26.115,0.320
319.2533,-39.000,779.377,1053.745,-136.614,-16.944,0.320
319.3499,-40.000,775.560,1051.572,-137.522,-15.052,0.320
319.4590,-40.000,786.532,1038.507,-125.576,-3.106,0.320
319.5559,-40.000,788.170,1035.091,-123.111,-0.641,0.320
319.6564,-39.000,801.251,1018.339,-108.246,11.423,0.320
319.7559,-37.000,818.720,996.429,-88.601,25.468,0.320
319.8535,-36.000,812.933,1002.281,-94.459,16.811,0.320
319.9516,-31.000,867.529,939.941,-36.023,61.247,0.320
320.0585,9.000,1346.669,367.698,489.641,474.860,0.320
320.1558,16.000,1077.389,650.961,213.346,178.876,0.320
320.2544,21.000,1014.064,727.971,143.159,94.689,0.320
320.3528,25.000,1001.990,751.318,125.431,65.761,0.320
320.4514,28.000,997.910,765.459,116.307,48.236,0.320
320.5583,30.000,993.287,779.955,106.735,33.065,0.320
320.6558,33.000,1011.558,764.555,123.560,41.490,0.320
320.7538,35.000,1009.230,770.644,119.343,31.672,0.320
320.8522,36.000,1001.134,784.096,108.561,18.091,0.320
320.9520,37.000,1002.995,785.949,108.559,15.289,0.320
321.0515,38.000,1006.380,784.880,110.781,14.710,0.320
321.1518,39.000,1009.630,782.759,113.461,14.591,0.320
321.2506,40.000,1012.469,780.040,116.237,14.566,0.320
321.3598,40.000,1002.462,793.148,104.676,3.006,0.320
321.4583,40.000,1001.397,796.848,102.290,0.620,0.320
321.5551,40.000,1002.028,798.459,101.798,0.128,0.320
321.6531,40.000,1002.881,799.511,101.697,0.026,0.320
321.7514,39.000,988.236,813.615,87.320,-11.550,0.320
321.8495,38.000,983.238,818.992,82.131,-13.939,0.320
321.9584,37.000,980.528,822.866,78.838,-14.432,0.320
322.0556,36.000,978.542,826.681,75.937,-14.534,0.320
322.1521,35.000,976.919,830.698,73.116,-14.555,0.320
322.2600,34.000,975.553,834.939,70.311,-14.559,0.320
322.3579,33.000,974.395,839.381,67.510,-14.560,0.320
322.4541,32.000,973.411,843.997,64.710,-14.560,0.320
322.5500,30.000,957.139,862.035,47.555,-26.116,0.320
322.6494,30.000,981.617,845.059,68.281,-5.389,0.320
322.7571,29.000,973.647,857.245,58.203,-12.668,0.320
322.8539,27.000,956.122,877.034,39.545,-25.725,0.320
322.9504,27.000,980.501,860.580,59.962,-5.308,0.320
323.0593,26.000,972.646,873.010,49.819,-12.651,0.320
323.1562,24.000,955.260,892.965,31.149,-25.722,0.320
323.2521,23.000,964.331,889.918,37.207,-16.863,0.320
323.3502,22.000,966.339,893.871,36.235,-15.035,0.320
323.4587,21.000,966.870,899.246,33.812,-14.658,0.320
323.5564,20.000,967.078,904.899,31.090,-14.580,0.320
323.6539,18.000,951.870,923.768,14.051,-26.120,0.320
323.7512,17.000,961.815,920.774,20.521,-16.945,0.320
323.8491,16.000,964.373,924.966,19.704,-15.052,0.320
323.9509,15.000,965.336,930.580,17.378,-14.662,0.320
324.0499,15.000,981.351,923.155,29.098,-3.025,0.320
324.1570,14.000,972.046,937.602,17.222,-12.180,0.320
324.2539,12.000,954.594,958.104,-1.755,-25.624,0.320
324.3512,11.000,963.854,955.278,4.288,-16.843,0.320
324.4581,10.000,966.076,959.364,3.356,-15.031,0.320
324.5544,9.000,966.801,964.841,0.980,-14.657,0.320
324.6500,8.000,967.179,970.574,-1.698,-14.580,0.320
324.7490,6.000,952.010,989.618,-18.804,-26.120,0.320
324.8578,5.000,961.979,986.782,-12.401,-16.945,0.320
324.9551,4.000,964.546,991.118,-13.286,-15.052,0.320
325.0530,2.000,950.067,1010.146,-30.040,-26.217,0.320
325.1515,1.000,960.377,1007.542,-23.582,-16.965,0.320
325.2500,-1.000,946.900,1024.569,-38.834,-26.612,0.320
325.3584,-2.000,956.242,1020.404,-32.081,-17.047,0.320
325.4565,-3.000,957.180,1023.027,-32.924,-15.073,0.320
325.5527,-5.000,939.577,1038.977,-49.700,-26.221,0.320
325.6509,-6.000,946.376,1032.933,-43.278,-16.966,0.320
325.7486,-8.000,929.066,1046.204,-58.569,-26.612,0.320
325.8576,-9.000,935.144,1038.853,-51.854,-17.047,0.320
325.9563,-10.000,933.301,1038.774,-52.737,-15.073,0.320
326.0544,-11.000,929.610,1039.992,-55.191,-14.666,0.320
326.1521,-12.000,925.356,1041.304,-57.974,-14.582,0.320
326.2491,-13.000,920.830,1042.489,-60.829,-14.565,0.320
326.3479,-13.000,932.396,1031.082,-49.343,-3.005,0.320
326.4557,-13.000,934.776,1028.838,-47.031,-0.620,0.320
326.5548,-14.000,918.972,1040.917,-60.972,-11.684,0.320
326.6519,-14.000,928.084,1031.640,-51.778,-2.411,0.320
326.7517,-14.000,929.848,1029.735,-49.943,-0.497,0.320
326.8498,-15.000,913.824,1041.800,-63.988,-11.658,0.320
326.9488,-15.000,922.809,1032.448,-54.819,-2.406,0.320
327.0567,-15.000,924.479,1030.468,-52.994,-0.496,0.320
327.1545,-15.000,924.657,1030.025,-52.684,-0.102,0.320
327.2529,-15.000,924.542,1029.916,-52.687,-0.021,0.320
327.3548,-15.000,924.379,1029.888,-52.754,-0.004,0.320
327.4514,-15.000,924.218,1029.887,-52.835,-0.001,0.320
327.5493,-15.000,924.065,1029.901,-52.918,-0.000,0.320
327.6568,-15.000,923.923,1029.927,-53.002,-0.000,0.320
327.7555,-14.000,937.070,1014.520,-38.725,11.556,0.320
327.8535,-14.000,928.360,1024.309,-47.974,2.384,0.320
327.9510,-13.000,940.129,1011.297,-35.584,12.048,0.320
328.0507,-13.000,931.467,1021.903,-45.218,2.486,0.320
328.1513,-12.000,943.528,1009.334,-32.903,12.069,0.320
328.2505,-11.000,948.448,1004.822,-28.187,14.046,0.320
328.3484,-11.000,938.913,1017.705,-39.396,2.898,0.320
328.4574,-10.000,951.255,1006.048,-27.397,12.154,0.320
328.5555,-9.000,956.625,1002.100,-22.738,14.063,0.320
328.6550,-8.000,960.799,999.975,-19.588,14.458,0.320
328.7509,-8.000,951.651,1013.865,-31.107,2.983,0.320
328.8490,-7.000,964.535,1002.852,-19.159,12.171,0.320
328.9550,-6.000,970.412,999.404,-14.496,14.067,0.320
329.0530,-5.000,975.028,997.694,-11.333,14.458,0.320
329.1531,-4.000,979.541,996.490,-8.475,14.539,0.320
329.2503,-4.000,970.886,1010.958,-20.036,3.000,0.320
329.3575,-3.000,984.234,1000.391,-8.078,12.175,0.320
329.4563,-2.000,990.518,997.311,-3.396,14.068,0.320
329.5537,-2.000,982.204,1011.349,-14.572,2.903,0.320
329.6525,-2.000,982.321,1016.096,-16.888,0.599,0.320
329.7497,-2.000,983.902,1018.650,-17.374,0.124,0.320
329.8479,-1.000,998.831,1005.076,-3.122,11.581,0.320
329.9552,-0.000,992.899,987.536,2.682,4.595,0.180
330.0519,-0.000,979.231,980.431,-0.600,1.313,0.180
330.1501,1.000,967.732,967.335,0.199,1.661,0.180
330.2472,2.000,955.860,954.360,0.750,1.760,0.180
330.3483,3.000,943.812,941.350,1.231,1.789,0.180
330.4565,4.000,931.653,928.268,1.693,1.797,0.180
330.5540,5.000,919.413,915.114,2.150,1.799,0.180
330.6544,5.000,906.931,905.193,0.869,0.514,0.180
330.7546,6.000,895.313,890.827,2.243,1.433,0.180
330.8550,7.000,883.019,877.096,2.962,1.695,0.180
330.9525,7.000,870.344,866.829,1.757,0.484,0.180
331.0509,8.000,858.521,852.212,3.154,1.424,0.180
331.1536,9.000,846.041,838.279,3.881,1.693,0.180
331.2557,9.000,833.204,827.844,2.680,0.484,0.180
331.3534,10.000,821.243,813.085,4.079,1.424,0.180
331.4498,11.000,808.646,799.030,4.808,1.693,0.180
331.5495,11.000,795.710,788.492,3.609,0.484,0.180
331.6463,12.000,783.664,773.645,5.010,1.424,0.180
331.7539,12.000,770.819,762.812,4.004,0.407,0.180
331.8513,13.000,758.743,747.822,5.460,1.402,0.180
331.9512,13.000,745.840,736.898,4.471,0.401,0.180
332.0481,14.000,733.706,721.840,5.933,1.400,0.180
332.1462,14.000,720.752,710.861,4.945,0.400,0.180
332.2525,14.000,708.398,699.053,4.672,0.114,0.180
332.3492,15.000,696.326,683.647,6.340,1.318,0.180
332.4467,15.000,683.310,672.487,5.412,0.377,0.180
332.5544,15.000,670.870,660.558,5.156,0.108,0.180
332.6553,16.000,658.716,645.058,6.829,1.316,0.180
332.7530,16.000,645.628,633.821,5.903,0.376,0.180
332.8508,17.000,633.302,618.530,7.386,1.393,0.180
332.9468,17.000,620.175,607.363,6.406,0.398,0.180
333.0548,17.000,607.672,595.398,6.137,0.114,0.180
333.1504,18.000,595.473,579.858,7.808,1.318,0.180
333.2479,18.000,582.349,568.584,6.882,0.377,0.180
333.3550,18.000,569.817,556.558,6.629,0.108,0.180
333.4543,19.000,570.013,554.013,8.000,1.316,0.180
333.5530,19.000,569.897,555.133,7.382,0.376,0.180
333.6521,20.000,569.382,553.382,8.000,1.393,0.180
333.7502,20.000,569.772,554.064,7.854,0.398,0.180
333.8482,20.000,569.944,554.804,7.570,0.114,0.180
333.9559,21.000,569.202,553.202,8.000,1.318,0.180
334.0515,21.000,569.705,553.705,8.000,0.377,0.180
334.1509,21.000,570.133,554.133,8.000,0.108,0.180
334.2481,22.000,568.937,552.937,8.000,1.316,0.180
334.3561,22.000,569.420,553.420,8.000,0.376,0.180
334.4523,22.000,569.831,553.831,8.000,0.107,0.180
334.5491,23.000,568.620,552.620,8.000,1.316,0.180
334.6562,23.000,569.091,553.091,8.000,0.376,0.180
334.7535,23.000,569.491,553.491,8.000,0.107,0.180
334.8486,23.000,569.831,553.831,8.000,0.031,0.180
334.9478,23.000,570.120,554.120,8.000,0.009,0.180
335.0564,23.000,570.366,554.366,8.000,0.003,0.180
335.1538,24.000,569.015,553.015,8.000,1.286,0.180
335.2507,24.000,569.366,553.366,8.000,0.368,0.180
335.3481,24.000,569.665,553.665,8.000,0.105,0.180
335.4460,24.000,569.919,553.919,8.000,0.030,0.180
335.5545,24.000,570.135,554.135,8.000,0.009,0.180
335.6512,24.000,570.318,554.318,8.000,0.002,0.180
335.7475,24.000,570.474,554.474,8.000,0.001,0.180
335.8542,24.000,570.607,554.607,8.000,0.000,0.180
335.9540,24.000,570.720,554.720,8.000,0.000,0.180
336.0529,24.000,570.815,554.815,8.000,0.000,0.180
336.1500,24.000,570.897,554.897,8.000,0.000,0.180
336.2478,23.000,569.046,554.006,7.520,-1.286,0.180
336.3478,23.000,569.861,553.861,8.000,-0.367,0.180
336.4458,23.000,570.146,554.146,8.000,-0.105,0.180
336.5547,23.000,570.387,554.387,8.000,-0.030,0.180
336.6515,22.000,568.215,554.091,7.062,-1.294,0.180
336.7480,22.000,569.590,553.618,7.986,-0.370,0.180
336.8470,22.000,569.987,553.987,8.000,-0.106,0.180
336.9461,21.000,567.463,554.283,6.590,-1.316,0.180
337.0455,21.000,568.956,553.896,7.530,-0.376,0.180
337.1536,21.000,569.694,554.097,7.799,-0.107,0.180
337.2509,20.000,566.994,554.715,6.140,-1.316,0.180
337.3479,20.000,568.550,554.391,7.080,-0.376,0.180
337.4473,19.000,566.183,554.924,5.630,-1.393,0.180
337.5565,19.000,567.916,554.632,6.642,-0.398,0.180
337.6453,19.000,568.830,554.943,6.944,-0.114,0.180
337.7520,18.000,566.273,555.662,5.305,-1.318,0.180
337.8493,18.000,567.949,555.423,6.263,-0.377,0.180
337.9557,18.000,568.845,555.749,6.548,-0.108,0.180
338.0533,17.000,566.281,556.471,4.905,-1.316,0.180
338.1506,17.000,567.954,556.233,5.860,-0.376,0.180
338.2479,16.000,565.671,556.856,4.408,-1.393,0.180
338.3462,16.000,567.475,556.640,5.417,-0.398,0.180
338.4543,16.000,568.449,557.017,5.716,-0.114,0.180
338.5520,16.000,569.118,557.495,5.812,-0.032,0.180
338.6510,15.000,566.467,558.242,4.113,-1.295,0.180
338.7490,15.000,568.096,557.994,5.051,-0.370,0.180
338.8462,14.000,565.784,558.600,3.592,-1.391,0.180
338.9546,14.000,567.566,558.368,4.599,-0.398,0.180
339.0514,13.000,565.344,559.027,3.159,-1.399,0.180
339.1479,13.000,567.191,558.852,4.170,-0.400,0.180
339.2476,12.000,565.022,559.561,2.731,-1.400,0.180
339.3457,12.000,566.913,559.431,3.741,-0.400,0.180
339.4450,11.000,564.781,560.179,2.301,-1.400,0.180
339.5545,10.000,563.526,560.377,1.574,-1.686,0.180
339.6539,10.000,565.790,560.215,2.788,-0.482,0.180
339.7537,9.000,563.860,561.052,1.404,-1.423,0.180
339.8550,8.000,562.743,561.359,0.692,-1.692,0.180
339.9540,7.000,561.939,561.596,0.172,-1.769,0.180
340.0529,6.000,561.291,561.881,-0.295,-1.791,0.180
340.1531,5.000,560.745,562.239,-0.747,-1.797,0.180
340.2514,4.000,560.277,562.667,-1.195,-1.799,0.180
340.3493,3.000,559.872,563.158,-1.643,-1.800,0.180
340.4474,2.000,559.520,563.702,-2.091,-1.800,0.180
340.5452,2.000,562.390,563.997,-0.804,-0.514,0.180
340.6517,1.000,560.927,565.269,-2.171,-1.433,0.180
340.7485,-0.000,560.194,565.961,-2.884,-1.695,0.180
340.8464,-0.000,562.886,566.232,-1.673,-0.484,0.180
340.9558,-0.000,564.492,567.146,-1.327,-0.138,0.180
341.0558,-0.000,565.662,568.118,-1.228,-0.040,0.180
341.1535,-0.000,566.600,569.000,-1.200,-0.011,0.180
341.2519,-0.000,567.382,569.766,-1.192,-0.003,0.180
341.3508,1.000,568.219,567.124,0.547,1.285,0.180
341.4499,1.000,568.035,568.774,-0.370,0.367,0.180
341.5480,1.000,568.397,569.659,-0.631,0.105,0.180
341.6544,2.000,569.029,566.966,1.032,1.316,0.180
341.7534,2.000,568.715,568.528,0.094,0.376,0.180
341.8527,3.000,569.156,566.028,1.564,1.393,0.180
341.9508,3.000,568.788,567.646,0.571,0.398,0.180
342.0493,4.000,569.214,565.162,2.026,1.399,0.180
342.1460,4.000,568.844,566.783,1.030,0.400,0.180
342.2460,5.000,569.270,564.301,2.485,1.400,0.180
342.3471,5.000,568.901,565.922,1.489,0.400,0.180
342.4438,6.000,569.328,563.439,2.945,1.400,0.180
342.5504,6.000,568.960,565.059,1.950,0.400,0.180
342.6506,6.000,569.212,565.872,1.670,0.114,0.180
342.7460,7.000,569.765,563.104,3.330,1.318,0.180
342.8458,7.000,569.388,564.598,2.395,0.377,0.180
342.9440,8.000,569.776,562.039,3.869,1.393,0.180
343.0518,8.000,569.366,563.605,2.881,0.398,0.180
343.1492,8.000,569.580,564.373,2.604,0.114,0.180
343.2482,9.000,570.100,561.567,4.266,1.318,0.180
343.3442,9.000,569.695,563.030,3.333,0.377,0.180
343.4510,9.000,569.883,563.740,3.072,0.108,0.180
343.5508,9.000,570.197,564.191,3.003,0.031,0.180
343.6480,9.000,570.507,564.529,2.989,0.009,0.180
343.7451,10.000,570.962,561.507,4.727,1.288,0.180
343.8501,10.000,570.459,562.827,3.816,0.368,0.180
343.9471,10.000,570.553,563.428,3.562,0.105,0.180
344.0476,10.000,570.782,563.789,3.496,0.030,0.180
344.1461,10.000,571.020,564.053,3.484,0.009,0.180
344.2536,10.000,571.236,564.263,3.487,0.002,0.180
344.3520,10.000,571.425,564.437,3.494,0.001,0.180
344.4501,10.000,571.588,564.583,3.502,0.000,0.180
344.5481,10.000,571.727,564.705,3.511,0.000,0.180
344.6462,10.000,571.848,564.807,3.520,0.000,0.180
344.7451,10.000,571.951,564.893,3.529,0.000,0.180
344.8441,10.000,572.041,564.964,3.538,0.000,0.180
344.9437,10.000,572.118,565.024,3.547,0.000,0.180
345.0439,10.000,572.185,565.073,3.556,0.000,0.180
345.1531,10.000,572.244,565.113,3.565,0.000,0.180
345.2491,10.000,572.295,565.146,3.574,0.000,0.180
345.3469,10.000,572.339,565.173,3.583,0.000,0.180
345.4450,10.000,572.379,565.194,3.592,0.000,0.180
345.5462,10.000,572.413,565.211,3.601,0.000,0.180
345.6459,9.000,569.268,565.520,1.874,-1.286,0.180
345.7438,9.000,570.489,564.889,2.800,-0.367,0.180
345.8514,9.000,571.010,564.869,3.071,-0.105,0.180
345.9495,9.000,571.306,564.998,3.154,-0.030,0.180
346.0468,9.000,571.516,565.150,3.183,-0.009,0.180
346.1476,8.000,568.508,565.586,1.461,-1.288,0.180
346.2459,8.000,569.842,565.065,2.388,-0.368,0.180
346.3448,8.000,570.457,565.141,2.658,-0.105,0.180
346.4508,8.000,570.834,565.353,2.741,-0.030,0.180
346.5488,7.000,567.935,565.870,1.033,-1.294,0.180
346.6469,7.000,569.355,565.428,1.963,-0.370,0.180
346.7448,6.000,566.863,565.869,0.497,-1.391,0.180
346.8533,6.000,568.491,565.499,1.496,-0.398,0.180
346.9500,5.000,566.139,566.040,0.049,-1.399,0.180
347.0474,5.000,567.873,565.767,1.053,-0.400,0.180
347.1428,4.000,565.607,566.394,-0.393,-1.400,0.180
347.2493,3.000,564.238,566.491,-1.126,-1.686,0.180
347.3467,2.000,563.227,566.540,-1.656,-1.767,0.180
347.4434,2.000,565.583,566.367,-0.392,-0.505,0.180
347.5428,1.000,563.696,567.228,-1.766,-1.430,0.180
347.6502,-0.000,562.606,567.567,-2.481,-1.694,0.180
347.7477,-0.000,564.997,567.538,-1.270,-0.484,0.180
375.4976,-1.000,-19.612,49.295,-34.453,-31.652,0.320
375.5404,-1.000,20.312,40.683,-10.186,-7.380,0.320
375.6411,-1.000,41.859,50.528,-4.334,-1.523,0.320
375.7384,-1.000,58.790,65.053,-3.131,-0.314,0.320
375.8390,-1.000,74.791,80.566,-2.888,-0.065,0.320
375.9363,-1.000,90.617,96.300,-2.842,-0.013,0.320
376.0443,-1.000,106.423,112.096,-2.837,-0.003,0.320
376.1431,-1.000,122.237,127.917,-2.840,-0.001,0.320
376.2414,-1.000,138.065,143.755,-2.845,-0.000,0.320
376.3404,-1.000,153.904,159.606,-2.851,-0.000,0.320
376.4380,-1.000,169.754,175.467,-2.856,-0.000,0.320
376.5369,-1.000,185.613,191.337,-2.862,-0.000,0.320
376.6355,-1.000,201.480,207.215,-2.868,-0.000,0.320
376.7352,-1.000,217.353,223.099,-2.873,-0.000,0.320
376.8441,-2.000,216.950,251.430,-17.240,-11.556,0.320
376.9420,-2.000,241.867,258.027,-8.080,-2.384,0.320
377.0409,-2.000,259.529,271.926,-6.199,-0.492,0.320
377.1379,-2.000,275.709,287.348,-5.819,-0.102,0.320
377.2347,-2.000,291.597,303.097,-5.750,-0.021,0.320
377.3410,-2.000,307.435,318.924,-5.745,-0.004,0.320
377.4411,-2.000,323.272,334.777,-5.752,-0.001,0.320
377.5400,-3.000,322.836,363.084,-20.124,-11.556,0.320
377.6369,-3.000,347.723,369.662,-10.970,-2.385,0.320
377.7362,-3.000,365.359,383.547,-9.094,-0.492,0.320
377.8351,-4.000,365.235,411.398,-23.081,-11.657,0.320
377.9450,-4.000,390.135,417.840,-13.852,-2.405,0.320
378.0413,-4.000,407.730,431.661,-11.965,-0.496,0.320
378.1381,-4.000,423.840,447.028,-11.594,-0.102,0.320
378.2349,-4.000,439.665,462.735,-11.535,-0.021,0.320
378.3427,-4.000,455.447,478.529,-11.541,-0.004,0.320
378.4417,-3.000,484.517,478.913,2.802,11.555,0.320
378.5405,-3.000,491.735,504.506,-6.386,2.384,0.320
378.6401,-3.000,506.158,522.747,-8.295,0.492,0.320
378.7363,-2.000,535.301,523.982,5.659,11.657,0.320
378.8359,-1.000,556.117,534.603,10.757,13.961,0.320
378.9434,-0.000,575.561,547.495,14.033,14.436,0.320
379.0441,1.000,594.175,560.301,16.937,14.534,0.320
379.1420,1.000,599.886,589.072,5.407,2.999,0.320
379.2405,2.000,626.994,592.208,17.393,12.174,0.320
379.3375,2.000,634.084,618.600,7.742,2.512,0.320
379.4362,3.000,661.160,620.918,20.121,12.074,0.320
379.5442,3.000,667.974,646.864,10.555,2.491,0.320
379.6411,3.000,682.324,665.135,8.595,0.514,0.320
379.7375,3.000,698.184,681.777,8.203,0.106,0.320
379.8338,3.000,714.317,698.045,8.136,0.022,0.320
379.9418,3.000,730.475,714.204,8.135,0.005,0.320
380.0372,3.000,746.610,730.312,8.149,0.001,0.320
380.1343,3.000,762.716,746.387,8.165,0.000,0.320
380.2427,3.000,778.797,762.435,8.181,0.000,0.320
380.3409,3.000,794.856,778.460,8.198,0.000,0.320
380.4393,2.000,795.455,807.748,-6.146,-11.556,0.320
380.5367,2.000,821.226,815.154,3.036,-2.384,0.320
380.6356,1.000,824.177,843.020,-9.421,-12.048,0.320
380.7427,1.000,850.728,850.437,0.146,-2.486,0.320
380.8403,1.000,869.530,865.282,2.124,-0.513,0.320
380.9376,-0.000,871.189,894.838,-11.824,-11.661,0.320
381.0357,-0.000,897.598,902.736,-2.569,-2.406,0.320
381.1445,-0.000,916.476,917.795,-0.659,-0.497,0.320
381.2411,-0.000,933.680,934.211,-0.265,-0.102,0.320
381.3393,-1.000,934.156,963.246,-14.545,-11.577,0.320
381.4373,-1.000,959.768,970.494,-5.363,-2.389,0.320
381.5380,-1.000,978.012,984.956,-3.472,-0.493,0.320
381.6357,-1.000,994.684,1000.858,-3.087,-0.102,0.320
381.7438,-1.000,1010.991,1017.014,-3.012,-0.021,0.320
381.8417,-2.000,994.989,1029.713,-17.362,-11.560,0.320
381.9426,-2.000,1004.249,1020.646,-8.198,-2.385,0.320
382.0419,-3.000,989.931,1031.287,-20.678,-12.048,0.320
382.1398,-3.000,999.414,1021.679,-11.133,-2.486,0.320
382.2392,-3.000,1001.317,1019.670,-9.177,-0.513,0.320
382.3369,-3.000,1001.662,1019.234,-8.786,-0.106,0.320
382.4348,-3.000,1001.691,1019.129,-8.719,-0.022,0.320
382.5422,-3.000,1001.659,1019.096,-8.718,-0.005,0.320
382.6406,-3.000,1001.618,1019.081,-8.732,-0.001,0.320
382.7382,-3.000,1001.578,1019.074,-8.748,-0.000,0.320
382.8374,-3.000,1001.542,1019.070,-8.764,-0.000,0.320
382.9335,-3.000,1001.508,1019.070,-8.781,-0.000,0.320
383.0348,-4.000,985.195,1031.514,-23.159,-11.556,0.320
383.1428,-4.000,994.200,1022.221,-14.010,-2.384,0.320
383.2401,-3.000,1009.228,1004.787,2.221,11.064,0.320
383.3370,-4.000,984.628,1026.503,-20.938,-9.273,0.320
383.4344,-3.000,1005.520,1003.999,0.760,9.642,0.320
383.5434,-3.000,998.665,1012.483,-6.909,1.990,0.320
383.6393,-3.000,997.762,1014.772,-8.505,0.411,0.320
383.7365,-3.000,998.008,1015.703,-8.848,0.085,0.320
383.8359,-3.000,998.425,1016.288,-8.932,0.017,0.320
383.9344,-3.000,998.819,1016.744,-8.962,0.004,0.320
384.0420,-3.000,999.161,1017.125,-8.982,0.001,0.320
384.1396,-3.000,999.451,1017.450,-8.999,0.000,0.320
384.2353,-3.000,999.696,1017.728,-9.016,0.000,0.320
384.3416,-3.000,999.901,1017.967,-9.033,0.000,0.320
384.4404,-3.000,1000.073,1018.173,-9.050,0.000,0.320
384.5393,-3.000,1000.217,1018.350,-9.067,0.000,0.320
384.6395,-3.000,1000.336,1018.503,-9.084,0.000,0.320
384.7371,-3.000,1000.435,1018.636,-9.100,0.000,0.320
384.8357,-3.000,1000.517,1018.751,-9.117,0.000,0.320
384.9429,-3.000,1000.584,1018.852,-9.134,0.000,0.320
385.0410,-4.000,984.357,1031.381,-23.512,-11.556,0.320
385.1415,-4.000,993.434,1022.161,-14.363,-2.384,0.320
385.2397,-4.000,995.244,1020.230,-12.493,-0.492,0.320
385.3368,-4.000,995.560,1019.810,-12.125,-0.102,0.320
385.4347,-4.000,995.574,1019.708,-12.067,-0.021,0.320
385.5429,-4.000,995.531,1019.677,-12.073,-0.004,0.320
385.6428,-4.000,995.481,1019.664,-12.092,-0.001,0.320
385.7413,-4.000,995.432,1019.659,-12.113,-0.000,0.320
385.8391,-5.000,979.106,1032.099,-26.497,-11.556,0.320
385.9364,-5.000,988.097,1022.804,-17.354,-2.384,0.320
386.0332,-5.000,989.833,1020.811,-15.489,-0.492,0.320
386.1425,-4.000,1003.367,1004.898,-0.765,11.454,0.320
386.2412,-4.000,994.743,1014.500,-9.878,2.364,0.320
386.3402,-4.000,993.261,1016.814,-11.777,0.488,0.320
386.4381,-4.000,993.204,1017.577,-12.186,0.101,0.320
386.5347,-5.000,977.121,1030.420,-26.649,-11.535,0.320
386.6329,-5.000,986.371,1021.417,-17.523,-2.380,0.320
386.7408,-5.000,988.337,1019.661,-15.662,-0.491,0.320
386.8396,-5.000,988.788,1019.388,-15.300,-0.101,0.320
386.9361,-5.000,988.916,1019.411,-15.248,-0.021,0.320
387.0324,-4.000,1002.250,1004.046,-0.898,11.551,0.320
387.1417,-5.000,977.416,1026.314,-24.449,-9.172,0.320
387.2401,-5.000,985.076,1019.472,-17.198,-1.893,0.320
387.3372,-5.000,986.898,1018.345,-15.724,-0.391,0.320
387.4368,-5.000,987.476,1018.359,-15.442,-0.081,0.320
387.5329,-6.000,971.482,1031.015,-29.767,-11.572,0.320
387.6319,-6.000,980.714,1021.946,-20.616,-2.388,0.320
387.7320,-6.000,982.645,1020.154,-18.755,-0.493,0.320
387.8398,-5.000,996.342,1004.414,-4.036,11.454,0.320
387.9373,-5.000,987.856,1014.165,-13.154,2.363,0.320
388.0350,-4.000,999.771,1001.165,-0.697,12.043,0.320
388.1330,-4.000,991.229,1011.784,-10.278,2.485,0.320
388.2419,-3.000,1003.398,999.221,2.089,12.068,0.320
388.3388,-2.000,1008.417,994.707,6.855,14.046,0.320
388.4379,-1.000,1012.254,992.139,10.058,14.454,0.320
388.5377,-1.000,1002.817,1005.655,-1.419,2.983,0.320
388.6332,-0.000,1015.458,994.320,10.569,12.171,0.320
388.7396,1.000,1020.296,989.754,15.271,14.067,0.320
388.8374,1.000,1010.752,1002.528,4.112,2.903,0.320
388.9367,2.000,1022.268,989.918,16.175,12.155,0.320
389.0337,2.000,1013.668,1000.588,6.540,2.508,0.320
389.1416,2.000,1012.568,1003.447,4.560,0.518,0.320
389.2403,3.000,1025.357,988.313,18.522,11.662,0.320
389.3382,3.000,1016.622,998.056,9.283,2.407,0.320
389.4349,3.000,1015.157,1000.377,7.390,0.497,0.320
389.5319,4.000,1027.584,984.837,21.374,11.658,0.320
389.6394,4.000,1018.532,994.244,12.144,2.406,0.320
389.7380,5.000,1029.237,980.001,24.618,12.052,0.320
389.8363,5.000,1019.696,989.534,15.081,2.487,0.320
389.9364,6.000,1030.188,975.195,27.496,12.069,0.320
390.0336,6.000,1020.508,984.605,17.952,2.490,0.320
390.1413,6.000,1018.451,986.433,16.009,0.514,0.320
390.2371,6.000,1017.979,986.710,15.635,0.106,0.320
390.3349,6.000,1017.846,986.678,15.584,0.022,0.320
390.4334,6.000,1017.792,986.591,15.600,0.005,0.320
390.5416,6.000,1017.762,986.501,15.630,0.001,0.320
390.6405,6.000,1017.744,986.418,15.663,0.000,0.320
390.7368,6.000,1017.734,986.341,15.697,0.000,0.320
390.8347,6.000,1017.731,986.271,15.730,0.000,0.320
390.9326,5.000,1002.292,999.487,1.403,-11.556,0.320
391.0414,5.000,1012.047,990.843,10.602,-2.384,0.320
391.1374,4.000,998.998,1002.676,-1.839,-12.048,0.320
391.2340,4.000,1009.565,994.075,7.745,-2.486,0.320
391.3324,3.000,996.955,1006.197,-4.621,-12.069,0.320
391.4401,3.000,1007.843,997.894,4.974,-2.490,0.320
391.5372,3.000,1010.935,997.000,6.967,-0.514,0.320
391.6340,2.000,996.852,1010.790,-6.969,-11.662,0.320
391.7316,1.000,992.053,1016.181,-12.064,-13.962,0.320
391.8312,1.000,1004.891,1006.845,-0.977,-2.881,0.320
391.9412,1.000,1008.672,1006.042,1.315,-0.594,0.320
392.0402,-0.000,994.973,1020.111,-12.569,-11.678,0.320
392.1381,-1.000,989.618,1024.941,-17.662,-13.965,0.320
392.2344,-2.000,985.692,1027.581,-20.945,-14.437,0.320
392.3334,-2.000,998.092,1017.088,-9.498,-2.979,0.320
392.4315,-2.000,1001.256,1015.545,-7.145,-0.615,0.320
392.5385,-2.000,967.608,1019.219,-6.203,-0.129,0.180
392.6362,-1.000,944.197,1009.979,3.062,6.541,0.180
392.7339,-1.000,910.676,1013.971,-2.107,1.377,0.180
392.8331,-1.000,883.408,1011.364,-3.200,0.290,0.180
392.9325,-1.000,858.850,1005.755,-3.434,0.061,0.180
393.0406,-1.000,836.044,998.144,-3.487,0.013,0.180
393.1385,-1.000,814.613,988.945,-3.502,0.003,0.180
393.2362,-0.000,802.300,968.049,5.664,6.569,0.180
393.3335,-0.000,778.280,962.066,0.478,1.383,0.180
393.4403,1.000,766.477,939.992,8.560,6.860,0.180
393.5385,1.000,743.588,932.310,3.149,1.444,0.180
393.6368,2.000,732.894,908.645,11.188,6.872,0.180
393.7352,2.000,710.980,899.579,5.773,1.447,0.180
393.8326,3.000,701.121,874.730,13.815,6.873,0.180
393.9317,4.000,687.293,853.682,17.578,8.015,0.180
394.0403,4.000,665.457,844.099,11.271,1.687,0.180
394.1366,5.000,656.244,818.232,19.133,6.924,0.180
394.2366,5.000,635.713,807.169,13.693,1.458,0.180
394.3326,6.000,627.059,780.594,21.742,6.875,0.180
394.4383,6.000,606.888,769.045,16.345,1.447,0.180
394.5345,7.000,598.516,742.080,24.407,6.873,0.180
394.6316,7.000,578.581,730.205,19.017,1.447,0.180
394.7408,8.000,570.410,702.963,27.085,6.873,0.180
394.8389,8.000,550.645,690.851,21.701,1.447,0.180
394.9358,8.000,535.246,674.381,20.600,0.305,0.180
395.0320,8.000,520.817,656.947,20.401,0.064,0.180
395.1304,9.000,514.009,628.295,29.566,6.582,0.180
395.2396,9.000,494.707,615.683,24.416,1.386,0.180
395.3380,9.000,495.159,615.160,23.369,0.292,0.180
395.4351,9.000,496.249,614.009,23.186,0.061,0.180
395.5315,9.000,497.331,612.877,23.184,0.013,0.180
395.6315,9.000,498.288,611.876,23.220,0.003,0.180
395.7303,9.000,499.115,611.012,23.265,0.001,0.180
395.8399,9.000,499.826,610.269,23.311,0.000,0.180
395.9369,9.000,500.438,609.631,23.358,0.000,0.180
396.0378,9.000,500.965,609.081,23.405,0.000,0.180
396.1354,9.000,501.420,608.606,23.452,0.000,0.180
396.2341,8.000,491.441,616.169,14.325,-6.568,0.180
396.3328,8.000,497.443,611.113,19.552,-1.383,0.180
396.4349,8.000,499.235,610.125,20.685,-0.291,0.180
396.5314,7.000,489.693,617.951,11.783,-6.630,0.180
396.6399,7.000,495.919,613.265,17.054,-1.396,0.180
396.7405,6.000,487.496,620.598,9.018,-6.862,0.180
396.8366,6.000,494.116,616.052,14.467,-1.445,0.180
396.9340,5.000,485.909,623.621,6.465,-6.873,0.180
397.0317,5.000,492.687,619.301,11.917,-1.447,0.180
397.1301,4.000,484.608,627.069,3.911,-6.873,0.180
397.2310,4.000,491.493,622.920,9.358,-1.447,0.180
397.3384,3.000,483.505,630.834,1.348,-6.873,0.180
397.4353,3.000,490.465,626.810,6.790,-1.447,0.180
397.5340,2.000,482.541,634.831,-1.226,-6.873,0.180
397.6307,1.000,479.181,638.872,-4.963,-8.015,0.180
397.7303,-0.000,476.961,642.272,-7.804,-8.256,0.180
397.8389,-2.000,463.559,652.476,-19.633,-14.875,0.180
397.9380,-2.000,476.956,642.362,-7.900,-3.132,0.180
398.0346,-4.000,458.884,656.023,-23.786,-13.796,0.180
398.1318,-5.000,459.924,653.635,-22.088,-9.473,0.180
398.2395,-6.000,457.343,654.469,-23.809,-8.563,0.180
398.3375,-7.000,453.868,655.860,-26.254,-8.371,0.180
398.4374,-9.000,439.117,664.639,-38.029,-14.899,0.180
398.5355,-10.000,440.330,660.751,-35.487,-9.705,0.180
398.6331,-11.000,437.336,660.870,-37.051,-8.612,0.180
398.7293,-12.000,433.388,661.774,-39.483,-8.381,0.180
398.8379,-14.000,418.207,670.168,-51.276,-14.901,0.180
398.9341,-15.000,419.045,665.962,-48.758,-9.706,0.180
399.0319,-16.000,415.728,665.816,-50.347,-8.612,0.180
399.1312,-17.000,411.501,666.499,-52.805,-8.381,0.180
399.2299,-17.000,418.026,659.961,-46.277,-1.765,0.180
399.3380,-18.000,408.354,666.023,-54.146,-6.940,0.180
399.4351,-18.000,413.706,660.601,-48.761,-1.461,0.180
399.5314,-19.000,403.765,666.884,-56.874,-6.876,0.180
399.6298,-19.000,409.041,661.498,-51.545,-1.448,0.180
399.7288,-19.000,410.040,660.406,-50.501,-0.305,0.180
399.8379,-20.000,399.273,667.493,-59.428,-6.633,0.180
399.9347,-20.000,404.447,662.192,-54.192,-1.396,0.180
400.0320,-20.000,405.496,661.035,-53.090,-0.294,0.180
400.1295,-20.000,405.682,660.756,-52.858,-0.062,0.180
400.2371,-21.000,394.724,668.036,-61.977,-6.581,0.180
400.3370,-22.000,388.889,670.145,-65.950,-7.954,0.180
400.4333,-22.000,395.085,663.781,-59.670,-1.675,0.180
400.5298,-23.000,385.368,669.756,-67.517,-6.921,0.180
400.6392,-23.000,390.741,664.201,-62.053,-1.457,0.180
400.7381,-24.000,380.846,670.342,-70.071,-6.875,0.180
400.8363,-24.000,386.179,664.819,-64.643,-1.447,0.180
400.9343,-25.000,376.272,670.963,-72.669,-6.873,0.180
401.0326,-26.000,370.631,672.807,-76.411,-8.015,0.180
401.1299,-26.000,376.845,666.364,-70.083,-1.687,0.180
401.2382,-26.000,378.081,664.935,-68.751,-0.355,0.180
401.3357,-27.000,367.310,671.941,-77.639,-6.643,0.180
401.4332,-27.000,372.455,666.596,-72.394,-1.399,0.180
401.5312,-27.000,373.474,665.407,-71.290,-0.294,0.180
401.6302,-28.000,362.666,672.470,-80.226,-6.630,0.180
401.7291,-28.000,367.809,667.144,-74.992,-1.396,0.180
401.8358,-28.000,368.833,665.964,-73.890,-0.294,0.180
401.9316,-28.000,368.999,665.666,-73.658,-0.062,0.180
402.0293,-28.000,368.992,665.561,-73.609,-0.013,0.180
402.1371,-27.000,376.923,655.135,-64.430,6.566,0.180
402.2346,-27.000,372.179,660.758,-69.614,1.382,0.180
402.3305,-27.000,371.461,662.222,-70.705,0.291,0.180
402.4292,-27.000,371.549,662.769,-70.935,0.061,0.180
402.5359,-27.000,371.770,663.088,-70.983,0.013,0.180
402.6343,-26.000,379.958,652.959,-61.825,6.571,0.180
402.7342,-27.000,364.477,666.190,-76.181,-5.185,0.180
402.8329,-26.000,377.082,652.272,-62.919,5.477,0.180
402.9312,-26.000,373.701,657.538,-67.243,1.153,0.180
403.0383,-26.000,373.591,659.249,-68.153,0.243,0.180
403.1353,-25.000,382.049,649.753,-59.176,6.620,0.180
403.2330,-25.000,377.882,656.037,-64.402,1.394,0.180
403.3304,-25.000,377.681,658.037,-65.503,0.293,0.180
403.4283,-24.000,386.183,648.665,-56.566,6.630,0.180
403.5378,-24.000,382.079,655.030,-61.800,1.396,0.180
403.6353,-24.000,381.937,657.092,-62.902,0.294,0.180
403.7322,-23.000,390.490,647.773,-53.966,6.630,0.180
403.8311,-23.000,386.430,654.181,-59.200,1.396,0.180
403.9282,-23.000,386.326,656.281,-60.302,0.294,0.180
404.0272,-22.000,394.910,646.993,-51.366,6.630,0.180
404.1358,-22.000,390.877,653.428,-56.600,1.396,0.180
404.2337,-22.000,390.796,655.551,-57.702,0.294,0.180
404.3335,-22.000,391.432,656.651,-57.934,0.062,0.180
404.4322,-22.000,392.120,657.437,-57.983,0.013,0.180
404.5292,-23.000,381.769,665.443,-67.162,-6.566,0.180
404.6287,-23.000,387.455,660.762,-61.978,-1.382,0.180
404.7361,-23.000,388.974,660.098,-60.887,-0.291,0.180
404.8348,-23.000,389.567,660.232,-60.657,-0.061,0.180
404.9332,-24.000,378.955,667.861,-69.777,-6.581,0.180
405.0313,-24.000,384.384,662.898,-64.581,-1.386,0.180
405.1270,-25.000,374.707,669.370,-72.656,-6.860,0.180
405.2369,-24.000,388.229,653.724,-58.072,5.124,0.180
405.3364,-24.000,384.781,658.366,-62.117,1.079,0.180
405.4345,-23.000,392.405,649.357,-53.800,6.796,0.180
405.5339,-22.000,395.920,645.265,-49.997,7.999,0.180
405.6313,-22.000,390.860,652.835,-56.312,1.684,0.180
405.7277,-21.000,398.566,644.863,-48.473,6.923,0.180
405.8268,-19.000,410.325,631.077,-35.700,14.594,0.180
405.9373,-17.000,416.790,624.089,-28.974,16.209,0.180
406.0352,-16.000,414.656,629.378,-32.685,9.981,0.180
406.1328,-13.000,433.456,609.061,-13.127,21.807,0.180
406.2297,-12.000,428.001,619.826,-21.237,11.159,0.180
406.3273,-9.000,446.806,601.334,-2.589,22.055,0.180
406.4354,-8.000,441.955,613.052,-10.873,11.211,0.180
406.5343,-6.000,453.427,605.616,-1.419,15.497,0.180
406.6319,-5.000,453.851,612.224,-4.511,9.831,0.180
406.7324,-4.000,458.525,614.125,-3.125,8.638,0.180
406.8318,-4.000,455.980,625.261,-9.965,1.819,0.180
406.9309,-3.000,466.148,619.994,-2.248,6.951,0.180
407.0296,-3.000,464.227,629.081,-7.751,1.463,0.180
407.1304,-3.000,466.102,633.297,-8.922,0.308,0.180
407.2277,-4.000,457.458,643.519,-18.355,-6.504,0.180
407.3365,-4.000,464.742,640.576,-13.241,-1.369,0.180
407.4334,-4.000,467.647,641.360,-12.181,-0.288,0.180
407.5307,-4.000,469.422,642.722,-11.974,-0.061,0.180
407.6304,-3.000,478.756,633.654,-2.773,6.556,0.180
407.7299,-2.000,483.151,630.084,1.209,7.949,0.180
407.8289,-0.000,494.664,617.474,13.271,14.810,0.180
407.9278,1.000,492.879,620.726,10.752,9.686,0.180
408.0289,3.000,502.108,608.544,21.457,15.176,0.180
408.1265,5.000,506.634,600.307,27.839,16.332,0.180
408.2357,6.000,502.563,603.624,24.145,10.007,0.180
408.3340,8.000,510.622,590.725,34.624,15.244,0.180
408.4330,9.000,506.945,592.687,31.804,9.778,0.180
408.5319,10.000,507.418,590.157,33.306,8.627,0.180
408.6313,11.000,508.658,586.568,35.721,8.385,0.180
408.7287,11.000,502.598,593.632,29.158,1.765,0.180
408.8288,12.000,509.062,584.421,36.996,6.940,0.180
408.9277,13.000,511.351,579.197,40.753,8.029,0.180
409.0265,12.000,494.959,593.694,25.308,-4.878,0.180
409.1357,12.000,499.567,590.476,29.221,-1.027,0.180
409.2325,12.000,501.031,590.193,30.094,-0.216,0.180
409.3321,12.000,501.766,590.462,30.327,-0.046,0.180
409.4305,12.000,502.291,590.790,30.426,-0.010,0.180
409.5301,12.000,502.723,591.083,30.496,-0.002,0.180
409.6278,13.000,510.469,580.354,39.733,6.568,0.180
409.7265,13.000,505.584,585.703,34.616,1.383,0.180
409.8348,14.000,512.130,575.951,42.765,6.860,0.180
409.9344,13.000,496.552,589.405,28.249,-5.124,0.180
410.0335,14.000,508.635,574.915,41.536,5.490,0.180
410.1307,14.000,504.852,579.654,37.275,1.156,0.180
410.2281,14.000,504.418,580.899,36.435,0.243,0.180
410.3368,14.000,504.644,581.363,36.316,0.051,0.180
410.4357,13.000,494.596,589.598,27.174,-6.558,0.180
410.5338,13.000,500.570,585.082,32.419,-1.381,0.180
410.6306,12.000,491.973,592.518,24.403,-6.859,0.180
410.7278,12.000,498.458,588.048,29.880,-1.444,0.180
410.8336,10.000,479.769,603.648,12.736,-13.441,0.180
410.9320,9.000,481.746,602.646,14.225,-9.398,0.180
411.0298,8.000,480.753,605.068,12.518,-8.547,0.180
411.1266,7.000,479.275,608.360,10.134,-8.368,0.180
411.2348,5.000,467.442,619.935,-1.571,-14.898,0.180
411.3318,4.000,471.747,619.011,1.043,-9.705,0.180
411.4303,3.000,471.993,622.239,-0.448,-8.612,0.180
411.5267,1.000,461.036,634.349,-11.981,-14.950,0.180
411.6256,1.000,476.333,626.031,-0.173,-3.147,0.180
411.7332,-1.000,460.443,641.855,-16.031,-13.799,0.180
411.8302,-1.000,474.303,633.937,-5.141,-2.905,0.180
411.9281,-2.000,468.144,641.548,-12.027,-7.180,0.180
412.0262,-3.000,464.945,645.381,-15.542,-8.080,0.180
412.1333,-4.000,462.104,648.160,-18.353,-8.269,0.180
412.2312,-6.000,448.138,657.874,-30.192,-14.878,0.180
412.3288,-7.000,450.072,654.726,-27.651,-9.701,0.180
412.4264,-8.000,447.704,655.461,-29.203,-8.611,0.180
412.5346,-9.000,444.293,656.885,-31.620,-8.381,0.180
412.6317,-10.000,440.545,658.344,-34.224,-8.333,0.180
412.7310,-12.000,425.651,667.092,-46.045,-14.891,0.180
412.8281,-14.000,415.786,670.533,-52.698,-16.272,0.180
412.9266,-15.000,417.855,665.403,-49.098,-9.994,0.180
413.0343,-15.000,425.867,657.791,-41.286,-2.104,0.180
413.1297,-16.000,416.646,663.751,-48.877,-7.011,0.180
413.2289,-16.000,422.212,658.412,-43.425,-1.476,0.180
413.3284,-15.000,431.364,647.054,-33.169,6.258,0.180
413.4348,-15.000,426.909,652.634,-38.187,1.317,0.180
413.5316,-15.000,426.269,654.230,-39.305,0.277,0.180
413.6288,-14.000,434.352,644.560,-30.429,6.627,0.180
413.7276,-13.000,437.846,640.316,-26.560,7.964,0.180
413.8252,-13.000,432.673,647.852,-32.914,1.677,0.180
413.9335,-14.000,421.313,657.622,-43.479,-6.215,0.180
414.0293,-13.000,434.944,643.237,-29.471,5.260,0.180
414.1267,-14.000,420.930,656.011,-42.865,-5.461,0.180
414.2259,-15.000,415.168,660.120,-47.800,-7.718,0.180
414.3347,-16.000,411.007,662.275,-50.958,-8.193,0.180
414.4331,-16.000,418.040,656.537,-44.573,-1.725,0.180
414.5306,-18.000,397.922,670.557,-61.642,-13.500,0.180
414.6288,-19.000,397.920,667.774,-60.251,-9.411,0.180
414.7267,-20.000,394.698,668.030,-61.990,-8.550,0.180
414.8261,-20.000,401.687,661.519,-55.241,-1.800,0.180
414.9345,-20.000,403.311,660.301,-53.820,-0.379,0.180
415.0307,-19.000,411.653,649.905,-44.451,6.489,0.180
415.1293,-18.000,415.032,645.380,-40.499,7.934,0.180
415.2255,-16.000,425.634,632.003,-28.509,14.807,0.180
415.3334,-14.000,431.629,624.850,-21.935,16.254,0.180
415.4291,-12.000,437.179,619.516,-16.493,16.559,0.180
415.5245,-11.000,435.109,625.369,-20.454,10.054,0.180
415.6342,-10.000,438.196,626.098,-19.276,8.685,0.180
415.7347,-8.000,450.356,615.381,-7.837,14.965,0.180
415.8323,-8.000,442.113,630.851,-19.693,3.151,0.180
415.9302,-7.000,450.629,626.078,-13.049,7.232,0.180
416.0295,-6.000,455.948,624.540,-9.621,8.091,0.180
416.1280,-6.000,452.636,634.066,-16.039,1.703,0.180
416.2246,-5.000,461.875,627.710,-8.242,6.927,0.180
416.3327,-5.000,459.105,635.929,-13.736,1.458,0.180
416.4319,-5.000,460.244,639.423,-14.914,0.307,0.180
416.5297,-5.000,461.945,641.660,-15.182,0.065,0.180
416.6258,-4.000,471.515,633.037,-6.085,6.582,0.180
416.7327,-2.000,484.147,619.409,7.045,14.523,0.180
416.8297,-2.000,475.249,633.461,-4.431,3.057,0.180
416.9303,-0.000,490.962,617.329,11.492,13.781,0.180
417.0276,-0.000,482.905,631.030,0.613,2.901,0.180
417.1250,1.000,490.387,624.746,7.496,7.179,0.180
417.2334,2.000,494.106,621.443,11.007,8.080,0.180
417.3326,3.000,496.789,618.516,13.812,8.269,0.180
417.4302,3.000,491.672,626.424,7.299,1.741,0.180
417.5282,3.000,491.500,628.970,5.941,0.367,0.180
417.6250,3.000,492.235,630.252,5.667,0.077,0.180
417.7320,3.000,493.047,631.155,5.622,0.016,0.180
417.8285,2.000,483.404,639.854,-3.549,-6.565,0.180
417.9267,1.000,479.323,643.734,-7.530,-7.951,0.180
418.0249,-1.000,465.673,654.214,-19.595,-14.811,0.180
418.1312,-1.000,479.012,644.178,-7.908,-3.118,0.180
418.2323,-2.000,471.899,650.500,-14.625,-7.225,0.180
418.3294,-3.000,467.783,653.344,-18.105,-8.089,0.180
418.4256,-3.000,475.113,647.932,-11.734,-1.703,0.180
418.5235,-3.000,477.257,647.419,-10.405,-0.359,0.180
418.6312,-3.000,478.218,647.844,-10.138,-0.075,0.180
418.7272,-3.000,478.851,648.390,-10.094,-0.016,0.180
418.8255,-2.000,487.322,638.520,-0.923,6.565,0.180
418.9254,-2.000,483.034,644.619,-6.117,1.382,0.180
419.0337,-2.000,482.703,646.490,-7.218,0.291,0.180
419.1321,-1.000,491.090,637.011,1.715,6.630,0.180
419.2302,-1.000,486.887,643.286,-3.524,1.396,0.180
419.3304,-1.000,486.661,645.274,-4.631,0.294,0.180
419.4307,-1.000,487.172,646.260,-4.868,0.062,0.180
419.5275,-1.000,487.755,646.950,-4.922,0.013,0.180
419.6254,-1.000,488.280,647.506,-4.938,0.003,0.180
419.7237,-2.000,477.759,655.347,-14.119,-6.568,0.180
419.8320,-2.000,483.294,650.533,-8.944,-1.383,0.180
419.9298,-2.000,484.682,649.759,-7.863,-0.291,0.180
420.0296,-3.000,474.189,657.174,-16.817,-6.630,0.180
420.1285,-3.000,479.599,652.147,-11.598,-1.396,0.180
420.2295,-3.000,480.848,651.223,-10.512,-0.294,0.180
420.3270,-4.000,470.229,658.519,-19.469,-6.630,0.180
420.4261,-4.000,475.530,653.393,-14.256,-1.396,0.180
420.5247,-4.000,476.686,652.386,-13.175,-0.294,0.180
420.6326,-5.000,465.987,659.612,-22.137,-6.630,0.180
420.7293,-6.000,460.246,661.801,-26.102,-7.964,0.180
420.8268,-6.000,466.492,655.535,-19.846,-1.677,0.180
420.9236,-7.000,456.803,661.608,-27.727,-6.921,0.180
421.0307,-7.000,462.194,656.143,-22.299,-1.457,0.180
421.1274,-7.000,463.276,654.997,-21.185,-0.307,0.180
421.2270,-7.000,463.455,654.765,-20.979,-0.065,0.180
421.3237,-7.000,463.447,654.727,-20.965,-0.014,0.180
421.4229,-7.000,463.402,654.734,-20.990,-0.003,0.180
421.5241,-8.000,452.378,662.125,-30.198,-6.569,0.180
421.6308,-8.000,457.478,656.937,-25.054,-1.383,0.180
421.7264,-9.000,447.517,663.223,-33.177,-6.860,0.180
421.8239,-9.000,452.824,657.792,-27.808,-1.444,0.180
421.9311,-10.000,442.892,664.020,-35.889,-6.872,0.180
422.0302,-11.000,437.217,665.945,-39.689,-8.015,0.180
422.1294,-12.000,432.420,666.955,-42.592,-8.256,0.180
422.2303,-14.000,416.819,675.137,-54.484,-14.875,0.180
422.3292,-15.000,417.363,670.688,-51.987,-9.700,0.180
422.4293,-16.000,413.809,670.321,-53.580,-8.611,0.180
422.5305,-17.000,409.384,670.814,-56.039,-8.381,0.180
422.6287,-18.000,404.768,671.488,-58.685,-8.333,0.180
422.7260,-19.000,400.104,672.202,-61.373,-8.323,0.180
422.8238,-20.000,395.527,672.820,-63.971,-8.321,0.180
422.9311,-21.000,390.945,673.438,-66.571,-8.320,0.180
423.0274,-21.000,397.328,666.684,-60.002,-1.752,0.180
423.1253,-23.000,376.617,679.881,-76.956,-13.506,0.180
423.2332,-24.000,376.117,676.393,-75.462,-9.412,0.180
423.3312,-25.000,372.385,676.137,-77.201,-8.550,0.180
423.4303,-25.000,378.939,669.192,-70.451,-1.800,0.180
423.5271,-26.000,369.226,674.973,-78.198,-6.947,0.180
423.6236,-27.000,363.571,676.685,-81.882,-8.031,0.180
423.7314,-26.000,377.704,659.801,-66.373,4.878,0.180
423.8309,-25.000,382.153,653.615,-61.055,7.595,0.180
423.9322,-25.000,376.918,660.372,-67.052,1.599,0.180
424.0317,-24.000,384.271,651.913,-59.146,6.905,0.180
424.1297,-24.000,379.849,658.394,-64.597,1.454,0.180
424.2270,-24.000,379.577,660.417,-65.745,0.306,0.180
424.3249,-24.000,380.080,661.403,-65.986,0.064,0.180
424.4227,-23.000,388.630,651.718,-56.869,6.582,0.180
424.5316,-25.000,362.514,672.669,-80.402,-11.751,0.180
424.6306,-27.000,350.660,678.934,-89.461,-15.611,0.180
424.7263,-28.000,352.640,674.602,-86.306,-9.855,0.180
424.8228,-28.000,360.920,667.322,-78.525,-2.075,0.180
424.9217,-28.000,362.984,666.110,-76.887,-0.437,0.180
425.0289,-27.000,371.659,655.758,-67.374,6.476,0.180
425.1257,-27.000,367.333,661.659,-72.487,1.363,0.180
425.2244,-26.000,374.895,653.036,-64.395,6.855,0.180
425.3219,-25.000,378.500,649.129,-60.639,8.012,0.180
425.4282,-25.000,373.546,656.826,-66.964,1.687,0.180
425.5260,-25.000,373.381,659.323,-68.296,0.355,0.180
425.6238,-29.000,330.218,690.068,-105.250,-26.199,0.180
425.7232,-25.000,383.497,628.633,-47.893,20.758,0.180
425.8308,-23.000,385.580,626.818,-45.944,17.507,0.180
425.9305,-19.000,406.647,602.379,-23.190,29.959,0.180
426.0271,-14.000,427.331,578.828,-1.073,39.149,0.180
426.1248,-5.000,474.395,522.728,50.509,67.358,0.180
426.2315,-1.000,462.746,544.096,34.001,40.454,0.180
426.3288,1.000,456.281,564.822,20.405,21.654,0.180
426.4288,4.000,470.373,558.052,30.836,24.264,0.180
426.5265,6.000,473.598,562.851,30.049,18.245,0.180
426.6239,9.000,487.756,550.713,43.197,23.546,0.180
426.7226,9.000,474.572,574.614,24.654,4.957,0.180
426.8215,10.000,482.634,572.062,29.961,7.612,0.180
426.9302,10.000,480.518,581.861,24.004,1.603,0.180
427.0272,10.000,482.570,586.340,22.791,0.337,0.180
427.1253,10.000,485.131,589.330,22.576,0.071,0.180
427.2224,10.000,487.486,591.693,22.572,0.015,0.180
427.3313,10.000,489.532,593.658,22.612,0.003,0.180
427.4276,10.000,491.286,595.313,22.662,0.001,0.180
427.5230,10.000,492.786,596.710,22.713,0.000,0.180
427.6322,11.000,501.443,586.916,31.939,6.568,0.180
427.7211,12.000,504.705,582.088,35.984,7.951,0.180
427.8299,13.000,506.698,578.163,38.943,8.242,0.180
427.9278,13.000,500.938,585.282,32.503,1.735,0.180
428.0279,-27.000,98.633,919.191,-335.603,-262.372,0.180
428.1249,13.000,643.506,316.184,238.336,207.501,0.180
428.2233,15.000,504.571,468.052,92.935,56.821,0.180
428.3210,15.000,468.287,521.330,48.154,11.962,0.180
428.4314,18.000,488.265,504.998,66.309,22.224,0.180
428.5299,18.000,476.862,528.498,48.858,4.679,0.180
428.6288,19.000,485.777,526.266,54.431,7.553,0.180
428.7251,20.000,491.523,525.602,57.636,8.159,0.180
428.8209,20.000,488.742,535.702,51.195,1.718,0.180
428.9289,21.000,497.864,529.200,59.008,6.930,0.180
429.0259,21.000,495.007,537.285,53.537,1.459,0.180
429.1259,22.000,503.446,529.690,61.553,6.876,0.180
429.2249,22.000,499.876,536.977,56.125,1.447,0.180
429.3244,22.000,500.313,539.699,54.982,0.305,0.180
429.4225,21.000,491.047,549.251,45.573,-6.504,0.180
429.5231,21.000,497.803,545.738,50.708,-1.369,0.180
429.6219,19.000,479.624,561.873,33.551,-13.425,0.180
429.7285,18.000,482.080,561.280,35.075,-9.395,0.180
429.8251,17.000,481.508,564.035,33.412,-8.546,0.180
429.9226,16.000,480.398,567.601,31.074,-8.368,0.180
430.0211,15.000,479.258,571.429,28.590,-8.330,0.180
430.1310,15.000,488.554,567.417,35.244,-1.754,0.180
430.2304,14.000,481.889,576.174,27.533,-6.938,0.180
430.3290,14.000,489.828,573.013,33.083,-1.461,0.180
430.4251,13.000,482.711,581.792,25.135,-6.876,0.180
430.5219,13.000,490.413,578.502,30.631,-1.448,0.180
430.6206,13.000,493.498,579.167,31.841,-0.305,0.180
430.7290,12.000,485.027,588.426,22.976,-6.633,0.180
430.8286,11.000,481.787,592.936,19.101,-7.965,0.180
430.9271,11.000,490.171,588.630,25.446,-1.677,0.180
431.0243,10.000,482.912,596.956,17.653,-6.921,0.180
431.1243,10.000,490.382,593.394,23.170,-1.457,0.180
431.2257,9.000,482.871,601.826,15.199,-6.875,0.180
431.3246,8.000,479.864,606.216,11.499,-8.016,0.180
431.4220,8.000,488.322,601.934,17.869,-1.688,0.180
431.5292,7.000,481.096,610.308,10.070,-6.924,0.180
431.6292,7.000,488.587,606.794,15.572,-1.458,0.180
431.7269,5.000,470.717,623.244,-1.588,-13.444,0.180
431.8244,5.000,483.753,615.002,9.051,-2.830,0.180
431.9248,3.000,467.304,630.726,-7.035,-13.733,0.180
432.0226,2.000,470.479,630.533,-5.352,-9.460,0.180
432.1315,1.000,470.351,633.796,-7.047,-8.560,0.180
432.2289,-1.000,458.600,645.213,-18.631,-14.939,0.180
432.3277,-2.000,462.273,643.656,-16.016,-9.713,0.180
432.4279,-3.000,461.356,645.771,-17.532,-8.613,0.180
432.5266,-5.000,448.203,655.743,-29.094,-14.950,0.180
432.6231,-6.000,450.654,652.987,-26.491,-9.716,0.180
432.7209,-7.000,448.690,654.092,-28.026,-8.614,0.180
432.8291,-9.000,434.642,663.211,-39.609,-14.950,0.180
432.9285,-10.000,436.329,659.733,-37.027,-9.716,0.180
433.0268,-11.000,433.713,660.227,-38.582,-8.614,0.180
433.1253,-12.000,430.081,661.456,-41.012,-8.382,0.180
433.2229,-13.000,426.140,662.753,-43.631,-8.333,0.180
433.3268,-14.000,422.055,663.993,-46.293,-8.323,0.180
433.4244,-14.000,428.843,657.785,-39.796,-1.752,0.180
433.5238,-15.000,419.426,664.095,-47.659,-6.937,0.180
433.6225,-16.000,414.031,666.249,-51.434,-8.029,0.180
433.7206,-16.000,420.409,660.117,-45.178,-1.690,0.180
433.8298,-16.000,421.765,658.970,-43.927,-0.356,0.180
433.9264,-16.000,422.051,658.861,-43.729,-0.075,0.180
434.0258,-16.000,422.102,658.960,-43.753,-0.016,0.180
434.1232,-16.000,422.096,659.095,-43.824,-0.003,0.180
434.2205,-15.000,430.043,648.856,-34.731,6.568,0.180
434.3280,-15.000,425.306,654.646,-39.994,1.383,0.180
434.4293,-14.000,432.558,645.889,-31.990,6.860,0.180
434.5273,-13.000,435.903,641.864,-28.305,8.013,0.180
434.6231,-13.000,430.721,649.468,-34.698,1.687,0.180
434.7226,-12.000,438.325,641.523,-26.924,6.924,0.180
434.8204,-11.000,442.126,638.033,-23.278,8.026,0.180
434.9292,-10.000,445.337,635.685,-20.498,8.258,0.180
435.0269,-9.000,448.607,633.750,-17.896,8.307,0.180
435.1254,-9.000,444.069,642.422,-24.501,1.749,0.180
435.2225,-8.000,452.372,635.233,-16.755,6.937,0.180
435.3238,-7.000,456.801,632.350,-13.099,8.029,0.180
435.4197,-7.000,452.583,640.883,-19.474,1.690,0.180
435.5270,-6.000,461.020,633.714,-11.671,6.924,0.180
435.6234,-6.000,457.561,641.250,-17.169,1.458,0.180
435.7198,-5.000,466.086,633.791,-9.177,6.875,0.180
435.8189,-5.000,462.585,641.198,-14.631,1.447,0.180
435.9268,-5.000,463.076,644.027,-15.800,0.305,0.180
436.0244,-6.000,453.247,653.078,-25.240,-6.504,0.180
436.1238,-6.000,459.520,649.144,-20.136,-1.369,0.180
436.2216,-6.000,461.564,649.088,-19.087,-0.288,0.180
436.3291,-7.000,451.631,657.110,-28.064,-6.629,0.180
436.4261,-7.000,457.517,652.601,-22.867,-1.396,0.180
436.5230,-7.000,459.167,652.121,-21.801,-0.294,0.180
436.6222,-7.000,459.860,652.422,-21.606,-0.062,0.180
436.7194,-7.000,460.295,652.832,-21.593,-0.013,0.180
436.8180,-7.000,460.628,653.218,-21.619,-0.003,0.180
436.9261,-7.000,460.899,653.557,-21.654,-0.001,0.180
437.0246,-7.000,461.122,653.853,-21.690,-0.000,0.180
437.1211,-7.000,461.307,654.110,-21.726,-0.000,0.180
437.2184,-7.000,461.458,654.334,-21.762,-0.000,0.180
437.3272,-7.000,461.581,654.529,-21.799,-0.000,0.180
437.4232,-7.000,461.680,654.701,-21.835,-0.000,0.180
437.5201,-7.000,461.759,654.853,-21.871,-0.000,0.180
437.6285,-8.000,450.847,662.361,-31.082,-6.568,0.180
437.7183,-8.000,456.044,657.270,-25.938,-1.383,0.180
437.8263,-8.000,457.139,656.265,-24.887,-0.291,0.180
437.9242,-9.000,446.392,663.489,-33.873,-6.630,0.180
438.0220,-9.000,451.582,658.304,-28.686,-1.396,0.180
438.1307,-10.000,441.666,664.625,-36.804,-6.862,0.180
438.2281,-10.000,447.003,659.231,-31.439,-1.445,0.180
438.3264,-10.000,448.068,658.119,-30.350,-0.304,0.180
438.4246,-10.000,448.236,657.911,-30.162,-0.064,0.180
438.5205,-11.000,437.243,665.269,-39.337,-6.582,0.180
438.6297,-11.000,442.338,660.085,-34.198,-1.386,0.180
438.7284,-11.000,443.337,659.010,-33.161,-0.292,0.180
438.8272,-12.000,432.504,666.178,-42.162,-6.630,0.180
438.9274,-12.000,437.618,660.949,-36.990,-1.396,0.180
439.0264,-12.000,438.609,659.861,-35.951,-0.294,0.180
439.1286,-12.000,438.737,659.650,-35.781,-0.062,0.180
439.2273,-12.000,438.688,659.628,-35.795,-0.013,0.180
439.3273,-12.000,438.606,659.650,-35.847,-0.003,0.180
439.4274,-12.000,438.520,659.685,-35.907,-0.001,0.180
439.5249,-12.000,438.437,659.725,-35.969,-0.000,0.180
439.6218,-12.000,438.356,659.769,-36.031,-0.000,0.180
439.7201,-12.000,438.278,659.816,-36.093,-0.000,0.180
439.8186,-12.000,438.202,659.865,-36.156,-0.000,0.180
439.9186,-12.000,438.128,659.916,-36.218,-0.000,0.180
440.0278,-12.000,438.056,659.969,-36.281,-0.000,0.180
440.1257,-12.000,437.986,660.023,-36.343,-0.000,0.180
440.2230,-12.000,437.917,660.079,-36.405,-0.000,0.180
440.3210,-12.000,437.848,660.135,-36.468,-0.000,0.180
440.4193,-12.000,437.781,660.193,-36.530,-0.000,0.180
440.5262,-12.000,437.714,660.251,-36.593,-0.000,0.180
440.6237,-12.000,437.648,660.309,-36.655,-0.000,0.180
440.7213,-12.000,437.583,660.369,-36.717,-0.000,0.180
440.8177,-12.000,437.518,660.429,-36.780,-0.000,0.180
440.9290,-12.000,437.453,660.489,-36.842,-0.000,0.180
441.0273,-12.000,437.389,660.549,-36.905,-0.000,0.180
441.1239,-12.000,437.325,660.610,-36.967,-0.000,0.180
441.2210,-12.000,437.261,660.671,-37.029,-0.000,0.180
441.3191,-12.000,437.197,660.732,-37.092,-0.000,0.180
441.4274,-11.000,445.108,650.420,-27.981,6.568,0.180
441.5248,-11.000,440.344,656.142,-33.223,1.383,0.180
441.6227,-11.000,439.602,657.698,-34.372,0.291,0.180
441.7205,-11.000,439.662,658.331,-34.659,0.061,0.180
441.8185,-10.000,447.824,648.358,-25.591,6.581,0.180
441.9268,-10.000,443.306,654.336,-30.839,1.386,0.180
442.0234,-9.000,450.755,645.728,-22.811,6.860,0.180
442.1312,-9.000,446.299,652.199,-28.274,1.444,0.180
442.2273,-9.000,445.969,654.242,-29.461,0.304,0.180
442.3256,-8.000,454.384,644.883,-20.574,6.632,0.180
442.4240,-7.000,458.178,640.886,-16.678,7.965,0.180
442.5222,-7.000,453.268,648.624,-23.003,1.677,0.180
442.6300,-6.000,461.083,640.813,-15.189,6.921,0.180
442.7275,-6.000,457.089,647.810,-20.685,1.457,0.180
442.8250,-5.000,465.157,639.894,-12.693,6.875,0.180
442.9220,-4.000,469.242,636.539,-8.973,8.016,0.180
443.0184,-4.000,464.703,644.698,-15.322,1.688,0.180
443.1288,-3.000,472.862,637.216,-7.501,6.924,0.180
443.2163,-2.000,477.142,634.112,-3.809,8.026,0.180
443.3246,-1.000,480.769,632.085,-0.983,8.258,0.180
443.4214,-1.000,502.675,646.129,-8.253,1.704,0.320
443.5177,-0.000,541.785,640.191,4.750,11.907,0.320
443.6254,1.000,570.855,643.253,9.661,14.013,0.320
443.7236,2.000,596.603,648.752,12.907,14.447,0.320
443.8209,2.000,608.162,671.526,1.452,2.981,0.320
443.9203,3.000,640.198,669.609,13.458,12.171,0.320
444.0165,3.000,651.468,691.714,3.816,2.511,0.320
444.1244,3.000,669.654,706.672,1.840,0.518,0.320
444.2221,3.000,688.785,720.487,1.445,0.107,0.320
444.3186,3.000,707.701,734.351,1.377,0.022,0.320
444.4180,2.000,710.783,761.746,-12.985,-11.551,0.320
444.5177,2.000,738.677,767.533,-3.806,-2.384,0.320
444.6289,1.000,743.433,794.019,-16.265,-12.047,0.320
444.7276,-0.000,756.079,813.545,-21.059,-14.042,0.320
444.8252,-2.000,753.372,843.692,-38.637,-26.009,0.320
444.9208,-2.000,792.030,839.132,-18.006,-5.367,0.320
445.0179,-3.000,797.708,863.373,-28.119,-12.663,0.320
445.1164,-5.000,792.489,894.118,-46.808,-25.724,0.320
445.2233,-7.000,797.151,914.247,-55.143,-28.419,0.320
445.3201,-8.000,819.820,919.585,-46.988,-17.420,0.320
445.4181,-9.000,833.544,933.602,-47.569,-15.150,0.320
445.5156,-10.000,845.282,949.378,-49.956,-14.682,0.320
445.6242,-10.000,872.773,953.049,-38.360,-3.030,0.320
445.7214,-10.000,891.019,966.065,-36.012,-0.625,0.320
445.8192,-11.000,891.079,993.513,-49.933,-11.685,0.320
445.9170,-12.000,899.780,1012.128,-55.082,-13.967,0.320
446.0268,-12.000,926.458,1016.443,-44.065,-2.882,0.320
446.1253,-14.000,911.814,1054.526,-70.567,-23.706,0.320
446.2239,-14.000,930.102,1035.105,-51.831,-4.892,0.320
446.3214,-14.000,933.525,1030.719,-48.027,-1.009,0.320
446.4207,-15.000,917.642,1041.942,-61.666,-11.764,0.320
446.5187,-16.000,910.206,1044.579,-66.775,-13.983,0.320
446.6183,-17.000,904.455,1045.410,-70.128,-14.441,0.320
446.7172,-17.000,915.282,1033.401,-58.762,-2.980,0.320
446.8229,-18.000,900.813,1043.025,-70.853,-12.170,0.320
446.9197,-18.000,909.850,1032.870,-61.295,-2.511,0.320
447.0185,-19.000,895.019,1042.911,-73.764,-12.074,0.320
447.1248,-20.000,887.817,1045.201,-78.537,-14.047,0.320
447.2233,-21.000,882.126,1045.878,-81.744,-14.454,0.320
447.3216,-22.000,876.710,1046.190,-84.628,-14.538,0.320
447.4204,-23.000,871.321,1046.402,-87.445,-14.555,0.320
447.5171,-24.000,865.911,1046.571,-90.249,-14.559,0.320
447.6243,-24.000,876.751,1034.277,-78.694,-3.004,0.320
447.7214,-25.000,862.252,1043.700,-90.665,-12.175,0.320
447.8195,-25.000,871.266,1033.370,-81.002,-2.512,0.320
447.9162,-25.000,872.709,1030.810,-79.008,-0.518,0.320
448.0246,-26.000,856.376,1042.353,-92.952,-11.663,0.320
448.1192,-27.000,848.826,1044.991,-98.052,-13.962,0.320
448.2182,-28.000,843.049,1045.754,-101.327,-14.437,0.320
448.3200,-29.000,837.603,1046.096,-104.224,-14.535,0.320
448.4173,-30.000,832.198,1046.325,-107.045,-14.555,0.320
448.5177,-32.000,810.501,1058.941,-124.204,-26.114,0.320
448.6154,-33.000,814.094,1049.789,-117.834,-16.944,0.320
448.7246,-36.000,777.855,1072.784,-147.453,-38.163,0.320
448.8248,-38.000,774.465,1066.236,-145.876,-30.986,0.320
448.9224,-39.000,781.559,1052.854,-135.639,-17.949,0.320
449.0195,-40.000,778.358,1049.871,-135.749,-15.259,0.320
449.1181,-40.000,789.341,1036.631,-123.639,-3.149,0.320
449.2189,-40.000,790.882,1033.172,-121.140,-0.650,0.320
449.3179,-39.000,803.859,1016.405,-106.268,11.421,0.320
449.4145,-36.000,834.511,979.051,-72.266,37.023,0.320
449.5234,-31.000,873.157,932.908,-29.872,65.418,0.320
449.6206,-24.000,918.482,881.092,18.698,94.388,0.320
449.7183,-5.000,1103.520,670.495,216.514,239.032,0.320
449.8154,5.000,1060.033,719.257,170.390,164.880,0.320
449.9223,11.000,1021.094,769.641,125.728,103.356,0.320
450.0189,16.000,1015.196,784.066,115.567,79.105,0.320
450.1153,20.000,1013.281,792.870,110.207,62.546,0.320
450.2149,23.000,1009.876,802.610,103.634,47.573,0.320
450.3249,25.000,1004.184,815.007,94.589,32.928,0.320
450.4219,28.000,1021.207,798.163,111.523,41.461,0.320
450.5195,30.000,1017.748,803.094,107.328,31.667,0.320
450.6183,32.000,1021.113,799.301,110.907,29.645,0.320
450.7160,34.000,1025.274,793.095,116.090,29.228,0.320
450.8156,36.000,1029.079,785.873,121.604,29.142,0.320
450.9239,37.000,1019.933,794.273,112.830,17.569,0.320
451.0220,40.000,1044.480,760.574,141.953,38.292,0.320
451.1191,41.000,1027.135,775.298,125.918,19.457,0.320
451.2165,43.000,1036.950,758.576,139.187,27.126,0.320
451.3194,45.000,1040.357,747.618,146.370,28.709,0.320
451.4154,47.000,1042.234,737.642,152.296,29.035,0.320
451.5137,49.000,1043.620,727.693,157.964,29.102,0.320
451.6233,51.000,1044.754,717.599,163.578,29.116,0.320
451.7224,53.000,1045.710,707.349,169.181,29.119,0.320
451.8202,54.000,1034.084,713.233,160.426,17.564,0.320
451.9176,55.000,1031.640,709.958,160.841,15.180,0.320
452.0150,56.000,1031.097,704.799,163.149,14.688,0.320
452.1240,57.000,1030.952,699.257,165.848,14.586,0.320
452.2208,58.000,1030.894,693.641,168.627,14.565,0.320
452.3193,59.000,1030.859,688.014,171.422,14.561,0.320
452.4176,59.000,1018.396,698.664,159.866,3.005,0.320
452.5153,60.000,1027.676,684.002,171.837,12.176,0.320
452.6224,60.000,1017.226,692.879,162.174,2.512,0.320
452.7222,60.000,1014.563,694.204,160.180,0.518,0.320
452.8234,61.000,1026.018,677.771,174.124,11.663,0.320
452.9208,60.000,1000.712,699.687,150.512,-9.149,0.320
453.0191,60.000,1008.032,692.485,157.773,-1.888,0.320
453.1187,59.000,994.145,704.312,144.916,-11.945,0.320
453.2178,59.000,1004.249,695.457,154.396,-2.465,0.320
453.3157,58.000,991.301,707.307,141.997,-12.064,0.320
453.4144,58.000,1001.909,698.765,151.572,-2.489,0.320
453.5239,57.000,989.328,710.943,139.192,-12.069,0.320
453.6197,55.000,969.364,729.244,120.060,-25.602,0.320
453.7177,54.000,976.540,724.494,126.023,-16.838,0.320
453.8163,54.000,992.435,713.662,139.387,-3.475,0.320
453.9238,53.000,981.909,726.331,127.789,-12.273,0.320
454.0210,51.000,963.189,745.553,108.818,-25.644,0.320
454.1181,50.000,971.318,741.690,114.814,-16.847,0.320
454.2162,49.000,972.567,744.908,113.829,-15.032,0.320
454.3131,47.000,957.024,762.927,97.048,-26.213,0.320
454.4201,46.000,966.445,759.452,103.497,-16.965,0.320
454.5179,43.000,937.629,789.841,73.894,-38.167,0.320
454.6143,41.000,942.218,791.269,75.474,-30.987,0.320
454.7142,40.000,956.932,785.509,85.712,-17.950,0.320
454.8241,38.000,945.613,803.120,71.246,-26.815,0.320
454.9197,35.000,926.262,827.339,49.461,-40.200,0.320
455.0171,33.000,933.864,828.554,52.655,-31.406,0.320
455.1141,30.000,919.231,850.203,34.514,-41.147,0.320
455.2228,28.000,928.498,851.579,38.459,-31.602,0.320
455.3198,25.000,914.795,873.848,20.474,-41.188,0.320
455.4179,22.000,909.318,889.126,10.096,-43.166,0.320
455.5147,19.000,906.041,903.254,1.394,-43.574,0.320
455.6243,16.000,903.518,917.520,-7.001,-43.658,0.320
455.7232,14.000,916.866,918.835,-0.984,-32.120,0.320
455.8217,11.000,905.344,942.339,-18.497,-41.295,0.320
455.9192,8.000,901.449,958.940,-28.746,-43.188,0.320
456.0168,6.000,914.787,961.081,-23.147,-32.023,0.320
456.1136,2.000,888.050,998.336,-55.143,-52.830,0.320
456.2219,1.000,925.018,980.147,-27.565,-22.457,0.320
456.3205,-2.000,904.325,1009.964,-52.819,-39.301,0.320
456.4188,-5.000,895.038,1024.484,-64.723,-42.776,0.320
456.5155,-7.000,903.122,1022.170,-59.524,-31.938,0.320
456.6222,-9.000,901.320,1027.196,-62.938,-29.701,0.320
456.7193,-11.000,896.650,1032.926,-68.138,-29.240,0.320
456.8156,-13.000,890.683,1038.114,-73.715,-29.145,0.320
456.9133,-15.000,883.848,1042.608,-79.380,-29.125,0.320
457.0209,-16.000,892.603,1034.022,-70.710,-17.565,0.320
457.1186,-18.000,875.464,1046.625,-85.581,-26.736,0.320
457.2155,-19.000,881.373,1039.021,-78.824,-17.072,0.320
457.3128,-20.000,879.426,1038.686,-79.630,-15.078,0.320
457.4213,-21.000,875.648,1039.685,-82.018,-14.667,0.320
457.5190,-22.000,871.332,1040.799,-84.734,-14.582,0.320
457.6173,-23.000,866.768,1041.801,-87.516,-14.565,0.320
457.7153,-23.000,878.314,1030.228,-75.957,-3.005,0.320
457.8232,-24.000,864.412,1040.266,-87.927,-12.176,0.320
457.9207,-25.000,857.657,1042.897,-92.620,-14.068,0.320
458.0188,-26.000,852.294,1043.914,-95.810,-14.458,0.320
458.1167,-27.000,847.147,1044.528,-98.691,-14.539,0.320
458.2159,-27.000,858.259,1032.562,-87.152,-3.000,0.320
458.3143,-28.000,844.002,1042.254,-99.126,-12.175,0.320
458.4146,-29.000,836.948,1044.587,-103.819,-14.068,0.320
458.5248,-29.000,847.607,1032.916,-92.654,-2.903,0.320
458.6137,-30.000,833.205,1042.617,-104.706,-12.155,0.320
458.7209,-30.000,842.354,1032.473,-95.060,-2.508,0.320
458.8174,-30.000,843.921,1030.059,-93.069,-0.518,0.320
458.9150,-31.000,827.697,1041.724,-107.014,-11.662,0.320
459.0130,-31.000,836.515,1032.031,-97.758,-2.407,0.320
459.1208,-31.000,838.053,1029.749,-95.848,-0.497,0.320
459.2170,-31.000,838.131,1029.039,-95.454,-0.102,0.320
459.3141,-31.000,837.943,1028.688,-95.373,-0.021,0.320
459.4130,-30.000,851.007,1013.008,-81.000,11.551,0.320
459.5215,-31.000,825.952,1034.999,-104.523,-9.172,0.320
459.6181,-31.000,833.429,1027.917,-97.244,-1.893,0.320
459.7151,-30.000,848.374,1011.147,-81.386,11.165,0.320
459.8165,-30.000,840.238,1020.733,-90.248,2.304,0.320
459.9126,-29.000,852.301,1007.742,-77.721,12.031,0.320
460.0227,-29.000,843.858,1018.396,-87.269,2.483,0.320
460.1118,-28.000,856.103,1005.871,-74.884,12.068,0.320
460.2216,-27.000,861.182,1001.394,-70.106,14.046,0.320
460.3195,-26.000,865.066,998.861,-66.898,14.454,0.320
460.4187,-25.000,868.944,996.971,-64.013,14.538,0.320
460.5178,-25.000,859.751,1010.855,-75.552,3.000,0.320
460.6152,-23.000,885.915,984.358,-49.221,23.730,0.320
460.7123,-22.000,883.216,990.614,-53.699,16.452,0.320
460.8213,-21.000,886.445,991.248,-52.401,14.950,0.320
460.9185,-20.000,930.559,940.193,-4.817,5.557,0.180
461.0178,-18.000,923.805,934.468,-5.331,4.159,0.180
461.1184,-17.000,916.901,930.064,-6.582,2.474,0.180
461.2187,-15.000,910.496,920.278,-4.891,3.278,0.180
461.3156,-14.000,902.646,913.666,-5.510,2.222,0.180
461.4154,-13.000,894.787,905.533,-5.373,1.921,0.180
461.5161,-12.000,886.493,896.533,-5.020,1.834,0.180
461.6135,-12.000,877.412,890.095,-6.341,0.524,0.180
461.7139,-11.000,868.818,878.798,-4.990,1.435,0.180
461.8204,-10.000,859.216,867.793,-4.288,1.696,0.180
461.9178,-10.000,848.828,859.845,-5.509,0.485,0.180
462.0145,-9.000,839.067,847.321,-4.127,1.424,0.180
462.1121,-9.000,828.161,838.466,-5.152,0.407,0.180
462.2121,-9.000,817.553,828.456,-5.451,0.116,0.180
462.3119,-8.000,807.087,814.698,-3.806,1.319,0.180
462.4214,-8.000,795.432,804.942,-4.755,0.377,0.180
462.5106,-8.000,784.146,794.209,-5.031,0.108,0.180
462.6195,-7.000,773.091,779.849,-3.379,1.316,0.180
462.7181,-7.000,760.933,769.584,-4.326,0.376,0.180
462.8186,-6.000,749.515,755.243,-2.864,1.393,0.180
462.9182,-6.000,737.157,744.886,-3.864,0.398,0.180
463.0159,-6.000,725.303,733.611,-4.154,0.114,0.180
463.1136,-6.000,713.478,721.959,-4.241,0.032,0.180
463.2115,-6.000,701.561,710.100,-4.269,0.009,0.180
463.3108,-6.000,689.534,698.097,-4.281,0.003,0.180
463.4200,-7.000,674.108,686.158,-6.025,-1.285,0.180
463.5167,-7.000,662.979,673.207,-5.114,-0.367,0.180
463.6132,-9.000,644.498,661.161,-8.331,-2.676,0.180
463.7121,-9.000,634.518,647.373,-6.428,-0.765,0.180
463.8197,-9.000,623.045,634.824,-5.889,-0.218,0.180
463.9171,-10.000,607.777,622.733,-7.478,-1.348,0.180
464.0155,-10.000,596.693,609.741,-6.524,-0.385,0.180
464.1133,-10.000,584.818,597.334,-6.258,-0.110,0.180
464.2110,-11.000,569.360,585.210,-7.925,-1.317,0.180
464.3196,-10.000,558.456,568.971,-5.257,0.909,0.180
464.4208,-10.000,558.584,570.416,-5.916,0.260,0.180
464.5190,-10.000,559.058,571.280,-6.111,0.074,0.180
464.6159,-10.000,559.565,571.910,-6.173,0.021,0.180
464.7129,-9.000,560.320,569.241,-4.460,1.292,0.180
464.8119,-7.000,560.669,564.505,-1.918,2.941,0.180
464.9212,-2.000,561.182,551.864,4.659,7.269,0.180
465.0204,-2.000,558.333,559.403,-0.535,2.077,0.180
465.1187,-0.000,559.435,556.529,1.453,3.165,0.180
465.2147,1.000,559.597,557.739,0.929,2.190,0.180
465.3129,3.000,560.471,554.793,2.839,3.197,0.180
465.4218,7.000,561.015,546.006,7.504,6.056,0.180
465.5222,10.000,559.328,543.328,8.000,5.588,0.180
465.6193,11.000,558.561,546.263,6.149,2.882,0.180
465.7172,13.000,559.288,544.141,7.574,3.395,0.180
465.8165,15.000,559.001,543.001,8.000,3.541,0.180
465.9135,17.000,558.274,542.274,8.000,3.583,0.180
466.0101,19.000,557.537,541.537,8.000,3.595,0.180
466.1102,20.000,558.350,542.350,8.000,2.313,0.180
466.2181,22.000,557.421,541.421,8.000,3.232,0.180
466.3175,23.000,558.072,542.072,8.000,2.209,0.180
466.4139,24.000,558.565,542.565,8.000,1.917,0.180
466.5136,25.000,558.924,542.924,8.000,1.833,0.180
466.6109,27.000,557.609,541.609,8.000,3.095,0.180
466.7188,27.000,559.491,543.491,8.000,0.884,0.180
466.8165,29.000,557.971,541.971,8.000,2.824,0.180
466.9129,29.000,559.679,543.679,8.000,0.807,0.180
467.0116,31.000,558.011,542.011,8.000,2.802,0.180
467.1092,32.000,558.033,542.033,8.000,2.086,0.180
467.2180,33.000,557.992,541.992,8.000,1.882,0.180
467.3157,34.000,557.897,541.897,8.000,1.823,0.180
467.4135,35.000,557.756,541.756,8.000,1.807,0.180
467.5114,36.000,557.577,541.577,8.000,1.802,0.180
467.6107,36.000,558.924,542.924,8.000,0.515,0.180
467.7088,37.000,558.509,542.509,8.000,1.433,0.180
467.8170,37.000,559.656,543.656,8.000,0.409,0.180
467.9165,38.000,559.072,543.072,8.000,1.403,0.180
468.0135,39.000,558.515,542.515,8.000,1.686,0.180
468.1141,39.000,559.541,543.541,8.000,0.482,0.180
468.2130,40.000,558.854,542.854,8.000,1.423,0.180
468.3122,40.000,559.769,543.769,8.000,0.407,0.180
468.4101,41.000,558.988,542.988,8.000,1.402,0.180
468.5173,42.000,558.263,542.263,8.000,1.686,0.180
468.6147,43.000,557.588,541.588,8.000,1.768,0.180
468.7107,43.000,558.513,542.513,8.000,0.505,0.180
468.8092,44.000,557.740,541.740,8.000,1.430,0.180
468.9181,44.000,558.583,542.583,8.000,0.409,0.180
469.0161,45.000,557.739,541.739,8.000,1.402,0.180
469.1124,45.000,558.522,542.522,8.000,0.401,0.180
469.2190,46.000,557.627,541.627,8.000,1.400,0.180
469.3156,46.000,558.367,542.367,8.000,0.400,0.180
469.4117,47.000,557.436,541.436,8.000,1.400,0.180
469.5117,47.000,558.144,542.144,8.000,0.400,0.180
469.6102,47.000,558.746,542.746,8.000,0.114,0.180
469.7193,47.000,559.258,543.258,8.000,0.033,0.180
469.8182,48.000,558.133,542.133,8.000,1.295,0.180
469.9175,48.000,558.677,542.677,8.000,0.370,0.180
470.0159,48.000,559.139,543.139,8.000,0.106,0.180
470.1130,49.000,557.972,541.972,8.000,1.316,0.180
470.2092,49.000,558.480,542.480,8.000,0.376,0.180
470.3086,49.000,558.912,542.912,8.000,0.107,0.180
470.4182,49.000,559.279,543.279,8.000,0.031,0.180
470.5148,49.000,559.591,543.591,8.000,0.009,0.180
470.6123,49.000,559.856,543.856,8.000,0.003,0.180
470.7187,49.000,560.081,544.081,8.000,0.001,0.180
470.8177,49.000,560.273,544.273,8.000,0.000,0.180
470.9148,49.000,560.436,544.436,8.000,0.000,0.180
471.0145,48.000,559.134,543.134,8.000,-1.286,0.180
471.1132,48.000,559.528,543.528,8.000,-0.367,0.180
471.2116,48.000,559.862,543.862,8.000,-0.105,0.180
471.3104,48.000,560.147,544.147,8.000,-0.030,0.180
471.4088,47.000,558.948,542.948,8.000,-1.294,0.180
471.5168,47.000,559.430,543.430,8.000,-0.370,0.180
471.6138,47.000,559.839,543.839,8.000,-0.106,0.180
471.7100,47.000,560.187,544.187,8.000,-0.030,0.180
471.8090,47.000,560.483,544.483,8.000,-0.009,0.180
471.9162,46.000,559.294,543.294,8.000,-1.288,0.180
472.0142,46.000,559.784,543.784,8.000,-0.368,0.180
472.1116,46.000,560.200,544.200,8.000,-0.105,0.180
472.2168,45.000,559.114,543.114,8.000,-1.316,0.180
472.3167,45.000,559.690,543.690,8.000,-0.376,0.180
472.4143,45.000,560.181,544.181,8.000,-0.107,0.180
472.5109,44.000,559.157,543.157,8.000,-1.316,0.180
472.6093,44.000,559.787,543.787,8.000,-0.376,0.180
472.7172,44.000,560.323,544.323,8.000,-0.107,0.180
472.8168,44.000,560.778,544.778,8.000,-0.031,0.180
472.9135,43.000,559.725,543.725,8.000,-1.294,0.180
473.0104,42.000,558.890,542.890,8.000,-1.656,0.180
473.1087,42.000,559.680,543.680,8.000,-0.473,0.180
473.2170,41.000,558.912,542.912,8.000,-1.421,0.180
473.3165,41.000,559.759,543.759,8.000,-0.406,0.180
473.4134,40.000,559.039,543.039,8.000,-1.402,0.180
473.5107,39.000,558.487,542.487,8.000,-1.686,0.180
473.6090,39.000,559.518,543.518,8.000,-0.482,0.180
473.7075,38.000,558.954,542.954,8.000,-1.423,0.180
473.8144,38.000,559.974,543.974,8.000,-0.407,0.180
473.9117,37.000,559.402,543.402,8.000,-1.402,0.180
474.0096,37.000,560.415,544.415,8.000,-0.401,0.180
474.1178,36.000,559.837,543.837,8.000,-1.400,0.180
474.2147,35.000,559.405,543.405,8.000,-1.686,0.180
474.3129,35.000,560.538,544.538,8.000,-0.482,0.180
474.4122,33.000,558.621,542.621,8.000,-2.709,0.180
474.5114,31.000,557.112,541.112,8.000,-3.345,0.180
474.6069,28.000,552.670,540.347,6.162,-4.813,0.180
474.7172,26.000,552.044,539.788,6.128,-3.947,0.180
474.8147,24.000,551.008,540.057,5.476,-3.699,0.180
474.9144,22.000,549.973,540.680,4.646,-3.628,0.180
475.0124,21.000,552.213,541.209,5.502,-2.322,0.180
475.1085,19.000,550.215,542.801,3.707,-3.235,0.180
475.2175,18.000,552.194,543.598,4.298,-2.210,0.180
475.3076,18.000,556.468,544.682,5.893,-0.631,0.180
475.4165,17.000,556.036,546.789,4.623,-1.466,0.180
475.5146,17.000,559.310,547.939,5.686,-0.419,0.180
475.6137,16.000,558.328,549.801,4.264,-1.405,0.180
475.7137,16.000,561.220,550.657,5.282,-0.402,0.180
475.8111,16.000,563.115,551.948,5.583,-0.115,0.180
475.9068,15.000,561.388,553.503,3.943,-1.318,0.180
476.0147,15.000,563.771,553.974,4.898,-0.377,0.180
476.1139,14.000,562.089,555.201,3.444,-1.393,0.180
476.2143,13.000,561.228,555.797,2.715,-1.684,0.180
476.3123,13.000,563.829,555.969,3.930,-0.481,0.180
476.4117,13.000,565.363,556.793,4.285,-0.137,0.180
476.5105,13.000,566.475,557.685,4.395,-0.039,0.180
476.6101,12.000,564.190,558.794,2.698,-1.297,0.180
476.7088,11.000,562.950,559.153,1.899,-1.656,0.180
476.8146,11.000,565.269,559.086,3.092,-0.473,0.180
476.9129,11.000,566.574,559.695,3.440,-0.135,0.180
477.0093,11.000,567.494,560.402,3.546,-0.039,0.180
477.1096,10.000,565.047,561.353,1.847,-1.297,0.180
477.2074,10.000,566.846,561.281,2.782,-0.371,0.180
477.3156,9.000,564.677,562.039,1.319,-1.392,0.180
477.4128,8.000,563.403,562.233,0.585,-1.683,0.180
477.5102,8.000,565.653,562.065,1.794,-0.481,0.180
477.6072,8.000,566.889,562.599,2.145,-0.137,0.180
477.7148,8.000,567.746,563.246,2.250,-0.039,0.180
477.8152,7.000,565.244,564.146,0.549,-1.297,0.180
477.9156,7.000,566.996,564.033,1.482,-0.371,0.180
478.0127,4.000,558.434,565.349,-3.457,-3.963,0.180
478.1099,2.000,556.335,564.528,-4.096,-3.704,0.180
478.2083,2.000,560.742,563.639,-1.449,-1.058,0.180
478.3075,3.000,563.171,561.080,1.045,0.983,0.180
478.4163,3.000,563.916,563.225,0.346,0.281,0.180
478.5135,3.000,564.946,564.651,0.148,0.080,0.180
478.6109,3.000,565.936,565.750,0.093,0.023,0.180
499.3118,3.000,118.201,-88.519,103.360,94.957,0.320
499.3998,3.000,57.672,1.644,28.014,19.594,0.320
499.5078,2.000,41.678,45.440,-1.881,-7.512,0.320
499.6058,3.000,75.796,38.889,18.454,10.005,0.320
499.7040,3.000,83.476,62.417,10.530,2.065,0.320
499.8020,3.000,97.504,79.689,8.908,0.426,0.320
499.8998,3.000,112.873,95.700,8.586,0.088,0.320
500.0098,3.000,128.544,111.477,8.534,0.018,0.320
500.1101,2.000,128.858,140.508,-5.825,-11.552,0.320
500.2097,3.000,166.837,131.407,17.715,9.172,0.320
500.3085,3.000,175.735,154.830,10.453,1.893,0.320
500.4054,3.000,190.374,172.439,8.967,0.391,0.320
500.5030,2.000,190.732,202.105,-5.687,-11.475,0.320
500.6005,3.000,228.939,193.354,17.793,9.188,0.320
500.7086,3.000,238.070,217.035,10.518,1.896,0.320
500.8073,2.000,237.474,248.137,-5.331,-11.164,0.320
500.9050,2.000,263.198,256.117,3.540,-2.304,0.320
501.0012,2.000,281.749,270.989,5.380,-0.475,0.320
501.0994,2.000,298.729,287.192,5.768,-0.098,0.320
501.2077,2.000,315.309,303.594,5.858,-0.020,0.320
501.3078,2.000,331.740,319.971,5.885,-0.004,0.320
501.4057,2.000,348.086,336.287,5.899,-0.001,0.320
501.5040,2.000,364.367,352.544,5.911,-0.000,0.320
501.6010,2.000,380.594,368.749,5.923,-0.000,0.320
501.6993,1.000,381.334,398.189,-8.427,-11.556,0.320
501.8099,1.000,407.225,405.727,0.749,-2.384,0.320
501.9100,1.000,425.718,420.423,2.647,-0.492,0.320
502.0099,1.000,442.607,436.520,3.043,-0.102,0.320
502.1093,1.000,459.099,452.840,3.130,-0.021,0.320
502.2074,-0.000,460.013,482.431,-11.209,-11.560,0.320
502.3041,-0.000,486.039,490.109,-2.035,-2.385,0.320
502.4004,-0.000,504.644,504.927,-0.142,-0.492,0.320
502.5087,-0.000,521.627,521.129,0.249,-0.102,0.320
502.6070,-0.000,538.198,537.539,0.330,-0.021,0.320
502.7062,-0.000,554.619,553.926,0.346,-0.004,0.320
502.8030,-0.000,570.953,570.254,0.350,-0.001,0.320
502.8996,-1.000,570.942,598.963,-14.011,-11.556,0.320
503.0079,-1.000,596.191,605.881,-4.845,-2.385,0.320
503.1041,-1.000,614.136,620.053,-2.958,-0.492,0.320
503.2021,-2.000,614.277,648.146,-16.935,-11.657,0.320
503.3015,-2.000,639.404,654.793,-7.694,-2.405,0.320
503.4008,-3.000,640.912,681.227,-20.157,-12.052,0.320
503.5001,-4.000,649.942,699.883,-24.970,-14.042,0.320
503.5980,-4.000,676.718,704.414,-13.848,-2.898,0.320
503.7048,-5.000,678.407,730.271,-25.932,-12.153,0.320
503.8009,-5.000,703.619,736.247,-16.314,-2.508,0.320
503.8984,-6.000,704.943,762.369,-28.713,-12.073,0.320
504.0079,-6.000,730.043,768.372,-19.165,-2.491,0.320
504.1058,-7.000,731.311,794.476,-31.582,-12.070,0.320
504.2045,-7.000,756.371,800.456,-22.042,-2.491,0.320
504.3008,-7.000,773.889,814.099,-20.105,-0.514,0.320
504.3981,-8.000,773.606,841.801,-34.097,-11.662,0.320
504.5063,-8.000,798.358,848.132,-24.887,-2.406,0.320
504.6054,-9.000,799.539,874.305,-37.383,-12.052,0.320
504.7036,-10.000,808.285,892.744,-42.230,-14.042,0.320
504.8004,-9.000,848.096,881.655,-16.780,8.658,0.320
504.8986,-10.000,840.988,917.113,-38.062,-9.769,0.320
505.0077,-10.000,864.621,925.351,-30.365,-2.016,0.320
505.1071,-11.000,865.816,952.181,-43.183,-11.972,0.320
505.2070,-11.000,891.053,958.539,-33.743,-2.470,0.320
505.3044,-11.000,908.768,972.456,-31.844,-0.510,0.320
505.4025,-12.000,908.660,1000.385,-45.862,-11.661,0.320
505.5018,-12.000,933.559,1006.909,-36.675,-2.406,0.320
505.6018,-12.000,951.144,1020.808,-34.832,-0.497,0.320
505.6996,-12.000,951.323,1020.334,-34.505,-0.102,0.320
505.7973,-12.000,951.212,1020.194,-34.491,-0.021,0.320
505.9052,-12.000,951.055,1020.138,-34.542,-0.004,0.320
506.0030,-12.000,950.900,1020.111,-34.606,-0.001,0.320
506.1000,-12.000,950.757,1020.101,-34.672,-0.000,0.320
506.2067,-12.000,950.624,1020.102,-34.739,-0.000,0.320
506.3052,-12.000,950.502,1020.114,-34.806,-0.000,0.320
506.4031,-12.000,950.387,1020.134,-34.873,-0.000,0.320
506.5004,-12.000,950.280,1020.161,-34.941,-0.000,0.320
506.5974,-12.000,950.178,1020.194,-35.008,-0.000,0.320
506.7071,-12.000,950.082,1020.232,-35.075,-0.000,0.320
506.7974,-12.000,949.990,1020.275,-35.142,-0.000,0.320
506.9059,-11.000,963.183,1004.880,-20.848,11.556,0.320
507.0034,-11.000,954.515,1014.677,-30.081,2.384,0.320
507.1008,-11.000,953.040,1017.110,-32.035,0.492,0.320
507.1976,-11.000,952.996,1017.970,-32.487,0.102,0.320
507.2972,-11.000,953.200,1018.458,-32.629,0.021,0.320
507.4056,-11.000,953.416,1018.831,-32.708,0.004,0.320
507.5042,-10.000,966.883,1003.705,-18.411,11.556,0.320
507.6038,-10.000,958.450,1013.728,-27.639,2.385,0.320
507.7015,-9.000,970.458,1000.911,-15.227,12.048,0.320
507.7989,-9.000,962.002,1011.679,-24.839,2.486,0.320
507.9063,-9.000,960.961,1014.685,-26.862,0.513,0.320
508.0038,-8.000,974.620,1000.537,-12.958,11.661,0.320
508.1028,-7.000,979.894,995.688,-7.897,13.962,0.320
508.1992,-6.000,983.735,993.047,-4.656,14.437,0.320
508.3061,-5.000,987.535,991.107,-1.786,14.535,0.320
508.4038,-5.000,978.262,1004.961,-13.349,2.999,0.320
508.5032,-6.000,961.520,1021.758,-30.119,-10.937,0.320
508.6031,-6.000,971.689,1014.635,-21.473,-2.257,0.320
508.6992,-6.000,974.741,1014.172,-19.715,-0.466,0.320
508.8064,-6.000,976.178,1014.936,-19.379,-0.096,0.320
508.9022,-6.000,977.156,1015.829,-19.336,-0.020,0.320
509.0021,-6.000,977.933,1016.642,-19.354,-0.004,0.320
509.0993,-5.000,991.860,1001.907,-5.024,11.555,0.320
509.1973,-5.000,983.818,1012.261,-14.222,2.384,0.320
509.3067,-5.000,982.880,1015.165,-16.142,0.492,0.320
509.4032,-4.000,996.578,1000.978,-2.200,11.657,0.320
509.5013,-4.000,988.597,1011.544,-11.474,2.405,0.320
509.5989,-3.000,1001.045,999.132,0.956,12.052,0.320
509.6983,-2.000,1006.260,994.789,5.735,14.042,0.320
509.7965,-2.000,996.974,1007.815,-5.421,2.898,0.320
509.8964,-1.000,1009.534,996.274,6.630,12.153,0.320
510.0033,-0.000,1015.097,992.418,11.340,14.063,0.320
510.1011,1.000,1018.602,989.523,14.539,14.458,0.320
510.1989,1.000,1008.893,1002.751,3.071,2.983,0.320
510.2973,2.000,1020.467,990.328,15.070,12.171,0.320
510.4062,3.000,1024.399,984.834,19.782,14.067,0.320
510.5034,3.000,1014.088,996.818,8.635,2.903,0.320
510.5993,4.000,1024.953,983.535,20.709,12.155,0.320
510.7005,5.000,1028.243,977.350,25.446,14.064,0.320
510.7982,5.000,1017.378,988.753,14.313,2.902,0.320
510.9066,6.000,1027.773,974.976,26.399,12.154,0.320
511.0042,6.000,1018.223,984.652,16.786,2.508,0.320
511.1021,6.000,1016.320,986.662,14.829,0.518,0.320
511.2047,6.000,1015.988,987.084,14.452,0.107,0.320
511.3033,6.000,1015.975,987.174,14.401,0.022,0.320
511.4000,6.000,1016.024,987.190,14.417,0.005,0.320
511.4958,5.000,1000.641,1000.469,0.086,-11.555,0.320
