time_s,error_mm,left_rpm,right_rpm,pid_output,d_term,target_speed_ms
0.0003,-13.000,-422.226,469.718,-445.972,-406.957,0.360
0.0548,-13.000,-104.051,196.113,-150.082,-110.988,0.360
0.1514,-13.000,-2.367,136.515,-69.441,-30.269,0.360
0.2493,-13.000,40.972,135.982,-47.505,-8.255,0.360
0.3460,-12.000,83.927,134.891,-25.482,10.839,0.360
0.4566,-12.000,99.084,165.958,-33.437,2.956,0.360
0.5537,-12.000,120.327,191.645,-35.659,0.806,0.360
0.6503,-12.000,143.433,216.069,-36.318,0.220,0.360
0.7482,-12.000,167.221,240.321,-36.550,0.060,0.360
0.8562,-11.000,206.359,247.496,-20.568,13.107,0.360
0.9547,-11.000,221.764,282.097,-30.167,3.575,0.360
1.0510,-11.000,244.170,309.835,-32.833,0.975,0.360
1.1463,-11.000,268.526,335.741,-33.608,0.266,0.360
1.2552,-11.000,293.448,361.182,-33.867,0.073,0.360
1.3523,-10.000,333.570,369.347,-17.889,13.111,0.360
1.4500,-10.000,349.816,404.784,-27.484,3.576,0.360
1.5485,-10.000,372.941,433.230,-30.144,0.975,0.360
1.6552,-9.000,412.926,442.560,-14.817,13.357,0.360
1.7536,-9.000,429.436,478.606,-24.585,3.643,0.360
1.8517,-8.000,467.906,490.289,-11.191,14.084,0.360
1.9504,-8.000,484.250,527.215,-21.482,3.841,0.360
2.0473,-7.000,522.884,539.338,-8.227,14.139,0.360
2.1540,-7.000,539.452,576.555,-18.552,3.856,0.360
2.2505,-6.000,578.300,588.902,-5.301,14.143,0.360
2.3481,-6.000,595.057,626.302,-15.623,3.857,0.360
2.4457,-5.000,634.068,638.802,-2.367,14.143,0.360
2.5531,-4.000,665.982,659.153,3.414,16.948,0.360
2.6503,-4.000,681.164,699.035,-8.935,4.622,0.360
2.7488,-3.000,720.018,712.466,3.776,14.352,0.360
2.8467,-3.000,737.103,750.462,-6.680,3.914,0.360
2.9470,-2.000,776.484,763.379,6.553,14.158,0.360
3.0460,-2.000,793.722,801.234,-3.756,3.861,0.360
3.1537,-1.000,833.152,814.112,9.520,14.144,0.360
3.2513,-1.000,850.411,851.955,-0.772,3.857,0.360
3.3508,-1.000,874.837,882.004,-3.584,1.052,0.360
3.4479,-0.000,916.055,892.571,11.742,13.378,0.360
3.5467,-0.000,933.654,929.628,2.013,3.648,0.360
3.6457,-0.000,958.049,959.330,-0.641,0.995,0.360
3.7535,-0.000,984.136,986.864,-1.364,0.271,0.360
3.8512,-0.000,1010.547,1013.671,-1.562,0.074,0.360
3.9488,-0.000,1036.931,1040.162,-1.615,0.020,0.360
4.0486,-0.000,1063.208,1066.468,-1.630,0.006,0.360
4.1461,1.000,1103.548,1074.622,14.463,13.092,0.360
4.2557,1.000,1119.962,1110.068,4.947,3.571,0.360
4.3547,2.000,1157.409,1120.502,18.453,14.065,0.360
4.4537,2.000,1147.396,1130.923,8.236,3.836,0.360
4.5557,3.000,1158.969,1115.858,21.555,14.137,0.360
4.6529,3.000,1148.721,1126.137,11.292,3.856,0.360
4.7507,3.000,1145.948,1128.936,8.506,1.052,0.360
4.8468,3.000,1145.212,1129.694,7.759,0.287,0.360
4.9555,3.000,1145.031,1129.894,7.569,0.078,0.360
5.0523,3.000,1145.000,1129.941,7.530,0.021,0.360
5.1511,4.000,1159.187,1111.928,23.629,13.097,0.360
5.2477,3.000,1132.383,1136.320,-1.969,-9.519,0.360
5.3471,3.000,1139.798,1129.854,4.972,-2.596,0.360
5.4450,3.000,1142.108,1128.351,6.878,-0.708,0.360
5.5537,3.000,1142.984,1128.161,7.411,-0.193,0.360
5.6506,2.000,1126.257,1143.312,-8.527,-13.144,0.360
5.7484,2.000,1136.658,1134.570,1.044,-3.585,0.360
5.8455,1.000,1122.805,1147.674,-12.434,-14.069,0.360
5.9506,1.000,1134.225,1138.618,-2.196,-3.837,0.360
6.0483,1.000,1138.025,1136.825,0.600,-1.046,0.360
6.1470,-0.000,1122.469,1151.929,-14.730,-13.376,0.360
6.2448,-0.000,1133.505,1143.508,-5.002,-3.648,0.360
6.3536,-0.000,1137.270,1141.967,-2.349,-0.995,0.360
6.4518,-0.000,1138.938,1142.188,-1.625,-0.271,0.360
6.5500,-0.000,1139.938,1142.794,-1.428,-0.074,0.360
6.6483,-1.000,1122.658,1157.599,-17.471,-13.111,0.360
6.7447,-1.000,1132.635,1148.518,-7.941,-3.576,0.360
6.8438,-1.000,1135.611,1146.305,-5.347,-0.975,0.360
6.9527,-1.000,1136.638,1145.925,-4.644,-0.266,0.360
7.0490,-2.000,1119.084,1160.190,-20.553,-13.163,0.360
7.1500,-2.000,1128.747,1150.730,-10.992,-3.590,0.360
7.2467,-3.000,1113.416,1162.395,-24.490,-14.070,0.360
7.3575,-4.000,1105.555,1166.299,-30.372,-16.928,0.360
7.4548,-4.000,1117.661,1153.830,-18.084,-4.617,0.360
7.5524,-5.000,1102.824,1164.519,-30.848,-14.350,0.360
7.6499,-6.000,1094.950,1168.026,-36.538,-17.005,0.360
7.7464,-6.000,1106.925,1155.339,-24.207,-4.638,0.360
7.8463,-7.000,1091.943,1165.877,-36.967,-14.356,0.360
7.9469,-7.000,1101.952,1155.090,-26.569,-3.915,0.360
8.0450,-8.000,1086.410,1166.131,-39.860,-14.159,0.360
8.1513,-8.000,1096.246,1155.468,-29.611,-3.861,0.360
8.2487,-9.000,1080.638,1166.534,-42.948,-14.144,0.360
8.3454,-9.000,1090.441,1155.871,-32.715,-3.857,0.360
8.4439,-9.000,1092.826,1152.753,-29.964,-1.052,0.360
8.5513,-9.000,1093.226,1151.731,-29.253,-0.287,0.360
8.6513,-9.000,1093.117,1151.312,-29.098,-0.078,0.360
8.7470,-9.000,1092.895,1151.085,-29.095,-0.021,0.360
8.8434,-9.000,1092.665,1150.932,-29.133,-0.006,0.360
8.9511,-9.000,1092.453,1150.820,-29.183,-0.002,0.360
9.0509,-9.000,1092.262,1150.735,-29.236,-0.000,0.360
9.1499,-9.000,1092.091,1150.671,-29.290,-0.000,0.360
9.2481,-8.000,1106.955,1133.448,-13.247,13.091,0.360
9.3454,-8.000,1097.883,1143.514,-22.815,3.570,0.360
9.4524,-8.000,1095.662,1146.581,-25.460,0.974,0.360
9.5494,-8.000,1095.265,1147.697,-26.216,0.266,0.360
9.6471,-8.000,1095.329,1148.243,-26.457,0.072,0.360
9.7483,-8.000,1095.488,1148.603,-26.558,0.020,0.360
9.8461,-8.000,1095.646,1148.886,-26.620,0.005,0.360
9.9469,-7.000,1110.799,1131.949,-10.575,13.092,0.360
10.0453,-7.000,1101.976,1142.254,-20.139,3.571,0.360
10.1544,-8.000,1081.951,1159.700,-38.875,-12.117,0.360
10.2510,-7.000,1106.136,1134.162,-14.013,9.786,0.360
10.3476,-7.000,1099.902,1142.247,-21.173,2.669,0.360
10.4471,-6.000,1113.722,1127.839,-7.059,13.819,0.360
10.5457,-6.000,1104.886,1139.176,-17.145,3.769,0.360
10.6531,-6.000,1103.172,1143.016,-19.922,1.028,0.360
10.7510,-6.000,1103.292,1144.702,-20.705,0.280,0.360
10.8477,-6.000,1103.820,1145.710,-20.945,0.076,0.360
10.9462,-6.000,1104.381,1146.455,-21.037,0.021,0.360
11.0447,-6.000,1104.885,1147.061,-21.088,0.006,0.360
11.1543,-5.000,1120.333,1130.395,-5.031,13.092,0.360
11.2425,-5.000,1111.764,1140.930,-14.583,3.571,0.360
11.3529,-4.000,1124.990,1127.215,-1.113,14.065,0.360
11.4514,-4.000,1116.029,1138.760,-11.366,3.836,0.360
11.5477,-3.000,1076.635,1127.981,0.097,18.834,0.200
11.6440,-3.000,1016.905,1140.424,-14.670,4.094,0.200
11.7516,-3.000,972.221,1137.275,-17.902,0.890,0.200
11.8488,-3.000,933.029,1128.170,-18.626,0.193,0.200
11.9459,-2.000,918.327,1091.780,3.804,18.042,0.200
12.0432,-2.000,870.892,1091.147,-10.334,3.922,0.200
12.1531,-1.000,857.678,1053.464,9.187,18.853,0.200
12.2503,-1.000,813.355,1049.885,-5.576,4.098,0.200
12.3483,-0.000,803.188,1009.296,13.816,18.891,0.200
12.4466,1.000,782.353,978.748,21.641,22.107,0.200
12.5436,2.000,759.776,949.411,26.959,22.806,0.200
12.6526,3.000,737.311,919.510,31.738,22.958,0.200
12.7510,3.000,694.479,913.190,13.799,4.991,0.200
12.8491,3.000,666.209,892.043,9.921,1.085,0.200
12.9447,4.000,662.229,842.778,31.708,18.236,0.200
13.0434,5.000,645.167,806.342,40.083,21.964,0.200
13.1439,5.000,604.669,796.728,22.939,4.775,0.200
13.2515,6.000,598.702,748.861,41.858,19.038,0.200
13.3497,7.000,581.780,711.784,49.623,22.139,0.200
13.4505,7.000,541.800,701.225,32.361,4.813,0.200
13.5487,8.000,561.242,678.515,51.268,19.046,0.200
13.6470,8.000,548.365,691.615,36.436,4.140,0.200
13.7446,9.000,567.669,668.900,55.879,18.900,0.200
13.8425,10.000,575.152,657.918,63.779,22.109,0.200
13.9499,10.000,559.086,674.009,46.569,4.806,0.200
14.0491,11.000,577.199,652.318,65.509,19.045,0.200
14.1461,11.000,563.193,666.283,50.705,4.140,0.200
14.2422,12.000,581.541,644.300,70.175,18.900,0.200
14.3520,12.000,567.406,658.345,55.494,4.109,0.200
14.4494,13.000,585.574,636.500,74.998,18.893,0.200
14.5472,13.000,571.272,650.677,60.332,4.107,0.200
14.6427,12.000,544.678,674.765,34.628,-17.107,0.200
14.7495,13.000,579.729,636.983,70.736,14.281,0.200
14.8463,12.000,545.465,669.527,37.070,-14.895,0.200
14.9445,12.000,558.224,658.305,48.838,-3.238,0.200
15.0424,12.000,561.711,656.124,51.482,-0.704,0.200
15.1507,11.000,539.280,677.267,29.534,-18.153,0.200
15.2511,11.000,554.677,663.774,43.842,-3.946,0.200
15.3503,9.000,511.174,704.096,1.813,-36.858,0.200
15.4472,8.000,518.039,698.126,8.132,-26.013,0.200
15.5451,7.000,516.626,700.900,5.954,-23.655,0.200
15.6438,6.000,513.544,705.740,1.922,-23.142,0.200
15.7418,4.000,486.400,732.577,-25.130,-41.031,0.200
15.8503,3.000,497.660,724.657,-15.591,-26.920,0.200
15.9491,1.000,474.100,749.255,-39.714,-41.852,0.200
16.0480,-0.000,486.532,741.306,-29.560,-27.098,0.200
16.1446,-2.000,462.358,765.090,-53.571,-41.891,0.200
16.2409,-3.000,473.576,755.941,-43.415,-27.107,0.200
16.3498,-5.000,448.346,778.729,-67.447,-41.893,0.200
16.4491,-6.000,458.659,768.742,-57.316,-27.107,0.200
16.5451,-8.000,432.654,790.823,-81.376,-41.893,0.200
16.6425,-9.000,442.303,780.238,-71.273,-27.107,0.200
16.7488,-10.000,440.140,781.006,-72.750,-23.893,0.200
16.8463,-11.000,435.255,784.106,-76.753,-23.194,0.200
16.9430,-12.000,429.646,787.597,-81.311,-23.042,0.200
17.0419,-14.000,399.357,811.885,-108.607,-41.009,0.200
17.1416,-14.000,431.779,780.363,-76.642,-8.915,0.200
17.2407,-16.000,390.196,815.510,-115.012,-37.938,0.200
17.3491,-17.000,395.600,807.037,-108.078,-26.247,0.200
17.4471,-18.000,391.775,807.652,-110.302,-23.706,0.200
17.5455,-19.000,385.892,810.207,-114.524,-23.153,0.200
17.6416,-20.000,379.700,812.970,-119.004,-23.033,0.200
17.7502,-21.000,373.372,815.784,-123.578,-23.007,0.200
17.8490,-20.000,412.786,773.983,-82.972,12.998,0.200
17.9451,-21.000,378.700,805.439,-115.745,-15.174,0.200
18.0408,-22.000,366.560,814.745,-126.469,-21.299,0.200
18.1466,-22.000,383.525,798.370,-109.801,-4.630,0.200
18.2471,-22.000,387.400,794.997,-106.177,-1.007,0.200
18.3448,-23.000,364.002,815.221,-127.990,-18.219,0.200
18.4407,-24.000,354.012,821.914,-136.331,-21.961,0.200
18.5410,-23.000,392.698,781.025,-96.545,13.226,0.200
18.6404,-24.000,358.512,812.739,-129.496,-15.125,0.200
18.7508,-24.000,370.798,801.351,-117.659,-3.288,0.200
18.8487,-24.000,373.754,799.159,-115.086,-0.715,0.200
18.9446,-24.000,374.638,798.924,-114.526,-0.155,0.200
19.0442,-24.000,375.036,799.078,-114.404,-0.034,0.200
19.1411,-23.000,396.697,775.486,-91.778,17.993,0.200
19.2487,-23.000,383.295,790.246,-105.859,3.911,0.200
19.3449,-23.000,380.812,793.885,-108.920,0.850,0.200
19.4440,-22.000,402.037,771.241,-86.986,18.185,0.200
19.5515,-22.000,388.703,786.370,-101.217,3.953,0.200
19.6487,-21.000,407.772,766.426,-81.711,18.859,0.200
19.7472,-21.000,394.141,782.314,-96.471,4.100,0.200
19.8439,-20.000,413.291,762.681,-77.079,18.891,0.200
19.9411,-20.000,399.802,778.761,-91.864,4.107,0.200
20.0406,-20.000,397.689,783.075,-95.078,0.893,0.200
20.1500,-19.000,419.151,761.085,-73.351,18.194,0.200
20.2475,-19.000,406.013,776.774,-87.765,3.955,0.200
20.3458,-18.000,425.236,757.319,-68.426,18.860,0.200
20.4434,-18.000,411.712,773.646,-83.352,4.100,0.200
20.5398,-18.000,409.529,778.211,-86.726,0.891,0.200
20.6456,-17.000,431.088,756.277,-64.980,18.194,0.200
20.7429,-17.000,418.033,772.013,-79.375,3.955,0.200
20.8509,-17.000,415.921,776.404,-82.627,0.860,0.200
20.9480,-16.000,437.470,754.393,-60.847,18.187,0.200
21.0456,-16.000,424.392,770.077,-75.227,3.954,0.200
21.1431,-16.000,422.259,774.426,-78.468,0.859,0.200
21.2408,-16.000,422.381,776.188,-79.288,0.187,0.200
21.3484,-16.000,422.888,777.281,-79.582,0.041,0.200
21.4457,-15.000,444.798,754.332,-57.151,18.009,0.200
21.5436,-15.000,431.625,769.622,-71.383,3.915,0.200
21.6414,-14.000,450.732,749.914,-51.976,18.851,0.200
21.7392,-13.000,458.504,742.231,-44.249,22.098,0.200
21.8471,-11.000,485.446,713.565,-16.444,40.804,0.200
21.9441,-11.000,455.679,747.866,-48.479,8.870,0.200
22.0410,-9.000,493.381,709.218,-10.304,37.928,0.200
22.1413,-8.000,487.623,717.773,-17.460,26.245,0.200
22.2499,-7.000,491.107,717.266,-15.464,23.705,0.200
22.3464,-6.000,496.664,714.838,-11.472,23.153,0.200
22.4445,-5.000,502.729,712.035,-7.038,23.033,0.200
22.5414,-4.000,508.952,709.183,-2.501,23.007,0.200
22.6386,-3.000,515.251,706.349,2.066,23.002,0.200
22.7472,-2.000,521.605,703.542,6.646,23.000,0.200
22.8456,-1.000,528.002,700.759,11.237,23.000,0.200
22.9431,-0.000,534.438,697.995,15.837,23.000,0.200
23.0397,-0.000,519.499,719.055,-2.163,5.000,0.200
23.1478,1.000,538.996,701.161,16.533,19.087,0.200
23.2457,2.000,547.058,693.861,24.214,22.149,0.200
23.3435,2.000,531.567,713.001,6.898,4.815,0.200
23.4418,3.000,550.176,693.892,25.757,19.047,0.200
23.5395,4.000,557.395,685.649,33.488,22.141,0.200
23.6468,4.000,541.169,704.005,16.197,4.813,0.200
23.7439,5.000,559.153,684.231,35.076,19.046,0.200
23.8409,5.000,545.033,699.830,20.217,4.141,0.200
23.9382,5.000,542.467,703.652,17.022,0.900,0.200
24.0471,5.000,542.342,704.845,16.364,0.196,0.200
24.1437,5.000,542.689,705.406,16.257,0.043,0.200
24.2420,5.000,543.088,705.779,16.269,0.009,0.200
24.3422,5.000,543.455,706.069,16.308,0.002,0.200
24.4386,5.000,543.778,706.303,16.353,0.000,0.200
24.5459,4.000,520.251,727.904,-6.211,-18.000,0.200
24.6443,4.000,535.056,714.461,7.913,-3.913,0.200
24.7406,4.000,538.735,711.941,11.012,-0.851,0.200
24.8387,3.000,516.120,733.140,-10.895,-18.185,0.200
24.9471,2.000,507.469,741.189,-19.245,-21.953,0.200
25.0468,1.000,502.103,746.642,-24.655,-22.772,0.200
25.1443,-0.000,497.662,751.758,-29.433,-22.951,0.200
25.2412,-1.000,493.000,756.392,-34.081,-22.989,0.200
25.3384,-2.000,488.062,760.708,-38.708,-22.998,0.200
25.4459,-3.000,482.868,764.772,-43.337,-22.999,0.200
25.5432,-4.000,477.451,768.630,-47.974,-23.000,0.200
25.6410,-5.000,471.842,772.313,-52.620,-23.000,0.200
25.7390,-6.000,466.068,775.849,-57.276,-23.000,0.200
25.8500,-7.000,460.153,779.263,-61.940,-23.000,0.200
25.9483,-9.000,429.707,803.383,-89.223,-41.000,0.200
26.0444,-10.000,437.613,792.499,-79.828,-26.913,0.200
26.1409,-12.000,410.000,813.382,-104.076,-41.851,0.200
26.2475,-13.000,418.372,801.688,-94.043,-27.098,0.200
26.3473,-14.000,415.139,801.498,-95.564,-23.891,0.200
26.4374,-16.000,384.934,824.593,-122.214,-41.194,0.200
26.5453,-17.000,392.595,813.290,-112.732,-26.955,0.200
26.6435,-18.000,389.076,813.112,-114.403,-23.860,0.200
26.7420,-19.000,383.103,815.343,-118.504,-23.187,0.200
26.8387,-20.000,376.759,817.906,-122.958,-23.041,0.200
26.9394,-21.000,370.284,820.567,-127.526,-23.009,0.200
27.0369,-22.000,363.770,823.240,-132.119,-23.002,0.200
27.1445,-23.000,357.239,825.905,-136.718,-23.000,0.200
27.2399,-23.000,375.097,807.762,-118.718,-5.000,0.200
27.3390,-24.000,354.488,824.528,-137.404,-19.087,0.200
27.4459,-24.000,369.293,809.457,-122.467,-4.149,0.200
27.5429,-25.000,348.027,826.896,-141.820,-18.902,0.200
27.6407,-25.000,362.694,811.977,-127.027,-4.109,0.200
27.7412,-26.000,341.402,829.454,-146.411,-18.893,0.200
27.8415,-26.000,356.067,814.547,-131.625,-4.107,0.200
27.9388,-27.000,334.779,832.030,-151.010,-18.893,0.200
28.0382,-28.000,325.047,837.926,-158.825,-22.107,0.200
28.1473,-28.000,342.218,820.495,-141.523,-4.806,0.200
28.2452,-29.000,321.469,837.424,-160.362,-19.045,0.200
28.3420,-29.000,336.249,822.395,-145.458,-4.140,0.200
28.4397,-30.000,314.984,839.850,-164.818,-18.900,0.200
28.5371,-30.000,329.656,824.939,-150.026,-4.109,0.200
28.6370,-31.000,308.370,842.422,-169.411,-18.893,0.200
28.7463,-31.000,323.040,827.519,-154.625,-4.107,0.200
28.8445,-31.000,326.155,824.206,-151.410,-0.893,0.200
28.9420,-31.000,326.770,823.423,-150.712,-0.194,0.200
29.0395,-31.000,326.850,823.200,-150.560,-0.042,0.200
29.1394,-31.000,326.823,823.106,-150.527,-0.009,0.200
29.2458,-31.000,326.778,823.047,-150.520,-0.002,0.200
29.3440,-31.000,326.736,823.002,-150.518,-0.000,0.200
29.4449,-31.000,326.699,822.964,-150.518,-0.000,0.200
29.5429,-31.000,326.667,822.933,-150.518,-0.000,0.200
29.6393,-31.000,326.640,822.906,-150.518,-0.000,0.200
29.7370,-31.000,326.617,822.883,-150.518,-0.000,0.200
29.8430,-31.000,326.598,822.863,-150.518,-0.000,0.200
29.9389,-31.000,326.581,822.847,-150.518,-0.000,0.200
30.0473,-30.000,347.967,799.033,-127.918,18.000,0.200
30.1447,-30.000,334.348,813.588,-142.004,3.913,0.200
30.2433,-29.000,353.084,793.248,-122.467,18.851,0.200
30.3401,-28.000,360.549,785.019,-114.620,22.098,0.200
30.4368,-28.000,344.431,803.488,-131.914,4.804,0.200
30.5364,-27.000,363.070,784.447,-113.073,19.044,0.200
30.6449,-26.000,370.895,776.880,-105.377,22.140,0.200
30.7439,-26.000,355.178,795.817,-122.704,4.813,0.200
30.8390,-25.000,374.180,777.152,-103.871,19.046,0.200
30.9366,-25.000,360.917,793.701,-118.777,4.141,0.200
31.0362,-24.000,380.473,774.538,-99.417,18.900,0.200
31.1454,-23.000,388.749,767.197,-91.609,22.109,0.200
31.2442,-21.000,416.144,738.797,-63.711,40.806,0.200
31.3450,-20.000,408.181,749.504,-73.047,26.871,0.200
31.4457,-19.000,411.043,749.575,-71.651,23.842,0.200
31.5419,-17.000,437.775,723.537,-45.266,41.183,0.200
31.6407,-16.000,430.092,735.409,-55.043,26.953,0.200
31.7401,-15.000,433.541,736.121,-53.675,23.859,0.200
31.8376,-13.000,460.818,710.581,-27.267,41.187,0.200
31.9426,-11.000,475.021,699.054,-14.401,44.954,0.200
32.0404,-8.000,508.104,667.046,18.144,63.773,0.200
32.1391,-7.000,484.488,698.176,-9.229,31.864,0.200
32.2359,-5.000,506.998,680.252,10.988,42.927,0.200
32.3439,-3.000,521.125,671.224,22.566,45.332,0.200
32.4406,-1.000,533.605,664.277,32.279,45.855,0.200
32.5406,2.000,566.089,632.897,64.211,63.968,0.200
32.6401,3.000,541.824,663.501,36.777,31.906,0.200
32.7387,3.000,521.075,692.637,11.834,6.936,0.200
32.8374,3.000,519.239,701.602,6.434,1.508,0.200
32.9357,4.000,541.926,681.375,27.890,18.328,0.200
33.0387,4.000,530.164,698.228,13.584,3.984,0.200
33.1353,5.000,550.056,679.063,33.111,18.866,0.200
33.2413,4.000,513.337,717.000,-4.217,-13.899,0.200
33.3386,5.000,547.078,683.695,29.307,14.979,0.200
33.4353,5.000,537.087,697.056,17.630,3.256,0.200
33.5448,5.000,536.017,700.991,15.128,0.708,0.200
33.6444,6.000,557.535,678.307,37.229,18.154,0.200
33.7418,6.000,544.388,693.464,23.077,3.946,0.200
33.8404,6.000,542.209,697.352,20.044,0.858,0.200
33.9369,7.000,563.128,674.285,42.037,18.187,0.200
34.0445,8.000,570.356,664.631,50.477,21.954,0.200
34.1422,8.000,553.717,682.208,33.370,4.773,0.200
34.2425,9.000,571.264,661.859,52.318,19.038,0.200
34.3403,10.000,577.566,652.574,60.111,22.139,0.200
34.4373,10.000,560.564,670.041,42.877,4.813,0.200
34.5350,11.000,577.897,649.504,61.812,19.046,0.200
34.6431,12.000,584.039,640.037,69.616,22.140,0.200
34.7402,12.000,566.910,657.341,52.399,4.813,0.200
34.8357,12.000,563.327,661.072,48.743,1.046,0.200
34.9345,12.000,562.682,661.844,48.034,0.227,0.200
35.0435,13.000,583.477,637.556,70.576,18.049,0.200
35.1400,13.000,569.487,651.577,56.570,3.924,0.200
35.2355,13.000,566.549,654.542,53.619,0.853,0.200
35.3363,13.000,566.012,655.101,53.071,0.185,0.200
35.4421,14.000,586.805,630.727,75.654,18.040,0.200
35.5396,13.000,548.985,666.104,39.055,-14.078,0.200
35.6364,13.000,560.583,655.428,50.193,-3.060,0.200
35.7346,13.000,563.490,653.305,52.708,-0.665,0.200
35.8433,12.000,540.655,674.408,30.739,-18.145,0.200
35.9419,12.000,555.729,660.860,45.049,-3.944,0.200
36.0401,11.000,535.766,679.721,25.637,-18.857,0.200
36.1397,11.000,551.656,665.893,40.497,-4.099,0.200
36.2378,10.000,532.034,684.870,21.197,-18.891,0.200
36.3385,10.000,548.135,671.219,36.073,-4.107,0.200
36.4386,9.000,528.674,690.364,16.770,-18.893,0.200
36.5381,8.000,521.098,698.270,9.029,-22.107,0.200
36.6350,7.000,516.304,703.944,3.795,-22.806,0.200
36.7430,6.000,512.282,709.316,-0.902,-22.958,0.200
36.8421,5.000,508.568,714.776,-5.489,-22.991,0.200
36.9401,4.000,505.040,720.388,-10.059,-22.998,0.200
37.0396,3.000,501.652,726.148,-14.633,-23.000,0.200
37.1374,2.000,498.378,732.038,-19.215,-23.000,0.200
37.2374,1.000,495.199,738.041,-23.806,-23.000,0.200
37.3363,-0.000,492.099,744.141,-28.406,-23.000,0.200
37.4336,-0.000,512.874,728.916,-10.406,-5.000,0.200
37.5446,-1.000,494.737,748.171,-29.102,-19.087,0.200
37.6429,-1.000,511.640,735.218,-14.174,-4.149,0.200
37.7397,-2.000,492.148,754.467,-33.545,-18.902,0.200
37.8367,-2.000,508.319,741.090,-18.770,-4.109,0.200
37.9434,-3.000,488.295,759.889,-38.182,-18.893,0.200
38.0406,-5.000,455.214,787.728,-68.642,-40.107,0.200
38.1390,-5.000,487.329,757.158,-37.300,-8.719,0.200
38.2353,-6.000,470.354,771.846,-53.131,-19.895,0.200
38.3345,-6.000,486.397,756.859,-37.616,-4.325,0.200
38.4420,-6.000,490.175,753.979,-34.287,-0.940,0.200
38.5404,-5.000,512.647,729.870,-10.997,17.796,0.200
38.6389,-5.000,499.478,744.648,-24.970,3.869,0.200
38.7376,-4.000,518.497,724.596,-5.434,18.841,0.200
38.8350,-4.000,504.776,740.439,-20.216,4.096,0.200
38.9332,-4.000,502.436,744.583,-23.458,0.890,0.200
39.0422,-4.000,502.469,746.083,-24.192,0.194,0.200
39.1421,-3.000,524.341,723.114,-1.771,18.042,0.200
39.2401,-3.000,511.228,738.295,-15.919,3.922,0.200
39.3381,-4.000,484.600,763.080,-41.625,-17.147,0.200
39.4375,-4.000,498.700,750.414,-28.242,-3.728,0.200
39.5356,-5.000,477.781,768.953,-47.971,-18.810,0.200
39.6437,-5.000,492.944,754.765,-33.296,-4.089,0.200
39.7436,-6.000,472.104,772.835,-52.750,-18.889,0.200
39.8422,-6.000,487.154,758.430,-38.023,-4.106,0.200
39.9385,-6.000,490.587,755.546,-34.865,-0.893,0.200
40.0357,-6.000,491.463,755.136,-34.221,-0.194,0.200
40.1433,-4.000,534.576,707.619,11.094,35.958,0.200
40.2415,-4.000,507.527,736.925,-17.084,7.817,0.200
40.3388,-3.000,523.741,720.229,-0.629,19.699,0.200
40.4344,-2.000,531.001,713.160,6.536,22.282,0.200
40.5327,-2.000,515.125,732.198,-10.921,4.844,0.200
40.6334,-2.000,512.660,737.351,-14.730,1.053,0.200
40.7415,-2.000,512.959,739.336,-15.573,0.229,0.200
40.8398,-2.000,513.733,740.504,-15.771,0.050,0.200
40.9379,-2.000,514.501,741.387,-15.828,0.011,0.200
41.0368,-2.000,515.175,742.115,-15.855,0.002,0.200
41.1349,-2.000,515.751,742.732,-15.875,0.001,0.200
41.2427,-2.000,516.239,743.257,-15.894,0.000,0.200
41.3403,-2.000,516.652,743.707,-15.912,0.000,0.200
41.4385,-2.000,516.999,744.091,-15.931,0.000,0.200
41.5362,-2.000,517.292,744.421,-15.949,0.000,0.200
41.6362,-1.000,538.948,720.895,6.642,18.000,0.200
41.7352,-1.000,525.556,735.696,-7.454,3.913,0.200
41.8421,-0.000,544.493,715.557,12.083,18.851,0.200
41.9382,1.000,551.539,706.890,19.940,22.098,0.200
42.0357,2.000,555.874,700.576,25.264,22.804,0.200
42.1342,2.000,538.705,719.064,7.436,4.957,0.200
42.2423,3.000,556.214,699.076,26.184,19.078,0.200
42.3403,3.000,541.757,714.425,11.281,4.147,0.200
42.4385,4.000,559.728,693.614,30.672,18.902,0.200
42.5353,4.000,545.264,708.662,15.916,4.109,0.200
42.6342,5.000,563.143,687.680,35.347,18.893,0.200
42.7323,5.000,548.584,702.602,20.607,4.107,0.200
42.8406,5.000,545.570,705.924,17.438,0.893,0.200
42.9371,5.000,545.048,706.708,16.785,0.194,0.200
43.0355,6.000,565.863,682.516,39.289,18.042,0.200
43.1337,6.000,551.863,696.645,25.224,3.922,0.200
43.2417,6.000,548.903,699.715,22.210,0.853,0.200
43.3397,7.000,569.147,675.964,44.207,18.185,0.200
43.4356,7.000,554.989,690.141,30.039,3.953,0.200
43.5335,7.000,551.968,693.179,27.010,0.859,0.200
43.6312,7.000,551.367,693.794,26.401,0.187,0.200
43.7407,7.000,551.291,693.882,26.319,0.041,0.200
43.8371,6.000,527.519,715.264,3.743,-17.991,0.200
43.9348,6.000,542.139,701.613,17.878,-3.911,0.200
44.0350,5.000,521.858,720.318,-1.615,-18.850,0.200
44.1337,5.000,537.486,706.349,13.183,-4.098,0.200
44.2408,4.000,517.635,725.211,-6.173,-18.891,0.200
44.3407,4.000,533.536,711.469,8.648,-4.107,0.200
44.4370,3.000,513.895,730.546,-10.710,-18.893,0.200
44.5346,2.000,506.159,738.402,-18.506,-22.107,0.200
44.6335,1.000,501.220,744.042,-23.796,-22.806,0.200
44.7413,-0.000,497.067,749.392,-28.548,-22.958,0.200
44.8394,-1.000,492.633,754.243,-33.190,-22.991,0.200
44.9387,-1.000,512.294,737.937,-15.206,-4.998,0.200
45.0370,-1.000,517.622,735.460,-11.304,-1.087,0.200
45.1360,-1.000,519.675,735.831,-10.463,-0.236,0.200
45.2328,-1.000,520.881,736.686,-10.287,-0.051,0.200
45.3321,-1.000,521.787,737.530,-10.256,-0.011,0.200
45.4413,-1.000,522.531,738.275,-10.257,-0.002,0.200
45.5316,-1.000,523.156,738.915,-10.264,-0.001,0.200
45.6405,-1.000,523.685,739.461,-10.273,-0.000,0.200
45.7370,-2.000,499.724,760.737,-32.891,-18.000,0.200
45.8353,-2.000,514.151,747.027,-18.823,-3.913,0.200
45.9348,-3.000,493.091,765.096,-38.388,-18.851,0.200
46.0328,-4.000,483.636,771.410,-46.272,-22.098,0.200
46.1314,-5.000,476.648,775.126,-51.624,-22.804,0.200
46.2317,-6.000,470.150,778.245,-56.432,-22.957,0.200
46.3308,-8.000,439.306,802.015,-83.739,-40.991,0.200
46.4400,-9.000,446.897,790.812,-74.343,-26.911,0.200
46.5396,-9.000,467.840,769.799,-53.365,-5.850,0.200
46.6365,-10.000,447.896,786.083,-71.478,-19.272,0.200
46.7338,-10.000,462.831,771.037,-56.488,-4.190,0.200
46.8311,-9.000,487.380,743.994,-30.692,17.089,0.200
46.9376,-9.000,474.363,757.891,-44.149,3.715,0.200
47.0328,-9.000,471.747,761.255,-47.139,0.808,0.200
47.1349,-8.000,492.759,738.479,-25.245,18.176,0.200
47.2309,-8.000,479.211,753.527,-39.543,3.951,0.200
47.3315,-8.000,476.683,757.331,-42.709,0.859,0.200
47.4311,-7.000,497.889,734.809,-20.845,18.187,0.200
47.5307,-7.000,484.532,750.047,-35.143,3.954,0.200
47.6407,-6.000,503.582,730.196,-15.692,18.859,0.200
47.7397,-5.000,511.336,722.362,-7.898,22.100,0.200
47.8376,-4.000,516.869,717.360,-2.630,22.804,0.200
47.9354,-3.000,522.121,713.160,2.096,22.957,0.200
48.0340,-3.000,506.074,733.101,-15.899,4.991,0.200
48.1304,-2.000,525.204,714.880,2.777,19.085,0.200
48.2399,-1.000,533.546,707.912,10.432,22.149,0.200
48.3401,-1.000,518.286,727.339,-6.911,4.815,0.200
48.4378,-0.000,537.689,709.079,11.920,19.047,0.200
48.5338,-0.000,524.768,725.970,-2.986,4.141,0.200
48.6339,-0.000,523.216,730.898,-6.226,0.900,0.200
48.7310,-1.000,499.537,753.846,-29.540,-17.804,0.200
48.8398,-1.000,514.650,741.111,-15.615,-3.871,0.200
48.9376,-1.000,518.681,739.102,-12.595,-0.841,0.200
49.0348,-2.000,495.781,760.121,-34.555,-18.183,0.200
49.1324,-3.000,486.284,767.419,-42.953,-21.953,0.200
49.2300,-3.000,504.002,750.832,-25.800,-4.772,0.200
49.3398,-4.000,483.780,768.414,-44.702,-19.037,0.200
49.4365,-4.000,499.021,753.931,-29.840,-4.139,0.200
49.5345,-4.000,502.545,751.050,-26.638,-0.900,0.200
49.6323,-4.000,503.485,750.656,-25.970,-0.196,0.200
49.7393,-5.000,479.425,771.582,-48.463,-18.043,0.200
49.8365,-5.000,493.667,757.675,-34.389,-3.922,0.200
49.9351,-6.000,472.424,775.603,-53.975,-18.853,0.200
50.0326,-7.000,462.804,781.804,-61.885,-22.098,0.200
50.1298,-7.000,480.082,764.622,-44.655,-4.804,0.200
50.2385,-7.000,483.817,760.967,-40.959,-1.044,0.200
50.3373,-7.000,484.605,760.248,-40.207,-0.227,0.200
50.4363,-6.000,506.156,736.355,-17.484,17.951,0.200
50.5353,-6.000,492.557,750.963,-31.588,3.902,0.200
50.6304,-4.000,532.696,706.883,10.522,36.848,0.200
50.7311,-2.000,547.964,689.464,26.865,44.011,0.200
50.8392,-1.000,536.998,702.202,15.013,27.568,0.200
50.9345,-0.000,539.076,702.229,16.039,23.993,0.200
51.0314,1.000,543.504,698.992,19.871,23.216,0.200
51.1296,2.000,548.159,694.749,24.320,23.047,0.200
51.2370,3.000,552.625,690.033,28.911,23.010,0.200
51.3361,4.000,556.847,684.998,33.540,23.002,0.200
51.4341,5.000,560.846,679.708,38.184,23.000,0.200
51.5325,5.000,543.843,698.614,20.230,5.000,0.200
51.6314,5.000,540.785,703.290,16.363,1.087,0.200
51.7294,6.000,561.477,680.373,38.167,18.236,0.200
51.8390,6.000,547.815,695.144,23.950,3.964,0.200
51.9375,7.000,566.048,674.253,43.512,18.862,0.200
52.0369,7.000,551.721,689.321,28.815,4.100,0.200
52.1341,7.000,548.891,692.780,25.671,0.891,0.200
52.2347,6.000,524.717,715.090,2.428,-17.806,0.200
52.3333,6.000,539.415,701.807,16.419,-3.871,0.200
52.4322,5.000,519.291,720.733,-3.106,-18.842,0.200
52.5303,5.000,535.074,706.933,11.686,-4.096,0.200
52.6316,6.000,559.977,680.115,37.546,17.110,0.200
52.7286,6.000,547.329,694.136,24.212,3.719,0.200
52.8386,6.000,545.056,697.575,21.356,0.809,0.200
52.9354,6.000,544.974,698.648,20.778,0.176,0.200
53.0325,6.000,545.313,699.152,20.696,0.038,0.200
53.1296,5.000,521.888,720.894,-1.888,-17.992,0.200
53.2282,5.000,536.798,707.552,12.238,-3.911,0.200
53.3370,5.000,540.572,705.112,15.345,-0.850,0.200
53.4344,4.000,518.041,726.376,-6.552,-18.185,0.200
53.5309,4.000,533.271,713.069,7.716,-3.953,0.200
53.6318,3.000,513.410,732.166,-11.763,-18.859,0.200
53.7388,2.000,505.563,739.962,-19.585,-22.100,0.200
53.8361,1.000,500.546,745.536,-24.880,-22.804,0.200
53.9355,-1.000,471.921,771.636,-52.242,-40.957,0.200
54.0316,-2.000,481.483,762.327,-42.807,-26.904,0.200
54.1297,-3.000,479.717,763.706,-44.379,-23.849,0.200
54.2299,-4.000,475.281,767.215,-48.352,-23.184,0.200
54.3305,-5.000,470.085,771.023,-52.854,-23.040,0.200
54.4278,-7.000,440.162,795.566,-80.087,-41.009,0.200
54.5369,-9.000,424.087,805.868,-93.276,-44.915,0.200
54.6358,-10.000,435.292,792.156,-80.817,-27.764,0.200
54.7328,-11.000,432.954,791.763,-81.790,-24.036,0.200
54.8308,-13.000,403.184,815.011,-108.299,-41.225,0.200
54.9291,-13.000,435.556,783.096,-76.155,-8.962,0.200
55.0376,-14.000,418.235,797.205,-91.870,-19.948,0.200
55.1351,-15.000,409.444,802.667,-98.996,-22.337,0.200
55.2323,-16.000,402.462,806.218,-104.263,-22.856,0.200
55.3287,-17.000,467.516,784.498,-75.518,-19.324,0.360
55.4377,-17.000,517.651,781.836,-61.566,-5.270,0.360
55.5354,-18.000,537.939,805.699,-73.932,-14.528,0.360
55.6324,-19.000,563.457,824.510,-79.571,-17.053,0.360
55.7308,-19.000,607.548,828.737,-67.282,-4.651,0.360
55.8391,-20.000,623.771,857.384,-79.991,-14.359,0.360
55.9369,-21.000,646.115,879.979,-85.639,-17.007,0.360
56.0339,-21.000,687.597,887.335,-73.270,-4.638,0.360
56.1328,-22.000,701.525,918.719,-85.987,-14.356,0.360
56.2300,-22.000,739.934,929.464,-75.547,-3.915,0.360
56.3272,-23.000,752.364,962.615,-88.790,-14.159,0.360
56.4348,-24.000,771.792,988.729,-94.584,-16.952,0.360
56.5319,-25.000,792.868,1013.164,-98.346,-17.714,0.360
56.6296,-26.000,814.172,1037.343,-101.554,-17.922,0.360
56.7275,-27.000,835.351,1061.626,-104.610,-17.979,0.360
56.8337,-28.000,856.335,1086.082,-107.626,-17.994,0.360
56.9297,-29.000,877.130,1110.712,-110.630,-17.998,0.360
57.0284,-30.000,897.758,1135.494,-113.631,-18.000,0.360
57.1265,-30.000,936.253,1146.236,-100.541,-4.909,0.360
57.2363,-32.000,929.215,1195.086,-129.152,-27.521,0.360
57.3359,-32.000,948.922,1173.629,-109.137,-7.506,0.360
57.4347,-33.000,936.109,1181.115,-119.769,-15.138,0.360
57.5315,-34.000,928.753,1183.102,-124.851,-17.219,0.360
57.6299,-35.000,922.832,1183.619,-128.419,-17.787,0.360
57.7291,-35.000,935.268,1169.591,-115.483,-4.851,0.360
57.8272,-35.000,938.371,1165.134,-111.955,-1.323,0.360
57.9352,-35.000,938.972,1163.382,-110.992,-0.361,0.360
58.0316,-32.000,983.960,1110.936,-62.457,39.174,0.360
58.1287,-27.000,1032.009,1054.748,-10.493,76.138,0.360
58.2355,-19.000,1100.781,976.777,62.747,125.492,0.360
58.3335,-13.000,1107.704,973.076,67.947,112.771,0.360
58.4325,-9.000,1096.142,996.735,50.242,83.119,0.360
58.5299,-6.000,1091.911,1016.770,38.028,61.942,0.360
58.6296,-4.000,1088.145,1038.648,25.137,43.075,0.360
58.7291,-2.000,1097.584,1046.285,25.980,37.930,0.360
58.8361,-0.000,1110.328,1049.736,30.577,36.526,0.360
58.9361,1.000,1107.865,1068.124,20.109,23.053,0.360
59.0348,2.000,1113.586,1075.100,19.446,19.378,0.360
59.1326,2.000,1106.432,1096.046,5.365,5.285,0.360
59.2307,2.000,1108.488,1105.714,1.534,1.441,0.360
59.3273,2.000,1112.456,1111.710,0.497,0.393,0.360
59.4361,2.000,1116.436,1116.200,0.224,0.107,0.360
59.5342,1.000,1102.809,1134.867,-15.939,-13.062,0.360
59.6315,1.000,1115.969,1128.990,-6.434,-3.562,0.360
59.7295,1.000,1121.673,1129.477,-3.837,-0.972,0.360
59.8263,-0.000,1107.850,1146.403,-19.221,-13.356,0.360
59.9334,-0.000,1120.390,1139.500,-9.508,-3.643,0.360
60.0320,-1.000,1107.425,1153.417,-22.956,-14.084,0.360
60.1295,-2.000,1101.555,1159.255,-28.816,-16.932,0.360
60.2285,-2.000,1115.349,1148.434,-16.513,-4.618,0.360
60.3279,-2.000,1119.964,1146.347,-13.167,-1.259,0.360
60.4349,-3.000,1103.929,1160.690,-28.360,-13.434,0.360
60.5351,-3.000,1114.465,1151.716,-18.608,-3.664,0.360
60.6326,-4.000,1099.762,1163.907,-32.058,-14.090,0.360
60.7320,-4.000,1110.420,1154.114,-21.834,-3.843,0.360
60.8268,-5.000,1095.543,1165.886,-35.161,-14.139,0.360
60.9357,-5.000,1105.978,1155.812,-24.908,-3.856,0.360
61.0336,-5.000,1108.907,1153.189,-22.133,-1.052,0.360
61.1307,-6.000,1091.756,1166.760,-37.495,-13.378,0.360
61.2298,-6.000,1101.429,1157.045,-27.802,-3.648,0.360
61.3281,-6.000,1104.029,1154.408,-25.185,-0.995,0.360
61.4260,-5.000,1119.719,1136.528,-8.400,12.820,0.360
61.5347,-5.000,1110.936,1146.449,-17.753,3.496,0.360
61.6316,-5.000,1108.847,1149.505,-20.326,0.954,0.360
61.7290,-5.000,1108.535,1150.639,-21.050,0.260,0.360
61.8283,-5.000,1108.666,1151.207,-21.269,0.071,0.360
61.9263,-5.000,1108.882,1151.586,-21.350,0.019,0.360
62.0328,-4.000,1124.107,1134.705,-5.297,13.096,0.360
62.1288,-4.000,1115.355,1145.050,-14.846,3.572,0.360
62.2268,-3.000,1128.428,1131.171,-1.371,14.065,0.360
62.3355,-3.000,1119.339,1142.576,-11.618,3.836,0.360
62.4351,-3.000,1117.515,1146.367,-14.425,1.046,0.360
62.5316,-3.000,1117.572,1147.982,-15.204,0.285,0.360
62.6296,-3.000,1118.058,1148.919,-15.430,0.078,0.360
62.7272,-3.000,1118.588,1149.597,-15.504,0.021,0.360
62.8363,-4.000,1101.051,1164.321,-31.635,-13.085,0.360
62.9341,-4.000,1110.848,1155.133,-22.142,-3.569,0.360
63.0307,-4.000,1113.678,1152.821,-19.571,-0.973,0.360
63.1306,-4.000,1114.582,1152.357,-18.887,-0.265,0.360
63.2302,-5.000,1096.922,1166.552,-34.815,-13.163,0.360
63.3291,-5.000,1106.492,1157.035,-25.272,-3.590,0.360
63.4267,-5.000,1109.096,1154.477,-22.691,-0.979,0.360
63.5249,-5.000,1109.797,1153.815,-22.009,-0.267,0.360
63.6326,-5.000,1109.978,1153.667,-21.844,-0.073,0.360
63.7296,-5.000,1110.015,1153.658,-21.821,-0.020,0.360
63.8276,-5.000,1110.012,1153.686,-21.837,-0.005,0.360
63.9247,-5.000,1109.996,1153.722,-21.863,-0.001,0.360
64.0326,-4.000,1124.992,1136.583,-5.795,13.091,0.360
64.1287,-4.000,1116.037,1146.716,-15.339,3.570,0.360
64.2262,-4.000,1113.918,1149.838,-17.960,0.974,0.360
64.3246,-4.000,1113.612,1150.996,-18.692,0.266,0.360
64.4317,-4.000,1113.756,1151.575,-18.909,0.072,0.360
64.5303,-4.000,1113.987,1151.959,-18.986,0.020,0.360
64.6279,-4.000,1114.210,1152.259,-19.024,0.005,0.360
64.7266,-4.000,1114.405,1152.509,-19.052,0.001,0.360
64.8241,-5.000,1096.552,1166.900,-35.174,-13.091,0.360
64.9338,-4.000,1121.088,1140.261,-9.587,9.521,0.360
65.0299,-4.000,1114.746,1147.816,-16.535,2.597,0.360
65.1280,-4.000,1113.349,1150.244,-18.447,0.708,0.360
65.2348,-3.000,1128.265,1134.044,-2.890,13.284,0.360
65.3249,-3.000,1119.540,1144.677,-12.569,3.623,0.360
65.4338,-3.000,1117.698,1148.141,-15.222,0.988,0.360
65.5309,-3.000,1117.651,1149.567,-15.958,0.269,0.360
65.6287,-2.000,1133.040,1133.191,-0.075,13.164,0.360
65.7270,-2.000,1124.534,1143.857,-9.661,3.590,0.360
65.8245,-2.000,1122.829,1147.398,-12.284,0.979,0.360
65.9251,-1.000,1137.902,1131.726,3.088,13.358,0.360
66.0343,-1.000,1129.427,1142.692,-6.633,3.643,0.360
66.1321,-1.000,1127.830,1146.406,-9.288,0.994,0.360
66.2302,-0.000,1143.018,1130.858,6.080,13.362,0.360
66.3267,-0.000,1134.647,1141.922,-3.637,3.644,0.360
66.4347,1.000,1147.319,1127.700,9.809,14.085,0.360
66.5322,1.000,1137.922,1138.779,-0.428,3.841,0.360
66.6285,-0.000,1118.673,1157.298,-19.313,-12.043,0.360
66.7280,-0.000,1128.621,1149.729,-10.554,-3.285,0.360
66.8245,-1.000,1114.004,1162.529,-24.262,-13.987,0.360
66.9318,-1.000,1124.898,1153.090,-14.096,-3.815,0.360
67.0296,-2.000,1110.267,1165.117,-27.425,-14.131,0.360
67.1291,-2.000,1120.926,1155.245,-17.160,-3.854,0.360
67.2255,-2.000,1124.052,1152.789,-14.369,-1.051,0.360
67.3329,-2.000,1125.089,1152.321,-13.616,-0.287,0.360
67.4314,-2.000,1125.527,1152.366,-13.420,-0.078,0.360
67.5314,-2.000,1125.777,1152.527,-13.375,-0.021,0.360
67.6286,-3.000,1107.938,1166.875,-29.468,-13.097,0.360
67.7269,-3.000,1117.462,1157.385,-19.961,-3.572,0.360
67.8260,-3.000,1120.056,1154.819,-17.382,-0.974,0.360
67.9249,-3.000,1120.758,1154.140,-16.691,-0.266,0.360
68.0231,-4.000,1102.926,1168.152,-32.613,-13.163,0.360
68.1318,-4.000,1112.352,1158.479,-23.064,-3.590,0.360
68.2324,-4.000,1114.834,1155.788,-20.477,-0.979,0.360
68.3286,-4.000,1115.433,1155.010,-19.789,-0.267,0.360
68.4284,-5.000,1097.511,1168.941,-35.715,-13.164,0.360
68.5252,-5.000,1106.858,1159.201,-26.172,-3.590,0.360
68.6339,-5.000,1109.272,1156.453,-23.591,-0.979,0.360
68.7302,-6.000,1091.795,1169.806,-39.006,-13.358,0.360
68.8280,-6.000,1101.221,1159.875,-29.327,-3.643,0.360
68.9261,-6.000,1103.620,1157.047,-26.713,-0.994,0.360
69.0343,-6.000,1104.124,1156.177,-26.027,-0.271,0.360
69.1338,-6.000,1104.130,1155.861,-25.866,-0.074,0.360
69.2310,-6.000,1104.016,1155.712,-25.848,-0.020,0.360
69.3278,-6.000,1103.883,1155.621,-25.869,-0.005,0.360
69.4247,-6.000,1103.755,1155.558,-25.901,-0.001,0.360
69.5228,-6.000,1103.639,1155.511,-25.936,-0.000,0.360
69.6320,-6.000,1103.535,1155.478,-25.972,-0.000,0.360
69.7295,-6.000,1103.440,1155.456,-26.008,-0.000,0.360
69.8255,-6.000,1103.355,1155.442,-26.044,-0.000,0.360
69.9238,-5.000,1118.293,1138.259,-9.983,13.091,0.360
70.0336,-5.000,1109.289,1148.356,-19.533,3.570,0.360
70.1316,-5.000,1107.126,1151.446,-22.160,0.974,0.360
70.2291,-5.000,1106.783,1152.579,-22.898,0.266,0.360
70.3261,-5.000,1106.895,1153.137,-23.121,0.072,0.360
70.4241,-4.000,1122.114,1136.328,-7.107,13.111,0.360
70.5230,-5.000,1095.363,1160.888,-32.763,-9.515,0.360
70.6309,-5.000,1102.822,1154.567,-25.873,-2.595,0.360
70.7278,-6.000,1087.145,1167.370,-40.112,-13.799,0.360
70.8253,-6.000,1097.424,1157.649,-30.113,-3.763,0.360
70.9329,-7.000,1082.345,1169.362,-43.509,-14.117,0.360
71.0319,-7.000,1092.639,1159.207,-33.284,-3.850,0.360
71.1314,-7.000,1095.456,1156.508,-30.526,-1.050,0.360
71.2284,-8.000,1078.211,1170.013,-45.901,-13.377,0.360
71.3257,-8.000,1087.803,1160.243,-36.220,-3.648,0.360
71.4238,-8.000,1090.332,1157.561,-33.615,-0.995,0.360
71.5231,-9.000,1072.926,1170.998,-49.036,-13.362,0.360
71.6301,-9.000,1082.404,1161.147,-39.372,-3.644,0.360
71.7266,-9.000,1084.841,1158.392,-36.775,-0.994,0.360
71.8233,-10.000,1067.358,1171.765,-52.204,-13.362,0.360
71.9225,-10.000,1076.769,1161.861,-42.546,-3.644,0.360
72.0305,-10.000,1079.150,1159.061,-39.955,-0.994,0.360
72.1298,-10.000,1079.634,1158.219,-39.293,-0.271,0.360
72.2257,-10.000,1079.620,1157.931,-39.156,-0.074,0.360
72.3228,-11.000,1061.468,1171.985,-55.259,-13.111,0.360
72.4315,-11.000,1070.696,1162.274,-45.789,-3.576,0.360
72.5281,-12.000,1055.008,1173.711,-59.352,-14.066,0.360
72.6247,-12.000,1064.859,1163.247,-49.194,-3.836,0.360
72.7233,-13.000,1049.300,1174.445,-62.573,-14.137,0.360
72.8330,-13.000,1059.150,1163.889,-52.369,-3.856,0.360
72.9329,-14.000,1043.559,1175.039,-65.740,-14.142,0.360
73.0314,-13.000,1068.390,1147.273,-39.442,9.234,0.360
73.1290,-13.000,1061.849,1154.320,-46.235,2.518,0.360
73.2270,-13.000,1060.154,1156.444,-48.145,0.687,0.360
73.3268,-12.000,1074.776,1140.027,-32.625,13.278,0.360
73.4248,-10.000,1095.819,1116.139,-10.160,29.803,0.360
73.5229,-9.000,1090.891,1122.488,-15.799,21.219,0.360
73.6221,-7.000,1107.543,1105.724,0.909,31.969,0.360
73.7284,-5.000,1117.237,1097.615,9.811,34.901,0.360
73.8263,-4.000,1110.515,1109.524,0.496,22.609,0.360
73.9241,-3.000,1112.770,1112.519,0.125,19.257,0.360
74.0218,-1.000,1132.511,1095.919,18.296,31.434,0.360
74.1303,1.000,1143.173,1087.927,27.623,34.755,0.360
74.2288,2.000,1136.215,1099.315,18.450,22.569,0.360
74.3263,4.000,1151.549,1083.066,34.242,32.337,0.360
74.4210,4.000,1130.667,1109.172,10.748,8.819,0.360
74.5295,6.000,1154.850,1081.747,36.551,28.587,0.360
74.6257,7.000,1149.895,1086.108,31.894,20.887,0.360
74.7225,7.000,1135.994,1102.504,16.745,5.697,0.360
74.8228,8.000,1147.130,1089.648,28.741,14.645,0.360
74.9215,9.000,1151.473,1083.003,34.235,17.085,0.360
75.0287,9.000,1139.624,1095.896,21.864,4.660,0.360
75.1247,10.000,1150.909,1081.657,34.626,14.362,0.360
75.2218,10.000,1140.770,1092.287,24.241,3.917,0.360
75.3317,10.000,1138.189,1095.284,21.453,1.068,0.360
75.4290,10.000,1137.649,1096.178,20.736,0.291,0.360
75.5284,10.000,1137.648,1096.480,20.584,0.079,0.360
75.6280,10.000,1137.778,1096.606,20.586,0.022,0.360
75.7229,9.000,1120.754,1111.687,4.533,-13.085,0.360
75.8296,9.000,1130.999,1102.791,14.104,-3.569,0.360
75.9287,8.000,1117.044,1115.732,0.656,-14.064,0.360
76.0270,8.000,1128.390,1106.525,10.933,-3.836,0.360
76.1239,7.000,1114.960,1119.613,-2.327,-14.137,0.360
76.2211,6.000,1109.461,1125.661,-8.100,-16.946,0.360
76.3299,4.000,1089.201,1145.067,-27.933,-30.804,0.360
76.4270,3.000,1097.088,1140.295,-21.603,-21.492,0.360
76.5263,1.000,1081.206,1157.504,-38.149,-32.043,0.360
76.6239,-1.000,1072.887,1166.952,-47.032,-34.921,0.360
76.7214,-3.000,1065.724,1173.394,-53.835,-35.706,0.360
76.8227,-4.000,1076.350,1164.315,-43.982,-22.829,0.360
76.9223,-5.000,1077.070,1164.071,-43.501,-19.317,0.360
77.0217,-7.000,1056.757,1180.108,-61.676,-31.450,0.360
77.1207,-8.000,1062.753,1172.637,-54.942,-21.668,0.360
77.2281,-10.000,1043.303,1186.153,-71.425,-32.091,0.360
77.3244,-10.000,1067.061,1163.352,-48.146,-8.752,0.360
77.4209,-11.000,1055.755,1171.630,-57.937,-15.478,0.360
77.5302,-11.000,1067.160,1160.653,-46.747,-4.221,0.360
77.6277,-10.000,1085.362,1140.654,-27.646,11.940,0.360
77.7260,-9.000,1092.372,1132.957,-20.292,16.347,0.360
77.8244,-9.000,1081.637,1146.107,-32.235,4.458,0.360
77.9214,-9.000,1079.367,1150.430,-35.532,1.216,0.360
78.0289,-9.000,1079.301,1152.241,-36.470,0.332,0.360
78.1267,-8.000,1094.765,1136.101,-20.668,13.181,0.360
78.2230,-8.000,1086.343,1146.948,-30.303,3.595,0.360
78.3226,-7.000,1099.728,1133.465,-16.868,14.071,0.360
78.4303,-7.000,1090.910,1145.198,-27.144,3.838,0.360
78.5290,-7.000,1089.317,1149.271,-29.977,1.047,0.360
78.6300,-7.000,1089.567,1151.127,-30.780,0.285,0.360
78.7297,-6.000,1105.230,1135.095,-14.933,13.169,0.360
78.8267,-6.000,1096.960,1146.052,-24.546,3.591,0.360
78.9231,-6.000,1095.453,1149.841,-27.194,0.979,0.360
79.0218,-6.000,1095.675,1151.560,-27.942,0.267,0.360
79.1194,-6.000,1096.270,1152.615,-28.173,0.073,0.360
79.2283,-6.000,1096.882,1153.405,-28.262,0.020,0.360
79.3260,-6.000,1097.427,1154.052,-28.312,0.005,0.360
79.4238,-7.000,1079.877,1168.775,-44.449,-13.089,0.360
79.5218,-7.000,1089.653,1159.596,-34.971,-3.570,0.360
79.6209,-8.000,1074.444,1171.473,-48.514,-14.065,0.360
79.7284,-9.000,1066.692,1175.552,-54.430,-16.927,0.360
79.8288,-9.000,1078.887,1163.235,-42.174,-4.616,0.360
79.9286,-10.000,1064.122,1174.057,-54.968,-14.350,0.360
80.0304,-11.000,1056.306,1177.682,-60.688,-17.005,0.360
80.1287,-11.000,1068.325,1165.099,-48.387,-4.638,0.360
80.2265,-11.000,1071.392,1161.553,-45.080,-1.265,0.360
80.3265,-12.000,1054.026,1174.673,-60.323,-13.436,0.360
80.4246,-13.000,1045.404,1178.845,-66.721,-16.755,0.360
80.5215,-13.000,1057.120,1166.346,-54.613,-4.570,0.360
80.6198,-13.000,1060.033,1162.769,-51.368,-1.246,0.360
80.7281,-13.000,1060.579,1161.658,-50.539,-0.340,0.360
80.8192,-13.000,1060.508,1161.248,-50.370,-0.093,0.360
80.9270,-13.000,1060.293,1161.055,-50.381,-0.025,0.360
81.0246,-13.000,1060.060,1160.941,-50.440,-0.007,0.360
81.1246,-13.000,1059.839,1160.866,-50.513,-0.002,0.360
81.2237,-13.000,1059.637,1160.817,-50.590,-0.001,0.360
81.3226,-13.000,1059.453,1160.788,-50.668,-0.000,0.360
81.4292,-12.000,1074.301,1143.599,-34.649,13.091,0.360
81.5286,-12.000,1065.214,1153.696,-44.241,3.570,0.360
81.6250,-11.000,1077.991,1139.617,-30.813,14.065,0.360
81.7228,-11.000,1068.643,1150.859,-41.108,3.836,0.360
81.8217,-10.000,1081.609,1137.342,-27.867,14.137,0.360
81.9195,-10.000,1072.534,1148.950,-38.208,3.856,0.360
82.0266,-9.000,1085.763,1135.713,-24.975,14.142,0.360
82.1248,-9.000,1076.920,1147.550,-35.315,3.857,0.360
82.2207,-8.000,1090.350,1134.504,-22.077,14.143,0.360
82.3281,-7.000,1096.697,1129.324,-16.314,16.948,0.360
82.4251,-7.000,1086.325,1143.688,-28.681,4.622,0.360
82.5229,-6.000,1099.635,1131.611,-15.988,14.352,0.360
82.6215,-6.000,1091.185,1144.109,-26.462,3.914,0.360
82.7185,-6.000,1090.023,1148.712,-29.344,1.067,0.360
82.8269,-5.000,1105.690,1133.809,-14.060,13.382,0.360
82.9249,-5.000,1097.753,1145.397,-23.822,3.650,0.360
83.0241,-6.000,1078.603,1163.809,-42.603,-12.096,0.360
83.1231,-6.000,1088.550,1156.235,-33.842,-3.299,0.360
83.2220,-6.000,1091.922,1154.881,-31.479,-0.900,0.360
83.3181,-6.000,1093.398,1155.120,-30.861,-0.245,0.360
83.4188,-7.000,1076.252,1169.883,-46.815,-13.158,0.360
83.5281,-7.000,1086.267,1160.843,-37.288,-3.588,0.360
83.6251,-7.000,1089.249,1158.689,-34.720,-0.979,0.360
83.7215,-7.000,1090.271,1158.372,-34.051,-0.267,0.360
83.8193,-8.000,1072.705,1172.696,-49.995,-13.164,0.360
83.9284,-8.000,1082.353,1163.293,-40.470,-3.590,0.360
84.0273,-8.000,1085.020,1160.834,-37.907,-0.979,0.360
84.1246,-9.000,1067.756,1174.435,-53.340,-13.358,0.360
84.2209,-9.000,1077.360,1164.717,-43.679,-3.643,0.360
84.3288,-10.000,1061.890,1176.250,-57.180,-14.084,0.360
84.4269,-10.000,1071.900,1165.894,-46.997,-3.841,0.360
84.5235,-10.000,1074.487,1163.013,-44.263,-1.048,0.360
84.6219,-11.000,1057.047,1176.363,-59.658,-13.377,0.360
84.7193,-11.000,1066.471,1166.463,-49.996,-3.648,0.360
84.8190,-11.000,1068.856,1163.673,-47.409,-0.995,0.360
84.9266,-11.000,1069.341,1162.843,-46.751,-0.271,0.360
85.0278,-11.000,1069.326,1162.565,-46.620,-0.074,0.360
85.1296,-10.000,1084.207,1145.276,-30.535,13.071,0.360
85.2279,-10.000,1075.117,1155.319,-40.101,3.565,0.360
85.3252,-9.000,1087.886,1141.199,-26.656,14.063,0.360
85.4232,-9.000,1078.530,1152.407,-36.938,3.835,0.360
85.5222,-8.000,1091.491,1138.860,-23.685,14.137,0.360
85.6240,-7.000,1097.430,1133.264,-17.917,16.946,0.360
85.7238,-6.000,1101.725,1130.099,-14.187,17.713,0.360
85.8203,-5.000,1105.805,1127.821,-11.008,17.922,0.360
85.9182,-4.000,1110.024,1125.973,-7.975,17.979,0.360
86.0263,-3.000,1114.449,1124.404,-4.977,17.994,0.360
86.1244,-2.000,1119.075,1123.045,-1.985,17.998,0.360
86.2205,-1.000,1123.878,1121.858,1.010,18.000,0.360
86.3186,-0.000,1128.836,1120.815,4.010,18.000,0.360
86.4262,2.000,1147.262,1101.036,23.113,31.091,0.360
86.5254,3.000,1141.265,1108.044,16.611,21.570,0.360
86.6243,4.000,1141.702,1107.626,17.038,18.974,0.360
86.7225,4.000,1129.435,1122.909,3.263,5.175,0.360
86.8211,5.000,1141.154,1109.913,15.621,14.502,0.360
86.9188,6.000,1145.771,1103.370,21.200,17.046,0.360
87.0266,6.000,1134.092,1116.413,8.839,4.649,0.360
87.1250,6.000,1131.327,1120.338,5.494,1.268,0.360
87.2208,6.000,1130.933,1121.717,4.608,0.346,0.360
87.3170,7.000,1145.313,1104.334,20.490,13.185,0.360
87.4234,7.000,1135.990,1114.105,10.942,3.596,0.360
87.5207,7.000,1133.607,1116.869,8.369,0.981,0.360
87.6186,6.000,1115.921,1132.719,-8.399,-12.823,0.360
87.7182,6.000,1126.002,1124.076,0.963,-3.497,0.360
87.8191,6.000,1129.193,1122.108,3.543,-0.954,0.360
87.9266,5.000,1113.266,1136.915,-11.825,-13.351,0.360
88.0244,5.000,1124.030,1128.199,-2.085,-3.641,0.360
88.1238,4.000,1110.401,1141.408,-15.504,-14.084,0.360
88.2248,4.000,1121.990,1132.463,-5.237,-3.841,0.360
88.3241,4.000,1125.931,1130.769,-2.419,-1.048,0.360
88.4209,2.000,1093.318,1160.972,-33.827,-26.468,0.360
88.5178,2.000,1114.555,1143.687,-14.566,-7.218,0.360
88.6254,2.000,1121.496,1140.104,-9.304,-1.969,0.360
88.7238,1.000,1107.190,1155.105,-23.957,-13.628,0.360
88.8227,-0.000,1101.726,1162.000,-30.137,-16.808,0.360
88.9217,-0.000,1116.058,1151.884,-17.913,-4.584,0.360
89.0184,-1.000,1038.683,1178.313,-44.044,-18.996,0.200
89.1281,-1.000,1008.250,1160.803,-29.187,-4.130,0.200
89.2259,-0.000,991.151,1127.111,-3.355,17.102,0.200
89.3223,-0.000,939.541,1130.908,-16.739,3.718,0.200
89.4188,-0.000,900.905,1121.264,-19.649,0.808,0.200
89.5185,1.000,887.481,1082.411,2.328,18.176,0.200
89.6281,1.000,841.441,1079.376,-11.887,3.951,0.200
89.7251,1.000,808.072,1063.391,-14.971,0.859,0.200
89.8245,1.000,778.433,1043.441,-15.634,0.187,0.200
89.9223,2.000,771.241,997.242,6.839,18.041,0.200
90.0192,3.000,751.002,963.860,15.348,21.922,0.200
90.1260,3.000,707.703,956.941,-1.781,4.766,0.200
90.2244,4.000,699.331,911.388,17.126,19.036,0.200
90.3220,5.000,680.359,876.285,24.874,22.138,0.200
90.4193,5.000,638.632,867.408,7.595,4.813,0.200
90.5165,6.000,631.707,820.081,26.484,19.046,0.200
90.6249,7.000,613.990,783.444,34.242,22.140,0.200
90.7222,8.000,594.148,748.846,39.588,22.813,0.200
90.8200,9.000,574.033,714.447,44.417,22.959,0.200
90.9191,10.000,554.020,679.884,49.141,22.991,0.200
91.0157,11.000,559.047,671.157,53.849,22.998,0.200
91.1249,12.000,563.730,662.730,58.561,23.000,0.200
91.2214,13.000,568.125,654.552,63.281,23.000,0.200
91.3183,13.000,551.469,670.992,45.401,5.000,0.200
91.4156,14.000,569.526,649.153,64.217,19.087,0.200
91.5231,14.000,555.571,662.892,49.408,4.149,0.200
91.6219,14.000,553.179,665.100,46.289,0.902,0.200
91.7182,15.000,574.028,640.495,68.321,18.196,0.200
91.8156,16.000,581.230,629.501,76.828,21.956,0.200
91.9227,16.000,564.585,645.923,59.793,4.773,0.200
92.0183,17.000,582.138,624.580,78.814,19.038,0.200
92.1175,17.000,567.647,638.849,64.071,4.139,0.200
92.2247,17.000,564.779,641.528,60.989,0.900,0.200
92.3239,17.000,564.414,641.734,60.441,0.196,0.200
92.4218,18.000,585.381,617.030,83.053,18.043,0.200
92.5208,18.000,571.528,630.708,69.099,3.922,0.200
92.6187,18.000,568.710,633.376,66.195,0.853,0.200
92.7168,18.000,568.282,633.678,65.693,0.185,0.200
92.8154,18.000,568.365,633.487,65.714,0.040,0.200
92.9224,18.000,568.552,633.208,65.848,0.009,0.200
93.0198,17.000,544.947,654.335,43.397,-17.998,0.200
93.1172,17.000,559.707,640.469,57.639,-3.913,0.200
93.2188,17.000,563.366,637.570,60.858,-0.851,0.200
93.3164,16.000,540.753,658.428,39.070,-18.185,0.200
93.4149,16.000,555.931,644.760,53.449,-3.953,0.200
93.5236,15.000,536.041,663.532,34.081,-18.859,0.200
93.6221,14.000,528.186,671.037,26.369,-22.100,0.200
93.7184,14.000,546.989,654.937,43.794,-4.804,0.200
93.8162,13.000,528.240,673.583,25.073,-19.044,0.200
93.9147,12.000,520.930,681.405,17.488,-22.140,0.200
94.0227,11.000,516.293,687.078,12.316,-22.813,0.200
94.1193,11.000,536.202,671.050,30.271,-4.959,0.200
94.2187,9.000,494.227,711.523,-10.965,-37.078,0.200
94.3164,8.000,501.891,706.183,-4.474,-26.060,0.200
94.4178,7.000,501.046,709.602,-6.614,-23.665,0.200
94.5153,5.000,474.615,736.423,-33.247,-41.145,0.200
94.6223,4.000,486.223,728.745,-23.610,-26.944,0.200
94.7207,2.000,462.904,753.605,-47.705,-41.857,0.200
94.8193,-0.000,451.722,767.297,-60.147,-45.099,0.200
94.9154,-2.000,442.269,777.683,-70.070,-45.804,0.200
95.0144,-4.000,432.679,786.866,-79.460,-45.957,0.200
95.1138,-6.000,422.620,795.379,-88.749,-45.991,0.200
95.2227,-9.000,387.676,824.210,-120.639,-63.998,0.200
95.3232,-11.000,390.763,817.725,-115.855,-49.913,0.200
95.4220,-13.000,382.464,821.938,-122.112,-46.851,0.200
95.5197,-15.000,371.456,828.271,-130.784,-46.185,0.200
95.6174,-17.000,359.659,834.895,-139.996,-46.040,0.200
95.7165,-19.000,347.518,841.439,-149.339,-46.009,0.200
95.8138,-20.000,359.747,826.853,-135.933,-28.002,0.200
95.9213,-21.000,357.761,826.235,-136.618,-24.087,0.200
96.0204,-22.000,352.605,828.577,-140.367,-23.236,0.200
96.1194,-23.000,346.695,831.496,-144.782,-23.051,0.200
96.2172,-24.000,340.565,834.484,-149.342,-23.011,0.200
96.3159,-26.000,309.938,858.239,-176.533,-41.002,0.200
96.4239,-27.000,317.707,847.030,-167.044,-26.914,0.200
96.5218,-28.000,314.408,846.804,-168.581,-23.851,0.200
96.6204,-30.000,284.276,869.741,-195.116,-41.185,0.200
96.7179,-31.000,292.050,858.250,-185.484,-26.953,0.200
96.8160,-33.000,264.264,878.677,-209.590,-41.859,0.200
96.9151,-34.000,272.497,866.590,-199.431,-27.100,0.200
97.0158,-36.000,244.767,886.843,-223.422,-41.891,0.200
97.1131,-37.000,252.974,874.680,-213.238,-27.107,0.200
97.2220,-39.000,225.207,894.885,-237.224,-41.893,0.200
97.3188,-40.000,233.379,882.686,-227.038,-27.107,0.200
97.4184,-41.000,229.981,882.059,-228.424,-23.893,0.200
97.5175,-43.000,199.670,904.751,-254.925,-41.194,0.200
97.6149,-44.000,207.271,893.073,-245.286,-26.955,0.200
97.7176,-45.000,203.733,892.545,-246.791,-23.860,0.200
97.8169,-45.000,222.178,873.644,-228.118,-5.187,0.200
97.9145,-46.000,201.644,890.191,-246.658,-19.128,0.200
98.0224,-47.000,192.019,895.827,-254.289,-22.158,0.200
98.1207,-48.000,184.765,899.091,-259.548,-22.817,0.200
98.2193,-49.000,178.025,901.838,-264.291,-22.960,0.200
98.3157,-49.000,195.798,883.672,-246.322,-4.991,0.200
98.4139,-50.000,175.137,900.399,-265.016,-19.085,0.200
98.5227,-50.000,189.901,885.290,-250.080,-4.149,0.200
98.6191,-51.000,168.601,902.697,-269.433,-18.902,0.200
98.7162,-51.000,183.240,887.750,-254.640,-4.109,0.200
98.8145,-62.000,-82.075,1113.203,-500.024,-198.893,0.200
98.9229,-63.000,48.739,977.906,-366.968,-61.238,0.200
99.0205,-64.000,71.859,950.375,-341.643,-31.313,0.200
99.1187,-65.000,71.590,946.295,-339.738,-24.807,0.200
99.2153,-65.000,90.655,926.533,-320.324,-5.393,0.200
99.3138,-65.000,94.580,922.016,-316.103,-1.172,0.200
99.4140,-65.000,95.246,920.847,-315.186,-0.255,0.200
99.5214,-66.000,70.831,941.234,-337.586,-18.055,0.200
99.6188,-65.000,106.150,903.092,-300.856,14.075,0.200
99.7143,-65.000,95.435,914.407,-311.871,3.060,0.200
99.8226,-65.000,93.295,917.056,-314.266,0.665,0.200
99.9215,-64.000,114.391,893.994,-292.186,18.145,0.200
100.0207,-64.000,100.855,908.858,-306.386,3.944,0.200
100.1188,-63.000,119.733,888.709,-286.873,18.857,0.200
100.2146,-62.000,127.335,880.627,-279.031,22.099,0.200
100.3217,-61.000,132.735,875.418,-273.726,22.804,0.200
100.4173,-54.000,266.270,728.247,-133.373,130.957,0.200
100.5165,-54.000,168.486,835.439,-235.862,28.469,0.200
100.6141,-54.000,150.204,861.718,-258.142,6.189,0.200
100.7225,-54.000,148.760,869.961,-262.985,1.345,0.200
100.8210,-54.000,150.596,873.903,-264.038,0.292,0.200
100.9184,-54.000,152.823,876.587,-264.267,0.064,0.200
101.0211,-61.000,-15.940,1024.324,-422.517,-125.986,0.200
101.1176,-61.000,84.222,927.291,-323.919,-27.388,0.200
101.2150,-62.000,82.586,927.986,-325.085,-23.954,0.200
101.3126,-61.000,123.833,886.539,-283.738,12.793,0.200
101.4225,-61.000,115.236,897.966,-293.750,2.781,0.200
101.5206,-54.000,264.063,734.745,-137.726,126.605,0.200
101.6205,-54.000,169.363,838.210,-236.808,27.523,0.200
101.7182,-54.000,151.549,863.474,-258.348,5.983,0.200
101.8135,-54.000,150.033,871.323,-263.030,1.301,0.200
101.9223,-54.000,151.706,875.032,-264.048,0.283,0.200
102.0221,-54.000,153.773,877.541,-264.269,0.061,0.200
102.1196,-54.000,155.669,879.534,-264.317,0.013,0.200
102.2177,-54.000,157.311,881.197,-264.328,0.003,0.200
102.3167,-53.000,180.114,858.804,-241.730,18.001,0.200
102.4146,-53.000,167.701,874.566,-255.818,3.913,0.200
102.5130,-53.000,166.061,879.052,-258.880,0.851,0.200
102.6189,-53.000,166.605,880.927,-259.546,0.185,0.200
102.7187,-52.000,188.888,858.300,-237.091,18.040,0.200
102.8179,-52.000,176.124,873.772,-251.209,3.922,0.200
102.9159,-51.000,195.606,854.192,-231.678,18.853,0.200
103.0129,-51.000,182.310,870.405,-246.432,4.098,0.200
103.1196,-51.000,180.342,874.851,-249.640,0.891,0.200
103.2166,-50.000,202.098,852.802,-227.737,18.194,0.200
103.3139,-50.000,189.235,868.416,-241.976,3.955,0.200
103.4221,-49.000,208.709,848.881,-222.471,18.860,0.200
103.5197,-49.000,195.423,865.115,-237.231,4.100,0.200
103.6170,-48.000,214.867,845.776,-217.839,18.891,0.200
103.7157,-47.000,223.027,838.305,-210.024,22.107,0.200
103.8127,-46.000,228.919,833.599,-204.725,22.806,0.200
103.9206,-45.000,234.475,829.652,-199.973,22.958,0.200
104.0175,-44.000,240.092,826.002,-195.340,22.991,0.200
104.1146,-43.000,245.835,822.531,-190.733,22.998,0.200
104.2107,-42.000,251.702,819.195,-186.131,23.000,0.200
104.3190,-41.000,257.678,815.970,-181.531,23.000,0.200
104.4159,-39.000,285.148,789.040,-154.331,41.000,0.200
104.5148,-38.000,277.690,800.556,-163.818,26.913,0.200
104.6128,-37.000,281.252,801.043,-162.280,23.851,0.200
104.7201,-35.000,308.607,775.329,-135.746,41.185,0.200
104.8168,-34.000,301.474,787.459,-145.377,26.953,0.200
104.9131,-33.000,305.403,788.376,-143.871,23.859,0.200
105.0191,-32.000,311.690,786.808,-139.944,23.187,0.200
105.1175,-31.000,318.449,784.660,-135.490,23.041,0.200
105.2159,-30.000,325.277,782.351,-130.922,23.009,0.200
105.3142,-28.000,353.491,756.179,-103.729,41.002,0.200
105.4129,-27.000,346.671,768.335,-113.217,26.913,0.200
105.5117,-26.000,350.776,769.366,-111.680,23.851,0.200
105.6199,-24.000,378.592,744.114,-85.146,41.185,0.200
105.7182,-22.000,393.251,732.836,-72.177,44.953,0.200
105.8149,-20.000,405.306,724.853,-62.158,45.772,0.200
105.9106,-18.000,416.850,717.972,-52.946,45.951,0.200
106.0201,-16.000,428.523,711.462,-43.854,45.989,0.200
106.1190,-14.000,440.397,705.176,-34.775,45.998,0.200
106.2181,-12.000,452.463,699.060,-25.683,45.999,0.200
106.3159,-10.000,464.700,693.080,-16.575,46.000,0.200
106.4160,-8.000,477.086,687.213,-7.448,46.000,0.200
106.5138,-6.000,489.602,681.439,1.696,46.000,0.200
106.6111,-5.000,480.821,699.550,-11.750,28.000,0.200
106.7201,-2.000,528.555,655.547,34.119,60.087,0.200
106.8186,-0.000,530.415,661.057,32.294,49.062,0.200
106.9166,1.000,518.961,681.177,16.507,28.666,0.200
107.0147,3.000,543.337,659.966,39.301,42.232,0.200
107.1118,6.000,577.087,624.107,74.105,63.181,0.200
107.2197,9.000,593.727,603.874,92.542,67.735,0.200
107.3168,14.000,647.819,537.728,152.661,104.725,0.200
107.4157,17.000,630.794,548.707,138.658,76.766,0.200
107.5139,20.000,635.046,537.516,146.380,70.688,0.200
107.6111,23.000,643.676,521.188,158.859,69.367,0.200
107.7165,25.000,632.217,527.903,149.772,51.080,0.200
107.8146,28.000,655.625,495.663,177.596,65.104,0.200
107.9129,30.000,647.021,498.560,171.845,50.153,0.200
108.0127,31.000,629.145,513.985,155.195,28.903,0.200
108.1129,31.000,606.983,537.063,132.575,6.283,0.200
108.2099,31.000,602.456,542.370,127.658,1.366,0.200
108.3175,30.000,577.918,565.170,103.989,-17.703,0.200
108.4170,30.000,592.534,552.077,117.844,-3.848,0.200
108.5146,32.000,637.793,500.912,166.055,35.163,0.200
108.6117,37.000,714.764,406.922,251.536,97.644,0.200
108.7100,41.000,721.813,386.005,265.519,93.227,0.200
108.8179,44.000,711.360,385.872,260.359,74.267,0.200
108.9162,47.000,715.639,370.795,270.037,70.145,0.200
109.0138,50.000,723.053,352.401,282.941,69.249,0.200
109.1099,52.000,710.292,357.630,273.946,51.054,0.200
109.2159,54.000,711.736,348.584,279.191,47.099,0.200
109.3145,56.000,716.245,336.413,287.531,46.239,0.200
109.4130,57.000,700.602,347.944,273.944,28.052,0.200
109.5117,59.000,720.000,320.850,297.190,42.098,0.200
109.6188,60.000,707.583,329.125,286.844,27.152,0.200
109.7166,62.000,727.674,301.315,310.795,41.903,0.200
109.8141,63.000,715.399,309.427,300.601,27.109,0.200
109.9117,65.000,735.514,281.574,324.585,41.893,0.200
110.0179,66.000,723.240,289.671,314.399,27.107,0.200
110.1169,67.000,722.550,286.210,315.785,23.893,0.200
110.2142,68.000,724.387,280.245,319.686,23.194,0.200
110.3126,69.000,726.781,273.743,324.134,23.042,0.200
110.4102,68.000,684.702,312.930,283.501,-12.991,0.200
110.5190,68.000,695.139,303.033,293.668,-2.824,0.200
110.6178,67.000,673.779,322.453,273.278,-18.614,0.200
110.7168,66.000,665.222,329.962,265.246,-22.047,0.200
110.8134,64.000,635.931,356.562,237.299,-40.793,0.200
110.9112,63.000,645.911,347.893,246.624,-26.868,0.200
111.0095,61.000,621.396,371.724,222.451,-41.841,0.200
111.1089,59.000,609.250,384.488,209.996,-45.096,0.200
111.2158,58.000,624.005,373.858,222.689,-27.803,0.200
111.3159,57.000,625.218,376.752,221.848,-24.044,0.200
111.4151,57.000,647.280,361.180,240.665,-5.227,0.200
111.5124,56.000,630.330,381.248,222.156,-19.136,0.200
111.6090,55.000,624.330,390.497,214.532,-22.160,0.200
111.7187,54.000,620.754,397.435,209.275,-22.817,0.200
111.8177,52.000,593.940,425.307,181.932,-40.960,0.200
111.9159,51.000,605.646,418.100,191.388,-26.904,0.200
112.0136,49.000,582.513,443.257,167.243,-41.849,0.200
112.1102,47.000,571.525,457.166,154.795,-45.098,0.200
112.2174,46.000,587.260,447.513,167.488,-27.804,0.200
112.3148,44.000,565.504,472.639,144.048,-42.044,0.200
112.4120,41.000,531.441,508.367,109.152,-63.140,0.200
112.5102,39.000,538.462,506.961,113.366,-49.726,0.200
112.6123,36.000,511.365,537.631,84.482,-64.810,0.200
112.7110,34.000,520.504,535.728,90.003,-50.089,0.200
112.8180,31.000,494.380,566.804,61.403,-64.889,0.200
112.9142,29.000,504.167,565.425,66.986,-50.106,0.200
113.0107,26.000,478.554,596.985,38.399,-64.893,0.200
113.1087,24.000,488.767,596.027,43.985,-50.107,0.200
113.2169,21.000,463.515,627.947,15.399,-64.893,0.200
113.3159,18.000,450.400,648.529,-1.449,-68.107,0.200
113.4143,15.000,440.112,666.963,-15.810,-68.806,0.200
113.5105,11.000,406.824,706.576,-52.261,-86.958,0.200
113.6081,8.000,412.240,711.337,-51.933,-72.904,0.200
113.7175,4.000,382.956,748.669,-85.241,-87.849,0.200
113.8152,1.000,389.738,753.530,-84.281,-73.098,0.200
113.9129,-3.000,359.365,789.599,-117.502,-87.891,0.200
114.0108,-6.000,363.315,791.691,-116.573,-73.107,0.200
114.1084,-10.000,329.904,824.837,-149.851,-87.893,0.200
114.2074,-14.000,306.848,845.267,-171.594,-91.107,0.200
114.3156,-18.000,285.268,862.216,-190.859,-91.806,0.200
114.4126,-22.000,263.548,877.600,-209.411,-91.958,0.200
114.5094,-26.000,241.222,892.140,-227.844,-91.991,0.200
114.6168,-31.000,193.906,926.838,-268.851,-109.998,0.200
114.7142,-35.000,184.529,926.090,-273.165,-95.913,0.200
114.8099,-39.000,163.687,935.924,-288.503,-92.851,0.200
114.9079,-42.000,164.475,926.981,-283.638,-74.185,0.200
115.0104,-45.000,150.367,932.357,-293.380,-70.127,0.200
115.1073,-48.000,132.838,940.663,-306.298,-69.245,0.200
115.2140,-51.000,114.410,949.452,-319.906,-69.053,0.200
115.3121,-52.000,144.455,916.614,-288.464,-33.012,0.200
115.4087,-53.000,146.203,911.892,-285.229,-25.176,0.200
115.5187,-53.000,166.142,892.424,-265.526,-5.473,0.200
115.6168,-64.000,-97.774,1117.141,-509.843,-199.190,0.200
115.7139,-68.000,-39.646,1044.294,-444.355,-115.302,0.200
115.8108,-73.000,-71.665,1057.802,-467.118,-115.066,0.200
115.9068,-78.000,-103.981,1071.384,-490.067,-115.014,0.200
116.0138,-83.000,-136.432,1084.910,-513.056,-115.003,0.200
116.1117,-87.000,-144.572,1077.565,-513.453,-97.001,0.200
116.2096,-95.000,-264.440,1167.470,-618.340,-165.087,0.200
185.6886,-92.000,-976.840,1024.332,-1000.000,-4428.837,0.200
185.7864,-89.000,-955.638,1047.700,-1000.000,-908.791,0.200
185.8929,-86.000,-475.265,609.413,-539.163,-143.563,0.200
185.9843,-83.000,-276.990,451.113,-359.009,22.791,0.200
186.0922,-80.000,-210.109,422.411,-309.046,58.954,0.200
186.1913,-76.000,-149.951,398.909,-264.784,84.816,0.200
186.2885,-72.000,-110.903,395.219,-240.762,90.438,0.200
186.3863,-69.000,-99.593,418.166,-243.739,73.661,0.200
186.4935,-66.000,-75.781,427.673,-233.587,70.013,0.200
186.5927,-63.000,-49.648,434.063,-220.580,69.220,0.200
186.6916,-61.000,-45.948,462.210,-229.552,51.048,0.200
186.7899,-53.000,107.187,340.346,-88.703,155.097,0.200
186.8885,-52.000,25.611,463.195,-187.483,51.717,0.200
186.9887,-52.000,4.494,530.033,-227.957,11.243,0.200
187.0877,-52.000,15.383,565.647,-236.756,2.444,0.200
187.1858,-52.000,33.439,594.758,-238.669,0.531,0.200
187.2845,-52.000,53.231,622.697,-239.084,0.116,0.200
187.3820,-52.000,73.551,650.588,-239.175,0.025,0.200
187.4910,-52.000,94.114,678.644,-239.195,0.005,0.200
187.5895,-52.000,114.839,706.884,-239.199,0.001,0.200
187.6888,-52.000,135.692,735.291,-239.200,0.000,0.200
187.7870,-51.000,178.052,740.042,-216.600,18.000,0.200
187.8846,-51.000,185.495,783.282,-230.687,3.913,0.200
187.9837,-51.000,203.967,815.530,-233.749,0.851,0.200
188.0817,-51.000,224.840,845.409,-234.415,0.185,0.200
188.1897,-50.000,242.758,824.940,-211.960,18.040,0.200
188.2845,-50.000,226.282,842.247,-226.078,3.922,0.200
188.3823,-49.000,242.610,824.226,-206.547,18.853,0.200
188.4912,-49.000,226.633,841.764,-221.302,4.098,0.200
188.5891,-48.000,243.786,823.537,-201.909,18.891,0.200
188.6908,-47.000,249.998,817.012,-194.093,22.107,0.200
188.7907,-46.000,254.234,813.111,-188.794,22.806,0.200
188.8876,-45.000,258.383,809.847,-184.042,22.958,0.200
188.9849,-44.000,262.803,806.778,-179.409,22.991,0.200
189.0826,-42.000,288.929,780.001,-152.202,40.998,0.200
189.1910,-41.000,280.325,791.652,-161.687,26.913,0.200
189.2875,-39.000,304.312,768.455,-137.549,41.851,0.200
189.3837,-37.000,317.231,757.407,-125.102,45.098,0.200
189.4830,-35.000,328.138,749.290,-115.196,45.804,0.200
189.5912,-33.000,338.942,742.058,-105.843,45.957,0.200
189.6887,-31.000,350.008,735.228,-96.609,45.991,0.200
189.7857,-29.000,361.374,728.663,-87.402,45.998,0.200
189.8847,-27.000,373.010,722.308,-78.200,46.000,0.200
189.9817,-25.000,384.879,716.126,-69.000,46.000,0.200
190.0907,-22.000,418.348,686.293,-37.200,64.000,0.200
190.1868,-20.000,416.980,694.951,-42.087,49.913,0.200
190.2877,-18.000,426.543,692.785,-36.115,46.851,0.200
190.3867,-16.000,438.582,688.233,-27.728,46.185,0.200
190.4849,-12.000,494.031,635.547,26.417,82.040,0.200
190.5828,-10.000,479.642,659.485,7.320,53.835,0.200
190.6815,-6.000,530.058,613.587,55.533,83.703,0.200
190.7917,-4.000,515.186,639.498,35.189,54.196,0.200
190.8814,-1.000,544.614,618.254,60.565,65.782,0.200
190.9888,2.000,564.094,605.129,76.902,68.300,0.200
191.0857,4.000,559.451,616.975,68.687,50.848,0.200
191.1815,6.000,567.348,614.000,74.148,47.054,0.200
191.2909,7.000,556.458,631.474,59.988,28.229,0.200
191.3903,9.000,580.329,608.999,83.178,42.137,0.200
191.4883,11.000,592.632,596.684,95.503,45.160,0.200
191.5854,13.000,601.990,586.114,105.479,45.817,0.200
191.6837,15.000,610.345,575.529,114.960,45.960,0.200
191.7820,17.000,618.176,564.604,124.348,45.991,0.200
191.8817,20.000,646.259,529.090,156.155,63.998,0.200
191.9804,22.000,639.109,531.724,151.269,49.913,0.200
192.0864,24.000,642.721,523.072,157.407,46.851,0.200
192.1853,25.000,627.709,536.201,143.341,28.185,0.200
192.2877,27.000,647.947,510.163,166.484,42.127,0.200
192.3897,28.000,636.309,519.270,156.114,27.158,0.200
192.4889,30.000,657.077,492.152,180.060,41.904,0.200
192.5869,31.000,645.381,500.850,169.866,27.110,0.200
192.6848,33.000,665.988,473.494,193.850,41.893,0.200
192.7863,34.000,654.132,482.014,183.664,27.107,0.200
192.8837,35.000,653.798,478.912,185.049,23.893,0.200
192.9808,35.000,635.138,497.652,166.351,5.194,0.200
193.0878,36.000,651.906,477.352,184.886,19.129,0.200
193.1855,36.000,636.933,492.322,169.915,4.159,0.200
193.2840,36.000,633.676,495.576,166.660,0.904,0.200
193.3820,36.000,632.967,496.284,165.953,0.197,0.200
193.4898,36.000,632.812,496.437,165.799,0.043,0.200
193.5878,36.000,632.777,496.471,165.766,0.009,0.200
193.6859,35.000,608.969,517.878,143.158,-17.998,0.200
193.7840,35.000,623.534,504.272,157.244,-3.913,0.200
193.8849,33.000,579.403,544.418,115.106,-36.851,0.200
193.9819,33.000,609.549,516.885,143.945,-8.011,0.200
194.0900,32.000,593.129,533.127,127.615,-19.742,0.200
194.1885,32.000,610.002,519.101,143.065,-4.292,0.200
194.2852,30.000,566.971,559.753,101.223,-36.933,0.200
194.3824,29.000,574.064,554.237,107.527,-26.029,0.200
194.4885,28.000,572.805,557.438,105.298,-23.658,0.200
194.5853,27.000,569.845,562.647,101.213,-23.143,0.200
194.6828,27.000,590.413,546.991,119.325,-5.031,0.200
194.7898,25.000,548.838,587.942,78.063,-37.094,0.200
194.8891,25.000,580.602,561.647,107.093,-8.064,0.200
194.9877,24.000,565.437,579.060,90.803,-19.753,0.200
195.0858,25.000,604.152,541.657,128.862,13.706,0.200
195.1819,24.000,571.683,575.841,95.536,-15.020,0.200
195.2823,24.000,585.667,566.314,107.291,-3.265,0.200
195.3825,24.000,590.117,565.654,109.847,-0.710,0.200
195.4815,23.000,568.482,588.108,87.802,-18.154,0.200
195.5797,23.000,584.539,575.749,102.010,-3.947,0.200
195.6888,23.000,589.199,574.232,105.098,-0.858,0.200
195.7856,22.000,567.406,596.296,83.170,-18.187,0.200
195.8838,21.000,559.454,605.079,74.803,-21.954,0.200
195.9812,20.000,554.688,611.151,69.384,-22.773,0.200
196.0874,20.000,574.566,595.384,87.206,-4.951,0.200
196.1850,18.000,532.752,635.891,46.046,-37.076,0.200
196.2836,17.000,540.570,630.563,52.618,-26.060,0.200
196.3827,15.000,516.061,655.388,27.951,-41.665,0.200
196.4811,13.000,504.322,668.596,15.478,-45.058,0.200
196.5878,12.000,519.519,658.247,28.251,-27.795,0.200
196.6846,9.000,473.515,704.172,-17.713,-60.042,0.200
196.7854,7.000,477.436,704.384,-15.859,-49.053,0.200
196.8821,5.000,473.028,713.506,-22.624,-46.664,0.200
196.9815,2.000,443.168,746.171,-53.886,-64.144,0.200
197.0893,-1.000,427.052,765.273,-71.496,-67.944,0.200
197.1877,-3.000,437.167,759.495,-63.549,-50.771,0.200
197.2841,-6.000,408.488,787.061,-91.671,-65.037,0.200
197.3820,-9.000,390.131,802.672,-108.655,-68.138,0.200
197.4794,-11.000,397.888,794.380,-100.631,-50.813,0.200
197.5874,-14.000,367.099,819.915,-128.793,-65.046,0.200
197.6855,-17.000,346.915,833.833,-145.844,-68.140,0.200
197.7816,-19.000,353.105,824.117,-137.891,-50.813,0.200
197.8801,-22.000,321.173,848.252,-165.924,-65.046,0.200
197.9814,-25.000,300.065,860.932,-182.819,-68.141,0.200
198.0883,-27.000,305.511,850.123,-174.691,-50.813,0.200
198.1850,-30.000,272.798,873.477,-202.724,-65.046,0.200
198.2816,-33.000,251.026,885.493,-219.619,-68.141,0.200
198.3793,-35.000,255.908,874.120,-211.491,-50.813,0.200
198.4868,-37.000,247.115,876.194,-216.924,-47.046,0.200
198.5834,-40.000,210.879,901.920,-247.905,-64.227,0.200
198.6844,-43.000,187.977,914.088,-265.440,-67.962,0.200
198.7817,-46.000,167.903,923.238,-280.052,-68.774,0.200
198.8805,-48.000,172.784,910.872,-271.429,-50.951,0.200
198.9783,-64.000,-177.694,1203.845,-593.154,-299.076,0.200
199.0874,-68.000,-41.903,1052.317,-449.495,-137.017,0.200
199.1840,-72.000,-32.960,1027.598,-432.664,-101.786,0.200
199.2805,-77.000,-76.006,1051.235,-466.005,-112.127,0.200
199.3783,-81.000,-86.604,1045.934,-468.654,-96.376,0.200
199.4875,-85.000,-109.536,1052.953,-483.629,-92.951,0.200
199.5871,-89.000,-135.155,1062.645,-501.285,-92.207,0.200
199.6860,-95.000,-210.162,1114.515,-564.723,-128.045,0.200
201.9851,-94.000,-976.840,1024.332,-1000.000,-4525.116,0.200
202.0824,-92.000,-955.638,1047.700,-1000.000,-947.721,0.200
202.1818,-89.000,-497.528,631.676,-561.426,-152.026,0.200
202.2803,-88.000,-337.830,511.953,-419.849,-15.049,0.200
202.3791,-85.000,-241.335,453.637,-340.272,50.728,0.200
202.4795,-81.000,-174.740,423.697,-289.572,83.028,0.200
202.5781,-78.000,-156.892,441.208,-286.750,72.050,0.200
202.6771,-73.000,-85.991,404.563,-230.137,105.663,0.200
202.7865,-70.000,-87.224,439.116,-245.030,76.970,0.200
202.8869,-65.000,-21.336,405.751,-192.267,106.733,0.200
202.9836,-61.000,-1.794,418.055,-185.397,95.203,0.200
203.0820,-44.000,320.186,127.347,124.296,326.696,0.200
203.1788,-41.000,149.815,339.591,-63.579,125.021,0.200
203.2768,-39.000,117.385,419.453,-116.222,63.178,0.200
203.3868,-37.000,134.156,451.838,-120.466,49.734,0.200
203.4835,-35.000,162.129,474.487,-114.188,46.812,0.200
203.5822,-34.000,171.570,519.314,-128.224,28.176,0.200
203.6806,-33.000,195.607,549.644,-127.675,24.125,0.200
203.7788,-32.000,222.826,576.878,-123.955,23.245,0.200
203.8768,-31.000,250.743,603.484,-119.547,23.053,0.200
203.9839,-31.000,257.418,653.794,-137.588,5.012,0.200
204.0818,-30.000,299.139,665.749,-118.911,19.089,0.200
204.1776,-30.000,308.519,712.633,-133.850,4.150,0.200
204.2871,-29.000,350.578,723.638,-114.498,18.902,0.200
204.3834,-28.000,381.220,746.340,-106.691,22.109,0.200
204.4788,-26.000,405.981,721.831,-78.794,40.806,0.200
204.5867,-24.000,417.180,712.046,-65.529,44.871,0.200
204.6849,-22.000,426.108,705.520,-55.445,45.755,0.200
204.7865,-20.000,435.118,699.752,-46.053,45.947,0.200
204.8861,-18.000,444.469,694.357,-36.977,45.988,0.200
204.9861,-16.000,454.365,689.023,-27.915,45.997,0.200
205.0826,-13.000,486.156,659.910,3.767,63.999,0.200
205.1817,-11.000,483.361,669.181,-1.221,49.913,0.200
205.2788,-9.000,491.879,667.368,4.834,46.851,0.200
205.3764,-6.000,524.452,639.294,35.913,64.185,0.200
205.4849,-5.000,547.744,676.156,15.128,30.596,0.360
205.5823,-2.000,613.298,665.892,41.137,47.617,0.360
205.6807,-0.000,650.623,687.883,38.688,39.168,0.360
205.7770,3.000,705.294,685.750,58.493,49.955,0.360
205.8854,5.000,735.292,709.369,54.374,39.806,0.360
205.9829,7.000,770.545,725.650,57.648,37.038,0.360
206.0808,9.000,806.005,739.953,62.947,36.283,0.360
206.1796,11.000,840.483,753.733,68.807,36.077,0.360
206.2758,13.000,873.809,767.386,74.829,36.021,0.360
206.3758,14.000,891.895,799.031,64.807,22.915,0.360
206.4854,16.000,932.879,803.278,80.419,32.431,0.360
206.5834,17.000,951.952,832.452,73.026,21.936,0.360
206.6817,18.000,978.093,854.119,73.271,19.073,0.360
206.7797,20.000,1019.894,855.915,91.582,31.384,0.360
206.8762,20.000,1023.857,902.649,68.757,8.559,0.360
206.9828,20.000,1044.221,933.016,62.532,2.334,0.360
207.0805,20.000,1068.943,959.055,60.835,0.637,0.360
207.1755,19.000,1077.700,998.925,44.395,-12.917,0.360
207.2751,19.000,1113.945,1014.651,53.903,-3.523,0.360
207.3825,19.000,1143.168,1037.245,56.579,-0.961,0.360
207.4816,17.000,1110.546,1066.300,25.198,-26.444,0.360
207.5812,16.000,1114.648,1063.005,28.435,-20.303,0.360
207.6810,14.000,1097.392,1079.629,11.103,-31.719,0.360
207.7786,13.000,1106.431,1073.891,18.158,-21.742,0.360
207.8751,12.000,1108.331,1075.638,17.952,-19.020,0.360
207.9834,11.000,1108.350,1079.559,15.760,-18.278,0.360
208.0818,9.000,1090.734,1099.203,-3.075,-31.167,0.360
208.1780,8.000,1100.314,1095.188,3.549,-21.591,0.360
208.2745,6.000,1085.724,1113.188,-12.894,-32.070,0.360
208.3823,4.000,1079.304,1124.185,-21.728,-34.928,0.360
208.4813,1.000,1058.253,1148.649,-44.593,-48.799,0.360
208.5792,-1.000,1064.595,1148.206,-41.291,-39.491,0.360
208.6751,-3.000,1062.861,1153.275,-44.770,-36.952,0.360
208.7840,-6.000,1040.149,1173.302,-66.205,-49.351,0.360
208.8835,-8.000,1043.385,1169.103,-62.543,-39.641,0.360
208.9832,-11.000,1020.754,1185.395,-82.052,-50.084,0.360
209.0809,-14.000,1004.909,1193.333,-93.984,-52.932,0.360
209.1788,-17.000,990.444,1198.557,-103.863,-53.709,0.360
209.2770,-19.000,993.970,1188.495,-97.098,-40.830,0.360
209.3760,-22.000,969.879,1201.512,-115.676,-50.408,0.360
209.4846,-25.000,952.321,1207.136,-127.288,-53.020,0.360
209.5795,-27.000,954.306,1196.328,-120.910,-40.642,0.360
209.6760,-29.000,947.107,1194.347,-123.534,-37.266,0.360
209.7840,-30.000,955.310,1180.501,-112.522,-23.254,0.360
209.8819,-32.000,935.313,1191.021,-127.792,-32.524,0.360
209.9795,-33.000,939.937,1180.501,-120.229,-21.961,0.360
210.0765,-35.000,918.890,1191.858,-136.439,-32.171,0.360
210.1825,-35.000,941.175,1167.335,-113.042,-8.774,0.360
210.2789,-37.000,910.589,1188.340,-138.843,-28.575,0.360
210.3751,-38.000,912.293,1180.652,-134.152,-20.884,0.360
210.4840,-39.000,908.431,1178.587,-135.055,-18.787,0.360
210.5821,-40.000,903.068,1178.073,-137.483,-18.215,0.360
210.6788,-40.000,915.320,1163.825,-124.236,-4.968,0.360
210.7771,-40.000,918.087,1159.361,-120.623,-1.355,0.360
210.8749,-40.000,918.353,1157.652,-119.637,-0.369,0.360
210.9830,-40.000,918.011,1156.769,-119.369,-0.101,0.360
211.0815,-39.000,932.575,1139.002,-103.205,13.063,0.360
211.1801,-37.000,953.237,1114.299,-80.523,29.745,0.360
211.2781,-33.000,992.932,1068.529,-37.792,60.476,0.360
211.3742,-31.000,982.390,1081.586,-49.593,42.675,0.360
211.4818,-28.000,1000.456,1065.179,-32.357,50.911,0.360
211.5794,-26.000,998.657,1073.067,-37.201,40.067,0.360
211.6782,-22.000,1035.150,1039.111,-1.977,63.291,0.360
211.7761,-20.000,1026.221,1057.876,-15.825,43.443,0.360
211.8745,-18.000,1031.720,1062.417,-15.346,38.030,0.360
211.9828,-16.000,1041.255,1063.096,-10.918,36.554,0.360
212.0805,-15.000,1036.933,1079.941,-21.502,23.060,0.360
212.1767,-13.000,1056.928,1069.269,-6.169,32.471,0.360
212.2743,-12.000,1055.215,1082.748,-13.765,21.947,0.360
212.3831,-11.000,1060.699,1088.104,-13.702,19.076,0.360
212.4805,-10.000,1067.884,1090.974,-11.544,18.294,0.360
212.5782,-9.000,1075.309,1092.935,-8.812,18.080,0.360
212.6748,-7.000,1097.629,1077.273,10.179,31.113,0.360
212.7731,-5.000,1110.824,1071.419,19.703,34.667,0.360
212.8815,-4.000,1106.717,1085.603,10.558,22.546,0.360
212.9787,-2.000,1126.114,1073.454,26.331,32.331,0.360
213.0768,-1.000,1123.686,1085.882,18.902,21.908,0.360
213.1733,1.000,1142.690,1072.377,35.157,32.157,0.360
213.2828,2.000,1138.824,1083.078,27.873,21.861,0.360
213.3806,3.000,1141.519,1085.353,28.083,19.053,0.360
213.4801,4.000,1145.469,1084.787,30.341,18.287,0.360
213.5772,5.000,1149.308,1082.984,33.162,18.078,0.360
213.6753,6.000,1152.733,1080.451,36.141,18.021,0.360
213.7774,8.000,1169.895,1059.366,55.265,31.097,0.360
213.8748,8.000,1148.660,1083.267,32.697,8.481,0.360
213.9734,8.000,1143.673,1090.520,26.577,2.313,0.360
214.0799,9.000,1157.179,1075.100,41.040,13.722,0.360
214.1775,10.000,1162.117,1067.695,47.211,16.833,0.360
214.2803,10.000,1150.386,1080.329,35.029,4.591,0.360
214.3773,11.000,1161.668,1065.975,47.847,14.343,0.360
214.4738,10.000,1134.320,1091.551,21.385,-9.179,0.360
214.5820,11.000,1155.980,1067.545,44.217,10.587,0.360
214.6785,10.000,1131.672,1090.699,20.487,-10.203,0.360
214.7737,10.000,1140.163,1084.228,27.967,-2.783,0.360
214.8730,10.000,1143.105,1083.003,30.051,-0.759,0.360
214.9796,9.000,1127.269,1098.137,14.566,-13.298,0.360
215.0767,10.000,1152.373,1071.597,40.388,9.464,0.360
215.1748,9.000,1129.263,1094.327,17.468,-10.510,0.360
215.2756,9.000,1138.299,1087.967,25.166,-2.866,0.360
215.3740,9.000,1141.575,1086.966,27.304,-0.782,0.360
215.4828,9.000,1143.164,1087.311,27.927,-0.213,0.360
215.5794,8.000,1127.018,1102.940,12.039,-13.149,0.360
215.6781,8.000,1137.910,1094.610,21.650,-3.586,0.360
215.7761,7.000,1124.477,1108.059,8.209,-14.069,0.360
215.8730,6.000,1119.082,1114.310,2.386,-16.928,0.360
215.9729,6.000,1133.292,1103.825,14.733,-4.617,0.360
216.0742,5.000,1121.092,1117.032,2.030,-14.350,0.360
216.1730,3.000,1099.133,1138.528,-19.697,-30.095,0.360
216.2817,2.000,1106.665,1134.442,-13.889,-21.299,0.360
216.3804,1.000,1107.954,1136.922,-14.484,-18.900,0.360
216.4804,-0.000,1107.630,1141.289,-16.829,-18.245,0.360
216.5778,-2.000,1088.084,1159.592,-35.754,-31.158,0.360
216.6756,-3.000,1095.187,1153.592,-29.202,-21.588,0.360
216.7728,-4.000,1094.822,1154.056,-29.617,-18.979,0.360
216.8810,-6.000,1074.109,1170.172,-48.032,-31.358,0.360
216.9795,-7.000,1079.908,1162.626,-41.359,-21.643,0.360
217.0761,-9.000,1060.330,1176.039,-57.854,-32.084,0.360
217.1739,-10.000,1065.973,1167.315,-50.671,-21.841,0.360
217.2810,-11.000,1063.971,1165.859,-50.944,-19.048,0.360
217.3811,-12.000,1059.772,1166.279,-53.254,-18.286,0.360
217.4766,-13.000,1054.875,1167.123,-56.124,-18.078,0.360
217.5740,-13.000,1067.722,1153.831,-43.054,-4.930,0.360
217.6823,-13.000,1071.041,1150.134,-39.547,-1.345,0.360
217.7787,-14.000,1053.763,1163.251,-54.744,-13.458,0.360
217.8787,-14.000,1063.198,1153.279,-45.040,-3.670,0.360
217.9759,-15.000,1074.395,1110.388,-17.997,-4.659,0.160
218.0727,-15.000,1062.195,1092.918,-15.362,-1.997,0.160
218.1715,-15.000,1047.835,1076.330,-14.248,-0.856,0.160
218.2801,-15.000,1032.279,1059.850,-13.786,-0.367,0.160
218.3806,-16.000,1010.434,1045.615,-17.591,-3.243,0.160
218.4774,-16.000,995.560,1027.092,-15.766,-1.390,0.160
218.5755,-17.000,973.719,1011.696,-18.989,-3.681,0.160
218.6737,-17.000,958.601,992.432,-16.916,-1.578,0.160
218.7741,-18.000,936.447,976.512,-20.032,-3.762,0.160
218.8744,-19.000,915.471,959.276,-21.902,-4.698,0.160
218.9731,-19.000,900.516,939.020,-19.252,-2.013,0.160
219.0805,-20.000,878.292,922.466,-22.087,-3.949,0.160
219.1787,-21.000,857.157,904.790,-23.817,-4.778,0.160
219.2787,-21.000,842.028,884.201,-21.086,-2.048,0.160
219.3773,-22.000,819.607,867.411,-23.902,-3.963,0.160
219.4747,-23.000,798.297,849.542,-25.623,-4.784,0.160
219.5746,-23.000,783.015,828.793,-22.889,-2.050,0.160
219.6721,-24.000,760.463,811.869,-25.703,-3.964,0.160
219.7791,-25.000,739.040,793.887,-27.423,-4.785,0.160
219.8773,-26.000,718.117,775.467,-28.675,-5.136,0.160
219.9751,-27.000,697.420,756.872,-29.726,-5.287,0.160
220.0728,-27.000,682.378,735.787,-26.704,-2.266,0.160
220.1723,-28.000,659.908,718.699,-29.395,-4.057,0.160
220.2712,-29.000,638.504,700.630,-31.063,-4.824,0.160
220.3780,-30.000,617.574,682.157,-32.292,-5.153,0.160
220.4762,-30.000,602.408,661.102,-29.347,-2.209,0.160
220.5717,-31.000,579.865,644.007,-32.071,-4.032,0.160
220.6711,-32.000,558.413,625.917,-33.752,-4.814,0.160
220.7798,-33.000,537.448,607.422,-34.987,-5.149,0.160
220.8767,-33.000,522.254,586.345,-32.045,-2.207,0.160
220.9749,-33.000,505.236,566.804,-30.784,-0.946,0.160
221.0735,-34.000,481.828,550.287,-34.230,-3.491,0.160
221.1727,-34.000,465.489,529.959,-32.235,-1.496,0.160
221.2717,-35.000,455.083,525.814,-35.366,-3.727,0.160
221.3786,-35.000,457.940,524.412,-33.236,-1.597,0.160
221.4777,-35.000,459.471,524.117,-32.323,-0.685,0.160
221.5768,-36.000,454.842,526.677,-35.918,-3.379,0.160
221.6753,-36.000,457.393,525.367,-33.987,-1.448,0.160
221.7734,-36.000,458.748,525.067,-33.159,-0.621,0.160
221.8734,-37.000,454.005,527.586,-36.790,-3.352,0.160
221.9720,-37.000,456.476,526.226,-34.875,-1.436,0.160
222.0706,-37.000,457.768,525.877,-34.054,-0.616,0.160
222.1794,-38.000,452.975,528.352,-37.688,-3.350,0.160
222.2756,-38.000,455.404,526.953,-35.774,-1.436,0.160
222.3734,-38.000,456.662,526.570,-34.954,-0.615,0.160
222.4706,-38.000,457.386,526.590,-34.602,-0.264,0.160
222.5799,-39.000,452.307,529.182,-38.437,-3.199,0.160
222.6773,-39.000,454.578,527.797,-36.609,-1.371,0.160
222.7750,-39.000,455.737,527.390,-35.826,-0.588,0.160
222.8749,-39.000,456.393,527.374,-35.490,-0.252,0.160
222.9734,-39.000,456.809,527.502,-35.347,-0.108,0.160
223.0703,-40.000,451.556,530.097,-39.271,-3.132,0.160
223.1803,-40.000,453.716,528.678,-37.481,-1.342,0.160
223.2767,-40.000,454.798,528.226,-36.714,-0.575,0.160
223.3746,-40.000,455.394,528.165,-36.385,-0.247,0.160
223.4699,-40.000,455.763,528.251,-36.244,-0.106,0.160
223.5785,-40.000,456.017,528.384,-36.184,-0.045,0.160
223.6754,-40.000,456.207,528.523,-36.158,-0.019,0.160
223.7729,-41.000,450.812,531.077,-40.133,-3.094,0.160
223.8805,-41.000,452.873,529.602,-38.365,-1.326,0.160
223.9799,-41.000,453.879,529.093,-37.607,-0.568,0.160
224.0760,-41.000,454.415,528.980,-37.282,-0.244,0.160
224.1731,-41.000,454.734,529.020,-37.143,-0.104,0.160
224.2705,-41.000,454.947,529.114,-37.083,-0.045,0.160
224.3780,-41.000,455.102,529.218,-37.058,-0.019,0.160
224.4772,-41.000,455.224,529.317,-37.047,-0.008,0.160
224.5768,-41.000,455.322,529.407,-37.042,-0.004,0.160
224.6734,-41.000,455.404,529.484,-37.040,-0.002,0.160
224.7710,-41.000,455.473,529.551,-37.039,-0.001,0.160
224.8703,-41.000,455.531,529.609,-37.039,-0.000,0.160
224.9793,-41.000,455.580,529.657,-37.039,-0.000,0.160
225.0770,-41.000,455.622,529.699,-37.039,-0.000,0.160
225.1742,-41.000,455.657,529.734,-37.039,-0.000,0.160
225.2711,-41.000,455.687,529.764,-37.039,-0.000,0.160
225.3782,-40.000,458.258,524.364,-33.053,3.086,0.160
225.4769,-40.000,456.793,526.425,-34.816,1.322,0.160
225.5747,-40.000,456.290,527.434,-35.572,0.567,0.160
225.6733,-40.000,456.182,527.973,-35.896,0.243,0.160
225.7709,-39.000,458.771,522.869,-32.049,3.190,0.160
225.8778,-39.000,457.380,525.123,-33.872,1.367,0.160
225.9756,-39.000,456.966,526.271,-34.653,0.586,0.160
226.0742,-39.000,456.942,526.917,-34.988,0.251,0.160
226.1703,-39.000,457.064,527.326,-35.131,0.108,0.160
226.2695,-39.000,457.228,527.613,-35.192,0.046,0.160
226.3682,-39.000,457.393,527.830,-35.219,0.020,0.160
226.4779,-38.000,460.090,522.579,-31.244,3.094,0.160
226.5748,-38.000,458.736,524.761,-33.013,1.326,0.160
226.6714,-38.000,458.330,525.871,-33.770,0.568,0.160
226.7700,-37.000,460.851,521.069,-30.109,3.329,0.160
226.8778,-37.000,459.479,523.502,-32.012,1.427,0.160
226.9750,-37.000,459.114,524.768,-32.827,0.612,0.160
227.0719,-37.000,459.148,525.501,-33.177,0.262,0.160
227.1725,-36.000,461.870,520.551,-29.341,3.198,0.160
227.2712,-36.000,460.595,522.931,-31.168,1.371,0.160
227.3683,-36.000,460.282,524.184,-31.951,0.587,0.160
227.4750,-35.000,462.891,519.494,-28.301,3.337,0.160
227.5744,-35.000,461.600,522.016,-30.208,1.430,0.160
227.6708,-34.000,463.851,517.931,-27.040,3.699,0.160
227.7701,-34.000,462.459,520.766,-29.153,1.585,0.160
227.8715,-33.000,464.711,516.858,-26.074,3.765,0.160
227.9683,-33.000,463.356,519.806,-28.225,1.614,0.160
228.0773,-32.000,465.657,515.980,-25.161,3.777,0.160
228.1761,-32.000,464.351,518.990,-27.320,1.619,0.160
228.2743,-31.000,466.695,515.213,-24.259,3.779,0.160
228.3700,-30.000,467.972,512.839,-22.433,4.705,0.160
228.4683,-29.000,468.863,511.135,-21.136,5.102,0.160
228.5766,-28.000,469.648,509.780,-20.066,5.272,0.160
228.6725,-27.000,470.438,508.624,-19.093,5.345,0.160
228.7718,-26.000,471.274,507.598,-18.162,5.377,0.160
228.8694,-25.000,472.166,506.664,-17.249,5.390,0.160
228.9778,-24.000,473.114,505.800,-16.343,5.396,0.160
229.0761,-22.000,476.658,499.568,-11.455,8.484,0.160
229.1721,-21.000,476.214,500.847,-12.317,6.722,0.160
229.2700,-20.000,476.773,501.118,-12.172,5.966,0.160
229.3673,-19.000,477.728,500.988,-11.630,5.643,0.160
229.4754,-18.000,478.868,500.670,-10.901,5.504,0.160
229.5742,-17.000,480.087,500.269,-10.091,5.445,0.160
229.6730,-17.000,478.793,505.259,-13.233,2.333,0.160
229.7710,-16.000,481.547,502.766,-10.609,4.086,0.160
229.8684,-15.000,483.342,501.313,-8.985,4.837,0.160
229.9758,-14.000,484.744,500.321,-7.789,5.159,0.160
230.0740,-13.000,485.993,499.541,-6.774,5.297,0.160
230.1700,-13.000,484.642,504.291,-9.824,2.270,0.160
230.2679,-12.000,487.314,501.628,-7.157,4.059,0.160
230.3755,-11.000,489.024,500.045,-5.511,4.825,0.160
230.4725,-11.000,487.801,504.376,-8.288,2.068,0.160
230.5691,-10.000,490.469,501.472,-5.501,3.972,0.160
230.6669,-10.000,489.580,505.158,-7.789,1.702,0.160
230.7763,-9.000,492.326,501.910,-4.792,3.815,0.160
230.8741,-8.000,493.964,499.966,-3.001,4.721,0.160
230.9710,-8.000,492.621,504.048,-5.713,2.023,0.160
231.0680,-8.000,492.615,506.382,-6.884,0.867,0.160
231.1760,-7.000,495.642,502.454,-3.406,3.457,0.160
231.2726,-7.000,494.771,505.560,-5.394,1.482,0.160
231.3709,-6.000,497.409,501.941,-2.266,3.721,0.160
231.4683,-6.000,496.355,505.161,-4.403,1.595,0.160
231.5760,-6.000,496.354,507.004,-5.325,0.683,0.160
231.6738,-5.000,499.283,502.760,-1.739,3.379,0.160
231.7711,-5.000,498.284,505.641,-3.678,1.448,0.160
231.8685,-5.000,498.248,507.278,-4.515,0.621,0.160
231.9672,-5.000,498.564,508.321,-4.878,0.266,0.160
232.0749,-4.000,501.529,503.633,-1.052,3.200,0.160
232.1720,-4.000,500.461,506.236,-2.888,1.371,0.160
232.2692,-4.000,500.322,507.679,-3.678,0.588,0.160
232.3671,-4.000,500.533,508.576,-4.021,0.252,0.160
232.4744,-4.000,500.854,509.198,-4.172,0.108,0.160
232.5707,-4.000,501.185,509.668,-4.241,0.046,0.160
232.6687,-4.000,501.492,510.042,-4.275,0.020,0.160
232.7673,-4.000,501.763,510.350,-4.294,0.008,0.160
232.8750,-4.000,501.997,510.608,-4.306,0.004,0.160
232.9732,-4.000,502.197,510.826,-4.315,0.002,0.160
233.0725,-4.000,502.366,511.012,-4.323,0.001,0.160
233.1712,-4.000,502.510,511.171,-4.331,0.000,0.160
233.2688,-4.000,502.631,511.307,-4.338,0.000,0.160
233.3766,-4.000,502.733,511.423,-4.345,0.000,0.160
233.4732,-5.000,497.271,513.950,-8.340,-3.086,0.160
233.5713,-6.000,493.730,514.877,-10.573,-4.408,0.160
233.6683,-6.000,496.627,512.757,-8.065,-1.889,0.160
233.7675,-7.000,492.479,514.447,-10.984,-3.895,0.160
233.8748,-8.000,489.600,515.116,-12.758,-4.755,0.160
233.9750,-8.000,492.864,512.974,-10.055,-2.038,0.160
234.0732,-9.000,488.943,514.728,-12.893,-3.959,0.160
234.1710,-10.000,486.221,515.488,-14.634,-4.782,0.160
234.2712,-10.000,489.602,513.440,-11.919,-2.050,0.160
234.3691,-11.000,485.774,515.280,-14.753,-3.964,0.160
234.4673,-11.000,488.675,513.690,-12.508,-1.699,0.160
234.5764,-11.000,490.183,513.296,-11.557,-0.728,0.160
234.6734,-11.000,491.052,513.374,-11.161,-0.312,0.160
234.7708,-12.000,486.066,516.045,-14.990,-3.219,0.160
234.8676,-12.000,488.400,514.743,-13.172,-1.380,0.160
234.9760,-12.000,489.606,514.415,-12.405,-0.591,0.160
235.0737,-13.000,484.747,516.899,-16.076,-3.339,0.160
235.1745,-13.000,487.123,515.505,-14.191,-1.431,0.160
235.2715,-14.000,482.787,517.556,-17.384,-3.699,0.160
235.3674,-14.000,485.404,515.996,-15.296,-1.585,0.160
235.4746,-15.000,481.187,517.992,-18.403,-3.765,0.160
235.5721,-15.000,483.867,516.424,-16.278,-1.614,0.160
235.6698,-16.000,479.688,518.429,-19.371,-3.777,0.160
235.7677,-16.000,482.393,516.875,-17.241,-1.619,0.160
235.8750,-17.000,478.231,518.896,-20.332,-3.779,0.160
235.9731,-17.000,480.950,517.356,-18.203,-1.620,0.160
236.0717,-18.000,476.799,519.390,-21.296,-3.780,0.160
236.1675,-19.000,473.979,520.291,-23.156,-4.706,0.160
236.2757,-19.000,477.318,518.320,-20.501,-2.017,0.160
236.3744,-21.000,467.961,522.601,-27.320,-7.036,0.160
236.4715,-21.000,472.823,519.423,-23.300,-3.015,0.160
236.5709,-22.000,469.717,520.841,-25.562,-4.378,0.160
236.6678,-23.000,467.455,521.548,-27.046,-4.962,0.160
236.7672,-25.000,460.039,524.403,-32.182,-8.298,0.160
236.8648,-25.000,465.842,520.723,-27.440,-3.556,0.160
236.9742,-26.000,463.230,522.018,-29.394,-4.610,0.160
237.0717,-28.000,455.714,525.176,-34.731,-8.147,0.160
237.1666,-29.000,455.971,524.094,-34.062,-6.577,0.160
237.2658,-30.000,455.333,523.911,-34.289,-5.905,0.160
237.3645,-32.000,448.767,526.539,-38.886,-8.702,0.160
237.4747,-33.000,449.520,525.319,-37.899,-6.815,0.160
237.5710,-34.000,449.171,525.152,-37.991,-6.006,0.160
237.6689,-33.000,456.429,517.574,-30.573,0.512,0.160
237.7671,-33.000,457.501,519.231,-30.865,0.219,0.160
237.8650,-33.000,458.535,520.516,-30.990,0.094,0.160
237.9731,-33.000,459.467,521.555,-31.044,0.040,0.160
238.0700,-33.000,460.282,522.416,-31.067,0.017,0.160
238.1666,-33.000,460.984,523.138,-31.077,0.007,0.160
238.2656,-33.000,461.585,523.747,-31.081,0.003,0.160
238.3747,-33.000,462.098,524.264,-31.083,0.001,0.160
238.4720,-33.000,462.534,524.702,-31.084,0.001,0.160
238.5687,-33.000,462.906,525.074,-31.084,0.000,0.160
238.6664,-33.000,463.222,525.390,-31.084,0.000,0.160
238.7740,-32.000,466.036,520.233,-27.098,3.086,0.160
238.8705,-32.000,464.777,522.500,-28.862,1.322,0.160
238.9681,-32.000,464.450,523.685,-29.617,0.567,0.160
239.0651,-33.000,458.945,526.799,-33.927,-2.843,0.160
239.1739,-33.000,461.053,525.658,-32.303,-1.218,0.160
239.2746,-33.000,462.160,525.373,-31.606,-0.522,0.160
239.3713,-33.000,462.808,525.424,-31.308,-0.224,0.160
239.4690,-34.000,457.687,528.019,-35.166,-3.182,0.160
239.5661,-34.000,459.932,526.627,-33.348,-1.364,0.160
239.6645,-34.000,461.073,526.211,-32.569,-0.584,0.160
239.7744,-34.000,461.715,526.185,-32.235,-0.250,0.160
239.8721,-34.000,462.120,526.304,-32.092,-0.107,0.160
239.9717,-35.000,456.859,528.891,-36.016,-3.132,0.160
240.0695,-35.000,459.012,527.464,-34.226,-1.342,0.160
240.1661,-35.000,460.087,527.006,-33.459,-0.575,0.160
240.2638,-35.000,460.678,526.940,-33.131,-0.247,0.160
240.3715,-36.000,455.497,529.448,-36.976,-3.191,0.160
240.4687,-36.000,457.684,527.988,-35.152,-1.368,0.160
240.5644,-36.000,458.774,527.515,-34.370,-0.586,0.160
240.6729,-36.000,459.372,527.443,-34.035,-0.251,0.160
240.7715,-36.000,459.739,527.523,-33.892,-0.108,0.160
240.8681,-36.000,459.990,527.651,-33.830,-0.046,0.160
240.9693,-37.000,454.632,530.212,-37.790,-3.105,0.160
241.0677,-37.000,456.718,528.748,-36.015,-1.331,0.160
241.1651,-37.000,457.743,528.252,-35.255,-0.570,0.160
241.2632,-38.000,452.748,530.577,-38.914,-3.330,0.160
241.3711,-38.000,455.016,529.039,-37.011,-1.427,0.160
241.4680,-38.000,456.142,528.534,-36.196,-0.612,0.160
241.5647,-38.000,456.755,528.448,-35.846,-0.262,0.160
241.6718,-39.000,451.584,530.948,-39.682,-3.198,0.160
241.7692,-39.000,453.776,529.485,-37.855,-1.371,0.160
241.8673,-39.000,454.869,529.012,-37.072,-0.587,0.160
241.9637,-39.000,455.468,528.940,-36.736,-0.252,0.160
242.0647,-39.000,455.835,529.020,-36.592,-0.108,0.160
242.1657,-39.000,456.087,529.148,-36.530,-0.046,0.160
242.2637,-39.000,456.276,529.284,-36.504,-0.020,0.160
242.3640,-39.000,456.424,529.410,-36.493,-0.008,0.160
242.4736,-40.000,451.000,531.948,-40.474,-3.089,0.160
242.5704,-40.000,453.039,530.456,-38.708,-1.324,0.160
242.6682,-40.000,454.028,529.931,-37.952,-0.567,0.160
242.7667,-40.000,454.550,529.805,-37.627,-0.243,0.160
242.8655,-40.000,454.857,529.833,-37.488,-0.104,0.160
242.9729,-41.000,449.513,532.342,-41.415,-3.130,0.160
243.0720,-41.000,451.597,530.849,-39.626,-1.342,0.160
243.1683,-41.000,452.615,530.333,-38.859,-0.575,0.160
243.2640,-41.000,453.157,530.218,-38.531,-0.246,0.160
243.3626,-41.000,453.479,530.258,-38.390,-0.106,0.160
243.4708,-42.000,448.148,532.778,-42.315,-3.131,0.160
243.5680,-42.000,450.242,531.294,-40.526,-1.342,0.160
243.6673,-42.000,451.268,530.786,-39.759,-0.575,0.160
243.7645,-42.000,451.817,530.678,-39.431,-0.246,0.160
243.8632,-42.000,452.145,530.725,-39.290,-0.106,0.160
243.9716,-42.000,452.365,530.823,-39.229,-0.045,0.160
244.0689,-42.000,452.526,530.933,-39.204,-0.019,0.160
244.1664,-42.000,452.652,531.037,-39.193,-0.008,0.160
244.2654,-42.000,452.754,531.130,-39.188,-0.004,0.160
244.3638,-43.000,447.294,533.637,-43.171,-3.087,0.160
244.4624,-43.000,449.303,532.117,-41.407,-1.323,0.160
244.5693,-43.000,450.267,531.569,-40.651,-0.567,0.160
244.6667,-43.000,450.767,531.422,-40.327,-0.243,0.160
244.7656,-43.000,451.057,531.433,-40.188,-0.104,0.160
244.8642,-43.000,451.244,531.501,-40.129,-0.045,0.160
244.9625,-43.000,451.378,531.584,-40.103,-0.019,0.160
245.0721,-43.000,451.481,531.666,-40.092,-0.008,0.160
245.1718,-43.000,451.564,531.740,-40.088,-0.004,0.160
245.2695,-43.000,451.633,531.804,-40.086,-0.002,0.160
245.3705,-43.000,451.690,531.860,-40.085,-0.001,0.160
245.4706,-43.000,451.739,531.908,-40.084,-0.000,0.160
245.5712,-43.000,451.780,531.949,-40.084,-0.000,0.160
245.6619,-43.000,451.815,531.983,-40.084,-0.000,0.160
245.7706,-43.000,451.844,532.013,-40.084,-0.000,0.160
245.8659,-43.000,451.870,532.038,-40.084,-0.000,0.160
245.9626,-43.000,451.891,532.059,-40.084,-0.000,0.160
246.0627,-43.000,451.909,532.078,-40.084,-0.000,0.160
246.1716,-43.000,451.925,532.093,-40.084,-0.000,0.160
246.2697,-43.000,451.938,532.106,-40.084,-0.000,0.160
246.3657,-44.000,446.403,534.543,-44.070,-3.086,0.160
246.4658,-44.000,448.350,532.963,-42.307,-1.322,0.160
246.5648,-44.000,449.262,532.363,-41.551,-0.567,0.160
246.6643,-44.000,449.718,532.172,-41.227,-0.243,0.160
246.7718,-44.000,449.969,532.146,-41.088,-0.104,0.160
246.8691,-44.000,450.125,532.182,-41.029,-0.045,0.160
246.9663,-44.000,450.232,532.238,-41.003,-0.019,0.160
247.0660,-44.000,450.312,532.297,-40.992,-0.008,0.160
247.1646,-44.000,450.375,532.351,-40.988,-0.004,0.160
247.2627,-44.000,450.427,532.399,-40.986,-0.002,0.160
247.3713,-44.000,450.471,532.440,-40.985,-0.001,0.160
247.4699,-44.000,450.507,532.476,-40.984,-0.000,0.160
247.5672,-44.000,450.538,532.507,-40.984,-0.000,0.160
247.6654,-43.000,453.110,527.107,-36.999,3.086,0.160
247.7634,-43.000,451.645,529.168,-38.762,1.322,0.160
247.8637,-43.000,451.143,530.177,-39.517,0.567,0.160
247.9610,-43.000,451.034,530.717,-39.841,0.243,0.160
248.0698,-41.000,456.170,520.187,-32.009,6.276,0.160
248.1676,-41.000,453.292,524.481,-35.595,2.690,0.160
248.2648,-41.000,452.356,526.619,-37.132,1.153,0.160
248.3643,-41.000,452.209,527.789,-37.790,0.494,0.160
248.4622,-41.000,452.361,528.506,-38.072,0.212,0.160
248.5604,-41.000,452.610,528.996,-38.193,0.091,0.160
248.6699,-41.000,452.872,529.362,-38.245,0.039,0.160
248.7667,-41.000,453.116,529.651,-38.268,0.017,0.160
248.8643,-42.000,447.788,532.313,-42.263,-3.079,0.160
248.9610,-42.000,449.914,530.921,-40.504,-1.319,0.160
249.0698,-42.000,450.980,530.479,-39.750,-0.565,0.160
249.1676,-42.000,451.568,530.421,-39.427,-0.242,0.160
249.2658,-42.000,451.932,530.508,-39.288,-0.104,0.160
249.3627,-41.000,454.728,525.214,-35.243,3.041,0.160
249.4618,-41.000,453.429,527.391,-36.981,1.303,0.160
249.5695,-41.000,453.057,528.508,-37.726,0.559,0.160
249.6664,-42.000,447.509,531.570,-42.031,-2.846,0.160
249.7637,-41.000,452.125,524.962,-36.418,1.866,0.160
249.8612,-41.000,451.712,526.681,-37.485,0.800,0.160
249.9671,-41.000,451.810,527.693,-37.941,0.343,0.160
250.0641,-42.000,446.540,530.786,-42.123,-2.939,0.160
250.1632,-42.000,448.794,529.682,-40.444,-1.260,0.160
250.2614,-42.000,450.003,529.451,-39.724,-0.540,0.160
250.3683,-41.000,453.272,524.132,-35.430,2.854,0.160
250.4657,-41.000,452.270,526.392,-37.061,1.223,0.160
250.5627,-41.000,452.106,527.626,-37.760,0.524,0.160
250.6616,-40.000,454.807,522.954,-34.074,3.310,0.160
250.7705,-40.000,453.577,525.508,-35.965,1.419,0.160
250.8682,-40.000,453.330,526.882,-36.776,0.608,0.160
250.9649,-40.000,453.461,527.708,-37.124,0.261,0.160
251.0628,-40.000,453.719,528.264,-37.273,0.112,0.160
251.1700,-40.000,454.001,528.673,-37.336,0.048,0.160
251.2663,-41.000,448.721,531.420,-41.349,-3.065,0.160
251.3647,-41.000,450.897,530.093,-39.598,-1.314,0.160
251.4621,-41.000,452.008,529.702,-38.847,-0.563,0.160
251.5598,-41.000,452.636,529.687,-38.525,-0.241,0.160
251.6685,-41.000,453.034,529.809,-38.388,-0.103,0.160
251.7656,-41.000,453.314,529.971,-38.329,-0.044,0.160
251.8639,-41.000,453.527,530.134,-38.303,-0.019,0.160
251.9613,-41.000,453.698,530.283,-38.292,-0.008,0.160
252.0679,-41.000,453.839,530.414,-38.288,-0.003,0.160
252.1666,-41.000,453.956,530.528,-38.286,-0.001,0.160
252.2642,-41.000,454.055,530.625,-38.285,-0.001,0.160
252.3619,-41.000,454.139,530.708,-38.284,-0.000,0.160
252.4703,-41.000,454.210,530.779,-38.284,-0.000,0.160
252.5676,-41.000,454.270,530.839,-38.284,-0.000,0.160
252.6666,-41.000,454.322,530.890,-38.284,-0.000,0.160
252.7637,-41.000,454.365,530.934,-38.284,-0.000,0.160
252.8617,-41.000,454.402,530.971,-38.284,-0.000,0.160
252.9598,-41.000,454.434,531.002,-38.284,-0.000,0.160
253.0669,-41.000,454.460,531.029,-38.284,-0.000,0.160
253.1669,-41.000,454.483,531.052,-38.284,-0.000,0.160
253.2654,-42.000,448.957,533.497,-42.270,-3.086,0.160
253.3626,-41.000,453.456,526.498,-36.521,1.763,0.160
253.4613,-41.000,452.887,527.944,-37.529,0.756,0.160
253.5610,-41.000,452.827,528.748,-37.960,0.324,0.160
253.6626,-42.000,447.412,531.675,-42.131,-2.947,0.160
253.7605,-41.000,452.085,525.008,-36.461,1.823,0.160
253.8598,-40.000,454.242,521.276,-33.517,3.867,0.160
253.9678,-40.000,452.863,524.316,-35.727,1.657,0.160
254.0641,-40.000,452.622,525.969,-36.674,0.710,0.160
254.1607,-41.000,447.270,529.401,-41.066,-2.781,0.160
254.2699,-41.000,449.544,528.496,-39.476,-1.192,0.160
254.3672,-41.000,450.806,528.396,-38.795,-0.511,0.160
254.4660,-39.000,456.684,517.747,-30.532,5.952,0.160
254.5639,-36.000,461.892,505.844,-21.976,11.808,0.160
254.6627,-34.000,461.890,503.394,-20.752,11.232,0.160
254.7600,-33.000,459.975,506.345,-23.185,7.899,0.160
254.8590,-32.000,459.947,507.373,-23.713,6.471,0.160
254.9678,-31.000,460.721,507.571,-23.425,5.859,0.160
255.0658,-31.000,459.285,512.832,-26.773,2.511,0.160
255.1616,-31.000,459.476,515.892,-28.208,1.076,0.160
255.2600,-30.000,462.789,512.463,-24.837,3.547,0.160
283.4891,-30.000,-976.254,1023.746,-1000.000,-939.130,0.360
283.5551,-30.000,-300.096,392.157,-346.126,-256.126,0.360
283.6552,-29.000,-76.688,210.836,-143.762,-56.762,0.360
283.7508,-29.000,-15.419,189.542,-102.480,-15.480,0.360
283.8578,-29.000,14.929,197.373,-91.222,-4.222,0.360
283.9555,-29.000,36.327,212.630,-88.151,-1.151,0.360
284.0562,-29.000,54.844,229.472,-87.314,-0.314,0.360
284.1537,-29.000,73.772,247.943,-87.086,-0.086,0.360
284.2525,-29.000,93.548,267.595,-87.023,-0.023,0.360
284.3498,-29.000,114.141,288.154,-87.006,-0.006,0.360
284.4485,-29.000,135.456,309.459,-87.002,-0.002,0.360
284.5573,-29.000,157.390,331.391,-87.000,-0.000,0.360
284.6543,-29.000,179.854,353.854,-87.000,-0.000,0.360
284.7531,-29.000,202.767,376.767,-87.000,-0.000,0.360
284.8496,-29.000,226.063,400.063,-87.000,-0.000,0.360
284.9571,-28.000,264.695,406.513,-70.909,13.091,0.360
285.0531,-28.000,279.654,440.513,-80.430,3.570,0.360
285.1520,-29.000,283.674,481.908,-99.117,-12.117,0.360
285.2498,-29.000,317.108,497.717,-90.305,-3.305,0.360
285.3580,-29.000,344.259,520.061,-87.901,-0.901,0.360
285.4535,-29.000,369.769,544.261,-87.246,-0.246,0.360
285.5499,-29.000,394.895,569.029,-87.067,-0.067,0.360
285.6569,-28.000,434.979,576.834,-70.927,13.073,0.360
285.7540,-28.000,451.144,612.014,-80.435,3.565,0.360
285.8529,-28.000,474.192,640.248,-83.028,0.972,0.360
285.9513,-28.000,499.100,666.570,-83.735,0.265,0.360
286.0491,-28.000,524.500,692.355,-83.928,0.072,0.360
286.1565,-28.000,550.020,717.981,-83.980,0.020,0.360
286.2548,-28.000,575.563,743.552,-83.995,0.005,0.360
286.3517,-28.000,601.102,769.099,-83.999,0.001,0.360
286.4495,-28.000,626.632,794.632,-84.000,0.000,0.360
286.5472,-27.000,667.164,802.982,-67.909,13.091,0.360
286.6551,-27.000,683.739,838.598,-77.430,3.570,0.360
