time_s,error_mm,left_rpm,right_rpm,pid_output,d_term,target_speed_ms
0.0002,-0.000,15.916,15.916,0.000,0.000,0.320
0.0969,-0.000,31.831,31.831,0.000,0.000,0.320
0.1931,1.000,60.188,31.465,14.361,11.556,0.320
0.2891,1.000,66.806,56.414,5.196,2.384,0.320
0.3974,1.000,80.722,74.105,3.309,0.492,0.320
0.4973,-0.000,80.716,103.591,-11.437,-11.454,0.320
0.5945,1.000,118.664,94.635,12.014,9.192,0.320
0.6929,-0.000,112.143,131.416,-9.636,-9.659,0.320
0.7909,-0.000,136.556,140.497,-1.971,-1.993,0.320
0.8887,-0.000,154.760,155.538,-0.389,-0.411,0.320
0.9972,-0.000,171.603,171.728,-0.062,-0.085,0.320
1.0934,-0.000,188.097,188.087,0.005,-0.018,0.320
1.1913,-1.000,188.179,216.864,-14.342,-11.559,0.320
1.2900,-1.000,213.500,223.848,-5.174,-2.385,0.320
1.3994,-2.000,215.223,250.519,-17.648,-12.048,0.320
1.4951,-2.000,240.728,256.923,-8.097,-2.486,0.320
1.5926,-2.000,258.639,270.910,-6.135,-0.513,0.320
1.6898,-3.000,258.698,298.899,-20.101,-11.661,0.320
1.7892,-3.000,283.744,305.468,-10.862,-2.406,0.320
1.8982,-4.000,285.179,331.840,-23.330,-12.052,0.320
1.9961,-3.000,323.709,322.562,0.573,9.069,0.320
2.0926,-4.000,316.533,358.536,-21.002,-9.684,0.320
2.1899,-4.000,340.323,366.999,-13.338,-1.998,0.320
2.2960,-4.000,357.981,381.531,-11.775,-0.412,0.320
2.3969,-4.000,374.354,397.294,-11.470,-0.085,0.320
2.4938,-4.000,390.444,413.294,-11.425,-0.018,0.320
2.5903,-3.000,419.742,413.887,2.928,11.552,0.320
2.6879,-4.000,410.867,452.104,-20.618,-9.172,0.320
2.7957,-4.000,434.482,461.205,-13.361,-1.893,0.320
2.8925,-3.000,465.534,460.575,2.479,11.165,0.320
2.9926,-3.000,473.473,486.270,-6.399,2.304,0.320
3.0928,-4.000,472.029,517.239,-22.605,-11.080,0.320
3.1930,-3.000,510.516,509.461,0.528,9.269,0.320
3.2897,-3.000,520.082,533.773,-6.846,1.913,0.320
3.3886,-3.000,535.333,552.094,-8.381,0.395,0.320
3.4963,-3.000,551.657,569.079,-8.711,0.081,0.320
3.5945,-2.000,581.401,570.263,5.569,11.572,0.320
3.6941,-2.000,589.237,596.490,-3.626,2.388,0.320
3.7931,-2.000,604.195,615.261,-5.533,0.493,0.320
3.8905,-1.000,633.796,616.944,8.426,11.657,0.320
3.9873,-1.000,641.722,643.385,-0.831,2.405,0.320
4.0960,-1.000,656.800,662.292,-2.746,0.496,0.320
4.1961,-1.000,673.232,679.523,-3.146,0.102,0.320
4.2948,-0.000,703.120,680.863,11.129,11.577,0.320
4.3928,-0.000,711.091,707.210,1.941,2.389,0.320
4.4891,-0.000,726.168,726.078,0.045,0.493,0.320
4.5881,-0.000,742.591,743.283,-0.346,0.102,0.320
4.6960,-1.000,742.908,772.485,-14.788,-11.535,0.320
4.7952,-1.000,768.490,779.768,-5.639,-2.380,0.320
4.8924,-2.000,770.447,806.681,-18.117,-12.047,0.320
4.9899,-2.000,796.154,813.289,-8.567,-2.486,0.320
5.0974,-2.000,814.237,827.448,-6.606,-0.513,0.320
5.1935,-2.000,830.723,843.142,-6.210,-0.106,0.320
5.2889,-2.000,846.859,859.133,-6.137,-0.022,0.320
5.3882,-2.000,862.907,875.169,-6.131,-0.005,0.320
5.4871,-2.000,878.922,891.199,-6.139,-0.001,0.320
5.5939,-2.000,894.918,907.216,-6.149,-0.000,0.320
5.6940,-2.000,910.900,923.220,-6.160,-0.000,0.320
5.7904,-2.000,926.871,939.213,-6.171,-0.000,0.320
5.8883,-2.000,942.831,955.196,-6.182,-0.000,0.320
5.9967,-2.000,958.783,971.170,-6.194,-0.000,0.320
6.0949,-2.000,974.728,987.137,-6.205,-0.000,0.320
6.1904,-2.000,990.666,1003.098,-6.216,-0.000,0.320
6.2902,-2.000,1006.600,1019.054,-6.227,-0.000,0.320
6.3869,-4.000,974.051,1043.972,-34.961,-23.111,0.320
6.4951,-4.000,992.128,1025.410,-16.641,-4.769,0.320
6.5929,-5.000,979.403,1033.882,-27.240,-12.540,0.320
6.6907,-5.000,989.019,1023.650,-17.316,-2.588,0.320
6.7891,-5.000,990.784,1021.363,-15.290,-0.534,0.320
6.8868,-5.000,990.957,1020.746,-14.894,-0.110,0.320
6.9952,-5.000,990.828,1020.497,-14.835,-0.023,0.320
7.0941,-5.000,990.657,1020.347,-14.845,-0.005,0.320
7.1921,-5.000,990.497,1020.235,-14.869,-0.001,0.320
7.2908,-5.000,990.353,1020.146,-14.896,-0.000,0.320
7.3905,-5.000,990.227,1020.075,-14.924,-0.000,0.320
7.4890,-5.000,990.115,1020.019,-14.952,-0.000,0.320
7.5952,-5.000,990.016,1019.976,-14.980,-0.000,0.320
7.6926,-4.000,1003.209,1004.502,-0.647,11.556,0.320
7.7902,-4.000,994.546,1014.226,-9.840,2.384,0.320
7.8872,-4.000,993.082,1016.592,-11.755,0.492,0.320
7.9962,-4.000,993.052,1017.388,-12.168,0.102,0.320
8.0962,-3.000,1006.556,1002.376,2.090,11.577,0.320
8.1929,-3.000,995.453,991.892,1.780,3.308,0.180
8.2914,-3.000,982.003,983.173,-0.585,0.945,0.180
8.3893,-3.000,969.994,972.520,-1.263,0.270,0.180
8.4914,-2.000,958.554,957.997,0.278,1.363,0.180
8.5898,-2.000,946.134,947.528,-0.697,0.389,0.180
8.6883,-2.000,934.217,936.170,-0.977,0.111,0.180
8.7872,-2.000,922.334,924.450,-1.058,0.032,0.180
8.8942,-2.000,910.368,912.533,-1.083,0.009,0.180
8.9928,-2.000,898.300,900.481,-1.091,0.003,0.180
9.0911,-1.000,886.432,885.148,0.642,1.286,0.180
9.1872,-1.000,873.541,874.097,-0.278,0.368,0.180
9.2958,-2.000,857.896,862.452,-2.278,-1.181,0.180
9.3936,-2.000,846.730,849.602,-1.436,-0.337,0.180
9.4914,-2.000,834.852,837.247,-1.197,-0.096,0.180
9.5900,-3.000,819.414,825.147,-2.867,-1.313,0.180
9.6870,-3.000,808.236,812.098,-1.931,-0.375,0.180
9.7948,-3.000,796.295,799.627,-1.666,-0.107,0.180
9.8910,-4.000,780.787,787.444,-3.329,-1.316,0.180
9.9898,-5.000,766.248,774.506,-4.129,-1.662,0.180
10.0883,-6.000,752.047,761.412,-4.683,-1.761,0.180
10.1866,-7.000,737.992,748.327,-5.167,-1.789,0.180
10.2879,-7.000,727.319,735.111,-3.896,-0.511,0.180
10.3858,-8.000,712.318,722.866,-5.274,-1.432,0.180
10.4949,-11.000,691.455,710.391,-9.468,-4.266,0.180
10.5922,-11.000,682.914,695.775,-6.431,-1.219,0.180
10.6924,-11.000,672.023,683.163,-5.570,-0.348,0.180
10.7906,-11.000,660.363,671.025,-5.331,-0.100,0.180
10.8885,-11.000,648.400,658.940,-5.270,-0.028,0.180
10.9849,-11.000,636.280,646.799,-5.260,-0.008,0.180
11.0929,-11.000,624.056,634.583,-5.264,-0.002,0.180
11.1893,-11.000,611.750,622.294,-5.272,-0.001,0.180
11.2878,-10.000,599.675,606.764,-3.545,1.286,0.180
11.3944,-6.000,587.792,582.843,2.474,5.510,0.180
11.4917,-4.000,573.317,569.305,2.006,4.146,0.180
11.5912,-4.000,559.537,561.454,-0.958,1.185,0.180
11.6889,-2.000,560.910,557.580,1.665,2.910,0.180
11.7886,-1.000,561.063,558.420,1.322,2.117,0.180
11.8962,2.000,562.123,552.086,5.018,4.462,0.180
11.9942,3.000,561.372,554.233,3.569,2.561,0.180
12.0922,6.000,562.169,548.263,6.953,4.589,0.180
12.1908,6.000,561.198,553.836,3.681,1.311,0.180
12.2881,8.000,562.576,550.130,6.223,2.946,0.180
12.3872,10.000,562.843,547.645,7.599,3.413,0.180
12.4946,12.000,562.181,546.181,8.000,3.547,0.180
12.5930,12.000,562.399,550.157,6.121,1.013,0.180
12.6894,13.000,563.644,549.355,7.144,1.575,0.180
12.7863,15.000,563.069,547.069,8.000,3.021,0.180
12.8862,15.000,564.212,549.493,7.359,0.863,0.180
12.9844,16.000,564.808,548.808,8.000,1.532,0.180
13.0923,17.000,564.711,548.711,8.000,1.724,0.180
13.1903,18.000,564.568,548.568,8.000,1.778,0.180
13.2868,18.000,565.946,549.946,8.000,0.508,0.180
13.3943,20.000,563.998,547.998,8.000,2.717,0.180
13.4914,21.000,563.782,547.782,8.000,2.062,0.180
13.5889,21.000,565.099,549.099,8.000,0.589,0.180
13.6871,22.000,564.658,548.658,8.000,1.454,0.180
13.7843,22.000,565.783,549.783,8.000,0.415,0.180
13.8944,23.000,565.179,549.179,8.000,1.404,0.180
13.9925,23.000,566.166,550.166,8.000,0.401,0.180
14.0904,23.000,567.005,551.005,8.000,0.115,0.180
14.1883,23.000,567.718,551.718,8.000,0.033,0.180
14.2860,23.000,568.324,552.324,8.000,0.009,0.180
14.3857,23.000,568.839,552.839,8.000,0.003,0.180
14.4930,24.000,567.717,551.717,8.000,1.286,0.180
14.5937,24.000,568.263,552.263,8.000,0.368,0.180
14.6928,24.000,568.727,552.727,8.000,0.105,0.180
14.7940,25.000,567.562,551.562,8.000,1.316,0.180
14.8842,25.000,568.071,552.071,8.000,0.376,0.180
14.9934,25.000,568.504,552.504,8.000,0.107,0.180
15.0921,26.000,567.313,551.313,8.000,1.316,0.180
15.1925,26.000,567.799,551.799,8.000,0.376,0.180
15.2914,26.000,568.213,552.213,8.000,0.107,0.180
15.3894,27.000,567.005,551.005,8.000,1.316,0.180
15.4874,27.000,567.478,551.478,8.000,0.376,0.180
15.5841,27.000,567.880,551.880,8.000,0.107,0.180
15.6939,28.000,566.662,550.662,8.000,1.316,0.180
15.7919,28.000,567.126,551.126,8.000,0.376,0.180
15.8923,28.000,567.521,551.521,8.000,0.107,0.180
15.9903,28.000,567.857,551.857,8.000,0.031,0.180
16.0891,29.000,566.582,550.582,8.000,1.294,0.180
16.1850,29.000,566.998,550.998,8.000,0.370,0.180
16.2924,29.000,567.352,551.352,8.000,0.106,0.180
16.3903,30.000,566.093,550.093,8.000,1.316,0.180
16.4879,30.000,566.523,550.523,8.000,0.376,0.180
16.5864,30.000,566.888,550.888,8.000,0.107,0.180
16.6839,31.000,565.639,549.639,8.000,1.316,0.180
16.7845,31.000,566.077,550.077,8.000,0.376,0.180
16.8863,31.000,566.449,550.449,8.000,0.107,0.180
16.9841,31.000,566.765,550.765,8.000,0.031,0.180
17.0928,32.000,565.474,549.474,8.000,1.294,0.180
17.1923,32.000,565.877,549.877,8.000,0.370,0.180
17.2894,32.000,566.219,550.219,8.000,0.106,0.180
17.3863,32.000,566.510,550.510,8.000,0.030,0.180
17.4840,32.000,566.757,550.757,8.000,0.009,0.180
17.5919,33.000,565.407,549.407,8.000,1.288,0.180
17.6876,33.000,565.760,549.760,8.000,0.368,0.180
17.7850,33.000,566.060,550.060,8.000,0.105,0.180
17.8837,33.000,566.315,550.315,8.000,0.030,0.180
17.9918,33.000,566.531,550.531,8.000,0.009,0.180
18.0874,32.000,565.275,549.275,8.000,-1.283,0.180
18.1858,32.000,565.708,549.708,8.000,-0.367,0.180
18.2844,32.000,566.075,550.075,8.000,-0.105,0.180
18.3922,32.000,566.388,550.388,8.000,-0.030,0.180
18.4924,32.000,566.653,550.653,8.000,-0.009,0.180
18.5903,32.000,566.879,550.879,8.000,-0.002,0.180
18.6886,31.000,565.631,549.631,8.000,-1.286,0.180
18.7839,31.000,566.070,550.070,8.000,-0.368,0.180
18.8932,31.000,566.443,550.443,8.000,-0.105,0.180
18.9901,30.000,565.321,549.321,8.000,-1.316,0.180
19.0870,29.000,564.426,548.426,8.000,-1.662,0.180
19.1940,29.000,565.166,549.166,8.000,-0.475,0.180
19.2924,29.000,565.795,549.795,8.000,-0.136,0.180
19.3925,28.000,564.889,548.889,8.000,-1.324,0.180
19.4909,28.000,565.620,549.620,8.000,-0.378,0.180
19.5909,27.000,564.800,548.800,8.000,-1.394,0.180
19.6903,27.000,565.604,549.604,8.000,-0.398,0.180
19.7903,27.000,566.287,550.287,8.000,-0.114,0.180
19.8871,26.000,565.428,549.428,8.000,-1.318,0.180
19.9841,26.000,566.197,550.197,8.000,-0.377,0.180
20.0919,26.000,566.852,550.852,8.000,-0.108,0.180
20.1883,25.000,565.968,549.968,8.000,-1.316,0.180
20.2859,25.000,566.716,550.716,8.000,-0.376,0.180
20.3831,25.000,567.353,551.353,8.000,-0.107,0.180
20.4915,24.000,566.453,550.453,8.000,-1.316,0.180
20.5882,24.000,567.189,551.189,8.000,-0.376,0.180
20.6875,24.000,567.814,551.814,8.000,-0.107,0.180
20.7844,23.000,566.906,550.906,8.000,-1.316,0.180
20.8824,23.000,567.634,551.634,8.000,-0.376,0.180
20.9899,23.000,568.253,552.253,8.000,-0.107,0.180
21.0887,22.000,567.338,551.338,8.000,-1.316,0.180
21.1866,22.000,568.061,552.061,8.000,-0.376,0.180
21.2858,21.000,567.101,551.371,7.865,-1.393,0.180
21.3862,20.000,565.719,551.470,7.125,-1.684,0.180
21.4845,20.000,567.549,551.549,8.000,-0.481,0.180
21.5833,19.000,565.873,551.968,6.952,-1.423,0.180
21.6920,18.000,564.695,552.197,6.249,-1.692,0.180
21.7893,18.000,567.017,552.069,7.474,-0.484,0.180
21.8849,17.000,565.134,552.936,6.099,-1.424,0.180
21.9920,17.000,567.235,552.972,7.132,-0.407,0.180
22.0909,16.000,565.273,553.871,5.701,-1.402,0.180
22.1868,16.000,567.336,553.903,6.717,-0.401,0.180
22.2835,16.000,568.528,554.493,7.017,-0.114,0.180
22.3835,15.000,566.204,555.451,5.377,-1.318,0.180
22.4825,15.000,568.079,555.415,6.332,-0.377,0.180
22.5892,15.000,569.143,555.914,6.614,-0.108,0.180
22.6874,15.000,569.898,556.488,6.705,-0.031,0.180
22.7849,14.000,567.322,557.314,5.004,-1.295,0.180
22.8844,14.000,569.015,557.133,5.941,-0.370,0.180
22.9814,13.000,566.758,557.796,4.481,-1.391,0.180
23.0920,13.000,568.586,557.612,5.487,-0.398,0.180
23.1898,13.000,569.580,558.016,5.782,-0.114,0.180
23.2876,13.000,570.267,558.517,5.875,-0.032,0.180
23.3870,13.000,570.807,558.987,5.910,-0.009,0.180
23.4830,12.000,568.078,559.694,4.192,-1.288,0.180
23.5915,12.000,569.650,559.404,5.123,-0.368,0.180
23.6891,12.000,570.468,559.675,5.397,-0.105,0.180
23.7870,12.000,571.017,560.052,5.482,-0.030,0.180
23.8855,12.000,571.443,560.413,5.515,-0.009,0.180
23.9872,12.000,571.794,560.731,5.532,-0.002,0.180
24.0868,12.000,572.091,561.003,5.544,-0.001,0.180
24.1831,12.000,572.344,561.233,5.555,-0.000,0.180
24.2808,11.000,569.384,561.724,3.830,-1.286,0.180
24.3809,11.000,570.763,561.247,4.758,-0.367,0.180
24.4887,10.000,568.242,561.654,3.294,-1.391,0.180
24.5850,9.000,566.669,561.550,2.560,-1.683,0.180
24.6845,9.000,568.667,561.127,3.770,-0.481,0.180
24.7847,9.000,569.687,561.445,4.121,-0.137,0.180
24.8818,9.000,570.362,561.907,4.228,-0.039,0.180
24.9909,9.000,570.882,562.355,4.264,-0.011,0.180
25.0916,9.000,571.309,562.749,4.280,-0.003,0.180
46.4380,9.000,324.921,-295.238,310.080,284.870,0.320
46.4817,9.000,119.339,-61.801,90.570,65.316,0.320
46.5794,9.000,80.704,3.139,38.782,13.478,0.320
46.6783,9.000,83.067,26.794,28.136,2.781,0.320
46.7766,9.000,94.355,42.396,25.979,0.574,0.320
46.8752,9.000,107.766,56.617,25.574,0.118,0.320
46.9741,9.000,121.853,70.792,25.531,0.024,0.320
47.0828,9.000,136.282,85.159,25.562,0.005,0.320
47.1815,9.000,150.955,99.739,25.608,0.001,0.320
47.2830,9.000,165.824,114.509,25.658,0.000,0.320
47.3798,9.000,180.858,129.442,25.708,0.000,0.320
47.4777,10.000,208.473,128.234,40.119,11.556,0.320
47.5779,9.000,199.027,165.741,16.643,-9.171,0.320
47.6774,9.000,222.169,174.225,23.972,-1.892,0.320
47.7752,10.000,251.991,172.220,39.886,11.165,0.320
47.8822,9.000,243.454,210.016,16.719,-9.252,0.320
47.9787,9.000,267.170,218.945,24.112,-1.909,0.320
48.0764,10.000,297.438,217.360,40.039,11.162,0.320
48.1766,10.000,304.713,242.240,31.237,2.303,0.320
48.2739,10.000,318.994,260.065,29.465,0.475,0.320
48.3729,10.000,334.706,276.419,29.143,0.098,0.320
48.4808,10.000,350.699,292.456,29.122,0.020,0.320
48.5817,10.000,366.739,308.416,29.162,0.004,0.320
48.6805,10.000,382.779,324.351,29.214,0.001,0.320
48.7786,10.000,398.811,340.272,29.270,0.000,0.320
48.8766,9.000,399.393,369.465,14.964,-11.556,0.320
48.9736,9.000,425.156,376.785,24.186,-2.384,0.320
49.0818,9.000,443.547,391.290,26.128,-0.492,0.320
49.1810,9.000,460.356,407.217,26.569,-0.102,0.320
49.2806,9.000,476.787,423.386,26.700,-0.021,0.320
49.3766,9.000,493.096,439.561,26.767,-0.004,0.320
49.4732,9.000,509.343,455.701,26.821,-0.001,0.320
49.5818,9.000,525.546,471.801,26.872,-0.000,0.320
49.6793,9.000,541.713,487.867,26.923,-0.000,0.320
49.7799,9.000,557.849,503.903,26.973,-0.000,0.320
49.8773,9.000,573.960,519.913,27.024,-0.000,0.320
49.9759,9.000,590.049,535.901,27.074,-0.000,0.320
50.0840,9.000,606.120,551.871,27.125,-0.000,0.320
50.1832,8.000,606.734,581.106,12.814,-11.556,0.320
50.2810,8.000,632.523,588.464,22.030,-2.384,0.320
50.3789,8.000,650.935,603.001,23.967,-0.492,0.320
50.4769,8.000,667.761,618.956,24.402,-0.102,0.320
50.5753,7.000,668.764,648.432,10.166,-11.577,0.320
50.6723,7.000,694.832,656.046,19.393,-2.389,0.320
50.7813,7.000,713.469,670.812,21.328,-0.493,0.320
50.8798,7.000,730.484,686.966,21.759,-0.102,0.320
50.9787,6.000,731.646,716.611,7.518,-11.577,0.320
51.0780,6.000,757.848,724.370,16.739,-2.389,0.320
51.1773,5.000,761.157,752.543,4.307,-12.048,0.320
51.2745,5.000,788.015,760.219,13.898,-2.486,0.320
51.3729,5.000,807.080,775.283,15.899,-0.513,0.320
51.4804,4.000,808.966,805.021,1.973,-11.661,0.320
51.5806,3.000,820.130,826.352,-3.111,-13.962,0.320
51.6784,2.000,833.484,846.233,-6.374,-14.437,0.320
51.7772,1.000,847.524,866.058,-9.267,-14.535,0.320
51.8773,1.000,877.345,872.796,2.274,-2.999,0.320
51.9750,-0.000,882.215,901.617,-9.701,-12.174,0.320
52.0818,-1.000,893.801,922.602,-14.400,-14.068,0.320
52.1808,-2.000,906.410,941.614,-17.602,-14.458,0.320
52.2799,-2.000,935.200,947.476,-6.138,-2.983,0.320
52.3765,-3.000,938.389,974.675,-18.143,-12.171,0.320
52.4744,-4.000,948.554,994.276,-22.861,-14.067,0.320
52.5739,-4.000,976.233,999.671,-11.719,-2.903,0.320
52.6728,-5.000,978.678,1026.275,-23.799,-12.155,0.320
52.7798,-5.000,988.614,1016.974,-14.180,-2.508,0.320
52.8773,-5.000,990.846,1015.281,-12.218,-0.518,0.320
52.9774,-6.000,975.177,1027.569,-26.196,-11.662,0.320
53.0778,-6.000,984.462,1018.410,-16.974,-2.407,0.320
53.1748,-6.000,986.392,1016.587,-15.098,-0.497,0.320
53.2747,-7.000,970.517,1028.713,-29.098,-11.658,0.320
53.3728,-7.000,979.636,1019.407,-19.885,-2.406,0.320
53.4715,-8.000,965.146,1029.898,-32.376,-12.052,0.320
53.5796,-8.000,974.467,1020.179,-22.856,-2.487,0.320
53.6771,-9.000,959.945,1030.521,-35.288,-12.069,0.320
53.7758,-9.000,969.197,1020.717,-25.760,-2.490,0.320
53.8730,-9.000,970.888,1018.557,-23.834,-0.514,0.320
53.9731,-10.000,954.765,1030.441,-37.838,-11.662,0.320
54.0797,-10.000,963.663,1020.940,-28.639,-2.406,0.320
54.1770,-10.000,965.260,1018.830,-26.785,-0.497,0.320
54.2748,-10.000,965.380,1018.274,-26.447,-0.102,0.320
54.3713,-10.000,965.221,1018.063,-26.421,-0.021,0.320
54.4793,-10.000,965.024,1017.945,-26.461,-0.004,0.320
54.5770,-10.000,964.838,1017.864,-26.513,-0.001,0.320
54.6771,-10.000,964.669,1017.805,-26.568,-0.000,0.320
54.7734,-9.000,977.797,1002.323,-12.263,11.556,0.320
54.8802,-9.000,969.076,1012.045,-21.485,2.384,0.320
54.9782,-9.000,967.558,1014.412,-23.427,0.492,0.320
55.0762,-9.000,967.478,1015.214,-23.868,0.102,0.320
55.1741,-9.000,967.654,1015.652,-23.999,0.021,0.320
55.2719,-8.000,981.129,1000.539,-9.705,11.560,0.320
55.3709,-8.000,972.713,1010.562,-18.925,2.385,0.320
55.4796,-8.000,971.459,1013.183,-20.862,0.492,0.320
55.5804,-8.000,971.604,1014.200,-21.298,0.102,0.320
55.6769,-8.000,971.972,1014.819,-21.423,0.021,0.320
55.7747,-8.000,972.330,1015.300,-21.485,0.004,0.320
55.8727,-8.000,972.639,1015.705,-21.533,0.001,0.320
55.9722,-8.000,972.896,1016.053,-21.578,0.000,0.320
56.0721,-8.000,973.109,1016.356,-21.623,0.000,0.320
56.1713,-8.000,973.283,1016.620,-21.668,0.000,0.320
56.2798,-8.000,973.424,1016.851,-21.713,0.000,0.320
56.3758,-7.000,986.819,1001.613,-7.397,11.556,0.320
56.4734,-7.000,978.325,1011.539,-16.607,2.384,0.320
56.5713,-6.000,990.284,998.639,-4.177,12.048,0.320
56.6801,-7.000,965.507,1021.775,-28.134,-9.070,0.320
56.7774,-6.000,986.750,999.978,-6.614,9.684,0.320
56.8761,-5.000,993.576,993.520,0.028,13.554,0.320
56.9747,-5.000,984.448,1005.962,-10.757,2.797,0.320
57.0708,-4.000,996.889,994.176,1.356,12.133,0.320
57.1771,-3.000,1002.298,990.166,6.066,14.059,0.320
57.2736,-2.000,1006.498,987.994,9.252,14.457,0.320
57.3728,-2.000,997.376,1001.840,-2.232,2.983,0.320
57.4700,-1.000,1010.286,990.786,9.750,12.171,0.320
57.5693,-0.000,1016.190,987.298,14.446,14.067,0.320
57.6778,1.000,1019.994,984.709,17.643,14.458,0.320
57.7757,2.000,1022.982,981.913,20.535,14.539,0.320
57.8744,2.000,1013.036,995.022,9.007,3.000,0.320
57.9737,3.000,1024.452,982.455,20.998,12.175,0.320
58.0741,3.000,1015.817,993.112,11.353,2.512,0.320
58.1729,3.000,1014.699,995.948,9.376,0.518,0.320
58.2793,2.000,999.594,1010.354,-5.380,-11.449,0.320
58.3778,2.000,1009.894,1002.460,3.717,-2.362,0.320
58.4754,2.000,1012.803,1001.596,5.603,-0.487,0.320
58.5743,3.000,1026.511,985.785,20.363,11.455,0.320
58.6731,3.000,1018.043,995.467,11.288,2.364,0.320
58.7723,3.000,1016.700,997.841,9.429,0.488,0.320
58.8712,3.000,1016.768,998.650,9.059,0.101,0.320
58.9691,3.000,1017.077,999.086,8.996,0.021,0.320
59.0730,2.000,1001.953,1012.683,-5.365,-11.551,0.320
59.1740,3.000,1024.424,988.074,18.175,9.172,0.320
59.2713,3.000,1017.753,995.928,10.912,1.893,0.320
59.3686,3.000,1016.771,997.916,9.427,0.391,0.320
59.4687,3.000,1016.905,998.637,9.134,0.081,0.320
59.5794,3.000,1017.221,999.047,9.087,0.017,0.320
59.6771,3.000,1017.533,999.352,9.090,0.003,0.320
59.7749,2.000,1002.369,1012.882,-5.257,-11.555,0.320
59.8724,2.000,1012.355,1004.505,3.925,-2.384,0.320
59.9683,3.000,1027.384,987.005,20.190,11.064,0.320
60.0766,3.000,1019.070,996.218,11.426,2.283,0.320
60.1753,3.000,981.855,1003.087,8.986,0.481,0.180
60.2740,3.000,949.856,1004.517,8.622,0.101,0.180
60.3693,3.000,920.825,1002.789,8.558,0.021,0.180
60.4792,4.000,901.500,987.595,17.730,6.573,0.180
60.5687,4.000,871.532,986.447,12.562,1.384,0.180
60.6777,4.000,847.305,979.450,11.490,0.291,0.180
60.7750,5.000,832.711,959.130,20.455,6.630,0.180
60.8728,5.000,806.903,953.486,15.247,1.396,0.180
60.9714,6.000,793.614,931.667,23.345,6.862,0.180
61.0688,7.000,776.846,913.217,27.132,8.013,0.180
61.1685,8.000,759.882,894.872,30.016,8.255,0.180
61.2759,9.000,743.333,876.033,32.713,8.306,0.180
61.3732,9.000,719.886,867.626,26.203,1.749,0.180
61.4709,11.000,716.828,831.634,43.216,13.505,0.180
61.5681,12.000,697.459,815.435,41.785,9.412,0.180
61.6759,14.000,689.558,784.128,52.764,15.118,0.180
61.7758,14.000,663.179,778.407,40.902,3.183,0.180
61.8733,15.000,653.941,751.985,47.636,7.238,0.180
61.9722,16.000,641.623,728.617,51.173,8.092,0.180
62.0728,17.000,628.677,705.855,54.041,8.272,0.180
62.1692,18.000,615.606,683.200,56.772,8.310,0.180
62.2767,18.000,595.137,671.527,50.305,1.749,0.180
62.3760,19.000,587.247,643.722,58.191,6.937,0.180
62.4727,20.000,575.155,620.098,61.883,8.029,0.180
62.5715,20.000,554.824,608.296,55.545,1.690,0.180
62.6700,21.000,546.888,580.544,63.379,6.924,0.180
62.7680,21.000,527.442,567.882,57.912,1.458,0.180
62.8760,22.000,519.700,539.957,65.930,6.875,0.180
62.9729,23.000,522.339,533.456,69.671,8.016,0.180
63.0707,23.000,516.202,539.311,63.342,1.688,0.180
63.1713,23.000,514.883,540.391,62.010,0.355,0.180
63.2682,23.000,514.554,540.517,61.729,0.075,0.180
63.3759,24.000,521.798,529.500,70.839,6.584,0.180
63.4769,24.000,516.505,534.586,65.641,1.386,0.180
63.5738,24.000,515.326,535.588,64.546,0.292,0.180
63.6719,25.000,522.390,524.774,73.485,6.630,0.180
63.7700,25.000,517.063,529.914,68.250,1.396,0.180
63.8681,25.000,515.882,530.936,67.149,0.294,0.180
63.9754,25.000,515.582,531.101,66.917,0.062,0.180
64.0728,25.000,515.476,531.092,66.868,0.013,0.180
64.1697,25.000,515.417,531.053,66.857,0.003,0.180
64.2679,24.000,505.005,538.982,57.687,-6.568,0.180
64.3752,23.000,500.266,542.210,53.704,-7.951,0.180
64.4725,23.000,507.401,536.791,59.981,-1.674,0.180
64.5732,23.000,509.452,536.199,61.302,-0.352,0.180
64.6716,21.000,489.614,552.477,43.244,-13.211,0.180
64.7707,20.000,491.162,551.503,44.505,-9.350,0.180
64.8680,19.000,490.017,553.735,42.817,-8.537,0.180
64.9672,18.000,488.444,556.833,40.481,-8.366,0.180
65.0774,17.000,486.917,560.256,38.006,-8.330,0.180
65.1760,15.000,475.140,571.845,26.323,-14.890,0.180
65.2718,14.000,479.520,570.905,28.983,-9.703,0.180
65.3693,11.000,459.094,590.054,9.195,-21.748,0.180
65.4760,10.000,469.905,584.759,17.249,-11.147,0.180
65.5740,8.000,461.854,595.698,7.753,-15.484,0.180
65.6710,6.000,457.599,603.607,1.672,-16.397,0.180
65.7670,4.000,454.381,611.132,-3.700,-16.589,0.180
65.8757,2.000,451.581,618.792,-8.930,-16.629,0.180
65.9729,-0.000,449.039,626.666,-14.138,-16.638,0.180
66.0710,-3.000,434.519,640.918,-28.524,-23.208,0.180
66.1684,-4.000,446.237,634.371,-19.391,-11.454,0.180
66.2774,-6.000,437.010,643.794,-28.716,-15.548,0.180
66.3670,-7.000,441.364,642.008,-25.646,-9.842,0.180
66.4759,-9.000,429.741,651.612,-36.260,-15.209,0.180
66.5726,-10.000,432.870,649.168,-33.474,-9.770,0.180
66.6693,-11.000,431.348,650.671,-34.986,-8.625,0.180
66.7670,-12.000,428.619,652.785,-37.407,-8.384,0.180
66.8769,-14.000,414.467,662.214,-49.198,-14.902,0.180
66.9764,-15.000,416.178,658.888,-46.679,-9.706,0.180
67.0753,-16.000,413.603,659.491,-48.269,-8.612,0.180
67.1769,-17.000,410.006,660.811,-50.727,-8.381,0.180
67.2748,-19.000,395.120,669.562,-62.545,-14.901,0.180
67.3724,-20.000,396.308,665.559,-59.950,-9.706,0.180
67.4699,-20.000,404.274,658.200,-52.287,-2.043,0.180
67.5685,-21.000,395.177,664.214,-59.843,-6.999,0.180
67.6680,-22.000,389.923,666.246,-63.486,-8.042,0.180
67.7761,-23.000,385.435,667.397,-66.306,-8.261,0.180
67.8715,-23.000,392.038,660.956,-59.783,-1.739,0.180
67.9686,-24.000,382.512,667.021,-67.579,-6.935,0.180
68.0676,-24.000,388.016,661.575,-62.104,-1.460,0.180
68.1664,-24.000,389.193,660.447,-60.951,-0.307,0.180
68.2661,-25.000,378.488,667.593,-69.877,-6.633,0.180
68.3766,-25.000,383.712,662.344,-64.641,-1.396,0.180
68.4764,-26.000,373.836,668.600,-72.707,-6.862,0.180
68.5741,-26.000,379.214,663.143,-67.289,-1.445,0.180
68.6730,-26.000,380.322,661.970,-66.148,-0.304,0.180
68.7699,-26.000,380.534,661.701,-65.908,-0.064,0.180
68.8658,-26.000,380.560,661.627,-65.858,-0.013,0.180
68.9744,-26.000,380.551,661.596,-65.847,-0.003,0.180
69.0740,-26.000,380.536,661.576,-65.845,-0.001,0.180
69.1710,-26.000,380.522,661.561,-65.844,-0.000,0.180
69.2680,-26.000,380.509,661.549,-65.844,-0.000,0.180
69.3750,-26.000,380.499,661.538,-65.844,-0.000,0.180
69.4749,-25.000,388.458,651.161,-56.676,6.568,0.180
69.5759,-25.000,383.745,656.819,-61.861,1.383,0.180
69.6754,-25.000,383.055,658.312,-62.953,0.291,0.180
69.7731,-24.000,391.134,648.514,-54.014,6.630,0.180
69.8733,-24.000,386.671,654.518,-59.248,1.396,0.180
69.9715,-23.000,394.192,645.907,-51.182,6.862,0.180
70.0719,-23.000,389.810,652.360,-56.599,1.445,0.180
70.1710,-22.000,397.519,644.014,-48.572,6.873,0.180
70.2691,-22.000,393.322,650.668,-53.997,1.447,0.180
70.3672,-21.000,401.193,642.486,-45.971,6.873,0.180
70.4671,-20.000,405.103,638.912,-42.229,8.015,0.180
70.5659,-20.000,400.418,646.882,-48.557,1.687,0.180
70.6750,-19.000,408.351,639.341,-40.819,6.924,0.180
70.7750,-18.000,412.427,636.199,-37.211,8.026,0.180
70.8727,-18.000,407.894,644.526,-43.640,1.690,0.180
70.9698,-17.000,416.052,637.192,-35.894,6.924,0.180
71.0671,-16.000,420.321,634.224,-32.276,8.026,0.180
71.1755,-15.000,423.928,632.323,-29.522,8.258,0.180
71.2740,-15.000,419.556,641.145,-36.119,1.739,0.180
71.3720,-15.000,419.996,644.487,-37.570,0.366,0.180
71.4696,-14.000,429.210,636.088,-28.763,6.645,0.180
71.5687,-13.000,433.711,632.880,-24.909,7.967,0.180
71.6672,-13.000,429.403,641.287,-31.266,1.677,0.180
71.7740,-13.000,429.753,644.421,-32.658,0.353,0.180
71.8690,-12.000,438.861,635.874,-23.831,6.643,0.180
71.9671,-12.000,435.293,642.919,-29.138,1.398,0.180
72.0681,-11.000,443.578,635.190,-21.131,6.863,0.180
72.1693,-11.000,439.839,642.401,-26.606,1.445,0.180
72.2680,-10.000,448.090,634.701,-18.630,6.873,0.180
72.3655,-9.000,452.321,631.540,-14.934,8.015,0.180
72.4745,-9.000,447.900,639.869,-21.309,1.687,0.180
72.5724,-9.000,448.182,642.909,-22.688,0.355,0.180
72.6710,-9.000,449.267,644.648,-23.015,0.075,0.180
72.7674,-8.000,458.335,635.580,-13.947,6.584,0.180
72.8664,-8.000,454.595,642.320,-19.187,1.386,0.180
72.9651,-8.000,454.734,644.731,-20.323,0.292,0.180
73.0648,-7.000,463.520,635.713,-11.421,6.630,0.180
73.1750,-6.000,467.624,632.011,-7.518,7.964,0.180
73.2752,-5.000,470.950,629.628,-4.663,8.245,0.180
73.3734,-4.000,474.289,627.690,-2.025,8.304,0.180
73.4706,-4.000,469.808,636.362,-8.601,1.748,0.180
73.5685,-3.000,478.161,629.170,-0.829,6.936,0.180
73.6663,-3.000,474.663,636.656,-6.321,1.460,0.180
73.7729,-2.000,483.163,629.145,1.685,6.876,0.180
73.8710,-2.000,479.645,636.505,-3.754,1.448,0.180
73.9690,-1.000,488.098,628.917,4.266,6.873,0.180
74.0670,-1.000,484.534,636.216,-1.165,1.447,0.180
74.1743,-1.000,484.974,638.951,-2.313,0.305,0.180
74.2643,-0.000,494.052,630.172,6.615,6.633,0.180
74.3733,-0.000,490.442,637.035,1.379,1.396,0.180
74.4723,-0.000,490.723,639.521,0.277,0.294,0.180
74.5730,1.000,499.040,629.955,9.218,6.630,0.180
74.6634,1.000,494.780,636.153,3.989,1.396,0.180
74.7730,1.000,494.507,638.074,2.892,0.294,0.180
74.8639,1.000,494.980,639.001,2.665,0.062,0.180
74.9641,1.000,495.532,639.639,2.622,0.013,0.180
75.0716,2.000,503.406,629.177,11.790,6.571,0.180
75.1703,2.000,498.629,634.754,6.613,1.383,0.180
75.2698,2.000,497.887,636.176,5.531,0.291,0.180
75.3687,2.000,497.957,636.685,5.312,0.061,0.180
75.4666,2.000,498.164,636.968,5.274,0.013,0.180
75.5642,2.000,498.373,637.177,5.274,0.003,0.180
75.6717,2.000,498.559,637.346,5.282,0.001,0.180
75.7688,2.000,498.720,637.487,5.292,0.000,0.180
75.8661,1.000,488.485,645.579,-3.871,-6.568,0.180
75.9652,1.000,494.264,640.977,1.319,-1.383,0.180
76.0632,1.000,495.862,640.380,2.416,-0.291,0.180
76.1719,-0.000,486.149,648.545,-6.522,-6.630,0.180
76.2686,-0.000,492.225,644.152,-1.288,-1.396,0.180
76.3674,-1.000,483.068,651.140,-9.360,-6.862,0.180
76.4662,-1.000,489.059,646.305,-3.948,-1.445,0.180
76.5638,-2.000,479.712,653.035,-11.986,-6.873,0.180
76.6732,-2.000,485.515,648.007,-6.571,-1.447,0.180
76.7699,-3.000,476.003,654.579,-14.612,-6.873,0.180
76.8668,-3.000,481.663,649.418,-9.202,-1.447,0.180
76.9635,-3.000,483.003,648.504,-8.075,-0.305,0.180
77.0632,-4.000,472.435,655.834,-17.024,-6.633,0.180
77.1711,-4.000,477.774,650.742,-11.808,-1.396,0.180
77.2680,-5.000,467.987,657.139,-19.901,-6.862,0.180
77.3659,-5.000,473.438,651.807,-14.509,-1.445,0.180
77.4646,-5.000,474.603,650.742,-13.394,-0.304,0.180
77.5722,-5.000,474.860,650.571,-13.180,-0.064,0.180
77.6712,-6.000,463.947,657.957,-22.329,-6.582,0.180
77.7701,-7.000,458.139,660.166,-26.338,-7.954,0.180
77.8691,-7.000,464.353,653.894,-20.095,-1.675,0.180
77.9692,-7.000,465.614,652.583,-18.809,-0.353,0.180
78.0679,-8.000,454.861,659.694,-27.741,-6.643,0.180
78.1652,-9.000,449.042,661.817,-31.712,-7.967,0.180
78.2630,-9.000,455.215,655.504,-25.469,-1.677,0.180
78.3624,-9.000,456.432,654.166,-24.192,-0.353,0.180
78.4722,-9.000,456.613,653.883,-23.960,-0.074,0.180
78.5730,-10.000,445.607,661.201,-33.121,-6.584,0.180
78.6712,-10.000,450.686,655.989,-27.975,-1.386,0.180
78.7672,-10.000,451.672,654.889,-26.933,-0.292,0.180
78.8650,-10.000,451.802,654.663,-26.755,-0.061,0.180
78.9643,-10.000,451.757,654.625,-26.758,-0.013,0.180
79.0723,-10.000,451.681,654.632,-26.800,-0.003,0.180
79.1699,-10.000,451.601,654.652,-26.850,-0.001,0.180
79.2664,-10.000,451.524,654.678,-26.901,-0.000,0.180
79.3627,-10.000,451.451,654.709,-26.953,-0.000,0.180
79.4721,-9.000,459.354,644.369,-17.832,6.568,0.180
79.5638,-9.000,454.586,650.066,-23.064,1.383,0.180
79.6631,-9.000,453.843,651.599,-24.203,0.291,0.180
79.7710,-9.000,453.902,652.211,-24.479,0.061,0.180
79.8685,-9.000,454.092,652.592,-24.574,0.013,0.180
79.9676,-9.000,454.277,652.891,-24.631,0.003,0.180
80.0648,-9.000,454.434,653.146,-24.680,0.001,0.180
80.1621,-9.000,454.562,653.369,-24.728,0.000,0.180
80.2691,-9.000,454.664,653.565,-24.775,0.000,0.180
80.3670,-9.000,454.744,653.738,-24.821,0.000,0.180
80.4640,-9.000,454.805,653.892,-24.868,0.000,0.180
80.5620,-9.000,454.850,654.031,-24.915,0.000,0.180
80.6701,-9.000,454.881,654.155,-24.962,0.000,0.180
80.7682,-9.000,454.900,654.268,-25.009,0.000,0.180
80.8681,-9.000,454.909,654.371,-25.055,0.000,0.180
80.9652,-9.000,454.910,654.465,-25.102,0.000,0.180
81.0627,-9.000,454.904,654.553,-25.149,0.000,0.180
81.1703,-8.000,462.865,644.261,-16.022,6.568,0.180
81.2692,-8.000,458.147,649.997,-21.249,1.383,0.180
81.3668,-7.000,465.421,641.190,-13.209,6.860,0.180
81.4639,-7.000,460.817,647.489,-18.661,1.444,0.180
81.5611,-6.000,468.335,639.013,-10.664,6.872,0.180
81.6690,-6.000,463.970,645.563,-16.121,1.447,0.180
81.7671,-6.000,463.726,647.665,-17.294,0.305,0.180
81.8651,-6.000,464.244,648.726,-17.566,0.064,0.180
81.9650,-5.000,472.806,639.105,-8.474,6.582,0.180
82.0624,-5.000,468.635,645.378,-13.696,1.386,0.180
82.1702,-5.000,468.407,647.391,-14.816,0.292,0.180
82.2682,-4.000,476.884,638.032,-5.899,6.630,0.180
82.3662,-4.000,472.754,644.412,-11.154,1.396,0.180
82.4638,-3.000,480.561,636.117,-3.103,6.862,0.180
82.5723,-3.000,476.421,642.843,-8.536,1.445,0.180
82.6709,-2.000,484.337,634.725,-0.518,6.873,0.180
82.7673,-2.000,480.315,641.575,-5.954,1.447,0.180
82.8647,-1.000,488.338,633.556,2.066,6.873,0.180
82.9618,-1.000,484.408,640.489,-3.365,1.447,0.180
83.0706,-0.000,492.511,632.539,4.661,6.873,0.180
83.1697,1.000,496.023,628.557,8.409,8.015,0.180
83.2676,1.000,491.001,636.180,2.086,1.687,0.180
83.3642,2.000,498.153,627.638,9.933,6.924,0.180
83.4609,2.000,493.606,634.003,4.477,1.458,0.180
83.5717,3.000,500.613,624.943,12.510,6.875,0.180
83.6606,3.000,495.828,630.982,7.098,1.447,0.180
83.7691,3.000,495.233,632.643,5.971,0.305,0.180
83.8658,3.000,495.461,633.321,5.746,0.064,0.180
83.9642,3.000,495.812,633.741,5.711,0.014,0.180
84.0623,3.000,496.144,634.063,5.716,0.003,0.180
84.1710,3.000,496.435,634.328,5.729,0.001,0.180
84.2689,3.000,496.687,634.549,5.744,0.000,0.180
84.3651,3.000,496.904,634.735,5.760,0.000,0.180
84.4651,3.000,497.090,634.890,5.775,0.000,0.180
84.5634,3.000,497.251,635.020,5.791,0.000,0.180
84.6606,3.000,497.390,635.128,5.807,0.000,0.180
84.7601,4.000,504.884,624.243,14.996,6.568,0.180
84.8694,4.000,499.778,629.467,9.831,1.383,0.180
84.9667,5.000,506.131,619.615,17.934,6.860,0.180
85.0626,5.000,500.755,625.017,12.544,1.444,0.180
85.1628,5.000,499.652,626.142,11.430,0.304,0.180
85.2601,5.000,499.447,626.365,11.216,0.064,0.180
85.3684,5.000,499.430,626.398,11.192,0.013,0.180
85.4657,4.000,489.078,634.363,2.033,-6.566,0.180
85.5633,3.000,484.395,637.618,-1.936,-7.951,0.180
85.6707,3.000,491.580,632.218,4.356,-1.674,0.180
85.7673,2.000,483.302,639.614,-3.480,-6.921,0.180
85.8674,2.000,489.901,635.264,1.994,-1.457,0.180
85.9654,1.000,481.645,643.034,-6.019,-6.875,0.180
86.0643,-0.000,477.997,646.867,-9.760,-8.016,0.180
86.1642,-0.000,485.904,642.118,-3.431,-1.688,0.180
86.2626,-1.000,477.605,649.501,-11.273,-6.924,0.180
86.3624,-1.000,484.177,645.151,-5.812,-1.458,0.180
86.4700,-1.000,486.266,644.950,-4.666,-0.307,0.180
86.5673,-2.000,476.332,652.889,-13.603,-6.633,0.180
86.6658,-2.000,482.211,648.315,-8.377,-1.396,0.180
86.7622,-2.000,483.857,647.777,-7.285,-0.294,0.180
86.8598,-2.000,484.550,648.027,-7.063,-0.062,0.180
86.9698,-2.000,484.989,648.389,-7.024,-0.013,0.180
87.0680,-2.000,485.329,648.729,-7.024,-0.003,0.180
87.1683,-2.000,485.610,649.027,-7.033,-0.001,0.180
87.2666,-1.000,493.820,638.909,2.131,6.568,0.180
87.3643,-1.000,489.318,644.789,-3.060,1.383,0.180
87.4637,-1.000,488.807,646.471,-4.157,0.291,0.180
87.5613,-1.000,489.070,647.204,-4.392,0.061,0.180
87.6597,-1.000,489.440,647.681,-4.445,0.013,0.180
87.7680,-1.000,489.784,648.056,-4.461,0.003,0.180
87.8653,-0.000,498.056,637.996,4.706,6.569,0.180
87.9620,-0.000,493.610,643.922,-0.480,1.383,0.180
88.0623,1.000,500.520,634.669,7.601,6.860,0.180
88.1607,1.000,495.615,640.583,2.191,1.444,0.180
88.2594,1.000,494.909,642.147,1.056,0.304,0.180
88.3668,1.000,495.038,642.747,0.821,0.064,0.180
88.4658,-0.000,484.929,651.075,-8.397,-6.555,0.180
88.5644,-0.000,490.848,646.644,-3.223,-1.380,0.180
88.6625,-0.000,492.569,646.186,-2.133,-0.291,0.180
88.7603,-1.000,482.362,653.868,-11.077,-6.630,0.180
88.8590,-1.000,488.017,649.065,-5.849,-1.396,0.180
88.9593,-2.000,478.503,655.705,-13.926,-6.862,0.180
89.0589,-2.000,484.188,650.576,-8.518,-1.445,0.180
89.1675,-3.000,474.581,657.056,-16.562,-6.873,0.180
89.2646,-3.000,480.162,651.817,-11.152,-1.447,0.180
89.3612,-3.000,481.434,650.835,-10.025,-0.305,0.180
89.4596,-4.000,470.809,658.108,-18.974,-6.633,0.180
89.5672,-4.000,476.099,652.967,-13.758,-1.396,0.180
89.6664,-4.000,477.245,651.949,-12.677,-0.294,0.180
89.7653,-5.000,466.536,659.166,-21.639,-6.630,0.180
89.8633,-6.000,460.787,661.347,-25.604,-7.964,0.180
89.9602,-6.000,467.027,655.075,-19.348,-1.677,0.180
90.0675,-7.000,457.332,661.142,-27.229,-6.921,0.180
90.1656,-8.000,451.745,663.046,-30.975,-8.026,0.180
90.2637,-8.000,457.974,656.686,-24.681,-1.690,0.180
90.3597,-9.000,448.237,662.711,-32.562,-6.924,0.180
90.4677,-9.000,453.579,657.214,-27.142,-1.458,0.180
90.5631,-9.000,454.617,656.045,-26.038,-0.307,0.180
90.6602,-9.000,454.757,655.793,-25.843,-0.065,0.180
90.7582,-9.000,454.713,655.742,-25.839,-0.014,0.180
90.8581,-9.000,454.637,655.737,-25.875,-0.003,0.180
90.9659,-10.000,443.584,663.121,-35.093,-6.569,0.180
91.0639,-10.000,448.659,657.928,-29.959,-1.383,0.180
91.1638,-10.000,449.649,656.838,-28.919,-0.291,0.180
91.2618,-11.000,438.810,663.991,-37.915,-6.630,0.180
91.3583,-11.000,443.921,658.748,-32.738,-1.396,0.180
91.4671,-11.000,444.909,657.647,-31.693,-0.294,0.180
91.5653,-12.000,434.062,664.797,-40.692,-6.630,0.180
91.6631,-12.000,439.164,659.555,-35.520,-1.396,0.180
91.7615,-11.000,448.117,648.081,-25.307,6.275,0.180
91.8595,-10.000,451.508,643.147,-21.144,7.889,0.180
91.9575,-9.000,454.046,639.899,-18.251,8.229,0.180
92.0656,-9.000,448.700,647.640,-24.794,1.732,0.180
92.1643,-8.000,456.278,639.699,-17.035,6.933,0.180
92.2624,-7.000,460.082,636.186,-13.377,8.028,0.180
92.3593,-6.000,463.304,633.811,-10.578,8.259,0.180
92.4693,-5.000,466.587,631.848,-7.955,8.307,0.180
92.5684,-4.000,470.038,630.120,-5.366,8.317,0.180
92.6683,-4.000,465.682,638.939,-11.953,1.751,0.180
92.7683,-3.000,474.150,631.866,-4.182,6.937,0.180
92.8668,-3.000,470.750,639.450,-9.675,1.460,0.180
92.9640,-2.000,479.334,632.024,-1.669,6.876,0.180
93.0612,-3.000,464.914,646.828,-16.282,-5.121,0.180
93.1593,-3.000,470.604,644.464,-12.255,-1.078,0.180
93.2600,-3.000,472.853,645.042,-11.419,-0.227,0.180
93.3629,-3.000,474.218,646.080,-11.256,-0.048,0.180
93.4605,-4.000,464.288,654.453,-20.407,-6.578,0.180
93.5575,-3.000,478.273,639.745,-6.061,5.183,0.180
93.6669,-3.000,475.357,645.045,-10.168,1.091,0.180
93.7642,-2.000,483.467,636.562,-1.872,6.798,0.180
93.8623,-1.000,487.405,632.908,1.924,8.000,0.180
93.9591,-0.000,490.678,630.475,4.777,8.253,0.180
94.0574,1.000,493.394,627.874,7.436,8.306,0.180
94.1685,2.000,495.764,625.001,10.057,8.317,0.180
94.2669,3.000,497.869,621.869,12.675,8.319,0.180
94.3628,3.000,492.380,629.485,6.123,1.751,0.180
94.4599,3.000,491.916,631.756,4.756,0.369,0.180
94.5692,3.000,492.409,632.800,4.480,0.078,0.180
94.6663,3.000,493.017,633.499,4.435,0.016,0.180
94.7638,3.000,493.574,634.051,4.437,0.003,0.180
94.8608,3.000,494.059,634.510,4.450,0.001,0.180
94.9611,2.000,484.102,642.870,-4.708,-6.568,0.180
95.0589,2.000,490.118,638.495,0.487,-1.383,0.180
95.1672,2.000,491.918,638.090,1.590,-0.291,0.180
95.2643,2.000,492.752,638.443,1.830,-0.061,0.180
95.3631,2.000,493.314,638.888,1.889,-0.013,0.180
95.4611,2.000,493.764,639.296,1.909,-0.003,0.180
95.5590,2.000,494.140,639.648,1.922,-0.001,0.180
95.6592,3.000,501.834,628.973,11.106,6.568,0.180
95.7578,3.000,496.898,634.376,5.936,1.383,0.180
95.8664,3.000,496.020,635.651,4.860,0.291,0.180
95.9643,3.000,495.974,636.033,4.646,0.061,0.180
96.0603,4.000,503.458,625.236,13.787,6.581,0.180
96.1585,4.000,498.375,630.502,8.612,1.386,0.180
96.2672,4.000,497.380,631.653,7.539,0.292,0.180
96.3662,5.000,504.610,620.955,16.503,6.630,0.180
96.4632,5.000,499.428,626.190,11.295,1.396,0.180
96.5613,5.000,498.375,627.288,10.219,0.294,0.180
96.6602,5.000,498.188,627.513,10.013,0.062,0.180
96.7572,5.000,498.181,627.552,9.990,0.013,0.180
96.8659,5.000,498.211,627.550,10.006,0.003,0.180
96.9643,5.000,498.246,627.538,10.030,0.001,0.180
97.0601,5.000,498.282,627.522,10.055,0.000,0.180
97.1599,6.000,505.690,616.531,19.255,6.568,0.180
97.2561,6.000,500.512,621.663,14.100,1.383,0.180
97.3633,6.000,499.432,622.704,13.040,0.291,0.180
97.4593,6.000,499.217,622.886,12.841,0.061,0.180
97.5586,7.000,506.560,611.916,21.998,6.581,0.180
97.6575,7.000,501.358,617.033,16.838,1.386,0.180
97.7663,7.000,500.265,618.055,15.781,0.292,0.180
97.8642,7.000,500.041,618.219,15.587,0.061,0.180
97.9609,7.000,500.003,618.205,15.575,0.013,0.180
98.0595,7.000,500.008,618.157,15.601,0.003,0.180
98.1557,7.000,500.023,618.104,15.635,0.001,0.180
98.2639,7.000,500.043,618.052,15.671,0.000,0.180
98.3598,6.000,489.693,625.976,6.534,-6.568,0.180
98.4592,6.000,495.378,621.228,11.751,-1.383,0.180
98.5558,5.000,486.526,628.477,3.700,-6.860,0.180
98.6652,4.000,482.412,631.828,-0.032,-8.013,0.180
98.7639,4.000,489.934,626.657,6.314,-1.687,0.180
98.8636,3.000,481.913,634.277,-1.507,-6.924,0.180
98.9615,3.000,488.724,630.125,3.975,-1.458,0.180
99.0612,2.000,480.646,638.063,-4.033,-6.875,0.180
99.1589,2.000,487.525,634.065,1.406,-1.447,0.180
99.2579,1.000,479.529,642.110,-6.615,-6.873,0.180
99.3563,1.000,486.481,638.199,-1.184,-1.447,0.180
99.4642,1.000,488.922,638.345,-0.036,-0.305,0.180
99.5599,1.000,490.266,639.198,0.210,-0.064,0.180
99.6581,1.000,491.256,640.076,0.266,-0.014,0.180
99.7572,1.000,492.066,640.854,0.281,-0.003,0.180
99.8645,-0.000,482.374,649.495,-8.885,-6.569,0.180
99.9620,-0.000,488.614,645.362,-3.699,-1.383,0.180
100.0610,-0.000,490.601,645.166,-2.607,-0.291,0.180
100.1601,-1.000,480.619,653.071,-11.551,-6.630,0.180
100.2573,-2.000,475.491,655.833,-15.495,-7.964,0.180
100.3553,-3.000,471.289,657.424,-18.392,-8.245,0.180
100.4557,-4.000,467.199,658.694,-21.072,-8.304,0.180
100.5544,-5.000,463.062,659.834,-23.710,-8.317,0.180
100.6639,-6.000,458.855,660.895,-26.344,-8.319,0.180
100.7633,-8.000,443.607,669.268,-38.155,-14.888,0.180
100.8625,-9.000,444.424,665.007,-35.616,-9.703,0.180
100.9582,-10.000,441.100,664.804,-37.176,-8.611,0.180
101.0573,-11.000,436.873,665.432,-39.604,-8.381,0.180
101.1576,-11.000,443.404,658.843,-33.044,-1.764,0.180
101.2555,-12.000,433.741,664.856,-40.882,-6.940,0.180
101.3550,-12.000,439.107,659.389,-35.466,-1.461,0.180
101.4643,-12.000,440.154,658.254,-34.375,-0.308,0.180
101.5608,-12.000,440.298,658.037,-34.194,-0.065,0.180
101.6604,-12.000,440.255,658.017,-34.205,-0.014,0.180
101.7592,-11.000,448.150,647.668,-25.083,6.566,0.180
101.8585,-11.000,443.367,653.366,-30.324,1.382,0.180
101.9571,-11.000,442.608,654.903,-31.472,0.291,0.180
102.0628,-11.000,442.651,655.521,-31.759,0.061,0.180
102.1606,-11.000,442.826,655.907,-31.865,0.013,0.180
102.2572,-11.000,442.998,656.213,-31.932,0.003,0.180
102.3554,-10.000,451.115,646.102,-22.818,6.569,0.180
102.4544,-10.000,446.529,651.992,-28.056,1.383,0.180
102.5626,-10.000,445.940,653.691,-29.200,0.291,0.180
102.6618,-8.000,462.077,633.697,-11.134,13.198,0.180
102.7619,-8.000,452.976,645.519,-21.596,2.779,0.180
102.8584,-8.000,451.898,648.911,-23.831,0.585,0.180
102.9663,-7.000,460.351,640.023,-15.161,6.692,0.180
103.0681,-7.000,456.348,646.658,-20.480,1.409,0.180
103.1550,-7.000,456.317,648.925,-21.628,0.297,0.180
103.2632,-7.000,456.997,650.146,-21.899,0.062,0.180
103.3614,-7.000,457.720,651.040,-21.985,0.013,0.180
103.4593,-7.000,458.360,651.773,-22.031,0.003,0.180
103.5562,-8.000,447.931,659.769,-31.244,-6.568,0.180
103.6654,-8.000,453.541,655.092,-26.100,-1.383,0.180
103.7654,-9.000,444.014,661.812,-34.224,-6.860,0.180
103.8633,-10.000,438.715,664.124,-38.029,-8.013,0.180
103.9604,-10.000,445.220,658.081,-31.755,-1.687,0.180
104.0602,-10.000,446.696,656.997,-30.475,-0.355,0.180
104.1583,-10.000,447.091,656.936,-30.247,-0.075,0.180
104.2560,-11.000,436.266,664.444,-39.413,-6.584,0.180
104.3546,-11.000,441.497,659.394,-34.273,-1.386,0.180
104.4540,-11.000,442.611,658.434,-33.236,-0.292,0.180
104.5613,-11.000,442.850,658.326,-33.062,-0.061,0.180
104.6608,-12.000,431.923,665.764,-42.245,-6.581,0.180
104.7584,-12.000,437.074,660.647,-37.111,-1.386,0.180
104.8553,-13.000,427.146,667.004,-45.253,-6.860,0.180
104.9639,-13.000,432.477,661.638,-39.905,-1.444,0.180
105.0606,-14.000,422.561,667.925,-48.006,-6.872,0.180
105.1570,-13.000,435.845,652.155,-33.480,5.122,0.180
105.2551,-14.000,421.204,664.084,-46.764,-5.490,0.180
105.3637,-14.000,425.813,660.169,-42.503,-1.156,0.180
105.4632,-13.000,434.921,649.251,-32.489,6.325,0.180
105.5614,-13.000,430.591,655.043,-37.551,1.332,0.180
105.6583,-12.000,438.067,646.409,-29.496,6.849,0.180
105.7574,-11.000,441.579,642.513,-25.791,8.010,0.180
105.8564,-9.000,452.482,629.484,-13.825,14.823,0.180
105.9563,-9.000,442.829,643.329,-25.575,3.121,0.180
106.0551,-7.000,458.048,626.875,-9.738,13.794,0.180
106.1537,-5.000,465.543,619.528,-2.317,16.041,0.180
106.2627,-3.000,471.864,614.534,3.341,16.514,0.180
106.3603,-3.000,462.375,631.151,-9.712,3.477,0.180
106.4586,-2.000,470.618,626.567,-3.299,7.300,0.180
106.5571,-1.000,475.872,625.022,0.101,8.105,0.180
106.6559,-0.000,480.519,624.129,2.870,8.275,0.180
106.7529,1.000,484.455,622.783,5.511,8.310,0.180
106.8622,2.000,487.873,620.966,8.129,8.318,0.180
106.9600,2.000,483.498,629.704,1.573,1.751,0.180
107.0587,3.000,491.353,621.956,9.374,6.937,0.180
107.1578,3.000,487.437,628.962,3.913,1.460,0.180
107.2551,3.000,487.614,631.413,2.776,0.307,0.180
107.3562,3.000,488.503,632.757,2.549,0.065,0.180
107.4535,3.000,489.417,633.742,2.513,0.014,0.180
107.5624,3.000,490.229,634.544,2.518,0.003,0.180
107.6604,4.000,498.301,624.243,11.705,6.569,0.180
107.7579,4.000,493.689,629.961,6.540,1.383,0.180
107.8536,4.000,493.088,631.502,5.469,0.291,0.180
107.9621,5.000,500.652,621.137,14.433,6.630,0.180
108.0583,5.000,495.754,626.654,9.225,1.396,0.180
108.1551,6.000,502.315,617.020,17.323,6.862,0.180
108.2550,7.000,504.495,611.626,21.110,8.013,0.180
108.3537,7.000,559.198,587.344,15.797,1.653,0.320
108.4536,7.000,591.163,586.011,14.524,0.341,0.320
108.5530,8.000,625.947,578.198,28.654,11.626,0.320
108.6619,7.000,619.542,613.144,5.110,-9.157,0.320
108.7590,7.000,644.012,620.708,12.417,-1.889,0.320
108.8561,7.000,662.012,634.712,13.955,-0.390,0.320
108.9520,6.000,663.092,663.450,-0.057,-11.636,0.320
109.0605,5.000,673.552,683.949,-5.150,-13.957,0.320
109.1574,3.000,670.849,716.423,-22.767,-25.991,0.320
109.2556,2.000,694.104,727.088,-16.484,-16.919,0.320
109.3543,-1.000,678.687,770.951,-46.129,-38.158,0.320
109.4536,-3.000,695.382,784.530,-44.572,-30.985,0.320
109.5612,-5.000,705.649,803.091,-48.720,-29.505,0.320
109.6588,-7.000,714.114,822.223,-54.054,-29.199,0.320
109.7577,-10.000,705.523,853.528,-74.003,-40.692,0.320
109.8566,-13.000,705.459,875.153,-84.847,-43.063,0.320
109.9556,-15.000,723.052,881.981,-79.465,-31.997,0.320
110.0545,-18.000,715.285,909.760,-97.238,-41.269,0.320
110.1620,-20.000,730.880,917.271,-93.195,-31.627,0.320
110.2596,-23.000,722.361,944.684,-111.161,-41.193,0.320
110.3576,-25.000,737.420,951.779,-107.179,-31.611,0.320
110.4558,-28.000,728.485,978.801,-125.158,-41.190,0.320
110.5548,-30.000,743.198,985.556,-121.179,-31.611,0.320
110.6619,-32.000,750.246,999.850,-124.802,-29.634,0.320
110.7610,-34.000,755.672,1015.660,-129.994,-29.226,0.320
110.8593,-36.000,760.728,1031.749,-135.510,-29.142,0.320
110.9565,-37.000,781.955,1035.430,-126.737,-17.569,0.320
111.0553,-39.000,777.821,1060.830,-141.505,-26.736,0.320
111.1532,-41.000,764.999,1062.992,-148.996,-28.628,0.320
111.2517,-42.000,769.914,1051.176,-140.631,-17.463,0.320
111.3597,-43.000,766.065,1048.320,-141.127,-15.159,0.320
111.4572,-44.000,760.470,1047.374,-143.452,-14.684,0.320
111.5552,-45.000,754.569,1046.877,-146.154,-14.586,0.320
111.6524,-46.000,748.650,1046.517,-148.934,-14.565,0.320
111.7614,-47.000,742.765,1046.224,-151.729,-14.561,0.320
111.8594,-47.000,753.196,1033.542,-140.173,-3.005,0.320
111.9561,-48.000,738.349,1042.637,-152.144,-12.176,0.320
112.0535,-48.000,747.067,1032.028,-142.481,-2.512,0.320
112.1601,-48.000,748.258,1029.231,-140.487,-0.518,0.320
112.2560,-49.000,731.711,1040.572,-154.431,-11.663,0.320
112.3552,-49.000,740.254,1030.604,-145.175,-2.407,0.320
112.4529,-49.000,741.559,1028.089,-143.265,-0.497,0.320
112.5518,-49.000,741.438,1027.180,-142.871,-0.102,0.320
112.6584,-49.000,741.082,1026.661,-142.789,-0.021,0.320
112.7563,-49.000,740.727,1026.272,-142.773,-0.004,0.320
112.8545,-48.000,753.690,1010.517,-128.414,11.555,0.320
112.9549,-48.000,744.833,1020.001,-137.584,2.384,0.320
113.0524,-48.000,743.207,1022.160,-139.476,0.492,0.320
113.1613,-47.000,756.318,1007.341,-125.511,11.657,0.320
113.2585,-46.000,761.117,1001.931,-120.407,13.961,0.320
113.3579,-45.000,764.552,998.816,-117.132,14.436,0.320
113.4547,-44.000,768.007,996.474,-114.234,14.534,0.320
113.5524,-43.000,771.720,994.547,-111.414,14.555,0.320
113.6516,-42.000,775.703,992.922,-108.609,14.559,0.320
113.7502,-41.000,779.926,991.543,-105.808,14.560,0.320
113.8609,-39.000,797.630,974.936,-88.653,26.116,0.320
113.9601,-38.000,793.646,983.693,-95.024,16.944,0.320
114.0586,-36.000,810.277,969.799,-79.761,26.608,0.320
114.1547,-35.000,806.599,979.643,-86.522,17.046,0.320
114.2514,-34.000,810.467,981.857,-85.695,15.073,0.320
114.3590,-33.000,815.864,982.469,-83.302,14.666,0.320
114.4553,-32.000,821.554,982.727,-80.586,14.582,0.320
114.5529,-30.000,840.560,967.456,-63.448,26.120,0.320
114.6606,-28.000,850.968,961.903,-55.467,28.501,0.320
114.7578,-27.000,846.688,974.151,-63.732,17.437,0.320
114.8568,-26.000,851.011,977.440,-63.215,15.154,0.320
114.9546,-24.000,870.270,963.331,-46.530,26.238,0.320
115.0513,-23.000,867.911,973.908,-52.999,16.970,0.320
115.1602,-21.000,885.986,961.497,-37.755,26.613,0.320
115.2609,-20.000,883.548,972.590,-44.521,17.047,0.320
115.3619,-18.000,901.647,960.528,-29.440,26.629,0.320
115.4595,-16.000,912.541,956.446,-21.953,28.606,0.320
115.5577,-14.000,922.205,954.251,-16.023,29.014,0.320
115.6563,-13.000,918.556,968.090,-24.767,17.543,0.320
115.7547,-11.000,936.953,957.034,-10.040,26.731,0.320
115.8515,-9.000,948.358,953.548,-2.595,28.627,0.320
115.9615,-8.000,945.235,967.243,-11.004,17.463,0.320
116.0597,-6.000,963.886,956.258,3.814,26.715,0.320
116.1572,-5.000,962.190,968.310,-3.060,17.068,0.320
116.2563,-4.000,967.798,972.345,-2.273,15.078,0.320
116.3539,-3.000,974.689,974.490,0.099,14.667,0.320
116.4526,-2.000,981.653,976.047,2.803,14.582,0.320
116.5503,-2.000,975.191,992.752,-8.781,3.009,0.320
116.6591,-1.000,990.426,984.064,3.181,12.176,0.320
116.7593,-0.000,998.319,982.574,7.873,14.068,0.320
116.8570,2.000,1016.258,965.399,25.430,26.014,0.320
116.9535,3.000,1011.389,973.077,19.156,16.924,0.320
117.0518,4.000,1013.110,972.904,20.103,15.048,0.320
117.1596,6.000,1028.230,954.420,36.905,26.216,0.320
117.2564,7.000,1021.468,960.482,30.493,16.965,0.320
117.3550,8.000,1021.687,958.829,31.429,15.056,0.320
117.4531,10.000,1035.554,939.061,48.246,26.218,0.320
117.5529,11.000,1027.736,944.025,41.856,16.966,0.320
117.6531,13.000,1039.502,925.152,57.175,26.612,0.320
117.7531,13.000,1018.434,946.180,36.127,5.491,0.320
117.8510,14.000,1026.573,934.167,46.203,12.689,0.320
117.9502,15.000,1028.875,927.731,50.572,14.174,0.320
118.0585,15.000,1017.454,938.640,39.407,2.925,0.320
118.1575,16.000,1027.439,924.378,51.531,12.159,0.320
118.2564,16.000,1017.562,933.621,41.970,2.509,0.320
118.3533,16.000,1015.390,935.253,40.069,0.518,0.320
118.4497,16.000,1014.839,935.345,39.747,0.107,0.320
118.5484,16.000,1014.649,935.145,39.752,0.022,0.320
118.6588,16.000,1014.556,934.907,39.824,0.005,0.320
118.7561,15.000,999.060,947.961,25.549,-11.555,0.320
118.8542,15.000,1008.776,939.169,34.803,-2.384,0.320
118.9521,15.000,1011.146,937.586,36.780,-0.492,0.320
119.0486,15.000,1011.954,937.446,37.254,-0.102,0.320
119.1550,15.000,1012.402,937.565,37.419,-0.021,0.320
119.2499,14.000,997.303,950.987,23.158,-11.560,0.320
119.3490,14.000,1007.343,942.521,32.411,-2.385,0.320
119.4498,14.000,1009.984,941.218,34.383,-0.492,0.320
119.5499,13.000,995.580,954.599,20.491,-11.657,0.320
119.6491,13.000,1005.970,946.340,29.815,-2.405,0.320
119.7492,12.000,993.417,958.545,17.436,-12.052,0.320
119.8498,11.000,988.959,963.546,12.707,-14.042,0.320
119.9483,11.000,1001.897,954.070,23.913,-2.898,0.320
120.0574,11.000,1005.730,953.180,26.275,-0.598,0.320
120.1577,11.000,1007.516,953.895,26.811,-0.123,0.320
120.2558,11.000,1008.739,954.798,26.970,-0.025,0.320
120.3537,10.000,994.283,968.901,12.691,-11.561,0.320
120.4526,10.000,1004.864,961.020,21.922,-2.386,0.320
120.5494,9.000,992.520,973.499,9.510,-12.048,0.320
120.6574,9.000,1003.690,965.445,19.122,-2.486,0.320
120.7536,9.000,1007.037,964.745,21.146,-0.513,0.320
120.8530,8.000,993.179,978.694,7.242,-11.661,0.320
120.9502,8.000,1004.017,970.932,16.542,-2.406,0.320
121.0484,8.000,1007.279,970.286,18.497,-0.497,0.320
121.1486,7.000,993.388,984.239,4.575,-11.658,0.320
121.2576,7.000,1004.207,976.475,13.866,-2.406,0.320
121.3548,6.000,992.012,989.105,1.453,-12.052,0.320
121.4524,6.000,1003.296,981.192,11.052,-2.487,0.320
121.5492,5.000,991.294,993.898,-1.302,-12.069,0.320
121.6562,5.000,1002.700,986.091,8.305,-2.490,0.320
121.7514,5.000,1006.234,985.616,10.309,-0.514,0.320
121.8482,5.000,1007.970,986.480,10.745,-0.106,0.320
121.9477,5.000,1009.187,987.473,10.857,-0.022,0.320
122.0591,5.000,1010.172,988.367,10.902,-0.005,0.320
122.1586,5.000,1011.002,989.134,10.934,-0.001,0.320
122.2570,4.000,996.268,1003.065,-3.398,-11.556,0.320
122.3533,4.000,1006.621,995.030,5.795,-2.385,0.320
122.4520,4.000,1009.521,994.100,7.710,-0.492,0.320
122.5493,4.000,1010.771,994.525,8.123,-0.102,0.320
122.6564,4.000,1011.586,995.134,8.226,-0.021,0.320
122.7551,4.000,1012.230,995.699,8.265,-0.004,0.320
122.8534,4.000,1012.770,996.188,8.291,-0.001,0.320
122.9519,4.000,1013.230,996.602,8.314,-0.000,0.320
123.0508,4.000,1013.624,996.951,8.336,-0.000,0.320
123.1500,4.000,1013.962,997.244,8.359,-0.000,0.320
123.2497,3.000,998.812,1010.771,-5.980,-11.556,0.320
123.3477,3.000,1008.810,1002.394,3.208,-2.384,0.320
123.4578,3.000,1011.408,1001.173,5.117,-0.492,0.320
123.5570,2.000,996.959,1014.632,-8.837,-11.657,0.320
123.6561,2.000,991.987,997.738,-2.875,-3.331,0.180
123.7540,1.000,979.989,984.451,-2.231,-2.237,0.180
123.8521,1.000,970.431,971.696,-0.632,-0.639,0.180
123.9481,1.000,959.496,959.846,-0.175,-0.183,0.180
124.0574,1.000,948.034,948.121,-0.043,-0.052,0.180
124.1552,1.000,936.308,936.318,-0.005,-0.015,0.180
124.2515,1.000,924.410,924.397,0.006,-0.004,0.180
124.3493,2.000,912.557,909.063,1.747,1.284,0.180
124.4482,2.000,899.677,898.015,0.831,0.367,0.180
124.5487,2.000,887.338,886.196,0.571,0.105,0.180
124.6497,1.000,871.911,874.389,-1.239,-1.256,0.180
124.7475,2.000,861.001,858.210,1.396,0.927,0.180
124.8541,2.000,848.418,846.947,0.735,0.265,0.180
124.9506,2.000,836.186,835.091,0.548,0.076,0.180
125.0478,2.000,823.987,822.996,0.496,0.022,0.180
125.1556,2.000,811.738,810.774,0.482,0.006,0.180
125.2535,2.000,799.426,798.467,0.479,0.002,0.180
125.3501,2.000,787.053,786.093,0.480,0.001,0.180
125.4482,2.000,774.628,773.665,0.481,0.000,0.180
125.5467,2.000,762.156,761.190,0.483,0.000,0.180
125.6557,2.000,749.646,748.677,0.485,0.000,0.180
125.7553,2.000,737.103,736.130,0.487,0.000,0.180
125.8526,1.000,721.356,723.852,-1.248,-1.286,0.180
125.9505,1.000,709.954,710.612,-0.329,-0.367,0.180
126.0474,1.000,697.835,697.966,-0.066,-0.105,0.180
126.1459,1.000,685.475,685.455,0.010,-0.030,0.180
126.2563,1.000,673.018,672.953,0.033,-0.009,0.180
126.3536,1.000,660.507,660.428,0.040,-0.002,0.180
126.4508,1.000,647.960,647.876,0.042,-0.001,0.180
126.5501,1.000,635.384,635.297,0.044,-0.000,0.180
126.6507,1.000,622.785,622.696,0.045,-0.000,0.180
126.7506,1.000,610.166,610.075,0.046,-0.000,0.180
126.8489,1.000,597.529,597.436,0.046,-0.000,0.180
126.9466,2.000,585.056,581.488,1.784,1.286,0.180
127.0555,2.000,571.650,569.915,0.867,0.367,0.180
127.1515,2.000,571.595,570.382,0.607,0.105,0.180
127.2487,2.000,571.698,570.630,0.534,0.030,0.180
127.3465,2.000,571.827,570.799,0.514,0.009,0.180
127.4553,2.000,571.950,570.930,0.510,0.002,0.180
127.5546,2.000,572.057,571.038,0.510,0.001,0.180
127.6515,2.000,572.150,571.128,0.511,0.000,0.180
127.7488,2.000,572.230,571.204,0.513,0.000,0.180
127.8556,3.000,572.474,567.972,2.251,1.286,0.180
127.9552,3.000,571.789,569.118,1.335,0.367,0.180
128.0523,3.000,571.725,569.573,1.076,0.105,0.180
128.1495,3.000,571.819,569.812,1.003,0.030,0.180
128.2482,3.000,571.942,569.972,0.985,0.009,0.180
128.3468,3.000,572.059,570.096,0.981,0.002,0.180
128.4546,4.000,572.338,566.900,2.719,1.286,0.180
128.5545,4.000,571.684,568.077,1.804,0.368,0.180
128.6518,4.000,571.647,568.557,1.545,0.105,0.180
128.7509,4.000,571.764,568.817,1.473,0.030,0.180
128.8492,5.000,572.083,565.698,3.192,1.294,0.180
128.9479,5.000,571.473,566.929,2.272,0.370,0.180
129.0551,5.000,571.477,567.452,2.012,0.106,0.180
129.1525,5.000,571.630,567.747,1.941,0.030,0.180
129.2497,5.000,571.803,567.954,1.924,0.009,0.180
129.3457,5.000,571.964,568.118,1.923,0.002,0.180
129.4566,5.000,572.104,568.253,1.926,0.001,0.180
129.5534,5.000,572.225,568.366,1.930,0.000,0.180
129.6518,5.000,572.329,568.461,1.934,0.000,0.180
129.7516,5.000,572.418,568.541,1.938,0.000,0.180
129.8505,5.000,572.494,568.608,1.943,0.000,0.180
129.9478,5.000,572.560,568.665,1.947,0.000,0.180
130.0449,5.000,572.616,568.712,1.952,0.000,0.180
130.1547,4.000,569.488,569.049,0.220,-1.286,0.180
130.2530,4.000,570.723,568.440,1.142,-0.367,0.180
130.3503,4.000,571.256,568.441,1.408,-0.105,0.180
130.4521,3.000,568.384,568.885,-0.250,-1.316,0.180
130.5481,3.000,569.795,568.411,0.692,-0.376,0.180
130.6467,3.000,570.465,568.538,0.963,-0.107,0.180
130.7540,3.000,570.883,568.797,1.043,-0.031,0.180
130.8515,2.000,568.018,569.357,-0.669,-1.294,0.180
130.9516,2.000,569.466,568.951,0.257,-0.370,0.180
131.0479,2.000,570.174,569.128,0.523,-0.106,0.180
131.1459,2.000,570.627,569.427,0.600,-0.030,0.180
131.2538,2.000,570.970,569.723,0.624,-0.009,0.180
131.3525,2.000,571.250,569.987,0.632,-0.002,0.180
131.4493,1.000,568.308,570.511,-1.101,-1.286,0.180
131.5477,1.000,569.700,570.063,-0.182,-0.368,0.180
131.6447,1.000,570.365,570.201,0.082,-0.105,0.180
131.7527,1.000,570.782,570.467,0.158,-0.030,0.180
131.8492,-0.000,567.918,571.031,-1.556,-1.294,0.180
131.9480,-0.000,569.365,570.629,-0.632,-0.370,0.180
132.0470,-0.000,570.073,570.809,-0.368,-0.106,0.180
132.1456,-0.000,570.526,571.111,-0.292,-0.030,0.180
132.2537,-0.000,570.869,571.411,-0.271,-0.009,0.180
132.3512,-0.000,571.148,571.677,-0.265,-0.002,0.180
132.4489,-0.000,571.381,571.907,-0.263,-0.001,0.180
132.5448,-0.000,571.579,572.104,-0.262,-0.000,0.180
132.6443,-0.000,571.747,572.271,-0.262,-0.000,0.180
132.7515,-1.000,568.593,572.590,-1.999,-1.286,0.180
132.8486,-1.000,569.805,571.968,-1.081,-0.367,0.180
132.9464,-1.000,570.317,571.957,-0.820,-0.105,0.180
133.0532,-2.000,567.308,572.273,-2.482,-1.316,0.180
133.1513,-2.000,568.601,571.690,-1.544,-0.376,0.180
133.2499,-2.000,569.170,571.725,-1.278,-0.107,0.180
133.3478,-2.000,569.501,571.907,-1.203,-0.031,0.180
133.4474,-3.000,566.443,572.281,-2.919,-1.294,0.180
133.5448,-3.000,567.724,571.719,-1.997,-0.370,0.180
133.6439,-4.000,564.995,571.940,-3.472,-1.391,0.180
133.7527,-4.000,566.419,571.383,-2.482,-0.398,0.180
133.8518,-5.000,563.771,571.648,-3.938,-1.399,0.180
133.9498,-5.000,565.253,571.140,-2.943,-0.400,0.180
134.0487,-6.000,562.652,571.450,-4.399,-1.400,0.180
134.1459,-5.000,564.469,567.805,-1.668,0.886,0.180
134.2447,-6.000,561.259,569.342,-4.042,-1.033,0.180
134.3527,-6.000,562.780,569.398,-3.309,-0.295,0.180
134.4496,-6.000,563.655,569.863,-3.104,-0.084,0.180
134.5467,-7.000,560.983,570.555,-4.786,-1.310,0.180
134.6435,-6.000,562.868,567.108,-2.120,0.911,0.180
134.7529,-6.000,563.047,568.600,-2.776,0.260,0.180
134.8506,-5.000,563.862,566.325,-1.231,1.360,0.180
134.9516,-5.000,563.766,568.180,-2.207,0.389,0.180
135.0514,-5.000,564.232,569.210,-2.489,0.111,0.180
135.1493,-4.000,565.080,566.753,-0.837,1.317,0.180
135.2479,-3.000,565.248,565.337,-0.045,1.662,0.180
135.3447,-2.000,565.325,564.321,0.502,1.761,0.180
135.4515,-2.000,565.166,566.680,-0.757,0.503,0.180
135.5494,-0.000,566.333,561.623,2.355,2.715,0.180
135.6469,1.000,565.917,561.613,2.152,2.061,0.180
135.7447,1.000,565.765,564.404,0.680,0.589,0.180
135.8521,2.000,566.643,562.648,1.997,1.454,0.180
135.9510,3.000,566.909,561.515,2.697,1.701,0.180
136.0484,4.000,567.006,560.563,3.221,1.772,0.180
136.1469,4.000,566.880,562.961,1.959,0.506,0.180
136.2445,5.000,567.664,560.988,3.338,1.430,0.180
136.3547,6.000,567.818,559.703,4.057,1.694,0.180
136.4518,7.000,567.810,558.631,4.589,1.770,0.180
136.5513,8.000,567.769,557.633,5.068,1.791,0.180
136.6493,8.000,567.555,559.964,3.796,0.512,0.180
136.7473,9.000,568.273,557.926,5.174,1.432,0.180
136.8458,10.000,568.374,556.583,5.896,1.695,0.180
136.9423,11.000,568.321,555.460,6.431,1.770,0.180
137.0515,11.000,568.067,557.714,5.176,0.506,0.180
137.1481,12.000,568.742,555.619,6.562,1.430,0.180
137.2477,13.000,568.805,554.230,7.288,1.694,0.180
137.3459,13.000,568.542,556.364,6.089,0.484,0.180
137.4438,14.000,569.181,554.198,7.492,1.424,0.180
137.5517,15.000,568.980,552.980,8.000,1.693,0.180
137.6496,16.000,568.316,552.316,8.000,1.769,0.180
137.7470,16.000,568.768,553.737,7.515,0.506,0.180
137.8469,16.000,569.217,554.880,7.169,0.144,0.180
137.9458,17.000,569.165,553.165,8.000,1.327,0.180
138.0423,17.000,569.798,554.030,7.884,0.379,0.180
138.1518,18.000,568.991,552.991,8.000,1.394,0.180
138.2493,18.000,569.706,553.706,8.000,0.398,0.180
138.3457,19.000,568.754,552.754,8.000,1.400,0.180
138.4432,19.000,569.444,553.444,8.000,0.400,0.180
138.5517,20.000,568.471,552.471,8.000,1.400,0.180
138.6483,20.000,569.144,553.144,8.000,0.400,0.180
138.7464,21.000,568.157,552.157,8.000,1.400,0.180
138.8459,21.000,568.817,552.817,8.000,0.400,0.180
138.9456,22.000,567.818,551.818,8.000,1.400,0.180
139.0437,22.000,568.469,552.469,8.000,0.400,0.180
139.1430,22.000,569.022,553.022,8.000,0.114,0.180
139.2519,23.000,567.933,551.933,8.000,1.318,0.180
139.3487,23.000,568.507,552.507,8.000,0.377,0.180
139.4469,24.000,567.434,551.434,8.000,1.393,0.180
139.5436,24.000,568.023,552.023,8.000,0.398,0.180
139.6516,25.000,566.963,550.963,8.000,1.399,0.180
139.7497,25.000,567.563,551.563,8.000,0.400,0.180
139.8459,25.000,568.072,552.072,8.000,0.114,0.180
139.9452,25.000,568.505,552.505,8.000,0.033,0.180
140.0432,26.000,567.313,551.313,8.000,1.295,0.180
140.1508,26.000,567.800,551.800,8.000,0.370,0.180
140.2489,26.000,568.213,552.213,8.000,0.106,0.180
140.3463,26.000,568.565,552.565,8.000,0.030,0.180
140.4451,27.000,567.304,551.304,8.000,1.294,0.180
140.5429,27.000,567.732,551.732,8.000,0.370,0.180
140.6507,27.000,568.096,552.096,8.000,0.106,0.180
140.7520,27.000,568.405,552.405,8.000,0.030,0.180
140.8498,27.000,568.668,552.668,8.000,0.009,0.180
140.9490,27.000,568.892,552.892,8.000,0.002,0.180
141.0475,27.000,569.082,553.082,8.000,0.001,0.180
141.1470,26.000,567.803,551.803,8.000,-1.286,0.180
141.2474,26.000,568.217,552.217,8.000,-0.367,0.180
141.3472,26.000,568.568,552.568,8.000,-0.105,0.180
141.4450,26.000,568.866,552.866,8.000,-0.030,0.180
141.5430,25.000,567.680,551.680,8.000,-1.294,0.180
141.6510,25.000,568.172,552.172,8.000,-0.370,0.180
164.6128,24.000,841.693,-812.011,826.852,759.652,0.320
164.6342,25.000,406.843,-349.305,378.074,308.074,0.320
164.7406,25.000,175.492,-91.650,133.571,63.571,0.320
164.8382,24.000,123.176,-14.349,68.762,1.562,0.320
164.9350,24.000,133.867,-1.178,67.522,0.322,0.320
165.0331,23.000,130.710,24.888,52.911,-11.489,0.320
165.1409,23.000,150.878,26.820,62.029,-2.371,0.320
165.2397,23.000,163.465,35.643,63.911,-0.489,0.320
165.3376,23.000,174.274,45.676,64.299,-0.101,0.320
165.4368,23.000,185.599,56.841,64.379,-0.021,0.320
165.5364,23.000,197.562,68.770,64.396,-0.004,0.320
165.6366,23.000,210.106,81.308,64.399,-0.001,0.320
165.7345,23.000,223.154,94.355,64.400,-0.000,0.320
165.8335,22.000,221.196,121.108,50.044,-11.556,0.320
165.9422,22.000,244.793,126.362,59.216,-2.384,0.320
166.0418,22.000,261.334,139.118,61.108,-0.492,0.320
166.1380,21.000,261.128,166.842,47.143,-11.657,0.320
166.2362,21.000,285.962,173.173,56.395,-2.405,0.320
166.3341,21.000,303.503,186.896,58.304,-0.496,0.320
166.4411,21.000,319.572,202.177,58.698,-0.102,0.320
166.5395,20.000,319.928,231.082,44.423,-11.577,0.320
166.6396,19.000,330.111,251.387,39.362,-13.944,0.320
166.7381,19.000,358.129,257.058,50.535,-2.877,0.320
166.8371,18.000,361.782,284.654,38.564,-12.149,0.320
166.9351,18.000,388.694,292.079,48.307,-2.507,0.320
167.0419,17.000,392.324,320.251,36.037,-12.073,0.320
167.1402,16.000,403.963,341.258,31.352,-14.047,0.320
167.2382,16.000,432.962,347.782,42.590,-2.899,0.320
167.3368,15.000,437.396,376.158,30.619,-12.154,0.320
167.4328,14.000,449.516,397.541,25.988,-14.063,0.320
167.5408,13.000,463.441,417.708,22.866,-14.458,0.320
167.6387,13.000,493.364,424.537,34.413,-2.983,0.320
167.7396,12.000,498.371,453.385,22.493,-12.171,0.320
167.8366,12.000,526.373,461.934,32.220,-2.512,0.320
167.9356,12.000,546.355,477.795,34.280,-0.518,0.320
168.0342,11.000,549.013,508.218,20.398,-11.662,0.320
168.1418,11.000,576.278,516.848,29.715,-2.407,0.320
168.2419,10.000,580.450,545.799,17.325,-12.052,0.320
168.3404,9.000,592.596,567.425,12.585,-14.043,0.320
168.4391,9.000,622.031,574.469,23.781,-2.898,0.320
168.5403,8.000,626.831,603.291,11.770,-12.153,0.320
168.6377,8.000,654.698,611.777,21.460,-2.508,0.320
168.7350,7.000,659.129,640.861,9.134,-12.073,0.320
168.8325,7.000,686.882,649.371,18.755,-2.491,0.320
168.9427,6.000,691.256,678.435,6.410,-12.070,0.320
169.0380,5.000,703.526,700.202,1.662,-14.046,0.320
169.1374,4.000,717.613,720.660,-1.524,-14.454,0.320
169.2348,4.000,747.676,727.736,9.970,-2.983,0.320
169.3419,3.000,752.796,756.799,-2.001,-12.171,0.320
169.4405,2.000,765.446,778.818,-6.686,-14.067,0.320
169.5382,1.000,779.802,799.546,-9.872,-14.458,0.320
169.6344,1.000,810.081,806.864,1.609,-2.983,0.320
169.7417,-0.000,815.379,836.137,-10.379,-12.171,0.320
169.8391,-1.000,827.337,857.499,-15.081,-14.067,0.320
169.9380,-2.000,840.263,876.829,-18.283,-14.458,0.320
170.0353,-2.000,869.323,882.962,-6.819,-2.983,0.320
170.1337,-3.000,872.743,910.391,-18.824,-12.171,0.320
170.2408,-3.000,899.384,917.746,-9.181,-2.512,0.320
170.3374,-3.000,918.196,932.606,-7.205,-0.518,0.320
170.4372,-4.000,919.007,961.350,-21.171,-11.662,0.320
170.5369,-5.000,928.408,981.006,-26.299,-13.962,0.320
170.6349,-7.000,923.135,1011.071,-43.968,-25.992,0.320
170.7313,-8.000,943.368,1018.847,-37.740,-16.919,0.320
170.8401,-9.000,956.260,1033.696,-38.718,-15.047,0.320
170.9382,-10.000,951.633,1034.008,-41.188,-14.660,0.320
171.0361,-12.000,930.316,1046.977,-58.331,-26.136,0.320
171.1344,-13.000,934.162,1038.194,-52.016,-16.949,0.320
171.2343,-14.000,930.662,1036.659,-52.999,-15.053,0.320
171.3322,-15.000,925.609,1036.591,-55.491,-14.662,0.320
171.4324,-16.000,920.204,1036.804,-58.300,-14.581,0.320
171.5308,-17.000,914.699,1037.056,-61.179,-14.564,0.320
171.6412,-17.000,925.430,1024.860,-49.715,-3.005,0.320
171.7381,-17.000,927.097,1021.947,-47.425,-0.620,0.320
171.8347,-18.000,910.683,1033.461,-61.389,-11.684,0.320
171.9316,-19.000,902.992,1036.149,-66.578,-13.966,0.320
172.0391,-19.000,913.343,1024.544,-55.600,-2.882,0.320
172.1371,-19.000,914.992,1021.831,-53.419,-0.595,0.320
172.2349,-19.000,914.904,1021.012,-53.054,-0.123,0.320
172.3410,-19.000,914.510,1020.636,-53.063,-0.025,0.320
172.4384,-20.000,897.928,1032.725,-67.398,-11.561,0.320
172.5358,-19.000,919.862,1007.810,-43.974,9.170,0.320
172.6342,-19.000,912.711,1015.428,-51.358,1.892,0.320
172.7311,-19.000,911.302,1017.234,-52.966,0.390,0.320
172.8386,-18.000,924.335,1002.378,-39.021,11.636,0.320
172.9363,-18.000,915.725,1012.439,-48.357,2.401,0.320
173.0355,-17.000,927.616,999.621,-36.003,12.051,0.320
173.1334,-17.000,919.063,1010.387,-45.662,2.487,0.320
173.2304,-16.000,931.215,997.955,-33.370,12.069,0.320
173.3400,-15.000,936.210,993.563,-28.676,14.046,0.320
173.4367,-15.000,926.734,1006.550,-39.908,2.898,0.320
173.5329,-15.000,925.842,1010.427,-42.292,0.598,0.320
173.6299,-14.000,939.833,996.813,-28.490,11.679,0.320
173.7366,-14.000,932.146,1007.821,-37.837,2.410,0.320
173.8363,-14.000,931.567,1011.223,-39.828,0.497,0.320
173.9342,-14.000,932.293,1012.896,-40.301,0.103,0.320
174.0337,-13.000,946.434,998.634,-26.100,11.577,0.320
174.1315,-13.000,938.622,1009.344,-35.361,2.389,0.320
174.2403,-13.000,937.885,1012.544,-37.329,0.493,0.320
174.3404,-13.000,938.468,1014.055,-37.793,0.102,0.320
174.4373,-13.000,939.204,1015.098,-37.947,0.021,0.320
174.5341,-13.000,939.871,1015.944,-38.036,0.004,0.320
174.6314,-13.000,940.437,1016.663,-38.113,0.001,0.320
174.7323,-12.000,954.191,1001.841,-23.825,11.556,0.320
174.8402,-12.000,945.999,1012.126,-33.063,2.385,0.320
174.9368,-11.000,958.210,999.534,-20.662,12.048,0.320
175.0330,-11.000,949.925,1010.495,-30.285,2.486,0.320
175.1327,-10.000,962.309,998.226,-17.959,12.069,0.320
175.2321,-10.000,954.223,1009.409,-27.593,2.490,0.320
175.3302,-9.000,966.789,997.317,-15.264,12.069,0.320
175.4301,-9.000,958.860,1008.647,-24.893,2.491,0.320
175.5393,-8.000,971.560,996.679,-12.559,12.069,0.320
175.6359,-7.000,977.029,992.672,-7.822,14.046,0.320
175.7340,-6.000,981.244,990.539,-4.648,14.454,0.320
175.8328,-6.000,972.124,1004.430,-16.153,2.983,0.320
175.9316,-5.000,985.032,993.416,-4.192,12.171,0.320
176.0292,-5.000,977.650,1005.409,-13.880,2.511,0.320
176.1379,-4.000,990.869,993.949,-1.540,12.074,0.320
176.2341,-4.000,983.512,1005.801,-11.145,2.491,0.320
176.3331,-3.000,996.704,994.270,1.217,12.070,0.320
176.4335,-3.000,989.314,1006.072,-8.379,2.491,0.320
176.5315,-2.000,1002.476,994.499,3.989,12.069,0.320
176.6314,-2.000,995.062,1006.265,-5.601,2.491,0.320
176.7305,-1.000,1008.205,994.661,6.772,12.069,0.320
176.8293,-1.000,1000.774,1006.399,-2.813,2.491,0.320
176.9383,-1.000,1000.623,1010.212,-4.795,0.514,0.320
177.0383,-0.000,1015.047,996.741,9.153,11.662,0.320
177.1362,-0.000,1007.696,1007.901,-0.102,2.406,0.320
177.2349,1.000,1019.847,995.149,12.349,12.052,0.320
177.3360,1.000,1011.531,1005.953,2.789,2.487,0.320
177.4351,2.000,1023.062,992.697,15.182,12.069,0.320
177.5314,3.000,1026.703,986.750,19.976,14.046,0.320
177.6304,4.000,1028.533,982.120,23.207,14.454,0.320
177.7291,4.000,1017.394,993.879,11.758,2.983,0.320
177.8390,6.000,1040.195,963.924,38.135,23.727,0.320
177.9361,6.000,1021.358,982.681,19.338,4.896,0.320
178.0359,7.000,1029.913,970.218,29.847,12.566,0.320
178.1333,8.000,1032.260,963.710,34.275,14.149,0.320
178.2308,9.000,1033.248,958.344,37.452,14.475,0.320
178.3313,10.000,1033.891,953.140,40.375,14.542,0.320
178.4295,10.000,1021.967,964.187,28.890,3.001,0.320
178.5360,11.000,1031.709,949.859,40.925,12.175,0.320
178.6339,11.000,1021.660,959.011,31.324,2.512,0.320
178.7331,12.000,1031.787,944.281,43.753,12.074,0.320
178.8321,12.000,1021.816,953.340,34.238,2.491,0.320
178.9314,12.000,1019.518,954.862,32.328,0.514,0.320
179.0307,12.000,1018.847,954.873,31.987,0.106,0.320
179.1393,12.000,1018.550,954.610,31.970,0.022,0.320
179.2372,12.000,1018.362,954.322,32.020,0.005,0.320
179.3370,12.000,1018.223,954.056,32.083,0.001,0.320
179.4369,12.000,1018.117,953.818,32.150,0.000,0.320
179.5360,12.000,1018.038,953.604,32.217,0.000,0.320
179.6333,12.000,1017.981,953.413,32.284,0.000,0.320
179.7322,12.000,1017.942,953.240,32.351,0.000,0.320
179.8302,12.000,1017.920,953.083,32.418,0.000,0.320
179.9380,11.000,1002.470,966.221,18.124,-11.556,0.320
180.0363,11.000,1012.219,957.505,27.357,-2.384,0.320
180.1338,11.000,1014.613,955.991,29.311,-0.492,0.320
180.2303,10.000,999.997,969.193,15.402,-11.657,0.320
180.3280,10.000,1010.205,960.785,24.710,-2.405,0.320
180.4284,9.000,997.493,972.866,12.314,-12.052,0.320
180.5362,9.000,1008.341,964.482,21.929,-2.487,0.320
180.6344,8.000,995.971,976.787,9.592,-12.069,0.320
180.7313,7.000,991.625,981.917,4.854,-14.046,0.320
180.8303,6.000,989.204,985.844,1.680,-14.454,0.320
180.9280,6.000,1002.849,976.480,13.185,-2.983,0.320
181.0283,5.000,991.628,989.179,1.224,-12.171,0.320
181.1372,5.000,1003.444,981.620,10.912,-2.511,0.320
181.2361,4.000,991.833,994.689,-1.428,-12.074,0.320
181.3324,4.000,1003.557,987.204,8.177,-2.491,0.320
181.4324,3.000,991.918,1000.287,-4.185,-12.070,0.320
181.5299,2.000,988.186,1006.086,-8.950,-14.046,0.320
181.6368,2.000,1001.723,997.306,2.209,-2.898,0.320
181.7341,1.000,990.615,1010.297,-9.841,-12.154,0.320
181.8299,-0.000,987.126,1016.227,-14.551,-14.063,0.320
181.9359,-1.000,984.544,1020.044,-17.750,-14.458,0.320
182.0325,-1.000,998.037,1010.600,-6.282,-2.983,0.320
182.1310,-1.000,1002.120,1009.959,-3.920,-0.616,0.320
182.2291,-0.000,1017.347,995.498,10.925,11.429,0.320
182.3273,-1.000,993.821,1018.835,-12.507,-9.197,0.320
182.4351,-1.000,1002.535,1012.961,-5.213,-1.898,0.320
182.5341,-1.000,1005.242,1012.667,-3.712,-0.392,0.320
182.6321,-1.000,1006.573,1013.387,-3.407,-0.081,0.320
182.7289,-2.000,991.222,1026.642,-17.710,-11.572,0.320
182.8362,-2.000,966.117,1021.614,-8.146,-2.436,0.180
182.9333,-2.000,936.486,1020.858,-6.233,-0.513,0.180
183.0286,-3.000,897.018,1026.122,-15.012,-6.676,0.180
183.1292,-3.000,875.611,1016.681,-9.757,-1.406,0.180
183.2365,-3.000,851.966,1009.330,-8.663,-0.296,0.180
183.3342,-4.000,818.106,1008.469,-17.618,-6.631,0.180
183.4316,-3.000,809.549,983.338,-3.231,5.172,0.180
183.5318,-3.000,785.371,977.108,-7.330,1.089,0.180
183.6287,-3.000,765.352,966.504,-8.205,0.229,0.180
183.7274,-3.000,746.807,954.245,-8.402,0.048,0.180
183.8287,-3.000,729.081,941.013,-8.455,0.010,0.180
183.9265,-3.000,711.960,927.046,-8.479,0.002,0.180
184.0364,-3.000,695.334,912.472,-8.496,0.000,0.180
184.1342,-4.000,668.151,904.761,-17.686,-6.568,0.180
184.2312,-4.000,657.444,884.032,-12.521,-1.383,0.180
184.3294,-4.000,643.491,866.491,-11.450,-0.291,0.180
184.4360,-4.000,629.462,848.975,-11.241,-0.061,0.180
184.5333,-4.000,615.553,831.296,-11.214,-0.013,0.180
184.6338,-4.000,601.718,813.506,-11.224,-0.003,0.180
184.7302,-4.000,587.912,795.658,-11.243,-0.001,0.180
184.8288,-5.000,563.137,785.150,-20.437,-6.569,0.180
184.9275,-4.000,562.457,751.666,-6.104,5.186,0.180
185.0360,-5.000,534.034,745.675,-19.392,-5.477,0.180
185.1344,-5.000,524.892,723.791,-15.094,-1.153,0.180
185.2342,-5.000,512.277,705.259,-14.210,-0.243,0.180
185.3322,-5.000,498.891,687.394,-14.044,-0.051,0.180
185.4306,-5.000,485.312,669.637,-14.030,-0.011,0.180
185.5310,-6.000,460.689,659.248,-23.221,-6.571,0.180
185.6300,-6.000,466.823,653.411,-18.065,-1.383,0.180
185.7290,-7.000,457.369,659.518,-26.178,-6.860,0.180
185.8265,-7.000,462.958,654.083,-20.799,-1.444,0.180
185.9351,-7.000,464.180,652.992,-19.695,-0.304,0.180
186.0338,-8.000,453.487,660.197,-28.665,-6.632,0.180
186.1315,-8.000,458.708,655.011,-23.470,-1.396,0.180
186.2293,-9.000,448.813,661.335,-31.583,-6.862,0.180
186.3260,-9.000,454.168,655.946,-26.212,-1.445,0.180
186.4274,-10.000,444.274,662.210,-34.292,-6.873,0.180
186.5259,-11.000,438.632,664.167,-38.092,-8.015,0.180
186.6363,-11.000,444.836,657.830,-31.821,-1.687,0.180
186.7333,-12.000,435.081,663.873,-39.720,-6.924,0.180
186.8307,-13.000,429.434,665.765,-43.490,-8.026,0.180
186.9282,-14.000,424.633,666.774,-46.395,-8.258,0.180
187.0254,-15.000,419.994,667.589,-49.122,-8.307,0.180
187.1334,-15.000,426.349,660.984,-42.642,-1.749,0.180
187.2315,-16.000,416.572,666.948,-50.513,-6.937,0.180
187.3295,-17.000,410.871,668.809,-54.293,-8.029,0.180
187.4294,-18.000,406.015,669.800,-57.217,-8.259,0.180
187.5291,-20.000,390.456,677.874,-69.034,-14.876,0.180
187.6269,-20.000,402.019,665.949,-57.290,-3.132,0.180
187.7255,-22.000,382.401,678.060,-73.154,-13.796,0.180
187.8349,-23.000,382.133,674.346,-71.431,-9.473,0.180
187.9336,-24.000,378.451,674.044,-73.121,-8.563,0.180
188.0321,-24.000,385.018,667.090,-66.361,-1.803,0.180
188.1277,-25.000,375.308,672.871,-74.106,-6.948,0.180
188.2361,-26.000,369.655,674.585,-77.789,-8.031,0.180
188.3345,-26.000,375.821,668.070,-71.449,-1.691,0.180
188.4325,-27.000,366.040,673.955,-79.282,-6.924,0.180
188.5320,-27.000,371.350,668.333,-73.816,-1.458,0.180
188.6313,-27.000,372.369,667.050,-72.665,-0.307,0.180
188.7288,-27.000,372.498,666.695,-72.423,-0.065,0.180
188.8346,-27.000,372.454,666.548,-72.372,-0.014,0.180
188.9319,-27.000,372.383,666.456,-72.361,-0.003,0.180
189.0301,-27.000,372.316,666.384,-72.359,-0.001,0.180
189.1305,-27.000,372.258,666.325,-72.358,-0.000,0.180
189.2295,-27.000,372.208,666.275,-72.358,-0.000,0.180
189.3285,-27.000,372.165,666.233,-72.358,-0.000,0.180
189.4269,-27.000,372.129,666.196,-72.358,-0.000,0.180
189.5350,-27.000,372.099,666.166,-72.358,-0.000,0.180
189.6338,-27.000,372.073,666.140,-72.358,-0.000,0.180
189.7300,-27.000,372.050,666.117,-72.358,-0.000,0.180
189.8269,-27.000,372.032,666.099,-72.358,-0.000,0.180
189.9349,-27.000,372.016,666.083,-72.358,-0.000,0.180
190.0329,-27.000,372.002,666.069,-72.358,-0.000,0.180
190.1312,-27.000,371.990,666.057,-72.358,-0.000,0.180
190.2303,-27.000,371.980,666.048,-72.358,-0.000,0.180
190.3270,-27.000,371.972,666.039,-72.358,-0.000,0.180
190.4244,-27.000,371.965,666.032,-72.358,-0.000,0.180
190.5332,-27.000,371.959,666.026,-72.358,-0.000,0.180
190.6302,-26.000,379.922,655.653,-63.190,6.568,0.180
190.7318,-26.000,375.212,661.314,-68.375,1.383,0.180
190.8305,-26.000,374.525,662.810,-69.467,0.291,0.180
190.9284,-26.000,374.639,663.383,-69.697,0.061,0.180
191.0277,-26.000,374.882,663.724,-69.745,0.013,0.180
191.1274,-25.000,383.089,653.614,-60.587,6.571,0.180
191.2244,-25.000,378.592,659.493,-65.775,1.383,0.180
191.3311,-24.000,386.056,650.804,-57.698,6.860,0.180
191.4285,-24.000,381.620,657.198,-63.114,1.444,0.180
191.5259,-23.000,389.280,648.803,-55.086,6.872,0.180
191.6244,-22.000,393.011,645.047,-51.343,8.015,0.180
191.7326,-21.000,396.141,642.496,-48.502,8.256,0.180
191.8296,-21.000,391.369,650.760,-55.020,1.738,0.180
191.9263,-20.000,399.449,643.248,-47.224,6.934,0.180
192.0249,-19.000,403.586,640.194,-43.629,8.028,0.180
192.1246,-19.000,399.109,648.591,-50.065,1.690,0.180
192.2334,-18.000,407.316,641.317,-42.325,6.924,0.180
192.3310,-17.000,411.626,638.400,-38.711,8.026,0.180
192.4297,-16.000,415.266,636.543,-35.963,8.258,0.180
192.5267,-16.000,410.922,645.404,-42.565,1.739,0.180
192.6253,-15.000,419.359,638.405,-34.848,6.934,0.180
192.7248,-14.000,423.891,635.695,-31.226,8.028,0.180
192.8244,-13.000,427.729,634.007,-28.464,8.259,0.180
192.9324,-12.000,431.528,632.635,-25.878,8.307,0.180
193.0290,-12.000,427.439,641.787,-32.498,1.749,0.180
193.1373,-11.000,436.122,635.008,-24.768,6.937,0.180
193.2334,-10.000,440.871,632.477,-21.128,8.029,0.180
193.3315,-9.000,444.896,630.937,-18.345,8.259,0.180
193.4284,-9.000,440.886,640.060,-24.911,1.739,0.180
193.5262,-8.000,449.613,633.278,-17.157,6.934,0.180
193.6233,-7.000,454.397,630.748,-13.500,8.028,0.180
193.7311,-7.000,450.481,639.580,-19.874,1.690,0.180
193.8287,-7.000,451.199,643.040,-21.245,0.356,0.180
193.9254,-7.000,452.658,645.133,-21.562,0.075,0.180
194.0335,-7.000,454.071,646.738,-21.658,0.016,0.180
194.1296,-8.000,444.332,655.444,-30.880,-6.565,0.180
194.2267,-9.000,439.560,658.737,-34.913,-7.951,0.180
194.3261,-10.000,435.688,660.752,-37.856,-8.242,0.180
194.4245,-11.000,431.880,662.381,-40.575,-8.304,0.180
194.5319,-11.000,438.953,656.457,-34.077,-1.748,0.180
194.6297,-11.000,440.764,655.622,-32.754,-0.368,0.180
194.7289,-12.000,430.438,663.177,-41.694,-6.646,0.180
194.8298,-11.000,443.919,647.942,-27.336,5.169,0.180
194.9283,-11.000,440.535,652.834,-31.474,1.088,0.180
195.0244,-9.000,456.207,633.644,-14.043,13.366,0.180
195.1337,-8.000,455.086,635.374,-15.468,9.382,0.180
195.2325,-5.000,473.318,613.461,4.604,21.680,0.180
195.3294,-2.000,483.032,602.418,14.982,24.270,0.180
195.4262,-0.000,483.743,604.776,14.159,18.246,0.180
195.5233,1.000,481.017,612.512,8.928,10.410,0.180
195.6306,4.000,498.554,591.434,28.236,21.897,0.180
195.7277,6.000,499.030,589.747,29.317,17.747,0.180
195.8266,8.000,502.283,584.265,33.685,16.873,0.180
195.9236,9.000,498.430,588.623,29.579,10.121,0.180
196.0325,10.000,499.575,587.307,30.809,8.699,0.180
196.1320,11.000,501.561,584.577,33.167,8.400,0.180
196.2306,11.000,496.170,592.335,26.593,1.768,0.180
196.3289,11.000,495.837,594.679,25.254,0.372,0.180
196.4264,10.000,486.082,603.745,15.844,-6.490,0.180
196.5250,9.000,482.090,607.749,11.846,-7.935,0.180
196.6330,7.000,469.160,618.891,-0.190,-14.807,0.180
196.7291,7.000,483.126,609.405,11.536,-3.117,0.180
196.8280,5.000,466.780,624.759,-4.314,-13.793,0.180
196.9255,5.000,480.274,616.422,6.602,-2.904,0.180
197.0240,5.000,484.784,616.295,8.920,-0.611,0.180
197.1333,6.000,494.529,606.675,18.603,6.440,0.180
197.2312,6.000,491.030,613.281,13.550,1.356,0.180
197.3274,7.000,498.685,604.667,21.684,6.854,0.180
197.4240,9.000,509.150,589.187,34.657,14.580,0.180
197.5310,10.000,505.928,590.545,32.367,9.638,0.180
197.6288,11.000,506.453,587.837,33.984,8.597,0.180
197.7275,12.000,507.669,584.165,36.427,8.378,0.180
197.8238,12.000,501.573,591.174,29.875,1.764,0.180
197.9321,13.000,508.004,581.918,37.719,6.940,0.180
198.0295,13.000,502.892,587.629,32.307,1.461,0.180
198.1277,13.000,502.061,588.969,31.222,0.308,0.180
198.2275,13.000,502.102,589.361,31.046,0.065,0.180
198.3264,13.000,502.303,589.528,31.063,0.014,0.180
198.4236,12.000,492.143,597.602,21.946,-6.566,0.180
198.5318,12.000,498.001,592.969,27.192,-1.382,0.180
198.6226,11.000,489.302,600.310,19.172,-6.859,0.180
198.7314,11.000,495.698,595.760,24.644,-1.444,0.180
198.8286,11.000,497.679,595.347,25.842,-0.304,0.180
198.9261,11.000,498.643,595.717,26.139,-0.064,0.180
199.0277,11.000,499.318,596.176,26.247,-0.013,0.180
199.1267,11.000,499.867,596.590,26.314,-0.003,0.180
199.2242,11.000,500.336,596.940,26.374,-0.001,0.180
199.3218,11.000,500.742,597.230,26.431,-0.000,0.180
199.4305,11.000,501.095,597.469,26.489,-0.000,0.180
199.5281,11.000,501.404,597.663,26.546,-0.000,0.180
199.6267,11.000,501.675,597.819,26.603,-0.000,0.180
199.7248,12.000,509.287,586.970,35.834,6.568,0.180
199.8216,11.000,493.915,600.192,21.537,-5.186,0.180
199.9314,11.000,498.652,596.626,25.688,-1.092,0.180
200.0278,10.000,489.695,604.179,17.434,-6.798,0.180
200.1258,9.000,485.644,607.636,13.679,-8.000,0.180
200.2256,8.000,482.880,610.496,10.868,-8.253,0.180
200.3235,7.000,480.604,613.453,8.251,-8.306,0.180
200.4234,6.000,478.613,616.622,5.671,-8.317,0.180
200.5232,5.000,476.838,620.000,3.095,-8.319,0.180
200.6226,3.000,464.866,631.534,-8.659,-14.888,0.180
200.7212,2.000,469.075,630.552,-6.063,-9.703,0.180
200.8296,1.000,469.244,633.727,-7.566,-8.611,0.180
200.9271,-0.000,468.595,637.818,-9.936,-8.381,0.180
201.0275,-1.000,467.201,641.538,-12.493,-8.333,0.180
201.1248,-2.000,465.289,644.826,-15.093,-8.323,0.180
201.2232,-4.000,451.987,655.098,-26.880,-14.889,0.180
201.3218,-5.000,454.459,652.451,-24.320,-9.703,0.180
201.4211,-5.000,463.519,646.242,-16.686,-2.043,0.180
201.5280,-7.000,444.370,660.614,-33.446,-13.567,0.180
201.6267,-8.000,445.041,658.283,-31.946,-9.425,0.180
201.7239,-9.000,442.260,659.053,-33.721,-8.553,0.180
201.8300,-10.000,438.637,660.366,-36.189,-8.369,0.180
201.9270,-12.000,423.764,669.077,-47.981,-14.899,0.180
202.0254,-12.000,435.844,657.758,-36.281,-3.137,0.180
202.1217,-14.000,416.634,670.415,-52.215,-13.797,0.180
202.2305,-15.000,416.695,667.184,-50.569,-9.473,0.180
202.3306,-16.000,413.275,667.310,-52.342,-8.563,0.180
202.4280,-17.000,409.078,668.106,-54.838,-8.371,0.180
202.5253,-17.000,415.654,661.641,-48.318,-1.762,0.180
202.6236,-17.000,417.003,660.384,-47.015,-0.371,0.180
202.7207,-17.000,417.247,660.220,-46.811,-0.078,0.180
202.8290,-16.000,425.228,649.906,-37.664,6.552,0.180
202.9266,-16.000,420.481,655.671,-42.919,1.379,0.180
203.0245,-16.000,419.741,657.275,-44.092,0.290,0.180
203.1219,-16.000,419.796,657.955,-44.404,0.061,0.180
203.2295,-16.000,419.977,658.399,-44.536,0.013,0.180
203.3265,-15.000,428.123,648.384,-35.455,6.571,0.180
203.4264,-15.000,423.563,654.356,-40.721,1.383,0.180
203.5245,-16.000,412.019,663.500,-51.065,-6.277,0.180
203.6209,-15.000,425.345,648.733,-37.019,5.247,0.180
203.7303,-16.000,411.039,661.215,-50.413,-5.464,0.180
203.8281,-17.000,405.020,665.083,-55.356,-7.719,0.180
203.9251,-18.000,400.638,667.037,-58.524,-8.193,0.180
204.0303,-18.000,407.481,661.131,-52.149,-1.725,0.180
204.1277,-20.000,387.304,674.904,-69.124,-13.500,0.180
204.2254,-20.000,398.240,664.524,-58.467,-2.842,0.180
204.3254,-20.000,400.720,662.517,-56.223,-0.598,0.180
204.4232,-20.000,401.393,662.245,-55.750,-0.126,0.180
204.5199,-18.000,417.507,641.673,-37.408,13.110,0.180
204.6281,-18.000,408.168,653.222,-47.852,2.760,0.180
204.7251,-16.000,422.782,635.687,-31.777,13.718,0.180
204.8235,-13.000,437.549,617.238,-15.169,22.593,0.180
204.9232,-11.000,438.526,617.330,-14.726,17.893,0.180
205.0196,-11.000,427.797,634.968,-28.910,3.767,0.180
205.1275,-8.000,451.623,609.815,-4.420,20.498,0.180
205.2257,-7.000,447.308,619.601,-11.471,10.884,0.180
205.3228,-6.000,450.479,621.682,-10.926,8.860,0.180
205.4223,-5.000,455.158,622.066,-8.778,8.434,0.180
205.5202,-4.000,460.100,622.028,-6.289,8.344,0.180
205.6294,-3.000,465.049,621.847,-3.723,8.325,0.180
205.7277,-3.000,461.988,631.962,-10.311,1.753,0.180
205.8275,-2.000,471.560,625.985,-2.537,6.937,0.180
205.9254,-2.000,469.100,634.500,-8.024,1.461,0.180
206.0252,-1.000,478.484,627.863,-0.014,6.876,0.180
206.1217,-0.000,483.692,625.591,3.726,8.016,0.180
206.2221,-0.000,480.111,634.667,-2.602,1.688,0.180
206.3193,1.000,488.488,627.361,5.239,6.924,0.180
206.4275,2.000,492.356,623.803,8.952,8.026,0.180
206.5270,4.000,502.409,609.814,20.973,14.827,0.180
206.6260,5.000,499.425,611.852,18.462,9.690,0.180
206.7246,6.000,500.273,609.600,20.012,8.608,0.180
206.8231,6.000,494.411,617.268,13.247,1.812,0.180
206.9234,6.000,493.779,619.435,11.848,0.382,0.180
207.0206,6.000,494.162,620.358,11.578,0.080,0.180
207.1281,6.000,494.685,620.945,11.545,0.017,0.180
207.2252,6.000,495.174,621.399,11.563,0.004,0.180
207.3247,6.000,495.603,621.771,11.592,0.001,0.180
207.4217,5.000,485.601,630.055,2.449,-6.568,0.180
207.5295,5.000,491.582,625.613,7.660,-1.383,0.180
207.6276,4.000,482.980,633.123,-0.396,-6.860,0.180
207.7248,3.000,479.079,636.696,-4.133,-8.013,0.180
207.8242,2.000,476.407,639.689,-6.966,-8.255,0.180
207.9229,2.000,484.571,634.798,-0.438,-1.738,0.180
208.0195,2.000,487.345,634.807,0.945,-0.366,0.180
208.1279,2.000,488.826,635.690,1.244,-0.077,0.180
208.2256,3.000,497.276,625.650,10.489,6.552,0.180
208.3236,3.000,492.943,631.632,5.331,1.379,0.180
208.4230,4.000,499.944,622.432,13.432,6.859,0.180
208.5224,4.000,495.116,628.392,8.038,1.444,0.180
208.6187,5.000,501.851,619.018,16.092,6.872,0.180
208.7277,5.000,496.830,624.796,10.692,1.447,0.180
208.8249,5.000,496.035,626.234,9.576,0.305,0.180
208.9240,5.000,496.094,626.722,9.362,0.064,0.180
209.0204,5.000,496.302,626.979,9.337,0.014,0.180
209.1200,4.000,486.142,635.135,0.179,-6.566,0.180
209.2200,4.000,491.994,630.579,5.383,-1.382,0.180
209.3181,4.000,493.657,630.018,6.495,-0.291,0.180
209.4261,4.000,494.375,630.235,6.746,-0.061,0.180
209.5245,4.000,494.842,630.564,6.815,-0.013,0.180
209.6218,3.000,484.838,638.845,-2.328,-6.571,0.180
209.7197,3.000,490.809,634.409,2.875,-1.383,0.180
209.8181,2.000,482.195,641.927,-5.190,-6.860,0.180
209.9260,2.000,488.656,637.536,0.235,-1.444,0.180
210.0252,1.000,480.312,645.239,-7.788,-6.872,0.180
210.1211,1.000,486.970,641.035,-2.357,-1.447,0.180
210.2186,-0.000,478.787,648.905,-10.383,-6.873,0.180
210.3177,-0.000,485.580,644.845,-4.957,-1.447,0.180
210.4263,-0.000,487.885,644.865,-3.815,-0.305,0.180
210.5268,-1.000,478.139,652.986,-12.748,-6.633,0.180
210.6277,-1.000,484.179,648.564,-7.517,-1.396,0.180
210.7247,-2.000,474.991,655.528,-15.593,-6.862,0.180
210.8217,-2.000,480.953,650.676,-10.186,-1.445,0.180
210.9208,-3.000,471.581,657.391,-18.229,-6.873,0.180
211.0281,-3.000,477.362,652.352,-12.819,-1.447,0.180
211.1254,-3.000,478.804,651.540,-11.693,-0.305,0.180
211.2214,-3.000,479.297,651.583,-11.468,-0.064,0.180
211.3182,-4.000,468.586,659.150,-20.606,-6.582,0.180
211.4264,-5.000,462.951,661.511,-24.604,-7.954,0.180
211.5257,-6.000,458.340,662.740,-27.525,-8.243,0.180
211.6274,-7.000,453.906,663.700,-30.222,-8.304,0.180
211.7249,-8.000,449.475,664.578,-32.876,-8.317,0.180
211.8224,-9.000,445.015,665.417,-35.526,-8.319,0.180
211.9206,-10.000,440.524,666.231,-38.178,-8.320,0.180
212.0183,-12.000,425.030,674.399,-50.009,-14.888,0.180
212.1274,-13.000,425.634,669.968,-47.491,-9.703,0.180
212.2258,-14.000,422.127,669.623,-49.072,-8.611,0.180
212.3234,-15.000,417.741,670.133,-51.520,-8.381,0.180
212.4198,-16.000,413.160,670.821,-54.155,-8.333,0.180
212.5177,-17.000,408.526,671.545,-56.834,-8.323,0.180
212.6173,-18.000,403.873,672.275,-59.525,-8.321,0.180
212.7235,-19.000,399.208,673.006,-62.223,-8.320,0.180
212.8206,-21.000,383.667,681.002,-73.992,-14.888,0.180
212.9191,-22.000,384.246,676.410,-71.406,-9.703,0.180
213.0267,-23.000,380.733,675.912,-72.914,-8.611,0.180
213.1255,-25.000,365.389,683.646,-84.453,-14.950,0.180
213.2221,-24.000,384.926,661.242,-63.482,3.421,0.180
213.3212,-25.000,371.538,671.592,-75.351,-5.848,0.180
213.4201,-24.000,384.333,656.816,-61.566,5.337,0.180
213.5206,-24.000,380.777,661.687,-65.780,1.124,0.180
213.6204,-22.000,396.385,642.396,-48.330,13.373,0.180
213.7198,-22.000,387.263,654.389,-58.888,2.815,0.180
213.8197,-22.000,386.260,657.832,-61.110,0.593,0.180
213.9189,-22.000,386.829,659.337,-61.578,0.125,0.180
214.0172,-23.000,376.643,667.685,-70.845,-6.542,0.180
214.1256,-24.000,371.559,670.608,-74.849,-7.946,0.180
214.2246,-24.000,378.413,664.916,-68.576,-1.673,0.180
214.3225,-25.000,369.259,671.458,-76.424,-6.921,0.180
214.4220,-26.000,364.144,673.753,-80.129,-8.025,0.180
214.5204,-26.000,370.782,667.718,-73.793,-1.690,0.180
214.6178,-26.000,372.372,666.641,-72.459,-0.356,0.180
214.7259,-27.000,361.902,673.946,-81.347,-6.643,0.180
214.8247,-26.000,375.270,658.488,-66.933,5.170,0.180
214.9236,-26.000,371.801,663.181,-71.015,1.088,0.180
215.0232,-26.000,371.461,664.561,-71.874,0.229,0.180
215.1203,-26.000,371.723,665.184,-72.055,0.048,0.180
215.2186,-26.000,372.060,665.598,-72.093,0.010,0.180
215.3167,-25.000,380.340,655.557,-62.933,6.571,0.180
215.4255,-22.000,399.810,630.390,-40.615,21.089,0.180
215.5237,-19.000,409.046,618.111,-29.857,24.145,0.180
215.6216,-12.000,448.908,567.863,15.198,51.062,0.180
215.7185,-2.000,494.355,510.588,66.559,76.434,0.180
215.8175,1.000,467.296,549.193,33.727,35.797,0.180
215.9156,5.000,477.942,542.961,42.166,33.810,0.180
216.0261,8.000,481.273,544.582,43.021,26.823,0.180
216.1247,10.000,481.490,550.374,40.234,18.784,0.180
216.2217,11.000,479.641,559.732,34.630,10.523,0.180
216.3183,13.000,490.828,550.725,44.727,15.352,0.180
216.4277,13.000,482.703,566.705,32.674,3.232,0.180
216.5159,13.000,483.557,572.527,30.190,0.680,0.180
216.6262,13.000,485.925,575.834,29.721,0.143,0.180
216.7241,13.000,488.291,578.292,29.675,0.030,0.180
216.8229,13.000,490.385,580.298,29.719,0.006,0.180
216.9202,13.000,492.190,581.978,29.782,0.001,0.180
217.0173,13.000,493.738,583.392,29.848,0.000,0.180
217.1260,14.000,502.438,573.610,39.089,6.568,0.180
217.2226,14.000,498.365,579.763,33.976,1.383,0.180
217.3207,14.000,498.230,581.666,32.958,0.291,0.180
217.4179,15.000,506.198,571.601,41.974,6.630,0.180
217.5275,16.000,509.025,566.392,45.992,7.964,0.180
217.6260,-24.000,102.613,906.030,-327.033,-261.060,0.180
217.7234,-29.000,256.967,739.867,-166.775,-87.802,0.180
217.8205,11.000,665.585,276.262,269.337,244.252,0.180
217.9177,-25.000,119.322,775.786,-253.557,-185.042,0.180
218.0165,15.000,612.358,243.022,259.344,223.781,0.180
218.1259,22.000,504.558,360.202,146.853,93.091,0.180
218.2157,24.000,460.289,426.245,91.698,32.735,0.180
218.3259,24.000,446.699,464.342,65.854,6.892,0.180
218.4157,24.000,451.674,480.198,60.414,1.451,0.180
218.5165,24.000,459.382,490.197,59.268,0.305,0.180
218.6237,26.000,481.403,476.026,77.364,13.201,0.180
218.7224,26.000,477.318,492.785,66.942,2.779,0.180
218.8213,26.000,480.510,500.365,64.748,0.585,0.180
218.9208,26.000,484.626,505.405,64.286,0.123,0.180
219.0176,26.000,488.420,509.394,64.189,0.026,0.180
219.1147,25.000,481.339,520.690,55.000,-6.563,0.180
219.2212,25.000,489.812,518.801,60.181,-1.382,0.180
219.3181,23.000,472.964,536.444,42.935,-13.428,0.180
219.4146,22.000,476.534,537.150,44.367,-9.395,0.180
219.5144,21.000,476.900,541.019,42.616,-8.546,0.180
219.6220,21.000,486.947,537.571,49.364,-1.799,0.180
219.7197,20.000,480.804,546.924,41.616,-6.947,0.180
219.8190,19.000,478.883,552.173,38.031,-8.031,0.180
219.9158,18.000,477.863,556.622,35.296,-8.259,0.180
220.0144,17.000,477.061,560.939,32.736,-8.307,0.180
220.1239,17.000,486.701,557.286,39.383,-1.749,0.180
220.2214,16.000,480.342,566.335,31.679,-6.937,0.180
220.3203,16.000,488.544,563.419,37.238,-1.460,0.180
220.4192,15.000,481.653,572.403,29.301,-6.876,0.180
220.5166,14.000,479.175,577.260,25.633,-8.016,0.180
220.6253,14.000,488.088,573.370,32.034,-1.688,0.180
220.7261,13.000,481.253,582.073,24.266,-6.924,0.180
220.8233,13.000,489.081,578.833,29.800,-1.458,0.180
220.9206,12.000,481.876,587.539,21.844,-6.875,0.180
221.0194,11.000,479.131,592.160,18.161,-8.016,0.180
221.1169,11.000,487.813,588.071,24.546,-1.688,0.180
221.2148,10.000,480.781,596.608,16.762,-6.924,0.180
221.3219,9.000,478.065,601.203,13.107,-8.026,0.180
221.4235,8.000,476.373,605.092,10.316,-8.258,0.180
221.5211,8.000,485.368,600.965,16.877,-1.739,0.180
221.6198,7.000,478.478,609.593,9.118,-6.934,0.180
221.7175,5.000,465.480,622.268,-3.718,-14.597,0.180
221.8148,4.000,469.519,621.554,-1.342,-9.641,0.180
221.9248,3.000,469.691,624.809,-2.883,-8.598,0.180
222.0146,2.000,469.077,628.935,-5.253,-8.379,0.180
222.1228,1.000,468.321,633.276,-7.802,-8.332,0.180
222.2208,-1.000,456.581,645.064,-19.566,-14.891,0.180
222.3183,-1.000,471.353,636.334,-7.815,-3.135,0.180
222.4169,-3.000,454.442,651.178,-23.692,-13.797,0.180
222.5139,-4.000,456.468,649.798,-21.989,-9.473,0.180
222.6236,-6.000,443.752,658.861,-32.879,-15.131,0.180
222.7220,-7.000,446.141,655.768,-30.138,-9.754,0.180
222.8191,-8.000,444.032,656.678,-31.647,-8.622,0.180
222.9164,-9.000,440.814,658.277,-34.056,-8.384,0.180
223.0159,-10.000,437.224,659.891,-36.658,-8.333,0.180
223.1135,-11.000,433.437,661.397,-39.304,-8.323,0.180
223.2208,-12.000,429.508,662.789,-41.965,-8.321,0.180
223.3199,-13.000,425.463,664.077,-44.632,-8.320,0.180
223.4164,-13.000,432.292,657.905,-38.131,-1.752,0.180
223.5144,-14.000,422.913,664.242,-45.989,-6.937,0.180
223.6234,-13.000,436.497,648.672,-31.412,5.108,0.180
223.7192,-14.000,422.079,660.802,-44.685,-5.493,0.180
223.8155,-14.000,426.871,657.065,-40.422,-1.156,0.180
223.9219,-13.000,436.133,646.300,-30.408,6.325,0.180
224.0191,-13.000,431.934,652.222,-35.469,1.332,0.180
224.1170,-13.000,431.547,654.073,-36.588,0.280,0.180
224.2150,-12.000,439.854,644.611,-27.703,6.627,0.180
224.3149,-12.000,435.568,650.914,-32.998,1.395,0.180
224.4228,-11.000,443.235,642.562,-24.988,6.862,0.180
224.5216,-11.000,438.970,649.246,-30.463,1.445,0.180
224.6197,-9.000,454.747,630.724,-13.313,13.441,0.180
224.7190,-9.000,445.922,643.215,-23.971,2.830,0.180
224.8149,-8.000,453.173,636.681,-17.078,7.164,0.180
224.9151,-7.000,457.254,633.810,-13.602,8.077,0.180
225.0144,-7.000,452.855,642.236,-20.015,1.700,0.180
225.1223,-6.000,461.162,634.953,-12.220,6.926,0.180
225.2197,-6.000,457.598,642.388,-17.719,1.458,0.180
225.3183,-5.000,466.034,634.841,-9.728,6.875,0.180
225.4168,-5.000,462.458,642.173,-15.182,1.447,0.180
225.5156,-4.000,470.859,634.565,-7.177,6.873,0.180
225.6147,-4.000,467.249,641.849,-12.624,1.447,0.180
225.7230,-4.000,467.647,644.573,-13.787,0.305,0.180
225.8189,-4.000,468.713,646.162,-14.049,0.064,0.180
225.9169,-4.000,469.770,647.361,-14.120,0.014,0.180
226.0155,-4.000,470.697,648.352,-14.152,0.003,0.180
226.1132,-5.000,460.516,656.563,-23.348,-6.568,0.180
226.2226,-5.000,466.338,652.067,-18.189,-1.383,0.180
226.3197,-5.000,467.967,651.565,-17.123,-0.291,0.180
226.4185,-6.000,457.676,659.214,-26.093,-6.630,0.180
226.5164,-6.000,463.256,654.388,-20.891,-1.396,0.180
226.6130,-6.000,464.647,653.638,-19.820,-0.294,0.180
226.7217,-6.000,465.120,653.709,-19.619,-0.062,0.180
226.8193,-6.000,465.369,653.923,-19.601,-0.013,0.180
226.9157,-6.000,465.545,654.141,-19.622,-0.003,0.180
227.0139,-6.000,465.683,654.337,-19.651,-0.001,0.180
227.1215,-6.000,465.795,654.510,-19.682,-0.000,0.180
227.2188,-6.000,465.885,654.662,-19.713,-0.000,0.180
227.3162,-6.000,465.956,654.796,-19.744,-0.000,0.180
227.4137,-6.000,466.012,654.915,-19.776,-0.000,0.180
227.5230,-6.000,466.055,655.020,-19.807,-0.000,0.180
227.6198,-6.000,466.087,655.114,-19.838,-0.000,0.180
227.7187,-7.000,455.136,662.573,-29.043,-6.568,0.180
227.8156,-7.000,460.301,657.439,-23.894,-1.383,0.180
227.9117,-7.000,461.369,656.397,-22.838,-0.291,0.180
228.0194,-7.000,461.574,656.215,-22.645,-0.061,0.180
228.1172,-7.000,461.596,656.213,-22.633,-0.013,0.180
228.2142,-7.000,461.577,656.247,-22.659,-0.003,0.180
228.3229,-8.000,450.577,663.662,-31.867,-6.569,0.180
228.4204,-8.000,455.697,658.493,-26.723,-1.383,0.180
228.5180,-8.000,456.727,657.422,-25.672,-0.291,0.180
228.6165,-8.000,456.897,657.217,-25.484,-0.061,0.180
228.7151,-8.000,456.889,657.195,-25.477,-0.013,0.180
228.8137,-8.000,456.845,657.214,-25.509,-0.003,0.180
228.9216,-8.000,456.795,657.243,-25.548,-0.001,0.180
229.0183,-8.000,456.745,657.275,-25.589,-0.000,0.180
229.1169,-8.000,456.696,657.308,-25.631,-0.000,0.180
229.2144,-8.000,456.648,657.343,-25.672,-0.000,0.180
229.3225,-8.000,456.600,657.380,-25.714,-0.000,0.180
229.4215,-7.000,464.528,647.043,-16.582,6.568,0.180
229.5196,-7.000,459.782,652.741,-21.804,1.383,0.180
229.6164,-7.000,459.058,654.273,-22.932,0.291,0.180
229.7149,-7.000,459.136,654.883,-23.198,0.061,0.180
229.8221,-7.000,459.343,655.261,-23.283,0.013,0.180
229.9187,-7.000,459.545,655.556,-23.330,0.003,0.180
230.0167,-7.000,459.718,655.805,-23.368,0.001,0.180
230.1134,-7.000,459.860,656.022,-23.405,0.000,0.180
230.2142,-7.000,459.977,656.211,-23.442,0.000,0.180
230.3133,-7.000,460.070,656.377,-23.478,0.000,0.180
230.4109,-7.000,460.144,656.524,-23.514,0.000,0.180
230.5204,-7.000,460.201,656.654,-23.551,0.000,0.180
230.6186,-7.000,460.244,656.770,-23.587,0.000,0.180
230.7180,-7.000,460.275,656.874,-23.624,0.000,0.180
230.8152,-6.000,468.270,646.594,-14.486,6.568,0.180
230.9161,-6.000,463.582,652.340,-19.703,1.383,0.180
231.0140,-6.000,462.909,653.912,-20.826,0.291,0.180
231.1201,-6.000,463.030,654.555,-21.087,0.061,0.180
231.2190,-6.000,463.275,654.960,-21.167,0.013,0.180
231.3188,-6.000,463.510,655.277,-21.208,0.003,0.180
231.4159,-6.000,463.711,655.545,-21.241,0.001,0.180
231.5139,-5.000,471.853,645.403,-12.099,6.569,0.180
231.6136,-5.000,467.291,651.264,-17.311,1.383,0.180
231.7121,-5.000,466.725,652.934,-18.429,0.291,0.180
231.8206,-4.000,474.912,643.286,-9.511,6.630,0.180
231.9189,-4.000,470.536,649.419,-14.766,1.396,0.180
232.0180,-3.000,478.134,640.915,-6.715,6.862,0.180
232.1151,-3.000,473.816,647.464,-12.148,1.445,0.180
232.2127,-3.000,473.608,649.567,-13.304,0.304,0.180
232.3131,-2.000,482.131,640.255,-4.386,6.632,0.180
232.4211,-1.000,486.023,636.293,-0.459,7.965,0.180
232.5187,-1.000,481.200,644.056,-6.752,1.677,0.180
232.6169,-1.000,481.121,646.635,-8.081,0.353,0.180
232.7145,-0.000,489.872,637.607,0.808,6.643,0.180
232.8113,1.000,493.385,633.260,4.738,7.967,0.180
232.9200,2.000,495.619,629.717,7.627,8.246,0.180
233.0188,2.000,490.063,637.159,1.128,1.736,0.180
233.1186,3.000,496.879,628.348,8.941,6.934,0.180
233.2137,4.000,499.446,623.485,12.656,8.028,0.180
233.3195,4.000,493.653,630.326,6.339,1.690,0.180
233.4200,5.000,500.158,621.111,14.199,6.924,0.180
233.5161,6.000,502.440,615.926,17.932,8.026,0.180
233.6117,6.000,557.132,592.157,12.358,1.656,0.320
233.7196,7.000,601.745,574.765,25.438,11.897,0.320
233.8192,8.000,627.407,576.173,30.396,14.011,0.320
233.9188,8.000,634.593,599.773,19.321,2.891,0.320
234.0156,9.000,661.402,600.066,31.433,12.152,0.320
234.1148,9.000,667.673,624.607,21.839,2.508,0.320
234.2129,10.000,693.840,625.564,34.260,12.073,0.320
234.3116,10.000,699.803,650.432,24.734,2.491,0.320
234.4106,11.000,725.842,651.533,37.174,12.070,0.320
234.5198,11.000,731.759,676.461,27.657,2.491,0.320
234.6170,10.000,729.903,707.148,11.381,-11.042,0.320
234.7157,9.000,739.424,727.749,5.839,-13.834,0.320
234.8141,8.000,751.703,746.689,2.507,-14.410,0.320
234.9126,7.000,764.898,765.643,-0.372,-14.529,0.320
235.0130,6.000,778.579,784.905,-3.163,-14.554,0.320
235.1195,5.000,792.610,804.490,-5.940,-14.559,0.320
235.2171,4.000,806.925,824.363,-8.719,-14.560,0.320
235.3162,2.000,806.038,857.765,-25.863,-26.115,0.320
235.4164,1.000,830.540,869.514,-19.487,-16.944,0.320
235.5151,-1.000,831.566,901.077,-34.756,-26.608,0.320
235.6118,-2.000,855.634,911.644,-28.005,-17.046,0.320
235.7102,-3.000,871.477,929.175,-28.849,-15.073,0.320
235.8170,-4.000,885.213,947.742,-31.264,-14.666,0.320
235.9168,-4.000,914.447,953.741,-19.647,-3.026,0.320
236.0165,-6.000,901.625,993.605,-45.990,-23.736,0.320
236.1133,-7.000,921.028,1004.122,-41.547,-16.453,0.320
236.2094,-9.000,918.088,1032.589,-57.250,-26.506,0.320
236.3154,-10.000,939.030,1040.280,-50.625,-17.025,0.320
236.4142,-12.000,920.064,1051.847,-65.891,-26.624,0.320
236.5128,-14.000,908.420,1055.522,-73.551,-28.605,0.320
236.6107,-15.000,914.376,1044.952,-65.288,-17.458,0.320
236.7191,-16.000,911.406,1043.161,-65.877,-15.158,0.320
236.8154,-18.000,890.261,1055.579,-82.659,-26.239,0.320
236.9129,-20.000,877.825,1058.916,-90.545,-28.525,0.320
237.0110,-21.000,883.322,1047.846,-82.262,-17.442,0.320
237.1085,-23.000,863.745,1058.005,-97.130,-26.710,0.320
237.2165,-24.000,867.666,1048.240,-90.287,-17.067,0.320
237.3148,-24.000,880.227,1033.711,-76.742,-3.522,0.320
237.4130,-25.000,865.910,1042.515,-88.302,-12.282,0.320
237.5098,-26.000,858.539,1044.359,-92.910,-14.090,0.320
237.6174,-27.000,852.598,1044.764,-96.083,-14.463,0.320
237.7130,-27.000,863.223,1032.432,-84.604,-2.984,0.320
237.8108,-28.000,848.591,1041.774,-96.591,-12.171,0.320
237.9107,-29.000,841.227,1043.801,-101.287,-14.067,0.320
238.0089,-30.000,835.347,1044.304,-104.478,-14.458,0.320
238.1168,-31.000,829.762,1044.480,-107.359,-14.539,0.320
238.2142,-32.000,824.226,1044.577,-110.176,-14.556,0.320
238.3132,-32.000,834.967,1032.214,-98.624,-3.004,0.320
238.4133,-32.000,836.661,1029.140,-96.240,-0.620,0.320
238.5118,-32.000,836.566,1028.062,-95.748,-0.128,0.320
238.6103,-33.000,819.894,1039.898,-110.002,-11.582,0.320
238.7087,-33.000,828.531,1030.150,-100.810,-2.390,0.320
238.8176,-33.000,829.955,1027.781,-98.913,-0.493,0.320
238.9156,-34.000,813.670,1039.424,-112.877,-11.657,0.320
239.0123,-34.000,822.448,1029.699,-103.625,-2.405,0.320
239.1088,-34.000,823.955,1027.388,-101.716,-0.496,0.320
239.2185,-35.000,807.732,1039.088,-115.678,-11.658,0.320
239.3166,-35.000,816.562,1029.413,-106.426,-2.406,0.320
239.4144,-36.000,801.836,1039.580,-118.872,-12.052,0.320
239.5141,-37.000,794.688,1042.013,-123.662,-14.042,0.320
239.6135,-37.000,805.329,1030.365,-112.518,-2.898,0.320
239.7121,-38.000,790.925,1040.072,-124.573,-12.153,0.320
239.8083,-39.000,783.799,1042.366,-129.283,-14.063,0.320
239.9162,-39.000,794.407,1030.651,-118.122,-2.902,0.320
240.0147,-39.000,796.240,1027.878,-115.819,-0.599,0.320
240.1146,-39.000,796.315,1027.002,-115.344,-0.124,0.320
240.2111,-38.000,809.349,1011.129,-100.890,11.530,0.320
240.3092,-36.000,827.042,989.702,-81.330,25.490,0.320
240.4182,-32.000,861.327,949.603,-44.138,51.482,0.320
240.5176,-28.000,877.100,932.249,-27.574,56.846,0.320
240.6145,-22.000,916.965,890.079,13.443,81.063,0.320
240.7107,-18.000,913.651,900.794,6.429,62.950,0.320
240.8094,-15.000,912.579,913.677,-0.549,47.656,0.320
240.9089,-12.000,924.036,914.779,4.628,44.500,0.320
241.0181,-10.000,925.051,929.120,-2.034,32.294,0.320
241.1147,-9.000,922.172,948.890,-13.359,18.219,0.320
241.2148,-7.000,942.904,941.198,0.853,26.871,0.320
241.3123,-6.000,943.361,955.663,-6.151,17.100,0.320
241.4100,-6.000,937.598,977.110,-19.756,3.529,0.320
241.5089,-6.000,941.429,986.610,-22.590,0.728,0.320
241.6154,-5.000,959.765,977.446,-8.841,11.706,0.320
241.7138,-5.000,955.845,992.163,-18.159,2.415,0.320
241.8119,-5.000,958.488,998.696,-20.104,0.498,0.320
241.9098,-4.000,975.246,987.578,-6.166,11.658,0.320
242.0178,-4.000,969.868,1000.751,-15.441,2.406,0.320
242.1157,-3.000,984.530,990.554,-3.012,12.052,0.320
242.2131,-2.000,991.627,988.092,1.767,14.042,0.320
242.3099,-2.000,983.941,1002.718,-9.389,2.898,0.320
242.4072,-0.000,1011.141,977.096,17.023,23.709,0.320
242.5143,-0.000,995.996,999.584,-1.794,4.892,0.320
242.6127,1.000,1007.674,990.306,8.684,12.565,0.320
242.7107,2.000,1012.669,986.512,13.079,14.148,0.320
242.8076,3.000,1015.903,983.459,16.222,14.475,0.320
242.9166,3.000,1006.009,996.507,4.751,2.987,0.320
243.0140,4.000,1017.436,983.920,16.758,12.172,0.320
243.1123,5.000,1021.247,978.283,21.482,14.067,0.320
243.2104,5.000,1010.834,990.144,10.345,2.903,0.320
243.3109,6.000,1021.615,976.754,22.431,12.155,0.320
243.4087,7.000,1024.835,970.477,27.179,14.064,0.320
243.5181,7.000,1013.913,981.800,16.056,2.902,0.320
243.6170,8.000,1024.260,967.953,28.154,12.154,0.320
243.7144,9.000,1027.113,961.286,32.913,14.064,0.320
243.8114,9.000,1015.881,972.277,21.802,2.902,0.320
243.9090,9.000,1013.525,974.426,19.549,0.599,0.320
244.0161,10.000,1025.454,958.483,33.486,11.679,0.320
244.1134,10.000,1016.034,967.489,24.272,2.410,0.320
244.2110,11.000,1026.443,952.890,36.777,12.053,0.320
244.3091,11.000,1016.658,962.113,27.273,2.487,0.320
244.4072,11.000,1014.507,963.786,25.360,0.513,0.320
244.5158,11.000,1013.958,963.929,25.015,0.106,0.320
244.6141,11.000,1013.763,963.778,24.992,0.022,0.320
244.7115,12.000,1026.102,947.306,39.398,11.560,0.320
244.8113,12.000,1016.737,956.157,30.290,2.385,0.320
244.9095,13.000,1027.134,941.484,42.825,12.048,0.320
245.0056,13.000,1017.328,950.655,33.336,2.486,0.320
245.1154,13.000,1015.158,952.285,31.436,0.513,0.320
245.2119,13.000,1014.594,952.390,31.102,0.106,0.320
245.3086,13.000,1014.388,952.207,31.091,0.022,0.320
245.4066,13.000,1014.278,951.986,31.146,0.005,0.320
245.5127,12.000,998.765,965.057,16.854,-11.555,0.320
245.6096,12.000,1008.465,956.281,26.092,-2.384,0.320
245.7082,11.000,995.376,967.996,13.690,-12.048,0.320
245.8159,11.000,1005.915,959.289,23.313,-2.486,0.320
245.9158,10.000,993.287,971.314,10.987,-12.069,0.320
246.0150,9.000,988.724,976.205,6.260,-14.046,0.320
246.1125,8.000,986.120,979.927,3.096,-14.454,0.320
246.2082,8.000,999.612,970.386,14.613,-2.983,0.320
246.3059,7.000,988.261,982.935,2.663,-12.171,0.320
246.4154,6.000,984.528,988.526,-1.999,-14.067,0.320
246.5146,5.000,982.575,992.899,-5.162,-14.458,0.320
246.6116,5.000,996.606,983.925,6.341,-2.983,0.320
246.7093,4.000,985.710,996.959,-5.625,-12.171,0.320
246.8091,3.000,982.359,1002.967,-10.304,-14.067,0.320
246.9081,2.000,980.729,1007.696,-13.484,-14.458,0.320
247.0163,2.000,995.032,999.027,-1.998,-2.983,0.320
247.1139,2.000,999.805,999.043,0.381,-0.616,0.320
247.2135,1.000,986.899,1013.859,-13.480,-11.683,0.320
247.3135,1.000,998.489,1006.894,-4.203,-2.411,0.320
247.4122,1.000,1002.373,1006.940,-2.284,-0.497,0.320
247.5113,1.000,1004.443,1008.210,-1.883,-0.103,0.320
247.6109,1.000,1005.950,1009.543,-1.796,-0.021,0.320
247.7112,1.000,1007.180,1010.728,-1.774,-0.004,0.320
247.8087,1.000,1008.214,1011.744,-1.765,-0.001,0.320
247.9053,1.000,1009.093,1012.610,-1.759,-0.000,0.320
248.0137,1.000,1009.840,1013.345,-1.753,-0.000,0.320
248.1093,1.000,1010.475,1013.970,-1.747,-0.000,0.320
248.2065,2.000,1023.458,998.218,12.620,11.556,0.320
248.3140,2.000,1014.621,1007.702,3.460,2.384,0.320
248.4130,2.000,1013.014,1009.857,1.578,0.492,0.320
248.5095,2.000,1012.869,1010.470,1.199,0.102,0.320
248.6065,2.000,1012.998,1010.738,1.130,0.021,0.320
248.7050,2.000,1013.161,1010.912,1.124,0.004,0.320
248.8138,1.000,997.871,1024.329,-13.229,-11.555,0.320
248.9157,1.000,1007.751,1015.857,-4.053,-2.384,0.320
249.0138,-0.000,994.806,1027.838,-16.516,-12.048,0.320
249.1116,-0.000,1005.458,1019.367,-6.955,-2.486,0.320
249.2079,-1.000,992.077,1030.763,-19.343,-12.069,0.320
249.3080,-1.000,1002.305,1021.846,-9.770,-2.490,0.320
249.4086,-1.000,1004.834,1020.433,-7.799,-0.514,0.320
249.5088,-1.000,1005.710,1020.504,-7.397,-0.106,0.320
249.6067,-2.000,989.910,1033.270,-21.680,-11.577,0.320
249.7052,-2.000,999.298,1024.303,-12.503,-2.389,0.320
249.8130,-2.000,1001.361,1022.597,-10.618,-0.493,0.320
249.9117,-3.000,985.612,1034.810,-24.599,-11.657,0.320
250.0088,-3.000,994.844,1025.572,-15.364,-2.405,0.320
250.1084,-4.000,980.453,1036.119,-27.833,-12.052,0.320
250.2058,-4.000,989.862,1026.442,-18.290,-2.487,0.320
250.3056,-5.000,975.418,1036.818,-30.700,-12.069,0.320
250.4133,-5.000,984.740,1027.039,-21.150,-2.490,0.320
250.5120,-5.000,986.494,1024.896,-19.201,-0.514,0.320
250.6108,-5.000,986.708,1024.351,-18.821,-0.106,0.320
250.7071,-5.000,986.624,1024.154,-18.765,-0.022,0.320
250.8135,-5.000,986.494,1024.045,-18.776,-0.005,0.320
250.9123,-5.000,986.368,1023.968,-18.800,-0.001,0.320
251.0119,-5.000,986.254,1023.909,-18.827,-0.000,0.320
251.1085,-5.000,986.153,1023.863,-18.855,-0.000,0.320
251.2059,-4.000,999.344,1008.388,-4.522,11.556,0.320
251.3049,-4.000,990.679,1018.110,-13.716,2.384,0.320
251.4145,-4.000,989.214,1020.475,-15.630,0.492,0.320
251.5108,-3.000,1002.465,1005.829,-1.682,11.657,0.320
251.6107,-3.000,994.103,1016.004,-10.951,2.405,0.320
251.7099,-3.000,992.948,1018.701,-12.876,0.496,0.320
251.8078,-2.000,1006.474,1004.326,1.074,11.658,0.320
251.9073,-2.000,998.349,1014.728,-8.190,2.406,0.320
252.0042,-1.000,1010.678,1002.175,4.251,12.052,0.320
252.1152,-1.000,1002.512,1013.151,-5.319,2.487,0.320
252.2139,-1.000,1001.727,1016.324,-7.299,0.513,0.320
252.3131,-1.000,996.559,998.778,-1.110,0.147,0.180
252.4127,-0.000,985.186,984.143,0.521,1.328,0.180
252.5112,-0.000,972.775,973.629,-0.427,0.379,0.180
252.6077,-1.000,957.554,962.423,-2.435,-1.177,0.180
252.7055,-1.000,946.753,949.942,-1.595,-0.336,0.180
252.8038,-1.000,935.187,937.897,-1.355,-0.096,0.180
252.9101,-1.000,923.311,925.886,-1.287,-0.027,0.180
253.0067,-2.000,907.971,913.981,-3.005,-1.294,0.180
253.1171,-2.000,896.904,901.070,-2.083,-0.370,0.180
253.2037,-2.000,885.066,888.708,-1.821,-0.106,0.180
253.3118,-4.000,866.351,876.792,-5.221,-2.602,0.180
253.4087,-4.000,856.278,863.010,-3.366,-0.743,0.180
253.5044,-5.000,841.460,850.611,-4.575,-1.498,0.180
253.6119,-6.000,827.252,837.745,-5.246,-1.714,0.180
253.7084,-7.000,813.258,824.786,-5.764,-1.775,0.180
253.8049,-8.000,799.358,811.836,-6.239,-1.793,0.180
253.9054,-8.000,788.811,798.742,-4.965,-0.512,0.180
254.0039,-11.000,767.322,786.955,-9.817,-4.004,0.180
254.1136,-12.000,755.323,772.730,-8.703,-2.430,0.180
254.2098,-11.000,745.790,756.274,-5.242,0.592,0.180
254.3073,-12.000,730.605,745.428,-7.411,-1.117,0.180
254.4073,-11.000,720.216,729.991,-4.888,0.967,0.180
254.5047,-11.000,708.129,719.306,-5.588,0.276,0.180
254.6142,-11.000,696.334,707.925,-5.795,0.079,0.180
254.7119,-8.000,685.398,686.702,-0.652,3.880,0.180
254.8103,-5.000,672.432,668.873,1.780,4.966,0.180
254.9080,-3.000,658.976,655.573,1.701,3.990,0.180
255.0057,-2.000,646.139,644.968,0.585,2.426,0.180
255.1136,-1.000,634.328,633.154,0.587,1.979,0.180
255.2090,2.000,623.113,614.347,4.383,4.423,0.180
255.3068,4.000,610.140,600.742,4.699,3.835,0.180
255.4051,6.000,597.552,586.679,5.437,3.667,0.180
255.5040,8.000,585.055,572.464,6.296,3.619,0.180
255.6112,9.000,572.391,561.482,5.454,2.320,0.180
255.7108,10.000,560.460,549.375,5.542,1.949,0.180
255.8077,11.000,561.359,549.567,5.896,1.842,0.180
255.9042,13.000,562.308,546.308,8.000,3.098,0.180
256.0113,14.000,562.364,547.167,7.599,2.171,0.180
256.1084,15.000,562.892,547.297,7.797,1.906,0.180
256.2073,16.000,563.314,547.314,8.000,1.830,0.180
256.3074,17.000,563.440,547.440,8.000,1.809,0.180
256.4057,17.000,564.401,549.695,7.353,0.517,0.180
256.5035,18.000,564.855,548.855,8.000,1.433,0.180
256.6139,19.000,564.630,548.630,8.000,1.695,0.180
256.7122,20.000,564.379,548.379,8.000,1.770,0.180
256.8087,21.000,564.106,548.106,8.000,1.791,0.180
256.9043,21.000,565.374,549.374,8.000,0.512,0.180
257.0022,22.000,564.892,548.892,8.000,1.432,0.180
257.1122,22.000,565.982,549.982,8.000,0.409,0.180
257.2107,23.000,565.348,549.348,8.000,1.403,0.180
257.3086,23.000,566.310,550.310,8.000,0.401,0.180
257.4058,23.000,567.127,551.127,8.000,0.114,0.180
257.5034,24.000,566.262,550.262,8.000,1.318,0.180
257.6136,24.000,567.026,551.026,8.000,0.377,0.180
257.7028,24.000,567.676,551.676,8.000,0.108,0.180
257.8131,25.000,566.668,550.668,8.000,1.316,0.180
257.9124,25.000,567.312,551.312,8.000,0.376,0.180
258.0106,25.000,567.859,551.859,8.000,0.107,0.180
258.1079,25.000,568.324,552.324,8.000,0.031,0.180
258.2057,25.000,568.719,552.719,8.000,0.009,0.180
258.3052,26.000,567.495,551.495,8.000,1.288,0.180
258.4035,26.000,567.954,551.954,8.000,0.368,0.180
258.5022,26.000,568.345,552.345,8.000,0.105,0.180
258.6092,26.000,568.677,552.677,8.000,0.030,0.180
258.7073,27.000,567.399,551.399,8.000,1.294,0.180
258.8063,27.000,567.813,551.813,8.000,0.370,0.180
258.9043,27.000,568.165,552.165,8.000,0.106,0.180
259.0127,27.000,568.464,552.464,8.000,0.030,0.180
259.1097,27.000,568.718,552.718,8.000,0.009,0.180
259.2097,27.000,568.934,552.934,8.000,0.002,0.180
259.3078,28.000,567.558,551.558,8.000,1.286,0.180
259.4053,28.000,567.888,551.888,8.000,0.368,0.180
259.5042,28.000,568.168,552.168,8.000,0.105,0.180
259.6038,29.000,566.847,550.847,8.000,1.316,0.180
259.7023,29.000,567.224,551.224,8.000,0.376,0.180
259.8109,29.000,567.544,551.544,8.000,0.107,0.180
259.9079,29.000,567.816,551.816,8.000,0.031,0.180
260.0049,29.000,568.047,552.047,8.000,0.009,0.180
260.1040,29.000,568.244,552.244,8.000,0.003,0.180
260.2011,29.000,568.411,552.411,8.000,0.001,0.180
260.3084,30.000,566.993,550.993,8.000,1.286,0.180
260.4062,30.000,567.288,551.288,8.000,0.367,0.180
260.5037,30.000,567.538,551.538,8.000,0.105,0.180
260.6026,30.000,567.751,551.751,8.000,0.030,0.180
260.7029,30.000,567.932,551.932,8.000,0.009,0.180
260.8114,30.000,568.086,552.086,8.000,0.002,0.180
260.9095,30.000,568.217,552.217,8.000,0.001,0.180
261.0092,30.000,568.328,552.328,8.000,0.000,0.180
261.1070,30.000,568.423,552.423,8.000,0.000,0.180
261.2044,30.000,568.503,552.503,8.000,0.000,0.180
261.3020,30.000,568.571,552.571,8.000,0.000,0.180
261.4099,31.000,567.069,551.069,8.000,1.286,0.180
261.5082,30.000,565.853,549.853,8.000,-0.918,0.180
261.6034,30.000,566.319,550.319,8.000,-0.262,0.180
261.7009,30.000,566.715,550.715,8.000,-0.075,0.180
261.8092,31.000,565.491,549.491,8.000,1.264,0.180
261.9103,31.000,565.951,549.951,8.000,0.361,0.180
262.0081,30.000,564.902,548.902,8.000,-1.183,0.180
262.1069,30.000,565.511,549.511,8.000,-0.338,0.180
262.2040,30.000,566.028,550.028,8.000,-0.097,0.180
262.3017,30.000,566.467,550.467,8.000,-0.028,0.180
262.4095,30.000,566.841,550.841,8.000,-0.008,0.180
262.5081,30.000,567.159,551.159,8.000,-0.002,0.180
262.6065,29.000,565.989,549.989,8.000,-1.286,0.180
262.7038,29.000,566.494,550.494,8.000,-0.368,0.180
262.8011,29.000,566.924,550.924,8.000,-0.105,0.180
262.8998,29.000,567.289,551.289,8.000,-0.030,0.180
263.0079,28.000,566.159,550.159,8.000,-1.294,0.180
263.1062,28.000,566.699,550.699,8.000,-0.370,0.180
263.2040,28.000,567.158,551.158,8.000,-0.106,0.180
263.3043,28.000,567.548,551.548,8.000,-0.030,0.180
263.4015,28.000,567.880,551.880,8.000,-0.009,0.180
263.5005,27.000,566.721,550.721,8.000,-1.288,0.180
263.5994,27.000,567.237,551.237,8.000,-0.368,0.180
263.7073,27.000,567.675,551.675,8.000,-0.105,0.180
263.8050,27.000,568.048,552.048,8.000,-0.030,0.180
263.9033,26.000,566.924,550.924,8.000,-1.294,0.180
264.0014,26.000,567.469,551.469,8.000,-0.370,0.180
264.0998,26.000,567.933,551.933,8.000,-0.106,0.180
264.2088,25.000,566.886,550.886,8.000,-1.316,0.180
264.3063,25.000,567.497,551.497,8.000,-0.376,0.180
264.4018,25.000,568.016,552.016,8.000,-0.107,0.180
264.5091,24.000,567.018,551.018,8.000,-1.316,0.180
264.6059,23.000,566.137,550.321,7.908,-1.662,0.180
264.7032,22.000,564.977,550.259,7.359,-1.761,0.180
264.8031,22.000,566.599,550.599,8.000,-0.503,0.180
264.9015,22.000,567.433,551.433,8.000,-0.144,0.180
265.0083,21.000,566.045,551.359,7.343,-1.327,0.180
265.1050,21.000,567.580,551.580,8.000,-0.379,0.180
265.2013,20.000,565.713,552.061,6.826,-1.394,0.180
265.3005,19.000,564.460,552.255,6.103,-1.684,0.180
265.4002,18.000,563.554,552.382,5.586,-1.767,0.180
265.5073,17.000,562.824,552.569,5.128,-1.791,0.180
265.6038,17.000,565.388,552.544,6.422,-0.512,0.180
265.7013,17.000,566.847,553.242,6.803,-0.146,0.180
265.8100,16.000,564.707,554.336,5.186,-1.327,0.180
265.9104,16.000,566.726,554.429,6.148,-0.379,0.180
266.0081,15.000,564.731,555.337,4.697,-1.394,0.180
266.1046,15.000,566.779,555.366,5.706,-0.398,0.180
266.2036,14.000,564.783,556.248,4.268,-1.400,0.180
266.3025,14.000,566.822,556.262,5.280,-0.400,0.180
266.4008,14.000,567.993,556.836,5.578,-0.114,0.180
266.4988,13.000,565.652,557.780,3.936,-1.318,0.180
266.6088,13.000,567.512,557.733,4.889,-0.377,0.180
266.7071,13.000,568.563,558.223,5.170,-0.108,0.180
266.8052,13.000,569.306,558.789,5.259,-0.031,0.180
266.9027,13.000,569.896,559.312,5.292,-0.009,0.180
267.0011,13.000,570.388,559.767,5.310,-0.003,0.180
267.1079,13.000,570.803,560.156,5.324,-0.001,0.180
267.2063,12.000,567.981,560.782,3.599,-1.286,0.180
267.3020,12.000,569.476,560.419,4.529,-0.367,0.180
267.3996,12.000,570.231,560.628,4.802,-0.105,0.180
267.5086,12.000,570.726,560.951,4.888,-0.030,0.180
267.6060,12.000,571.106,561.267,4.920,-0.009,0.180
267.7052,12.000,571.419,561.546,4.937,-0.002,0.180
267.8021,11.000,568.506,562.081,3.213,-1.286,0.180
267.9000,11.000,569.925,561.642,4.141,-0.368,0.180
267.9984,11.000,570.614,561.786,4.414,-0.105,0.180
268.1069,11.000,571.052,562.055,4.499,-0.030,0.180
268.2047,12.000,571.561,559.027,6.267,1.277,0.180
268.3011,11.000,567.912,560.655,3.629,-0.921,0.180
268.4068,12.000,569.398,557.332,6.033,1.023,0.180
289.5808,12.000,428.281,-398.598,413.440,379.826,0.320
289.5921,12.000,265.809,-208.270,237.039,203.411,0.320
289.7011,12.000,117.591,-33.748,75.669,41.974,0.320
289.7986,11.000,82.476,26.350,28.063,-2.894,0.320
289.8953,11.000,97.518,36.674,30.422,-0.597,0.320
289.9924,12.000,123.757,33.120,45.319,11.432,0.320
290.0999,11.000,112.743,68.841,21.951,-9.197,0.320
290.1975,11.000,134.492,75.868,29.312,-1.898,0.320
290.2942,11.000,150.676,88.918,30.879,-0.392,0.320
290.3919,11.000,165.861,103.357,31.252,-0.081,0.320
290.4919,11.000,180.964,118.209,31.378,-0.017,0.320
290.6005,11.000,196.157,133.252,31.452,-0.003,0.320
290.6978,12.000,223.900,132.144,45.878,11.555,0.320
290.7943,12.000,230.004,156.455,36.775,2.384,0.320
290.8928,12.000,243.493,173.594,34.949,0.492,0.320
290.9917,12.000,258.573,189.321,34.626,0.102,0.320
291.0912,12.000,274.041,204.815,34.613,0.021,0.320
291.1994,12.000,289.637,220.310,34.663,0.004,0.320
291.2975,12.000,305.302,235.848,34.727,0.001,0.320
291.3947,12.000,321.017,251.430,34.794,0.000,0.320
291.4927,12.000,336.773,267.051,34.861,0.000,0.320
291.5908,13.000,365.003,266.426,49.289,11.556,0.320
291.7006,13.000,371.525,291.143,40.191,2.384,0.320
291.7989,13.000,385.369,308.627,38.371,0.492,0.320
291.8989,13.000,400.753,324.646,38.053,0.102,0.320
291.9972,13.000,416.479,340.388,38.046,0.021,0.320
292.0940,13.000,432.296,356.093,38.102,0.004,0.320
292.1925,13.000,448.150,371.807,38.171,0.001,0.320
292.2931,13.000,464.026,387.539,38.243,0.000,0.320
292.3923,12.000,464.478,416.568,23.955,-11.556,0.320
292.4928,12.000,490.133,423.747,33.193,-2.384,0.320
292.6000,13.000,520.875,421.848,49.514,11.064,0.320
292.6985,12.000,512.872,459.982,26.445,-9.273,0.320
292.7968,12.000,536.992,469.249,33.871,-1.913,0.320
292.8961,13.000,567.595,467.959,49.818,11.161,0.320
292.9949,13.000,575.156,493.089,41.033,2.303,0.320
293.0916,13.000,589.681,511.125,39.278,0.475,0.320
293.2020,12.000,590.162,540.937,24.613,-11.457,0.320
293.2993,12.000,616.084,548.538,33.773,-2.364,0.320
293.3979,12.000,634.662,563.229,35.717,-0.488,0.320
293.4982,12.000,651.643,579.301,36.171,-0.101,0.320
293.5956,12.000,668.225,595.589,36.318,-0.021,0.320
293.6923,11.000,669.225,625.144,22.041,-11.560,0.320
293.7902,11.000,695.334,632.780,31.277,-2.385,0.320
293.8992,11.000,714.018,647.555,33.232,-0.492,0.320
293.9972,11.000,731.078,663.710,33.684,-0.102,0.320
294.0935,11.000,747.723,680.071,33.826,-0.021,0.320
294.1909,11.000,764.217,696.408,33.904,-0.004,0.320
294.2909,10.000,765.181,725.965,19.608,-11.556,0.320
294.3996,10.000,791.267,733.595,28.836,-2.385,0.320
294.4975,10.000,809.933,748.364,30.785,-0.492,0.320
294.5958,9.000,811.535,777.795,16.870,-11.657,0.320
294.6935,8.000,822.473,798.851,11.811,-13.961,0.320
294.7912,8.000,851.082,805.211,22.936,-2.881,0.320
294.8996,7.000,855.221,833.410,10.906,-12.150,0.320
294.9967,6.000,867.093,854.640,6.227,-14.063,0.320
295.0941,5.000,880.803,874.682,3.060,-14.457,0.320
295.1940,4.000,895.095,894.693,0.201,-14.539,0.320
295.2901,4.000,925.123,901.598,11.762,-3.000,0.320
295.3900,3.000,930.169,930.560,-0.196,-12.175,0.320
295.4985,2.000,942.747,952.502,-4.878,-14.068,0.320
295.5968,1.000,957.041,973.166,-8.063,-14.458,0.320
295.6935,-0.000,971.824,993.711,-10.943,-14.539,0.320
295.7906,-0.000,1002.265,1001.074,0.596,-3.000,0.320
295.8980,-1.000,990.904,1013.672,-11.384,-12.175,0.320
295.9945,-2.000,986.305,1018.482,-16.089,-14.068,0.320
296.0949,-2.000,999.048,1008.919,-4.935,-2.903,0.320
296.1923,-2.000,1002.692,1007.977,-2.642,-0.599,0.320
296.2904,-3.000,988.024,1021.103,-16.539,-11.679,0.320
296.3983,-3.000,998.121,1012.695,-7.287,-2.410,0.320
296.4975,-4.000,984.453,1023.958,-19.752,-12.053,0.320
296.5984,-5.000,978.194,1027.334,-24.570,-14.043,0.320
296.6966,-5.000,989.585,1016.491,-13.453,-2.898,0.320
296.7928,-6.000,975.809,1026.894,-25.542,-12.153,0.320
296.8938,-7.000,969.206,1029.789,-30.292,-14.063,0.320
296.9928,-8.000,963.971,1031.032,-33.531,-14.458,0.320
297.0888,-8.000,975.204,1019.406,-22.101,-2.983,0.320
297.1976,-9.000,961.079,1029.358,-34.139,-12.171,0.320
297.2935,-9.000,970.414,1019.475,-24.530,-2.512,0.320
297.3894,-10.000,955.843,1029.740,-36.948,-12.074,0.320
297.4983,-11.000,948.759,1032.325,-41.783,-14.047,0.320
297.5960,-11.000,959.433,1020.826,-30.696,-2.899,0.320
297.6951,-11.000,961.321,1018.236,-28.458,-0.598,0.320
297.7913,-11.000,961.436,1017.525,-28.044,-0.123,0.320
297.8882,-11.000,961.220,1017.236,-28.008,-0.025,0.320
297.9963,-11.000,960.963,1017.062,-28.049,-0.005,0.320
298.0934,-11.000,960.722,1016.936,-28.107,-0.001,0.320
298.1907,-11.000,960.506,1016.841,-28.168,-0.000,0.320
298.2966,-11.000,960.313,1016.771,-28.229,-0.000,0.320
298.3935,-10.000,973.420,1001.279,-13.929,11.556,0.320
298.4903,-10.000,964.679,1010.992,-23.157,2.384,0.320
298.5886,-10.000,963.144,1013.354,-25.105,0.492,0.320
298.6947,-10.000,963.049,1014.152,-25.551,0.102,0.320
298.7950,-10.000,963.211,1014.588,-25.688,0.021,0.320
298.8934,-10.000,963.393,1014.914,-25.761,0.004,0.320
298.9932,-10.000,963.549,1015.189,-25.820,0.001,0.320
299.0902,-10.000,963.676,1015.430,-25.877,0.000,0.320
299.1991,-10.000,963.776,1015.642,-25.933,0.000,0.320
299.2953,-10.000,963.852,1015.830,-25.989,0.000,0.320
299.3927,-10.000,963.909,1015.999,-26.045,0.000,0.320
299.4911,-10.000,963.949,1016.151,-26.101,0.000,0.320
299.5900,-10.000,963.974,1016.288,-26.157,0.000,0.320
299.6884,-9.000,977.269,1000.972,-11.852,11.556,0.320
299.7978,-9.000,968.688,1010.835,-21.073,2.384,0.320
299.8959,-8.000,980.571,997.881,-8.655,12.048,0.320
299.9942,-8.000,972.009,1008.532,-18.261,2.486,0.320
300.0948,-7.000,984.161,995.997,-5.918,12.069,0.320
300.1937,-6.000,989.162,991.510,-1.174,14.046,0.320
300.2908,-6.000,979.699,1004.410,-12.355,2.898,0.320
300.3878,-5.000,992.107,992.763,-0.328,12.154,0.320
300.4969,-5.000,984.257,1004.261,-10.002,2.508,0.320
300.5947,-4.000,997.070,992.388,2.341,12.073,0.320
300.6903,-3.000,1002.646,988.451,7.098,14.047,0.320
300.7890,-2.000,1006.959,986.371,10.294,14.454,0.320
300.8977,-2.000,997.925,1000.303,-1.189,2.983,0.320
300.9944,-1.000,1010.910,989.322,10.794,12.171,0.320
301.0906,-0.000,1016.877,985.897,15.490,14.067,0.320
301.1904,-0.000,1008.294,999.642,4.326,2.903,0.320
301.2885,-0.000,1008.184,1004.140,2.022,0.599,0.320
301.3978,-0.000,1009.573,1006.480,1.547,0.124,0.320
301.4876,-0.000,1011.060,1008.163,1.448,0.026,0.320
301.5870,-0.000,1012.387,1009.530,1.428,0.005,0.320
301.6876,-0.000,1013.528,1010.680,1.424,0.001,0.320
301.7968,-0.000,1014.500,1011.654,1.423,0.000,0.320
301.8942,-0.000,1015.327,1012.481,1.423,0.000,0.320
301.9927,-0.000,1016.031,1013.185,1.423,0.000,0.320
302.0901,-0.000,1016.628,1013.782,1.423,0.000,0.320
302.1867,-0.000,1017.136,1014.290,1.423,0.000,0.320
302.2954,-0.000,1017.568,1014.722,1.423,0.000,0.320
302.3941,1.000,1030.376,998.808,15.784,11.556,0.320
302.4926,1.000,1021.391,1008.154,6.619,2.384,0.320
302.5919,1.000,1019.657,1010.194,4.732,0.492,0.320
302.6910,1.000,1019.402,1010.709,4.347,0.102,0.320
302.7896,2.000,1031.879,994.613,18.633,11.577,0.320
302.8875,2.000,1022.665,1003.751,9.457,2.389,0.320
302.9967,2.000,1020.748,1005.604,7.572,0.493,0.320
303.0957,2.000,1020.340,1005.956,7.192,0.102,0.320
303.1939,2.000,1020.247,1006.002,7.122,0.021,0.320
303.2919,2.000,1020.222,1005.988,7.117,0.004,0.320
303.3904,3.000,991.800,999.425,15.789,6.569,0.180
303.4877,3.000,954.522,1005.191,10.619,1.383,0.180
303.5964,3.000,924.079,1004.075,9.543,0.291,0.180
303.6957,4.000,904.201,988.753,18.502,6.630,0.180
303.7937,4.000,873.899,987.360,13.289,1.396,0.180
303.8958,4.000,849.416,980.127,12.208,0.294,0.180
303.9928,5.000,834.611,959.599,21.170,6.630,0.180
304.0901,6.000,815.998,942.805,25.135,7.964,0.180
304.1879,6.000,789.974,936.958,18.879,1.677,0.180
304.2860,7.000,777.176,914.291,26.760,6.921,0.180
304.3963,8.000,760.969,894.979,30.506,8.026,0.180
304.4858,9.000,744.512,875.869,33.385,8.258,0.180
304.5937,10.000,728.401,856.374,36.086,8.307,0.180
304.6904,12.000,720.075,825.460,47.927,14.886,0.180
304.7899,13.000,699.542,810.264,45.411,9.702,0.180
304.8898,14.000,683.974,790.088,46.993,8.611,0.180
304.9876,15.000,670.078,768.227,49.441,8.381,0.180
305.0863,16.000,656.687,745.850,52.076,8.333,0.180
305.1866,17.000,643.464,723.295,54.754,8.323,0.180
305.2939,19.000,637.676,689.698,66.619,14.889,0.180
305.3922,19.000,611.955,683.167,54.963,3.135,0.180
305.4916,20.000,602.823,656.510,61.657,7.228,0.180
305.5888,21.000,590.459,633.078,65.119,8.090,0.180
305.6864,21.000,570.045,621.291,58.732,1.703,0.180
305.7961,22.000,562.070,593.521,66.556,6.927,0.180
305.8943,23.000,549.965,569.868,70.256,8.027,0.180
305.9923,23.000,529.618,558.046,63.919,1.690,0.180
306.0876,23.000,514.299,541.246,62.585,0.356,0.180
306.1886,23.000,514.726,540.575,62.304,0.075,0.180
306.2855,24.000,522.263,529.230,71.413,6.584,0.180
306.3926,24.000,517.079,534.177,66.215,1.386,0.180
306.4873,25.000,523.306,524.150,74.289,6.860,0.180
306.5859,25.000,517.796,529.429,68.873,1.444,0.180
306.6968,25.000,516.566,530.462,67.733,0.304,0.180
306.7951,26.000,523.614,519.647,76.661,6.632,0.180
306.8927,26.000,518.279,524.781,71.425,1.396,0.180
306.9896,27.000,524.460,514.829,79.491,6.862,0.180
307.0873,27.000,518.939,520.143,74.074,1.445,0.180
307.1857,27.000,517.711,521.196,72.933,0.304,0.180
307.2947,27.000,517.397,521.362,72.693,0.064,0.180
307.3939,26.000,506.915,529.318,63.474,-6.555,0.180
307.4919,26.000,512.516,524.569,68.649,-1.380,0.180
307.5918,26.000,513.968,523.842,69.738,-0.291,0.180
307.6915,25.000,504.137,531.889,60.799,-6.630,0.180
307.7931,24.000,499.744,535.366,56.865,-7.964,0.180
307.8919,23.000,496.774,538.157,53.984,-8.245,0.180
307.9902,22.000,494.338,541.040,51.325,-8.304,0.180
308.0882,21.000,492.216,544.143,48.712,-8.317,0.180
308.1957,20.000,490.330,547.462,46.110,-8.319,0.180
308.2932,18.000,478.364,558.847,34.434,-14.888,0.180
308.3907,16.000,472.218,565.700,27.935,-16.271,0.180
308.4876,15.000,478.073,564.044,31.690,-9.994,0.180
308.5853,13.000,468.578,575.309,21.311,-15.241,0.180
308.6939,11.000,463.683,582.908,15.063,-16.345,0.180
308.7912,9.000,460.047,590.043,9.677,-16.578,0.180
308.8900,8.000,467.295,589.369,13.638,-10.059,0.180
308.9875,6.000,458.824,601.628,3.274,-15.254,0.180
309.0948,3.000,444.387,618.084,-12.173,-22.917,0.180
309.1935,1.000,447.106,621.282,-12.412,-17.961,0.180
309.2952,-1.000,445.459,627.959,-16.574,-16.918,0.180
309.3928,-2.000,452.974,627.119,-12.397,-10.130,0.180
309.4887,-5.000,432.377,645.589,-31.931,-21.838,0.180
309.5882,-6.000,442.214,639.345,-23.890,-11.166,0.180
309.6873,-7.000,443.051,640.961,-24.279,-8.919,0.180
309.7869,-9.000,430.652,651.246,-35.622,-15.015,0.180
309.8860,-10.000,433.586,648.914,-32.988,-9.729,0.180
309.9840,-11.000,431.998,650.415,-34.533,-8.617,0.180
310.0931,-13.000,418.259,659.880,-46.135,-14.951,0.180
310.1893,-13.000,431.178,649.327,-34.399,-3.148,0.180
310.2893,-16.000,401.680,670.037,-59.503,-20.368,0.180
310.3881,-16.000,418.442,654.805,-43.506,-4.288,0.180
310.4869,-17.000,411.421,659.527,-49.377,-7.471,0.180
310.5839,-18.000,406.780,661.613,-52.741,-8.141,0.180
310.6940,-19.000,402.554,663.067,-55.581,-8.282,0.180
310.7918,-20.000,398.447,664.219,-58.211,-8.312,0.180
310.8900,-21.000,394.284,665.269,-60.817,-8.318,0.180
310.9915,-21.000,401.028,658.879,-54.250,-1.751,0.180
311.0889,-22.000,391.593,665.016,-62.036,-6.937,0.180
311.1879,-22.000,397.168,659.637,-56.559,-1.460,0.180
311.2858,-23.000,387.436,665.936,-64.575,-6.876,0.180
311.3937,-23.000,392.905,660.549,-59.146,-1.448,0.180
311.4900,-23.000,394.083,659.440,-58.003,-0.305,0.180
311.5880,-23.000,394.353,659.229,-57.763,-0.064,0.180
311.6861,-24.000,383.460,666.572,-66.881,-6.582,0.180
311.7844,-24.000,388.648,661.367,-61.684,-1.386,0.180
311.8939,-25.000,378.766,667.634,-69.759,-6.860,0.180
311.9942,-25.000,384.145,662.182,-64.343,-1.444,0.180
312.0924,-25.000,385.255,661.011,-63.203,-0.304,0.180
312.1905,-24.000,393.437,650.377,-53.794,6.504,0.180
312.2891,-25.000,377.791,663.338,-68.098,-5.199,0.180
312.3859,-24.000,390.223,649.224,-54.825,5.474,0.180
312.4841,-24.000,386.687,654.331,-59.146,1.152,0.180
312.5926,-24.000,386.445,655.908,-60.056,0.243,0.180
312.6899,-24.000,386.820,656.667,-60.248,0.051,0.180
312.7869,-23.000,395.231,646.821,-51.119,6.579,0.180
312.8849,-23.000,390.926,652.905,-56.314,1.385,0.180
312.9919,-23.000,390.589,654.755,-57.407,0.292,0.180
313.0911,-22.000,398.971,645.259,-48.469,6.630,0.180
313.1870,-22.000,394.763,651.520,-53.703,1.396,0.180
313.2940,-22.000,394.534,653.494,-54.805,0.294,0.180
313.3927,-21.000,403.012,644.100,-45.868,6.630,0.180
313.4926,-21.000,398.888,650.444,-51.103,1.396,0.180
313.5910,-20.000,406.698,642.122,-43.036,6.862,0.180
313.6900,-19.000,410.432,638.552,-39.384,8.013,0.180
313.7887,-18.000,413.551,636.173,-36.636,8.255,0.180
313.8864,-18.000,408.754,644.599,-43.247,1.738,0.180
313.9838,-17.000,416.804,637.233,-35.539,6.934,0.180
314.0922,-17.000,413.033,644.587,-41.102,1.460,0.180
314.1904,-17.000,413.314,647.350,-42.343,0.307,0.180
314.2897,-16.000,422.250,638.601,-33.500,6.633,0.180
314.3863,-15.000,426.484,635.128,-29.646,7.965,0.180
314.4864,-15.000,421.941,643.316,-36.012,1.677,0.180
314.5844,-15.000,422.088,646.268,-37.414,0.353,0.180
314.6845,-14.000,431.022,637.568,-28.597,6.643,0.180
314.7830,-14.000,427.305,644.484,-33.914,1.398,0.180
314.8901,-13.000,435.461,636.647,-25.917,6.863,0.180
314.9870,-13.000,431.611,643.768,-31.403,1.445,0.180
315.0849,-13.000,431.793,646.367,-32.611,0.304,0.180
315.1916,-12.000,440.641,637.483,-23.745,6.632,0.180
315.2919,-12.000,436.827,644.266,-29.044,1.396,0.180
315.3917,-12.000,436.924,646.692,-30.209,0.294,0.180
315.4926,-11.000,445.675,637.686,-21.330,6.630,0.180
315.5918,-11.000,441.775,644.369,-26.621,1.396,0.180
315.6884,-10.000,449.773,636.337,-18.607,6.862,0.180
315.7880,-9.000,453.762,632.919,-14.903,8.013,0.180
315.8882,-8.000,457.106,630.661,-12.102,8.255,0.180
315.9859,-8.000,452.508,639.181,-18.661,1.738,0.180
316.0839,-7.000,460.735,631.888,-10.901,6.934,0.180
316.1825,-6.000,465.095,628.923,-7.238,8.028,0.180
316.2907,-5.000,468.791,627.011,-4.434,8.259,0.180
316.3887,-4.000,472.478,625.442,-1.806,8.307,0.180
316.4860,-4.000,468.298,634.420,-8.385,1.749,0.180
316.5841,-3.000,476.910,627.488,-0.613,6.937,0.180
316.6914,-3.000,473.632,635.194,-6.105,1.460,0.180
316.7884,-3.000,474.346,638.244,-7.274,0.307,0.180
316.8864,-3.000,475.687,640.102,-7.532,0.065,0.180
316.9860,-3.000,476.980,641.528,-7.599,0.014,0.180
317.0842,-3.000,478.109,642.710,-7.625,0.003,0.180
317.1816,-4.000,468.100,651.084,-16.816,-6.568,0.180
317.2895,-4.000,474.069,646.725,-11.652,-1.383,0.180
317.3877,-4.000,475.824,646.338,-10.581,-0.291,0.180
317.4850,-4.000,476.615,646.711,-10.372,-0.061,0.180
317.5919,-4.000,477.137,647.177,-10.345,-0.013,0.180
317.6921,-4.000,477.546,647.608,-10.355,-0.003,0.180
317.7884,-4.000,477.885,647.984,-10.374,-0.001,0.180
317.8862,-4.000,478.168,648.308,-10.394,-0.000,0.180
317.9841,-4.000,478.405,648.587,-10.415,-0.000,0.180
318.0818,-4.000,478.604,648.827,-10.436,-0.000,0.180
318.1822,-5.000,467.796,656.408,-19.630,-6.568,0.180
318.2910,-5.000,473.084,651.376,-14.471,-1.383,0.180
318.3890,-5.000,474.259,650.420,-13.405,-0.291,0.180
318.4856,-5.000,474.556,650.309,-13.201,-0.061,0.180
318.5835,-5.000,474.657,650.365,-13.179,-0.013,0.180
318.6930,-5.000,474.708,650.448,-13.195,-0.003,0.180
318.7812,-5.000,474.741,650.529,-13.218,-0.001,0.180
318.8830,-5.000,474.764,650.603,-13.244,-0.000,0.180
318.9818,-5.000,474.779,650.670,-13.270,-0.000,0.180
319.0900,-6.000,463.815,658.105,-22.469,-6.568,0.180
319.1871,-6.000,468.969,652.950,-17.315,-1.383,0.180
319.2836,-6.000,470.029,651.890,-16.255,-0.291,0.180
319.3838,-6.000,470.228,651.691,-16.056,-0.061,0.180
319.4821,-7.000,459.271,659.047,-25.212,-6.581,0.180
319.5826,-7.000,464.400,653.858,-20.053,-1.386,0.180
319.6920,-7.000,465.432,652.774,-18.996,-0.292,0.180
319.7899,-8.000,454.631,659.932,-27.975,-6.630,0.180
319.8890,-8.000,459.775,654.691,-22.783,-1.396,0.180
319.9872,-9.000,449.820,660.964,-30.896,-6.862,0.180
320.0846,-9.000,455.126,655.528,-25.525,-1.445,0.180
320.1825,-9.000,456.164,654.379,-24.432,-0.304,0.180
320.2896,-9.000,456.311,654.138,-24.238,-0.064,0.180
320.3871,-9.000,456.275,654.095,-24.235,-0.013,0.180
320.4871,-10.000,445.231,661.471,-33.444,-6.571,0.180
320.5823,-10.000,450.308,656.276,-28.308,-1.383,0.180
320.6809,-10.000,451.298,655.186,-27.268,-0.291,0.180
320.7880,-10.000,451.433,654.965,-27.090,-0.061,0.180
320.8854,-11.000,440.420,662.306,-36.268,-6.581,0.180
320.9836,-11.000,445.498,657.107,-31.129,-1.386,0.180
321.0811,-11.000,446.483,656.019,-30.092,-0.292,0.180
321.1890,-11.000,446.612,655.802,-29.919,-0.061,0.180
321.2890,-11.000,446.566,655.773,-29.928,-0.013,0.180
321.3865,-12.000,435.514,663.162,-39.149,-6.571,0.180
321.4870,-12.000,440.582,657.980,-34.023,-1.383,0.180
321.5856,-12.000,441.564,656.902,-32.993,-0.291,0.180
321.6820,-12.000,441.690,656.693,-32.826,-0.061,0.180
321.7918,-12.000,441.641,656.672,-32.840,-0.013,0.180
321.8895,-12.000,441.559,656.694,-32.892,-0.003,0.180
321.9904,-12.000,441.473,656.729,-32.952,-0.001,0.180
322.0882,-11.000,449.364,646.396,-23.841,6.568,0.180
322.1888,-11.000,444.583,652.101,-29.083,1.383,0.180
322.2871,-11.000,443.826,653.642,-30.232,0.291,0.180
322.3873,-11.000,443.873,654.263,-30.519,0.061,0.180
322.4842,-10.000,452.024,644.278,-21.451,6.581,0.180
322.5822,-10.000,447.498,650.247,-26.699,1.386,0.180
322.6897,-9.000,454.938,641.632,-18.671,6.860,0.180
322.7863,-9.000,450.477,648.096,-24.134,1.444,0.180
322.8831,-8.000,458.114,639.760,-16.147,6.872,0.180
322.9801,-8.000,453.850,646.430,-21.615,1.447,0.180
323.0805,-7.000,461.663,638.263,-13.625,6.873,0.180
323.1878,-7.000,457.549,645.075,-19.087,1.447,0.180
323.2852,-7.000,457.518,647.401,-20.266,0.305,0.180
323.3837,-7.000,458.216,648.652,-20.543,0.064,0.180
323.4840,-7.000,458.957,649.568,-20.630,0.014,0.180
323.5802,-6.000,467.588,639.946,-11.503,6.571,0.180
323.6900,-6.000,463.448,646.244,-16.722,1.383,0.180
323.7870,-6.000,463.241,648.284,-17.846,0.291,0.180
323.8845,-6.000,463.759,649.324,-18.107,0.061,0.180
323.9812,-5.000,472.316,639.693,-9.013,6.581,0.180
324.0900,-5.000,468.137,645.958,-14.235,1.386,0.180
324.1802,-5.000,467.904,647.964,-15.355,0.292,0.180
324.2892,-4.000,476.375,638.601,-6.437,6.630,0.180
324.3900,-3.000,480.214,634.602,-2.518,7.964,0.180
324.4884,-3.000,475.344,642.338,-8.822,1.677,0.180
324.5873,-2.000,483.196,634.521,-0.987,6.921,0.180
324.6871,-2.000,479.236,641.511,-6.462,1.457,0.180
324.7884,-1.000,487.337,633.586,1.551,6.875,0.180
324.8877,-1.000,483.478,640.593,-3.882,1.447,0.180
324.9841,-0.000,491.642,632.706,4.144,6.873,0.180
325.0820,1.000,495.207,628.776,7.891,8.015,0.180
325.1801,1.000,490.230,636.444,1.568,1.687,0.180
325.2877,2.000,497.419,627.940,9.415,6.924,0.180
325.3861,2.000,492.905,634.338,3.959,1.458,0.180
325.4849,2.000,492.566,636.279,2.819,0.307,0.180
325.5831,3.000,500.388,626.217,11.761,6.633,0.180
325.6810,3.000,495.715,631.987,6.540,1.396,0.180
325.7905,3.000,495.094,633.540,5.453,0.294,0.180
325.8894,3.000,495.274,634.152,5.236,0.062,0.180
325.9880,4.000,502.951,623.549,14.377,6.581,0.180
326.0862,4.000,498.032,628.980,9.202,1.386,0.180
326.1841,5.000,504.551,619.297,17.302,6.860,0.180
326.2800,5.000,499.316,624.842,11.912,1.444,0.180
326.3796,5.000,498.334,626.088,10.798,0.304,0.180
326.4895,6.000,505.605,615.441,19.758,6.632,0.180
326.5867,6.000,500.466,620.711,14.553,1.396,0.180
326.6865,6.000,499.450,621.838,13.482,0.294,0.180
326.7852,6.000,499.296,622.086,13.281,0.062,0.180
326.8834,6.000,499.319,622.144,13.263,0.013,0.180
326.9818,6.000,499.374,622.157,13.284,0.003,0.180
327.0799,6.000,499.432,622.157,13.313,0.001,0.180
327.1785,6.000,499.487,622.150,13.344,0.000,0.180
327.2856,6.000,499.539,622.140,13.375,0.000,0.180
327.3825,6.000,499.588,622.127,13.406,0.000,0.180
327.4810,6.000,499.634,622.111,13.437,0.000,0.180
327.5888,6.000,499.678,622.092,13.469,0.000,0.180
327.6853,6.000,499.721,622.072,13.500,0.000,0.180
327.7854,7.000,507.135,611.077,22.705,6.568,0.180
327.8848,7.000,501.963,616.204,17.555,1.383,0.180
327.9826,8.000,508.263,606.267,25.674,6.860,0.180
328.0816,8.000,502.843,611.594,20.300,1.444,0.180
328.1803,9.000,509.079,601.680,28.375,6.872,0.180
328.2788,9.000,503.637,606.996,22.996,1.447,0.180
328.3881,9.000,502.488,608.038,21.901,0.305,0.180
328.4858,9.000,502.249,608.186,21.707,0.064,0.180
328.5838,8.000,491.832,616.124,12.530,-6.555,0.180
328.6817,7.000,487.122,619.328,8.573,-7.948,0.180
328.7807,6.000,483.920,621.850,5.710,-8.242,0.180
328.8869,5.000,481.295,624.497,3.075,-8.304,0.180
328.9848,4.000,479.012,627.399,0.482,-8.317,0.180
329.0839,3.000,476.988,630.549,-2.105,-8.319,0.180
329.1812,3.000,485.550,625.944,4.479,-1.751,0.180
329.2786,2.000,478.256,634.201,-3.297,-6.937,0.180
329.3859,2.000,485.653,630.623,2.190,-1.460,0.180
329.4832,1.000,478.066,639.056,-5.820,-6.876,0.180
329.5826,-0.000,474.985,643.456,-9.560,-8.016,0.180
329.6811,-0.000,483.374,639.188,-3.231,-1.688,0.180
329.7801,-1.000,475.485,646.981,-11.073,-6.924,0.180
329.8790,-1.000,482.404,642.979,-5.612,-1.458,0.180
329.9870,-1.000,484.790,643.074,-4.466,-0.307,0.180
330.0861,-1.000,486.081,643.890,-4.229,-0.065,0.180
330.1829,-2.000,476.049,652.114,-13.357,-6.582,0.180
330.2804,-2.000,481.966,647.660,-8.171,-1.386,0.180
330.3782,-2.000,483.672,647.198,-7.088,-0.292,0.180
330.4858,-2.000,484.420,647.507,-6.868,-0.061,0.180
330.5847,-1.000,492.881,637.544,2.344,6.555,0.180
330.6836,-2.000,477.589,650.960,-12.010,-5.188,0.180
330.7824,-1.000,490.351,637.203,1.249,5.476,0.180
330.8791,-1.000,487.099,642.609,-3.079,1.153,0.180
330.9781,-1.000,487.100,644.440,-3.995,0.243,0.180
331.0854,-1.000,487.681,645.415,-4.192,0.051,0.180
331.1837,-1.000,488.297,646.122,-4.237,0.011,0.180
331.2816,-1.000,488.846,646.698,-4.251,0.002,0.180
331.3780,-1.000,489.317,647.183,-4.258,0.000,0.180
331.4851,-1.000,489.717,647.595,-4.263,0.000,0.180
331.5832,-1.000,490.057,647.946,-4.269,0.000,0.180
331.6795,-1.000,490.346,648.244,-4.274,0.000,0.180
331.7785,-2.000,479.616,655.873,-13.453,-6.568,0.180
331.8770,-2.000,484.974,650.880,-8.277,-1.383,0.180
331.9867,-2.000,486.210,649.953,-7.196,-0.291,0.180
332.0850,-3.000,475.587,657.239,-16.150,-6.630,0.180
332.1819,-3.000,480.887,652.102,-10.932,-1.396,0.180
332.2787,-4.000,471.069,658.459,-19.019,-6.862,0.180
332.3788,-4.000,476.495,653.091,-13.623,-1.445,0.180
332.4775,-5.000,466.666,659.370,-21.676,-6.873,0.180
332.5767,-5.000,472.057,653.961,-16.277,-1.447,0.180
332.6830,-5.000,473.165,652.837,-15.160,-0.305,0.180
332.7808,-6.000,462.400,659.990,-24.120,-6.633,0.180
332.8801,-7.000,456.596,662.123,-28.088,-7.965,0.180
332.9776,-7.000,462.787,655.812,-21.837,-1.677,0.180
333.0868,-8.000,453.050,661.847,-29.723,-6.921,0.180
333.1860,-9.000,447.425,663.724,-33.474,-8.026,0.180
333.2830,-9.000,453.622,657.342,-27.185,-1.690,0.180
333.3831,-11.000,432.883,670.724,-44.245,-13.493,0.180
333.4817,-11.000,443.351,660.002,-33.650,-2.841,0.180
333.5792,-11.000,445.429,657.709,-31.465,-0.598,0.180
333.6859,-12.000,434.778,664.576,-40.223,-6.694,0.180
333.7820,-12.000,439.893,659.246,-35.001,-1.409,0.180
333.8788,-13.000,429.878,665.478,-43.124,-6.865,0.180
333.9786,-13.000,435.122,660.017,-37.772,-1.445,0.180
334.0772,-13.000,436.104,658.852,-36.699,-0.304,0.180
334.1844,-13.000,436.199,658.602,-36.526,-0.064,0.180
334.2834,-13.000,436.115,658.552,-36.543,-0.013,0.180
334.3822,-13.000,436.002,658.553,-36.600,-0.003,0.180
334.4786,-13.000,435.889,658.570,-36.665,-0.001,0.180
334.5861,-14.000,424.807,665.971,-45.906,-6.569,0.180
334.6833,-15.000,418.882,668.167,-49.967,-7.951,0.180
334.7812,-15.000,424.996,661.882,-43.767,-1.674,0.180
334.8792,-15.000,426.168,660.567,-42.524,-0.352,0.180
334.9782,-14.000,434.280,649.932,-33.150,6.494,0.180
335.0782,-13.000,437.482,645.186,-29.176,7.936,0.180
335.1765,-13.000,431.993,652.362,-35.509,1.671,0.180
335.2845,-12.000,439.297,644.092,-27.722,6.920,0.180
335.3831,-12.000,434.861,650.707,-33.247,1.457,0.180
335.4811,-11.000,442.548,642.472,-25.286,6.875,0.180
335.5778,-10.000,446.304,638.851,-21.598,8.016,0.180
335.6783,-9.000,449.455,636.414,-18.804,8.256,0.180
335.7769,-9.000,444.694,644.783,-25.369,1.738,0.180
335.8856,-8.000,452.781,637.361,-17.614,6.934,0.180
335.9855,-8.000,449.048,644.660,-23.130,1.460,0.180
336.0821,-7.000,457.343,636.996,-15.151,6.876,0.180
336.1811,-7.000,453.647,644.229,-20.616,1.448,0.180
336.2789,-7.000,453.971,646.911,-21.795,0.305,0.180
336.3767,-6.000,462.945,638.092,-12.898,6.633,0.180
336.4846,-6.000,459.244,644.926,-18.166,1.396,0.180
336.5841,-6.000,459.441,647.390,-19.299,0.294,0.180
336.6814,-6.000,460.309,648.785,-19.562,0.062,0.180
336.7784,-6.000,461.191,649.827,-19.642,0.013,0.180
336.8762,-6.000,461.967,650.686,-19.684,0.003,0.180
336.9752,-5.000,470.602,641.040,-10.544,6.569,0.180
337.0840,-3.000,482.408,626.576,2.592,14.520,0.180
337.1830,-2.000,480.773,629.551,0.287,9.625,0.180
337.2815,-1.000,483.206,628.856,1.851,8.595,0.180
337.3798,-0.000,486.629,627.512,4.234,8.378,0.180
337.4812,1.000,489.771,625.535,6.794,8.332,0.180
337.5795,1.000,485.194,634.104,0.221,1.754,0.180
337.6774,2.000,492.885,626.206,8.015,6.938,0.180
337.7842,2.000,488.830,633.085,2.548,1.461,0.180
337.8843,3.000,496.261,624.454,10.579,6.876,0.180
337.9822,3.000,491.838,630.857,5.166,1.448,0.180
338.0822,3.000,491.553,632.826,4.039,0.305,0.180
338.1814,2.000,481.669,641.740,-5.360,-6.504,0.180
338.2798,2.000,487.903,637.683,-0.214,-1.369,0.180
338.3767,1.000,479.545,645.490,-8.297,-6.857,0.180
338.4765,1.000,486.230,641.337,-2.878,-1.444,0.180
338.5756,2.000,495.825,630.295,7.440,6.265,0.180
338.6852,2.000,491.774,636.115,2.505,1.319,0.180
338.7832,2.000,491.495,637.898,1.474,0.278,0.180
338.8799,2.000,491.926,638.746,1.265,0.058,0.180
338.9769,3.000,499.807,628.352,10.403,6.581,0.180
339.0761,3.000,495.059,633.963,5.224,1.385,0.180
339.1749,4.000,501.722,624.435,13.319,6.860,0.180
339.2774,4.000,496.609,630.112,7.924,1.444,0.180
339.3761,5.000,503.103,620.497,15.978,6.872,0.180
339.4762,5.000,497.877,626.071,10.579,1.447,0.180
339.5833,5.000,496.908,627.335,9.462,0.305,0.180
339.6820,6.000,504.193,616.701,18.421,6.633,0.180
339.7803,6.000,499.065,621.983,13.216,1.396,0.180
339.8789,6.000,498.059,623.119,12.145,0.294,0.180
339.9778,6.000,497.913,623.375,11.944,0.062,0.180
340.0755,6.000,497.943,623.440,11.927,0.013,0.180
340.1854,6.000,498.004,623.459,11.948,0.003,0.180
340.2836,7.000,505.440,612.491,21.150,6.569,0.180
340.3810,7.000,500.289,617.639,16.001,1.383,0.180
340.4778,7.000,499.233,618.694,14.945,0.291,0.180
340.5768,8.000,506.413,607.913,23.925,6.630,0.180
340.6765,8.000,501.190,613.074,18.733,1.396,0.180
340.7747,9.000,507.477,603.135,26.846,6.862,0.180
340.8831,9.000,502.054,608.454,21.476,1.445,0.180
340.9809,9.000,500.916,609.503,20.382,0.304,0.180
341.0774,9.000,500.685,609.659,20.189,0.064,0.180
341.1762,9.000,500.649,609.630,20.185,0.013,0.180
341.2734,9.000,500.658,609.567,20.221,0.003,0.180
341.3824,8.000,490.306,617.473,11.092,-6.568,0.180
341.4782,8.000,495.993,612.707,16.319,-1.383,0.180
341.5754,7.000,487.144,619.938,8.278,-6.860,0.180
341.6822,7.000,493.408,615.299,13.730,-1.444,0.180
341.7816,7.000,495.275,614.813,14.907,-0.304,0.180
341.8778,6.000,485.765,623.098,6.009,-6.632,0.180
341.9788,5.000,481.638,626.783,2.103,-7.965,0.180
342.0763,5.000,489.264,621.781,8.417,-1.677,0.180
342.1744,4.000,481.356,629.520,0.593,-6.921,0.180
342.2732,4.000,488.269,625.463,6.078,-1.457,0.180
342.3812,3.000,480.280,633.480,-1.924,-6.875,0.180
342.4778,3.000,487.235,629.548,3.519,-1.447,0.180
342.5745,3.000,489.678,629.675,4.677,-0.305,0.180
342.6824,3.000,491.027,630.511,4.934,-0.064,0.180
342.7815,3.000,492.022,631.373,5.000,-0.014,0.180
342.8790,3.000,492.837,632.136,5.026,-0.003,0.180
342.9754,3.000,493.526,632.789,5.044,-0.001,0.180
343.0834,3.000,494.112,633.343,5.060,-0.000,0.180
343.1803,3.000,494.612,633.812,5.076,-0.000,0.180
343.2803,3.000,495.040,634.208,5.091,-0.000,0.180
343.3804,3.000,495.405,634.543,5.107,-0.000,0.180
343.4778,2.000,485.345,642.798,-4.051,-6.568,0.180
343.5751,1.000,480.900,646.309,-8.029,-7.951,0.180
343.6729,-0.000,477.912,649.103,-10.920,-8.242,0.180
343.7807,-1.000,474.863,651.387,-13.586,-8.304,0.180
343.8779,-3.000,460.641,660.759,-25.383,-14.885,0.180
343.9758,-4.000,462.342,657.336,-22.821,-9.702,0.180
344.0738,-5.000,459.775,657.838,-24.356,-8.611,0.180
344.1822,-7.000,445.223,666.436,-35.931,-14.950,0.180
344.2800,-8.000,446.485,662.513,-33.339,-9.716,0.180
344.3787,-9.000,443.509,662.627,-34.884,-8.614,0.180
344.4740,-9.000,450.546,656.157,-28.130,-1.813,0.180
344.5832,-9.000,452.172,655.013,-26.745,-0.382,0.180
344.6799,-9.000,452.631,654.963,-26.491,-0.080,0.180
344.7774,-9.000,452.822,655.121,-26.474,-0.017,0.180
344.8740,-9.000,452.936,655.302,-26.507,-0.004,0.180
344.9744,-8.000,460.992,645.099,-17.378,6.568,0.180
345.0741,-8.000,456.352,650.912,-22.604,1.383,0.180
345.1825,-8.000,455.718,652.544,-23.738,0.291,0.180
345.2806,-8.000,455.871,653.240,-24.009,0.061,0.180
345.3805,-8.000,456.141,653.690,-24.099,0.013,0.180
345.4790,-7.000,464.369,643.675,-14.977,6.571,0.180
345.5783,-7.000,459.886,649.639,-20.201,1.383,0.180
345.6754,-7.000,459.386,651.397,-21.330,0.291,0.180
345.7730,-6.000,467.629,641.825,-12.423,6.630,0.180
345.8803,-5.000,471.272,637.651,-8.514,7.964,0.180
345.9804,-5.000,466.233,645.239,-14.828,1.677,0.180
346.0792,-4.000,473.940,637.299,-7.004,6.921,0.180
346.1755,-4.000,469.856,644.184,-12.489,1.457,0.180
346.2748,-4.000,469.875,646.546,-13.660,0.307,0.180
346.3824,-4.000,470.625,647.821,-13.923,0.065,0.180
346.4801,-4.000,471.413,648.754,-13.995,0.014,0.180
346.5801,-4.000,472.113,649.516,-14.026,0.003,0.180
346.6775,-4.000,472.711,650.161,-14.049,0.001,0.180
346.7753,-4.000,473.218,650.711,-14.071,0.000,0.180
346.8734,-6.000,451.699,665.928,-32.439,-13.137,0.180
346.9809,-6.000,462.361,655.909,-22.099,-2.766,0.180
347.0794,-7.000,453.813,661.404,-29.120,-7.151,0.180
347.1781,-7.000,459.624,655.998,-23.511,-1.505,0.180
347.2753,-8.000,449.975,662.392,-31.533,-6.885,0.180
347.3732,-9.000,444.512,664.487,-35.312,-8.018,0.180
347.4806,-9.000,450.864,658.273,-29.029,-1.688,0.180
347.5817,-9.000,452.208,657.046,-27.743,-0.355,0.180
347.6786,-10.000,441.518,664.235,-36.683,-6.643,0.180
347.7773,-11.000,435.749,666.428,-40.664,-7.967,0.180
347.8748,-11.000,441.962,660.176,-34.432,-1.677,0.180
347.9747,-12.000,432.239,666.266,-42.338,-6.922,0.180
348.0737,-12.000,437.597,660.820,-36.936,-1.457,0.180
348.1724,-13.000,427.673,667.068,-45.022,-6.875,0.180
348.2812,-13.000,432.972,661.646,-39.662,-1.447,0.180
348.3785,-14.000,423.021,667.892,-47.760,-6.873,0.180
348.4751,-14.000,428.299,662.464,-42.407,-1.447,0.180
348.5802,-14.000,429.305,661.331,-41.337,-0.305,0.180
348.6800,-14.000,429.419,661.109,-41.170,-0.064,0.180
348.7768,-14.000,429.351,661.086,-41.192,-0.014,0.180
348.8758,-14.000,429.250,661.109,-41.254,-0.003,0.180
348.9709,-13.000,437.120,650.773,-32.151,6.568,0.180
349.0786,-12.000,440.292,646.103,-28.230,7.951,0.180
349.1760,-10.000,450.764,632.560,-16.222,14.811,0.180
349.2757,-9.000,448.688,635.625,-18.793,9.686,0.180
349.3716,-7.000,458.861,624.492,-8.140,15.176,0.180
349.4716,-7.000,449.436,639.102,-20.158,3.195,0.180
349.5799,-5.000,465.028,623.117,-4.369,13.809,0.180
349.6766,-4.000,464.906,626.505,-6.124,9.476,0.180
349.7752,-3.000,468.266,626.521,-4.452,8.563,0.180
349.8735,-2.000,472.398,625.858,-2.054,8.371,0.180
349.9724,-2.000,468.753,635.452,-8.673,1.762,0.180
350.0788,-2.000,469.880,639.382,-10.075,0.371,0.180
350.1774,-1.000,479.700,631.460,-1.205,6.647,0.180
350.2740,-0.000,484.727,628.646,2.716,7.968,0.180
350.3713,-0.000,480.878,637.377,-3.574,1.677,0.180
350.4798,1.000,489.002,629.802,4.275,6.922,0.180
350.5800,1.000,485.276,636.995,-1.184,1.457,0.180
350.6780,1.000,485.604,639.614,-2.329,0.307,0.180
350.7751,1.000,486.620,641.103,-2.566,0.065,0.180
350.8720,1.000,487.638,642.213,-2.612,0.014,0.180
350.9803,1.000,488.538,643.124,-2.617,0.003,0.180
351.0753,1.000,489.310,643.890,-2.614,0.001,0.180
351.1744,1.000,489.968,644.539,-2.610,0.000,0.180
351.2745,2.000,497.903,634.116,6.569,6.568,0.180
351.3741,3.000,566.065,594.349,15.728,12.911,0.320
351.4718,4.000,602.154,586.331,19.860,14.220,0.320
351.5706,4.000,613.877,606.243,8.596,2.934,0.320
351.6699,5.000,642.712,605.233,20.651,12.161,0.320
351.7803,4.000,634.507,642.703,-3.334,-9.046,0.320
351.8793,4.000,658.493,651.368,3.868,-1.867,0.320
351.9760,4.000,676.444,665.944,5.372,-0.385,0.320
352.0748,3.000,677.616,695.035,-8.661,-11.635,0.320
352.1721,2.000,688.204,715.785,-13.771,-13.956,0.320
352.2712,1.000,701.068,735.173,-17.044,-14.435,0.320
352.3787,-1.000,698.407,767.022,-34.304,-26.090,0.320
352.4760,-3.000,704.340,788.995,-42.326,-28.495,0.320
352.5732,-5.000,711.624,808.525,-48.450,-28.991,0.320
352.6799,-7.000,718.826,827.210,-54.192,-29.093,0.320
352.7786,-10.000,709.422,857.872,-74.225,-40.670,0.320
352.8755,-12.000,725.004,866.454,-70.725,-31.503,0.320
352.9754,-14.000,733.034,882.058,-74.512,-29.612,0.320
353.0722,-17.000,723.046,911.390,-94.172,-40.777,0.320
353.1698,-20.000,721.690,931.443,-104.876,-43.081,0.320
353.2783,-22.000,738.164,936.956,-99.396,-32.001,0.320
353.3770,-24.000,745.742,951.162,-102.710,-29.714,0.320
353.4742,-26.000,751.419,967.095,-107.838,-29.243,0.320
353.5721,-28.000,756.648,983.330,-113.341,-29.145,0.320
353.6695,-30.000,761.738,999.579,-118.921,-29.125,0.320
353.7771,-33.000,750.483,1028.227,-138.872,-40.677,0.320
353.8750,-34.000,780.769,1022.658,-120.945,-19.949,0.320
353.9744,-37.000,762.168,1058.525,-148.179,-38.783,0.320
354.0722,-38.000,790.898,1054.405,-131.754,-19.558,0.320
354.1706,-40.000,772.300,1062.185,-144.942,-27.147,0.320
354.2703,-41.000,775.972,1051.478,-137.753,-17.157,0.320
354.3793,-43.000,755.548,1061.242,-152.847,-26.652,0.320
354.4772,-44.000,758.894,1050.995,-146.050,-17.055,0.320
354.5749,-45.000,754.722,1048.462,-146.870,-15.075,0.320
354.6728,-46.000,749.060,1047.584,-149.262,-14.666,0.320
354.7706,-47.000,743.145,1047.100,-151.977,-14.582,0.320
354.8698,-47.000,753.499,1034.308,-140.404,-3.009,0.320
354.9794,-48.000,738.575,1043.318,-152.372,-12.176,0.320
355.0768,-49.000,730.950,1045.077,-157.064,-14.068,0.320
355.1754,-49.000,741.122,1032.919,-145.898,-2.903,0.320
355.2730,-49.000,742.582,1029.771,-143.594,-0.599,0.320
355.3700,-49.000,742.340,1028.578,-143.119,-0.124,0.320
355.4782,-49.000,741.828,1027.870,-143.021,-0.026,0.320
355.5763,-49.000,741.330,1027.331,-143.001,-0.005,0.320
355.6749,-49.000,740.893,1026.886,-142.996,-0.001,0.320
355.7725,-50.000,724.244,1038.946,-157.351,-11.556,0.320
355.8697,-49.000,746.240,1013.889,-133.824,9.171,0.320
355.9702,-49.000,739.161,1021.367,-141.103,1.892,0.320
356.0694,-49.000,737.828,1023.038,-142.605,0.391,0.320
356.1787,-49.000,737.662,1023.492,-142.915,0.081,0.320
356.2774,-48.000,750.996,1008.243,-128.623,11.572,0.320
356.3756,-47.000,755.773,1002.677,-123.452,13.943,0.320
356.4728,-46.000,759.148,999.473,-120.163,14.433,0.320
356.5708,-46.000,749.265,1012.500,-131.617,2.978,0.320
356.6781,-45.000,761.514,1000.764,-119.625,12.170,0.320
356.7769,-44.000,766.849,996.706,-114.929,14.067,0.320
356.8753,-43.000,771.002,994.477,-111.737,14.458,0.320
356.9733,-41.000,788.397,977.398,-94.501,26.095,0.320
357.0712,-40.000,784.096,985.807,-100.855,16.940,0.320
357.1684,-39.000,787.174,987.062,-99.944,15.051,0.320
357.2752,-37.000,805.121,971.478,-83.179,26.217,0.320
357.3757,-35.000,814.869,965.417,-75.274,28.521,0.320
357.4730,-34.000,810.076,977.185,-83.555,17.441,0.320
357.5721,-32.000,827.249,964.620,-68.685,26.710,0.320
357.6696,-30.000,837.561,959.906,-61.173,28.623,0.320
357.7702,-28.000,846.774,957.130,-55.178,29.017,0.320
357.8777,-27.000,842.756,970.460,-63.852,17.543,0.320
357.9758,-26.000,847.566,974.406,-63.420,15.176,0.320
358.0735,-25.000,854.019,976.235,-61.108,14.687,0.320
358.1730,-24.000,860.658,977.476,-58.409,14.586,0.320
358.2701,-23.000,867.206,978.466,-55.630,14.565,0.320
358.3679,-21.000,886.900,963.858,-38.479,26.117,0.320
358.4776,-20.000,884.610,974.312,-44.851,16.945,0.320
358.5766,-18.000,902.582,961.959,-29.689,26.608,0.320
358.6746,-17.000,900.034,973.124,-36.545,17.046,0.320
358.7718,-15.000,918.134,961.028,-21.447,26.629,0.320
358.8696,-14.000,915.749,972.356,-28.303,17.050,0.320
358.9689,-12.000,934.002,960.385,-13.192,26.629,0.320
359.0784,-10.000,945.033,956.375,-5.671,28.606,0.320
359.1776,-8.000,954.819,954.235,0.292,29.014,0.320
359.2755,-6.000,964.559,952.674,5.943,29.098,0.320
359.3720,-5.000,961.190,966.837,-2.823,17.560,0.320
359.4700,-3.000,979.874,956.006,11.934,26.735,0.320
359.5679,-2.000,978.259,968.137,5.061,17.072,0.320
359.6795,-0.000,997.230,956.785,20.223,26.634,0.320
359.7769,1.000,994.771,967.879,13.446,17.051,0.320
359.8755,3.000,1011.296,954.014,28.641,26.630,0.320
359.9736,4.000,1006.750,962.982,21.884,17.051,0.320
360.0711,6.000,1021.501,947.308,37.096,26.629,0.320
360.1695,7.000,1015.450,954.736,30.357,17.051,0.320
360.2768,8.000,1016.483,954.033,31.225,15.074,0.320
360.3736,10.000,1031.087,935.029,48.029,26.222,0.320
360.4741,11.000,1023.903,940.633,41.635,16.966,0.320
360.5740,13.000,1036.210,922.303,56.953,26.612,0.320
360.6720,14.000,1028.044,927.510,50.267,17.047,0.320
360.7724,16.000,1039.718,908.641,65.538,26.629,0.320
360.8751,16.000,1018.615,929.628,44.494,5.495,0.320
360.9740,17.000,1026.736,917.568,54.584,12.689,0.320
361.0692,18.000,1029.027,911.089,58.969,14.174,0.320
361.1770,19.000,1030.040,905.677,62.182,14.480,0.320
361.2765,19.000,1018.284,916.693,50.796,2.988,0.320
361.3752,19.000,1015.705,918.643,48.531,0.617,0.320
361.4711,20.000,1027.384,902.590,62.397,11.683,0.320
361.5687,19.000,1002.423,924.672,38.876,-9.145,0.320
361.6685,19.000,1010.064,917.584,46.240,-1.887,0.320
361.7680,19.000,1011.904,916.216,47.844,-0.389,0.320
361.8744,18.000,997.078,929.281,33.898,-11.636,0.320
361.9731,18.000,1007.165,920.698,43.234,-2.401,0.320
362.0715,18.000,1009.811,919.330,45.240,-0.495,0.320
362.1672,18.000,1010.848,919.380,45.734,-0.102,0.320
362.2754,18.000,1011.492,919.659,45.916,-0.021,0.320
362.3733,17.000,996.561,933.216,31.673,-11.560,0.320
362.4706,17.000,1006.746,924.861,40.942,-2.385,0.320
362.5694,16.000,994.072,936.933,28.570,-12.048,0.320
362.6661,16.000,1004.967,928.525,38.221,-2.486,0.320
362.7741,15.000,992.645,940.800,25.922,-12.069,0.320
362.8719,15.000,1003.788,932.619,35.585,-2.490,0.320
362.9789,14.000,991.666,945.098,23.284,-12.069,0.320
363.0755,13.000,987.533,950.373,18.580,-14.046,0.320
363.1727,13.000,1000.740,941.139,29.801,-2.898,0.320
363.2703,13.000,1004.801,940.453,32.174,-0.598,0.320
363.3673,13.000,1006.783,941.341,32.721,-0.123,0.320
363.4746,12.000,992.732,955.671,18.531,-11.581,0.320
363.5724,12.000,1003.609,948.031,27.789,-2.390,0.320
363.6721,11.000,991.508,960.724,15.392,-12.049,0.320
363.7719,11.000,1002.883,952.852,25.016,-2.486,0.320
363.8706,10.000,990.966,965.587,12.690,-12.069,0.320
363.9672,10.000,1002.448,957.800,22.324,-2.490,0.320
364.0753,9.000,990.609,970.619,9.995,-12.069,0.320
364.1658,9.000,1002.155,962.906,19.624,-2.491,0.320
364.2746,8.000,990.370,975.790,7.290,-12.069,0.320
364.3725,7.000,986.520,981.414,2.553,-14.046,0.320
364.4705,7.000,999.961,972.481,13.740,-2.898,0.320
364.5697,6.000,988.775,985.338,1.718,-12.154,0.320
364.6690,6.000,1000.664,977.869,11.397,-2.508,0.320
364.7673,5.000,989.126,991.005,-0.940,-12.073,0.320
364.8668,5.000,1000.915,983.575,8.670,-2.491,0.320
364.9753,5.000,1004.772,983.422,10.675,-0.514,0.320
365.0714,5.000,1006.783,984.560,11.111,-0.106,0.320
365.1675,5.000,1008.233,985.786,11.224,-0.022,0.320
365.2761,5.000,1009.416,986.878,11.269,-0.005,0.320
365.3738,4.000,994.973,1001.094,-3.061,-11.556,0.320
365.4735,4.000,1005.571,993.304,6.134,-2.385,0.320
365.5723,4.000,1008.679,992.582,8.049,-0.492,0.320
365.6729,3.000,994.665,1006.465,-5.900,-11.657,0.320
365.7737,3.000,1005.378,998.640,3.369,-2.405,0.320
365.8715,3.000,1008.531,997.942,5.295,-0.496,0.320
365.9725,2.000,994.544,1011.856,-8.656,-11.658,0.320
366.0693,2.000,1005.277,1004.061,0.608,-2.406,0.320
366.1691,2.000,1008.446,1003.389,2.528,-0.496,0.320
366.2751,2.000,1009.912,1004.045,2.933,-0.102,0.320
366.3736,1.000,995.465,1018.136,-11.335,-11.577,0.320
366.4714,1.000,1006.008,1010.291,-2.142,-2.389,0.320
366.5678,-0.000,993.614,1022.817,-14.601,-12.048,0.320
366.6672,-0.000,1004.733,1014.812,-5.039,-2.486,0.320
366.7755,-0.000,997.242,999.484,-1.121,-0.710,0.180
366.8731,-1.000,982.845,987.545,-2.350,-1.489,0.180
366.9727,-1.000,972.305,974.880,-1.287,-0.425,0.180
367.0681,-1.000,960.836,962.805,-0.985,-0.122,0.180
367.1656,-1.000,949.006,950.803,-0.899,-0.035,0.180
367.2741,-1.000,936.991,938.741,-0.875,-0.010,0.180
367.3718,-1.000,924.855,926.592,-0.869,-0.003,0.180
367.4701,-1.000,912.625,914.360,-0.867,-0.001,0.180
367.5679,-1.000,900.318,902.054,-0.868,-0.000,0.180
367.6738,-1.000,887.947,889.684,-0.868,-0.000,0.180
367.7715,-1.000,875.522,877.261,-0.869,-0.000,0.180
367.8692,-1.000,863.050,864.791,-0.870,-0.000,0.180
367.9656,-1.000,850.540,852.282,-0.871,-0.000,0.180
368.0723,-1.000,837.995,839.739,-0.872,-0.000,0.180
368.1722,-1.000,825.423,827.169,-0.873,-0.000,0.180
368.2728,-1.000,812.826,814.574,-0.874,-0.000,0.180
368.3712,-1.000,800.209,801.958,-0.875,-0.000,0.180
368.4700,-1.000,787.574,789.325,-0.876,-0.000,0.180
368.5691,-1.000,774.925,776.678,-0.877,-0.000,0.180
368.6666,-1.000,762.263,764.018,-0.877,-0.000,0.180
368.7647,-1.000,749.590,751.347,-0.878,-0.000,0.180
368.8710,-1.000,736.908,738.667,-0.879,-0.000,0.180
368.9702,-1.000,724.219,725.979,-0.880,-0.000,0.180
369.0677,-1.000,711.523,713.285,-0.881,-0.000,0.180
369.1656,-1.000,698.821,700.585,-0.882,-0.000,0.180
369.2748,-1.000,686.115,687.880,-0.883,-0.000,0.180
369.3645,-1.000,673.404,675.172,-0.884,-0.000,0.180
369.4738,-1.000,660.690,662.460,-0.885,-0.000,0.180
369.5729,-1.000,647.974,649.745,-0.886,-0.000,0.180
369.6707,-1.000,635.254,637.027,-0.886,-0.000,0.180
369.7676,-1.000,622.533,624.308,-0.887,-0.000,0.180
369.8655,-1.000,609.810,611.586,-0.888,-0.000,0.180
369.9738,-1.000,597.085,598.863,-0.889,-0.000,0.180
370.0721,-1.000,584.359,586.139,-0.890,-0.000,0.180
370.1705,-0.000,571.929,570.237,0.846,1.286,0.180
370.2686,-0.000,571.292,571.437,-0.073,0.367,0.180
370.3655,-0.000,571.268,571.938,-0.335,0.105,0.180
370.4745,-0.000,571.397,572.217,-0.410,0.030,0.180
370.5722,1.000,571.725,569.114,1.305,1.294,0.180
370.6689,1.000,571.122,570.359,0.382,0.370,0.180
370.7663,1.000,571.131,570.895,0.118,0.106,0.180
370.8655,1.000,571.288,571.201,0.044,0.030,0.180
370.9643,1.000,571.465,571.419,0.023,0.009,0.180
371.0733,2.000,571.804,568.295,1.754,1.288,0.180
371.1701,2.000,571.202,569.529,0.836,0.368,0.180
371.2689,2.000,571.210,570.059,0.575,0.105,0.180
371.3653,2.000,571.365,570.361,0.502,0.030,0.180
371.4745,2.000,571.539,570.575,0.482,0.009,0.180
371.5715,2.000,571.700,570.745,0.478,0.002,0.180
371.6700,3.000,572.017,567.588,2.214,1.286,0.180
371.7663,3.000,571.394,568.798,1.298,0.368,0.180
371.8649,3.000,571.384,569.307,1.038,0.105,0.180
371.9644,3.000,571.524,569.591,0.966,0.030,0.180
372.0735,3.000,571.685,569.790,0.947,0.009,0.180
372.1691,3.000,571.835,569.947,0.944,0.002,0.180
372.2692,3.000,571.966,570.076,0.945,0.001,0.180
372.3688,4.000,572.255,566.888,2.684,1.286,0.180
372.4677,4.000,571.608,568.071,1.769,0.367,0.180
372.5667,4.000,571.577,568.557,1.510,0.105,0.180
372.6727,4.000,571.700,568.822,1.439,0.030,0.180
372.7702,4.000,571.846,569.005,1.421,0.009,0.180
372.8685,4.000,571.984,569.147,1.418,0.002,0.180
372.9698,4.000,572.104,569.264,1.420,0.001,0.180
373.0675,4.000,572.209,569.362,1.423,0.000,0.180
373.1653,4.000,572.298,569.445,1.427,0.000,0.180
373.2730,3.000,569.198,569.811,-0.306,-1.286,0.180
373.3700,3.000,570.457,569.228,0.615,-0.367,0.180
373.4666,3.000,571.010,569.250,0.880,-0.105,0.180
373.5637,3.000,571.332,569.417,0.957,-0.030,0.180
373.6716,3.000,571.563,569.600,0.982,-0.009,0.180
373.7692,3.000,571.749,569.768,0.990,-0.002,0.180
373.8673,3.000,571.903,569.913,0.995,-0.001,0.180
373.9653,2.000,568.857,570.334,-0.739,-1.286,0.180
374.0635,2.000,570.162,569.798,0.182,-0.367,0.180
374.1627,2.000,570.753,569.861,0.446,-0.105,0.180
374.2728,2.000,571.107,570.062,0.523,-0.030,0.180
374.3729,2.000,571.367,570.275,0.546,-0.009,0.180
374.4709,2.000,571.575,570.467,0.554,-0.002,0.180
374.5712,2.000,571.749,570.634,0.557,-0.001,0.180
374.6686,2.000,571.896,570.777,0.560,-0.000,0.180
374.7656,2.000,572.022,570.898,0.562,-0.000,0.180
374.8631,1.000,568.952,571.298,-1.173,-1.286,0.180
374.9638,1.000,570.236,570.744,-0.254,-0.367,0.180
375.0749,1.000,570.809,570.791,0.009,-0.105,0.180
375.1730,1.000,571.149,570.978,0.085,-0.030,0.180
375.2724,1.000,571.396,571.180,0.108,-0.009,0.180
375.3712,1.000,571.593,571.364,0.115,-0.002,0.180
375.4667,1.000,571.758,571.523,0.117,-0.001,0.180
375.5649,1.000,571.897,571.659,0.119,-0.000,0.180
375.6717,1.000,572.015,571.775,0.120,-0.000,0.180
375.7682,1.000,572.115,571.874,0.121,-0.000,0.180
375.8662,1.000,572.201,571.958,0.122,-0.000,0.180
375.9666,1.000,572.274,572.029,0.122,-0.000,0.180
376.0646,1.000,572.336,572.089,0.123,-0.000,0.180
376.1630,-0.000,569.212,572.436,-1.612,-1.286,0.180
376.2726,-0.000,570.450,571.838,-0.694,-0.367,0.180
376.3703,-0.000,570.985,571.848,-0.432,-0.105,0.180
376.4682,-0.000,571.291,572.004,-0.357,-0.030,0.180
376.5668,-1.000,568.212,572.356,-2.072,-1.294,0.180
376.6646,-2.000,566.180,571.950,-2.885,-1.656,0.180
376.7719,-2.000,567.825,571.233,-1.704,-0.473,0.180
376.8704,-3.000,565.259,571.468,-3.105,-1.421,0.180
376.9663,-3.000,566.780,570.965,-2.092,-0.406,0.180
377.0635,-4.000,564.204,571.287,-3.542,-1.402,0.180
377.1720,-4.000,565.743,570.832,-2.544,-0.400,0.180
377.2713,-5.000,563.190,571.186,-3.998,-1.400,0.180
377.3701,-6.000,561.454,570.933,-4.739,-1.686,0.180
377.4680,-6.000,563.308,570.389,-3.541,-0.482,0.180
377.5669,-6.000,564.203,570.607,-3.202,-0.138,0.180
377.6641,-6.000,564.769,570.987,-3.109,-0.039,0.180
377.7646,-6.000,565.193,571.366,-3.086,-0.011,0.180
377.8633,-6.000,565.538,571.705,-3.084,-0.003,0.180
377.9613,-5.000,566.122,568.822,-1.350,1.285,0.180
378.0691,-5.000,565.723,570.268,-2.273,0.367,0.180
378.1658,-5.000,565.900,570.979,-2.539,0.105,0.180
378.2638,-4.000,566.495,568.259,-0.882,1.316,0.180
378.3713,-3.000,566.446,566.623,-0.089,1.662,0.180
378.4706,-2.000,566.336,565.420,0.458,1.760,0.180
378.5703,-2.000,566.019,567.621,-0.801,0.503,0.180
378.6678,-1.000,566.755,565.606,0.575,1.429,0.180
378.7669,-0.000,566.987,564.408,1.289,1.694,0.180
378.8633,-0.000,566.866,566.707,0.079,0.484,0.180
378.9705,2.000,567.799,561.386,3.207,2.710,0.180
379.0710,2.000,567.000,564.454,1.273,0.774,0.180
379.1688,3.000,567.590,562.674,2.458,1.507,0.180
379.2672,4.000,567.687,561.445,3.121,1.716,0.180
379.3644,5.000,567.660,560.389,3.636,1.776,0.180
379.4637,6.000,567.613,559.397,4.108,1.793,0.180
379.5618,6.000,567.395,561.730,2.833,0.512,0.180
379.6711,7.000,568.111,559.693,4.209,1.432,0.180
379.7689,8.000,568.209,558.352,4.929,1.695,0.180
379.8668,9.000,568.154,557.230,5.462,1.770,0.180
379.9634,10.000,568.074,556.190,5.942,1.791,0.180
380.0607,11.000,568.004,555.188,6.408,1.798,0.180
380.1682,12.000,567.951,554.209,6.871,1.799,0.180
380.2653,12.000,567.739,556.546,5.596,0.514,0.180
380.3654,13.000,568.461,554.508,6.977,1.433,0.180
380.4620,14.000,568.567,553.164,7.702,1.695,0.180
380.5619,15.000,568.279,552.279,8.000,1.770,0.180
380.6706,16.000,567.721,551.721,8.000,1.791,0.180
380.7680,16.000,568.208,553.286,7.461,0.512,0.180
380.8660,17.000,568.059,552.059,8.000,1.432,0.180
380.9644,18.000,567.414,551.414,8.000,1.695,0.180
381.0635,18.000,568.365,552.365,8.000,0.484,0.180
381.1607,19.000,567.614,551.614,8.000,1.424,0.180
381.2677,20.000,566.916,550.916,8.000,1.693,0.180
381.3695,20.000,567.822,551.822,8.000,0.484,0.180
381.4690,20.000,568.593,552.593,8.000,0.138,0.180
381.5683,20.000,569.247,553.247,8.000,0.039,0.180
381.6648,20.000,569.804,553.804,8.000,0.011,0.180
381.7629,20.000,570.277,554.277,8.000,0.003,0.180
381.8606,21.000,569.119,553.119,8.000,1.287,0.180
381.9706,21.000,569.635,553.635,8.000,0.368,0.180
382.0684,21.000,570.074,554.074,8.000,0.105,0.180
382.1691,22.000,568.886,552.886,8.000,1.316,0.180
382.2667,22.000,569.377,553.377,8.000,0.376,0.180
382.3635,22.000,569.794,553.794,8.000,0.107,0.180
382.4701,22.000,570.149,554.149,8.000,0.031,0.180
382.5675,23.000,568.890,552.890,8.000,1.294,0.180
382.6649,23.000,569.321,553.321,8.000,0.370,0.180
382.7625,23.000,569.686,553.686,8.000,0.106,0.180
382.8602,24.000,568.437,552.437,8.000,1.316,0.180
382.9677,24.000,568.875,552.875,8.000,0.376,0.180
383.0642,24.000,569.248,553.248,8.000,0.107,0.180
383.1610,24.000,569.564,553.564,8.000,0.031,0.180
383.2694,24.000,569.833,553.833,8.000,0.009,0.180
383.3699,24.000,570.062,554.062,8.000,0.003,0.180
383.4679,24.000,570.257,554.257,8.000,0.001,0.180
383.5656,24.000,570.422,554.422,8.000,0.000,0.180
383.6630,24.000,570.562,554.562,8.000,0.000,0.180
383.7603,24.000,570.682,554.682,8.000,0.000,0.180
383.8602,24.000,570.783,554.783,8.000,0.000,0.180
383.9677,24.000,570.869,554.869,8.000,0.000,0.180
384.0659,24.000,570.943,554.943,8.000,0.000,0.180
384.1626,23.000,569.565,553.565,8.000,-1.286,0.180
384.2610,23.000,569.894,553.894,8.000,-0.367,0.180
384.3595,22.000,568.734,552.734,8.000,-1.391,0.180
384.4602,22.000,569.247,553.247,8.000,-0.397,0.180
384.5690,22.000,569.684,553.684,8.000,-0.114,0.180
384.6669,21.000,568.561,552.670,7.946,-1.318,0.180
384.7639,21.000,569.207,553.207,8.000,-0.377,0.180
410.7730,21.000,738.337,-708.654,723.496,664.696,0.320
410.8595,21.000,224.729,-167.190,195.959,137.159,0.320
410.9555,21.000,129.024,-45.182,87.103,28.303,0.320
411.0531,20.000,104.698,4.129,50.285,-5.715,0.320
411.1520,20.000,121.165,11.524,54.821,-1.179,0.320
411.2590,20.000,133.556,22.043,55.757,-0.243,0.320
411.3545,20.000,144.799,32.899,55.950,-0.050,0.320
411.4550,20.000,155.738,43.759,55.990,-0.010,0.320
411.5551,19.000,152.069,68.571,41.749,-11.558,0.320
411.6533,19.000,174.221,72.166,51.028,-2.385,0.320
411.7618,19.000,189.550,83.496,53.027,-0.492,0.320
411.8580,19.000,203.765,96.717,53.524,-0.102,0.320
411.9582,18.000,202.558,123.858,39.350,-11.577,0.320
412.0560,18.000,226.756,129.479,48.638,-2.389,0.320
412.1545,18.000,243.813,142.543,50.635,-0.493,0.320
412.2530,18.000,259.494,157.240,51.127,-0.102,0.320
412.3510,17.000,259.532,185.637,36.947,-11.577,0.320
412.4590,17.000,284.787,192.326,46.230,-2.389,0.320
412.5580,17.000,302.742,206.299,48.221,-0.493,0.320
412.6547,16.000,303.744,235.051,34.347,-11.657,0.320
412.7551,16.000,329.618,242.242,43.688,-2.405,0.320
412.8539,15.000,332.615,269.964,31.326,-12.052,0.320
412.9515,15.000,359.208,277.258,40.975,-2.487,0.320
413.0494,15.000,378.054,291.990,43.032,-0.513,0.320
413.1577,14.000,379.763,321.437,29.163,-11.661,0.320
413.2551,14.000,406.225,329.233,38.496,-2.406,0.320
413.3530,13.000,409.718,357.472,26.123,-12.052,0.320
413.4498,12.000,421.289,378.489,21.400,-14.042,0.320
413.5590,11.000,434.797,398.296,18.251,-14.453,0.320
413.6563,10.000,448.935,418.091,15.422,-14.538,0.320
413.7522,9.000,463.396,438.086,12.655,-14.555,0.320
413.8501,8.000,478.089,458.296,9.896,-14.559,0.320
413.9581,7.000,492.968,478.699,7.135,-14.560,0.320
414.0557,7.000,523.445,485.987,18.729,-3.004,0.320
414.1583,6.000,528.865,515.281,6.792,-12.176,0.320
414.2552,6.000,557.202,524.226,16.488,-2.512,0.320
414.3524,6.000,577.462,540.430,18.516,-0.518,0.320
414.4508,5.000,580.351,571.151,4.600,-11.663,0.320
414.5491,5.000,607.806,580.038,13.884,-2.407,0.320
414.6578,5.000,627.577,595.933,15.822,-0.497,0.320
414.7555,5.000,645.544,613.056,16.244,-0.102,0.320
414.8533,5.000,662.954,630.248,16.353,-0.021,0.320
414.9532,4.000,664.651,660.577,2.037,-11.560,0.320
415.0496,4.000,691.346,668.879,11.234,-2.385,0.320
415.1571,4.000,710.523,684.224,13.149,-0.492,0.320
415.2547,4.000,727.995,700.870,13.562,-0.102,0.320
415.3522,3.000,729.545,730.936,-0.696,-11.577,0.320
415.4491,2.000,740.632,752.336,-5.852,-13.944,0.320
415.5567,1.000,753.963,772.234,-9.135,-14.433,0.320
415.6542,1.000,783.433,778.783,2.325,-2.978,0.320
415.7551,-0.000,788.057,807.391,-9.667,-12.170,0.320
415.8532,-0.000,815.726,815.743,-0.008,-2.511,0.320
415.9502,-1.000,819.135,843.887,-12.376,-12.074,0.320
416.0578,-1.000,846.009,851.607,-2.799,-2.491,0.320
416.1555,-2.000,848.789,879.167,-15.189,-12.070,0.320
416.2535,-2.000,875.139,886.381,-5.621,-2.491,0.320
416.3512,-3.000,877.475,913.508,-18.017,-12.069,0.320
416.4482,-3.000,903.446,920.355,-8.455,-2.491,0.320
416.5561,-4.000,905.460,947.172,-20.856,-12.069,0.320
416.6559,-4.000,931.157,953.756,-11.299,-2.491,0.320
416.7527,-5.000,932.937,980.349,-23.706,-12.069,0.320
416.8510,-6.000,942.153,999.186,-28.516,-14.046,0.320
416.9504,-6.000,969.076,1003.881,-17.402,-2.898,0.320
417.0523,-6.000,987.168,1017.439,-15.136,-0.598,0.320
417.1492,-7.000,971.251,1029.363,-29.056,-11.679,0.320
417.2575,-8.000,964.003,1032.377,-34.187,-13.966,0.320
417.3541,-8.000,974.742,1021.038,-23.148,-2.882,0.320
417.4499,-9.000,960.449,1030.983,-35.267,-12.150,0.320
417.5491,-9.000,969.693,1021.041,-25.674,-2.507,0.320
417.6572,-10.000,955.055,1031.247,-38.096,-12.073,0.320
417.7546,-10.000,964.197,1021.338,-28.570,-2.491,0.320
417.8525,-11.000,949.511,1031.531,-41.010,-12.070,0.320
417.9493,-11.000,958.619,1021.605,-31.493,-2.491,0.320
418.0477,-11.000,960.186,1019.342,-29.578,-0.514,0.320
418.1545,-11.000,960.236,1018.700,-29.232,-0.106,0.320
418.2533,-11.000,960.008,1018.426,-29.209,-0.022,0.320
418.3521,-11.000,959.750,1018.256,-29.253,-0.005,0.320
418.4489,-11.000,959.510,1018.133,-29.311,-0.001,0.320
418.5491,-11.000,959.295,1018.039,-29.372,-0.000,0.320
418.6484,-11.000,959.102,1017.970,-29.434,-0.000,0.320
418.7477,-11.000,958.929,1017.920,-29.495,-0.000,0.320
418.8562,-11.000,958.773,1017.886,-29.557,-0.000,0.320
418.9532,-11.000,958.631,1017.867,-29.618,-0.000,0.320
419.0515,-11.000,958.501,1017.861,-29.680,-0.000,0.320
419.1511,-11.000,958.381,1017.864,-29.742,-0.000,0.320
419.2507,-10.000,971.551,1002.435,-15.442,11.556,0.320
419.3495,-10.000,962.864,1012.202,-24.669,2.384,0.320
419.4482,-9.000,974.655,999.168,-12.256,12.048,0.320
419.5570,-9.000,966.016,1009.752,-21.868,2.486,0.320
419.6518,-9.000,964.818,1012.602,-23.892,0.513,0.320
419.7480,-9.000,965.063,1013.762,-24.349,0.106,0.320
419.8555,-8.000,978.807,999.052,-10.123,11.577,0.320
419.9527,-8.000,970.663,1009.375,-19.356,2.389,0.320
420.0508,-7.000,982.930,996.800,-6.935,12.049,0.320
420.1478,-7.000,974.697,1007.771,-16.537,2.486,0.320
420.2564,-6.000,987.130,995.506,-4.188,12.069,0.320
420.3553,-6.000,979.089,1006.689,-13.800,2.490,0.320
420.4517,-6.000,978.414,1010.035,-15.810,0.514,0.320
420.5492,-6.000,979.108,1011.611,-16.252,0.106,0.320
420.6572,-5.000,993.237,997.253,-2.008,11.577,0.320
420.7573,-5.000,985.422,1007.871,-11.225,2.389,0.320
420.8551,-5.000,984.690,1010.987,-13.149,0.493,0.320
420.9512,-5.000,985.284,1012.420,-13.568,0.102,0.320
421.0510,-6.000,969.755,1025.831,-28.038,-11.535,0.320
421.1487,-6.000,979.476,1017.310,-18.917,-2.380,0.320
421.2475,-6.000,981.841,1015.964,-17.062,-0.491,0.320
421.3558,-7.000,966.350,1028.483,-31.067,-11.657,0.320
421.4541,-7.000,975.798,1019.507,-21.854,-2.405,0.320
421.5525,-7.000,977.869,1017.838,-19.984,-0.496,0.320
421.6509,-7.000,978.395,1017.654,-19.630,-0.102,0.320
421.7468,-7.000,978.582,1017.757,-19.588,-0.021,0.320
421.8550,-7.000,978.683,1017.903,-19.610,-0.004,0.320
421.9535,-7.000,978.752,1018.044,-19.646,-0.001,0.320
422.0516,-7.000,978.803,1018.171,-19.684,-0.000,0.320
422.1493,-8.000,962.559,1030.727,-34.084,-11.556,0.320
422.2467,-8.000,971.617,1021.533,-24.958,-2.384,0.320
422.3531,-8.000,973.408,1019.628,-23.110,-0.492,0.320
422.4501,-8.000,973.704,1019.234,-22.765,-0.102,0.320
422.5468,-8.000,973.699,1019.157,-22.729,-0.021,0.320
422.6532,-9.000,957.354,1031.591,-37.118,-11.560,0.320
422.7510,-9.000,966.316,1022.305,-27.994,-2.385,0.320
422.8489,-9.000,968.021,1020.324,-26.151,-0.492,0.320
422.9477,-9.000,968.245,1019.867,-25.811,-0.102,0.320
423.0466,-9.000,968.175,1019.737,-25.781,-0.021,0.320
423.1532,-9.000,968.057,1019.686,-25.815,-0.004,0.320
423.2539,-9.000,967.938,1019.661,-25.862,-0.001,0.320
423.3531,-9.000,967.827,1019.650,-25.911,-0.000,0.320
423.4520,-9.000,967.725,1019.648,-25.962,-0.000,0.320
423.5504,-9.000,967.631,1019.655,-26.012,-0.000,0.320
423.6477,-8.000,980.824,1004.226,-11.701,11.556,0.320
423.7458,-7.000,985.439,998.551,-6.556,13.940,0.320
423.8555,-6.000,988.667,995.262,-3.298,14.432,0.320
423.9545,-6.000,978.654,1008.224,-14.785,2.978,0.320
424.0525,-5.000,990.791,996.433,-2.821,12.170,0.320
424.1508,-4.000,996.032,992.326,1.853,14.067,0.320
424.2471,-3.000,1000.109,990.053,5.028,14.458,0.320
424.3556,-3.000,990.884,1003.812,-6.464,2.983,0.320
424.4526,-2.000,1003.707,992.682,5.513,12.171,0.320
424.5506,-1.000,1009.537,989.131,10.203,14.067,0.320
424.6490,-0.000,1014.117,987.329,13.394,14.458,0.320
424.7474,1.000,1017.764,985.203,16.281,14.539,0.320
424.8561,2.000,1020.818,982.601,19.108,14.556,0.320
424.9541,3.000,1023.411,979.553,21.929,14.559,0.320
425.0509,3.000,1013.179,992.398,10.391,3.004,0.320
425.1492,4.000,1024.364,979.595,22.384,12.175,0.320
425.2482,5.000,1027.976,973.767,27.105,14.068,0.320
425.3460,6.000,1029.838,969.181,30.329,14.458,0.320
425.4541,6.000,1018.739,980.964,18.887,2.983,0.320
425.5524,7.000,1029.137,967.309,30.914,12.171,0.320
425.6504,7.000,1019.632,977.044,21.294,2.512,0.320
425.7476,7.000,1017.776,979.097,19.340,0.518,0.320
425.8453,8.000,1029.929,963.271,33.329,11.662,0.320
425.9534,8.000,1020.657,972.421,24.118,2.407,0.320
426.0517,8.000,1018.739,974.234,22.253,0.497,0.320
426.1507,8.000,1018.346,974.539,21.903,0.102,0.320
426.2481,8.000,1018.272,974.538,21.867,0.021,0.320
426.3463,7.000,1002.827,987.760,7.534,-11.551,0.320
426.4467,7.000,1012.589,979.108,16.740,-2.384,0.320
426.5551,7.000,1014.991,977.648,18.671,-0.492,0.320
426.6521,7.000,1015.822,977.620,19.101,-0.101,0.320
426.7504,7.000,1016.282,977.841,19.221,-0.021,0.320
426.8459,6.000,1001.186,991.356,4.915,-11.560,0.320
426.9525,6.000,1011.223,982.976,14.123,-2.385,0.320
427.0522,6.000,1013.853,981.753,16.050,-0.492,0.320
427.1494,6.000,1014.876,981.927,16.474,-0.102,0.320
427.2478,5.000,1000.058,995.603,2.227,-11.577,0.320
427.3463,5.000,1010.288,987.401,11.443,-2.389,0.320
427.4463,5.000,1013.074,986.340,13.367,-0.493,0.320
427.5545,4.000,998.785,999.935,-0.575,-11.657,0.320
