time_s,error_mm,left_rpm,right_rpm,pid_output,d_term,target_speed_ms
0.0003,-23.000,-776.254,823.746,-800.000,-752.727,0.400
0.0649,-23.000,-168.658,260.720,-214.689,-145.689,0.400
0.1731,-22.000,-15.511,149.659,-82.585,-16.585,0.400
0.2723,-22.000,17.851,156.271,-69.210,-3.210,0.400
0.3695,-22.000,39.530,172.773,-66.621,-0.621,0.400
0.4670,-22.000,58.772,191.012,-66.120,-0.120,0.400
0.5650,-22.000,78.618,210.665,-66.023,-0.023,0.400
0.6725,-22.000,99.244,231.253,-66.005,-0.005,0.400
0.7680,-21.000,134.145,236.921,-51.388,11.612,0.400
0.8661,-21.000,147.343,268.848,-60.753,2.247,0.400
0.9730,-21.000,168.528,293.658,-62.565,0.435,0.400
1.0680,-21.000,191.545,317.377,-62.916,0.084,0.400
1.1697,-21.000,215.160,341.127,-62.984,0.016,0.400
1.2654,-21.000,239.096,365.090,-62.997,0.003,0.400
1.3642,-20.000,276.834,373.607,-48.386,11.614,0.400
1.4728,-19.000,305.894,392.401,-43.253,13.861,0.400
1.5689,-19.000,320.261,429.351,-54.545,2.683,0.400
1.6651,-19.000,343.612,457.258,-56.823,0.519,0.400
1.7720,-18.000,382.253,467.726,-42.737,11.713,0.400
1.8700,-17.000,412.459,487.803,-37.672,13.880,0.400
1.9666,-17.000,427.853,525.788,-48.968,2.686,0.400
2.0720,-16.000,465.659,538.893,-36.617,12.133,0.400
2.1699,-15.000,496.305,560.062,-31.879,13.961,0.400
2.2668,-14.000,525.865,583.083,-28.609,14.315,0.400
2.3661,-14.000,541.904,622.379,-40.237,2.771,0.400
2.4641,-13.000,580.491,636.365,-27.937,12.149,0.400
2.5721,-12.000,611.848,658.235,-23.194,13.964,0.400
2.6693,-10.000,655.593,666.172,-5.289,25.929,0.400
2.7659,-9.000,676.976,700.258,-11.641,16.631,0.400
2.8736,-8.000,705.973,726.949,-10.488,14.832,0.400
2.9712,-8.000,722.951,767.946,-22.497,2.871,0.400
3.0691,-7.000,762.616,783.099,-10.241,12.169,0.400
3.1658,-6.000,794.947,805.903,-5.478,13.968,0.400
3.2636,-5.000,825.967,830.286,-2.160,14.316,0.400
3.3712,-4.000,856.827,855.059,0.884,14.384,0.400
3.4671,-3.000,887.736,879.978,3.879,14.397,0.400
3.5636,-2.000,918.722,904.984,6.869,14.399,0.400
3.6724,-2.000,936.215,945.725,-4.755,2.787,0.400
3.7704,-1.000,976.093,960.884,7.604,12.152,0.400
3.8697,-1.000,994.997,999.401,-2.202,2.352,0.400
3.9692,-1.000,1021.318,1029.528,-4.105,0.455,0.400
4.0682,-1.000,1048.755,1057.711,-4.478,0.088,0.400
4.1639,-2.000,1059.567,1097.915,-19.174,-11.596,0.400
4.2703,-3.000,1079.340,1128.246,-24.453,-13.857,0.400
4.3675,-3.000,1117.110,1143.702,-13.296,-2.682,0.400
4.4641,-3.000,1145.697,1167.999,-11.151,-0.519,0.400
4.5629,-4.000,1155.823,1206.562,-25.369,-11.713,0.400
4.6635,-3.000,1204.827,1207.484,-1.328,9.346,0.400
4.7637,-4.000,1207.242,1254.246,-23.502,-9.804,0.400
4.8732,-4.000,1241.344,1272.583,-15.620,-1.898,0.400
4.9731,-4.000,1243.492,1271.718,-14.113,-0.367,0.400
5.0702,-4.000,1244.309,1271.991,-13.841,-0.071,0.400
5.1670,-3.000,1258.375,1256.753,0.811,11.599,0.400
5.2648,-4.000,1233.435,1279.795,-23.180,-9.368,0.400
5.3646,-3.000,1255.229,1257.289,-1.030,9.800,0.400
5.4734,-2.000,1262.074,1250.739,5.668,13.510,0.400
5.5711,-2.000,1252.792,1263.271,-5.239,2.615,0.400
5.6702,-3.000,1235.484,1279.442,-21.979,-11.107,0.400
5.7704,-3.000,1245.440,1271.519,-13.040,-2.150,0.400
5.8675,-3.000,1248.020,1270.668,-11.324,-0.416,0.400
5.9657,-4.000,1232.503,1283.754,-25.625,-11.693,0.400
6.0626,-3.000,1255.945,1259.145,-1.600,9.350,0.400
6.1702,-2.000,1242.625,1262.788,1.585,9.547,0.240
6.2674,-3.000,1209.444,1285.616,-16.549,-5.569,0.240
6.3647,-2.000,1211.200,1274.131,-1.585,6.407,0.240
6.4639,-2.000,1195.688,1282.846,-6.655,1.349,0.240
6.5721,-3.000,1172.632,1294.996,-18.317,-7.295,0.240
6.6684,-3.000,1169.472,1290.359,-12.576,-1.536,0.240
6.7688,-3.000,1162.383,1289.293,-11.381,-0.323,0.240
6.8669,-5.000,1130.092,1305.923,-32.314,-15.226,0.240
6.9633,-7.000,1109.941,1310.035,-41.493,-18.363,0.240
7.0708,-8.000,1104.969,1302.246,-37.623,-11.445,0.240
7.1680,-5.000,1135.378,1255.262,3.119,20.327,0.240
7.2661,-3.000,1133.069,1246.154,8.211,19.437,0.240
7.3631,-3.000,1113.698,1260.293,-7.152,4.092,0.240
7.4728,-2.000,1115.711,1249.905,0.184,8.440,0.240
7.5709,-1.000,1114.678,1242.891,4.094,9.356,0.240
7.6686,-2.000,1091.483,1257.119,-13.883,-5.609,0.240
7.7668,-3.000,1079.863,1258.989,-20.052,-8.760,0.240
7.8646,-3.000,1082.909,1249.128,-13.154,-1.844,0.240
7.9717,-5.000,1055.586,1261.929,-32.886,-15.546,0.240
8.0688,-6.000,1051.275,1254.769,-31.228,-10.852,0.240
8.1658,-7.000,1043.130,1251.036,-33.282,-9.864,0.240
8.2629,-9.000,1021.711,1256.631,-46.706,-17.234,0.240
8.3697,-9.000,1030.751,1238.613,-33.154,-3.628,0.240
8.4659,-10.000,1016.623,1239.980,-40.929,-8.343,0.240
8.5638,-10.000,1018.533,1228.697,-34.402,-1.756,0.240
8.6622,-12.000,990.448,1240.086,-54.246,-15.528,0.240
8.7617,-12.000,997.913,1222.903,-42.059,-3.269,0.240
8.8709,-15.000,958.536,1241.691,-71.305,-23.425,0.240
8.9691,-16.000,959.726,1226.872,-63.487,-12.511,0.240
9.0683,-17.000,952.270,1220.615,-64.291,-10.213,0.240
9.1669,-18.000,942.975,1216.127,-66.915,-9.729,0.240
9.2656,-19.000,933.276,1211.983,-69.927,-9.627,0.240
9.3623,-20.000,923.596,1207.767,-72.906,-9.606,0.240
9.4693,-19.000,935.532,1183.093,-54.857,5.557,0.240
9.5679,-19.000,926.618,1182.652,-59.358,1.170,0.240
9.6640,-20.000,908.847,1187.342,-70.861,-7.333,0.240
9.7718,-19.000,919.356,1164.787,-54.607,6.035,0.240
9.8694,-19.000,910.376,1165.000,-59.485,1.271,0.240
9.9660,-19.000,905.057,1161.339,-60.603,0.267,0.240
10.0652,-19.000,900.442,1156.793,-60.928,0.056,0.240
10.1646,-20.000,883.656,1160.665,-71.551,-7.567,0.240
10.2624,-21.000,872.796,1158.420,-76.156,-9.172,0.240
10.3686,-21.000,875.502,1146.046,-68.915,-1.931,0.240
10.4676,-22.000,860.077,1148.126,-77.969,-7.985,0.240
10.5672,-22.000,861.748,1136.583,-71.665,-1.681,0.240
10.6667,-22.000,858.421,1129.992,-70.338,-0.354,0.240
10.7634,-22.000,854.026,1124.428,-70.059,-0.075,0.240
10.8640,-23.000,837.016,1127.845,-80.579,-7.595,0.240
10.9710,-23.000,838.279,1116.501,-74.583,-1.599,0.240
11.0694,-23.000,834.801,1109.882,-73.321,-0.337,0.240
11.1681,-23.000,830.320,1104.252,-73.055,-0.071,0.240
11.2656,-23.000,825.624,1098.826,-72.999,-0.015,0.240
11.3631,-22.000,830.259,1081.660,-62.408,7.576,0.240
11.4718,-22.000,819.999,1082.741,-68.389,1.595,0.240
11.5608,-22.000,814.385,1079.024,-69.648,0.336,0.240
11.6693,-21.000,819.080,1062.470,-59.334,7.650,0.240
11.7674,-21.000,809.048,1063.894,-65.374,1.610,0.240
11.8643,-21.000,803.665,1060.432,-66.645,0.339,0.240
11.9628,-21.000,799.186,1055.865,-66.913,0.071,0.240
12.0629,-21.000,794.833,1051.002,-66.969,0.015,0.240
12.1711,-21.000,790.451,1046.021,-66.981,0.003,0.240
12.2668,-21.000,786.018,1040.968,-66.983,0.001,0.240
12.3649,-21.000,781.534,1035.862,-66.984,0.000,0.240
12.4626,-20.000,786.385,1018.931,-56.405,7.579,0.240
12.5601,-20.000,776.315,1020.204,-62.388,1.596,0.240
12.6691,-20.000,770.865,1016.650,-63.648,0.336,0.240
12.7662,-20.000,766.321,1012.012,-63.913,0.071,0.240
12.8637,-20.000,761.912,1007.090,-63.969,0.015,0.240
12.9602,-19.000,766.747,990.394,-53.516,7.582,0.240
13.0712,-19.000,756.655,991.877,-59.616,1.596,0.240
13.1683,-19.000,751.170,988.516,-60.990,0.336,0.240
13.2652,-19.000,746.579,984.060,-61.369,0.071,0.240
13.3623,-19.000,742.113,979.309,-61.539,0.015,0.240
13.4703,-19.000,737.618,974.441,-61.665,0.003,0.240
13.5678,-18.000,742.456,957.717,-51.196,7.580,0.240
13.6657,-18.000,732.360,959.181,-57.288,1.596,0.240
13.7642,-18.000,726.873,955.804,-58.656,0.336,0.240
13.8604,-17.000,731.665,939.549,-48.444,7.650,0.240
13.9702,-17.000,721.701,941.242,-54.586,1.610,0.240
14.0698,-17.000,716.361,938.024,-55.959,0.339,0.240
14.1663,-16.000,721.287,921.895,-45.744,7.650,0.240
14.2633,-16.000,711.439,923.693,-51.879,1.611,0.240
14.3613,-15.000,715.583,908.778,-42.662,7.918,0.240
14.4603,-15.000,705.713,910.966,-49.003,1.667,0.240
14.5660,-14.000,709.975,896.245,-39.824,7.930,0.240
14.6620,-14.000,700.235,898.569,-46.169,1.669,0.240
14.7695,-14.000,695.229,895.742,-47.571,0.351,0.240
14.8669,-13.000,700.472,879.913,-37.347,7.653,0.240
14.9645,-13.000,690.901,881.958,-43.467,1.611,0.240
15.0619,-13.000,685.901,879.033,-44.817,0.339,0.240
15.1697,-12.000,691.121,863.150,-34.578,7.650,0.240
15.2680,-12.000,681.526,865.153,-40.689,1.611,0.240
15.3665,-11.000,685.889,850.408,-31.448,7.918,0.240
15.4657,-11.000,676.208,852.737,-37.765,1.667,0.240
15.5631,-11.000,671.250,849.918,-39.147,0.351,0.240
15.6599,-11.000,667.150,845.880,-39.490,0.074,0.240
15.7681,-10.000,672.500,829.684,-29.029,7.595,0.240
15.8667,-10.000,662.884,831.554,-35.085,1.599,0.240
15.9652,-9.000,667.202,816.723,-25.822,7.916,0.240
16.0647,-10.000,645.095,827.767,-42.711,-5.913,0.240
16.1620,-9.000,660.480,812.235,-27.518,6.334,0.240
16.2620,-9.000,657.089,818.502,-32.572,1.334,0.240
16.3599,-8.000,666.781,808.855,-23.094,7.860,0.240
16.4596,-8.000,662.210,816.464,-29.347,1.655,0.240
16.5674,-7.000,671.671,807.186,-20.117,7.927,0.240
16.6682,-7.000,667.066,814.946,-26.417,1.669,0.240
16.7695,-6.000,676.532,805.761,-17.192,7.930,0.240
16.8663,-5.000,681.325,801.807,-12.904,9.248,0.240
16.9639,-4.000,685.308,799.138,-9.650,9.526,0.240
17.0612,-3.000,689.268,796.894,-6.610,9.584,0.240
17.1596,-3.000,683.965,806.656,-14.194,2.018,0.240
17.2697,-2.000,693.678,798.333,-5.220,8.004,0.240
17.3685,-1.000,698.861,794.932,-0.966,9.264,0.240
17.4683,-0.000,703.216,792.692,2.299,9.529,0.240
17.5592,-0.000,698.119,802.586,-5.224,2.006,0.240
17.6693,1.000,707.382,793.800,3.777,8.001,0.240
17.7670,1.000,702.794,801.795,-2.534,1.684,0.240
17.8635,1.000,702.934,804.549,-3.857,0.355,0.240
17.9612,1.000,703.905,806.039,-4.131,0.075,0.240
18.0697,1.000,704.910,807.126,-4.184,0.016,0.240
18.1671,1.000,705.803,808.011,-4.191,0.003,0.240
18.2644,-0.000,694.785,818.140,-14.772,-7.578,0.240
18.3627,-0.000,701.898,813.272,-8.789,-1.595,0.240
18.4605,-0.000,704.118,812.960,-7.530,-0.336,0.240
18.5703,-1.000,692.814,822.285,-17.850,-7.650,0.240
18.6683,-1.000,699.511,816.906,-11.816,-1.610,0.240
18.7583,-1.000,701.341,816.197,-10.551,-0.339,0.240
18.8687,-2.000,689.697,825.194,-20.874,-7.650,0.240
18.9681,-2.000,696.103,819.538,-14.847,-1.611,0.240
19.0691,-2.000,697.683,818.595,-13.587,-0.339,0.240
19.1686,-3.000,685.827,827.393,-23.916,-7.650,0.240
19.2676,-3.000,692.050,821.570,-17.895,-1.611,0.240
19.3669,-3.000,693.475,820.485,-16.641,-0.339,0.240
19.4663,-4.000,681.486,829.163,-26.976,-7.650,0.240
19.5690,-4.000,687.596,823.240,-20.961,-1.611,0.240
19.6653,-4.000,688.923,822.070,-19.713,-0.339,0.240
19.7645,-5.000,676.850,830.678,-30.054,-7.650,0.240
19.8654,-5.000,682.887,824.694,-24.045,-1.611,0.240
19.9643,-5.000,684.152,823.475,-22.803,-0.339,0.240
20.0604,-5.000,684.410,823.257,-22.565,-0.071,0.240
20.1589,-5.000,684.454,823.247,-22.539,-0.015,0.240
20.2580,-5.000,684.450,823.279,-22.557,-0.003,0.240
20.3679,-5.000,684.435,823.318,-22.585,-0.001,0.240
20.4651,-5.000,684.416,823.357,-22.614,-0.000,0.240
20.5623,-5.000,684.395,823.396,-22.644,-0.000,0.240
20.6606,-5.000,684.372,823.433,-22.674,-0.000,0.240
20.7585,-5.000,684.349,823.469,-22.704,-0.000,0.240
20.8595,-5.000,684.324,823.504,-22.734,-0.000,0.240
20.9575,-5.000,684.299,823.539,-22.764,-0.000,0.240
21.0662,-5.000,684.273,823.572,-22.794,-0.000,0.240
21.1631,-5.000,684.246,823.606,-22.824,-0.000,0.240
21.2609,-5.000,684.219,823.638,-22.854,-0.000,0.240
21.3585,-5.000,684.191,823.671,-22.884,-0.000,0.240
21.4670,-5.000,684.163,823.703,-22.914,-0.000,0.240
21.5653,-5.000,684.135,823.734,-22.944,-0.000,0.240
21.6637,-6.000,671.722,832.551,-33.559,-7.579,0.240
21.7651,-6.000,677.640,826.574,-27.612,-1.596,0.240
21.8618,-6.000,678.840,825.326,-26.388,-0.336,0.240
21.9597,-6.000,679.048,825.076,-26.159,-0.071,0.240
22.0588,-7.000,666.665,833.824,-36.724,-7.594,0.240
22.1601,-7.000,672.573,827.826,-30.771,-1.599,0.240
22.2584,-7.000,673.755,826.567,-29.551,-0.337,0.240
22.3656,-8.000,661.562,835.096,-39.912,-7.650,0.240
22.4622,-8.000,667.495,829.047,-33.920,-1.610,0.240
22.5628,-9.000,656.285,836.559,-43.282,-7.918,0.240
22.6602,-9.000,662.410,830.291,-37.085,-1.667,0.240
22.7597,-10.000,651.226,837.753,-46.408,-7.930,0.240
22.8569,-10.000,657.345,831.470,-40.207,-1.669,0.240
22.9653,-11.000,646.149,838.928,-49.534,-7.930,0.240
23.0640,-10.000,661.639,820.859,-32.755,5.909,0.240
23.1633,-10.000,657.318,825.989,-37.480,1.244,0.240
23.2604,-10.000,656.620,827.374,-38.522,0.262,0.240
23.3571,-10.000,656.645,827.933,-38.789,0.055,0.240
23.4674,-10.000,656.790,828.285,-38.892,0.012,0.240
23.5649,-11.000,644.547,837.350,-49.547,-7.577,0.240
23.6624,-11.000,650.612,831.584,-43.631,-1.595,0.240
23.7603,-12.000,639.547,839.303,-53.023,-7.915,0.240
23.8573,-12.000,645.801,833.204,-46.846,-1.666,0.240
23.9562,-12.000,647.111,832.027,-45.603,-0.351,0.240
24.0658,-13.000,634.987,840.663,-55.983,-7.653,0.240
24.1629,-13.000,640.969,834.718,-50.019,-1.611,0.240
24.2590,-14.000,629.793,842.324,-59.410,-7.918,0.240
24.3642,-14.000,635.943,836.139,-53.243,-1.667,0.240
24.4614,-14.000,637.161,834.893,-52.011,-0.351,0.240
24.5690,-14.000,637.341,834.688,-51.818,-0.074,0.240
24.6668,-15.000,624.920,843.488,-62.429,-7.595,0.240
24.7643,-15.000,630.787,837.543,-56.523,-1.599,0.240
24.8611,-16.000,619.541,845.123,-65.936,-7.916,0.240
24.9614,-16.000,625.636,838.911,-59.782,-1.666,0.240
25.0602,-16.000,626.806,837.642,-58.563,-0.351,0.240
25.1589,-17.000,614.560,846.204,-68.967,-7.653,0.240
25.2664,-17.000,620.434,840.199,-63.027,-1.611,0.240
25.3625,-18.000,609.163,847.758,-72.442,-7.918,0.240
25.4604,-18.000,615.229,841.538,-66.299,-1.667,0.240
25.5681,-19.000,603.986,849.049,-75.676,-7.930,0.240
25.6656,-19.000,610.047,842.816,-69.529,-1.669,0.240
25.7633,-20.000,598.913,850.204,-78.790,-7.930,0.240
25.8603,-20.000,605.082,843.851,-72.530,-1.670,0.240
25.9606,-20.000,606.321,842.455,-71.211,-0.351,0.240
26.0657,-20.000,606.532,842.111,-70.934,-0.074,0.240
26.1630,-21.000,594.155,850.775,-81.455,-7.595,0.240
26.2602,-21.000,600.073,844.701,-75.459,-1.599,0.240
26.3572,-21.000,601.269,843.372,-74.197,-0.337,0.240
26.4551,-21.000,601.478,843.050,-73.931,-0.071,0.240
26.5556,-21.000,601.486,842.946,-73.875,-0.015,0.240
26.6636,-20.000,610.836,831.115,-63.284,7.576,0.240
26.7632,-20.000,605.300,837.541,-69.265,1.595,0.240
26.8621,-20.000,604.420,839.179,-70.524,0.336,0.240
26.9618,-20.000,604.476,839.766,-70.789,0.071,0.240
27.0597,-20.000,604.694,840.095,-70.845,0.015,0.240
27.1580,-20.000,604.915,840.339,-70.857,0.003,0.240
27.2562,-20.000,605.110,840.539,-70.859,0.001,0.240
27.3654,-20.000,605.277,840.708,-70.860,0.000,0.240
27.4623,-20.000,605.420,840.851,-70.860,0.000,0.240
27.5628,-19.000,614.806,829.307,-60.395,7.579,0.240
27.6602,-19.000,609.292,835.988,-66.492,1.596,0.240
27.7581,-18.000,617.799,826.072,-57.281,7.915,0.240
27.8577,-17.000,621.729,821.545,-53.053,9.245,0.240
27.9560,-16.000,624.959,818.407,-49.869,9.525,0.240
28.0543,-16.000,618.882,827.562,-57.485,2.005,0.240
28.1634,-15.000,627.896,818.765,-48.579,8.001,0.240
28.2628,-14.000,632.467,814.978,-44.401,9.263,0.240
28.3632,-13.000,636.288,812.424,-41.213,9.529,0.240
28.4610,-12.000,640.110,810.278,-38.229,9.585,0.240
28.5596,-11.000,644.068,808.345,-35.283,9.597,0.240
28.6575,-10.000,648.171,806.563,-32.341,9.599,0.240
28.7548,-9.000,652.404,804.903,-29.394,9.600,0.240
28.8626,-8.000,656.750,803.345,-26.442,9.600,0.240
28.9617,-7.000,661.193,801.871,-23.484,9.600,0.240
29.0609,-6.000,665.719,800.469,-20.520,9.600,0.240
29.1575,-5.000,670.316,799.127,-17.550,9.600,0.240
29.2551,-4.000,674.976,797.834,-14.574,9.600,0.240
29.3628,-3.000,679.689,796.583,-11.592,9.600,0.240
29.4602,-3.000,675.063,807.151,-19.189,2.021,0.240
29.5579,-2.000,685.360,799.505,-10.218,8.004,0.240
29.6569,-1.000,691.040,796.679,-5.964,9.264,0.240
29.7544,-1.000,686.433,806.711,-13.284,1.950,0.240
29.8644,-1.000,687.193,810.563,-14.829,0.411,0.240
29.9625,-1.000,688.823,812.853,-15.160,0.086,0.240
30.0607,-2.000,678.030,823.378,-25.819,-7.561,0.240
30.1602,-2.000,685.373,818.807,-19.862,-1.592,0.240
30.2571,-2.000,687.796,818.741,-18.617,-0.335,0.240
30.3644,-2.000,689.050,819.489,-18.365,-0.071,0.240
30.4614,-2.000,689.945,820.297,-18.321,-0.015,0.240
30.5592,-1.000,700.053,809.236,-7.736,7.576,0.240
30.6584,-1.000,695.161,816.318,-13.723,1.595,0.240
30.7573,-1.000,694.827,818.514,-14.988,0.336,0.240
30.8564,-2.000,682.962,828.361,-25.844,-7.508,0.240
30.9633,-2.000,689.520,823.088,-19.929,-1.581,0.240
31.0635,-3.000,678.917,831.183,-29.278,-7.912,0.240
31.1624,-3.000,685.579,825.389,-23.050,-1.666,0.240
31.2601,-4.000,674.860,833.246,-32.338,-7.930,0.240
31.3582,-5.000,668.995,836.078,-36.686,-9.248,0.240
31.4552,-7.000,651.708,846.588,-50.585,-17.105,0.240
31.5542,-8.000,652.904,842.031,-47.708,-11.180,0.240
31.6624,-10.000,636.984,850.894,-60.100,-17.512,0.240
31.7604,-11.000,638.365,845.915,-56.920,-11.266,0.240
31.8577,-13.000,622.394,854.627,-69.262,-17.530,0.240
31.9558,-13.000,636.070,840.781,-55.500,-3.690,0.240
32.0638,-13.000,638.833,837.874,-52.665,-0.777,0.240
32.1612,-14.000,626.922,846.062,-62.715,-7.743,0.240
32.2589,-14.000,632.869,839.951,-56.686,-1.630,0.240
32.3567,-15.000,621.617,847.463,-66.068,-7.922,0.240
32.4548,-16.000,615.307,849.995,-70.489,-9.247,0.240
32.5620,-17.000,610.020,851.470,-73.870,-9.526,0.240
32.6589,-19.000,592.548,861.501,-87.621,-17.163,0.240
32.7582,-20.000,593.557,856.568,-84.650,-11.192,0.240
32.8550,-21.000,589.846,856.343,-86.393,-9.935,0.240
32.9619,-22.000,585.138,857.106,-89.129,-9.671,0.240
33.0608,-24.000,567.839,866.853,-102.652,-17.194,0.240
33.1602,-25.000,568.823,861.847,-99.657,-11.199,0.240
33.2585,-27.000,552.698,870.356,-111.974,-17.516,0.240
33.3556,-29.000,541.531,873.848,-119.303,-18.845,0.240
33.4540,-30.000,543.768,867.487,-115.004,-11.546,0.240
33.5608,-30.000,552.631,858.119,-105.889,-2.431,0.240
33.6580,-30.000,554.336,855.986,-103.970,-0.512,0.240
33.7581,-29.000,563.936,843.620,-92.987,7.471,0.240
33.8575,-29.000,558.363,849.843,-98.885,1.573,0.240
33.9540,-29.000,557.397,851.361,-100.127,0.331,0.240
34.0618,-29.000,557.370,851.858,-100.388,0.070,0.240
34.1594,-29.000,557.515,852.112,-100.443,0.015,0.240
34.2581,-28.000,567.052,840.514,-89.876,7.582,0.240
34.3558,-27.000,571.069,835.345,-85.283,9.175,0.240
34.4528,-27.000,564.836,843.600,-92.526,1.932,0.240
34.5526,-27.000,564.170,845.983,-94.051,0.407,0.240
34.6611,-26.000,573.958,835.256,-83.793,7.665,0.240
34.7594,-26.000,569.008,842.407,-89.844,1.614,0.240
34.8580,-26.000,568.670,844.617,-91.118,0.340,0.240
34.9558,-26.000,569.197,845.680,-91.386,0.072,0.240
35.0733,-26.000,569.816,846.412,-91.443,0.015,0.240
35.1599,-26.000,570.379,846.999,-91.455,0.003,0.240
35.2578,-25.000,580.243,835.711,-80.878,7.580,0.240
35.3541,-25.000,575.155,842.590,-86.862,1.596,0.240
35.4603,-25.000,574.656,844.610,-88.122,0.336,0.240
35.5574,-25.000,575.037,845.522,-88.387,0.071,0.240
35.6593,-25.000,575.531,846.128,-88.443,0.015,0.240
35.7602,-24.000,585.365,834.828,-77.876,7.582,0.240
35.8581,-24.000,580.257,841.691,-83.862,1.596,0.240
35.9577,-23.000,589.121,831.918,-74.543,7.915,0.240
36.0539,-21.000,602.744,815.722,-59.634,16.824,0.240
36.1616,-20.000,600.747,819.132,-62.337,11.121,0.240
36.2609,-19.000,603.333,818.348,-60.652,9.920,0.240
36.3572,-18.000,607.038,816.774,-58.013,9.667,0.240
36.4549,-18.000,601.704,826.920,-65.753,2.035,0.240
36.5517,-17.000,611.419,818.895,-56.883,8.007,0.240
36.6600,-17.000,607.213,827.536,-63.306,1.686,0.240
36.7586,-17.000,607.666,830.855,-64.739,0.355,0.240
36.8582,-16.000,618.271,821.054,-54.536,7.654,0.240
36.9553,-15.000,623.360,817.250,-50.090,9.190,0.240
37.0560,-13.000,636.830,803.072,-36.265,17.093,0.240
37.1519,-11.000,644.727,795.773,-28.668,18.756,0.240
37.2593,-10.000,642.493,802.116,-32.956,11.528,0.240
37.3572,-8.000,655.348,790.953,-20.947,17.585,0.240
37.4557,-7.000,654.521,796.818,-24.293,11.281,0.240
37.5522,-6.000,658.599,797.622,-22.656,9.954,0.240
37.6611,-5.000,663.665,797.306,-19.965,9.675,0.240
37.7608,-4.000,668.901,796.708,-17.048,9.616,0.240
37.8590,-3.000,674.141,796.009,-14.079,9.603,0.240
37.9553,-3.000,669.972,807.039,-21.678,2.022,0.240
38.0539,-2.000,680.659,799.784,-12.707,8.005,0.240
38.1615,-2.000,677.286,809.074,-19.039,1.685,0.240
38.2603,-2.000,678.458,812.931,-20.381,0.355,0.240
38.3560,-1.000,689.688,803.576,-10.088,7.654,0.240
38.4532,-1.000,685.937,811.921,-16.137,1.611,0.240
38.5513,-0.000,695.996,803.366,-6.830,7.918,0.240
38.6598,-0.000,691.884,811.757,-13.081,1.667,0.240
38.7585,1.000,701.172,802.507,-3.812,7.930,0.240
38.8546,1.000,696.433,810.277,-10.067,1.669,0.240
38.9555,1.000,696.410,812.877,-11.379,0.351,0.240
39.0568,2.000,706.018,801.859,-1.065,7.653,0.240
39.1564,2.000,700.889,808.790,-7.095,1.611,0.240
39.2553,2.000,700.395,810.815,-8.355,0.339,0.240
39.3518,2.000,700.790,811.722,-8.611,0.071,0.240
39.4504,1.000,689.514,821.704,-19.240,-7.564,0.240
39.5588,1.000,696.442,816.677,-13.262,-1.592,0.240
39.6570,-0.000,686.728,825.607,-22.584,-7.914,0.240
39.7561,-1.000,681.758,829.310,-26.921,-9.245,0.240
39.8528,-1.000,690.012,822.979,-19.628,-1.946,0.240
39.9514,-2.000,679.975,831.051,-28.683,-7.989,0.240
40.0602,-2.000,686.934,825.421,-22.388,-1.682,0.240
40.1588,-2.000,688.815,824.670,-21.072,-0.354,0.240
40.2564,-2.000,689.563,824.883,-20.805,-0.075,0.240
40.3554,-2.000,690.018,825.244,-20.758,-0.016,0.240
40.4535,-3.000,677.981,834.376,-31.342,-7.582,0.240
40.5529,-3.000,684.213,828.673,-25.374,-1.596,0.240
40.6505,-4.000,673.296,836.440,-34.717,-7.915,0.240
40.7593,-4.000,679.682,830.377,-28.492,-1.666,0.240
40.8571,-5.000,668.726,838.008,-37.786,-7.930,0.240
40.9513,-6.000,662.658,840.649,-42.140,-9.248,0.240
41.0596,-7.000,657.582,842.212,-45.460,-9.526,0.240
41.1603,-8.000,652.683,843.526,-48.566,-9.584,0.240
41.2581,-9.000,647.792,844.768,-51.633,-9.597,0.240
41.3571,-9.000,655.264,837.195,-44.110,-2.020,0.240
41.4557,-10.000,644.377,844.397,-53.154,-8.004,0.240
41.5538,-10.000,650.570,838.071,-46.895,-1.685,0.240
41.6501,-10.000,651.784,836.744,-45.625,-0.355,0.240
41.7594,-10.000,651.956,836.476,-45.405,-0.075,0.240
41.8602,-10.000,651.914,836.436,-45.406,-0.016,0.240
41.9592,-10.000,651.832,836.449,-45.453,-0.003,0.240
42.0588,-10.000,651.745,836.477,-45.511,-0.001,0.240
42.1567,-11.000,639.276,845.297,-56.155,-7.579,0.240
42.2561,-11.000,645.142,839.328,-50.238,-1.596,0.240
42.3527,-11.000,646.292,838.091,-49.044,-0.336,0.240
42.4594,-11.000,646.454,837.854,-48.845,-0.071,0.240
42.5591,-11.000,646.413,837.833,-48.855,-0.015,0.240
42.6557,-12.000,633.947,846.645,-59.494,-7.582,0.240
42.7534,-12.000,639.808,840.679,-53.580,-1.596,0.240
42.8503,-13.000,628.566,848.231,-62.977,-7.915,0.240
42.9595,-13.000,634.669,841.992,-56.806,-1.666,0.240
43.0569,-13.000,635.848,840.697,-55.569,-0.351,0.240
43.1543,-13.000,635.998,840.448,-55.370,-0.074,0.240
43.2531,-13.000,635.937,840.426,-55.390,-0.016,0.240
43.3513,-12.000,645.220,828.671,-44.870,7.576,0.240
43.4515,-12.000,639.617,835.174,-50.923,1.595,0.240
43.5495,-12.000,638.668,836.887,-52.254,0.336,0.240
43.6586,-11.000,648.041,825.765,-42.006,7.650,0.240
43.7547,-11.000,642.692,832.626,-48.112,1.610,0.240
43.8528,-11.000,641.998,834.606,-49.449,0.339,0.240
43.9496,-11.000,642.210,835.486,-49.783,0.071,0.240
44.0489,-11.000,642.552,836.073,-49.905,0.015,0.240
44.1585,-11.000,642.869,836.546,-49.983,0.003,0.240
44.2560,-11.000,643.136,836.950,-50.051,0.001,0.240
44.3532,-11.000,643.355,837.301,-50.118,0.000,0.240
44.4522,-10.000,652.916,825.825,-39.599,7.579,0.240
44.5498,-10.000,647.559,832.554,-45.642,1.596,0.240
44.6568,-11.000,634.438,843.242,-57.547,-7.243,0.240
44.7541,-10.000,649.940,826.271,-41.310,6.054,0.240
44.8519,-10.000,645.977,831.986,-46.149,1.275,0.240
44.9520,-10.000,645.655,833.797,-47.216,0.268,0.240
45.0517,-10.000,646.016,834.701,-47.488,0.056,0.240
45.1498,-10.000,646.449,835.344,-47.592,0.012,0.240
45.2489,-10.000,646.837,835.870,-47.661,0.003,0.240
45.3574,-9.000,656.548,824.536,-37.139,7.579,0.240
45.4555,-9.000,651.321,831.384,-43.176,1.596,0.240
45.5526,-8.000,660.081,821.602,-33.905,7.915,0.240
45.6496,-8.000,654.850,828.964,-40.202,1.666,0.240
45.7583,-7.000,663.777,819.448,-30.980,7.930,0.240
45.8570,-7.000,658.724,827.000,-37.283,1.669,0.240
45.9529,-6.000,667.812,817.637,-28.058,7.930,0.240
46.0524,-5.000,672.283,813.532,-23.769,9.249,0.240
46.1517,-5.000,666.607,822.519,-31.101,1.947,0.240
46.2514,-5.000,666.447,825.494,-32.668,0.410,0.240
46.3485,-5.000,667.289,827.043,-33.022,0.086,0.240
46.4564,-5.000,668.208,828.158,-33.120,0.018,0.240
46.5535,-5.000,669.028,829.067,-33.164,0.004,0.240
46.6539,-5.000,669.729,829.834,-33.197,0.001,0.240
46.7535,-5.000,670.323,830.489,-33.228,0.000,0.240
46.8517,-5.000,670.824,831.050,-33.258,0.000,0.240
46.9505,-5.000,671.245,831.531,-33.288,0.000,0.240
47.0487,-5.000,671.598,831.945,-33.318,0.000,0.240
47.1574,-5.000,671.894,832.301,-33.348,0.000,0.240
47.2545,-5.000,672.141,832.608,-33.378,0.000,0.240
47.3518,-5.000,672.347,832.873,-33.408,0.000,0.240
47.4498,-5.000,672.517,833.103,-33.438,0.000,0.240
47.5480,-5.000,672.657,833.304,-33.468,0.000,0.240
47.6560,-5.000,672.772,833.478,-33.498,0.000,0.240
47.7548,-5.000,672.865,833.631,-33.528,0.000,0.240
47.8529,-5.000,672.939,833.766,-33.558,0.000,0.240
47.9500,-5.000,672.998,833.884,-33.588,0.000,0.240
48.0574,-5.000,673.043,833.990,-33.618,0.000,0.240
48.1554,-5.000,673.078,834.084,-33.648,0.000,0.240
48.2536,-6.000,660.717,842.954,-44.263,-7.579,0.240
48.3500,-6.000,666.681,837.022,-38.316,-1.596,0.240
48.4473,-6.000,667.918,835.813,-37.092,-0.336,0.240
48.5558,-6.000,668.159,835.595,-36.863,-0.071,0.240
48.6538,-6.000,668.189,835.586,-36.843,-0.015,0.240
48.7531,-7.000,655.789,844.403,-47.452,-7.582,0.240
48.8518,-8.000,649.325,847.222,-52.093,-9.175,0.240
48.9524,-9.000,644.086,848.762,-55.483,-9.511,0.240
49.0526,-10.000,639.084,850.020,-58.613,-9.581,0.240
49.1530,-11.000,634.112,851.210,-61.694,-9.596,0.240
49.2497,-12.000,629.129,852.378,-64.769,-9.599,0.240
49.3579,-13.000,624.129,853.535,-67.848,-9.600,0.240
49.4577,-14.000,619.112,854.686,-70.932,-9.600,0.240
49.5575,-15.000,614.078,855.833,-74.022,-9.600,0.240
49.6575,-16.000,609.031,856.977,-77.118,-9.600,0.240
49.7572,-17.000,603.970,858.120,-80.220,-9.600,0.240
49.8541,-19.000,586.512,868.048,-93.913,-17.179,0.240
49.9542,-20.000,587.495,863.064,-90.930,-11.196,0.240
50.0520,-21.000,583.754,862.804,-92.670,-9.936,0.240
50.1497,-22.000,579.019,863.539,-95.405,-9.671,0.240
50.2494,-23.000,574.075,864.483,-98.349,-9.615,0.240
50.3573,-24.000,569.086,865.471,-101.337,-9.603,0.240
50.4554,-25.000,588.961,885.026,-108.206,-13.472,0.400
50.5515,-26.000,611.313,902.928,-111.954,-14.220,0.400
50.6499,-26.000,650.287,908.810,-100.486,-2.752,0.400
50.7463,-27.000,663.143,937.820,-112.880,-12.146,0.400
50.8535,-28.000,683.157,960.132,-117.698,-13.964,0.400
50.9512,-29.000,704.282,981.724,-121.050,-14.316,0.400
51.0491,-29.000,741.952,991.003,-109.505,-2.771,0.400
51.1585,-30.000,753.650,1022.951,-121.883,-12.149,0.400
51.2560,-30.000,789.232,1035.108,-112.085,-2.351,0.400
51.3547,-31.000,800.301,1068.355,-124.802,-12.068,0.400
51.4520,-31.000,835.572,1081.393,-115.070,-2.336,0.400
51.5492,-32.000,846.420,1115.347,-127.799,-12.065,0.400
51.6464,-32.000,881.510,1128.978,-118.069,-2.335,0.400
51.7537,-33.000,892.206,1163.435,-130.799,-12.065,0.400
51.8514,-33.000,927.168,1177.492,-121.069,-2.335,0.400
51.9493,-34.000,937.755,1212.311,-133.799,-12.065,0.400
52.0471,-35.000,956.061,1239.339,-138.682,-13.948,0.400
52.1457,-35.000,992.339,1252.234,-127.434,-2.700,0.400
52.2556,-36.000,1003.049,1287.061,-139.869,-12.135,0.400
52.3555,-37.000,1021.266,1314.290,-144.696,-13.962,0.400
52.4535,-37.000,1031.967,1301.927,-133.436,-2.702,0.400
52.5516,-38.000,1017.109,1311.473,-145.870,-12.136,0.400
52.6469,-38.000,1026.336,1300.732,-136.083,-2.349,0.400
52.7460,-38.000,1027.753,1298.026,-134.189,-0.455,0.400
52.8541,-38.000,1027.715,1296.970,-133.822,-0.088,0.400
52.9530,-38.000,1027.441,1296.313,-133.751,-0.017,0.400
53.0489,-38.000,1027.162,1295.801,-133.737,-0.003,0.400
53.1560,-37.000,1040.479,1279.712,-119.122,11.612,0.400
53.2528,-37.000,1031.510,1289.324,-128.486,2.248,0.400
53.3503,-37.000,1030.034,1291.347,-130.299,0.435,0.400
53.4460,-36.000,1043.532,1276.214,-116.037,11.697,0.400
53.5534,-35.000,1048.513,1270.744,-110.857,13.877,0.400
53.6509,-34.000,1052.215,1267.525,-107.435,14.299,0.400
53.7481,-33.000,1055.986,1265.066,-104.354,14.380,0.400
53.8466,-32.000,1060.037,1263.029,-101.338,14.396,0.400
53.9479,-31.000,1064.370,1261.309,-98.335,14.399,0.400
54.0474,-30.000,1068.951,1259.848,-95.334,14.400,0.400
54.1560,-28.000,1087.307,1242.944,-77.721,26.013,0.400
54.2539,-27.000,1083.524,1251.862,-84.086,16.648,0.400
54.3507,-26.000,1087.356,1253.294,-82.899,14.835,0.400
54.4482,-25.000,1092.703,1253.322,-80.250,14.484,0.400
54.5492,-24.000,1098.378,1253.115,-77.318,14.416,0.400
54.6477,-22.000,1117.710,1237.232,-59.718,26.016,0.400
54.7450,-21.000,1114.764,1247.009,-66.086,16.648,0.400
54.8547,-20.000,1119.309,1249.169,-64.899,14.835,0.400
54.9545,-19.000,1125.149,1249.930,-62.364,14.484,0.400
55.0558,-18.000,1131.232,1250.357,-59.540,14.416,0.400
55.1559,-17.000,1137.338,1250.686,-56.655,14.403,0.400
55.2529,-16.000,1143.426,1250.966,-53.753,14.401,0.400
55.3530,-15.000,1149.495,1251.210,-50.844,14.400,0.400
55.4501,-14.000,1155.546,1251.426,-47.928,14.400,0.400
55.5481,-13.000,1161.583,1251.615,-45.006,14.400,0.400
55.6474,-11.000,1181.178,1236.113,-27.459,26.013,0.400
55.7455,-10.000,1178.443,1246.226,-33.884,16.648,0.400
55.8454,-8.000,1196.732,1233.009,-18.132,26.448,0.400
55.9544,-7.000,1194.081,1243.871,-24.890,16.732,0.400
56.0525,-5.000,1212.673,1231.058,-9.188,26.464,0.400
56.1496,-4.000,1210.327,1242.217,-15.941,16.735,0.400
56.2485,-2.000,1229.191,1229.644,-0.223,26.465,0.400
56.3462,-0.000,1240.648,1225.333,7.660,28.348,0.400
56.4555,2.000,1249.162,1221.094,14.037,28.713,0.400
56.5521,3.000,1243.505,1232.485,5.512,17.170,0.400
56.6479,5.000,1258.951,1217.113,20.921,26.549,0.400
56.7467,6.000,1253.271,1224.955,14.159,16.751,0.400
56.8545,7.000,1254.886,1224.278,15.305,14.855,0.400
56.9545,8.000,1257.516,1221.546,17.986,14.488,0.400
57.0523,9.000,1260.006,1218.069,20.969,14.417,0.400
57.1516,9.000,1249.514,1230.722,9.396,2.790,0.400
57.2471,10.000,1260.905,1217.268,21.819,12.153,0.400
57.3462,11.000,1264.456,1211.063,26.697,13.965,0.400
57.4543,11.000,1253.632,1222.631,15.501,2.703,0.400
57.5501,13.000,1277.173,1191.923,42.625,23.749,0.400
57.6490,13.000,1258.052,1210.952,23.551,4.597,0.400
57.7475,14.000,1267.053,1197.972,34.541,12.503,0.400
57.8447,15.000,1269.532,1191.211,39.161,14.033,0.400
57.9522,15.000,1257.986,1202.118,27.934,2.716,0.400
58.0494,15.000,1255.614,1203.947,25.834,0.526,0.400
58.1470,16.000,1267.718,1187.481,40.119,11.715,0.400
58.2450,17.000,1270.682,1179.910,45.386,13.880,0.400
58.3531,18.000,1271.801,1173.974,48.913,14.299,0.400
58.4527,18.000,1259.830,1184.851,37.490,2.768,0.400
58.5515,19.000,1269.910,1169.941,49.985,12.149,0.400
58.6515,19.000,1259.674,1179.071,40.301,2.351,0.400
58.7483,20.000,1269.971,1163.935,53.018,12.068,0.400
58.8465,20.000,1259.682,1173.110,43.286,2.336,0.400
58.9454,20.000,1257.325,1174.521,41.402,0.452,0.400
59.0527,20.000,1256.558,1174.483,41.037,0.087,0.400
59.1496,20.000,1256.145,1174.212,40.967,0.017,0.400
59.2494,20.000,1255.841,1173.935,40.953,0.003,0.400
59.3455,20.000,1255.591,1173.690,40.951,0.001,0.400
59.4533,20.000,1255.381,1173.481,40.950,0.000,0.400
59.5512,20.000,1255.202,1173.302,40.950,0.000,0.400
59.6489,20.000,1255.050,1173.150,40.950,0.000,0.400
59.7473,20.000,1254.921,1173.021,40.950,0.000,0.400
59.8450,19.000,1239.263,1186.361,26.451,-11.613,0.400
59.9534,19.000,1249.256,1177.396,35.930,-2.248,0.400
60.0513,18.000,1235.951,1189.475,23.238,-12.048,0.400
60.1505,17.000,1231.086,1194.199,18.443,-13.945,0.400
60.2491,16.000,1228.204,1197.860,15.172,-14.312,0.400
60.3478,16.000,1241.673,1188.053,26.810,-2.770,0.400
60.4471,15.000,1229.891,1200.849,14.521,-12.149,0.400
60.5473,14.000,1226.040,1206.461,9.790,-13.964,0.400
60.6448,13.000,1223.965,1210.933,6.516,-14.316,0.400
60.7517,12.000,1222.438,1215.398,3.520,-14.384,0.400
60.8502,11.000,1221.189,1220.043,0.573,-14.397,0.400
60.9486,10.000,1220.141,1224.879,-2.369,-14.399,0.400
61.0467,10.000,1234.923,1216.316,9.303,-2.787,0.400
61.1463,9.000,1224.204,1230.221,-3.008,-12.152,0.400
61.2448,8.000,1221.244,1236.790,-7.773,-13.965,0.400
61.3528,7.000,1219.919,1242.082,-11.082,-14.316,0.400
61.4518,6.000,1219.023,1247.250,-14.114,-14.384,0.400
61.5508,6.000,1233.974,1238.930,-2.478,-2.784,0.400
61.6484,5.000,1223.405,1253.036,-14.816,-12.152,0.400
61.7453,4.000,1220.569,1259.778,-19.605,-13.965,0.400
61.8534,4.000,1235.015,1251.652,-8.319,-2.703,0.400
61.9519,3.000,1224.236,1265.704,-20.734,-12.136,0.400
62.0506,3.000,1236.931,1258.789,-10.929,-2.349,0.400
62.1494,2.000,1225.632,1272.903,-23.636,-12.068,0.400
62.2474,2.000,1238.072,1265.855,-13.892,-2.336,0.400
62.3445,2.000,1242.259,1266.251,-11.996,-0.452,0.400
62.4527,1.000,1228.914,1281.391,-26.238,-11.700,0.400
62.5505,1.000,1240.619,1274.213,-16.797,-2.265,0.400
62.6483,-0.000,1228.706,1287.873,-29.583,-12.051,0.400
62.7460,-0.000,1240.668,1280.397,-19.864,-2.332,0.400
62.8434,-0.000,1244.455,1280.422,-17.983,-0.451,0.400
62.9516,-1.000,1229.871,1294.347,-32.238,-11.700,0.400
63.0503,-1.000,1240.520,1286.137,-22.809,-2.265,0.400
63.1479,-1.000,1243.377,1285.354,-20.988,-0.438,0.400
63.2451,-1.000,1244.606,1285.888,-20.641,-0.085,0.400
63.3524,-1.000,1245.417,1286.574,-20.578,-0.016,0.400
63.4509,-1.000,1246.061,1287.204,-20.571,-0.003,0.400
63.5484,-1.000,1246.599,1287.748,-20.575,-0.001,0.400
63.6454,-1.000,1247.054,1288.214,-20.580,-0.000,0.400
63.7430,-0.000,1261.008,1272.942,-5.967,11.613,0.400
63.8511,-0.000,1252.582,1283.247,-15.332,2.248,0.400
63.9491,-0.000,1251.569,1285.859,-17.145,0.435,0.400
64.0452,-0.000,1251.897,1286.888,-17.496,0.084,0.400
64.1433,-0.000,1252.406,1287.534,-17.564,0.016,0.400
64.2516,1.000,1265.552,1271.468,-2.958,11.616,0.400
64.3489,1.000,1256.450,1281.090,-12.320,2.248,0.400
64.4484,-0.000,1239.195,1296.686,-28.746,-11.178,0.400
64.5462,-0.000,1249.004,1288.467,-19.731,-2.163,0.400
64.6455,-0.000,1251.425,1287.398,-17.987,-0.419,0.400
64.7443,-0.000,1252.337,1287.635,-17.649,-0.081,0.400
64.8517,1.000,1265.559,1271.489,-2.965,11.597,0.400
64.9412,1.000,1256.470,1281.093,-12.311,2.245,0.400
65.0492,2.000,1267.554,1266.547,0.503,12.047,0.400
65.1445,3.000,1270.548,1259.710,5.419,13.945,0.400
65.2415,4.000,1271.856,1254.236,8.810,14.312,0.400
65.3502,5.000,1272.736,1248.914,11.911,14.383,0.400
65.4488,6.000,1273.448,1243.527,14.961,14.397,0.400
65.5465,7.000,1274.056,1238.045,18.005,14.399,0.400
65.6442,9.000,1287.252,1215.906,35.673,26.013,0.400
65.7510,10.000,1278.196,1219.460,29.368,16.648,0.400
65.8483,11.000,1276.661,1215.419,30.621,14.835,0.400
65.9473,12.000,1276.562,1209.878,33.342,14.484,0.400
66.0473,13.000,1276.725,1204.021,36.352,14.416,0.400
66.1465,13.000,1264.258,1214.649,24.804,2.790,0.400
66.2446,13.000,1261.303,1216.039,22.632,0.540,0.400
66.3437,13.000,1260.281,1215.732,22.275,0.105,0.400
66.4437,13.000,1259.710,1215.174,22.268,0.020,0.400
66.5422,13.000,1259.292,1214.632,22.330,0.004,0.400
66.6501,13.000,1258.958,1214.149,22.405,0.001,0.400
66.7476,13.000,1258.689,1213.724,22.482,0.000,0.400
66.8456,12.000,1242.803,1226.921,7.941,-11.613,0.400
66.9431,12.000,1252.597,1217.840,17.378,-2.248,0.400
67.0408,12.000,1254.785,1216.259,19.263,-0.435,0.400
67.1504,12.000,1255.465,1216.094,19.686,-0.084,0.400
67.2470,12.000,1255.824,1216.173,19.826,-0.016,0.400
67.3464,11.000,1240.427,1229.843,5.292,-11.616,0.400
67.4453,11.000,1250.627,1221.175,14.726,-2.248,0.400
67.5441,11.000,1253.157,1219.947,16.605,-0.435,0.400
67.6436,10.000,1238.458,1233.652,2.403,-11.697,0.400
67.7410,9.000,1233.360,1238.806,-2.723,-13.877,0.400
67.8487,9.000,1246.129,1229.084,8.522,-2.686,0.400
67.9457,8.000,1233.975,1241.728,-3.877,-12.133,0.400
68.0437,7.000,1229.847,1247.173,-8.663,-13.961,0.400
68.1518,6.000,1227.539,1251.501,-11.981,-14.315,0.400
68.2525,5.000,1225.808,1255.847,-15.020,-14.384,0.400
68.3495,4.000,1224.381,1260.399,-18.009,-14.397,0.400
68.4464,3.000,1223.174,1265.161,-20.993,-14.399,0.400
68.5440,2.000,1222.146,1270.110,-23.982,-14.400,0.400
68.6417,2.000,1236.938,1261.652,-12.357,-2.787,0.400
68.7407,1.000,1226.221,1275.653,-24.716,-12.152,0.400
68.8504,1.000,1238.922,1268.743,-14.910,-2.352,0.400
68.9473,1.000,1243.287,1269.301,-13.007,-0.455,0.400
69.0478,-0.000,1230.083,1284.589,-27.253,-11.701,0.400
69.1469,-0.000,1241.905,1277.538,-17.817,-2.265,0.400
69.2449,-0.000,1245.759,1277.740,-15.990,-0.438,0.400
69.3426,-0.000,1247.836,1279.110,-15.637,-0.085,0.400
69.4394,-1.000,1232.801,1293.176,-30.187,-11.629,0.400
69.5449,-1.000,1243.261,1284.891,-20.815,-2.251,0.400
69.6417,-0.000,1259.564,1268.337,-4.387,11.177,0.400
69.7396,-0.000,1251.944,1278.745,-13.401,2.163,0.400
69.8485,1.000,1264.052,1265.105,-0.526,12.032,0.400
69.9475,1.000,1255.205,1275.651,-10.223,2.329,0.400
70.0462,1.000,1254.055,1278.245,-12.095,0.451,0.400
70.1456,2.000,1266.980,1262.647,2.166,11.700,0.400
70.2446,3.000,1270.589,1255.866,7.361,13.877,0.400
70.3418,3.000,1259.567,1267.192,-3.812,2.686,0.400
70.4394,4.000,1270.217,1252.900,8.659,12.133,0.400
70.5485,5.000,1273.078,1246.044,13.517,13.961,0.400
70.6476,6.000,1274.320,1240.506,16.907,14.315,0.400
70.7461,7.000,1275.155,1235.120,20.018,14.384,0.400
70.8451,8.000,1275.831,1229.674,23.079,14.397,0.400
70.9435,9.000,1276.411,1224.140,26.135,14.399,0.400
71.0413,9.000,1264.248,1235.094,14.577,2.787,0.400
71.1427,10.000,1274.208,1220.204,27.002,12.152,0.400
71.2435,10.000,1263.873,1229.349,17.262,2.352,0.400
71.3426,10.000,1261.531,1230.680,15.425,0.455,0.400
71.4407,10.000,1260.794,1230.558,15.118,0.088,0.400
71.5399,10.000,1260.418,1230.204,15.107,0.017,0.400
71.6413,10.000,1260.153,1229.847,15.153,0.003,0.400
71.7495,10.000,1259.947,1229.526,15.211,0.001,0.400
71.8477,9.000,1244.113,1242.811,0.651,-11.613,0.400
71.9442,9.000,1253.949,1233.808,10.070,-2.248,0.400
72.0416,8.000,1240.501,1245.865,-2.682,-12.048,0.400
72.1496,7.000,1235.505,1250.578,-7.537,-13.945,0.400
72.2465,6.000,1232.504,1254.239,-10.868,-14.312,0.400
72.3441,6.000,1245.862,1244.442,0.710,-2.770,0.400
72.4424,5.000,1233.976,1257.254,-11.639,-12.149,0.400
72.5401,5.000,1245.698,1249.320,-1.811,-2.351,0.400
72.6464,4.000,1233.565,1262.573,-14.504,-12.068,0.400
72.7459,4.000,1245.297,1254.792,-4.748,-2.336,0.400
72.8427,3.000,1233.215,1268.133,-17.459,-12.065,0.400
72.9416,2.000,1229.329,1273.989,-22.330,-13.948,0.400
73.0484,1.000,1227.258,1278.635,-25.689,-14.313,0.400
73.1482,-0.000,1225.731,1283.249,-28.759,-14.383,0.400
73.2448,-0.000,1240.143,1274.463,-17.160,-2.784,0.400
73.3429,-1.000,1228.210,1287.277,-29.534,-12.152,0.400
73.4410,-1.000,1239.878,1279.358,-19.740,-2.352,0.400
73.5478,-2.000,1226.793,1291.730,-32.468,-12.068,0.400
73.6454,-2.000,1237.711,1283.206,-22.748,-2.336,0.400
73.7449,-2.000,1240.600,1282.352,-20.876,-0.452,0.400
73.8462,-2.000,1241.817,1282.864,-20.524,-0.088,0.400
73.9448,-3.000,1226.042,1296.209,-35.084,-11.630,0.400
74.0435,-3.000,1235.870,1287.316,-25.723,-2.251,0.400
74.1422,-3.000,1238.064,1285.916,-23.926,-0.436,0.400
74.2397,-4.000,1222.166,1298.589,-38.211,-11.697,0.400
74.3386,-4.000,1231.705,1289.309,-28.802,-2.264,0.400
74.4485,-4.000,1233.617,1287.617,-27.000,-0.438,0.400
74.5451,-5.000,1217.471,1300.050,-41.290,-11.698,0.400
74.6432,-5.000,1226.797,1290.569,-31.886,-2.264,0.400
74.7401,-4.000,1242.095,1273.038,-15.471,11.175,0.400
74.8396,-4.000,1233.610,1282.625,-24.507,2.163,0.400
74.9385,-3.000,1245.879,1269.192,-11.656,12.032,0.400
75.0484,-2.000,1250.733,1264.250,-6.758,13.942,0.400
75.1455,-1.000,1254.509,1261.299,-3.395,14.311,0.400
75.2465,-0.000,1258.381,1259.028,-0.323,14.383,0.400
75.3434,-0.000,1248.963,1272.807,-11.922,2.784,0.400
75.4405,1.000,1261.240,1260.337,0.452,12.152,0.400
75.5382,2.000,1265.533,1254.979,5.277,13.965,0.400
75.6477,3.000,1268.000,1250.708,8.646,14.316,0.400
75.7450,3.000,1257.206,1262.968,-2.881,2.771,0.400
75.8417,4.000,1268.281,1249.239,9.521,12.149,0.400
75.9398,4.000,1258.879,1259.385,-0.253,2.351,0.400
76.0381,4.000,1257.323,1261.573,-2.125,0.455,0.400
76.1460,5.000,1269.918,1245.616,12.151,11.701,0.400
76.2446,5.000,1260.583,1255.093,2.745,2.265,0.400
76.3425,5.000,1258.847,1256.950,0.948,0.438,0.400
76.4437,5.000,1258.575,1257.325,0.625,0.085,0.400
76.5415,5.000,1258.580,1257.407,0.586,0.016,0.400
76.6377,5.000,1258.634,1257.427,0.603,0.003,0.400
76.7453,5.000,1258.693,1257.431,0.631,0.001,0.400
76.8410,5.000,1258.749,1257.429,0.660,0.000,0.400
76.9386,5.000,1258.802,1257.422,0.690,0.000,0.400
77.0369,5.000,1258.851,1257.411,0.720,0.000,0.400
77.1457,5.000,1258.897,1257.397,0.750,0.000,0.400
77.2416,5.000,1258.941,1257.381,0.780,0.000,0.400
77.3391,5.000,1258.983,1257.363,0.810,0.000,0.400
77.4386,6.000,1271.692,1240.774,15.459,11.613,0.400
77.5470,7.000,1274.883,1233.386,20.749,13.861,0.400
77.6446,7.000,1263.463,1244.238,9.613,2.683,0.400
77.7414,7.000,1261.100,1246.118,7.491,0.519,0.400
77.8386,7.000,1260.518,1246.289,7.114,0.100,0.400
77.9376,7.000,1260.305,1246.154,7.075,0.019,0.400
78.0459,7.000,1260.183,1245.979,7.102,0.004,0.400
78.1463,7.000,1260.096,1245.814,7.141,0.001,0.400
78.2447,6.000,1244.361,1259.235,-7.437,-11.613,0.400
78.3446,5.000,1238.610,1263.919,-12.655,-13.861,0.400
78.4411,5.000,1250.864,1253.757,-1.447,-2.683,0.400
78.5370,4.000,1238.278,1266.022,-13.872,-12.132,0.400
78.6434,3.000,1233.781,1271.147,-18.683,-13.961,0.400
78.7402,3.000,1246.824,1261.636,-7.406,-2.702,0.400
78.8382,2.000,1234.854,1274.510,-19.828,-12.136,0.400
78.9463,2.000,1246.537,1266.595,-10.029,-2.349,0.400
79.0458,2.000,1250.044,1266.289,-8.123,-0.455,0.400
79.1444,2.000,1251.784,1267.272,-7.744,-0.088,0.400
79.2436,2.000,1253.024,1268.346,-7.661,-0.017,0.400
79.3407,2.000,1254.033,1269.304,-7.635,-0.003,0.400
79.4395,2.000,1254.883,1270.125,-7.621,-0.001,0.400
79.5452,2.000,1255.606,1270.823,-7.608,-0.000,0.400
79.6439,3.000,1268.891,1254.846,7.023,11.613,0.400
79.7409,3.000,1259.900,1264.549,-2.324,2.248,0.400
79.8380,3.000,1258.408,1266.646,-4.119,0.435,0.400
79.9454,3.000,1258.332,1267.236,-4.452,0.084,0.400
80.0438,4.000,1271.170,1250.935,10.117,11.629,0.400
80.1440,4.000,1261.843,1260.318,0.763,2.251,0.400
80.2401,4.000,1260.076,1262.133,-1.028,0.436,0.400
80.3361,4.000,1259.769,1262.481,-1.356,0.084,0.400
80.4451,4.000,1259.743,1262.542,-1.400,0.016,0.400
80.5439,4.000,1259.768,1262.546,-1.389,0.003,0.400
80.6397,4.000,1259.802,1262.537,-1.367,0.001,0.400
80.7386,4.000,1259.836,1262.524,-1.344,0.000,0.400
80.8367,5.000,1272.538,1245.940,13.299,11.613,0.400
80.9461,5.000,1263.053,1255.126,3.964,2.248,0.400
81.0356,5.000,1261.143,1256.781,2.181,0.435,0.400
81.1448,5.000,1260.714,1256.994,1.860,0.084,0.400
81.2435,5.000,1260.584,1256.940,1.822,0.016,0.400
81.3414,5.000,1260.523,1256.845,1.839,0.003,0.400
81.4383,5.000,1260.484,1256.751,1.867,0.001,0.400
81.5353,6.000,1273.126,1240.096,16.515,11.613,0.400
81.6454,6.000,1263.591,1249.220,7.186,2.248,0.400
81.7438,7.000,1274.308,1234.253,20.028,12.048,0.400
81.8408,7.000,1264.328,1243.621,10.354,2.332,0.400
81.9376,8.000,1274.899,1228.630,23.134,12.064,0.400
82.0352,8.000,1264.839,1237.933,13.453,2.335,0.400
82.1468,9.000,1275.351,1222.877,26.237,12.065,0.400
82.2462,9.000,1265.244,1232.122,16.561,2.335,0.400
82.3457,9.000,1263.049,1233.585,14.732,0.452,0.400
82.4424,9.000,1262.427,1233.584,14.421,0.087,0.400
82.5416,9.000,1262.146,1233.336,14.405,0.017,0.400
82.6375,9.000,1261.961,1233.070,14.445,0.003,0.400
82.7461,9.000,1261.821,1232.828,14.497,0.001,0.400
82.8430,9.000,1261.712,1232.612,14.550,0.000,0.400
82.9404,9.000,1261.628,1232.420,14.604,0.000,0.400
83.0376,9.000,1261.564,1232.248,14.658,0.000,0.400
83.1369,9.000,1261.518,1232.094,14.712,0.000,0.400
83.2456,9.000,1261.487,1231.955,14.766,0.000,0.400
83.3423,8.000,1245.800,1245.398,0.201,-11.613,0.400
83.4437,8.000,1255.760,1236.531,9.614,-2.248,0.400
83.5400,7.000,1230.702,1252.332,0.852,-8.052,0.240
83.6393,6.000,1212.247,1261.990,-3.334,-9.274,0.240
83.7366,6.000,1208.260,1259.972,4.024,-1.952,0.240
83.8352,5.000,1187.692,1271.508,-4.984,-7.990,0.240
83.9348,4.000,1173.201,1277.393,-9.231,-9.261,0.240
84.0438,4.000,1172.612,1272.140,-1.896,-1.950,0.240
84.1404,3.000,1154.938,1280.920,-10.917,-7.989,0.240
84.2389,3.000,1154.692,1275.079,-4.592,-1.682,0.240
84.3370,2.000,1137.950,1282.719,-13.831,-7.933,0.240
84.4434,2.000,1138.630,1275.773,-7.556,-1.670,0.240
84.5402,2.000,1134.488,1273.062,-6.226,-0.352,0.240
84.6365,1.000,1117.624,1280.174,-16.521,-7.653,0.240
84.7367,-0.000,1107.086,1281.493,-21.058,-9.190,0.240
84.8346,-1.000,1097.639,1280.977,-24.388,-9.514,0.240
84.9446,-1.000,1100.726,1270.893,-16.883,-2.003,0.240
85.0431,-3.000,1073.060,1283.884,-36.478,-15.580,0.240
85.1409,-4.000,1068.379,1276.964,-34.781,-10.859,0.240
85.2382,-6.000,1047.520,1282.234,-47.402,-17.444,0.240
85.3446,-7.000,1044.150,1273.224,-44.251,-11.251,0.240
85.4434,-8.000,1035.847,1268.877,-45.996,-9.948,0.240
85.5409,-9.000,1026.476,1265.369,-48.775,-9.673,0.240
85.6370,-10.000,1016.853,1261.915,-51.777,-9.615,0.240
85.7345,-11.000,1007.155,1258.371,-54.831,-9.603,0.240
85.8424,-13.000,985.036,1263.506,-68.486,-17.180,0.240
85.9405,-15.000,968.839,1262.539,-76.171,-18.775,0.240
86.0396,-17.000,953.848,1260.212,-82.608,-19.110,0.240
86.1357,-18.000,951.462,1248.750,-78.208,-11.602,0.240
86.2345,-20.000,930.878,1251.836,-90.206,-17.600,0.240
86.3429,-23.000,902.621,1258.891,-108.048,-26.442,0.240
86.4408,-25.000,893.669,1250.094,-108.331,-20.725,0.240
86.5365,-26.000,892.565,1236.983,-102.548,-11.942,0.240
86.6349,-28.000,872.165,1239.573,-114.278,-17.672,0.240
86.7436,-30.000,856.271,1237.599,-121.484,-18.878,0.240
86.8432,-32.000,841.316,1234.640,-127.738,-19.132,0.240
86.9398,-33.000,838.929,1222.672,-123.213,-11.607,0.240
87.0386,-35.000,818.241,1225.430,-135.207,-17.601,0.240
87.1372,-37.000,802.273,1223.430,-142.469,-18.863,0.240
87.2347,-38.000,799.668,1211.633,-138.156,-11.550,0.240
87.3432,-39.000,791.311,1205.622,-139.617,-10.011,0.240
87.4409,-41.000,769.377,1209.615,-152.871,-17.265,0.240
87.5391,-43.000,753.155,1207.858,-160.399,-18.793,0.240
87.6360,-44.000,750.505,1196.099,-156.141,-11.535,0.240
87.7343,-45.000,742.144,1190.084,-157.613,-10.007,0.240
87.8430,-46.000,732.594,1185.288,-160.292,-9.686,0.240
87.9426,-48.000,710.424,1189.534,-173.803,-17.197,0.240
88.0403,-49.000,706.545,1179.051,-170.805,-11.199,0.240
88.1367,-50.000,697.945,1173.315,-172.543,-9.937,0.240
88.2358,-51.000,688.360,1168.586,-175.277,-9.671,0.240
88.3331,-51.000,690.956,1155.296,-167.642,-2.036,0.240
88.4406,-52.000,675.183,1156.851,-176.614,-8.008,0.240
88.5391,-52.000,676.507,1144.913,-170.292,-1.686,0.240
88.6374,-53.000,660.494,1146.778,-179.540,-7.934,0.240
88.7368,-53.000,661.790,1134.927,-173.276,-1.670,0.240
88.8338,-54.000,645.790,1136.827,-182.537,-7.931,0.240
88.9422,-54.000,647.106,1125.000,-176.276,-1.670,0.240
89.0399,-54.000,643.503,1118.139,-174.957,-0.351,0.240
89.1396,-54.000,638.880,1112.340,-174.680,-0.074,0.240
89.2368,-55.000,621.678,1115.556,-185.201,-7.595,0.240
89.3351,-55.000,622.777,1104.040,-179.205,-1.599,0.240
89.4422,-55.000,619.160,1097.276,-177.943,-0.337,0.240
89.5394,-55.000,614.561,1091.522,-177.677,-0.071,0.240
89.6358,-55.000,609.765,1085.991,-177.621,-0.015,0.240
89.7334,-55.000,604.935,1080.514,-177.609,-0.003,0.240
89.8424,-55.000,600.106,1075.056,-177.607,-0.001,0.240
89.9401,-54.000,604.661,1057.828,-167.027,7.579,0.240
90.0379,-54.000,594.340,1058.849,-173.010,1.596,0.240
90.1348,-53.000,598.055,1043.301,-163.691,7.915,0.240
90.2342,-53.000,587.826,1044.945,-169.940,1.666,0.240
90.3428,-52.000,591.788,1029.756,-160.676,7.930,0.240
90.4398,-51.000,591.184,1019.891,-156.358,9.248,0.240
90.5366,-50.000,589.861,1011.387,-153.080,9.526,0.240
90.6324,-49.000,588.591,1003.376,-150.022,9.584,0.240
90.7407,-47.000,596.886,983.864,-136.430,17.176,0.240
90.8396,-46.000,590.486,982.801,-139.411,11.195,0.240
90.9386,-45.000,588.904,977.113,-137.670,9.936,0.240
91.0351,-43.000,597.776,958.733,-124.356,17.250,0.240
91.1348,-41.000,601.424,946.676,-116.817,18.789,0.240
91.2327,-39.000,604.322,936.301,-110.492,19.114,0.240
91.3416,-37.000,607.361,926.579,-104.424,19.182,0.240
91.4388,-35.000,610.684,917.249,-98.410,19.196,0.240
91.5366,-33.000,614.282,908.216,-92.407,19.199,0.240
91.6368,-31.000,618.121,899.429,-86.406,19.200,0.240
91.7349,-29.000,622.167,890.850,-80.406,19.200,0.240
91.8327,-27.000,626.389,882.447,-74.406,19.200,0.240
91.9317,-25.000,630.760,874.194,-68.406,19.200,0.240
92.0405,-23.000,635.259,866.068,-62.406,19.200,0.240
92.1394,-20.000,649.245,846.271,-45.827,26.779,0.240
92.2377,-18.000,648.332,844.916,-45.918,20.796,0.240
92.3360,-15.000,661.546,827.047,-30.689,27.115,0.240
92.4329,-12.000,670.274,814.634,-20.431,28.445,0.240
92.5316,-10.000,668.998,815.450,-21.790,21.146,0.240
92.6406,-8.000,673.366,810.363,-17.374,19.610,0.240
92.7388,-5.000,688.235,792.156,-1.149,26.865,0.240
92.8368,-3.000,688.394,791.830,-1.218,20.814,0.240
92.9352,-2.000,683.807,798.348,-7.083,11.961,0.240
93.0345,-0.000,694.992,785.477,4.632,17.676,0.240
93.1339,2.000,700.439,775.869,11.847,18.879,0.240
93.2414,3.000,695.111,778.532,7.540,11.554,0.240
93.3389,4.000,694.708,774.541,9.021,10.011,0.240
93.4375,5.000,694.795,768.592,11.727,9.687,0.240
93.5357,5.000,690.781,779.282,4.109,2.039,0.240
93.6322,6.000,701.048,771.088,13.114,8.008,0.240
93.7394,6.000,697.335,779.564,6.828,1.686,0.240
93.8385,7.000,707.012,770.335,16.118,7.934,0.240
93.9377,7.000,702.620,778.109,9.896,1.670,0.240
94.0377,8.000,711.683,768.320,19.205,7.931,0.240
94.1360,9.000,715.547,763.239,23.577,9.249,0.240
94.2368,9.000,709.367,771.384,16.329,1.947,0.240
94.3347,10.000,717.577,761.245,25.431,7.989,0.240
94.4325,11.000,720.856,755.726,29.769,9.261,0.240
94.5436,11.000,714.211,763.467,22.524,1.950,0.240
94.6402,12.000,722.033,752.976,31.635,7.989,0.240
94.7392,12.000,716.201,759.540,25.400,1.682,0.240
94.8372,13.000,724.074,748.690,34.729,7.933,0.240
94.9377,13.000,718.150,755.082,28.544,1.670,0.240
95.0347,14.000,725.917,744.114,37.889,7.931,0.240
95.1338,13.000,708.114,759.795,21.127,-5.909,0.240
95.2350,13.000,713.473,755.633,25.870,-1.244,0.240
95.3327,12.000,703.271,764.453,16.345,-7.841,0.240
95.4308,12.000,710.458,759.091,22.607,-1.651,0.240
95.5389,11.000,700.834,767.866,13.398,-7.926,0.240
95.6360,9.000,684.735,781.442,-1.449,-16.827,0.240
95.7355,8.000,688.224,779.410,1.305,-11.121,0.240
95.8351,7.000,687.393,782.080,-0.452,-9.920,0.240
95.9320,7.000,697.553,776.482,7.422,-2.088,0.240
96.0309,7.000,701.188,776.725,9.112,-0.440,0.240
96.1401,6.000,691.444,787.365,-1.084,-7.672,0.240
96.2365,5.000,687.636,792.536,-5.576,-9.194,0.240
96.3344,5.000,697.006,787.323,1.712,-1.936,0.240
96.4314,5.000,700.333,787.530,3.271,-0.407,0.240
96.5391,4.000,690.404,798.063,-6.963,-7.665,0.240
96.6360,3.000,686.452,803.128,-11.473,-9.193,0.240
96.7343,3.000,695.702,797.824,-4.197,-1.935,0.240
96.8335,2.000,687.142,807.339,-13.236,-7.986,0.240
96.9317,2.000,695.365,802.927,-6.919,-1.681,0.240
97.0300,1.000,686.540,812.591,-16.165,-7.933,0.240
97.1387,-0.000,682.882,817.563,-20.481,-9.249,0.240
97.2352,-1.000,679.858,821.104,-23.764,-9.526,0.240
97.3335,-3.000,664.323,832.878,-37.419,-17.163,0.240
97.4316,-4.000,666.872,829.532,-34.472,-11.192,0.240
97.5296,-4.000,676.846,821.881,-25.660,-2.356,0.240
97.6378,-5.000,667.284,829.817,-34.409,-8.075,0.240
97.7368,-5.000,674.439,824.280,-28.064,-1.700,0.240
97.8345,-5.000,676.439,823.656,-26.752,-0.358,0.240
97.9314,-4.000,686.661,812.203,-15.914,7.504,0.240
98.0296,-3.000,691.075,807.342,-11.277,9.159,0.240
98.1385,-3.000,685.137,815.901,-18.526,1.928,0.240
98.2396,-3.000,684.711,818.555,-20.066,0.406,0.240
98.3361,-4.000,672.934,828.625,-30.989,-7.493,0.240
98.4342,-4.000,679.601,823.508,-25.098,-1.578,0.240
98.5306,-5.000,669.096,831.730,-34.461,-7.911,0.240
98.6397,-5.000,675.841,826.044,-28.245,-1.665,0.240
98.7360,-6.000,665.192,833.994,-37.546,-7.930,0.240
98.8340,-7.000,659.384,836.907,-41.906,-9.248,0.240
98.9346,-7.000,666.913,829.918,-34.647,-1.947,0.240
99.0327,-7.000,668.637,828.652,-33.152,-0.410,0.240
99.1306,-6.000,678.499,816.780,-22.285,7.493,0.240
99.2291,-6.000,673.193,823.377,-28.237,1.577,0.240
99.3370,-5.000,681.846,813.423,-18.933,7.911,0.240
99.4348,-5.000,676.517,820.645,-25.209,1.665,0.240
99.5332,-4.000,685.362,811.009,-15.968,7.930,0.240
99.6303,-5.000,667.856,827.242,-32.838,-5.910,0.240
99.7288,-5.000,673.451,823.566,-28.202,-1.244,0.240
99.8367,-6.000,662.834,832.214,-37.835,-7.841,0.240
99.9356,-7.000,657.266,835.508,-42.266,-9.230,0.240
100.0357,-8.000,652.659,837.582,-45.606,-9.522,0.240
100.1338,-9.000,648.167,839.321,-48.722,-9.584,0.240
100.2338,-10.000,643.624,840.924,-51.795,-9.597,0.240
100.3317,-11.000,639.006,842.443,-54.863,-9.599,0.240
100.4324,-11.000,646.701,835.114,-47.351,-2.021,0.240
100.5303,-12.000,636.001,842.525,-56.406,-8.004,0.240
100.6371,-11.000,651.736,824.595,-39.574,5.894,0.240
100.7350,-12.000,635.199,838.666,-54.878,-6.338,0.240
100.8328,-12.000,640.582,834.186,-49.946,-1.334,0.240
100.9296,-12.000,641.948,833.588,-48.965,-0.281,0.240
101.0309,-13.000,630.039,842.550,-59.400,-7.638,0.240
101.1279,-13.000,636.239,836.845,-53.448,-1.608,0.240
101.2371,-14.000,625.256,844.649,-62.841,-7.917,0.240
101.3340,-15.000,619.186,847.416,-67.260,-9.246,0.240
101.4336,-16.000,614.107,849.088,-70.635,-9.525,0.240
101.5318,-16.000,621.583,841.716,-63.211,-2.005,0.240
101.6290,-17.000,610.729,849.058,-72.309,-8.001,0.240
101.7369,-18.000,604.567,851.636,-76.679,-9.263,0.240
101.8336,-17.000,621.133,832.622,-58.889,5.629,0.240
101.9342,-17.000,617.048,837.628,-63.435,1.185,0.240
102.0331,-17.000,616.401,839.057,-64.473,0.249,0.240
102.1298,-17.000,616.434,839.688,-64.771,0.053,0.240
102.2382,-16.000,625.958,828.329,-54.330,7.590,0.240
102.3374,-16.000,620.590,835.137,-60.418,1.598,0.240
102.4344,-16.000,619.845,837.107,-61.776,0.336,0.240
102.5336,-16.000,620.004,837.989,-62.137,0.071,0.240
102.6307,-16.000,620.294,838.583,-62.289,0.015,0.240
102.7278,-16.000,620.562,839.066,-62.397,0.003,0.240
102.8351,-16.000,620.783,839.484,-62.495,0.001,0.240
102.9345,-17.000,608.573,848.637,-73.177,-7.579,0.240
103.0312,-17.000,614.655,842.957,-67.296,-1.596,0.240
103.1376,-17.000,615.984,841.970,-66.138,-0.336,0.240
103.2350,-18.000,603.907,850.737,-76.560,-7.650,0.240
103.3326,-18.000,609.932,844.899,-70.628,-1.610,0.240
103.4333,-19.000,598.790,852.600,-80.050,-7.918,0.240
103.5296,-19.000,604.964,846.500,-73.913,-1.667,0.240
103.6361,-19.000,606.198,845.330,-72.711,-0.351,0.240
103.7362,-20.000,594.123,853.859,-83.013,-7.653,0.240
103.8339,-20.000,600.158,847.810,-76.971,-1.611,0.240
103.9314,-20.000,601.424,846.533,-75.699,-0.339,0.240
104.0278,-20.000,601.686,846.260,-75.431,-0.071,0.240
104.1351,-20.000,601.738,846.199,-75.375,-0.015,0.240
104.2314,-20.000,601.747,846.184,-75.363,-0.003,0.240
104.3292,-20.000,601.746,846.178,-75.361,-0.001,0.240
104.4382,-20.000,601.744,846.175,-75.360,-0.000,0.240
104.5274,-19.000,611.007,834.507,-64.895,7.579,0.240
104.6354,-19.000,605.387,841.083,-70.992,1.596,0.240
104.7356,-18.000,613.805,831.078,-61.781,7.915,0.240
104.8323,-18.000,608.274,838.260,-68.138,1.666,0.240
104.9295,-17.000,616.937,828.600,-58.976,7.930,0.240
105.0266,-16.000,621.036,824.254,-54.754,9.248,0.240
105.1379,-16.000,615.034,833.046,-62.151,1.947,0.240
105.2345,-15.000,623.971,824.080,-53.199,7.989,0.240
105.3312,-15.000,619.062,831.965,-59.596,1.682,0.240
105.4283,-14.000,628.294,822.862,-50.429,7.933,0.240
105.5292,-14.000,623.502,830.764,-56.776,1.670,0.240
105.6283,-13.000,632.806,821.703,-47.593,7.931,0.240
105.7269,-13.000,628.070,829.646,-53.932,1.670,0.240
105.8356,-12.000,637.422,820.620,-44.744,7.930,0.240
105.9340,-11.000,642.113,816.806,-40.491,9.249,0.240
106.0347,-10.000,646.003,814.262,-37.274,9.526,0.240
106.1342,-9.000,649.879,812.129,-34.270,9.584,0.240
106.2310,-9.000,644.500,821.991,-41.890,2.018,0.240
106.3287,-8.000,654.143,813.758,-32.952,8.004,0.240
106.4355,-7.000,659.260,810.438,-28.734,9.264,0.240
106.5337,-6.000,663.553,808.273,-25.505,9.529,0.240
106.6318,-6.000,658.399,818.237,-33.064,2.006,0.240
106.7298,-5.000,668.208,810.116,-24.099,8.001,0.240
106.8278,-5.000,664.079,818.680,-30.446,1.684,0.240
106.9266,-4.000,673.988,810.140,-21.220,7.934,0.240
107.0359,-3.000,679.168,806.724,-16.923,9.249,0.240
107.1347,-3.000,674.098,816.294,-24.243,1.947,0.240
107.2327,-2.000,683.840,807.977,-15.213,7.989,0.240
107.3309,-2.000,679.626,816.401,-21.532,1.682,0.240
107.4304,-2.000,680.076,819.530,-22.872,0.354,0.240
107.5283,-2.000,681.306,821.343,-23.163,0.075,0.240
107.6272,-2.000,682.528,822.707,-23.234,0.016,0.240
107.7357,-2.000,683.602,823.830,-23.259,0.003,0.240
107.8346,-2.000,684.522,824.779,-23.273,0.001,0.240
107.9327,-2.000,685.304,825.586,-23.286,0.000,0.240
108.0328,-2.000,685.966,826.273,-23.298,0.000,0.240
108.1303,-3.000,674.143,835.644,-33.895,-7.579,0.240
108.2289,-3.000,680.566,830.136,-27.930,-1.596,0.240
108.3282,-3.000,682.197,829.283,-26.688,-0.336,0.240
108.4269,-3.000,682.775,829.367,-26.441,-0.071,0.240
108.5277,-4.000,670.709,838.395,-36.988,-7.594,0.240
108.6275,-5.000,664.504,841.418,-41.602,-9.178,0.240
108.7254,-5.000,671.867,834.350,-34.386,-1.932,0.240
108.8335,-5.000,673.488,832.980,-32.891,-0.407,0.240
108.9328,-5.000,673.885,832.795,-32.600,-0.086,0.240
109.0297,-6.000,661.629,841.633,-43.147,-7.597,0.240
109.1282,-5.000,677.022,823.934,-26.600,5.980,0.240
109.2363,-5.000,672.791,829.204,-31.351,1.259,0.240
109.3356,-5.000,672.210,830.670,-32.375,0.265,0.240
109.4349,-6.000,659.961,840.070,-43.199,-7.523,0.240
109.5321,-6.000,666.154,834.456,-37.296,-1.584,0.240
109.6303,-6.000,667.614,833.487,-36.081,-0.333,0.240
109.7316,-5.000,677.435,821.684,-25.269,7.509,0.240
109.8298,-6.000,659.750,837.085,-41.812,-5.998,0.240
109.9286,-6.000,664.979,832.915,-37.113,-1.263,0.240
110.0256,-6.000,666.389,832.403,-36.152,-0.266,0.240
110.1258,-6.000,666.945,832.612,-35.978,-0.056,0.240
110.2343,-6.000,667.278,832.928,-35.970,-0.012,0.240
110.3331,-6.000,667.528,833.231,-35.996,-0.002,0.240
110.4325,-6.000,667.728,833.500,-36.031,-0.001,0.240
110.5297,-7.000,655.507,842.520,-46.651,-7.579,0.240
110.6274,-7.000,661.588,836.718,-40.710,-1.596,0.240
110.7354,-7.000,662.925,835.619,-39.492,-0.336,0.240
110.8325,-7.000,663.249,835.497,-39.269,-0.071,0.240
110.9322,-7.000,663.348,835.569,-39.255,-0.015,0.240
111.0309,-8.000,651.006,844.457,-49.870,-7.582,0.240
111.1297,-8.000,656.976,838.551,-43.932,-1.596,0.240
111.2268,-8.000,658.215,837.366,-42.720,-0.336,0.240
111.3266,-8.000,658.456,837.172,-42.503,-0.071,0.240
111.4346,-9.000,646.098,845.968,-53.080,-7.594,0.240
111.5330,-9.000,652.026,840.014,-47.139,-1.599,0.240
111.6303,-9.000,653.223,838.794,-45.931,-0.337,0.240
111.7272,-10.000,641.040,847.358,-56.304,-7.650,0.240
111.8270,-10.000,646.981,841.340,-50.324,-1.610,0.240
111.9261,-10.000,648.160,840.097,-49.113,-0.339,0.240
112.0250,-10.000,648.340,839.861,-48.905,-0.071,0.240
112.1246,-10.000,648.313,839.842,-48.909,-0.015,0.240
112.2327,-10.000,648.245,839.870,-48.957,-0.003,0.240
112.3316,-9.000,657.555,828.125,-38.430,7.578,0.240
112.4289,-9.000,651.984,834.628,-44.467,1.595,0.240
112.5259,-9.000,651.066,836.337,-45.780,0.336,0.240
112.6333,-8.000,660.469,825.208,-35.514,7.650,0.240
112.7319,-8.000,655.147,832.061,-41.602,1.610,0.240
112.8298,-7.000,663.864,822.246,-32.336,7.918,0.240
112.9272,-6.000,667.989,817.788,-28.044,9.246,0.240
113.0252,-6.000,662.012,826.482,-35.379,1.947,0.240
113.1245,-5.000,670.979,817.424,-26.367,7.989,0.240
113.2346,-5.000,666.104,825.222,-32.704,1.682,0.240
113.3328,-4.000,675.373,816.037,-23.477,7.933,0.240
113.4307,-3.000,680.007,812.075,-19.179,9.249,0.240
113.5272,-2.000,683.857,809.396,-15.914,9.526,0.240
113.6244,-2.000,678.322,818.926,-23.447,2.005,0.240
113.7327,-1.000,687.810,810.434,-14.457,8.001,0.240
113.8314,-0.000,692.796,806.895,-10.195,9.263,0.240
113.9293,1.000,696.382,803.938,-6.923,9.529,0.240
114.0267,1.000,690.633,813.223,-14.440,2.006,0.240
114.1245,2.000,699.342,803.918,-5.433,8.001,0.240
114.2327,2.000,694.285,811.470,-11.738,1.684,0.240
114.3294,3.000,702.812,801.463,-2.470,7.934,0.240
114.4280,3.000,697.438,808.580,-8.716,1.670,0.240
114.5269,3.000,696.877,810.621,-10.016,0.352,0.240
114.6346,3.000,697.247,811.509,-10.276,0.074,0.240
114.7310,3.000,697.742,812.085,-10.316,0.016,0.240
114.8306,3.000,698.202,812.534,-10.311,0.003,0.240
114.9286,3.000,698.604,812.905,-10.295,0.001,0.240
115.0249,3.000,698.950,813.216,-10.278,0.000,0.240
115.1247,3.000,699.247,813.477,-10.260,0.000,0.240
115.2334,4.000,708.287,801.312,0.343,7.579,0.240
115.3298,5.000,711.284,795.058,4.969,9.175,0.240
115.4307,5.000,704.187,802.387,-2.245,1.931,0.240
115.5289,5.000,702.791,803.980,-3.739,0.407,0.240
115.6260,6.000,711.369,791.970,6.555,7.665,0.240
115.7241,7.000,714.180,785.641,11.125,9.193,0.240
115.8337,7.000,706.970,792.862,3.909,1.935,0.240
115.9319,7.000,705.488,794.352,2.423,0.407,0.240
116.0316,8.000,713.997,782.250,12.729,7.665,0.240
116.1286,8.000,707.967,788.226,6.726,1.614,0.240
116.2254,8.000,706.718,789.429,5.500,0.340,0.240
116.3244,8.000,706.479,789.630,5.280,0.072,0.240
116.4227,8.000,706.454,789.622,5.271,0.015,0.240
116.5302,8.000,706.476,789.572,5.307,0.003,0.240
116.6275,7.000,694.724,798.900,-5.232,-7.578,0.240
116.7266,7.000,701.219,793.345,0.793,-1.595,0.240
116.8248,6.000,691.135,801.827,-8.491,-7.915,0.240
116.9230,6.000,698.239,796.362,-2.206,-1.666,0.240
117.0304,5.000,688.502,805.092,-11.440,-7.930,0.240
117.1313,4.000,684.080,809.259,-15.734,-9.248,0.240
117.2272,3.000,681.011,812.710,-18.994,-9.526,0.240
117.3266,2.000,678.427,816.219,-22.040,-9.584,0.240
117.4243,1.000,676.114,819.918,-25.047,-9.597,0.240
117.5227,-0.000,674.001,823.810,-28.049,-9.599,0.240
117.6234,-1.000,671.450,827.272,-31.056,-9.600,0.240
117.7321,-3.000,656.141,839.157,-44.653,-17.179,0.240
117.8298,-4.000,658.844,835.942,-41.694,-11.196,0.240
117.9253,-5.000,656.557,837.195,-43.464,-9.936,0.240
118.0238,-6.000,653.046,839.226,-46.235,-9.671,0.240
118.1230,-8.000,636.746,850.068,-59.806,-17.194,0.240
118.2327,-9.000,638.568,846.008,-56.865,-11.199,0.240
118.3302,-10.000,635.519,846.554,-58.663,-9.937,0.240
118.4297,-11.000,631.354,847.991,-61.463,-9.671,0.240
118.5282,-12.000,626.879,849.548,-64.479,-9.615,0.240
118.6261,-13.000,622.273,851.073,-67.545,-9.603,0.240
118.7253,-14.000,617.582,852.546,-70.627,-9.601,0.240
118.8267,-15.000,612.824,853.967,-73.716,-9.600,0.240
118.9249,-16.000,608.011,855.345,-76.812,-9.600,0.240
119.0236,-17.000,603.149,856.687,-79.914,-9.600,0.240
119.1233,-18.000,598.245,857.999,-83.022,-9.600,0.240
119.2217,-19.000,593.304,859.287,-86.136,-9.600,0.240
119.3297,-20.000,588.451,860.434,-89.136,-9.600,0.240
119.4268,-20.000,595.956,852.780,-81.557,-2.021,0.240
119.5258,-21.000,585.109,859.900,-90.540,-8.004,0.240
119.6236,-21.000,591.344,853.497,-84.221,-1.685,0.240
119.7317,-22.000,580.224,860.874,-93.470,-7.934,0.240
119.8281,-23.000,574.018,863.299,-97.785,-9.249,0.240
119.9274,-24.000,568.834,864.669,-101.062,-9.526,0.240
120.0253,-25.000,563.854,865.806,-104.120,-9.584,0.240
120.1247,-25.000,571.288,858.106,-96.554,-2.018,0.240
120.2216,-26.000,560.389,865.179,-105.540,-8.004,0.240
120.3313,-26.000,566.582,858.735,-99.221,-1.685,0.240
120.4302,-27.000,555.426,866.076,-108.470,-7.934,0.240
120.5276,-27.000,561.569,859.692,-102.206,-1.670,0.240
120.6284,-28.000,550.406,867.049,-111.467,-7.931,0.240
120.7266,-28.000,556.549,860.671,-105.206,-1.670,0.240
120.8268,-28.000,557.767,859.253,-103.887,-0.351,0.240
120.9266,-29.000,545.581,867.669,-114.189,-7.653,0.240
121.0247,-29.000,551.521,861.525,-108.147,-1.611,0.240
121.1216,-29.000,552.706,860.167,-106.875,-0.339,0.240
121.2220,-29.000,552.900,859.825,-106.607,-0.071,0.240
121.3306,-29.000,552.893,859.706,-106.551,-0.015,0.240
121.4288,-28.000,562.231,847.862,-95.960,7.576,0.240
121.5288,-28.000,556.685,854.278,-101.941,1.595,0.240
121.6284,-27.000,565.174,844.127,-92.621,7.915,0.240
121.7273,-27.000,559.720,851.170,-98.870,1.666,0.240
121.8264,-26.000,568.458,841.381,-89.606,7.930,0.240
121.9245,-26.000,563.252,848.695,-95.867,1.669,0.240
122.0217,-25.000,572.208,839.130,-86.606,7.930,0.240
122.1311,-24.000,576.568,834.853,-82.287,9.249,0.240
122.2298,-23.000,580.180,831.911,-79.010,9.526,0.240
122.3279,-22.000,583.823,829.437,-75.952,9.584,0.240
122.4286,-21.000,587.633,827.222,-72.939,9.597,0.240
122.5261,-20.000,591.613,825.197,-69.937,9.599,0.240
122.6237,-19.000,595.630,823.441,-67.050,9.600,0.240
122.7233,-18.000,599.784,821.810,-64.158,9.600,0.240
122.8223,-17.000,604.054,820.284,-61.260,9.600,0.240
122.9211,-16.000,608.424,818.847,-58.356,9.600,0.240
123.0216,-15.000,612.881,817.483,-55.446,9.600,0.240
123.1224,-14.000,617.411,816.181,-52.530,9.600,0.240
123.2213,-12.000,631.390,803.147,-39.023,17.179,0.240
123.3306,-11.000,630.542,808.398,-42.072,11.196,0.240
123.4272,-10.000,634.394,808.888,-40.392,9.936,0.240
123.5248,-9.000,639.220,808.353,-37.711,9.671,0.240
123.6219,-8.000,644.240,807.581,-34.815,9.615,0.240
123.7233,-8.000,639.906,818.524,-42.454,2.024,0.240
123.8207,-8.000,641.070,822.980,-44.100,0.426,0.240
123.9306,-7.000,652.458,813.967,-33.899,7.669,0.240
124.0286,-7.000,648.872,822.573,-39.996,1.614,0.240
124.1246,-7.000,649.688,826.023,-41.312,0.340,0.240
124.2233,-7.000,651.191,828.147,-41.622,0.072,0.240
124.3204,-7.000,652.634,829.786,-41.721,0.015,0.240
124.4288,-7.000,653.890,831.150,-41.775,0.003,0.240
124.5262,-7.000,654.959,832.309,-41.819,0.001,0.240
124.6243,-7.000,655.863,833.298,-41.862,0.000,0.240
124.7202,-8.000,644.241,842.929,-52.489,-7.579,0.240
124.8273,-8.000,650.830,837.648,-46.554,-1.596,0.240
124.9255,-8.000,652.598,836.992,-45.342,-0.336,0.240
125.0242,-8.000,653.287,837.247,-45.125,-0.071,0.240
125.1226,-8.000,653.697,837.641,-45.117,-0.015,0.240
125.2198,-8.000,654.002,838.019,-45.153,-0.003,0.240
125.3292,-9.000,641.861,847.139,-55.784,-7.580,0.240
125.4274,-9.000,648.008,841.426,-49.854,-1.596,0.240
125.5239,-9.000,649.398,840.404,-48.648,-0.336,0.240
125.6250,-9.000,649.766,840.350,-48.437,-0.071,0.240
125.7232,-9.000,649.900,840.481,-48.435,-0.015,0.240
125.8237,-9.000,649.971,840.636,-48.477,-0.003,0.240
125.9235,-8.000,659.401,828.999,-37.944,7.578,0.240
126.0228,-8.000,653.932,835.591,-43.975,1.595,0.240
126.1226,-8.000,653.101,837.376,-45.282,0.336,0.240
126.2204,-8.000,653.194,838.095,-45.595,0.071,0.240
126.3295,-8.000,653.435,838.544,-45.699,0.015,0.240
126.4289,-8.000,653.669,838.897,-45.759,0.003,0.240
126.5260,-8.000,653.867,839.197,-45.809,0.001,0.240
126.6241,-9.000,641.646,848.242,-56.443,-7.579,0.240
126.7209,-9.000,647.725,842.463,-50.514,-1.596,0.240
126.8303,-9.000,649.058,841.385,-49.308,-0.336,0.240
126.9278,-10.000,636.993,850.067,-59.682,-7.650,0.240
127.0286,-10.000,643.034,844.150,-53.702,-1.610,0.240
127.1266,-10.000,644.299,842.991,-52.491,-0.339,0.240
127.2244,-11.000,632.166,851.613,-62.868,-7.650,0.240
127.3214,-12.000,625.763,854.433,-67.480,-9.190,0.240
127.4202,-12.000,632.923,847.227,-60.297,-1.935,0.240
127.5267,-13.000,621.974,854.537,-69.426,-7.986,0.240
127.6223,-14.000,615.769,857.048,-73.784,-9.260,0.240
127.7198,-14.000,622.926,849.752,-66.558,-1.950,0.240
127.8196,-15.000,611.937,857.023,-75.687,-7.989,0.240
127.9268,-15.000,618.074,850.725,-69.470,-1.682,0.240
128.0269,-15.000,619.244,849.419,-68.232,-0.354,0.240
128.1248,-16.000,606.990,857.956,-78.627,-7.653,0.240
128.2219,-16.000,612.857,851.930,-72.681,-1.611,0.240
128.3189,-16.000,613.966,850.687,-71.505,-0.339,0.240
128.4277,-16.000,614.080,850.458,-71.333,-0.071,0.240
128.5267,-15.000,623.377,838.664,-60.788,7.564,0.240
128.6244,-15.000,617.754,845.164,-66.850,1.592,0.240
128.7225,-15.000,616.780,846.884,-68.197,0.335,0.240
128.8217,-15.000,616.742,847.555,-68.551,0.071,0.240
128.9202,-15.000,616.866,847.970,-68.697,0.015,0.240
129.0204,-16.000,604.608,857.086,-79.384,-7.576,0.240
129.1209,-16.000,610.657,851.366,-73.499,-1.595,0.240
129.2190,-16.000,611.961,850.343,-72.336,-0.336,0.240
129.3288,-16.000,612.249,850.292,-72.167,-0.071,0.240
129.4254,-16.000,612.309,850.434,-72.207,-0.015,0.240
129.5230,-16.000,612.311,850.604,-72.291,-0.003,0.240
129.6217,-16.000,612.291,850.770,-72.385,-0.001,0.240
129.7197,-16.000,612.257,850.928,-72.480,-0.000,0.240
129.8277,-16.000,612.214,851.077,-72.576,-0.000,0.240
129.9264,-16.000,612.163,851.217,-72.672,-0.000,0.240
130.0227,-15.000,621.490,839.567,-62.183,7.579,0.240
130.1206,-15.000,615.929,846.152,-68.256,1.596,0.240
130.2274,-15.000,615.015,847.938,-69.606,0.336,0.240
130.3231,-14.000,624.415,836.878,-59.376,7.650,0.240
130.4235,-14.000,619.086,843.796,-65.500,1.610,0.240
130.5205,-13.000,627.791,834.042,-56.270,7.918,0.240
130.6186,-13.000,622.517,841.425,-62.599,1.667,0.240
130.7278,-12.000,631.403,831.930,-53.408,7.930,0.240
130.8255,-11.000,635.698,827.719,-49.156,9.248,0.240
130.9255,-10.000,639.251,824.837,-45.938,9.526,0.240
131.0257,-9.000,642.840,822.418,-42.934,9.584,0.240
131.1224,-8.000,646.602,820.251,-39.969,9.597,0.240
131.2203,-6.000,699.423,816.115,-18.519,25.083,0.400
131.3227,-5.000,726.212,842.247,-24.164,16.468,0.400
131.4205,-4.000,759.360,862.622,-22.856,14.800,0.400
131.5180,-2.000,806.922,866.994,-5.578,26.090,0.400
131.6258,-1.000,831.998,897.601,-12.011,16.663,0.400
131.7241,-0.000,864.227,921.242,-10.836,14.838,0.400
131.8238,2.000,909.314,926.484,6.436,26.098,0.400
131.9218,3.000,931.411,956.907,0.020,16.664,0.400
132.0199,5.000,972.884,962.915,15.837,26.451,0.400
132.1189,5.000,980.209,1009.587,-5.464,5.120,0.400
132.2176,7.000,1029.601,1005.934,19.675,24.217,0.400
132.3252,8.000,1050.217,1033.934,14.806,16.300,0.400
132.4234,8.000,1064.101,1072.014,1.709,3.155,0.400
132.5213,8.000,1088.359,1099.564,-0.787,0.611,0.400
132.6199,6.000,1083.137,1152.263,-30.470,-23.108,0.400
132.7169,3.000,1082.413,1200.682,-55.655,-39.311,0.400
132.8276,-0.000,1096.239,1237.736,-67.791,-42.447,0.400
132.9278,-0.000,1160.858,1233.004,-33.560,-8.216,0.400
133.0238,-1.000,1180.563,1267.942,-41.553,-13.203,0.400
133.1243,-1.000,1220.068,1285.524,-30.911,-2.555,0.400
133.2228,-0.000,1238.581,1270.144,-14.238,11.118,0.400
133.3216,-0.000,1232.678,1281.711,-23.204,2.152,0.400
133.4183,-0.000,1233.547,1285.656,-24.939,0.417,0.400
133.5293,-0.000,1235.424,1287.871,-25.275,0.081,0.400
133.6262,-0.000,1237.240,1289.532,-25.340,0.016,0.400
133.7249,-1.000,1222.258,1303.571,-39.972,-11.610,0.400
133.8229,-1.000,1232.816,1295.211,-30.615,-2.247,0.400
133.9202,-1.000,1235.644,1294.251,-28.809,-0.435,0.400
134.0262,-0.000,1250.425,1278.957,-13.845,11.529,0.400
134.1227,-1.000,1225.905,1302.143,-37.762,-9.382,0.400
134.2203,-1.000,1234.451,1295.462,-30.202,-1.816,0.400
134.3174,-1.000,1236.747,1294.751,-28.743,-0.351,0.400
134.4251,-1.000,1237.737,1295.108,-28.466,-0.068,0.400
134.5215,-2.000,1221.823,1308.268,-43.036,-11.626,0.400
134.6184,-2.000,1231.544,1299.206,-33.672,-2.250,0.400
134.7251,-3.000,1217.081,1310.328,-46.488,-12.048,0.400
134.8225,-4.000,1210.311,1313.358,-51.409,-13.945,0.400
134.9202,-5.000,1204.892,1314.699,-54.806,-14.312,0.400
135.0212,-6.000,1199.617,1315.608,-57.913,-14.383,0.400
135.1223,-6.000,1210.837,1303.677,-46.350,-2.784,0.400
135.2218,-6.000,1212.754,1301.155,-44.141,-0.539,0.400
135.3179,-5.000,1226.473,1284.822,-29.123,11.509,0.400
135.4258,-4.000,1231.127,1278.845,-23.816,13.840,0.400
135.5241,-1.000,1261.593,1243.956,8.855,37.517,0.400
135.6255,1.000,1260.194,1244.594,7.831,30.487,0.400
135.7159,2.000,1250.964,1255.278,-2.130,17.514,0.400
135.8241,5.000,1276.981,1221.797,27.614,38.228,0.400
135.9262,7.000,1272.851,1220.783,26.053,30.625,0.400
136.0232,8.000,1261.680,1229.680,16.016,17.540,0.400
136.1192,10.000,1273.457,1211.172,31.157,26.621,0.400
136.2158,11.000,1264.859,1216.148,24.367,16.765,0.400
136.3236,13.000,1276.705,1196.423,40.151,26.471,0.400
136.4199,15.000,1280.426,1184.205,48.119,28.349,0.400
136.5208,16.000,1269.713,1189.796,39.966,17.100,0.400
136.6188,17.000,1268.012,1186.243,40.891,14.923,0.400
136.7160,18.000,1268.016,1180.872,43.577,14.501,0.400
136.8253,19.000,1268.319,1175.109,46.610,14.420,0.400
136.9239,19.000,1255.984,1185.802,35.095,2.791,0.400
137.0214,20.000,1265.699,1170.791,47.457,12.153,0.400
137.1208,20.000,1255.148,1179.841,37.656,2.352,0.400
137.2179,20.000,1252.613,1181.099,35.759,0.455,0.400
137.3162,20.000,1251.704,1180.924,35.392,0.088,0.400
137.4168,19.000,1235.623,1193.982,20.822,-11.596,0.400
137.5264,19.000,1245.305,1184.732,30.288,-2.244,0.400
137.6227,18.000,1231.743,1196.560,17.593,-12.047,0.400
137.7217,18.000,1242.330,1187.500,27.416,-2.332,0.400
137.8187,18.000,1244.968,1186.160,29.405,-0.451,0.400
137.9151,17.000,1230.322,1199.808,15.258,-11.700,0.400
138.0237,17.000,1240.937,1191.347,24.795,-2.265,0.400
138.1244,16.000,1228.111,1203.902,12.105,-12.051,0.400
138.2218,15.000,1223.642,1209.042,7.301,-13.945,0.400
138.3198,14.000,1221.094,1213.059,4.018,-14.312,0.400
138.4178,13.000,1219.176,1217.126,1.025,-14.383,0.400
138.5265,12.000,1217.598,1221.432,-1.917,-14.397,0.400
138.6249,11.000,1216.270,1225.977,-4.853,-14.399,0.400
138.7218,10.000,1215.147,1230.735,-7.794,-14.400,0.400
138.8182,8.000,1198.527,1249.245,-25.359,-26.013,0.400
138.9174,7.000,1207.687,1245.591,-18.952,-16.648,0.400
139.0164,6.000,1209.326,1249.533,-20.103,-14.835,0.400
139.1225,5.000,1209.529,1254.973,-22.722,-14.484,0.400
139.2197,4.000,1209.469,1260.730,-25.630,-14.416,0.400
139.3176,3.000,1209.371,1266.570,-28.599,-14.403,0.400
139.4248,2.000,1209.276,1272.446,-31.585,-14.401,0.400
139.5246,1.000,1209.190,1278.346,-34.578,-14.400,0.400
139.6226,-0.000,1209.111,1284.267,-37.578,-14.400,0.400
139.7198,-1.000,1208.138,1289.306,-40.584,-14.400,0.400
139.8151,-2.000,1206.404,1293.596,-43.596,-14.400,0.400
139.9143,-3.000,1204.022,1297.250,-46.614,-14.400,0.400
140.0216,-4.000,1201.088,1300.364,-49.638,-14.400,0.400
140.1192,-5.000,1197.686,1303.022,-52.668,-14.400,0.400
140.2176,-5.000,1210.452,1292.622,-41.085,-2.787,0.400
140.3146,-6.000,1197.106,1304.079,-53.486,-12.152,0.400
140.4237,-7.000,1190.999,1307.680,-58.341,-13.965,0.400
140.5211,-7.000,1202.654,1296.896,-47.121,-2.703,0.400
140.6192,-8.000,1188.592,1307.797,-59.602,-12.136,0.400
140.7176,-8.000,1198.489,1298.214,-49.863,-2.349,0.400
140.8247,-9.000,1183.899,1309.170,-62.636,-12.068,0.400
140.9215,-9.000,1193.533,1299.448,-52.958,-2.336,0.400
141.0207,-10.000,1178.756,1310.250,-65.747,-12.065,0.400
141.1192,-10.000,1188.237,1300.391,-56.077,-2.335,0.400
141.2149,-10.000,1189.899,1298.407,-54.254,-0.452,0.400
141.3227,-11.000,1173.498,1310.634,-68.568,-11.700,0.400
141.4220,-10.000,1196.163,1285.322,-44.580,9.348,0.400
141.5210,-10.000,1188.938,1293.296,-52.179,1.809,0.400
141.6207,-10.000,1187.738,1295.133,-53.698,0.350,0.400
141.7199,-9.000,1201.235,1280.078,-39.421,11.681,0.400
141.8218,-8.000,1206.168,1274.720,-34.276,13.874,0.400
141.9187,-8.000,1196.251,1287.276,-45.513,2.685,0.400
142.0164,-7.000,1208.728,1274.942,-33.107,12.133,0.400
142.1143,-6.000,1214.031,1270.661,-28.315,13.961,0.400
142.2227,-6.000,1204.670,1283.890,-39.610,2.702,0.400
142.3226,-5.000,1217.668,1272.080,-27.206,12.136,0.400
142.4198,-4.000,1223.425,1268.233,-22.404,13.962,0.400
142.5173,-3.000,1228.022,1266.160,-19.069,14.315,0.400
142.6237,-2.000,1232.601,1264.626,-16.012,14.384,0.400
142.7221,-1.000,1237.352,1263.363,-13.005,14.397,0.400
142.8218,-0.000,1242.287,1262.293,-10.003,14.399,0.400
142.9188,1.000,1246.486,1260.479,-6.996,14.400,0.400
143.0189,1.000,1237.393,1274.599,-18.603,2.787,0.400
143.1153,2.000,1249.957,1262.409,-6.226,12.152,0.400
143.2232,3.000,1254.497,1257.287,-1.395,13.965,0.400
143.3192,3.000,1244.505,1269.783,-12.639,2.703,0.400
143.4184,4.000,1256.076,1256.440,-0.182,12.136,0.400
143.5168,5.000,1259.730,1250.382,4.674,13.962,0.400
143.6156,6.000,1261.647,1245.520,8.063,14.315,0.400
143.7160,7.000,1263.056,1240.708,11.174,14.384,0.400
143.8148,7.000,1251.552,1252.320,-0.384,2.784,0.400
143.9237,8.000,1262.063,1238.000,12.032,12.152,0.400
144.0212,8.000,1252.193,1247.633,2.280,2.352,0.400
144.1203,9.000,1262.912,1232.812,15.050,12.068,0.400
144.2184,9.000,1252.991,1242.247,5.372,2.336,0.400
144.3171,10.000,1263.623,1227.301,18.161,12.065,0.400
144.4159,10.000,1253.620,1236.638,8.491,2.335,0.400
144.5129,9.000,1235.845,1251.747,-7.951,-11.161,0.400
144.6135,10.000,1257.935,1226.490,15.723,9.453,0.400
144.7206,10.000,1250.526,1234.207,8.160,1.830,0.400
144.8177,11.000,1261.911,1219.185,21.363,11.967,0.400
144.9145,11.000,1252.280,1228.723,11.778,2.316,0.400
145.0128,11.000,1250.439,1230.486,9.976,0.448,0.400
145.1224,11.000,1245.478,1235.095,5.192,0.075,0.100
145.2222,12.000,1247.840,1227.905,9.968,3.212,0.100
145.3212,12.000,1243.886,1229.228,7.329,0.535,0.100
145.4178,12.000,1241.596,1227.753,6.921,0.089,0.100
145.5161,12.000,1239.196,1225.426,6.885,0.015,0.100
145.6171,13.000,1239.752,1216.323,11.714,3.202,0.100
145.7151,13.000,1234.229,1216.054,9.087,0.534,0.100
145.8127,13.000,1230.600,1213.232,8.684,0.089,0.100
145.9227,13.000,1227.062,1209.758,8.652,0.015,0.100
146.0205,13.000,1223.347,1205.985,8.681,0.002,0.100
146.1188,13.000,1219.440,1201.999,8.720,0.000,0.100
146.2160,13.000,1215.363,1197.840,8.762,0.000,0.100
146.3149,13.000,1211.140,1193.534,8.803,0.000,0.100
146.4121,13.000,1206.793,1189.104,8.845,0.000,0.100
146.5216,13.000,1202.340,1184.568,8.886,0.000,0.100
146.6192,13.000,1197.798,1179.942,8.928,0.000,0.100
146.7157,14.000,1196.482,1168.937,13.773,3.200,0.100
146.8122,14.000,1189.360,1167.058,11.151,0.533,0.100
146.9191,15.000,1187.674,1156.565,15.554,3.289,0.100
147.0153,14.000,1174.239,1158.122,8.059,-2.652,0.100
147.1135,14.000,1172.181,1151.554,10.313,-0.442,0.100
147.2128,14.000,1168.164,1146.711,10.726,-0.074,0.100
147.3195,14.000,1163.741,1142.076,10.833,-0.012,0.100
147.4136,13.000,1152.879,1140.710,6.084,-3.202,0.100
147.5118,12.000,1144.825,1136.843,3.991,-3.734,0.100
147.6224,12.000,1143.644,1129.362,7.141,-0.622,0.100
147.7210,11.000,1133.453,1127.664,2.895,-3.304,0.100
147.8192,11.000,1131.924,1120.558,5.683,-0.551,0.100
147.9143,11.000,1127.985,1115.631,6.177,-0.092,0.100
148.0124,10.000,1117.261,1114.290,1.486,-3.215,0.100
148.1130,10.000,1115.581,1107.187,4.197,-0.536,0.100
148.2126,10.000,1111.563,1102.212,4.675,-0.089,0.100
148.3127,10.000,1107.083,1097.519,4.782,-0.015,0.100
148.4217,10.000,1102.465,1092.812,4.826,-0.002,0.100
148.5192,9.000,1091.469,1091.355,0.057,-3.200,0.100
148.6166,10.000,1092.911,1077.799,7.556,2.667,0.100
148.7145,10.000,1086.309,1075.577,5.366,0.444,0.100
148.8141,10.000,1081.456,1071.401,5.028,0.074,0.100
148.9136,10.000,1076.826,1066.830,4.998,0.012,0.100
149.0131,11.000,1075.476,1055.830,9.823,3.202,0.100
149.1221,10.000,1062.027,1057.254,2.386,-2.666,0.100
149.2199,10.000,1059.906,1050.625,4.640,-0.444,0.100
149.3185,10.000,1055.826,1045.741,5.043,-0.074,0.100
149.4155,10.000,1051.346,1041.073,5.136,-0.012,0.100
149.5123,11.000,1050.039,1030.076,9.982,3.198,0.100
149.6117,10.000,1036.613,1031.516,2.549,-2.667,0.100
149.7202,11.000,1037.813,1018.600,9.607,2.755,0.100
149.8193,12.000,1034.612,1010.314,12.149,3.659,0.100
149.9178,12.000,1027.455,1009.180,9.138,0.610,0.100
150.0135,12.000,1022.698,1005.362,8.668,0.102,0.100
150.1109,13.000,1021.546,994.696,13.425,3.217,0.100
150.2203,14.000,1017.924,986.746,15.589,3.736,0.100
150.3171,15.000,1013.976,979.329,17.323,3.823,0.100
150.4148,15.000,1006.745,978.373,14.186,0.637,0.100
150.5116,16.000,1005.321,968.309,18.506,3.306,0.100
150.6182,16.000,998.471,966.867,15.802,0.551,0.100
150.7168,16.000,993.775,962.987,15.394,0.092,0.100
150.8159,17.000,992.644,952.300,20.172,3.215,0.100
150.9134,17.000,985.733,950.639,17.547,0.536,0.100
151.0105,17.000,980.933,946.623,17.155,0.089,0.100
151.1198,17.000,976.403,942.133,17.135,0.015,0.100
151.2174,17.000,971.847,937.493,17.177,0.002,0.100
151.3167,16.000,960.924,936.072,12.426,-3.200,0.100
151.4134,16.000,959.132,928.845,15.144,-0.533,0.100
151.5203,15.000,948.727,927.055,10.836,-3.289,0.100
151.6163,15.000,947.068,919.819,13.625,-0.548,0.100
151.7129,14.000,936.726,918.074,9.326,-3.291,0.100
151.8114,12.000,922.506,917.491,2.507,-6.949,0.100
151.9209,11.000,917.977,910.911,3.533,-4.358,0.100
152.0165,10.000,911.355,906.562,2.397,-3.926,0.100
152.1159,9.000,904.429,902.634,0.898,-3.854,0.100
152.2177,6.000,884.884,905.426,-10.271,-10.242,0.100
152.3143,3.000,871.145,903.397,-16.126,-11.307,0.100
152.4107,1.000,865.005,897.606,-16.301,-8.285,0.100
152.5202,-0.000,862.774,891.168,-14.197,-4.581,0.100
152.6167,-5.000,832.127,900.918,-34.395,-16.763,0.100
152.7144,-5.000,843.936,884.819,-20.442,-2.794,0.100
152.8134,-12.000,799.538,903.042,-51.752,-22.866,0.100
152.9219,-13.000,810.863,885.941,-37.539,-7.011,0.100
153.0198,-17.000,789.733,891.634,-50.951,-13.968,0.100
153.1181,-21.000,774.848,891.869,-58.510,-15.128,0.100
153.2145,-22.000,780.165,881.572,-50.704,-5.721,0.100
153.3112,-25.000,764.652,885.324,-60.336,-10.554,0.100
153.4106,-26.000,765.884,878.567,-56.341,-4.959,0.100
153.5196,-25.000,771.704,866.522,-47.409,2.374,0.100
153.6178,-24.000,771.117,860.291,-44.587,3.596,0.100
153.7159,-20.000,779.159,835.926,-28.383,13.399,0.100
153.8129,-19.000,769.531,839.151,-34.810,5.433,0.100
153.9138,-19.000,762.957,841.754,-39.398,0.906,0.100
154.0114,-17.000,766.297,827.512,-30.607,6.551,0.100
154.1109,-14.000,768.296,811.718,-21.711,10.692,0.100
154.2092,-13.000,760.517,812.243,-25.863,4.982,0.100
154.3168,-13.000,753.977,814.090,-30.056,0.830,0.100
154.4142,-13.000,750.485,812.064,-30.790,0.138,0.100
154.5131,-13.000,747.219,809.112,-30.947,0.023,0.100
154.6130,-12.000,747.055,799.464,-26.204,3.204,0.100
154.7113,-3.000,770.641,742.009,14.316,29.334,0.100
154.8088,-6.000,725.619,774.715,-24.548,-4.711,0.100
154.9170,-1.000,744.543,737.793,3.375,15.215,0.100
155.0178,1.000,737.555,736.957,0.299,8.936,0.100
155.1179,1.000,729.022,743.310,-7.144,1.489,0.100
155.2170,3.000,732.700,730.252,1.224,6.648,0.100
155.3145,7.000,738.632,708.819,14.906,13.908,0.100
155.4124,7.000,725.712,719.035,3.339,2.318,0.100
155.5090,8.000,725.193,712.728,6.233,3.586,0.100
155.6186,9.000,723.368,707.222,8.073,3.798,0.100
155.7179,10.000,721.156,701.676,9.740,3.833,0.100
155.8178,11.000,718.736,695.973,11.381,3.839,0.100
155.9156,11.000,712.856,696.421,8.217,0.640,0.100
156.0144,11.000,709.285,693.847,7.719,0.107,0.100
156.1117,14.000,715.766,671.615,22.075,9.618,0.100
156.2196,19.000,721.353,645.111,38.121,17.603,0.100
156.3169,22.000,714.431,638.726,37.852,12.534,0.100
156.4167,23.000,705.367,640.952,32.207,5.289,0.100
179.5007,23.000,823.746,-776.254,800.000,752.727,0.400
179.6010,23.000,260.720,-168.658,214.689,145.689,0.400
179.7094,23.000,164.272,-30.124,97.198,28.198,0.400
179.8082,23.000,161.519,12.604,74.458,5.458,0.400
179.9062,23.000,176.208,36.095,70.056,1.056,0.400
180.0047,23.000,193.683,55.274,69.204,0.204,0.400
180.1026,23.000,212.880,74.801,69.040,0.040,0.400
180.2000,23.000,233.125,95.109,69.008,0.008,0.400
180.3069,23.000,254.174,116.171,69.001,0.001,0.400
180.4080,22.000,260.226,151.451,54.387,-11.613,0.400
180.5079,22.000,292.477,164.972,63.752,-2.248,0.400
180.6060,21.000,301.900,199.996,50.952,-12.048,0.400
180.7038,21.000,335.825,214.489,60.668,-2.332,0.400
180.8009,21.000,362.103,237.006,62.549,-0.451,0.400
180.9094,21.000,387.025,261.200,62.913,-0.087,0.400
181.0089,20.000,396.126,299.386,48.370,-11.630,0.400
181.1074,20.000,430.922,315.424,57.749,-2.251,0.400
181.2068,20.000,458.162,339.033,59.564,-0.436,0.400
181.3051,21.000,496.606,347.549,74.529,11.529,0.400
181.4049,22.000,525.250,365.561,79.844,13.844,0.400
181.5029,23.000,551.896,385.311,83.292,14.292,0.400
181.6005,23.000,565.409,421.876,71.766,2.766,0.400
181.7070,23.000,588.280,449.209,69.535,0.535,0.400
181.8064,23.000,613.005,474.798,69.104,0.104,0.400
181.9057,23.000,638.124,500.084,69.020,0.020,0.400
182.0036,23.000,663.350,525.343,69.004,0.004,0.400
182.1013,24.000,701.286,534.058,83.614,11.614,0.400
182.1988,24.000,717.066,568.571,74.248,2.248,0.400
182.3068,25.000,753.111,579.015,87.048,12.048,0.400
182.4059,26.000,781.135,597.245,91.945,13.945,0.400
182.5042,27.000,807.530,616.906,95.312,14.312,0.400
182.6024,27.000,820.882,653.342,83.770,2.770,0.400
182.6991,28.000,856.290,663.992,96.149,12.149,0.400
182.7988,29.000,884.050,682.121,100.964,13.964,0.400
182.9079,29.000,897.611,718.205,89.703,2.703,0.400
183.0055,30.000,933.013,728.741,102.136,12.136,0.400
183.1038,30.000,948.069,763.371,92.349,2.349,0.400
183.2036,31.000,983.774,773.639,105.068,12.068,0.400
183.3011,31.000,998.900,808.229,95.336,2.336,0.400
183.4004,32.000,1034.629,818.499,108.065,12.065,0.400
183.4990,32.000,1049.768,853.098,98.335,2.335,0.400
183.6086,32.000,1072.844,879.940,96.452,0.452,0.400
183.7072,32.000,1097.513,905.338,96.087,0.087,0.400
183.8043,33.000,1135.205,913.945,110.630,11.630,0.400
183.9029,33.000,1150.822,948.320,101.251,2.251,0.400
184.0009,33.000,1174.074,975.202,99.436,0.436,0.400
184.1084,33.000,1198.849,1000.680,99.084,0.084,0.400
184.2063,33.000,1223.958,1025.925,99.016,0.016,0.400
184.3032,32.000,1233.502,1064.721,84.390,-11.610,0.400
184.4008,31.000,1253.066,1094.786,79.140,-13.860,0.400
184.4983,31.000,1265.191,1084.556,90.317,-2.683,0.400
184.6088,31.000,1268.159,1083.198,92.481,-0.519,0.400
184.7059,30.000,1253.599,1097.026,78.287,-11.713,0.400
184.8049,30.000,1264.235,1088.769,87.733,-2.267,0.400
184.9048,29.000,1251.411,1101.514,74.948,-12.052,0.400
185.0029,28.000,1246.934,1106.825,70.055,-13.945,0.400
185.1029,27.000,1244.372,1110.996,66.688,-14.312,0.400
185.2009,25.000,1226.771,1128.763,49.004,-25.996,0.400
185.3093,23.000,1219.481,1137.995,40.743,-28.257,0.400
185.4086,21.000,1214.769,1146.158,34.305,-28.695,0.400
185.5059,19.000,1211.164,1154.496,28.334,-28.780,0.400
185.6045,18.000,1223.830,1149.753,37.039,-17.183,0.400
185.7007,17.000,1226.994,1154.224,36.385,-14.939,0.400
185.8098,16.000,1228.219,1160.388,33.916,-14.504,0.400
185.9077,14.000,1213.315,1180.373,16.471,-26.033,0.400
186.0058,13.000,1223.884,1178.023,22.930,-16.652,0.400
186.1091,11.000,1211.046,1196.647,7.199,-26.449,0.400
186.2067,10.000,1222.232,1194.280,13.976,-16.732,0.400
186.3055,8.000,1209.695,1213.112,-1.708,-26.464,0.400
186.4056,6.000,1205.423,1224.535,-9.556,-28.348,0.400
186.5039,5.000,1218.691,1221.246,-1.278,-17.100,0.400
186.6020,3.000,1206.914,1240.305,-16.695,-26.535,0.400
186.6991,3.000,1234.426,1224.982,4.722,-5.136,0.400
186.7978,2.000,1228.097,1239.571,-5.737,-12.607,0.400
186.9058,-0.000,1211.949,1261.541,-24.796,-25.666,0.400
187.0032,-1.000,1221.553,1258.986,-18.716,-16.580,0.400
187.1024,-2.000,1222.845,1262.785,-19.970,-14.822,0.400
187.2010,-3.000,1221.881,1267.177,-22.648,-14.482,0.400
187.3007,-5.000,1203.361,1283.811,-40.225,-26.029,0.400
187.4007,-6.000,1209.951,1277.717,-33.883,-16.651,0.400
187.5010,-6.000,1225.054,1266.036,-20.491,-3.223,0.400
187.5976,-8.000,1195.934,1290.265,-47.166,-23.850,0.400
187.7064,-9.000,1199.472,1284.669,-42.599,-16.229,0.400
187.8043,-10.000,1196.562,1284.930,-44.184,-14.754,0.400
187.9029,-12.000,1175.637,1298.804,-61.583,-26.081,0.400
188.0007,-12.000,1196.601,1277.845,-40.622,-5.048,0.400
188.1010,-13.000,1184.034,1286.518,-51.242,-12.590,0.400
188.1979,-14.000,1177.385,1288.956,-55.786,-14.050,0.400
188.3064,-15.000,1171.773,1290.089,-59.158,-14.332,0.400
188.4056,-15.000,1182.838,1278.218,-47.690,-2.774,0.400
188.5055,-16.000,1168.073,1288.396,-60.162,-12.150,0.400
188.6018,-16.000,1177.326,1278.245,-50.460,-2.352,0.400
188.6997,-16.000,1178.745,1276.063,-48.659,-0.455,0.400
188.8074,-15.000,1192.260,1259.798,-33.769,11.525,0.400
188.9055,-15.000,1183.208,1269.514,-43.153,2.231,0.400
189.0014,-14.000,1195.170,1256.016,-30.423,12.045,0.400
189.0982,-14.000,1186.219,1266.661,-40.221,2.331,0.400
189.2056,-14.000,1184.975,1269.345,-42.185,0.451,0.400
189.3036,-14.000,1185.140,1270.405,-42.633,0.087,0.400
189.4018,-13.000,1199.074,1255.411,-28.168,11.630,0.400
189.5004,-13.000,1190.667,1265.917,-37.625,2.251,0.400
189.6062,-12.000,1203.235,1253.034,-24.899,12.049,0.400
189.7026,-11.000,1208.381,1248.519,-20.069,13.945,0.400
189.8010,-11.000,1198.838,1261.600,-31.381,2.699,0.400
189.8976,-10.000,1211.667,1249.677,-19.005,12.135,0.400
190.0056,-10.000,1203.706,1261.409,-28.851,2.349,0.400
190.1012,-10.000,1203.355,1264.965,-30.805,0.455,0.400
190.2088,-9.000,1217.859,1251.085,-16.613,11.701,0.400
190.3063,-9.000,1210.134,1262.341,-26.103,2.265,0.400
190.4038,-8.000,1223.323,1250.053,-13.365,12.051,0.400
190.5036,-7.000,1229.008,1246.033,-8.513,13.945,0.400
190.6019,-6.000,1233.497,1243.861,-5.182,14.312,0.400
190.7006,-6.000,1224.403,1257.923,-16.760,2.770,0.400
190.7982,-6.000,1224.245,1262.305,-19.030,0.536,0.400
190.9056,-6.000,1225.571,1264.568,-19.498,0.104,0.400
191.0045,-6.000,1226.977,1266.213,-19.618,0.020,0.400
191.1039,-5.000,1241.791,1251.893,-5.051,11.617,0.400
191.2016,-4.000,1227.674,1258.343,-3.667,10.025,0.240
191.2998,-3.000,1216.729,1261.844,-1.021,9.689,0.240
191.3978,-2.000,1207.676,1263.642,1.897,9.619,0.240
191.4958,-2.000,1190.678,1275.945,-5.709,2.025,0.240
191.6034,-1.000,1189.752,1268.952,3.265,8.005,0.240
191.6996,-1.000,1175.794,1277.651,-3.061,1.685,0.240
191.7968,-1.000,1167.253,1280.195,-4.397,0.355,0.240
191.9056,-2.000,1147.741,1289.480,-15.268,-7.504,0.240
192.0058,-3.000,1134.706,1291.695,-19.941,-9.159,0.240
192.0966,-4.000,1123.209,1291.867,-23.313,-9.507,0.240
192.2048,-3.000,1133.953,1270.569,-5.247,5.577,0.240
192.3032,-1.000,1142.860,1249.364,11.502,16.332,0.240
192.4033,1.000,1143.747,1236.494,19.772,18.596,0.240
192.4975,2.000,1133.865,1237.064,15.682,11.494,0.240
192.6051,2.000,1120.662,1243.823,6.620,2.420,0.240
192.7018,2.000,1114.527,1242.953,4.721,0.509,0.240
192.7974,2.000,1109.819,1240.180,4.331,0.107,0.240
192.9045,2.000,1105.359,1236.752,4.259,0.023,0.240
193.0025,1.000,1089.122,1242.357,-6.332,-7.574,0.240
193.1001,-0.000,1079.306,1242.207,-10.932,-9.174,0.240
193.1973,-2.000,1058.127,1249.188,-24.859,-17.089,0.240
193.3048,-2.000,1067.726,1231.992,-11.380,-3.598,0.240
193.4041,-3.000,1054.153,1233.980,-19.136,-8.336,0.240
193.5039,-4.000,1044.171,1231.986,-23.158,-9.334,0.240
193.6035,-4.000,1047.233,1220.218,-15.813,-1.965,0.240
193.6949,-5.000,1032.017,1222.905,-24.871,-7.993,0.240
193.8042,-6.000,1021.461,1220.684,-29.176,-9.262,0.240
193.9008,-7.000,1011.821,1217.336,-32.485,-9.529,0.240
193.9990,-9.000,989.934,1222.455,-46.174,-17.164,0.240
194.0978,-10.000,986.360,1212.648,-43.262,-11.192,0.240
194.1966,-11.000,978.021,1207.485,-45.071,-9.935,0.240
194.3042,-12.000,968.646,1203.256,-47.879,-9.671,0.240
194.4022,-14.000,946.640,1207.971,-61.486,-17.194,0.240
194.4988,-14.000,955.273,1189.112,-47.996,-3.620,0.240
194.5986,-14.000,953.202,1180.964,-45.222,-0.762,0.240
194.6966,-13.000,958.269,1163.282,-34.119,7.419,0.240
194.8054,-14.000,935.602,1173.098,-50.639,-6.017,0.240
194.9060,-12.000,954.596,1139.854,-24.803,13.891,0.240
195.0041,-13.000,927.639,1155.569,-46.426,-4.654,0.240
195.1019,-13.000,927.486,1147.640,-42.830,-0.980,0.240
195.1997,-13.000,924.276,1142.451,-42.134,-0.206,0.240
195.2958,-14.000,907.940,1146.521,-52.634,-7.622,0.240
195.4060,-14.000,909.696,1135.811,-46.701,-1.605,0.240
195.5025,-15.000,894.226,1138.542,-56.103,-7.917,0.240
195.6017,-16.000,883.626,1136.186,-60.528,-9.246,0.240
195.6999,-16.000,886.363,1123.908,-53.324,-1.946,0.240
195.7978,-17.000,870.906,1126.128,-62.469,-7.989,0.240
195.8960,-17.000,872.528,1114.727,-56.264,-1.682,0.240
195.9938,-18.000,856.756,1117.058,-65.623,-7.933,0.240
196.1028,-18.000,858.243,1105.619,-59.468,-1.670,0.240
196.1987,-18.000,854.768,1099.106,-58.258,-0.352,0.240
196.2956,-18.000,850.239,1093.618,-58.088,-0.074,0.240
196.3966,-18.000,845.478,1088.337,-58.138,-0.016,0.240
196.4951,-18.000,840.660,1083.090,-58.233,-0.003,0.240
196.6037,-18.000,835.824,1077.844,-58.339,-0.001,0.240
196.7009,-18.000,830.978,1072.592,-58.446,-0.000,0.240
196.7994,-18.000,826.126,1067.333,-58.554,-0.000,0.240
196.9001,-19.000,808.883,1070.854,-69.247,-7.579,0.240
196.9966,-19.000,809.968,1059.577,-63.378,-1.596,0.240
197.1039,-20.000,794.065,1061.689,-72.697,-7.915,0.240
197.2010,-20.000,795.500,1050.004,-66.448,-1.666,0.240
197.2990,-19.000,801.272,1031.592,-54.668,7.228,0.240
197.3977,-20.000,778.862,1041.129,-70.953,-6.057,0.240
197.4968,-21.000,766.843,1040.079,-76.750,-8.854,0.240
197.5966,-21.000,769.326,1027.959,-69.760,-1.864,0.240
197.6956,-21.000,766.250,1021.315,-68.288,-0.392,0.240
197.7949,-21.000,761.978,1015.799,-67.979,-0.083,0.240
197.8940,-22.000,745.052,1019.276,-78.492,-7.596,0.240
198.0025,-22.000,746.381,1007.987,-72.495,-1.599,0.240
198.1005,-22.000,742.959,1001.416,-71.233,-0.337,0.240
198.1990,-22.000,738.526,995.827,-70.967,-0.071,0.240
198.2974,-22.000,733.871,990.435,-70.911,-0.015,0.240
198.3942,-23.000,716.782,993.856,-81.478,-7.582,0.240
198.5017,-23.000,718.008,982.485,-75.492,-1.596,0.240
198.5987,-24.000,702.126,984.616,-84.811,-7.915,0.240
198.6960,-24.000,703.578,972.947,-78.562,-1.666,0.240
198.7936,-24.000,700.100,966.213,-77.247,-0.351,0.240
198.9034,-24.000,695.585,960.519,-76.970,-0.074,0.240
199.0004,-24.000,690.854,955.046,-76.912,-0.016,0.240
199.0986,-24.000,686.077,949.621,-76.899,-0.003,0.240
199.1974,-24.000,681.292,944.206,-76.897,-0.001,0.240
199.2945,-24.000,676.507,938.794,-76.896,-0.000,0.240
199.4020,-23.000,681.100,921.605,-66.317,7.579,0.240
199.5003,-24.000,658.433,931.438,-82.879,-5.983,0.240
199.5987,-23.000,668.129,909.904,-67.577,6.319,0.240
199.6968,-23.000,659.158,910.286,-72.566,1.330,0.240
199.8030,-23.000,654.006,906.610,-73.616,0.280,0.240
199.9028,-23.000,649.581,902.002,-73.837,0.059,0.240
200.0018,-22.000,654.623,885.355,-63.305,7.591,0.240
200.1002,-22.000,644.746,886.839,-69.298,1.598,0.240
200.1975,-22.000,639.466,883.458,-70.560,0.336,0.240
200.2982,-22.000,635.067,878.966,-70.825,0.071,0.240
200.3965,-22.000,630.782,874.168,-70.881,0.015,0.240
200.4942,-22.000,626.457,869.242,-70.893,0.003,0.240
200.5932,-22.000,622.072,864.237,-70.895,0.001,0.240
200.7029,-21.000,627.008,847.392,-60.317,7.579,0.240
200.8000,-21.000,617.011,848.737,-66.300,1.596,0.240
200.8991,-21.000,611.624,845.244,-67.560,0.336,0.240
200.9968,-21.000,607.132,840.658,-67.825,0.071,0.240
201.0947,-20.000,612.146,824.001,-57.302,7.594,0.240
201.1961,-20.000,607.297,830.611,-63.297,1.599,0.240
201.2941,-20.000,607.009,832.396,-64.559,0.337,0.240
201.3930,-19.000,616.836,821.441,-54.360,7.650,0.240
201.5030,-19.000,611.867,828.453,-60.514,1.610,0.240
201.6015,-19.000,611.488,830.567,-61.899,0.339,0.240
201.6989,-18.000,621.346,819.784,-51.696,7.650,0.240
201.7968,-17.000,625.791,815.153,-47.258,9.190,0.240
201.8960,-16.000,629.325,812.061,-44.030,9.514,0.240
201.9939,-15.000,632.863,809.498,-41.052,9.582,0.240
202.1022,-14.000,636.570,807.221,-38.122,9.596,0.240
202.2004,-13.000,640.454,805.151,-35.197,9.599,0.240
202.2984,-12.000,644.499,803.249,-32.268,9.600,0.240
202.3982,-11.000,648.681,801.488,-29.334,9.600,0.240
202.4961,-10.000,652.982,799.845,-26.394,9.600,0.240
202.5938,-8.000,666.770,786.516,-12.863,17.179,0.240
202.6931,-8.000,656.378,803.298,-26.473,3.617,0.240
202.7928,-6.000,674.980,785.328,-8.207,15.919,0.240
202.9008,-5.000,675.047,789.399,-10.226,10.930,0.240
202.9990,-4.000,679.045,789.517,-8.300,9.880,0.240
203.0986,-4.000,674.483,800.578,-16.124,2.080,0.240
203.1972,-3.000,684.974,793.211,-7.205,8.017,0.240
203.2943,-2.000,690.848,790.592,-2.967,9.267,0.240
203.3924,-1.000,695.796,789.011,0.290,9.530,0.240
203.4914,-1.000,691.204,799.466,-7.240,2.006,0.240
203.6005,-0.000,701.496,791.757,1.755,8.001,0.240
203.6975,-0.000,697.781,800.667,-4.562,1.684,0.240
203.7952,1.000,707.448,791.816,4.694,7.934,0.240
203.8972,1.000,703.041,799.917,-1.564,1.670,0.240
203.9948,1.000,703.301,802.796,-2.876,0.352,0.240
204.0923,2.000,713.151,792.015,7.437,7.653,0.240
204.2007,2.000,708.228,799.147,1.407,1.611,0.240
204.2965,2.000,707.908,801.344,0.147,0.339,0.240
204.3931,3.000,717.236,790.011,10.476,7.650,0.240
204.5008,3.000,711.864,796.679,4.455,1.611,0.240
204.5976,3.000,711.162,798.483,3.201,0.339,0.240
204.6966,3.000,711.382,799.200,2.951,0.071,0.240
204.7941,3.000,711.742,799.635,2.913,0.015,0.240
204.8917,3.000,712.087,799.967,2.919,0.003,0.240
204.9994,3.000,712.391,800.239,2.935,0.001,0.240
205.0954,3.000,712.653,800.465,2.952,0.000,0.240
205.1930,3.000,712.880,800.654,2.970,0.000,0.240
205.3001,3.000,713.074,800.813,2.988,0.000,0.240
205.3989,4.000,722.028,788.560,13.591,7.579,0.240
205.4953,4.000,716.166,794.616,7.632,1.596,0.240
205.5929,4.000,715.014,795.935,6.396,0.336,0.240
205.6917,4.000,714.843,796.246,6.155,0.071,0.240
205.7908,4.000,714.872,796.338,6.123,0.015,0.240
205.9006,4.000,714.935,796.377,6.135,0.003,0.240
205.9988,4.000,715.000,796.398,6.157,0.001,0.240
206.0947,4.000,715.060,796.411,6.180,0.000,0.240
206.1929,4.000,715.115,796.419,6.204,0.000,0.240
206.3008,4.000,715.166,796.421,6.228,0.000,0.240
206.4001,4.000,715.213,796.420,6.252,0.000,0.240
206.4990,4.000,715.256,796.415,6.276,0.000,0.240
206.5957,3.000,703.511,805.792,-4.285,-7.579,0.240
206.6938,3.000,710.007,800.285,1.716,-1.596,0.240
206.7923,3.000,711.704,799.427,2.994,-0.336,0.240
206.9000,3.000,712.344,799.500,3.277,-0.071,0.240
206.9959,2.000,700.936,809.115,-7.234,-7.594,0.240
207.0936,1.000,695.896,813.230,-11.812,-9.178,0.240
207.1914,1.000,704.255,807.086,-4.560,-1.932,0.240
207.2984,-0.000,694.943,815.881,-13.614,-7.986,0.240
207.3968,-1.000,690.142,819.641,-17.894,-9.260,0.240
207.4944,-2.000,686.120,822.179,-21.174,-9.528,0.240
207.5906,-3.000,682.114,824.323,-24.249,-9.585,0.240
207.6990,-4.000,677.987,826.268,-27.285,-9.597,0.240
207.8000,-5.000,673.727,828.073,-30.317,-9.599,0.240
207.8967,-6.000,669.348,829.766,-33.354,-9.600,0.240
207.9951,-6.000,677.249,822.581,-25.811,-2.021,0.240
208.0925,-7.000,666.728,830.111,-34.836,-8.004,0.240
208.1920,-7.000,673.234,824.062,-28.559,-1.685,0.240
208.2903,-7.000,674.716,822.969,-27.271,-0.355,0.240
208.3995,-8.000,662.735,831.681,-37.618,-7.654,0.240
208.4979,-9.000,656.455,834.582,-42.208,-9.190,0.240
208.5944,-9.000,663.720,827.444,-35.007,-1.935,0.240
208.6927,-10.000,652.863,834.810,-44.118,-7.986,0.240
208.8000,-11.000,646.739,837.366,-48.458,-9.260,0.240
208.8977,-12.000,641.583,838.890,-51.798,-9.528,0.240
208.9971,-13.000,636.604,840.181,-54.933,-9.585,0.240
209.0951,-14.000,631.641,841.409,-58.029,-9.597,0.240
209.1928,-15.000,626.662,842.615,-61.121,-9.599,0.240
209.2900,-16.000,621.661,843.807,-64.218,-9.600,0.240
209.3973,-17.000,616.640,844.991,-67.320,-9.600,0.240
209.4943,-17.000,623.987,837.383,-59.843,-2.021,0.240
209.5923,-18.000,612.984,844.564,-68.934,-8.004,0.240
209.6906,-19.000,606.686,847.013,-73.308,-9.264,0.240
209.7921,-19.000,613.750,839.677,-66.108,-1.950,0.240
209.8899,-20.000,602.796,846.801,-75.148,-7.990,0.240
209.9999,-21.000,596.596,849.144,-79.419,-9.261,0.240
210.0954,-22.000,591.389,850.473,-82.687,-9.529,0.240
210.1939,-23.000,586.385,851.582,-85.743,-9.585,0.240
210.2911,-24.000,581.417,852.638,-88.755,-9.597,0.240
210.3896,-25.000,576.452,853.678,-91.757,-9.599,0.240
210.4976,-26.000,571.484,854.710,-94.758,-9.600,0.240
210.5955,-26.000,578.890,846.958,-87.179,-2.021,0.240
210.6926,-27.000,567.959,853.995,-96.162,-8.004,0.240
210.7905,-27.000,574.124,847.521,-89.843,-1.685,0.240
210.8987,-28.000,562.944,854.837,-99.092,-7.934,0.240
210.9962,-28.000,569.065,848.432,-92.828,-1.670,0.240
211.0947,-29.000,557.884,855.772,-102.089,-7.931,0.240
211.1951,-29.000,564.013,849.378,-95.828,-1.670,0.240
211.2951,-29.000,565.218,847.948,-94.509,-0.351,0.240
211.3921,-29.000,565.400,847.574,-94.232,-0.074,0.240
211.4901,-30.000,552.998,856.213,-104.753,-7.595,0.240
211.5971,-30.000,558.894,850.119,-98.757,-1.599,0.240
211.6969,-29.000,569.451,836.993,-86.916,7.242,0.240
211.7951,-29.000,564.142,843.119,-92.633,1.525,0.240
211.8930,-29.000,563.285,844.670,-93.837,0.321,0.240
211.9909,-29.000,563.327,845.218,-94.090,0.068,0.240
212.0900,-29.000,563.524,845.522,-94.144,0.014,0.240
212.1890,-29.000,563.726,845.747,-94.155,0.003,0.240
212.2977,-29.000,563.905,845.930,-94.157,0.001,0.240
212.3964,-29.000,564.059,846.085,-94.158,0.000,0.240
212.4941,-29.000,564.189,846.216,-94.158,0.000,0.240
212.5899,-29.000,564.301,846.327,-94.158,0.000,0.240
212.6891,-28.000,573.774,834.643,-83.579,7.579,0.240
212.7900,-27.000,577.730,829.408,-78.983,9.175,0.240
212.8910,-27.000,571.443,837.607,-86.227,1.931,0.240
212.9894,-26.000,580.110,828.166,-77.172,7.986,0.240
213.0975,-25.000,584.356,823.862,-72.898,9.260,0.240
213.1951,-24.000,587.899,820.869,-69.630,9.528,0.240
213.2932,-23.000,591.490,818.347,-66.573,9.585,0.240
213.3912,-22.000,595.256,816.089,-63.561,9.597,0.240
213.4890,-21.000,599.199,814.027,-60.559,9.599,0.240
213.5975,-20.000,603.299,812.126,-57.558,9.600,0.240
213.6943,-19.000,607.420,810.475,-54.672,9.600,0.240
213.7902,-18.000,611.662,808.932,-51.780,9.600,0.240
213.8977,-17.000,616.007,807.481,-48.882,9.600,0.240
213.9945,-16.000,620.441,806.107,-45.978,9.600,0.240
214.0906,-14.000,634.336,793.013,-32.483,17.179,0.240
214.1887,-13.000,633.415,798.215,-35.544,11.196,0.240
214.2959,-12.000,637.203,798.666,-33.876,9.936,0.240
214.3946,-11.000,641.973,798.099,-31.207,9.671,0.240
214.4927,-9.000,656.329,785.516,-17.738,17.194,0.240
214.5893,-8.000,655.839,791.112,-20.781,11.199,0.240
214.6978,-7.000,660.005,791.887,-19.085,9.937,0.240
214.7970,-7.000,655.718,803.373,-26.972,2.092,0.240
214.8950,-6.000,666.470,796.341,-18.081,8.019,0.240
214.9925,-6.000,663.183,805.789,-24.448,1.688,0.240
215.0908,-7.000,652.048,818.562,-36.402,-7.224,0.240
215.1893,-7.000,659.905,815.097,-30.741,-1.521,0.240
215.2882,-7.000,662.930,815.805,-29.582,-0.320,0.240
215.3970,-7.000,664.727,817.181,-29.371,-0.067,0.240
215.4947,-7.000,666.087,818.518,-29.360,-0.014,0.240
215.5939,-6.000,676.588,807.910,-18.806,7.576,0.240
215.6924,-5.000,681.410,803.597,-14.238,9.174,0.240
215.7908,-4.000,685.238,800.800,-10.926,9.510,0.240
215.8879,-3.000,689.030,798.486,-7.873,9.581,0.240
215.9968,-3.000,683.576,808.196,-15.455,2.017,0.240
216.0940,-2.000,693.159,799.830,-6.480,8.004,0.240
216.1914,-2.000,688.846,808.179,-12.811,1.685,0.240
216.2896,-2.000,689.219,811.236,-14.153,0.355,0.240
216.3873,-2.000,690.384,812.985,-14.445,0.075,0.240
216.4947,-3.000,679.167,823.080,-25.101,-7.563,0.240
216.5929,-3.000,686.143,818.150,-19.148,-1.592,0.240
216.6937,-4.000,675.867,826.566,-28.494,-7.914,0.240
216.7922,-5.000,670.415,829.836,-32.855,-9.245,0.240
216.8900,-6.000,665.872,831.925,-36.171,-9.525,0.240
216.9872,-6.000,673.813,824.898,-28.687,-2.005,0.240
217.0979,-5.000,685.133,811.954,-16.555,7.157,0.240
217.1950,-5.000,680.263,818.444,-22.235,1.507,0.240
217.2920,-4.000,689.117,808.567,-12.870,7.896,0.240
217.3888,-4.000,683.925,815.891,-19.128,1.662,0.240
217.4910,-4.000,683.494,818.132,-20.464,0.350,0.240
217.5900,-4.000,683.963,819.202,-20.764,0.074,0.240
217.6881,-4.000,684.535,819.939,-20.846,0.016,0.240
217.7891,-5.000,672.670,829.316,-31.468,-7.576,0.240
217.8870,-5.000,679.064,823.808,-25.517,-1.595,0.240
217.9946,-5.000,680.669,822.955,-24.288,-0.336,0.240
218.0927,-6.000,668.839,831.825,-34.638,-7.650,0.240
218.1902,-7.000,662.699,834.848,-39.219,-9.189,0.240
218.2880,-8.000,657.703,836.596,-42.592,-9.514,0.240
218.3950,-10.000,640.515,846.823,-56.299,-17.161,0.240
218.4919,-11.000,641.659,842.161,-53.396,-11.192,0.240
218.5892,-12.000,638.049,842.182,-55.211,-9.935,0.240
218.6862,-12.000,645.795,834.384,-47.440,-2.092,0.240
218.7958,-12.000,647.352,832.783,-45.860,-0.440,0.240
218.8942,-10.000,666.379,808.919,-24.415,15.065,0.240
218.9922,-10.000,655.370,821.817,-36.368,3.172,0.240
219.0910,-9.000,662.994,813.399,-28.347,8.247,0.240
219.1880,-9.000,657.591,821.126,-34.912,1.736,0.240
219.2877,-8.000,666.539,811.753,-25.752,7.944,0.240
219.3862,-7.000,670.924,807.608,-21.487,9.251,0.240
219.4950,-6.000,674.565,804.770,-18.247,9.527,0.240
219.5922,-5.000,678.235,802.384,-15.219,9.585,0.240
219.6892,-5.000,672.683,812.026,-22.816,2.018,0.240
219.7891,-4.000,682.183,803.603,-13.854,8.004,0.240
219.8871,-4.000,677.798,811.903,-20.197,1.685,0.240
219.9955,-4.000,678.108,814.921,-21.551,0.355,0.240
220.0935,-4.000,679.219,816.640,-21.855,0.075,0.240
220.1906,-4.000,680.338,817.925,-21.938,0.016,0.240
220.2889,-4.000,681.323,818.983,-21.975,0.003,0.240
220.3862,-4.000,682.165,819.879,-22.001,0.001,0.240
220.4935,-5.000,670.494,829.426,-32.611,-7.579,0.240
220.5923,-5.000,677.045,824.071,-26.658,-1.596,0.240
220.6893,-5.000,678.783,823.349,-25.428,-0.336,0.240
220.7871,-5.000,679.450,823.546,-25.193,-0.071,0.240
220.8939,-5.000,679.843,823.887,-25.167,-0.015,0.240
220.9918,-5.000,680.136,824.217,-25.185,-0.003,0.240
221.0870,-4.000,689.759,812.725,-14.628,7.578,0.240
221.1971,-3.000,693.842,807.652,-10.050,9.174,0.240
221.2947,-3.000,687.661,815.993,-17.311,1.931,0.240
221.3897,-3.000,687.036,818.453,-18.853,0.407,0.240
221.4881,-3.000,687.477,819.572,-19.192,0.086,0.240
221.5958,-3.000,688.054,820.321,-19.278,0.018,0.240
221.6940,-4.000,676.201,829.701,-29.895,-7.575,0.240
221.7919,-4.000,682.606,824.194,-23.939,-1.595,0.240
221.8879,-4.000,684.223,823.341,-22.704,-0.336,0.240
221.9859,-4.000,684.788,823.424,-22.463,-0.071,0.240
222.0946,-3.000,694.481,811.883,-11.846,7.564,0.240
222.1924,-2.000,698.590,806.802,-7.251,9.171,0.240
222.2890,-1.000,701.810,803.357,-3.918,9.510,0.240
222.3881,-1.000,695.700,812.275,-11.432,2.002,0.240
222.4866,-1.000,695.307,815.055,-13.019,0.421,0.240
222.5943,-0.000,705.368,804.623,-2.772,7.668,0.240
222.6928,-0.000,700.657,812.019,-8.826,1.614,0.240
222.7902,-0.000,700.523,814.434,-10.100,0.340,0.240
222.8882,-1.000,688.840,824.457,-20.953,-7.507,0.240
222.9860,-1.000,695.555,819.331,-15.033,-1.581,0.240
223.0927,-1.000,697.472,818.764,-13.791,-0.333,0.240
223.1889,-1.000,698.303,819.081,-13.534,-0.070,0.240
223.2858,-1.000,698.840,819.520,-13.485,-0.015,0.240
223.3939,-1.000,699.260,819.929,-13.479,-0.003,0.240
223.4895,-1.000,699.609,820.285,-13.483,-0.001,0.240
223.5851,-1.000,699.903,820.590,-13.488,-0.000,0.240
223.6940,-1.000,700.152,820.851,-13.494,-0.000,0.240
223.7910,-1.000,700.363,821.073,-13.500,-0.000,0.240
223.8901,-1.000,700.541,821.263,-13.506,-0.000,0.240
223.9879,-2.000,688.306,830.210,-24.097,-7.579,0.240
224.0878,-2.000,694.380,824.342,-18.126,-1.596,0.240
224.1860,-2.000,695.715,823.182,-16.878,-0.336,0.240
224.2850,-3.000,683.658,831.788,-27.210,-7.650,0.240
224.3934,-3.000,689.712,825.800,-21.188,-1.610,0.240
224.4899,-4.000,678.609,833.360,-30.520,-7.918,0.240
224.5879,-4.000,684.830,827.127,-24.293,-1.667,0.240
224.6861,-5.000,673.732,834.614,-33.586,-7.930,0.240
224.7940,-6.000,667.543,837.135,-37.940,-9.248,0.240
224.8903,-6.000,674.749,829.810,-30.675,-1.947,0.240
224.9883,-6.000,676.200,828.259,-29.174,-0.410,0.240
225.0862,-6.000,676.445,827.928,-28.886,-0.086,0.240
225.1842,-6.000,676.441,827.860,-28.854,-0.018,0.240
225.2939,-6.000,676.388,827.851,-28.876,-0.004,0.240
225.3910,-7.000,663.944,836.642,-39.494,-7.580,0.240
225.4890,-7.000,669.834,830.648,-33.552,-1.596,0.240
225.5874,-8.000,658.622,838.171,-42.919,-7.915,0.240
225.6860,-8.000,664.755,831.902,-36.718,-1.666,0.240
225.7841,-9.000,653.580,839.362,-46.036,-7.930,0.240
225.8849,-9.000,659.707,833.077,-39.829,-1.669,0.240
225.9926,-10.000,648.519,840.530,-49.150,-7.930,0.240
226.0910,-10.000,654.633,834.243,-42.950,-1.670,0.240
226.1868,-11.000,643.432,841.695,-52.276,-7.930,0.240
226.2864,-11.000,649.534,835.408,-46.082,-1.670,0.240
226.3855,-12.000,638.322,842.862,-55.414,-7.930,0.240
226.4869,-12.000,644.414,836.576,-49.226,-1.670,0.240
226.5853,-12.000,645.577,835.247,-47.979,-0.351,0.240
226.6832,-12.000,645.713,834.971,-47.774,-0.074,0.240
226.7911,-12.000,645.640,834.925,-47.788,-0.016,0.240
226.8903,-11.000,654.914,823.149,-37.262,7.576,0.240
226.9882,-11.000,649.304,829.633,-43.309,1.595,0.240
227.0868,-11.000,648.350,831.329,-44.634,0.336,0.240
227.1936,-11.000,648.335,831.976,-44.965,0.071,0.240
227.2899,-12.000,636.097,841.151,-55.672,-7.564,0.240
227.3878,-12.000,642.194,835.450,-49.772,-1.592,0.240
227.4881,-12.000,643.548,834.433,-48.587,-0.335,0.240
227.5860,-12.000,643.884,834.383,-48.395,-0.071,0.240
227.6831,-12.000,643.989,834.521,-48.411,-0.015,0.240
227.7832,-12.000,644.032,834.685,-48.471,-0.003,0.240
227.8922,-13.000,631.666,843.627,-59.126,-7.580,0.240
227.9901,-13.000,637.616,837.766,-53.220,-1.596,0.240
228.0866,-12.000,648.221,824.837,-41.453,7.243,0.240
228.1847,-12.000,642.943,831.140,-47.243,1.525,0.240
228.2836,-12.000,642.103,832.851,-48.519,0.321,0.240
228.3928,-11.000,651.532,821.762,-38.259,7.647,0.240
228.4911,-11.000,646.224,828.659,-44.362,1.610,0.240
228.5881,-11.000,645.563,830.671,-45.699,0.339,0.240
228.6878,-11.000,645.803,831.579,-46.033,0.071,0.240
228.7856,-10.000,655.554,820.404,-35.570,7.594,0.240
228.8837,-10.000,650.393,827.354,-41.625,1.599,0.240
228.9921,-10.000,649.832,829.437,-42.947,0.337,0.240
229.0904,-10.000,650.153,830.409,-43.273,0.071,0.240
229.1880,-9.000,659.971,819.290,-32.804,7.594,0.240
229.2855,-9.000,654.869,826.286,-38.853,1.599,0.240
229.3840,-9.000,654.358,828.407,-40.169,0.337,0.240
229.4825,-9.000,654.722,829.411,-40.489,0.071,0.240
229.5899,-9.000,655.194,830.103,-40.599,0.015,0.240
229.6889,-10.000,643.238,839.448,-51.250,-7.576,0.240
229.7859,-10.000,649.549,833.917,-45.329,-1.595,0.240
229.8851,-10.000,651.080,833.050,-44.130,-0.336,0.240
229.9831,-10.000,651.567,833.127,-43.925,-0.071,0.240
230.0822,-9.000,661.187,821.586,-33.344,7.564,0.240
230.1827,-9.000,655.845,828.295,-39.370,1.592,0.240
230.2921,-9.000,655.115,830.187,-40.681,0.335,0.240
230.3898,-8.000,664.675,819.215,-30.414,7.650,0.240
230.4894,-8.000,659.488,826.202,-36.502,1.610,0.240
230.5872,-7.000,668.319,816.501,-27.236,7.918,0.240
230.6841,-7.000,663.156,823.924,-33.529,1.667,0.240
230.7821,-6.000,672.143,814.458,-24.302,7.930,0.240
230.8914,-5.000,676.528,810.266,-20.014,9.248,0.240
230.9879,-5.000,670.779,819.180,-27.345,1.947,0.240
231.0842,-4.000,679.942,810.307,-18.327,7.989,0.240
231.1815,-4.000,675.234,818.261,-24.658,1.682,0.240
231.2900,-3.000,684.647,809.207,-15.425,7.933,0.240
231.3869,-3.000,680.018,817.141,-21.706,1.670,0.240
231.4872,-3.000,680.086,819.882,-23.042,0.352,0.240
231.5842,-3.000,680.985,821.371,-23.338,0.074,0.240
231.6905,-3.000,681.923,822.463,-23.414,0.016,0.240
231.7876,-3.000,682.756,823.356,-23.445,0.003,0.240
231.8860,-3.000,683.469,824.110,-23.465,0.001,0.240
231.9872,-3.000,684.073,824.751,-23.484,0.000,0.240
232.0858,-3.000,684.585,825.299,-23.502,0.000,0.240
232.1833,-4.000,672.632,834.553,-34.105,-7.579,0.240
232.2812,-4.000,678.944,828.946,-28.146,-1.596,0.240
232.3921,-3.000,689.865,816.225,-16.325,7.243,0.240
232.4911,-3.000,684.864,822.696,-22.061,1.525,0.240
232.5907,-3.000,684.266,824.543,-23.283,0.321,0.240
232.6891,-3.000,684.526,825.345,-23.554,0.068,0.240
232.7878,-3.000,684.906,825.868,-23.626,0.014,0.240
232.8864,-3.000,685.260,826.281,-23.655,0.003,0.240
232.9834,-3.000,685.566,826.627,-23.675,0.001,0.240
233.0820,-3.000,685.825,826.923,-23.694,0.000,0.240
233.1900,-3.000,686.042,827.177,-23.712,0.000,0.240
233.2893,-3.000,686.224,827.395,-23.730,0.000,0.240
233.3858,-3.000,686.377,827.583,-23.748,0.000,0.240
233.4861,-4.000,674.118,836.531,-34.351,-7.579,0.240
233.5836,-4.000,680.171,830.664,-28.392,-1.596,0.240
233.6818,-5.000,669.100,838.293,-37.741,-7.915,0.240
233.7898,-5.000,675.356,832.111,-31.522,-1.666,0.240
233.8874,-6.000,691.876,861.184,-44.827,-11.935,0.400
233.9864,-7.000,715.567,882.987,-49.857,-13.923,0.400
234.0839,-9.000,723.348,916.715,-67.909,-25.921,0.400
234.1910,-10.000,756.406,928.679,-61.678,-16.630,0.400
234.2879,-11.000,781.311,948.782,-62.946,-14.832,0.400
234.3848,-13.000,787.634,983.554,-80.288,-26.096,0.400
234.4841,-14.000,818.969,996.891,-73.940,-16.664,0.400
234.5811,-16.000,825.744,1030.926,-89.823,-26.451,0.400
234.6901,-18.000,839.921,1057.277,-97.825,-28.345,0.400
234.7878,-19.000,871.775,1069.611,-89.693,-17.099,0.400
234.8869,-21.000,877.923,1103.863,-105.129,-26.535,0.400
234.9869,-23.000,891.362,1130.603,-112.956,-28.362,0.400
235.0836,-25.000,906.004,1155.952,-119.309,-28.715,0.400
235.1827,-27.000,920.701,1181.087,-125.378,-28.784,0.400
235.2823,-29.000,935.259,1206.227,-131.391,-28.797,0.400
235.3902,-31.000,949.661,1231.406,-137.393,-28.799,0.400
235.4880,-33.000,963.924,1256.627,-143.394,-28.800,0.400
235.5858,-35.000,978.068,1281.884,-149.394,-28.800,0.400
235.6835,-37.000,992.110,1307.172,-155.394,-28.800,0.400
235.7896,-39.000,1006.066,1332.486,-161.394,-28.800,0.400
235.8894,-40.000,1011.046,1319.696,-152.781,-17.187,0.400
235.9873,-42.000,990.193,1329.110,-168.146,-26.552,0.400
236.0855,-44.000,976.815,1330.964,-175.959,-28.365,0.400
236.1820,-46.000,964.834,1331.350,-182.310,-28.716,0.400
236.2895,-47.000,969.644,1318.785,-173.765,-17.171,0.400
236.3869,-48.000,965.253,1315.684,-174.530,-14.936,0.400
236.4854,-50.000,942.591,1327.177,-191.711,-26.117,0.400
236.5819,-50.000,961.994,1304.281,-170.649,-5.055,0.400
236.6871,-51.000,948.097,1311.309,-181.185,-12.591,0.400
236.7866,-52.000,940.332,1312.335,-185.644,-14.050,0.400
236.8842,-52.000,950.353,1299.587,-174.313,-2.719,0.400
236.9812,-52.000,951.432,1296.189,-172.120,-0.526,0.400
237.0791,-53.000,934.347,1307.403,-186.309,-11.715,0.400
237.1879,-52.000,956.395,1281.265,-162.248,9.346,0.400
237.2838,-52.000,948.648,1288.535,-169.785,1.809,0.400
237.3794,-52.000,947.010,1289.768,-171.244,0.350,0.400
237.4868,-52.000,946.576,1289.857,-171.526,0.068,0.400
237.5850,-51.000,959.955,1274.086,-156.968,11.626,0.400
237.6831,-51.000,951.077,1283.930,-166.344,2.250,0.400
237.7821,-50.000,963.248,1270.480,-153.546,12.048,0.400
237.8812,-49.000,968.061,1265.479,-148.649,13.945,0.400
237.9884,-48.000,971.808,1262.474,-145.282,14.312,0.400
238.0881,-47.000,975.652,1260.160,-142.211,14.383,0.400
238.1875,-46.000,979.772,1258.240,-139.197,14.397,0.400
238.2871,-44.000,997.728,1240.954,-121.582,26.012,0.400
238.3852,-42.000,1007.166,1233.886,-113.334,28.260,0.400
238.4821,-40.000,1015.512,1229.354,-106.898,28.696,0.400
238.5832,-38.000,1024.121,1225.788,-100.814,28.780,0.400
238.6898,-36.000,1033.183,1222.812,-94.798,28.796,0.400
238.7857,-34.000,1042.675,1220.292,-88.795,28.799,0.400
238.8840,-32.000,1052.541,1218.153,-82.794,28.800,0.400
238.9825,-30.000,1062.727,1216.335,-76.794,28.800,0.400
239.0827,-29.000,1059.622,1230.453,-85.407,17.187,0.400
239.1799,-27.000,1079.069,1219.167,-70.042,26.552,0.400
239.2878,-26.000,1077.688,1231.385,-76.842,16.752,0.400
239.3851,-25.000,1083.848,1235.336,-75.739,14.855,0.400
239.4822,-23.000,1104.792,1221.787,-58.493,26.101,0.400
239.5800,-22.000,1103.449,1233.315,-64.929,16.665,0.400
239.6873,-20.000,1122.965,1221.257,-49.143,26.451,0.400
239.7836,-19.000,1121.252,1233.209,-55.976,16.732,0.400
239.8789,-18.000,1127.065,1236.999,-54.965,14.851,0.400
239.9888,-17.000,1134.131,1238.996,-52.431,14.487,0.400
240.0871,-15.000,1154.835,1224.795,-34.978,26.030,0.400
240.1857,-13.000,1166.655,1220.302,-26.822,28.264,0.400
240.2847,-11.000,1177.036,1217.950,-20.456,28.696,0.400
240.3841,-9.000,1187.378,1216.232,-14.426,28.780,0.400
240.4820,-7.000,1197.918,1214.823,-8.452,28.796,0.400
240.5810,-5.000,1208.671,1213.630,-2.479,28.799,0.400
240.6891,-3.000,1219.618,1212.611,3.504,28.800,0.400
240.7878,-1.000,1230.731,1211.736,9.498,28.800,0.400
240.8840,2.000,1253.757,1193.512,30.123,40.413,0.400
240.9844,4.000,1253.057,1199.494,26.782,31.048,0.400
241.0822,5.000,1245.956,1213.184,16.386,17.622,0.400
241.1802,7.000,1261.413,1198.528,31.443,26.637,0.400
241.2885,9.000,1268.652,1190.170,39.241,28.381,0.400
241.3882,10.000,1261.011,1198.960,31.026,17.106,0.400
241.4848,11.000,1261.933,1198.114,31.910,14.924,0.400
241.5831,12.000,1264.166,1195.047,34.559,14.501,0.400
241.6819,13.000,1266.357,1191.246,37.556,14.420,0.400
241.7790,13.000,1255.622,1203.613,26.005,2.791,0.400
241.8785,14.000,1266.812,1189.910,38.451,12.153,0.400
241.9869,15.000,1270.196,1183.490,43.353,13.965,0.400
242.0840,16.000,1271.902,1178.303,46.800,14.316,0.400
242.1798,17.000,1273.143,1173.204,49.970,14.384,0.400
242.2780,17.000,1261.505,1184.561,38.472,2.784,0.400
242.3867,18.000,1271.912,1170.017,50.948,12.152,0.400
242.4815,18.000,1261.962,1179.450,41.256,2.352,0.400
242.5803,19.000,1272.622,1164.450,54.086,12.068,0.400
242.6781,20.000,1275.208,1157.275,58.967,13.949,0.400
242.7872,20.000,1263.509,1168.074,47.718,2.700,0.400
242.8834,21.000,1273.612,1153.306,60.153,12.135,0.400
242.9810,21.000,1263.343,1162.609,50.367,2.349,0.400
243.0789,22.000,1273.701,1147.530,63.086,12.068,0.400
243.1772,22.000,1263.463,1156.756,53.354,2.336,0.400
243.2872,22.000,1261.149,1158.209,51.470,0.452,0.400
243.3771,22.000,1260.419,1158.208,51.105,0.087,0.400
243.4855,22.000,1260.037,1157.968,51.035,0.017,0.400
243.5850,22.000,1259.760,1157.717,51.021,0.003,0.400
243.6821,21.000,1243.869,1171.058,36.406,-11.612,0.400
243.7804,21.000,1253.651,1162.110,45.770,-2.248,0.400
243.8788,21.000,1255.817,1160.651,47.583,-0.435,0.400
243.9770,21.000,1256.469,1160.601,47.934,-0.084,0.400
244.0848,21.000,1256.793,1160.789,48.002,-0.016,0.400
244.1827,21.000,1257.023,1160.994,48.015,-0.003,0.400
244.2809,20.000,1241.548,1174.739,33.404,-11.614,0.400
244.3789,20.000,1251.678,1166.138,42.770,-2.248,0.400
244.4770,19.000,1238.592,1178.424,30.084,-12.048,0.400
244.5850,18.000,1233.913,1183.322,25.295,-13.945,0.400
244.6831,17.000,1231.191,1187.131,22.030,-14.312,0.400
244.7810,16.000,1229.128,1191.018,19.055,-14.383,0.400
244.8810,15.000,1227.429,1195.167,16.131,-14.397,0.400
244.9869,14.000,1226.002,1199.577,13.213,-14.399,0.400
245.0859,13.000,1224.797,1204.217,10.290,-14.400,0.400
245.1825,12.000,1223.779,1209.055,7.362,-14.400,0.400
245.2818,11.000,1222.919,1214.063,4.428,-14.400,0.400
245.3779,10.000,1222.191,1219.215,1.488,-14.400,0.400
245.4864,10.000,1237.245,1210.923,13.161,-2.787,0.400
245.5837,9.000,1226.757,1225.058,0.850,-12.152,0.400
245.6831,7.000,1208.323,1245.391,-18.534,-25.578,0.400
245.7798,7.000,1232.800,1228.529,2.135,-4.951,0.400
245.8762,6.000,1224.402,1241.300,-8.449,-12.571,0.400
245.9849,4.000,1206.597,1261.623,-27.513,-25.659,0.400
246.0829,3.000,1215.714,1258.544,-21.415,-16.579,0.400
246.1803,3.000,1233.169,1249.223,-8.027,-3.209,0.400
246.2767,2.000,1223.563,1263.643,-20.040,-12.234,0.400
246.3862,1.000,1221.318,1270.879,-24.781,-13.981,0.400
246.4842,1.000,1236.220,1263.220,-13.500,-2.706,0.400
246.5816,-0.000,1225.817,1277.678,-25.931,-12.137,0.400
246.6788,-0.000,1238.829,1271.115,-16.143,-2.349,0.400
246.7871,-1.000,1226.895,1284.630,-28.868,-12.068,0.400
246.8837,-1.000,1238.792,1277.076,-19.142,-2.336,0.400
246.9806,-1.000,1242.516,1277.044,-17.264,-0.452,0.400
247.0788,-2.000,1227.875,1290.923,-31.524,-11.700,0.400
247.1852,-2.000,1238.475,1282.676,-22.101,-2.265,0.400
247.2827,-3.000,1224.720,1294.530,-34.905,-12.051,0.400
247.3795,-3.000,1235.113,1285.522,-25.204,-2.332,0.400
247.4775,-3.000,1237.564,1284.247,-23.341,-0.451,0.400
247.5850,-3.000,1238.411,1284.401,-22.995,-0.087,0.400
247.6812,-3.000,1238.888,1284.774,-22.943,-0.017,0.400
247.7793,-3.000,1239.245,1285.140,-22.947,-0.003,0.400
247.8773,-2.000,1253.106,1269.794,-8.344,11.612,0.400
247.9852,-2.000,1244.598,1280.039,-17.720,2.248,0.400
248.0828,-2.000,1243.512,1282.602,-19.545,0.435,0.400
248.1802,-2.000,1243.777,1283.592,-19.908,0.084,0.400
248.2778,-1.000,1257.799,1268.537,-5.369,11.629,0.400
248.3791,-1.000,1249.476,1278.982,-14.753,2.251,0.400
248.4768,-0.000,1262.125,1266.036,-1.955,12.049,0.400
248.5853,-0.000,1253.783,1277.127,-11.672,2.332,0.400
248.6822,-0.000,1253.070,1280.175,-13.553,0.451,0.400
248.7804,-0.000,1253.699,1281.532,-13.917,0.087,0.400
248.8789,-0.000,1254.472,1282.446,-13.987,0.017,0.400
248.9768,-0.000,1255.176,1283.177,-14.001,0.003,0.400
249.0758,-0.000,1255.783,1283.789,-14.003,0.001,0.400
249.1750,-0.000,1256.300,1284.308,-14.004,0.000,0.400
249.2853,-0.000,1256.741,1284.749,-14.004,0.000,0.400
249.3824,1.000,1269.784,1268.554,0.615,11.613,0.400
249.4788,1.000,1260.585,1278.074,-8.744,2.248,0.400
249.5759,2.000,1271.584,1263.448,4.068,12.048,0.400
249.6871,4.000,1287.177,1239.973,23.602,25.558,0.400
249.7851,5.000,1278.908,1243.641,17.634,16.560,0.400
249.8821,6.000,1277.798,1239.942,18.928,14.818,0.400
249.9800,7.000,1278.008,1234.742,21.633,14.481,0.400
250.0801,8.000,1278.421,1229.189,24.616,14.416,0.400
250.1804,9.000,1278.827,1223.513,27.657,14.403,0.400
250.2781,10.000,1279.196,1217.766,30.715,14.401,0.400
250.3790,11.000,1279.525,1211.965,33.780,14.400,0.400
250.4768,12.000,1279.821,1206.117,36.852,14.400,0.400
250.5748,12.000,1267.421,1216.799,25.311,2.787,0.400
250.6748,12.000,1264.515,1218.244,23.135,0.539,0.400
250.7830,11.000,1247.862,1231.555,8.154,-11.508,0.400
250.8809,11.000,1257.289,1222.288,17.501,-2.227,0.400
250.9790,11.000,1259.219,1220.493,19.363,-0.431,0.400
251.0788,11.000,1259.691,1220.137,19.777,-0.083,0.400
251.1781,11.000,1259.873,1220.053,19.910,-0.016,0.400
251.2767,11.000,1259.993,1220.016,19.989,-0.003,0.400
251.3760,11.000,1260.097,1219.983,20.057,-0.001,0.400
251.4761,10.000,1244.525,1233.515,5.505,-11.613,0.400
251.5850,10.000,1254.584,1224.723,14.930,-2.248,0.400
251.6834,10.000,1256.994,1223.388,16.803,-0.435,0.400
251.7806,10.000,1257.862,1223.435,17.214,-0.084,0.400
251.8779,10.000,1258.379,1223.696,17.342,-0.016,0.400
251.9764,10.000,1258.783,1223.953,17.415,-0.003,0.400
252.0760,9.000,1243.457,1237.740,2.858,-11.614,0.400
252.1756,9.000,1253.723,1229.167,12.278,-2.248,0.400
252.2746,8.000,1240.640,1241.588,-0.474,-12.048,0.400
252.3833,8.000,1251.624,1233.043,9.290,-2.332,0.400
252.4810,7.000,1238.919,1245.720,-3.400,-12.064,0.400
252.5790,6.000,1234.510,1251.006,-8.248,-13.948,0.400
252.6758,5.000,1231.998,1255.163,-11.582,-14.312,0.400
252.7837,4.000,1230.100,1259.358,-14.629,-14.383,0.400
252.8811,3.000,1228.531,1263.781,-17.625,-14.397,0.400
252.9777,3.000,1242.872,1254.865,-5.996,-2.786,0.400
253.0761,2.000,1231.774,1268.475,-18.350,-12.152,0.400
253.1846,2.000,1244.154,1261.230,-8.538,-2.352,0.400
253.2832,1.000,1232.576,1275.072,-21.248,-12.068,0.400
253.3788,1.000,1244.777,1267.796,-11.510,-2.336,0.400
253.4765,1.000,1248.760,1268.000,-9.620,-0.452,0.400
253.5758,-0.000,1235.240,1282.977,-23.868,-11.700,0.400
253.6736,-0.000,1246.796,1275.661,-14.433,-2.265,0.400
253.7837,-0.000,1250.424,1275.637,-12.606,-0.438,0.400
253.8806,-0.000,1252.309,1276.815,-12.253,-0.085,0.400
253.9776,-0.000,1253.679,1278.048,-12.184,-0.016,0.400
254.0842,-0.000,1254.799,1279.141,-12.171,-0.003,0.400
254.1829,-0.000,1255.742,1280.079,-12.169,-0.001,0.400
254.2808,1.000,1269.211,1264.310,2.451,11.613,0.400
254.3784,1.000,1260.374,1274.191,-6.908,2.248,0.400
254.4773,1.000,1259.011,1276.441,-8.715,0.435,0.400
254.5761,2.000,1271.712,1260.594,5.559,11.697,0.400
254.6745,2.000,1262.454,1270.178,-3.862,2.264,0.400
254.7742,3.000,1273.448,1255.562,8.943,12.051,0.400
254.8827,4.000,1276.377,1248.654,13.861,13.945,0.400
254.9806,4.000,1264.963,1259.685,2.639,2.699,0.400
255.0796,5.000,1275.317,1245.106,15.105,12.135,0.400
255.1762,6.000,1277.934,1237.998,19.968,13.962,0.400
255.2737,7.000,1278.970,1232.244,23.363,14.315,0.400
255.3811,8.000,1279.632,1226.673,26.480,14.384,0.400
255.4802,9.000,1280.162,1221.069,29.547,14.397,0.400
255.5800,10.000,1280.619,1215.400,32.609,14.399,0.400
255.6800,10.000,1268.351,1226.237,21.057,2.787,0.400
255.7772,11.000,1278.224,1211.248,33.488,12.152,0.400
255.8732,11.000,1267.816,1220.308,23.754,2.352,0.400
255.9825,12.000,1278.081,1204.996,36.542,12.068,0.400
256.0780,12.000,1267.776,1214.012,26.882,2.336,0.400
256.1749,12.000,1265.416,1215.276,25.070,0.452,0.400
256.2730,12.000,1264.658,1215.103,24.778,0.088,0.400
256.3809,11.000,1248.594,1228.274,10.160,-11.596,0.400
256.4809,11.000,1258.283,1219.127,19.578,-2.244,0.400
256.5792,11.000,1260.389,1217.482,21.454,-0.434,0.400
256.6773,11.000,1261.001,1217.261,21.870,-0.084,0.400
256.7746,10.000,1245.632,1230.863,7.385,-11.629,0.400
256.8813,10.000,1255.820,1222.173,16.823,-2.251,0.400
256.9797,10.000,1258.332,1220.935,18.698,-0.436,0.400
257.0790,10.000,1259.284,1221.065,19.110,-0.084,0.400
257.1774,9.000,1244.203,1234.965,4.619,-11.629,0.400
257.2767,9.000,1254.634,1226.532,14.051,-2.251,0.400
257.3743,8.000,1241.683,1239.080,1.301,-12.049,0.400
257.4724,7.000,1237.107,1244.213,-3.553,-13.945,0.400
257.5822,6.000,1234.463,1248.231,-6.884,-14.312,0.400
257.6800,5.000,1232.456,1252.306,-9.925,-14.383,0.400
257.7775,4.000,1230.796,1256.625,-12.915,-14.397,0.400
257.8771,3.000,1229.390,1261.189,-15.899,-14.399,0.400
257.9734,3.000,1243.863,1252.401,-4.269,-2.787,0.400
258.0722,2.000,1232.876,1266.121,-16.622,-12.152,0.400
258.1812,2.000,1245.350,1258.970,-6.810,-2.352,0.400
258.2791,2.000,1249.521,1259.323,-4.901,-0.455,0.400
258.3759,1.000,1236.154,1274.436,-19.141,-11.701,0.400
258.4721,1.000,1247.838,1267.235,-9.699,-2.265,0.400
258.5818,1.000,1251.576,1267.309,-7.866,-0.438,0.400
258.6778,-0.000,1237.886,1282.138,-22.126,-11.698,0.400
258.7773,-0.000,1249.304,1274.688,-12.692,-2.264,0.400
258.8748,-0.000,1252.817,1274.549,-10.866,-0.438,0.400
258.9757,-1.000,1238.035,1288.298,-25.132,-11.698,0.400
259.0740,-1.000,1248.524,1279.932,-15.704,-2.264,0.400
259.1710,-1.000,1251.245,1279.014,-13.884,-0.438,0.400
259.2722,-1.000,1252.359,1279.433,-13.537,-0.085,0.400
259.3742,-1.000,1253.074,1280.022,-13.474,-0.016,0.400
259.4732,-1.000,1253.635,1280.569,-13.467,-0.003,0.400
259.5814,-0.000,1267.671,1265.374,1.148,11.612,0.400
259.6778,1.000,1271.983,1259.178,6.402,13.860,0.400
259.7762,1.000,1261.510,1271.049,-4.769,2.683,0.400
259.8739,2.000,1272.616,1257.231,7.692,12.132,0.400
259.9713,2.000,1263.191,1267.351,-2.080,2.348,0.400
260.0804,3.000,1274.274,1252.959,10.657,12.067,0.400
260.1774,3.000,1264.654,1262.767,0.944,2.336,0.400
260.2742,3.000,1262.868,1264.712,-0.922,0.452,0.400
260.3747,3.000,1262.589,1265.126,-1.269,0.087,0.400
260.4751,3.000,1262.594,1265.236,-1.321,0.017,0.400
260.5721,3.000,1262.647,1265.280,-1.317,0.003,0.400
260.6790,3.000,1262.704,1265.307,-1.301,0.001,0.400
260.7762,4.000,1275.426,1248.756,13.335,11.613,0.400
260.8729,4.000,1265.957,1257.969,3.994,2.248,0.400
260.9708,4.000,1264.060,1259.650,2.205,0.435,0.400
261.0797,5.000,1276.310,1243.315,16.497,11.697,0.400
261.1808,5.000,1266.671,1252.483,7.094,2.264,0.400
261.2819,5.000,1264.675,1254.078,5.298,0.438,0.400
261.3813,6.000,1276.850,1237.662,19.594,11.698,0.400
261.4792,6.000,1267.150,1246.758,10.196,2.264,0.400
261.5791,6.000,1265.103,1248.291,8.406,0.438,0.400
261.6801,6.000,1264.567,1248.390,8.089,0.085,0.400
261.7768,6.000,1264.349,1248.236,8.056,0.016,0.400
261.8767,7.000,1276.883,1231.487,22.698,11.616,0.400
261.9749,7.000,1267.265,1240.521,13.372,2.248,0.400
262.0742,8.000,1277.915,1225.475,26.220,12.048,0.400
262.1716,8.000,1267.879,1234.775,16.552,2.332,0.400
262.2791,7.000,1250.065,1249.864,0.100,-11.162,0.400
262.3761,7.000,1259.449,1241.162,9.144,-2.160,0.400
262.4729,6.000,1245.855,1253.237,-3.691,-12.031,0.400
262.5811,5.000,1240.779,1257.922,-8.571,-13.941,0.400
262.6794,4.000,1237.716,1261.551,-11.917,-14.311,0.400
262.7771,3.000,1235.354,1265.296,-14.971,-14.383,0.400
262.8759,2.000,1233.389,1269.335,-17.973,-14.397,0.400
262.9737,1.000,1231.725,1273.663,-20.969,-14.399,0.400
263.0717,-0.000,1230.306,1278.246,-23.970,-14.400,0.400
263.1798,-1.000,1228.195,1282.147,-26.976,-14.400,0.400
263.2790,-2.000,1225.493,1285.469,-29.988,-14.400,0.400
263.3803,-3.000,1222.289,1288.301,-33.006,-14.400,0.400
263.4757,-4.000,1218.657,1290.717,-36.030,-14.400,0.400
263.5717,-4.000,1231.229,1280.111,-24.441,-2.787,0.400
263.6799,-4.000,1234.288,1278.723,-22.217,-0.539,0.400
263.7771,-4.000,1235.409,1279.022,-21.806,-0.104,0.400
263.8758,-4.000,1236.073,1279.566,-21.746,-0.020,0.400
263.9745,-4.000,1236.579,1280.087,-21.754,-0.004,0.400
264.0719,-4.000,1236.994,1280.544,-21.775,-0.001,0.400
264.1697,-4.000,1237.341,1280.938,-21.798,-0.000,0.400
264.2784,-3.000,1251.202,1265.608,-7.203,11.613,0.400
264.3757,-3.000,1242.694,1275.867,-16.586,2.248,0.400
264.4735,-3.000,1241.607,1278.441,-18.417,0.435,0.400
264.5707,-2.000,1255.440,1263.774,-4.167,11.697,0.400
264.6792,-2.000,1247.140,1274.364,-13.612,2.264,0.400
264.7769,-2.000,1246.275,1277.175,-15.450,0.438,0.400
264.8746,-2.000,1246.737,1278.368,-15.815,0.085,0.400
264.9744,-2.000,1247.360,1279.151,-15.896,0.016,0.400
265.0721,-2.000,1247.933,1279.774,-15.921,0.003,0.400
265.1710,-2.000,1248.426,1280.297,-15.935,0.001,0.400
265.2693,-1.000,1262.414,1265.072,-1.329,11.613,0.400
265.3783,-1.000,1254.018,1275.418,-10.700,2.248,0.400
265.4772,-0.000,1266.596,1262.396,2.100,12.048,0.400
265.5740,-0.000,1258.192,1273.424,-7.616,2.332,0.400
265.6729,-0.000,1257.426,1276.420,-9.497,0.451,0.400
265.7722,1.000,1270.679,1261.162,4.758,11.700,0.400
265.8697,1.000,1261.897,1271.240,-4.671,2.265,0.400
265.9695,2.000,1273.297,1257.042,8.127,12.051,0.400
266.0688,3.000,1276.569,1250.491,13.039,13.945,0.400
266.1772,4.000,1278.117,1245.257,16.430,14.312,0.400
266.2768,5.000,1279.201,1240.139,19.531,14.383,0.400
266.3725,5.000,1267.417,1251.494,7.962,2.784,0.400
266.4800,6.000,1277.689,1236.957,20.366,12.152,0.400
266.5771,7.000,1280.282,1229.840,25.221,13.965,0.400
266.6740,8.000,1281.308,1224.068,28.620,14.316,0.400
266.7697,9.000,1281.962,1218.479,31.742,14.384,0.400
266.8778,9.000,1269.820,1229.428,20.196,2.784,0.400
266.9750,10.000,1279.790,1214.542,32.624,12.152,0.400
267.0733,10.000,1269.461,1223.693,22.884,2.352,0.400
267.1712,10.000,1267.124,1225.030,21.047,0.455,0.400
267.2706,10.000,1266.392,1224.911,20.740,0.088,0.400
267.3720,10.000,1266.019,1224.561,20.729,0.017,0.400
267.4687,10.000,1265.758,1224.207,20.775,0.003,0.400
267.5776,10.000,1265.554,1223.889,20.833,0.001,0.400
267.6746,10.000,1265.391,1223.607,20.892,0.000,0.400
267.7717,10.000,1265.262,1223.358,20.952,0.000,0.400
267.8708,9.000,1249.493,1236.707,6.393,-11.613,0.400
267.9695,9.000,1259.383,1227.759,15.812,-2.248,0.400
268.0753,9.000,1261.650,1226.292,17.679,-0.435,0.400
268.1736,8.000,1246.727,1239.797,3.465,-11.697,0.400
268.2722,7.000,1241.436,1244.781,-1.673,-13.877,0.400
268.3705,6.000,1238.370,1248.487,-5.059,-14.299,0.400
268.4693,6.000,1251.709,1238.692,6.509,-2.767,0.400
268.5787,5.000,1239.814,1251.499,-5.843,-12.149,0.400
268.6767,4.000,1235.860,1257.128,-10.634,-13.964,0.400
268.7751,4.000,1249.357,1248.055,0.651,-2.703,0.400
268.8745,3.000,1237.772,1261.300,-11.764,-12.136,0.400
268.9743,2.000,1234.114,1267.270,-16.578,-13.962,0.400
269.0710,1.000,1232.199,1272.049,-19.925,-14.315,0.400
269.1683,-0.000,1217.829,1279.568,-19.203,-10.593,0.240
269.2681,-1.000,1201.761,1287.685,-21.425,-9.809,0.240
269.3780,-3.000,1173.743,1303.216,-34.857,-17.223,0.240
269.4753,-5.000,1152.437,1311.181,-42.448,-18.784,0.240
269.5729,-7.000,1133.092,1316.459,-48.818,-19.112,0.240
269.6704,-9.000,1114.623,1320.242,-54.942,-19.182,0.240
269.7693,-10.000,1109.116,1314.138,-50.437,-11.617,0.240
269.8772,-13.000,1073.346,1330.710,-73.081,-25.183,0.240
269.9749,-15.000,1061.005,1327.007,-74.447,-20.459,0.240
270.0725,-17.000,1045.252,1326.393,-79.555,-19.465,0.240
270.1725,-19.000,1028.981,1326.024,-85.460,-19.256,0.240
270.2742,-21.000,1012.897,1325.237,-91.416,-19.212,0.240
270.3721,-23.000,996.981,1324.085,-97.406,-19.202,0.240
