time_s,error_mm,left_rpm,right_rpm,pid_output,d_term,target_speed_ms
0.0003,-17.000,-570.865,600.547,-585.706,-538.087,0.320
0.0566,-17.000,-129.979,187.517,-158.748,-111.034,0.320
0.1530,-17.000,-28.800,112.642,-70.721,-22.912,0.320
0.2511,-17.000,1.781,107.046,-52.632,-4.728,0.320
0.3594,-17.000,17.369,115.320,-48.975,-0.976,0.320
0.4575,-17.000,29.503,126.096,-48.296,-0.201,0.320
0.5554,-17.000,40.997,137.461,-48.232,-0.042,0.320
0.6515,-17.000,53.037,149.625,-48.294,-0.009,0.320
0.7597,-16.000,78.904,146.947,-34.021,11.554,0.320
0.8561,-16.000,83.388,169.949,-43.281,2.384,0.320
0.9520,-16.000,95.475,185.999,-45.262,0.492,0.320
1.0604,-16.000,109.340,200.825,-45.742,0.102,0.320
1.1581,-16.000,123.751,215.576,-45.912,0.021,0.320
1.2549,-16.000,138.426,230.463,-46.019,0.004,0.320
1.3565,-16.000,153.284,245.508,-46.112,0.001,0.320
1.4521,-15.000,181.571,245.253,-31.841,11.556,0.320
1.5597,-15.000,188.117,270.309,-41.096,2.385,0.320
1.6563,-15.000,201.958,288.104,-43.073,0.492,0.320
1.7539,-15.000,217.317,304.411,-43.547,0.102,0.320
1.8594,-14.000,246.278,304.979,-29.351,11.577,0.320
1.9583,-14.000,253.450,330.683,-38.617,2.389,0.320
2.0564,-13.000,281.116,333.576,-26.230,12.048,0.320
2.1545,-13.000,288.356,360.086,-35.865,2.486,0.320
2.2519,-13.000,303.041,378.862,-37.911,0.513,0.320
2.3492,-13.000,319.169,395.951,-38.391,0.106,0.320
2.4583,-12.000,348.798,397.171,-24.186,11.577,0.320
2.5558,-12.000,356.541,423.425,-33.442,2.389,0.320
2.6524,-12.000,371.414,442.224,-35.405,0.493,0.320
2.7493,-11.000,400.934,443.939,-21.503,11.657,0.320
2.8567,-11.000,408.783,470.415,-30.816,2.405,0.320
2.9543,-10.000,437.069,473.920,-18.426,12.052,0.320
3.0519,-10.000,444.847,500.940,-28.047,2.487,0.320
3.1489,-10.000,459.993,520.145,-30.076,0.513,0.320
3.2579,-9.000,489.798,522.154,-16.178,11.661,0.320
3.3553,-8.000,511.181,533.427,-11.123,13.962,0.320
3.4531,-8.000,517.822,562.319,-22.248,2.881,0.320
3.5501,-8.000,532.979,582.139,-24.580,0.594,0.320
3.6581,-7.000,562.997,584.467,-10.735,11.678,0.320
3.7553,-7.000,571.323,611.409,-20.043,2.410,0.320
3.8517,-7.000,586.748,630.737,-21.995,0.497,0.320
3.9491,-7.000,603.471,648.328,-22.428,0.103,0.320
4.0579,-7.000,620.321,665.420,-22.549,0.021,0.320
4.1553,-7.000,637.078,682.288,-22.605,0.004,0.320
4.2518,-7.000,653.713,699.009,-22.648,0.001,0.320
4.3593,-7.000,670.237,715.613,-22.688,0.000,0.320
4.4549,-7.000,686.664,732.118,-22.727,0.000,0.320
4.5523,-7.000,703.009,748.541,-22.766,0.000,0.320
4.6507,-7.000,719.283,764.894,-22.805,0.000,0.320
4.7585,-7.000,735.498,781.187,-22.845,0.000,0.320
4.8550,-6.000,764.943,781.988,-8.523,11.556,0.320
4.9541,-6.000,772.480,807.935,-17.727,2.384,0.320
5.0522,-6.000,787.172,826.479,-19.653,0.492,0.320
5.1501,-5.000,794.044,796.776,-1.366,1.426,0.180
5.2502,-5.000,782.908,787.687,-2.389,0.408,0.180
5.3482,-4.000,772.404,774.300,-0.948,1.402,0.180
5.4564,-4.000,760.835,764.741,-1.953,0.401,0.180
5.5538,-3.000,749.952,750.965,-0.506,1.400,0.180
5.6503,-3.000,738.060,741.078,-1.509,0.400,0.180
5.7490,-2.000,726.902,727.024,-0.061,1.400,0.180
5.8481,-2.000,714.775,716.901,-1.063,0.400,0.180
5.9571,-1.000,703.418,702.646,0.386,1.400,0.180
6.0531,-1.000,691.123,692.352,-0.615,0.400,0.180
6.1500,-0.000,679.622,677.951,0.835,1.400,0.180
6.2572,-0.000,667.204,667.533,-0.165,0.400,0.180
6.3539,-0.000,655.303,656.204,-0.450,0.114,0.180
6.4514,1.000,643.616,641.206,1.205,1.318,0.180
6.5499,1.000,630.924,630.396,0.264,0.377,0.180
6.6500,1.000,618.757,618.766,-0.004,0.108,0.180
6.7477,1.000,606.658,606.818,-0.080,0.031,0.180
6.8550,2.000,594.683,591.413,1.635,1.294,0.180
6.9525,2.000,581.714,580.290,0.712,0.370,0.180
7.0487,3.000,569.480,565.106,2.187,1.391,0.180
7.1577,3.000,569.158,566.767,1.195,0.398,0.180
7.2566,2.000,566.270,567.914,-0.822,-1.172,0.180
7.3529,3.000,568.045,564.539,1.753,0.951,0.180
7.4509,3.000,568.189,566.035,1.077,0.272,0.180
7.5481,3.000,568.694,566.923,0.885,0.078,0.180
7.6470,3.000,569.234,567.569,0.833,0.022,0.180
7.7566,3.000,569.724,568.085,0.820,0.006,0.180
7.8536,3.000,570.151,568.515,0.818,0.002,0.180
7.9506,3.000,570.516,568.878,0.819,0.001,0.180
8.0471,3.000,570.827,569.184,0.821,0.000,0.180
8.1544,3.000,571.093,569.445,0.824,0.000,0.180
8.2492,3.000,571.319,569.665,0.827,0.000,0.180
8.3575,2.000,568.335,570.149,-0.907,-1.286,0.180
8.4549,2.000,569.693,569.667,0.013,-0.367,0.180
8.5548,-0.000,563.975,570.367,-3.196,-2.676,0.180
8.6531,-1.000,563.458,569.500,-3.021,-2.050,0.180
8.7501,-1.000,565.834,568.949,-1.557,-0.586,0.180
8.8489,-2.000,563.730,569.483,-2.876,-1.453,0.180
8.9573,-3.000,562.302,569.456,-3.577,-1.701,0.180
9.0555,-4.000,561.100,569.302,-4.101,-1.772,0.180
9.1527,-5.000,559.989,569.141,-4.576,-1.792,0.180
9.2495,-5.000,562.223,568.824,-3.301,-0.512,0.180
9.3568,-7.000,556.806,569.631,-6.413,-2.718,0.180
9.4536,-5.000,560.375,562.384,-1.004,1.795,0.180
9.5521,-7.000,553.932,565.461,-5.764,-2.059,0.180
9.6496,-7.000,556.966,565.566,-4.300,-0.588,0.180
9.7461,-5.000,559.307,560.133,-0.413,2.403,0.180
9.8537,-5.000,559.271,563.540,-2.134,0.687,0.180
9.9523,-3.000,560.802,559.114,0.844,2.768,0.180
10.0508,-1.000,561.186,556.511,2.338,3.362,0.180
10.1488,1.000,561.313,554.496,3.408,3.532,0.180
10.2457,5.000,561.696,546.030,7.833,6.152,0.180
10.3544,6.000,560.047,549.688,5.180,3.043,0.180
10.4531,9.000,560.541,544.541,8.000,4.727,0.180
10.5513,10.000,560.093,546.914,6.590,2.636,0.180
10.6488,11.000,560.714,547.810,6.452,2.039,0.180
10.7457,14.000,559.726,543.726,8.000,4.440,0.180
10.8525,15.000,560.511,544.511,8.000,2.554,0.180
10.9485,16.000,561.118,545.118,8.000,2.015,0.180
11.0565,18.000,560.014,544.014,8.000,3.147,0.180
11.1534,19.000,560.516,544.516,8.000,2.185,0.180
11.2537,20.000,560.882,544.882,8.000,1.910,0.180
11.3508,21.000,561.134,545.134,8.000,1.831,0.180
11.4468,22.000,561.287,545.287,8.000,1.809,0.180
11.5540,23.000,561.358,545.358,8.000,1.803,0.180
11.6518,24.000,561.358,545.358,8.000,1.801,0.180
11.7488,25.000,561.298,545.298,8.000,1.800,0.180
11.8472,25.000,562.747,546.747,8.000,0.514,0.180
11.9454,27.000,560.859,544.859,8.000,2.718,0.180
12.0526,27.000,562.254,546.254,8.000,0.777,0.180
12.1512,28.000,561.879,545.879,8.000,1.508,0.180
12.2491,29.000,561.501,545.501,8.000,1.716,0.180
12.3467,29.000,562.680,546.680,8.000,0.490,0.180
12.4553,30.000,562.122,546.122,8.000,1.426,0.180
12.5526,31.000,561.587,545.587,8.000,1.693,0.180
12.6517,31.000,562.633,546.633,8.000,0.484,0.180
12.7498,32.000,561.962,545.962,8.000,1.424,0.180
12.8468,32.000,562.891,546.891,8.000,0.407,0.180
12.9448,32.000,563.681,547.681,8.000,0.116,0.180
13.0539,33.000,562.793,546.793,8.000,1.319,0.180
13.1507,33.000,563.538,547.538,8.000,0.377,0.180
13.2467,34.000,562.611,546.611,8.000,1.393,0.180
13.3551,34.000,563.323,547.323,8.000,0.398,0.180
13.4523,35.000,562.368,546.368,8.000,1.399,0.180
13.5518,35.000,563.057,547.057,8.000,0.400,0.180
13.6527,36.000,562.082,546.082,8.000,1.400,0.180
13.7517,36.000,562.753,546.753,8.000,0.400,0.180
13.8509,36.000,563.324,547.324,8.000,0.114,0.180
13.9477,37.000,562.249,546.249,8.000,1.318,0.180
14.0453,37.000,562.836,546.836,8.000,0.377,0.180
14.1547,38.000,561.774,545.774,8.000,1.393,0.180
14.2526,38.000,562.372,546.372,8.000,0.398,0.180
14.3497,39.000,561.320,545.320,8.000,1.399,0.180
14.4461,39.000,561.925,545.925,8.000,0.400,0.180
14.5539,40.000,560.880,544.880,8.000,1.400,0.180
14.6504,40.000,561.492,545.492,8.000,0.400,0.180
14.7481,40.000,562.012,546.012,8.000,0.114,0.180
14.8540,41.000,560.894,544.894,8.000,1.318,0.180
14.9530,41.000,561.444,545.444,8.000,0.377,0.180
15.0512,42.000,560.351,544.351,8.000,1.393,0.180
15.1486,42.000,560.922,544.922,8.000,0.398,0.180
15.2459,42.000,561.407,545.407,8.000,0.114,0.180
15.3534,42.000,561.820,545.820,8.000,0.032,0.180
15.4504,42.000,562.171,546.171,8.000,0.009,0.180
15.5509,42.000,562.469,546.469,8.000,0.003,0.180
15.6488,42.000,562.722,546.722,8.000,0.001,0.180
15.7477,42.000,562.938,546.938,8.000,0.000,0.180
15.8456,42.000,563.121,547.121,8.000,0.000,0.180
15.9436,42.000,563.276,547.276,8.000,0.000,0.180
16.0497,42.000,563.409,547.409,8.000,0.000,0.180
16.1473,42.000,563.521,547.521,8.000,0.000,0.180
16.2445,42.000,563.617,547.617,8.000,0.000,0.180
16.3545,42.000,563.698,547.698,8.000,0.000,0.180
16.4524,42.000,563.767,547.767,8.000,0.000,0.180
16.5517,42.000,563.826,547.826,8.000,0.000,0.180
16.6486,42.000,563.876,547.876,8.000,0.000,0.180
16.7463,42.000,563.918,547.918,8.000,0.000,0.180
16.8434,42.000,563.954,547.954,8.000,0.000,0.180
16.9525,42.000,563.985,547.985,8.000,0.000,0.180
17.0502,42.000,564.011,548.011,8.000,0.000,0.180
17.1506,42.000,564.033,548.033,8.000,0.000,0.180
17.2486,41.000,562.612,546.612,8.000,-1.286,0.180
17.3454,41.000,562.904,546.904,8.000,-0.367,0.180
17.4446,40.000,561.712,545.712,8.000,-1.391,0.180
17.5430,40.000,562.199,546.199,8.000,-0.397,0.180
17.6519,39.000,561.173,545.173,8.000,-1.399,0.180
17.7501,39.000,561.801,545.801,8.000,-0.400,0.180
17.8492,39.000,562.334,546.334,8.000,-0.114,0.180
17.9472,38.000,561.348,545.348,8.000,-1.318,0.180
18.0457,38.000,562.009,546.009,8.000,-0.377,0.180
18.1436,38.000,562.572,546.572,8.000,-0.108,0.180
18.2513,37.000,561.610,545.610,8.000,-1.316,0.180
18.3480,36.000,560.852,544.852,8.000,-1.662,0.180
18.4455,36.000,561.708,545.708,8.000,-0.475,0.180
18.5456,36.000,562.435,546.435,8.000,-0.136,0.180
18.6433,35.000,561.614,545.614,8.000,-1.324,0.180
18.7516,35.000,562.416,546.416,8.000,-0.378,0.180
18.8480,34.000,561.657,545.657,8.000,-1.394,0.180
18.9459,34.000,562.512,546.512,8.000,-0.398,0.180
19.0441,34.000,563.239,547.239,8.000,-0.114,0.180
19.1425,33.000,562.417,546.417,8.000,-1.318,0.180
19.2532,33.000,563.218,547.218,8.000,-0.377,0.180
19.3431,32.000,562.459,546.459,8.000,-1.393,0.180
19.4518,32.000,563.314,547.314,8.000,-0.398,0.180
19.5497,32.000,564.041,548.041,8.000,-0.114,0.180
19.6479,30.000,561.778,545.778,8.000,-2.604,0.180
19.7466,28.000,559.975,543.975,8.000,-3.315,0.180
19.8444,26.000,558.281,542.844,7.718,-3.519,0.180
19.9434,24.000,556.242,542.722,6.760,-3.577,0.180
20.0518,22.000,554.527,542.840,5.844,-3.593,0.180
20.1505,20.000,553.064,543.186,4.939,-3.598,0.180
20.2485,19.000,555.000,543.419,5.790,-2.314,0.180
20.3475,16.000,549.562,545.062,2.250,-4.518,0.180
20.4443,15.000,552.514,545.004,3.755,-2.577,0.180
20.5422,13.000,550.745,546.473,2.136,-3.308,0.180
20.6512,13.000,555.992,546.971,4.510,-0.945,0.180
20.7509,12.000,555.943,549.022,3.461,-1.556,0.180
20.8513,11.000,556.240,550.548,2.846,-1.730,0.180
20.9492,10.000,556.584,551.874,2.355,-1.780,0.180
21.0461,9.000,556.897,553.099,1.899,-1.794,0.180
21.1451,8.000,557.164,554.260,1.452,-1.798,0.180
21.2426,8.000,560.563,555.075,2.744,-0.514,0.180
21.3518,7.000,559.551,556.789,1.381,-1.433,0.180
21.4496,6.000,559.203,557.854,0.674,-1.695,0.180
21.5469,6.000,562.223,558.442,1.890,-0.484,0.180
21.6437,5.000,560.932,559.921,0.505,-1.424,0.180
21.7418,4.000,560.357,560.776,-0.210,-1.693,0.180
21.8500,4.000,563.188,561.182,1.003,-0.484,0.180
21.9459,4.000,564.913,562.209,1.352,-0.138,0.180
22.0426,3.000,563.008,563.573,-0.282,-1.325,0.180
22.1507,3.000,565.228,563.894,0.667,-0.379,0.180
22.2477,2.000,563.404,564.997,-0.797,-1.394,0.180
22.3451,2.000,565.595,565.193,0.201,-0.398,0.180
22.4439,1.000,563.719,566.218,-1.250,-1.400,0.180
22.5413,1.000,565.858,566.356,-0.249,-0.400,0.180
22.6512,-0.000,563.936,567.334,-1.699,-1.400,0.180
22.7493,-1.000,562.738,567.609,-2.436,-1.686,0.180
22.8453,-1.000,565.049,567.514,-1.233,-0.482,0.180
22.9460,-1.000,566.333,568.112,-0.889,-0.138,0.180
23.0441,-1.000,567.231,568.815,-0.792,-0.039,0.180
23.1522,-2.000,564.642,569.645,-2.502,-1.297,0.180
23.2414,-3.000,563.022,569.649,-3.314,-1.656,0.180
23.3493,-3.000,565.016,569.282,-2.133,-0.473,0.180
23.4483,-5.000,559.449,569.991,-5.271,-2.707,0.180
23.5463,-6.000,559.017,569.175,-5.079,-2.059,0.180
23.6445,-6.000,561.452,568.679,-3.614,-0.588,0.180
23.7411,-6.000,562.691,569.088,-3.199,-0.168,0.180
23.8489,-5.000,563.802,566.497,-1.347,1.238,0.180
23.9476,-5.000,563.785,568.257,-2.236,0.354,0.180
44.9391,-3.000,-88.519,118.201,-103.360,-94.957,0.320
45.0385,-3.000,1.644,57.672,-28.014,-19.594,0.320
45.1360,-3.000,32.159,57.120,-12.480,-4.043,0.320
45.2336,-3.000,50.473,69.049,-9.288,-0.834,0.320
45.3426,-3.000,66.359,83.644,-8.643,-0.172,0.320
45.4326,-3.000,81.821,98.866,-8.523,-0.036,0.320
45.5396,-3.000,97.260,114.283,-8.511,-0.007,0.320
45.6368,-3.000,112.750,129.795,-8.522,-0.002,0.320
45.7363,-3.000,128.298,145.374,-8.538,-0.000,0.320
45.8355,-3.000,143.897,161.006,-8.555,-0.000,0.320
45.9423,-3.000,159.541,176.684,-8.571,-0.000,0.320
46.0399,-3.000,175.224,192.400,-8.588,-0.000,0.320
46.1372,-2.000,204.220,192.707,5.756,11.556,0.320
46.2360,-3.000,195.098,230.672,-17.787,-9.171,0.320
46.3332,-2.000,231.786,224.114,3.836,9.663,0.320
46.4413,-2.000,240.798,248.488,-3.845,1.994,0.320
46.5403,-2.000,255.781,266.658,-5.438,0.411,0.320
46.6373,-2.000,271.920,283.473,-5.776,0.085,0.320
46.7348,-2.000,288.235,299.944,-5.855,0.018,0.320
46.8346,-1.000,317.812,300.849,8.481,11.559,0.320
46.9344,-1.000,325.475,326.871,-0.698,2.385,0.320
47.0329,-1.000,340.280,345.473,-2.597,0.492,0.320
47.1404,-1.000,356.469,362.455,-2.993,0.102,0.320
47.2387,-1.000,372.867,379.026,-3.079,0.021,0.320
47.3379,-1.000,389.244,395.447,-3.101,0.004,0.320
47.4340,-1.000,405.562,411.783,-3.110,0.001,0.320
47.5335,-0.000,435.102,412.613,11.244,11.556,0.320
47.6317,-0.000,442.726,438.579,2.073,2.385,0.320
47.7420,-0.000,457.496,457.134,0.181,0.492,0.320
47.8410,1.000,486.097,457.795,14.151,11.657,0.320
47.9377,1.000,493.175,483.364,4.905,2.405,0.320
48.0368,1.000,507.533,501.530,3.002,0.496,0.320
48.1355,1.000,523.355,518.128,2.613,0.102,0.320
48.2331,1.000,539.446,534.370,2.538,0.021,0.320
48.3314,1.000,555.563,550.510,2.527,0.004,0.320
48.4382,1.000,571.661,566.604,2.529,0.001,0.320
48.5368,-0.000,572.294,595.950,-11.828,-11.555,0.320
48.6388,1.000,610.535,587.126,11.705,9.171,0.320
48.7378,1.000,619.651,610.788,4.431,1.892,0.320
48.8375,1.000,634.473,628.603,2.935,0.391,0.320
48.9355,1.000,650.427,645.165,2.631,0.081,0.320
49.0334,1.000,666.575,661.430,2.572,0.017,0.320
49.1310,-0.000,667.289,690.881,-11.796,-11.552,0.320
49.2412,-0.000,693.165,698.421,-2.628,-2.384,0.320
49.3393,1.000,724.087,696.837,13.625,11.064,0.320
49.4340,1.000,731.668,721.968,4.850,2.283,0.320
49.5337,-0.000,730.710,753.345,-11.317,-11.084,0.320
49.6315,-0.000,756.323,761.364,-2.520,-2.287,0.320
49.7385,-0.000,774.819,776.229,-0.705,-0.472,0.320
49.8373,-0.000,791.760,792.420,-0.330,-0.097,0.320
49.9367,-0.000,808.305,808.811,-0.253,-0.020,0.320
50.0356,-0.000,824.707,825.181,-0.237,-0.004,0.320
50.1343,-0.000,841.025,841.492,-0.234,-0.001,0.320
50.2413,-1.000,840.999,870.188,-14.594,-11.556,0.320
50.3398,-1.000,866.237,877.094,-5.429,-2.385,0.320
50.4366,-2.000,867.891,903.697,-17.903,-12.048,0.320
50.5345,-2.000,893.338,910.043,-8.353,-2.486,0.320
50.6352,-2.000,911.200,923.981,-6.391,-0.513,0.320
50.7329,-2.000,927.497,939.487,-5.995,-0.106,0.320
50.8304,-2.000,943.474,955.318,-5.922,-0.022,0.320
50.9398,-2.000,959.386,971.218,-5.916,-0.005,0.320
51.0390,-2.000,975.285,987.132,-5.923,-0.001,0.320
51.1371,-2.000,991.183,1003.051,-5.934,-0.000,0.320
51.2352,-2.000,1007.082,1018.972,-5.945,-0.000,0.320
51.3326,-2.000,1007.065,1018.978,-5.956,-0.000,0.320
51.4311,-1.000,1020.331,1003.543,8.394,11.556,0.320
51.5394,-1.000,1011.733,1013.298,-0.783,2.384,0.320
51.6362,-1.000,1010.326,1015.688,-2.681,0.492,0.320
51.7354,-1.000,1010.348,1016.502,-3.077,0.102,0.320
51.8335,-1.000,1010.617,1016.943,-3.163,0.021,0.320
51.9330,-1.000,1010.896,1017.267,-3.185,0.004,0.320
52.0318,-1.000,1011.144,1017.533,-3.194,0.001,0.320
52.1405,-1.000,1011.356,1017.757,-3.201,0.000,0.320
52.2381,-1.000,1011.535,1017.949,-3.207,0.000,0.320
52.3386,-2.000,995.406,1030.553,-17.573,-11.556,0.320
52.4366,-1.000,1017.849,1005.954,5.948,9.171,0.320
52.5352,-1.000,1011.149,1013.822,-1.337,1.892,0.320
52.6335,-2.000,993.856,1028.266,-17.205,-11.165,0.320
52.7328,-2.000,1002.996,1019.706,-8.355,-2.304,0.320
52.8321,-2.000,1005.059,1018.135,-6.538,-0.475,0.320
52.9304,-2.000,1005.635,1017.978,-6.172,-0.098,0.320
53.0385,-2.000,1005.879,1018.090,-6.105,-0.020,0.320
53.1364,-2.000,1006.035,1018.236,-6.100,-0.004,0.320
53.2354,-2.000,1006.156,1018.372,-6.108,-0.001,0.320
53.3321,-2.000,1006.255,1018.492,-6.119,-0.000,0.320
53.4295,-1.000,1019.618,1003.155,8.231,11.556,0.320
53.5380,-1.000,1011.102,1012.992,-0.945,2.384,0.320
53.6344,-1.000,1009.766,1015.452,-2.843,0.492,0.320
53.7319,-1.000,1009.847,1016.326,-3.239,0.102,0.320
53.8291,-1.000,1010.167,1016.818,-3.326,0.021,0.320
53.9388,-1.000,1010.490,1017.185,-3.348,0.004,0.320
54.0374,-2.000,994.493,1029.929,-17.718,-11.555,0.320
54.1393,-2.000,1003.769,1020.887,-8.559,-2.384,0.320
54.2363,-2.000,1005.750,1019.105,-6.678,-0.492,0.320
54.3366,-2.000,1006.214,1018.811,-6.298,-0.102,0.320
54.4337,-2.000,1006.355,1018.813,-6.229,-0.021,0.320
54.5316,-2.000,1006.422,1018.869,-6.224,-0.004,0.320
54.6290,-3.000,990.185,1031.370,-20.593,-11.556,0.320
54.7369,-3.000,999.252,1022.127,-11.438,-2.385,0.320
54.8354,-3.000,1001.053,1020.177,-9.562,-0.492,0.320
54.9362,-3.000,1001.364,1019.740,-9.188,-0.102,0.320
55.0341,-3.000,1001.374,1019.622,-9.124,-0.021,0.320
55.1332,-3.000,1001.328,1019.577,-9.124,-0.004,0.320
55.2338,-2.000,1014.556,1004.110,5.223,11.555,0.320
55.3315,-2.000,1005.924,1013.840,-3.958,2.384,0.320
55.4305,-1.000,1017.768,1000.769,8.499,12.048,0.320
55.5377,-1.000,1009.179,1011.315,-1.068,2.486,0.320
55.6362,-0.000,1021.314,998.684,11.315,12.069,0.320
55.7353,-0.000,1013.025,1009.551,1.737,2.490,0.320
55.8343,-0.000,1012.144,1012.624,-0.240,0.514,0.320
55.9305,1.000,1025.108,997.682,13.713,11.662,0.320
56.0382,1.000,1016.518,1007.591,4.464,2.406,0.320
56.1337,2.000,1027.616,993.775,16.921,12.052,0.320
56.2315,2.000,1018.407,1003.673,7.367,2.487,0.320
56.3311,3.000,1029.178,989.647,19.765,12.069,0.320
56.4291,3.000,1019.734,999.326,10.204,2.490,0.320
56.5375,3.000,1017.873,1001.385,8.244,0.514,0.320
56.6352,4.000,1030.008,985.579,22.214,11.662,0.320
56.7334,4.000,1020.715,994.752,12.981,2.406,0.320
56.8310,4.000,1018.776,996.588,11.094,0.497,0.320
56.9295,3.000,1002.920,1010.198,-3.639,-11.453,0.320
57.0372,3.000,1012.572,1001.636,5.468,-2.363,0.320
57.1344,4.000,1027.369,983.926,21.721,11.068,0.320
57.2319,4.000,1018.869,992.949,12.960,2.284,0.320
57.3295,4.000,1017.301,994.962,11.170,0.471,0.320
57.4361,3.000,1001.697,1008.784,-3.543,-11.458,0.320
57.5348,3.000,1011.551,1000.416,5.567,-2.364,0.320
57.6321,3.000,1014.076,999.154,7.461,-0.488,0.320
57.7303,4.000,1027.457,983.006,22.226,11.455,0.320
57.8374,4.000,1018.713,992.398,13.157,2.364,0.320
57.9368,3.000,1001.694,1007.809,-3.058,-11.068,0.320
58.0347,3.000,1011.311,999.824,5.743,-2.284,0.320
58.1327,3.000,1013.834,998.689,7.573,-0.471,0.320
58.2301,1.000,983.932,1025.450,-20.759,-23.208,0.320
58.3270,1.000,1004.022,1008.690,-2.334,-4.789,0.320
58.4345,1.000,1009.244,1006.299,1.472,-0.988,0.320
58.5323,1.000,1011.237,1006.712,2.262,-0.204,0.320
58.6323,1.000,1012.427,1007.568,2.430,-0.042,0.320
58.7303,2.000,1025.777,992.117,16.830,11.547,0.320
58.8282,2.000,1017.230,1001.877,7.677,2.383,0.320
58.9346,2.000,980.220,1008.568,5.428,0.502,0.180
59.0307,2.000,948.210,1010.031,5.042,0.106,0.180
59.1286,2.000,919.181,1008.322,4.970,0.022,0.180
59.2373,2.000,892.484,1004.116,4.962,0.005,0.180
59.3349,2.000,867.729,997.829,4.969,0.001,0.180
59.4342,2.000,844.615,989.783,4.979,0.000,0.180
59.5314,2.000,822.894,980.243,4.989,0.000,0.180
59.6319,2.000,802.356,969.435,4.999,0.000,0.180
59.7297,3.000,790.198,946.573,14.183,6.568,0.180
59.8353,4.000,773.685,927.946,18.187,7.951,0.180
59.9316,4.000,749.413,920.573,11.930,1.674,0.180
60.0290,5.000,738.097,896.617,19.803,6.921,0.180
60.1367,5.000,715.772,887.186,14.365,1.457,0.180
60.2365,6.000,705.591,862.000,22.415,6.875,0.180
60.3330,7.000,691.496,840.657,26.192,8.016,0.180
60.4303,8.000,676.811,819.847,29.074,8.256,0.180
60.5292,8.000,654.826,809.885,22.597,1.738,0.180
60.6268,9.000,645.611,783.571,30.440,6.934,0.180
60.7355,9.000,625.107,772.100,25.013,1.460,0.180
60.8316,10.000,616.485,745.170,33.081,6.876,0.180
60.9291,11.000,603.719,722.341,36.878,8.016,0.180
61.0366,11.000,582.793,711.237,30.607,1.688,0.180
61.1357,12.000,574.359,684.072,38.505,6.924,0.180
61.2342,13.000,561.870,660.926,42.275,8.026,0.180
61.3321,13.000,541.204,649.527,36.007,1.690,0.180
61.4315,14.000,532.999,622.103,43.914,6.924,0.180
61.5316,15.000,520.706,598.736,47.694,8.026,0.180
61.6268,15.000,500.210,587.147,41.435,1.690,0.180
61.7339,16.000,507.754,575.787,49.353,6.924,0.180
61.8322,16.000,503.553,579.744,43.970,1.458,0.180
61.9274,17.000,510.864,568.626,52.076,6.875,0.180
62.0258,18.000,513.722,561.932,55.910,8.016,0.180
62.1339,18.000,508.158,567.235,49.675,1.688,0.180
62.2305,19.000,514.863,556.709,57.610,6.924,0.180
62.3268,19.000,509.950,561.373,52.243,1.458,0.180
62.4359,19.000,509.285,561.828,51.191,0.307,0.180
62.5359,18.000,499.096,569.437,41.874,-6.504,0.180
62.6338,18.000,505.083,564.258,47.102,-1.369,0.180
62.7310,18.000,506.903,563.124,48.277,-0.288,0.180
62.8305,18.000,507.773,562.838,48.598,-0.061,0.180
62.9269,17.000,498.007,570.700,39.566,-6.581,0.180
63.0258,15.000,483.420,581.868,26.503,-14.522,0.180
63.1327,14.000,486.294,579.688,28.872,-9.626,0.180
63.2331,13.000,485.522,581.651,27.370,-8.595,0.180
63.3308,12.000,484.121,584.663,25.050,-8.378,0.180
63.4274,10.000,472.332,596.022,13.379,-14.901,0.180
63.5275,9.000,476.673,594.915,16.021,-9.705,0.180
63.6273,8.000,476.953,597.984,14.556,-8.612,0.180
63.7254,6.000,466.029,609.955,3.049,-14.950,0.180
63.8340,4.000,460.611,617.463,-3.464,-16.284,0.180
63.9320,2.000,456.672,624.379,-8.935,-16.565,0.180
64.0296,-0.000,453.314,631.466,-14.194,-16.624,0.180
64.1265,-1.000,460.081,630.270,-10.243,-10.068,0.180
64.2339,-3.000,449.971,640.915,-20.647,-15.256,0.180
64.3313,-3.000,465.250,632.091,-8.618,-3.212,0.180
64.4284,-5.000,448.585,647.042,-24.445,-13.813,0.180
64.5250,-6.000,450.778,645.792,-22.740,-9.476,0.180
64.6334,-7.000,449.170,647.603,-24.463,-8.563,0.180
64.7318,-8.000,446.518,649.826,-26.912,-8.371,0.180
64.8307,-10.000,432.466,659.314,-38.692,-14.899,0.180
64.9297,-10.000,445.245,648.655,-26.982,-3.137,0.180
65.0274,-11.000,437.604,654.499,-33.731,-7.229,0.180
65.1268,-14.000,411.075,671.700,-55.602,-21.227,0.180
65.2348,-13.000,436.275,645.171,-29.743,2.100,0.180
65.3326,-16.000,402.569,669.948,-58.989,-19.263,0.180
65.4319,-16.000,418.402,655.525,-43.865,-4.055,0.180
65.5280,-17.000,411.149,660.376,-49.920,-7.422,0.180
65.6258,-17.000,417.402,655.081,-44.148,-1.563,0.180
65.7350,-19.000,397.010,669.089,-61.351,-13.466,0.180
65.8313,-19.000,407.831,658.841,-50.818,-2.835,0.180
65.9294,-20.000,399.345,664.213,-57.749,-7.165,0.180
66.0288,-20.000,405.180,658.732,-52.092,-1.508,0.180
66.1277,-21.000,395.554,665.058,-60.070,-6.886,0.180
66.2268,-21.000,401.090,659.719,-54.633,-1.450,0.180
66.3346,-22.000,391.350,666.025,-62.657,-6.874,0.180
66.4335,-22.000,396.818,660.638,-57.231,-1.447,0.180
66.5327,-22.000,397.995,659.530,-56.088,-0.305,0.180
66.6320,-22.000,398.266,659.318,-55.848,-0.064,0.180
66.7308,-22.000,398.342,659.292,-55.797,-0.014,0.180
66.8273,-22.000,398.374,659.302,-55.786,-0.003,0.180
66.9339,-22.000,398.395,659.318,-55.784,-0.001,0.180
67.0348,-22.000,398.411,659.332,-55.784,-0.000,0.180
67.1327,-22.000,398.424,659.345,-55.784,-0.000,0.180
67.2305,-22.000,398.435,659.356,-55.784,-0.000,0.180
67.3275,-21.000,406.413,648.997,-46.615,6.568,0.180
67.4347,-21.000,401.716,654.670,-51.801,1.383,0.180
67.5327,-21.000,401.039,656.176,-52.892,0.291,0.180
67.6306,-20.000,409.130,646.390,-43.954,6.630,0.180
67.7267,-20.000,404.676,652.404,-49.188,1.396,0.180
67.8233,-19.000,412.107,643.899,-41.220,6.862,0.180
67.9328,-19.000,407.634,650.458,-46.736,1.445,0.180
68.0306,-19.000,407.281,652.585,-47.976,0.304,0.180
68.1274,-18.000,415.670,643.304,-39.141,6.632,0.180
68.2244,-18.000,411.461,649.754,-44.471,1.396,0.180
68.3334,-17.000,419.191,641.529,-36.493,6.862,0.180
68.4303,-16.000,422.948,637.951,-32.826,8.013,0.180
68.5283,-15.000,426.089,635.563,-30.061,8.255,0.180
68.6261,-15.000,421.313,643.978,-36.657,1.738,0.180
68.7251,-14.000,429.384,636.602,-28.933,6.934,0.180
68.8233,-13.000,433.605,633.570,-25.307,8.028,0.180
68.9306,-13.000,429.205,641.981,-31.713,1.690,0.180
69.0277,-12.000,437.481,634.714,-23.941,6.924,0.180
69.1251,-11.000,441.855,631.799,-20.296,8.026,0.180
69.2232,-11.000,437.581,640.312,-26.690,1.690,0.180
69.3238,-10.000,445.965,633.131,-18.907,6.924,0.180
69.4244,-10.000,442.459,640.661,-24.426,1.458,0.180
69.5233,-9.000,450.939,633.200,-16.455,6.875,0.180
69.6332,-9.000,447.398,640.608,-21.930,1.447,0.180
69.7326,-9.000,447.851,643.441,-23.119,0.305,0.180
69.8306,-8.000,456.935,634.752,-14.233,6.633,0.180
69.9261,-8.000,453.324,641.697,-19.511,1.396,0.180
70.0234,-8.000,453.597,644.258,-20.655,0.294,0.180
70.1344,-8.000,454.528,645.736,-20.928,0.062,0.180
70.2325,-8.000,455.462,646.851,-21.019,0.013,0.180
70.3312,-8.000,456.280,647.773,-21.071,0.003,0.180
70.4286,-8.000,456.976,648.556,-21.115,0.001,0.180
70.5256,-8.000,457.563,649.227,-21.157,0.000,0.180
70.6333,-8.000,458.056,649.803,-21.198,0.000,0.180
70.7326,-8.000,458.468,650.299,-21.240,0.000,0.180
70.8306,-8.000,458.813,650.727,-21.282,0.000,0.180
70.9266,-7.000,467.073,640.723,-12.149,6.568,0.180
71.0265,-7.000,462.610,646.704,-17.371,1.383,0.180
71.1256,-6.000,470.101,638.104,-9.326,6.860,0.180
71.2238,-5.000,473.656,634.205,-5.599,8.013,0.180
71.3222,-5.000,468.659,641.911,-11.951,1.687,0.180
71.4313,-4.000,476.426,634.046,-4.135,6.924,0.180
71.5307,-4.000,472.397,640.991,-9.622,1.458,0.180
71.6277,-4.000,472.465,643.402,-10.793,0.307,0.180
71.7277,-3.000,481.229,634.346,-1.882,6.633,0.180
71.8261,-3.000,477.353,640.973,-7.135,1.396,0.180
71.9324,-3.000,477.404,643.261,-8.253,0.294,0.180
72.0303,-3.000,478.150,644.502,-8.500,0.062,0.180
72.1291,-3.000,478.931,645.412,-8.565,0.013,0.180
72.2274,-2.000,487.596,635.782,0.583,6.571,0.180
72.3251,-2.000,483.489,642.070,-4.615,1.383,0.180
72.4230,-2.000,483.313,644.100,-5.718,0.291,0.180
72.5310,-2.000,483.860,645.128,-5.958,0.061,0.180
72.6308,-2.000,484.471,645.856,-6.017,0.013,0.180
72.7302,-2.000,485.020,646.446,-6.038,0.003,0.180
72.8264,-2.000,485.491,646.942,-6.050,0.001,0.180
72.9244,-1.000,493.865,636.991,3.113,6.569,0.180
73.0215,-1.000,489.504,643.011,-2.078,1.383,0.180
73.1288,-1.000,489.112,644.813,-3.175,0.291,0.180
73.2256,-1.000,489.476,645.648,-3.410,0.061,0.180
73.3228,-1.000,489.932,646.211,-3.464,0.013,0.180
73.4313,-1.000,490.350,646.659,-3.479,0.003,0.180
73.5294,-1.000,490.710,647.035,-3.487,0.001,0.180
73.6293,-0.000,498.991,636.980,5.681,6.569,0.180
73.7253,-0.000,494.551,642.911,0.496,1.383,0.180
73.8265,-0.000,494.094,644.637,-0.596,0.291,0.180
73.9253,-0.000,494.403,645.406,-0.826,0.061,0.180
74.0230,-0.000,494.813,645.912,-0.874,0.013,0.180
74.1227,-0.000,495.192,646.312,-0.884,0.003,0.180
74.2217,-1.000,484.547,654.018,-10.060,-6.568,0.180
74.3286,-1.000,489.978,649.090,-4.880,-1.383,0.180
74.4273,-1.000,491.278,648.217,-3.794,-0.291,0.180
74.5263,-1.000,491.685,648.174,-3.569,-0.061,0.180
74.6233,-2.000,480.908,655.659,-12.700,-6.581,0.180
74.7225,-2.000,486.195,650.575,-7.514,-1.386,0.180
74.8298,-3.000,476.391,656.951,-15.604,-6.860,0.180
74.9253,-3.000,481.834,651.594,-10.204,-1.444,0.180
75.0232,-3.000,482.995,650.506,-9.080,-0.304,0.180
75.1219,-3.000,483.251,650.312,-8.855,-0.064,0.180
75.2223,-3.000,483.312,650.304,-8.820,-0.013,0.180
75.3207,-3.000,483.330,650.331,-8.825,-0.003,0.180
75.4234,-3.000,483.336,650.364,-8.839,-0.001,0.180
75.5243,-4.000,472.363,657.769,-18.027,-6.569,0.180
75.6306,-4.000,477.512,652.588,-12.862,-1.383,0.180
75.7313,-4.000,478.569,651.503,-11.791,-0.291,0.180
75.8207,-4.000,478.767,651.282,-11.582,-0.061,0.180
75.9288,-5.000,467.811,658.619,-20.728,-6.581,0.180
76.0266,-5.000,472.942,653.410,-15.559,-1.386,0.180
76.1246,-5.000,473.977,652.310,-14.491,-0.292,0.180
76.2242,-6.000,463.180,659.451,-23.460,-6.630,0.180
76.3236,-6.000,468.329,654.195,-18.257,-1.396,0.180
76.4214,-6.000,469.354,653.079,-17.187,-0.294,0.180
76.5202,-6.000,469.516,652.839,-16.986,-0.062,0.180
76.6285,-6.000,469.501,652.789,-16.968,-0.013,0.180
76.7281,-6.000,469.452,652.781,-16.989,-0.003,0.180
76.8247,-6.000,469.399,652.787,-17.018,-0.001,0.180
76.9227,-6.000,469.348,652.797,-17.049,-0.000,0.180
77.0303,-6.000,469.300,652.811,-17.080,-0.000,0.180
77.1301,-6.000,469.254,652.828,-17.111,-0.000,0.180
77.2276,-5.000,477.184,642.473,-7.969,6.568,0.180
77.3284,-5.000,472.442,648.154,-13.180,1.383,0.180
77.4263,-5.000,471.724,649.671,-14.298,0.291,0.180
77.5229,-5.000,471.807,650.266,-14.554,0.061,0.180
77.6207,-5.000,472.021,650.628,-14.628,0.013,0.180
77.7202,-5.000,472.230,650.910,-14.664,0.003,0.180
77.8287,-5.000,472.410,651.146,-14.693,0.001,0.180
77.9267,-5.000,472.560,651.350,-14.719,0.000,0.180
78.0248,-5.000,472.685,651.526,-14.745,0.000,0.180
78.1233,-5.000,472.787,651.680,-14.771,0.000,0.180
78.2212,-5.000,472.869,651.815,-14.797,0.000,0.180
78.3202,-5.000,472.936,651.933,-14.823,0.000,0.180
78.4288,-5.000,472.988,652.038,-14.849,0.000,0.180
78.5260,-5.000,473.029,652.131,-14.875,0.000,0.180
78.6247,-5.000,473.060,652.213,-14.901,0.000,0.180
78.7227,-5.000,473.082,652.288,-14.927,0.000,0.180
78.8202,-5.000,473.097,652.355,-14.953,0.000,0.180
78.9294,-5.000,473.106,652.415,-14.979,0.000,0.180
79.0260,-4.000,481.083,642.097,-5.831,6.568,0.180
79.1223,-4.000,476.382,647.809,-11.038,1.383,0.180
79.2238,-4.000,475.699,649.351,-12.150,0.291,0.180
79.3221,-3.000,483.787,639.593,-3.227,6.630,0.180
79.4199,-3.000,479.328,645.633,-8.477,1.396,0.180
79.5291,-3.000,478.882,647.422,-9.594,0.294,0.180
79.6276,-2.000,487.179,637.867,-0.668,6.630,0.180
79.7250,-2.000,482.899,644.077,-5.913,1.396,0.180
79.8216,-2.000,482.607,646.010,-7.026,0.294,0.180
79.9290,-1.000,491.036,636.576,1.906,6.630,0.180
80.0289,-1.000,486.869,642.889,-3.334,1.396,0.180
80.1270,-1.000,486.674,644.908,-4.441,0.294,0.180
80.2238,-0.000,495.186,635.546,4.495,6.630,0.180
80.3189,-0.000,491.090,641.920,-0.739,1.396,0.180
80.4248,1.000,498.330,633.016,7.332,6.862,0.180
80.5221,1.000,493.710,639.221,1.920,1.445,0.180
80.6230,2.000,500.622,630.057,9.958,6.873,0.180
80.7219,2.000,495.750,636.015,4.543,1.447,0.180
80.8208,3.000,502.453,626.635,12.585,6.873,0.180
80.9292,3.000,497.405,632.407,7.174,1.447,0.180
81.0262,3.000,496.586,633.842,6.048,0.305,0.180
81.1268,4.000,503.996,623.355,14.996,6.633,0.180
81.2238,4.000,498.973,628.763,9.781,1.396,0.180
81.3207,4.000,498.055,630.008,8.699,0.294,0.180
81.4271,4.000,497.983,630.358,8.488,0.062,0.180
81.5252,4.000,498.073,630.504,8.460,0.013,0.180
81.6205,4.000,498.184,630.594,8.470,0.003,0.180
81.7189,4.000,498.288,630.661,8.489,0.001,0.180
81.8203,4.000,498.381,630.713,8.509,0.000,0.180
81.9205,4.000,498.463,630.754,8.530,0.000,0.180
82.0197,4.000,498.536,630.786,8.551,0.000,0.180
82.1280,5.000,505.975,619.836,17.745,6.568,0.180
82.2268,5.000,500.824,625.003,12.586,1.383,0.180
82.3244,5.000,499.765,626.076,11.520,0.291,0.180
82.4209,5.000,499.567,626.285,11.316,0.061,0.180
82.5189,5.000,499.549,626.313,11.294,0.013,0.180
82.6276,6.000,506.943,615.327,20.483,6.571,0.180
82.7242,6.000,501.760,620.457,15.327,1.383,0.180
82.8241,7.000,508.050,610.522,23.439,6.860,0.180
82.9231,7.000,502.621,615.852,18.060,1.444,0.180
83.0219,7.000,501.476,616.914,16.957,0.304,0.180
83.1208,7.000,501.237,617.082,16.753,0.064,0.180
83.2272,6.000,490.819,625.040,7.565,-6.555,0.180
83.3278,6.000,496.479,620.288,12.771,-1.380,0.180
83.4248,5.000,487.613,627.527,4.718,-6.859,0.180
83.5224,5.000,493.862,622.894,10.159,-1.444,0.180
83.6216,4.000,485.341,630.389,2.152,-6.872,0.180
83.7185,3.000,481.478,633.980,-1.576,-8.015,0.180
83.8256,2.000,478.832,636.995,-4.406,-8.256,0.180
83.9225,2.000,487.017,632.123,2.122,-1.738,0.180
84.0216,1.000,479.434,640.123,-5.669,-6.934,0.180
84.1215,1.000,486.591,636.320,-0.189,-1.460,0.180
84.2186,-0.000,478.800,644.561,-8.205,-6.876,0.180
84.3243,-0.000,485.920,640.825,-2.777,-1.448,0.180
84.4228,-0.000,488.501,641.120,-1.634,-0.305,0.180
84.5234,-0.000,489.964,642.101,-1.393,-0.064,0.180
84.6202,-0.000,491.053,643.090,-1.343,-0.014,0.180
84.7181,-0.000,491.947,643.962,-1.332,-0.003,0.180
84.8275,-0.000,492.700,644.710,-1.330,-0.001,0.180
84.9260,-0.000,493.338,645.348,-1.329,-0.000,0.180
85.0249,-0.000,493.881,645.890,-1.329,-0.000,0.180
85.1225,-0.000,494.342,646.351,-1.329,-0.000,0.180
85.2197,-0.000,494.733,646.743,-1.329,-0.000,0.180
85.3266,1.000,502.440,636.102,7.845,6.568,0.180
85.4250,1.000,497.513,641.536,2.664,1.383,0.180
85.5230,1.000,496.641,642.837,1.578,0.291,0.180
85.6206,1.000,496.600,643.245,1.353,0.061,0.180
85.7215,2.000,504.085,632.470,10.483,6.581,0.180
85.8189,2.000,499.002,637.757,5.298,1.386,0.180
85.9281,2.000,498.005,638.927,4.215,0.292,0.180
86.0196,2.000,497.859,639.221,3.995,0.061,0.180
86.1176,2.000,497.884,639.322,3.957,0.013,0.180
86.2268,1.000,487.564,647.349,-5.217,-6.566,0.180
86.3234,1.000,493.278,642.685,-0.028,-1.382,0.180
86.4195,-0.000,484.447,650.009,-8.105,-6.859,0.180
86.5181,-1.000,479.748,652.827,-11.864,-8.013,0.180
86.6173,-1.000,486.769,647.207,-5.543,-1.687,0.180
86.7262,-2.000,477.718,653.850,-13.390,-6.924,0.180
86.8235,-2.000,483.650,648.870,-7.935,-1.458,0.180
86.9215,-3.000,474.221,655.508,-15.968,-6.875,0.180
87.0229,-3.000,479.947,650.410,-10.556,-1.447,0.180
87.1225,-4.000,470.368,656.923,-18.602,-6.873,0.180
87.2216,-4.000,475.970,651.715,-13.197,-1.447,0.180
87.3214,-5.000,466.285,658.134,-21.249,-6.873,0.180
87.4195,-5.000,471.798,652.847,-15.849,-1.447,0.180
87.5186,-6.000,462.036,659.199,-23.906,-6.873,0.180
87.6254,-7.000,456.508,661.229,-27.685,-8.015,0.180
87.7242,-7.000,462.813,654.951,-21.393,-1.687,0.180
87.8200,-8.000,453.147,661.040,-29.271,-6.924,0.180
87.9197,-9.000,447.577,662.969,-33.020,-8.026,0.180
88.0183,-10.000,442.846,664.006,-35.904,-8.258,0.180
88.1260,-11.000,438.270,664.842,-38.610,-8.307,0.180
88.2220,-11.000,444.681,658.251,-32.110,-1.749,0.180
88.3191,-11.000,445.928,656.852,-30.786,-0.368,0.180
88.4207,-12.000,435.123,663.927,-39.726,-6.646,0.180
88.5193,-12.000,440.223,658.658,-34.542,-1.399,0.180
88.6179,-12.000,441.193,657.543,-33.500,-0.295,0.180
88.7254,-12.000,441.301,657.312,-33.330,-0.062,0.180
88.8242,-13.000,430.262,664.646,-42.517,-6.581,0.180
88.9235,-13.000,435.316,659.444,-37.388,-1.386,0.180
89.0194,-13.000,436.279,658.354,-36.362,-0.292,0.180
89.1175,-13.000,436.388,658.138,-36.199,-0.061,0.180
89.2195,-14.000,425.350,665.485,-45.392,-6.581,0.180
89.3175,-14.000,430.404,660.293,-40.269,-1.386,0.180
89.4165,-14.000,431.366,659.213,-39.248,-0.292,0.180
89.5254,-14.000,431.474,659.006,-39.091,-0.061,0.180
89.6235,-14.000,431.407,658.988,-39.115,-0.013,0.180
89.7220,-13.000,439.283,648.641,-30.004,6.566,0.180
89.8204,-12.000,442.455,643.968,-26.081,7.951,0.180
89.9196,-12.000,436.977,651.169,-32.420,1.674,0.180
90.0164,-11.000,444.300,642.912,-24.631,6.921,0.180
90.1167,-10.000,447.855,639.163,-20.978,8.025,0.180
90.2254,-9.000,450.858,636.594,-18.192,8.258,0.180
90.3218,-8.000,453.951,634.472,-15.585,8.307,0.180
90.4184,-8.000,449.263,642.983,-22.185,1.749,0.180
90.5185,-7.000,457.440,635.657,-14.433,6.937,0.180
90.6160,-6.000,461.762,632.658,-10.772,8.029,0.180
90.7229,-6.000,457.455,641.090,-17.142,1.690,0.180
90.8220,-5.000,465.815,633.835,-9.334,6.924,0.180
90.9188,-6.000,451.319,648.671,-24.000,-5.111,0.180
91.0166,-6.000,456.967,646.312,-19.997,-1.076,0.180
91.1252,-6.000,459.183,646.891,-19.178,-0.227,0.180
91.2220,-5.000,468.493,637.558,-9.857,6.521,0.180
91.3212,-6.000,453.835,651.596,-24.205,-5.196,0.180
91.4185,-5.000,467.116,638.388,-10.961,5.475,0.180
91.5165,-5.000,464.299,644.267,-15.309,1.153,0.180
91.6235,-4.000,472.638,636.131,-7.071,6.811,0.180
91.7208,-2.000,484.773,622.367,5.878,14.571,0.180
91.8179,-1.000,483.541,625.816,3.538,9.636,0.180
91.9151,-0.000,486.344,625.496,5.100,8.597,0.180
92.0154,1.000,489.487,623.866,7.486,8.378,0.180
92.1144,2.000,492.393,621.644,10.050,8.332,0.180
92.2224,3.000,494.990,619.029,12.656,8.323,0.180
92.3213,3.000,489.928,627.076,6.101,1.752,0.180
92.4188,3.000,489.828,629.712,4.734,0.369,0.180
92.5173,3.000,490.631,631.066,4.458,0.078,0.180
92.6147,3.000,491.502,632.028,4.412,0.016,0.180
92.7238,3.000,492.283,632.804,4.415,0.003,0.180
92.8202,2.000,482.585,641.427,-4.746,-6.568,0.180
92.9182,2.000,488.823,637.275,0.450,-1.383,0.180
93.0172,2.000,490.812,637.059,1.552,-0.291,0.180
93.1161,2.000,491.805,637.572,1.792,-0.061,0.180
93.2148,1.000,482.131,646.128,-7.323,-6.581,0.180
93.3217,1.000,488.356,641.951,-2.122,-1.386,0.180
93.4188,2.000,497.700,630.749,8.151,6.277,0.180
93.5177,2.000,493.465,636.404,3.206,1.321,0.180
93.6153,3.000,500.409,627.067,11.347,6.847,0.180
93.7141,3.000,495.503,632.939,5.957,1.441,0.180
93.8141,4.000,502.164,623.499,14.008,6.872,0.180
93.9222,4.000,497.079,629.222,8.604,1.447,0.180
94.0191,5.000,503.602,619.641,16.656,6.873,0.180
94.1164,5.000,498.403,625.242,11.256,1.447,0.180
94.2159,5.000,497.457,626.528,10.140,0.305,0.180
94.3152,6.000,504.761,615.914,19.099,6.633,0.180
94.4137,6.000,499.649,621.212,13.894,1.396,0.180
94.5218,6.000,498.657,622.362,12.823,0.294,0.180
94.6198,6.000,498.523,622.631,12.622,0.062,0.180
94.7155,6.000,498.563,622.705,12.604,0.013,0.180
94.8165,7.000,506.006,611.760,21.799,6.571,0.180
94.9234,7.000,500.866,616.922,16.647,1.383,0.180
95.0214,7.000,499.820,617.988,15.592,0.291,0.180
95.1192,8.000,507.008,607.216,24.572,6.630,0.180
95.2165,8.000,501.793,612.385,19.379,1.396,0.180
95.3129,8.000,500.713,613.426,18.319,0.294,0.180
95.4208,8.000,500.506,613.599,18.129,0.062,0.180
95.5178,8.000,500.484,613.593,18.122,0.013,0.180
95.6149,9.000,507.877,602.576,27.326,6.571,0.180
95.7238,9.000,502.696,607.676,22.185,1.383,0.180
95.8200,9.000,501.617,608.687,21.140,0.291,0.180
95.9177,8.000,491.031,616.815,11.783,-6.507,0.180
96.0175,8.000,496.665,612.092,16.962,-1.370,0.180
96.1184,8.000,498.175,611.356,18.085,-0.288,0.180
96.2161,8.000,498.773,611.415,18.355,-0.061,0.180
96.3133,7.000,488.769,619.579,9.270,-6.581,0.180
96.4224,7.000,494.719,615.064,14.503,-1.386,0.180
96.5235,6.000,486.085,622.518,6.459,-6.860,0.180
96.6205,6.000,492.531,618.069,11.906,-1.444,0.180
96.7179,5.000,484.177,625.720,3.904,-6.872,0.180
96.8152,5.000,490.830,621.470,9.356,-1.447,0.180
96.9227,4.000,482.646,629.297,1.350,-6.873,0.180
97.0194,4.000,489.441,625.198,6.797,-1.447,0.180
97.1193,3.000,481.376,633.154,-1.213,-6.873,0.180
97.2176,3.000,488.272,629.166,4.228,-1.447,0.180
97.3166,3.000,490.666,629.244,5.386,-0.305,0.180
97.4134,3.000,491.972,630.039,5.642,-0.064,0.180
97.5194,3.000,492.931,630.865,5.709,-0.014,0.180
97.6175,3.000,493.717,631.598,5.735,-0.003,0.180
97.7139,3.000,494.380,632.225,5.753,-0.001,0.180
97.8208,3.000,494.944,632.758,5.769,-0.000,0.180
97.9172,3.000,495.426,633.208,5.784,-0.000,0.180
98.0160,3.000,495.838,633.589,5.800,-0.000,0.180
98.1168,2.000,485.816,641.883,-3.358,-6.568,0.180
98.2148,1.000,481.405,645.427,-7.336,-7.951,0.180
98.3214,-0.000,478.445,648.250,-10.227,-8.242,0.180
98.4181,-2.000,464.447,657.932,-22.067,-14.872,0.180
98.5159,-3.000,466.369,654.740,-19.510,-9.699,0.180
98.6135,-4.000,463.998,655.432,-21.042,-8.610,0.180
98.7123,-6.000,449.614,664.189,-32.612,-14.950,0.180
98.8211,-7.000,451.020,660.400,-30.014,-9.716,0.180
98.9194,-8.000,448.168,660.627,-31.554,-8.614,0.180
99.0172,-10.000,433.363,669.000,-43.143,-14.950,0.180
99.1141,-10.000,445.381,657.515,-31.392,-3.147,0.180
99.2112,-10.000,448.040,655.309,-28.959,-0.663,0.180
99.3207,-10.000,448.704,655.030,-28.488,-0.139,0.180
99.4179,-10.000,448.926,655.136,-28.430,-0.029,0.180
99.5173,-10.000,449.036,655.304,-28.459,-0.006,0.180
99.6144,-10.000,449.107,655.469,-28.506,-0.001,0.180
99.7228,-10.000,449.157,655.621,-28.557,-0.000,0.180
99.8116,-10.000,449.190,655.758,-28.608,-0.000,0.180
99.9206,-10.000,449.211,655.883,-28.660,-0.000,0.180
100.0188,-10.000,449.221,655.996,-28.712,-0.000,0.180
100.1156,-10.000,449.221,656.101,-28.764,-0.000,0.180
100.2126,-10.000,449.214,656.197,-28.816,-0.000,0.180
100.3210,-9.000,457.173,645.914,-19.695,6.568,0.180
100.4184,-9.000,452.453,651.658,-24.927,1.383,0.180
100.5167,-8.000,459.724,642.859,-16.892,6.860,0.180
100.6169,-8.000,455.117,649.166,-22.349,1.444,0.180
100.7158,-7.000,462.631,640.696,-14.357,6.872,0.180
100.8134,-7.000,458.263,647.253,-19.819,1.447,0.180
100.9118,-7.000,458.015,649.361,-20.998,0.305,0.180
101.0194,-7.000,458.528,650.429,-21.275,0.064,0.180
101.1170,-7.000,459.113,651.188,-21.362,0.014,0.180
101.2174,-7.000,459.637,651.806,-21.409,0.003,0.180
101.3132,-7.000,460.084,652.330,-21.447,0.001,0.180
101.4104,-8.000,449.486,660.153,-30.658,-6.568,0.180
101.5192,-8.000,454.951,655.330,-25.514,-1.383,0.180
101.6192,-9.000,445.300,661.926,-33.637,-6.860,0.180
101.7163,-9.000,450.871,656.759,-28.269,-1.444,0.180
101.8164,-9.000,452.135,655.838,-27.176,-0.304,0.180
101.9132,-10.000,441.501,663.164,-36.156,-6.632,0.180
102.0112,-10.000,446.779,658.074,-30.972,-1.396,0.180
102.1203,-11.000,436.935,664.477,-39.095,-6.862,0.180
102.2176,-10.000,450.307,648.780,-24.561,5.124,0.180
102.3163,-11.000,435.749,660.763,-37.832,-5.490,0.180
102.4146,-11.000,440.431,656.892,-33.555,-1.156,0.180
102.5125,-12.000,430.657,663.755,-41.873,-6.812,0.180
102.6204,-12.000,436.235,658.702,-36.558,-1.434,0.180
102.7165,-13.000,426.555,665.230,-44.662,-6.870,0.180
102.8128,-13.000,432.071,660.033,-39.306,-1.446,0.180
102.9207,-13.000,433.281,659.095,-38.231,-0.305,0.180
103.0168,-13.000,433.570,659.038,-38.058,-0.064,0.180
103.1172,-13.000,433.651,659.153,-38.075,-0.013,0.180
103.2138,-13.000,433.677,659.293,-38.132,-0.003,0.180
103.3114,-13.000,433.683,659.429,-38.198,-0.001,0.180
103.4111,-12.000,441.650,649.183,-29.091,6.568,0.180
103.5187,-12.000,436.933,654.962,-34.339,1.383,0.180
103.6174,-11.000,444.204,646.194,-26.320,6.860,0.180
103.7146,-9.000,455.543,631.784,-13.445,14.581,0.180
103.8113,-9.000,445.679,645.036,-25.003,3.070,0.180
103.9191,-7.000,460.596,628.199,-9.126,13.783,0.180
104.0151,-5.000,467.810,620.554,-1.697,16.039,0.180
104.1144,-4.000,465.912,625.685,-5.211,9.945,0.180
104.2118,-2.000,476.861,615.684,5.264,15.231,0.180
104.3201,-1.000,476.203,620.747,2.403,9.775,0.180
104.4185,1.000,487.200,610.495,13.028,15.195,0.180
104.5179,1.000,478.526,625.802,1.038,3.199,0.180
104.6176,2.000,486.199,620.168,7.691,7.242,0.180
104.7160,3.000,490.232,617.267,11.158,8.093,0.180
104.8138,3.000,485.840,625.622,4.784,1.704,0.180
104.9102,3.000,486.194,628.636,3.455,0.359,0.180
105.0179,4.000,494.732,619.361,12.361,6.644,0.180
105.1179,5.000,498.068,614.799,16.310,7.967,0.180
105.2160,4.000,482.409,630.015,0.873,-4.891,0.180
105.3139,5.000,494.977,616.471,13.928,5.539,0.180
105.4131,5.000,491.715,621.903,9.582,1.166,0.180
105.5120,4.000,481.369,631.693,-0.486,-6.323,0.180
105.6195,5.000,495.020,616.971,13.700,5.237,0.180
105.7184,5.000,491.955,622.124,9.591,1.103,0.180
105.8166,6.000,499.372,612.883,17.920,6.801,0.180
105.9135,6.000,494.759,618.945,12.583,1.432,0.180
106.0121,6.000,494.276,620.660,11.483,0.301,0.180
106.1115,7.000,501.966,610.417,20.450,6.632,0.180
106.2125,8.000,504.556,605.058,24.425,7.965,0.180
106.3119,8.000,498.632,611.627,18.178,1.677,0.180
106.4096,9.000,504.998,602.209,26.070,6.921,0.180
106.5185,10.000,507.157,596.856,29.826,8.026,0.180
106.6184,10.000,501.016,603.283,23.542,1.690,0.180
106.7156,10.000,499.856,604.686,22.260,0.356,0.180
106.8125,9.000,489.356,612.992,12.858,-6.494,0.180
106.9106,9.000,495.097,608.386,18.031,-1.367,0.180
107.0184,9.000,496.706,607.743,19.157,-0.288,0.180
107.1153,9.000,497.390,607.879,19.431,-0.061,0.180
107.2167,8.000,487.459,616.106,10.352,-6.581,0.180
107.3131,8.000,493.473,611.645,15.589,-1.386,0.180
107.4089,8.000,522.740,613.609,18.040,-0.286,0.320
107.5094,7.000,532.752,632.758,3.950,-11.615,0.320
107.6174,7.000,566.383,631.689,13.207,-2.397,0.320
107.7142,6.000,575.988,652.375,0.787,-12.050,0.320
107.8101,5.000,592.752,666.973,-3.977,-14.042,0.320
107.9168,4.000,610.670,681.328,-7.165,-14.453,0.320
108.0158,3.000,628.550,696.495,-10.033,-14.538,0.320
108.1145,1.000,630.746,725.844,-27.201,-26.111,0.320
108.2132,-0.000,657.879,734.138,-20.833,-16.944,0.320
108.3131,-1.000,676.583,749.481,-21.747,-15.052,0.320
108.4101,-3.000,676.524,778.576,-38.529,-26.217,0.320
108.5103,-5.000,684.354,798.520,-46.461,-28.521,0.320
108.6183,-6.000,709.466,803.952,-38.215,-17.441,0.320
108.7154,-8.000,708.934,830.540,-53.129,-26.710,0.320
108.8128,-10.000,715.138,849.579,-60.697,-28.623,0.320
108.9099,-12.000,722.330,866.938,-66.759,-29.017,0.320
109.0083,-14.000,729.383,883.847,-72.519,-29.099,0.320
109.1075,-16.000,736.115,900.578,-78.225,-29.116,0.320
109.2148,-17.000,758.812,904.759,-69.569,-17.564,0.320
109.3113,-19.000,755.915,930.597,-84.447,-26.735,0.320
109.4081,-21.000,760.154,948.953,-91.939,-28.628,0.320
109.5172,-23.000,765.683,965.725,-97.930,-29.018,0.320
109.6143,-25.000,771.341,982.117,-103.610,-29.099,0.320
109.7115,-27.000,776.909,998.385,-109.227,-29.116,0.320
109.8102,-28.000,798.636,1002.154,-100.475,-17.564,0.320
109.9093,-29.000,811.215,1015.181,-100.891,-15.180,0.320
110.0073,-29.000,838.197,1017.740,-88.844,-3.132,0.320
110.1154,-30.000,839.488,1042.492,-100.713,-12.202,0.320
110.2147,-31.000,832.055,1044.166,-105.385,-14.073,0.320
110.3119,-33.000,809.826,1056.819,-122.927,-26.015,0.320
110.4190,-34.000,813.214,1047.453,-116.635,-16.924,0.320
110.5166,-34.000,825.677,1032.907,-103.204,-3.492,0.320
110.6170,-34.000,827.625,1029.189,-100.432,-0.721,0.320
110.7130,-35.000,811.222,1040.248,-114.216,-11.704,0.320
110.8116,-36.000,803.509,1042.578,-119.282,-13.971,0.320
110.9089,-36.000,813.847,1030.665,-108.194,-2.883,0.320
111.0069,-37.000,799.222,1040.111,-120.262,-12.150,0.320
111.1094,-36.000,821.467,1014.304,-96.263,9.048,0.320
111.2073,-38.000,781.744,1046.319,-132.155,-21.244,0.320
111.3124,-37.000,811.624,1013.727,-100.939,7.172,0.320
111.4091,-35.000,832.847,988.879,-77.920,24.591,0.320
111.5071,-34.000,828.080,994.405,-83.081,16.630,0.320
111.6159,-31.000,856.543,963.107,-53.213,38.098,0.320
111.7129,-27.000,882.714,934.886,-26.028,54.084,0.320
111.8101,-21.000,924.581,890.317,17.182,80.493,0.320
111.9078,-16.000,934.845,884.956,24.987,74.388,0.320
112.0159,-13.000,925.151,907.338,8.943,50.016,0.320
112.1099,-10.000,935.124,910.669,12.258,44.988,0.320
112.2070,-9.000,922.803,941.138,-9.141,20.839,0.320
112.3147,-7.000,941.994,936.054,2.992,27.411,0.320
112.4117,-6.000,942.480,951.399,-4.441,17.212,0.320
112.5101,-5.000,950.298,957.877,-3.774,15.107,0.320
112.6190,-4.000,959.139,962.027,-1.430,14.673,0.320
112.7169,-4.000,954.495,980.714,-13.098,3.028,0.320
112.8145,-3.000,971.321,973.665,-1.162,12.180,0.320
112.9113,-3.000,967.293,989.002,-10.846,2.513,0.320
113.0078,-3.000,970.090,995.819,-12.858,0.519,0.320
113.1166,-3.000,973.748,1000.332,-13.286,0.107,0.320
113.2162,-3.000,977.120,1003.906,-13.388,0.022,0.320
113.3128,-2.000,993.320,991.450,0.939,11.560,0.320
113.4111,-2.000,987.226,1003.726,-8.247,2.385,0.320
113.5092,-2.000,987.949,1008.258,-10.151,0.492,0.320
113.6072,-1.000,1003.062,995.451,3.808,11.657,0.320
113.7056,-1.000,996.286,1007.189,-5.449,2.405,0.320
113.8136,-1.000,996.480,1011.211,-7.364,0.496,0.320
113.9097,-0.000,1011.154,997.961,6.598,11.658,0.320
114.0056,-0.000,1004.007,1009.319,-2.655,2.406,0.320
114.1123,-0.000,1003.887,1013.017,-4.564,0.496,0.320
114.2099,1.000,1017.456,998.651,9.403,11.658,0.320
114.3093,1.000,1009.370,1009.058,0.157,2.406,0.320
114.4066,1.000,1008.453,1011.949,-1.747,0.496,0.320
114.5130,1.000,1008.904,1013.176,-2.135,0.102,0.320
114.6116,1.000,1009.541,1013.964,-2.211,0.021,0.320
114.7069,1.000,1010.136,1014.581,-2.222,0.004,0.320
114.8129,2.000,1023.094,998.813,12.141,11.556,0.320
114.9083,2.000,1014.240,1008.279,2.981,2.385,0.320
115.0143,2.000,1012.618,1010.421,1.099,0.492,0.320
115.1114,3.000,1024.901,994.740,15.081,11.657,0.320
115.2098,3.000,1015.722,1004.030,5.846,2.405,0.320
115.3073,3.000,1013.877,1005.970,3.954,0.496,0.320
115.4061,3.000,1013.540,1006.387,3.577,0.102,0.320
115.5051,4.000,1025.951,990.205,17.873,11.577,0.320
115.6137,5.000,1029.124,982.986,23.069,13.944,0.320
115.7103,5.000,1017.866,993.806,12.030,2.877,0.320
115.8088,5.000,1015.424,995.875,9.774,0.594,0.320
115.9066,5.000,1014.822,996.160,9.331,0.123,0.320
116.0049,5.000,1014.618,996.094,9.262,0.025,0.320
116.1151,5.000,1014.511,995.972,9.270,0.005,0.320
116.2132,5.000,1014.438,995.851,9.294,0.001,0.320
116.3113,6.000,1026.823,979.459,23.682,11.556,0.320
116.4095,6.000,1017.483,988.395,14.544,2.385,0.320
116.5059,6.000,1015.453,990.082,12.685,0.492,0.320
116.6144,6.000,1014.949,990.292,12.329,0.102,0.320
116.7130,5.000,999.337,1003.496,-2.080,-11.535,0.320
116.8110,5.000,1008.996,994.790,7.103,-2.380,0.320
116.9077,5.000,1011.318,993.278,9.020,-0.491,0.320
117.0076,5.000,1012.080,993.204,9.438,-0.101,0.320
117.1069,4.000,997.040,1006.670,-4.815,-11.576,0.320
117.2082,4.000,1007.080,998.290,4.395,-2.389,0.320
117.3062,4.000,1009.705,997.078,6.313,-0.493,0.320
117.4053,4.000,1010.719,997.265,6.727,-0.102,0.320
117.5150,3.000,995.891,1010.953,-7.531,-11.577,0.320
117.6121,3.000,1006.111,1002.764,1.673,-2.389,0.320
117.7104,3.000,1008.887,1001.715,3.586,-0.493,0.320
117.8099,2.000,994.587,1015.321,-10.367,-11.657,0.320
117.9088,2.000,1005.056,1007.264,-1.104,-2.405,0.320
118.0080,2.000,1008.001,1006.369,0.816,-0.496,0.320
118.1088,2.000,1009.278,1006.835,1.221,-0.102,0.320
118.2070,2.000,1010.110,1007.483,1.314,-0.021,0.320
118.3148,2.000,1010.768,1008.084,1.342,-0.004,0.320
118.4130,2.000,1011.317,1008.604,1.357,-0.001,0.320
118.5100,3.000,1024.225,992.766,15.730,11.555,0.320
118.6077,3.000,1015.326,1002.175,6.575,2.384,0.320
118.7049,3.000,1013.666,1004.267,4.700,0.492,0.320
118.8065,3.000,1013.477,1004.824,4.326,0.102,0.320
118.9055,3.000,1013.569,1005.044,4.262,0.021,0.320
119.0042,2.000,998.261,1018.458,-10.099,-11.551,0.320
119.1135,2.000,1008.135,1009.974,-0.920,-2.384,0.320
119.2121,2.000,1010.628,1008.662,0.983,-0.492,0.320
119.3109,2.000,1011.532,1008.763,1.385,-0.101,0.320
119.4090,2.000,1012.051,1009.098,1.476,-0.021,0.320
119.5066,2.000,1012.441,1009.433,1.504,-0.004,0.320
119.6056,2.000,1012.764,1009.726,1.519,-0.001,0.320
119.7060,3.000,1025.479,993.695,15.892,11.555,0.320
119.8038,3.000,1016.416,1002.940,6.738,2.384,0.320
119.9121,3.000,1014.618,1004.893,4.862,0.492,0.320
120.0119,3.000,1014.309,1005.332,4.489,0.102,0.320
120.1086,3.000,1014.301,1005.452,4.425,0.021,0.320
120.2075,4.000,1026.790,989.218,18.786,11.560,0.320
120.3063,4.000,1017.546,998.278,9.634,2.385,0.320
120.4038,4.000,1015.598,1000.071,7.763,0.492,0.320
120.5116,4.000,1015.163,1000.373,7.395,0.102,0.320
120.6072,4.000,1015.048,1000.375,7.337,0.021,0.320
120.7067,4.000,1015.006,1000.321,7.343,0.004,0.320
120.8066,4.000,1014.985,1000.262,7.362,0.001,0.320
120.9059,5.000,1027.413,983.924,21.744,11.556,0.320
121.0031,5.000,1018.108,992.906,12.601,2.385,0.320
121.1116,5.000,1016.107,994.633,10.737,0.492,0.320
121.2087,5.000,1015.627,994.879,10.374,0.102,0.320
121.3043,5.000,1015.476,994.833,10.322,0.021,0.320
121.4066,5.000,995.803,992.472,1.666,0.006,0.180
121.5053,5.000,984.530,981.197,1.666,0.002,0.180
121.6025,5.000,973.040,969.701,1.669,0.000,0.180
121.7105,5.000,961.366,958.018,1.674,0.000,0.180
121.8082,5.000,949.533,946.177,1.678,0.000,0.180
121.9062,5.000,937.567,934.202,1.682,0.000,0.180
122.0047,5.000,925.486,922.112,1.687,0.000,0.180
122.1026,6.000,913.484,906.628,3.428,1.286,0.180
122.2105,6.000,900.481,895.450,2.515,0.367,0.180
122.3102,6.000,888.037,883.520,2.258,0.105,0.180
122.4084,6.000,875.698,871.321,2.189,0.030,0.180
122.5053,6.000,863.344,858.999,2.173,0.009,0.180
122.6125,7.000,851.122,843.305,3.908,1.288,0.180
122.7102,7.000,837.934,831.945,2.995,0.368,0.180
122.8069,7.000,825.335,819.859,2.738,0.105,0.180
122.9032,7.000,812.865,807.527,2.669,0.030,0.180
123.0109,7.000,800.400,795.091,2.654,0.009,0.180
123.1082,8.000,788.083,779.302,4.391,1.288,0.180
123.2062,8.000,774.815,767.860,3.478,0.368,0.180
123.3037,8.000,762.148,755.704,3.222,0.105,0.180
123.4120,8.000,749.621,743.312,3.154,0.030,0.180
123.5104,9.000,737.282,727.529,4.877,1.294,0.180
123.6075,9.000,724.005,716.084,3.960,0.370,0.180
123.7047,9.000,711.332,703.923,3.704,0.106,0.180
123.8116,9.000,698.800,691.526,3.637,0.030,0.180
123.9103,9.000,686.282,679.035,3.623,0.009,0.180
124.0075,9.000,673.745,666.495,3.625,0.002,0.180
124.1035,9.000,661.184,653.920,3.632,0.001,0.180
124.2108,9.000,648.599,641.320,3.639,0.000,0.180
124.3074,9.000,635.993,628.699,3.647,0.000,0.180
124.4041,9.000,623.370,616.060,3.655,0.000,0.180
124.5116,10.000,610.908,600.109,5.400,1.286,0.180
124.6090,10.000,597.514,588.533,4.491,0.367,0.180
124.7062,10.000,584.738,576.264,4.237,0.105,0.180
124.8042,10.000,572.118,563.776,4.171,0.030,0.180
124.9036,11.000,572.434,560.643,5.895,1.294,0.180
125.0016,11.000,571.822,561.861,4.981,0.370,0.180
125.1105,11.000,571.826,562.372,4.727,0.106,0.180
125.2088,11.000,571.979,562.657,4.661,0.030,0.180
125.3090,12.000,572.330,559.558,6.386,1.294,0.180
125.4069,12.000,571.748,560.804,5.472,0.370,0.180
125.5060,12.000,571.777,561.340,5.219,0.106,0.180
125.6084,13.000,572.129,558.348,6.891,1.316,0.180
125.7070,13.000,571.579,559.654,5.963,0.376,0.180
125.8043,13.000,571.643,560.232,5.706,0.107,0.180
125.9034,13.000,571.852,560.570,5.641,0.031,0.180
126.0014,13.000,572.073,560.812,5.631,0.009,0.180
126.1105,13.000,572.276,561.004,5.636,0.003,0.180
126.2067,14.000,572.630,557.865,7.382,1.286,0.180
126.3039,14.000,572.041,559.088,6.476,0.368,0.180
126.4014,14.000,572.060,559.607,6.226,0.105,0.180
126.5124,14.000,572.226,559.898,6.164,0.030,0.180
126.6105,15.000,572.588,556.805,7.892,1.294,0.180
126.7084,15.000,572.017,558.055,6.981,0.370,0.180
126.8065,15.000,572.054,558.594,6.730,0.106,0.180
126.9048,16.000,572.009,556.009,8.000,1.316,0.180
127.0020,16.000,571.871,556.913,7.479,0.376,0.180
127.1109,16.000,571.942,557.492,7.225,0.107,0.180
127.2075,16.000,572.156,557.830,7.163,0.031,0.180
127.3048,17.000,571.668,555.668,8.000,1.294,0.180
127.4016,17.000,572.024,556.059,7.982,0.370,0.180
127.5007,17.000,572.092,556.625,7.734,0.106,0.180
127.6092,17.000,572.302,556.955,7.673,0.030,0.180
127.7073,17.000,572.525,557.191,7.667,0.009,0.180
127.8044,17.000,572.729,557.377,7.676,0.002,0.180
127.9015,17.000,572.909,557.529,7.690,0.001,0.180
128.0007,16.000,569.888,557.952,5.968,-1.286,0.180
128.1092,16.000,571.216,557.415,6.901,-0.367,0.180
128.2082,16.000,571.829,557.475,7.177,-0.105,0.180
128.3071,15.000,569.028,557.968,5.530,-1.316,0.180
128.4053,15.000,570.500,557.534,6.483,-0.376,0.180
128.5053,15.000,571.224,557.693,6.765,-0.107,0.180
128.6028,15.000,571.689,557.978,6.856,-0.031,0.180
128.7006,15.000,572.043,558.261,6.891,-0.009,0.180
128.8106,15.000,572.334,558.512,6.911,-0.003,0.180
128.9090,14.000,569.403,559.024,5.189,-1.286,0.180
129.0059,14.000,570.806,558.564,6.121,-0.368,0.180
129.1008,14.000,571.482,558.690,6.396,-0.105,0.180
129.2095,14.000,571.910,558.943,6.484,-0.030,0.180
129.3069,14.000,572.234,559.199,6.518,-0.009,0.180
129.4051,14.000,572.499,559.426,6.536,-0.002,0.180
129.5053,13.000,569.546,559.918,4.814,-1.286,0.180
129.6022,13.000,570.931,559.441,5.745,-0.368,0.180
129.7100,13.000,571.591,559.553,6.019,-0.105,0.180
129.8073,13.000,572.005,559.794,6.106,-0.030,0.180
129.9043,13.000,572.317,560.040,6.139,-0.009,0.180
130.0042,12.000,569.396,560.556,4.420,-1.288,0.180
130.1033,12.000,570.804,560.102,5.351,-0.368,0.180
130.1991,12.000,571.483,560.234,5.625,-0.105,0.180
130.3087,12.000,571.914,560.493,5.711,-0.030,0.180
130.4061,12.000,572.240,560.754,5.743,-0.009,0.180
130.5044,11.000,569.329,561.283,4.023,-1.288,0.180
130.6023,11.000,570.747,560.841,4.953,-0.368,0.180
130.6999,11.000,571.434,560.983,5.226,-0.105,0.180
130.8095,11.000,571.872,561.250,5.311,-0.030,0.180
130.9084,11.000,572.203,561.518,5.342,-0.009,0.180
131.0078,10.000,569.297,562.054,3.622,-1.288,0.180
131.1058,10.000,570.719,561.617,4.551,-0.368,0.180
131.2021,10.000,571.409,561.764,4.823,-0.105,0.180
131.3007,9.000,568.672,562.332,3.170,-1.316,0.180
131.4089,9.000,570.199,561.962,4.118,-0.376,0.180
131.5092,9.000,570.967,562.177,4.395,-0.107,0.180
131.6073,8.000,568.293,562.807,2.743,-1.316,0.180
131.7049,7.000,566.695,562.787,1.954,-1.662,0.180
131.7995,7.000,568.701,562.407,3.147,-0.475,0.180
131.9102,7.000,569.737,562.752,3.493,-0.136,0.180
132.0081,6.000,567.251,563.532,1.859,-1.324,0.180
132.1060,5.000,565.801,563.653,1.074,-1.664,0.180
132.2028,5.000,567.929,563.394,2.267,-0.475,0.180
132.2986,4.000,565.891,564.141,0.875,-1.422,0.180
132.4083,4.000,567.861,564.074,1.894,-0.406,0.180
132.5051,4.000,568.963,564.588,2.187,-0.116,0.180
132.6036,3.000,566.561,565.486,0.537,-1.319,0.180
132.7017,3.000,568.366,565.401,1.482,-0.377,0.180
132.7979,3.000,569.369,565.861,1.754,-0.108,0.180
132.9077,3.000,570.070,566.403,1.833,-0.031,0.180
133.0062,4.000,570.799,563.610,3.595,1.277,0.180
133.1021,5.000,570.691,561.845,4.423,1.651,0.180
133.2021,5.000,570.220,563.723,3.248,0.472,0.180
133.3002,6.000,570.662,561.357,4.653,1.420,0.180
133.3981,6.000,570.335,563.048,3.644,0.406,0.180
133.5071,7.000,570.807,560.616,5.096,1.402,0.180
133.6079,8.000,570.656,558.981,5.837,1.686,0.180
133.7073,9.000,570.376,557.623,6.377,1.767,0.180
133.8053,10.000,570.102,556.384,6.859,1.791,0.180
133.9030,10.000,569.690,558.512,5.589,0.512,0.180
134.0006,11.000,570.238,556.300,6.969,1.432,0.180
134.0996,12.000,570.195,554.810,7.693,1.695,0.180
134.1978,13.000,569.791,553.791,8.000,1.770,0.180
134.3075,13.000,569.663,555.709,6.977,0.506,0.180
134.4059,14.000,569.887,553.887,8.000,1.430,0.180
134.5025,15.000,569.148,553.148,8.000,1.694,0.180
134.6081,15.000,569.914,554.124,7.895,0.484,0.180
134.7067,16.000,569.200,553.200,8.000,1.424,0.180
134.8038,16.000,570.004,554.004,8.000,0.407,0.180
134.8991,17.000,569.127,553.127,8.000,1.402,0.180
134.9980,18.000,568.322,552.322,8.000,1.686,0.180
135.1098,18.000,569.137,553.137,8.000,0.482,0.180
135.2079,19.000,568.270,552.270,8.000,1.423,0.180
135.3035,19.000,569.034,553.034,8.000,0.407,0.180
135.4015,20.000,568.122,552.122,8.000,1.402,0.180
135.4991,21.000,567.288,551.288,8.000,1.686,0.180
135.5972,21.000,568.078,552.078,8.000,0.482,0.180
135.7079,22.000,567.190,551.190,8.000,1.423,0.180
135.8045,22.000,567.935,551.935,8.000,0.407,0.180
135.9019,23.000,567.009,551.009,8.000,1.402,0.180
135.9978,23.000,567.721,551.721,8.000,0.401,0.180
136.0967,24.000,566.767,550.767,8.000,1.400,0.180
136.2058,24.000,567.456,551.456,8.000,0.400,0.180
136.3042,24.000,568.041,552.041,8.000,0.114,0.180
136.4019,25.000,566.979,550.979,8.000,1.318,0.180
136.4996,25.000,567.576,551.576,8.000,0.377,0.180
136.5976,25.000,568.083,552.083,8.000,0.108,0.180
136.7064,25.000,568.514,552.514,8.000,0.031,0.180
136.8034,26.000,567.321,551.321,8.000,1.294,0.180
136.9012,26.000,567.806,551.806,8.000,0.370,0.180
136.9978,27.000,566.659,550.659,8.000,1.391,0.180
137.1052,27.000,567.184,551.184,8.000,0.398,0.180
137.2030,27.000,567.630,551.630,8.000,0.114,0.180
137.3034,28.000,566.449,550.449,8.000,1.318,0.180
137.4017,28.000,566.946,550.946,8.000,0.377,0.180
137.4996,28.000,567.368,551.368,8.000,0.108,0.180
137.5973,29.000,566.166,550.166,8.000,1.316,0.180
137.7057,29.000,566.645,550.645,8.000,0.376,0.180
137.8043,30.000,565.492,549.492,8.000,1.393,0.180
137.9028,30.000,566.012,550.012,8.000,0.398,0.180
137.9998,30.000,566.454,550.454,8.000,0.114,0.180
138.0975,30.000,566.830,550.830,8.000,0.032,0.180
138.1963,30.000,567.149,551.149,8.000,0.009,0.180
138.3056,31.000,565.860,549.860,8.000,1.288,0.180
138.4031,31.000,566.265,550.265,8.000,0.368,0.180
138.5053,31.000,566.609,550.609,8.000,0.105,0.180
138.6044,31.000,566.901,550.901,8.000,0.030,0.180
138.7033,31.000,567.150,551.150,8.000,0.009,0.180
138.7990,31.000,567.361,551.361,8.000,0.002,0.180
138.8967,31.000,567.541,551.541,8.000,0.001,0.180
139.0044,31.000,567.693,551.693,8.000,0.000,0.180
139.1018,31.000,567.823,551.823,8.000,0.000,0.180
139.2007,31.000,567.933,551.933,8.000,0.000,0.180
139.2977,30.000,566.587,550.587,8.000,-1.286,0.180
139.4058,30.000,566.943,550.943,8.000,-0.367,0.180
139.5051,30.000,567.245,551.245,8.000,-0.105,0.180
139.6021,30.000,567.502,551.502,8.000,-0.030,0.180
139.7047,29.000,566.281,550.281,8.000,-1.294,0.180
139.8017,29.000,566.742,550.742,8.000,-0.370,0.180
139.9007,29.000,567.135,551.135,8.000,-0.106,0.180
139.9986,29.000,567.468,551.468,8.000,-0.030,0.180
170.5697,27.000,945.050,-915.367,930.209,854.609,0.320
170.5905,27.000,432.622,-375.083,403.853,328.253,0.320
170.6866,27.000,185.256,-101.414,143.335,67.735,0.320
170.7836,27.000,143.990,-35.164,89.577,13.977,0.320
170.8914,26.000,130.473,2.216,64.129,-8.671,0.320
170.9888,25.000,134.454,21.144,56.655,-13.345,0.320
171.0879,25.000,156.095,21.602,67.246,-2.754,0.320
171.1857,25.000,168.986,30.122,69.432,-0.568,0.320
171.2842,25.000,179.849,40.083,69.883,-0.117,0.320
171.3928,24.000,175.750,64.510,55.620,-11.580,0.320
171.4905,24.000,196.630,67.009,64.811,-2.389,0.320
171.5886,24.000,210.849,77.435,66.707,-0.493,0.320
171.6874,23.000,208.667,103.182,52.743,-11.657,0.320
171.7850,23.000,231.821,107.832,61.995,-2.405,0.320
171.8841,23.000,247.934,120.127,63.904,-0.496,0.320
171.9942,23.000,262.789,134.194,64.298,-0.102,0.320
172.0918,22.000,262.114,162.067,50.023,-11.577,0.320
172.1898,21.000,271.313,181.601,44.856,-13.944,0.320
172.2898,21.000,298.478,186.633,55.923,-2.877,0.320
172.3852,21.000,316.833,200.421,58.206,-0.594,0.320
172.4839,20.000,317.917,229.273,44.322,-11.678,0.320
172.5925,19.000,328.466,249.784,39.341,-13.965,0.320
172.6883,19.000,356.744,255.682,50.531,-2.882,0.320
172.7881,18.000,360.609,283.482,38.563,-12.150,0.320
172.8858,17.000,372.256,304.364,33.946,-14.063,0.320
172.9833,16.000,385.783,324.101,30.841,-14.457,0.320
173.0843,16.000,415.371,330.562,42.405,-2.983,0.320
173.1921,15.000,420.096,359.094,30.501,-12.171,0.320
173.2889,15.000,447.861,367.372,40.244,-2.512,0.320
173.3902,14.000,452.202,396.281,27.961,-12.074,0.320
173.4864,13.000,464.441,417.921,23.260,-14.047,0.320
173.5838,13.000,493.948,424.985,34.481,-2.899,0.320
173.6926,12.000,498.810,453.823,22.494,-12.154,0.320
173.7905,11.000,511.292,475.601,17.845,-14.063,0.320
173.8874,11.000,540.962,482.825,29.068,-2.902,0.320
173.9852,11.000,561.395,498.529,31.433,-0.599,0.320
174.0839,9.000,548.794,542.299,3.248,-23.235,0.320
174.1923,9.000,585.920,542.443,21.738,-4.794,0.320
174.2907,8.000,592.561,570.095,11.233,-12.545,0.320
174.3899,7.000,605.583,591.837,6.873,-14.144,0.320
174.4912,6.000,620.068,612.516,3.776,-14.474,0.320
174.5898,5.000,634.980,633.108,0.936,-14.542,0.320
174.6878,5.000,665.526,640.515,12.506,-3.001,0.320
174.7844,4.000,671.012,669.904,0.554,-12.175,0.320
174.8828,4.000,699.406,678.928,10.239,-2.512,0.320
174.9918,3.000,704.271,708.483,-2.106,-12.074,0.320
175.0897,2.000,716.945,730.681,-6.868,-14.047,0.320
175.1878,1.000,731.372,751.510,-10.069,-14.454,0.320
175.2867,1.000,761.720,758.904,1.408,-2.983,0.320
175.3838,-0.000,767.079,788.240,-10.581,-12.171,0.320
175.4824,-1.000,779.090,809.655,-15.282,-14.067,0.320
175.5917,-2.000,792.061,829.031,-18.485,-14.458,0.320
175.6908,-2.000,821.159,835.202,-7.021,-2.983,0.320
175.7908,-3.000,824.612,862.663,-19.026,-12.171,0.320
175.8890,-4.000,834.999,882.487,-23.744,-14.067,0.320
175.9886,-4.000,862.868,888.072,-12.602,-2.903,0.320
176.0861,-5.000,865.473,914.837,-24.682,-12.155,0.320
176.1848,-6.000,875.180,934.029,-29.424,-14.064,0.320
176.2844,-6.000,902.478,939.071,-18.296,-2.902,0.320
176.3834,-7.000,904.598,965.374,-30.388,-12.154,0.320
176.4921,-8.000,913.891,984.175,-35.142,-14.064,0.320
176.5896,-9.000,924.554,1001.327,-38.386,-14.458,0.320
176.6867,-9.000,951.687,1005.612,-26.963,-2.983,0.320
176.7844,-10.000,953.463,1031.475,-39.006,-12.171,0.320
176.8823,-10.000,962.785,1021.590,-29.403,-2.512,0.320
176.9827,-11.000,948.202,1031.855,-41.827,-12.074,0.320
177.0822,-12.000,941.106,1034.440,-46.667,-14.047,0.320
177.1905,-12.000,951.770,1022.942,-35.586,-2.899,0.320
177.2879,-13.000,937.368,1032.795,-47.714,-12.154,0.320
177.3866,-13.000,946.507,1022.789,-38.141,-2.508,0.320
177.4863,-13.000,948.057,1020.503,-36.223,-0.518,0.320
177.5867,-13.000,948.081,1019.852,-35.885,-0.107,0.320
177.6845,-14.000,931.546,1032.015,-50.234,-11.578,0.320
177.7835,-14.000,940.298,1022.547,-41.124,-2.389,0.320
177.8814,-14.000,941.811,1020.424,-39.307,-0.493,0.320
177.9895,-14.000,941.865,1019.853,-38.994,-0.102,0.320
178.0855,-14.000,941.648,1019.630,-38.991,-0.021,0.320
178.1826,-14.000,941.399,1019.505,-39.053,-0.004,0.320
178.2893,-14.000,941.165,1019.421,-39.128,-0.001,0.320
178.3885,-14.000,940.952,1019.364,-39.206,-0.000,0.320
178.4871,-13.000,954.040,1003.886,-24.923,11.556,0.320
178.5861,-13.000,945.281,1013.614,-34.167,2.384,0.320
178.6834,-13.000,943.727,1015.991,-36.132,0.492,0.320
178.7810,-12.000,956.895,1001.363,-22.234,11.657,0.320
178.8869,-12.000,948.456,1011.562,-31.553,2.405,0.320
178.9833,-11.000,960.508,998.844,-19.168,12.052,0.320
179.0830,-11.000,952.099,1009.688,-28.795,2.487,0.320
179.1829,-10.000,964.380,997.317,-16.469,12.069,0.320
179.2901,-10.000,956.207,1008.413,-26.103,2.490,0.320
179.3893,-10.000,955.417,1011.688,-28.136,0.514,0.320
179.4869,-9.000,969.290,997.767,-14.238,11.662,0.320
179.5852,-9.000,961.464,1008.552,-23.544,2.406,0.320
179.6844,-9.000,960.762,1011.770,-25.504,0.497,0.320
179.7833,-9.000,961.386,1013.284,-25.949,0.102,0.320
179.8809,-8.000,975.444,998.883,-11.719,11.577,0.320
179.9894,-8.000,967.566,1009.470,-20.952,2.389,0.320
180.0874,-7.000,980.057,997.121,-8.532,12.048,0.320
180.1880,-7.000,972.017,1008.283,-18.133,2.486,0.320
180.2881,-6.000,984.612,996.180,-5.784,12.069,0.320
180.3845,-6.000,976.709,1007.502,-15.396,2.490,0.320
180.4831,-6.000,976.152,1010.965,-17.406,0.514,0.320
180.5801,-5.000,990.227,997.200,-3.486,11.662,0.320
180.6874,-5.000,982.576,1008.115,-12.770,2.406,0.320
180.7854,-5.000,982.025,1011.440,-14.707,0.497,0.320
180.8825,-4.000,996.063,997.600,-0.768,11.658,0.320
180.9803,-4.000,988.372,1008.459,-10.043,2.406,0.320
181.0885,-4.000,987.787,1011.737,-11.975,0.496,0.320
181.1887,-3.000,1001.797,997.857,1.970,11.658,0.320
181.2856,-3.000,994.082,1008.681,-7.299,2.406,0.320
181.3834,-3.000,993.478,1011.928,-9.225,0.496,0.320
181.4795,-3.000,994.191,1013.463,-9.636,0.102,0.320
181.5870,-3.000,995.047,1014.516,-9.734,0.021,0.320
181.6855,-2.000,1009.107,999.920,4.594,11.560,0.320
181.7828,-2.000,1001.193,1010.377,-4.592,2.385,0.320
181.8789,-2.000,1000.370,1013.363,-6.497,0.492,0.320
181.9887,-2.000,1000.887,1014.684,-6.898,0.102,0.320
182.0875,-2.000,1001.576,1015.556,-6.990,0.021,0.320
182.1874,-2.000,1002.212,1016.248,-7.018,0.004,0.320
182.2880,-1.000,1016.043,1001.386,7.328,11.556,0.320
182.3855,-1.000,1007.927,1011.625,-1.849,2.385,0.320
182.4834,-1.000,1006.932,1014.426,-3.747,0.492,0.320
182.5800,-2.000,991.021,1028.030,-18.504,-11.454,0.320
182.6880,-1.000,1013.902,1004.030,4.936,9.192,0.320
182.7894,-2.000,991.344,1024.796,-16.726,-9.659,0.320
182.8870,-2.000,999.737,1017.880,-9.071,-1.993,0.320
182.9830,-1.000,1015.216,1001.496,6.860,11.144,0.320
183.0807,-1.000,1007.481,1011.461,-1.990,2.300,0.320
183.1794,-1.000,1006.599,1014.240,-3.821,0.475,0.320
183.2879,-0.000,1020.304,999.987,10.158,11.653,0.320
183.3889,-0.000,1012.322,1010.503,0.909,2.405,0.320
183.4869,1.000,1023.932,997.207,13.362,12.052,0.320
183.5858,1.000,1015.156,1007.550,3.803,2.487,0.320
183.6860,2.000,1026.295,993.903,16.196,12.069,0.320
183.7842,3.000,1029.603,987.623,20.990,14.046,0.320
183.8823,3.000,1018.709,998.991,9.859,2.898,0.320
183.9819,4.000,1029.068,985.194,21.937,12.154,0.320
184.0791,5.000,1031.925,978.576,26.675,14.063,0.320
184.1861,6.000,1033.134,973.329,29.902,14.458,0.320
184.2848,6.000,1021.478,984.554,18.462,2.983,0.320
184.3829,7.000,1031.401,970.424,30.489,12.171,0.320
184.4790,7.000,1021.493,979.756,20.868,2.512,0.320
184.5873,8.000,1031.735,965.184,33.275,12.074,0.320
184.6843,8.000,1021.857,974.382,23.738,2.491,0.320
184.7808,8.000,1019.636,976.025,21.805,0.514,0.320
184.8786,8.000,1019.027,976.143,21.442,0.106,0.320
184.9899,8.000,1018.779,975.973,21.403,0.022,0.320
185.0878,8.000,1018.629,975.768,21.430,0.005,0.320
185.1850,8.000,1018.519,975.576,21.471,0.001,0.320
185.2830,8.000,1018.435,975.404,21.515,0.000,0.320
185.3796,8.000,1018.370,975.250,21.560,0.000,0.320
185.4785,8.000,1018.322,975.113,21.605,0.000,0.320
185.5861,7.000,1002.847,988.270,7.288,-11.556,0.320
185.6844,7.000,1012.573,979.575,16.499,-2.384,0.320
185.7815,7.000,1014.942,978.081,18.430,-0.492,0.320
185.8818,7.000,1015.744,978.024,18.860,-0.102,0.320
185.9793,6.000,1000.739,991.501,4.619,-11.577,0.320
186.0781,6.000,1010.811,983.131,13.840,-2.389,0.320
186.1873,5.000,998.023,995.206,1.408,-12.048,0.320
186.2855,5.000,972.878,992.113,9.985,-2.537,0.180
186.3841,5.000,944.168,992.047,12.014,-0.534,0.180
186.4818,4.000,906.037,998.542,3.288,-6.681,0.180
186.5789,3.000,875.389,998.127,-0.591,-7.975,0.180
186.6874,3.000,858.370,986.967,5.721,-1.679,0.180
186.7849,3.000,837.804,978.806,7.062,-0.353,0.180
186.8831,3.000,817.401,970.016,7.356,-0.074,0.180
186.9795,3.000,797.806,960.022,7.431,-0.016,0.180
187.0787,4.000,786.413,937.890,16.632,6.565,0.180
187.1881,4.000,763.169,930.864,11.470,1.382,0.180
187.2846,4.000,744.653,918.875,10.400,0.291,0.180
187.3828,6.000,742.287,883.338,28.538,13.198,0.180
187.4810,6.000,715.393,879.239,18.150,2.779,0.180
187.5800,7.000,704.498,855.415,25.161,7.153,0.180
187.6876,8.000,690.465,834.563,28.724,8.074,0.180
187.7858,9.000,675.973,814.028,31.564,8.268,0.180
187.8856,10.000,661.557,793.296,34.257,8.309,0.180
187.9827,12.000,654.677,761.326,46.097,14.886,0.180
188.0790,13.000,635.374,745.232,43.580,9.702,0.180
188.1864,15.000,627.683,713.859,54.335,15.179,0.180
188.2838,16.000,608.397,697.569,51.603,9.764,0.180
188.3821,18.000,600.871,665.879,62.325,15.192,0.180
188.4808,19.000,581.757,649.284,59.598,9.767,0.180
188.5782,20.000,566.910,628.405,61.056,8.625,0.180
188.6869,21.000,553.034,606.538,63.416,8.384,0.180
188.7841,23.000,546.776,573.441,75.134,14.902,0.180
188.8840,24.000,528.024,556.367,72.537,9.706,0.180
188.9811,25.000,513.421,535.142,74.043,8.612,0.180
189.0792,26.000,515.326,529.240,76.413,8.381,0.180
189.1785,26.000,509.815,534.354,69.796,1.765,0.180
189.2770,27.000,516.730,523.501,77.571,6.940,0.180
189.3843,28.000,519.388,516.896,81.261,8.029,0.180
189.4819,30.000,528.409,500.319,93.259,14.827,0.180
189.5798,30.000,517.173,511.133,81.553,3.122,0.180
189.6772,31.000,522.477,501.871,88.257,7.226,0.180
189.7879,32.000,524.450,495.933,91.721,8.090,0.180
189.8769,33.000,525.665,490.748,94.503,8.271,0.180
189.9848,33.000,519.303,496.736,87.973,1.741,0.180
190.0821,33.000,518.071,497.649,86.598,0.367,0.180
190.1804,33.000,517.903,497.547,86.309,0.077,0.180
190.2786,33.000,517.946,497.274,86.248,0.016,0.180
190.3766,32.000,507.652,504.972,77.067,-6.565,0.180
190.4839,33.000,520.758,489.060,91.418,5.186,0.180
190.5803,33.000,517.105,493.328,87.323,1.092,0.180
190.6785,33.000,516.618,494.337,86.461,0.230,0.180
190.7760,33.000,516.756,494.644,86.280,0.048,0.180
190.8848,33.000,516.988,494.789,86.242,0.010,0.180
190.9827,34.000,524.579,483.919,95.402,6.571,0.180
191.0810,34.000,519.558,489.153,90.215,1.383,0.180
191.1790,34.000,518.607,490.285,89.123,0.291,0.180
191.2753,34.000,518.497,490.549,88.893,0.061,0.180
191.3847,34.000,518.550,490.626,88.845,0.013,0.180
191.4824,34.000,518.626,490.661,88.834,0.003,0.180
191.5803,34.000,518.698,490.684,88.832,0.001,0.180
191.6778,34.000,518.760,490.702,88.832,0.000,0.180
191.7764,34.000,518.813,490.717,88.832,0.000,0.180
191.8825,34.000,518.858,490.730,88.832,0.000,0.180
191.9804,33.000,508.528,498.709,79.663,-6.568,0.180
192.0788,33.000,514.226,494.013,84.849,-1.383,0.180
192.1764,33.000,515.754,493.337,85.940,-0.291,0.180
192.2831,33.000,516.354,493.461,86.170,-0.061,0.180
192.3818,32.000,506.349,501.681,77.050,-6.581,0.180
192.4798,31.000,501.924,505.189,73.078,-7.954,0.180
192.5769,31.000,509.319,500.015,79.357,-1.675,0.180
192.6769,30.000,501.221,507.600,71.511,-6.921,0.180
192.7845,30.000,507.970,503.415,76.975,-1.457,0.180
192.8835,29.000,499.845,511.320,68.956,-6.875,0.180
192.9819,28.000,496.314,515.264,65.216,-8.016,0.180
193.0823,28.000,504.320,510.609,71.544,-1.688,0.180
193.1798,27.000,496.710,518.667,63.708,-6.924,0.180
193.2794,26.000,493.499,522.858,60.006,-8.026,0.180
193.3758,25.000,491.386,526.406,57.173,-8.258,0.180
193.4757,24.000,489.647,529.963,54.525,-8.307,0.180
193.5743,23.000,488.111,533.645,51.914,-8.317,0.180
193.6807,22.000,486.722,537.458,49.312,-8.319,0.180
193.7773,21.000,485.452,541.388,46.712,-8.320,0.180
193.8886,19.000,474.014,553.288,35.042,-14.888,0.180
193.9845,18.000,478.690,552.605,37.721,-9.703,0.180
194.0803,17.000,479.267,556.021,36.301,-8.611,0.180
194.1783,16.000,478.978,560.304,34.014,-8.381,0.180
194.2763,15.000,478.502,564.775,31.541,-8.333,0.180
194.3747,13.000,467.609,577.264,19.850,-14.891,0.180
194.4826,13.000,483.112,569.118,31.674,-3.135,0.180
194.5815,12.000,478.407,577.675,25.043,-7.228,0.180
194.6788,10.000,466.567,590.991,12.465,-14.659,0.180
194.7776,8.000,461.071,598.940,5.742,-16.223,0.180
194.8762,6.000,457.216,606.081,0.244,-16.552,0.180
194.9741,5.000,464.338,605.352,4.169,-10.053,0.180
195.0837,3.000,455.770,617.554,-6.216,-15.253,0.180
195.1812,2.000,461.999,618.014,-3.332,-9.780,0.180
195.2801,-0.000,453.326,630.573,-13.948,-15.196,0.180
195.3789,-2.000,448.026,637.975,-20.298,-16.336,0.180
195.4766,-4.000,442.859,643.729,-25.759,-16.576,0.180
195.5752,-6.000,437.227,648.661,-31.041,-16.627,0.180
195.6737,-9.000,420.103,660.389,-45.467,-23.206,0.180
195.7820,-11.000,418.637,659.069,-45.541,-18.022,0.180
195.8796,-14.000,401.702,668.835,-58.891,-23.499,0.180
195.9756,-16.000,399.688,666.556,-58.758,-18.084,0.180
196.0833,-18.000,393.110,668.285,-62.912,-16.944,0.180
196.1812,-20.000,385.489,670.584,-67.872,-16.704,0.180
196.2795,-22.000,377.478,672.872,-73.021,-16.653,0.180
196.3772,-23.000,380.224,667.660,-69.042,-10.074,0.180
196.4747,-25.000,366.693,674.896,-79.426,-15.258,0.180
196.5826,-26.000,368.095,670.544,-76.549,-9.781,0.180
196.6805,-28.000,354.126,677.805,-87.164,-15.196,0.180
196.7771,-29.000,355.303,673.325,-84.336,-9.768,0.180
196.8755,-30.000,352.142,673.079,-85.793,-8.625,0.180
196.9737,-31.000,348.035,673.691,-88.152,-8.384,0.180
197.0824,-32.000,343.700,674.454,-90.702,-8.334,0.180
197.1804,-34.000,328.325,682.594,-102.459,-14.891,0.180
197.2770,-35.000,329.037,678.131,-99.871,-9.703,0.180
197.3781,-36.000,325.635,677.745,-101.379,-8.611,0.180
197.4765,-37.000,321.356,678.205,-103.749,-8.381,0.180
197.5734,-38.000,316.881,678.834,-106.301,-8.333,0.180
197.6810,-39.000,312.356,679.489,-108.891,-8.323,0.180
197.7779,-40.000,307.814,680.142,-111.489,-8.321,0.180
197.8747,-41.000,303.261,680.788,-114.088,-8.320,0.180
197.9746,-43.000,287.733,688.797,-125.856,-14.888,0.180
198.0832,-44.000,288.322,684.215,-123.271,-9.703,0.180
198.1822,-45.000,284.818,683.727,-124.779,-8.611,0.180
198.2824,-46.000,280.450,684.100,-127.149,-8.381,0.180
198.3785,-47.000,275.901,684.654,-129.701,-8.333,0.180
198.4749,-47.000,282.282,677.878,-123.122,-1.754,0.180
198.5825,-48.000,272.530,683.693,-130.906,-6.938,0.180
198.6809,-49.000,266.866,685.411,-134.597,-8.029,0.180
198.7800,-49.000,273.028,678.895,-128.258,-1.690,0.180
198.8787,-50.000,263.243,684.779,-136.092,-6.924,0.180
198.9773,-50.000,268.552,679.154,-130.626,-1.458,0.180
199.0730,-50.000,269.568,677.869,-129.475,-0.307,0.180
199.1808,-51.000,258.728,684.881,-138.401,-6.633,0.180
199.2788,-51.000,263.838,679.518,-133.164,-1.396,0.180
199.3751,-51.000,264.832,678.307,-132.062,-0.294,0.180
199.4733,-51.000,264.973,677.984,-131.830,-0.062,0.180
199.5808,-51.000,264.944,677.857,-131.781,-0.013,0.180
199.6788,-51.000,264.888,677.780,-131.771,-0.003,0.180
199.7777,-52.000,253.865,685.090,-140.937,-6.569,0.180
199.8753,-52.000,258.973,679.826,-135.751,-1.383,0.180
199.9744,-61.000,161.283,744.984,-217.175,-59.407,0.180
200.0731,-61.000,207.857,697.757,-170.275,-12.507,0.180
200.1810,-61.000,217.453,687.606,-160.401,-2.633,0.180
200.2772,-62.000,208.328,692.660,-167.491,-7.123,0.180
200.3776,-62.000,213.721,686.807,-161.868,-1.500,0.180
200.4738,-62.000,214.709,685.427,-160.684,-0.316,0.180
200.5818,-62.000,214.791,685.011,-160.434,-0.066,0.180
200.6798,-61.000,222.671,674.449,-151.214,6.554,0.180
200.7811,-61.000,217.856,679.983,-156.388,1.380,0.180
200.8795,-51.000,296.757,577.694,-65.793,65.975,0.180
200.9774,-51.000,249.731,634.840,-117.879,13.889,0.180
201.0753,-51.000,243.067,650.106,-128.844,2.924,0.180
201.1719,-51.000,244.414,656.070,-131.152,0.616,0.180
201.2788,-50.000,255.004,649.295,-122.470,6.698,0.180
201.3755,-50.000,252.837,657.704,-127.758,1.410,0.180
201.4742,-50.000,254.377,661.471,-128.871,0.297,0.180
201.5733,-50.000,256.398,663.960,-129.106,0.062,0.180
201.6808,-49.000,266.234,655.558,-119.986,6.582,0.180
201.7771,-49.000,263.147,662.863,-125.182,1.386,0.180
201.8757,-49.000,263.846,665.750,-126.276,0.292,0.180
201.9748,-49.000,265.140,667.504,-126.507,0.061,0.180
202.0727,-48.000,274.355,658.480,-117.387,6.581,0.180
202.1811,-47.000,278.709,654.888,-113.414,7.954,0.180
202.2776,-47.000,274.254,662.992,-119.693,1.675,0.180
202.3762,-47.000,274.482,665.864,-121.015,0.353,0.180
202.4748,-46.000,283.490,657.092,-112.125,6.643,0.180
202.5712,-46.000,279.846,663.936,-117.370,1.398,0.180
202.6800,-45.000,288.070,656.032,-109.305,6.863,0.180
202.7772,-44.000,292.257,652.717,-105.555,8.013,0.180
202.8774,-44.000,287.801,660.914,-111.881,1.687,0.180
202.9742,-43.000,296.028,653.468,-104.044,6.924,0.180
203.0720,-41.000,308.330,640.029,-91.174,14.594,0.180
203.1713,-40.000,307.294,643.699,-93.527,9.641,0.180
203.2710,-39.000,310.270,643.561,-91.970,8.598,0.180
203.3791,-38.000,314.157,642.687,-89.589,8.379,0.180
203.4781,-37.000,318.291,641.714,-87.036,8.332,0.180
203.5796,-35.000,330.493,630.398,-75.277,14.891,0.180
203.6777,-33.000,338.051,624.794,-68.696,16.272,0.180
203.7776,-31.000,344.972,620.734,-63.206,16.562,0.180
203.8768,-30.000,344.080,627.657,-67.113,10.055,0.180
203.9738,-28.000,356.142,618.922,-56.714,15.254,0.180
204.0792,-27.000,356.482,625.010,-59.588,9.780,0.180
204.1754,-25.000,368.930,616.226,-48.972,15.196,0.180
204.2718,-23.000,377.427,612.043,-42.632,16.336,0.180
204.3804,-21.000,385.301,609.036,-37.192,16.576,0.180
204.4764,-20.000,385.252,616.822,-41.110,10.058,0.180
204.5729,-18.000,397.942,608.908,-30.807,15.254,0.180
204.6712,-17.000,398.809,615.701,-33.770,9.780,0.180
204.7700,-16.000,403.729,617.892,-32.406,8.627,0.180
204.8787,-15.000,409.331,618.935,-30.126,8.385,0.180
204.9768,-13.000,422.904,609.209,-18.477,14.902,0.180
205.0742,-12.000,423.681,615.303,-21.136,9.706,0.180
205.1722,-12.000,420.376,627.448,-28.860,2.043,0.180
205.2794,-11.000,430.431,622.507,-21.362,6.999,0.180
205.3766,-10.000,436.496,621.389,-17.771,8.042,0.180
205.4748,-9.000,441.671,621.018,-14.998,8.261,0.180
205.5722,-8.000,446.618,620.756,-12.394,8.308,0.180
205.6718,-6.000,459.455,610.100,-0.647,14.886,0.180
205.7708,-5.000,459.573,615.436,-3.256,9.702,0.180
205.8803,-3.000,471.652,606.193,7.405,15.179,0.180
205.9781,-0.000,487.779,591.277,22.927,22.901,0.180
206.0742,1.000,482.088,603.397,14.021,11.390,0.180
206.1732,4.000,499.454,583.695,32.555,22.103,0.180
206.2705,6.000,500.280,582.685,33.473,17.790,0.180
206.3774,9.000,511.309,566.699,46.981,23.451,0.180
206.4743,10.000,502.609,576.585,37.687,11.505,0.180
206.5720,12.000,510.329,565.673,47.003,15.559,0.180
206.6701,14.000,514.499,557.591,53.130,16.412,0.180
206.7785,15.000,510.325,560.838,49.419,10.024,0.180
206.8765,16.000,510.970,558.807,50.757,8.679,0.180
206.9740,18.000,519.859,544.538,62.336,14.964,0.180
207.0718,19.000,516.227,545.999,59.790,9.719,0.180
207.1706,19.000,509.230,554.149,52.216,2.046,0.180
207.2784,20.000,515.473,545.287,59.769,6.999,0.180
207.3774,21.000,517.703,540.231,63.412,8.042,0.180
207.4744,21.000,511.652,546.878,57.063,1.693,0.180
207.5704,23.000,525.307,526.532,74.063,13.493,0.180
207.6768,24.000,522.178,526.372,72.579,9.409,0.180
207.7730,26.000,529.589,511.966,83.487,15.118,0.180
207.8704,27.000,525.050,512.960,80.721,9.751,0.180
207.9704,28.000,524.713,509.682,82.191,8.621,0.180
208.0785,29.000,525.239,505.484,84.553,8.383,0.180
208.1773,30.000,525.929,501.074,87.103,8.333,0.180
208.2740,30.000,519.268,507.571,80.524,1.754,0.180
208.3735,31.000,525.182,497.919,88.307,6.938,0.180
208.4747,31.000,519.616,503.307,82.830,1.461,0.180
208.5750,31.000,518.388,504.385,81.677,0.307,0.180
208.6765,30.000,507.712,512.532,72.266,-6.504,0.180
208.7736,30.000,513.272,507.823,77.400,-1.369,0.180
208.8717,29.000,504.346,515.072,69.313,-6.857,0.180
208.9688,28.000,500.179,518.414,65.558,-8.012,0.180
209.0770,27.000,497.285,521.207,62.714,-8.255,0.180
209.1787,26.000,494.890,524.115,60.063,-8.306,0.180
209.2779,25.000,492.798,527.244,57.452,-8.317,0.180
209.3740,23.000,480.568,538.555,45.682,-14.888,0.180
209.4716,22.000,484.562,537.380,48.267,-9.703,0.180
209.5707,21.000,484.552,540.386,46.759,-8.611,0.180
209.6698,19.000,473.486,552.199,35.319,-14.950,0.180
209.7788,19.000,488.704,543.616,47.220,-3.147,0.180
209.8770,18.000,483.734,551.825,40.630,-7.231,0.180
209.9750,16.000,471.666,564.847,28.085,-14.659,0.180
210.0728,15.000,476.354,564.570,30.567,-9.655,0.180
210.1728,14.000,477.054,568.218,29.094,-8.601,0.180
210.2712,14.000,487.266,564.703,35.957,-1.811,0.180
210.3684,12.000,470.867,581.994,19.112,-13.518,0.180
210.4758,11.000,474.607,582.612,20.673,-9.414,0.180
210.5744,9.000,464.702,594.422,9.815,-15.119,0.180
210.6720,7.000,459.747,602.196,3.451,-16.320,0.180
210.7795,6.000,466.491,601.448,7.197,-10.004,0.180
210.8787,5.000,468.095,605.540,5.953,-8.675,0.180
210.9767,3.000,458.143,618.534,-5.520,-14.963,0.180
211.0767,2.000,463.891,618.972,-2.865,-9.719,0.180
211.1757,1.000,465.330,623.392,-4.356,-8.614,0.180
211.2732,-0.000,465.752,628.549,-6.723,-8.382,0.180
211.3703,-0.000,476.240,625.803,-0.106,-1.765,0.180
211.4708,-0.000,480.924,627.700,1.287,-0.372,0.180
211.5783,1.000,491.388,619.230,10.754,6.490,0.180
211.6769,1.000,488.616,626.696,5.636,1.366,0.180
211.7725,1.000,489.538,629.765,4.562,0.288,0.180
211.8718,1.000,491.012,631.683,4.340,0.061,0.180
211.9710,1.000,492.411,633.167,4.298,0.013,0.180
212.0684,1.000,493.632,634.397,4.293,0.003,0.180
212.1778,-0.000,484.303,643.410,-4.878,-6.568,0.180
212.2772,-1.000,479.880,646.963,-8.866,-7.951,0.180
212.3730,-3.000,465.335,656.569,-20.942,-14.811,0.180
212.4694,-4.000,466.939,653.167,-18.438,-9.686,0.180
212.5687,-7.000,442.381,668.397,-38.333,-21.745,0.180
212.6772,-8.000,449.073,659.176,-30.376,-11.146,0.180
212.7741,-11.000,425.335,672.963,-49.139,-22.052,0.180
212.8705,-13.000,421.011,670.630,-50.134,-17.779,0.180
212.9675,-15.000,413.203,671.579,-54.512,-16.880,0.180
213.0755,-14.000,434.510,648.042,-32.090,3.015,0.180
213.1735,-12.000,448.557,630.300,-16.196,13.772,0.180
213.2710,-10.000,454.999,621.917,-8.783,16.036,0.180
213.3675,-9.000,452.436,626.431,-12.322,9.944,0.180
213.4750,-8.000,454.840,626.283,-11.046,8.662,0.180
213.5743,-6.000,466.367,614.876,0.421,14.960,0.180
213.6718,-5.000,465.549,619.395,-2.247,9.718,0.180
213.7726,-4.000,468.898,619.792,-0.772,8.614,0.180
213.8695,-4.000,465.168,629.706,-7.593,1.814,0.180
213.9770,-3.000,474.317,623.413,0.128,6.950,0.180
214.0740,-3.000,471.529,631.629,-5.375,1.463,0.180
214.1723,-3.000,472.665,635.107,-6.546,0.308,0.180
214.2693,-3.000,474.367,637.327,-6.804,0.065,0.180
214.3668,-3.000,475.967,639.060,-6.871,0.014,0.180
214.4765,-3.000,477.357,640.503,-6.898,0.003,0.180
214.5745,-3.000,478.543,641.725,-6.915,0.001,0.180
214.6716,-2.000,487.525,632.391,2.242,6.569,0.180
214.7693,-2.000,483.679,638.938,-2.954,1.383,0.180
214.8675,-1.000,491.698,630.814,5.118,6.860,0.180
214.9744,-0.000,495.706,627.316,8.871,8.013,0.180
215.0719,1.000,498.471,624.385,11.718,8.255,0.180
215.1692,1.000,493.388,632.327,5.206,1.738,0.180
215.2776,1.000,493.237,634.909,3.839,0.366,0.180
215.3753,2.000,501.359,625.252,12.729,6.645,0.180
215.4738,2.000,496.971,631.336,7.493,1.399,0.180
215.5734,2.000,496.598,633.150,6.399,0.295,0.180
215.6684,2.000,496.988,633.985,6.177,0.062,0.180
215.7672,1.000,487.097,642.518,-3.035,-6.555,0.180
215.8770,-0.000,482.826,646.234,-7.028,-7.948,0.180
215.9745,-1.000,479.392,648.597,-9.927,-8.242,0.180
216.0708,-2.000,475.965,650.513,-12.599,-8.304,0.180
216.1696,-2.000,483.368,644.826,-6.054,-1.748,0.180
216.2789,-4.000,463.519,658.933,-23.031,-13.505,0.180
216.3764,-5.000,463.746,656.225,-21.564,-9.412,0.180
216.4715,-5.000,471.596,649.267,-14.160,-1.981,0.180
216.5700,-6.000,462.540,655.481,-21.795,-6.986,0.180
216.6678,-6.000,468.316,650.290,-16.311,-1.471,0.180
216.7769,-5.000,477.668,639.035,-6.008,6.259,0.180
216.8656,-5.000,473.392,644.693,-10.975,1.318,0.180
216.9742,-4.000,480.886,635.973,-2.868,6.846,0.180
217.0714,-4.000,476.440,642.378,-8.293,1.441,0.180
217.1685,-4.000,476.114,644.369,-9.452,0.303,0.180
217.2690,-4.000,476.561,645.337,-9.712,0.064,0.180
217.3654,-3.000,485.065,635.636,-0.610,6.582,0.180
217.4670,-4.000,469.871,649.212,-14.995,-5.183,0.180
217.5756,-4.000,474.754,645.954,-10.924,-1.091,0.180
217.6742,-4.000,476.285,645.804,-10.084,-0.230,0.180
217.7708,-4.000,477.033,646.230,-9.923,-0.048,0.180
217.8683,-4.000,477.549,646.712,-9.906,-0.010,0.180
217.9666,-5.000,466.987,654.523,-19.092,-6.571,0.180
218.0664,-5.000,472.479,649.692,-13.931,-1.383,0.180
218.1654,-5.000,473.826,648.907,-12.865,-0.291,0.180
218.2740,-6.000,463.295,656.315,-21.835,-6.630,0.180
218.3752,-6.000,468.671,651.285,-16.632,-1.396,0.180
218.4738,-6.000,469.888,650.362,-15.561,-0.294,0.180
218.5713,-7.000,459.241,657.660,-24.534,-6.630,0.180
218.6682,-7.000,464.515,652.538,-19.336,-1.396,0.180
218.7759,-8.000,454.672,658.911,-27.444,-6.862,0.180
218.8763,-8.000,460.073,653.560,-22.068,-1.445,0.180
218.9733,-8.000,461.193,652.482,-20.969,-0.304,0.180
219.0708,-9.000,450.436,659.675,-29.944,-6.632,0.180
219.1699,-9.000,455.611,654.471,-24.755,-1.396,0.180
219.2679,-9.000,456.654,653.403,-23.699,-0.294,0.180
219.3652,-9.000,456.829,653.208,-23.514,-0.062,0.180
219.4717,-9.000,456.822,653.196,-23.512,-0.013,0.180
219.5692,-9.000,456.778,653.225,-23.548,-0.003,0.180
219.6666,-9.000,456.726,653.264,-23.593,-0.001,0.180
219.7731,-10.000,445.701,660.678,-32.813,-6.569,0.180
219.8694,-10.000,450.800,655.510,-27.679,-1.383,0.180
219.9666,-10.000,451.810,654.440,-26.640,-0.291,0.180
220.0736,-11.000,440.989,661.611,-35.635,-6.630,0.180
220.1705,-11.000,446.115,656.383,-30.459,-1.396,0.180
220.2670,-13.000,425.169,670.042,-47.761,-13.431,0.180
220.3738,-13.000,435.607,659.409,-37.226,-2.828,0.180
220.4728,-14.000,426.716,664.536,-44.234,-7.164,0.180
220.5692,-15.000,421.225,666.227,-47.825,-8.077,0.180
220.6661,-16.000,416.434,667.187,-50.701,-8.269,0.180
220.7745,-17.000,411.778,667.988,-53.430,-8.309,0.180
220.8720,-18.000,407.137,668.751,-56.132,-8.318,0.180
220.9702,-19.000,402.488,669.504,-58.832,-8.320,0.180
221.0674,-20.000,397.932,670.149,-61.433,-8.320,0.180
221.1646,-21.000,393.370,670.787,-64.033,-8.320,0.180
221.2720,-21.000,399.770,664.050,-57.464,-1.752,0.180
221.3696,-22.000,390.042,669.893,-65.250,-6.937,0.180
221.4667,-24.000,373.430,679.002,-78.110,-14.597,0.180
221.5736,-24.000,384.766,667.289,-66.586,-3.073,0.180
221.6707,-25.000,376.063,672.071,-73.328,-7.215,0.180
221.7663,-25.000,381.593,666.208,-67.632,-1.519,0.180
221.8637,-26.000,371.683,672.236,-75.601,-6.888,0.180
221.9727,-26.000,376.971,666.648,-70.163,-1.450,0.180
222.0702,-24.000,393.925,644.638,-50.681,12.832,0.180
222.1676,-25.000,373.678,662.988,-69.980,-3.867,0.180
222.2668,-24.000,385.393,650.261,-57.758,5.754,0.180
222.3642,-24.000,381.920,655.873,-62.301,1.211,0.180
222.4639,-24.000,381.872,657.739,-63.258,0.255,0.180
222.5705,-24.000,382.444,658.713,-63.459,0.054,0.180
222.6672,-24.000,383.059,659.413,-63.501,0.011,0.180
222.7633,-26.000,361.671,674.717,-81.847,-13.134,0.180
222.8717,-26.000,372.455,664.762,-71.478,-2.765,0.180
222.9706,-26.000,374.991,662.932,-69.295,-0.582,0.180
223.0685,-26.000,375.750,662.772,-68.835,-0.123,0.180
223.1665,-27.000,365.133,670.298,-77.907,-6.594,0.180
223.2639,-25.000,386.462,644.542,-54.364,11.749,0.180
223.3731,-25.000,378.305,654.935,-63.639,2.473,0.180
223.4690,-25.000,377.303,657.839,-65.592,0.521,0.180
223.5665,-26.000,366.732,666.426,-75.172,-6.459,0.180
223.6647,-23.000,396.393,630.879,-42.567,18.346,0.180
223.7725,-23.000,383.908,647.360,-57.051,3.862,0.180
223.8702,-22.000,390.526,641.740,-50.931,7.382,0.180
223.9680,-23.000,375.654,656.859,-65.927,-5.014,0.180
224.0671,-21.000,397.155,633.769,-43.632,12.081,0.180
224.1640,-17.000,421.727,604.246,-16.584,28.817,0.180
224.2725,-12.000,442.652,579.112,6.445,38.909,0.180
224.3701,-7.000,457.451,563.736,21.533,41.033,0.180
224.4696,-2.000,472.143,551.554,34.970,41.481,0.180
224.5680,-0.000,463.898,572.131,20.559,21.870,0.180
224.6639,2.000,469.622,575.691,21.641,17.741,0.180
224.7631,5.000,484.692,563.711,35.166,23.440,0.180
224.8723,6.000,479.400,577.030,25.860,11.503,0.180
224.9682,7.000,482.635,580.018,25.984,8.990,0.180
225.0672,8.000,487.092,580.251,28.096,8.461,0.180
225.1675,8.000,483.947,590.382,21.458,1.781,0.180
225.2664,9.000,492.925,583.742,29.267,6.943,0.180
225.3669,10.000,497.357,580.697,33.006,8.030,0.180
225.4634,10.000,493.159,589.074,26.718,1.691,0.180
225.5730,10.000,493.653,592.133,25.436,0.356,0.180
225.6729,10.000,494.934,593.872,25.207,0.075,0.180
225.7719,11.000,503.584,584.189,34.373,6.584,0.180
225.8696,11.000,499.504,590.390,29.232,1.386,0.180
225.9666,12.000,506.742,581.356,37.369,6.860,0.180
226.0650,14.000,516.872,565.498,50.362,14.581,0.180
226.1642,-26.000,104.715,909.838,-327.886,-259.667,0.180
226.2658,14.000,647.703,309.205,243.924,208.070,0.180
226.3652,-26.000,92.201,815.709,-287.079,-218.933,0.180
226.4633,14.000,611.028,255.234,252.573,216.646,0.180
226.5728,21.000,508.345,366.265,145.715,91.589,0.180
226.6705,21.000,450.086,452.620,73.409,19.282,0.180
226.7666,21.000,446.804,479.783,58.186,4.059,0.180
226.8627,22.000,461.118,482.169,64.150,7.423,0.180
226.9724,23.000,471.223,485.658,67.458,8.131,0.180
227.0711,24.000,479.450,488.387,70.207,8.280,0.180
227.1703,24.000,479.069,501.080,63.670,1.743,0.180
227.2681,25.000,490.294,496.720,71.462,6.935,0.180
227.3654,25.000,489.236,506.613,65.987,1.460,0.180
227.4628,26.000,499.207,500.553,74.003,6.876,0.180
227.5707,26.000,496.940,509.143,68.574,1.448,0.180
227.6684,26.000,498.485,512.973,67.432,0.305,0.180
227.7657,26.000,500.529,515.498,67.191,0.064,0.180
227.8643,25.000,492.051,525.459,57.972,-6.555,0.180
227.9640,25.000,499.357,522.414,63.147,-1.380,0.180
228.0623,24.000,491.889,531.104,55.068,-6.859,0.180
228.1618,23.000,488.955,535.677,51.314,-8.012,0.180
228.2623,22.000,487.108,539.516,48.472,-8.255,0.180
228.3696,21.000,485.604,543.314,45.820,-8.306,0.180
228.4677,21.000,494.636,539.231,52.378,-1.749,0.180
228.5686,20.000,487.752,547.923,44.590,-6.937,0.180
228.6666,20.000,495.497,544.715,50.066,-1.460,0.180
228.7631,19.000,488.308,553.359,42.150,-6.876,0.180
228.8716,18.000,485.580,557.925,38.503,-8.016,0.180
228.9673,17.000,483.909,561.757,35.752,-8.256,0.180
229.0644,17.000,492.934,557.570,42.358,-1.738,0.180
229.1638,16.000,486.077,566.139,34.645,-6.934,0.180
229.2707,15.000,483.489,570.782,31.029,-8.028,0.180
229.3668,14.000,481.905,574.713,28.271,-8.259,0.180
229.4648,14.000,490.995,570.618,34.864,-1.739,0.180
229.5643,13.000,484.189,579.269,27.136,-6.934,0.180
229.6647,12.000,481.642,583.985,23.504,-8.028,0.180
229.7617,11.000,480.091,587.979,20.731,-8.259,0.180
229.8603,11.000,489.207,583.941,27.309,-1.739,0.180
229.9681,10.000,482.421,592.642,19.565,-6.934,0.180
230.0642,9.000,479.888,597.403,15.918,-8.028,0.180
230.1619,8.000,478.346,601.439,13.129,-8.259,0.180
230.2612,7.000,477.094,605.411,10.517,-8.307,0.180
230.3602,6.000,475.970,609.446,7.938,-8.317,0.180
230.4683,5.000,474.932,613.559,5.362,-8.319,0.180
230.5652,3.000,463.585,625.720,-6.392,-14.888,0.180
230.6648,2.000,468.327,625.270,-3.796,-9.703,0.180
230.7606,1.000,468.948,628.897,-5.299,-8.611,0.180
230.8706,-1.000,457.710,640.746,-16.843,-14.950,0.180
230.9666,-2.000,461.793,639.582,-14.219,-9.716,0.180
231.0642,-3.000,461.220,642.036,-15.733,-8.614,0.180
231.1644,-4.000,459.331,644.925,-18.121,-8.382,0.180
231.2628,-5.000,456.878,647.626,-20.699,-8.333,0.180
231.3604,-6.000,454.063,650.053,-23.320,-8.323,0.180
231.4689,-8.000,439.990,659.596,-35.127,-14.889,0.180
231.5660,-9.000,441.804,656.332,-32.588,-9.703,0.180
231.6627,-10.000,439.328,656.975,-34.148,-8.611,0.180
231.7701,-11.000,435.821,658.324,-36.576,-8.381,0.180
231.8686,-12.000,431.990,659.721,-39.190,-8.333,0.180
231.9665,-12.000,438.972,653.670,-32.673,-1.754,0.180
232.0640,-13.000,429.716,660.117,-40.525,-6.938,0.180
232.1613,-13.000,435.432,655.013,-35.115,-1.461,0.180
232.2605,-14.000,425.804,661.562,-43.203,-6.876,0.180
232.3680,-13.000,439.325,646.024,-28.674,5.121,0.180
232.4656,-13.000,435.857,650.777,-32.784,1.078,0.180
232.5657,-13.000,435.485,652.242,-33.703,0.227,0.180
232.6627,-13.000,435.702,652.953,-33.950,0.048,0.180
232.7605,-12.000,443.965,643.079,-24.882,6.578,0.180
232.8687,-12.000,439.524,649.150,-30.137,1.385,0.180
232.9639,-10.000,455.009,630.252,-12.946,13.428,0.180
233.0633,-10.000,445.905,642.455,-23.599,2.827,0.180
233.1636,-9.000,452.911,635.682,-16.710,7.164,0.180
233.2613,-9.000,448.808,642.983,-22.412,1.508,0.180
233.3680,-7.000,464.878,624.833,-5.302,13.454,0.180
233.4667,-7.000,456.335,637.606,-15.960,2.832,0.180
233.5630,-6.000,463.834,631.304,-9.059,7.165,0.180
233.6713,-5.000,468.128,628.626,-5.573,8.077,0.180
233.7674,-5.000,463.913,637.216,-11.976,1.700,0.180
233.8652,-4.000,472.377,630.069,-4.170,6.926,0.180
233.9632,-4.000,468.949,637.619,-9.659,1.458,0.180
234.0602,-4.000,469.528,640.542,-10.831,0.307,0.180
234.1679,-4.000,470.753,642.294,-11.095,0.065,0.180
234.2679,-4.000,471.947,643.631,-11.166,0.014,0.180
234.3637,-4.000,472.991,644.738,-11.198,0.003,0.180
234.4637,-5.000,462.908,653.048,-20.395,-6.568,0.180
234.5622,-6.000,457.841,656.010,-24.409,-7.951,0.180
234.6593,-6.000,464.691,650.369,-18.163,-1.674,0.180
234.7669,-6.000,466.496,649.593,-16.873,-0.352,0.180
234.8677,-7.000,456.206,657.156,-25.799,-6.643,0.180
234.9660,-7.000,461.756,652.290,-20.592,-1.398,0.180
235.0607,-8.000,452.140,658.886,-28.698,-6.863,0.180
235.1691,-8.000,457.733,653.727,-23.321,-1.445,0.180
235.2651,-8.000,459.017,652.812,-22.222,-0.304,0.180
235.3615,-8.000,459.372,652.770,-22.024,-0.064,0.180
235.4583,-8.000,459.514,652.894,-22.015,-0.013,0.180
235.5683,-8.000,459.596,653.038,-22.046,-0.003,0.180
235.6662,-7.000,497.392,643.186,-9.423,11.555,0.320
235.7662,-7.000,513.467,658.638,-18.632,2.384,0.320
235.8634,-7.000,535.414,668.262,-20.564,0.492,0.320
235.9625,-7.000,557.669,677.618,-20.994,0.102,0.320
236.0622,-8.000,562.937,700.154,-35.475,-11.535,0.320
236.1613,-9.000,576.440,714.220,-40.726,-13.936,0.320
236.2598,-10.000,590.997,727.030,-44.078,-14.431,0.320
236.3673,-11.000,605.222,740.002,-47.041,-14.533,0.320
236.4658,-12.000,618.912,753.364,-49.930,-14.555,0.320
236.5613,-13.000,632.094,767.111,-52.807,-14.559,0.320
236.6592,-14.000,644.832,781.197,-55.686,-14.560,0.320
236.7598,-15.000,657.190,795.575,-58.570,-14.560,0.320
236.8595,-16.000,669.223,810.201,-61.460,-14.560,0.320
236.9679,-17.000,680.980,825.039,-64.355,-14.560,0.320
237.0665,-18.000,692.501,840.059,-67.256,-14.560,0.320
237.1645,-19.000,703.820,855.234,-70.162,-14.560,0.320
237.2628,-21.000,698.804,882.866,-87.318,-26.116,0.320
237.3607,-22.000,718.960,888.866,-80.947,-16.944,0.320
237.4603,-23.000,731.738,902.257,-81.854,-15.052,0.320
237.5682,-24.000,742.928,917.245,-84.264,-14.662,0.320
237.6647,-25.000,753.735,932.623,-86.983,-14.581,0.320
237.7624,-26.000,764.417,948.133,-89.767,-14.564,0.320
237.8599,-27.000,775.034,963.715,-92.563,-14.561,0.320
237.9575,-28.000,785.603,979.349,-95.363,-14.560,0.320
238.0663,-30.000,779.857,1007.462,-112.518,-26.116,0.320
238.1628,-31.000,799.395,1013.872,-106.147,-16.944,0.320
238.2622,-33.000,795.370,1040.046,-121.410,-26.608,0.320
238.3636,-34.000,815.152,1046.026,-114.648,-17.046,0.320
238.4655,-35.000,811.444,1043.735,-115.475,-15.073,0.320
238.5644,-37.000,789.906,1055.493,-132.224,-26.221,0.320
238.6624,-39.000,777.095,1058.312,-140.124,-28.522,0.320
238.7625,-41.000,766.006,1059.228,-146.199,-28.997,0.320
238.8602,-42.000,771.482,1047.265,-137.541,-17.539,0.320
238.9572,-44.000,751.646,1056.906,-152.333,-26.730,0.320
239.0655,-45.000,755.297,1046.750,-145.474,-17.071,0.320
239.1627,-46.000,751.343,1044.335,-146.281,-15.078,0.320
239.2604,-47.000,745.860,1043.564,-148.669,-14.667,0.320
239.3585,-48.000,740.094,1043.174,-151.384,-14.582,0.320
239.4594,-49.000,734.299,1042.897,-154.167,-14.565,0.320
239.5568,-50.000,728.522,1042.673,-156.963,-14.561,0.320
239.6650,-61.000,560.013,1166.840,-303.318,-130.116,0.320
239.7659,-61.000,660.949,1061.214,-200.052,-26.849,0.320
239.8654,-62.000,664.001,1050.335,-193.098,-17.096,0.320
239.9619,-62.000,675.753,1034.930,-179.530,-3.528,0.320
240.0588,-61.000,690.285,1015.134,-162.375,10.828,0.320
240.1571,-61.000,680.961,1022.982,-170.968,2.234,0.320
240.2570,-61.000,678.568,1024.122,-172.741,0.461,0.320
240.3676,-61.000,677.674,1023.950,-173.107,0.095,0.320
240.4650,-52.000,796.630,884.648,-43.983,104.020,0.320
240.5643,-52.000,718.932,972.052,-126.538,21.464,0.320
240.6626,-52.000,706.025,993.209,-143.573,4.429,0.320
240.7638,-52.000,706.019,1000.228,-147.088,0.914,0.320
240.8614,-52.000,708.276,1003.931,-147.814,0.189,0.320
240.9602,-61.000,564.182,1118.532,-277.163,-103.961,0.320
241.0603,-61.000,647.658,1036.987,-194.655,-21.452,0.320
241.1565,-61.000,665.506,1020.780,-177.629,-4.427,0.320
241.2573,-61.000,669.717,1017.963,-174.116,-0.913,0.320
241.3653,-61.000,671.036,1017.830,-173.391,-0.188,0.320
241.4623,-62.000,655.415,1030.619,-187.597,-11.594,0.320
241.5613,-61.000,678.190,1006.277,-164.039,9.163,0.320
241.6585,-52.000,791.232,875.463,-42.112,105.891,0.320
241.7662,-51.000,726.415,950.014,-111.796,33.406,0.320
241.8565,-51.000,705.539,982.163,-138.309,6.893,0.320
241.9651,-51.000,704.860,992.424,-143.780,1.422,0.320
242.0641,-50.000,721.079,982.190,-130.553,11.849,0.320
242.1638,-50.000,715.719,995.637,-139.957,2.445,0.320
242.2623,-49.000,730.492,985.579,-127.542,12.060,0.320
242.3592,-49.000,724.424,998.654,-137.114,2.489,0.320
242.4566,-48.000,738.703,988.171,-124.733,12.069,0.320
242.5570,-48.000,732.238,1000.863,-134.312,2.490,0.320
242.6569,-47.000,746.183,990.050,-121.933,12.069,0.320
242.7654,-46.000,752.711,987.025,-117.156,14.046,0.320
242.8649,-46.000,744.552,1001.161,-128.304,2.898,0.320
242.9641,-44.000,771.343,975.131,-101.893,23.709,0.320
243.0620,-43.000,769.126,981.835,-106.354,16.448,0.320
243.1601,-42.000,772.754,982.860,-105.053,14.950,0.320
243.2586,-40.000,790.918,967.332,-88.206,26.196,0.320
243.3557,-39.000,787.524,976.807,-94.641,16.961,0.320
243.4632,-37.000,804.698,963.481,-79.391,26.611,0.320
243.5605,-36.000,801.489,973.801,-86.156,17.047,0.320
243.6585,-34.000,819.033,960.981,-70.974,26.629,0.320
243.7571,-33.000,816.183,971.687,-77.752,17.050,0.320
243.8556,-32.000,820.765,974.622,-76.929,15.074,0.320
243.9646,-30.000,840.047,960.409,-60.181,26.222,0.320
244.0649,-29.000,837.667,970.939,-66.636,16.966,0.320
244.1626,-29.000,829.165,989.368,-80.101,3.501,0.320
244.2595,-27.000,857.156,965.494,-54.169,23.834,0.320
244.3600,-26.000,856.266,973.724,-58.729,16.474,0.320
244.4580,-24.000,874.363,960.547,-43.092,26.510,0.320
244.5554,-24.000,858.414,986.678,-64.132,5.470,0.320
244.6638,-22.000,884.950,964.475,-39.762,24.240,0.320
244.7625,-21.000,883.830,973.120,-44.645,16.557,0.320
244.8604,-20.000,888.662,975.523,-43.430,14.972,0.320
244.9585,-20.000,881.354,991.980,-55.313,3.089,0.320
245.0589,-20.000,882.791,998.321,-57.765,0.638,0.320
245.1567,-21.000,869.315,1014.568,-72.626,-11.424,0.320
245.2662,-22.000,864.784,1020.614,-77.915,-13.913,0.320
245.3636,-26.000,812.868,1061.459,-124.296,-49.093,0.320
245.4626,-30.000,788.023,1073.533,-142.755,-56.353,0.320
245.5586,-34.000,768.217,1079.123,-155.453,-57.851,0.320
245.6567,-37.000,765.262,1070.475,-152.606,-46.604,0.320
245.7572,-39.000,769.267,1057.927,-144.330,-32.728,0.320
245.8657,-40.000,778.335,1043.758,-132.711,-18.309,0.320
245.9639,-41.000,775.922,1040.994,-132.536,-15.334,0.320
246.0617,-41.000,787.392,1028.125,-120.366,-3.164,0.320
246.1607,-41.000,789.308,1025.019,-117.855,-0.653,0.320
246.2593,-40.000,802.596,1008.559,-102.982,11.421,0.320
246.3560,-38.000,820.235,986.905,-83.335,25.468,0.320
246.4640,-35.000,841.143,962.104,-60.480,39.922,0.320
246.5609,-26.000,931.784,857.713,37.035,112.238,0.320
246.6592,14.000,1369.704,325.187,522.258,485.382,0.320
246.7568,54.000,1515.619,93.106,711.256,562.380,0.320
246.8547,64.000,1203.095,386.139,408.478,231.602,0.320
246.9617,71.000,1113.049,462.737,325.156,128.680,0.320
247.0594,77.000,1090.320,471.996,309.162,95.886,0.320
247.1565,83.000,1092.109,453.718,319.195,89.119,0.320
247.2545,88.000,1085.549,445.062,320.243,76.167,0.320
247.3628,94.000,1100.745,408.892,345.926,85.050,0.320
251.6605,100.000,1014.841,-985.159,1000.000,3165.217,0.320
251.7587,96.000,904.487,-846.949,875.718,606.918,0.320
251.8569,93.000,392.892,-309.049,350.970,90.570,0.320
251.9529,90.000,290.436,-181.609,236.022,-15.978,0.320
252.0616,87.000,271.981,-139.292,205.636,-37.964,0.320
252.1581,85.000,284.854,-129.256,207.055,-30.945,0.320
252.2550,82.000,277.397,-99.699,188.548,-41.052,0.320
252.3528,80.000,291.972,-92.864,192.418,-31.582,0.320
252.4613,77.000,284.383,-64.450,174.416,-41.184,0.320
252.5606,75.000,298.520,-58.261,178.391,-31.609,0.320
252.6584,73.000,304.848,-44.685,174.766,-29.634,0.320
252.7564,71.000,309.428,-29.720,169.574,-29.226,0.320
252.8565,68.000,299.176,-0.229,149.703,-40.697,0.320
252.9535,66.000,312.254,5.672,153.291,-31.509,0.320
253.0521,63.000,303.574,33.111,135.231,-41.169,0.320
253.1619,60.000,302.466,52.789,124.838,-43.162,0.320
253.2604,57.000,302.860,70.806,116.027,-43.573,0.320
253.3585,55.000,317.868,74.073,121.898,-32.102,0.320
253.4566,53.000,323.716,86.386,118.665,-29.735,0.320
253.5597,52.000,341.991,86.174,127.909,-17.691,0.320
253.6582,51.000,350.665,95.478,127.594,-15.206,0.320
253.7551,51.000,373.902,94.578,139.662,-3.138,0.320
253.8538,50.000,372.838,117.244,127.797,-12.203,0.320
253.9518,49.000,380.155,133.902,123.126,-14.074,0.320
254.0602,46.000,359.095,176.637,91.229,-37.571,0.320
254.1585,45.000,389.576,176.193,106.692,-19.308,0.320
254.2562,43.000,390.683,204.073,93.305,-27.095,0.320
254.3555,41.000,399.022,226.827,86.098,-28.702,0.320
254.4526,40.000,424.968,235.925,94.522,-17.478,0.320
254.5604,39.000,442.185,254.110,94.038,-15.162,0.320
254.6577,37.000,442.281,287.560,77.360,-26.240,0.320
254.7557,35.000,451.879,312.931,69.474,-28.526,0.320
254.8536,33.000,463.897,337.092,63.403,-28.997,0.320
254.9615,29.000,445.932,387.943,28.994,-52.206,0.320
255.0604,27.000,478.858,395.425,41.716,-33.884,0.320
255.1597,24.000,482.004,430.921,25.541,-41.659,0.320
255.2595,21.000,492.069,460.995,15.537,-43.263,0.320
255.3573,18.000,504.146,490.332,6.907,-43.594,0.320
255.4553,14.000,501.568,533.246,-15.839,-55.218,0.320
255.5522,11.000,524.677,554.717,-15.020,-46.061,0.320
255.6610,7.000,525.364,597.058,-35.847,-55.727,0.320
255.7593,3.000,534.541,632.590,-49.025,-57.721,0.320
255.8546,-1.000,545.152,666.436,-60.642,-58.133,0.320
255.9533,-4.000,569.722,684.909,-57.594,-46.662,0.320
256.0524,-7.000,583.070,710.402,-63.666,-44.295,0.320
256.1513,-10.000,592.737,736.004,-71.633,-43.807,0.320
256.2579,-13.000,600.482,760.493,-80.005,-43.706,0.320
256.3558,-16.000,606.840,783.788,-88.474,-43.685,0.320
256.4552,-17.000,644.630,781.138,-68.254,-20.570,0.320
256.5518,-18.000,663.401,796.171,-66.385,-15.800,0.320
256.6507,-18.000,694.094,801.986,-53.946,-3.260,0.320
256.7597,-18.000,714.484,817.402,-51.459,-0.673,0.320
256.8581,-17.000,745.803,819.133,-36.665,11.417,0.320
256.9527,-17.000,754.581,846.223,-45.821,2.356,0.320
257.0507,-15.000,796.809,834.936,-19.064,23.597,0.320
257.1510,-14.000,809.816,856.845,-23.514,16.425,0.320
257.2577,-13.000,828.709,873.244,-22.267,14.945,0.320
257.3567,-13.000,835.662,904.064,-34.201,3.084,0.320
257.4544,-13.000,851.583,925.025,-36.721,0.636,0.320
257.5540,-13.000,869.067,943.665,-37.299,0.131,0.320
257.6518,-13.000,886.630,961.582,-37.476,0.027,0.320
257.7505,-14.000,887.721,991.584,-51.932,-11.550,0.320
257.8598,-14.000,913.911,999.598,-42.843,-2.383,0.320
257.9578,-15.000,916.367,1027.150,-55.391,-12.047,0.320
258.0556,-16.000,910.288,1030.839,-60.275,-14.042,0.320
258.1537,-17.000,905.546,1032.710,-63.582,-14.453,0.320
258.2522,-18.000,900.920,1034.055,-66.568,-14.538,0.320
258.3599,-18.000,912.463,1022.724,-55.130,-3.000,0.320
258.4495,-18.000,914.833,1020.533,-52.850,-0.619,0.320
258.5582,-19.000,899.019,1032.660,-66.821,-11.683,0.320
258.6570,-19.000,908.118,1023.427,-57.655,-2.411,0.320
258.7547,-18.000,923.149,1006.122,-41.487,11.058,0.320
258.8536,-19.000,898.524,1027.974,-64.725,-9.274,0.320
258.9524,-19.000,906.099,1021.042,-57.471,-1.914,0.320
259.0554,-19.000,907.785,1019.903,-56.059,-0.395,0.320
259.1538,-19.000,908.224,1019.928,-55.852,-0.081,0.320
259.2528,-19.000,908.380,1020.167,-55.894,-0.017,0.320
259.3524,-19.000,908.455,1020.428,-55.987,-0.003,0.320
259.4500,-19.000,908.494,1020.674,-56.090,-0.001,0.320
259.5593,-19.000,908.509,1020.902,-56.196,-0.000,0.320
259.6572,-18.000,921.787,1005.670,-41.941,11.556,0.320
259.7545,-18.000,913.185,1015.611,-51.213,2.384,0.320
259.8551,-18.000,911.761,1018.174,-53.206,0.492,0.320
259.9554,-18.000,911.753,1019.149,-53.698,0.102,0.320
260.0530,-17.000,925.264,1004.300,-39.518,11.577,0.320
260.1512,-17.000,916.913,1014.515,-48.801,2.389,0.320
260.2593,-16.000,928.995,1001.856,-36.431,12.048,0.320
260.3588,-16.000,920.598,1012.763,-46.083,2.486,0.320
260.4557,-15.000,932.883,1000.452,-33.784,12.069,0.320
260.5532,-14.000,937.991,996.161,-29.085,14.046,0.320
260.6531,-13.000,941.894,993.794,-25.950,14.454,0.320
260.7502,-12.000,945.783,992.049,-23.133,14.538,0.320
260.8598,-11.000,949.870,990.625,-20.377,14.555,0.320
260.9580,-10.000,954.169,989.429,-17.630,14.559,0.320
261.0554,-9.000,958.659,988.418,-14.879,14.560,0.320
261.1504,-7.000,976.593,972.119,2.237,26.116,0.320
261.2479,-7.000,959.523,996.580,-18.529,5.389,0.320
261.3552,-6.000,971.629,988.597,-8.484,12.668,0.320
261.4531,-6.000,964.794,1001.936,-18.571,2.614,0.320
261.5499,-5.000,978.731,991.367,-6.318,12.095,0.320
261.6488,-5.000,972.035,1003.926,-15.945,2.496,0.320
261.7575,-5.000,972.518,1008.426,-17.954,0.515,0.320
261.8552,-5.000,974.200,1010.981,-18.391,0.106,0.320
261.9528,-5.000,975.888,1012.894,-18.503,0.022,0.320
262.0512,-5.000,977.373,1014.469,-18.548,0.005,0.320
262.1490,-5.000,978.642,1015.802,-18.580,0.001,0.320
262.2588,-6.000,963.438,1029.377,-32.970,-11.555,0.320
262.3567,-5.000,986.664,1005.606,-9.471,9.171,0.320
262.4542,-5.000,980.626,1014.182,-16.778,1.892,0.320
262.5537,-5.000,980.174,1016.790,-18.308,0.391,0.320
262.6512,-5.000,980.753,1018.044,-18.646,0.081,0.320
262.7491,-4.000,994.721,1003.474,-4.377,11.572,0.320
262.8578,-4.000,986.759,1013.925,-13.583,2.388,0.320
262.9537,-4.000,985.899,1016.900,-15.501,0.493,0.320
263.0529,-4.000,986.384,1018.213,-15.914,0.102,0.320
263.1498,-4.000,987.045,1019.080,-16.017,0.021,0.320
263.2478,-4.000,987.656,1019.769,-16.056,0.004,0.320
263.3569,-4.000,988.182,1020.346,-16.082,0.001,0.320
263.4545,-4.000,988.628,1020.839,-16.105,0.000,0.320
263.5508,-3.000,1002.285,1005.819,-1.767,11.556,0.320
263.6479,-3.000,994.019,1015.928,-10.955,2.384,0.320
263.7571,-3.000,992.892,1018.620,-12.864,0.492,0.320
263.8527,-2.000,1006.431,1004.252,1.090,11.657,0.320
263.9491,-2.000,998.316,1014.662,-8.173,2.405,0.320
264.0562,-1.000,1010.653,1002.117,4.268,12.052,0.320
264.1537,-1.000,1002.493,1013.099,-5.303,2.487,0.320
264.2510,-1.000,1001.713,1016.277,-7.282,0.513,0.320
264.3475,-0.000,1015.601,1002.269,6.666,11.661,0.320
264.4563,-0.000,1007.795,1012.972,-2.589,2.406,0.320
264.5542,1.000,1019.557,999.832,9.862,12.052,0.320
264.6522,2.000,1023.354,994.025,14.664,14.042,0.320
264.7503,2.000,1001.436,993.209,4.114,4.012,0.180
264.8476,3.000,987.177,981.204,2.986,2.432,0.180
264.9560,3.000,973.871,971.367,1.252,0.695,0.180
265.0540,4.000,961.808,956.818,2.495,1.484,0.180
265.1507,4.000,949.031,946.155,1.438,0.424,0.180
265.2465,4.000,936.860,934.582,1.139,0.121,0.180
265.3549,5.000,924.953,919.368,2.793,1.320,0.180
265.4546,5.000,912.078,908.370,1.854,0.377,0.180
265.5543,5.000,899.757,896.579,1.589,0.108,0.180
265.6516,5.000,887.527,884.494,1.517,0.031,0.180
265.7479,5.000,875.266,872.267,1.499,0.009,0.180
265.8545,5.000,862.947,859.952,1.497,0.003,0.180
265.9531,5.000,850.570,847.570,1.500,0.001,0.180
266.0508,5.000,838.142,835.134,1.504,0.000,0.180
266.1473,5.000,825.669,822.652,1.508,0.000,0.180
266.2566,5.000,813.158,810.132,1.513,0.000,0.180
266.3552,5.000,800.615,797.580,1.517,0.000,0.180
266.4525,4.000,784.867,785.296,-0.215,-1.286,0.180
266.5491,4.000,773.465,772.051,0.707,-0.367,0.180
266.6565,3.000,758.170,759.697,-0.763,-1.391,0.180
266.7537,2.000,743.829,746.837,-1.504,-1.683,0.180
266.8528,2.000,733.062,733.662,-0.300,-0.481,0.180
266.9525,-1.000,711.673,722.002,-5.165,-3.995,0.180
267.0503,-1.000,703.069,707.694,-2.312,-1.141,0.180
267.1496,-0.000,692.533,692.055,0.239,0.960,0.180
267.2490,-4.000,667.127,681.913,-7.393,-4.869,0.180
267.3473,-3.000,659.879,664.245,-2.183,-0.105,0.180
267.4555,-4.000,645.656,653.350,-3.847,-1.316,0.180
267.5544,-6.000,628.914,641.681,-6.384,-2.947,0.180
267.6523,-6.000,620.030,628.597,-4.284,-0.842,0.180
267.7526,-9.000,599.490,617.285,-8.897,-4.098,0.180
267.8499,-3.000,593.241,584.359,4.441,6.544,0.180
267.9497,-2.000,579.302,576.300,1.501,3.155,0.180
268.0467,-1.000,567.584,565.620,0.982,2.187,0.180
268.1542,1.000,556.565,550.781,2.892,3.196,0.180
268.2536,5.000,557.822,542.709,7.556,6.056,0.180
268.3513,7.000,556.958,543.541,6.708,4.302,0.180
268.4494,9.000,557.231,543.001,7.115,3.800,0.180
268.5462,11.000,557.764,542.000,7.882,3.657,0.180
268.6555,14.000,556.004,540.004,8.000,4.902,0.180
268.7525,16.000,555.787,539.787,8.000,3.972,0.180
268.8477,18.000,555.483,539.483,8.000,3.706,0.180
268.9554,20.000,555.104,539.104,8.000,3.630,0.180
269.0510,21.000,556.222,540.222,8.000,2.323,0.180
269.1508,24.000,553.992,537.992,8.000,4.521,0.180
269.2501,25.000,555.037,539.037,8.000,2.577,0.180
269.3482,26.000,555.865,539.865,8.000,2.022,0.180
269.4466,28.000,554.949,538.949,8.000,3.149,0.180
269.5554,29.000,555.611,539.611,8.000,2.185,0.180
269.6545,29.000,557.673,541.673,8.000,0.624,0.180
269.7509,30.000,557.866,541.866,8.000,1.464,0.180
269.8495,31.000,557.970,541.970,8.000,1.704,0.180
269.9488,32.000,557.998,541.998,8.000,1.773,0.180
270.0464,33.000,557.962,541.962,8.000,1.792,0.180
270.1544,34.000,557.871,541.871,8.000,1.798,0.180
270.2510,34.000,559.294,543.294,8.000,0.514,0.180
270.3507,36.000,557.384,541.384,8.000,2.718,0.180
270.4501,37.000,557.200,541.200,8.000,2.062,0.180
270.5496,37.000,558.544,542.544,8.000,0.589,0.180
270.6482,38.000,558.126,542.126,8.000,1.454,0.180
270.7462,38.000,559.271,543.271,8.000,0.415,0.180
270.8445,39.000,558.684,542.684,8.000,1.404,0.180
270.9540,39.000,559.685,543.685,8.000,0.401,0.180
271.0532,40.000,558.976,542.976,8.000,1.400,0.180
271.1516,40.000,559.873,543.873,8.000,0.400,0.180
271.2484,41.000,559.076,543.076,8.000,1.400,0.180
271.3474,41.000,559.898,543.898,8.000,0.400,0.180
271.4463,42.000,559.037,543.037,8.000,1.400,0.180
271.5530,42.000,559.806,543.806,8.000,0.400,0.180
271.6514,43.000,558.898,542.898,8.000,1.400,0.180
271.7475,43.000,559.627,543.627,8.000,0.400,0.180
271.8449,44.000,558.687,542.687,8.000,1.400,0.180
271.9519,44.000,559.388,543.388,8.000,0.400,0.180
272.0511,45.000,558.423,542.423,8.000,1.400,0.180
272.1484,45.000,559.104,543.104,8.000,0.400,0.180
272.2450,46.000,558.122,542.122,8.000,1.400,0.180
272.3543,46.000,558.787,542.787,8.000,0.400,0.180
272.4516,47.000,557.793,541.793,8.000,1.400,0.180
272.5498,47.000,558.448,542.448,8.000,0.400,0.180
272.6448,48.000,557.444,541.444,8.000,1.400,0.180
272.7538,48.000,558.091,542.091,8.000,0.400,0.180
272.8524,49.000,557.081,541.081,8.000,1.400,0.180
272.9503,49.000,557.723,541.723,8.000,0.400,0.180
273.0491,49.000,558.268,542.268,8.000,0.114,0.180
273.1481,48.000,557.292,541.292,8.000,-1.253,0.180
273.2448,47.000,556.522,540.522,8.000,-1.644,0.180
273.3518,47.000,557.367,541.367,8.000,-0.470,0.180
273.4522,47.000,558.086,542.086,8.000,-0.134,0.180
273.5515,47.000,558.697,542.697,8.000,-0.038,0.180
273.6480,47.000,559.216,543.216,8.000,-0.011,0.180
273.7439,47.000,559.657,543.657,8.000,-0.003,0.180
273.8532,47.000,560.032,544.032,8.000,-0.001,0.180
273.9509,47.000,560.351,544.351,8.000,-0.000,0.180
274.0498,47.000,560.622,544.622,8.000,-0.000,0.180
274.1477,46.000,559.413,543.413,8.000,-1.286,0.180
274.2442,46.000,559.885,543.885,8.000,-0.367,0.180
274.3518,46.000,560.286,544.286,8.000,-0.105,0.180
274.4509,46.000,560.627,544.627,8.000,-0.030,0.180
274.5480,46.000,560.916,544.916,8.000,-0.009,0.180
274.6448,46.000,561.163,545.163,8.000,-0.002,0.180
274.7525,45.000,559.932,543.932,8.000,-1.286,0.180
274.8513,45.000,560.386,544.386,8.000,-0.368,0.180
274.9481,45.000,560.772,544.772,8.000,-0.105,0.180
275.0451,45.000,561.100,545.100,8.000,-0.030,0.180
275.1527,44.000,559.939,543.939,8.000,-1.294,0.180
275.2527,44.000,560.451,544.451,8.000,-0.370,0.180
275.3522,43.000,559.447,543.447,8.000,-1.391,0.180
275.4502,43.000,560.094,544.094,8.000,-0.398,0.180
275.5522,42.000,559.204,543.204,8.000,-1.399,0.180
275.6490,41.000,558.507,542.507,8.000,-1.686,0.180
275.7493,40.000,557.975,541.975,8.000,-1.767,0.180
275.8477,39.000,557.582,541.582,8.000,-1.791,0.180
275.9464,38.000,557.309,541.309,8.000,-1.797,0.180
276.0444,38.000,558.576,542.576,8.000,-0.514,0.180
276.1519,36.000,556.773,540.773,8.000,-2.718,0.180
276.2483,36.000,558.241,542.241,8.000,-0.777,0.180
276.3477,35.000,558.049,542.049,8.000,-1.508,0.180
276.4466,35.000,559.385,543.385,8.000,-0.431,0.180
276.5431,34.000,559.081,543.081,8.000,-1.409,0.180
276.6506,33.000,558.883,542.883,8.000,-1.688,0.180
276.7477,33.000,560.214,544.214,8.000,-0.482,0.180
276.8456,32.000,559.906,543.906,8.000,-1.424,0.180
276.9438,33.000,559.584,543.584,8.000,0.879,0.180
277.0498,33.000,560.810,544.810,8.000,0.251,0.180
277.1471,33.000,561.852,545.852,8.000,0.072,0.180
277.2452,33.000,562.738,546.738,8.000,0.021,0.180
277.3522,33.000,563.491,547.491,8.000,0.006,0.180
277.4499,32.000,562.691,546.691,8.000,-1.284,0.180
277.5480,32.000,563.511,547.511,8.000,-0.367,0.180
277.6458,31.000,562.768,546.768,8.000,-1.391,0.180
277.7462,31.000,563.637,547.637,8.000,-0.397,0.180
277.8459,30.000,562.935,546.935,8.000,-1.399,0.180
277.9435,29.000,562.398,546.398,8.000,-1.685,0.180
278.0417,27.000,560.562,544.562,8.000,-3.053,0.180
278.1503,25.000,558.246,543.998,7.124,-3.444,0.180
278.2472,24.000,559.305,543.609,7.848,-2.270,0.180
278.3441,22.000,556.360,544.365,5.998,-3.220,0.180
278.4418,20.000,554.378,544.725,4.826,-3.491,0.180
278.5496,18.000,552.848,545.118,3.865,-3.569,0.180
278.6468,16.000,551.576,545.662,2.957,-3.591,0.180
278.7437,15.000,553.670,546.070,3.800,-2.312,0.180
278.8418,14.000,554.722,547.265,3.728,-1.946,0.180
278.9509,13.000,555.402,548.614,3.394,-1.842,0.180
279.0487,12.000,555.916,549.945,2.985,-1.812,0.180
279.1481,11.000,556.328,551.221,2.553,-1.803,0.180
279.2460,10.000,556.667,552.437,2.115,-1.801,0.180
279.3431,9.000,556.947,553.599,1.674,-1.800,0.180
279.4419,8.000,557.177,554.715,1.231,-1.800,0.180
279.5499,8.000,560.542,555.494,2.524,-0.514,0.180
279.6467,7.000,559.501,557.177,1.162,-1.433,0.180
279.7446,6.000,559.127,558.217,0.455,-1.695,0.180
279.8428,6.000,562.126,558.784,1.671,-0.484,0.180
279.9418,5.000,560.816,560.244,0.286,-1.424,0.180
280.0489,5.000,563.402,560.787,1.308,-0.407,0.180
280.1475,4.000,561.850,562.118,-0.134,-1.402,0.180
280.2464,4.000,564.261,562.519,0.871,-0.401,0.180
280.3451,3.000,562.570,563.721,-0.576,-1.400,0.180
280.4433,3.000,564.864,564.010,0.427,-0.400,0.180
280.5439,3.000,566.251,564.820,0.716,-0.114,0.180
280.6492,2.000,564.092,565.966,-0.937,-1.318,0.180
280.7482,2.000,566.105,566.092,0.007,-0.377,0.180
280.8458,1.000,564.108,567.026,-1.459,-1.393,0.180
280.9435,-0.000,562.976,567.375,-2.200,-1.684,0.180
281.0413,-0.000,565.347,567.340,-0.997,-0.481,0.180
281.1487,-0.000,566.682,567.989,-0.653,-0.137,0.180
281.2459,-1.000,564.327,568.911,-2.292,-1.325,0.180
281.3438,-1.000,566.164,568.856,-1.346,-0.379,0.180
281.4409,-2.000,563.894,569.520,-2.813,-1.394,0.180
281.5499,-2.000,565.705,569.344,-1.819,-0.398,0.180
281.6495,-3.000,563.387,569.933,-3.273,-1.400,0.180
281.7478,-4.000,561.852,569.878,-4.013,-1.686,0.180
281.8484,-6.000,557.283,569.854,-6.286,-3.053,0.180
281.9477,-6.000,560.507,568.728,-4.110,-0.872,0.180
282.0473,-6.000,562.015,569.001,-3.493,-0.249,0.180
282.1435,-5.000,563.242,566.409,-1.584,1.215,0.180
282.2417,-5.000,563.290,568.201,-2.456,0.347,0.180
303.3428,-3.000,-88.519,118.201,-103.360,-94.957,0.320
303.4333,-3.000,1.644,57.672,-28.014,-19.594,0.320
303.5326,-3.000,32.159,57.120,-12.480,-4.043,0.320
303.6417,-3.000,50.473,69.049,-9.288,-0.834,0.320
303.7413,-3.000,66.359,83.644,-8.643,-0.172,0.320
303.8385,-3.000,81.821,98.866,-8.523,-0.036,0.320
303.9346,-3.000,97.260,114.283,-8.511,-0.007,0.320
304.0319,-3.000,112.750,129.795,-8.522,-0.002,0.320
304.1436,-3.000,128.298,145.374,-8.538,-0.000,0.320
304.2416,-3.000,143.897,161.006,-8.555,-0.000,0.320
304.3395,-3.000,159.541,176.684,-8.571,-0.000,0.320
304.4365,-3.000,175.224,192.400,-8.588,-0.000,0.320
304.5333,-2.000,204.220,192.707,5.756,11.556,0.320
304.6408,-2.000,211.379,218.231,-3.426,2.384,0.320
304.7377,-2.000,225.752,236.412,-5.330,0.492,0.320
304.8345,-2.000,241.574,253.037,-5.731,0.102,0.320
304.9423,-2.000,257.659,269.305,-5.823,0.021,0.320
305.0395,-2.000,273.769,285.471,-5.851,0.004,0.320
305.1365,-2.000,289.859,301.590,-5.866,0.001,0.320
305.2338,-2.000,305.923,317.678,-5.878,0.000,0.320
305.3316,-2.000,321.963,333.741,-5.889,0.000,0.320
305.4315,-2.000,337.984,349.784,-5.900,0.000,0.320
305.5401,-2.000,353.987,365.809,-5.911,0.000,0.320
305.6403,-1.000,383.256,366.379,8.439,11.556,0.320
305.7374,-1.000,390.648,392.124,-0.738,2.384,0.320
305.8326,-1.000,405.221,410.493,-2.636,0.492,0.320
305.9405,-1.000,421.212,427.276,-3.032,0.102,0.320
306.0389,-1.000,437.443,443.679,-3.118,0.021,0.320
306.1349,-1.000,453.677,459.958,-3.141,0.004,0.320
306.2316,-0.000,483.154,460.731,11.211,11.556,0.320
306.3381,-0.000,490.726,486.647,2.040,2.385,0.320
306.4384,-1.000,489.172,517.600,-14.214,-11.063,0.320
306.5362,-1.000,514.329,525.207,-5.439,-2.283,0.320
306.6356,-1.000,532.447,539.713,-3.633,-0.471,0.320
306.7318,-1.000,549.068,555.597,-3.265,-0.097,0.320
306.8311,-1.000,565.342,571.728,-3.193,-0.020,0.320
306.9407,-1.000,581.511,587.877,-3.183,-0.004,0.320
307.0304,-2.000,581.350,616.443,-17.546,-11.556,0.320
307.1393,-2.000,606.470,623.241,-8.386,-2.385,0.320
307.2356,-2.000,624.304,637.313,-6.504,-0.492,0.320
307.3365,-2.000,640.631,652.881,-6.125,-0.102,0.320
307.4334,-2.000,656.643,668.754,-6.056,-0.021,0.320
307.5394,-2.000,672.587,684.687,-6.050,-0.004,0.320
307.6375,-2.000,688.514,700.630,-6.058,-0.001,0.320
307.7340,-2.000,704.436,716.572,-6.068,-0.000,0.320
307.8304,-2.000,720.354,732.513,-6.079,-0.000,0.320
307.9314,-2.000,736.270,748.452,-6.091,-0.000,0.320
308.0413,-2.000,752.185,764.388,-6.102,-0.000,0.320
308.1394,-2.000,768.098,780.324,-6.113,-0.000,0.320
308.2384,-1.000,797.291,780.817,8.237,11.556,0.320
308.3351,-2.000,788.337,818.938,-15.301,-9.171,0.320
308.4316,-2.000,811.888,827.954,-8.033,-1.892,0.320
308.5303,-2.000,829.607,842.692,-6.543,-0.391,0.320
308.6299,-3.000,829.806,871.016,-20.605,-11.636,0.320
308.7362,-3.000,855.033,877.807,-11.387,-2.401,0.320
308.8352,-4.000,856.636,904.355,-23.859,-12.051,0.320
308.9341,-4.000,882.030,910.664,-14.317,-2.487,0.320
309.0314,-4.000,899.842,924.574,-12.366,-0.513,0.320
309.1385,-4.000,916.096,940.059,-11.981,-0.106,0.320
309.2358,-4.000,932.034,955.873,-11.920,-0.022,0.320
309.3365,-4.000,947.911,971.760,-11.925,-0.005,0.320
309.4334,-4.000,963.779,987.666,-11.943,-0.001,0.320
309.5316,-4.000,979.649,1003.579,-11.965,-0.000,0.320
309.6302,-3.000,1008.803,1004.055,2.374,11.556,0.320
309.7397,-3.000,1000.179,1013.808,-6.814,2.384,0.320
309.8375,-3.000,998.750,1016.197,-8.723,0.492,0.320
309.9356,-3.000,998.751,1017.012,-9.131,0.102,0.320
310.0324,-3.000,999.000,1017.456,-9.228,0.021,0.320
310.1293,-3.000,999.261,1017.784,-9.261,0.004,0.320
310.2377,-3.000,999.491,1018.055,-9.282,0.001,0.320
310.3372,-3.000,999.687,1018.285,-9.299,0.000,0.320
310.4358,-3.000,999.851,1018.483,-9.316,0.000,0.320
310.5325,-3.000,999.988,1018.654,-9.333,0.000,0.320
310.6302,-3.000,1000.102,1018.801,-9.350,0.000,0.320
310.7382,-3.000,1000.196,1018.929,-9.367,0.000,0.320
310.8364,-3.000,1000.274,1019.041,-9.383,0.000,0.320
310.9354,-3.000,1000.337,1019.138,-9.400,0.000,0.320
311.0332,-3.000,1000.389,1019.223,-9.417,0.000,0.320
311.1308,-3.000,1000.430,1019.297,-9.434,0.000,0.320
311.2379,-3.000,1000.462,1019.364,-9.451,0.000,0.320
311.3357,-3.000,1000.488,1019.422,-9.467,0.000,0.320
311.4340,-3.000,1000.506,1019.475,-9.484,0.000,0.320
311.5331,-2.000,1013.801,1004.081,4.860,11.556,0.320
311.6311,-2.000,1005.227,1013.871,-4.322,2.384,0.320
311.7285,-2.000,1003.839,1016.291,-6.226,0.492,0.320
311.8381,-2.000,1003.877,1017.132,-6.627,0.102,0.320
311.9366,-2.000,1004.158,1017.597,-6.719,0.021,0.320
312.0338,-2.000,1004.448,1017.942,-6.747,0.004,0.320
312.1311,-2.000,1004.703,1018.226,-6.762,0.001,0.320
312.2290,-2.000,1004.920,1018.467,-6.774,0.000,0.320
312.3382,-2.000,1005.104,1018.673,-6.785,0.000,0.320
312.4363,-2.000,1005.258,1018.850,-6.796,0.000,0.320
312.5339,-2.000,1005.387,1019.002,-6.807,0.000,0.320
312.6342,-2.000,1005.496,1019.133,-6.819,0.000,0.320
312.7309,-2.000,1005.586,1019.246,-6.830,0.000,0.320
312.8283,-2.000,1005.662,1019.344,-6.841,0.000,0.320
312.9370,-2.000,1005.724,1019.428,-6.852,0.000,0.320
313.0357,-2.000,1005.775,1019.502,-6.863,0.000,0.320
313.1350,-2.000,1005.817,1019.566,-6.875,0.000,0.320
313.2341,-2.000,1005.851,1019.623,-6.886,0.000,0.320
313.3339,-2.000,1005.878,1019.672,-6.897,0.000,0.320
313.4317,-2.000,1005.900,1019.716,-6.908,0.000,0.320
313.5319,-2.000,1005.916,1019.755,-6.919,0.000,0.320
313.6289,-1.000,1019.210,1004.348,7.431,11.556,0.320
313.7386,-1.000,1010.635,1014.127,-1.746,2.384,0.320
313.8356,-0.000,1022.530,1001.096,10.717,12.048,0.320
313.9323,-0.000,1013.985,1011.674,1.155,2.486,0.320
314.0309,1.000,1025.318,998.231,13.544,12.069,0.320
314.1281,1.000,1016.348,1008.406,3.971,2.490,0.320
314.2362,1.000,1014.889,1010.889,2.000,0.514,0.320
314.3332,2.000,1027.364,995.446,15.959,11.662,0.320
314.4301,3.000,1030.799,988.647,21.076,13.962,0.320
314.5275,3.000,1019.805,999.781,10.012,2.881,0.320
314.6370,3.000,1017.596,1002.111,7.742,0.594,0.320
314.7343,3.000,1017.191,1002.617,7.287,0.123,0.320
314.8314,3.000,1017.154,1002.741,7.207,0.025,0.320
314.9283,4.000,1029.629,986.500,21.565,11.561,0.320
315.0379,4.000,1020.375,995.552,12.412,2.386,0.320
315.1371,4.000,1018.419,997.337,10.541,0.492,0.320
315.2355,4.000,1017.978,997.632,10.173,0.102,0.320
315.3321,4.000,1017.857,997.629,10.114,0.021,0.320
315.4307,4.000,1017.811,997.570,10.120,0.004,0.320
315.5285,4.000,1017.785,997.507,10.139,0.001,0.320
315.6390,4.000,1017.769,997.447,10.161,0.000,0.320
315.7355,4.000,1017.759,997.392,10.183,0.000,0.320
315.8355,4.000,1017.754,997.343,10.205,0.000,0.320
315.9324,4.000,1017.753,997.297,10.228,0.000,0.320
316.0304,4.000,1017.755,997.255,10.250,0.000,0.320
316.1294,5.000,1030.202,980.934,24.634,11.556,0.320
316.2362,5.000,1020.912,989.931,15.491,2.384,0.320
316.3318,5.000,1018.924,991.671,13.626,0.492,0.320
316.4296,4.000,1003.014,1005.209,-1.097,-11.454,0.320
316.5276,4.000,1012.619,996.588,8.016,-2.364,0.320
316.6360,4.000,1014.936,995.108,9.914,-0.488,0.320
316.7335,4.000,1015.701,995.054,10.323,-0.101,0.320
316.8321,4.000,980.321,1000.168,9.679,-0.021,0.180
316.9291,4.000,948.757,1001.230,9.716,-0.004,0.180
317.0263,4.000,919.844,999.443,9.741,-0.001,0.180
317.1351,5.000,900.566,984.250,18.936,6.568,0.180
317.2311,5.000,870.628,983.114,13.776,1.383,0.180
317.3315,6.000,853.799,965.156,21.884,6.860,0.180
317.4316,6.000,826.641,960.969,16.500,1.444,0.180
317.5288,6.000,804.949,951.244,15.391,0.304,0.180
317.6363,6.000,785.168,939.545,15.182,0.064,0.180
317.7343,7.000,773.810,915.771,24.337,6.582,0.180
317.8306,8.000,758.012,896.332,28.351,7.954,0.180
317.9279,8.000,734.358,888.260,22.113,1.675,0.180
318.0277,9.000,723.571,863.705,30.006,6.921,0.180
318.1361,10.000,709.074,842.787,33.762,8.025,0.180
318.2332,11.000,694.071,822.312,36.652,8.258,0.180
318.3316,12.000,679.198,801.655,39.363,8.307,0.180
318.4279,13.000,664.553,780.724,42.041,8.317,0.180
318.5361,14.000,650.127,759.536,44.716,8.319,0.180
318.6353,15.000,635.894,738.123,47.395,8.320,0.180
318.7303,16.000,621.826,716.517,50.078,8.320,0.180
318.8274,17.000,607.900,694.745,52.766,8.320,0.180
318.9256,18.000,594.095,672.833,55.460,8.320,0.180
319.0358,18.000,573.020,661.773,48.985,1.752,0.180
319.1334,19.000,564.618,634.486,56.870,6.937,0.180
319.2306,20.000,552.090,611.303,60.561,8.029,0.180
319.3308,21.000,538.757,588.907,63.391,8.259,0.180
319.4286,21.000,517.923,577.598,56.871,1.739,0.180
319.5349,22.000,509.675,550.149,64.667,6.934,0.180
319.6320,22.000,505.592,553.946,59.192,1.460,0.180
319.7296,23.000,512.990,542.704,67.208,6.876,0.180
319.8284,23.000,508.537,546.891,61.780,1.448,0.180
319.9259,23.000,508.223,546.978,60.637,0.305,0.180
320.0260,24.000,516.055,535.353,69.565,6.633,0.180
320.1334,25.000,518.756,528.828,73.497,7.965,0.180
320.2308,25.000,512.922,534.412,67.209,1.677,0.180
320.3288,26.000,519.352,524.170,75.054,6.921,0.180
320.4254,26.000,514.186,529.095,69.590,1.457,0.180
320.5344,26.000,513.288,529.788,68.439,0.307,0.180
320.6325,27.000,520.629,518.673,77.365,6.633,0.180
320.7267,27.000,515.546,523.549,72.129,1.396,0.180
320.8348,27.000,514.573,524.345,71.026,0.294,0.180
320.9315,28.000,521.820,513.348,79.963,6.630,0.180
321.0300,27.000,506.281,526.299,65.560,-5.173,0.180
321.1298,28.000,518.267,511.513,78.812,5.479,0.180
321.2275,27.000,503.997,524.004,65.318,-5.415,0.180
321.3270,26.000,498.744,528.344,60.424,-7.708,0.180
321.4358,26.000,506.024,523.289,66.510,-1.623,0.180
321.5335,24.000,487.584,538.820,49.454,-13.478,0.180
321.6306,23.000,489.679,537.851,50.926,-9.406,0.180
321.7264,23.000,499.134,532.354,58.352,-1.980,0.180
321.8333,21.000,481.686,548.366,41.579,-13.554,0.180
321.9321,20.000,484.444,547.988,43.111,-9.422,0.180
322.0290,19.000,484.155,550.899,41.479,-8.552,0.180
322.1251,16.000,462.526,570.558,20.809,-21.506,0.180
322.2319,14.000,462.525,573.084,19.523,-17.664,0.180
322.3297,12.000,459.888,579.067,15.194,-16.856,0.180
322.4296,11.000,467.322,578.077,19.390,-10.117,0.180
322.5285,9.000,458.872,590.205,9.087,-15.267,0.180
322.6271,6.000,444.425,606.578,-6.334,-22.919,0.180
322.7245,3.000,436.758,617.682,-15.730,-24.530,0.180
322.8325,2.000,451.735,612.226,-5.522,-11.733,0.180
322.9291,-1.000,434.841,631.813,-23.770,-22.175,0.180
323.0266,-3.000,436.047,634.697,-24.615,-17.805,0.180
323.1251,-4.000,443.857,632.763,-19.748,-10.317,0.180
323.2240,-6.000,434.036,643.378,-29.971,-15.309,0.180
323.3316,-8.000,427.485,649.405,-36.263,-16.360,0.180
323.4324,-10.000,421.192,654.052,-41.737,-16.581,0.180
323.5315,-11.000,425.560,650.685,-37.872,-10.059,0.180
323.6294,-14.000,402.451,666.845,-57.509,-21.823,0.180
323.7291,-14.000,421.155,651.234,-40.353,-4.594,0.180
323.8278,-15.000,415.052,656.366,-45.972,-7.536,0.180
323.9264,-17.000,400.065,666.328,-58.448,-14.723,0.180
324.0335,-18.000,401.492,663.029,-56.086,-9.668,0.180
324.1309,-20.000,387.893,670.837,-66.791,-15.172,0.180
324.2295,-20.000,400.411,659.397,-54.812,-3.194,0.180
324.3306,-22.000,381.455,672.070,-70.628,-13.809,0.180
324.4304,-23.000,381.719,668.865,-68.894,-9.476,0.180
324.5287,-24.000,378.481,669.002,-70.582,-8.563,0.180
324.6278,-25.000,374.457,669.792,-72.990,-8.371,0.180
324.7341,-26.000,370.222,670.676,-75.549,-8.331,0.180
324.8315,-27.000,365.908,671.544,-78.141,-8.322,0.180
324.9290,-27.000,372.513,665.008,-71.570,-1.752,0.180
325.0284,-28.000,362.958,671.023,-79.356,-6.937,0.180
325.1256,-28.000,368.430,665.541,-73.879,-1.460,0.180
325.2245,-29.000,358.611,671.752,-81.894,-6.876,0.180
325.3337,-29.000,364.006,666.290,-76.466,-1.448,0.180
325.4306,-30.000,354.152,672.487,-84.491,-6.873,0.180
325.5286,-30.000,359.524,667.007,-79.065,-1.447,0.180
325.6286,-31.000,349.652,673.187,-87.091,-6.873,0.180
325.7286,-31.000,355.009,667.691,-81.665,-1.447,0.180
325.8255,-32.000,345.124,673.859,-89.691,-6.873,0.180
325.9326,-32.000,350.470,668.353,-84.265,-1.447,0.180
326.0302,-33.000,340.576,674.511,-92.291,-6.873,0.180
326.1296,-33.000,345.915,668.997,-86.865,-1.447,0.180
326.2283,-33.000,346.982,667.780,-85.723,-0.305,0.180
326.3272,-33.000,347.159,667.476,-85.482,-0.064,0.180
326.4253,-33.000,347.156,667.371,-85.432,-0.014,0.180
326.5243,-33.000,347.121,667.315,-85.421,-0.003,0.180
326.6231,-33.000,347.084,667.274,-85.419,-0.001,0.180
326.7334,-33.000,347.052,667.240,-85.418,-0.000,0.180
326.8318,-33.000,347.024,667.212,-85.418,-0.000,0.180
326.9288,-33.000,347.000,667.188,-85.418,-0.000,0.180
327.0258,-32.000,354.948,656.799,-76.250,6.568,0.180
327.1238,-32.000,350.225,662.447,-81.435,1.383,0.180
327.2308,-31.000,357.495,653.564,-73.359,6.860,0.180
327.3289,-31.000,352.894,659.794,-78.774,1.444,0.180
327.4264,-30.000,360.415,651.257,-70.746,6.872,0.180
327.5244,-29.000,364.026,647.383,-67.003,8.015,0.180
327.6320,-29.000,359.086,655.099,-73.331,1.687,0.180
327.7298,-28.000,366.902,647.243,-65.495,6.924,0.180
327.8303,-28.000,362.919,654.191,-70.961,1.458,0.180
327.9283,-27.000,370.997,646.234,-62.943,6.875,0.180
328.0273,-27.000,367.121,653.214,-68.371,1.447,0.180
328.1256,-26.000,375.265,645.306,-60.345,6.873,0.180
328.2242,-26.000,371.440,652.334,-65.771,1.447,0.180
328.3318,-25.000,379.627,644.468,-57.745,6.873,0.180
328.4307,-24.000,383.805,641.163,-54.003,8.015,0.180
328.5295,-24.000,379.349,649.362,-60.331,1.687,0.180
328.6271,-23.000,387.575,641.916,-52.495,6.924,0.180
328.7267,-22.000,391.910,638.845,-48.792,8.026,0.180
328.8245,-22.000,387.610,647.219,-55.129,1.690,0.180
328.9226,-21.000,395.976,639.916,-47.294,6.924,0.180
329.0320,-21.000,392.462,647.334,-52.761,1.458,0.180
329.1294,-20.000,400.938,639.776,-44.743,6.875,0.180
329.2264,-20.000,397.401,647.094,-50.171,1.447,0.180
329.3234,-19.000,405.734,639.573,-42.244,6.873,0.180
329.4314,-18.000,410.029,636.570,-38.595,8.015,0.180
329.5313,-17.000,413.630,634.667,-35.843,8.256,0.180
329.6305,-16.000,417.218,633.121,-33.276,8.306,0.180
329.7278,-15.000,420.919,631.757,-30.743,8.317,0.180
329.8262,-14.000,424.742,630.520,-28.214,8.319,0.180
329.9233,-12.000,436.647,619.013,-16.507,14.888,0.180
330.0302,-11.000,435.974,623.625,-19.150,9.703,0.180
330.1258,-10.000,439.404,624.142,-17.694,8.611,0.180
330.2237,-8.000,451.679,613.423,-6.197,14.950,0.180
330.3332,-7.000,451.470,618.555,-8.867,9.716,0.180
330.4328,-6.000,455.328,619.480,-7.400,8.614,0.180
330.5311,-4.000,467.977,609.097,4.116,14.950,0.180
330.6296,-4.000,460.117,624.884,-7.708,3.147,0.180
330.7313,-3.000,468.953,620.385,-1.040,7.231,0.180
330.8298,-2.000,474.546,619.079,2.409,8.091,0.180
330.9281,-2.000,471.470,628.798,-3.989,1.703,0.180
331.0270,-1.000,480.912,622.604,3.830,6.927,0.180
331.1274,-1.000,478.318,630.958,-1.644,1.458,0.180
331.2262,-1.000,479.610,634.562,-2.801,0.307,0.180
331.3237,-1.000,481.443,636.890,-3.048,0.065,0.180
331.4226,-1.000,483.156,638.715,-3.104,0.014,0.180
331.5314,-1.000,484.643,640.235,-3.120,0.003,0.180
331.6314,-1.000,485.914,641.520,-3.128,0.001,0.180
331.7293,-1.000,486.994,642.612,-3.133,0.000,0.180
331.8273,-1.000,487.912,643.541,-3.139,0.000,0.180
331.9258,-0.000,496.665,633.957,6.030,6.568,0.180
332.0250,-0.000,492.627,640.290,0.844,1.383,0.180
332.1230,-0.000,492.510,642.356,-0.248,0.291,0.180
332.2211,-0.000,493.109,643.415,-0.477,0.061,0.180
332.3281,1.000,501.139,633.194,8.648,6.581,0.180
332.4256,1.000,496.517,638.954,3.457,1.386,0.180
332.5223,1.000,495.912,640.526,2.369,0.292,0.180
332.6299,1.000,496.098,641.162,2.143,0.061,0.180
332.7265,2.000,503.777,630.581,11.274,6.581,0.180
332.8227,2.000,498.859,636.033,6.088,1.386,0.180
332.9300,3.000,505.376,626.370,14.179,6.860,0.180
333.0289,3.000,500.138,631.933,8.778,1.444,0.180
333.1270,3.000,499.152,633.196,7.654,0.304,0.180
333.2236,2.000,488.672,641.511,-1.744,-6.504,0.180
333.3310,2.000,494.397,636.946,3.401,-1.369,0.180
333.4298,1.000,485.608,644.321,-4.681,-6.857,0.180
333.5271,1.000,491.925,639.802,0.737,-1.444,0.180
333.6234,1.000,493.834,639.421,1.882,-0.304,0.180
333.7210,-0.000,484.356,647.799,-7.046,-6.632,0.180
333.8291,-0.000,490.624,643.595,-1.810,-1.396,0.180
333.9267,-0.000,492.603,643.370,-0.708,-0.294,0.180
334.0236,-0.000,493.581,643.884,-0.476,-0.062,0.180
334.1204,-1.000,483.290,651.843,-9.601,-6.581,0.180
334.2267,-1.000,488.990,647.161,-4.410,-1.386,0.180
334.3252,-1.000,490.511,646.504,-3.321,-0.292,0.180
334.4237,-2.000,480.130,654.021,-12.270,-6.630,0.180
334.5216,-2.000,485.636,649.079,-7.046,-1.396,0.180
334.6300,-2.000,486.968,648.228,-5.955,-0.294,0.180
334.7288,-2.000,487.393,648.210,-5.733,-0.062,0.180
334.8270,-2.000,487.605,648.345,-5.695,-0.013,0.180
334.9244,-3.000,476.779,655.867,-14.868,-6.571,0.180
335.0212,-3.000,482.046,650.790,-9.696,-1.383,0.180
335.1201,-3.000,483.204,649.794,-8.620,-0.291,0.180
335.2299,-3.000,483.487,649.649,-8.405,-0.061,0.180
335.3271,-4.000,472.605,657.048,-17.546,-6.581,0.180
335.4254,-4.000,477.800,651.893,-12.371,-1.386,0.180
335.5239,-4.000,478.890,650.837,-11.298,-0.292,0.180
335.6220,-4.000,479.113,650.641,-11.089,-0.061,0.180
335.7298,-4.000,479.153,650.626,-11.061,-0.013,0.180
335.8279,-4.000,479.153,650.647,-11.071,-0.003,0.180
335.9241,-4.000,479.143,650.674,-11.090,-0.001,0.180
336.0209,-4.000,479.130,650.702,-11.110,-0.000,0.180
336.1189,-4.000,479.116,650.729,-11.131,-0.000,0.180
336.2263,-4.000,479.100,650.755,-11.152,-0.000,0.180
336.3260,-4.000,479.084,650.781,-11.173,-0.000,0.180
336.4247,-4.000,479.067,650.805,-11.194,-0.000,0.180
336.5224,-3.000,487.023,640.456,-2.041,6.568,0.180
336.6213,-3.000,482.305,646.140,-7.242,1.383,0.180
336.7284,-3.000,481.608,647.658,-8.349,0.291,0.180
336.8266,-3.000,481.711,648.252,-8.595,0.061,0.180
336.9244,-3.000,481.944,648.612,-8.659,0.013,0.180
337.0234,-3.000,482.170,648.890,-8.684,0.003,0.180
337.1210,-3.000,482.367,649.122,-8.702,0.001,0.180
337.2190,-3.000,482.533,649.320,-8.718,0.000,0.180
337.3291,-3.000,482.672,649.491,-8.734,0.000,0.180
337.4183,-3.000,482.788,649.638,-8.750,0.000,0.180
337.5263,-3.000,482.884,649.765,-8.765,0.000,0.180
337.6244,-3.000,482.963,649.876,-8.781,0.000,0.180
337.7212,-3.000,483.029,649.972,-8.796,0.000,0.180
337.8219,-3.000,483.082,650.057,-8.812,0.000,0.180
337.9211,-3.000,483.124,650.131,-8.828,0.000,0.180
338.0292,-3.000,483.158,650.196,-8.843,0.000,0.180
338.1271,-3.000,483.185,650.254,-8.859,0.000,0.180
338.2260,-2.000,491.179,639.931,0.299,6.568,0.180
338.3226,-2.000,486.493,645.638,-4.897,1.383,0.180
338.4189,-2.000,485.825,647.174,-5.999,0.291,0.180
338.5295,-2.000,485.954,647.783,-6.239,0.061,0.180
338.6268,-1.000,494.182,637.782,2.876,6.581,0.180
338.7247,-1.000,489.728,643.729,-2.325,1.386,0.180
338.8224,-1.000,489.263,645.463,-3.424,0.292,0.180
338.9202,-1.000,489.567,646.237,-3.660,0.061,0.180
339.0197,-1.000,489.972,646.749,-3.713,0.013,0.180
339.1196,-0.000,498.319,636.781,5.445,6.571,0.180
339.2180,-0.000,493.943,642.780,0.257,1.383,0.180
339.3266,-0.000,493.540,644.562,-0.835,0.291,0.180
339.4245,1.000,501.270,634.404,8.109,6.630,0.180
339.5213,1.000,496.509,640.101,2.880,1.396,0.180
339.6287,1.000,495.811,641.596,1.783,0.294,0.180
339.7256,2.000,503.296,631.187,10.730,6.630,0.180
339.8224,2.000,498.329,636.669,5.506,1.396,0.180
339.9212,2.000,497.457,637.979,4.414,0.294,0.180
340.0202,3.000,504.795,627.413,13.366,6.630,0.180
340.1175,3.000,499.704,632.760,8.148,1.396,0.180
340.2252,3.000,498.727,633.955,7.061,0.294,0.180
340.3222,3.000,498.603,634.264,6.845,0.062,0.180
340.4202,3.000,498.648,634.376,6.812,0.013,0.180
340.5191,3.000,498.720,634.438,6.817,0.003,0.180
340.6182,3.000,498.791,634.481,6.830,0.001,0.180
340.7277,3.000,498.854,634.515,6.845,0.000,0.180
340.8276,3.000,498.911,634.540,6.861,0.000,0.180
340.9256,3.000,498.961,634.559,6.876,0.000,0.180
341.0213,3.000,499.007,634.574,6.892,0.000,0.180
341.1191,2.000,488.674,642.557,-2.266,-6.568,0.180
341.2273,2.000,494.371,637.862,2.930,-1.383,0.180
341.3246,2.000,495.900,637.186,4.032,-0.291,0.180
341.4213,3.000,503.876,626.335,13.446,6.507,0.180
341.5193,3.000,499.032,631.734,8.324,1.370,0.180
341.6269,3.000,498.202,633.037,7.258,0.288,0.180
341.7277,3.000,498.191,633.449,7.046,0.061,0.180
341.8280,4.000,505.703,622.679,16.188,6.581,0.180
341.9262,4.000,500.643,627.969,11.013,1.386,0.180
342.0230,5.000,507.042,618.166,19.113,6.860,0.180
342.1198,5.000,501.705,623.609,13.724,1.444,0.180
342.2180,5.000,500.636,624.768,12.609,0.304,0.180
342.3265,5.000,500.460,625.021,12.395,0.064,0.180
342.4234,4.000,490.095,633.052,3.197,-6.555,0.180
342.5215,3.000,485.425,636.337,-0.781,-7.948,0.180
342.6196,3.000,492.627,630.958,5.510,-1.673,0.180
342.7185,2.000,484.365,638.370,-2.327,-6.921,0.180
342.8268,1.000,480.604,642.008,-6.027,-8.025,0.180
342.9253,1.000,488.393,637.115,0.315,-1.690,0.180
343.0214,-0.000,480.589,644.980,-7.520,-6.924,0.180
343.1195,-1.000,476.608,648.413,-11.227,-8.026,0.180
343.2191,-1.000,484.206,643.349,-4.896,-1.690,0.180
343.3173,-1.000,486.612,643.098,-3.567,-0.356,0.180
343.4273,-1.000,487.803,643.738,-3.292,-0.075,0.180
343.5233,-1.000,488.635,644.462,-3.238,-0.016,0.180
343.6214,-1.000,489.304,645.116,-3.230,-0.003,0.180
343.7190,-1.000,489.864,645.681,-3.233,-0.001,0.180
343.8260,-1.000,490.337,646.163,-3.238,-0.000,0.180
343.9248,-1.000,490.738,646.575,-3.243,-0.000,0.180
344.0226,-1.000,491.078,646.925,-3.248,-0.000,0.180
344.1212,-1.000,491.366,647.224,-3.253,-0.000,0.180
344.2208,-1.000,491.611,647.479,-3.258,-0.000,0.180
344.3185,-0.000,499.791,637.322,5.910,6.568,0.180
344.4274,-0.000,495.266,643.168,0.725,1.383,0.180
344.5239,1.000,502.109,633.847,8.806,6.860,0.180
344.6258,1.000,497.146,639.705,3.396,1.444,0.180
344.7237,1.000,496.391,641.219,2.261,0.304,0.180
344.8235,1.000,496.479,641.777,2.026,0.064,0.180
344.9204,2.000,504.082,631.123,11.155,6.582,0.180
345.0186,2.000,499.099,636.513,5.969,1.386,0.180
345.1185,2.000,498.189,637.769,4.885,0.292,0.180
345.2169,2.000,498.116,638.136,4.665,0.061,0.180
345.3165,2.000,498.202,638.299,4.627,0.013,0.180
345.4158,2.000,498.309,638.405,4.628,0.003,0.180
345.5255,2.000,498.407,638.487,4.636,0.001,0.180
345.6253,1.000,488.120,646.527,-4.528,-6.568,0.180
345.7215,-0.000,483.483,649.855,-8.511,-7.951,0.180
345.8206,-1.000,479.730,651.895,-11.407,-8.242,0.180
345.9208,-1.000,487.003,646.165,-4.905,-1.735,0.180
346.0178,-2.000,478.051,652.830,-12.714,-6.934,0.180
346.1250,-3.000,473.068,655.268,-16.424,-8.028,0.180
346.2225,-3.000,479.809,649.364,-10.102,-1.690,0.180
346.3253,-3.000,481.484,648.401,-8.783,-0.356,0.180
346.4253,-4.000,471.078,655.812,-17.691,-6.643,0.180
346.5246,-4.000,476.529,650.815,-12.467,-1.399,0.180
346.6245,-5.000,466.832,657.298,-20.558,-6.863,0.180
346.7217,-6.000,461.384,659.413,-24.339,-8.013,0.180
346.8187,-6.000,467.763,653.202,-18.044,-1.687,0.180
346.9168,-7.000,458.161,659.347,-25.917,-6.924,0.180
347.0161,-8.000,452.648,661.321,-29.661,-8.026,0.180
347.1250,-9.000,447.965,662.396,-32.540,-8.258,0.180
347.2223,-9.000,454.405,655.890,-26.067,-1.739,0.180
347.3211,-10.000,444.728,661.910,-33.915,-6.934,0.180
347.4182,-10.000,450.097,656.433,-28.493,-1.460,0.180
347.5160,-11.000,440.178,662.660,-36.566,-6.876,0.180
347.6230,-11.000,445.480,657.220,-31.195,-1.448,0.180
347.7215,-11.000,446.506,656.076,-30.109,-0.305,0.180
347.8198,-11.000,446.640,655.842,-29.926,-0.064,0.180
347.9167,-12.000,435.617,663.180,-39.106,-6.582,0.180
348.0244,-12.000,440.685,657.980,-33.972,-1.386,0.180
348.1204,-12.000,441.660,656.892,-32.940,-0.292,0.180
348.2174,-12.000,441.781,656.677,-32.773,-0.061,0.180
348.3148,-13.000,430.753,664.024,-41.960,-6.581,0.180
348.4240,-13.000,435.816,658.831,-36.832,-1.386,0.180
348.5210,-14.000,425.814,665.124,-44.979,-6.860,0.180
348.6199,-14.000,431.081,659.704,-39.636,-1.444,0.180
348.7179,-13.000,440.056,648.198,-29.395,6.264,0.180
348.8246,-13.000,435.468,653.636,-34.408,1.319,0.180
348.9243,-12.000,442.694,644.732,-26.343,6.846,0.180
349.0222,-11.000,445.987,640.612,-22.637,8.010,0.180
349.1199,-10.000,448.729,637.768,-19.844,8.255,0.180
349.2175,-9.000,451.590,635.420,-17.239,8.306,0.180
349.3150,-9.000,446.704,643.742,-23.844,1.749,0.180
349.4241,-9.000,446.737,646.630,-25.271,0.368,0.180
349.5210,-8.000,455.614,637.835,-16.435,6.646,0.180
349.6170,-7.000,459.834,634.285,-12.550,7.968,0.180
349.7151,-7.000,455.293,642.396,-18.876,1.677,0.180
349.8139,-7.000,455.449,645.274,-20.237,0.353,0.180
349.9225,-7.000,456.423,646.879,-20.552,0.074,0.180
350.0204,-6.000,465.398,637.696,-11.473,6.584,0.180
350.1182,-6.000,461.581,644.337,-16.703,1.386,0.180
350.2160,-6.000,461.655,646.662,-17.828,0.292,0.180
350.3147,-6.000,462.413,647.944,-18.090,0.061,0.180
350.4246,-7.000,452.227,656.264,-27.343,-6.555,0.180
350.5214,-6.000,466.047,641.458,-13.030,5.188,0.180
350.6201,-5.000,470.974,636.293,-7.984,7.661,0.180
350.7182,-4.000,474.272,633.392,-4.884,8.181,0.180
350.8205,-3.000,477.435,631.167,-2.190,8.291,0.180
350.9168,-2.000,480.746,629.253,0.422,8.314,0.180
351.0162,-1.000,484.240,627.547,3.022,8.319,0.180
351.1140,-0.000,487.901,626.006,5.623,8.320,0.180
351.2207,1.000,491.107,624.001,8.228,8.320,0.180
351.3205,2.000,493.928,621.601,10.839,8.320,0.180
351.4184,2.000,489.049,629.838,4.281,1.752,0.180
351.5161,3.000,496.477,621.664,12.082,6.937,0.180
351.6154,3.000,492.199,628.309,6.621,1.460,0.180
351.7153,3.000,492.068,630.452,5.484,0.307,0.180
351.8138,3.000,492.695,631.534,5.256,0.065,0.180
351.9220,3.000,493.386,632.296,5.221,0.014,0.180
352.0198,3.000,494.009,632.908,5.226,0.003,0.180
352.1166,2.000,484.173,641.394,-3.935,-6.568,0.180
352.2150,1.000,479.922,645.098,-7.913,-7.951,0.180
352.3146,1.000,487.471,640.083,-1.630,-1.674,0.180
352.4141,1.000,489.875,639.833,-0.304,-0.352,0.180
352.5230,1.000,491.074,640.465,-0.020,-0.074,0.180
352.6127,2.000,499.290,630.206,9.217,6.553,0.180
352.7218,3.000,502.132,625.027,13.228,7.948,0.180
352.8205,3.000,496.380,631.793,6.969,1.673,0.180
352.9181,3.000,495.505,633.529,5.664,0.352,0.180
353.0146,4.000,502.982,623.184,14.575,6.643,0.180
353.1202,4.000,498.040,628.689,9.351,1.398,0.180
353.2182,4.000,497.196,630.011,8.268,0.294,0.180
353.3168,5.000,504.561,619.452,17.230,6.630,0.180
353.4154,5.000,499.496,624.804,12.022,1.396,0.180
353.5135,5.000,498.541,626.001,10.946,0.294,0.180
353.6214,6.000,505.812,615.336,19.913,6.630,0.180
353.7191,6.000,500.666,620.597,14.710,1.396,0.180
353.8165,6.000,499.644,621.717,13.639,0.294,0.180
353.9160,6.000,499.485,621.959,13.438,0.062,0.180
354.0159,6.000,499.503,622.013,13.421,0.013,0.180
354.1129,6.000,499.554,622.022,13.442,0.003,0.180
354.2205,7.000,506.982,611.045,22.644,6.569,0.180
354.3208,7.000,501.824,616.186,17.495,1.383,0.180
354.4208,8.000,508.135,606.261,25.613,6.860,0.180
354.5173,8.000,502.726,611.599,20.239,1.444,0.180
354.6164,8.000,501.596,612.667,19.141,0.304,0.180
354.7133,8.000,501.372,612.839,18.942,0.064,0.180
354.8124,8.000,501.341,612.826,18.933,0.013,0.180
354.9216,8.000,501.353,612.776,18.964,0.003,0.180
355.0204,7.000,491.003,620.694,9.830,-6.568,0.180
355.1153,7.000,496.691,615.939,15.051,-1.383,0.180
355.2114,6.000,487.842,623.181,7.006,-6.860,0.180
355.3184,6.000,494.105,618.552,12.452,-1.444,0.180
355.4144,6.000,495.971,618.075,13.624,-0.304,0.180
355.5118,5.000,486.459,626.368,4.721,-6.632,0.180
355.6210,4.000,482.329,630.061,0.810,-7.965,0.180
355.7186,4.000,489.953,625.067,7.118,-1.677,0.180
355.8173,4.000,492.414,624.839,8.463,-0.353,0.180
355.9150,3.000,483.290,633.463,-0.411,-6.643,0.180
356.0217,3.000,489.837,629.491,4.849,-1.398,0.180
356.1186,2.000,481.677,637.439,-3.205,-6.863,0.180
356.2155,2.000,488.516,633.420,2.223,-1.445,0.180
356.3114,2.000,490.865,633.468,3.374,-0.304,0.180
356.4180,2.000,492.135,634.236,3.625,-0.064,0.180
356.5149,2.000,493.062,635.041,3.686,-0.013,0.180
356.6122,2.000,493.819,635.756,3.707,-0.003,0.180
356.7218,2.000,494.457,636.369,3.719,-0.001,0.180
356.8202,2.000,495.000,636.890,3.730,-0.000,0.180
356.9168,2.000,495.462,637.332,3.741,-0.000,0.180
357.0145,2.000,495.857,637.705,3.751,-0.000,0.180
357.1126,2.000,496.194,638.021,3.762,-0.000,0.180
357.2111,1.000,486.108,646.262,-5.402,-6.568,0.180
357.3188,-0.000,481.641,649.761,-9.384,-7.951,0.180
357.4157,-1.000,478.033,651.946,-12.281,-8.242,0.180
357.5123,-2.000,474.457,653.713,-14.952,-8.304,0.180
357.6192,-4.000,459.786,662.646,-26.755,-14.885,0.180
357.7162,-5.000,461.104,658.851,-24.198,-9.702,0.180
357.8166,-6.000,458.211,659.038,-25.738,-8.611,0.180
357.9133,-7.000,454.355,659.994,-28.144,-8.381,0.180
358.0111,-8.000,450.229,661.055,-30.738,-8.333,0.180
358.1191,-9.000,445.990,662.089,-33.374,-8.323,0.180
358.2154,-10.000,441.678,663.077,-36.024,-8.321,0.180
358.3136,-9.000,456.255,646.274,-20.334,4.817,0.180
358.4112,-9.000,452.960,650.677,-24.183,1.014,0.180
358.5183,-9.000,452.584,651.996,-25.030,0.213,0.180
358.6163,-9.000,452.768,652.611,-25.246,0.045,0.180
358.7135,-9.000,453.026,653.034,-25.328,0.009,0.180
358.8103,-9.000,453.261,653.377,-25.382,0.002,0.180
358.9185,-9.000,453.459,653.671,-25.431,0.000,0.180
359.0176,-9.000,453.621,653.928,-25.478,0.000,0.180
359.1196,-8.000,461.725,643.778,-16.351,6.568,0.180
359.2201,-8.000,457.129,649.637,-21.578,1.383,0.180
359.3198,-8.000,456.532,651.306,-22.712,0.291,0.180
359.4174,-7.000,464.690,641.660,-13.809,6.630,0.180
359.5141,-7.000,460.287,647.798,-19.080,1.396,0.180
359.6111,-6.000,467.860,639.300,-11.044,6.862,0.180
359.7170,-5.000,471.491,635.482,-7.320,8.013,0.180
359.8144,-5.000,466.560,643.255,-13.672,1.687,0.180
359.9104,-5.000,466.410,645.820,-15.030,0.355,0.180
360.0201,-4.000,475.104,636.779,-6.162,6.643,0.180
360.1185,-5.000,460.217,650.771,-20.601,-5.170,0.180
360.2166,-5.000,465.392,647.835,-16.546,-1.088,0.180
360.3135,-5.000,467.177,647.954,-15.713,-0.229,0.180
360.4116,-5.000,468.141,648.608,-15.558,-0.048,0.180
360.5201,-6.000,457.867,656.657,-24.719,-6.579,0.180
360.6169,-6.000,463.584,652.049,-19.557,-1.385,0.180
360.7156,-7.000,454.144,658.832,-27.668,-6.860,0.180
360.8145,-8.000,448.920,661.196,-31.463,-8.013,0.180
360.9120,-8.000,455.489,655.197,-25.178,-1.687,0.180
361.0100,-8.000,457.022,654.149,-23.888,-0.355,0.180
361.1187,-9.000,446.493,661.490,-32.823,-6.643,0.180
361.2191,-9.000,451.836,656.437,-27.625,-1.399,0.180
361.3165,-9.000,453.016,655.503,-26.568,-0.294,0.180
361.4146,-10.000,442.333,662.796,-35.556,-6.630,0.180
361.5123,-10.000,447.575,657.673,-30.373,-1.396,0.180
361.6092,-10.000,448.675,656.673,-29.323,-0.294,0.180
361.7160,-11.000,437.924,663.909,-38.317,-6.630,0.180
361.8145,-12.000,432.134,666.112,-42.313,-7.964,0.180
361.9131,-12.000,438.334,659.862,-36.088,-1.677,0.180
362.0094,-12.000,439.575,658.580,-34.827,-0.353,0.180
362.1164,-12.000,439.773,658.345,-34.611,-0.074,0.180
362.2143,-13.000,428.781,665.708,-43.788,-6.584,0.180
362.3112,-13.000,433.868,660.534,-38.658,-1.386,0.180
362.4104,-12.000,442.832,649.098,-28.457,6.277,0.180
362.5195,-12.000,438.263,654.564,-33.475,1.321,0.180
362.6194,-11.000,445.513,645.678,-25.407,6.847,0.180
362.7160,-9.000,456.802,631.198,-12.522,14.578,0.180
362.8154,-9.000,446.890,644.397,-24.078,3.069,0.180
362.9134,-7.000,461.765,627.517,-8.201,13.783,0.180
363.0113,-6.000,460.968,630.209,-9.945,9.470,0.180
363.1105,-4.000,471.713,619.274,0.895,15.131,0.180
363.2097,-2.000,478.614,613.413,7.276,16.322,0.180
363.3088,-1.000,477.133,619.377,3.554,10.005,0.180
363.4088,-0.000,480.609,620.313,4.824,8.675,0.180
363.5173,-0.000,477.135,630.536,-2.025,1.826,0.180
363.6153,1.000,485.935,623.872,5.707,6.953,0.180
363.7140,2.000,490.233,620.791,9.397,8.032,0.180
363.8121,2.000,485.919,629.139,3.066,1.691,0.180
363.9089,2.000,486.309,632.178,1.741,0.356,0.180
364.0174,3.000,494.869,622.932,10.644,6.643,0.180
364.1142,3.000,490.849,629.370,5.415,1.399,0.180
364.2108,4.000,498.161,620.512,13.500,6.863,0.180
364.3106,4.000,493.607,626.753,8.103,1.445,0.180
364.4086,4.000,493.204,628.589,6.983,0.304,0.180
364.5163,4.000,493.594,629.418,6.764,0.064,0.180
364.6153,4.000,494.082,629.965,6.734,0.013,0.180
364.7121,5.000,501.906,619.422,15.918,6.571,0.180
364.8118,5.000,497.088,624.928,10.756,1.383,0.180
364.9125,5.000,496.315,626.286,9.690,0.291,0.180
365.0097,6.000,503.733,615.765,18.659,6.630,0.180
365.1160,6.000,498.712,621.150,13.457,1.396,0.180
365.2139,7.000,505.169,611.401,21.560,6.862,0.180
365.3101,7.000,499.889,616.883,16.178,1.445,0.180
365.4102,8.000,506.244,607.099,24.248,6.873,0.180
365.5111,8.000,500.903,612.526,18.864,1.447,0.180
365.6100,8.000,499.839,613.664,17.763,0.305,0.180
365.7176,9.000,507.045,602.920,26.738,6.633,0.180
365.8146,9.000,501.852,608.106,21.548,1.396,0.180
365.9121,9.000,500.793,609.158,20.493,0.294,0.180
366.0102,8.000,490.231,617.315,11.134,-6.507,0.180
366.1083,8.000,495.888,612.614,16.312,-1.370,0.180
366.2160,8.000,497.417,611.897,17.435,-0.288,0.180
366.3147,8.000,498.031,611.973,17.705,-0.061,0.180
366.4143,7.000,488.040,620.151,8.620,-6.581,0.180
366.5127,7.000,494.002,615.648,13.853,-1.386,0.180
366.6087,6.000,485.379,623.111,5.809,-6.860,0.180
366.7179,5.000,481.459,626.645,2.083,-8.013,0.180
366.8138,5.000,489.147,621.629,8.434,-1.687,0.180
366.9114,4.000,481.266,629.380,0.619,-6.924,0.180
367.0096,4.000,515.446,628.962,6.716,-1.429,0.320
367.1069,2.000,511.977,661.583,-20.850,-23.406,0.320
367.2148,2.000,556.434,652.680,-2.263,-4.830,0.320
367.3116,1.000,569.214,672.735,-12.780,-12.552,0.320
367.4091,-0.000,587.430,688.044,-17.173,-14.146,0.320
367.5066,-1.000,605.481,702.424,-20.307,-14.475,0.320
367.6158,-2.000,622.577,716.829,-23.187,-14.542,0.320
367.7151,-3.000,638.692,731.424,-26.017,-14.556,0.320
367.8119,-4.000,653.938,746.216,-28.843,-14.559,0.320
367.9078,-6.000,652.157,773.625,-46.032,-26.115,0.320
368.0082,-7.000,675.053,779.447,-39.701,-16.944,0.320
368.1152,-9.000,673.866,805.138,-55.014,-26.608,0.320
368.2139,-10.000,696.047,810.721,-48.309,-17.046,0.320
368.3132,-12.000,693.998,836.463,-63.558,-26.629,0.320
368.4103,-14.000,699.111,854.585,-71.214,-28.606,0.320
368.5082,-16.000,705.413,871.126,-77.312,-29.014,0.320
368.6170,-18.000,711.716,887.336,-83.097,-29.098,0.320
368.7063,-19.000,734.090,891.032,-74.465,-17.560,0.320
368.8156,-21.000,731.043,916.333,-89.240,-26.735,0.320
368.9117,-23.000,735.066,934.320,-96.733,-28.628,0.320
369.0100,-24.000,756.687,938.343,-88.368,-17.463,0.320
369.1069,-25.000,769.426,951.336,-88.864,-15.159,0.320
369.2132,-27.000,764.042,978.686,-105.544,-26.239,0.320
369.3133,-27.000,799.857,972.317,-84.719,-5.414,0.320
369.4114,-29.000,786.732,1007.567,-109.133,-24.228,0.320
369.5119,-31.000,788.392,1027.806,-118.616,-28.111,0.320
369.6131,-31.000,825.561,1020.028,-96.306,-5.801,0.320
369.7101,-32.000,828.906,1042.598,-106.057,-12.753,0.320
369.8153,-33.000,821.856,1043.780,-110.292,-14.187,0.320
369.9120,-34.000,815.946,1043.862,-113.388,-14.483,0.320
370.0087,-35.000,810.274,1043.741,-116.249,-14.544,0.320
370.1065,-36.000,804.652,1043.599,-119.062,-14.557,0.320
370.2149,-36.000,815.317,1031.034,-107.509,-3.004,0.320
370.3122,-37.000,800.670,1040.226,-119.480,-12.175,0.320
370.4088,-38.000,793.284,1042.135,-124.173,-14.068,0.320
370.5057,-38.000,803.659,1030.105,-113.008,-2.903,0.320
370.6152,-37.000,818.568,1011.630,-96.348,10.957,0.320
370.7130,-37.000,809.883,1020.282,-105.044,2.261,0.320
370.8097,-35.000,834.650,991.168,-78.127,23.578,0.320
370.9102,-32.000,856.936,964.707,-53.773,39.532,0.320
371.0108,-25.000,921.233,890.741,15.341,89.046,0.320
371.1080,-13.000,1016.201,782.636,116.864,157.041,0.320
371.2055,-6.000,996.888,811.660,92.683,113.294,0.320
371.3125,-2.000,974.701,854.463,60.178,69.600,0.320
371.4114,1.000,973.225,877.302,48.012,49.029,0.320
371.5085,3.000,972.789,897.217,37.828,33.228,0.320
371.6074,5.000,982.601,902.282,40.196,29.968,0.320
371.7148,7.000,993.055,902.793,45.162,29.295,0.320
371.8119,8.000,989.951,917.378,36.312,17.601,0.320
371.9095,9.000,994.851,921.396,36.750,15.187,0.320
372.0054,9.000,988.142,938.686,24.747,3.134,0.320
372.1109,10.000,1002.646,929.336,36.671,12.202,0.320
372.2127,9.000,981.269,955.933,12.681,-9.038,0.320
372.3050,9.000,992.213,952.427,19.905,-1.865,0.320
372.4120,8.000,981.465,967.337,7.074,-11.940,0.320
372.5087,7.000,978.815,974.364,2.234,-14.019,0.320
372.6070,7.000,993.343,966.557,13.400,-2.893,0.320
372.7139,7.000,998.535,967.077,15.735,-0.597,0.320
372.8108,7.000,1001.477,968.991,16.248,-0.123,0.320
372.9092,7.000,1003.678,970.917,16.385,-0.025,0.320
373.0069,7.000,1005.493,972.612,16.444,-0.005,0.320
373.1046,7.000,1007.028,974.059,16.488,-0.001,0.320
373.2124,7.000,1008.336,975.286,16.528,-0.000,0.320
373.3123,7.000,1009.453,976.323,16.567,-0.000,0.320
373.4095,6.000,994.967,990.480,2.245,-11.556,0.320
373.5068,6.000,1005.532,982.636,11.450,-2.384,0.320
373.6157,5.000,993.173,995.147,-0.985,-12.048,0.320
373.7133,5.000,1004.328,987.122,8.604,-2.486,0.320
373.8114,4.000,992.218,999.732,-3.756,-12.069,0.320
373.9094,4.000,1003.532,991.844,5.845,-2.490,0.320
374.0078,4.000,1006.986,991.301,7.844,-0.514,0.320
374.1058,4.000,1008.654,992.108,8.274,-0.106,0.320
374.2129,4.000,1009.812,993.053,8.380,-0.022,0.320
374.3107,3.000,995.305,1007.188,-5.941,-11.560,0.320
374.4075,3.000,1005.838,999.338,3.250,-2.385,0.320
374.5044,3.000,1008.889,998.569,5.160,-0.492,0.320
374.6115,3.000,1010.266,999.131,5.568,-0.102,0.320
374.7073,3.000,1011.188,999.858,5.665,-0.021,0.320
374.8055,3.000,1011.922,1000.525,5.699,-0.004,0.320
374.9135,4.000,1024.978,984.819,20.080,11.555,0.320
375.0119,4.000,1016.205,994.341,10.932,2.384,0.320
375.1121,4.000,1014.653,996.528,9.062,0.492,0.320
375.2096,4.000,1014.555,997.167,8.694,0.102,0.320
375.3093,4.000,1014.727,997.455,8.636,0.021,0.320
375.4073,4.000,1014.928,997.644,8.642,0.004,0.320
375.5057,4.000,1015.113,997.791,8.661,0.001,0.320
375.6042,4.000,1015.275,997.911,8.682,0.000,0.320
375.7117,4.000,1015.418,998.008,8.705,0.000,0.320
375.8095,4.000,1015.542,998.088,8.727,0.000,0.320
375.9070,3.000,1000.210,1011.433,-5.612,-11.556,0.320
376.0040,3.000,1010.053,1002.901,3.576,-2.384,0.320
376.1137,2.000,997.079,1014.830,-8.876,-12.048,0.320
376.2136,2.000,1007.707,1006.313,0.697,-2.486,0.320
376.3123,1.000,995.148,1018.507,-11.680,-12.069,0.320
376.4107,1.000,1006.076,1010.268,-2.096,-2.490,0.320
376.5096,-0.000,993.760,1022.710,-14.475,-12.069,0.320
376.6065,-1.000,988.611,1027.126,-19.257,-14.046,0.320
376.7127,-2.000,984.661,1029.614,-22.477,-14.454,0.320
376.8095,-2.000,996.999,1019.032,-11.016,-2.983,0.320
376.9051,-2.000,1000.102,1017.423,-8.660,-0.615,0.320
377.0138,-3.000,984.932,1030.021,-22.544,-11.683,0.320
377.1120,-3.000,994.595,1021.173,-13.289,-2.411,0.320
377.2085,-3.000,996.838,1019.623,-11.393,-0.497,0.320
377.3091,-4.000,981.229,1031.981,-25.376,-11.658,0.320
377.4064,-3.000,1003.858,1007.428,-1.785,9.150,0.320
377.5052,-3.000,997.262,1015.389,-9.063,1.888,0.320
377.6121,-3.000,996.327,1017.484,-10.579,0.390,0.320
377.7082,-3.000,996.494,1018.303,-10.905,0.080,0.320
377.8064,-3.000,996.832,1018.803,-10.985,0.017,0.320
377.9050,-3.000,997.159,1019.189,-11.015,0.003,0.320
378.0030,-3.000,997.442,1019.511,-11.035,0.001,0.320
378.1124,-3.000,997.682,1019.786,-11.052,0.000,0.320
378.2104,-3.000,997.884,1020.022,-11.069,0.000,0.320
378.3095,-3.000,998.053,1020.224,-11.086,0.000,0.320
378.4080,-3.000,998.194,1020.399,-11.103,0.000,0.320
378.5055,-3.000,998.312,1020.551,-11.119,0.000,0.320
378.6038,-3.000,998.409,1020.682,-11.136,0.000,0.320
378.7125,-3.000,998.489,1020.795,-11.153,0.000,0.320
378.8104,-2.000,1011.836,1005.454,3.191,11.556,0.320
378.9071,-2.000,1003.306,1015.288,-5.991,2.384,0.320
379.0078,-1.000,1015.238,1002.305,6.467,12.048,0.320
379.1064,-1.000,1006.724,1012.925,-3.101,2.486,0.320
379.2031,-0.000,1018.922,1000.358,9.282,12.069,0.320
379.3025,-0.000,1010.686,1011.279,-0.296,2.490,0.320
379.4104,-0.000,1009.851,1014.397,-2.273,0.514,0.320
379.5084,-0.000,1010.414,1015.775,-2.681,0.106,0.320
379.6052,-0.000,1011.154,1016.684,-2.765,0.022,0.320
379.7025,-0.000,1011.838,1017.402,-2.782,0.005,0.320
379.8114,-0.000,1012.430,1018.002,-2.786,0.001,0.320
379.9085,-0.000,1012.936,1018.509,-2.786,0.000,0.320
380.0053,1.000,1025.808,1002.658,11.575,11.556,0.320
380.1036,1.000,1016.876,1012.058,2.409,2.384,0.320
380.2112,2.000,1027.629,997.862,14.883,12.048,0.320
380.3094,2.000,1018.116,1007.450,5.333,2.486,0.320
380.4083,2.000,1016.185,1009.443,3.371,0.513,0.320
380.5064,2.000,1015.816,1009.866,2.975,0.106,0.320
380.6034,2.000,1001.344,1000.358,0.493,0.030,0.180
380.7124,2.000,989.224,988.277,0.473,0.009,0.180
380.8100,2.000,977.023,976.085,0.469,0.002,0.180
380.9093,2.000,964.747,963.809,0.469,0.001,0.180
381.0064,3.000,952.580,948.166,2.207,1.286,0.180
381.1032,3.000,939.436,936.853,1.291,0.367,0.180
381.2106,4.000,927.048,921.512,2.768,1.391,0.180
381.3078,4.000,913.864,910.307,1.778,0.397,0.180
381.4077,4.000,901.308,898.312,1.498,0.114,0.180
381.5037,5.000,889.064,882.749,3.157,1.318,0.180
381.6123,5.000,875.899,871.458,2.220,0.377,0.180
381.7095,5.000,863.330,859.419,1.956,0.108,0.180
381.8065,5.000,850.890,847.123,1.883,0.031,0.180
381.9014,6.000,838.626,831.421,3.602,1.294,0.180
382.0090,6.000,825.412,820.045,2.683,0.370,0.180
382.1068,7.000,812.969,804.647,4.161,1.391,0.180
382.2053,7.000,799.739,793.392,3.173,0.398,0.180
382.3032,8.000,787.322,778.057,4.632,1.399,0.180
382.4023,8.000,774.125,766.845,3.640,0.400,0.180
382.5109,8.000,761.563,754.840,3.362,0.114,0.180
382.6109,8.000,749.138,742.563,3.287,0.033,0.180
382.7106,9.000,736.890,726.874,5.008,1.295,0.180
382.8061,9.000,723.690,715.508,4.091,0.370,0.180
382.9037,9.000,711.084,703.414,3.835,0.106,0.180
383.0024,9.000,698.609,691.074,3.767,0.030,0.180
383.1113,10.000,686.316,675.335,5.491,1.294,0.180
383.2087,10.000,673.077,663.927,4.575,0.370,0.180
383.3088,10.000,660.436,651.797,4.320,0.106,0.180
383.4057,10.000,647.933,639.426,4.253,0.030,0.180
383.5061,10.000,635.439,626.957,4.241,0.009,0.180
383.6040,11.000,623.099,611.139,5.980,1.288,0.180
383.7009,11.000,609.812,599.672,5.070,0.368,0.180
383.8103,11.000,597.129,587.495,4.817,0.105,0.180
383.9084,11.000,584.588,575.084,4.752,0.030,0.180
384.0066,12.000,572.239,559.285,6.477,1.294,0.180
384.1059,12.000,571.684,560.558,5.563,0.370,0.180
384.2062,12.000,571.737,561.117,5.310,0.106,0.180
384.3074,12.000,571.932,561.441,5.245,0.030,0.180
384.4051,13.000,572.318,558.376,6.971,1.294,0.180
384.5107,13.000,571.767,559.651,6.058,0.370,0.180
384.6086,13.000,571.822,560.211,5.806,0.106,0.180
384.7068,13.000,572.020,560.536,5.742,0.030,0.180
384.8023,13.000,572.232,560.768,5.732,0.009,0.180
384.9102,13.000,572.426,560.951,5.738,0.002,0.180
385.0078,14.000,572.773,557.805,7.484,1.286,0.180
385.1070,14.000,572.177,559.021,6.578,0.368,0.180
385.2039,14.000,572.191,559.535,6.328,0.105,0.180
385.3035,14.000,572.353,559.822,6.266,0.030,0.180
385.4017,15.000,572.711,556.725,7.993,1.294,0.180
385.5090,15.000,572.136,557.972,7.082,0.370,0.180
385.6058,15.000,572.171,558.508,6.832,0.106,0.180
385.7036,16.000,572.023,556.023,8.000,1.316,0.180
385.8023,16.000,571.984,556.822,7.581,0.376,0.180
385.9011,16.000,572.053,557.400,7.327,0.107,0.180
386.0003,17.000,571.441,555.441,8.000,1.316,0.180
386.1092,17.000,571.849,555.849,8.000,0.376,0.180
386.2071,17.000,572.018,556.372,7.823,0.107,0.180
386.3032,18.000,570.930,554.930,8.000,1.316,0.180
386.4025,18.000,571.354,555.354,8.000,0.376,0.180
386.5091,18.000,571.715,555.715,8.000,0.107,0.180
386.6062,19.000,570.461,554.461,8.000,1.316,0.180
386.7055,19.000,570.896,554.896,8.000,0.376,0.180
386.8023,19.000,571.265,555.265,8.000,0.107,0.180
386.9035,19.000,571.579,555.579,8.000,0.031,0.180
387.0001,19.000,571.846,555.846,8.000,0.009,0.180
387.1080,19.000,572.073,556.073,8.000,0.003,0.180
387.2061,19.000,572.266,556.266,8.000,0.001,0.180
387.3041,19.000,572.430,556.430,8.000,0.000,0.180
387.4026,19.000,572.569,556.569,8.000,0.000,0.180
387.5100,19.000,572.687,556.687,8.000,0.000,0.180
387.6065,18.000,570.463,556.233,7.115,-1.286,0.180
387.7048,18.000,571.709,555.709,8.000,-0.367,0.180
387.8037,18.000,572.017,556.017,8.000,-0.105,0.180
387.9050,18.000,572.278,556.278,8.000,-0.030,0.180
388.0040,17.000,569.781,556.339,6.721,-1.294,0.180
388.1043,17.000,571.185,555.864,7.660,-0.370,0.180
388.2007,17.000,571.860,555.980,7.940,-0.106,0.180
388.2987,17.000,572.256,556.256,8.000,-0.030,0.180
388.4045,17.000,572.541,556.541,8.000,-0.009,0.180
388.5031,17.000,572.784,556.784,8.000,-0.002,0.180
388.6001,17.000,572.990,556.990,8.000,-0.001,0.180
388.7063,16.000,570.110,557.340,6.385,-1.286,0.180
388.8042,16.000,571.468,556.832,7.318,-0.367,0.180
388.9004,16.000,572.106,556.916,7.595,-0.105,0.180
388.9988,16.000,572.503,557.134,7.684,-0.030,0.180
389.1069,15.000,569.623,557.656,5.983,-1.294,0.180
389.2059,15.000,571.059,557.216,6.921,-0.370,0.180
389.3034,15.000,571.759,557.361,7.199,-0.106,0.180
389.4004,15.000,572.208,557.632,7.288,-0.030,0.180
389.5084,15.000,572.549,557.903,7.323,-0.009,0.180
389.6058,15.000,572.828,558.143,7.343,-0.002,0.180
389.7019,15.000,573.065,558.348,7.358,-0.001,0.180
389.7987,15.000,573.266,558.522,7.372,-0.000,0.180
389.8983,15.000,573.440,558.668,7.386,-0.000,0.180
390.0075,14.000,570.412,559.087,5.663,-1.286,0.180
390.1054,14.000,571.734,558.547,6.594,-0.367,0.180
390.2021,14.000,572.342,558.605,6.869,-0.105,0.180
390.3001,14.000,572.712,558.800,6.956,-0.030,0.180
390.4071,13.000,569.810,559.303,5.254,-1.294,0.180
390.5070,13.000,571.227,558.847,6.190,-0.370,0.180
390.6054,13.000,571.911,558.979,6.466,-0.106,0.180
390.7027,12.000,569.168,559.536,4.816,-1.316,0.180
390.7988,11.000,567.513,559.453,4.030,-1.662,0.180
390.9063,11.000,569.471,559.017,5.227,-0.475,0.180
391.0031,10.000,567.291,559.612,3.839,-1.421,0.180
391.1011,10.000,569.141,559.414,4.864,-0.406,0.180
391.1989,9.000,566.966,560.113,3.426,-1.402,0.180
391.3065,8.000,565.671,560.273,2.699,-1.686,0.180
391.4054,8.000,567.901,560.080,3.911,-0.482,0.180
391.5031,6.000,562.764,561.187,0.789,-2.709,0.180
391.5999,6.000,565.992,560.534,2.729,-0.774,0.180
391.6999,6.000,567.645,561.070,3.287,-0.221,0.180
391.8008,6.000,568.738,561.837,3.451,-0.063,0.180
391.8987,5.000,566.403,562.873,1.765,-1.304,0.180
392.0074,6.000,568.463,559.589,4.437,0.913,0.180
392.1077,6.000,568.796,561.216,3.790,0.261,0.180
392.2068,7.000,569.625,558.933,5.346,1.360,0.180
392.3052,7.000,569.541,560.780,4.381,0.389,0.180
392.4029,7.000,570.020,561.801,4.109,0.111,0.180
392.5027,8.000,570.760,559.215,5.773,1.317,0.180
392.6028,8.000,570.542,560.864,4.839,0.376,0.180
392.6997,9.000,571.065,558.437,6.314,1.393,0.180
392.7975,10.000,570.946,556.819,7.063,1.684,0.180
392.9075,11.000,570.690,555.477,7.606,1.767,0.180
393.0054,11.000,570.259,557.551,6.354,0.505,0.180
393.1026,12.000,570.783,555.303,7.740,1.430,0.180
393.2007,12.000,570.540,557.081,6.730,0.409,0.180
393.2972,13.000,570.902,554.902,8.000,1.402,0.180
393.4078,14.000,570.071,554.071,8.000,1.686,0.180
393.5056,15.000,569.304,553.304,8.000,1.768,0.180
393.6037,16.000,568.592,552.592,8.000,1.791,0.180
393.7011,16.000,569.487,553.487,8.000,0.512,0.180
393.8014,17.000,568.688,552.688,8.000,1.432,0.180
393.9014,18.000,567.948,551.948,8.000,1.695,0.180
393.9984,18.000,568.820,552.820,8.000,0.484,0.180
394.0974,19.000,568.001,552.001,8.000,1.424,0.180
394.2068,19.000,568.804,552.804,8.000,0.407,0.180
394.3052,20.000,567.927,551.927,8.000,1.402,0.180
394.4005,21.000,567.122,551.122,8.000,1.686,0.180
394.4997,22.000,566.377,550.377,8.000,1.768,0.180
394.6005,22.000,567.245,551.245,8.000,0.505,0.180
394.6980,22.000,567.982,551.982,8.000,0.144,0.180
394.8060,23.000,567.048,551.048,8.000,1.327,0.180
394.9031,24.000,566.195,550.195,8.000,1.665,0.180
395.0014,24.000,566.969,550.969,8.000,0.476,0.180
395.0983,25.000,566.068,550.068,8.000,1.422,0.180
395.1970,25.000,566.801,550.801,8.000,0.406,0.180
395.2961,26.000,565.865,549.865,8.000,1.402,0.180
395.4041,26.000,566.569,550.569,8.000,0.401,0.180
395.5016,26.000,567.167,551.167,8.000,0.114,0.180
395.5983,27.000,566.116,550.116,8.000,1.318,0.180
395.7064,27.000,566.722,550.722,8.000,0.377,0.180
395.8063,28.000,565.678,549.678,8.000,1.393,0.180
395.9065,28.000,566.290,550.290,8.000,0.398,0.180
396.0045,28.000,566.810,550.810,8.000,0.114,0.180
396.1024,29.000,565.692,549.692,8.000,1.318,0.180
396.1996,30.000,564.682,548.682,8.000,1.662,0.180
396.2970,30.000,565.324,549.324,8.000,0.475,0.180
396.4042,30.000,565.869,549.869,8.000,0.136,0.180
396.5019,31.000,564.772,548.772,8.000,1.324,0.180
396.6001,31.000,565.340,549.340,8.000,0.378,0.180
396.6956,32.000,564.263,548.263,8.000,1.394,0.180
396.8035,32.000,564.847,548.847,8.000,0.398,0.180
396.9015,33.000,563.784,547.784,8.000,1.399,0.180
396.9996,33.000,564.380,548.380,8.000,0.400,0.180
397.0997,33.000,564.887,548.887,8.000,0.114,0.180
397.1990,34.000,563.757,547.757,8.000,1.318,0.180
397.2954,34.000,564.298,548.298,8.000,0.377,0.180
397.4022,34.000,564.757,548.757,8.000,0.108,0.180
397.4986,35.000,563.587,547.587,8.000,1.316,0.180
397.5980,34.000,562.653,546.653,8.000,-0.910,0.180
397.6977,35.000,561.798,545.798,8.000,1.026,0.180
397.8057,35.000,562.572,546.572,8.000,0.293,0.180
397.9036,34.000,561.790,545.790,8.000,-1.202,0.180
398.0008,34.000,562.626,546.626,8.000,-0.343,0.180
398.0994,34.000,563.335,547.335,8.000,-0.098,0.180
398.1974,34.000,563.939,547.939,8.000,-0.028,0.180
398.2944,34.000,564.452,548.452,8.000,-0.008,0.180
398.4035,34.000,564.888,548.888,8.000,-0.002,0.180
398.5016,33.000,563.818,547.818,8.000,-1.286,0.180
398.5995,33.000,564.409,548.409,8.000,-0.368,0.180
398.6985,33.000,564.912,548.912,8.000,-0.105,0.180
398.7974,32.000,563.899,547.899,8.000,-1.316,0.180
398.8967,31.000,563.098,547.098,8.000,-1.662,0.180
398.9964,31.000,563.917,547.917,8.000,-0.475,0.180
399.1052,31.000,564.613,548.613,8.000,-0.136,0.180
399.2022,31.000,565.205,549.205,8.000,-0.039,0.180
399.2997,30.000,564.268,548.268,8.000,-1.297,0.180
426.0457,30.000,1014.841,-985.159,1000.000,949.565,0.320
426.0883,30.000,334.718,-277.180,305.949,221.949,0.320
426.1853,30.000,171.720,-87.878,129.799,45.799,0.320
426.2954,29.000,133.508,-24.682,79.095,-2.105,0.320
426.3918,29.000,147.110,-14.421,80.766,-0.434,0.320
426.4908,28.000,144.554,11.044,66.755,-11.645,0.320
426.5899,28.000,164.846,12.852,75.997,-2.403,0.320
426.6864,28.000,177.458,21.650,77.904,-0.496,0.320
426.7843,28.000,188.264,31.669,78.298,-0.102,0.320
426.8928,27.000,184.153,56.106,64.023,-11.577,0.320
426.9894,27.000,203.770,57.348,73.211,-2.389,0.320
427.0908,27.000,216.918,66.704,75.107,-0.493,0.320
427.1899,27.000,229.261,78.265,75.498,-0.102,0.320
427.2865,26.000,226.453,104.006,61.223,-11.577,0.320
427.3847,26.000,249.274,108.452,70.411,-2.389,0.320
427.4938,25.000,249.710,133.807,57.952,-12.048,0.320
427.5918,25.000,274.122,139.094,67.514,-2.486,0.320
427.6897,25.000,291.104,152.130,69.487,-0.513,0.320
427.7908,24.000,291.220,180.143,55.539,-11.661,0.320
427.8888,24.000,316.318,186.730,64.794,-2.406,0.320
427.9873,23.000,318.645,213.950,52.348,-12.052,0.320
428.0834,23.000,344.655,220.829,61.913,-2.487,0.320
428.1846,22.000,347.559,248.496,49.531,-12.069,0.320
428.2838,22.000,374.017,255.798,59.110,-2.490,0.320
428.3928,21.000,377.293,283.832,46.731,-12.069,0.320
428.4917,20.000,388.631,304.723,41.954,-14.046,0.320
428.5896,20.000,417.363,311.160,53.102,-2.898,0.320
428.6897,19.000,421.668,339.363,41.153,-12.154,0.320
428.7875,18.000,433.683,360.595,36.544,-14.063,0.320
428.8929,17.000,447.521,380.631,33.445,-14.458,0.320
428.9906,16.000,461.933,400.627,30.653,-14.539,0.320
429.0898,16.000,492.072,407.509,42.282,-3.000,0.320
429.1858,16.000,512.664,423.160,44.752,-0.619,0.320
429.2826,15.000,515.594,453.650,30.972,-11.683,0.320
429.3891,15.000,543.042,462.385,40.328,-2.411,0.320
429.4863,14.000,547.363,491.434,27.965,-12.053,0.320
429.5834,13.000,559.636,513.140,23.248,-14.043,0.320
429.6927,12.000,573.741,533.532,20.104,-14.453,0.320
429.7902,12.000,603.827,540.542,31.642,-2.982,0.320
429.8875,11.000,608.974,569.543,19.715,-12.171,0.320
429.9867,10.000,621.653,591.503,15.075,-14.067,0.320
430.0868,9.000,636.042,612.173,11.935,-14.458,0.320
430.1855,8.000,650.913,632.716,9.099,-14.539,0.320
430.2919,7.000,665.994,653.352,6.321,-14.556,0.320
430.3896,6.000,681.211,674.108,3.551,-14.559,0.320
430.4876,6.000,711.976,681.696,15.140,-3.004,0.320
430.5855,5.000,717.640,711.247,3.197,-12.175,0.320
430.6846,4.000,730.743,733.690,-1.474,-14.068,0.320
430.7905,3.000,745.484,754.778,-4.647,-14.458,0.320
430.8886,2.000,760.649,775.683,-7.517,-14.539,0.320
430.9863,1.000,775.975,796.631,-10.328,-14.556,0.320
431.0830,-0.000,791.395,817.658,-13.131,-14.559,0.320
431.1896,-1.000,806.047,837.921,-15.937,-14.560,0.320
431.2899,-2.000,820.041,857.539,-18.749,-14.560,0.320
431.3887,-3.000,833.477,876.608,-21.566,-14.560,0.320
431.4885,-3.000,862.718,882.772,-10.027,-3.004,0.320
431.5877,-5.000,849.957,922.720,-36.381,-23.731,0.320
431.6856,-5.000,885.706,920.856,-17.575,-4.897,0.320
431.7836,-6.000,890.071,946.227,-28.078,-12.566,0.320
431.8827,-7.000,900.255,965.254,-32.500,-14.149,0.320
431.9915,-8.000,911.466,982.808,-35.671,-14.475,0.320
432.0895,-9.000,922.740,999.917,-38.589,-14.542,0.320
432.1892,-10.000,933.900,1016.818,-41.459,-14.556,0.320
432.2876,-11.000,944.929,1033.575,-44.323,-14.559,0.320
432.3837,-12.000,939.922,1034.304,-47.191,-14.560,0.320
432.4925,-13.000,934.811,1034.939,-50.064,-14.560,0.320
432.5918,-13.000,945.891,1023.054,-38.581,-3.004,0.320
432.6894,-14.000,931.580,1032.841,-50.631,-12.176,0.320
432.7865,-14.000,940.742,1022.834,-41.046,-2.512,0.320
432.8854,-15.000,926.017,1033.000,-53.492,-12.074,0.320
432.9839,-15.000,935.078,1023.064,-43.993,-2.491,0.320
433.0906,-16.000,920.319,1033.240,-56.461,-12.070,0.320
433.1876,-16.000,929.360,1023.303,-46.971,-2.491,0.320
433.2845,-16.000,930.866,1021.035,-45.084,-0.514,0.320
433.3811,-16.000,930.861,1020.393,-44.766,-0.106,0.320
433.4894,-16.000,930.580,1020.123,-44.771,-0.022,0.320
433.5864,-16.000,930.274,1019.962,-44.844,-0.005,0.320
433.6846,-16.000,929.989,1019.849,-44.930,-0.001,0.320
433.7828,-16.000,929.731,1019.769,-45.019,-0.000,0.320
433.8910,-16.000,929.498,1019.714,-45.108,-0.000,0.320
433.9915,-15.000,942.568,1004.241,-30.836,11.556,0.320
434.0913,-15.000,933.791,1013.974,-40.092,2.384,0.320
434.1894,-14.000,945.502,1000.916,-27.707,12.048,0.320
434.2876,-14.000,936.790,1011.483,-37.347,2.486,0.320
434.3838,-14.000,935.527,1014.323,-39.398,0.513,0.320
434.4817,-13.000,948.992,1000.038,-25.523,11.661,0.320
434.5895,-13.000,940.816,1010.517,-34.850,2.406,0.320
434.6874,-12.000,953.094,998.037,-22.472,12.052,0.320
434.7880,-12.000,944.875,1009.084,-32.104,2.487,0.320
434.8845,-11.000,957.317,996.886,-19.784,12.069,0.320
434.9815,-11.000,949.281,1008.129,-29.424,2.490,0.320
435.0814,-11.000,948.606,1011.530,-31.462,0.514,0.320
435.1893,-11.000,949.295,1013.158,-31.932,0.106,0.320
435.2900,-10.000,963.416,998.848,-17.716,11.577,0.320
435.3891,-10.000,955.590,1009.511,-26.961,2.389,0.320
435.4877,-10.000,954.844,1012.670,-28.913,0.493,0.320
435.5852,-9.000,968.704,998.701,-14.999,11.657,0.320
435.6852,-9.000,960.855,1009.457,-24.301,2.405,0.320
435.7831,-8.000,973.412,997.211,-11.899,12.052,0.320
435.8812,-8.000,965.434,1008.453,-21.509,2.487,0.320
435.9828,-7.000,978.084,996.417,-9.166,12.069,0.320
436.0833,-7.000,970.228,1007.796,-18.784,2.490,0.320
436.1816,-6.000,982.991,995.868,-6.439,12.069,0.320
436.2799,-6.000,975.233,1007.335,-16.051,2.491,0.320
436.3888,-5.000,988.080,995.480,-3.700,12.069,0.320
436.4875,-5.000,980.395,1007.009,-13.307,2.491,0.320
436.5854,-4.000,993.305,995.206,-0.951,12.069,0.320
436.6854,-4.000,985.674,1006.778,-10.552,2.491,0.320
436.7829,-3.000,998.631,995.011,1.810,12.069,0.320
436.8815,-3.000,991.041,1006.612,-7.785,2.491,0.320
436.9904,-2.000,1004.034,994.869,4.582,12.069,0.320
437.0870,-1.000,1009.756,991.049,9.353,14.046,0.320
437.1835,-1.000,1000.911,1004.511,-1.800,2.898,0.320
437.2830,-1.000,1000.567,1008.779,-4.106,0.598,0.320
437.3810,-0.000,1015.036,995.486,9.775,11.679,0.320
437.4892,-0.000,1007.767,1006.755,0.506,2.410,0.320
437.5890,-0.000,1007.554,1010.367,-1.407,0.497,0.320
437.6878,1.000,1021.045,995.926,12.560,11.658,0.320
437.7900,1.000,1012.894,1006.269,3.313,2.406,0.320
437.8892,1.000,1011.922,1009.104,1.409,0.496,0.320
437.9874,1.000,1012.326,1010.284,1.021,0.102,0.320
438.0863,1.000,1012.923,1011.033,0.945,0.021,0.320
438.1834,1.000,1013.484,1011.616,0.934,0.004,0.320
438.2892,1.000,1013.973,1012.101,0.936,0.001,0.320
438.3868,1.000,1014.391,1012.509,0.941,0.000,0.320
438.4853,2.000,1027.189,996.574,15.308,11.556,0.320
438.5834,2.000,1018.196,1005.900,6.148,2.384,0.320
438.6802,2.000,1016.456,1007.923,4.266,0.492,0.320
438.7789,3.000,1028.638,992.142,18.248,11.657,0.320
438.8881,3.000,1019.374,1001.347,9.013,2.405,0.320
438.9876,4.000,1029.898,986.933,21.482,12.052,0.320
439.0845,5.000,1032.643,980.041,26.301,14.042,0.320
439.1800,5.000,1021.264,990.895,15.184,2.898,0.320
439.2892,6.000,1031.210,976.663,27.273,12.153,0.320
439.3882,6.000,1021.276,985.953,17.661,2.508,0.320
439.4859,7.000,1031.487,971.356,30.066,12.073,0.320
439.5845,8.000,1034.022,964.253,34.884,14.047,0.320
439.6818,9.000,1034.918,958.633,38.142,14.454,0.320
439.7793,10.000,1035.430,953.266,41.082,14.538,0.320
439.8892,10.000,1023.385,964.185,29.600,3.000,0.320
439.9863,11.000,1033.022,949.750,41.636,12.175,0.320
440.0838,12.000,1035.323,942.530,46.397,14.068,0.320
440.1806,12.000,1023.636,953.038,35.299,2.903,0.320
440.2874,12.000,1020.897,954.773,33.062,0.599,0.320
440.3852,12.000,1020.063,954.755,32.654,0.124,0.320
440.4837,12.000,1019.669,954.423,32.623,0.026,0.320
440.5814,11.000,1003.967,967.349,18.309,-11.550,0.320
440.6796,11.000,1013.516,958.441,27.537,-2.383,0.320
440.7797,11.000,1015.741,956.760,29.491,-0.492,0.320
440.8873,11.000,1016.424,956.539,29.943,-0.101,0.320
440.9851,10.000,1001.322,969.875,15.724,-11.576,0.320
441.0829,10.000,1011.315,961.380,24.967,-2.389,0.320
441.1821,10.000,1013.903,960.065,26.919,-0.493,0.320
441.2804,9.000,999.451,973.440,13.005,-11.657,0.320
441.3890,9.000,1009.795,965.180,22.307,-2.405,0.320
441.4860,9.000,1012.640,964.106,24.267,-0.496,0.320
441.5855,8.000,998.396,977.696,10.350,-11.658,0.320
441.6841,8.000,1008.915,969.621,19.647,-2.406,0.320
441.7800,7.000,996.467,981.987,7.240,-12.052,0.320
441.8879,6.000,961.053,987.779,6.240,-9.106,0.180
441.9848,6.000,938.446,983.433,13.459,-1.917,0.180
442.0801,5.000,902.188,989.607,5.830,-6.972,0.180
442.1867,4.000,872.433,989.615,2.187,-8.036,0.180
442.2840,4.000,856.028,978.962,8.552,-1.692,0.180
442.3836,3.000,825.579,979.235,0.735,-6.925,0.180
442.4792,3.000,811.249,966.142,6.217,-1.458,0.180
442.5873,3.000,793.499,955.808,7.384,-0.307,0.180
442.6874,3.000,775.601,945.059,7.642,-0.065,0.180
442.7845,3.000,758.159,933.377,7.708,-0.014,0.180
442.8833,4.000,748.601,909.805,16.908,6.566,0.180
442.9808,4.000,726.917,901.553,11.746,1.382,0.180
443.0873,5.000,717.102,877.549,19.849,6.859,0.180
443.1859,6.000,703.279,857.251,23.633,8.013,0.180
443.2823,7.000,688.816,837.336,26.512,8.255,0.180
443.3792,8.000,674.391,817.165,29.205,8.306,0.180
443.4776,9.000,660.123,796.652,31.863,8.317,0.180
443.5774,10.000,646.014,775.822,34.517,8.319,0.180
443.6790,12.000,639.421,743.743,46.348,14.888,0.180
443.7870,13.000,620.366,727.552,43.830,9.703,0.180
443.8855,15.000,612.888,696.096,54.585,15.180,0.180
443.9833,16.000,593.781,679.734,51.853,9.764,0.180
444.0792,18.000,586.409,647.983,62.575,15.192,0.180
444.1770,19.000,567.426,631.337,59.848,9.767,0.180
444.2844,20.000,552.690,610.414,61.306,8.625,0.180
444.3824,21.000,538.908,588.510,63.665,8.384,0.180
444.4788,23.000,532.730,555.381,75.383,14.902,0.180
444.5870,24.000,514.046,538.280,72.787,9.706,0.180
444.6847,24.000,507.737,544.227,65.124,2.043,0.180
444.7824,25.000,514.643,533.414,72.680,6.999,0.180
444.8786,26.000,517.434,526.702,76.323,8.042,0.180
444.9856,27.000,519.230,520.974,79.143,8.261,0.180
445.0822,28.000,520.705,515.555,81.789,8.308,0.180
445.1793,28.000,514.651,521.257,75.230,1.749,0.180
445.2854,29.000,521.068,510.942,83.018,6.937,0.180
445.3812,30.000,523.295,504.801,86.710,8.029,0.180
445.4797,30.000,517.211,510.558,80.371,1.690,0.180
445.5763,30.000,516.093,511.398,79.037,0.356,0.180
445.6858,31.000,523.365,500.290,87.925,6.643,0.180
445.7825,31.000,518.246,505.148,82.680,1.399,0.180
445.8811,32.000,524.618,494.954,90.744,6.863,0.180
445.9774,33.000,526.630,489.094,94.494,8.013,0.180
446.0771,33.000,520.326,495.127,88.168,1.687,0.180
446.1843,33.000,519.013,496.210,86.836,0.355,0.180
446.2817,34.000,526.117,485.310,95.724,6.643,0.180
446.3797,34.000,520.856,490.345,90.480,1.399,0.180
446.4767,34.000,519.737,491.270,89.376,0.294,0.180
446.5860,34.000,519.493,491.351,89.143,0.062,0.180
446.6845,34.000,519.434,491.271,89.094,0.013,0.180
446.7817,35.000,526.784,480.203,98.252,6.571,0.180
446.8786,35.000,521.559,485.267,93.065,1.383,0.180
446.9764,35.000,520.435,486.255,91.972,0.291,0.180
447.0846,35.000,520.178,486.396,91.743,0.061,0.180
447.1829,34.000,509.738,494.337,82.526,-6.556,0.180
447.2813,34.000,515.374,489.577,87.701,-1.380,0.180
447.3797,34.000,516.855,488.841,88.791,-0.291,0.180
447.4770,34.000,517.417,488.912,89.020,-0.061,0.180
447.5846,33.000,507.380,497.087,79.900,-6.581,0.180
447.6822,33.000,513.296,492.589,85.096,-1.386,0.180
447.7774,33.000,515.002,492.087,86.190,-0.292,0.180
447.8842,32.000,505.385,500.329,77.251,-6.630,0.180
447.9843,32.000,511.541,496.003,82.485,-1.396,0.180
448.0843,31.000,503.059,503.641,74.419,-6.862,0.180
448.1809,30.000,499.254,507.328,70.668,-8.013,0.180
448.2804,29.000,496.666,510.416,67.826,-8.255,0.180
448.3784,28.000,494.532,513.576,65.175,-8.306,0.180
448.4804,27.000,492.660,516.919,62.564,-8.317,0.180
448.5762,26.000,490.986,520.444,59.962,-8.319,0.180
448.6765,25.000,489.474,524.129,57.361,-8.320,0.180
448.7853,24.000,488.099,527.950,54.761,-8.320,0.180
448.8835,23.000,486.841,531.889,52.161,-8.320,0.180
448.9808,23.000,496.050,527.958,58.730,-1.752,0.180
449.0809,22.000,489.309,536.785,50.944,-6.937,0.180
449.1793,20.000,476.436,549.631,38.084,-14.597,0.180
449.2782,19.000,480.680,548.964,40.538,-9.642,0.180
449.3768,18.000,481.038,552.247,39.075,-8.598,0.180
449.4747,16.000,470.221,564.359,27.610,-14.947,0.180
449.5847,15.000,475.281,563.999,30.320,-9.715,0.180
449.6824,14.000,476.154,567.722,28.894,-8.614,0.180
449.7791,13.000,476.107,572.275,26.593,-8.382,0.180
449.8754,12.000,475.833,576.979,24.105,-8.333,0.180
449.9745,10.000,465.110,589.668,12.398,-14.891,0.180
450.0835,9.000,470.380,589.668,15.033,-9.703,0.180
450.1816,7.000,461.081,601.648,4.393,-15.180,0.180
450.2817,5.000,456.493,609.714,-1.934,-16.333,0.180
450.3800,4.000,463.518,609.245,1.813,-10.007,0.180
450.4759,3.000,465.352,613.584,0.560,-8.675,0.180
450.5854,1.000,455.593,626.791,-10.923,-14.963,0.180
450.6836,-1.000,450.529,634.785,-17.452,-16.287,0.180
450.7842,-3.000,445.680,640.924,-22.946,-16.566,0.180
450.8835,-5.000,440.344,646.157,-28.231,-16.624,0.180
450.9815,-7.000,434.451,650.762,-33.480,-16.637,0.180
451.0817,-10.000,417.081,662.238,-47.903,-23.208,0.180
451.1791,-12.000,415.399,660.710,-47.980,-18.023,0.180
451.2749,-14.000,409.253,662.927,-52.161,-16.931,0.180
451.3821,-16.000,401.930,665.710,-57.214,-16.701,0.180
451.4825,-18.000,394.155,668.426,-62.460,-16.653,0.180
451.5828,-20.000,386.216,670.866,-67.650,-16.643,0.180
451.6844,-22.000,378.080,673.127,-72.847,-16.641,0.180
451.7810,-23.000,380.753,667.861,-68.878,-10.072,0.180
451.8780,-25.000,367.165,675.044,-79.264,-15.257,0.180
451.9761,-26.000,368.520,670.645,-76.387,-9.780,0.180
452.0742,-27.000,365.479,670.499,-77.834,-8.627,0.180
452.1744,-29.000,350.499,678.570,-89.360,-14.953,0.180
452.2813,-30.000,351.399,674.197,-86.723,-9.716,0.180
452.3814,-31.000,348.126,673.918,-88.221,-8.614,0.180
452.4815,-32.000,343.948,674.477,-90.589,-8.382,0.180
452.5794,-32.000,350.527,667.821,-83.971,-1.765,0.180
452.6785,-34.000,329.951,681.133,-100.915,-13.508,0.180
452.7770,-34.000,340.528,670.381,-90.251,-2.844,0.180
452.8753,-36.000,320.762,682.798,-106.342,-13.736,0.180
452.9834,-37.000,320.514,679.199,-104.667,-9.460,0.180
453.0734,-38.000,316.880,678.964,-106.367,-8.560,0.180
453.1825,-39.000,312.524,679.430,-108.777,-8.371,0.180
453.2793,-40.000,308.012,680.038,-111.337,-8.331,0.180
453.3777,-41.000,303.460,680.669,-113.929,-8.322,0.180
453.4745,-43.000,287.927,688.670,-125.696,-14.889,0.180
453.5826,-44.000,288.512,684.083,-123.110,-9.703,0.180
453.6835,-45.000,285.003,683.590,-124.618,-8.611,0.180
453.7831,-45.000,291.601,676.591,-117.820,-1.813,0.180
453.8824,-47.000,270.924,689.726,-134.725,-13.518,0.180
453.9821,-47.000,281.392,678.849,-124.053,-2.846,0.180
454.0792,-48.000,272.496,683.796,-130.974,-7.168,0.180
454.1774,-49.000,267.008,685.328,-134.484,-8.077,0.180
454.2742,-49.000,273.203,678.769,-128.107,-1.701,0.180
454.3824,-50.000,263.423,684.641,-135.933,-6.926,0.180
454.4798,-50.000,268.731,679.012,-130.465,-1.458,0.180
454.5780,-51.000,258.776,685.092,-138.482,-6.875,0.180
454.6744,-51.000,264.058,679.518,-133.054,-1.447,0.180
454.7824,-51.000,265.076,678.250,-131.912,-0.305,0.180
454.8833,-52.000,254.243,685.273,-140.839,-6.633,0.180
454.9806,-52.000,259.359,679.916,-135.603,-1.396,0.180
455.0763,-52.000,260.359,678.712,-134.501,-0.294,0.180
455.1753,-61.000,161.789,744.709,-216.784,-59.178,0.180
455.2731,-62.000,197.196,705.015,-179.234,-19.027,0.180
455.3814,-63.000,200.927,697.040,-173.381,-10.574,0.180
455.4805,-64.000,198.003,695.757,-174.201,-8.795,0.180
455.5787,-64.000,204.658,688.525,-167.258,-1.851,0.180
455.6765,-65.000,194.906,694.187,-174.965,-6.958,0.180
455.7738,-65.000,200.161,688.455,-169.472,-1.465,0.180
455.8748,-65.000,201.115,687.097,-168.315,-0.308,0.180
455.9740,-65.000,201.186,686.681,-168.072,-0.065,0.180
456.0813,-65.000,201.091,686.483,-168.020,-0.014,0.180
456.1804,-65.000,200.978,686.348,-168.010,-0.003,0.180
456.2788,-64.000,208.843,675.872,-158.839,6.568,0.180
456.3756,-64.000,204.048,681.447,-164.024,1.383,0.180
456.4747,-63.000,211.256,672.502,-155.947,6.860,0.180
456.5818,-63.000,206.603,678.679,-161.363,1.444,0.180
456.6779,-62.000,214.079,670.098,-153.334,6.872,0.180
456.7745,-62.000,209.683,676.555,-158.760,1.447,0.180
456.8817,-61.000,217.386,668.204,-150.734,6.873,0.180
456.9806,-51.000,292.868,571.171,-64.476,67.131,0.180
457.0782,-51.000,245.711,630.010,-117.474,14.133,0.180
457.1756,-51.000,239.518,646.132,-128.631,2.975,0.180
457.2731,-51.000,241.389,652.701,-130.980,0.626,0.180
457.3816,-51.000,244.481,656.782,-131.475,0.132,0.180
457.4792,-51.000,247.426,659.935,-131.579,0.028,0.180
457.5782,-50.000,257.964,652.181,-122.433,6.574,0.180
457.6774,-50.000,255.457,660.054,-127.623,1.384,0.180
457.7771,-50.000,256.645,663.427,-128.715,0.291,0.180
457.8747,-50.000,258.353,665.595,-128.945,0.061,0.180
457.9736,-49.000,267.921,656.923,-119.825,6.581,0.180
458.0723,-49.000,264.605,663.999,-125.021,1.386,0.180
458.1822,-48.000,273.078,656.323,-116.947,6.860,0.180
458.2788,-47.000,277.470,653.209,-113.194,8.013,0.180
458.3787,-47.000,273.187,661.578,-119.520,1.687,0.180
458.4758,-46.000,281.560,654.277,-111.683,6.924,0.180
458.5734,-45.000,286.018,651.331,-107.981,8.026,0.180
458.6734,-44.000,289.793,649.441,-105.149,8.258,0.180
458.7709,-43.000,293.543,647.894,-102.500,8.307,0.180
458.8803,-42.000,297.389,646.519,-99.890,8.317,0.180
458.9791,-41.000,301.342,645.268,-97.287,8.319,0.180
459.0757,-40.000,305.390,644.115,-94.687,8.320,0.180
459.1736,-38.000,317.490,632.678,-82.918,14.888,0.180
459.2712,-36.000,324.954,626.976,-76.336,16.271,0.180
459.3802,-35.000,323.825,633.202,-80.013,9.994,0.180
459.4790,-34.000,327.571,634.391,-78.734,8.672,0.180
459.5758,-32.000,340.257,624.097,-67.244,14.963,0.180
459.6741,-31.000,340.430,629.558,-69.888,9.718,0.180
459.7706,-29.000,352.589,620.388,-59.224,15.183,0.180
459.8771,-28.000,352.842,626.277,-62.042,9.765,0.180
459.9736,-27.000,357.211,627.727,-60.583,8.624,0.180
460.0717,-25.000,370.313,617.772,-49.054,14.952,0.180
460.1812,-25.000,362.845,633.914,-60.859,3.148,0.180
460.2707,-24.000,372.015,629.718,-54.176,7.231,0.180
460.3808,-23.000,377.889,628.672,-50.716,8.091,0.180
460.4791,-21.000,390.990,617.874,-38.767,14.840,0.180
460.5771,-20.000,391.221,623.201,-41.314,9.693,0.180
460.6770,-19.000,395.301,624.445,-39.897,8.609,0.180
460.7768,-18.000,400.142,624.730,-37.618,8.381,0.180
460.8762,-16.000,413.058,614.371,-25.981,14.901,0.180
460.9771,-14.000,421.244,609.558,-19.481,16.274,0.180
461.0761,-11.000,436.678,595.791,-4.881,23.131,0.180
461.1737,-9.000,439.515,598.571,-4.853,18.007,0.180
461.2718,-6.000,454.560,587.100,8.406,23.496,0.180
461.3797,-3.000,465.920,580.579,17.346,24.652,0.180
461.4760,1.000,484.293,564.519,34.563,31.464,0.180
461.5737,4.000,488.562,563.415,37.249,26.329,0.180
461.6706,7.000,495.763,557.105,44.005,25.248,0.180
461.7783,10.000,502.866,548.959,51.629,25.021,0.180
461.8753,14.000,516.716,528.823,68.622,31.541,0.180
461.9745,17.000,517.337,524.058,71.315,26.346,0.180
462.0717,21.000,528.751,503.723,87.190,31.820,0.180
462.1784,23.000,520.575,509.115,80.405,19.836,0.180
462.2780,26.000,528.837,493.687,92.251,23.881,0.180
462.3760,29.000,533.543,481.090,100.902,24.733,0.180
462.4780,31.000,529.901,479.825,99.713,18.344,0.180
462.5760,34.000,538.438,462.316,112.737,23.567,0.180
462.6755,37.000,542.625,448.703,121.636,24.667,0.180
462.7717,40.000,545.751,435.766,129.668,24.898,0.180
462.8782,42.000,541.161,433.816,128.348,18.379,0.180
462.9759,45.000,548.977,415.640,141.344,23.574,0.180
463.0727,47.000,545.200,412.412,141.069,18.100,0.180
463.1697,48.000,538.302,415.756,135.949,10.379,0.180
463.2765,51.000,552.203,391.034,155.260,21.890,0.180
463.3744,52.000,542.190,397.248,147.147,11.177,0.180
463.4725,53.000,540.621,394.990,147.491,8.921,0.180
463.5734,54.000,540.819,390.938,149.616,8.447,0.180
463.6704,55.000,541.381,386.500,152.116,8.347,0.180
463.7776,55.000,534.644,392.942,145.527,1.757,0.180
463.8754,56.000,540.500,383.235,153.308,6.938,0.180
463.9761,56.000,534.886,388.577,147.830,1.461,0.180
464.0717,56.000,533.617,389.614,146.677,0.308,0.180
464.1793,55.000,522.907,397.726,137.266,-6.504,0.180
464.2772,55.000,528.438,392.988,142.400,-1.369,0.180
464.3766,55.000,529.856,392.244,143.481,-0.288,0.180
464.4734,54.000,520.001,400.271,134.540,-6.629,0.180
464.5698,54.000,525.958,395.761,139.774,-1.396,0.180
464.6779,54.000,527.674,395.274,140.876,-0.294,0.180
464.7752,52.000,507.692,411.502,122.771,-13.199,0.180
464.8744,52.000,519.516,402.486,133.191,-2.779,0.180
464.9721,52.000,522.904,401.486,135.385,-0.585,0.180
465.0700,51.000,514.012,410.007,126.678,-6.692,0.180
465.1771,50.000,510.268,414.035,122.792,-7.977,0.180
465.2785,49.000,507.819,417.326,119.922,-8.248,0.180
465.3766,49.000,516.188,412.673,126.433,-1.736,0.180
465.4755,48.000,508.770,420.850,118.636,-6.934,0.180
465.5774,47.000,505.698,425.166,114.941,-8.028,0.180
465.6757,46.000,503.696,428.825,112.111,-8.259,0.180
465.7733,44.000,491.684,440.447,100.294,-14.875,0.180
465.8707,42.000,485.525,447.474,93.701,-16.269,0.180
465.9688,41.000,491.369,445.968,97.376,-9.993,0.180
466.0769,39.000,481.865,457.358,86.929,-15.241,0.180
466.1747,38.000,487.331,457.097,89.793,-9.777,0.180
466.2718,35.000,467.656,476.995,70.006,-21.764,0.180
466.3694,33.000,468.696,480.345,68.851,-17.719,0.180
466.4794,33.000,487.550,471.222,82.839,-3.730,0.180
466.5689,31.000,473.894,488.350,67.447,-13.922,0.180
466.6779,30.000,478.992,489.803,69.270,-9.499,0.180
466.7762,30.000,490.776,486.587,76.770,-2.000,0.180
466.8724,29.000,485.628,496.618,69.180,-6.989,0.180
466.9703,27.000,473.984,510.613,56.361,-14.608,0.180
467.0687,27.000,489.516,503.079,67.894,-3.075,0.180
467.1781,26.000,484.975,512.018,61.154,-7.216,0.180
467.2769,25.000,483.672,517.659,57.682,-8.088,0.180
467.3761,23.000,472.664,530.555,45.730,-14.839,0.180
467.4732,22.000,477.813,530.610,48.277,-9.693,0.180
467.5720,20.000,468.441,542.607,37.592,-15.177,0.180
467.6695,18.000,463.895,550.583,31.331,-16.332,0.180
467.7775,15.000,450.219,565.975,16.798,-23.144,0.180
467.8754,11.000,432.303,584.749,-1.548,-31.146,0.180
467.9723,7.000,421.819,598.362,-13.596,-32.831,0.180
468.0697,3.000,413.610,611.632,-24.335,-33.185,0.180
468.1785,-3.000,383.934,639.609,-53.162,-46.397,0.180
468.2762,-7.000,384.931,640.768,-53.243,-36.041,0.180
468.3771,-7.000,420.265,619.267,-24.826,-7.588,0.180
468.4745,-6.000,440.071,608.819,-9.698,4.971,0.180
468.5725,-5.000,449.566,607.878,-4.480,7.615,0.180
468.6692,-4.000,456.637,608.677,-1.344,8.172,0.180
468.7769,-3.000,462.984,609.621,1.357,8.289,0.180
468.8747,-4.000,450.049,628.152,-14.376,-4.823,0.180
468.9735,-4.000,457.715,628.244,-10.589,-1.015,0.180
469.0715,-4.000,461.793,630.760,-9.808,-0.214,0.180
469.1684,-5.000,453.770,640.788,-18.833,-6.613,0.180
469.2784,-6.000,450.343,645.318,-22.812,-7.961,0.180
469.3782,-7.000,447.592,648.407,-25.732,-8.244,0.180
469.4768,-8.000,444.735,650.952,-28.433,-8.304,0.180
469.5728,-9.000,441.642,653.179,-31.093,-8.317,0.180
469.6711,-10.000,438.320,655.166,-33.747,-8.319,0.180
469.7791,-12.000,423.821,664.329,-45.579,-14.888,0.180
469.8777,-13.000,425.271,660.744,-43.061,-9.703,0.180
469.9754,-13.000,433.456,653.744,-35.468,-2.043,0.180
470.0730,-13.000,435.505,652.703,-33.923,-0.430,0.180
470.1711,-14.000,425.232,660.233,-42.825,-6.659,0.180
470.2676,-14.000,430.750,655.382,-37.641,-1.402,0.180
470.3770,-14.000,432.068,654.632,-36.607,-0.295,0.180
470.4736,-14.000,432.469,654.713,-36.447,-0.062,0.180
470.5725,-15.000,421.677,662.316,-45.644,-6.582,0.180
470.6707,-15.000,426.939,657.342,-40.526,-1.386,0.180
470.7682,-16.000,417.104,663.822,-48.684,-6.860,0.180
470.8764,-16.000,422.511,658.564,-43.351,-1.444,0.180
470.9755,-17.000,412.657,664.944,-51.468,-6.872,0.180
471.0734,-18.000,407.045,667.004,-55.304,-8.015,0.180
471.1704,-18.000,413.269,660.760,-49.070,-1.687,0.180
471.2800,-20.000,392.656,674.156,-66.074,-13.492,0.180
471.3666,-21.000,392.272,670.806,-64.591,-9.409,0.180
471.4766,-21.000,399.613,663.290,-57.163,-1.981,0.180
471.5760,-23.000,379.166,676.390,-73.936,-13.554,0.180
471.6735,-24.000,378.775,672.935,-72.404,-9.422,0.180
471.7706,-24.000,386.079,665.362,-64.966,-1.984,0.180
471.8684,-24.000,387.530,663.682,-63.400,-0.418,0.180
471.9666,-25.000,376.795,670.623,-72.239,-6.656,0.180
472.0774,-25.000,381.937,665.256,-66.984,-1.401,0.180
472.1755,-25.000,382.948,664.054,-65.877,-0.295,0.180
472.2743,-24.000,391.068,653.371,-56.476,6.506,0.180
472.3729,-24.000,386.342,658.918,-61.613,1.370,0.180
472.4692,-24.000,385.610,660.349,-62.694,0.288,0.180
472.5761,-24.000,385.679,660.873,-62.922,0.061,0.180
472.6747,-23.000,393.852,650.805,-53.801,6.581,0.180
472.7729,-23.000,389.350,656.695,-58.997,1.386,0.180
472.8722,-23.000,388.847,658.380,-60.091,0.292,0.180
472.9708,-22.000,397.087,648.743,-51.153,6.630,0.180
473.0671,-22.000,392.759,654.884,-56.387,1.396,0.180
473.1758,-22.000,392.428,656.756,-57.489,0.294,0.180
473.2727,-22.000,392.851,657.643,-57.721,0.062,0.180
473.3713,-22.000,393.359,658.249,-57.769,0.013,0.180
473.4699,-21.000,401.790,648.364,-48.611,6.571,0.180
473.5675,-21.000,397.484,654.434,-53.799,1.383,0.180
473.6660,-21.000,397.142,656.276,-54.891,0.291,0.180
473.7777,-21.000,397.550,657.143,-55.121,0.061,0.180
473.8664,-21.000,398.043,657.733,-55.169,0.013,0.180
473.9734,-21.000,398.493,658.204,-55.180,0.003,0.180
474.0713,-21.000,398.883,658.597,-55.182,0.001,0.180
474.1683,-20.000,407.183,648.562,-46.014,6.569,0.180
474.2693,-20.000,402.761,654.511,-51.200,1.383,0.180
474.3688,-20.000,402.317,656.251,-52.291,0.291,0.180
474.4677,-20.000,402.639,657.032,-52.521,0.061,0.180
474.5653,-19.000,410.928,647.279,-43.500,6.581,0.180
474.6673,-19.000,406.512,653.452,-48.794,1.386,0.180
474.7777,-18.000,414.039,645.017,-40.813,6.860,0.180
474.8730,-18.000,409.644,651.641,-46.323,1.444,0.180
474.9703,-18.000,409.358,653.822,-47.557,0.304,0.180
475.0683,-17.000,417.803,644.588,-38.717,6.632,0.180
475.1654,-16.000,421.617,640.703,-34.868,7.965,0.180
475.2717,-16.000,416.715,648.544,-41.239,1.677,0.180
475.3676,-15.000,424.531,640.827,-33.472,6.921,0.180
475.4752,-15.000,420.531,647.911,-39.014,1.457,0.180
475.5712,-14.000,428.587,640.076,-31.069,6.875,0.180
475.6684,-14.000,424.680,647.171,-36.570,1.447,0.180
475.7669,-14.000,424.820,649.741,-37.785,0.305,0.180
475.8652,-14.000,425.658,651.206,-38.099,0.064,0.180
475.9732,-14.000,426.513,652.309,-38.222,0.014,0.180
476.0697,-14.000,427.262,653.224,-38.306,0.003,0.180
476.1687,-15.000,416.921,661.380,-47.554,-6.568,0.180
476.2790,-15.000,422.599,656.844,-42.447,-1.383,0.180
476.3756,-15.000,424.098,656.316,-41.433,-0.291,0.180
476.4726,-16.000,413.689,663.951,-50.455,-6.630,0.180
476.5716,-16.000,419.160,659.121,-45.305,-1.396,0.180
476.6696,-16.000,420.452,658.375,-44.286,-0.294,0.180
476.7665,-16.000,420.832,658.458,-44.137,-0.062,0.180
476.8740,-16.000,420.995,658.689,-44.171,-0.013,0.180
476.9721,-17.000,410.116,666.303,-53.418,-6.571,0.180
477.0711,-18.000,404.354,668.690,-57.492,-7.952,0.180
477.1711,-19.000,399.630,669.944,-60.482,-8.242,0.180
477.2703,-19.000,406.064,663.562,-54.073,-1.735,0.180
477.3708,-21.000,385.519,676.950,-71.040,-13.502,0.180
477.4667,-22.000,385.169,673.618,-69.549,-9.411,0.180
477.5648,-22.000,392.533,666.123,-62.119,-1.981,0.180
477.6730,-22.000,394.042,664.503,-60.555,-0.417,0.180
477.7694,-22.000,394.324,664.127,-60.226,-0.088,0.180
477.8693,-23.000,383.385,671.386,-69.325,-6.587,0.180
477.9673,-23.000,388.521,666.122,-64.125,-1.387,0.180
478.0752,-22.000,397.530,654.604,-53.862,6.276,0.180
478.1721,-21.000,400.977,649.624,-49.648,7.890,0.180
478.2713,-21.000,395.597,656.702,-55.877,1.661,0.180
478.3680,-21.000,395.007,658.734,-57.188,0.350,0.180
478.4657,-24.000,362.439,681.729,-84.970,-19.632,0.180
478.5641,-28.000,334.495,696.135,-106.145,-30.407,0.180
478.6728,-26.000,374.683,651.640,-63.803,6.735,0.180
478.7705,-28.000,348.599,672.863,-87.457,-11.719,0.180
478.8690,-28.000,358.784,664.546,-78.205,-2.467,0.180
478.9660,-28.000,361.526,663.392,-76.257,-0.519,0.180
479.0640,-26.000,378.548,642.920,-57.511,13.027,0.180
479.1723,-28.000,347.860,669.475,-86.132,-10.394,0.180
479.2705,-28.000,357.309,662.513,-77.926,-2.188,0.180
479.3683,-28.000,360.094,661.842,-76.199,-0.461,0.180
479.4674,-28.000,361.356,662.377,-75.835,-0.097,0.180
479.5665,-28.000,362.196,663.064,-75.758,-0.020,0.180
479.6671,-28.000,362.862,663.698,-75.742,-0.004,0.180
479.7661,-28.000,363.417,664.246,-75.739,-0.001,0.180
479.8672,-29.000,352.918,672.083,-84.907,-6.569,0.180
479.9654,-26.000,382.378,636.160,-52.216,18.322,0.180
480.0630,-23.000,393.572,621.273,-39.175,23.563,0.180
480.1704,-16.000,433.596,570.310,6.318,50.939,0.180
480.2672,24.000,732.093,215.765,332.840,273.461,0.180
480.3682,34.000,597.542,329.625,208.634,123.255,0.180
480.4668,37.000,528.547,400.233,138.832,45.654,0.180
480.5645,39.000,512.426,419.524,121.127,22.748,0.180
480.6630,41.000,513.552,419.893,121.505,17.926,0.180
480.7712,44.000,525.140,404.775,134.858,23.479,0.180
480.8699,45.000,516.973,415.343,125.490,11.511,0.180
480.9682,46.000,517.773,415.983,125.571,8.992,0.180
481.0645,48.000,527.523,403.257,136.809,15.030,0.180
481.1636,48.000,517.393,416.858,124.943,3.164,0.180
481.2722,8.000,125.400,763.251,-244.250,-262.071,0.180
481.3681,-26.000,1.191,848.700,-349.079,-278.499,0.180
481.4674,-30.000,191.587,672.708,-165.885,-84.905,0.180
481.5688,-33.000,237.834,639.904,-126.360,-37.580,0.180
481.6658,-36.000,244.811,642.555,-124.196,-27.617,0.180
481.7630,-38.000,253.268,644.080,-120.731,-18.951,0.180
481.8719,-40.000,253.535,651.098,-124.106,-17.127,0.180
481.9678,-40.000,273.152,643.674,-110.585,-3.606,0.180
482.0654,-41.000,270.212,653.377,-116.907,-7.327,0.180
482.1623,-41.000,280.371,651.967,-111.122,-1.543,0.180
482.2691,-40.000,293.276,644.099,-100.736,6.244,0.180
482.3678,-39.000,299.956,642.300,-96.497,7.883,0.180
482.4683,-38.000,305.275,641.730,-93.552,8.228,0.180
482.5675,-35.000,326.203,620.639,-72.542,21.437,0.180
482.6688,-32.000,337.615,610.888,-61.961,24.218,0.180
482.7673,-29.000,347.606,604.109,-53.576,24.804,0.180
482.8647,-19.000,413.475,525.971,18.428,70.906,0.180
482.9625,21.000,701.044,192.023,329.186,277.664,0.180
483.0627,61.000,828.861,24.784,476.714,321.193,0.180
488.1636,99.000,1014.530,-984.848,1000.000,1765.029,0.180
488.2611,97.000,638.531,-580.992,610.648,358.448,0.180
488.3611,94.000,340.391,-256.549,300.157,55.757,0.180
488.4691,90.000,271.199,-162.373,219.465,-14.535,0.180
488.5665,86.000,256.778,-124.089,194.266,-29.334,0.180
488.6632,83.000,262.594,-106.995,189.919,-25.881,0.180
488.7625,81.000,274.329,-96.632,192.015,-18.585,0.180
488.8604,79.000,279.861,-80.753,188.350,-17.050,0.180
488.9691,78.000,292.971,-73.039,192.642,-10.158,0.180
489.0679,78.000,309.488,-69.229,200.662,-2.138,0.180
489.1654,78.000,319.402,-59.238,202.350,-0.450,0.180
489.2624,78.000,327.750,-48.042,202.705,-0.095,0.180
489.3604,77.000,326.452,-27.505,193.612,-6.588,0.180
489.4592,77.000,339.282,-21.356,198.813,-1.387,0.180
489.5675,76.000,338.695,-2.010,190.740,-6.860,0.180
489.6652,75.000,342.307,12.948,186.987,-8.013,0.180
489.7634,74.000,346.727,26.939,184.145,-8.255,0.180
489.8604,73.000,351.251,40.691,181.494,-8.306,0.180
489.9688,71.000,346.572,63.530,169.714,-14.886,0.180
490.0666,70.000,356.192,71.972,172.298,-9.702,0.180
490.1617,69.000,362.027,84.836,170.789,-8.611,0.180
490.2599,68.000,368.275,99.857,168.419,-8.381,0.180
490.3604,67.000,375.426,116.161,165.867,-8.333,0.180
490.4605,65.000,373.090,141.406,154.109,-14.891,0.180
490.5690,64.000,387.563,154.781,156.697,-9.703,0.180
490.6679,63.000,398.534,172.856,155.189,-8.611,0.180
490.7641,61.000,398.779,200.275,143.650,-14.950,0.180
490.8607,60.000,415.305,215.637,146.284,-9.716,0.180
490.9690,59.000,427.991,235.431,144.786,-8.614,0.180
491.0668,58.000,440.056,256.349,142.418,-8.382,0.180
491.1635,56.000,441.780,285.634,130.699,-14.901,0.180
491.2624,55.000,459.680,302.468,133.294,-9.706,0.180
491.3607,53.000,463.189,331.456,122.620,-15.180,0.180
491.4588,51.000,471.570,356.673,116.267,-16.333,0.180
491.5671,49.000,481.326,381.450,110.825,-16.575,0.180
491.6676,48.000,502.039,398.465,114.742,-10.058,0.180
491.7691,45.000,481.122,420.193,95.177,-21.823,0.180
491.8676,43.000,480.964,425.241,94.069,-17.731,0.180
491.9631,41.000,478.034,433.528,89.730,-16.870,0.180
492.0609,38.000,464.444,450.472,75.543,-23.257,0.180
492.1680,36.000,467.075,454.891,75.567,-18.033,0.180
492.2640,33.000,455.422,471.336,62.298,-23.502,0.180
492.3621,30.000,448.745,483.887,53.347,-24.653,0.180
492.4602,28.000,453.904,487.921,54.473,-18.327,0.180
492.5686,25.000,443.695,504.744,41.436,-23.564,0.180
492.6592,23.000,448.464,509.796,41.702,-18.098,0.180
492.7668,20.000,438.475,526.934,28.485,-23.515,0.180
492.8641,18.000,443.640,532.045,28.806,-18.087,0.180
492.9638,16.000,444.383,541.236,24.832,-16.945,0.180
493.0625,14.000,444.106,551.158,19.945,-16.704,0.180
493.1612,11.000,433.164,569.098,5.685,-23.222,0.180
493.2590,9.000,438.128,574.282,5.728,-18.026,0.180
493.3679,7.000,438.841,583.396,1.658,-16.932,0.180
493.4652,4.000,428.188,601.200,-12.459,-23.270,0.180
493.5632,2.000,433.278,606.389,-12.415,-18.036,0.180
493.6598,1.000,444.442,607.563,-7.339,-10.365,0.180
493.7689,-0.000,448.932,614.159,-8.324,-8.751,0.180
493.8672,-1.000,451.021,620.894,-10.589,-8.411,0.180
493.9651,-0.000,470.830,609.185,5.219,4.798,0.180
494.0647,1.000,479.317,606.984,10.605,7.578,0.180
494.1647,2.000,484.848,606.195,13.801,8.164,0.180
494.2625,3.000,489.272,605.202,16.540,8.287,0.180
494.3599,3.000,485.678,614.712,10.013,1.745,0.180
494.4569,2.000,476.435,626.584,-0.523,-6.201,0.180
494.5657,1.000,473.566,632.288,-4.790,-7.874,0.180
494.6645,-0.000,472.103,636.760,-7.742,-8.226,0.180
494.7620,-1.000,470.389,640.432,-10.422,-8.300,0.180
494.8586,-2.000,468.284,643.602,-13.048,-8.316,0.180
494.9664,-3.000,465.808,646.382,-15.667,-8.319,0.180
495.0645,-4.000,463.008,648.842,-18.288,-8.320,0.180
495.1659,-6.000,448.956,658.404,-30.088,-14.888,0.180
495.2659,-8.000,439.817,662.526,-36.712,-16.271,0.180
495.3644,-9.000,442.511,657.968,-33.082,-9.994,0.180
495.4610,-11.000,429.110,665.585,-43.586,-15.241,0.180
495.5589,-12.000,430.649,661.528,-40.785,-9.777,0.180
495.6665,-14.000,416.786,669.053,-51.476,-15.195,0.180
495.7571,-15.000,418.039,664.812,-48.726,-9.767,0.180
495.8663,-16.000,414.926,664.784,-50.266,-8.625,0.180
495.9648,-16.000,421.815,658.226,-43.541,-1.816,0.180
496.0627,-17.000,412.331,664.392,-51.364,-6.951,0.180
496.1597,-17.000,417.818,659.083,-45.965,-1.463,0.180
496.2595,-17.000,418.960,658.094,-44.898,-0.308,0.180
496.3571,-17.000,419.178,658.005,-44.743,-0.065,0.180
496.4656,-17.000,419.195,658.098,-44.780,-0.014,0.180
496.5630,-17.000,419.164,658.223,-44.858,-0.003,0.180
496.6602,-17.000,419.117,658.349,-44.944,-0.001,0.180
496.7595,-17.000,419.062,658.472,-45.032,-0.000,0.180
496.8593,-16.000,426.976,648.215,-35.947,6.568,0.180
496.9600,-16.000,422.211,653.989,-41.216,1.383,0.180
497.0572,-15.000,429.438,645.219,-33.217,6.860,0.180
497.1642,-15.000,424.789,651.557,-38.710,1.444,0.180
497.2621,-15.000,424.288,653.494,-39.928,0.304,0.180
497.3591,-14.000,432.554,644.048,-31.073,6.632,0.180
497.4650,-13.000,436.217,639.982,-27.208,7.965,0.180
497.5631,-12.000,439.164,637.293,-24.390,8.245,0.180
497.6611,-11.000,442.175,635.101,-21.788,8.304,0.180
497.7585,-10.000,445.383,633.189,-19.228,8.317,0.180
497.8568,-9.000,448.790,631.484,-16.672,8.319,0.180
497.9565,-8.000,452.372,629.948,-14.113,8.320,0.180
498.0582,-6.000,464.079,618.181,-2.376,14.888,0.180
498.1560,-6.000,455.268,632.940,-14.161,3.134,0.180
498.2645,-5.000,463.264,627.600,-7.493,7.228,0.180
498.3621,-3.000,476.108,615.215,5.122,14.659,0.180
498.4597,-3.000,467.714,629.997,-6.466,3.086,0.180
498.5573,-1.000,483.925,614.418,9.429,13.787,0.180
498.6658,-1.000,476.303,628.575,-1.460,2.902,0.180
498.7634,-0.000,484.758,623.276,5.417,7.179,0.180
498.8600,1.000,489.305,620.811,8.922,8.080,0.180
498.9561,1.000,485.316,629.570,2.549,1.701,0.180
499.0636,1.000,486.006,632.935,1.211,0.358,0.180
499.1617,1.000,487.452,634.936,0.933,0.075,0.180
499.2601,1.000,488.862,636.455,0.879,0.016,0.180
499.3574,1.000,490.100,637.707,0.872,0.003,0.180
499.4648,-0.000,480.787,646.736,-8.299,-6.568,0.180
499.5621,-0.000,487.351,642.931,-3.114,-1.383,0.180
499.6614,-1.000,478.642,650.386,-11.196,-6.860,0.180
499.7610,-1.000,485.019,645.942,-5.786,-1.444,0.180
499.8587,-2.000,476.002,653.002,-13.825,-6.872,0.180
499.9564,-2.000,482.085,648.256,-8.410,-1.447,0.180
500.0643,-2.000,483.785,647.692,-7.278,-0.305,0.180
500.1645,-3.000,473.525,655.318,-16.221,-6.633,0.180
500.2635,-3.000,479.126,650.478,-11.001,-1.396,0.180
500.3613,-3.000,480.536,649.715,-9.914,-0.294,0.180
500.4593,-3.000,481.027,649.773,-9.697,-0.062,0.180
500.5579,-3.000,481.294,649.974,-9.664,-0.013,0.180
500.6548,-3.000,481.488,650.178,-9.670,-0.003,0.180
500.7568,-3.000,481.643,650.360,-9.683,-0.001,0.180
500.8624,-3.000,481.771,650.519,-9.698,-0.000,0.180
500.9593,-4.000,491.606,668.199,-24.822,-11.556,0.320
501.0549,-4.000,525.857,665.110,-15.673,-2.384,0.320
501.1647,-4.000,551.452,670.778,-13.803,-0.492,0.320
501.2611,-5.000,558.092,691.646,-27.796,-11.657,0.320
501.3599,-5.000,588.741,692.154,-18.573,-2.405,0.320
501.4575,-5.000,611.221,700.931,-16.692,-0.496,0.320
501.5557,-6.000,615.202,724.454,-30.687,-11.658,0.320
501.6642,-6.000,643.588,727.221,-21.468,-2.406,0.320
501.7614,-7.000,647.862,750.361,-33.954,-12.052,0.320
501.8588,-8.000,659.239,766.220,-38.789,-14.042,0.320
501.9567,-9.000,671.726,780.819,-42.050,-14.453,0.320
502.0586,-10.000,684.139,795.365,-44.991,-14.538,0.320
502.1559,-12.000,679.997,822.516,-62.231,-26.111,0.320
502.2642,-13.000,700.892,828.113,-55.936,-16.944,0.320
502.3548,-15.000,698.001,853.616,-71.284,-26.607,0.320
502.4619,-16.000,718.729,859.044,-64.612,-17.046,0.320
502.5607,-18.000,715.441,884.659,-79.896,-26.629,0.320
502.6601,-19.000,735.776,890.236,-73.224,-17.050,0.320
502.7575,-21.000,732.258,915.875,-88.403,-26.629,0.320
502.8551,-22.000,752.416,921.453,-81.624,-17.051,0.320
502.9548,-24.000,748.657,947.184,-96.803,-26.629,0.320
503.0637,-25.000,768.610,952.841,-90.024,-17.051,0.320
503.1606,-26.000,780.952,966.202,-90.848,-15.074,0.320
503.2576,-27.000,791.718,981.219,-93.240,-14.666,0.320
503.3556,-28.000,802.153,996.633,-95.955,-14.582,0.320
503.4635,-30.000,796.241,1024.612,-113.094,-26.120,0.320
503.5626,-31.000,815.625,1030.919,-106.719,-16.945,0.320
503.6600,-32.000,827.744,1044.573,-107.626,-15.052,0.320
503.7570,-33.000,822.458,1043.869,-110.035,-14.662,0.320
503.8559,-34.000,816.874,1043.522,-112.755,-14.581,0.320
503.9551,-35.000,811.235,1043.279,-115.538,-14.564,0.320
504.0631,-36.000,805.591,1043.084,-118.334,-14.561,0.320
504.1594,-37.000,799.952,1042.919,-121.134,-14.560,0.320
504.2588,-38.000,794.318,1042.780,-123.934,-14.560,0.320
504.3574,-39.000,788.689,1042.662,-126.734,-14.560,0.320
504.4547,-40.000,783.065,1042.562,-129.534,-14.560,0.320
504.5625,-41.000,777.444,1042.476,-132.334,-14.560,0.320
504.6622,-41.000,788.102,1029.968,-120.778,-3.004,0.320
504.7594,-42.000,773.447,1039.210,-132.749,-12.176,0.320
504.8661,-42.000,782.330,1028.726,-123.086,-2.512,0.320
504.9640,-42.000,783.660,1026.035,-121.092,-0.518,0.320
505.0618,-43.000,767.232,1037.467,-135.036,-11.663,0.320
505.1595,-42.000,789.152,1012.139,-111.425,9.149,0.320
505.2577,-43.000,765.678,1031.878,-133.041,-9.668,0.320
505.3576,-43.000,773.272,1024.108,-125.369,-1.995,0.320
505.4567,-44.000,758.512,1034.879,-138.141,-11.967,0.320
505.5555,-44.000,767.821,1025.179,-128.643,-2.469,0.320
505.6535,-44.000,769.620,1023.048,-126.683,-0.510,0.320
505.7631,-45.000,753.612,1034.933,-140.634,-11.661,0.320
505.8625,-45.000,762.619,1025.423,-131.380,-2.406,0.320
505.9636,-46.000,748.042,1035.731,-143.826,-12.052,0.320
506.0628,-46.000,757.296,1025.849,-134.261,-2.487,0.320
506.1608,-46.000,759.005,1023.606,-132.287,-0.513,0.320
506.2601,-46.000,759.187,1022.969,-131.879,-0.106,0.320
506.3582,-46.000,759.080,1022.691,-131.795,-0.022,0.320
506.4588,-46.000,758.935,1022.508,-131.778,-0.005,0.320
506.5548,-47.000,742.525,1034.799,-146.130,-11.556,0.320
506.6554,-47.000,751.447,1025.376,-136.958,-2.385,0.320
506.7554,-47.000,753.128,1023.270,-135.066,-0.492,0.320
506.8541,-47.000,753.338,1022.697,-134.675,-0.102,0.320
506.9554,-47.000,753.266,1022.462,-134.595,-0.021,0.320
507.0535,-46.000,766.428,1006.879,-120.222,11.551,0.320
507.1614,-46.000,757.732,1016.517,-129.390,2.384,0.320
507.2599,-45.000,769.516,1003.373,-116.926,12.047,0.320
507.3585,-45.000,760.877,1013.856,-126.488,2.486,0.320
507.4585,-44.000,772.964,1001.177,-114.105,12.069,0.320
507.5574,-44.000,764.634,1012.004,-123.683,2.490,0.320
507.6563,-43.000,776.995,999.605,-111.304,12.069,0.320
507.7529,-42.000,782.175,995.232,-106.528,14.046,0.320
507.8534,-42.000,772.871,1008.223,-117.675,2.898,0.320
507.9523,-41.000,785.413,996.655,-105.620,12.154,0.320
508.0598,-40.000,790.957,992.778,-100.910,14.063,0.320
508.1603,-40.000,782.004,1006.149,-112.072,2.902,0.320
508.2589,-40.000,781.579,1010.329,-114.375,0.599,0.320
508.3562,-39.000,795.975,996.964,-100.494,11.679,0.320
508.4539,-38.000,801.920,992.736,-95.408,13.966,0.320
508.5624,-38.000,793.066,1006.050,-106.492,2.882,0.320
508.6623,-37.000,805.949,994.797,-94.423,12.150,0.320
508.7604,-37.000,798.499,1006.632,-104.066,2.507,0.320
508.8561,-37.000,798.373,1010.486,-106.056,0.517,0.320
508.9541,-36.000,812.823,997.046,-92.111,11.662,0.320
509.0528,-36.000,805.496,1008.230,-101.367,2.407,0.320
509.1600,-36.000,805.225,1011.780,-103.277,0.497,0.320
509.2581,-35.000,819.500,998.132,-89.316,11.658,0.320
509.3583,-35.000,812.014,1009.150,-98.568,2.406,0.320
509.4564,-35.000,811.607,1012.561,-100.477,0.496,0.320
509.5543,-35.000,812.489,1014.231,-100.871,0.102,0.320
509.6532,-35.000,813.493,1015.398,-100.952,0.021,0.320
509.7513,-35.000,814.398,1016.336,-100.969,0.004,0.320
509.8581,-34.000,828.454,1001.688,-86.617,11.556,0.320
509.9576,-35.000,804.255,1024.544,-110.144,-9.171,0.320
510.0554,-35.000,812.462,1018.194,-102.866,-1.892,0.320
510.1534,-36.000,798.478,1029.918,-115.720,-11.946,0.320
510.2608,-37.000,792.223,1033.411,-120.594,-14.021,0.320
510.3595,-37.000,803.677,1022.610,-109.467,-2.893,0.320
510.4583,-39.000,773.699,1045.462,-135.882,-23.708,0.320
510.5563,-39.000,792.487,1026.618,-117.066,-4.892,0.320
510.6543,-40.000,780.070,1035.147,-127.539,-12.565,0.320
510.7622,-39.000,803.165,1009.587,-103.211,8.963,0.320
510.8594,-39.000,796.504,1017.153,-110.324,1.849,0.320
510.9550,-36.000,835.248,972.698,-68.725,35.048,0.320
511.0508,-32.000,862.607,940.845,-39.119,53.454,0.320
511.1577,-27.000,890.650,910.182,-9.766,68.808,0.320
511.2583,-19.000,948.525,847.800,50.363,106.643,0.320
511.3570,-12.000,966.834,834.540,66.147,102.895,0.320
511.4542,-7.000,964.156,851.709,56.224,79.010,0.320
511.5519,-3.000,968.194,866.349,50.923,62.526,0.320
511.6526,1.000,984.777,867.323,58.727,59.124,0.320
511.7523,4.000,988.643,878.860,54.892,46.867,0.320
511.8613,5.000,974.957,910.798,32.079,21.227,0.320
511.9590,8.000,1004.719,888.030,58.344,39.047,0.320
512.0582,9.000,993.688,910.167,41.761,19.613,0.320
512.1581,11.000,1009.275,899.339,54.968,27.158,0.320
512.2564,12.000,1005.246,909.574,47.836,17.160,0.320
512.3535,14.000,1020.715,894.700,63.007,26.652,0.320
512.4534,14.000,1002.893,919.027,41.933,5.500,0.320
512.5509,15.000,1013.813,909.797,52.008,12.690,0.320
512.6591,16.000,1018.485,905.722,56.381,14.174,0.320
512.7571,17.000,1021.519,902.354,59.583,14.480,0.320
512.8569,19.000,1036.363,882.547,76.908,26.099,0.320
512.9542,20.000,1028.975,887.876,70.550,16.941,0.320
513.0517,22.000,1041.026,869.395,85.816,26.607,0.320
513.1597,23.000,1032.613,874.503,79.055,17.046,0.320
513.2582,24.000,1031.615,871.851,79.882,15.073,0.320
513.3542,26.000,1044.472,851.212,96.630,26.221,0.320
513.4516,27.000,1035.790,855.439,90.175,16.966,0.320
513.5592,28.000,1034.367,852.236,91.065,15.057,0.320
513.6565,29.000,1034.386,847.444,93.471,14.662,0.320
513.7538,29.000,1022.221,858.552,81.834,3.026,0.320
513.8515,30.000,1031.806,844.229,93.789,12.180,0.320
513.9609,31.000,1034.061,837.106,98.478,14.069,0.320
514.0591,32.000,1034.762,831.428,101.667,14.459,0.320
514.1576,32.000,1022.672,842.287,90.192,2.984,0.320
514.2563,33.000,1032.217,827.857,102.180,12.171,0.320
514.3532,34.000,1034.416,820.664,106.876,14.067,0.320
514.4559,33.000,1007.194,844.482,81.356,-8.653,0.320
514.5535,34.000,1026.550,821.392,102.579,9.770,0.320
514.6515,34.000,1018.709,829.059,94.825,2.016,0.320
514.7504,34.000,1017.035,830.586,93.225,0.416,0.320
514.8493,34.000,1016.642,830.853,92.895,0.086,0.320
514.9576,34.000,1016.521,830.868,92.827,0.018,0.320
515.0562,33.000,1001.026,844.112,78.457,-11.552,0.320
515.1554,34.000,1023.173,819.212,101.981,9.172,0.320
515.2531,34.000,1016.224,826.821,94.701,1.893,0.320
515.3497,34.000,1015.002,828.604,93.199,0.391,0.320
515.4522,35.000,1027.366,812.877,107.245,11.636,0.320
515.5511,34.000,1002.767,835.458,83.654,-9.154,0.320
515.6512,36.000,1035.545,796.283,119.631,21.222,0.320
515.7510,36.000,1018.984,813.408,102.788,4.379,0.320
515.8597,36.000,1015.748,817.123,99.312,0.904,0.320
515.9573,36.000,1015.234,818.044,98.595,0.186,0.320
516.0548,37.000,1027.695,802.089,112.803,11.594,0.320
516.1516,37.000,1018.508,811.306,103.601,2.392,0.320
516.2491,37.000,1016.622,813.217,101.702,0.494,0.320
516.3584,38.000,1028.677,797.345,115.666,11.657,0.320
516.4547,38.000,1019.302,806.474,106.414,2.406,0.320
516.5534,38.000,1017.289,808.279,104.505,0.496,0.320
516.6530,38.000,1016.806,808.584,104.111,0.102,0.320
516.7512,37.000,1001.214,821.865,89.674,-11.534,0.320
516.8500,37.000,1010.886,813.229,98.829,-2.380,0.320
516.9585,36.000,997.780,825.056,86.362,-12.047,0.320
517.0566,35.000,992.861,829.727,81.567,-14.041,0.320
517.1558,34.000,989.965,833.253,78.356,-14.453,0.320
517.2534,33.000,987.767,836.825,75.471,-14.538,0.320
517.3523,32.000,985.954,840.647,72.653,-14.555,0.320
517.4497,31.000,984.424,844.725,69.850,-14.559,0.320
517.5568,29.000,967.691,862.304,52.693,-26.115,0.320
517.6547,27.000,960.905,871.488,44.709,-28.500,0.320
517.7526,25.000,956.673,879.439,38.617,-28.992,0.320
517.8493,23.000,953.392,887.561,32.915,-29.094,0.320
517.9489,21.000,950.668,896.080,27.294,-29.115,0.320
518.0571,19.000,948.473,904.880,21.796,-29.119,0.320
518.1579,18.000,962.056,900.752,30.652,-17.564,0.320
518.2540,16.000,950.732,918.792,15.970,-26.735,0.320
518.3517,15.000,962.454,916.620,22.917,-17.072,0.320
518.4510,13.000,950.764,935.107,7.828,-26.634,0.320
518.5491,12.000,962.422,933.066,14.678,-17.051,0.320
518.6578,12.000,981.609,925.053,28.278,-3.519,0.320
518.7552,11.000,973.777,940.223,16.777,-12.282,0.320
518.8504,11.000,988.205,935.033,26.586,-2.534,0.320
518.9481,10.000,978.763,950.168,14.297,-12.079,0.320
519.0570,9.000,976.883,957.726,9.578,-14.048,0.320
519.1555,8.000,976.554,963.721,6.417,-14.454,0.320
519.2538,7.000,976.538,969.394,3.572,-14.538,0.320
519.3539,6.000,976.578,975.001,0.788,-14.556,0.320
519.4541,4.000,961.182,993.878,-16.348,-26.115,0.320
519.5517,2.000,955.527,1004.172,-24.322,-28.500,0.320
519.6483,-0.000,952.247,1013.075,-30.414,-28.992,0.320
519.7563,-2.000,948.083,1020.338,-36.127,-29.094,0.320
519.8570,-4.000,942.917,1026.459,-41.771,-29.115,0.320
519.9544,-5.000,953.126,1019.221,-33.047,-17.563,0.320
520.0520,-7.000,937.238,1032.955,-47.858,-26.735,0.320
520.1501,-8.000,944.221,1026.301,-41.040,-17.072,0.320
520.2513,-9.000,943.084,1026.877,-41.897,-15.078,0.320
520.3508,-10.000,939.981,1028.664,-44.341,-14.667,0.320
520.4498,-12.000,919.944,1042.902,-61.479,-26.138,0.320
520.5475,-13.000,924.875,1035.202,-55.163,-16.949,0.320
520.6576,-14.000,922.296,1034.587,-56.146,-15.053,0.320
520.7546,-15.000,918.026,1035.303,-58.639,-14.662,0.320
520.8528,-16.000,913.286,1036.181,-61.447,-14.581,0.320
520.9517,-17.000,908.346,1036.998,-64.326,-14.564,0.320
521.0496,-19.000,886.996,1050.165,-81.584,-26.116,0.320
521.1473,-21.000,874.694,1053.830,-89.568,-28.500,0.320
521.2556,-22.000,880.367,1042.976,-81.305,-17.437,0.320
521.3527,-24.000,860.953,1053.307,-96.177,-26.709,0.320
521.4495,-25.000,865.014,1043.684,-89.335,-17.067,0.320
521.5477,-27.000,845.145,1054.147,-104.501,-26.633,0.320
521.6475,-27.000,865.284,1032.011,-83.364,-5.496,0.320
521.7497,-28.000,852.522,1039.237,-93.358,-12.690,0.320
521.8487,-29.000,845.464,1040.748,-97.642,-14.174,0.320
521.9466,-30.000,839.581,1041.078,-100.748,-14.480,0.320
522.0556,-30.000,850.213,1028.725,-89.256,-2.988,0.320
522.1542,-31.000,835.577,1038.057,-101.240,-12.172,0.320
522.2514,-31.000,844.484,1027.643,-91.580,-2.512,0.320
522.3487,-31.000,845.837,1025.009,-89.586,-0.518,0.320
522.4566,-31.000,845.703,1024.053,-89.175,-0.107,0.320
522.5551,-32.000,829.050,1035.941,-103.446,-11.578,0.320
522.6526,-32.000,912.685,948.830,-18.072,-3.308,0.180
522.7524,-31.000,911.957,939.905,-13.974,0.341,0.180
522.8517,-31.000,907.201,935.635,-14.217,0.097,0.180
522.9486,-31.000,901.385,929.959,-14.287,0.028,0.180
523.0565,-31.000,894.572,923.185,-14.307,0.008,0.180
523.1545,-31.000,886.881,915.506,-14.312,0.002,0.180
523.2503,-30.000,878.734,903.890,-12.578,1.286,0.180
523.3483,-31.000,865.710,896.175,-15.233,-0.918,0.180
523.4476,-31.000,857.142,886.296,-14.577,-0.262,0.180
523.5460,-31.000,847.579,876.358,-14.389,-0.075,0.180
523.6549,-31.000,837.435,866.107,-14.336,-0.021,0.180
523.7509,-31.000,826.873,855.514,-14.321,-0.006,0.180
523.8466,-32.000,812.681,844.785,-16.052,-1.287,0.180
523.9535,-31.000,802.894,829.688,-13.397,0.918,0.180
524.0517,-32.000,787.958,819.534,-15.788,-1.023,0.180
524.1475,-32.000,777.616,807.729,-15.057,-0.292,0.180
524.2473,-33.000,763.207,796.374,-16.584,-1.369,0.180
524.3456,-33.000,752.825,784.036,-15.606,-0.391,0.180
524.4547,-33.000,741.539,772.191,-15.326,-0.112,0.180
524.5515,-33.000,729.878,760.371,-15.246,-0.032,0.180
524.6504,-33.000,718.011,748.459,-15.224,-0.009,0.180
524.7496,-34.000,702.706,736.612,-16.953,-1.288,0.180
524.8465,-34.000,691.677,723.742,-16.033,-0.368,0.180
524.9555,-34.000,679.873,711.413,-15.770,-0.105,0.180
525.0519,-34.000,667.782,699.171,-15.695,-0.030,0.180
525.1488,-34.000,655.552,686.898,-15.673,-0.009,0.180
525.2474,-34.000,643.234,674.568,-15.667,-0.002,0.180
525.3460,-34.000,630.851,662.181,-15.665,-0.001,0.180
525.4554,-35.000,615.119,649.920,-17.400,-1.286,0.180
525.5523,-35.000,603.730,636.694,-16.482,-0.367,0.180
525.6494,-34.000,591.917,620.884,-14.484,1.181,0.180
525.7472,-34.000,578.924,609.578,-15.327,0.337,0.180
525.8546,-34.000,566.446,597.583,-15.568,0.096,0.180
525.9515,-34.000,554.066,585.340,-15.637,0.028,0.180
526.0494,-33.000,541.968,569.810,-13.921,1.294,0.180
526.1477,-33.000,541.625,571.314,-14.845,0.370,0.180
526.2465,-33.000,541.854,572.072,-15.109,0.106,0.180
526.3449,-33.000,542.198,572.566,-15.184,0.030,0.180
526.4507,-33.000,542.533,572.944,-15.206,0.009,0.180
526.5484,-32.000,543.125,570.078,-13.476,1.288,0.180
526.6475,-32.000,542.739,571.531,-14.396,0.368,0.180
526.7556,-31.000,543.225,569.072,-12.924,1.391,0.180
526.8540,-31.000,542.893,570.727,-13.917,0.397,0.180
526.9531,-31.000,543.171,571.573,-14.201,0.114,0.180
527.0523,-30.000,543.864,568.956,-12.546,1.318,0.180
527.1499,-29.000,543.900,567.405,-11.752,1.662,0.180
527.2481,-29.000,543.569,569.448,-12.940,0.475,0.180
527.3466,-28.000,544.253,567.339,-11.543,1.421,0.180
527.4444,-27.000,544.427,566.073,-10.823,1.692,0.180
527.5518,-27.000,544.255,568.317,-12.031,0.483,0.180
527.6497,-26.000,545.086,566.368,-10.641,1.424,0.180
527.7472,-25.000,545.390,565.234,-9.922,1.693,0.180
527.8454,-23.000,545.919,561.238,-7.659,3.055,0.180
527.9466,-23.000,545.264,564.947,-9.842,0.873,0.180
528.0441,-21.000,546.530,560.517,-6.994,2.821,0.180
528.1533,-20.000,546.466,561.012,-7.273,2.092,0.180
528.2526,-18.000,547.230,557.853,-5.312,3.169,0.180
528.3492,-16.000,547.526,555.762,-4.118,3.477,0.180
528.4465,-14.000,547.858,554.144,-3.143,3.565,0.180
528.5444,-12.000,548.346,552.803,-2.229,3.590,0.180
528.6530,-10.000,549.002,551.663,-1.330,3.597,0.180
528.7524,-8.000,549.811,550.682,-0.436,3.599,0.180
528.8503,-5.000,551.049,546.657,2.196,4.885,0.180
528.9489,-3.000,551.464,547.113,2.175,3.967,0.180
529.0461,-1.000,552.591,546.967,2.812,3.705,0.180
529.1533,2.000,554.011,543.261,5.375,4.916,0.180
529.2510,5.000,554.560,540.409,7.075,5.262,0.180
529.3483,8.000,554.326,538.326,8.000,5.360,0.180
529.4463,11.000,553.160,537.160,8.000,5.389,0.180
529.5440,15.000,550.430,534.430,8.000,6.682,0.180
529.6515,18.000,549.429,533.429,8.000,5.766,0.180
529.7507,22.000,546.839,530.839,8.000,6.790,0.180
529.8469,26.000,544.397,528.397,8.000,7.083,0.180
529.9451,29.000,543.641,527.641,8.000,5.881,0.180
530.0529,32.000,542.818,526.818,8.000,5.537,0.180
530.1492,36.000,540.379,524.379,8.000,6.725,0.180
530.2483,39.000,539.626,523.626,8.000,5.779,0.180
530.3460,41.000,540.366,524.366,8.000,4.222,0.180
530.4462,43.000,540.875,524.875,8.000,3.778,0.180
530.5435,45.000,541.187,525.187,8.000,3.651,0.180
530.6520,46.000,542.893,526.893,8.000,2.329,0.180
530.7512,47.000,544.283,528.283,8.000,1.951,0.180
530.8478,48.000,545.404,529.404,8.000,1.843,0.180
530.9485,49.000,546.297,530.297,8.000,1.812,0.180
531.0487,50.000,546.996,530.996,8.000,1.804,0.180
531.1463,51.000,547.531,531.531,8.000,1.801,0.180
531.2429,52.000,547.925,531.925,8.000,1.800,0.180
531.3436,53.000,548.200,532.200,8.000,1.800,0.180
531.4508,55.000,546.814,530.814,8.000,3.086,0.180
531.5496,56.000,547.075,531.075,8.000,2.167,0.180
531.6497,57.000,547.238,531.238,8.000,1.905,0.180
531.7481,58.000,547.316,531.316,8.000,1.830,0.180
531.8454,60.000,545.762,529.762,8.000,3.094,0.180
531.9454,61.000,545.882,529.882,8.000,2.170,0.180
532.0443,63.000,544.363,528.363,8.000,3.191,0.180
532.1516,64.000,544.512,528.512,8.000,2.198,0.180
532.2520,65.000,544.579,528.579,8.000,1.914,0.180
532.3520,65.000,546.136,530.136,8.000,0.547,0.180
532.4489,65.000,547.459,531.459,8.000,0.156,0.180
532.5488,65.000,548.584,532.584,8.000,0.045,0.180
532.6469,65.000,549.540,533.540,8.000,0.013,0.180
532.7441,65.000,550.353,534.353,8.000,0.004,0.180
532.8514,65.000,551.044,535.044,8.000,0.001,0.180
532.9495,64.000,550.191,534.191,8.000,-1.285,0.180
533.0465,65.000,549.406,533.406,8.000,0.918,0.180
533.1457,64.000,548.799,532.799,8.000,-1.023,0.180
533.2446,64.000,549.783,533.783,8.000,-0.292,0.180
533.3448,64.000,550.619,534.619,8.000,-0.084,0.180
533.4424,64.000,551.330,535.330,8.000,-0.024,0.180
533.5494,64.000,551.934,535.934,8.000,-0.007,0.180
533.6475,64.000,552.448,536.448,8.000,-0.002,0.180
533.7470,63.000,551.444,535.444,8.000,-1.286,0.180
533.8446,63.000,552.092,536.092,8.000,-0.368,0.180
533.9548,63.000,552.642,536.642,8.000,-0.105,0.180
534.0444,63.000,553.109,537.109,8.000,-0.030,0.180
534.1435,62.000,552.066,536.066,8.000,-1.294,0.180
534.2520,62.000,552.680,536.680,8.000,-0.370,0.180
534.3507,61.000,551.762,535.762,8.000,-1.391,0.180
534.4465,61.000,552.481,536.481,8.000,-0.398,0.180
534.5470,61.000,553.093,537.093,8.000,-0.114,0.180
534.6462,60.000,552.173,536.173,8.000,-1.318,0.180
534.7437,59.000,551.451,535.451,8.000,-1.662,0.180
534.8428,58.000,550.897,534.897,8.000,-1.761,0.180
534.9481,57.000,550.486,534.486,8.000,-1.789,0.180
535.0474,56.000,550.197,534.197,8.000,-1.797,0.180
535.1446,55.000,550.011,534.011,8.000,-1.799,0.180
535.2417,54.000,549.913,533.913,8.000,-1.800,0.180
535.3526,53.000,549.890,533.890,8.000,-1.800,0.180
535.4506,52.000,549.930,533.930,8.000,-1.800,0.180
535.5467,51.000,550.024,534.024,8.000,-1.800,0.180
535.6439,50.000,550.164,534.164,8.000,-1.800,0.180
535.7520,50.000,551.784,535.784,8.000,-0.514,0.180
535.8502,49.000,551.720,535.720,8.000,-1.433,0.180
535.9480,48.000,551.726,535.726,8.000,-1.695,0.180
536.0451,48.000,553.230,537.230,8.000,-0.484,0.180
536.1423,48.000,554.510,538.510,8.000,-0.138,0.180
536.2508,48.000,555.597,539.597,8.000,-0.040,0.180
536.3488,48.000,556.521,540.521,8.000,-0.011,0.180
536.4463,48.000,557.307,541.307,8.000,-0.003,0.180
536.5430,47.000,556.534,540.534,8.000,-1.287,0.180
536.6418,48.000,555.818,539.818,8.000,0.918,0.180
536.7519,47.000,555.269,539.269,8.000,-1.023,0.180
536.8491,47.000,556.302,540.302,8.000,-0.292,0.180
536.9479,44.000,552.861,536.861,8.000,-3.941,0.180
537.0436,43.000,552.995,536.995,8.000,-2.412,0.180
537.1420,40.000,550.290,534.290,8.000,-4.546,0.180
537.2494,37.000,548.170,532.170,8.000,-5.156,0.180
537.3473,35.000,547.988,531.988,8.000,-4.045,0.180
537.4449,30.000,541.160,530.108,5.526,-7.584,0.180
537.5445,28.000,544.024,529.081,7.472,-4.738,0.180
537.6423,26.000,544.838,530.068,7.385,-3.925,0.180
537.7403,25.000,547.779,531.779,8.000,-2.407,0.180
537.8487,23.000,547.077,533.675,6.701,-3.259,0.180
537.9473,21.000,546.561,535.446,5.558,-3.503,0.180
538.0461,20.000,549.420,536.773,6.324,-2.286,0.180
538.1433,20.000,554.333,538.419,7.957,-0.653,0.180
538.2405,19.000,554.428,541.018,6.705,-1.472,0.180
538.3469,19.000,558.142,542.595,7.774,-0.421,0.180
538.4448,19.000,560.617,544.617,8.000,-0.120,0.180
538.5407,18.000,559.546,546.630,6.458,-1.320,0.180
538.6427,17.000,559.229,547.868,5.680,-1.663,0.180
538.7416,17.000,562.323,548.557,6.883,-0.475,0.180
538.8410,17.000,564.286,549.810,7.238,-0.136,0.180
538.9408,17.000,565.765,551.064,7.350,-0.039,0.180
539.0491,16.000,563.793,552.479,5.657,-1.297,0.180
539.1478,16.000,565.997,552.802,6.597,-0.371,0.180
539.2450,15.000,564.173,553.893,5.140,-1.392,0.180
539.3447,15.000,566.369,554.075,6.147,-0.398,0.180
539.4408,15.000,567.677,554.788,6.445,-0.114,0.180
539.5478,15.000,568.631,555.552,6.539,-0.032,0.180
539.6449,15.000,569.397,556.245,6.576,-0.009,0.180
539.7426,15.000,570.038,556.846,6.596,-0.003,0.180
539.8404,15.000,570.581,557.358,6.612,-0.001,0.180
539.9487,15.000,571.043,557.792,6.626,-0.000,0.180
540.0466,15.000,571.438,558.160,6.639,-0.000,0.180
540.1447,15.000,571.775,558.470,6.653,-0.000,0.180
540.2445,15.000,572.064,558.732,6.666,-0.000,0.180
540.3422,14.000,569.135,559.249,4.943,-1.286,0.180
540.4498,14.000,570.541,558.793,5.874,-0.367,0.180
540.5475,14.000,571.220,558.922,6.149,-0.105,0.180
540.6454,14.000,571.651,559.177,6.237,-0.030,0.180
540.7433,13.000,568.800,559.731,4.534,-1.294,0.180
540.8428,13.000,570.260,559.319,5.470,-0.370,0.180
540.9408,13.000,570.981,559.489,5.746,-0.106,0.180
541.0492,13.000,571.447,559.780,5.833,-0.030,0.180
541.1486,12.000,568.625,560.365,4.130,-1.294,0.180
541.2460,13.000,570.286,556.683,6.802,0.916,0.180
541.3443,13.000,570.285,557.966,6.159,0.262,0.180
541.4456,13.000,570.655,558.686,5.984,0.075,0.180
541.5432,13.000,571.076,559.191,5.942,0.021,0.180
562.5445,13.000,462.734,-433.052,447.893,411.478,0.320
562.6313,13.000,150.165,-92.626,121.396,84.908,0.320
562.7394,13.000,96.002,-12.160,54.081,17.521,0.320
562.8375,13.000,94.662,14.165,40.248,3.615,0.320
562.9362,13.000,103.796,28.893,37.452,0.746,0.320
563.0340,14.000,129.093,26.506,51.294,11.709,0.320
563.1324,14.000,132.568,48.410,42.079,2.416,0.320
563.2401,13.000,128.461,76.704,25.878,-11.057,0.320
563.3378,13.000,151.476,82.023,34.727,-2.282,0.320
563.4348,14.000,180.229,78.287,50.971,11.085,0.320
563.5315,14.000,186.030,101.526,42.252,2.287,0.320
563.6403,14.000,199.023,117.992,40.515,0.472,0.320
563.7404,14.000,213.634,133.196,40.219,0.097,0.320
563.8373,14.000,228.694,148.253,40.220,0.020,0.320
563.9376,14.000,243.943,163.378,40.283,0.004,0.320
564.0346,14.000,259.315,178.599,40.358,0.001,0.320
564.1310,14.000,274.782,193.910,40.436,0.000,0.320
564.2382,14.000,290.328,209.300,40.514,0.000,0.320
564.3352,14.000,305.942,224.757,40.592,0.000,0.320
564.4335,15.000,334.053,223.990,55.032,11.556,0.320
564.5323,14.000,325.034,261.867,31.583,-9.171,0.320
564.6316,15.000,360.984,254.381,53.302,9.663,0.320
564.7396,15.000,369.383,277.950,45.717,1.994,0.320
564.8370,15.000,383.859,295.423,44.218,0.411,0.320
564.9335,15.000,399.581,311.630,43.975,0.085,0.320
565.0333,14.000,400.115,340.853,29.631,-11.538,0.320
565.1324,14.000,425.884,348.151,38.866,-2.381,0.320
565.2401,14.000,444.292,362.623,40.834,-0.491,0.320
565.3369,14.000,461.123,378.517,41.303,-0.101,0.320
565.4363,14.000,477.576,394.653,41.462,-0.021,0.320
565.5362,14.000,493.910,410.796,41.557,-0.004,0.320
565.6351,14.000,510.181,426.904,41.638,-0.001,0.320
565.7326,15.000,538.850,426.692,56.079,11.555,0.320
565.8301,14.000,530.303,465.042,32.631,-9.171,0.320
565.9399,15.000,566.655,457.958,54.349,9.663,0.320
566.0377,15.000,575.396,481.869,46.764,1.994,0.320
566.1359,14.000,574.721,512.913,30.904,-11.144,0.320
566.2346,14.000,600.438,520.784,39.827,-2.300,0.320
566.3361,14.000,619.004,535.543,41.730,-0.475,0.320
566.4321,14.000,636.009,551.638,42.185,-0.098,0.320
566.5299,14.000,652.620,567.937,42.342,-0.020,0.320
566.6381,14.000,669.089,584.217,42.436,-0.004,0.320
566.7358,14.000,685.476,600.440,42.518,-0.001,0.320
566.8346,14.000,701.801,616.608,42.597,-0.000,0.320
566.9329,14.000,718.077,632.727,42.675,-0.000,0.320
567.0302,13.000,718.869,662.084,28.393,-11.556,0.320
567.1388,13.000,744.814,669.541,37.636,-2.384,0.320
567.2350,13.000,763.363,684.159,39.602,-0.492,0.320
567.3342,13.000,780.309,700.179,40.065,-0.102,0.320
567.4321,12.000,781.419,729.705,25.857,-11.577,0.320
567.5296,12.000,807.582,737.357,35.112,-2.389,0.320
567.6379,11.000,810.862,765.434,22.714,-12.048,0.320
567.7372,11.000,837.700,773.024,32.338,-2.486,0.320
567.8341,10.000,841.313,801.290,20.012,-12.069,0.320
567.9302,9.000,852.942,822.373,15.285,-14.046,0.320
568.0383,8.000,866.489,842.246,12.121,-14.454,0.320
568.1359,6.000,865.213,875.383,-5.085,-26.094,0.320
568.2330,5.000,889.443,886.849,1.297,-16.940,0.320
568.3333,5.000,921.974,892.436,14.769,-3.496,0.320
568.4340,4.000,927.922,921.501,3.211,-12.277,0.320
568.5351,4.000,956.457,930.504,12.976,-2.533,0.320
568.6314,3.000,961.389,960.092,0.648,-12.078,0.320
568.7298,3.000,989.550,969.048,10.251,-2.492,0.320
568.8387,2.000,994.266,998.497,-2.115,-12.070,0.320
568.9367,2.000,1006.348,991.398,7.475,-2.491,0.320
569.0362,1.000,995.013,1004.809,-4.898,-12.069,0.320
569.1342,-0.000,991.538,1010.888,-9.675,-14.046,0.320
569.2319,-0.000,1005.293,1002.347,1.473,-2.898,0.320
569.3307,-0.000,1009.809,1002.263,3.773,-0.598,0.320
569.4301,-1.000,995.886,1016.113,-10.113,-11.679,0.320
569.5282,-2.000,990.337,1020.759,-15.211,-13.966,0.320
569.6384,-3.000,986.245,1023.245,-18.500,-14.437,0.320
569.7373,-4.000,982.223,1025.061,-21.419,-14.535,0.320
569.8337,-4.000,994.298,1014.111,-9.906,-2.999,0.320
569.9314,-5.000,980.853,1024.672,-21.909,-12.174,0.320
570.0304,-5.000,990.762,1015.313,-12.275,-2.512,0.320
570.1291,-6.000,976.680,1026.021,-24.671,-12.074,0.320
570.2367,-6.000,986.295,1016.539,-15.122,-2.491,0.320
570.3320,-7.000,972.014,1027.092,-27.539,-12.070,0.320
570.4304,-8.000,965.189,1029.909,-32.360,-14.046,0.320
570.5292,-8.000,976.088,1018.603,-21.257,-2.898,0.320
570.6291,-9.000,961.890,1028.616,-33.363,-12.154,0.320
570.7380,-9.000,971.206,1018.741,-23.768,-2.508,0.320
570.8365,-9.000,972.909,1016.564,-21.828,-0.518,0.320
570.9339,-9.000,973.067,1016.002,-21.467,-0.107,0.320
571.0318,-9.000,972.930,1015.797,-21.433,-0.022,0.320
571.1326,-9.000,972.752,1015.684,-21.466,-0.005,0.320
571.2288,-9.000,972.581,1015.607,-21.513,-0.001,0.320
571.3365,-10.000,956.145,1027.992,-35.924,-11.556,0.320
571.4341,-10.000,965.039,1018.656,-26.808,-2.385,0.320
571.5330,-10.000,966.687,1016.631,-24.972,-0.492,0.320
571.6326,-10.000,966.862,1016.137,-24.637,-0.102,0.320
571.7301,-10.000,966.750,1015.976,-24.613,-0.021,0.320
571.8271,-10.000,966.595,1015.900,-24.652,-0.004,0.320
571.9371,-10.000,966.445,1015.854,-24.705,-0.001,0.320
572.0343,-10.000,966.306,1015.826,-24.760,-0.000,0.320
572.1314,-10.000,966.179,1015.811,-24.816,-0.000,0.320
572.2303,-11.000,949.781,1028.247,-39.233,-11.556,0.320
572.3278,-11.000,958.708,1018.955,-30.124,-2.384,0.320
572.4348,-10.000,973.664,1001.527,-13.932,11.064,0.320
572.5348,-10.000,965.277,1010.813,-22.768,2.283,0.320
572.6317,-10.000,963.791,1013.063,-24.636,0.471,0.320
572.7288,-10.000,963.686,1013.818,-25.066,0.097,0.320
572.8331,-10.000,963.829,1014.227,-25.199,0.020,0.320
572.9309,-9.000,977.273,999.092,-10.910,11.560,0.320
573.0298,-8.000,982.111,993.657,-5.773,13.941,0.320
573.1276,-7.000,985.529,990.572,-2.521,14.432,0.320
573.2359,-6.000,988.958,988.265,0.347,14.534,0.320
573.3318,-6.000,979.367,1001.810,-11.222,2.999,0.320
573.4285,-5.000,991.915,990.464,0.726,12.174,0.320
573.5287,-4.000,997.517,986.723,5.397,14.068,0.320
573.6267,-4.000,988.620,1000.201,-5.791,2.903,0.320
573.7368,-3.000,1001.522,989.034,6.244,12.155,0.320
573.8347,-2.000,1007.377,985.493,10.942,14.064,0.320
573.9308,-2.000,998.688,999.149,-0.231,2.902,0.320
574.0276,-2.000,998.485,1003.575,-2.545,0.599,0.320
574.1353,-2.000,999.793,1005.856,-3.031,0.124,0.320
574.2340,-1.000,1014.490,992.049,11.220,11.581,0.320
574.3315,-1.000,1007.171,1003.124,2.024,2.390,0.320
574.4287,-1.000,1006.866,1006.623,0.121,0.493,0.320
574.5359,-0.000,1021.107,992.936,14.085,11.657,0.320
574.6355,-0.000,1013.591,1003.924,4.834,2.405,0.320
574.7370,1.000,1025.598,991.027,17.286,12.052,0.320
574.8344,1.000,1017.161,1001.708,7.726,2.487,0.320
574.9315,1.000,1016.146,1004.630,5.758,0.513,0.320
575.0295,1.000,1016.555,1005.842,5.356,0.106,0.320
575.1264,1.000,1017.166,1006.610,5.278,0.022,0.320
575.2342,1.000,1017.740,1007.207,5.266,0.005,0.320
575.3330,2.000,1030.681,991.422,19.629,11.556,0.320
575.4323,2.000,1021.811,1000.874,10.469,2.385,0.320
575.5299,2.000,1020.178,1003.003,8.587,0.492,0.320
575.6268,2.000,1020.009,1003.592,8.208,0.102,0.320
575.7353,2.000,1020.118,1003.841,8.139,0.021,0.320
575.8328,2.000,1020.265,1003.998,8.133,0.004,0.320
575.9311,2.000,1020.401,1004.119,8.141,0.001,0.320
576.0274,2.000,1020.522,1004.219,8.152,0.000,0.320
576.1256,2.000,1020.626,1004.301,8.163,0.000,0.320
576.2352,2.000,984.855,1008.880,7.590,0.000,0.180
576.3313,3.000,960.244,998.603,16.774,6.568,0.180
576.4287,4.000,933.146,990.671,20.778,7.951,0.180
576.5276,4.000,899.877,992.391,14.521,1.674,0.180
576.6275,5.000,880.913,976.163,22.394,6.921,0.180
576.7268,5.000,852.087,973.300,16.956,1.457,0.180
576.8245,6.000,836.381,953.697,25.005,6.875,0.180
576.9351,7.000,817.589,937.101,28.783,8.016,0.180
577.0355,7.000,791.538,931.299,22.491,1.688,0.180
577.1327,8.000,778.744,908.642,30.368,6.924,0.180
577.2301,9.000,762.546,889.332,34.118,8.026,0.180
577.3299,9.000,738.725,881.197,27.828,1.690,0.180
577.4295,10.000,727.834,856.551,35.714,6.924,0.180
577.5277,12.000,720.630,824.574,48.647,14.595,0.180
577.6356,12.000,692.977,820.147,37.188,3.073,0.180
577.7332,14.000,689.521,784.362,53.172,13.784,0.180
577.8310,15.000,670.485,767.667,51.536,9.470,0.180
577.9279,16.000,655.094,747.313,53.311,8.562,0.180
578.0270,17.000,640.624,726.025,55.809,8.371,0.180
578.1254,18.000,626.478,704.402,58.462,8.331,0.180
578.2363,19.000,612.514,682.588,61.152,8.322,0.180
578.3356,20.000,598.579,660.737,63.750,8.320,0.180
578.4329,20.000,577.381,649.742,57.182,1.752,0.180
578.5303,21.000,568.856,622.528,64.967,6.937,0.180
578.6272,21.000,548.938,610.293,59.490,1.460,0.180
578.7330,22.000,540.803,582.724,67.506,6.876,0.180
578.8309,23.000,528.439,559.365,71.246,8.016,0.180
578.9300,23.000,507.846,547.818,64.917,1.688,0.180
579.0287,24.000,515.285,536.517,72.754,6.924,0.180
579.1256,25.000,518.350,529.569,76.456,8.026,0.180
579.2346,25.000,512.972,534.647,70.120,1.690,0.180
579.3326,26.000,519.821,523.942,77.954,6.924,0.180
579.4302,26.000,515.017,528.470,72.488,1.458,0.180
579.5276,26.000,514.429,528.822,71.337,0.307,0.180
579.6276,27.000,522.034,517.417,80.263,6.633,0.180
579.7268,27.000,517.174,522.047,75.026,1.396,0.180
579.8249,28.000,523.760,511.665,83.092,6.862,0.180
579.9336,28.000,518.585,516.614,77.675,1.445,0.180
580.0325,29.000,525.019,506.388,85.702,6.873,0.180
580.1293,29.000,519.738,511.445,80.277,1.447,0.180
580.2252,28.000,508.350,520.243,69.966,-6.264,0.180
580.3258,28.000,513.880,515.511,74.911,-1.319,0.180
580.4265,27.000,505.050,522.620,66.784,-6.846,0.180
580.5235,27.000,511.357,517.850,72.189,-1.441,0.180
580.6305,27.000,513.262,517.251,73.326,-0.303,0.180
580.7275,25.000,493.417,533.407,55.229,-13.201,0.180
580.8252,24.000,494.984,532.304,56.482,-9.348,0.180
580.9325,24.000,504.131,526.551,63.862,-1.968,0.180
581.0307,22.000,486.450,542.317,47.079,-13.551,0.180
581.1308,21.000,489.017,541.723,48.609,-9.421,0.180
581.2302,20.000,488.467,544.549,46.878,-8.552,0.180
581.3275,18.000,477.079,556.072,35.386,-14.937,0.180
581.4254,15.000,460.933,571.133,19.752,-22.850,0.180
581.5331,14.000,472.742,565.002,28.695,-11.379,0.180
581.6305,12.000,464.986,575.783,19.404,-15.532,0.180
581.7286,11.000,471.243,575.699,22.556,-9.838,0.180
581.8259,7.000,441.712,603.876,-6.315,-28.345,0.180
581.9345,5.000,448.817,602.820,-2.248,-19.104,0.180
582.0324,3.000,448.761,609.218,-5.487,-17.159,0.180
582.1241,2.000,457.654,609.315,-1.098,-10.181,0.180
582.2323,-1.000,439.311,629.901,-20.571,-21.849,0.180
582.3231,-3.000,440.067,632.850,-21.675,-17.737,0.180
582.4229,-5.000,436.688,638.179,-26.035,-16.871,0.180
582.5319,-6.000,442.841,636.083,-21.916,-10.120,0.180
582.6290,-7.000,443.055,638.718,-23.131,-8.699,0.180
582.7278,-9.000,430.654,649.341,-34.647,-14.968,0.180
582.8246,-11.000,422.724,654.559,-41.224,-16.288,0.180
582.9319,-13.000,415.429,658.350,-46.770,-16.566,0.180
583.0277,-14.000,418.978,654.221,-42.932,-10.056,0.180
583.1275,-15.000,417.127,654.980,-44.240,-8.685,0.180
583.2274,-16.000,413.969,656.609,-46.635,-8.397,0.180
583.3259,-18.000,399.420,665.659,-58.436,-14.905,0.180
583.4255,-19.000,400.784,662.021,-55.936,-9.706,0.180
583.5259,-20.000,398.012,662.259,-57.442,-8.612,0.180
583.6251,-22.000,383.299,670.619,-68.980,-14.950,0.180
583.7242,-22.000,395.402,659.116,-57.177,-3.147,0.180
583.8315,-24.000,376.205,671.622,-73.030,-13.799,0.180
583.9309,-25.000,376.288,668.253,-71.304,-9.474,0.180
584.0263,-26.000,372.903,668.245,-72.993,-8.563,0.180
584.1242,-26.000,379.721,661.542,-66.233,-1.803,0.180
584.2321,-27.000,370.225,667.536,-73.978,-6.948,0.180
584.3280,-27.000,375.722,662.062,-68.493,-1.463,0.180
584.4263,-27.000,376.887,660.917,-67.338,-0.308,0.180
584.5246,-28.000,366.170,668.050,-76.263,-6.633,0.180
584.6320,-28.000,371.385,662.791,-71.027,-1.396,0.180
584.7291,-29.000,361.499,669.037,-79.092,-6.862,0.180
584.8271,-29.000,366.871,663.573,-73.675,-1.445,0.180
584.9262,-30.000,357.003,669.761,-81.703,-6.873,0.180
585.0267,-30.000,362.366,664.272,-76.277,-1.447,0.180
585.1242,-30.000,363.454,663.075,-75.135,-0.305,0.180
585.2226,-30.000,363.648,662.789,-74.894,-0.064,0.180
585.3311,-30.000,363.660,662.699,-74.844,-0.014,0.180
585.4290,-30.000,363.638,662.655,-74.833,-0.003,0.180
585.5273,-30.000,363.612,662.625,-74.831,-0.001,0.180
585.6271,-30.000,363.588,662.600,-74.830,-0.000,0.180
585.7260,-30.000,363.568,662.580,-74.830,-0.000,0.180
585.8225,-30.000,363.551,662.562,-74.830,-0.000,0.180
585.9312,-30.000,363.536,662.548,-74.830,-0.000,0.180
586.0300,-29.000,371.492,652.167,-65.662,6.568,0.180
586.1288,-29.000,366.776,657.821,-70.847,1.383,0.180
586.2271,-28.000,374.051,648.944,-62.771,6.860,0.180
586.3246,-28.000,369.455,655.178,-68.186,1.444,0.180
586.4320,-28.000,369.011,657.015,-69.326,0.304,0.180
586.5286,-27.000,377.331,647.478,-60.398,6.632,0.180
586.6262,-27.000,373.078,653.697,-65.634,1.396,0.180
586.7241,-26.000,380.780,645.267,-57.568,6.862,0.180
586.8228,-26.000,376.553,651.875,-62.985,1.445,0.180
586.9315,-25.000,384.392,643.658,-54.958,6.873,0.180
587.0315,-24.000,388.275,640.056,-51.215,8.015,0.180
587.1277,-24.000,383.566,648.002,-57.543,1.687,0.180
587.2268,-23.000,391.578,640.342,-49.706,6.924,0.180
587.3270,-22.000,395.730,637.090,-46.004,8.026,0.180
587.4269,-22.000,391.276,645.308,-52.340,1.690,0.180
587.5261,-21.000,399.511,637.874,-44.506,6.924,0.180
587.6231,-21.000,395.884,645.180,-49.972,1.458,0.180
587.7298,-20.000,404.266,637.526,-41.955,6.875,0.180
587.8281,-20.000,400.647,644.764,-47.383,1.447,0.180
587.9259,-19.000,408.912,637.175,-39.456,6.873,0.180
588.0228,-19.000,405.174,644.487,-44.981,1.447,0.180
588.1298,-18.000,413.426,636.873,-37.048,6.873,0.180
588.2266,-18.000,409.677,644.164,-42.568,1.447,0.180
588.3236,-17.000,417.921,636.532,-34.630,6.873,0.180
588.4211,-17.000,414.166,643.807,-40.145,1.447,0.180
588.5289,-16.000,422.405,636.160,-32.202,6.873,0.180
588.6252,-15.000,426.620,633.047,-28.538,8.015,0.180
588.7230,-15.000,422.183,641.421,-34.943,1.687,0.180
588.8306,-14.000,430.420,634.131,-27.180,6.924,0.180
588.9289,-12.000,442.731,620.825,-14.372,14.594,0.180
589.0270,-11.000,441.697,624.613,-16.782,9.641,0.180
589.1237,-10.000,444.673,624.578,-15.277,8.598,0.180
589.2200,-10.000,440.583,634.168,-22.117,1.810,0.180
589.3280,-8.000,457.386,617.239,-5.251,13.518,0.180
589.4268,-7.000,457.593,620.526,-6.791,9.414,0.180
589.5245,-6.000,461.083,620.606,-5.086,8.550,0.180
589.6226,-5.000,465.292,620.031,-2.694,8.369,0.180
589.7205,-3.000,477.651,608.961,9.021,14.899,0.180
589.8291,-3.000,469.421,624.287,-2.757,3.137,0.180
589.9267,-2.000,477.919,619.420,3.925,7.229,0.180
590.0258,-2.000,475.245,628.181,-1.793,1.522,0.180
590.1229,-2.000,476.620,631.980,-3.004,0.320,0.180
590.2225,-3.000,467.581,641.815,-12.441,-6.501,0.180
590.3219,-3.000,474.537,638.538,-7.325,-1.369,0.180
590.4302,-3.000,477.165,639.036,-6.260,-0.288,0.180
590.5273,-3.000,478.706,640.153,-6.048,-0.061,0.180
590.6261,-3.000,479.867,641.250,-6.016,-0.013,0.180
590.7234,-3.000,480.822,642.215,-6.021,-0.003,0.180
590.8216,-3.000,481.624,643.045,-6.035,-0.001,0.180
590.9317,-2.000,490.276,633.380,3.124,6.568,0.180
591.0288,-2.000,486.150,639.645,-2.072,1.383,0.180
591.1257,-2.000,485.957,641.656,-3.174,0.291,0.180
591.2227,-2.000,486.489,642.669,-3.414,0.061,0.180
591.3211,-2.000,487.088,643.385,-3.473,0.013,0.180
591.4205,-2.000,487.625,643.964,-3.494,0.003,0.180
591.5293,-2.000,488.087,644.451,-3.506,0.001,0.180
591.6256,-2.000,488.480,644.865,-3.517,0.000,0.180
591.7239,-1.000,496.786,634.845,5.646,6.568,0.180
591.8300,-1.000,492.366,640.807,0.455,1.383,0.180
591.9283,-1.000,491.925,642.560,-0.642,0.291,0.180
592.0276,-1.000,492.248,643.352,-0.877,0.061,0.180
592.1279,-1.000,492.668,643.880,-0.930,0.013,0.180
592.2237,-1.000,493.055,644.298,-0.946,0.003,0.180
592.3215,-1.000,493.390,644.647,-0.953,0.001,0.180
592.4195,-1.000,493.675,644.944,-0.959,0.000,0.180
592.5272,-1.000,493.917,645.197,-0.964,0.000,0.180
592.6246,-2.000,483.149,652.786,-10.143,-6.568,0.180
592.7219,-2.000,488.473,647.759,-4.968,-1.383,0.180
592.8203,-2.000,489.680,646.804,-3.886,-0.291,0.180
592.9284,-3.000,479.033,654.066,-12.841,-6.630,0.180
593.0285,-3.000,484.313,648.909,-7.622,-1.396,0.180
593.1263,-3.000,485.452,647.874,-6.536,-0.294,0.180
593.2232,-3.000,485.712,647.702,-6.320,-0.062,0.180
593.3225,-4.000,474.809,655.080,-15.460,-6.581,0.180
593.4198,-4.000,479.987,649.907,-10.285,-1.386,0.180
593.5289,-4.000,481.061,648.836,-9.212,-0.292,0.180
593.6264,-4.000,481.272,648.628,-9.002,-0.061,0.180
593.7232,-5.000,470.328,655.975,-18.148,-6.581,0.180
593.8198,-5.000,475.468,650.776,-12.978,-1.386,0.180
593.9286,-5.000,476.512,649.684,-11.911,-0.292,0.180
594.0276,-6.000,465.721,656.832,-20.880,-6.630,0.180
594.1242,-6.000,470.876,651.582,-15.677,-1.396,0.180
594.2217,-7.000,460.933,657.844,-23.780,-6.862,0.180
594.3204,-7.000,466.250,652.398,-18.399,-1.445,0.180
594.4296,-8.000,456.325,658.613,-26.468,-6.873,0.180
594.5286,-8.000,461.633,653.152,-21.084,-1.447,0.180
594.6270,-8.000,462.668,651.986,-19.983,-0.305,0.180
594.7258,-8.000,462.812,651.732,-19.785,-0.064,0.180
594.8251,-9.000,451.800,659.050,-28.949,-6.582,0.180
594.9228,-9.000,456.880,653.830,-23.800,-1.386,0.180
595.0204,-8.000,465.841,642.350,-13.579,6.277,0.180
595.1184,-8.000,461.273,647.776,-18.576,1.321,0.180
595.2262,-8.000,460.554,649.226,-19.661,0.278,0.180
595.3232,-8.000,460.603,649.798,-19.922,0.059,0.180
595.4226,-8.000,460.779,650.149,-20.010,0.012,0.180
595.5186,-7.000,468.925,640.051,-10.887,6.571,0.180
595.6179,-7.000,464.371,645.946,-16.112,1.383,0.180
595.7265,-7.000,463.813,647.644,-17.240,0.291,0.180
595.8232,-6.000,472.005,638.021,-8.333,6.630,0.180
595.9208,-6.000,467.631,644.178,-13.598,1.396,0.180
596.0192,-6.000,467.256,646.069,-14.731,0.294,0.180
596.1268,-6.000,467.637,646.977,-14.994,0.062,0.180
596.2234,-6.000,468.105,647.605,-15.074,0.013,0.180
596.3213,-6.000,468.529,648.112,-15.116,0.003,0.180
596.4196,-6.000,468.891,648.541,-15.149,0.001,0.180
596.5184,-6.000,469.196,648.909,-15.181,0.000,0.180
596.6185,-6.000,469.451,649.226,-15.212,0.000,0.180
596.7271,-6.000,469.662,649.500,-15.243,0.000,0.180
596.8260,-6.000,469.838,649.738,-15.274,0.000,0.180
596.9247,-6.000,469.982,649.945,-15.306,0.000,0.180
597.0223,-5.000,478.074,639.751,-6.163,6.568,0.180
597.1182,-5.000,473.469,645.570,-11.375,1.383,0.180
597.2241,-5.000,472.867,647.203,-12.493,0.291,0.180
597.3215,-4.000,481.023,637.524,-3.575,6.630,0.180
597.4170,-4.000,476.621,643.632,-8.830,1.396,0.180
597.5270,-3.000,484.197,635.105,-0.779,6.862,0.180
597.6227,-3.000,479.860,641.635,-6.212,1.445,0.180
597.7235,-3.000,479.635,643.722,-7.368,0.304,0.180
597.8234,-2.000,488.145,634.396,1.550,6.632,0.180
597.9225,-2.000,484.052,640.796,-3.697,1.396,0.180
598.0210,-1.000,491.893,632.515,4.364,6.862,0.180
598.1268,-1.000,487.783,639.251,-1.059,1.445,0.180
598.2233,-1.000,487.753,641.513,-2.204,0.304,0.180
598.3191,-0.000,496.431,632.334,6.724,6.632,0.180
598.4195,-0.000,492.481,638.856,1.488,1.396,0.180
598.5174,-0.000,492.472,641.052,0.385,0.294,0.180
598.6260,1.000,500.543,631.240,9.327,6.630,0.180
598.7231,1.000,496.074,637.229,4.098,1.396,0.180
598.8188,2.000,502.997,627.998,12.175,6.862,0.180
598.9258,2.000,498.108,633.925,6.767,1.445,0.180
599.0238,3.000,504.793,624.523,14.811,6.873,0.180
599.1254,3.000,499.728,630.278,9.401,1.447,0.180
599.2219,3.000,498.895,631.698,8.274,0.305,0.180
599.3198,3.000,498.919,632.172,8.049,0.064,0.180
599.4167,4.000,506.470,621.445,17.188,6.582,0.180
599.5258,4.000,501.444,626.771,12.012,1.386,0.180
599.6211,4.000,500.499,627.971,10.939,0.292,0.180
599.7169,4.000,500.398,628.289,10.730,0.061,0.180
599.8250,4.000,500.462,628.409,10.702,0.013,0.180
599.9251,4.000,500.551,628.477,10.713,0.003,0.180
600.0236,4.000,500.637,628.525,10.731,0.001,0.180
600.1208,4.000,500.714,628.561,10.752,0.000,0.180
600.2178,4.000,500.782,628.589,10.772,0.000,0.180
600.3256,4.000,500.844,628.609,10.793,0.000,0.180
600.4267,4.000,500.900,628.623,10.814,0.000,0.180
600.5166,4.000,500.950,628.632,10.835,0.000,0.180
600.6247,4.000,500.996,628.636,10.856,0.000,0.180
600.7252,4.000,501.038,628.637,10.876,0.000,0.180
600.8218,4.000,501.077,628.634,10.897,0.000,0.180
600.9199,5.000,508.487,617.655,20.092,6.568,0.180
601.0190,5.000,503.310,622.798,14.932,1.383,0.180
601.1251,5.000,502.230,623.849,13.866,0.291,0.180
601.2251,6.000,509.388,613.067,22.836,6.630,0.180
601.3228,6.000,504.145,618.229,17.633,1.396,0.180
601.4211,6.000,503.040,619.266,16.563,0.294,0.180
601.5206,6.000,502.810,619.437,16.362,0.062,0.180
601.6174,5.000,492.394,627.404,7.171,-6.555,0.180
601.7165,4.000,487.680,630.635,3.198,-7.949,0.180
601.8243,3.000,484.473,633.183,0.321,-8.242,0.180
601.9241,3.000,492.215,627.880,6.843,-1.735,0.180
602.0210,2.000,484.263,635.505,-0.945,-6.934,0.180
602.1181,1.000,480.735,639.355,-4.635,-8.028,0.180
602.2162,-0.000,478.342,642.623,-7.465,-8.259,0.180
602.3239,-1.000,475.759,645.348,-10.119,-8.307,0.180
602.4200,-2.000,472.899,647.729,-12.739,-8.317,0.180
602.5193,-2.000,480.752,642.470,-6.183,-1.751,0.180
602.6155,-2.000,483.226,642.200,-4.812,-0.369,0.180
602.7245,-2.000,484.443,642.856,-4.531,-0.078,0.180
602.8243,-2.000,485.290,643.602,-4.480,-0.016,0.180
602.9220,-2.000,485.970,644.276,-4.478,-0.003,0.180
603.0225,-2.000,486.537,644.859,-4.485,-0.001,0.180
603.1213,-2.000,487.017,645.358,-4.495,-0.000,0.180
603.2192,-2.000,487.422,645.784,-4.505,-0.000,0.180
603.3164,-2.000,487.765,646.147,-4.516,-0.000,0.180
603.4252,-2.000,488.055,646.458,-4.526,-0.000,0.180
603.5232,-2.000,488.300,646.724,-4.536,-0.000,0.180
603.6202,-2.000,488.506,646.951,-4.547,-0.000,0.180
603.7193,-1.000,496.654,636.772,4.616,6.568,0.180
603.8178,-1.000,492.100,642.600,-0.574,1.383,0.180
603.9183,-1.000,491.544,644.238,-1.671,0.291,0.180
604.0164,-1.000,491.769,644.933,-1.906,0.061,0.180
604.1239,-1.000,492.107,645.378,-1.960,0.013,0.180
604.2211,-0.000,500.397,635.352,7.198,6.571,0.180
604.3188,-0.000,495.972,641.302,2.011,1.383,0.180
604.4182,-0.000,495.528,643.043,0.918,0.291,0.180
604.5162,1.000,503.223,632.850,9.862,6.630,0.180
604.6241,-0.000,488.059,646.491,-4.540,-5.173,0.180
604.7241,-0.000,492.995,643.259,-0.457,-1.089,0.180
604.8219,-1.000,483.606,650.498,-8.771,-6.798,0.180
604.9189,-1.000,489.553,645.723,-3.409,-1.431,0.180
605.0175,-2.000,480.202,652.470,-11.458,-6.870,0.180
605.1147,-2.000,486.009,647.450,-6.045,-1.446,0.180
605.2154,-3.000,476.501,654.027,-14.087,-6.873,0.180
605.3230,-3.000,482.165,648.870,-8.677,-1.447,0.180
605.4211,-3.000,483.508,647.960,-7.550,-0.305,0.180
605.5191,-4.000,472.943,655.292,-16.499,-6.633,0.180
605.6172,-4.000,478.284,650.203,-11.284,-1.396,0.180
605.7238,-4.000,479.473,649.228,-10.202,-0.294,0.180
605.8194,-5.000,468.802,656.482,-19.164,-6.630,0.180
605.9193,-5.000,474.058,651.321,-13.956,-1.396,0.180
606.0146,-6.000,464.201,657.659,-22.054,-6.862,0.180
606.1135,-7.000,458.618,659.650,-25.841,-8.013,0.180
606.2212,-8.000,453.907,660.708,-28.725,-8.255,0.180
606.3168,-8.000,460.331,654.180,-22.249,-1.738,0.180
606.4150,-9.000,450.643,660.178,-30.092,-6.934,0.180
606.5242,-10.000,445.029,662.056,-33.838,-8.028,0.180
606.6228,-10.000,451.228,655.683,-27.552,-1.690,0.180
606.7212,-10.000,452.436,654.326,-26.270,-0.356,0.180
606.8232,-10.000,452.601,654.033,-26.041,-0.075,0.180
606.9202,-10.000,452.554,653.972,-26.033,-0.016,0.180
607.0157,-10.000,452.469,653.966,-26.073,-0.003,0.180
607.1242,-11.000,441.407,661.350,-35.296,-6.569,0.180
607.2213,-11.000,446.473,656.158,-30.167,-1.383,0.180
607.3198,-11.000,447.454,655.070,-29.132,-0.291,0.180
607.4196,-12.000,436.608,662.225,-38.133,-6.630,0.180
607.5178,-12.000,441.710,656.985,-32.962,-1.396,0.180
607.6161,-12.000,442.691,655.887,-31.922,-0.294,0.180
607.7140,-12.000,442.811,655.668,-31.753,-0.062,0.180
607.8131,-13.000,431.782,663.013,-40.940,-6.581,0.180
607.9221,-12.000,444.818,647.445,-26.638,5.183,0.180
608.0193,-12.000,441.088,652.023,-30.792,1.091,0.180
608.1164,-11.000,448.498,642.934,-22.542,6.798,0.180
608.2224,-11.000,443.860,649.144,-27.966,1.431,0.180
608.3217,-10.000,451.315,640.626,-19.980,6.870,0.180
608.4200,-9.000,454.861,636.776,-16.282,8.015,0.180
608.5180,-9.000,449.858,644.521,-22.656,1.687,0.180
608.6163,-8.000,457.618,636.692,-14.861,6.924,0.180
608.7147,-7.000,461.555,633.296,-11.195,8.026,0.180
608.8228,-7.000,456.912,641.399,-17.568,1.690,0.180
608.9218,-6.000,464.986,633.866,-9.765,6.924,0.180
609.0186,-6.000,461.218,641.094,-15.262,1.458,0.180
609.1164,-6.000,461.506,643.746,-16.444,0.307,0.180
609.2143,-6.000,462.483,645.269,-16.718,0.065,0.180
609.3210,-6.000,463.463,646.414,-16.800,0.014,0.180
609.4210,-6.000,464.324,647.359,-16.842,0.003,0.180
609.5196,-6.000,465.058,648.160,-16.875,0.001,0.180
609.6177,-6.000,465.679,648.844,-16.907,0.000,0.180
609.7135,-6.000,466.202,649.430,-16.938,0.000,0.180
609.8210,-6.000,466.642,649.932,-16.970,0.000,0.180
609.9188,-5.000,474.985,639.991,-7.827,6.568,0.180
610.0167,-4.000,478.568,635.649,-3.865,7.951,0.180
610.1144,-3.000,481.421,632.751,-0.990,8.242,0.180
610.2120,-2.000,484.352,630.381,1.661,8.304,0.180
610.3207,-1.000,487.499,628.312,4.269,8.317,0.180
610.4186,-0.000,490.859,626.467,6.872,8.319,0.180
610.5157,-0.000,486.436,635.179,0.304,1.751,0.180
610.6134,1.000,494.249,627.411,8.095,6.937,0.180
610.7217,1.000,490.297,634.402,2.623,1.460,0.180
610.8206,1.000,490.441,636.841,1.475,0.307,0.180
610.9175,2.000,498.674,627.202,10.411,6.633,0.180
611.0177,2.000,494.351,633.332,5.185,1.396,0.180
611.1157,2.000,494.026,635.191,4.093,0.294,0.180
611.2156,2.000,494.457,636.065,3.871,0.062,0.180
611.3154,2.000,494.973,636.658,3.833,0.013,0.180
611.4144,1.000,485.071,645.103,-5.341,-6.566,0.180
611.5116,1.000,491.140,640.795,-0.152,-1.382,0.180
611.6185,2.000,500.359,629.474,10.118,6.277,0.180
611.7169,2.000,496.020,635.026,5.173,1.322,0.180
611.8133,3.000,502.876,625.600,13.313,6.847,0.180
611.9131,3.000,497.894,631.398,7.924,1.441,0.180
612.0116,4.000,504.492,621.893,15.975,6.872,0.180
612.1130,4.000,499.353,627.563,10.571,1.447,0.180
612.2208,5.000,505.830,617.935,18.623,6.873,0.180
612.3177,5.000,500.591,623.497,13.223,1.447,0.180
612.4169,6.000,506.986,613.777,21.280,6.873,0.180
612.5137,6.000,501.678,619.258,15.885,1.447,0.180
612.6126,6.000,500.640,620.443,14.774,0.305,0.180
612.7215,6.000,500.493,620.715,14.565,0.064,0.180
612.8183,7.000,507.901,609.814,23.719,6.582,0.180
612.9166,7.000,502.756,614.989,18.559,1.386,0.180
613.0147,7.000,501.711,616.059,17.502,0.292,0.180
613.1118,7.000,501.528,616.264,17.308,0.061,0.180
613.2213,7.000,501.526,616.285,17.296,0.013,0.180
613.3191,7.000,501.560,616.267,17.322,0.003,0.180
613.4167,7.000,501.601,616.240,17.356,0.001,0.180
613.5146,8.000,509.016,605.236,26.566,6.569,0.180
613.6107,8.000,503.847,610.355,21.422,1.383,0.180
613.7116,8.000,502.775,611.383,20.371,0.291,0.180
613.8208,8.000,502.569,611.554,20.183,0.061,0.180
613.9172,8.000,502.547,611.545,20.176,0.013,0.180
614.0156,8.000,502.565,611.500,20.208,0.003,0.180
614.1107,8.000,502.593,611.450,20.247,0.001,0.180
614.2191,8.000,502.625,611.399,20.288,0.000,0.180
614.3162,8.000,502.658,611.350,20.330,0.000,0.180
614.4142,7.000,492.319,619.275,11.198,-6.568,0.180
614.5105,7.000,498.016,614.527,16.420,-1.383,0.180
614.6188,6.000,489.173,621.776,8.374,-6.860,0.180
614.7155,6.000,495.442,617.151,13.821,-1.444,0.180
614.8124,6.000,497.313,616.679,14.992,-0.304,0.180
614.9214,5.000,487.805,624.976,6.090,-6.632,0.180
615.0177,4.000,483.678,628.673,2.178,-7.965,0.180
615.1165,4.000,491.305,623.681,8.487,-1.677,0.180
615.2123,3.000,483.395,631.430,0.658,-6.921,0.180
615.3102,2.000,479.933,635.356,-3.036,-8.026,0.180
615.4179,2.000,487.977,630.707,3.311,-1.690,0.180
615.5166,2.000,490.764,630.805,4.655,-0.356,0.180
615.6136,2.000,492.281,631.740,4.946,-0.075,0.180
615.7107,2.000,493.393,632.712,5.016,-0.016,0.180
615.8181,2.000,494.301,633.575,5.039,-0.003,0.180
615.9159,2.000,495.067,634.315,5.052,-0.001,0.180
616.0148,2.000,495.718,634.944,5.063,-0.000,0.180
616.1127,2.000,496.273,635.478,5.073,-0.000,0.180
616.2128,1.000,486.372,643.904,-4.090,-6.568,0.180
616.3128,1.000,492.436,639.586,1.101,-1.383,0.180
616.4095,-0.000,483.901,647.205,-6.976,-6.860,0.180
616.5176,-1.000,479.454,650.274,-10.734,-8.013,0.180
616.6154,-2.000,475.715,652.241,-13.587,-8.255,0.180
616.7133,-4.000,461.022,661.228,-25.428,-14.875,0.180
616.8126,-5.000,462.346,657.454,-22.879,-9.700,0.180
616.9110,-7.000,448.489,665.029,-33.594,-15.179,0.180
617.0193,-8.000,449.792,660.785,-30.821,-9.764,0.180
617.1170,-9.000,446.736,660.742,-32.328,-8.624,0.180
617.2139,-10.000,442.707,661.537,-34.740,-8.384,0.180
617.3097,-11.000,438.426,662.469,-37.346,-8.333,0.180
617.4168,-11.000,445.024,656.024,-30.824,-1.754,0.180
617.5150,-10.000,454.391,644.388,-20.323,6.199,0.180
617.6119,-10.000,449.980,649.869,-25.269,1.305,0.180
617.7092,-10.000,449.353,651.407,-26.351,0.275,0.180
617.8151,-10.000,449.471,652.062,-26.620,0.058,0.180
617.9135,-10.000,449.702,652.489,-26.718,0.012,0.180
618.0123,-10.000,449.920,652.830,-26.780,0.003,0.180
618.1110,-10.000,450.103,653.121,-26.834,0.001,0.180
618.2106,-10.000,450.253,653.376,-26.886,0.000,0.180
618.3179,-10.000,450.372,653.599,-26.938,0.000,0.180
618.4182,-10.000,450.466,653.797,-26.990,0.000,0.180
618.5160,-10.000,450.538,653.973,-27.042,0.000,0.180
618.6134,-9.000,458.565,643.757,-17.920,6.568,0.180
618.7114,-8.000,461.876,639.185,-13.979,7.951,0.180
618.8090,-8.000,456.521,646.468,-20.298,1.674,0.180
618.9167,-8.000,455.977,648.651,-21.661,0.352,0.180
619.0146,-7.000,464.328,639.294,-12.807,6.643,0.180
619.1157,-7.000,460.119,645.647,-18.088,1.398,0.180
619.2133,-6.000,467.864,637.325,-10.055,6.863,0.180
619.3127,-6.000,463.669,644.029,-15.504,1.445,0.180
619.4114,-6.000,463.564,646.267,-16.676,0.304,0.180
619.5097,-7.000,453.225,654.818,-26.121,-6.504,0.180
619.6175,-7.000,459.064,650.460,-21.022,-1.369,0.180
619.7139,-7.000,460.739,650.045,-19.978,-0.288,0.180
619.8102,-7.000,461.465,650.389,-19.786,-0.061,0.180
619.9083,-7.000,461.931,650.832,-19.775,-0.013,0.180
620.0168,-8.000,451.318,658.618,-28.975,-6.571,0.180
620.1164,-8.000,456.762,653.771,-23.829,-1.383,0.180
620.2162,-9.000,447.093,660.348,-31.952,-6.860,0.180
620.3144,-9.000,452.647,655.165,-26.583,-1.444,0.180
620.4141,-9.000,453.899,654.229,-25.490,-0.304,0.180
620.5132,-9.000,454.226,654.170,-25.296,-0.064,0.180
620.6112,-10.000,443.370,661.654,-34.466,-6.582,0.180
620.7091,-10.000,448.581,656.577,-29.322,-1.386,0.180
620.8100,-11.000,438.706,662.965,-37.454,-6.860,0.180
620.9080,-12.000,433.110,664.999,-41.269,-8.013,0.180
621.0147,-13.000,428.385,666.094,-44.179,-8.255,0.180
621.1152,-13.000,434.793,659.602,-37.729,-1.738,0.180
621.2134,-13.000,436.061,658.262,-36.425,-0.366,0.180
621.3115,-13.000,436.252,658.010,-36.204,-0.077,0.180
621.4090,-13.000,436.219,657.991,-36.210,-0.016,0.180
621.5184,-13.000,436.143,658.024,-36.265,-0.003,0.180
621.6155,-13.000,436.059,658.070,-36.330,-0.001,0.180
621.7142,-13.000,435.976,658.121,-36.397,-0.000,0.180
621.8095,-11.000,451.842,637.428,-18.117,13.137,0.180
621.9083,-10.000,450.336,638.431,-19.372,9.334,0.180
622.0072,-9.000,452.175,636.765,-17.619,8.533,0.180
622.1162,-8.000,454.938,634.748,-15.230,8.365,0.180
622.2143,-7.000,458.083,632.837,-12.701,8.329,0.180
622.3125,-5.000,469.443,620.727,-0.966,14.890,0.180
622.4123,-4.000,468.316,624.816,-3.574,9.703,0.180
622.5095,-3.000,471.367,624.882,-2.082,8.611,0.180
622.6080,-2.000,475.352,624.148,0.278,8.381,0.180
622.7165,-0.000,487.553,612.909,11.998,14.901,0.180
622.8153,-0.000,479.198,628.082,0.233,3.137,0.180
622.9142,1.000,486.993,622.483,6.930,7.229,0.180
623.0127,2.000,491.098,619.644,10.402,8.090,0.180
623.1109,2.000,486.759,628.059,4.026,1.703,0.180
623.2103,3.000,494.531,620.152,11.865,6.927,0.180
623.3107,2.000,480.147,635.021,-2.762,-5.110,0.180
623.4092,3.000,493.271,621.709,10.457,5.493,0.180
623.5172,3.000,490.371,627.450,6.136,1.156,0.180
623.6130,3.000,490.681,629.555,5.239,0.243,0.180
623.7111,3.000,491.530,630.757,5.062,0.051,0.180
623.8088,3.000,492.377,631.654,5.037,0.011,0.180
623.9072,3.000,493.126,632.389,5.044,0.002,0.180
624.0130,4.000,501.143,622.031,14.232,6.569,0.180
624.1099,4.000,496.484,627.702,9.066,1.383,0.180
624.2078,4.000,495.843,629.203,7.995,0.291,0.180
624.3076,4.000,495.999,629.777,7.786,0.061,0.180
624.4172,6.000,511.029,608.168,26.106,13.150,0.180
624.5167,6.000,500.883,618.722,15.756,2.768,0.180
624.6128,7.000,506.276,610.076,22.775,7.151,0.180
624.7097,7.000,500.784,615.803,17.166,1.506,0.180
624.8068,7.000,499.731,617.055,16.014,0.317,0.180
624.9159,8.000,506.976,606.380,24.973,6.635,0.180
625.0072,7.000,491.448,619.592,10.603,-5.172,0.180
625.1148,8.000,503.456,605.015,23.896,5.480,0.180
625.2117,8.000,499.580,609.708,19.612,1.154,0.180
625.3091,8.000,499.058,610.924,18.742,0.243,0.180
625.4071,7.000,488.829,619.343,9.419,-6.517,0.180
625.5165,6.000,506.833,630.792,1.495,-12.900,0.320
625.6132,6.000,543.031,627.403,11.767,-2.662,0.320
625.7104,6.000,569.602,633.495,13.913,-0.549,0.320
625.8172,5.000,577.778,655.697,0.022,-11.669,0.320
625.9159,5.000,609.712,657.359,9.311,-2.408,0.320
626.0122,4.000,617.846,680.396,-3.111,-12.052,0.320
626.1105,3.000,633.352,697.000,-7.885,-14.043,0.320
626.2098,2.000,650.198,713.063,-11.084,-14.453,0.320
626.3063,-0.000,651.723,742.964,-28.325,-26.094,0.320
626.4126,-2.000,661.208,763.287,-36.338,-28.495,0.320
626.5088,-3.000,687.792,768.974,-28.095,-17.436,0.320
626.6155,-5.000,688.527,795.763,-42.996,-26.709,0.320
626.7122,-7.000,695.813,814.968,-50.549,-28.622,0.320
626.8086,-9.000,703.928,832.465,-56.594,-29.017,0.320
626.9055,-10.000,728.050,837.048,-47.976,-17.543,0.320
627.0059,-12.000,726.420,863.171,-62.831,-26.731,0.320
627.1135,-13.000,747.916,869.430,-56.044,-17.072,0.320
627.2106,-16.000,728.938,908.253,-85.652,-38.189,0.320
627.3059,-17.000,758.799,905.196,-69.793,-19.436,0.320
627.4127,-19.000,757.356,929.516,-83.186,-27.122,0.320
627.5098,-21.000,761.875,947.538,-90.371,-28.708,0.320
627.6065,-22.000,783.719,951.788,-81.943,-17.479,0.320
627.7161,-24.000,780.332,977.450,-96.782,-26.718,0.320
627.8134,-26.000,784.106,995.704,-104.288,-28.624,0.320
627.9109,-28.000,789.249,1012.380,-110.282,-29.018,0.320
628.0096,-29.000,810.856,1016.253,-101.607,-17.543,0.320
628.1060,-29.000,839.659,1016.883,-87.684,-3.620,0.320
628.2132,-31.000,825.017,1053.638,-113.522,-23.858,0.320
628.3094,-31.000,842.940,1033.455,-94.587,-4.923,0.320
628.4072,-33.000,813.436,1053.357,-119.391,-24.127,0.320
628.5140,-34.000,815.314,1045.478,-114.598,-16.534,0.320
628.6127,-34.000,827.458,1031.233,-101.476,-3.412,0.320
628.7101,-35.000,813.059,1040.006,-113.123,-12.260,0.320
628.8082,-35.000,821.950,1029.333,-103.394,-2.530,0.320
628.9081,-36.000,806.970,1038.958,-115.741,-12.078,0.320
629.0059,-36.000,815.817,1028.559,-106.156,-2.492,0.320
629.1126,-36.000,817.168,1025.890,-104.178,-0.514,0.320
629.2103,-37.000,800.768,1037.329,-118.126,-11.662,0.320
629.3076,-37.000,809.438,1027.442,-108.870,-2.406,0.320
629.4087,-37.000,810.850,1024.996,-106.960,-0.497,0.320
629.5068,-36.000,824.097,1008.710,-92.211,11.453,0.320
629.6047,-35.000,828.506,1002.558,-86.945,13.919,0.320
629.7126,-34.000,831.506,998.916,-83.636,14.428,0.320
629.8085,-31.000,861.120,965.277,-52.020,37.644,0.320
629.9086,-27.000,887.144,936.191,-24.474,53.990,0.320
630.0165,-22.000,915.378,906.554,4.455,68.919,0.320
630.1047,-18.000,920.593,906.507,7.079,60.444,0.320
630.2047,-15.000,920.566,916.446,2.090,47.139,0.320
630.3127,-13.000,918.350,931.769,-6.683,32.838,0.320
630.4109,-12.000,914.070,951.028,-18.457,18.332,0.320
630.5080,-10.000,933.886,942.625,-4.351,26.894,0.320
630.6046,-9.000,933.620,956.432,-11.390,17.105,0.320
630.7135,-8.000,940.533,961.869,-10.655,15.085,0.320
630.8102,-7.000,948.548,965.192,-8.311,14.668,0.320
630.9063,-7.000,943.187,983.190,-19.991,3.027,0.320
631.0043,-7.000,946.118,991.000,-22.433,0.625,0.320
631.1126,-7.000,950.149,996.099,-22.968,0.129,0.320
631.2095,-6.000,967.170,984.678,-8.748,11.582,0.320
631.3069,-6.000,961.825,997.783,-17.974,2.390,0.320
631.4053,-6.000,963.194,1003.011,-19.904,0.493,0.320
631.5135,-5.000,978.854,990.798,-5.968,11.657,0.320
631.6106,-5.000,972.540,1003.042,-15.248,2.405,0.320
631.7073,-4.000,986.405,992.058,-2.824,12.052,0.320
631.8069,-4.000,979.542,1004.369,-12.411,2.487,0.320
631.9046,-4.000,979.862,1008.680,-14.407,0.513,0.320
632.0131,-3.000,994.682,995.637,-0.476,11.661,0.320
632.1100,-3.000,987.665,1007.164,-9.748,2.406,0.320
632.2070,-2.000,1000.936,995.566,2.687,12.052,0.320
632.3031,-2.000,993.572,1007.353,-6.890,2.487,0.320
632.4099,-2.000,993.466,1011.217,-8.875,0.513,0.320
632.5070,-1.000,1007.927,997.792,5.068,11.661,0.320
632.6043,-1.000,1000.606,1008.993,-4.193,2.406,0.320
632.7110,-1.000,1000.340,1012.557,-6.108,0.497,0.320
632.8102,-0.000,1014.623,998.917,7.853,11.658,0.320
632.9073,-0.000,1007.144,1009.943,-1.399,2.406,0.320
633.0045,-0.000,1006.742,1013.359,-3.308,0.496,0.320
633.1031,-0.000,1007.629,1015.034,-3.702,0.102,0.320
633.2122,-0.000,1008.637,1016.205,-3.784,0.021,0.320
633.3105,1.000,1021.987,1000.866,10.561,11.560,0.320
633.4074,1.000,1013.473,1010.690,1.392,2.385,0.320
633.5050,1.000,1012.142,1013.134,-0.496,0.492,0.320
633.6031,2.000,1024.672,997.711,13.480,11.657,0.320
633.7123,2.000,1015.701,1007.222,4.240,2.405,0.320
633.8114,3.000,1026.474,993.068,16.703,12.052,0.320
633.9095,3.000,1016.989,1002.679,7.155,2.487,0.320
634.0078,4.000,1027.527,988.409,19.559,12.069,0.320
634.1058,4.000,1017.885,997.878,10.003,2.490,0.320
634.2037,4.000,1015.858,999.759,8.049,0.514,0.320
634.3110,5.000,1027.851,983.801,22.025,11.662,0.320
634.4084,5.000,1018.439,992.843,12.798,2.406,0.320
634.5061,5.000,1016.400,994.568,10.916,0.497,0.320
634.6043,6.000,1028.341,978.519,24.911,11.658,0.320
634.7025,6.000,1018.877,987.492,15.692,2.406,0.320
634.8116,6.000,1016.792,989.159,13.817,0.496,0.320
634.9102,6.000,1016.254,989.342,13.456,0.102,0.320
635.0095,6.000,1016.056,989.239,13.408,0.021,0.320
635.1083,6.000,1015.944,989.094,13.425,0.004,0.320
635.2043,6.000,1015.866,988.955,13.455,0.001,0.320
635.3123,5.000,1000.365,1002.110,-0.873,-11.555,0.320
635.4104,5.000,1010.067,993.415,8.326,-2.384,0.320
635.5077,5.000,1012.415,991.922,10.247,-0.492,0.320
635.6064,5.000,1013.197,991.867,10.665,-0.102,0.320
635.7069,5.000,1013.615,992.068,10.774,-0.021,0.320
635.8040,4.000,998.481,1005.567,-3.543,-11.560,0.320
635.9125,4.000,1008.483,997.175,5.654,-2.385,0.320
636.0099,4.000,1011.083,995.944,7.570,-0.492,0.320
636.1094,3.000,996.637,1009.394,-6.379,-11.657,0.320
636.2069,3.000,1006.982,1001.202,2.890,-2.405,0.320
636.3058,3.000,1009.823,1000.191,4.816,-0.496,0.320
636.4038,3.000,1011.011,1000.558,5.227,-0.102,0.320
636.5028,4.000,1024.212,984.840,19.686,11.534,0.320
636.6016,4.000,1015.510,994.402,10.554,2.380,0.320
636.7093,3.000,998.568,1009.915,-5.674,-11.064,0.320
636.8059,3.000,1008.258,1002.010,3.124,-2.283,0.320
636.9065,3.000,1010.846,1000.940,4.953,-0.471,0.320
637.0065,3.000,1011.882,1001.194,5.344,-0.097,0.320
637.1029,3.000,1012.524,1001.648,5.438,-0.020,0.320
637.2123,3.000,1013.022,1002.082,5.470,-0.004,0.320
637.3023,3.000,1013.439,1002.458,5.491,-0.001,0.320
637.4112,3.000,1013.793,1002.777,5.508,-0.000,0.320
637.5090,3.000,1014.096,1003.046,5.525,-0.000,0.320
637.6105,3.000,1014.356,1003.272,5.542,-0.000,0.320
637.7071,3.000,1014.579,1003.462,5.559,-0.000,0.320
637.8033,3.000,1014.772,1003.621,5.575,-0.000,0.320
637.9111,3.000,1014.938,1003.754,5.592,-0.000,0.320
638.0086,3.000,1015.082,1003.864,5.609,-0.000,0.320
638.1085,4.000,1027.648,987.674,19.987,11.556,0.320
638.2054,4.000,1018.459,996.782,10.838,2.384,0.320
638.3025,4.000,1016.555,998.618,8.968,0.492,0.320
638.4115,4.000,1016.157,998.957,8.600,0.102,0.320
638.5111,4.000,1016.075,998.991,8.542,0.021,0.320
638.6094,5.000,1028.500,982.683,22.909,11.560,0.320
638.7081,5.000,1019.204,991.679,13.762,2.385,0.320
638.8048,5.000,1017.212,993.417,11.897,0.492,0.320
638.9033,5.000,1016.741,993.672,11.535,0.102,0.320
639.0107,5.000,1016.596,993.632,11.482,0.021,0.320
639.1102,5.000,1016.529,993.543,11.493,0.004,0.320
639.2057,6.000,1028.928,977.170,25.879,11.556,0.320
639.3056,5.000,1004.160,999.401,2.380,-9.171,0.320
639.4053,6.000,1024.330,976.235,24.047,9.663,0.320
639.5037,6.000,1016.921,984.097,16.412,1.994,0.320
639.6016,5.000,1000.123,999.120,0.502,-11.144,0.320
639.7101,5.000,988.127,990.743,-1.308,-3.184,0.180
639.8079,5.000,979.837,977.895,0.971,-0.910,0.180
639.9060,5.000,969.598,966.348,1.625,-0.260,0.180
640.0027,5.000,958.619,954.989,1.815,-0.074,0.180
640.1105,5.000,947.273,943.527,1.873,-0.021,0.180
640.2095,5.000,935.690,931.905,1.893,-0.006,0.180
640.3082,5.000,923.927,920.124,1.901,-0.002,0.180
640.4066,6.000,912.193,904.905,3.644,1.285,0.180
640.5047,6.000,899.415,893.953,2.731,0.367,0.180
640.6012,6.000,887.163,882.215,2.474,0.105,0.180
640.7099,6.000,874.988,870.179,2.405,0.030,0.180
640.8058,6.000,862.773,857.995,2.389,0.009,0.180
640.9037,6.000,850.493,845.717,2.388,0.002,0.180
641.0012,6.000,838.149,833.366,2.392,0.001,0.180
641.1009,7.000,825.925,817.659,4.133,1.286,0.180
641.2078,7.000,812.733,806.291,3.221,0.367,0.180
641.3055,7.000,800.129,794.199,2.965,0.105,0.180
641.4021,7.000,787.654,781.862,2.896,0.030,0.180
641.5000,8.000,775.361,766.126,4.618,1.294,0.180
641.6076,8.000,762.121,754.721,3.700,0.370,0.180
641.7093,8.000,749.480,742.594,3.443,0.106,0.180
641.8094,9.000,737.153,726.929,5.112,1.316,0.180
641.9069,8.000,720.738,715.851,2.443,-0.910,0.180
642.0071,9.000,709.477,699.803,4.837,1.026,0.180
642.1062,9.000,696.736,688.511,4.112,0.293,0.180
642.2038,9.000,684.411,676.589,3.911,0.084,0.180
642.2999,9.000,672.144,664.426,3.859,0.024,0.180
642.4090,9.000,659.843,652.142,3.850,0.007,0.180
642.5088,10.000,647.664,636.484,5.590,1.288,0.180
642.6066,10.000,634.513,625.154,4.679,0.368,0.180
642.7086,10.000,621.945,613.093,4.426,0.105,0.180
642.8066,11.000,609.678,597.486,6.096,1.316,0.180
642.9061,11.000,596.492,586.159,5.166,0.376,0.180
643.0036,11.000,583.905,574.090,4.908,0.107,0.180
643.1023,12.000,571.627,558.472,6.577,1.316,0.180
643.2007,12.000,571.164,559.868,5.648,0.376,0.180
643.2999,12.000,571.302,560.522,5.390,0.107,0.180
643.4085,12.000,571.573,560.925,5.324,0.031,0.180
643.5069,12.000,571.848,561.222,5.313,0.009,0.180
643.6064,12.000,572.096,561.461,5.318,0.003,0.180
643.7051,12.000,572.312,561.659,5.327,0.001,0.180
643.8006,13.000,572.675,558.528,7.073,1.286,0.180
643.9086,13.000,572.092,559.758,6.167,0.367,0.180
644.0058,13.000,572.116,560.284,5.916,0.105,0.180
644.1030,13.000,572.286,560.581,5.853,0.030,0.180
644.2005,13.000,572.475,560.790,5.843,0.009,0.180
644.2997,14.000,572.826,557.656,7.585,1.288,0.180
644.4073,14.000,572.236,558.881,6.678,0.368,0.180
644.5065,14.000,572.256,559.402,6.427,0.105,0.180
644.6036,14.000,572.423,559.693,6.365,0.030,0.180
644.7003,15.000,572.693,556.693,8.000,1.294,0.180
644.8079,15.000,572.215,557.851,7.182,0.370,0.180
644.9035,15.000,572.253,558.391,6.931,0.106,0.180
645.0026,15.000,572.436,558.698,6.869,0.030,0.180
645.1017,16.000,572.216,556.216,8.000,1.294,0.180
645.1995,16.000,572.255,556.880,7.687,0.370,0.180
645.3073,16.000,572.304,557.428,7.438,0.106,0.180
645.4047,16.000,572.496,557.743,7.377,0.030,0.180
645.5029,17.000,571.776,555.776,8.000,1.294,0.180
645.6019,17.000,572.133,556.133,8.000,0.370,0.180
645.6993,17.000,572.385,556.489,7.948,0.106,0.180
645.7984,17.000,572.583,556.807,7.888,0.030,0.180
645.9044,17.000,572.796,557.033,7.881,0.009,0.180
646.0036,17.000,572.992,557.210,7.891,0.002,0.180
646.1024,16.000,569.987,557.652,6.168,-1.285,0.180
646.1995,16.000,571.330,557.131,7.100,-0.367,0.180
646.3000,16.000,571.956,557.203,7.376,-0.105,0.180
646.4083,16.000,572.342,557.411,7.466,-0.030,0.180
646.5066,15.000,569.454,557.924,5.765,-1.294,0.180
646.6037,15.000,570.882,557.476,6.703,-0.370,0.180
646.7003,15.000,571.577,557.615,6.981,-0.106,0.180
646.7977,15.000,572.020,557.881,7.070,-0.030,0.180
646.9044,15.000,572.356,558.147,7.105,-0.009,0.180
647.0001,15.000,572.632,558.383,7.124,-0.002,0.180
647.1088,14.000,569.688,558.882,5.403,-1.286,0.180
647.2054,14.000,571.081,558.412,6.334,-0.368,0.180
647.3047,14.000,571.747,558.528,6.610,-0.105,0.180
647.4009,14.000,572.168,558.774,6.697,-0.030,0.180
647.4984,14.000,572.485,559.023,6.731,-0.009,0.180
647.6076,14.000,572.745,559.245,6.750,-0.002,0.180
647.7059,14.000,572.963,559.435,6.764,-0.001,0.180
647.8041,14.000,573.150,559.596,6.777,-0.000,0.180
647.9025,13.000,570.134,560.027,5.053,-1.286,0.180
647.9982,13.000,571.466,559.499,5.984,-0.367,0.180
648.1076,13.000,572.082,559.566,6.258,-0.105,0.180
648.1979,13.000,572.458,559.770,6.344,-0.030,0.180
648.2976,13.000,572.738,559.983,6.377,-0.009,0.180
648.4053,13.000,572.966,560.175,6.395,-0.002,0.180
648.5032,13.000,573.157,560.340,6.409,-0.001,0.180
648.6021,12.000,570.144,560.776,4.684,-1.286,0.180
648.7004,12.000,571.478,560.251,5.614,-0.367,0.180
648.7978,12.000,572.096,560.322,5.887,-0.105,0.180
648.9077,12.000,572.474,560.529,5.973,-0.030,0.180
649.0064,11.000,569.578,561.041,4.268,-1.294,0.180
649.1036,11.000,571.000,560.594,5.203,-0.370,0.180
649.2012,11.000,571.688,560.735,5.477,-0.106,0.180
649.2988,11.000,572.125,561.001,5.562,-0.030,0.180
649.3982,10.000,569.279,561.566,3.857,-1.294,0.180
649.5066,10.000,570.743,561.162,4.790,-0.370,0.180
649.6044,10.000,571.467,561.340,5.064,-0.106,0.180
649.7046,9.000,568.758,561.935,3.411,-1.316,0.180
649.8027,8.000,567.131,561.886,2.623,-1.662,0.180
649.9003,8.000,569.113,561.479,3.817,-0.475,0.180
649.9979,7.000,566.952,562.099,2.427,-1.421,0.180
650.0971,7.000,568.819,561.922,3.448,-0.406,0.180
650.2051,6.000,566.657,562.641,2.008,-1.402,0.180
650.3026,5.000,565.373,562.817,1.278,-1.686,0.180
650.4023,5.000,567.611,562.638,2.487,-0.482,0.180
650.5000,4.000,565.659,563.461,1.099,-1.423,0.180
650.6070,4.000,567.699,563.460,2.119,-0.407,0.180
650.7034,4.000,568.860,564.033,2.413,-0.116,0.180
650.8036,3.000,566.506,564.980,0.763,-1.319,0.180
650.9036,3.000,568.353,564.937,1.708,-0.377,0.180
651.0016,3.000,569.392,565.432,1.980,-0.108,0.180
651.0981,3.000,570.124,566.005,2.060,-0.031,0.180
651.2050,3.000,570.703,566.534,2.084,-0.009,0.180
651.3031,4.000,571.359,563.699,3.830,1.283,0.180
651.4001,5.000,571.197,561.890,4.653,1.652,0.180
651.4974,6.000,570.860,560.431,5.214,1.758,0.180
651.6066,6.000,570.347,562.419,3.964,0.502,0.180
651.7046,8.000,570.973,556.805,7.084,2.715,0.180
651.8013,8.000,569.921,559.617,5.152,0.776,0.180
651.8975,9.000,570.300,557.616,6.342,1.507,0.180
651.9956,9.000,570.041,559.495,5.273,0.431,0.180
652.1039,10.000,570.607,557.186,6.710,1.409,0.180
652.2054,10.000,570.369,558.943,5.713,0.403,0.180
652.3037,11.000,570.912,556.570,7.171,1.401,0.180
652.4001,12.000,570.821,554.986,7.917,1.686,0.180
652.4975,13.000,570.132,554.132,8.000,1.767,0.180
652.5962,14.000,569.416,553.416,8.000,1.791,0.180
652.6950,14.000,569.987,554.627,7.680,0.512,0.180
652.8021,15.000,569.505,553.505,8.000,1.432,0.180
652.8975,15.000,570.323,554.323,8.000,0.409,0.180
652.9954,16.000,569.458,553.458,8.000,1.403,0.180
653.1022,16.000,570.223,554.223,8.000,0.401,0.180
653.2017,17.000,569.313,553.313,8.000,1.400,0.180
653.2997,18.000,568.480,552.480,8.000,1.686,0.180
653.3962,19.000,567.712,551.712,8.000,1.767,0.180
653.4956,19.000,568.559,552.559,8.000,0.505,0.180
653.6044,19.000,569.279,553.279,8.000,0.144,0.180
653.6998,20.000,568.331,552.331,8.000,1.327,0.180
653.7981,20.000,569.025,553.025,8.000,0.379,0.180
653.8970,21.000,568.055,552.055,8.000,1.394,0.180
653.9960,21.000,568.730,552.730,8.000,0.398,0.180
654.1041,22.000,567.745,551.745,8.000,1.400,0.180
654.2001,22.000,568.407,552.407,8.000,0.400,0.180
654.2995,22.000,568.969,552.969,8.000,0.114,0.180
654.3974,23.000,567.888,551.888,8.000,1.318,0.180
654.5054,23.000,568.468,552.468,8.000,0.377,0.180
654.6025,24.000,567.402,551.402,8.000,1.393,0.180
654.7013,24.000,567.995,551.995,8.000,0.398,0.180
654.7985,25.000,566.940,550.940,8.000,1.399,0.180
654.8964,25.000,567.542,551.542,8.000,0.400,0.180
655.0051,26.000,566.495,550.495,8.000,1.400,0.180
655.1017,26.000,567.104,551.104,8.000,0.400,0.180
655.1998,26.000,567.622,551.622,8.000,0.114,0.180
655.2964,27.000,566.503,550.503,8.000,1.318,0.180
655.3943,27.000,567.051,551.051,8.000,0.377,0.180
655.5033,28.000,565.957,549.957,8.000,1.393,0.180
655.6022,28.000,566.527,550.527,8.000,0.398,0.180
655.7009,28.000,567.012,551.012,8.000,0.114,0.180
655.7989,29.000,565.864,549.864,8.000,1.318,0.180
655.8982,29.000,566.388,550.388,8.000,0.377,0.180
655.9980,30.000,565.274,549.274,8.000,1.393,0.180
656.0946,30.000,565.826,549.826,8.000,0.398,0.180
656.1948,30.000,566.296,550.296,8.000,0.114,0.180
656.2937,30.000,566.695,550.695,8.000,0.032,0.180
656.4023,31.000,565.475,549.475,8.000,1.295,0.180
656.4941,31.000,565.937,549.937,8.000,0.370,0.180
656.6028,31.000,566.331,550.331,8.000,0.106,0.180
656.7021,31.000,566.665,550.665,8.000,0.030,0.180
656.8003,31.000,566.949,550.949,8.000,0.009,0.180
656.8981,31.000,567.190,551.190,8.000,0.002,0.180
656.9957,31.000,567.395,551.395,8.000,0.001,0.180
657.1028,31.000,567.570,551.570,8.000,0.000,0.180
657.1983,30.000,566.278,550.278,8.000,-1.286,0.180
657.2956,30.000,566.680,550.680,8.000,-0.367,0.180
657.4042,30.000,567.022,551.022,8.000,-0.105,0.180
657.5019,30.000,567.312,551.312,8.000,-0.030,0.180
657.6003,29.000,566.119,550.119,8.000,-1.294,0.180
657.6977,29.000,566.605,550.605,8.000,-0.370,0.180
657.7946,29.000,567.018,551.018,8.000,-0.106,0.180
657.9018,28.000,565.929,549.929,8.000,-1.316,0.180
657.9991,28.000,566.503,550.503,8.000,-0.376,0.180
684.2325,27.000,945.050,-915.367,930.209,854.609,0.320
684.2850,27.000,280.717,-223.179,251.948,176.348,0.320
684.3850,27.000,153.910,-70.068,111.989,36.389,0.320
684.4844,27.000,137.522,-28.696,83.109,7.509,0.320
684.5829,26.000,129.139,3.551,62.794,-10.006,0.320
684.6927,26.000,148.535,7.064,70.735,-2.065,0.320
684.7914,26.000,161.223,16.475,72.374,-0.426,0.320
684.8876,26.000,172.266,26.842,72.712,-0.088,0.320
684.9888,26.000,182.748,37.184,72.782,-0.018,0.320
685.0889,26.000,192.926,47.334,72.796,-0.004,0.320
685.1863,25.000,188.525,71.638,58.444,-11.556,0.320
685.2832,25.000,209.861,74.630,67.615,-2.385,0.320
685.3923,25.000,224.480,85.464,69.508,-0.492,0.320
685.4901,25.000,238.076,98.279,69.898,-0.102,0.320
685.5884,24.000,236.332,125.085,55.623,-11.577,0.320
685.6854,24.000,260.059,130.437,64.811,-2.389,0.320
685.7842,24.000,276.700,143.286,66.707,-0.493,0.320
685.8926,24.000,292.013,157.816,67.098,-0.102,0.320
685.9883,24.000,307.164,172.806,67.179,-0.021,0.320
686.0876,23.000,306.942,201.261,52.840,-11.560,0.320
686.1854,23.000,332.003,207.974,62.015,-2.385,0.320
686.2834,23.000,349.787,221.972,63.908,-0.492,0.320
686.3839,22.000,350.637,250.751,49.943,-11.657,0.320
686.4833,21.000,360.933,271.255,44.839,-13.961,0.320
686.5828,20.000,373.555,290.428,41.564,-14.436,0.320
686.6893,20.000,402.412,296.370,53.021,-2.979,0.320
686.7867,19.000,406.625,324.352,41.136,-12.170,0.320
686.8840,18.000,418.519,345.438,36.540,-14.067,0.320
686.9825,16.000,416.805,378.639,19.083,-26.014,0.320
687.0910,15.000,440.869,389.955,25.457,-16.923,0.320
687.1881,14.000,457.867,408.644,24.611,-15.048,0.320
687.2876,12.000,458.060,442.240,7.910,-26.216,0.320
687.3835,11.000,483.240,454.395,14.423,-16.965,0.320
687.4829,10.000,501.080,473.904,13.588,-15.056,0.320
687.5916,10.000,532.846,481.660,25.593,-3.107,0.320
687.6890,9.000,539.111,511.603,13.754,-12.197,0.320
687.7872,9.000,568.117,521.148,23.484,-2.517,0.320
687.8866,8.000,573.495,551.154,11.171,-12.075,0.320
687.9830,8.000,602.048,560.451,20.799,-2.492,0.320
688.0835,8.000,622.544,576.902,22.821,-0.514,0.320
688.1825,7.000,625.646,607.821,8.913,-11.662,0.320
688.2882,7.000,653.286,616.872,18.207,-2.406,0.320
688.3858,6.000,657.776,646.185,5.795,-12.052,0.320
688.4839,5.000,670.187,668.121,1.033,-14.042,0.320
688.5828,5.000,699.844,675.433,12.206,-2.898,0.320
688.6895,4.000,704.830,704.486,0.172,-12.153,0.320
688.7885,4.000,732.852,713.172,9.840,-2.508,0.320
688.8847,3.000,737.412,742.428,-2.508,-12.073,0.320
688.9818,3.000,765.269,751.089,7.090,-2.491,0.320
689.0902,2.000,769.730,780.284,-5.277,-12.070,0.320
689.1852,1.000,782.070,802.165,-10.048,-14.046,0.320
689.2809,-0.000,796.214,822.725,-13.256,-14.454,0.320
689.3875,-1.000,810.040,842.330,-16.145,-14.538,0.320
689.4861,-1.000,839.668,848.894,-4.613,-3.000,0.320
689.5851,-2.000,843.532,876.729,-16.599,-12.175,0.320
689.6855,-3.000,854.260,896.878,-21.309,-14.068,0.320
689.7844,-3.000,882.419,902.740,-10.160,-2.903,0.320
689.8815,-4.000,885.271,929.740,-22.235,-12.155,0.320
689.9908,-5.000,895.189,949.132,-26.972,-14.064,0.320
690.0879,-5.000,922.666,954.342,-15.838,-2.902,0.320
690.1858,-7.000,908.658,993.229,-42.285,-23.710,0.320
690.2836,-7.000,943.397,990.411,-23.507,-4.893,0.320
690.3810,-8.000,946.914,1014.963,-34.024,-12.565,0.320
690.4914,-9.000,956.377,1033.293,-38.458,-14.148,0.320
690.5884,-10.000,951.058,1034.339,-41.641,-14.475,0.320
690.6859,-10.000,962.174,1022.591,-30.209,-2.987,0.320
690.7828,-11.000,947.939,1032.449,-42.255,-12.172,0.320
690.8808,-12.000,940.896,1034.931,-47.018,-14.067,0.320
690.9913,-12.000,951.555,1023.396,-35.920,-2.903,0.320
691.0898,-13.000,937.138,1033.228,-48.045,-12.155,0.320
691.1875,-13.000,946.263,1023.206,-38.471,-2.508,0.320
691.2848,-14.000,931.519,1033.348,-50.915,-12.073,0.320
691.3834,-14.000,940.566,1023.388,-41.411,-2.491,0.320
691.4800,-14.000,942.077,1021.102,-39.512,-0.514,0.320
691.5852,-14.000,942.077,1020.443,-39.183,-0.106,0.320
691.6808,-14.000,941.803,1020.157,-39.177,-0.022,0.320
691.7880,-14.000,941.504,1019.980,-39.238,-0.005,0.320
691.8850,-14.000,941.226,1019.852,-39.313,-0.001,0.320
691.9828,-14.000,940.977,1019.758,-39.391,-0.000,0.320
692.0808,-14.000,940.752,1019.690,-39.469,-0.000,0.320
692.1903,-14.000,940.550,1019.644,-39.547,-0.000,0.320
692.2900,-13.000,953.647,1004.176,-25.264,11.556,0.320
692.3861,-13.000,944.895,1013.912,-34.508,2.384,0.320
692.4816,-12.000,956.629,1000.854,-22.112,12.048,0.320
692.5894,-12.000,947.938,1011.421,-31.741,2.486,0.320
692.6876,-11.000,959.976,998.817,-19.420,12.069,0.320
692.7849,-11.000,951.596,1009.716,-29.060,2.490,0.320
692.8863,-10.000,963.909,997.383,-16.737,12.069,0.320
692.9822,-10.000,955.766,1008.510,-26.372,2.491,0.320
693.0823,-9.000,968.283,996.370,-14.043,12.069,0.320
693.1802,-9.000,960.314,1007.659,-23.673,2.491,0.320
693.2818,-9.000,959.698,1011.097,-25.700,0.514,0.320
693.3811,-9.000,960.439,1012.754,-26.158,0.106,0.320
693.4909,-9.000,961.323,1013.908,-26.293,0.022,0.320
693.5795,-8.000,975.403,999.402,-11.999,11.560,0.320
693.6892,-8.000,967.502,1009.939,-21.219,2.385,0.320
693.7891,-7.000,979.966,997.557,-8.795,12.048,0.320
693.8862,-7.000,971.900,1008.693,-18.396,2.486,0.320
693.9844,-7.000,971.192,1012.009,-20.409,0.513,0.320
694.0823,-6.000,985.136,998.123,-6.494,11.661,0.320
694.1812,-6.000,977.371,1008.936,-15.782,2.406,0.320
694.2801,-6.000,976.724,1012.176,-17.726,0.497,0.320
694.3871,-6.000,977.398,1013.705,-18.154,0.102,0.320
694.4871,-5.000,991.500,999.315,-3.907,11.577,0.320
694.5842,-5.000,983.662,1009.908,-13.123,2.389,0.320
694.6831,-5.000,982.909,1013.003,-15.047,0.493,0.320
694.7792,-4.000,996.767,998.977,-1.105,11.657,0.320
694.8871,-4.000,988.920,1009.679,-10.379,2.405,0.320
694.9851,-4.000,988.203,1012.825,-12.311,0.496,0.320
695.0827,-3.000,1002.099,998.832,1.634,11.658,0.320
695.1812,-3.000,994.289,1009.560,-7.635,2.406,0.320
695.2877,-2.000,1006.885,997.285,4.800,12.052,0.320
695.3856,-1.000,1012.226,993.056,9.585,14.042,0.320
695.4826,-1.000,1003.048,1006.179,-1.566,2.898,0.320
695.5816,-1.000,1002.420,1010.161,-3.871,0.598,0.320
695.6798,-0.000,1016.646,996.626,10.010,11.679,0.320
695.7881,-0.000,1009.170,1007.688,0.741,2.410,0.320
695.8868,-0.000,1008.782,1011.125,-1.172,0.497,0.320
695.9841,1.000,1022.125,996.535,12.795,11.658,0.320
696.0846,1.000,1013.847,1006.751,3.548,2.406,0.320
696.1843,1.000,1012.767,1009.479,1.644,0.496,0.320
696.2805,2.000,1025.521,994.286,15.617,11.658,0.320
696.3891,2.000,1016.743,1003.991,6.376,2.406,0.320
696.4857,2.000,1015.239,1006.283,4.478,0.496,0.320
696.5826,2.000,1015.191,1007.000,4.095,0.102,0.320
696.6819,3.000,1027.846,991.074,18.386,11.577,0.320
696.7786,2.000,1003.344,1013.636,-5.146,-9.167,0.320
696.8879,3.000,1023.747,990.744,16.502,9.664,0.320
696.9861,3.000,1016.536,998.839,8.849,1.994,0.320
697.0869,4.000,1027.787,984.499,21.644,11.967,0.320
697.1870,5.000,1030.940,977.881,26.530,14.025,0.320
697.2868,6.000,1032.306,972.730,29.788,14.450,0.320
697.3848,6.000,1020.763,984.055,18.354,2.982,0.320
697.4816,7.000,1030.779,970.015,30.382,12.171,0.320
697.5794,8.000,1033.389,963.143,35.123,14.067,0.320
697.6883,9.000,1034.400,957.670,38.365,14.458,0.320
697.7871,9.000,1022.579,968.698,26.940,2.983,0.320
697.8844,10.000,1032.366,954.398,38.984,12.171,0.320
697.9805,10.000,1022.344,963.583,29.380,2.512,0.320
698.0891,11.000,1032.492,948.883,41.804,12.074,0.320
698.1870,11.000,1022.537,957.970,32.283,2.491,0.320
698.2838,11.000,1020.252,959.517,30.368,0.514,0.320
698.3805,11.000,1019.592,959.549,30.021,0.106,0.320
698.4780,11.000,1019.302,959.305,29.999,0.022,0.320
698.5869,11.000,1019.120,959.034,30.043,0.005,0.320
698.6851,11.000,1018.985,958.783,30.101,0.001,0.320
698.7815,10.000,1003.441,971.840,15.801,-11.555,0.320
698.8802,10.000,1013.111,963.056,25.028,-2.384,0.320
698.9770,10.000,1015.436,961.484,26.976,-0.492,0.320
699.0842,10.000,1016.202,961.357,27.422,-0.102,0.320
699.1823,9.000,1001.169,974.774,13.198,-11.577,0.320
699.2795,8.000,995.780,979.630,8.075,-13.944,0.320
699.3774,8.000,1008.164,969.791,19.187,-2.877,0.320
699.4875,8.000,1011.575,968.545,21.515,-0.594,0.320
699.5840,8.000,1013.011,968.949,22.031,-0.123,0.320
699.6815,7.000,998.494,982.870,7.812,-11.581,0.320
699.7786,6.000,993.530,988.167,2.681,-13.945,0.320
699.8861,6.000,1006.272,978.708,13.782,-2.878,0.320
699.9859,5.000,994.544,991.067,1.739,-12.149,0.320
700.0830,5.000,1005.982,983.164,11.409,-2.507,0.320
700.1815,4.000,994.062,995.931,-0.934,-12.073,0.320
700.2785,3.000,990.084,1001.467,-5.692,-14.047,0.320
700.3870,3.000,1003.412,992.465,5.473,-2.899,0.320
700.4848,2.000,961.424,1004.617,-1.994,-7.179,0.180
700.5817,2.000,937.184,1001.723,3.684,-1.511,0.180
700.6775,1.000,900.508,1008.161,-4.287,-6.887,0.180
700.7784,1.000,880.973,1000.218,1.155,-1.450,0.180
700.8779,1.000,858.816,994.244,2.305,-0.305,0.180
700.9842,-0.000,826.802,995.173,-6.622,-6.633,0.180
701.0819,-0.000,811.839,981.939,-1.386,-1.396,0.180
701.1793,1.000,801.069,960.366,8.890,6.274,0.180
701.2783,1.000,777.656,954.514,3.942,1.321,0.180
701.3881,1.000,758.846,943.673,2.904,0.278,0.180
701.4872,2.000,748.823,920.118,11.863,6.627,0.180
701.5861,3.000,734.265,900.761,15.816,7.964,0.180
701.6827,4.000,719.056,881.766,18.718,8.245,0.180
701.7811,5.000,703.972,862.404,21.403,8.304,0.180
701.8793,6.000,689.135,842.586,24.047,8.317,0.180
701.9805,7.000,674.539,822.351,26.686,8.319,0.180
702.0788,9.000,667.529,790.780,38.501,14.888,0.180
702.1863,10.000,648.117,775.023,35.968,9.703,0.180
702.2837,11.000,632.960,754.912,37.534,8.611,0.180
702.3814,13.000,626.176,722.743,49.140,14.950,0.180
702.4795,14.000,607.107,706.328,46.579,9.716,0.180
702.5794,15.000,592.275,685.624,48.155,8.614,0.180
702.6776,16.000,578.403,663.915,50.606,8.382,0.180
702.7825,17.000,564.792,641.908,53.245,8.333,0.180
702.8784,18.000,551.286,619.764,55.929,8.323,0.180
702.9759,19.000,537.846,597.527,58.625,8.321,0.180
703.0849,20.000,524.353,575.320,61.225,8.320,0.180
703.1834,22.000,518.266,542.087,72.993,14.888,0.180
703.2803,23.000,515.232,541.156,70.408,9.703,0.180
703.3777,24.000,516.059,536.358,71.916,8.611,0.180
703.4755,24.000,510.182,541.860,65.118,1.813,0.180
703.5832,25.000,516.902,531.221,72.855,6.950,0.180
703.6790,27.000,526.787,513.805,85.705,14.600,0.180
703.7778,27.000,515.741,524.450,74.178,3.074,0.180
703.8858,29.000,528.459,504.191,90.089,13.784,0.180
703.9836,30.000,525.232,503.407,88.375,9.470,0.180
704.0795,30.000,517.970,510.262,80.899,1.994,0.180
704.1787,32.000,531.314,489.370,97.661,13.557,0.180
704.2783,32.000,520.706,499.563,86.959,2.854,0.180
704.3754,33.000,525.902,490.414,93.874,7.169,0.180
704.4845,34.000,527.648,484.708,97.383,8.078,0.180
704.5812,34.000,521.274,490.716,91.005,1.701,0.180
704.6810,35.000,527.302,480.777,98.831,6.926,0.180
704.7792,35.000,521.805,485.949,93.363,1.458,0.180
704.8776,35.000,520.630,486.849,92.212,0.307,0.180
704.9749,35.000,520.367,486.877,91.969,0.065,0.180
705.0844,36.000,527.668,475.778,101.087,6.582,0.180
705.1822,36.000,522.427,480.790,95.890,1.386,0.180
705.2800,36.000,521.295,481.727,94.797,0.292,0.180
705.3792,36.000,521.032,481.824,94.566,0.061,0.180
705.4774,36.000,520.956,481.759,94.518,0.013,0.180
705.5839,36.000,520.922,481.672,94.508,0.003,0.180
705.6811,36.000,520.900,481.593,94.505,0.001,0.180
705.7792,35.000,510.515,489.492,85.336,-6.568,0.180
705.8771,35.000,516.166,484.727,90.522,-1.383,0.180
705.9766,34.000,507.285,491.962,82.445,-6.860,0.180
706.0762,34.000,513.517,487.330,87.861,-1.444,0.180
706.1847,33.000,504.983,494.825,79.832,-6.872,0.180
706.2821,32.000,501.110,498.414,76.090,-8.015,0.180
706.3783,31.000,498.458,501.424,73.249,-8.256,0.180
706.4753,30.000,496.269,504.519,70.598,-8.306,0.180
706.5839,29.000,494.350,507.807,67.988,-8.317,0.180
706.6797,28.000,492.636,511.285,65.385,-8.319,0.180
706.7773,27.000,491.090,514.930,62.785,-8.320,0.180
706.8844,26.000,489.687,518.718,60.185,-8.320,0.180
706.9810,25.000,488.404,522.628,57.585,-8.320,0.180
707.0794,24.000,487.223,526.641,54.985,-8.320,0.180
707.1763,23.000,486.130,530.742,52.385,-8.320,0.180
707.2740,22.000,485.111,534.918,49.785,-8.320,0.180
707.3741,20.000,473.786,547.126,38.016,-14.888,0.180
707.4835,19.000,478.647,546.616,40.701,-9.703,0.180
707.5800,17.000,469.009,558.152,30.112,-15.180,0.180
707.6800,16.000,474.516,557.858,33.011,-9.764,0.180
707.7785,15.000,475.651,561.755,31.629,-8.624,0.180
707.8766,14.000,475.803,566.480,29.342,-8.384,0.180
707.9760,13.000,475.694,571.333,26.860,-8.333,0.180
708.0773,12.000,475.484,576.176,24.333,-8.323,0.180
708.1745,10.000,464.840,588.959,12.619,-14.889,0.180
708.2830,8.000,459.808,597.008,6.078,-16.271,0.180
708.3814,7.000,466.605,596.377,9.792,-9.994,0.180
708.4791,5.000,457.905,608.517,-0.629,-15.241,0.180
708.5778,3.000,453.678,616.868,-6.918,-16.345,0.180
708.6759,1.000,450.604,624.648,-12.345,-16.578,0.180
708.7737,-1.000,447.350,631.902,-17.599,-16.627,0.180
708.8816,-4.000,432.250,645.601,-31.999,-23.206,0.180
708.9774,-6.000,432.507,645.954,-32.047,-18.022,0.180
709.0744,-8.000,428.016,649.763,-36.197,-16.931,0.180
709.1843,-11.000,411.131,661.269,-50.393,-23.270,0.180
709.2828,-13.000,409.711,659.916,-50.427,-18.036,0.180
709.3803,-15.000,403.757,662.314,-54.603,-16.934,0.180
709.4796,-18.000,385.615,672.632,-68.833,-23.270,0.180
709.5762,-20.000,383.225,670.173,-68.798,-18.036,0.180
709.6744,-22.000,376.466,671.610,-72.896,-16.934,0.180
709.7738,-23.000,379.604,666.348,-68.696,-10.133,0.180
709.8833,-25.000,366.265,673.682,-79.033,-15.270,0.180
709.9824,-26.000,367.800,669.442,-76.146,-9.783,0.180
710.0804,-28.000,353.937,676.806,-86.759,-15.196,0.180
710.1768,-29.000,355.204,672.415,-83.930,-9.768,0.180
710.2742,-30.000,352.119,672.245,-85.387,-8.625,0.180
710.3830,-31.000,348.076,672.921,-87.747,-8.384,0.180
710.4805,-33.000,332.827,681.107,-99.464,-14.902,0.180
710.5796,-34.000,333.622,676.710,-96.868,-9.706,0.180
710.6764,-35.000,330.285,676.385,-98.374,-8.612,0.180
710.7727,-36.000,326.059,676.898,-100.744,-8.381,0.180
710.8836,-38.000,310.661,684.940,-112.464,-14.901,0.180
710.9823,-39.000,311.330,680.418,-109.868,-9.706,0.180
711.0797,-41.000,296.919,687.355,-120.543,-15.180,0.180
711.1757,-42.000,297.758,682.562,-117.727,-9.764,0.180
711.2743,-43.000,294.318,682.042,-119.186,-8.624,0.180
711.3832,-44.000,289.974,682.418,-121.546,-8.384,0.180
711.4802,-45.000,285.439,682.982,-124.096,-8.333,0.180
711.5771,-47.000,269.894,690.952,-135.854,-14.891,0.180
711.6760,-47.000,281.430,678.976,-124.097,-3.135,0.180
711.7750,-48.000,272.750,683.683,-130.791,-7.228,0.180
711.8822,-49.000,267.300,685.156,-134.253,-8.090,0.180
711.9787,-50.000,262.528,685.947,-137.034,-8.272,0.180
712.0731,-50.000,268.866,679.225,-130.504,-1.741,0.180
712.1812,-51.000,259.109,685.055,-138.297,-6.935,0.180
712.2819,-51.000,264.416,679.412,-132.822,-1.460,0.180
712.3800,-52.000,254.457,685.484,-140.838,-6.876,0.180
712.4801,-52.000,259.733,679.904,-135.410,-1.448,0.180
712.5774,-52.000,260.747,678.632,-134.267,-0.305,0.180
712.6736,-61.000,162.162,744.598,-216.542,-59.180,0.180
712.7734,-62.000,197.551,704.882,-178.990,-19.027,0.180
712.8817,-64.000,190.297,704.258,-182.305,-17.143,0.180
712.9795,-65.000,192.515,697.745,-177.940,-10.177,0.180
713.0776,-66.000,189.255,696.753,-179.073,-8.711,0.180
713.1746,-68.000,173.889,704.306,-190.533,-14.971,0.180
713.2747,-68.000,185.387,692.166,-178.714,-3.152,0.180
713.3740,-69.000,176.634,696.774,-185.394,-7.232,0.180
713.4720,-70.000,171.113,698.171,-188.853,-8.091,0.180
713.5799,-71.000,166.280,698.899,-191.634,-8.272,0.180
713.6777,-72.000,161.597,699.493,-194.272,-8.310,0.180
713.7769,-72.000,167.919,692.694,-187.712,-1.749,0.180
713.8751,-73.000,158.130,698.479,-195.499,-6.937,0.180
713.9720,-72.000,171.373,682.432,-180.854,5.108,0.180
714.0811,-73.000,156.680,694.142,-194.055,-5.493,0.180
714.1800,-73.000,161.249,690.037,-189.719,-1.156,0.180
714.2765,-73.000,162.359,689.322,-188.806,-0.243,0.180
714.3749,-72.000,170.687,678.929,-179.445,6.517,0.180
714.4711,-72.000,166.165,684.696,-184.590,1.372,0.180
714.5711,-72.000,165.611,686.309,-185.674,0.289,0.180
714.6805,-71.000,173.801,676.618,-176.733,6.629,0.180
714.7761,-70.000,177.398,672.346,-172.798,7.964,0.180
714.8724,-70.000,172.323,679.846,-179.086,1.677,0.180
714.9808,-69.000,179.999,671.832,-171.241,6.921,0.180
715.0769,-67.000,191.828,657.916,-158.368,14.594,0.180
715.1760,-66.000,190.388,661.182,-160.722,9.641,0.180
715.2714,-65.000,193.021,660.701,-159.164,8.598,0.180
715.3776,-64.000,196.616,659.535,-156.784,8.379,0.180
715.4735,-62.000,208.471,647.945,-145.062,14.901,0.180
715.5721,-61.000,207.788,652.453,-147.657,9.705,0.180
715.6810,-53.000,266.999,580.294,-81.972,54.591,0.180
715.7805,-53.000,230.398,629.888,-125.070,11.493,0.180
715.8766,-53.000,226.847,644.484,-134.143,2.420,0.180
715.9751,-53.000,229.631,651.088,-136.053,0.509,0.180
716.0719,-53.000,233.218,655.480,-136.455,0.107,0.180
716.1802,-52.000,244.494,648.587,-127.371,6.591,0.180
716.2798,-52.000,242.653,657.154,-132.575,1.388,0.180
716.3763,-51.000,252.384,650.739,-124.502,6.861,0.180
716.4728,-51.000,249.877,659.065,-129.918,1.444,0.180
716.5707,-50.000,259.179,652.310,-121.890,6.872,0.180
716.6805,-50.000,256.335,660.317,-127.316,1.447,0.180
716.7776,-49.000,265.356,653.286,-119.289,6.873,0.180
716.8751,-48.000,270.244,650.689,-115.547,8.015,0.180
716.9748,-47.000,274.358,649.122,-112.707,8.256,0.180
717.0741,-46.000,278.392,647.855,-110.056,8.306,0.180
717.1708,-45.000,282.478,646.719,-107.445,8.317,0.180
717.2703,-44.000,286.634,645.671,-104.843,8.319,0.180
717.3807,-42.000,298.824,634.323,-93.074,14.888,0.180
717.4800,-41.000,298.396,639.066,-95.660,9.703,0.180
717.5801,-40.000,302.038,639.692,-94.151,8.611,0.180
717.6783,-39.000,306.522,639.436,-91.781,8.381,0.180
717.7748,-38.000,311.171,638.981,-89.229,8.333,0.180
717.8723,-37.000,315.843,638.474,-86.640,8.323,0.180
717.9703,-36.000,320.511,637.946,-84.042,8.321,0.180
718.0795,-35.000,325.170,637.406,-81.442,8.320,0.180
718.1774,-34.000,329.820,636.856,-78.842,8.320,0.180
718.2775,-33.000,334.463,636.299,-76.242,8.320,0.180
718.3740,-32.000,339.100,635.736,-73.642,8.320,0.180
718.4739,-31.000,343.731,635.167,-71.042,8.320,0.180
718.5709,-29.000,356.326,624.225,-59.274,14.888,0.180
718.6797,-29.000,348.274,639.681,-71.028,3.134,0.180
718.7783,-27.000,364.884,624.566,-55.166,13.797,0.180
718.8756,-25.000,373.563,618.356,-47.721,16.041,0.180
718.9737,-23.000,380.886,614.334,-42.048,16.514,0.180
719.0716,-21.000,388.187,611.036,-36.749,16.613,0.180
719.1706,-19.000,395.612,608.216,-31.627,16.634,0.180
719.2786,-16.000,411.258,595.283,-17.337,23.207,0.180
719.3757,-13.000,422.427,588.220,-8.221,24.591,0.180
719.4728,-10.000,433.112,582.826,-0.182,24.882,0.180
719.5729,-7.000,444.085,578.150,7.643,24.944,0.180
719.6696,-4.000,455.453,573.934,15.435,24.957,0.180
719.7778,-0.000,475.164,559.702,32.406,31.528,0.180
719.8775,3.000,480.723,560.000,35.037,26.343,0.180
719.9764,7.000,496.426,543.877,50.950,31.820,0.180
720.0750,10.000,499.284,541.861,53.387,26.404,0.180
720.1743,13.000,505.469,534.591,60.114,25.264,0.180
720.2712,16.000,511.752,525.587,67.758,25.024,0.180
720.3775,18.000,510.170,526.656,66.432,18.405,0.180
720.4735,21.000,520.526,511.063,79.407,23.580,0.180
720.5723,24.000,526.290,499.048,88.297,24.669,0.180
720.6717,26.000,523.395,498.430,87.158,18.330,0.180
720.7684,29.000,532.535,481.503,100.191,23.564,0.180
720.8777,32.000,537.228,468.392,109.093,24.666,0.180
720.9747,34.000,533.414,466.851,107.957,18.330,0.180
721.0745,37.000,541.772,449.141,120.991,23.564,0.180
721.1729,39.000,538.431,446.332,120.725,18.098,0.180
721.2704,41.000,539.267,439.070,124.774,16.947,0.180
721.3786,43.000,540.893,430.780,129.732,16.705,0.180
721.4774,44.000,535.242,433.168,125.712,10.085,0.180
721.5755,46.000,542.130,419.306,136.087,15.260,0.180
721.6726,47.000,537.487,420.421,133.208,9.781,0.180
721.7689,48.000,537.134,417.175,134.655,8.628,0.180
721.8686,48.000,530.293,423.957,127.844,1.816,0.180
721.9769,49.000,536.203,414.398,135.578,6.951,0.180
722.0750,49.000,530.664,419.834,130.091,1.463,0.180
722.1750,49.000,529.465,420.946,128.935,0.308,0.180
722.2731,49.000,529.185,421.152,128.692,0.065,0.180
722.3694,49.000,529.102,421.171,128.641,0.014,0.180
722.4772,49.000,529.064,421.155,128.630,0.003,0.180
722.5755,49.000,529.039,421.135,128.628,0.001,0.180
722.6722,48.000,518.651,429.085,119.459,-6.568,0.180
722.7686,48.000,524.300,424.363,124.644,-1.383,0.180
722.8786,48.000,525.786,423.665,125.736,-0.291,0.180
722.9784,47.000,515.982,431.738,116.797,-6.630,0.180
723.0775,47.000,521.981,427.269,122.031,-1.396,0.180
723.1776,47.000,523.733,426.817,123.133,-0.294,0.180
723.2773,46.000,514.149,435.106,114.197,-6.630,0.180
723.3741,45.000,509.965,438.790,110.263,-7.964,0.180
723.4706,44.000,507.171,441.758,107.382,-8.245,0.180
723.5691,43.000,504.886,444.791,104.723,-8.304,0.180
723.6773,42.000,502.891,448.021,102.111,-8.317,0.180
723.7769,41.000,501.114,451.449,99.508,-8.319,0.180
723.8766,40.000,499.515,455.051,96.907,-8.320,0.180
723.9742,38.000,487.698,466.771,85.139,-14.888,0.180
724.0743,36.000,481.673,473.913,78.556,-16.271,0.180
724.1721,35.000,487.625,472.510,82.233,-9.994,0.180
724.2694,33.000,478.212,483.991,71.786,-15.241,0.180
724.3775,31.000,473.386,491.774,65.482,-16.345,0.180
724.4769,30.000,480.179,491.095,69.218,-10.010,0.180
724.5754,29.000,481.811,495.259,67.952,-8.676,0.180
724.6734,28.000,482.255,500.342,65.632,-8.395,0.180
724.7703,26.000,471.995,513.500,53.923,-14.904,0.180
724.8671,26.000,487.993,505.965,65.689,-3.138,0.180
724.9762,26.000,494.067,507.085,68.167,-0.661,0.180
725.0740,25.000,487.277,517.589,59.520,-6.707,0.180
725.1699,24.000,485.283,523.341,55.647,-7.981,0.180
725.2780,23.000,484.312,528.106,52.779,-8.249,0.180
725.3773,22.000,483.568,532.675,50.122,-8.305,0.180
725.4750,21.000,482.882,537.212,47.510,-8.317,0.180
725.5734,19.000,471.946,549.621,35.838,-14.888,0.180
725.6697,16.000,456.304,565.316,20.170,-22.840,0.180
725.7779,13.000,447.820,575.644,10.763,-24.514,0.180
725.8684,11.000,451.777,577.455,11.836,-18.298,0.180
725.9681,7.000,430.236,600.298,-10.355,-30.126,0.180
726.0762,1.000,398.368,630.874,-41.577,-45.753,0.180
726.1719,-3.000,399.650,633.293,-42.146,-35.906,0.180
726.2801,-6.000,402.633,634.656,-41.336,-27.264,0.180
726.3769,-8.000,408.527,634.257,-38.190,-18.877,0.180
726.4739,-9.000,417.749,632.104,-32.502,-10.542,0.180
726.5739,-7.000,446.477,607.586,-5.879,10.917,0.180
726.6712,-6.000,450.584,610.656,-5.360,8.867,0.180
726.7682,-5.000,456.077,611.865,-3.218,8.435,0.180
726.8671,-5.000,453.740,622.898,-9.903,1.776,0.180
726.9773,-5.000,456.008,628.022,-11.331,0.374,0.180
727.0765,-7.000,436.881,646.232,-30.000,-13.058,0.180
727.1751,-7.000,449.764,638.569,-19.727,-2.749,0.180
727.2715,-8.000,443.143,646.028,-26.767,-7.147,0.180
727.3704,-9.000,439.626,649.656,-30.339,-8.073,0.180
727.4671,-9.000,447.501,644.877,-24.013,-1.700,0.180
727.5759,-10.000,439.137,652.271,-31.891,-6.926,0.180
727.6753,-11.000,434.668,655.317,-35.649,-8.027,0.180
727.7768,-12.000,430.869,657.306,-38.543,-8.258,0.180
727.8728,-13.000,427.083,658.953,-41.259,-8.307,0.180
727.9718,-13.000,434.165,653.053,-34.769,-1.749,0.180
728.0714,-14.000,425.006,659.616,-42.629,-6.937,0.180
728.1725,-14.000,430.807,654.610,-37.226,-1.460,0.180
728.2704,-14.000,432.225,653.867,-36.146,-0.307,0.180
728.3696,-14.000,432.681,653.984,-35.976,-0.065,0.180
728.4691,-14.000,432.903,654.250,-35.998,-0.014,0.180
728.5672,-14.000,433.049,654.519,-36.060,-0.003,0.180
728.6703,-15.000,422.181,662.139,-45.304,-6.569,0.180
728.7681,-15.000,427.408,657.151,-40.196,-1.383,0.180
728.8663,-16.000,417.550,663.613,-48.356,-6.860,0.180
728.9657,-16.000,422.939,658.337,-43.023,-1.444,0.180
729.0736,-17.000,413.070,664.702,-51.140,-6.872,0.180
729.1707,-18.000,407.445,666.749,-54.976,-8.015,0.180
729.2683,-19.000,402.685,667.868,-57.916,-8.256,0.180
729.3661,-20.000,398.186,668.670,-60.566,-8.306,0.180
729.4668,-21.000,393.705,669.411,-63.177,-8.317,0.180
729.5755,-21.000,400.181,662.755,-56.611,-1.751,0.180
729.6732,-23.000,379.550,676.033,-73.565,-13.505,0.180
729.7728,-24.000,379.119,672.614,-72.072,-9.412,0.180
729.8734,-24.000,386.413,665.047,-64.641,-1.981,0.180
729.9713,-24.000,387.862,663.367,-63.077,-0.417,0.180
730.0728,-24.000,388.093,662.939,-62.748,-0.088,0.180
730.1728,-25.000,377.110,670.155,-71.847,-6.587,0.180
730.2703,-24.000,390.177,654.485,-57.478,5.182,0.180
730.3675,-24.000,386.481,658.970,-61.569,1.091,0.180
730.4657,-24.000,385.954,660.166,-62.430,0.230,0.180
730.5745,-24.000,386.058,660.632,-62.612,0.048,0.180
730.6749,-23.000,394.230,650.544,-53.481,6.579,0.180
730.7767,-23.000,389.722,656.423,-58.675,1.385,0.180
730.8736,-23.000,389.212,658.099,-59.768,0.292,0.180
730.9713,-22.000,397.445,648.457,-50.830,6.630,0.180
731.0696,-22.000,393.112,654.592,-56.064,1.396,0.180
731.1687,-22.000,392.776,656.460,-57.166,0.294,0.180
731.2690,-22.000,393.195,657.343,-57.398,0.062,0.180
731.3650,-22.000,393.700,657.945,-57.447,0.013,0.180
731.4738,-21.000,402.128,648.057,-48.289,6.571,0.180
731.5717,-21.000,397.820,654.125,-53.477,1.383,0.180
731.6705,-21.000,397.476,655.965,-54.569,0.291,0.180
731.7671,-21.000,397.882,656.830,-54.799,0.061,0.180
731.8653,-21.000,398.374,657.419,-54.847,0.013,0.180
731.9727,-21.000,398.823,657.889,-54.857,0.003,0.180
732.0715,-21.000,399.211,658.281,-54.859,0.001,0.180
732.1698,-20.000,407.511,648.245,-45.691,6.569,0.180
732.2668,-20.000,403.087,654.193,-50.877,1.383,0.180
732.3648,-20.000,402.643,655.932,-51.969,0.291,0.180
732.4740,-19.000,410.834,646.443,-43.129,6.630,0.180
732.5709,-19.000,406.449,652.724,-48.462,1.396,0.180
732.6688,-19.000,406.054,654.730,-49.663,0.294,0.180
732.7671,-19.000,406.408,655.746,-49.993,0.062,0.180
732.8737,-18.000,414.816,646.102,-40.967,6.581,0.180
732.9731,-17.000,418.475,641.993,-37.083,7.954,0.180
733.0638,-16.000,421.390,639.296,-34.277,8.243,0.180
733.1722,-16.000,416.391,647.479,-40.868,1.735,0.180
733.2706,-16.000,416.292,650.286,-42.321,0.365,0.180
733.3687,-15.000,425.044,641.434,-33.519,6.645,0.180
733.4670,-14.000,429.151,637.843,-29.670,7.967,0.180
733.5659,-14.000,424.507,645.925,-36.033,1.677,0.180
733.6650,-13.000,432.545,638.409,-28.256,6.922,0.180
733.7640,-13.000,428.736,645.664,-33.788,1.457,0.180
733.8720,-13.000,428.981,648.345,-35.006,0.307,0.180
733.9700,-13.000,429.916,649.899,-35.316,0.065,0.180
734.0674,-13.000,430.855,651.076,-35.435,0.014,0.180
734.1635,-14.000,420.702,659.426,-44.687,-6.566,0.180
734.2729,-14.000,426.546,655.050,-39.576,-1.382,0.180
734.3710,-14.000,428.189,654.656,-38.558,-0.291,0.180
734.4681,-15.000,417.903,662.403,-47.574,-6.630,0.180
734.5660,-15.000,423.479,657.668,-42.419,-1.396,0.180
734.6641,-15.000,424.861,657.001,-41.395,-0.294,0.180
734.7713,-15.000,425.319,657.152,-41.241,-0.062,0.180
734.8687,-15.000,425.548,657.439,-41.270,-0.013,0.180
734.9681,-16.000,414.727,665.100,-50.511,-6.571,0.180
735.0658,-16.000,419.988,660.152,-45.407,-1.383,0.180
735.1660,-17.000,410.157,666.650,-53.571,-6.860,0.180
735.2645,-17.000,415.567,661.406,-48.244,-1.444,0.180
735.3639,-19.000,394.742,675.173,-65.540,-13.441,0.180
735.4716,-20.000,394.385,671.930,-64.097,-9.398,0.180
735.5683,-22.000,379.838,679.217,-75.014,-15.115,0.180
735.6662,-24.000,369.749,681.936,-81.418,-16.319,0.180
735.7638,-21.000,406.405,637.814,-41.029,16.270,0.180
735.8712,-21.000,394.888,651.986,-53.874,3.425,0.180
735.9692,-22.000,382.343,663.187,-65.746,-5.847,0.180
736.0675,-21.000,395.857,649.131,-51.961,5.337,0.180
736.1675,-21.000,392.913,654.614,-56.175,1.124,0.180
736.2678,-21.000,393.105,656.581,-57.062,0.237,0.180
736.3677,-26.000,338.994,694.527,-103.091,-32.792,0.180
736.4668,-26.000,365.512,669.268,-77.202,-6.904,0.180
736.5637,-26.000,371.497,664.353,-71.752,-1.453,0.180
736.6715,-26.000,373.100,663.660,-70.605,-0.306,0.180
736.7703,-26.000,373.728,663.806,-70.363,-0.064,0.180
736.8675,-28.000,352.171,678.820,-88.649,-13.150,0.180
736.9655,-26.000,378.709,647.921,-59.930,10.368,0.180
737.0637,-26.000,371.670,657.253,-68.116,2.183,0.180
737.1726,-28.000,348.984,674.688,-88.176,-12.677,0.180
737.2705,-27.000,367.729,655.079,-68.999,3.900,0.180
737.3685,-28.000,354.816,666.659,-81.246,-5.747,0.180
737.4669,-28.000,360.286,663.055,-76.709,-1.210,0.180
737.5667,-28.000,362.035,662.893,-75.754,-0.255,0.180
737.6627,-28.000,362.910,663.366,-75.552,-0.054,0.180
737.7723,-28.000,363.525,663.897,-75.510,-0.011,0.180
737.8719,-28.000,364.021,664.375,-75.501,-0.002,0.180
737.9688,-25.000,388.342,633.682,-47.994,19.705,0.180
738.0668,-21.000,406.452,609.556,-26.877,30.422,0.180
738.1651,-14.000,441.584,564.511,13.212,52.384,0.180
738.2634,26.000,738.777,210.941,338.593,273.765,0.180
738.3713,35.000,595.877,335.271,204.979,116.751,0.180
738.4682,39.000,538.787,389.176,149.481,50.853,0.180
738.5653,41.000,518.024,412.033,127.671,23.843,0.180
738.6621,43.000,517.827,412.808,127.185,18.156,0.180
738.7694,45.000,521.476,408.452,131.188,16.959,0.180
738.8687,46.000,518.155,413.571,126.967,10.139,0.180
738.9659,48.000,527.151,401.903,137.300,15.271,0.180
739.0635,48.000,516.960,415.824,125.243,3.215,0.180
739.1713,50.000,530.743,398.010,141.042,13.814,0.180
739.2703,10.000,130.766,753.213,-236.548,-259.829,0.180
739.3687,-28.000,-31.536,877.456,-379.820,-304.301,0.180
739.4666,-30.000,200.864,666.055,-157.920,-77.200,0.180
739.5647,-34.000,229.863,646.506,-133.646,-42.526,0.180
739.6627,-36.000,251.516,637.686,-118.409,-22.090,0.180
739.7617,-38.000,255.472,643.437,-119.307,-17.787,0.180
739.8691,-40.000,254.703,651.257,-123.601,-16.882,0.180
739.9666,-40.000,274.027,643.926,-110.274,-3.554,0.180
740.0637,-41.000,270.962,653.586,-116.636,-7.317,0.180
740.1614,-40.000,289.009,641.744,-101.692,5.028,0.180
740.2634,-40.000,289.177,649.850,-105.661,1.059,0.180
740.3700,-38.000,307.795,633.466,-88.160,13.360,0.180
740.4681,-36.000,317.134,627.225,-80.370,15.949,0.180
740.5651,-33.000,332.764,613.029,-65.457,23.063,0.180
740.6630,-30.000,343.571,605.240,-56.159,24.561,0.180
740.7613,-19.000,417.518,516.459,25.205,77.423,0.180
740.8687,21.000,700.352,188.067,330.818,279.036,0.180
740.9651,61.000,827.434,22.260,477.263,321.481,0.180
741.0629,92.000,841.396,-24.618,507.683,271.301,0.180
741.1706,96.000,653.770,142.779,330.171,83.390,0.180
741.2689,99.000,607.444,173.110,291.843,37.261,0.180
750.8590,100.000,1043.590,-954.543,1000.000,1782.857,0.180
750.9673,100.000,689.926,-576.675,635.338,375.338,0.180
751.0571,96.000,367.282,-230.832,302.345,52.745,0.180
751.1670,94.000,317.103,-158.308,242.367,-2.033,0.180
751.2647,92.000,309.702,-129.287,225.635,-13.565,0.180
751.3640,90.000,311.007,-109.590,218.007,-15.993,0.180
751.4619,88.000,313.891,-91.996,212.296,-16.504,0.180
751.5596,88.000,335.228,-93.300,225.326,-3.474,0.180
751.6578,86.000,327.698,-66.116,209.732,-13.868,0.180
751.7668,86.000,346.502,-65.589,220.680,-2.920,0.180
751.8649,85.000,347.318,-47.347,213.817,-7.183,0.180
751.9627,85.000,360.518,-41.721,219.488,-1.512,0.180
752.0587,85.000,369.114,-31.689,220.682,-0.318,0.180
752.1661,84.000,367.490,-11.606,211.765,-6.635,0.180
752.2634,84.000,379.930,-5.729,217.003,-1.397,0.180
752.3638,82.000,369.819,22.577,199.769,-13.431,0.180
752.4617,81.000,378.311,32.178,201.204,-9.396,0.180
752.5583,80.000,383.560,44.933,199.453,-8.547,0.180
752.6566,79.000,388.090,58.332,197.032,-8.368,0.180
752.7655,78.000,392.439,71.850,194.470,-8.330,0.180
752.8635,76.000,387.555,94.547,182.709,-14.891,0.180
752.9605,75.000,398.771,104.662,185.297,-9.703,0.180
753.0570,73.000,396.607,127.935,174.620,-15.180,0.180
753.1647,72.000,410.533,140.325,177.436,-9.764,0.180
753.2626,71.000,420.893,157.707,175.976,-8.624,0.180
753.3606,69.000,420.589,184.569,164.448,-14.952,0.180
753.4596,68.000,436.641,199.464,167.084,-9.716,0.180
753.5570,65.000,428.186,234.799,147.249,-21.751,0.180
753.6591,64.000,451.239,245.969,155.252,-11.148,0.180
753.7563,62.000,455.671,273.602,145.716,-15.484,0.180
753.8670,60.000,464.107,298.395,139.603,-16.397,0.180
753.9650,58.000,473.757,322.963,134.211,-16.589,0.180
754.0650,55.000,473.611,355.771,119.802,-23.198,0.180
754.1644,53.000,489.887,376.231,119.779,-18.021,0.180
754.2627,51.000,486.703,384.785,115.669,-16.931,0.180
754.3592,49.000,483.120,394.132,110.699,-16.701,0.180
754.4665,46.000,469.379,411.573,96.379,-23.221,0.180
754.5650,43.000,461.599,424.298,87.206,-24.594,0.180
754.6609,40.000,455.593,436.306,79.117,-24.883,0.180
754.7598,36.000,440.035,456.367,62.088,-31.512,0.180
754.8566,34.000,451.427,456.003,68.629,-19.771,0.180
754.9647,29.000,422.316,488.486,38.396,-37.004,0.180
755.0617,26.000,428.879,492.590,40.104,-27.496,0.180
755.1586,23.000,428.107,504.229,34.306,-25.494,0.180
755.2578,20.000,425.901,517.473,26.928,-25.072,0.180
755.3559,17.000,423.574,530.981,19.305,-24.984,0.180
755.4550,15.000,431.641,536.618,20.770,-18.397,0.180
755.5628,12.000,423.734,554.974,7.851,-23.578,0.180
755.6608,9.000,420.050,569.339,-0.993,-24.669,0.180
755.7598,6.000,417.337,582.931,-8.992,-24.899,0.180
755.8587,3.000,414.897,596.418,-16.825,-24.947,0.180
755.9547,-0.000,412.571,609.934,-24.635,-24.957,0.180
756.0629,-3.000,408.515,621.702,-32.453,-24.959,0.180
756.1621,-5.000,413.954,624.618,-31.111,-18.391,0.180
756.2615,-8.000,402.010,638.864,-44.138,-23.577,0.180
756.3585,-10.000,404.055,640.576,-43.913,-18.100,0.180
756.4586,-12.000,400.892,645.731,-48.023,-16.947,0.180
756.5578,-14.000,396.068,651.050,-53.053,-16.705,0.180
756.6575,-16.000,390.410,655.927,-58.285,-16.654,0.180
756.7554,-18.000,384.165,660.309,-63.568,-16.643,0.180
756.8637,-20.000,377.550,664.140,-68.765,-16.641,0.180
756.9596,-21.000,381.514,660.210,-64.797,-10.072,0.180
757.0561,-22.000,379.993,661.160,-66.014,-8.689,0.180
757.1643,-23.000,377.125,662.942,-68.322,-8.398,0.180
757.2624,-23.000,384.780,657.365,-61.693,-1.768,0.180
757.3588,-23.000,387.047,656.863,-60.297,-0.372,0.180
757.4558,-24.000,377.114,664.698,-69.172,-6.647,0.180
757.5546,-25.000,371.992,667.435,-73.093,-7.968,0.180
757.6616,-26.000,367.794,669.007,-75.971,-8.246,0.180
757.7584,-26.000,374.681,662.887,-69.461,-1.736,0.180
757.8563,-27.000,365.405,669.216,-77.259,-6.934,0.180
757.9641,-27.000,371.122,663.993,-71.785,-1.460,0.180
758.0622,-27.000,372.481,663.054,-70.632,-0.307,0.180
758.1601,-28.000,361.930,670.362,-79.558,-6.633,0.180
758.2561,-29.000,356.318,672.618,-83.490,-7.965,0.180
758.3542,-29.000,362.677,666.406,-77.202,-1.677,0.180
758.4619,-29.000,364.061,665.147,-75.878,-0.353,0.180
758.5592,-30.000,353.423,672.291,-84.768,-6.643,0.180
758.6582,-31.000,347.713,674.432,-88.692,-7.967,0.180
758.7581,-31.000,353.984,668.126,-82.402,-1.677,0.180
758.8543,-31.000,355.293,666.789,-81.078,-0.353,0.180
758.9616,-32.000,344.590,673.867,-89.968,-6.643,0.180
759.0576,-33.000,338.825,675.951,-93.892,-7.967,0.180
759.1559,-33.000,345.049,669.598,-87.602,-1.677,0.180
759.2539,-34.000,335.350,675.588,-95.446,-6.922,0.180
759.3613,-34.000,340.737,670.047,-89.982,-1.457,0.180
759.4590,-35.000,330.854,676.200,-98.000,-6.875,0.180
759.5587,-35.000,336.196,670.688,-92.572,-1.447,0.180
759.6566,-36.000,326.297,676.841,-100.598,-6.873,0.180
759.7534,-36.000,331.632,671.324,-95.172,-1.447,0.180
759.8635,-36.000,332.696,670.104,-94.029,-0.305,0.180
759.9616,-36.000,332.870,669.797,-93.789,-0.064,0.180
760.0605,-36.000,332.864,669.690,-93.738,-0.014,0.180
760.1577,-35.000,340.795,659.263,-84.559,6.566,0.180
760.2572,-35.000,336.051,664.886,-89.743,1.382,0.180
760.3562,-35.000,335.333,666.351,-90.834,0.291,0.180
760.4545,-35.000,335.421,666.898,-91.064,0.061,0.180
760.5535,-35.000,335.642,667.216,-91.112,0.013,0.180
760.6632,-35.000,335.861,667.456,-91.122,0.003,0.180
760.7613,-35.000,336.054,667.653,-91.124,0.001,0.180
760.8578,-35.000,336.219,667.819,-91.125,0.000,0.180
760.9572,-35.000,336.360,667.960,-91.125,0.000,0.180
761.0551,-35.000,336.480,668.080,-91.125,0.000,0.180
761.1636,-35.000,336.581,668.182,-91.125,0.000,0.180
761.2632,-34.000,344.636,657.900,-81.956,6.568,0.180
761.3606,-34.000,340.004,663.639,-87.142,1.383,0.180
761.4564,-34.000,339.383,665.201,-88.234,0.291,0.180
761.5552,-33.000,347.521,655.463,-79.295,6.630,0.180
761.6545,-33.000,343.107,661.517,-84.529,1.396,0.180
761.7535,-33.000,342.702,663.315,-85.631,0.294,0.180
761.8621,-32.000,372.884,656.069,-78.118,11.616,0.320
761.9596,-31.000,400.097,653.967,-72.982,13.953,0.320
762.0564,-31.000,411.676,671.506,-84.055,2.879,0.320
762.1541,-30.000,444.308,666.239,-71.985,12.150,0.320
762.2611,-30.000,456.030,685.552,-81.627,2.507,0.320
762.3594,-29.000,487.863,682.714,-69.262,12.073,0.320
762.4569,-28.000,511.991,688.845,-64.488,14.047,0.320
762.5602,-27.000,534.457,697.715,-61.280,14.454,0.320
762.6567,-27.000,543.243,723.339,-72.752,2.983,0.320
762.7569,-27.000,560.482,740.123,-75.119,0.615,0.320
762.8543,-26.000,592.321,739.818,-61.252,11.683,0.320
762.9531,-27.000,585.938,776.940,-84.879,-9.145,0.320
763.0618,-27.000,611.740,785.040,-77.621,-1.887,0.320
763.1587,-27.000,631.388,798.984,-76.124,-0.389,0.320
763.2558,-27.000,649.512,814.188,-75.815,-0.080,0.320
763.3526,-27.000,667.106,829.698,-75.751,-0.017,0.320
763.4623,-28.000,668.132,857.744,-90.093,-11.559,0.320
763.5626,-28.000,694.255,864.107,-80.920,-2.385,0.320
763.6591,-29.000,696.668,890.242,-93.382,-12.048,0.320
763.7565,-29.000,722.760,896.190,-83.820,-2.486,0.320
763.8543,-30.000,724.897,922.223,-96.203,-12.069,0.320
763.9522,-30.000,750.703,928.135,-86.625,-2.490,0.320
764.0611,-31.000,752.585,954.148,-99.004,-12.069,0.320
764.1603,-32.000,761.898,972.481,-103.780,-14.046,0.320
764.2573,-32.000,788.909,976.743,-92.633,-2.898,0.320
764.3542,-32.000,807.080,989.929,-90.332,-0.598,0.320
764.4553,-33.000,807.157,1017.440,-104.213,-11.679,0.320
764.5625,-33.000,832.178,1023.644,-94.944,-2.410,0.320
764.6617,-33.000,833.951,1021.355,-93.032,-0.497,0.320
764.7593,-34.000,817.952,1033.076,-106.993,-11.658,0.320
764.8574,-34.000,826.971,1023.420,-97.740,-2.406,0.320
764.9584,-35.000,812.407,1033.603,-110.186,-12.052,0.320
765.0553,-35.000,821.672,1023.615,-100.621,-2.487,0.320
765.1530,-35.000,823.391,1021.281,-98.648,-0.513,0.320
765.2597,-35.000,823.581,1020.567,-98.240,-0.106,0.320
765.3568,-36.000,807.205,1032.659,-112.512,-11.577,0.320
765.4540,-36.000,816.105,1023.117,-103.323,-2.389,0.320
765.5607,-36.000,817.756,1020.921,-101.427,-0.493,0.320
765.6569,-35.000,831.214,1004.839,-86.681,11.454,0.320
765.7551,-35.000,822.528,1014.294,-95.771,2.363,0.320
765.8521,-35.000,820.996,1016.481,-97.647,0.488,0.320
765.9611,-35.000,820.902,1017.131,-98.034,0.101,0.320
766.0581,-36.000,804.795,1029.871,-112.469,-11.535,0.320
766.1570,-36.000,814.029,1020.775,-103.315,-2.380,0.320
766.2559,-36.000,815.985,1018.936,-101.426,-0.491,0.320
766.3532,-36.000,816.432,1018.588,-101.036,-0.101,0.320
766.4511,-37.000,800.286,1030.979,-115.311,-11.576,0.320
766.5602,-37.000,809.383,1021.690,-106.123,-2.389,0.320
766.6589,-38.000,794.926,1032.144,-118.583,-12.048,0.320
766.7556,-39.000,788.015,1034.812,-123.376,-14.042,0.320
766.8517,-39.000,798.860,1023.361,-112.232,-2.898,0.320
766.9507,-40.000,784.629,1033.237,-124.288,-12.153,0.320
767.0598,-41.000,777.650,1035.673,-128.998,-14.063,0.320
767.1569,-42.000,772.108,1036.515,-132.192,-14.458,0.320
767.2530,-42.000,783.086,1024.541,-120.718,-2.983,0.320
767.3508,-43.000,768.756,1034.184,-132.706,-12.171,0.320
767.4608,-43.000,777.926,1024.032,-123.046,-2.512,0.320
767.5603,-43.000,779.502,1021.619,-121.053,-0.518,0.320
767.6594,-42.000,792.835,1005.416,-106.286,11.449,0.320
767.7576,-42.000,784.029,1014.782,-115.372,2.362,0.320
767.8556,-42.000,782.393,1016.894,-117.247,0.487,0.320
767.9532,-42.000,782.209,1017.483,-117.634,0.101,0.320
768.0520,-41.000,795.577,1002.299,-103.358,11.576,0.320
768.1506,-42.000,770.843,1024.650,-126.901,-9.167,0.320
768.2591,-41.000,791.881,1002.425,-105.270,9.664,0.320
768.3571,-40.000,798.483,995.655,-98.585,13.550,0.320
768.4542,-40.000,789.158,1007.837,-109.338,2.796,0.320
768.5542,-39.000,801.429,995.835,-97.202,12.133,0.320
768.6522,-38.000,806.690,991.642,-92.475,14.059,0.320
768.7600,-37.000,810.761,989.318,-89.278,14.457,0.320
768.8581,-37.000,801.531,1003.035,-100.751,2.983,0.320
768.9570,-36.000,814.345,991.873,-88.763,12.171,0.320
769.0560,-35.000,820.164,988.300,-84.067,14.067,0.320
769.1536,-34.000,824.729,986.482,-80.876,14.458,0.320
769.2537,-34.000,815.923,1000.625,-92.351,2.983,0.320
769.3540,-33.000,829.098,989.825,-80.363,12.171,0.320
769.4535,-33.000,821.948,1001.994,-90.023,2.512,0.320
769.5521,-32.000,835.364,990.685,-77.661,12.074,0.320
769.6504,-31.000,841.452,987.227,-72.887,14.047,0.320
769.7581,-30.000,846.197,985.558,-69.680,14.454,0.320
769.8579,-29.000,850.808,984.401,-66.796,14.538,0.320
769.9580,-28.000,855.514,983.472,-63.979,14.555,0.320
770.0579,-28.000,847.067,998.129,-75.531,3.004,0.320
770.1541,-26.000,873.873,972.281,-49.204,23.731,0.320
770.2562,-26.000,858.447,994.522,-68.038,4.897,0.320
770.3550,-25.000,870.732,985.869,-57.568,12.566,0.320
770.4522,-26.000,847.527,1011.321,-81.897,-8.963,0.320
770.5500,-26.000,857.096,1006.663,-74.784,-1.849,0.320
770.6498,-28.000,828.099,1032.154,-102.027,-23.493,0.320
770.7584,-29.000,831.979,1027.454,-97.738,-16.403,0.320
770.8536,-34.000,764.771,1077.765,-156.497,-61.163,0.320
770.9494,-36.000,781.080,1054.413,-136.666,-35.732,0.320
771.0573,-38.000,776.895,1050.932,-137.019,-30.484,0.320
771.1553,-40.000,768.279,1051.351,-141.536,-29.402,0.320
771.2524,-40.000,791.130,1027.533,-118.201,-6.067,0.320
771.3495,-40.000,795.535,1022.307,-113.386,-1.252,0.320
771.4573,-39.000,809.455,1005.529,-98.037,11.297,0.320
771.5546,-38.000,814.049,999.344,-92.648,13.887,0.320
771.6551,-34.000,856.954,949.448,-46.247,49.088,0.320
771.7535,-26.000,927.229,867.951,29.639,102.574,0.320
771.8569,14.000,1372.392,327.328,522.532,483.388,0.320
771.9562,22.000,1107.665,600.195,253.735,192.191,0.320
772.0545,27.000,1032.770,686.809,172.980,97.436,0.320
772.1515,32.000,1030.098,695.242,167.428,77.884,0.320
772.2507,35.000,1015.540,718.176,148.682,50.738,0.320
772.3594,37.000,1008.203,733.954,137.125,33.581,0.320
772.4582,40.000,1025.446,718.365,153.540,41.596,0.320
772.5581,41.000,1010.071,740.306,134.883,20.139,0.320
772.6573,41.000,998.379,760.580,118.900,4.156,0.320
772.7557,42.000,1011.163,751.249,129.957,12.413,0.320
772.8525,43.000,1016.715,747.793,134.461,14.117,0.320
772.9513,43.000,1007.902,761.388,123.257,2.913,0.320
773.0500,44.000,1020.058,749.456,135.301,12.157,0.320
773.1574,45.000,1024.440,744.424,140.008,14.064,0.320
773.2538,45.000,1014.502,756.810,128.846,2.902,0.320
773.3518,46.000,1025.675,743.878,140.898,12.154,0.320
773.4496,47.000,1029.217,738.002,145.608,14.064,0.320
773.5576,47.000,1018.563,749.671,134.446,2.902,0.320
773.6547,47.000,1016.691,752.405,132.143,0.599,0.320
773.7537,48.000,1029.018,736.972,146.023,11.679,0.320
773.8527,48.000,1019.928,746.420,136.754,2.410,0.320
773.9527,48.000,1018.168,748.486,134.841,0.497,0.320
774.0500,47.000,1002.468,762.286,120.091,-11.453,0.320
774.1487,47.000,1012.250,753.889,129.181,-2.363,0.320
774.2561,47.000,1014.714,752.601,131.056,-0.488,0.320
774.3537,46.000,1000.166,765.990,117.088,-11.656,0.320
774.4509,45.000,994.988,771.022,111.983,-13.961,0.320
774.5486,44.000,992.071,774.656,108.708,-14.436,0.320
774.6567,44.000,1005.333,765.003,120.165,-2.979,0.320
774.7536,42.000,978.360,790.723,93.818,-23.726,0.320
774.8525,41.000,984.222,787.636,98.293,-16.451,0.320
774.9497,39.000,969.087,803.810,82.638,-26.506,0.320
775.0567,38.000,978.129,799.491,89.319,-17.025,0.320
775.1537,36.000,964.277,816.038,74.120,-26.624,0.320
775.2503,34.000,958.682,825.604,66.539,-28.605,0.320
775.3500,33.000,970.636,820.864,74.886,-17.458,0.320
775.4474,30.000,942.751,851.402,45.675,-38.269,0.320
775.5562,28.000,947.880,853.208,47.336,-31.008,0.320
775.6535,26.000,947.566,861.097,43.234,-29.510,0.320
775.7535,23.000,930.898,883.722,23.588,-40.756,0.320
775.8523,21.000,939.406,884.960,27.223,-31.521,0.320
775.9508,19.000,940.799,893.529,23.635,-29.615,0.320
776.0476,18.000,956.203,890.434,32.885,-17.667,0.320
776.1567,16.000,946.174,909.605,18.284,-26.757,0.320
776.2526,15.000,958.943,908.447,25.248,-17.077,0.320
776.3495,14.000,963.573,914.526,24.524,-15.079,0.320
776.4486,13.000,966.230,921.812,22.209,-14.667,0.320
776.5478,12.000,968.228,929.106,19.561,-14.582,0.320
776.6554,11.000,969.876,936.195,16.840,-14.565,0.320
776.7552,9.000,955.828,956.350,-0.261,-26.116,0.320
776.8516,8.000,966.760,954.449,6.155,-16.945,0.320
776.9508,7.000,970.150,959.576,5.287,-15.052,0.320
777.0496,6.000,971.814,965.991,2.911,-14.662,0.320
777.1471,6.000,988.417,959.255,14.581,-3.025,0.320
777.2560,5.000,979.604,974.295,2.655,-12.180,0.320
777.3534,3.000,962.563,995.309,-16.373,-25.624,0.320
777.4500,2.000,972.164,992.925,-10.381,-16.843,0.320
777.5492,1.000,974.668,997.395,-11.363,-15.031,0.320
777.6466,-1.000,959.345,1015.646,-28.150,-26.213,0.320
777.7545,-2.000,968.107,1011.534,-21.713,-16.965,0.320
777.8520,-4.000,952.473,1026.439,-36.983,-26.612,0.320
777.9497,-5.000,959.980,1020.473,-30.246,-17.047,0.320
778.0476,-7.000,943.074,1034.009,-45.467,-26.629,0.320
778.1557,-8.000,949.456,1026.923,-38.734,-17.050,0.320
778.2537,-9.000,947.862,1027.077,-39.607,-15.074,0.320
778.3517,-10.000,944.382,1028.494,-42.056,-14.666,0.320
778.4504,-12.000,924.027,1042.415,-59.194,-26.137,0.320
778.5494,-13.000,928.688,1034.445,-52.879,-16.949,0.320
778.6483,-14.000,925.880,1033.602,-53.861,-15.053,0.320
778.7469,-14.000,937.696,1021.681,-41.993,-3.106,0.320
778.8550,-15.000,923.757,1031.691,-53.967,-12.197,0.320
778.9516,-16.000,916.902,1034.367,-58.732,-14.072,0.320
779.0485,-16.000,927.705,1023.011,-47.653,-2.904,0.320
779.1495,-17.000,913.404,1033.003,-59.800,-12.155,0.320
779.2474,-17.000,922.624,1023.120,-50.248,-2.508,0.320
779.3559,-18.000,907.956,1033.384,-62.714,-12.073,0.320
779.4544,-18.000,917.065,1023.531,-53.233,-2.491,0.320
779.5521,-18.000,918.626,1021.339,-51.356,-0.514,0.320
779.6533,-18.000,918.665,1020.763,-51.049,-0.106,0.320
779.7527,-18.000,918.420,1020.552,-51.066,-0.022,0.320
779.8516,-17.000,931.424,1005.000,-36.788,11.551,0.320
779.9494,-17.000,922.578,1014.680,-46.051,2.384,0.320
780.0464,-17.000,920.946,1017.021,-48.038,0.492,0.320
780.1545,-16.000,934.043,1002.367,-34.162,11.657,0.320
780.2525,-16.000,925.540,1012.546,-43.503,2.405,0.320
780.3520,-16.000,924.253,1015.257,-45.502,0.496,0.320
780.4485,-16.000,924.375,1016.346,-45.986,0.102,0.320
780.5458,-16.000,924.719,1017.032,-46.156,0.021,0.320
780.6564,-16.000,925.050,1017.576,-46.263,0.004,0.320
780.7453,-16.000,925.329,1018.041,-46.356,0.001,0.320
780.8534,-16.000,925.555,1018.447,-46.446,0.000,0.320
780.9513,-16.000,925.734,1018.806,-46.536,0.000,0.320
781.0491,-15.000,939.154,1003.683,-32.264,11.556,0.320
781.1463,-15.000,930.675,1013.714,-41.520,2.384,0.320
781.2454,-14.000,942.639,1000.909,-29.135,12.048,0.320
781.3539,-13.000,947.423,996.251,-24.414,14.042,0.320
781.4533,-13.000,937.760,1009.021,-35.631,2.897,0.320
781.5504,-13.000,936.708,1012.713,-38.003,0.598,0.320
781.6472,-13.000,937.283,1014.383,-38.550,0.123,0.320
781.7543,-12.000,951.347,1000.067,-24.360,11.581,0.320
781.8527,-12.000,943.481,1010.718,-33.618,2.390,0.320
781.9513,-11.000,955.983,998.425,-21.221,12.049,0.320
782.0485,-11.000,947.947,1009.637,-30.845,2.486,0.320
782.1465,-10.000,960.543,997.581,-18.519,12.069,0.320
782.2455,-10.000,952.639,1008.944,-28.153,2.490,0.320
782.3542,-8.000,978.639,981.565,-1.463,23.625,0.320
782.4523,-8.000,962.258,1002.773,-20.258,4.875,0.320
782.5503,-7.000,973.676,993.297,-9.810,12.562,0.320
782.6494,-7.000,965.994,1005.632,-19.819,2.592,0.320
782.7463,-6.000,979.155,994.264,-7.554,12.090,0.320
782.8546,-5.000,985.070,990.715,-2.822,14.050,0.320
782.9544,-5.000,976.396,1004.399,-14.002,2.899,0.320
783.0525,-4.000,989.477,993.416,-1.969,12.154,0.320
783.1504,-3.000,995.482,990.035,2.723,14.063,0.320
783.2474,-2.000,1000.200,988.387,5.906,14.458,0.320
783.3453,-1.000,988.137,979.155,4.491,5.416,0.180
783.4539,-0.000,975.104,970.388,2.358,2.833,0.180
783.5524,-0.000,963.405,962.736,0.334,0.810,0.180
783.6489,1.000,952.870,949.884,1.493,1.517,0.180
783.7453,1.000,941.437,940.617,0.410,0.433,0.180
783.8475,1.000,930.422,930.219,0.101,0.124,0.180
783.9454,1.000,919.323,919.296,0.014,0.035,0.180
784.0447,2.000,908.207,904.755,1.726,1.296,0.180
784.1526,2.000,895.968,894.364,0.802,0.370,0.180
784.2500,2.000,884.179,883.099,0.540,0.106,0.180
784.3475,2.000,872.397,871.465,0.466,0.030,0.180
784.4546,3.000,860.692,856.327,2.183,1.294,0.180
784.5532,3.000,847.952,845.430,1.261,0.370,0.180
784.6512,3.000,835.735,833.736,0.999,0.106,0.180
784.7502,4.000,823.767,818.441,2.663,1.316,0.180
784.8478,4.000,810.834,807.380,1.727,0.376,0.180
784.9479,3.000,795.285,795.834,-0.275,-1.178,0.180
785.0448,3.000,784.204,783.065,0.570,-0.337,0.180
785.1450,3.000,772.401,770.775,0.813,-0.096,0.180
785.2542,3.000,760.323,758.555,0.884,-0.027,0.180
785.3503,3.000,748.109,746.296,0.907,-0.008,0.180
785.4478,2.000,732.630,734.273,-0.822,-1.288,0.180
785.5448,-0.000,715.100,721.846,-3.373,-2.939,0.180
785.6538,-1.000,702.262,708.282,-3.010,-2.126,0.180
785.7527,-1.000,692.148,695.134,-1.493,-0.607,0.180
785.8525,-3.000,674.192,683.258,-4.533,-2.745,0.180
785.9493,-4.000,661.264,669.888,-4.312,-2.070,0.180
786.0462,-4.000,651.153,656.827,-2.837,-0.591,0.180
786.1456,-7.000,629.924,645.180,-7.628,-4.026,0.180
786.2435,-6.000,621.708,627.751,-3.022,0.135,0.180
786.3510,-9.000,600.407,617.075,-8.334,-3.818,0.180
786.4492,-9.000,592.126,603.355,-5.614,-1.091,0.180
786.5490,-6.000,582.527,581.794,0.367,3.545,0.180
786.6479,-1.000,570.819,557.795,6.512,7.442,0.180
786.7458,-1.000,555.918,553.527,1.196,2.126,0.180
786.8456,3.000,557.900,544.655,6.622,5.750,0.180
786.9537,5.000,557.221,545.239,5.991,4.214,0.180
787.0506,7.000,557.528,544.611,6.458,3.776,0.180
787.1507,10.000,557.252,541.252,8.000,4.936,0.180
787.2484,13.000,555.528,539.528,8.000,5.267,0.180
787.3446,15.000,555.443,539.443,8.000,4.076,0.180
787.4518,17.000,555.250,539.250,8.000,3.736,0.180
787.5496,19.000,554.966,538.966,8.000,3.639,0.180
787.6458,21.000,554.605,538.605,8.000,3.611,0.180
787.7424,23.000,554.178,538.178,8.000,3.603,0.180
787.8518,23.000,556.815,540.815,8.000,1.029,0.180
787.9500,25.000,555.937,539.937,8.000,2.866,0.180
788.0463,26.000,556.630,540.630,8.000,2.104,0.180
788.1439,27.000,557.159,541.159,8.000,1.887,0.180
788.2528,28.000,557.549,541.549,8.000,1.825,0.180
788.3490,29.000,557.820,541.820,8.000,1.807,0.180
788.4465,30.000,557.991,541.991,8.000,1.802,0.180
788.5444,31.000,558.076,542.076,8.000,1.801,0.180
788.6530,32.000,558.088,542.088,8.000,1.800,0.180
788.7486,33.000,558.039,542.039,8.000,1.800,0.180
788.8475,34.000,557.937,541.937,8.000,1.800,0.180
788.9438,34.000,559.350,543.350,8.000,0.514,0.180
789.0422,35.000,558.991,542.991,8.000,1.433,0.180
789.1510,36.000,558.626,542.626,8.000,1.695,0.180
789.2481,36.000,559.816,543.816,8.000,0.484,0.180
789.3498,37.000,559.267,543.267,8.000,1.424,0.180
789.4484,37.000,560.301,544.301,8.000,0.407,0.180
789.5467,38.000,559.620,543.620,8.000,1.402,0.180
789.6448,39.000,558.980,542.980,8.000,1.686,0.180
789.7470,39.000,559.937,543.937,8.000,0.482,0.180
789.8436,40.000,559.190,543.190,8.000,1.423,0.180
789.9424,40.000,560.055,544.055,8.000,0.407,0.180
790.0513,41.000,559.231,543.231,8.000,1.402,0.180
790.1514,41.000,560.030,544.030,8.000,0.401,0.180
790.2508,42.000,559.149,543.149,8.000,1.400,0.180
790.3480,42.000,559.901,543.901,8.000,0.400,0.180
790.4485,43.000,558.979,542.979,8.000,1.400,0.180
790.5468,44.000,558.136,542.136,8.000,1.686,0.180
790.6433,44.000,558.919,542.919,8.000,0.482,0.180
790.7522,44.000,559.585,543.585,8.000,0.138,0.180
790.8507,44.000,560.151,544.151,8.000,0.039,0.180
790.9484,45.000,559.072,543.072,8.000,1.297,0.180
791.0491,46.000,558.095,542.095,8.000,1.656,0.180
791.1481,46.000,558.765,542.765,8.000,0.473,0.180
791.2470,46.000,559.334,543.334,8.000,0.135,0.180
791.3440,47.000,558.257,542.257,8.000,1.324,0.180
791.4428,47.000,558.843,542.843,8.000,0.378,0.180
791.5499,48.000,557.780,541.780,8.000,1.394,0.180
791.6505,48.000,558.377,542.377,8.000,0.398,0.180
791.7483,49.000,557.324,541.324,8.000,1.399,0.180
791.8461,48.000,556.489,540.489,8.000,-0.886,0.180
791.9443,48.000,557.279,541.279,8.000,-0.253,0.180
792.0427,48.000,557.951,541.951,8.000,-0.072,0.180
792.1516,49.000,556.962,540.962,8.000,1.265,0.180
792.2420,49.000,557.622,541.622,8.000,0.361,0.180
792.3512,49.000,558.182,542.182,8.000,0.103,0.180
792.4500,49.000,558.659,542.659,8.000,0.030,0.180
792.5507,49.000,559.064,543.064,8.000,0.008,0.180
792.6491,49.000,559.408,543.408,8.000,0.002,0.180
792.7463,49.000,559.700,543.700,8.000,0.001,0.180
792.8446,49.000,559.949,543.949,8.000,0.000,0.180
792.9453,49.000,560.160,544.160,8.000,0.000,0.180
793.0454,49.000,560.340,544.340,8.000,0.000,0.180
793.1432,49.000,560.493,544.493,8.000,0.000,0.180
793.2513,49.000,560.623,544.623,8.000,0.000,0.180
793.3480,48.000,559.293,543.293,8.000,-1.286,0.180
793.4458,47.000,558.223,542.223,8.000,-1.653,0.180
793.5441,46.000,557.373,541.373,8.000,-1.758,0.180
793.6412,46.000,558.151,542.151,8.000,-0.502,0.180
793.7497,45.000,557.372,541.372,8.000,-1.429,0.180
793.8463,44.000,556.770,540.770,8.000,-1.694,0.180
793.9453,44.000,557.758,541.758,8.000,-0.484,0.180
794.0452,43.000,557.158,541.158,8.000,-1.424,0.180
794.1441,42.000,556.708,540.708,8.000,-1.693,0.180
794.2417,42.000,557.826,541.826,8.000,-0.484,0.180
794.3498,42.000,558.776,542.776,8.000,-0.138,0.180
794.4482,41.000,558.143,542.143,8.000,-1.325,0.180
794.5457,41.000,559.105,543.105,8.000,-0.379,0.180
794.6466,40.000,558.483,542.483,8.000,-1.394,0.180
794.7446,39.000,558.015,542.015,8.000,-1.684,0.180
794.8421,39.000,559.116,543.116,8.000,-0.481,0.180
794.9498,39.000,560.052,544.052,8.000,-0.137,0.180
795.0488,38.000,559.408,543.408,8.000,-1.325,0.180
795.1453,38.000,560.361,544.361,8.000,-0.379,0.180
795.2427,38.000,561.170,545.170,8.000,-0.108,0.180
795.3413,37.000,560.419,544.419,8.000,-1.317,0.180
795.4400,37.000,561.280,545.280,8.000,-0.376,0.180
795.5473,36.000,560.571,544.571,8.000,-1.393,0.180
795.6450,36.000,561.469,545.469,8.000,-0.398,0.180
795.7434,36.000,562.233,546.233,8.000,-0.114,0.180
795.8412,36.000,562.882,546.882,8.000,-0.032,0.180
795.9414,36.000,563.433,547.433,8.000,-0.009,0.180
796.0394,36.000,563.902,547.902,8.000,-0.003,0.180
796.1465,35.000,562.860,546.860,8.000,-1.286,0.180
796.2436,35.000,563.475,547.475,8.000,-0.368,0.180
796.3412,35.000,563.997,547.997,8.000,-0.105,0.180
796.4488,34.000,563.002,547.002,8.000,-1.316,0.180
796.5456,32.000,560.775,544.775,8.000,-2.947,0.180
796.6447,30.000,559.003,543.003,8.000,-3.414,0.180
796.7436,27.000,555.093,541.259,6.917,-4.832,0.180
796.8413,26.000,556.833,540.833,8.000,-2.666,0.180
796.9417,24.000,555.078,540.946,7.066,-3.333,0.180
797.0407,22.000,553.410,541.458,5.976,-3.524,0.180
797.1397,20.000,552.084,542.041,5.021,-3.578,0.180
797.2475,18.000,550.989,542.745,4.122,-3.594,0.180
797.3452,17.000,553.229,543.292,4.968,-2.313,0.180
797.4449,17.000,557.581,544.310,6.636,-0.661,0.180
797.5436,16.000,557.173,546.401,5.386,-1.474,0.180
797.6407,16.000,560.457,547.549,6.454,-0.421,0.180
797.7388,15.000,559.479,549.414,5.033,-1.406,0.180
797.8485,15.000,562.373,550.273,6.050,-0.402,0.180
797.9466,15.000,564.269,551.567,6.351,-0.115,0.180
798.0452,14.000,562.544,553.125,4.710,-1.319,0.180
798.1426,14.000,564.927,553.599,5.664,-0.377,0.180
798.2416,13.000,563.246,554.828,4.209,-1.393,0.180
798.3431,13.000,565.561,555.129,5.216,-0.398,0.180
798.4444,13.000,566.969,555.945,5.512,-0.114,0.180
798.5411,13.000,568.008,556.797,5.605,-0.032,0.180
798.6395,13.000,568.846,557.566,5.640,-0.009,0.180
798.7483,13.000,569.547,558.230,5.658,-0.003,0.180
798.8437,12.000,566.964,559.094,3.935,-1.286,0.180
798.9406,11.000,565.487,559.230,3.128,-1.653,0.180
799.0391,11.000,567.608,558.969,4.319,-0.472,0.180
799.1464,10.000,565.569,559.709,2.930,-1.421,0.180
799.2434,9.000,564.364,559.930,2.217,-1.692,0.180
799.3420,8.000,563.485,560.092,1.697,-1.769,0.180
799.4395,8.000,565.952,560.016,2.968,-0.505,0.180
799.5487,8.000,567.336,560.664,3.336,-0.144,0.180
799.6484,8.000,568.310,561.418,3.446,-0.041,0.180
799.7454,8.000,569.081,562.115,3.483,-0.012,0.180
799.8445,8.000,569.721,562.724,3.499,-0.003,0.180
799.9433,8.000,570.261,563.244,3.508,-0.001,0.180
800.0413,8.000,570.719,563.687,3.516,-0.000,0.180
800.1404,7.000,567.933,564.360,1.787,-1.286,0.180
800.2383,7.000,569.460,564.037,2.712,-0.367,0.180
800.3464,8.000,570.417,560.983,4.717,1.181,0.180
800.4430,8.000,570.189,562.428,3.881,0.337,0.180
800.5420,8.000,570.473,563.179,3.647,0.096,0.180
800.6377,8.000,570.851,563.681,3.585,0.028,0.180
800.7473,8.000,571.213,564.067,3.573,0.008,0.180
821.7122,8.000,290.468,-260.785,275.626,253.217,0.320
821.7346,8.000,143.998,-86.459,115.229,92.799,0.320
821.8325,8.000,83.544,0.298,41.623,19.149,0.320
821.9323,8.000,81.821,28.880,26.470,3.951,0.320
822.0292,8.000,92.532,45.774,23.379,0.815,0.320
822.1372,8.000,106.048,60.495,22.777,0.168,0.320
822.2346,8.000,120.348,74.973,22.688,0.035,0.320
822.3335,8.000,134.983,89.573,22.705,0.007,0.320
822.4339,8.000,149.835,104.347,22.744,0.001,0.320
822.5323,8.000,164.856,119.281,22.788,0.000,0.320
822.6297,8.000,180.019,134.355,22.832,0.000,0.320
822.7398,8.000,195.302,149.548,22.877,0.000,0.320
822.8383,8.000,210.687,164.843,22.922,0.000,0.320
822.9373,8.000,226.157,180.224,22.967,0.000,0.320
823.0356,8.000,241.702,195.679,23.011,0.000,0.320
823.1328,8.000,257.308,211.196,23.056,0.000,0.320
823.2323,8.000,272.968,226.766,23.101,0.000,0.320
823.3317,8.000,288.673,242.381,23.146,0.000,0.320
823.4395,9.000,316.857,241.753,37.552,11.556,0.320
823.5378,8.000,307.894,279.754,14.070,-9.171,0.320
823.6371,8.000,331.446,288.659,21.393,-1.892,0.320
823.7351,8.000,349.174,303.294,22.940,-0.391,0.320
823.8329,8.000,365.671,319.081,23.295,-0.081,0.320
823.9301,8.000,381.887,335.080,23.404,-0.017,0.320
824.0390,8.000,398.024,351.100,23.462,-0.003,0.320
824.1378,8.000,414.126,367.107,23.509,-0.001,0.320
824.2345,8.000,430.205,383.095,23.555,-0.000,0.320
824.3315,8.000,446.265,399.066,23.599,-0.000,0.320
824.4387,7.000,446.870,428.303,9.283,-11.556,0.320
824.5356,7.000,472.650,435.663,18.493,-2.384,0.320
824.6313,7.000,491.053,450.203,20.425,-0.492,0.320
824.7293,7.000,507.872,466.162,20.855,-0.102,0.320
824.8284,7.000,524.309,482.360,20.975,-0.021,0.320
824.9362,7.000,540.622,498.561,21.030,-0.004,0.320
825.0350,7.000,556.870,514.724,21.073,-0.001,0.320
825.1326,7.000,573.072,530.847,21.113,-0.000,0.320
825.2288,7.000,589.237,546.933,21.152,-0.000,0.320
825.3372,6.000,589.929,576.268,6.830,-11.556,0.320
825.4352,6.000,615.783,583.713,16.035,-2.384,0.320
825.5331,6.000,634.248,598.326,17.961,-0.492,0.320
825.6305,6.000,651.118,614.347,18.385,-0.102,0.320
825.7285,5.000,652.157,643.880,4.138,-11.577,0.320
825.8353,5.000,678.253,651.545,13.354,-2.389,0.320
825.9326,4.000,681.471,679.638,0.917,-12.048,0.320
826.0326,4.000,708.251,687.248,10.501,-2.486,0.320
826.1295,4.000,727.249,702.255,12.497,-0.513,0.320
826.2299,4.000,744.518,718.665,12.926,-0.106,0.320
826.3281,3.000,745.885,748.541,-1.328,-11.577,0.320
826.4370,3.000,772.255,756.501,7.877,-2.389,0.320
826.5365,2.000,775.704,784.847,-4.571,-12.049,0.320
826.6344,1.000,787.237,805.955,-9.359,-14.042,0.320
826.7318,1.000,816.147,812.565,1.791,-2.898,0.320
826.8316,-0.000,820.494,841.024,-10.265,-12.153,0.320
826.9375,-2.000,815.407,874.091,-29.342,-25.619,0.320
827.0357,-2.000,853.007,871.048,-9.021,-5.286,0.320
827.1347,-3.000,857.985,896.379,-19.197,-12.646,0.320
827.2298,-4.000,868.492,915.569,-23.538,-14.165,0.320
827.3271,-5.000,879.939,933.299,-26.680,-14.479,0.320
827.4276,-5.000,907.690,938.124,-15.217,-2.988,0.320
827.5368,-6.000,909.983,964.453,-27.235,-12.172,0.320
827.6346,-7.000,919.381,983.320,-31.969,-14.067,0.320
827.7358,-7.000,946.406,988.095,-20.844,-2.903,0.320
827.8346,-7.000,964.573,1001.732,-18.579,-0.599,0.320
827.9313,-7.000,980.913,1017.200,-18.143,-0.124,0.320
828.0284,-7.000,980.963,1017.132,-18.084,-0.026,0.320
828.1369,-8.000,964.654,1029.583,-32.465,-11.561,0.320
828.2335,-7.000,986.927,1004.873,-8.973,9.170,0.320
828.3302,-8.000,963.793,1025.095,-30.651,-9.663,0.320
828.4285,-8.000,971.680,1017.733,-23.027,-1.994,0.320
828.5365,-8.000,973.440,1016.418,-21.489,-0.411,0.320
828.6321,-8.000,973.912,1016.326,-21.207,-0.085,0.320
828.7301,-8.000,974.095,1016.464,-21.184,-0.018,0.320
828.8275,-9.000,957.920,1029.073,-35.576,-11.559,0.320
828.9366,-9.000,967.028,1019.934,-26.453,-2.385,0.320
829.0335,-9.000,968.857,1018.078,-24.610,-0.492,0.320
829.1302,-9.000,969.186,1017.727,-24.270,-0.102,0.320
829.2294,-9.000,969.207,1017.687,-24.240,-0.021,0.320
829.3268,-9.000,969.165,1017.712,-24.274,-0.004,0.320
829.4353,-9.000,969.111,1017.752,-24.321,-0.001,0.320
829.5326,-9.000,969.056,1017.796,-24.370,-0.000,0.320
829.6270,-9.000,969.000,1017.841,-24.421,-0.000,0.320
829.7370,-9.000,968.946,1017.888,-24.471,-0.000,0.320
829.8268,-9.000,968.892,1017.934,-24.521,-0.000,0.320
829.9357,-9.000,968.838,1017.982,-24.572,-0.000,0.320
830.0345,-8.000,982.066,1002.588,-10.261,11.556,0.320
830.1309,-8.000,973.430,1012.384,-19.477,2.384,0.320
830.2273,-8.000,971.986,1014.814,-21.414,0.492,0.320
830.3357,-7.000,985.251,1000.227,-7.488,11.657,0.320
830.4321,-6.000,990.179,995.015,-2.418,13.961,0.320
830.5302,-6.000,980.445,1007.508,-13.532,2.881,0.320
830.6284,-6.000,979.297,1011.000,-15.852,0.594,0.320
830.7264,-5.000,993.069,997.061,-1.996,11.678,0.320
830.8258,-6.000,968.921,1020.228,-25.653,-9.146,0.320
830.9337,-6.000,977.229,1014.086,-18.429,-1.887,0.320
831.0301,-6.000,979.613,1013.542,-16.964,-0.389,0.320
831.1276,-6.000,980.671,1014.048,-16.689,-0.080,0.320
831.2279,-6.000,981.366,1014.683,-16.659,-0.017,0.320
831.3253,-6.000,981.911,1015.269,-16.679,-0.003,0.320
831.4336,-6.000,982.360,1015.780,-16.710,-0.001,0.320
831.5325,-6.000,982.735,1016.222,-16.743,-0.000,0.320
831.6300,-5.000,996.330,1001.161,-2.415,11.556,0.320
831.7261,-5.000,988.008,1011.237,-11.614,2.384,0.320
831.8356,-4.000,1000.114,998.462,0.826,12.048,0.320
831.9319,-4.000,991.746,1009.261,-8.758,2.486,0.320
832.0300,-3.000,1004.065,996.849,3.608,12.069,0.320
832.1276,-2.000,1009.212,992.463,8.374,14.046,0.320
832.2254,-2.000,999.876,1005.445,-2.785,2.898,0.320
832.3346,-1.000,1012.396,993.865,9.265,12.154,0.320
832.4317,-0.000,1017.925,989.975,13.975,14.063,0.320
832.5286,-0.000,1008.960,1003.333,2.813,2.902,0.320
832.6255,1.000,1020.965,991.222,14.871,12.154,0.320
832.7345,1.000,1012.779,1002.317,5.231,2.508,0.320
832.8315,1.000,1012.031,1005.539,3.246,0.518,0.320
832.9302,2.000,1025.118,990.714,17.202,11.662,0.320
833.0304,2.000,1016.635,1000.720,7.957,2.407,0.320
833.1283,3.000,1027.824,986.985,20.420,12.052,0.320
833.2263,3.000,1018.694,996.952,10.871,2.487,0.320
833.3337,4.000,1029.534,982.983,23.275,12.069,0.320
833.4314,4.000,1020.148,992.709,13.719,2.490,0.320
833.5292,4.000,1018.338,994.808,11.765,0.514,0.320
833.6293,5.000,1030.517,979.035,25.741,11.662,0.320
833.7266,5.000,1021.262,988.235,16.514,2.406,0.320
833.8243,5.000,1019.357,990.093,14.632,0.497,0.320
833.9328,6.000,1031.412,974.158,28.627,11.658,0.320
834.0302,6.000,1022.045,983.228,19.408,2.406,0.320
834.1291,6.000,1020.042,984.977,17.533,0.496,0.320
834.2254,6.000,1019.574,985.230,17.172,0.102,0.320
834.3353,6.000,1019.435,985.186,17.125,0.021,0.320
834.4315,6.000,1019.374,985.091,17.141,0.004,0.320
834.5290,6.000,1019.338,984.995,17.172,0.001,0.320
834.6269,6.000,1019.315,984.906,17.204,0.000,0.320
834.7249,6.000,1019.301,984.825,17.238,0.000,0.320
834.8261,6.000,1019.294,984.751,17.272,0.000,0.320
834.9259,6.000,1019.293,984.683,17.305,0.000,0.320
835.0324,5.000,1003.856,997.901,2.978,-11.556,0.320
835.1304,5.000,1013.612,989.259,12.177,-2.384,0.320
835.2284,5.000,1016.006,987.812,14.097,-0.492,0.320
835.3261,5.000,980.863,993.129,13.469,-0.104,0.180
835.4338,5.000,949.557,994.309,13.577,-0.022,0.180
835.5233,5.000,920.822,992.661,13.620,-0.005,0.180
835.6327,5.000,894.314,988.570,13.650,-0.001,0.180
835.7305,6.000,877.081,971.418,22.850,6.568,0.180
835.8280,6.000,848.882,968.615,17.696,1.383,0.180
835.9266,7.000,833.531,949.240,25.809,6.860,0.180
836.0236,7.000,807.632,943.848,20.430,1.444,0.180
836.1318,7.000,787.010,933.098,19.327,0.304,0.180
836.2289,7.000,768.139,920.528,19.123,0.064,0.180
836.3258,8.000,757.555,896.011,28.283,6.582,0.180
836.4260,8.000,735.043,886.914,23.128,1.386,0.180
836.5253,9.000,724.534,862.181,31.249,6.860,0.180
836.6233,10.000,710.126,841.257,35.054,8.013,0.180
836.7333,11.000,695.170,820.808,37.954,8.255,0.180
836.8315,12.000,680.329,800.179,40.667,8.306,0.180
836.9319,13.000,665.710,779.274,43.345,8.317,0.180
837.0284,14.000,651.307,758.107,46.020,8.319,0.180
837.1268,15.000,637.092,736.713,48.699,8.320,0.180
837.2249,15.000,615.666,726.096,42.209,1.752,0.180
837.3345,16.000,606.964,699.188,50.077,6.937,0.180
837.4247,17.000,594.282,676.226,53.857,8.029,0.180
837.5234,18.000,580.837,653.999,56.781,8.259,0.180
837.6302,18.000,559.921,642.819,50.354,1.739,0.180
837.7271,18.000,544.250,626.435,49.075,0.366,0.180
837.8245,19.000,537.119,597.944,58.054,6.645,0.180
837.9328,19.000,517.702,585.307,52.906,1.399,0.180
838.0318,20.000,509.760,557.628,60.970,6.863,0.180
838.1294,20.000,505.766,561.402,55.552,1.445,0.180
838.2276,21.000,513.204,550.176,63.580,6.873,0.180
838.3254,22.000,516.146,543.415,67.322,8.015,0.180
838.4251,22.000,510.637,548.677,60.994,1.687,0.180
838.5338,23.000,517.369,538.135,68.831,6.924,0.180
838.6300,23.000,512.465,542.802,63.365,1.458,0.180
838.7261,23.000,511.791,543.272,62.214,0.307,0.180
838.8233,24.000,519.323,531.968,71.140,6.633,0.180
838.9324,24.000,514.402,536.684,65.903,1.396,0.180
839.0307,25.000,520.935,526.375,73.969,6.862,0.180
839.1283,25.000,515.715,531.386,68.552,1.445,0.180
839.2273,25.000,514.742,532.181,67.411,0.304,0.180
839.3257,24.000,504.277,540.096,58.003,-6.504,0.180
839.4231,24.000,510.013,535.191,63.138,-1.369,0.180
839.5310,23.000,501.237,542.274,55.050,-6.857,0.180
839.6279,23.000,507.564,537.507,60.464,-1.444,0.180
839.7258,22.000,499.113,544.886,52.435,-6.872,0.180
839.8229,22.000,505.679,540.407,57.860,-1.447,0.180
839.9309,21.000,497.422,548.038,49.834,-6.873,0.180
840.0288,20.000,493.784,551.745,46.092,-8.015,0.180
840.1264,19.000,491.431,554.756,43.350,-8.256,0.180
840.2243,18.000,489.504,557.842,40.793,-8.306,0.180
840.3318,16.000,477.444,569.088,29.097,-14.886,0.180
840.4273,15.000,481.596,567.844,31.758,-9.702,0.180
840.5245,14.000,481.727,570.785,30.322,-8.611,0.180
840.6228,11.000,460.308,590.614,9.673,-21.518,0.180
840.7320,10.000,470.827,585.344,17.544,-11.099,0.180
840.8300,8.000,462.644,596.189,8.011,-15.473,0.180
840.9269,6.000,458.301,603.994,1.921,-16.394,0.180
841.0244,4.000,455.014,611.425,-3.452,-16.588,0.180
841.1240,2.000,452.156,619.005,-8.682,-16.629,0.180
841.2229,-0.000,449.564,626.810,-13.891,-16.638,0.180
841.3227,-2.000,445.976,633.629,-19.103,-16.640,0.180
841.4331,-3.000,452.509,632.243,-15.151,-10.071,0.180
841.5310,-5.000,442.191,642.736,-25.563,-15.257,0.180
841.6275,-7.000,435.342,648.533,-31.891,-16.349,0.180
841.7240,-9.000,428.823,652.959,-37.367,-16.579,0.180
841.8230,-10.000,433.005,649.397,-33.499,-10.059,0.180
841.9302,-11.000,431.687,650.642,-34.784,-8.686,0.180
842.0255,-12.000,428.985,652.682,-37.157,-8.397,0.180
842.1223,-14.000,414.826,662.078,-48.938,-14.905,0.180
842.2211,-15.000,416.524,658.732,-46.417,-9.706,0.180
842.3299,-16.000,413.937,659.319,-48.006,-8.612,0.180
842.4265,-17.000,410.330,660.625,-50.464,-8.381,0.180
842.5235,-19.000,395.434,669.365,-62.283,-14.901,0.180
842.6314,-20.000,396.615,665.352,-59.687,-9.706,0.180
842.7294,-21.000,393.606,665.353,-61.193,-8.612,0.180
842.8283,-21.000,400.627,658.775,-54.394,-1.813,0.180
842.9257,-23.000,380.311,672.269,-71.300,-13.519,0.180
843.0240,-23.000,391.084,661.696,-60.627,-2.846,0.180
843.1216,-24.000,382.448,666.902,-67.549,-7.168,0.180
843.2291,-24.000,388.150,661.286,-61.890,-1.509,0.180
843.3270,-25.000,378.409,667.499,-69.867,-6.886,0.180
843.4258,-25.000,383.846,662.063,-64.431,-1.450,0.180
843.5249,-26.000,374.023,668.287,-72.455,-6.874,0.180
843.6224,-26.000,379.420,662.831,-67.028,-1.447,0.180
843.7214,-26.000,380.538,661.663,-65.886,-0.305,0.180
843.8307,-27.000,369.789,668.769,-74.814,-6.633,0.180
843.9309,-27.000,374.977,663.485,-69.578,-1.396,0.180
844.0297,-27.000,376.039,662.342,-68.475,-0.294,0.180
844.1279,-28.000,365.268,669.443,-77.412,-6.630,0.180
844.2258,-28.000,370.443,664.149,-72.177,-1.396,0.180
844.3231,-28.000,371.494,662.996,-71.075,-0.294,0.180
844.4224,-28.000,371.683,662.721,-70.843,-0.062,0.180
844.5213,-28.000,371.695,662.636,-70.794,-0.013,0.180
844.6296,-28.000,371.675,662.594,-70.784,-0.003,0.180
844.7260,-28.000,371.650,662.566,-70.782,-0.001,0.180
844.8240,-28.000,371.628,662.543,-70.782,-0.000,0.180
844.9249,-27.000,379.578,652.155,-61.613,6.568,0.180
845.0216,-27.000,374.856,657.804,-66.799,1.383,0.180
845.1307,-27.000,374.159,659.290,-67.890,0.291,0.180
845.2290,-26.000,382.232,649.487,-58.952,6.630,0.180
845.3297,-26.000,377.763,655.486,-64.186,1.396,0.180
845.4287,-25.000,385.280,646.869,-56.119,6.862,0.180
845.5295,-25.000,380.895,653.319,-61.537,1.445,0.180
845.6266,-24.000,388.600,644.969,-53.509,6.873,0.180
845.7244,-24.000,384.401,651.621,-58.935,1.447,0.180
845.8217,-23.000,392.269,643.437,-50.908,6.873,0.180
845.9207,-22.000,396.177,639.860,-47.166,8.015,0.180
846.0298,-22.000,391.490,647.829,-53.494,1.687,0.180
846.1292,-21.000,399.521,640.188,-45.658,6.924,0.180
846.2295,-21.000,395.721,647.319,-51.124,1.458,0.180
846.3266,-20.000,403.954,639.517,-43.106,6.875,0.180
846.4238,-19.000,408.079,636.359,-39.464,8.016,0.180
846.5216,-19.000,403.563,644.697,-45.891,1.688,0.180
846.6291,-18.000,411.730,637.379,-38.149,6.924,0.180
846.7266,-18.000,408.031,644.799,-43.709,1.458,0.180
846.8237,-17.000,416.341,637.251,-35.779,6.875,0.180
846.9218,-17.000,412.650,644.592,-41.296,1.447,0.180
847.0197,-17.000,412.969,647.374,-42.527,0.305,0.180
847.1293,-16.000,421.932,638.647,-33.682,6.633,0.180
847.2265,-16.000,418.213,645.567,-39.001,1.396,0.180
847.3235,-15.000,426.361,637.739,-31.013,6.862,0.180
847.4216,-15.000,422.502,644.871,-36.509,1.445,0.180
847.5218,-15.000,422.674,647.480,-37.728,0.304,0.180
847.6208,-14.000,431.512,638.607,-28.872,6.632,0.180
847.7305,-13.000,435.661,635.027,-25.007,7.965,0.180
847.8273,-12.000,439.021,632.751,-22.189,8.245,0.180
847.9248,-11.000,442.384,630.910,-19.588,8.304,0.180
848.0220,-10.000,445.891,629.296,-17.027,8.317,0.180
848.1192,-9.000,449.552,627.845,-14.471,8.319,0.180
848.2286,-8.000,453.349,626.525,-11.912,8.320,0.180
848.3266,-7.000,457.266,625.315,-9.349,8.320,0.180
848.4250,-6.000,461.285,624.196,-6.780,8.320,0.180
848.5239,-5.000,465.392,623.155,-4.206,8.320,0.180
848.6228,-4.000,469.574,622.178,-1.627,8.320,0.180
848.7215,-3.000,473.821,621.256,0.958,8.320,0.180
848.8206,-3.000,470.150,630.753,-5.626,1.752,0.180
848.9286,-3.000,471.227,634.628,-7.025,0.369,0.180
849.0289,-3.000,473.025,637.039,-7.331,0.078,0.180
849.1266,-3.000,474.737,638.905,-7.408,0.016,0.180
849.2217,-3.000,476.229,640.454,-7.437,0.003,0.180
849.3200,-3.000,477.503,641.765,-7.455,0.001,0.180
849.4286,-3.000,478.586,642.880,-7.471,0.000,0.180
849.5188,-3.000,479.504,643.829,-7.487,0.000,0.180
849.6277,-3.000,480.282,644.638,-7.503,0.000,0.180
849.7260,-3.000,480.941,645.329,-7.518,0.000,0.180
849.8248,-3.000,481.499,645.918,-7.534,0.000,0.180
849.9223,-3.000,481.971,646.421,-7.549,0.000,0.180
850.0214,-3.000,482.370,646.851,-7.565,0.000,0.180
850.1214,-3.000,482.706,647.219,-7.581,0.000,0.180
850.2185,-3.000,482.990,647.534,-7.596,0.000,0.180
850.3255,-3.000,483.229,647.804,-7.612,0.000,0.180
850.4245,-3.000,483.430,648.036,-7.627,0.000,0.180
850.5224,-3.000,483.598,648.235,-7.643,0.000,0.180
850.6195,-3.000,483.739,648.407,-7.659,0.000,0.180
850.7275,-3.000,483.856,648.555,-7.674,0.000,0.180
850.8253,-2.000,491.927,638.310,1.484,6.568,0.180
850.9245,-2.000,487.307,644.082,-3.712,1.383,0.180
851.0235,-2.000,486.694,645.674,-4.814,0.291,0.180
851.1205,-2.000,486.870,646.330,-5.054,0.061,0.180
851.2275,-2.000,487.165,646.743,-5.113,0.013,0.180
851.3272,-2.000,487.445,647.064,-5.134,0.003,0.180
851.4243,-2.000,487.688,647.332,-5.146,0.001,0.180
851.5216,-3.000,476.921,654.934,-14.331,-6.568,0.180
851.6191,-3.000,482.245,649.919,-9.161,-1.383,0.180
851.7279,-3.000,483.453,648.974,-8.085,-0.291,0.180
851.8234,-4.000,472.805,656.245,-17.044,-6.630,0.180
851.9214,-4.000,478.083,651.097,-11.831,-1.396,0.180
852.0176,-4.000,479.220,650.071,-10.750,-0.294,0.180
852.1246,-5.000,468.504,657.280,-19.712,-6.630,0.180
852.2227,-5.000,473.723,652.082,-14.504,-1.396,0.180
852.3228,-5.000,474.807,651.014,-13.428,-0.294,0.180
852.4202,-5.000,475.020,650.815,-13.222,-0.062,0.180
852.5194,-5.000,475.049,650.799,-13.199,-0.013,0.180
852.6172,-5.000,475.039,650.819,-13.215,-0.003,0.180
852.7264,-6.000,464.045,658.221,-22.412,-6.569,0.180
852.8228,-6.000,469.174,653.040,-17.258,-1.383,0.180
852.9197,-7.000,459.239,659.331,-25.371,-6.860,0.180
853.0187,-7.000,464.569,653.903,-19.992,-1.444,0.180
853.1264,-7.000,465.631,652.758,-18.888,-0.304,0.180
853.2235,-7.000,465.799,652.519,-18.684,-0.064,0.180
853.3220,-8.000,454.809,659.848,-27.844,-6.582,0.180
853.4190,-8.000,459.909,654.638,-22.689,-1.386,0.180
853.5259,-9.000,449.940,660.912,-30.810,-6.860,0.180
853.6244,-9.000,455.239,655.473,-25.441,-1.444,0.180
853.7219,-9.000,456.273,654.320,-24.348,-0.304,0.180
853.8225,-9.000,456.415,654.076,-24.155,-0.064,0.180
853.9213,-9.000,456.376,654.029,-24.151,-0.013,0.180
854.0202,-9.000,456.303,654.028,-24.187,-0.003,0.180
854.1182,-9.000,456.228,654.042,-24.232,-0.001,0.180
854.2174,-8.000,464.128,643.688,-15.104,6.568,0.180
854.3257,-8.000,459.359,649.373,-20.331,1.383,0.180
854.4245,-8.000,458.614,650.895,-21.465,0.291,0.180
854.5210,-7.000,466.647,641.123,-12.562,6.630,0.180
854.6179,-7.000,462.138,647.155,-17.833,1.396,0.180
854.7246,-7.000,461.646,648.940,-18.971,0.294,0.180
854.8213,-6.000,469.901,639.384,-10.066,6.630,0.180
854.9192,-6.000,465.583,645.597,-15.332,1.396,0.180
855.0162,-6.000,465.255,647.536,-16.465,0.294,0.180
855.1263,-6.000,465.676,648.483,-16.728,0.062,0.180
855.2242,-6.000,466.178,649.145,-16.808,0.013,0.180
855.3223,-6.000,466.631,649.681,-16.849,0.003,0.180
855.4201,-6.000,467.018,650.135,-16.883,0.001,0.180
855.5176,-6.000,467.344,650.524,-16.914,0.000,0.180
855.6256,-6.000,467.616,650.859,-16.946,0.000,0.180
855.7252,-6.000,467.843,651.148,-16.977,0.000,0.180
855.8225,-6.000,468.031,651.399,-17.008,0.000,0.180
855.9203,-5.000,476.160,641.243,-7.866,6.568,0.180
856.0175,-5.000,471.587,647.093,-13.077,1.383,0.180
856.1177,-5.000,471.012,648.753,-14.195,0.291,0.180
856.2178,-5.000,471.218,649.470,-14.451,0.061,0.180
856.3172,-4.000,479.509,639.563,-5.352,6.581,0.180
856.4251,-4.000,475.106,645.593,-10.568,1.386,0.180
856.5233,-3.000,482.656,637.026,-2.509,6.860,0.180
856.6208,-3.000,478.292,643.525,-7.941,1.444,0.180
856.7200,-3.000,478.044,645.588,-9.097,0.304,0.180
856.8179,-2.000,486.533,636.241,-0.179,6.632,0.180
856.9161,-2.000,482.422,642.624,-5.425,1.396,0.180
857.0247,-2.000,482.275,644.702,-6.538,0.294,0.180
857.1233,-1.000,490.826,635.391,2.393,6.630,0.180
857.2214,-1.000,486.764,641.808,-2.846,1.396,0.180
857.3197,-0.000,494.632,633.542,5.220,6.862,0.180
857.4157,-0.000,490.545,640.291,-0.197,1.445,0.180
857.5256,1.000,497.909,631.589,7.836,6.873,0.180
857.6226,1.000,493.420,637.941,2.415,1.447,0.180
857.7189,1.000,493.074,639.869,1.278,0.305,0.180
857.8187,2.000,500.886,629.804,10.216,6.633,0.180
857.9147,2.000,496.202,635.572,4.991,1.396,0.180
858.0243,3.000,502.944,626.151,13.072,6.862,0.180
858.1228,3.000,497.904,631.915,7.670,1.445,0.180
858.2223,4.000,504.460,622.373,15.719,6.873,0.180
858.3181,4.000,499.286,628.009,10.314,1.447,0.180
858.4165,4.000,498.361,629.328,9.192,0.305,0.180
858.5173,4.000,498.309,629.714,8.973,0.064,0.180
858.6166,4.000,498.421,629.886,8.943,0.014,0.180
858.7145,5.000,505.925,619.023,18.127,6.571,0.180
858.8150,4.000,490.462,632.231,3.791,-5.185,0.180
858.9215,4.000,495.118,628.659,7.905,-1.092,0.180
859.0177,4.000,496.461,628.237,8.788,-0.230,0.180
859.1165,4.000,497.055,628.426,8.990,-0.048,0.180
859.2240,4.000,497.447,628.699,9.049,-0.010,0.180
859.3212,4.000,497.758,628.953,9.078,-0.002,0.180
859.4189,4.000,498.021,629.171,9.101,-0.000,0.180
859.5171,4.000,498.247,629.354,9.122,-0.000,0.180
859.6242,5.000,505.815,618.534,18.316,6.568,0.180
859.7208,5.000,500.773,623.811,13.157,1.383,0.180
859.8214,5.000,499.807,624.976,12.091,0.291,0.180
859.9196,5.000,499.688,625.265,11.887,0.061,0.180
860.0190,6.000,507.112,614.386,21.038,6.581,0.180
860.1169,6.000,501.979,619.582,15.874,1.386,0.180
860.2140,7.000,508.316,609.698,23.985,6.860,0.180
860.3241,7.000,502.929,615.070,18.605,1.444,0.180
860.4141,8.000,509.193,605.194,26.675,6.872,0.180
860.5233,8.000,503.774,610.543,21.291,1.447,0.180
860.6230,7.000,492.269,619.587,11.017,-6.264,0.180
860.7240,6.000,487.332,623.034,6.825,-7.887,0.180
860.8210,6.000,494.456,617.642,13.083,-1.660,0.180
860.9188,5.000,486.161,625.010,5.251,-6.918,0.180
861.0171,4.000,482.381,628.602,1.565,-8.025,0.180
861.1156,4.000,490.157,623.666,7.921,-1.689,0.180
861.2141,3.000,482.345,631.492,0.102,-6.924,0.180
861.3226,2.000,478.959,635.489,-3.590,-8.026,0.180
861.4196,2.000,487.066,630.903,2.757,-1.690,0.180
861.5185,2.000,489.907,631.054,4.102,-0.356,0.180
861.6149,1.000,481.096,640.008,-4.781,-6.643,0.180
861.7237,1.000,487.907,636.319,0.469,-1.399,0.180
861.8242,1.000,490.343,636.537,1.579,-0.294,0.180
861.9205,1.000,491.708,637.427,1.816,-0.062,0.180
862.0177,-0.000,482.347,646.305,-7.303,-6.581,0.180
862.1143,1.000,496.212,631.430,7.066,5.183,0.180
862.2242,1.000,493.196,636.587,2.980,1.091,0.180
862.3223,1.000,493.250,638.354,2.124,0.230,0.180
862.4205,1.000,493.847,639.303,1.947,0.048,0.180
862.5220,1.000,494.471,639.994,1.914,0.010,0.180
862.6182,1.000,495.027,640.555,1.912,0.002,0.180
862.7151,1.000,495.506,641.027,1.915,0.000,0.180
862.8235,2.000,503.288,630.452,11.094,6.569,0.180
862.9214,2.000,498.426,635.941,5.918,1.383,0.180
863.0201,2.000,497.611,637.288,4.837,0.291,0.180
863.1179,2.000,497.618,637.734,4.618,0.061,0.180
863.2169,2.000,497.772,637.964,4.580,0.013,0.180
863.3146,2.000,497.936,638.128,4.580,0.003,0.180
863.4126,2.000,498.083,638.258,4.588,0.001,0.180
863.5197,2.000,498.211,638.367,4.598,0.000,0.180
863.6189,2.000,498.322,638.457,4.608,0.000,0.180
863.7188,2.000,498.418,638.532,4.619,0.000,0.180
863.8174,1.000,488.127,646.567,-4.545,-6.568,0.180
863.9156,1.000,493.859,641.918,0.646,-1.383,0.180
864.0222,-0.000,485.043,649.255,-7.431,-6.860,0.180
864.1193,-0.000,491.330,644.711,-2.015,-1.444,0.180
864.2172,-1.000,482.237,651.685,-10.049,-6.872,0.180
864.3203,-1.000,488.257,646.865,-4.628,-1.447,0.180
864.4188,-2.000,478.930,653.611,-12.665,-6.873,0.180
864.5155,-3.000,473.775,655.972,-16.423,-8.015,0.180
864.6136,-3.000,480.400,649.972,-10.110,-1.687,0.180
864.7220,-3.000,481.983,648.922,-8.794,-0.355,0.180
864.8210,-4.000,471.500,656.256,-17.703,-6.643,0.180
864.9197,-4.000,476.886,651.194,-12.479,-1.399,0.180
865.0184,-5.000,467.133,657.622,-20.569,-6.863,0.180
865.1166,-6.000,461.639,659.691,-24.351,-8.013,0.180
865.2125,-6.000,467.978,653.440,-18.056,-1.687,0.180
865.3207,-7.000,458.342,659.550,-25.929,-6.924,0.180
865.4203,-8.000,452.800,661.496,-29.673,-8.026,0.180
865.5173,-9.000,448.093,662.547,-32.551,-8.258,0.180
865.6136,-9.000,454.511,656.020,-26.079,-1.739,0.180
865.7219,-10.000,444.817,662.022,-33.927,-6.934,0.180
865.8198,-10.000,450.171,656.530,-28.504,-1.460,0.180
865.9165,-10.000,451.212,655.370,-27.404,-0.307,0.180
866.0124,-10.000,451.353,655.130,-27.213,-0.065,0.180
866.1197,-10.000,451.310,655.088,-27.214,-0.014,0.180
866.2196,-11.000,440.259,662.467,-36.429,-6.571,0.180
866.3167,-11.000,445.329,657.276,-31.298,-1.383,0.180
866.4165,-11.000,446.312,656.189,-30.263,-0.291,0.180
866.5175,-12.000,435.467,663.346,-39.264,-6.630,0.180
866.6162,-13.000,429.598,665.481,-43.266,-7.964,0.180
866.7125,-13.000,435.731,659.174,-37.046,-1.677,0.180
866.8210,-13.000,436.913,657.844,-35.790,-0.353,0.180
866.9113,-13.000,437.061,657.570,-35.579,-0.074,0.180
867.0206,-13.000,436.998,657.525,-35.588,-0.016,0.180
867.1186,-13.000,436.898,657.535,-35.643,-0.003,0.180
867.2172,-12.000,444.767,647.187,-26.534,6.568,0.180
867.3141,-11.000,447.941,642.508,-22.608,7.951,0.180
867.4118,-10.000,450.440,639.329,-19.769,8.242,0.180
867.5206,-10.000,445.092,647.099,-26.328,1.735,0.180
867.6157,-9.000,452.673,639.177,-18.576,6.934,0.180
867.7137,-8.000,456.481,635.679,-14.924,8.028,0.180
867.8114,-8.000,451.733,643.691,-21.303,1.690,0.180
867.9199,-7.000,459.718,636.080,-13.506,6.924,0.180
868.0196,-7.000,455.874,643.242,-19.008,1.458,0.180
868.1190,-7.000,456.097,645.839,-20.196,0.307,0.180
868.2165,-7.000,457.016,647.316,-20.474,0.065,0.180
868.3137,-7.000,457.948,648.422,-20.562,0.014,0.180
868.4133,-7.000,458.767,649.336,-20.609,0.003,0.180
868.5112,-7.000,459.464,650.110,-20.648,0.001,0.180
868.6182,-7.000,460.053,650.773,-20.684,0.000,0.180
868.7153,-6.000,468.522,640.968,-11.547,6.568,0.180
868.8123,-6.000,464.237,647.116,-16.764,1.383,0.180
868.9214,-6.000,463.906,649.032,-17.887,0.291,0.180
869.0194,-4.000,480.266,629.219,0.199,13.198,0.180
869.1174,-3.000,479.332,630.818,-1.068,9.347,0.180
869.2150,-3.000,473.719,639.995,-8.462,1.968,0.180
869.3134,-2.000,481.639,632.706,-0.858,6.983,0.180
869.4225,-0.000,493.831,619.250,11.966,14.607,0.180
869.5184,-0.000,484.762,633.244,0.435,3.075,0.180
869.6163,1.000,491.801,626.791,7.180,7.216,0.180
869.7142,1.000,487.859,634.232,1.489,1.519,0.180
869.8120,2.000,495.525,625.940,9.468,6.888,0.180
869.9115,2.000,491.332,632.601,4.041,1.450,0.180
870.0197,1.000,480.872,642.758,-6.267,-6.263,0.180
870.1196,1.000,487.194,639.180,-1.318,-1.319,0.180
870.2195,1.000,489.405,639.299,-0.271,-0.278,0.180
870.3171,-0.000,480.247,648.039,-9.221,-6.627,0.180
870.4146,-0.000,486.801,644.130,-3.989,-1.395,0.180
870.5135,-0.000,489.026,644.152,-2.887,-0.294,0.180
870.6135,-0.000,490.214,644.876,-2.656,-0.062,0.180
870.7116,1.000,498.448,634.666,6.567,6.555,0.180
870.8209,1.000,493.938,640.496,1.397,1.380,0.180
870.9196,1.000,493.415,642.141,0.312,0.291,0.180
871.0174,2.000,501.041,631.869,9.262,6.630,0.180
871.1147,3.000,503.567,626.494,13.212,7.964,0.180
871.2120,3.000,497.584,633.055,6.940,1.677,0.180
871.3101,4.000,503.896,623.636,14.806,6.921,0.180
871.4196,4.000,498.631,629.258,9.362,1.457,0.180
871.5184,4.000,497.654,630.540,8.233,0.307,0.180
871.6183,5.000,504.935,619.917,17.185,6.633,0.180
871.7163,5.000,499.804,625.207,11.974,1.396,0.180
871.8133,5.000,498.796,626.351,10.898,0.294,0.180
871.9120,5.000,498.647,626.615,10.692,0.062,0.180
872.0094,5.000,498.674,626.687,10.669,0.013,0.180
872.1180,6.000,506.105,615.739,19.858,6.571,0.180
872.2145,6.000,500.954,620.901,14.702,1.383,0.180
872.3121,6.000,499.897,621.967,13.641,0.291,0.180
872.4094,6.000,499.702,622.170,13.442,0.061,0.180
872.5168,7.000,507.062,611.217,22.598,6.581,0.180
872.6139,7.000,501.876,616.349,17.439,1.386,0.180
872.7113,8.000,508.169,606.410,25.555,6.860,0.180
872.8105,8.000,502.745,611.734,20.181,1.444,0.180
872.9089,8.000,501.604,612.791,19.082,0.304,0.180
873.0193,9.000,508.743,601.980,28.057,6.632,0.180
873.1185,9.000,503.494,607.108,22.868,1.396,0.180
873.2159,8.000,492.013,616.086,12.639,-6.274,0.180
873.3141,8.000,497.444,611.527,17.634,-1.321,0.180
873.4129,8.000,498.900,610.814,18.719,-0.278,0.180
873.5099,8.000,499.476,610.868,18.980,-0.059,0.180
873.6173,7.000,489.458,619.022,9.894,-6.581,0.180
873.7148,7.000,495.398,614.498,15.126,-1.385,0.180
873.8144,6.000,486.756,621.943,7.082,-6.860,0.180
873.9124,5.000,482.821,625.461,3.356,-8.013,0.180
874.0093,5.000,490.495,620.431,9.707,-1.687,0.180
874.1164,4.000,482.603,628.172,1.891,-6.924,0.180
874.2153,3.000,479.152,632.094,-1.795,-8.026,0.180
874.3147,2.000,476.831,635.416,-4.617,-8.258,0.180
874.4134,2.000,485.286,630.811,1.913,-1.739,0.180
874.5115,2.000,488.305,631.065,3.296,-0.366,0.180
874.6094,1.000,479.622,640.130,-5.578,-6.645,0.180
874.7192,1.000,486.536,636.541,-0.327,-1.399,0.180
874.8172,1.000,489.059,636.844,0.783,-0.295,0.180
874.9150,2.000,497.871,626.834,10.194,6.506,0.180
875.0119,2.000,493.736,632.951,5.068,1.370,0.180
875.1083,2.000,493.507,634.864,3.997,0.288,0.180
875.2183,2.000,494.006,635.797,3.780,0.061,0.180
875.3162,2.000,494.577,636.443,3.742,0.013,0.180
875.4143,1.000,484.721,644.934,-5.431,-6.566,0.180
875.5125,-0.000,480.455,648.639,-9.416,-7.951,0.180
875.6124,-1.000,477.020,650.997,-12.313,-8.242,0.180
875.7091,-2.000,473.591,652.911,-14.985,-8.304,0.180
875.8173,-4.000,459.045,661.969,-26.787,-14.885,0.180
875.9146,-5.000,460.469,658.280,-24.230,-9.702,0.180
876.0157,-7.000,446.693,665.931,-34.944,-15.179,0.180
876.1133,-8.000,448.064,661.755,-32.170,-9.764,0.180
876.2112,-9.000,445.064,661.769,-33.677,-8.624,0.180
876.3076,-9.000,452.057,655.238,-26.915,-1.816,0.180
876.4176,-10.000,442.667,661.422,-34.702,-6.951,0.180
876.5164,-10.000,448.239,656.124,-29.267,-1.463,0.180
876.6138,-11.000,438.485,662.511,-37.337,-6.876,0.180
876.7138,-10.000,451.900,646.834,-22.792,5.121,0.180
876.8127,-10.000,448.344,651.468,-26.887,1.078,0.180
876.9111,-10.000,447.898,652.829,-27.790,0.227,0.180
877.0091,-10.000,448.056,653.449,-28.021,0.048,0.180
877.1092,-10.000,448.298,653.870,-28.111,0.010,0.180
877.2080,-10.000,448.519,654.211,-28.170,0.002,0.180
877.3172,-9.000,456.678,644.130,-19.051,6.569,0.180
877.4150,-9.000,452.128,650.046,-24.283,1.383,0.180
877.5125,-9.000,451.570,651.765,-25.422,0.291,0.180
877.6094,-9.000,451.787,652.535,-25.698,0.061,0.180
877.7075,-8.000,460.085,642.676,-16.620,6.581,0.180
877.8147,-8.000,455.684,648.750,-21.857,1.386,0.180
877.9132,-7.000,463.234,640.223,-13.819,6.860,0.180
878.0101,-7.000,458.866,646.760,-19.272,1.444,0.180
878.1083,-7.000,458.611,648.859,-20.448,0.304,0.180
878.2173,-6.000,467.092,639.545,-11.551,6.632,0.180
878.3158,-6.000,462.970,645.958,-16.818,1.396,0.180
878.4136,-6.000,462.811,648.066,-17.952,0.294,0.180
878.5121,-6.000,463.376,649.157,-18.215,0.062,0.180
878.6116,-6.000,463.999,649.941,-18.295,0.013,0.180
878.7102,-7.000,453.583,657.954,-27.510,-6.566,0.180
878.8102,-7.000,459.208,653.286,-22.363,-1.382,0.180
878.9076,-7.000,460.670,652.638,-21.308,-0.291,0.180
879.0077,-8.000,450.235,660.164,-30.289,-6.630,0.180
879.1075,-8.000,455.691,655.235,-25.096,-1.396,0.180
879.2167,-8.000,456.976,654.399,-24.036,-0.294,0.180
879.3134,-9.000,446.383,661.773,-33.019,-6.630,0.180
879.4107,-9.000,451.703,656.717,-27.832,-1.396,0.180
879.5093,-9.000,452.870,655.774,-26.776,-0.294,0.180
879.6082,-10.000,442.177,663.058,-35.765,-6.630,0.180
879.7071,-10.000,447.411,657.927,-30.582,-1.396,0.180
879.8139,-11.000,437.531,664.294,-38.706,-6.862,0.180
879.9094,-12.000,431.924,666.314,-42.519,-8.013,0.180
880.0069,-12.000,438.164,660.026,-36.256,-1.687,0.180
880.1070,-13.000,428.439,666.110,-44.160,-6.924,0.180
880.2145,-13.000,433.790,660.664,-38.761,-1.458,0.180
880.3127,-13.000,434.833,659.541,-37.678,-0.307,0.180
880.4080,-13.000,434.973,659.332,-37.504,-0.065,0.180
880.5158,-13.000,434.928,659.319,-37.520,-0.014,0.180
880.6124,-13.000,434.846,659.351,-37.577,-0.003,0.180
880.7125,-12.000,442.733,649.022,-28.469,6.568,0.180
880.8080,-12.000,437.948,654.731,-33.716,1.383,0.180
880.9169,-12.000,437.187,656.278,-34.870,0.291,0.180
881.0159,-10.000,453.175,636.157,-16.815,13.198,0.180
881.1117,-9.000,451.921,637.499,-18.113,9.347,0.180
881.2107,-7.000,461.980,625.715,-7.192,15.105,0.180
881.3095,-5.000,468.233,619.195,-0.806,16.317,0.180
881.4171,-5.000,458.212,634.990,-13.713,3.435,0.180
881.5140,-3.000,473.875,619.434,1.896,13.860,0.180
881.6113,-2.000,473.936,623.064,0.112,9.486,0.180
881.7096,-1.000,477.479,623.258,1.786,8.566,0.180
881.8065,-0.000,481.773,622.741,4.192,8.372,0.180
881.9144,1.000,485.643,621.482,6.756,8.331,0.180
882.0123,2.000,489.054,619.689,9.358,8.322,0.180
882.1085,3.000,492.056,617.463,11.972,8.320,0.180
882.2149,3.000,487.333,625.846,5.419,1.752,0.180
882.3128,3.000,487.521,628.769,4.051,0.369,0.180
882.4118,3.000,488.567,630.367,3.776,0.078,0.180
882.5117,4.000,497.019,620.562,12.904,6.585,0.180
882.6090,4.000,492.766,626.665,7.726,1.386,0.180
882.7054,3.000,482.105,636.499,-2.521,-6.277,0.180
882.8140,4.000,495.598,621.703,11.623,5.247,0.180
882.9138,4.000,492.423,626.771,7.502,1.105,0.180
883.0118,4.000,492.376,628.426,6.650,0.233,0.180
883.1080,4.000,492.897,629.273,6.488,0.049,0.180
883.2153,4.000,493.460,629.871,6.470,0.010,0.180
883.3130,5.000,501.340,619.379,15.656,6.571,0.180
883.4106,6.000,503.942,613.957,19.668,7.952,0.180
883.5088,6.000,497.997,620.504,13.422,1.674,0.180
883.6074,7.000,504.336,611.077,21.305,6.921,0.180
883.7151,7.000,499.097,616.692,15.878,1.457,0.180
883.8139,8.000,505.516,606.992,23.937,6.875,0.180
883.9124,8.000,500.235,612.484,18.551,1.447,0.180
884.0108,8.000,499.224,613.675,17.450,0.305,0.180
884.1090,8.000,499.101,613.950,17.251,0.064,0.180
884.2075,8.000,499.157,614.024,17.242,0.014,0.180
884.3135,8.000,499.243,614.048,17.273,0.003,0.180
884.4128,8.000,499.330,614.056,17.312,0.001,0.180
884.5098,7.000,489.037,622.028,8.180,-6.568,0.180
884.6065,6.000,484.399,625.294,4.228,-7.951,0.180
884.7150,6.000,518.994,622.924,11.509,-1.641,0.320
884.8136,6.000,545.933,628.150,12.845,-0.339,0.320
884.9116,5.000,554.945,649.093,-1.214,-11.625,0.320
885.0083,5.000,587.697,649.578,8.041,-2.399,0.320
885.1077,4.000,596.548,671.593,-4.389,-12.051,0.320
885.2081,3.000,612.668,687.323,-9.163,-14.042,0.320
885.3072,2.000,630.037,702.642,-12.363,-14.453,0.320
885.4048,-0.000,632.007,731.911,-29.604,-26.094,0.320
885.5048,-1.000,658.151,739.255,-23.256,-16.940,0.320
885.6123,-3.000,659.742,766.224,-38.539,-26.607,0.320
885.7098,-5.000,668.010,785.326,-46.162,-28.601,0.320
885.8088,-6.000,693.294,790.241,-37.852,-17.457,0.320
885.9053,-8.000,692.869,816.431,-52.752,-26.713,0.320
886.0131,-9.000,715.435,822.698,-45.957,-17.068,0.320
886.1089,-12.000,697.380,861.517,-75.545,-38.189,0.320
886.2098,-14.000,711.749,870.891,-74.026,-30.991,0.320
886.3072,-15.000,736.296,873.461,-63.869,-17.951,0.320
886.4144,-17.000,734.015,898.886,-78.429,-26.815,0.320
886.5125,-19.000,738.464,917.204,-85.965,-28.644,0.320
886.6107,-20.000,760.496,921.459,-77.587,-17.466,0.320
886.7097,-22.000,757.301,947.093,-92.436,-26.715,0.320
886.8063,-23.000,777.520,952.880,-85.589,-17.068,0.320
886.9036,-25.000,773.770,978.832,-100.754,-26.633,0.320
887.0035,-27.000,777.445,997.122,-108.327,-28.607,0.320
887.1129,-28.000,798.823,1001.349,-99.979,-17.459,0.320
887.2105,-29.000,811.365,1014.506,-100.479,-15.158,0.320
887.3082,-30.000,822.093,1029.557,-102.804,-14.683,0.320
887.4093,-31.000,832.454,1045.043,-105.506,-14.585,0.320
887.5061,-32.000,826.829,1044.741,-108.286,-14.565,0.320
887.6140,-33.000,821.195,1044.497,-111.082,-14.561,0.320
887.7134,-34.000,815.563,1044.293,-113.881,-14.560,0.320
887.8111,-34.000,826.211,1031.684,-102.325,-3.004,0.320
887.9094,-35.000,811.548,1040.840,-114.296,-12.176,0.320
888.0071,-35.000,820.424,1030.284,-104.633,-2.512,0.320
888.1134,-36.000,805.473,1039.967,-116.994,-12.074,0.320
888.2106,-36.000,814.354,1029.608,-107.412,-2.491,0.320
888.3095,-37.000,799.460,1039.405,-119.790,-12.070,0.320
888.4061,-37.000,808.400,1029.133,-110.211,-2.491,0.320
888.5046,-38.000,793.558,1039.002,-122.590,-12.069,0.320
888.6130,-37.000,815.820,1013.355,-98.655,9.065,0.320
888.7111,-36.000,821.978,1005.158,-91.494,13.426,0.320
888.8092,-34.000,838.522,985.562,-73.439,25.882,0.320
888.9094,-31.000,859.522,961.486,-50.913,40.007,0.320
889.0058,-27.000,884.076,934.679,-25.243,54.478,0.320
889.1056,-21.000,925.544,890.335,17.654,80.575,0.320
889.2036,-16.000,935.670,884.966,25.394,74.404,0.320
889.3026,-13.000,925.900,907.298,9.337,50.020,0.320
889.4127,-10.000,935.817,910.579,12.649,44.988,0.320
889.5096,-8.000,936.732,925.562,5.611,32.394,0.320
889.6070,-7.000,934.019,945.629,-5.783,18.240,0.320
889.7044,-6.000,941.663,953.575,-5.937,15.319,0.320
889.8144,-5.000,950.881,958.449,-3.768,14.717,0.320
889.9114,-4.000,959.946,962.202,-1.115,14.592,0.320
890.0090,-4.000,955.292,980.752,-12.718,3.011,0.320
890.1038,-3.000,972.069,973.627,-0.769,12.177,0.320
890.2114,-4.000,951.710,1001.349,-24.811,-9.043,0.320
890.3113,-4.000,963.495,998.823,-17.657,-1.866,0.320
890.4093,-4.000,968.889,1001.298,-16.198,-0.385,0.320
890.5093,-4.000,972.518,1004.359,-15.915,-0.079,0.320
890.6074,-3.000,988.684,991.719,-1.513,11.539,0.320
890.7051,-3.000,982.508,1003.892,-10.688,2.381,0.320
890.8029,-3.000,983.151,1008.347,-12.595,0.491,0.320
890.9105,-2.000,998.193,995.479,1.360,11.657,0.320
891.0090,-2.000,991.354,1007.165,-7.903,2.405,0.320
891.1083,-2.000,991.494,1011.144,-9.823,0.496,0.320
891.2063,-1.000,1006.121,997.859,4.133,11.658,0.320
891.3040,-1.000,998.934,1009.187,-5.125,2.406,0.320
891.4120,-1.000,998.779,1012.862,-7.040,0.496,0.320
891.5122,-1.000,999.875,1014.757,-7.440,0.102,0.320
891.6090,-0.000,1014.341,1000.674,6.835,11.577,0.320
891.7069,-0.000,1006.816,1011.524,-2.353,2.389,0.320
891.8027,-0.000,1006.334,1014.833,-4.249,0.493,0.320
891.9079,-0.000,1007.144,1016.426,-4.640,0.102,0.320
892.0066,1.000,1020.526,1001.247,9.640,11.577,0.320
892.1053,1.000,1012.080,1011.165,0.458,2.389,0.320
892.2046,1.000,1010.815,1013.680,-1.432,0.493,0.320
892.3046,2.000,1023.402,998.316,12.543,11.657,0.320
892.4028,2.000,1014.482,1007.877,3.303,2.405,0.320
892.5013,3.000,1025.297,993.766,15.766,12.052,0.320
892.6091,3.000,1015.848,1003.413,6.218,2.487,0.320
892.7073,3.000,1013.975,1005.454,4.261,0.513,0.320
892.8064,4.000,1026.098,989.635,18.231,11.661,0.320
892.9052,4.000,1016.794,998.797,8.999,2.406,0.320
893.0043,5.000,1027.287,984.343,21.472,12.052,0.320
893.1013,5.000,1017.567,993.696,11.935,2.487,0.320
893.2097,5.000,1015.465,995.486,9.989,0.513,0.320
893.3095,5.000,1014.953,995.733,9.610,0.106,0.320
893.4071,6.000,1027.226,979.395,23.915,11.577,0.320
893.5050,6.000,1017.843,988.322,14.760,2.389,0.320
893.6015,6.000,1015.787,989.991,12.898,0.493,0.320
893.7110,6.000,1015.265,990.184,12.540,0.102,0.320
893.8092,6.000,1015.078,990.092,12.493,0.021,0.320
893.9070,6.000,1014.976,989.956,12.510,0.004,0.320
894.0046,6.000,1014.905,989.825,12.540,0.001,0.320
894.1029,6.000,1014.852,989.706,12.573,0.000,0.320
894.2111,5.000,999.372,1002.881,-1.754,-11.556,0.320
894.3093,5.000,1009.091,994.202,7.445,-2.384,0.320
894.4073,5.000,1011.453,992.723,9.365,-0.492,0.320
894.5050,4.000,996.806,1005.961,-4.578,-11.657,0.320
894.6020,4.000,1006.982,997.589,4.696,-2.405,0.320
894.7082,4.000,1009.679,996.423,6.628,-0.496,0.320
894.8063,4.000,1010.747,996.658,7.044,-0.102,0.320
894.9052,3.000,995.963,1010.389,-7.213,-11.577,0.320
895.0021,3.000,1006.220,1002.237,1.991,-2.389,0.320
895.1109,2.000,993.586,1014.500,-10.457,-12.048,0.320
895.2072,2.000,1004.502,1006.269,-0.884,-2.486,0.320
895.3047,2.000,1007.627,1005.426,1.101,-0.513,0.320
895.4011,2.000,1009.016,1005.977,1.519,-0.106,0.320
895.5082,2.000,1009.935,1006.706,1.614,-0.022,0.320
895.6061,2.000,1010.665,1007.379,1.643,-0.005,0.320
895.7041,3.000,1023.716,991.678,16.019,11.555,0.320
895.8106,3.000,1014.937,1001.206,6.865,2.384,0.320
895.9066,3.000,1013.380,1003.400,4.990,0.492,0.320
896.0037,3.000,1013.276,1004.044,4.616,0.102,0.320
896.1017,3.000,1013.442,1004.337,4.552,0.021,0.320
896.2107,3.000,1013.638,1004.533,4.553,0.004,0.320
896.3094,3.000,1013.817,1004.685,4.566,0.001,0.320
896.4070,3.000,1013.975,1004.810,4.582,0.000,0.320
896.5037,3.000,1014.111,1004.914,4.599,0.000,0.320
896.6027,3.000,1014.230,1004.999,4.616,0.000,0.320
896.7017,3.000,1014.334,1005.069,4.632,0.000,0.320
896.8097,3.000,1014.424,1005.126,4.649,0.000,0.320
896.9067,3.000,1014.503,1005.172,4.666,0.000,0.320
897.0036,3.000,1014.573,1005.208,4.683,0.000,0.320
897.1007,3.000,1014.636,1005.237,4.699,0.000,0.320
897.2082,3.000,1014.691,1005.258,4.716,0.000,0.320
897.3067,3.000,1014.740,1005.274,4.733,0.000,0.320
897.4049,3.000,1014.785,1005.285,4.750,0.000,0.320
897.5026,3.000,1014.825,1005.292,4.767,0.000,0.320
897.6021,3.000,1014.862,1005.295,4.783,0.000,0.320
897.7022,3.000,1014.896,1005.295,4.800,0.000,0.320
897.8022,3.000,1014.927,1005.293,4.817,0.000,0.320
897.8995,3.000,1014.957,1005.289,4.834,0.000,0.320
898.0072,3.000,1014.984,1005.282,4.851,0.000,0.320
898.1054,3.000,1015.010,1005.275,4.867,0.000,0.320
898.2027,4.000,1027.475,988.984,19.245,11.556,0.320
898.3011,4.000,1018.201,998.007,10.097,2.384,0.320
898.4000,4.000,1016.224,999.771,8.227,0.492,0.320
898.5086,4.000,1015.765,1000.048,7.859,0.102,0.320
898.6072,4.000,1015.630,1000.029,7.800,0.021,0.320
898.7038,3.000,994.555,995.508,-0.477,-1.280,0.180
898.8004,4.000,984.360,980.007,2.177,0.920,0.180
898.9085,4.000,972.376,969.330,1.523,0.263,0.180
899.0071,4.000,960.651,957.973,1.339,0.075,0.180
899.1044,4.000,948.881,946.303,1.289,0.021,0.180
899.2011,4.000,936.997,934.443,1.277,0.006,0.180
899.3001,5.000,925.172,919.147,3.013,1.287,0.180
899.3994,5.000,912.321,908.125,2.098,0.368,0.180
899.5093,5.000,900.007,896.328,1.840,0.105,0.180
899.6066,5.000,887.779,884.241,1.769,0.030,0.180
899.7033,5.000,875.518,872.014,1.752,0.009,0.180
899.8013,6.000,863.376,856.402,3.487,1.288,0.180
899.9020,6.000,850.256,845.112,2.572,0.368,0.180
899.9997,6.000,837.715,833.085,2.315,0.105,0.180
900.1062,6.000,825.293,820.803,2.245,0.030,0.180
900.2039,7.000,813.045,805.114,3.966,1.294,0.180
900.3031,7.000,799.844,793.749,3.047,0.370,0.180
900.4004,7.000,787.235,781.656,2.790,0.106,0.180
900.5089,7.000,774.758,769.317,2.720,0.030,0.180
900.6079,7.000,762.286,756.876,2.705,0.009,0.180
900.7049,7.000,749.789,744.378,2.705,0.002,0.180
900.8018,8.000,737.437,728.544,4.446,1.286,0.180
900.8990,8.000,724.136,717.066,3.535,0.368,0.180
901.0063,8.000,711.440,704.881,3.279,0.105,0.180
901.1068,8.000,698.888,692.465,3.212,0.030,0.180
901.2059,8.000,686.352,679.957,3.197,0.009,0.180
901.3013,9.000,673.977,664.107,4.935,1.288,0.180
901.4075,9.000,660.659,652.613,4.023,0.368,0.180
901.5050,9.000,647.949,640.412,3.768,0.105,0.180
901.6025,9.000,635.385,627.983,3.701,0.030,0.180
901.6995,9.000,622.840,615.464,3.688,0.009,0.180
901.8005,9.000,610.280,602.900,3.690,0.002,0.180
901.8977,9.000,597.699,590.306,3.696,0.001,0.180
902.0067,9.000,585.097,577.689,3.704,0.000,0.180
902.1045,10.000,572.654,561.757,5.448,1.286,0.180
902.2034,10.000,572.007,562.929,4.539,0.367,0.180
902.3027,10.000,571.977,563.406,4.286,0.105,0.180
902.3987,11.000,572.278,560.366,5.956,1.316,0.180
902.4984,11.000,571.684,561.631,5.026,0.376,0.180
902.6074,11.000,571.710,562.175,4.768,0.107,0.180
902.7043,11.000,571.886,562.484,4.701,0.031,0.180
902.8015,12.000,572.256,559.405,6.426,1.294,0.180
902.8985,12.000,571.692,560.668,5.512,0.370,0.180
902.9980,12.000,571.735,561.218,5.258,0.106,0.180
903.1078,13.000,572.099,558.239,6.930,1.316,0.180
903.2039,13.000,571.559,559.555,6.002,0.376,0.180
903.3020,13.000,571.633,560.142,5.745,0.107,0.180
903.4024,13.000,571.848,560.488,5.680,0.031,0.180
903.5008,13.000,572.077,560.737,5.670,0.009,0.180
903.5978,14.000,572.461,557.637,7.412,1.288,0.180
903.7055,14.000,571.900,558.891,6.504,0.368,0.180
903.8031,14.000,571.944,559.436,6.254,0.105,0.180
903.9001,15.000,572.309,556.452,7.928,1.316,0.180
903.9976,15.000,571.769,557.765,7.002,0.376,0.180
904.1068,15.000,571.843,558.349,6.747,0.107,0.180
904.2062,16.000,571.815,555.815,8.000,1.316,0.180
904.3044,16.000,571.721,556.732,7.494,0.376,0.180
904.4014,16.000,571.816,557.336,7.240,0.107,0.180
904.4970,17.000,571.314,555.314,8.000,1.316,0.180
904.6051,17.000,571.730,555.751,7.989,0.376,0.180
904.7026,17.000,571.839,556.367,7.736,0.107,0.180
904.8011,18.000,570.851,554.851,8.000,1.316,0.180
904.9006,18.000,571.287,555.287,8.000,0.376,0.180
904.9976,18.000,571.658,555.658,8.000,0.107,0.180
905.0964,18.000,571.973,555.973,8.000,0.031,0.180
905.2054,18.000,572.241,556.241,8.000,0.009,0.180
905.3008,17.000,569.470,556.587,6.442,-1.283,0.180
905.3988,17.000,570.871,556.124,7.374,-0.367,0.180
905.4966,17.000,571.548,556.246,7.651,-0.105,0.180
905.6051,17.000,571.977,556.495,7.741,-0.030,0.180
905.7024,17.000,572.302,556.747,7.778,-0.009,0.180
905.8011,17.000,572.568,556.971,7.799,-0.002,0.180
905.8983,16.000,569.617,557.458,6.079,-1.286,0.180
905.9968,16.000,571.004,556.978,7.013,-0.368,0.180
906.1058,16.000,571.666,557.086,7.290,-0.105,0.180
906.2022,16.000,572.082,557.324,7.379,-0.030,0.180
906.3017,15.000,569.220,557.863,5.678,-1.294,0.180
906.3980,15.000,570.670,557.438,6.616,-0.370,0.180
906.5062,15.000,571.384,557.596,6.894,-0.106,0.180
906.6046,15.000,571.843,557.877,6.983,-0.030,0.180
906.7049,15.000,572.193,558.157,7.018,-0.009,0.180
906.8037,15.000,572.480,558.405,7.038,-0.002,0.180
906.9014,14.000,569.546,558.914,5.316,-1.286,0.180
906.9986,14.000,570.947,558.451,6.248,-0.368,0.180
907.1059,14.000,571.621,558.575,6.523,-0.105,0.180
907.2050,14.000,572.047,558.827,6.610,-0.030,0.180
907.3035,14.000,572.370,559.081,6.644,-0.009,0.180
907.4008,14.000,572.633,559.307,6.663,-0.002,0.180
907.4997,14.000,572.856,559.501,6.677,-0.001,0.180
907.6010,14.000,573.046,559.665,6.691,-0.000,0.180
907.6995,13.000,570.032,560.099,4.967,-1.286,0.180
907.7996,13.000,571.366,559.573,5.897,-0.367,0.180
907.8960,13.000,571.984,559.642,6.171,-0.105,0.180
908.0034,13.000,572.362,559.847,6.258,-0.030,0.180
908.1024,13.000,572.643,560.062,6.291,-0.009,0.180
908.2003,12.000,569.696,560.552,4.572,-1.288,0.180
908.2974,12.000,571.082,560.076,5.503,-0.368,0.180
908.3950,12.000,571.742,560.189,5.777,-0.105,0.180
908.5045,12.000,572.157,560.432,5.862,-0.030,0.180
908.6034,11.000,569.292,560.976,4.158,-1.294,0.180
908.7014,11.000,570.740,560.555,5.092,-0.370,0.180
908.7990,10.000,568.274,561.014,3.630,-1.391,0.180
908.9000,10.000,569.924,560.659,4.633,-0.398,0.180
908.9988,10.000,570.767,560.916,4.926,-0.114,0.180
909.0999,9.000,568.148,561.590,3.279,-1.318,0.180
909.1975,8.000,566.595,561.610,2.492,-1.662,0.180
909.2960,8.000,568.638,561.264,3.687,-0.475,0.180
909.4045,7.000,566.529,561.935,2.297,-1.421,0.180
909.5005,7.000,568.439,561.803,3.318,-0.406,0.180
909.5979,6.000,566.314,562.558,1.878,-1.402,0.180
909.6963,6.000,568.239,562.470,2.885,-0.400,0.180
909.8045,6.000,569.311,562.959,3.176,-0.114,0.180
909.9018,5.000,566.885,563.832,1.527,-1.318,0.180
909.9994,5.000,568.672,563.726,2.473,-0.377,0.180
910.0983,5.000,569.659,564.166,2.746,-0.108,0.180
910.1969,5.000,570.347,564.692,2.828,-0.031,0.180
910.2953,5.000,570.890,565.181,2.854,-0.009,0.180
910.4030,6.000,571.515,562.312,4.602,1.283,0.180
910.5023,6.000,571.151,563.770,3.691,0.367,0.180
910.5983,7.000,571.536,561.194,5.171,1.390,0.180
910.6969,8.000,571.294,559.454,5.920,1.683,0.180
910.7958,9.000,570.934,558.010,6.462,1.767,0.180
910.8964,9.000,570.413,559.996,5.208,0.505,0.180
910.9954,10.000,570.860,557.675,6.593,1.430,0.180
911.1033,11.000,570.728,556.095,7.317,1.694,0.180
911.2027,11.000,570.300,558.067,6.116,0.484,0.180
911.3002,12.000,570.797,555.762,7.517,1.424,0.180
911.3977,13.000,570.451,554.451,8.000,1.693,0.180
911.4946,14.000,569.687,553.687,8.000,1.769,0.180
911.5945,14.000,570.074,555.002,7.536,0.506,0.180
911.7032,15.000,569.701,553.701,8.000,1.430,0.180
911.8004,16.000,568.930,552.930,8.000,1.694,0.180
911.9024,16.000,569.774,553.774,8.000,0.484,0.180
911.9993,17.000,568.932,552.932,8.000,1.424,0.180
912.0975,18.000,568.156,552.156,8.000,1.693,0.180
912.1975,18.000,568.996,552.996,8.000,0.484,0.180
912.2951,19.000,568.150,552.150,8.000,1.424,0.180
912.3935,20.000,567.372,551.372,8.000,1.693,0.180
912.4999,20.000,568.210,552.210,8.000,0.484,0.180
912.5967,21.000,567.362,551.362,8.000,1.424,0.180
912.6951,21.000,568.141,552.141,8.000,0.407,0.180
912.7948,22.000,567.244,551.244,8.000,1.402,0.180
912.8942,23.000,566.421,550.421,8.000,1.686,0.180
913.0044,23.000,567.222,551.222,8.000,0.482,0.180
913.1018,24.000,566.342,550.342,8.000,1.423,0.180
913.2002,24.000,567.095,551.095,8.000,0.407,0.180
913.2991,24.000,567.734,551.734,8.000,0.116,0.180
913.3976,25.000,566.718,550.718,8.000,1.319,0.180
913.4933,25.000,567.354,551.354,8.000,0.377,0.180
913.5940,26.000,566.334,550.334,8.000,1.393,0.180
913.6928,26.000,566.968,550.968,8.000,0.398,0.180
913.8007,26.000,567.507,551.507,8.000,0.114,0.180
913.8972,27.000,566.404,550.404,8.000,1.318,0.180
913.9942,27.000,566.967,550.967,8.000,0.377,0.180
914.1023,27.000,567.446,551.446,8.000,0.108,0.180
914.2001,28.000,566.293,550.293,8.000,1.316,0.180
914.2981,28.000,566.813,550.813,8.000,0.376,0.180
914.3973,29.000,565.695,549.695,8.000,1.393,0.180
914.4973,29.000,566.244,550.244,8.000,0.398,0.180
914.5941,30.000,565.151,549.151,8.000,1.399,0.180
914.6942,30.000,565.722,549.722,8.000,0.400,0.180
914.8030,30.000,566.208,550.208,8.000,0.114,0.180
914.9006,31.000,565.060,549.060,8.000,1.318,0.180
914.9971,31.000,565.585,549.585,8.000,0.377,0.180
915.0961,31.000,566.031,550.031,8.000,0.108,0.180
915.1942,32.000,564.850,548.850,8.000,1.316,0.180
915.3032,32.000,565.346,549.346,8.000,0.376,0.180
915.4006,32.000,565.768,549.768,8.000,0.107,0.180
915.4982,32.000,566.127,550.127,8.000,0.031,0.180
915.5995,32.000,566.431,550.431,8.000,0.009,0.180
915.6999,33.000,565.130,549.130,8.000,1.288,0.180
915.7970,33.000,565.525,549.525,8.000,0.368,0.180
915.8945,33.000,565.860,549.860,8.000,0.105,0.180
915.9926,33.000,566.144,550.144,8.000,0.030,0.180
916.1025,34.000,564.827,548.827,8.000,1.294,0.180
916.2016,34.000,565.206,549.206,8.000,0.370,0.180
916.3002,33.000,564.089,548.089,8.000,-1.180,0.180
916.3978,33.000,564.639,548.639,8.000,-0.337,0.180
916.4954,33.000,565.107,549.107,8.000,-0.096,0.180
916.5934,33.000,565.505,549.505,8.000,-0.028,0.180
916.7024,33.000,565.843,549.843,8.000,-0.008,0.180
916.8015,33.000,566.130,550.130,8.000,-0.002,0.180
916.8996,32.000,564.934,548.934,8.000,-1.286,0.180
916.9946,32.000,565.418,549.418,8.000,-0.368,0.180
917.1013,31.000,564.389,548.389,8.000,-1.391,0.180
917.1982,31.000,565.014,549.014,8.000,-0.397,0.180
