time_s,error_mm,left_rpm,right_rpm,pid_output,d_term,target_speed_ms
0.0002,-16.000,-536.411,566.094,-551.253,-506.435,0.320
0.0639,-16.000,-120.641,178.179,-149.410,-104.502,0.320
0.1617,-16.000,-24.640,108.482,-66.561,-21.564,0.320
0.2690,-16.000,4.877,103.950,-49.536,-4.450,0.320
0.3664,-15.000,34.611,98.078,-31.733,10.637,0.320
0.4644,-15.000,37.685,118.205,-40.260,2.195,0.320
0.5624,-15.000,48.107,132.279,-42.086,0.453,0.320
0.6596,-15.000,60.461,145.520,-42.529,0.093,0.320
0.7594,-15.000,73.569,158.944,-42.687,0.019,0.320
0.8585,-14.000,100.414,157.265,-28.426,11.560,0.320
0.9682,-14.000,105.744,181.100,-37.678,2.385,0.320
1.0672,-14.000,118.555,197.855,-39.650,0.492,0.320
1.1641,-14.000,133.039,213.276,-40.119,0.102,0.320
1.2633,-14.000,147.977,228.532,-40.278,0.021,0.320
1.3599,-13.000,176.383,228.406,-26.012,11.560,0.320
1.4693,-13.000,183.042,253.560,-35.259,2.385,0.320
1.5693,-13.000,196.983,271.433,-37.225,0.492,0.320
1.6682,-13.000,212.429,287.806,-37.688,0.102,0.320
1.7653,-12.000,241.466,288.428,-23.481,11.577,0.320
1.8632,-11.000,261.985,298.734,-18.374,13.944,0.320
1.9606,-11.000,267.845,326.851,-29.503,2.877,0.320
2.0682,-11.000,282.327,346.023,-31.848,0.594,0.320
2.1672,-10.000,311.766,347.805,-18.020,11.678,0.320
2.2650,-10.000,319.597,374.286,-27.344,2.410,0.320
2.3637,-9.000,347.880,377.783,-14.952,12.053,0.320
2.4610,-9.000,355.658,404.793,-24.568,2.487,0.320
2.5583,-8.000,384.087,408.548,-12.231,12.069,0.320
2.6673,-7.000,405.311,420.296,-7.493,14.046,0.320
2.7660,-6.000,425.305,433.942,-4.318,14.454,0.320
2.8619,-5.000,445.266,448.190,-1.462,14.538,0.320
2.9611,-5.000,452.126,478.182,-13.028,3.000,0.320
3.0586,-4.000,481.047,483.200,-1.076,12.175,0.320
3.1677,-3.000,502.955,495.755,3.600,14.068,0.320
3.2658,-2.000,523.589,510.029,6.780,14.458,0.320
3.3634,-1.000,544.107,524.798,9.655,14.539,0.320
3.4605,-1.000,551.447,555.226,-1.890,3.000,0.320
3.5572,-0.000,580.780,560.610,10.085,12.175,0.320
3.6573,1.000,602.201,572.634,14.783,14.068,0.320
3.7654,1.000,609.143,601.895,3.624,2.903,0.320
3.8633,1.000,624.618,621.966,1.326,0.599,0.320
3.9604,2.000,605.121,609.431,9.980,6.695,0.180
4.0593,3.000,582.715,599.234,13.879,7.978,0.180
4.1656,4.000,560.871,587.992,16.770,8.248,0.180
4.2648,5.000,540.153,575.211,19.453,8.305,0.180
4.3616,6.000,536.134,577.214,22.096,8.317,0.180
4.4613,7.000,532.809,578.223,24.735,8.319,0.180
4.5593,8.000,530.083,578.383,27.377,8.320,0.180
4.6671,9.000,527.866,577.817,30.024,8.320,0.180
4.7639,10.000,526.084,576.634,32.676,8.320,0.180
4.8611,11.000,524.672,574.925,35.333,8.320,0.180
4.9570,13.000,530.950,561.796,47.169,14.888,0.180
5.0663,14.000,524.912,564.409,44.656,9.703,0.180
5.1653,15.000,523.203,562.608,46.242,8.611,0.180
5.2638,16.000,522.554,559.672,48.696,8.381,0.180
5.3624,17.000,522.258,556.322,51.336,8.333,0.180
5.4605,18.000,522.146,552.735,54.019,8.323,0.180
5.5582,19.000,522.166,548.970,56.716,8.321,0.180
5.6575,20.000,522.190,545.163,59.315,8.320,0.180
5.7571,21.000,522.301,541.236,61.915,8.320,0.180
5.8581,22.000,522.486,537.209,64.515,8.320,0.180
5.9669,23.000,522.733,533.095,67.115,8.320,0.180
6.0563,25.000,530.401,517.940,78.884,14.888,0.180
6.1635,25.000,518.162,529.816,67.130,3.134,0.180
6.2604,27.000,530.012,510.457,82.992,13.797,0.180
6.3575,27.000,518.709,521.377,72.100,2.905,0.180
6.4637,29.000,530.804,501.756,88.144,13.748,0.180
6.5624,30.000,526.962,501.602,86.458,9.463,0.180
6.6583,31.000,526.526,498.040,88.156,8.561,0.180
6.7666,32.000,526.823,493.746,90.566,8.371,0.180
6.8648,33.000,527.287,489.284,93.126,8.331,0.180
6.9611,34.000,527.797,484.776,95.718,8.322,0.180
7.0565,34.000,520.957,491.217,89.147,1.752,0.180
7.1654,35.000,526.713,481.522,96.933,6.937,0.180
7.2657,36.000,528.380,475.908,100.624,8.029,0.180
7.3640,36.000,521.821,482.112,94.286,1.690,0.180
7.4600,37.000,527.667,472.363,102.120,6.924,0.180
7.5584,37.000,522.011,477.702,96.653,1.458,0.180
7.6569,37.000,520.699,478.745,95.502,0.307,0.180
7.7660,38.000,527.688,467.927,104.428,6.633,0.180
7.8648,38.000,522.305,473.055,99.192,1.396,0.180
7.9606,38.000,521.078,474.066,98.089,0.294,0.180
8.0585,38.000,520.740,474.220,97.857,0.062,0.180
8.1557,39.000,527.969,463.234,106.977,6.581,0.180
8.2649,39.000,522.667,468.343,101.781,1.386,0.180
8.3555,39.000,521.483,469.363,100.687,0.292,0.180
8.4653,39.000,521.175,469.531,100.457,0.061,0.180
8.5626,39.000,521.062,469.527,100.408,0.013,0.180
8.6624,38.000,510.627,477.460,91.230,-6.566,0.180
8.7613,38.000,516.244,472.718,96.413,-1.382,0.180
8.8579,38.000,517.703,472.002,97.504,-0.291,0.180
8.9560,38.000,518.245,472.092,97.734,-0.061,0.180
9.0642,38.000,518.559,472.314,97.782,-0.013,0.180
9.1612,38.000,518.795,472.535,97.793,-0.003,0.180
9.2578,37.000,508.621,480.697,88.626,-6.569,0.180
9.3555,37.000,514.450,476.158,93.812,-1.383,0.180
9.4633,37.000,516.089,475.615,94.904,-0.291,0.180
9.5596,36.000,506.415,483.821,85.966,-6.630,0.180
9.6592,35.000,502.156,487.433,82.031,-7.964,0.180
9.7558,35.000,509.667,482.371,88.319,-1.677,0.180
9.8648,34.000,501.662,490.057,80.474,-6.921,0.180
9.9618,33.000,498.122,493.927,76.770,-8.026,0.180
10.0589,33.000,506.098,489.231,83.106,-1.690,0.180
10.1587,32.000,498.457,497.260,75.271,-6.924,0.180
10.2589,31.000,495.219,501.428,71.569,-8.026,0.180
10.3567,29.000,482.714,512.924,59.569,-14.827,0.180
10.4554,27.000,476.253,519.727,52.937,-16.258,0.180
10.5633,25.000,471.496,525.973,47.436,-16.560,0.180
10.6627,24.000,477.835,524.502,51.341,-10.055,0.180
10.7589,22.000,468.604,536.070,40.942,-15.254,0.180
10.8561,21.000,474.271,535.989,43.816,-9.780,0.180
10.9649,18.000,454.854,555.954,24.125,-21.764,0.180
11.0622,16.000,456.116,559.359,23.053,-17.719,0.180
11.1613,14.000,454.423,566.218,18.778,-16.867,0.180
11.2594,11.000,441.887,581.945,4.646,-23.256,0.180
11.3567,9.000,445.413,585.332,4.716,-18.033,0.180
11.4573,6.000,434.514,600.907,-8.522,-23.502,0.180
11.5561,3.000,428.465,612.730,-17.457,-24.653,0.180
11.6645,-0.000,423.777,624.127,-25.500,-24.895,0.180
11.7630,-1.000,439.808,619.197,-15.019,-11.810,0.180
11.8608,-4.000,422.424,638.218,-33.222,-22.191,0.180
11.9576,-6.000,423.171,640.662,-34.070,-17.809,0.180
12.0551,-9.000,408.635,653.111,-47.563,-23.454,0.180
12.1561,-10.000,419.744,645.628,-38.266,-11.506,0.180
12.2555,-12.000,409.869,654.384,-47.582,-15.559,0.180
12.3542,-14.000,402.668,659.435,-53.708,-16.412,0.180
12.4627,-16.000,395.691,663.384,-59.171,-16.592,0.180
12.5627,-17.000,399.446,659.455,-55.329,-10.061,0.180
12.6608,-19.000,386.780,667.773,-65.821,-15.255,0.180
12.7593,-20.000,389.008,664.250,-62.946,-9.780,0.180
12.8566,-22.000,375.741,672.215,-73.562,-15.196,0.180
12.9637,-23.000,377.516,668.334,-70.733,-9.768,0.180
13.0627,-25.000,363.896,675.965,-81.359,-15.193,0.180
13.1596,-26.000,365.376,671.793,-78.533,-9.767,0.180
13.2573,-27.000,362.475,671.807,-79.990,-8.625,0.180
13.3536,-28.000,358.588,672.639,-82.350,-8.384,0.180
13.4614,-29.000,354.440,673.590,-84.899,-8.334,0.180
13.5593,-30.000,350.192,674.521,-87.489,-8.323,0.180
13.6555,-31.000,345.885,675.409,-90.086,-8.321,0.180
13.7531,-32.000,341.532,676.255,-92.686,-8.320,0.180
13.8611,-33.000,337.142,677.065,-95.286,-8.320,0.180
13.9592,-34.000,332.720,677.843,-97.886,-8.320,0.180
14.0559,-34.000,339.240,671.226,-91.317,-1.752,0.180
14.1553,-35.000,329.613,677.170,-99.103,-6.937,0.180
14.2547,-36.000,324.056,678.997,-102.795,-8.029,0.180
14.3618,-37.000,319.341,679.942,-105.625,-8.259,0.180
14.4607,-37.000,325.759,673.319,-99.105,-1.739,0.180
14.5596,-38.000,316.076,679.228,-106.900,-6.934,0.180
14.6562,-39.000,310.478,681.018,-110.594,-8.028,0.180
14.7541,-39.000,316.698,674.561,-104.256,-1.690,0.180
14.8533,-40.000,306.963,680.494,-112.090,-6.924,0.180
14.9607,-40.000,312.314,674.912,-106.624,-1.458,0.180
15.0574,-41.000,302.398,681.032,-114.641,-6.875,0.180
15.1542,-41.000,307.713,675.490,-109.213,-1.447,0.180
15.2615,-42.000,297.790,681.620,-117.239,-6.873,0.180
15.3604,-42.000,303.105,676.081,-111.813,-1.447,0.180
15.4598,-42.000,304.152,674.844,-110.670,-0.305,0.180
15.5604,-43.000,293.343,681.891,-119.598,-6.633,0.180
15.6583,-43.000,298.480,676.556,-114.362,-1.396,0.180
15.7549,-43.000,299.499,675.369,-113.260,-0.294,0.180
15.8525,-43.000,299.659,675.066,-113.028,-0.062,0.180
15.9604,-43.000,299.648,674.956,-112.979,-0.013,0.180
16.0594,-43.000,299.606,674.895,-112.969,-0.003,0.180
16.1564,-44.000,288.596,682.217,-122.135,-6.569,0.180
16.2547,-44.000,293.715,676.964,-116.949,-1.383,0.180
16.3527,-44.000,294.750,675.815,-115.857,-0.291,0.180
16.4625,-44.000,294.931,675.536,-115.627,-0.061,0.180
16.5618,-44.000,294.938,675.447,-115.579,-0.013,0.180
16.6582,-44.000,294.913,675.401,-115.569,-0.003,0.180
16.7567,-44.000,294.885,675.369,-115.566,-0.001,0.180
16.8565,-44.000,294.860,675.344,-115.566,-0.000,0.180
16.9565,-44.000,294.839,675.322,-115.566,-0.000,0.180
17.0535,-44.000,294.821,675.304,-115.566,-0.000,0.180
17.1523,-43.000,302.774,664.920,-106.397,6.568,0.180
17.2612,-44.000,287.086,677.940,-120.751,-5.186,0.180
17.3597,-44.000,291.547,674.213,-116.658,-1.092,0.180
17.4585,-44.000,292.721,673.663,-115.796,-0.230,0.180
17.5583,-44.000,293.167,673.747,-115.614,-0.048,0.180
17.6561,-43.000,301.399,663.565,-106.408,6.558,0.180
17.7562,-43.000,296.893,669.414,-111.585,1.381,0.180
17.8552,-43.000,296.373,671.075,-112.675,0.291,0.180
17.9514,-43.000,296.629,671.789,-112.905,0.061,0.180
18.0580,-42.000,304.962,661.882,-103.785,6.581,0.180
18.1550,-42.000,300.596,667.908,-108.980,1.386,0.180
18.2520,-41.000,308.177,659.339,-100.906,6.860,0.180
18.3613,-40.000,311.809,655.467,-97.153,8.013,0.180
18.4603,-39.000,314.850,652.822,-94.311,8.255,0.180
18.5590,-38.000,317.969,650.639,-91.659,8.306,0.180
18.6579,-37.000,321.278,648.727,-89.049,8.317,0.180
18.7543,-36.000,324.774,647.018,-86.446,8.319,0.180
18.8529,-34.000,336.402,635.108,-74.678,14.888,0.180
18.9625,-34.000,327.529,649.743,-86.431,3.134,0.180
19.0598,-32.000,343.439,633.929,-70.569,13.797,0.180
19.1573,-31.000,343.557,637.494,-72.293,9.473,0.180
19.2543,-30.000,347.112,637.669,-70.603,8.563,0.180
19.3535,-29.000,351.405,637.146,-68.195,8.371,0.180
19.4609,-28.000,355.867,636.488,-65.635,8.331,0.180
19.5591,-27.000,360.376,635.814,-63.044,8.322,0.180
19.6558,-26.000,364.903,635.145,-60.445,8.320,0.180
19.7525,-25.000,369.443,634.486,-57.846,8.320,0.180
19.8509,-24.000,373.992,633.835,-55.246,8.320,0.180
19.9600,-23.000,378.549,633.192,-52.646,8.320,0.180
20.0575,-21.000,391.080,622.186,-40.877,14.888,0.180
20.1550,-20.000,390.944,627.221,-43.463,9.703,0.180
20.2521,-19.000,394.735,628.193,-42.054,8.611,0.180
20.3600,-17.000,407.309,617.867,-30.603,14.950,0.180
20.4602,-15.000,415.321,612.966,-24.147,16.284,0.180
20.5582,-14.000,414.683,619.848,-27.907,9.997,0.180
20.6576,-12.000,426.819,611.220,-17.525,15.241,0.180
20.7547,-11.000,427.188,617.432,-20.446,9.777,0.180
20.8526,-10.000,431.683,619.132,-19.049,8.627,0.180
20.9611,-8.000,444.901,609.380,-7.564,14.953,0.180
21.0588,-7.000,445.500,615.325,-10.237,9.716,0.180
21.1567,-6.000,450.048,616.941,-8.771,8.614,0.180
21.2549,-5.000,455.310,617.519,-6.429,8.382,0.180
21.3547,-4.000,460.622,617.770,-3.898,8.333,0.180
21.4526,-3.000,465.860,617.860,-1.324,8.323,0.180
21.5516,-2.000,471.012,617.837,1.263,8.321,0.180
21.6590,-1.000,476.087,617.723,3.857,8.320,0.180
21.7572,-0.000,481.095,617.531,6.457,8.320,0.180
21.8561,-0.000,478.073,627.646,-0.111,1.752,0.180
21.9534,1.000,487.079,621.070,7.680,6.937,0.180
22.0512,1.000,484.140,629.074,2.208,1.460,0.180
22.1513,1.000,485.145,632.375,1.060,0.307,0.180
22.2596,2.000,494.110,623.469,9.997,6.633,0.180
22.3582,2.000,490.409,630.220,4.770,1.396,0.180
22.4573,3.000,497.988,621.635,12.852,6.862,0.180
22.5552,3.000,493.658,628.109,7.450,1.445,0.180
22.6532,3.000,493.444,630.145,6.325,0.304,0.180
22.7505,4.000,501.367,620.171,15.274,6.632,0.180
22.8591,4.000,496.780,626.015,10.058,1.396,0.180
22.9570,4.000,496.233,627.630,8.977,0.294,0.180
23.0570,5.000,503.849,617.322,17.939,6.630,0.180
23.1547,5.000,498.997,622.886,12.731,1.396,0.180
23.2511,5.000,498.223,624.265,11.655,0.294,0.180
23.3602,5.000,498.274,624.728,11.449,0.062,0.180
23.4601,6.000,505.844,613.996,20.600,6.581,0.180
23.5602,6.000,500.835,619.316,15.435,1.386,0.180
23.6578,6.000,499.905,620.511,14.372,0.292,0.180
23.7572,6.000,499.818,620.823,14.173,0.061,0.180
23.8546,6.000,499.896,620.936,14.156,0.013,0.180
23.9521,6.000,499.999,620.996,14.177,0.003,0.180
24.0601,6.000,500.097,621.036,14.206,0.001,0.180
24.1574,6.000,500.186,621.064,14.237,0.000,0.180
24.2553,7.000,507.641,610.109,23.441,6.568,0.180
24.3525,7.000,502.504,615.271,18.292,1.383,0.180
24.4507,7.000,501.460,616.337,17.237,0.291,0.180
24.5594,7.000,501.275,616.539,17.043,0.061,0.180
24.6564,7.000,501.271,616.559,17.031,0.013,0.180
24.7543,8.000,508.677,605.566,26.231,6.571,0.180
24.8521,8.000,503.507,610.687,21.085,1.383,0.180
24.9511,8.000,502.435,611.717,20.035,0.291,0.180
25.0491,9.000,509.603,600.914,29.020,6.630,0.180
25.1581,9.000,504.371,606.056,23.833,1.396,0.180
25.2591,9.000,503.277,607.073,22.778,0.294,0.180
25.3489,10.000,510.433,596.252,31.766,6.630,0.180
25.4578,10.000,505.193,601.377,26.584,1.396,0.180
25.5581,10.000,504.094,602.378,25.534,0.294,0.180
25.6562,10.000,503.872,602.516,25.354,0.062,0.180
25.7540,10.000,503.840,602.478,25.357,0.013,0.180
25.8518,10.000,503.852,602.406,25.399,0.003,0.180
25.9496,10.000,503.876,602.330,25.448,0.001,0.180
26.0500,9.000,493.532,610.231,16.326,-6.568,0.180
26.1504,9.000,499.226,605.460,21.559,-1.383,0.180
26.2500,9.000,500.757,604.714,22.697,-0.291,0.180
26.3486,9.000,501.367,604.771,22.974,-0.061,0.180
26.4565,8.000,491.372,612.933,13.895,-6.581,0.180
26.5522,8.000,497.330,608.416,19.133,-1.386,0.180
26.6492,8.000,499.078,607.893,20.268,-0.292,0.180
26.7483,8.000,499.871,608.142,20.540,-0.061,0.180
26.8565,8.000,500.404,608.495,20.630,-0.013,0.180
26.9550,8.000,500.832,608.820,20.682,-0.003,0.180
27.0509,8.000,501.196,609.096,20.726,-0.001,0.180
27.1496,8.000,501.510,609.325,20.768,-0.000,0.180
27.2582,8.000,501.782,609.515,20.809,-0.000,0.180
27.3558,8.000,502.020,609.670,20.851,-0.000,0.180
27.4535,8.000,502.229,609.795,20.893,-0.000,0.180
27.5507,8.000,502.413,609.895,20.934,-0.000,0.180
27.6597,8.000,502.575,609.974,20.976,-0.000,0.180
27.7569,8.000,502.719,610.035,21.017,-0.000,0.180
27.8534,8.000,502.848,610.081,21.059,-0.000,0.180
27.9504,8.000,502.963,610.113,21.101,-0.000,0.180
28.0569,7.000,492.694,618.108,11.969,-6.568,0.180
28.1541,7.000,498.450,613.420,17.191,-1.383,0.180
28.2499,7.000,500.032,612.745,18.319,-0.291,0.180
28.3489,7.000,500.683,612.865,18.585,-0.061,0.180
28.4492,7.000,501.096,613.107,18.670,-0.013,0.180
28.5572,7.000,501.421,613.339,18.716,-0.003,0.180
28.6550,7.000,501.696,613.538,18.755,-0.001,0.180
28.7529,7.000,501.934,613.702,18.792,-0.000,0.180
28.8529,7.000,502.142,613.836,18.828,-0.000,0.180
28.9506,7.000,502.323,613.945,18.865,-0.000,0.180
29.0477,7.000,502.483,614.033,18.901,-0.000,0.180
29.1566,6.000,492.251,622.075,9.764,-6.568,0.180
29.2533,6.000,498.037,617.427,14.981,-1.383,0.180
29.3525,6.000,499.644,616.788,16.103,-0.291,0.180
29.4602,5.000,489.943,624.912,7.191,-6.630,0.180
29.5488,5.000,496.032,620.482,12.451,-1.396,0.180
29.6477,5.000,497.865,620.059,13.579,-0.294,0.180
29.7565,4.000,488.349,628.374,4.663,-6.630,0.180
29.8551,4.000,494.594,624.108,9.918,-1.396,0.180
29.9541,3.000,486.184,631.800,1.867,-6.862,0.180
30.0506,3.000,492.812,627.562,7.301,-1.445,0.180
30.1481,3.000,494.984,627.422,8.457,-0.304,0.180
30.2479,2.000,485.729,636.003,-0.461,-6.632,0.180
30.3556,3.000,499.563,620.996,13.959,5.172,0.180
30.4576,2.000,486.124,634.039,0.718,-5.480,0.180
30.5546,2.000,491.792,631.035,5.054,-1.154,0.180
30.6526,3.000,501.218,620.272,15.149,6.326,0.180
30.7498,3.000,497.172,626.182,10.171,1.332,0.180
30.8467,3.000,496.929,628.010,9.135,0.280,0.180
30.9555,2.000,487.023,636.863,-0.244,-6.509,0.180
31.0545,2.000,493.224,632.765,4.905,-1.370,0.180
31.1516,1.000,484.837,640.541,-3.176,-6.857,0.180
31.2512,-0.000,481.123,644.337,-6.931,-8.012,0.180
31.3477,-1.000,478.009,646.919,-9.780,-8.255,0.180
31.4568,-2.000,474.821,649.055,-12.441,-8.306,0.180
31.5558,-3.000,471.448,650.934,-15.068,-8.317,0.180
31.6529,-4.000,467.890,652.623,-17.691,-8.319,0.180
31.7507,-5.000,464.169,654.154,-20.317,-8.320,0.180
31.8486,-5.000,471.280,648.182,-13.775,-1.752,0.180
31.9486,-6.000,462.148,654.683,-21.592,-6.937,0.180
32.0478,-6.000,467.975,649.618,-16.146,-1.460,0.180
32.1462,-7.000,458.447,656.195,-24.198,-6.876,0.180
32.2571,-7.000,464.085,651.048,-18.806,-1.448,0.180
32.3483,-7.000,465.400,650.151,-17.700,-0.305,0.180
32.4566,-7.000,465.782,650.124,-17.496,-0.064,0.180
32.5554,-8.000,454.973,657.634,-26.655,-6.582,0.180
32.6525,-7.000,468.199,642.204,-12.327,5.183,0.180
32.7527,-7.000,464.635,646.896,-16.455,1.091,0.180
32.8520,-8.000,453.242,655.646,-26.526,-6.339,0.180
32.9506,-7.000,466.556,640.687,-12.390,5.234,0.180
33.0483,-7.000,463.188,645.656,-16.558,1.102,0.180
33.1561,-7.000,462.962,647.243,-17.465,0.232,0.180
33.2557,-7.000,463.321,648.040,-17.684,0.049,0.180
33.3543,-7.000,463.738,648.607,-17.759,0.010,0.180
33.4524,-7.000,464.111,649.069,-17.804,0.002,0.180
33.5552,-6.000,472.402,639.089,-8.668,6.569,0.180
33.6503,-6.000,467.966,645.088,-13.885,1.383,0.180
33.7465,-6.000,467.508,646.876,-15.008,0.291,0.180
33.8546,-6.000,467.812,647.702,-15.269,0.061,0.180
33.9500,-6.000,468.213,648.262,-15.349,0.013,0.180
34.0496,-5.000,476.553,638.338,-6.217,6.571,0.180
34.1491,-5.000,472.166,644.378,-11.430,1.383,0.180
34.2469,-5.000,471.751,646.199,-12.549,0.291,0.180
34.3455,-5.000,472.093,647.053,-12.805,0.061,0.180
34.4536,-6.000,461.552,655.009,-22.053,-6.556,0.180
34.5521,-6.000,467.098,650.266,-16.908,-1.380,0.180
34.6501,-6.000,468.498,649.549,-15.850,-0.291,0.180
34.7494,-6.000,468.986,649.641,-15.652,-0.061,0.180
34.8461,-6.000,469.250,649.871,-15.635,-0.013,0.180
34.9552,-7.000,458.465,657.475,-24.829,-6.571,0.180
35.0539,-7.000,463.765,652.472,-19.678,-1.383,0.180
35.1533,-7.000,464.946,651.542,-18.622,-0.291,0.180
35.2526,-7.000,465.247,651.456,-18.429,-0.061,0.180
35.3494,-7.000,465.350,651.535,-18.417,-0.013,0.180
35.4495,-8.000,454.428,659.012,-27.617,-6.571,0.180
35.5480,-8.000,459.610,653.902,-22.470,-1.383,0.180
35.6454,-9.000,449.717,660.255,-30.594,-6.860,0.180
35.7457,-9.000,455.081,654.882,-25.225,-1.444,0.180
35.8459,-9.000,456.171,653.785,-24.131,-0.304,0.180
35.9459,-10.000,445.388,660.963,-33.112,-6.632,0.180
36.0536,-10.000,450.539,655.746,-27.928,-1.396,0.180
36.1522,-11.000,440.588,662.042,-36.051,-6.862,0.180
36.2484,-11.000,445.895,656.628,-30.691,-1.445,0.180
36.3453,-11.000,446.933,655.499,-29.607,-0.304,0.180
36.4529,-11.000,447.078,655.277,-29.424,-0.064,0.180
36.5493,-10.000,455.012,644.877,-20.257,6.555,0.180
36.6485,-10.000,450.237,650.556,-25.484,1.380,0.180
36.7463,-10.000,449.480,652.082,-26.626,0.291,0.180
36.8552,-10.000,449.525,652.690,-26.907,0.061,0.180
36.9444,-10.000,449.702,653.068,-27.007,0.013,0.180
37.0532,-10.000,449.876,653.366,-27.070,0.003,0.180
37.1491,-10.000,450.022,653.621,-27.124,0.001,0.180
37.2484,-10.000,450.140,653.844,-27.176,0.000,0.180
37.3443,-10.000,450.233,654.041,-27.228,0.000,0.180
37.4526,-10.000,450.304,654.216,-27.280,0.000,0.180
37.5513,-10.000,450.357,654.373,-27.332,0.000,0.180
37.6514,-9.000,458.368,644.140,-18.211,6.568,0.180
37.7513,-9.000,453.691,649.928,-23.443,1.383,0.180
37.8493,-7.000,468.972,630.792,-6.234,13.428,0.180
37.9472,-7.000,459.696,642.791,-16.872,2.827,0.180
38.0472,-6.000,466.559,635.842,-9.966,7.164,0.180
38.1443,-4.000,478.283,622.245,2.694,14.645,0.180
38.2518,-4.000,468.905,636.032,-8.888,3.083,0.180
38.3487,-3.000,476.297,629.987,-2.170,7.218,0.180
38.4459,-2.000,480.629,627.399,1.290,8.088,0.180
38.5435,-1.000,484.449,625.663,4.068,8.271,0.180
38.6531,-0.000,488.273,624.210,6.707,8.310,0.180
38.7503,-0.000,484.220,633.278,0.147,1.749,0.180
38.8485,-0.000,484.970,636.790,-1.234,0.368,0.180
38.9473,-0.000,486.491,638.893,-1.525,0.078,0.180
39.0464,-0.000,487.970,640.494,-1.586,0.016,0.180
39.1451,-0.000,489.266,641.816,-1.599,0.003,0.180
39.2527,-0.000,490.376,642.931,-1.602,0.001,0.180
39.3510,-0.000,491.321,643.877,-1.602,0.000,0.180
39.4485,-0.000,492.125,644.681,-1.603,0.000,0.180
39.5477,1.000,500.182,634.391,7.571,6.568,0.180
39.6440,2.000,502.926,629.148,11.564,7.951,0.180
39.7506,3.000,504.471,624.880,14.471,8.242,0.180
39.8506,4.000,505.695,620.740,17.153,8.304,0.180
39.9506,5.000,506.795,616.562,19.792,8.317,0.180
40.0489,6.000,507.821,612.320,22.426,8.319,0.180
40.1441,6.000,501.417,618.990,15.889,1.751,0.180
40.2516,7.000,507.553,609.481,23.711,6.937,0.180
40.3515,7.000,502.179,614.988,18.271,1.460,0.180
40.4498,7.000,501.118,616.161,17.154,0.307,0.180
40.5492,7.000,500.960,616.415,16.948,0.065,0.180
40.6459,6.000,490.612,624.444,7.760,-6.555,0.180
40.7451,6.000,496.333,619.752,12.966,-1.380,0.180
40.8432,6.000,497.891,619.069,14.086,-0.291,0.180
40.9526,6.000,498.523,619.180,14.347,-0.061,0.180
41.0520,6.000,498.919,619.417,14.426,-0.013,0.180
41.1510,6.000,499.229,619.644,14.468,-0.003,0.180
41.2485,6.000,499.490,619.839,14.501,-0.001,0.180
41.3445,6.000,499.716,620.001,14.533,-0.000,0.180
41.4526,6.000,499.912,620.135,14.564,-0.000,0.180
41.5488,6.000,500.084,620.244,14.595,-0.000,0.180
41.6453,7.000,507.608,609.358,23.800,6.568,0.180
41.7436,7.000,502.530,614.579,18.651,1.383,0.180
41.8510,7.000,501.535,615.695,17.596,0.291,0.180
41.9486,7.000,501.393,615.940,17.402,0.061,0.180
42.0481,7.000,501.425,615.995,17.390,0.013,0.180
42.1456,7.000,501.488,616.006,17.416,0.003,0.180
42.2435,8.000,508.928,605.030,26.624,6.569,0.180
42.3524,8.000,503.780,610.172,21.480,1.383,0.180
42.4520,8.000,502.727,611.219,20.430,0.291,0.180
42.5514,8.000,502.537,611.405,20.241,0.061,0.180
42.6482,8.000,502.528,611.410,20.235,0.013,0.180
42.7490,8.000,502.558,611.377,20.266,0.003,0.180
42.8470,8.000,502.596,611.336,20.306,0.001,0.180
42.9440,8.000,502.636,611.294,20.347,0.000,0.180
43.0429,8.000,502.677,611.251,20.388,0.000,0.180
43.1445,9.000,510.091,600.235,29.603,6.568,0.180
43.2438,9.000,504.921,605.343,24.465,1.383,0.180
43.3420,9.000,503.850,606.362,23.420,0.291,0.180
43.4509,9.000,503.645,606.523,23.237,0.061,0.180
43.5486,10.000,510.998,595.532,32.409,6.581,0.180
43.6476,10.000,505.808,600.630,27.265,1.386,0.180
43.7440,9.000,494.354,609.606,17.049,-6.277,0.180
43.8420,9.000,499.803,605.051,22.052,-1.321,0.180
43.9492,8.000,490.899,612.314,13.968,-6.847,0.180
44.0470,8.000,497.148,607.670,19.415,-1.441,0.180
44.1450,8.000,499.010,607.173,20.594,-0.303,0.180
44.2432,7.000,489.498,615.445,11.702,-6.632,0.180
44.3513,6.000,485.370,619.120,7.801,-7.965,0.180
44.4502,6.000,492.996,614.107,14.120,-1.677,0.180
44.5489,5.000,485.088,621.837,6.301,-6.921,0.180
44.6471,4.000,481.629,625.745,2.618,-8.026,0.180
44.7458,3.000,479.303,629.052,-0.199,-8.258,0.180
44.8442,3.000,487.755,624.434,6.336,-1.739,0.180
44.9439,2.000,480.399,632.649,-1.449,-6.934,0.180
45.0422,1.000,477.376,637.003,-5.138,-8.028,0.180
45.1497,1.000,485.784,632.725,1.205,-1.690,0.180
45.2469,-0.000,478.506,641.115,-6.629,-6.924,0.180
45.3453,-0.000,485.945,637.620,-1.162,-1.458,0.180
45.4429,-0.000,488.772,638.146,-0.012,-0.307,0.180
45.5518,-0.000,490.439,639.329,0.231,-0.065,0.180
45.6496,1.000,499.075,629.515,9.455,6.555,0.180
45.7479,-0.000,484.531,643.658,-4.888,-5.188,0.180
45.8457,-0.000,489.957,640.891,-0.792,-1.092,0.180
45.9422,-0.000,491.949,641.159,0.071,-0.230,0.180
46.0513,-1.000,482.118,649.312,-8.921,-6.617,0.180
46.1489,-2.000,477.149,652.253,-12.876,-7.961,0.180
46.2438,-3.000,473.089,653.991,-15.775,-8.245,0.180
46.3423,-4.000,469.121,655.384,-18.456,-8.304,0.180
46.4507,-6.000,454.115,664.002,-30.268,-14.885,0.180
46.5488,-7.000,455.147,659.940,-27.721,-9.702,0.180
46.6483,-9.000,441.035,667.276,-38.445,-15.179,0.180
46.7471,-10.000,442.119,662.834,-35.682,-9.764,0.180
46.8482,-11.000,438.874,662.623,-37.199,-8.624,0.180
46.9460,-12.000,434.683,663.277,-39.621,-8.384,0.180
47.0456,-13.000,430.263,664.091,-42.239,-8.333,0.180
47.1445,-13.000,436.741,657.546,-35.727,-1.754,0.180
47.2422,-13.000,438.031,656.201,-34.410,-0.369,0.180
47.3504,-13.000,438.231,655.954,-34.186,-0.078,0.180
47.4491,-13.000,438.205,655.940,-34.192,-0.016,0.180
47.5471,-13.000,438.133,655.977,-34.246,-0.003,0.180
47.6436,-13.000,438.054,656.028,-34.311,-0.001,0.180
47.7425,-13.000,437.974,656.082,-34.378,-0.000,0.180
47.8426,-12.000,445.870,645.766,-25.272,6.568,0.180
47.9403,-12.000,441.093,651.485,-30.520,1.383,0.180
48.0491,-12.000,440.339,653.039,-31.674,0.291,0.180
48.1452,-12.000,440.388,653.672,-31.967,0.061,0.180
48.2432,-11.000,448.540,643.698,-22.904,6.581,0.180
48.3402,-11.000,444.013,649.677,-28.157,1.386,0.180
48.4478,-10.000,451.452,641.072,-20.134,6.860,0.180
48.5454,-10.000,446.989,647.544,-25.602,1.444,0.180
48.6404,-9.000,454.624,639.216,-17.621,6.872,0.180
48.7399,-9.000,450.357,645.894,-23.093,1.447,0.180
48.8489,-8.000,458.167,637.735,-15.108,6.873,0.180
48.9463,-8.000,454.050,644.553,-20.576,1.447,0.180
49.0431,-8.000,454.015,646.886,-21.760,0.305,0.180
49.1407,-8.000,454.709,648.144,-22.042,0.064,0.180
49.2496,-8.000,455.446,649.066,-22.134,0.014,0.180
49.3492,-8.000,456.099,649.824,-22.187,0.003,0.180
49.4498,-9.000,445.681,657.841,-31.404,-6.568,0.180
49.5495,-9.000,451.299,653.182,-26.266,-1.383,0.180
49.6488,-9.000,452.752,652.545,-25.221,-0.291,0.180
49.7469,-10.000,442.308,660.082,-34.212,-6.630,0.180
49.8451,-10.000,447.754,655.164,-29.030,-1.396,0.180
49.9427,-11.000,438.055,661.713,-37.153,-6.862,0.180
50.0407,-11.000,443.577,656.514,-31.793,-1.445,0.180
50.1487,-11.000,444.797,655.567,-30.710,-0.304,0.180
50.2466,-12.000,434.123,662.874,-39.700,-6.632,0.180
50.3446,-12.000,439.365,657.770,-34.527,-1.396,0.180
50.4446,-13.000,429.490,664.162,-42.660,-6.862,0.180
50.5465,-13.000,434.860,658.832,-37.310,-1.445,0.180
50.6458,-13.000,435.950,657.776,-36.237,-0.304,0.180
50.7425,-14.000,425.163,664.991,-45.238,-6.632,0.180
50.8425,-14.000,430.309,659.810,-40.075,-1.396,0.180
50.9413,-15.000,420.350,666.139,-48.219,-6.862,0.180
51.0475,-15.000,425.646,660.756,-42.879,-1.445,0.180
51.1446,-16.000,415.699,667.031,-50.990,-6.873,0.180
51.2431,-15.000,428.954,651.254,-36.474,5.122,0.180
51.3420,-16.000,414.287,663.177,-49.769,-5.490,0.180
51.4419,-14.000,434.820,638.512,-27.171,11.981,0.180
51.5401,-13.000,434.506,638.914,-27.529,9.091,0.180
51.6418,-13.000,428.798,647.696,-34.773,1.914,0.180
51.7404,-11.000,444.474,629.834,-18.004,13.540,0.180
51.8396,-9.000,451.745,621.904,-10.404,15.987,0.180
51.9487,-9.000,441.797,637.292,-23.072,3.366,0.180
52.0466,-7.000,457.352,621.561,-7.429,13.845,0.180
52.1451,-7.000,449.310,635.453,-18.396,2.915,0.180
52.2415,-5.000,465.407,619.530,-2.386,13.750,0.180
52.3480,-3.000,473.546,612.738,5.079,16.032,0.180
52.4456,-2.000,472.420,618.609,1.581,9.944,0.180
52.5453,-1.000,476.049,619.612,2.894,8.662,0.180
52.6444,-1.000,472.675,629.925,-3.950,1.824,0.180
52.7420,1.000,489.526,612.971,12.953,13.521,0.180
52.8403,1.000,481.813,626.597,2.284,2.846,0.180
52.9394,1.000,482.084,631.352,0.042,0.599,0.180
53.0400,2.000,491.126,622.982,8.748,6.695,0.180
53.1392,2.000,487.637,630.043,3.473,1.409,0.180
53.2480,3.000,495.426,621.689,11.544,6.865,0.180
53.3466,3.000,491.282,628.353,6.140,1.445,0.180
53.4457,3.000,491.228,630.550,5.014,0.304,0.180
53.5433,3.000,491.913,631.685,4.790,0.064,0.180
53.6411,3.000,492.652,632.494,4.755,0.013,0.180
53.7398,3.000,493.315,633.147,4.760,0.003,0.180
53.8479,4.000,501.261,622.719,13.947,6.569,0.180
53.9440,4.000,496.541,628.329,8.782,1.383,0.180
54.0411,5.000,503.222,618.805,16.884,6.860,0.180
54.1384,5.000,498.124,624.486,11.495,1.444,0.180
54.2469,6.000,504.632,614.875,19.554,6.872,0.180
54.3428,7.000,506.792,609.476,23.333,8.015,0.180
54.4406,7.000,500.624,615.891,17.042,1.687,0.180
54.5382,8.000,506.807,606.319,24.920,6.924,0.180
54.6469,8.000,501.442,611.802,19.495,1.458,0.180
54.7446,8.000,500.383,612.962,18.386,0.307,0.180
54.8416,8.000,500.225,613.205,18.186,0.065,0.180
54.9401,8.000,500.252,613.251,18.176,0.014,0.180
55.0480,8.000,500.314,613.251,18.207,0.003,0.180
55.1462,8.000,500.380,613.238,18.246,0.001,0.180
55.2430,8.000,500.443,613.220,18.287,0.000,0.180
55.3401,7.000,490.130,621.171,9.155,-6.568,0.180
55.4467,6.000,485.475,624.419,5.204,-7.951,0.180
55.5438,6.000,492.685,619.012,11.512,-1.674,0.180
55.6416,5.000,484.431,626.399,3.691,-6.921,0.180
55.7392,5.000,491.052,622.041,9.181,-1.457,0.180
55.8372,4.000,505.092,638.395,-3.177,-11.856,0.320
55.9450,4.000,540.850,636.247,6.255,-2.447,0.320
56.0453,3.000,552.138,656.143,-6.142,-12.060,0.320
56.1464,2.000,570.304,670.097,-10.915,-14.044,0.320
56.2432,1.000,589.406,683.912,-14.119,-14.454,0.320
56.3407,-0.000,608.289,698.623,-17.003,-14.538,0.320
56.4379,-1.000,625.935,713.466,-19.826,-14.555,0.320
56.5379,-2.000,642.487,728.466,-22.641,-14.559,0.320
56.6454,-4.000,641.817,756.048,-39.820,-26.115,0.320
56.7416,-4.000,681.941,749.575,-19.116,-5.389,0.320
56.8474,-6.000,672.527,784.687,-43.583,-24.223,0.320
56.9458,-8.000,677.339,804.812,-53.115,-28.110,0.320
57.0426,-9.000,700.901,809.382,-45.211,-17.356,0.320
57.1425,-11.000,699.261,835.029,-60.210,-26.692,0.320
57.2406,-12.000,720.844,840.786,-53.448,-17.064,0.320
57.3416,-14.000,718.242,866.721,-68.695,-26.632,0.320
57.4395,-16.000,722.874,885.018,-76.359,-28.607,0.320
57.5440,-19.000,712.483,914.152,-96.828,-40.570,0.320
57.6427,-20.000,743.860,908.642,-78.986,-19.927,0.320
57.7411,-21.000,758.791,919.633,-77.526,-15.667,0.320
57.8391,-24.000,737.737,958.975,-108.158,-37.900,0.320
57.9391,-25.000,766.570,955.622,-92.435,-19.376,0.320
58.0378,-27.000,764.426,979.517,-105.768,-27.109,0.320
58.1360,-28.000,784.565,984.803,-98.608,-17.150,0.320
58.2425,-29.000,796.819,998.094,-99.353,-15.094,0.320
58.3406,-30.000,807.460,1013.101,-101.729,-14.670,0.320
58.4412,-31.000,817.779,1028.517,-104.441,-14.583,0.320
58.5404,-32.000,828.041,1044.065,-107.223,-14.565,0.320
58.6365,-32.000,838.659,1031.328,-95.664,-3.005,0.320
58.7363,-34.000,807.694,1052.813,-121.990,-23.731,0.320
58.8461,-34.000,825.584,1032.864,-103.156,-4.897,0.320
58.9450,-35.000,812.393,1040.466,-113.625,-12.566,0.320
59.0425,-36.000,805.277,1041.991,-118.007,-14.149,0.320
59.1402,-36.000,815.682,1029.834,-106.778,-2.920,0.320
59.2381,-37.000,801.023,1039.163,-118.817,-12.158,0.320
59.3361,-38.000,793.670,1041.146,-123.523,-14.064,0.320
59.4454,-38.000,804.082,1029.169,-112.361,-2.902,0.320
59.5440,-37.000,819.023,1010.738,-95.702,10.957,0.320
59.6416,-36.000,823.643,1003.992,-90.042,13.816,0.320
59.7404,-33.000,853.120,969.227,-57.941,37.518,0.320
59.8374,-30.000,865.441,954.932,-44.650,42.408,0.320
59.9460,-20.000,968.214,837.881,65.248,124.306,0.320
60.0442,-13.000,971.358,837.480,67.008,106.539,0.320
60.1420,-8.000,964.812,856.558,54.186,79.762,0.320
60.2395,-5.000,954.143,886.400,33.921,51.126,0.320
60.3373,-3.000,952.757,908.762,22.040,33.661,0.320
60.4459,-2.000,951.228,931.961,9.669,18.501,0.320
60.5440,-0.000,973.810,926.478,23.697,26.929,0.320
60.6444,-0.000,962.710,958.113,2.324,5.557,0.320
60.7438,1.000,979.472,954.965,12.275,12.702,0.320
60.8429,1.000,976.686,972.323,2.200,2.621,0.320
60.9425,1.000,980.807,980.588,0.125,0.541,0.320
61.0418,1.000,985.650,986.274,-0.298,0.112,0.320
61.1396,1.000,990.044,990.829,-0.381,0.023,0.320
61.2378,1.000,993.836,994.644,-0.394,0.005,0.320
61.3368,1.000,997.072,997.873,-0.392,0.001,0.320
61.4363,2.000,1012.268,984.334,13.974,11.556,0.320
61.5378,2.000,1005.312,995.697,4.814,2.385,0.320
61.6453,2.000,1005.305,999.450,2.933,0.492,0.320
61.7431,2.000,1006.519,1001.421,2.553,0.102,0.320
61.8419,2.000,1007.803,1002.843,2.484,0.021,0.320
61.9400,2.000,1008.949,1003.998,2.478,0.004,0.320
62.0358,2.000,1009.935,1004.968,2.486,0.001,0.320
62.1440,2.000,1010.777,1005.788,2.497,0.000,0.320
62.2411,2.000,1011.495,1006.483,2.508,0.000,0.320
62.3393,2.000,1012.107,1007.072,2.519,0.000,0.320
62.4370,2.000,1012.629,1007.571,2.530,0.000,0.320
62.5443,2.000,1013.074,1007.994,2.541,0.000,0.320
62.6394,2.000,1013.454,1008.351,2.552,0.000,0.320
62.7375,2.000,1013.779,1008.653,2.564,0.000,0.320
62.8344,2.000,1014.057,1008.908,2.575,0.000,0.320
62.9405,2.000,1014.295,1009.124,2.586,0.000,0.320
63.0382,2.000,1014.498,1009.305,2.597,0.000,0.320
63.1349,2.000,1014.673,1009.457,2.608,0.000,0.320
63.2418,2.000,1014.824,1009.585,2.620,0.000,0.320
63.3399,2.000,1014.953,1009.692,2.631,0.000,0.320
63.4381,2.000,1015.065,1009.781,2.642,0.000,0.320
63.5356,2.000,1015.162,1009.855,2.653,0.000,0.320
63.6434,3.000,1027.687,993.636,17.026,11.556,0.320
63.7432,3.000,1018.462,1002.720,7.871,2.384,0.320
63.8419,3.000,1016.527,1004.535,5.996,0.492,0.320
63.9420,3.000,1016.102,1004.858,5.622,0.102,0.320
64.0425,4.000,1028.436,988.598,19.919,11.577,0.320
64.1400,4.000,1019.102,997.594,10.754,2.389,0.320
64.2386,4.000,1017.086,999.324,8.881,0.493,0.320
64.3360,4.000,1016.595,999.571,8.512,0.102,0.320
64.4348,4.000,1016.433,999.526,8.453,0.021,0.320
64.5438,5.000,1028.792,983.151,22.820,11.560,0.320
64.6451,5.000,1019.438,992.091,13.674,2.385,0.320
64.7430,4.000,1001.956,1007.061,-2.552,-11.063,0.320
64.8396,4.000,1011.192,998.691,6.250,-2.283,0.320
64.9385,4.000,1013.394,997.224,8.085,-0.471,0.320
65.0361,4.000,1014.102,997.141,8.481,-0.097,0.320
65.1337,3.000,999.026,1010.588,-5.781,-11.576,0.320
65.2339,3.000,1009.038,1002.192,3.423,-2.389,0.320
65.3421,2.000,996.196,1014.247,-9.026,-12.048,0.320
65.4412,2.000,1006.935,1005.839,0.548,-2.486,0.320
65.5372,1.000,994.469,1018.127,-11.829,-12.069,0.320
65.6351,1.000,1005.477,1009.967,-2.245,-2.490,0.320
65.7343,1.000,1008.670,1009.196,-0.263,-0.514,0.320
65.8424,-0.000,994.671,1023.092,-14.211,-11.662,0.320
65.9390,-0.000,1005.383,1015.294,-4.955,-2.406,0.320
66.0365,-1.000,992.250,1027.063,-17.407,-12.052,0.320
66.1329,-0.000,1016.011,1002.983,6.514,9.069,0.320
66.2405,-0.000,1010.178,1011.545,-0.683,1.871,0.320
66.3383,-0.000,1009.852,1014.189,-2.169,0.386,0.320
66.4382,-0.000,1010.532,1015.482,-2.475,0.080,0.320
66.5363,-0.000,1011.306,1016.383,-2.538,0.016,0.320
66.6331,-0.000,1012.005,1017.108,-2.551,0.003,0.320
66.7415,-0.000,1012.608,1017.716,-2.554,0.001,0.320
66.8367,-0.000,1013.122,1018.231,-2.555,0.000,0.320
66.9351,-0.000,1013.559,1018.669,-2.555,0.000,0.320
67.0435,-0.000,1013.931,1019.041,-2.555,0.000,0.320
67.1436,-0.000,1014.247,1019.357,-2.555,0.000,0.320
67.2426,-0.000,1014.516,1019.625,-2.555,0.000,0.320
67.3406,-0.000,1014.744,1019.853,-2.555,0.000,0.320
67.4373,-0.000,1014.938,1020.048,-2.555,0.000,0.320
67.5348,-0.000,1015.103,1020.212,-2.555,0.000,0.320
67.6436,-0.000,1015.243,1020.353,-2.555,0.000,0.320
67.7402,1.000,1027.804,1004.191,11.806,11.556,0.320
67.8376,1.000,1018.607,1013.325,2.641,2.384,0.320
67.9355,1.000,1016.694,1015.186,0.754,0.492,0.320
68.0348,2.000,1028.729,999.268,14.730,11.657,0.320
68.1326,2.000,1019.337,1008.357,5.490,2.405,0.320
68.2414,2.000,1017.311,1010.127,3.592,0.496,0.320
68.3389,3.000,1029.261,994.120,17.570,11.658,0.320
68.4362,3.000,1019.800,1003.131,8.335,2.406,0.320
68.5355,3.000,1017.717,1004.832,6.442,0.496,0.320
68.6331,3.000,1017.178,1005.047,6.065,0.102,0.320
68.7413,3.000,1016.975,1004.973,6.001,0.021,0.320
68.8395,3.000,1016.858,1004.856,6.001,0.004,0.320
68.9394,3.000,1016.771,1004.743,6.014,0.001,0.320
69.0377,4.000,1029.144,988.361,20.391,11.556,0.320
69.1352,4.000,1019.791,997.306,11.243,2.385,0.320
69.2355,4.000,1017.748,999.003,9.373,0.492,0.320
69.3336,4.000,1017.232,999.223,9.004,0.102,0.320
69.4335,4.000,1017.049,999.156,8.946,0.021,0.320
69.5402,3.000,994.971,995.556,-0.293,-1.280,0.180
69.6372,3.000,984.565,983.316,0.624,-0.366,0.180
69.7366,3.000,973.294,971.518,0.888,-0.104,0.180
69.8335,3.000,961.658,959.727,0.965,-0.030,0.180
69.9416,4.000,949.991,944.539,2.726,1.277,0.180
70.0406,4.000,937.260,933.625,1.817,0.365,0.180
70.1371,4.000,925.044,921.923,1.560,0.104,0.180
70.2350,4.000,912.898,909.919,1.489,0.030,0.180
70.3329,4.000,900.707,897.763,1.472,0.009,0.180
70.4409,5.000,888.623,882.211,3.206,1.288,0.180
70.5395,5.000,875.553,870.972,2.290,0.368,0.180
70.6375,5.000,863.053,858.989,2.032,0.105,0.180
70.7341,5.000,850.667,846.745,1.961,0.030,0.180
70.8317,5.000,838.273,834.384,1.944,0.009,0.180
70.9394,5.000,825.840,821.955,1.943,0.002,0.180
71.0355,6.000,813.544,806.180,3.682,1.286,0.180
71.1437,6.000,800.290,794.752,2.769,0.368,0.180
71.2405,6.000,787.633,782.610,2.511,0.105,0.180
71.3393,6.000,775.114,770.231,2.442,0.030,0.180
71.4375,6.000,762.606,757.755,2.426,0.009,0.180
71.5357,6.000,750.078,745.228,2.425,0.002,0.180
71.6350,7.000,737.700,729.369,4.165,1.286,0.180
71.7315,7.000,724.376,717.871,3.253,0.368,0.180
71.8400,7.000,711.661,705.668,2.997,0.105,0.180
71.9377,7.000,699.093,693.237,2.928,0.030,0.180
72.0363,7.000,686.543,680.717,2.913,0.009,0.180
72.1330,7.000,673.979,668.153,2.913,0.002,0.180
72.2311,8.000,661.570,652.262,4.654,1.286,0.180
72.3400,8.000,648.221,640.737,3.742,0.368,0.180
72.4350,8.000,635.485,628.511,3.487,0.105,0.180
72.5309,8.000,622.898,616.059,3.419,0.030,0.180
72.6408,8.000,610.333,603.523,3.405,0.009,0.180
72.7388,8.000,597.755,590.943,3.406,0.002,0.180
72.8373,8.000,585.160,578.337,3.412,0.001,0.180
72.9357,9.000,572.722,562.412,5.155,1.286,0.180
73.0331,9.000,572.080,563.591,4.244,0.367,0.180
73.1386,9.000,572.054,564.074,3.990,0.105,0.180
73.2344,10.000,572.358,561.038,5.660,1.316,0.180
73.3307,10.000,571.766,562.308,4.729,0.376,0.180
73.4393,10.000,571.795,562.856,4.470,0.107,0.180
73.5382,11.000,572.149,559.872,6.138,1.316,0.180
73.6368,11.000,571.601,561.184,5.208,0.376,0.180
73.7382,11.000,571.667,561.768,4.949,0.107,0.180
73.8364,11.000,571.876,562.111,4.882,0.031,0.180
73.9335,12.000,572.275,559.061,6.607,1.294,0.180
74.0302,12.000,571.735,560.349,5.693,0.370,0.180
74.1392,12.000,571.799,560.919,5.440,0.106,0.180
74.2363,12.000,572.004,561.254,5.375,0.030,0.180
74.3342,13.000,572.399,558.197,7.101,1.294,0.180
74.4354,13.000,571.856,559.479,6.188,0.370,0.180
74.5332,13.000,571.917,560.045,5.936,0.106,0.180
74.6298,13.000,572.120,560.376,5.872,0.030,0.180
74.7362,14.000,572.513,557.316,7.599,1.294,0.180
74.8337,14.000,571.968,558.594,6.687,0.370,0.180
74.9368,14.000,572.028,559.157,6.435,0.106,0.180
75.0331,15.000,572.297,556.297,8.000,1.316,0.180
75.1307,15.000,571.879,557.514,7.182,0.376,0.180
75.2390,15.000,571.963,558.108,6.927,0.107,0.180
75.3373,16.000,571.764,555.764,8.000,1.316,0.180
75.4368,16.000,571.858,556.508,7.675,0.376,0.180
75.5342,16.000,571.960,557.119,7.421,0.107,0.180
75.6349,16.000,572.201,557.484,7.358,0.031,0.180
75.7319,16.000,572.451,557.749,7.351,0.009,0.180
75.8297,16.000,572.677,557.960,7.359,0.003,0.180
75.9347,16.000,572.876,558.133,7.372,0.001,0.180
76.0330,16.000,573.048,558.277,7.385,0.000,0.180
76.1299,16.000,573.197,558.397,7.400,0.000,0.180
76.2402,15.000,570.149,558.794,5.677,-1.286,0.180
76.3389,15.000,571.453,558.235,6.609,-0.367,0.180
76.4377,15.000,572.046,558.276,6.885,-0.105,0.180
76.5391,15.000,572.404,558.457,6.974,-0.030,0.180
76.6359,15.000,572.669,558.651,7.009,-0.009,0.180
76.7329,15.000,572.883,558.827,7.028,-0.002,0.180
76.8318,15.000,573.064,558.977,7.043,-0.001,0.180
76.9311,14.000,570.042,559.400,5.321,-1.286,0.180
77.0299,14.000,571.368,558.865,6.252,-0.367,0.180
77.1389,14.000,571.980,558.926,6.527,-0.105,0.180
77.2380,14.000,572.353,559.124,6.615,-0.030,0.180
77.3364,14.000,572.630,559.333,6.649,-0.009,0.180
77.4331,14.000,572.855,559.521,6.667,-0.002,0.180
77.5294,13.000,569.869,559.979,4.945,-1.286,0.180
77.6388,13.000,571.224,559.473,5.876,-0.368,0.180
77.7369,13.000,571.860,559.560,6.150,-0.105,0.180
77.8350,13.000,572.254,559.781,6.237,-0.030,0.180
77.9326,13.000,572.548,560.009,6.270,-0.009,0.180
78.0321,12.000,569.611,560.510,4.551,-1.288,0.180
78.1337,12.000,571.007,560.043,5.482,-0.368,0.180
78.2348,12.000,571.676,560.165,5.755,-0.105,0.180
78.3341,12.000,572.097,560.414,5.841,-0.030,0.180
78.4326,12.000,572.415,560.668,5.874,-0.009,0.180
78.5294,12.000,572.674,560.893,5.891,-0.002,0.180
78.6368,11.000,569.716,561.383,4.167,-1.286,0.180
78.7343,11.000,571.096,560.906,5.095,-0.368,0.180
78.8333,11.000,571.752,561.017,5.368,-0.105,0.180
78.9308,11.000,572.163,561.258,5.453,-0.030,0.180
79.0303,10.000,569.295,561.801,3.747,-1.294,0.180
79.1287,10.000,570.740,561.379,4.681,-0.370,0.180
79.2361,10.000,571.448,561.540,4.954,-0.106,0.180
79.3335,10.000,571.902,561.825,5.038,-0.030,0.180
79.4312,9.000,569.070,562.406,3.332,-1.294,0.180
79.5301,9.000,570.546,562.016,4.265,-0.370,0.180
79.6380,9.000,571.280,562.205,4.537,-0.106,0.180
79.7355,8.000,568.579,562.811,2.884,-1.316,0.180
79.8327,7.000,566.959,562.770,2.095,-1.662,0.180
79.9299,7.000,568.947,562.371,3.288,-0.475,0.180
80.0374,6.000,566.790,562.997,1.897,-1.421,0.180
80.1346,6.000,568.661,562.826,2.917,-0.406,0.180
80.2336,5.000,566.502,563.549,1.476,-1.402,0.180
80.3315,4.000,565.221,563.730,0.745,-1.686,0.180
80.4286,4.000,567.461,563.554,1.953,-0.482,0.180
80.5373,4.000,568.687,564.084,2.301,-0.138,0.180
80.6333,3.000,566.358,565.025,0.666,-1.325,0.180
80.7349,3.000,568.217,564.986,1.616,-0.379,0.180
80.8326,3.000,569.264,565.486,1.889,-0.108,0.180
80.9286,4.000,570.178,562.767,3.705,1.255,0.180
81.0285,3.000,566.841,564.689,1.076,-0.927,0.180
81.1379,5.000,568.758,558.330,5.214,2.307,0.180
81.2361,5.000,568.228,561.085,3.571,0.659,0.180
81.3352,6.000,568.883,559.200,4.842,1.474,0.180
81.4338,7.000,568.990,557.928,5.531,1.707,0.180
81.5316,7.000,568.782,560.146,4.318,0.488,0.180
81.6373,8.000,569.471,558.046,5.712,1.425,0.180
81.7376,9.000,569.537,556.660,6.438,1.693,0.180
81.8354,10.000,569.451,555.503,6.974,1.769,0.180
81.9324,10.000,569.168,557.730,5.719,0.506,0.180
82.0299,11.000,569.819,555.612,7.104,1.430,0.180
82.1274,12.000,569.861,554.204,7.829,1.694,0.180
82.2355,13.000,569.391,553.391,8.000,1.770,0.180
82.3338,14.000,568.786,552.786,8.000,1.791,0.180
82.4312,14.000,569.355,554.189,7.583,0.512,0.180
82.5284,15.000,569.050,553.050,8.000,1.432,0.180
82.6362,15.000,569.893,553.979,7.957,0.409,0.180
82.7368,16.000,569.129,553.129,8.000,1.403,0.180
82.8342,17.000,568.384,552.384,8.000,1.686,0.180
82.9323,18.000,567.690,551.690,8.000,1.768,0.180
83.0306,18.000,568.600,552.600,8.000,0.505,0.180
83.1264,19.000,567.814,551.814,8.000,1.430,0.180
83.2371,20.000,567.086,551.086,8.000,1.694,0.180
83.3349,20.000,567.966,551.966,8.000,0.484,0.180
83.4329,21.000,567.155,551.155,8.000,1.424,0.180
83.5325,22.000,566.406,550.406,8.000,1.693,0.180
83.6306,22.000,567.269,551.269,8.000,0.484,0.180
83.7289,23.000,566.442,550.442,8.000,1.424,0.180
83.8351,23.000,567.239,551.239,8.000,0.407,0.180
83.9311,24.000,566.357,550.357,8.000,1.402,0.180
84.0278,24.000,567.107,551.107,8.000,0.401,0.180
84.1365,25.000,566.185,550.185,8.000,1.400,0.180
84.2343,25.000,566.901,550.901,8.000,0.400,0.180
84.3332,26.000,565.950,549.950,8.000,1.400,0.180
84.4301,26.000,566.641,550.641,8.000,0.400,0.180
84.5307,27.000,565.669,549.669,8.000,1.400,0.180
84.6306,27.000,566.342,550.342,8.000,0.400,0.180
84.7288,27.000,566.914,550.914,8.000,0.114,0.180
84.8300,27.000,567.401,551.401,8.000,0.033,0.180
84.9276,28.000,566.255,550.255,8.000,1.295,0.180
85.0356,28.000,566.780,550.780,8.000,0.370,0.180
85.1326,29.000,565.667,549.667,8.000,1.391,0.180
85.2281,29.000,566.221,550.221,8.000,0.398,0.180
85.3357,30.000,565.131,549.131,8.000,1.399,0.180
85.4332,30.000,565.705,549.705,8.000,0.400,0.180
85.5326,30.000,566.193,550.193,8.000,0.114,0.180
85.6332,31.000,565.048,549.048,8.000,1.318,0.180
85.7317,31.000,565.575,549.575,8.000,0.377,0.180
85.8284,32.000,564.462,548.462,8.000,1.393,0.180
85.9269,32.000,565.017,549.017,8.000,0.398,0.180
86.0347,32.000,565.488,549.488,8.000,0.114,0.180
86.1362,32.000,565.888,549.888,8.000,0.032,0.180
86.2330,33.000,564.669,548.669,8.000,1.295,0.180
86.3342,33.000,565.132,549.132,8.000,0.370,0.180
86.4325,33.000,565.526,549.526,8.000,0.106,0.180
86.5291,33.000,565.861,549.861,8.000,0.030,0.180
86.6280,34.000,564.586,548.586,8.000,1.294,0.180
86.7262,34.000,565.001,549.001,8.000,0.370,0.180
86.8353,34.000,565.355,549.355,8.000,0.106,0.180
86.9359,34.000,565.655,549.655,8.000,0.030,0.180
87.0337,34.000,565.911,549.911,8.000,0.009,0.180
87.1317,34.000,566.128,550.128,8.000,0.002,0.180
87.2315,34.000,566.313,550.313,8.000,0.001,0.180
87.3298,33.000,565.029,549.029,8.000,-1.286,0.180
87.4268,33.000,565.439,549.439,8.000,-0.367,0.180
87.5365,33.000,565.787,549.787,8.000,-0.105,0.180
87.6343,33.000,566.082,550.082,8.000,-0.030,0.180
87.7316,32.000,564.894,548.894,8.000,-1.294,0.180
87.8305,32.000,565.383,549.383,8.000,-0.370,0.180
87.9274,31.000,564.360,548.360,8.000,-1.391,0.180
88.0255,31.000,564.989,548.989,8.000,-0.398,0.180
88.1329,31.000,565.525,549.525,8.000,-0.114,0.180
115.1560,30.000,1014.841,-985.159,1000.000,949.565,0.320
115.2196,30.000,308.711,-251.173,279.942,195.942,0.320
115.3187,30.000,166.354,-82.511,124.432,40.432,0.320
115.4173,29.000,132.401,-23.574,77.988,-3.212,0.320
115.5170,29.000,146.882,-14.193,80.537,-0.663,0.320
115.6145,28.000,144.507,11.092,66.708,-11.692,0.320
115.7209,28.000,164.836,12.861,75.987,-2.413,0.320
115.8211,28.000,177.456,21.652,77.902,-0.498,0.320
115.9185,28.000,188.264,31.669,78.297,-0.103,0.320
116.0160,27.000,184.153,56.107,64.023,-11.577,0.320
116.1240,27.000,203.770,57.348,73.211,-2.389,0.320
116.2216,27.000,216.918,66.704,75.107,-0.493,0.320
116.3193,26.000,213.826,91.540,61.143,-11.657,0.320
116.4160,26.000,236.206,95.417,70.395,-2.405,0.320
116.5139,26.000,251.661,107.054,72.304,-0.496,0.320
116.6223,25.000,250.521,133.837,58.342,-11.658,0.320
116.7213,25.000,274.560,139.371,67.594,-2.406,0.320
116.8180,24.000,275.989,165.692,55.148,-12.052,0.320
116.9168,24.000,301.235,171.809,64.713,-2.487,0.320
117.0149,23.000,303.490,198.827,52.331,-12.069,0.320
117.1243,23.000,329.396,205.577,61.910,-2.490,0.320
117.2213,22.000,332.203,233.142,49.531,-12.069,0.320
117.3188,21.000,343.143,253.635,44.754,-14.046,0.320
117.4164,21.000,371.536,259.733,55.902,-2.898,0.320
117.5146,20.000,375.447,287.754,43.846,-12.154,0.320
117.6221,19.000,387.222,308.736,39.243,-14.063,0.320
117.7180,18.000,400.858,328.559,36.150,-14.458,0.320
117.8151,17.000,415.099,348.372,33.364,-14.539,0.320
117.9153,16.000,429.652,368.379,30.636,-14.556,0.320
118.0132,16.000,459.869,375.313,42.278,-3.004,0.320
118.1234,15.000,465.078,404.298,30.390,-12.175,0.320
118.2211,15.000,493.245,412.970,40.137,-2.512,0.320
118.3179,14.000,497.925,442.217,27.854,-12.074,0.320
118.4179,14.000,525.893,450.863,37.515,-2.491,0.320
118.5162,13.000,530.455,480.036,25.210,-12.070,0.320
118.6146,13.000,558.332,488.609,34.861,-2.491,0.320
118.7207,12.000,562.819,517.720,22.550,-12.069,0.320
118.8186,11.000,575.190,539.521,17.835,-14.046,0.320
118.9151,11.000,604.810,546.722,29.044,-2.898,0.320
119.0227,10.000,609.767,575.678,17.045,-12.154,0.320
119.1211,9.000,622.328,597.557,12.385,-14.063,0.320
119.2188,8.000,636.623,618.151,9.236,-14.458,0.320
119.3162,8.000,666.857,625.347,20.755,-2.983,0.320
119.4129,7.000,672.124,654.511,8.806,-12.171,0.320
119.5236,6.000,684.902,676.614,4.144,-14.067,0.320
119.6223,5.000,699.370,697.408,0.981,-14.458,0.320
119.7186,4.000,714.306,718.061,-1.877,-14.539,0.320
119.8151,3.000,729.438,738.793,-4.677,-14.556,0.320
119.9130,3.000,760.137,746.354,6.892,-3.004,0.320
120.0214,1.000,750.303,789.163,-19.430,-23.731,0.320
120.1164,1.000,788.545,789.725,-0.590,-4.897,0.320
120.2128,-0.000,795.874,817.994,-11.060,-12.566,0.320
120.3198,-1.000,808.583,839.478,-15.448,-14.149,0.320
120.4169,-2.000,821.944,859.115,-18.585,-14.475,0.320
120.5152,-3.000,835.052,877.991,-21.470,-14.542,0.320
120.6234,-4.000,847.776,896.387,-24.306,-14.556,0.320
120.7183,-5.000,860.138,914.412,-27.137,-14.559,0.320
120.8166,-5.000,888.467,919.687,-15.610,-3.004,0.320
120.9165,-6.000,891.211,946.440,-27.615,-12.175,0.320
121.0152,-7.000,900.983,965.676,-32.346,-14.068,0.320
121.1243,-8.000,912.044,983.207,-35.582,-14.458,0.320
121.2196,-9.000,923.231,1000.257,-38.513,-14.539,0.320
121.3186,-10.000,934.327,1017.097,-41.385,-14.556,0.320
121.4172,-10.000,961.583,1021.361,-29.889,-3.004,0.320
121.5148,-11.000,947.498,1031.343,-41.923,-12.175,0.320
121.6222,-12.000,940.574,1033.938,-46.682,-14.068,0.320
121.7196,-13.000,935.051,1034.942,-49.946,-14.458,0.320
121.8175,-13.000,946.032,1023.119,-38.543,-2.983,0.320
121.9167,-14.000,931.689,1032.908,-50.610,-12.171,0.320
122.0147,-15.000,924.553,1035.332,-55.389,-14.067,0.320
122.1224,-15.000,935.131,1023.749,-44.309,-2.903,0.320
122.2208,-15.000,936.924,1021.102,-42.089,-0.599,0.320
122.3192,-16.000,920.671,1032.789,-56.059,-11.679,0.320
122.4183,-16.000,929.410,1023.169,-46.880,-2.410,0.320
122.5138,-17.000,914.577,1033.412,-59.418,-12.053,0.320
122.6211,-17.000,923.597,1023.492,-49.947,-2.487,0.320
122.7186,-17.000,925.093,1021.230,-48.068,-0.513,0.320
122.8164,-17.000,925.080,1020.593,-47.756,-0.106,0.320
122.9134,-17.000,924.792,1020.327,-47.767,-0.022,0.320
123.0113,-17.000,924.479,1020.170,-47.845,-0.005,0.320
123.1219,-17.000,924.188,1020.062,-47.937,-0.001,0.320
123.2188,-16.000,937.205,1004.545,-33.670,11.555,0.320
123.3176,-16.000,928.382,1014.243,-42.931,2.384,0.320
123.4164,-15.000,940.053,1001.156,-30.552,12.048,0.320
123.5144,-15.000,931.306,1011.700,-40.197,2.486,0.320
123.6229,-14.000,943.293,999.079,-27.893,12.069,0.320
123.7214,-13.000,948.149,994.526,-23.189,14.046,0.320
123.8112,-13.000,938.557,1007.374,-34.409,2.898,0.320
123.9204,-12.000,950.849,995.690,-22.421,12.154,0.320
124.0183,-12.000,942.894,1007.162,-32.134,2.508,0.320
124.1147,-12.000,942.331,1010.714,-34.191,0.518,0.320
124.2133,-11.000,956.405,997.021,-20.308,11.662,0.320
124.3109,-11.000,948.750,1008.001,-29.625,2.407,0.320
124.4211,-11.000,948.191,1011.385,-31.597,0.497,0.320
124.5195,-11.000,948.936,1013.041,-32.053,0.102,0.320
124.6173,-11.000,949.813,1014.205,-32.196,0.021,0.320
124.7135,-11.000,950.602,1015.151,-32.274,0.004,0.320
124.8117,-11.000,951.275,1015.953,-32.339,0.001,0.320
124.9196,-10.000,965.120,1001.201,-18.040,11.556,0.320
125.0179,-10.000,957.008,1011.543,-27.267,2.385,0.320
125.1163,-10.000,956.007,1014.439,-29.216,0.492,0.320
125.2155,-9.000,969.647,1000.250,-15.301,11.657,0.320
125.3145,-8.000,974.893,995.377,-10.242,13.961,0.320
125.4143,-8.000,965.427,1008.161,-21.367,2.881,0.320
125.5125,-7.000,977.786,996.461,-9.337,12.150,0.320
125.6117,-6.000,983.166,992.482,-4.658,14.063,0.320
125.7113,-6.000,974.067,1005.772,-15.853,2.902,0.320
125.8196,-6.000,973.511,1009.889,-18.189,0.599,0.320
125.9178,-5.000,987.797,996.471,-4.337,11.679,0.320
126.0155,-5.000,980.369,1007.637,-13.634,2.410,0.320
126.1131,-4.000,993.298,995.725,-1.214,12.053,0.320
126.2115,-3.000,998.923,991.804,3.559,14.043,0.320
126.3208,-3.000,989.985,1005.190,-7.602,2.898,0.320
126.4188,-2.000,1002.841,993.956,4.442,12.153,0.320
126.5170,-1.000,1008.654,990.361,9.147,14.063,0.320
126.6158,-1.000,999.930,1003.971,-2.020,2.902,0.320
126.7129,-1.000,999.697,1008.356,-4.329,0.599,0.320
126.8103,-0.000,1014.263,995.160,9.551,11.679,0.320
126.9203,-0.000,1007.076,1006.512,0.282,2.410,0.320
127.0212,-0.000,1006.933,1010.194,-1.631,0.497,0.320
127.1187,-0.000,1008.042,1012.093,-2.025,0.103,0.320
127.2151,-0.000,1009.240,1013.453,-2.107,0.021,0.320
127.3128,-0.000,1010.310,1014.557,-2.124,0.004,0.320
127.4117,-0.000,1011.230,1015.484,-2.127,0.001,0.320
127.5095,-0.000,1012.015,1016.270,-2.128,0.000,0.320
127.6178,-0.000,1012.682,1016.938,-2.128,0.000,0.320
127.7153,-0.000,1013.249,1017.505,-2.128,0.000,0.320
127.8119,1.000,1026.173,1001.707,12.233,11.556,0.320
127.9123,1.000,1017.285,1011.150,3.068,2.384,0.320
128.0104,2.000,1028.076,996.992,15.542,12.048,0.320
128.1180,3.000,1031.035,990.330,20.353,14.042,0.320
128.2155,3.000,1019.835,1001.384,9.225,2.897,0.320
128.3107,4.000,1029.930,987.323,21.304,12.153,0.320
128.4193,4.000,1020.122,996.761,11.681,2.508,0.320
128.5173,5.000,1030.438,982.290,24.074,12.073,0.320
128.6149,6.000,1033.060,975.297,28.881,14.047,0.320
128.7131,6.000,1021.587,986.054,17.767,2.899,0.320
128.8103,7.000,1031.457,971.735,29.861,12.154,0.320
128.9183,8.000,1033.901,964.670,34.615,14.063,0.320
129.0161,8.000,1022.321,975.323,23.499,2.902,0.320
129.1136,9.000,1032.109,960.906,35.602,12.154,0.320
129.2114,9.000,1022.046,970.034,26.006,2.508,0.320
129.3112,10.000,1032.150,955.296,38.427,12.073,0.320
129.4192,10.000,1022.154,964.353,28.901,2.491,0.320
129.5146,10.000,1019.834,965.875,26.980,0.514,0.320
129.6132,11.000,1031.584,949.606,40.989,11.662,0.320
129.7191,11.000,1021.970,958.379,31.795,2.406,0.320
129.8182,11.000,1019.764,959.870,29.947,0.497,0.320
129.9159,11.000,1019.128,959.899,29.614,0.102,0.320
130.0130,10.000,1003.409,972.942,15.234,-11.534,0.320
130.1115,9.000,997.541,977.375,10.083,-13.936,0.320
130.2179,8.000,994.100,980.436,6.832,-14.431,0.320
130.3172,8.000,1006.937,970.277,18.330,-2.978,0.320
130.4163,7.000,995.042,982.288,6.377,-12.170,0.320
130.5144,6.000,990.848,987.420,1.714,-14.067,0.320
130.6131,6.000,1003.944,978.121,12.912,-2.903,0.320
130.7131,5.000,992.454,990.679,0.888,-12.155,0.320
130.8140,4.000,988.642,996.239,-3.799,-14.064,0.320
130.9124,3.000,986.627,1000.579,-6.976,-14.458,0.320
131.0116,2.000,985.166,1004.858,-9.846,-14.539,0.320
131.1112,1.000,983.972,1009.286,-12.657,-14.556,0.320
131.2091,-0.000,952.436,1012.580,-10.470,-9.633,0.180
131.3160,-1.000,919.826,1015.810,-12.039,-8.596,0.180
131.4119,-1.000,899.646,1009.241,-5.257,-1.810,0.180
131.5107,-2.000,865.103,1012.674,-13.007,-6.949,0.180
131.6183,-3.000,836.255,1009.704,-16.705,-8.031,0.180
131.7153,-3.000,820.626,996.512,-10.380,-1.691,0.180
131.8123,-3.000,801.209,986.658,-9.061,-0.356,0.180
131.9103,-3.000,781.771,976.439,-8.795,-0.075,0.180
132.0082,-4.000,752.018,972.611,-17.925,-6.584,0.180
132.1182,-4.000,739.089,955.220,-12.748,-1.386,0.180
132.2168,-4.000,722.696,941.067,-11.675,-0.292,0.180
132.3143,-3.000,713.957,916.667,-2.291,6.507,0.180
132.4104,-2.000,700.798,897.484,1.730,7.938,0.180
132.5198,-1.000,687.314,879.301,4.626,8.240,0.180
132.6165,-0.000,674.279,861.246,7.289,8.303,0.180
132.7156,1.000,661.177,842.546,9.908,8.316,0.180
132.8139,2.000,648.052,823.265,12.521,8.319,0.180
132.9163,4.000,642.288,792.509,24.311,14.888,0.180
133.0151,5.000,623.932,777.448,21.751,9.703,0.180
133.1131,6.000,609.668,757.934,23.291,8.611,0.180
133.2114,7.000,596.266,737.250,25.697,8.381,0.180
133.3081,8.000,583.045,716.122,28.291,8.333,0.180
133.4081,9.000,569.863,694.733,30.927,8.323,0.180
133.5175,11.000,564.065,662.171,42.751,14.889,0.180
133.6156,12.000,545.687,645.569,40.227,9.703,0.180
133.7136,13.000,531.411,624.738,41.803,8.611,0.180
133.8118,14.000,518.003,602.929,44.246,8.381,0.180
133.9122,15.000,504.783,580.840,46.875,8.333,0.180
134.0101,17.000,514.586,563.881,58.722,14.891,0.180
134.1114,17.000,504.181,574.204,47.054,3.135,0.180
134.2094,19.000,517.615,553.499,63.015,13.797,0.180
134.3181,20.000,514.944,552.391,61.291,9.473,0.180
134.4165,21.000,515.528,547.994,62.981,8.563,0.180
134.5150,23.000,524.065,532.016,74.558,14.940,0.180
134.6122,24.000,520.055,532.101,71.932,9.714,0.180
134.7123,25.000,520.079,528.141,73.431,8.613,0.180
134.8104,25.000,513.524,534.351,66.631,1.813,0.180
134.9082,26.000,519.670,524.312,74.368,6.950,0.180
135.0157,27.000,521.698,518.373,78.050,8.032,0.180
135.1132,28.000,522.821,513.327,80.877,8.259,0.180
135.2109,28.000,516.351,519.462,74.357,1.739,0.180
135.3074,29.000,522.390,509.539,82.152,6.934,0.180
135.4166,29.000,516.922,514.705,76.678,1.460,0.180
135.5144,30.000,523.144,504.626,84.694,6.876,0.180
135.6141,30.000,517.691,509.802,79.266,1.448,0.180
135.7124,31.000,523.895,499.761,87.291,6.873,0.180
135.8118,31.000,518.421,504.975,81.865,1.447,0.180
135.9115,31.000,517.237,505.936,80.723,0.305,0.180
136.0114,31.000,516.962,506.023,80.482,0.064,0.180
136.1069,30.000,506.513,513.911,71.263,-6.555,0.180
136.2137,30.000,512.143,509.105,76.438,-1.380,0.180
136.3119,30.000,513.619,508.329,77.527,-0.291,0.180
136.4095,30.000,514.177,508.367,77.757,-0.061,0.180
136.5063,30.000,514.505,508.545,77.805,-0.013,0.180
136.6143,30.000,514.753,508.727,77.815,-0.003,0.180
136.7114,29.000,504.588,516.857,68.649,-6.569,0.180
136.8098,29.000,510.426,512.290,73.835,-1.383,0.180
136.9061,28.000,501.703,519.693,65.758,-6.860,0.180
137.0143,28.000,508.069,515.205,71.174,-1.444,0.180
137.1122,28.000,510.017,514.853,72.314,-0.304,0.180
137.2103,27.000,500.576,523.252,63.386,-6.632,0.180
137.3073,27.000,506.876,519.065,68.622,-1.396,0.180
137.4056,26.000,498.514,526.823,60.556,-6.862,0.180
137.5129,26.000,505.180,522.644,65.973,-1.445,0.180
137.6098,25.000,497.014,530.524,57.945,-6.873,0.180
137.7075,24.000,493.453,534.441,54.203,-8.015,0.180
137.8057,23.000,491.068,537.730,51.362,-8.256,0.180
137.9057,23.000,499.472,533.094,57.880,-1.738,0.180
138.0056,22.000,492.079,541.289,50.084,-6.934,0.180
138.1148,21.000,489.028,545.622,46.390,-8.028,0.180
138.2129,19.000,476.775,557.165,34.490,-14.827,0.180
138.3096,18.000,480.905,556.032,37.121,-9.690,0.180
138.4082,17.000,481.050,559.034,35.690,-8.608,0.180
138.5082,16.000,480.399,562.959,33.401,-8.381,0.180
138.6066,15.000,479.618,567.124,30.927,-8.333,0.180
138.7145,14.000,478.840,571.379,28.410,-8.323,0.180
138.8126,13.000,478.087,575.686,25.880,-8.321,0.180
138.9092,12.000,477.361,580.033,23.343,-8.320,0.180
139.0079,11.000,476.658,584.415,20.800,-8.320,0.180
139.1058,9.000,465.600,596.799,9.078,-14.888,0.180
139.2131,8.000,470.592,596.535,11.706,-9.703,0.180
139.3088,6.000,461.056,608.290,1.060,-15.180,0.180
139.4063,5.000,466.640,608.191,3.901,-9.764,0.180
139.5066,3.000,457.459,620.235,-6.711,-15.192,0.180
139.6055,1.000,452.938,628.389,-13.049,-16.335,0.180
139.7146,-1.000,449.037,635.379,-18.495,-16.576,0.180
139.8146,-3.000,444.483,641.358,-23.761,-16.626,0.180
139.9127,-5.000,439.252,646.600,-28.998,-16.637,0.180
140.0096,-7.000,433.419,651.243,-34.236,-16.639,0.180
140.1060,-9.000,427.066,655.385,-39.483,-16.640,0.180
140.2146,-11.000,420.268,659.102,-44.741,-16.640,0.180
140.3125,-13.000,413.092,662.460,-50.008,-16.640,0.180
140.4102,-15.000,405.591,665.516,-55.286,-16.640,0.180
140.5069,-17.000,397.814,668.315,-60.575,-16.640,0.180
140.6042,-18.000,400.772,663.524,-56.700,-10.072,0.180
140.7145,-20.000,387.508,671.031,-67.086,-15.257,0.180
140.8122,-21.000,389.138,666.908,-64.209,-9.780,0.180
140.9114,-22.000,386.332,666.995,-65.656,-8.627,0.180
141.0086,-23.000,382.519,667.896,-68.013,-8.385,0.180
141.1062,-24.000,378.432,668.908,-70.562,-8.334,0.180
141.2042,-25.000,374.236,669.890,-73.151,-8.323,0.180
141.3145,-26.000,369.973,670.822,-75.749,-8.321,0.180
141.4119,-27.000,365.658,671.706,-78.349,-8.320,0.180
141.5104,-28.000,361.299,672.547,-80.948,-8.320,0.180
141.6088,-29.000,356.904,673.352,-83.548,-8.320,0.180
141.7083,-30.000,352.479,674.127,-86.148,-8.320,0.180
141.8044,-31.000,348.027,674.875,-88.748,-8.320,0.180
141.9129,-32.000,343.553,675.601,-91.348,-8.320,0.180
142.0112,-33.000,339.060,676.308,-93.948,-8.320,0.180
142.1093,-34.000,334.552,676.999,-96.548,-8.320,0.180
142.2066,-35.000,330.029,677.677,-99.148,-8.320,0.180
142.3047,-36.000,325.495,678.343,-101.748,-8.320,0.180
142.4137,-37.000,320.951,678.999,-104.348,-8.320,0.180
142.5133,-38.000,316.398,679.646,-106.948,-8.320,0.180
142.6117,-39.000,311.839,680.287,-109.548,-8.320,0.180
142.7092,-40.000,307.273,680.921,-112.148,-8.320,0.180
142.8060,-40.000,313.671,674.182,-105.580,-1.752,0.180
142.9153,-41.000,303.940,680.022,-113.366,-6.937,0.180
143.0118,-42.000,298.295,681.760,-117.057,-8.029,0.180
143.1089,-43.000,293.505,682.630,-119.887,-8.259,0.180
143.2075,-43.000,299.858,675.943,-113.367,-1.739,0.180
143.3063,-44.000,290.121,681.798,-121.163,-6.934,0.180
143.4052,-44.000,295.445,676.173,-115.688,-1.460,0.180
143.5043,-44.000,296.470,674.893,-114.536,-0.307,0.180
143.6113,-45.000,285.636,681.910,-123.462,-6.633,0.180
143.7085,-45.000,290.750,676.551,-118.225,-1.396,0.180
143.8054,-45.000,291.749,675.345,-117.122,-0.294,0.180
143.9070,-45.000,291.893,675.025,-116.890,-0.062,0.180
144.0045,-46.000,280.898,682.269,-126.010,-6.581,0.180
144.1115,-46.000,286.000,676.979,-120.814,-1.386,0.180
144.2094,-46.000,287.014,675.806,-119.720,-0.292,0.180
144.3057,-46.000,287.177,675.508,-119.490,-0.061,0.180
144.4035,-47.000,276.199,682.770,-128.610,-6.581,0.180
144.5133,-47.000,281.316,677.495,-123.414,-1.386,0.180
144.6112,-47.000,282.343,676.334,-122.320,-0.292,0.180
144.7089,-47.000,282.516,676.047,-122.090,-0.061,0.180
144.8083,-47.000,282.516,675.950,-122.041,-0.013,0.180
144.9065,-47.000,282.485,675.899,-122.031,-0.003,0.180
145.0045,-47.000,282.452,675.861,-122.029,-0.001,0.180
145.1043,-47.000,282.423,675.831,-122.029,-0.000,0.180
145.2133,-47.000,282.398,675.806,-122.028,-0.000,0.180
145.3108,-47.000,282.376,675.784,-122.028,-0.000,0.180
145.4074,-47.000,282.358,675.766,-122.028,-0.000,0.180
145.5061,-47.000,282.342,675.750,-122.028,-0.000,0.180
145.6043,-47.000,282.329,675.737,-122.028,-0.000,0.180
145.7025,-47.000,282.318,675.726,-122.028,-0.000,0.180
145.8098,-47.000,282.308,675.716,-122.028,-0.000,0.180
145.9080,-47.000,282.300,675.708,-122.028,-0.000,0.180
146.0053,-47.000,282.293,675.701,-122.028,-0.000,0.180
146.1056,-47.000,282.288,675.695,-122.028,-0.000,0.180
146.2035,-47.000,282.283,675.690,-122.028,-0.000,0.180
146.3120,-47.000,282.278,675.686,-122.028,-0.000,0.180
146.4091,-47.000,282.275,675.683,-122.028,-0.000,0.180
146.5068,-47.000,282.272,675.680,-122.028,-0.000,0.180
146.6033,-47.000,282.269,675.677,-122.028,-0.000,0.180
146.7112,-47.000,282.267,675.675,-122.028,-0.000,0.180
146.8101,-47.000,282.265,675.673,-122.028,-0.000,0.180
146.9073,-46.000,290.232,665.303,-112.860,6.568,0.180
147.0066,-46.000,285.525,670.967,-118.046,1.383,0.180
147.1034,-45.000,292.808,662.097,-109.969,6.860,0.180
147.2122,-45.000,288.219,668.338,-115.384,1.444,0.180
147.3101,-44.000,295.749,659.812,-107.356,6.872,0.180
147.4064,-43.000,299.369,655.946,-103.613,8.015,0.180
147.5032,-42.000,302.404,653.301,-100.773,8.256,0.180
147.6022,-41.000,305.521,651.116,-98.122,8.306,0.180
147.7121,-41.000,300.859,659.570,-104.680,1.749,0.180
147.8096,-40.000,309.058,652.193,-96.892,6.937,0.180
147.9057,-39.000,313.401,649.151,-93.200,8.029,0.180
148.0053,-38.000,317.083,647.173,-90.370,8.259,0.180
148.1032,-38.000,312.787,655.918,-96.890,1.739,0.180
148.2109,-36.000,329.242,638.445,-79.926,13.503,0.180
148.3101,-36.000,321.149,651.672,-90.586,2.843,0.180
148.4101,-35.000,329.056,645.730,-83.662,7.167,0.180
148.5075,-35.000,325.733,653.723,-89.320,1.509,0.180
148.6052,-34.000,334.494,646.530,-81.342,6.886,0.180
148.7051,-34.000,331.225,654.133,-86.779,1.450,0.180
148.8038,-34.000,331.922,657.120,-87.923,0.305,0.180
148.9028,-33.000,341.215,648.558,-78.996,6.633,0.180
149.0098,-33.000,337.790,655.605,-84.232,1.396,0.180
149.1059,-33.000,338.227,658.246,-85.334,0.294,0.180
149.2032,-31.000,355.240,639.050,-67.230,13.199,0.180
149.3031,-30.000,354.860,641.174,-68.481,9.347,0.180
149.4041,-29.000,357.690,640.426,-66.692,8.536,0.180
149.5042,-28.000,361.305,639.181,-64.263,8.366,0.180
149.6033,-26.000,373.144,627.556,-52.530,14.898,0.180
149.7012,-24.000,380.411,621.672,-45.955,16.273,0.180
149.8013,-22.000,387.088,617.370,-40.466,16.563,0.180
149.9094,-20.000,393.958,613.719,-35.205,16.624,0.180
150.0075,-18.000,401.045,610.567,-30.085,16.637,0.180
150.1081,-16.000,408.438,607.721,-24.966,16.639,0.180
150.2095,-14.000,416.097,605.125,-19.838,16.640,0.180
150.3085,-12.000,423.987,602.739,-14.700,16.640,0.180
150.4071,-10.000,432.074,600.530,-9.552,16.640,0.180
150.5035,-8.000,440.331,598.470,-4.394,16.640,0.180
150.6051,-6.000,448.734,596.535,0.775,16.640,0.180
150.7036,-5.000,449.288,605.078,-3.220,10.072,0.180
150.8026,-4.000,454.650,608.048,-2.023,8.689,0.180
150.9014,-2.000,468.759,599.223,9.444,14.966,0.180
151.0009,-0.000,478.125,595.546,15.965,16.288,0.180
151.1090,1.000,478.059,602.850,12.280,9.997,0.180
151.2093,2.000,482.121,604.339,13.566,8.673,0.180
151.3093,4.000,493.890,593.088,25.077,14.963,0.180
151.4069,6.000,500.066,586.153,31.632,16.287,0.180
151.5070,8.000,504.664,579.710,37.152,16.566,0.180
151.6053,10.000,508.590,573.015,42.463,16.624,0.180
151.7020,12.000,512.088,565.964,47.738,16.637,0.180
151.8012,14.000,515.253,558.578,53.013,16.639,0.180
151.9098,15.000,510.770,561.874,49.123,10.071,0.180
152.0066,16.000,511.266,559.769,50.424,8.689,0.180
152.1037,17.000,512.679,556.388,52.821,8.398,0.180
152.2008,18.000,514.175,552.619,55.454,8.336,0.180
152.3082,18.000,508.222,559.641,48.966,1.755,0.180
152.4074,19.000,514.757,550.414,56.847,6.938,0.180
152.5054,19.000,509.735,556.148,51.469,1.461,0.180
152.6029,19.000,508.983,557.505,50.415,0.307,0.180
152.7003,19.000,509.096,557.906,50.271,0.065,0.180
152.8064,18.000,498.989,566.050,41.145,-6.555,0.180
152.9051,17.000,494.550,569.421,37.240,-7.948,0.180
153.0024,17.000,501.959,564.104,43.603,-1.673,0.180
153.1005,15.000,483.510,579.531,26.665,-13.489,0.180
153.2089,14.000,485.579,578.493,28.219,-9.408,0.180
153.3050,14.000,495.018,572.931,35.719,-1.981,0.180
153.4024,13.000,487.929,580.915,28.182,-6.985,0.180
153.5008,13.000,495.391,577.213,33.765,-1.471,0.180
153.6094,12.000,487.845,585.557,25.820,-6.878,0.180
153.7079,12.000,495.176,581.903,31.312,-1.448,0.180
153.8056,11.000,487.571,590.234,23.344,-6.873,0.180
153.9034,10.000,484.489,594.532,19.654,-8.015,0.180
154.0021,10.000,492.886,590.170,26.034,-1.687,0.180
154.1002,9.000,485.611,598.474,18.244,-6.924,0.180
154.2097,8.000,482.688,602.872,14.584,-8.026,0.180
154.3077,7.000,480.819,606.594,11.788,-8.258,0.180
154.4066,6.000,479.289,610.300,9.170,-8.307,0.180
154.5054,5.000,477.929,614.109,6.586,-8.317,0.180
154.6028,4.000,476.689,618.031,4.005,-8.319,0.180
154.6994,2.000,465.170,630.029,-7.754,-14.888,0.180
154.8068,2.000,480.138,621.469,4.010,-3.134,0.180
154.9051,1.000,474.973,629.680,-2.678,-7.228,0.180
155.0038,1.000,483.479,626.763,3.033,-1.522,0.180
155.1002,2.000,494.435,616.959,13.414,6.248,0.180
155.1994,2.000,491.502,623.870,8.491,1.315,0.180
155.3051,4.000,506.912,604.642,25.811,13.414,0.180
155.4052,4.000,497.720,616.588,15.242,2.824,0.180
155.5028,5.000,504.056,608.994,22.207,7.163,0.180
155.6005,5.000,499.392,615.588,16.578,1.508,0.180
155.7082,6.000,506.421,606.599,24.587,6.886,0.180
155.8084,6.000,501.683,612.671,19.182,1.450,0.180
155.9042,6.000,501.137,614.352,18.068,0.305,0.180
156.0002,6.000,501.410,615.043,17.859,0.064,0.180
156.1070,5.000,491.426,623.446,8.666,-6.555,0.180
156.2039,3.000,476.708,635.021,-4.481,-14.517,0.180
156.3049,2.000,479.475,633.182,-2.178,-9.625,0.180
156.4018,-2.000,446.284,658.163,-31.264,-28.300,0.180
156.5001,-3.000,460.152,645.715,-18.106,-12.526,0.180
156.6085,-7.000,428.235,667.439,-44.927,-28.911,0.180
156.7061,-10.000,419.770,668.441,-49.660,-25.792,0.180
156.8051,-9.000,449.381,639.085,-20.176,1.139,0.180
156.9032,-4.000,489.913,589.771,24.746,33.082,0.180
156.9994,-4.000,467.542,619.677,-1.392,6.965,0.180
157.1081,-1.000,489.146,597.277,20.610,21.171,0.180
157.2061,2.000,499.309,585.838,31.411,24.162,0.180
157.3021,4.000,498.949,586.914,30.693,18.224,0.180
157.4002,5.000,495.260,593.610,25.501,10.405,0.180
157.4991,6.000,497.224,593.604,26.486,8.759,0.180
157.6070,7.000,500.046,591.845,28.776,8.412,0.180
157.7058,8.000,502.766,589.429,31.344,8.339,0.180
157.8022,8.000,497.853,597.600,24.802,1.756,0.180
157.8992,8.000,497.893,600.329,23.458,0.370,0.180
158.0080,8.000,498.820,601.757,23.207,0.078,0.180
158.1061,8.000,499.801,602.777,23.188,0.016,0.180
158.2032,7.000,490.306,611.572,14.043,-6.565,0.180
158.3000,7.000,496.728,607.556,19.262,-1.382,0.180
158.3987,8.000,506.252,596.477,29.563,6.277,0.180
158.5076,8.000,502.177,602.230,24.649,1.322,0.180
158.6061,9.000,509.262,592.972,32.821,6.847,0.180
158.7036,9.000,504.480,598.906,27.462,1.441,0.180
158.8015,10.000,511.252,589.514,35.545,6.872,0.180
158.8993,11.000,513.639,584.300,39.345,8.015,0.180
159.0085,11.000,507.667,590.868,33.075,1.687,0.180
159.1074,11.000,506.645,592.397,31.800,0.355,0.180
159.2061,11.000,506.638,592.836,31.576,0.075,0.180
159.3052,10.000,496.445,600.995,22.401,-6.553,0.180
159.4011,10.000,502.306,596.405,27.626,-1.380,0.180
159.5098,9.000,493.614,603.778,19.594,-6.859,0.180
159.6084,8.000,489.641,607.229,15.882,-8.012,0.180
159.7041,7.000,486.913,610.114,13.075,-8.255,0.180
159.8011,5.000,474.287,621.074,1.282,-14.875,0.180
159.8990,4.000,477.974,619.570,3.877,-9.700,0.180
159.9972,3.000,477.707,622.293,2.382,-8.611,0.180
160.0972,1.000,466.317,633.971,-9.152,-14.950,0.180
160.2052,1.000,481.246,625.286,2.656,-3.147,0.180
160.3025,-1.000,465.043,640.797,-13.201,-13.799,0.180
160.3999,-1.000,478.638,632.614,-2.312,-2.905,0.180
160.4981,-2.000,472.252,639.999,-9.198,-7.180,0.180
160.5983,-1.000,487.809,625.892,5.634,5.057,0.180
160.7065,-2.000,474.954,639.379,-7.537,-5.504,0.180
160.8027,-2.000,481.057,636.813,-3.202,-1.159,0.180
160.9004,-2.000,483.465,637.412,-2.298,-0.244,0.180
161.0074,-2.000,484.925,638.508,-2.116,-0.051,0.180
161.0968,-2.000,486.042,639.564,-2.086,-0.011,0.180
161.2066,-3.000,475.990,647.863,-11.261,-6.571,0.180
161.3059,-3.000,481.916,643.446,-6.089,-1.383,0.180
161.4034,-4.000,472.661,650.385,-14.186,-6.860,0.180
161.4999,-5.000,467.597,652.879,-17.965,-8.013,0.180
161.5990,-5.000,474.305,646.987,-11.666,-1.687,0.180
161.7062,-6.000,464.984,653.402,-19.534,-6.924,0.180
161.8046,-7.000,459.710,655.606,-23.272,-8.026,0.180
161.9049,-8.000,455.231,656.874,-26.146,-8.258,0.180
162.0020,-9.000,450.871,657.906,-28.842,-8.307,0.180
162.1033,-9.000,457.468,651.480,-22.330,-1.749,0.180
162.2013,-10.000,447.901,657.592,-30.170,-6.937,0.180
162.3004,-11.000,442.383,659.574,-33.920,-8.029,0.180
162.4004,-11.000,448.662,653.289,-27.638,-1.690,0.180
162.4989,-13.000,427.989,666.757,-44.708,-13.493,0.180
162.5987,-13.000,438.511,656.110,-34.124,-2.841,0.180
162.6979,-13.000,440.633,653.882,-31.949,-0.598,0.180
162.7972,-14.000,430.019,660.806,-40.718,-6.694,0.180
162.8978,-14.000,435.163,655.526,-35.506,-1.409,0.180
163.0053,-15.000,425.172,661.802,-43.640,-6.865,0.180
163.1030,-15.000,430.434,656.381,-38.298,-1.445,0.180
163.2018,-16.000,420.456,662.624,-46.408,-6.873,0.180
163.2994,-16.000,425.712,657.194,-41.066,-1.447,0.180
163.3961,-16.000,426.696,656.061,-40.007,-0.305,0.180
163.5049,-16.000,426.791,655.840,-39.849,-0.064,0.180
163.6018,-17.000,415.731,663.193,-49.056,-6.582,0.180
163.7002,-17.000,420.763,658.010,-43.948,-1.386,0.180
163.7995,-18.000,410.731,664.314,-52.116,-6.860,0.180
163.8983,-18.000,415.969,658.907,-46.793,-1.444,0.180
163.9962,-20.000,395.100,672.431,-63.990,-13.441,0.180
164.1041,-20.000,405.590,661.699,-53.379,-2.830,0.180
164.2001,-21.000,396.753,666.731,-60.313,-7.164,0.180
164.2974,-22.000,391.323,668.326,-63.826,-8.077,0.180
164.3963,-23.000,386.601,669.188,-66.618,-8.269,0.180
164.5051,-23.000,392.988,662.519,-60.090,-1.741,0.180
164.6011,-24.000,383.275,668.394,-67.884,-6.935,0.180
164.7003,-24.000,388.618,662.788,-62.409,-1.460,0.180
164.7976,-25.000,378.691,668.892,-70.425,-6.876,0.180
164.8961,-25.000,383.994,663.339,-64.997,-1.448,0.180
164.9951,-25.000,385.031,662.090,-63.854,-0.305,0.180
165.1043,-25.000,385.181,661.759,-63.613,-0.064,0.180
165.2009,-26.000,374.186,669.000,-72.731,-6.582,0.180
165.2977,-27.000,368.319,671.077,-76.703,-7.954,0.180
165.4038,-27.000,374.488,664.686,-70.424,-1.675,0.180
165.5031,-28.000,364.747,670.638,-78.270,-6.921,0.180
165.6001,-27.000,378.069,654.696,-63.638,5.111,0.180
165.6976,-28.000,363.452,666.486,-76.842,-5.492,0.180
165.7963,-28.000,368.086,662.448,-72.505,-1.156,0.180
165.8958,-27.000,377.221,651.421,-62.424,6.325,0.180
166.0061,-26.000,380.892,646.741,-58.249,7.900,0.180
166.1036,-27.000,364.758,661.418,-73.654,-4.905,0.180
166.2024,-25.000,385.448,637.689,-51.445,12.104,0.180
166.3006,-25.000,377.600,648.953,-61.001,2.548,0.180
166.3991,-25.000,377.041,652.417,-63.013,0.536,0.180
166.4991,-24.000,385.820,643.707,-54.268,6.681,0.180
166.5966,-25.000,371.106,657.879,-68.711,-5.162,0.180
166.7059,-26.000,365.483,662.442,-73.804,-7.655,0.180
166.8042,-26.000,372.576,657.448,-67.761,-1.612,0.180
166.9020,-26.000,374.740,657.068,-66.488,-0.339,0.180
166.9977,-27.000,364.797,664.927,-75.389,-6.640,0.180
167.0973,-27.000,370.654,660.299,-70.147,-1.398,0.180
167.1954,-27.000,372.280,659.718,-69.043,-0.294,0.180
167.2956,-24.000,396.861,628.824,-41.306,19.643,0.180
167.4036,-24.000,383.171,646.149,-56.814,4.135,0.180
167.5017,-24.000,381.451,650.959,-60.079,0.871,0.180
167.5992,-23.000,390.045,642.591,-51.597,6.752,0.180
167.6983,-25.000,364.374,664.254,-75.265,-11.715,0.180
167.8051,-22.000,398.825,625.196,-38.510,17.239,0.180
167.9030,-21.000,395.726,630.980,-42.952,10.198,0.180
168.0006,-19.000,406.154,621.033,-32.764,15.284,0.180
168.0976,-17.000,413.141,615.656,-26.582,16.354,0.180
168.1951,-13.000,435.719,590.845,-2.887,29.717,0.180
168.2946,-5.000,481.032,536.436,46.974,58.804,0.180
168.4024,-1.000,474.610,549.525,37.218,38.653,0.180
168.5001,3.000,483.017,545.585,43.392,34.411,0.180
168.5973,4.000,471.138,569.661,25.414,13.813,0.180
168.6938,7.000,489.059,554.308,42.051,22.613,0.180
168.8025,8.000,484.207,566.742,33.408,11.329,0.180
168.9024,8.000,480.027,580.367,24.506,2.385,0.180
168.9995,9.000,489.574,575.249,31.838,7.071,0.180
169.0985,10.000,494.794,573.192,35.477,8.057,0.180
169.1983,11.000,498.704,571.372,38.341,8.265,0.180
169.2980,11.000,494.624,580.228,31.874,1.740,0.180
169.3988,11.000,495.338,583.574,30.557,0.366,0.180
169.4960,12.000,504.205,574.558,39.499,6.646,0.180
169.5949,12.000,500.457,581.178,34.315,1.399,0.180
169.6931,13.000,508.010,572.468,42.447,6.863,0.180
169.8028,12.000,493.294,586.800,27.922,-5.124,0.180
169.9019,15.000,520.859,551.108,59.551,18.627,0.180
170.0004,-25.000,106.288,899.422,-321.891,-258.815,0.180
170.0980,-30.000,258.789,734.952,-163.406,-87.330,0.180
170.1950,-32.000,308.210,683.157,-112.798,-31.522,0.180
170.3025,-30.000,351.024,639.526,-69.575,6.501,0.180
170.3985,-30.000,348.544,647.310,-74.707,1.369,0.180
170.4960,-26.000,381.592,609.172,-39.114,26.562,0.180
170.6019,14.000,700.394,236.294,306.726,268.329,0.180
170.7000,29.000,610.574,295.098,232.413,155.017,0.180
170.7969,30.000,504.879,415.830,119.200,39.203,0.180
170.8960,31.000,489.188,443.702,97.419,14.822,0.180
170.9950,32.000,491.532,451.112,94.886,9.689,0.180
171.0924,33.000,496.897,453.438,96.405,8.608,0.180
171.2007,34.000,502.238,454.034,98.777,8.381,0.180
171.2995,35.000,507.013,453.705,101.330,8.333,0.180
171.3969,35.000,503.825,463.674,94.751,1.754,0.180
171.4945,36.000,512.690,456.972,102.535,6.938,0.180
171.5941,35.000,499.263,472.836,87.889,-5.108,0.180
171.6939,35.000,505.832,471.340,91.921,-1.075,0.180
171.8028,34.000,498.468,480.615,83.602,-6.795,0.180
171.9005,34.000,506.145,477.564,88.966,-1.430,0.180
171.9965,33.000,498.872,486.368,80.927,-6.870,0.180
172.0955,33.000,506.446,483.096,86.351,-1.446,0.180
172.1961,32.000,499.047,491.750,78.324,-6.873,0.180
172.2934,31.000,496.139,496.327,74.581,-8.015,0.180
172.4023,31.000,504.675,492.208,80.909,-1.687,0.180
172.5007,30.000,497.517,500.721,73.073,-6.924,0.180
172.5989,29.000,494.690,505.300,69.371,-8.026,0.180
172.6976,29.000,503.271,501.208,75.707,-1.690,0.180
172.7998,28.000,496.144,509.750,67.873,-6.924,0.180
172.8968,27.000,493.344,514.354,64.171,-8.026,0.180
172.9934,27.000,501.947,510.284,70.507,-1.690,0.180
173.1020,26.000,494.839,518.845,62.673,-6.924,0.180
173.1981,25.000,492.054,523.464,58.971,-8.026,0.180
173.2966,24.000,490.302,527.376,56.139,-8.258,0.180
173.3960,22.000,478.503,539.211,44.321,-14.875,0.180
173.4970,21.000,482.893,538.451,46.897,-9.700,0.180
173.5946,20.000,483.226,541.804,45.386,-8.611,0.180
173.6955,18.000,472.447,553.916,33.941,-14.950,0.180
173.7926,17.000,477.536,553.561,36.663,-9.716,0.180
173.9017,16.000,478.432,557.287,35.248,-8.614,0.180
173.9997,15.000,478.407,561.842,32.958,-8.382,0.180
174.0994,12.000,457.406,582.493,12.133,-21.470,0.180
174.2011,11.000,468.396,577.805,19.971,-11.088,0.180
174.2987,9.000,460.639,589.120,10.435,-15.471,0.180
174.3986,7.000,456.665,597.318,4.349,-16.394,0.180
174.4976,4.000,443.318,613.055,-10.193,-23.157,0.180
174.5939,3.000,456.762,608.242,-1.064,-11.443,0.180
174.6913,-0.000,439.860,628.281,-19.535,-22.114,0.180
174.7925,-2.000,441.204,631.403,-20.424,-17.793,0.180
174.9003,-4.000,438.192,637.012,-24.735,-16.883,0.180
174.9982,-6.000,433.655,642.555,-29.774,-16.691,0.180
175.0965,-8.000,428.282,647.584,-34.976,-16.651,0.180
175.1969,-9.000,433.266,644.708,-31.045,-10.074,0.180
175.2952,-11.000,421.621,653.945,-41.486,-15.258,0.180
175.3920,-12.000,424.612,651.306,-38.672,-9.781,0.180
175.4999,-14.000,411.973,660.044,-49.360,-15.196,0.180
175.5976,-15.000,414.266,656.836,-46.610,-9.768,0.180
175.6946,-16.000,412.037,657.688,-48.150,-8.625,0.180
175.7914,-17.000,408.703,659.250,-50.598,-8.384,0.180
175.9007,-17.000,415.981,653.467,-44.067,-1.765,0.180
175.9994,-17.000,417.922,652.797,-42.762,-0.372,0.180
176.0993,-19.000,396.719,667.879,-60.904,-13.215,0.180
176.1972,-19.000,407.452,657.944,-50.570,-2.782,0.180
176.2957,-19.000,409.889,656.185,-48.473,-0.586,0.180
176.3938,-19.000,410.541,656.110,-48.109,-0.123,0.180
176.4909,-19.000,410.784,656.356,-48.110,-0.026,0.180
176.5994,-18.000,418.888,646.269,-39.015,6.563,0.180
176.6984,-18.000,414.270,652.201,-44.290,1.382,0.180
176.7986,-17.000,421.618,643.570,-36.301,6.859,0.180
176.8974,-17.000,417.069,650.028,-41.804,1.444,0.180
176.9956,-16.000,424.625,641.695,-33.859,6.872,0.180
177.0937,-16.000,420.286,648.373,-39.368,1.447,0.180
177.1907,-15.000,428.029,640.219,-31.420,6.873,0.180
177.2999,-15.000,423.850,647.049,-36.924,1.447,0.180
177.3975,-14.000,431.729,639.022,-28.971,6.873,0.180
177.4966,-13.000,435.642,635.584,-25.296,8.015,0.180
177.5944,-13.000,430.948,643.682,-31.691,1.687,0.180
177.6919,-12.000,438.968,636.154,-23.918,6.924,0.180
177.7994,-12.000,435.149,643.392,-29.446,1.458,0.180
177.8963,-12.000,435.389,646.059,-30.659,0.307,0.180
177.9923,-11.000,444.293,637.225,-21.790,6.633,0.180
178.0912,-11.000,440.529,644.048,-27.084,1.396,0.180
178.1984,-11.000,440.670,646.509,-28.244,0.294,0.180
178.2956,-12.000,430.513,655.277,-37.707,-6.507,0.180
178.3932,-12.000,436.496,651.112,-32.632,-1.370,0.180
178.4900,-12.000,438.289,650.866,-31.613,-0.288,0.180
178.5994,-13.000,428.137,658.732,-40.622,-6.629,0.180
178.6965,-13.000,433.832,654.094,-35.456,-1.396,0.180
178.7971,-13.000,435.315,653.509,-34.421,-0.294,0.180
178.8971,-14.000,424.888,661.100,-43.431,-6.630,0.180
178.9971,-14.000,430.344,656.233,-38.269,-1.396,0.180
179.0966,-14.000,431.624,655.455,-37.240,-0.294,0.180
179.1965,-13.000,439.969,645.135,-27.907,6.507,0.180
179.2957,-14.000,424.452,658.374,-42.285,-5.199,0.180
179.3932,-13.000,436.989,644.500,-29.080,5.474,0.180
179.4915,-13.000,433.532,649.822,-33.469,1.152,0.180
179.6007,-13.000,433.347,651.591,-34.447,0.243,0.180
179.6984,-13.000,433.761,652.524,-34.706,0.051,0.180
179.7974,-13.000,434.226,653.204,-34.814,0.011,0.180
179.8949,-13.000,434.636,653.767,-34.890,0.002,0.180
179.9931,-13.000,434.980,654.250,-34.959,0.000,0.180
180.0908,-13.000,435.264,654.669,-35.027,0.000,0.180
180.1896,-13.000,435.495,655.036,-35.095,0.000,0.180
180.2983,-12.000,443.655,644.983,-25.989,6.568,0.180
180.3962,-12.000,439.103,650.927,-31.237,1.383,0.180
180.4934,-12.000,438.540,652.673,-32.391,0.291,0.180
180.5915,-12.000,438.751,653.468,-32.683,0.061,0.180
180.6992,-12.000,439.067,654.006,-32.794,0.013,0.180
180.7973,-12.000,439.358,654.442,-32.866,0.003,0.180
180.8960,-12.000,439.602,654.815,-32.931,0.001,0.180
180.9956,-12.000,439.802,655.141,-32.994,0.000,0.180
181.0923,-11.000,447.936,645.052,-23.883,6.568,0.180
181.1891,-11.000,443.363,650.965,-29.126,1.383,0.180
181.2889,-10.000,450.757,642.309,-21.101,6.860,0.180
181.3950,-10.000,446.253,648.741,-26.568,1.444,0.180
181.4907,-10.000,445.880,650.752,-27.760,0.304,0.180
181.5902,-10.000,446.284,651.740,-28.052,0.064,0.180
181.6993,-9.000,454.747,642.061,-18.981,6.582,0.180
181.7982,-9.000,450.487,648.287,-24.224,1.386,0.180
181.8952,-8.000,458.156,639.890,-16.191,6.860,0.180
181.9942,-8.000,453.889,646.538,-21.649,1.444,0.180
182.0912,-7.000,461.692,638.358,-13.657,6.872,0.180
182.1900,-7.000,482.236,650.645,-20.730,1.418,0.320
182.2988,-6.000,520.215,643.188,-7.533,11.848,0.320
182.3976,-6.000,535.729,661.390,-16.970,2.445,0.320
182.4973,-6.000,557.352,673.202,-18.944,0.504,0.320
182.5956,-6.000,579.362,684.386,-19.378,0.104,0.320
182.6935,-5.000,613.992,680.586,-5.133,11.577,0.320
182.7903,-5.000,625.990,702.567,-14.349,2.389,0.320
182.8882,-5.000,644.486,717.729,-16.273,0.493,0.320
182.9958,-5.000,663.810,731.788,-16.693,0.102,0.320
183.0961,-5.000,682.871,745.878,-16.801,0.021,0.320
183.1944,-6.000,685.227,772.634,-31.207,-11.551,0.320
183.2901,-6.000,712.496,777.886,-22.073,-2.384,0.320
183.3982,-6.000,732.156,790.643,-20.215,-0.492,0.320
183.4988,-7.000,733.750,817.538,-34.219,-11.657,0.320
183.5957,-7.000,760.109,823.170,-25.007,-2.405,0.320
183.6927,-8.000,762.659,848.746,-37.498,-12.052,0.320
183.7908,-9.000,772.571,866.676,-42.339,-14.042,0.320
183.8979,-10.000,783.812,883.036,-45.606,-14.453,0.320
183.9937,-11.000,795.164,899.079,-48.552,-14.538,0.320
184.0908,-12.000,806.400,915.063,-51.437,-14.555,0.320
184.1977,-13.000,817.494,931.041,-54.313,-14.559,0.320
184.2930,-14.000,828.457,947.024,-57.193,-14.560,0.320
184.3895,-15.000,839.306,963.014,-60.077,-14.560,0.320
184.4883,-16.000,850.056,979.011,-62.966,-14.560,0.320
184.5971,-18.000,844.442,1007.456,-80.223,-26.116,0.320
184.6943,-19.000,864.069,1014.169,-73.958,-16.944,0.320
184.7927,-21.000,860.212,1040.510,-89.221,-26.608,0.320
184.8917,-22.000,880.135,1046.632,-82.460,-17.046,0.320
184.9899,-23.000,876.548,1044.462,-83.287,-15.073,0.320
185.0899,-24.000,871.389,1043.887,-85.679,-14.666,0.320
185.1879,-25.000,865.901,1043.661,-88.395,-14.582,0.320
185.2969,-26.000,860.343,1043.523,-91.178,-14.565,0.320
185.3961,-27.000,854.767,1043.416,-93.975,-14.561,0.320
185.4950,-28.000,849.186,1043.328,-96.774,-14.560,0.320
185.5930,-30.000,827.325,1055.689,-113.929,-26.116,0.320
185.6891,-31.000,830.777,1046.323,-107.558,-16.944,0.320
185.7892,-32.000,826.968,1044.265,-108.466,-15.052,0.320
185.8872,-34.000,805.397,1056.169,-125.231,-26.217,0.320
185.9950,-35.000,808.843,1046.665,-118.779,-16.965,0.320
186.0914,-36.000,804.978,1044.542,-119.670,-15.056,0.320
186.1906,-37.000,799.624,1043.966,-122.076,-14.662,0.320
186.2890,-40.000,761.428,1068.601,-153.506,-37.692,0.320
186.3869,-41.000,773.815,1049.847,-137.947,-19.333,0.320
186.4943,-42.000,771.688,1045.723,-136.959,-15.545,0.320
186.5934,-42.000,782.877,1032.220,-124.621,-3.208,0.320
186.6905,-43.000,768.172,1041.118,-136.431,-12.217,0.320
186.7869,-43.000,776.907,1030.448,-126.735,-2.521,0.320
186.8942,-43.000,778.090,1027.619,-124.734,-0.520,0.320
186.9926,-43.000,777.808,1026.502,-124.321,-0.107,0.320
187.0894,-43.000,777.303,1025.819,-124.236,-0.022,0.320
187.1879,-43.000,776.819,1025.292,-124.218,-0.005,0.320
187.2980,-43.000,776.396,1024.857,-124.215,-0.001,0.320
187.3972,-43.000,776.034,1024.488,-124.214,-0.000,0.320
187.4960,-42.000,789.001,1008.740,-109.858,11.556,0.320
187.5940,-42.000,780.150,1018.228,-119.029,2.384,0.320
187.6907,-42.000,778.530,1020.389,-120.922,0.492,0.320
187.7887,-41.000,791.646,1005.573,-106.957,11.657,0.320
187.8873,-41.000,783.173,1015.601,-116.208,2.405,0.320
187.9950,-41.000,781.925,1018.170,-118.117,0.496,0.320
188.0919,-40.000,795.370,1003.689,-104.156,11.658,0.320
188.1877,-39.000,800.453,998.565,-99.052,13.961,0.320
188.2963,-39.000,790.856,1011.127,-110.133,2.881,0.320
188.3946,-38.000,803.105,999.238,-98.064,12.150,0.320
188.4919,-38.000,795.116,1010.533,-107.706,2.507,0.320
188.5930,-37.000,807.807,998.493,-95.341,12.073,0.320
188.6929,-37.000,800.002,1009.850,-104.922,2.491,0.320
188.7909,-36.000,812.811,997.902,-92.544,12.070,0.320
188.8898,-35.000,818.373,993.910,-87.767,14.046,0.320
188.9883,-35.000,809.393,1007.225,-98.915,2.898,0.320
189.0868,-33.000,835.487,980.497,-72.504,23.709,0.320
189.1859,-33.000,819.400,1002.044,-91.321,4.892,0.320
189.2963,-31.000,844.389,977.376,-66.493,24.121,0.320
189.3941,-30.000,841.658,984.220,-71.281,16.533,0.320
189.4911,-30.000,831.784,1000.590,-84.402,3.412,0.320
189.5880,-29.000,845.113,990.622,-72.754,12.260,0.320
189.6951,-29.000,838.312,1003.281,-82.484,2.530,0.320
189.7916,-29.000,838.794,1007.778,-84.492,0.522,0.320
189.8885,-30.000,824.220,1022.744,-99.261,-11.448,0.320
189.9960,-31.000,818.697,1027.760,-104.531,-13.918,0.320
190.0960,-33.000,798.476,1042.870,-122.197,-25.983,0.320
190.1948,-35.000,787.375,1047.947,-130.286,-28.473,0.320
190.2926,-37.000,777.861,1050.661,-136.400,-28.986,0.320
190.3893,-39.000,768.424,1052.637,-142.106,-29.092,0.320
190.4868,-40.000,775.067,1041.812,-133.372,-17.559,0.320
190.5851,-40.000,788.726,1027.600,-119.437,-3.623,0.320
190.6936,-40.000,791.366,1024.488,-116.561,-0.748,0.320
190.7923,-39.000,805.035,1008.259,-101.612,11.401,0.320
190.8919,-37.000,822.949,986.849,-81.950,25.464,0.320
190.9894,-34.000,844.080,962.265,-59.093,39.921,0.320
191.0872,-27.000,908.359,888.933,9.713,89.127,0.320
191.1874,13.000,1364.450,337.905,513.273,480.613,0.320
191.2864,27.000,1176.761,511.139,332.811,260.952,0.320
191.3951,34.000,1071.562,619.171,226.195,134.736,0.320
191.4938,40.000,1050.946,640.155,205.395,97.136,0.320
191.5913,45.000,1045.188,645.026,200.081,77.822,0.320
191.6870,50.000,1052.725,632.534,210.095,73.836,0.320
191.7947,53.000,1036.826,647.702,194.562,49.903,0.320
191.8922,57.000,1051.152,626.394,212.379,56.520,0.320
191.9893,60.000,1046.635,625.457,210.589,46.329,0.320
192.0853,64.000,1061.790,599.307,231.241,55.782,0.320
192.1937,67.000,1056.151,596.078,230.036,46.177,0.320
192.2924,71.000,1069.976,568.356,250.810,55.751,0.320
192.3905,74.000,1063.130,563.870,249.630,46.171,0.320
192.4866,78.000,1075.913,535.095,270.409,55.750,0.320
192.5887,82.000,1080.613,513.442,283.585,57.726,0.320
192.6869,85.000,1070.900,509.225,280.838,46.578,0.320
192.7857,88.000,1069.819,495.944,286.937,44.278,0.320
192.8854,91.000,1070.381,480.656,294.863,43.803,0.320
192.9925,95.000,1083.600,448.559,317.520,55.261,0.320
204.9891,99.000,1014.841,-985.159,1000.000,3133.565,0.320
205.0881,95.000,895.156,-837.617,866.386,600.386,0.320
205.1889,90.000,360.033,-276.190,318.111,66.111,0.320
205.2861,86.000,262.633,-153.807,208.220,-32.580,0.320
205.3863,82.000,242.999,-110.310,176.655,-52.945,0.320
205.4837,78.000,239.052,-83.453,161.253,-57.147,0.320
205.5830,74.000,238.034,-60.337,149.185,-58.015,0.320
205.6801,73.000,280.427,-81.319,180.873,-23.527,0.320
205.7886,72.000,295.156,-75.223,185.190,-16.410,0.320
205.8869,72.000,318.344,-78.084,198.214,-3.386,0.320
205.9856,72.000,330.983,-70.819,200.901,-0.699,0.320
206.0843,71.000,326.954,-47.246,187.100,-11.700,0.320
206.1833,69.000,317.148,-18.201,167.675,-25.525,0.320
206.2830,68.000,332.540,-14.614,173.577,-16.823,0.320
206.3806,67.000,340.915,-4.231,172.573,-15.027,0.320
206.4885,66.000,347.771,7.484,170.144,-14.656,0.320
206.5863,65.000,354.253,19.413,167.420,-14.580,0.320
206.6860,64.000,360.607,31.335,164.636,-14.564,0.320
206.7844,61.000,338.179,71.923,133.128,-37.672,0.320
206.8820,60.000,362.753,65.411,148.671,-19.329,0.320
206.9801,58.000,358.372,87.771,135.300,-27.100,0.320
207.0896,57.000,374.478,89.573,142.452,-17.148,0.320
207.1885,55.000,368.300,113.599,127.351,-26.649,0.320
207.2850,54.000,385.597,117.306,134.145,-17.055,0.320
207.3838,52.000,381.075,143.135,118.970,-26.630,0.320
207.4817,51.000,401.217,149.719,125.749,-17.051,0.320
207.5803,48.000,383.689,191.259,96.215,-38.185,0.320
207.6877,47.000,415.651,191.321,112.165,-19.435,0.320
207.7846,45.000,417.702,219.945,98.878,-27.122,0.320
207.8843,44.000,442.216,230.120,106.048,-17.152,0.320
207.9833,42.000,443.588,261.689,90.950,-26.650,0.320
208.0807,40.000,453.255,286.475,83.390,-28.610,0.320
208.1790,38.000,465.120,310.350,77.385,-29.015,0.320
208.2870,36.000,477.854,334.451,71.702,-29.098,0.320
208.3867,34.000,491.118,358.950,66.084,-29.116,0.320
208.4846,32.000,504.792,383.830,60.481,-29.119,0.320
208.5835,30.000,518.804,409.043,54.880,-29.120,0.320
208.6804,27.000,517.666,447.817,34.924,-40.676,0.320
208.7784,24.000,526.524,478.244,24.140,-43.060,0.320
208.8795,21.000,537.976,507.480,15.248,-43.552,0.320
208.9798,19.000,565.956,523.539,21.208,-32.098,0.320
209.0787,16.000,569.317,561.905,3.706,-41.290,0.320
209.1877,13.000,580.474,593.511,-6.518,-43.187,0.320
209.2846,10.000,593.561,624.068,-15.253,-43.578,0.320
209.3829,7.000,607.315,654.705,-23.695,-43.659,0.320
209.4809,4.000,621.434,685.613,-32.089,-43.676,0.320
209.5780,2.000,651.262,703.514,-26.126,-32.124,0.320
209.6869,-0.000,671.557,730.241,-29.342,-29.740,0.320
209.7843,-3.000,671.689,769.334,-48.823,-40.803,0.320
209.8818,-5.000,695.051,785.407,-45.178,-31.531,0.320
209.9781,-8.000,693.352,819.882,-63.265,-41.173,0.320
210.0866,-10.000,714.238,832.948,-59.355,-31.607,0.320
210.1868,-12.000,726.522,852.619,-63.048,-29.633,0.320
210.2849,-15.000,720.098,885.460,-82.681,-40.781,0.320
210.3835,-17.000,737.933,896.174,-79.121,-31.526,0.320
210.4803,-19.000,747.816,913.651,-82.917,-29.617,0.320
210.5781,-21.000,755.786,932.033,-88.123,-29.222,0.320
210.6886,-23.000,763.014,950.298,-93.642,-29.141,0.320
210.7852,-24.000,786.089,955.828,-84.870,-17.569,0.320
210.8822,-26.000,783.525,982.799,-99.637,-26.736,0.320
210.9801,-27.000,804.230,989.776,-92.773,-17.073,0.320
211.0772,-28.000,817.156,1004.314,-93.579,-15.078,0.320
211.1847,-30.000,812.131,1032.778,-110.323,-26.223,0.320
211.2823,-31.000,832.016,1039.751,-103.867,-16.967,0.320
211.3791,-32.000,828.592,1038.107,-104.757,-15.057,0.320
211.4790,-34.000,807.337,1050.375,-121.519,-26.218,0.320
211.5868,-35.000,811.050,1041.183,-115.066,-16.966,0.320
211.6862,-37.000,791.135,1051.761,-130.313,-26.612,0.320
211.7869,-38.000,795.012,1042.107,-123.548,-17.047,0.320
211.8846,-39.000,791.311,1040.059,-124.374,-15.073,0.320
211.9827,-41.000,769.778,1052.023,-141.122,-26.221,0.320
212.0795,-42.000,773.247,1042.582,-134.667,-16.966,0.320
212.1786,-42.000,785.674,1028.078,-121.202,-3.501,0.320
212.2867,-43.000,771.295,1036.852,-132.779,-12.278,0.320
212.3851,-44.000,763.882,1038.661,-137.390,-14.089,0.320
212.4807,-44.000,774.182,1026.598,-126.208,-2.907,0.320
212.5811,-45.000,759.464,1035.976,-138.256,-12.155,0.320
212.6796,-45.000,768.342,1025.560,-128.609,-2.508,0.320
212.7781,-45.000,769.679,1022.916,-126.618,-0.518,0.320
212.8872,-46.000,753.258,1034.385,-140.563,-11.662,0.320
212.9767,-46.000,761.910,1024.524,-131.307,-2.407,0.320
213.0856,-46.000,763.306,1022.101,-129.397,-0.497,0.320
213.1839,-46.000,763.264,1021.270,-129.003,-0.102,0.320
213.2820,-46.000,762.974,1020.818,-128.922,-0.021,0.320
213.3785,-45.000,775.951,1005.050,-114.550,11.551,0.320
213.4765,-45.000,767.097,1014.531,-123.717,2.384,0.320
213.5836,-45.000,765.472,1016.690,-125.609,0.492,0.320
213.6806,-45.000,765.308,1017.307,-125.999,0.101,0.320
213.7780,-44.000,778.696,1002.145,-111.724,11.576,0.320
213.8778,-44.000,770.254,1012.078,-120.912,2.389,0.320
213.9868,-43.000,782.268,999.172,-108.452,12.048,0.320
214.0832,-42.000,787.102,994.420,-103.659,14.042,0.320
214.1811,-41.000,790.768,991.663,-100.448,14.453,0.320
214.2796,-40.000,794.459,989.585,-97.563,14.538,0.320
214.3765,-39.000,798.382,987.873,-94.745,14.555,0.320
214.4841,-38.000,802.546,986.429,-91.942,14.559,0.320
214.5825,-37.000,806.922,985.204,-89.141,14.560,0.320
214.6806,-36.000,811.482,984.163,-86.341,14.560,0.320
214.7805,-35.000,816.197,983.279,-83.541,14.560,0.320
214.8784,-33.000,834.321,967.091,-66.385,26.116,0.320
214.9856,-32.000,830.693,976.206,-72.756,16.944,0.320
215.0865,-31.000,834.352,978.049,-71.849,15.052,0.320
215.1853,-30.000,839.520,978.399,-69.439,14.662,0.320
215.2827,-28.000,858.280,963.009,-52.364,26.137,0.320
215.3795,-26.000,868.520,957.313,-44.396,28.504,0.320
215.4796,-25.000,864.105,969.431,-52.663,17.437,0.320
215.5789,-23.000,881.590,957.173,-37.791,26.709,0.320
215.6767,-21.000,892.165,952.722,-30.278,28.623,0.320
215.7854,-20.000,888.327,965.605,-38.639,17.462,0.320
215.8833,-19.000,892.981,969.478,-38.248,15.159,0.320
215.9797,-17.000,912.531,955.857,-21.663,26.239,0.320
216.0781,-17.000,897.131,982.297,-42.583,5.414,0.320
216.1772,-16.000,910.711,975.940,-32.614,12.673,0.320
216.2859,-15.000,918.415,975.216,-28.401,14.171,0.320
216.3827,-13.000,938.113,960.131,-11.009,26.035,0.320
216.4818,-12.000,935.619,970.386,-17.383,16.928,0.320
216.5813,-11.000,940.197,973.245,-16.524,15.049,0.320
216.6802,-10.000,946.134,974.470,-14.168,14.661,0.320
216.7788,-8.000,965.548,959.823,2.863,26.136,0.320
216.8755,-7.000,963.068,970.196,-3.564,16.949,0.320
216.9829,-5.000,980.993,957.658,11.668,26.608,0.320
217.0788,-4.000,978.419,968.653,4.883,17.046,0.320
217.1839,-3.000,983.227,971.841,5.693,15.073,0.320
217.2811,-2.000,989.428,973.278,8.075,14.666,0.320
217.3799,-0.000,977.809,964.604,6.602,6.762,0.180
217.4764,1.000,965.621,958.603,3.509,3.218,0.180
217.5843,3.000,955.537,946.167,4.685,3.491,0.180
217.6819,4.000,944.742,936.880,3.931,2.283,0.180
217.7798,6.000,934.524,922.969,5.777,3.224,0.180
217.8773,7.000,923.238,912.805,5.216,2.207,0.180
217.9749,9.000,912.495,898.256,7.120,3.202,0.180
218.0852,10.000,900.734,887.580,6.577,2.201,0.180
218.1841,11.000,889.402,875.900,6.751,1.914,0.180
218.2823,13.000,877.341,861.341,8.000,3.118,0.180
218.3785,14.000,865.558,849.558,8.000,2.177,0.180
218.4763,15.000,853.572,837.572,8.000,1.908,0.180
218.5831,16.000,841.414,825.414,8.000,1.831,0.180
218.6789,16.000,830.347,814.994,7.676,0.523,0.180
218.7770,17.000,818.068,802.068,8.000,1.435,0.180
218.8748,17.000,806.947,790.947,8.000,0.410,0.180
218.9822,17.000,795.350,779.817,7.766,0.117,0.180
219.0783,18.000,782.455,766.455,8.000,1.319,0.180
219.1749,18.000,770.885,754.885,8.000,0.377,0.180
219.2833,17.000,756.221,743.183,6.519,-1.178,0.180
219.3802,17.000,745.461,730.710,7.376,-0.337,0.180
219.4785,17.000,733.933,718.671,7.631,-0.096,0.180
219.5761,18.000,720.816,704.816,8.000,1.258,0.180
219.6748,16.000,703.160,692.968,5.096,-2.212,0.180
219.7832,16.000,693.304,679.923,6.690,-0.632,0.180
219.8801,16.000,682.128,667.816,7.156,-0.181,0.180
219.9783,13.000,660.936,656.756,2.090,-3.909,0.180
220.0764,13.000,652.623,642.836,4.893,-1.117,0.180
220.1752,13.000,642.073,630.668,5.703,-0.319,0.180
220.2843,11.000,624.394,619.456,2.469,-2.663,0.180
220.3792,11.000,615.118,606.356,4.381,-0.761,0.180
220.4773,-13.000,526.453,599.942,-36.744,-31.074,0.180
220.5751,-13.000,542.319,571.439,-14.560,-8.878,0.180
220.6834,-13.000,541.368,557.828,-8.230,-2.537,0.180
220.7814,-16.000,525.180,548.459,-11.640,-4.582,0.180
220.8805,-13.000,533.789,540.132,-3.171,2.548,0.180
220.9792,-16.000,526.687,547.113,-10.213,-3.129,0.180
221.0752,-13.000,534.246,539.811,-2.782,2.963,0.180
221.1826,-13.000,536.727,546.549,-4.911,0.847,0.180
221.2805,-13.000,540.029,551.083,-5.527,0.242,0.180
221.3795,-10.000,544.065,545.068,-0.502,3.926,0.180
221.4781,23.000,518.151,502.151,8.000,43.550,0.180
221.5771,26.000,521.512,505.512,8.000,16.300,0.180
221.6766,30.000,522.629,506.629,8.000,9.800,0.180
221.7751,32.000,526.458,510.458,8.000,5.371,0.180
221.8731,33.000,531.153,515.153,8.000,2.820,0.180
221.9820,36.000,531.964,515.964,8.000,4.663,0.180
222.0799,39.000,532.473,516.473,8.000,5.189,0.180
222.1800,40.000,535.846,519.846,8.000,2.768,0.180
222.2807,42.000,537.093,521.093,8.000,3.362,0.180
222.3765,44.000,538.033,522.033,8.000,3.532,0.180
222.4769,45.000,540.271,524.271,8.000,2.295,0.180
222.5841,47.000,540.554,524.554,8.000,3.227,0.180
222.6823,49.000,540.675,524.675,8.000,3.493,0.180
222.7786,50.000,542.218,526.218,8.000,2.284,0.180
222.8769,51.000,543.469,527.469,8.000,1.938,0.180
222.9744,53.000,542.912,526.912,8.000,3.125,0.180
223.0726,54.000,543.879,527.879,8.000,2.179,0.180
223.1817,55.000,544.641,528.641,8.000,1.908,0.180
223.2801,57.000,543.669,527.669,8.000,3.117,0.180
223.3779,58.000,544.282,528.282,8.000,2.176,0.180
223.4748,59.000,544.743,528.743,8.000,1.907,0.180
223.5754,60.000,545.076,529.076,8.000,1.831,0.180
223.6734,61.000,545.298,529.298,8.000,1.809,0.180
223.7742,63.000,543.867,527.867,8.000,3.088,0.180
223.8829,64.000,544.091,528.091,8.000,2.168,0.180
223.9721,65.000,544.221,528.221,8.000,1.905,0.180
224.0810,66.000,544.271,528.271,8.000,1.830,0.180
224.1784,66.000,545.815,529.815,8.000,0.523,0.180
224.2755,67.000,545.566,529.566,8.000,1.435,0.180
224.3818,68.000,545.295,529.295,8.000,1.696,0.180
224.4785,69.000,545.004,529.004,8.000,1.770,0.180
224.5765,70.000,544.697,528.697,8.000,1.791,0.180
224.6741,70.000,545.937,529.937,8.000,0.512,0.180
224.7753,70.000,546.990,530.990,8.000,0.146,0.180
224.8741,70.000,547.885,531.885,8.000,0.042,0.180
224.9721,70.000,548.646,532.646,8.000,0.012,0.180
225.0816,71.000,547.733,531.733,8.000,1.289,0.180
225.1789,71.000,548.457,532.457,8.000,0.368,0.180
225.2753,72.000,547.512,531.512,8.000,1.391,0.180
225.3728,72.000,548.209,532.209,8.000,0.397,0.180
225.4719,73.000,547.241,531.241,8.000,1.399,0.180
225.5813,74.000,546.359,530.359,8.000,1.686,0.180
225.6788,76.000,543.989,527.989,8.000,3.053,0.180
225.7759,75.000,543.534,527.534,8.000,-0.413,0.180
225.8740,74.000,543.208,527.208,8.000,-1.404,0.180
225.9720,73.000,542.990,526.990,8.000,-1.687,0.180
226.0810,72.000,542.866,526.866,8.000,-1.768,0.180
226.1808,70.000,541.379,525.379,8.000,-3.076,0.180
226.2818,68.000,540.236,524.236,8.000,-3.450,0.180
226.3797,66.000,539.385,523.385,8.000,-3.557,0.180
226.4781,65.000,540.221,524.221,8.000,-2.302,0.180
226.5755,63.000,539.551,523.551,8.000,-3.229,0.180
226.6736,61.000,539.102,523.102,8.000,-3.494,0.180
226.7821,59.000,538.841,522.841,8.000,-3.570,0.180
226.8797,57.000,538.738,522.738,8.000,-3.591,0.180
226.9787,55.000,538.771,522.771,8.000,-3.598,0.180
227.0777,52.000,537.479,521.479,8.000,-4.885,0.180
227.1743,49.000,536.561,520.561,8.000,-5.253,0.180
227.2727,46.000,535.961,519.961,8.000,-5.358,0.180
227.3711,43.000,535.630,519.630,8.000,-5.388,0.180
227.4786,40.000,535.530,519.530,8.000,-5.397,0.180
227.5753,36.000,534.184,518.184,8.000,-6.685,0.180
227.6766,32.000,532.699,517.861,7.419,-7.053,0.180
227.7734,28.000,530.266,519.238,5.514,-7.158,0.180
227.8725,23.000,525.051,521.154,1.948,-8.474,0.180
227.9799,19.000,524.516,522.366,1.075,-7.564,0.180
228.0795,14.000,520.341,524.717,-2.188,-8.590,0.180
228.1785,10.000,520.507,526.479,-2.986,-7.597,0.180
228.2774,5.000,516.879,529.347,-6.234,-8.599,0.180
228.3753,-0.000,514.319,531.860,-8.770,-8.885,0.180
228.4733,-5.000,511.663,533.877,-11.107,-8.967,0.180
228.5725,-10.000,508.809,535.587,-13.389,-8.991,0.180
228.6714,-15.000,505.753,537.071,-15.659,-8.997,0.180
228.7701,-20.000,502.533,538.355,-17.911,-8.999,0.180
228.8775,-24.000,502.455,539.307,-18.426,-7.714,0.180
228.9762,-27.000,504.450,540.696,-18.123,-6.061,0.180
229.0753,-31.000,501.534,543.007,-20.736,-6.875,0.180
229.1734,-34.000,502.301,544.367,-21.033,-5.821,0.180
229.2711,-38.000,498.680,546.315,-23.818,-6.806,0.180
229.3705,-41.000,498.943,547.270,-24.164,-5.802,0.180
229.4796,-44.000,498.218,548.671,-25.227,-5.515,0.180
229.5790,-46.000,500.353,549.870,-24.759,-4.147,0.180
229.6772,-48.000,501.140,551.677,-25.268,-3.756,0.180
229.7758,-50.000,501.334,553.447,-26.056,-3.645,0.180
229.8735,-51.000,504.477,554.855,-25.189,-2.327,0.180
229.9705,-63.000,470.025,558.735,-44.355,-16.093,0.180
230.0774,-66.000,476.640,552.774,-38.067,-8.455,0.180
230.1762,-70.000,474.274,552.215,-38.970,-7.559,0.180
230.2746,-73.000,474.543,552.100,-38.779,-6.017,0.180
230.3722,-78.000,466.928,553.246,-43.159,-8.148,0.180
230.4716,-83.000,461.019,553.056,-46.018,-8.756,0.180
230.5697,-91.000,445.816,553.115,-53.649,-12.788,0.180
