time_s,error_mm,left_rpm,right_rpm,pid_output,d_term,target_speed_ms
0.0001,-5.000,-157.425,187.108,-172.266,-158.261,0.320
0.0876,-5.000,-17.873,75.508,-46.691,-32.657,0.320
0.1887,-4.000,35.566,48.445,-6.439,4.817,0.320
0.2876,-4.000,46.818,67.386,-10.284,0.994,0.320
0.3883,-4.000,61.226,83.417,-11.096,0.205,0.320
0.4914,-4.000,76.365,98.926,-11.281,0.042,0.320
0.5882,-4.000,91.721,114.395,-11.337,0.009,0.320
0.6849,-3.000,120.461,114.471,2.995,11.557,0.320
0.7831,-3.000,127.406,139.795,-6.194,2.385,0.320
0.8806,-3.000,141.598,157.806,-8.104,0.492,0.320
0.9906,-3.000,157.264,174.287,-8.511,0.102,0.320
1.0882,-3.000,173.216,190.434,-8.609,0.021,0.320
1.1863,-3.000,189.213,206.497,-8.642,0.004,0.320
1.2828,-2.000,218.486,207.088,5.699,11.556,0.320
1.3823,-2.000,225.883,232.851,-3.484,2.385,0.320
1.4809,-1.000,253.741,235.794,8.973,12.048,0.320
1.5890,-1.000,261.151,262.339,-0.594,2.486,0.320
1.6873,-0.000,289.272,265.695,11.789,12.069,0.320
1.7847,-0.000,296.959,292.538,2.210,2.490,0.320
1.8820,1.000,324.486,295.296,14.595,12.069,0.320
1.9799,1.000,331.671,321.627,5.022,2.491,0.320
2.0871,2.000,358.773,323.949,17.412,12.069,0.320
2.1849,2.000,365.598,349.910,7.844,2.491,0.320
2.2830,2.000,379.953,368.196,5.879,0.514,0.320
2.3901,3.000,408.258,368.572,19.843,11.662,0.320
2.4884,3.000,415.096,393.886,10.605,2.406,0.320
2.5865,3.000,429.255,411.832,8.712,0.497,0.320
2.6874,4.000,457.351,411.960,22.696,11.658,0.320
2.7893,4.000,464.003,437.072,13.466,2.406,0.320
2.8904,4.000,478.004,454.846,11.579,0.496,0.320
2.9913,4.000,493.524,471.109,11.207,0.102,0.320
3.0802,4.000,509.360,487.063,11.148,0.021,0.320
3.1812,4.000,525.264,502.956,11.154,0.004,0.320
3.2820,4.000,541.184,518.838,11.173,0.001,0.320
3.3814,4.000,557.108,534.719,11.195,0.000,0.320
3.4899,4.000,573.035,550.602,11.217,0.000,0.320
3.5870,5.000,601.405,550.205,25.600,11.556,0.320
3.6863,5.000,608.038,575.124,16.457,2.384,0.320
3.7837,5.000,621.970,592.785,14.593,0.492,0.320
3.8830,5.000,637.423,608.962,14.230,0.102,0.320
3.9805,5.000,653.200,624.844,14.178,0.021,0.320
4.0832,5.000,669.054,640.675,14.189,0.004,0.320
4.1833,5.000,684.932,656.504,14.214,0.001,0.320
4.2853,5.000,700.822,672.340,14.241,0.000,0.320
4.3865,5.000,716.720,688.183,14.269,0.000,0.320
4.4859,5.000,732.626,704.032,14.297,0.000,0.320
4.5859,5.000,748.537,719.887,14.325,0.000,0.320
4.6857,6.000,776.894,719.466,28.714,11.556,0.320
4.7862,6.000,783.517,744.364,19.576,2.384,0.320
4.8874,6.000,797.441,762.006,17.718,0.492,0.320
4.9895,6.000,812.888,778.166,17.361,0.102,0.320
5.0902,7.000,841.102,777.752,31.675,11.577,0.320
5.1792,7.000,847.656,802.603,22.526,2.389,0.320
5.2901,7.000,861.534,820.194,20.670,0.493,0.320
5.3796,6.000,861.502,849.589,5.957,-11.454,0.320
5.4874,6.000,886.993,856.832,15.081,-2.363,0.320
5.5873,5.000,889.760,884.502,2.629,-12.043,0.320
5.6857,5.000,916.169,891.740,12.215,-2.485,0.320
5.7891,4.000,919.416,919.708,-0.146,-12.068,0.320
5.8884,4.000,946.170,927.261,9.455,-2.490,0.320
5.9885,4.000,965.136,942.230,11.453,-0.514,0.320
6.0865,3.000,966.935,971.891,-2.478,-11.662,0.320
6.1849,3.000,993.465,979.876,6.794,-2.406,0.320
6.2843,3.000,1012.448,995.006,8.721,-0.497,0.320
6.3854,3.000,1013.829,995.565,9.132,-0.102,0.320
6.4884,3.000,1014.751,996.291,9.230,-0.021,0.320
6.5784,3.000,1015.486,996.958,9.264,-0.004,0.320
6.6869,3.000,1016.101,997.534,9.284,-0.001,0.320
6.7857,3.000,1016.625,998.022,9.301,-0.000,0.320
6.8872,3.000,1017.072,998.436,9.318,-0.000,0.320
6.9873,2.000,1002.014,1012.066,-5.026,-11.556,0.320
7.0871,2.000,1012.089,1003.776,4.156,-2.384,0.320
7.1852,2.000,1014.752,1002.632,6.060,-0.492,0.320
7.2827,1.000,1000.357,1016.156,-7.899,-11.657,0.320
7.3827,1.000,1010.745,1008.029,1.358,-2.405,0.320
7.4815,-0.000,998.179,1020.357,-11.089,-12.052,0.320
7.5824,-0.000,1009.143,1012.190,-1.524,-2.487,0.320
7.6806,-1.000,996.024,1023.847,-13.911,-12.069,0.320
7.7886,-1.000,1006.476,1015.152,-4.338,-2.490,0.320
7.8813,-1.000,1009.193,1013.928,-2.367,-0.514,0.320
7.9796,-1.000,1010.230,1014.161,-1.965,-0.106,0.320
8.0777,-1.000,1010.848,1014.622,-1.887,-0.022,0.320
8.1886,-1.000,1011.319,1015.069,-1.875,-0.005,0.320
8.2868,-1.000,1011.707,1015.460,-1.877,-0.001,0.320
8.3870,-2.000,995.752,1028.238,-16.243,-11.556,0.320
8.4859,-2.000,1005.062,1019.227,-7.083,-2.385,0.320
8.5792,-2.000,1007.070,1017.473,-5.202,-0.492,0.320
8.6896,-2.000,1007.558,1017.202,-4.822,-0.102,0.320
8.7792,-2.000,1007.719,1017.225,-4.753,-0.021,0.320
8.8874,-2.000,1007.802,1017.297,-4.748,-0.004,0.320
8.9854,-2.000,1007.861,1017.372,-4.755,-0.001,0.320
9.0832,-2.000,1007.907,1017.438,-4.766,-0.000,0.320
9.1884,-3.000,991.663,1029.939,-19.138,-11.556,0.320
9.2772,-3.000,1000.726,1020.693,-9.984,-2.384,0.320
9.3864,-3.000,1002.524,1018.740,-8.108,-0.492,0.320
9.4864,-3.000,1002.832,1018.300,-7.734,-0.102,0.320
9.5843,-3.000,1002.839,1018.181,-7.671,-0.021,0.320
9.6774,-3.000,1002.792,1018.133,-7.671,-0.004,0.320
9.7900,-3.000,1002.738,1018.106,-7.684,-0.001,0.320
9.8784,-3.000,1002.687,1018.088,-7.700,-0.000,0.320
9.9868,-3.000,1002.641,1018.075,-7.717,-0.000,0.320
10.0837,-3.000,1002.600,1018.067,-7.734,-0.000,0.320
10.1834,-3.000,1002.562,1018.063,-7.750,-0.000,0.320
10.2809,-3.000,1002.527,1018.061,-7.767,-0.000,0.320
10.3805,-3.000,1002.495,1018.063,-7.784,-0.000,0.320
10.4779,-2.000,1015.746,1002.626,6.560,11.556,0.320
10.5865,-2.000,1007.135,1012.379,-2.622,2.384,0.320
10.6836,-2.000,1005.717,1014.768,-4.526,0.492,0.320
10.7824,-2.000,1005.728,1015.582,-4.927,0.102,0.320
10.8819,-2.000,1005.986,1016.025,-5.019,0.021,0.320
10.9810,-2.000,1006.257,1016.350,-5.047,0.004,0.320
11.0770,-2.000,1006.495,1016.618,-5.062,0.001,0.320
11.1848,-2.000,1006.699,1016.846,-5.073,0.000,0.320
11.2817,-2.000,1006.871,1017.040,-5.085,0.000,0.320
11.3823,-2.000,1007.015,1017.207,-5.096,0.000,0.320
11.4780,-2.000,1007.136,1017.350,-5.107,0.000,0.320
11.5852,-2.000,1007.237,1017.474,-5.118,0.000,0.320
11.6833,-2.000,1007.321,1017.581,-5.130,0.000,0.320
11.7829,-2.000,1007.391,1017.673,-5.141,0.000,0.320
11.8843,-2.000,1007.449,1017.753,-5.152,0.000,0.320
11.9845,-2.000,1007.497,1017.823,-5.163,0.000,0.320
12.0831,-1.000,1020.817,1002.443,9.187,11.556,0.320
12.1805,-1.000,1012.264,1012.244,0.010,2.384,0.320
12.2837,-0.000,1024.178,999.232,12.473,12.048,0.320
12.3813,-0.000,1015.650,1009.827,2.912,2.486,0.320
12.4786,1.000,1026.996,996.397,15.300,12.069,0.320
12.5775,1.000,1018.038,1006.584,5.727,2.490,0.320
12.6851,1.000,1016.589,1009.077,3.756,0.514,0.320
12.7850,1.000,1016.631,1009.923,3.354,0.106,0.320
12.8836,2.000,1029.371,994.098,17.637,11.577,0.320
12.9835,2.000,1020.382,1003.464,8.459,2.389,0.320
13.0810,1.000,1003.217,1018.790,-7.787,-11.063,0.320
13.1804,2.000,1025.162,994.442,15.360,9.273,0.320
13.2782,1.000,1002.851,1015.550,-6.349,-9.642,0.320
13.3804,1.000,1011.498,1008.880,1.309,-1.990,0.320
13.4778,1.000,1013.923,1008.136,2.893,-0.411,0.320
13.5765,1.000,1014.969,1008.519,3.225,-0.085,0.320
13.6843,2.000,1028.090,992.772,17.659,11.538,0.320
13.7870,2.000,1019.328,1002.303,8.513,2.381,0.320
13.8857,3.000,1030.218,988.226,20.996,12.047,0.320
13.9844,3.000,1020.819,997.916,11.451,2.486,0.320
14.0811,3.000,1018.987,999.996,9.495,0.513,0.320
14.1816,3.000,1018.702,1000.491,9.105,0.106,0.320
14.2779,3.000,1018.724,1000.648,9.038,0.022,0.320
14.3777,3.000,1018.799,1000.725,9.037,0.005,0.320
14.4759,2.000,1003.436,1014.057,-5.311,-11.555,0.320
14.5826,2.000,1013.254,1005.512,3.871,-2.384,0.320
14.6826,2.000,1015.699,1004.150,5.774,-0.492,0.320
14.7830,2.000,1016.561,1004.209,6.176,-0.102,0.320
14.8842,2.000,1017.044,1004.508,6.268,-0.021,0.320
14.9820,2.000,1017.404,1004.813,6.296,-0.004,0.320
15.0820,2.000,1017.701,1005.081,6.310,-0.001,0.320
15.1793,2.000,1017.954,1005.309,6.322,-0.000,0.320
15.2773,2.000,1018.169,1005.502,6.334,-0.000,0.320
15.3754,3.000,1030.795,989.383,20.706,11.556,0.320
15.4847,3.000,1021.656,998.553,11.552,2.384,0.320
15.5765,3.000,1019.794,1000.442,9.676,0.492,0.320
15.6863,3.000,1019.431,1000.827,9.302,0.102,0.320
15.7840,3.000,1019.377,1000.900,9.239,0.021,0.320
15.8813,3.000,1019.385,1000.908,9.239,0.004,0.320
15.9807,3.000,1019.406,1000.901,9.252,0.001,0.320
16.0775,3.000,1019.428,1000.891,9.268,0.000,0.320
16.1759,2.000,1004.008,1014.161,-5.076,-11.556,0.320
16.2820,2.000,1013.776,1005.565,4.106,-2.384,0.320
16.3807,2.000,1016.178,1004.159,6.010,-0.492,0.320
16.4786,2.000,1017.004,1004.181,6.411,-0.102,0.320
16.5750,1.000,1002.014,1017.731,-7.858,-11.577,0.320
16.6843,1.000,1012.096,1009.425,1.335,-2.389,0.320
16.7830,1.000,1014.752,1008.279,3.237,-0.493,0.320
16.8810,1.000,1015.790,1008.523,3.633,-0.102,0.320
16.9790,1.000,1016.422,1008.982,3.720,-0.021,0.320
17.0765,-0.000,1001.467,1022.705,-10.619,-11.560,0.320
17.1746,-0.000,1011.617,1014.506,-1.445,-2.385,0.320
17.2762,-0.000,1014.340,1013.443,0.449,-0.492,0.320
17.3745,-0.000,1015.436,1013.757,0.839,-0.102,0.320
17.4836,-1.000,999.835,1026.717,-13.441,-11.577,0.320
17.5814,-1.000,1009.394,1017.913,-4.259,-2.389,0.320
17.6835,-1.000,1011.605,1016.343,-2.369,-0.493,0.320
17.7741,-1.000,1012.264,1016.230,-1.983,-0.102,0.320
17.8851,-1.000,1012.571,1016.387,-1.908,-0.021,0.320
17.9844,-1.000,1012.779,1016.573,-1.897,-0.004,0.320
18.0826,-1.000,1012.944,1016.743,-1.899,-0.001,0.320
18.1837,-1.000,1013.082,1016.890,-1.904,-0.000,0.320
18.2832,-1.000,1013.197,1017.016,-1.910,-0.000,0.320
18.3816,-0.000,1026.576,1001.684,12.446,11.556,0.320
18.4790,1.000,1030.515,995.243,17.636,13.940,0.320
18.5771,1.000,1019.894,1006.738,6.578,2.877,0.320
18.6778,2.000,1030.429,993.106,18.662,12.149,0.320
18.7747,2.000,1020.982,1002.920,9.031,2.507,0.320
18.8823,2.000,1019.160,1005.055,7.053,0.517,0.320
18.9838,2.000,1018.893,1005.587,6.653,0.107,0.320
19.0814,2.000,1018.933,1005.773,6.580,0.022,0.320
19.1827,2.000,1019.022,1005.876,6.573,0.005,0.320
19.2814,2.000,1019.111,1005.950,6.581,0.001,0.320
19.3783,2.000,1019.191,1006.008,6.591,0.000,0.320
19.4834,2.000,1019.261,1006.056,6.602,0.000,0.320
19.5741,2.000,1019.322,1006.095,6.614,0.000,0.320
19.6813,2.000,1019.376,1006.127,6.625,0.000,0.320
19.7800,2.000,1019.424,1006.152,6.636,0.000,0.320
19.8781,2.000,1019.465,1006.171,6.647,0.000,0.320
19.9782,2.000,1019.503,1006.186,6.658,0.000,0.320
20.0813,2.000,1019.536,1006.197,6.670,0.000,0.320
20.1793,2.000,1019.566,1006.205,6.681,0.000,0.320
20.2782,1.000,1004.152,1019.491,-7.669,-11.556,0.320
20.3764,1.000,1013.925,1010.910,1.508,-2.384,0.320
20.4750,1.000,1016.329,1009.518,3.406,-0.492,0.320
20.5789,1.000,1017.156,1009.552,3.802,-0.102,0.320
20.6775,1.000,1017.607,1009.832,3.888,-0.021,0.320
20.7768,1.000,1017.941,1010.120,3.910,-0.004,0.320
20.8747,1.000,1018.214,1010.376,3.919,-0.001,0.320
20.9843,1.000,1018.445,1010.594,3.925,-0.000,0.320
21.0817,1.000,1018.642,1010.779,3.931,-0.000,0.320
21.1801,1.000,1018.810,1010.936,3.937,-0.000,0.320
21.2808,1.000,1018.953,1011.068,3.942,-0.000,0.320
21.3767,1.000,1019.076,1011.180,3.948,-0.000,0.320
21.4752,1.000,1019.181,1011.274,3.954,-0.000,0.320
21.5847,-0.000,1003.830,1024.634,-10.402,-11.556,0.320
21.6816,-0.000,1013.656,1016.117,-1.231,-2.384,0.320
21.7801,-0.000,1016.104,1014.781,0.662,-0.492,0.320
21.8789,-0.000,1016.967,1014.863,1.052,-0.102,0.320
21.9787,-0.000,1017.449,1015.184,1.133,-0.021,0.320
22.0767,-1.000,1001.526,1027.950,-13.212,-11.560,0.320
22.1742,-1.000,1010.853,1018.939,-4.043,-2.385,0.320
22.2730,-1.000,1012.875,1017.186,-2.155,-0.492,0.320
22.3735,-1.000,1013.374,1016.915,-1.770,-0.102,0.320
22.4825,-2.000,997.265,1029.379,-16.057,-11.577,0.320
22.5807,-2.000,1006.393,1020.153,-6.880,-2.389,0.320
22.6784,-2.000,1008.235,1018.226,-4.995,-0.493,0.320
22.7766,-2.000,1008.580,1017.810,-4.615,-0.102,0.320
22.8762,-3.000,992.338,1030.151,-18.907,-11.577,0.320
22.9749,-3.000,1001.351,1020.823,-9.736,-2.389,0.320
23.0835,-4.000,986.814,1031.251,-22.218,-12.048,0.320
23.1808,-4.000,996.108,1021.465,-12.678,-2.486,0.320
23.2783,-5.000,981.569,1031.746,-25.089,-12.069,0.320
23.3799,-5.000,990.809,1021.886,-15.538,-2.490,0.320
23.4811,-5.000,992.495,1019.674,-13.590,-0.514,0.320
23.5815,-5.000,992.651,1019.071,-13.210,-0.106,0.320
23.6731,-5.000,992.517,1018.824,-13.154,-0.022,0.320
23.7734,-5.000,992.344,1018.673,-13.165,-0.005,0.320
23.8804,-4.000,1005.464,1003.119,1.172,11.555,0.320
23.9793,-4.000,996.736,1012.777,-8.021,2.384,0.320
24.0762,-4.000,995.217,1015.087,-9.935,0.492,0.320
24.1750,-4.000,995.140,1015.836,-10.348,0.102,0.320
24.2768,-4.000,995.323,1016.225,-10.451,0.021,0.320
24.3771,-3.000,1008.808,1001.065,3.871,11.560,0.320
24.4738,-3.000,1000.405,1011.045,-5.320,2.385,0.320
24.5817,-3.000,999.165,1013.625,-7.230,0.492,0.320
24.6798,-3.000,999.327,1014.602,-7.638,0.102,0.320
24.7796,-3.000,999.714,1015.184,-7.735,0.021,0.320
24.8775,-4.000,983.811,1028.070,-22.130,-11.551,0.320
24.9750,-4.000,993.174,1019.143,-12.984,-2.384,0.320
25.0729,-4.000,995.228,1017.458,-11.115,-0.492,0.320
25.1819,-4.000,995.754,1017.248,-10.747,-0.101,0.320
25.2807,-4.000,995.946,1017.323,-10.689,-0.021,0.320
25.3789,-4.000,996.053,1017.443,-10.695,-0.004,0.320
25.4762,-4.000,996.131,1017.559,-10.714,-0.001,0.320
25.5761,-4.000,996.192,1017.662,-10.735,-0.000,0.320
25.6740,-3.000,1009.520,1002.313,3.604,11.556,0.320
25.7729,-3.000,1000.974,1012.142,-5.584,2.384,0.320
25.8727,-2.000,1012.891,999.156,6.868,12.048,0.320
25.9749,-2.000,1004.363,1009.774,-2.705,2.486,0.320
26.0728,-1.000,1016.549,997.206,9.672,12.069,0.320
26.1772,-0.000,1021.584,992.685,14.449,14.046,0.320
26.2773,-0.000,1012.155,1005.552,3.302,2.898,0.320
26.3753,1.000,1023.757,993.032,15.362,12.154,0.320
26.4735,2.000,1027.667,987.500,20.083,14.063,0.320
26.5744,3.000,1029.770,983.181,23.294,14.458,0.320
26.6719,4.000,1031.311,978.915,26.198,14.539,0.320
26.7767,5.000,1032.578,974.492,29.043,14.556,0.320
26.8788,5.000,1021.212,986.175,17.519,3.004,0.320
26.9770,5.000,1018.991,988.665,15.163,0.620,0.320
27.0772,5.000,1018.642,989.244,14.699,0.128,0.320
27.1744,4.000,1003.225,1002.696,0.264,-11.529,0.320
27.2816,4.000,1013.062,994.188,9.437,-2.379,0.320
27.3807,4.000,1015.538,992.843,11.347,-0.491,0.320
27.4801,3.000,1000.989,1006.192,-2.602,-11.657,0.320
27.5773,3.000,1011.247,997.914,6.667,-2.405,0.320
27.6774,2.000,998.574,1010.111,-5.769,-12.052,0.320
27.7738,2.000,1009.448,1001.833,3.807,-2.487,0.320
27.8729,2.000,1012.535,1000.951,5.792,-0.513,0.320
27.9712,2.000,1013.891,1001.469,6.211,-0.106,0.320
28.0729,2.000,1014.783,1002.171,6.306,-0.022,0.320
28.1719,3.000,1027.930,986.539,20.696,11.551,0.320
28.2796,3.000,1019.223,996.133,11.545,2.384,0.320
28.3770,4.000,1030.167,982.104,24.031,12.047,0.320
28.4741,5.000,1033.257,975.550,28.854,14.042,0.320
28.5817,5.000,1022.170,986.695,17.737,2.897,0.320
28.6793,6.000,1032.363,972.709,29.827,12.153,0.320
28.7803,7.000,1035.081,965.928,34.576,14.063,0.320
28.8710,8.000,1036.173,960.543,37.815,14.458,0.320
28.9789,8.000,1024.419,971.647,26.386,2.983,0.320
29.0712,9.000,1034.261,957.413,38.424,12.171,0.320
29.1803,9.000,1024.285,966.656,28.815,2.512,0.320
29.2803,8.000,1006.589,981.568,12.511,-11.037,0.320
29.3798,7.000,1000.270,986.362,6.954,-13.833,0.320
29.4819,7.000,1012.139,976.195,17.972,-2.854,0.320
29.5721,6.000,999.726,987.896,5.915,-12.145,0.320
29.6731,5.000,995.155,992.702,1.226,-14.062,0.320
29.7741,3.000,977.060,1009.676,-16.308,-26.013,0.320
29.8710,2.000,984.804,1004.819,-10.007,-16.923,0.320
29.9800,1.000,985.533,1007.385,-10.926,-15.048,0.320
30.0798,-1.000,968.659,1024.059,-27.700,-26.216,0.320
30.1801,-3.000,959.812,1031.055,-35.622,-28.521,0.320
30.2809,-4.000,968.364,1023.092,-27.364,-17.441,0.320
30.3794,-5.000,967.652,1023.463,-27.906,-15.154,0.320
30.4801,-5.000,981.006,1012.819,-15.906,-3.127,0.320
30.5699,-6.000,968.331,1023.958,-27.814,-12.201,0.320
30.6702,-6.000,978.828,1015.156,-18.164,-2.518,0.320
30.7773,-6.000,981.512,1013.911,-16.200,-0.520,0.320
30.8750,-6.000,982.503,1014.145,-15.821,-0.107,0.320
30.9730,-7.000,966.794,1027.055,-30.130,-11.578,0.320
31.0728,-6.000,989.535,1002.774,-6.620,9.167,0.320
31.1739,-6.000,983.072,1010.929,-13.928,1.892,0.320
31.2728,-6.000,982.256,1013.182,-15.463,0.390,0.320
31.3718,-6.000,982.523,1014.137,-15.807,0.081,0.320
31.4796,-5.000,996.226,999.312,-1.543,11.572,0.320
31.5807,-5.000,988.038,1009.548,-10.755,2.388,0.320
31.6777,-5.000,986.984,1012.341,-12.678,0.493,0.320
31.7746,-4.000,1000.586,998.059,1.264,11.657,0.320
31.8747,-4.000,992.522,1008.543,-8.011,2.405,0.320
31.9770,-4.000,991.620,1011.504,-9.942,0.496,0.320
32.0747,-4.000,992.078,1012.795,-10.358,0.102,0.320
32.1718,-4.000,992.718,1013.642,-10.462,0.021,0.320
32.2739,-4.000,993.310,1014.313,-10.501,0.004,0.320
32.3716,-3.000,1007.103,999.435,3.834,11.556,0.320
32.4696,-3.000,998.953,1009.662,-5.355,2.385,0.320
32.5803,-3.000,997.926,1012.454,-7.264,0.492,0.320
32.6787,-3.000,998.269,1013.612,-7.671,0.102,0.320
32.7778,-2.000,1012.091,998.906,6.593,11.577,0.320
32.8777,-2.000,1004.016,1009.229,-2.606,2.389,0.320
32.9797,-1.000,1016.346,996.650,9.848,12.048,0.320
33.0691,-1.000,1008.172,1007.612,0.280,2.486,0.320
33.1789,1.000,1033.101,979.054,27.023,23.624,0.320
33.2773,1.000,1015.814,999.255,8.280,4.875,0.320
33.3752,2.000,1025.631,988.076,18.777,12.561,0.320
33.4739,2.000,1016.593,998.955,8.819,2.592,0.320
33.5780,2.000,1015.330,1001.784,6.773,0.535,0.320
33.6692,2.000,1015.582,1002.862,6.360,0.110,0.320
33.7702,2.000,1016.071,1003.504,6.284,0.023,0.320
33.8790,2.000,1016.545,1003.992,6.277,0.005,0.320
33.9694,2.000,1016.961,1004.393,6.284,0.001,0.320
34.0721,2.000,1017.319,1004.730,6.295,0.000,0.320
34.1724,2.000,1017.625,1005.014,6.306,0.000,0.320
34.2709,2.000,1017.887,1005.254,6.317,0.000,0.320
34.3717,2.000,1018.112,1005.456,6.328,0.000,0.320
34.4689,2.000,1018.304,1005.626,6.339,0.000,0.320
34.5689,2.000,1018.470,1005.769,6.350,0.000,0.320
34.6690,2.000,1018.612,1005.889,6.362,0.000,0.320
34.7690,2.000,1018.734,1005.989,6.373,0.000,0.320
34.8777,2.000,1018.840,1006.072,6.384,0.000,0.320
34.9777,2.000,1018.932,1006.141,6.395,0.000,0.320
35.0755,2.000,1019.011,1006.199,6.406,0.000,0.320
35.1737,2.000,1019.081,1006.246,6.418,0.000,0.320
35.2740,2.000,1019.141,1006.284,6.429,0.000,0.320
35.3771,2.000,1019.195,1006.315,6.440,0.000,0.320
35.4756,2.000,1019.241,1006.339,6.451,0.000,0.320
35.5730,1.000,1003.842,1019.639,-7.899,-11.556,0.320
35.6712,-1.000,981.904,1036.793,-27.444,-25.496,0.320
35.7690,-1.000,1003.100,1017.530,-7.215,-5.261,0.320
35.8693,-0.000,1021.372,998.741,11.316,10.470,0.320
35.9681,-1.000,998.062,1020.772,-11.355,-9.395,0.320
36.0775,-1.000,1006.469,1014.278,-3.904,-1.939,0.320
36.1764,-1.000,1008.815,1013.557,-2.371,-0.400,0.320
36.2763,-2.000,993.537,1026.378,-16.421,-11.638,0.320
36.3771,-2.000,1003.217,1017.608,-7.195,-2.402,0.320
36.4781,-3.000,989.218,1028.541,-19.662,-12.051,0.320
36.5682,-3.000,998.962,1019.190,-10.114,-2.487,0.320
36.6760,-4.000,984.806,1029.842,-22.518,-12.069,0.320
36.7750,-5.000,978.091,1032.738,-27.324,-14.046,0.320
36.8741,-6.000,972.806,1033.936,-30.565,-14.454,0.320
36.9748,-7.000,967.726,1034.703,-33.489,-14.538,0.320
37.0750,-8.000,962.610,1035.312,-36.351,-14.555,0.320
37.1731,-9.000,957.421,1035.830,-39.205,-14.559,0.320
37.2708,-9.000,968.440,1023.841,-27.700,-3.004,0.320
37.3712,-9.000,970.362,1021.095,-25.366,-0.620,0.320
37.4697,-9.000,970.453,1020.303,-24.925,-0.128,0.320
37.5703,-9.000,970.207,1019.954,-24.874,-0.026,0.320
37.6677,-9.000,969.924,1019.730,-24.903,-0.005,0.320
37.7779,-9.000,969.663,1019.561,-24.949,-0.001,0.320
37.8764,-9.000,969.430,1019.428,-24.999,-0.000,0.320
37.9752,-9.000,969.225,1019.322,-25.049,-0.000,0.320
38.0711,-9.000,969.042,1019.241,-25.099,-0.000,0.320
38.1704,-8.000,982.161,1003.737,-10.788,11.556,0.320
38.2703,-8.000,973.431,1013.440,-20.004,2.384,0.320
38.3721,-8.000,971.908,1015.791,-21.942,0.492,0.320
38.4711,-8.000,971.824,1016.577,-22.377,0.102,0.320
38.5733,-8.000,971.997,1017.002,-22.502,0.021,0.320
38.6709,-7.000,985.471,1001.876,-8.203,11.560,0.320
38.7696,-7.000,977.055,1011.887,-17.416,2.385,0.320
38.8776,-6.000,989.082,999.057,-4.987,12.048,0.320
38.9747,-4.000,1007.207,978.928,14.140,25.597,0.320
39.0725,-4.000,989.019,1001.415,-6.198,5.282,0.320
39.1706,-3.000,999.912,992.014,3.949,12.645,0.320
39.2716,-2.000,1005.274,988.760,8.257,14.165,0.320
39.3726,-1.000,1009.699,986.969,11.365,14.478,0.320
39.4722,1.000,1026.543,969.362,28.591,26.099,0.320
39.5702,1.000,1008.512,992.745,7.883,5.385,0.320
39.6691,2.000,1018.959,983.007,17.976,12.667,0.320
39.7688,3.000,1023.159,978.570,22.295,14.169,0.320
39.8704,3.000,1013.330,991.197,11.066,2.924,0.320
39.9697,4.000,1024.657,978.409,23.124,12.159,0.320
40.0715,4.000,1015.908,988.916,13.496,2.509,0.320
40.1705,4.000,1014.686,991.632,11.527,0.518,0.320
40.2768,5.000,1027.374,976.374,25.500,11.662,0.320
40.3762,5.000,1018.554,986.010,16.272,2.407,0.320
40.4772,5.000,1017.019,988.238,14.390,0.497,0.320
40.5780,5.000,1016.947,988.899,14.024,0.102,0.320
40.6751,5.000,1017.144,989.203,13.971,0.021,0.320
40.7766,5.000,1017.368,989.404,13.982,0.004,0.320
40.8761,4.000,1002.133,1002.842,-0.355,-11.555,0.320
40.9672,4.000,1012.061,994.385,8.838,-2.384,0.320
41.0765,4.000,1014.601,993.096,10.753,-0.492,0.320
41.1766,4.000,1015.546,993.214,11.166,-0.102,0.320
41.2751,3.000,1000.659,1006.844,-3.093,-11.577,0.320
41.3730,3.000,1010.830,998.606,6.112,-2.389,0.320
41.4699,3.000,1013.564,997.515,8.025,-0.493,0.320
41.5686,3.000,1014.670,997.804,8.433,-0.102,0.320
41.6782,3.000,1015.361,998.300,8.530,-0.021,0.320
41.7757,3.000,1015.898,998.771,8.564,-0.004,0.320
41.8726,4.000,1028.788,982.898,22.945,11.555,0.320
41.9720,4.000,1019.873,992.279,13.797,2.384,0.320
42.0715,4.000,1018.200,994.346,11.927,0.492,0.320
42.1752,4.000,1018.000,994.882,11.559,0.102,0.320
42.2770,4.000,1018.085,995.083,11.501,0.021,0.320
42.3768,5.000,1030.653,978.917,25.868,11.560,0.320
42.4755,5.000,1021.478,988.035,16.721,2.385,0.320
42.5752,5.000,1019.588,989.875,14.856,0.492,0.320
42.6742,5.000,1019.204,990.217,14.494,0.102,0.320
42.7733,5.000,1019.134,990.252,14.441,0.021,0.320
42.8713,5.000,1019.130,990.226,14.452,0.004,0.320
42.9692,5.000,1019.142,990.188,14.477,0.001,0.320
43.0682,6.000,1031.600,973.869,28.865,11.556,0.320
43.1693,6.000,1022.321,982.865,19.728,2.385,0.320
43.2674,6.000,1020.342,984.604,17.869,0.492,0.320
43.3724,6.000,1019.883,984.859,17.512,0.102,0.320
43.4723,6.000,1019.749,984.819,17.465,0.021,0.320
43.5753,6.000,1019.692,984.728,17.482,0.004,0.320
43.6653,6.000,1019.660,984.636,17.512,0.001,0.320
43.7660,6.000,1019.639,984.549,17.545,0.000,0.320
43.8742,6.000,1019.628,984.471,17.578,0.000,0.320
43.9722,5.000,1004.181,997.680,3.251,-11.556,0.320
44.0712,5.000,1013.930,989.030,12.450,-2.384,0.320
44.1711,6.000,1028.758,971.295,28.732,11.064,0.320
44.2712,6.000,1020.276,980.307,19.985,2.283,0.320
44.3719,7.000,1031.164,966.029,32.567,12.027,0.320
44.4697,8.000,1034.159,959.313,37.423,14.037,0.320
44.5670,7.000,1007.540,983.609,11.966,-8.659,0.320
44.6757,6.000,999.523,990.491,4.516,-13.342,0.320
44.7749,6.000,1011.164,980.886,15.139,-2.753,0.320
44.8724,6.000,1014.248,979.533,17.357,-0.568,0.320
44.9703,6.000,1015.467,979.784,17.842,-0.117,0.320
45.0713,5.000,1000.778,993.563,3.607,-11.580,0.320
45.1714,4.000,995.668,998.739,-1.535,-13.945,0.320
45.2723,2.000,977.404,1015.740,-19.168,-25.989,0.320
45.3700,2.000,1000.504,997.566,1.469,-5.363,0.320
45.4717,1.000,991.424,1008.673,-8.625,-12.662,0.320
45.5754,-0.000,988.400,1014.261,-12.931,-14.168,0.320
45.6747,-1.000,985.952,1018.047,-16.047,-14.479,0.320
45.7737,-1.000,999.507,1008.630,-4.561,-2.988,0.320
45.8737,-2.000,987.350,1020.464,-16.557,-12.172,0.320
45.9744,-2.000,998.362,1012.178,-6.908,-2.512,0.320
46.0643,-3.000,985.222,1023.795,-19.287,-12.074,0.320
46.1732,-3.000,995.640,1015.082,-9.721,-2.491,0.320
46.2727,-3.000,998.325,1013.846,-7.761,-0.514,0.320
46.3714,-3.000,999.332,1014.071,-7.369,-0.106,0.320
46.4693,-2.000,1013.205,999.086,7.059,11.534,0.320
46.5690,-2.000,1005.067,1009.278,-2.106,2.380,0.320
46.6693,-3.000,987.759,1024.492,-18.367,-11.064,0.320
46.7702,-3.000,997.133,1016.338,-9.602,-2.283,0.320
46.8702,-3.000,999.447,1015.061,-7.807,-0.471,0.320
46.9744,-4.000,983.964,1027.586,-21.811,-11.653,0.320
47.0712,-4.000,993.432,1018.603,-12.585,-2.405,0.320
47.1722,-5.000,979.243,1029.364,-25.061,-12.052,0.320
47.2693,-6.000,972.542,1032.312,-29.885,-14.042,0.320
47.3674,-6.000,983.558,1021.105,-18.774,-2.898,0.320
47.4647,-6.000,985.743,1018.758,-16.508,-0.598,0.320
47.5654,-6.000,986.116,1018.249,-16.067,-0.123,0.320
47.6743,-6.000,986.121,1018.126,-16.002,-0.025,0.320
47.7727,-7.000,969.777,1030.531,-30.377,-11.561,0.320
47.8713,-7.000,978.739,1021.221,-21.241,-2.386,0.320
47.9723,-7.000,980.445,1019.218,-19.387,-0.492,0.320
48.0723,-7.000,980.671,1018.741,-19.035,-0.102,0.320
48.1713,-7.000,980.605,1018.593,-18.994,-0.021,0.320
48.2723,-7.000,980.492,1018.524,-19.016,-0.004,0.320
48.3634,-7.000,980.378,1018.483,-19.052,-0.001,0.320
48.4733,-7.000,980.274,1018.455,-19.091,-0.000,0.320
48.5707,-7.000,980.179,1018.439,-19.130,-0.000,0.320
48.6722,-7.000,980.093,1018.430,-19.169,-0.000,0.320
48.7709,-7.000,980.013,1018.429,-19.208,-0.000,0.320
48.8684,-7.000,979.940,1018.434,-19.247,-0.000,0.320
48.9693,-7.000,979.871,1018.444,-19.286,-0.000,0.320
49.0674,-7.000,979.807,1018.459,-19.326,-0.000,0.320
49.1715,-6.000,993.028,1003.036,-5.004,11.556,0.320
49.2736,-6.000,984.388,1012.804,-14.208,2.384,0.320
49.3630,-6.000,982.941,1015.210,-16.134,0.492,0.320
49.4723,-5.000,996.206,1000.600,-2.197,11.657,0.320
49.5695,-5.000,987.854,1010.808,-11.477,2.405,0.320
49.6685,-5.000,986.707,1013.535,-13.414,0.496,0.320
49.7688,-5.000,986.955,1014.627,-13.836,0.102,0.320
49.8686,-4.000,1000.697,999.866,0.416,11.577,0.320
49.9684,-4.000,992.554,1010.143,-8.794,2.389,0.320
50.0714,-3.000,1004.823,997.526,3.648,12.048,0.320
50.1733,-2.000,1009.878,993.017,8.431,14.042,0.320
50.2732,-2.000,1000.454,1005.904,-2.725,2.898,0.320
50.3702,-2.000,999.616,1009.687,-5.036,0.598,0.320
50.4721,-2.000,1000.381,1011.424,-5.521,0.123,0.320
50.5733,-2.000,1001.335,1012.596,-5.631,0.025,0.320
50.6633,-2.000,1002.208,1013.532,-5.662,0.005,0.320
50.7630,-1.000,1016.242,998.874,8.684,11.557,0.320
50.8709,-1.000,1008.300,1009.287,-0.494,2.385,0.320
50.9688,-1.000,1007.451,1012.235,-2.392,0.492,0.320
51.0668,-1.000,1007.948,1013.524,-2.788,0.102,0.320
51.1651,-1.000,1008.620,1014.368,-2.874,0.021,0.320
51.2728,-1.000,1009.242,1015.035,-2.896,0.004,0.320
51.3699,-1.000,1009.781,1015.592,-2.906,0.001,0.320
51.4694,-1.000,1010.241,1016.065,-2.912,0.000,0.320
51.5694,-1.000,1010.631,1016.466,-2.918,0.000,0.320
51.6675,-0.000,1024.243,1001.367,11.438,11.556,0.320
51.7674,-0.000,1015.940,1011.407,2.267,2.384,0.320
51.8658,-0.000,1014.786,1014.037,0.374,0.492,0.320
51.9659,-0.000,1015.022,1015.055,-0.016,0.102,0.320
52.0647,-0.000,1015.475,1015.668,-0.097,0.021,0.320
52.1640,-0.000,1015.911,1016.138,-0.113,0.004,0.320
52.2633,-1.000,1000.012,1028.968,-14.478,-11.555,0.320
52.3632,-1.000,1009.372,1019.998,-5.313,-2.384,0.320
52.4624,-2.000,995.144,1030.719,-17.788,-12.048,0.320
52.5713,-2.000,1004.703,1021.178,-8.237,-2.486,0.320
52.6695,-2.000,1006.673,1019.224,-6.275,-0.513,0.320
52.7674,-2.000,1007.075,1018.834,-5.879,-0.106,0.320
52.8669,-2.000,1007.154,1018.767,-5.807,-0.022,0.320
52.9643,-2.000,1007.165,1018.766,-5.801,-0.005,0.320
53.0650,-2.000,1007.161,1018.778,-5.808,-0.001,0.320
53.1666,-2.000,1007.154,1018.791,-5.819,-0.000,0.320
53.2655,-3.000,990.865,1031.247,-20.191,-11.556,0.320
53.3638,-3.000,999.890,1021.963,-11.036,-2.384,0.320
53.4633,-3.000,1001.655,1019.977,-9.161,-0.492,0.320
53.5714,-4.000,985.654,1031.951,-23.148,-11.657,0.320
53.6680,-4.000,994.672,1022.510,-13.919,-2.405,0.320
53.7691,-4.000,996.379,1020.444,-12.032,-0.496,0.320
53.8682,-4.000,996.598,1019.919,-11.661,-0.102,0.320
53.9660,-4.000,996.527,1019.731,-11.602,-0.021,0.320
54.0624,-4.000,996.411,1019.626,-11.608,-0.004,0.320
54.1713,-5.000,980.017,1031.992,-25.988,-11.556,0.320
54.2673,-5.000,988.949,1022.636,-16.844,-2.385,0.320
54.3649,-5.000,990.633,1020.592,-14.979,-0.492,0.320
54.4645,-6.000,974.562,1032.517,-28.978,-11.657,0.320
54.5625,-6.000,983.518,1023.037,-19.760,-2.405,0.320
54.6711,-7.000,968.889,1033.380,-32.246,-12.052,0.320
54.7706,-8.000,961.813,1035.974,-37.081,-14.042,0.320
54.8670,-8.000,972.507,1024.469,-25.981,-2.898,0.320
54.9650,-10.000,941.856,1046.752,-52.448,-23.709,0.320
55.0624,-10.000,960.060,1027.435,-33.688,-4.892,0.320
55.1704,-12.000,930.851,1048.017,-58.583,-24.121,0.320
55.2698,-13.000,932.980,1040.716,-53.868,-16.533,0.320
55.3663,-14.000,929.049,1039.410,-55.181,-14.967,0.320
55.4643,-15.000,923.842,1039.326,-57.742,-14.644,0.320
55.5647,-16.000,918.351,1039.480,-60.565,-14.577,0.320
55.6634,-16.000,929.062,1027.232,-49.085,-3.008,0.320
55.7614,-17.000,914.425,1036.722,-61.148,-12.176,0.320
55.8621,-17.000,923.307,1026.466,-51.580,-2.513,0.320
55.9710,-18.000,908.340,1036.424,-64.042,-12.074,0.320
56.0623,-18.000,917.194,1026.314,-54.560,-2.491,0.320
56.1623,-19.000,902.255,1036.345,-67.045,-12.070,0.320
56.2717,-19.000,911.141,1026.286,-57.572,-2.491,0.320
56.3704,-19.000,912.514,1023.917,-55.702,-0.514,0.320
56.4714,-19.000,912.392,1023.192,-55.400,-0.106,0.320
56.5685,-19.000,912.009,1022.855,-55.423,-0.022,0.320
56.6695,-19.000,911.614,1022.638,-55.512,-0.005,0.320
56.7717,-20.000,895.082,1034.810,-69.864,-11.556,0.320
56.8715,-19.000,917.070,1009.956,-46.443,9.171,0.320
56.9615,-19.000,909.967,1017.623,-53.828,1.892,0.320
57.0613,-19.000,908.599,1019.471,-55.436,0.390,0.320
57.1634,-19.000,908.386,1020.091,-55.852,0.081,0.320
57.2616,-19.000,908.389,1020.434,-56.023,0.017,0.320
57.3624,-19.000,908.416,1020.701,-56.142,0.003,0.320
57.4605,-19.000,908.432,1020.935,-56.251,0.001,0.320
57.5605,-19.000,908.432,1021.148,-56.358,0.000,0.320
57.6636,-18.000,921.697,1005.904,-42.104,11.556,0.320
57.7614,-17.000,926.365,1000.394,-37.014,13.940,0.320
57.8694,-17.000,916.348,1012.694,-48.173,2.877,0.320
57.9692,-17.000,914.941,1016.043,-50.551,0.594,0.320
58.0692,-16.000,928.481,1001.993,-36.756,11.678,0.320
58.1653,-16.000,920.406,1012.635,-46.114,2.410,0.320
58.2618,-15.000,932.776,1000.286,-33.755,12.053,0.320
58.3705,-14.000,937.917,996.004,-29.044,14.043,0.320
58.4687,-13.000,941.839,993.651,-25.906,14.453,0.320
58.5672,-13.000,932.463,1007.362,-37.450,2.982,0.320
58.6686,-11.000,958.427,980.761,-11.167,23.727,0.320
58.7665,-10.000,955.546,986.942,-15.698,16.452,0.320
58.8686,-9.000,958.617,987.516,-14.450,14.950,0.320
58.9665,-8.000,963.031,987.039,-12.004,14.641,0.320
59.0706,-7.000,967.821,986.436,-9.307,14.577,0.320
59.1685,-6.000,972.774,985.883,-6.554,14.563,0.320
59.2707,-5.000,977.833,985.403,-3.785,14.561,0.320
59.3596,-3.000,996.257,969.551,13.353,26.116,0.320
59.4685,-3.000,979.607,994.388,-7.390,5.389,0.320
59.5695,-2.000,992.074,986.720,2.677,12.668,0.320
59.6672,-1.000,998.830,984.883,6.973,14.169,0.320
59.7667,-1.000,991.169,999.724,-4.278,2.924,0.320
59.8665,-0.000,1005.176,989.661,7.757,12.159,0.320
59.9633,-0.000,998.702,1002.487,-1.893,2.509,0.320
60.0623,-0.000,999.410,1007.178,-3.884,0.518,0.320
60.1603,-0.000,1001.294,1009.884,-4.295,0.107,0.320
60.2693,-0.000,1003.160,1011.919,-4.380,0.022,0.320
60.3684,-0.000,1004.800,1013.594,-4.397,0.005,0.320
60.4675,-0.000,1006.206,1015.007,-4.401,0.001,0.320
60.5654,-0.000,1007.403,1016.206,-4.401,0.000,0.320
60.6634,-0.000,1008.421,1017.224,-4.402,0.000,0.320
60.7616,1.000,1021.728,1001.809,9.960,11.556,0.320
60.8616,1.000,1013.166,1011.578,0.794,2.384,0.320
60.9595,1.000,1011.792,1013.978,-1.093,0.492,0.320
61.0636,-0.000,996.402,1028.080,-15.839,-11.454,0.320
61.1615,-1.000,990.164,1032.383,-21.109,-13.919,0.320
61.2661,-2.000,985.602,1034.461,-24.429,-14.428,0.320
61.3669,-2.000,997.486,1023.466,-12.990,-2.977,0.320
61.4650,-4.000,967.653,1046.374,-39.361,-23.725,0.320
61.5648,-4.000,986.517,1027.623,-20.553,-4.896,0.320
61.6667,-5.000,974.147,1036.250,-31.051,-12.566,0.320
61.7666,-6.000,967.720,1038.655,-35.468,-14.148,0.320
61.8668,-8.000,946.144,1052.133,-52.995,-26.031,0.320
61.9645,-9.000,950.035,1043.518,-46.741,-16.927,0.320
62.0631,-11.000,930.349,1054.509,-62.080,-26.604,0.320
62.1638,-13.000,918.144,1057.643,-69.750,-28.601,0.320
62.2639,-14.000,923.634,1046.603,-61.485,-17.457,0.320
62.3645,-14.000,936.552,1031.967,-47.708,-3.602,0.320
62.4636,-13.000,951.883,1013.016,-30.566,10.812,0.320
62.5615,-12.000,956.472,1006.190,-24.859,13.787,0.320
62.6622,-11.000,959.293,1002.307,-21.507,14.400,0.320
62.7617,-11.000,948.852,1014.846,-32.997,2.972,0.320
62.8585,-12.000,931.042,1030.599,-49.778,-10.942,0.320
62.9668,-13.000,924.004,1035.049,-55.522,-13.814,0.320
63.0644,-14.000,919.013,1036.999,-58.993,-14.406,0.320
63.1621,-15.000,914.295,1038.294,-61.999,-14.528,0.320
63.2596,-16.000,909.505,1039.333,-64.914,-14.553,0.320
63.3630,-16.000,920.871,1027.778,-53.453,-3.003,0.320
63.4604,-16.000,923.085,1025.405,-51.160,-0.620,0.320
63.5591,-16.000,923.420,1024.935,-50.757,-0.128,0.320
63.6685,-16.000,923.374,1024.865,-50.746,-0.026,0.320
63.7579,-16.000,923.256,1024.885,-50.814,-0.005,0.320
63.8653,-16.000,923.129,1024.928,-50.900,-0.001,0.320
63.9673,-16.000,923.005,1024.982,-50.988,-0.000,0.320
64.0667,-16.000,922.886,1025.041,-51.078,-0.000,0.320
64.1638,-15.000,936.052,1009.664,-36.806,11.556,0.320
64.2617,-14.000,940.638,1004.038,-31.700,13.940,0.320
64.3603,-12.000,957.116,985.356,-14.120,25.988,0.320
64.4684,-10.000,965.050,977.229,-6.090,28.474,0.320
64.5690,-8.000,971.876,971.919,-0.021,28.987,0.320
64.6669,-7.000,965.751,983.172,-8.710,17.537,0.320
64.7655,-5.000,982.036,969.927,6.055,26.730,0.320
64.8655,-4.000,978.367,980.019,-0.826,17.071,0.320
64.9645,-3.000,982.307,982.379,-0.036,15.078,0.320
65.0627,-1.000,1001.063,967.658,16.702,26.222,0.320
65.1604,2.000,1023.124,945.186,38.969,40.078,0.320
65.2615,5.000,1032.977,932.465,50.256,42.937,0.320
65.3603,8.000,1039.532,920.951,59.291,43.527,0.320
65.4607,11.000,1044.748,909.000,67.874,43.648,0.320
65.5616,12.000,1024.247,928.937,47.655,20.562,0.320
65.6680,16.000,1059.020,881.324,88.848,50.465,0.320
65.7687,20.000,1069.253,856.817,106.218,56.636,0.320
65.8647,24.000,1073.980,836.597,118.691,57.909,0.320
65.9636,25.000,1039.872,865.697,87.087,23.505,0.320
66.0636,25.000,1020.588,883.723,68.433,4.850,0.320
66.1627,26.000,1028.640,870.762,78.939,12.556,0.320
66.2605,27.000,1030.524,863.866,83.329,14.147,0.320
66.3589,28.000,1031.102,858.187,86.457,14.475,0.320
66.4674,28.000,1018.946,869.007,74.969,2.987,0.320
66.5666,28.000,1016.008,870.810,72.599,0.616,0.320
66.6664,28.000,1015.036,870.817,72.110,0.127,0.320
66.7654,27.000,999.090,883.783,57.653,-11.529,0.320
66.8668,27.000,1008.473,874.867,66.803,-2.379,0.320
66.9671,26.000,995.124,886.452,54.336,-12.046,0.320
67.0660,26.000,1005.435,877.642,63.897,-2.486,0.320
67.1640,25.000,992.611,889.583,51.514,-12.068,0.320
67.2652,23.000,972.442,907.680,32.381,-25.601,0.320
67.3627,20.000,948.574,929.308,9.633,-39.950,0.320
67.4612,19.000,968.498,914.319,27.090,-19.799,0.320
67.5595,17.000,957.034,928.659,14.187,-27.197,0.320
67.6584,16.000,967.494,924.482,21.506,-17.168,0.320
67.7663,15.000,969.938,928.219,20.860,-15.098,0.320
67.8636,15.000,986.132,920.280,32.926,-3.115,0.320
67.9616,14.000,976.755,934.512,21.122,-12.198,0.320
68.0596,13.000,974.638,941.598,16.520,-14.073,0.320
68.1567,12.000,974.049,947.248,13.401,-14.459,0.320
68.2588,12.000,989.244,939.357,24.944,-2.984,0.320
68.3629,11.000,979.342,953.307,13.018,-12.171,0.320
68.4622,11.000,992.283,946.806,22.739,-2.512,0.320
68.5611,10.000,981.634,960.769,10.433,-12.074,0.320
68.6662,9.000,978.740,967.320,5.710,-14.047,0.320
68.7650,8.000,977.552,972.457,2.547,-14.454,0.320
68.8656,6.000,961.364,990.681,-14.659,-26.094,0.320
68.9587,5.000,970.531,987.085,-8.277,-16.940,0.320
69.0596,4.000,972.430,990.761,-9.166,-15.051,0.320
69.1607,2.000,957.385,1009.225,-25.920,-26.217,0.320
69.2617,-0.000,951.774,1019.423,-33.824,-28.521,0.320
69.3599,-1.000,963.078,1014.177,-25.550,-17.441,0.320
69.4583,-2.000,964.708,1016.857,-26.074,-15.154,0.320
69.5657,-3.000,963.774,1020.613,-28.419,-14.683,0.320
69.6667,-3.000,978.110,1011.677,-16.783,-3.030,0.320
69.7677,-4.000,966.512,1024.025,-28.757,-12.181,0.320
69.8654,-5.000,961.694,1028.640,-33.473,-14.069,0.320
69.9624,-5.000,974.246,1018.916,-22.335,-2.903,0.320
70.0611,-5.000,977.724,1017.842,-20.059,-0.599,0.320
70.1599,-5.000,979.192,1018.416,-19.612,-0.124,0.320
70.2576,-6.000,963.850,1031.655,-33.903,-11.581,0.320
70.3658,-6.000,973.613,1023.103,-24.745,-2.390,0.320
70.4650,-5.000,989.273,1006.314,-8.521,11.062,0.320
70.5639,-5.000,981.485,1016.142,-17.328,2.283,0.320
70.6601,-5.000,980.512,1018.848,-19.168,0.471,0.320
70.7596,-6.000,964.566,1032.428,-33.931,-11.458,0.320
70.8585,-10.000,908.996,1073.627,-82.315,-48.587,0.320
70.9562,-11.000,931.112,1047.455,-58.172,-21.581,0.320
71.0643,-10.000,961.236,1014.724,-26.744,7.102,0.320
71.1616,-7.000,995.778,974.485,10.647,36.132,0.320
71.2587,-3.000,1022.267,943.515,39.376,53.678,0.320
71.3585,-3.000,983.743,990.229,-3.243,11.076,0.320
71.4576,-2.000,991.698,987.076,2.311,13.841,0.320
71.5654,-2.000,984.242,1001.613,-8.685,2.856,0.320
71.6655,-1.000,998.255,991.460,3.398,12.145,0.320
71.7649,-0.000,1005.032,988.803,8.114,14.062,0.320
71.8626,1.000,1009.565,986.933,11.316,14.457,0.320
71.9627,1.000,1000.728,1001.033,-0.153,2.983,0.320
72.0606,2.000,1013.044,989.351,11.846,12.171,0.320
72.1607,3.000,1017.606,984.488,16.559,14.067,0.320
72.2588,4.000,1020.271,980.726,19.773,14.458,0.320
72.3584,4.000,1009.853,993.212,8.320,2.983,0.320
72.4568,4.000,1008.386,996.437,5.975,0.616,0.320
72.5607,4.000,1008.667,997.650,5.509,0.127,0.320
72.6597,4.000,1009.224,998.364,5.430,0.026,0.320
72.7597,4.000,1009.765,998.902,5.432,0.005,0.320
72.8599,4.000,1010.242,999.343,5.450,0.001,0.320
72.9609,5.000,1023.095,983.430,19.833,11.556,0.320
73.0593,5.000,1014.151,992.773,10.689,2.385,0.320
73.1647,5.000,1012.456,994.807,8.825,0.492,0.320
73.2605,6.000,1024.679,979.032,22.823,11.657,0.320
73.3583,6.000,1015.452,988.241,13.605,2.405,0.320
73.4572,7.000,1026.009,973.827,26.091,12.052,0.320
73.5591,7.000,1016.345,983.214,16.565,2.487,0.320
73.6571,9.000,1039.174,952.468,43.353,23.624,0.320
73.7553,10.000,1032.552,954.522,39.015,16.430,0.320
73.8572,11.000,1031.568,950.783,40.392,14.946,0.320
73.9575,12.000,1031.701,945.795,42.953,14.640,0.320
74.0563,13.000,1032.027,940.502,45.763,14.576,0.320
74.1583,15.000,1044.803,918.824,62.989,26.119,0.320
74.2606,16.000,1035.816,922.405,56.705,16.945,0.320
74.3594,16.000,1021.659,934.967,43.346,3.497,0.320
74.4578,16.000,1018.296,936.974,40.661,0.722,0.320
74.5553,16.000,1017.236,936.881,40.178,0.149,0.320
74.6588,16.000,1016.718,936.419,40.149,0.031,0.320
74.7605,16.000,1016.366,935.938,40.214,0.006,0.320
74.8590,16.000,1016.097,935.499,40.299,0.001,0.320
74.9597,16.000,1015.885,935.110,40.387,0.000,0.320
75.0597,17.000,1028.160,918.484,54.838,11.556,0.320
75.1597,19.000,1043.617,894.648,74.484,25.496,0.320
75.2649,22.000,1060.128,865.495,97.316,39.928,0.320
75.3637,24.000,1052.437,863.760,94.339,31.350,0.320
75.4621,25.000,1038.986,871.359,83.813,18.025,0.320
75.5562,27.000,1048.565,852.126,98.219,26.830,0.320
75.6540,29.000,1051.039,839.766,105.636,28.648,0.320
75.7538,31.000,1051.972,828.750,111.611,29.023,0.320
75.8635,33.000,1052.524,817.947,117.289,29.100,0.320
75.9648,34.000,1040.508,823.410,108.549,17.560,0.320
76.0539,36.000,1050.158,803.511,123.323,26.735,0.320
76.1622,37.000,1040.019,807.097,116.461,17.072,0.320
76.2608,38.000,1037.620,803.086,117.267,15.078,0.320
76.3626,40.000,1049.300,781.278,134.011,26.223,0.320
76.4618,41.000,1039.620,784.509,127.555,16.967,0.320
76.5594,42.000,1037.349,780.458,128.445,15.057,0.320
76.6584,42.000,1024.213,791.221,116.496,3.107,0.320
76.7583,43.000,1033.174,776.403,128.385,12.197,0.320
76.8557,44.000,1034.940,768.818,133.061,14.072,0.320
76.9539,44.000,1022.799,779.013,121.893,2.904,0.320
77.0623,44.000,1019.667,780.491,119.588,0.599,0.320
77.1612,44.000,1018.488,780.264,119.112,0.124,0.320
77.2591,44.000,1017.793,779.764,119.014,0.026,0.320
77.3569,43.000,1001.829,792.552,104.639,-11.550,0.320
77.4548,43.000,1011.146,783.535,113.805,-2.383,0.320
77.5558,43.000,1013.166,781.772,115.697,-0.492,0.320
77.6590,42.000,998.229,794.765,101.732,-11.657,0.320
77.7587,42.000,1008.155,786.188,110.983,-2.405,0.320
77.8567,41.000,995.202,798.128,98.537,-12.052,0.320
77.9567,40.000,990.400,802.907,93.746,-14.042,0.320
78.0558,40.000,1003.036,793.253,104.891,-2.898,0.320
78.1570,38.000,975.732,818.772,78.480,-23.709,0.320
78.2569,38.000,996.789,802.196,97.296,-4.892,0.320
78.3547,37.000,987.142,813.494,86.824,-12.565,0.320
78.4579,36.000,983.879,818.999,82.440,-14.148,0.320
78.5549,35.000,982.126,823.498,79.314,-14.475,0.320
78.6539,34.000,980.845,827.953,76.446,-14.542,0.320
78.7550,33.000,979.801,832.536,73.632,-14.556,0.320
78.8529,33.000,994.357,823.987,85.185,-3.004,0.320
78.9610,32.000,983.858,837.431,73.213,-12.175,0.320
79.0588,31.000,980.838,843.796,68.521,-14.068,0.320
79.1589,30.000,979.489,848.828,65.330,-14.458,0.320
79.2564,28.000,963.158,866.969,48.094,-26.095,0.320
79.3558,26.000,956.766,876.580,40.093,-28.496,0.320
79.4575,24.000,952.878,884.883,33.998,-28.991,0.320
79.5555,23.000,965.328,880.027,42.651,-17.538,0.320
79.6532,20.000,937.668,910.662,13.503,-38.286,0.320
79.7616,18.000,943.047,912.491,15.278,-31.011,0.320
79.8592,16.000,942.941,920.404,11.269,-29.510,0.320
79.9577,14.000,941.888,929.773,6.057,-29.201,0.320
80.0574,12.000,940.793,939.617,0.588,-29.137,0.320
80.1544,9.000,924.379,962.987,-19.304,-40.679,0.320
80.2627,6.000,917.847,977.951,-30.052,-43.061,0.320
80.3621,4.000,929.258,978.389,-24.565,-31.997,0.320
80.4612,2.000,931.828,987.570,-27.871,-29.714,0.320
80.5587,-1.000,916.252,1010.974,-47.361,-40.798,0.320
80.6564,-3.000,923.890,1011.309,-43.710,-31.530,0.320
80.7542,-5.000,922.723,1017.574,-47.425,-29.617,0.320
80.8566,-7.000,918.805,1024.145,-52.670,-29.223,0.320
80.9534,-9.000,913.524,1030.002,-58.239,-29.141,0.320
81.0531,-11.000,907.284,1035.051,-63.884,-29.124,0.320
81.1629,-14.000,883.987,1051.815,-83.914,-40.676,0.320
81.2619,-15.000,901.634,1033.775,-66.071,-19.949,0.320
81.3608,-17.000,886.154,1044.242,-79.044,-27.228,0.320
81.4571,-19.000,875.974,1048.480,-86.253,-28.730,0.320
81.5587,-20.000,882.975,1038.589,-77.807,-17.484,0.320
81.6574,-22.000,864.571,1049.856,-92.642,-26.719,0.320
81.7568,-23.000,869.468,1041.053,-85.792,-17.069,0.320
81.8544,-24.000,866.579,1039.781,-86.601,-15.078,0.320
81.9616,-25.000,862.002,1039.982,-88.990,-14.667,0.320
82.0607,-25.000,873.282,1027.982,-77.350,-3.026,0.320
82.1572,-26.000,859.103,1037.709,-89.303,-12.180,0.320
82.2552,-27.000,852.102,1040.086,-93.992,-14.069,0.320
82.3513,-27.000,862.803,1028.455,-82.826,-2.903,0.320
82.4527,-28.000,848.436,1038.191,-94.878,-12.155,0.320
82.5514,-28.000,857.614,1028.077,-85.231,-2.508,0.320
82.6595,-29.000,842.931,1038.124,-97.596,-12.073,0.320
82.7516,-29.000,852.043,1028.072,-88.014,-2.491,0.320
82.8622,-29.000,853.620,1025.695,-86.037,-0.514,0.320
82.9526,-30.000,837.413,1037.383,-99.985,-11.662,0.320
83.0599,-30.000,846.247,1027.706,-90.730,-2.406,0.320
83.1599,-30.000,847.799,1025.439,-88.820,-0.497,0.320
83.2579,-30.000,847.890,1024.741,-88.426,-0.102,0.320
83.3598,-30.000,847.712,1024.401,-88.344,-0.021,0.320
83.4576,-29.000,860.785,1008.729,-73.972,11.551,0.320
83.5557,-28.000,865.288,1002.857,-68.784,13.939,0.320
83.6547,-28.000,855.144,1014.837,-79.847,2.876,0.320
83.7563,-27.000,866.917,1002.465,-67.774,12.149,0.320
83.8530,-26.000,871.795,997.917,-63.061,14.063,0.320
83.9535,-25.000,875.551,995.282,-59.866,14.457,0.320
84.0510,-25.000,866.053,1008.733,-71.340,2.983,0.320
84.1609,-24.000,878.641,997.345,-59.352,12.171,0.320
84.2598,-23.000,884.267,993.579,-54.656,14.067,0.320
84.3580,-22.000,888.668,991.598,-51.465,14.458,0.320
84.4562,-20.000,906.274,974.731,-34.229,26.095,0.320
84.5573,-19.000,902.046,983.425,-40.689,16.940,0.320
84.6569,-17.000,918.456,969.492,-25.518,26.607,0.320
84.7550,-16.000,914.578,979.316,-32.369,17.046,0.320
84.8535,-15.000,918.268,981.519,-31.625,15.073,0.320
84.9521,-14.000,923.508,982.130,-29.311,14.666,0.320
85.0608,-13.000,929.057,982.392,-26.668,14.582,0.320
85.1590,-12.000,934.663,982.567,-23.952,14.565,0.320
85.2579,-12.000,926.993,998.150,-35.579,3.005,0.320
85.3546,-11.000,941.185,988.525,-23.670,12.176,0.320
85.4538,-10.000,948.182,986.249,-19.034,14.068,0.320
85.5528,-9.000,953.748,985.535,-15.894,14.458,0.320
85.6509,-7.000,972.348,969.741,1.303,26.095,0.320
85.7586,-7.000,955.791,994.682,-19.446,5.385,0.320
85.8562,-5.000,981.604,971.676,4.964,24.222,0.320
85.9545,-4.000,979.826,979.680,0.073,16.554,0.320
86.0534,-3.000,984.093,981.545,1.274,14.971,0.320
86.1528,-2.000,989.581,982.109,3.736,14.645,0.320
86.2535,-1.000,995.300,982.374,6.463,14.578,0.320
86.3529,-0.000,1001.050,982.551,9.249,14.564,0.320
86.4542,1.000,1005.951,981.847,12.052,14.561,0.320
86.5509,2.000,1010.126,980.401,14.863,14.560,0.320
86.6590,3.000,1013.682,978.323,17.679,14.560,0.320
86.7603,5.000,1029.154,959.428,34.863,26.116,0.320
86.8512,6.000,1022.442,965.391,28.525,16.944,0.320
86.9510,7.000,1022.650,963.706,29.472,15.052,0.320
87.0600,9.000,1036.497,943.922,46.287,26.217,0.320
87.1597,10.000,1028.659,948.875,39.892,16.965,0.320
87.2580,11.000,1027.965,946.277,40.844,15.056,0.320
87.3548,12.000,1028.619,941.984,43.318,14.662,0.320
87.4540,13.000,1029.445,937.226,46.109,14.581,0.320
87.5509,13.000,1017.774,948.554,34.610,3.009,0.320
87.6498,14.000,1027.754,934.443,46.656,12.176,0.320
87.7600,15.000,1030.354,927.491,51.431,14.068,0.320
87.8580,15.000,1018.923,938.223,40.350,2.903,0.320
87.9562,16.000,1028.847,923.864,52.491,12.155,0.320
88.0555,17.000,1031.347,916.756,57.296,14.064,0.320
88.1569,17.000,1019.822,927.363,46.229,2.902,0.320
88.2540,18.000,1029.665,912.900,58.382,12.154,0.320
88.3521,18.000,1019.656,921.982,48.837,2.508,0.320
88.4500,18.000,1017.372,923.478,46.947,0.518,0.320
88.5590,18.000,1016.727,923.453,46.637,0.107,0.320
88.6569,18.000,1016.459,923.152,46.653,0.022,0.320
88.7569,18.000,1016.300,922.827,46.737,0.005,0.320
88.8569,18.000,1016.192,922.524,46.834,0.001,0.320
88.9534,18.000,1016.117,922.249,46.934,0.000,0.320
89.0510,18.000,1016.069,922.000,47.034,0.000,0.320
89.1540,17.000,1000.602,935.054,32.774,-11.556,0.320
89.2573,17.000,1010.343,926.263,42.040,-2.384,0.320
89.3540,16.000,997.293,937.959,29.667,-12.048,0.320
89.4520,16.000,1007.869,929.233,39.318,-2.486,0.320
89.5587,16.000,1010.718,927.957,41.381,-0.513,0.320
89.6555,15.000,996.442,941.409,27.516,-11.661,0.320
89.7542,15.000,1006.931,933.220,36.855,-2.406,0.320
89.8510,15.000,1009.902,932.204,38.849,-0.497,0.320
89.9495,14.000,995.770,945.838,24.966,-11.658,0.320
90.0605,14.000,1006.389,937.796,34.297,-2.406,0.320
90.1485,14.000,1009.472,936.903,36.284,-0.496,0.320
90.2484,13.000,995.434,950.643,22.396,-11.658,0.320
90.3560,13.000,1006.132,942.691,31.721,-2.406,0.320
90.4588,13.000,1009.281,941.876,33.703,-0.496,0.320
90.5584,12.000,995.299,955.682,19.808,-11.658,0.320
90.6561,11.000,990.603,961.069,14.767,-13.961,0.320
90.7542,10.000,988.097,965.002,11.548,-14.436,0.320
90.8597,10.000,1001.717,955.595,23.061,-2.979,0.320
90.9600,9.000,990.486,968.246,11.120,-12.170,0.320
91.0600,9.000,1002.300,960.641,20.829,-2.511,0.320
91.1489,8.000,990.690,973.667,8.512,-12.074,0.320
91.2579,7.000,986.979,979.423,3.778,-14.047,0.320
91.3580,7.000,1000.535,970.604,14.965,-2.899,0.320
91.4482,6.000,989.447,983.559,2.944,-12.154,0.320
91.5571,6.000,1001.420,976.173,12.623,-2.508,0.320
91.6594,6.000,1005.393,976.098,14.647,-0.518,0.320
91.7561,6.000,1007.494,977.311,15.092,-0.107,0.320
91.8562,6.000,1009.021,978.601,15.210,-0.022,0.320
91.9569,6.000,1010.269,979.747,15.261,-0.005,0.320
92.0560,6.000,1011.324,980.728,15.298,-0.001,0.320
92.1550,6.000,1012.224,981.558,15.333,-0.000,0.320
92.2521,6.000,1012.993,982.260,15.366,-0.000,0.320
92.3501,6.000,1013.651,982.851,15.400,-0.000,0.320
92.4490,5.000,998.775,996.630,1.072,-11.556,0.320
92.5498,4.000,993.566,1001.746,-4.090,-13.940,0.320
92.6518,4.000,1006.113,992.120,6.996,-2.877,0.320
92.7515,3.000,994.218,1004.337,-5.060,-12.149,0.320
92.8525,2.000,990.073,1009.597,-9.762,-14.063,0.320
92.9524,1.000,987.778,1013.680,-12.951,-14.457,0.320
93.0514,-0.000,986.076,1017.741,-15.832,-14.539,0.320
93.1504,-1.000,983.836,1021.146,-18.655,-14.556,0.320
93.2491,-2.000,981.097,1024.036,-21.469,-14.559,0.320
93.3481,-2.000,994.204,1014.056,-9.926,-3.004,0.320
93.4491,-3.000,981.626,1025.453,-21.914,-12.175,0.320
93.5521,-3.000,992.270,1016.805,-12.268,-2.512,0.320
93.6522,-4.000,978.814,1028.117,-24.652,-12.074,0.320
93.7511,-4.000,988.963,1019.146,-15.091,-2.491,0.320
93.8495,-5.000,975.138,1030.133,-27.498,-12.070,0.320
93.9498,-5.000,984.982,1020.875,-17.947,-2.491,0.320
94.0513,-6.000,970.899,1031.618,-30.359,-12.069,0.320
94.1491,-5.000,993.806,1006.711,-6.453,9.065,0.320
94.2531,-5.000,987.234,1014.584,-13.675,1.871,0.320
94.3530,-5.000,986.274,1016.649,-15.188,0.386,0.320
94.4516,-5.000,986.409,1017.453,-15.522,0.080,0.320
94.5481,-5.000,986.717,1017.943,-15.613,0.016,0.320
94.6480,-5.000,987.015,1018.324,-15.654,0.003,0.320
94.7487,-6.000,970.992,1031.084,-30.046,-11.555,0.320
94.8470,-6.000,980.242,1022.060,-20.909,-2.384,0.320
94.9566,-6.000,982.197,1020.298,-19.050,-0.492,0.320
95.0554,-7.000,966.354,1032.464,-33.055,-11.657,0.320
95.1524,-8.000,959.223,1035.630,-38.203,-13.961,0.320
95.2494,-8.000,970.073,1024.410,-27.168,-2.881,0.320
95.3527,-9.000,955.877,1034.452,-39.288,-12.150,0.320
95.4505,-9.000,965.203,1024.594,-29.695,-2.507,0.320
95.5484,-10.000,950.636,1034.869,-42.117,-12.073,0.320
95.6565,-10.000,959.837,1025.020,-32.591,-2.491,0.320
95.7539,-10.000,961.483,1022.823,-30.670,-0.514,0.320
95.8525,-10.000,961.601,1022.237,-30.318,-0.106,0.320
95.9485,-10.000,961.430,1022.010,-30.290,-0.022,0.320
96.0516,-10.000,961.222,1021.879,-30.329,-0.005,0.320
96.1496,-10.000,961.026,1021.788,-30.381,-0.001,0.320
96.2476,-10.000,960.849,1021.721,-30.436,-0.000,0.320
96.3571,-9.000,973.970,1006.232,-16.131,11.556,0.320
96.4471,-9.000,965.242,1015.947,-25.352,2.384,0.320
96.5493,-8.000,977.000,1002.868,-12.934,12.048,0.320
96.6486,-8.000,968.333,1013.414,-22.540,2.486,0.320
96.7475,-7.000,980.394,1000.788,-10.197,12.069,0.320
96.8501,-6.000,985.318,996.225,-5.453,14.046,0.320
96.9547,-6.000,975.790,1009.059,-16.634,2.898,0.320
97.0549,-5.000,988.142,997.357,-4.607,12.154,0.320
97.1518,-5.000,980.245,1008.807,-14.281,2.508,0.320
97.2515,-4.000,993.018,996.894,-1.938,12.073,0.320
97.3511,-3.000,998.560,992.923,2.819,14.047,0.320
97.4490,-2.000,1002.844,990.814,6.015,14.454,0.320
97.5542,-2.000,993.786,1004.721,-5.468,2.983,0.320
97.6564,-1.000,1006.749,993.719,6.515,12.171,0.320
97.7460,-0.000,1012.699,990.277,11.211,14.067,0.320
97.8463,1.000,1016.542,987.726,14.408,14.458,0.320
97.9467,2.000,1019.562,984.963,17.300,14.539,0.320
98.0557,2.000,1009.644,998.100,5.772,3.000,0.320
98.1541,2.000,1008.642,1001.838,3.402,0.619,0.320
98.2540,3.000,1021.766,987.200,17.283,11.683,0.320
98.3529,3.000,1013.367,997.312,8.028,2.411,0.320
98.4510,3.000,1012.198,999.936,6.131,0.497,0.320
98.5503,4.000,1024.880,984.652,20.114,11.658,0.320
98.6492,4.000,1016.044,994.276,10.884,2.406,0.320
98.7465,4.000,1014.492,996.498,8.997,0.496,0.320
98.8471,4.000,1014.405,997.154,8.626,0.102,0.320
98.9477,4.000,1014.588,997.455,8.567,0.021,0.320
99.0463,4.000,1014.800,997.655,8.572,0.004,0.320
99.1557,4.000,1014.993,997.811,8.591,0.001,0.320
99.2538,4.000,1015.164,997.938,8.613,0.000,0.320
99.3547,4.000,1015.312,998.042,8.635,0.000,0.320
99.4463,4.000,1015.442,998.127,8.658,0.000,0.320
99.5550,3.000,1000.114,1011.477,-5.681,-11.556,0.320
99.6492,3.000,1009.962,1002.948,3.507,-2.384,0.320
99.7501,3.000,1012.432,1001.600,5.416,-0.492,0.320
99.8526,3.000,1013.315,1001.669,5.823,-0.102,0.320
99.9531,3.000,1013.818,1001.977,5.921,-0.021,0.320
100.0510,4.000,1026.637,986.006,20.315,11.551,0.320
100.1480,4.000,1017.652,995.312,11.170,2.384,0.320
100.2479,4.000,1015.919,997.318,9.301,0.492,0.320
100.3490,4.000,1015.667,997.802,8.933,0.101,0.320
100.4488,4.000,1015.708,997.959,8.875,0.021,0.320
100.5467,4.000,1015.798,998.037,8.880,0.004,0.320
100.6472,4.000,1015.888,998.089,8.899,0.001,0.320
100.7452,5.000,1028.411,981.847,23.282,11.556,0.320
100.8454,5.000,1019.188,990.910,14.139,2.385,0.320
100.9480,5.000,1017.255,992.706,12.274,0.492,0.320
101.0463,4.000,1001.393,1006.291,-2.449,-11.454,0.320
101.1502,4.000,1011.038,997.711,6.664,-2.364,0.320
101.2467,4.000,1013.389,996.265,8.562,-0.488,0.320
101.3559,3.000,998.742,1009.522,-5.390,-11.656,0.320
101.4548,3.000,1008.919,1001.163,3.878,-2.405,0.320
101.5535,3.000,1011.618,1000.010,5.804,-0.496,0.320
101.6513,2.000,997.244,1013.537,-8.147,-11.658,0.320
101.7492,2.000,1007.648,1005.414,1.117,-2.406,0.320
101.8497,2.000,1010.537,1004.463,3.037,-0.496,0.320
101.9476,2.000,1011.766,1004.882,3.442,-0.102,0.320
102.0461,2.000,1012.559,1005.489,3.535,-0.021,0.320
102.1515,2.000,1013.182,1006.057,3.563,-0.004,0.320
102.2540,2.000,1013.703,1006.548,3.578,-0.001,0.320
102.3528,2.000,1014.145,1006.966,3.589,-0.000,0.320
102.4507,2.000,1014.522,1007.320,3.601,-0.000,0.320
102.5516,1.000,999.403,1020.901,-10.749,-11.556,0.320
102.6512,1.000,1009.425,1012.570,-1.572,-2.384,0.320
102.7501,1.000,1012.043,1011.392,0.326,-0.492,0.320
102.8496,1.000,1013.050,1011.607,0.722,-0.102,0.320
102.9491,1.000,1013.656,1012.040,0.808,-0.021,0.320
103.0532,1.000,1014.120,1012.460,0.830,-0.004,0.320
103.1542,-0.000,999.063,1026.107,-13.522,-11.556,0.320
103.2546,-0.000,1009.136,1017.836,-4.350,-2.385,0.320
103.3525,-0.000,1011.794,1016.710,-2.458,-0.492,0.320
103.4540,-1.000,996.555,1029.412,-16.428,-11.657,0.320
103.5442,-1.000,1006.222,1020.587,-7.182,-2.405,0.320
103.6552,-2.000,992.203,1031.483,-19.640,-12.052,0.320
103.7531,-2.000,1001.929,1022.101,-10.086,-2.487,0.320
103.8523,-2.000,1004.038,1020.285,-8.124,-0.513,0.320
103.9436,-3.000,988.278,1032.455,-22.089,-11.661,0.320
104.0449,-3.000,997.490,1023.191,-12.850,-2.406,0.320
104.1532,-3.000,999.361,1021.276,-10.957,-0.497,0.320
104.2439,-4.000,983.438,1033.321,-24.941,-11.658,0.320
104.3532,-4.000,992.520,1023.943,-15.711,-2.406,0.320
104.4434,-4.000,994.281,1021.930,-13.824,-0.496,0.320
104.5545,-4.000,994.546,1021.451,-13.453,-0.102,0.320
104.6530,-4.000,994.514,1021.302,-13.394,-0.021,0.320
104.7506,-4.000,994.431,1021.230,-13.400,-0.004,0.320
104.8490,-4.000,994.346,1021.183,-13.418,-0.001,0.320
104.9465,-4.000,994.269,1021.149,-13.440,-0.000,0.320
105.0443,-4.000,994.199,1021.124,-13.462,-0.000,0.320
105.1531,-4.000,994.136,1021.106,-13.485,-0.000,0.320
105.2531,-4.000,994.080,1021.094,-13.507,-0.000,0.320
105.3522,-4.000,994.028,1021.087,-13.530,-0.000,0.320
105.4501,-4.000,993.981,1021.085,-13.552,-0.000,0.320
105.5478,-4.000,993.937,1021.086,-13.574,-0.000,0.320
105.6477,-4.000,993.897,1021.091,-13.597,-0.000,0.320
105.7484,-4.000,993.859,1021.098,-13.619,-0.000,0.320
105.8495,-4.000,993.824,1021.107,-13.642,-0.000,0.320
105.9482,-4.000,993.791,1021.119,-13.664,-0.000,0.320
106.0477,-4.000,993.759,1021.132,-13.686,-0.000,0.320
106.1481,-4.000,993.729,1021.146,-13.709,-0.000,0.320
106.2462,-4.000,993.700,1021.162,-13.731,-0.000,0.320
106.3440,-5.000,977.390,1033.620,-28.115,-11.556,0.320
106.4526,-5.000,986.396,1024.340,-18.972,-2.384,0.320
106.5487,-4.000,1001.426,1006.918,-2.746,11.064,0.320
106.6454,-4.000,993.106,1016.204,-11.549,2.283,0.320
106.7433,-4.000,991.682,1018.449,-13.383,0.471,0.320
106.8523,-4.000,991.635,1019.194,-13.780,0.097,0.320
106.9438,-5.000,975.551,1032.032,-28.240,-11.535,0.320
107.0521,-5.000,984.798,1023.025,-19.113,-2.380,0.320
107.1540,-4.000,1000.043,1005.824,-2.891,11.064,0.320
107.2511,-4.000,991.908,1015.297,-11.694,2.283,0.320
107.3514,-4.000,990.642,1017.700,-13.529,0.471,0.320
107.4523,-4.000,990.729,1018.579,-13.925,0.097,0.320
107.5512,-3.000,1004.321,1003.649,0.336,11.576,0.320
107.6512,-2.000,1009.330,998.342,5.494,13.944,0.320
107.7517,-2.000,999.625,1010.794,-5.584,2.877,0.320
107.8492,-1.000,1011.779,998.815,6.482,12.149,0.320
107.9476,-1.000,1003.705,1010.037,-3.166,2.507,0.320
108.0494,-1.000,1003.048,1013.371,-5.161,0.517,0.320
108.1492,-0.000,1017.051,999.483,8.784,11.662,0.320
108.2501,-0.000,1009.344,1010.288,-0.472,2.407,0.320
108.3502,1.000,1021.192,997.233,11.979,12.052,0.320
108.4523,2.000,1025.060,991.498,16.781,14.043,0.320
108.5435,2.000,1014.634,1003.339,5.647,2.898,0.320
108.6425,2.000,1012.946,1006.228,3.359,0.598,0.320
108.7449,2.000,1012.993,1007.203,2.895,0.123,0.320
108.8467,2.000,1013.341,1007.724,2.809,0.025,0.320
108.9484,2.000,1013.701,1008.102,2.800,0.005,0.320
109.0470,3.000,1026.463,992.127,17.168,11.557,0.320
109.1471,3.000,1017.442,1001.417,8.013,2.385,0.320
109.2434,4.000,1028.122,987.126,20.498,12.048,0.320
109.3430,4.000,1018.548,996.630,10.959,2.486,0.320
109.4525,4.000,1016.568,998.552,9.008,0.513,0.320
109.5515,4.000,1016.158,998.911,8.623,0.106,0.320
109.6488,4.000,1016.075,998.951,8.562,0.022,0.320
109.7436,4.000,1016.062,998.928,8.567,0.005,0.320
109.8528,4.000,1016.066,998.894,8.586,0.001,0.320
109.9512,4.000,1016.074,998.859,8.607,0.000,0.320
110.0490,3.000,1000.644,1012.107,-5.732,-11.556,0.320
110.1488,3.000,1010.404,1003.492,3.456,-2.384,0.320
110.2531,2.000,997.359,1015.350,-8.996,-12.048,0.320
110.3500,2.000,1007.928,1006.773,0.577,-2.486,0.320
110.4471,2.000,1010.758,1005.635,2.561,-0.513,0.320
110.5445,1.000,996.455,1019.218,-11.381,-11.661,0.320
110.6433,-0.000,991.468,1024.431,-16.482,-13.962,0.320
110.7443,-0.000,1004.145,1014.947,-5.401,-2.881,0.320
110.8412,-1.000,991.507,1026.459,-17.476,-12.150,0.320
110.9521,-1.000,1002.166,1017.843,-7.838,-2.507,0.320
111.0500,-2.000,988.737,1029.168,-20.215,-12.073,0.320
111.1413,-2.000,998.914,1020.203,-10.645,-2.491,0.320
111.2502,-3.000,985.114,1031.194,-23.040,-12.070,0.320
111.3477,-4.000,978.701,1034.378,-27.839,-14.046,0.320
111.4457,-4.000,989.954,1023.381,-16.714,-2.898,0.320
111.5427,-5.000,976.059,1033.653,-28.797,-12.154,0.320
111.6447,-5.000,985.638,1023.996,-19.179,-2.508,0.320
111.7435,-5.000,987.566,1022.000,-17.217,-0.518,0.320
111.8430,-5.000,987.920,1021.588,-16.834,-0.107,0.320
111.9417,-5.000,987.953,1021.507,-16.777,-0.022,0.320
112.0423,-5.000,987.922,1021.497,-16.788,-0.005,0.320
112.1433,-5.000,987.880,1021.504,-16.812,-0.001,0.320
112.2444,-4.000,1001.119,1006.075,-2.478,11.555,0.320
112.3430,-4.000,992.495,1015.838,-11.672,2.384,0.320
112.4433,-4.000,991.064,1018.237,-13.586,0.492,0.320
112.5414,-4.000,991.062,1019.061,-13.999,0.102,0.320
112.6512,-4.000,991.309,1019.513,-14.102,0.021,0.320
112.7512,-5.000,975.286,1032.291,-28.502,-11.551,0.320
112.8513,-5.000,984.546,1023.272,-19.363,-2.384,0.320
112.9509,-6.000,970.231,1033.952,-31.860,-12.047,0.320
113.0480,-6.000,979.714,1024.379,-22.332,-2.486,0.320
113.1461,-6.000,981.616,1022.402,-20.393,-0.513,0.320
113.2484,-6.000,981.957,1021.996,-20.019,-0.106,0.320
113.3489,-7.000,965.698,1034.359,-34.330,-11.577,0.320
113.4474,-7.000,974.692,1025.054,-25.181,-2.389,0.320
113.5464,-7.000,976.417,1023.065,-23.324,-0.493,0.320
113.6435,-7.000,976.657,1022.601,-22.972,-0.102,0.320
113.7409,-8.000,960.322,1034.905,-37.292,-11.577,0.320
113.8493,-7.000,982.533,1010.108,-13.788,9.167,0.320
113.9502,-7.000,975.619,1017.823,-21.102,1.892,0.320
114.0493,-6.000,987.700,1004.263,-8.281,11.946,0.320
114.1464,-6.000,979.058,1014.649,-17.796,2.465,0.320
114.2433,-5.000,991.090,1001.939,-5.425,12.064,0.320
114.3473,-4.000,995.980,997.312,-0.666,14.045,0.320
114.4463,-4.000,986.423,1010.093,-11.835,2.898,0.320
114.5473,-3.000,998.751,998.345,0.203,12.154,0.320
114.6460,-2.000,1004.117,994.313,4.902,14.063,0.320
114.7463,-1.000,1008.292,992.111,8.090,14.458,0.320
114.8502,-0.000,1012.432,990.488,10.972,14.539,0.320
114.9513,1.000,1015.904,988.316,13.794,14.556,0.320
115.0483,2.000,1018.851,985.634,16.609,14.559,0.320
115.1402,3.000,1021.361,982.509,19.426,14.560,0.320
115.2394,4.000,1023.502,979.005,22.249,14.560,0.320
115.3481,5.000,1025.331,975.178,25.077,14.560,0.320
115.4463,5.000,1014.454,987.356,13.549,3.004,0.320
115.5453,6.000,1025.092,973.984,25.554,12.176,0.320
115.6464,6.000,1015.801,983.952,15.924,2.512,0.320
115.7446,5.000,998.687,999.481,-0.397,-11.037,0.320
115.8442,5.000,1008.301,991.520,8.390,-2.278,0.320
115.9444,4.000,995.397,1003.668,-4.135,-12.026,0.320
116.0455,4.000,1006.143,995.280,5.431,-2.481,0.320
116.1423,4.000,1009.137,994.290,7.423,-0.512,0.320
116.2408,4.000,1010.417,994.713,7.852,-0.106,0.320
116.3406,3.000,995.807,1008.612,-6.403,-11.577,0.320
116.4484,3.000,1006.209,1000.605,2.802,-2.389,0.320
116.5482,3.000,1009.140,999.710,4.715,-0.493,0.320
116.6412,2.000,994.972,1013.448,-9.238,-11.657,0.320
116.7393,2.000,1005.552,1005.502,0.025,-2.405,0.320
116.8474,1.000,993.151,1017.983,-12.416,-12.052,0.320
116.9474,1.000,1004.256,1009.946,-2.845,-2.487,0.320
117.0444,2.000,1019.980,992.989,13.495,11.042,0.320
117.1413,2.000,1012.203,1002.718,4.743,2.279,0.320
117.2412,3.000,1023.677,989.064,17.307,12.026,0.320
117.3393,4.000,1027.164,982.884,22.140,14.037,0.320
117.4503,4.000,1016.401,994.357,11.022,2.897,0.320
117.5483,4.000,1014.427,996.935,8.746,0.598,0.320
117.6493,5.000,1026.673,981.363,22.655,11.679,0.320
117.7397,5.000,1017.518,990.690,13.414,2.410,0.320
117.8386,5.000,1015.707,992.648,11.529,0.497,0.320
117.9460,5.000,1015.402,993.077,11.163,0.103,0.320
118.0453,5.000,1015.402,993.183,11.109,0.021,0.320
118.1385,6.000,1027.899,976.936,25.482,11.560,0.320
118.2478,6.000,1018.664,985.983,16.341,2.385,0.320
118.3455,5.000,1001.284,1001.044,0.120,-11.063,0.320
118.4476,4.000,995.165,1006.031,-5.433,-13.838,0.320
118.5485,3.000,991.749,1009.326,-8.789,-14.411,0.320
118.6458,2.000,989.210,1012.601,-11.696,-14.529,0.320
118.7453,2.000,1002.565,1002.872,-0.153,-2.998,0.320
118.8471,1.000,991.056,1015.304,-12.124,-12.174,0.320
118.9462,-0.000,987.174,1020.809,-16.817,-14.068,0.320
119.0463,-1.000,984.248,1024.275,-20.014,-14.458,0.320
119.1437,-2.000,981.166,1026.977,-22.905,-14.539,0.320
119.2412,-3.000,977.751,1029.228,-25.739,-14.556,0.320
119.3407,-2.000,1003.573,1003.257,0.158,8.552,0.320
119.4391,-3.000,981.930,1023.934,-21.002,-9.791,0.320
119.5476,-3.000,990.772,1017.269,-13.248,-2.020,0.320
119.6447,-3.000,993.285,1016.608,-11.662,-0.417,0.320
119.7443,-3.000,994.386,1017.081,-11.348,-0.086,0.320
119.8463,-3.000,995.106,1017.698,-11.296,-0.018,0.320
119.9431,-2.000,1008.953,1002.829,3.062,11.552,0.320
120.0393,-2.000,1000.839,1013.073,-6.117,2.384,0.320
120.1484,-1.000,1013.123,1000.440,6.341,12.047,0.320
120.2382,-0.000,1018.188,995.918,11.135,14.042,0.320
120.3380,1.000,1021.216,992.512,14.352,14.453,0.320
120.4473,2.000,1023.532,989.035,17.248,14.538,0.320
120.5377,2.000,1013.011,1001.568,5.721,3.000,0.320
120.6395,2.000,1011.497,1004.793,3.352,0.619,0.320
120.7375,2.000,1011.744,1006.000,2.872,0.128,0.320
120.8377,2.000,1012.272,1006.709,2.782,0.026,0.320
120.9380,3.000,1025.229,990.963,17.133,11.561,0.320
121.0474,3.000,1016.385,1000.436,7.974,2.386,0.320
121.1448,5.000,1039.658,970.017,34.820,23.603,0.320
121.2424,6.000,1033.357,972.404,30.476,16.426,0.320
121.3386,7.000,1032.632,968.963,31.835,14.945,0.320
121.4410,8.000,1032.981,964.233,34.374,14.639,0.320
121.5389,8.000,1021.045,975.445,22.800,3.021,0.320
121.6370,8.000,1018.384,977.489,20.447,0.623,0.320
121.7445,8.000,1017.673,977.678,19.997,0.129,0.320
121.8449,7.000,1001.952,990.794,5.579,-11.529,0.320
121.9454,6.000,996.093,995.279,0.407,-13.935,0.320
122.0444,6.000,1008.102,985.102,11.500,-2.875,0.320
122.1423,5.000,995.755,996.846,-0.546,-12.149,0.320
122.2442,3.000,975.786,1014.982,-19.598,-25.618,0.320
122.3456,2.000,982.915,1010.136,-13.611,-16.842,0.320
122.4455,1.000,983.321,1012.510,-14.594,-15.031,0.320
122.5474,1.000,997.938,1003.256,-2.659,-3.102,0.320
122.6482,1.000,1002.684,1003.068,-0.192,-0.640,0.320
122.7475,-0.000,989.694,1017.773,-14.040,-11.688,0.320
122.8465,-0.000,1001.199,1010.726,-4.764,-2.412,0.320
122.9448,-0.000,1005.007,1010.707,-2.850,-0.498,0.320
123.0450,-0.000,1007.013,1011.922,-2.455,-0.103,0.320
123.1443,1.000,1020.904,996.928,11.988,11.534,0.320
123.2454,1.000,1012.787,1007.108,2.839,2.380,0.320
123.3434,1.000,1011.780,1009.868,0.956,0.491,0.320
123.4394,2.000,1024.582,994.717,14.933,11.657,0.320
123.5405,2.000,1015.844,1004.458,5.693,2.405,0.320
123.6378,2.000,1014.372,1006.782,3.795,0.496,0.320
123.7380,2.000,1014.352,1007.527,3.412,0.102,0.320
123.8382,2.000,1014.589,1007.906,3.342,0.021,0.320
123.9469,2.000,1014.846,1008.173,3.336,0.004,0.320
124.0460,1.000,999.635,1021.669,-11.017,-11.555,0.320
124.1465,-0.000,994.141,1026.545,-16.202,-13.940,0.320
124.2474,-0.000,1006.441,1016.719,-5.139,-2.876,0.320
124.3464,-0.000,1009.776,1015.488,-2.856,-0.594,0.320
124.4440,-0.000,1011.141,1015.911,-2.385,-0.122,0.320
124.5395,-1.000,995.717,1029.015,-16.649,-11.581,0.320
124.6393,-1.000,1005.417,1020.343,-7.463,-2.390,0.320
124.7416,-1.000,1007.745,1018.889,-5.572,-0.493,0.320
124.8383,-1.000,1008.502,1018.875,-5.187,-0.102,0.320
124.9365,-2.000,992.611,1031.556,-19.473,-11.577,0.320
125.0385,-2.000,1001.924,1022.516,-10.296,-2.389,0.320
125.1365,-2.000,1003.925,1020.747,-8.411,-0.493,0.320
125.2373,-2.000,1004.403,1020.466,-8.031,-0.102,0.320
125.3439,-3.000,988.275,1032.921,-22.323,-11.577,0.320
125.4415,-3.000,997.385,1023.689,-13.152,-2.389,0.320
125.5389,-3.000,999.213,1021.759,-11.273,-0.493,0.320
125.6369,-3.000,999.543,1021.340,-10.899,-0.102,0.320
125.7362,-3.000,999.570,1021.239,-10.835,-0.021,0.320
125.8454,-4.000,983.257,1033.648,-25.196,-11.560,0.320
125.9448,-4.000,992.250,1024.337,-16.044,-2.385,0.320
126.0373,-4.000,993.985,1022.331,-14.173,-0.492,0.320
126.1456,-4.000,994.239,1021.848,-13.805,-0.102,0.320
126.2378,-4.000,994.199,1021.692,-13.747,-0.021,0.320
126.3451,-5.000,977.829,1034.056,-28.113,-11.560,0.320
126.4435,-5.000,986.773,1024.707,-18.967,-2.385,0.320
126.5409,-5.000,988.466,1022.670,-17.102,-0.492,0.320
126.6395,-5.000,988.683,1022.161,-16.739,-0.102,0.320
126.7363,-5.000,988.611,1021.984,-16.687,-0.021,0.320
126.8361,-5.000,988.494,1021.890,-16.698,-0.004,0.320
126.9450,-4.000,1001.660,1006.383,-2.361,11.555,0.320
127.0436,-3.000,1006.254,1000.640,2.807,13.940,0.320
127.1435,-2.000,1009.467,997.291,6.088,14.432,0.320
127.2434,-2.000,999.444,1010.198,-5.377,2.978,0.320
127.3425,-1.000,1011.576,998.358,6.609,12.170,0.320
127.4392,-1.000,1003.536,1009.646,-3.055,2.511,0.320
127.5367,-1.000,1002.917,1013.025,-5.054,0.518,0.320
127.6448,-1.000,1003.674,1014.615,-5.471,0.107,0.320
127.7383,-1.000,1004.580,1015.703,-5.561,0.022,0.320
127.8376,-1.000,1005.405,1016.573,-5.584,0.005,0.320
127.9373,-0.000,1019.397,1001.862,8.768,11.556,0.320
128.0358,-0.000,1011.420,1012.228,-0.404,2.385,0.320
128.1432,-0.000,1010.543,1015.136,-2.297,0.492,0.320
128.2415,-1.000,994.734,1028.831,-17.048,-11.454,0.320
128.3415,-1.000,1004.420,1020.347,-7.964,-2.364,0.320
128.4426,-2.000,990.521,1031.430,-20.454,-12.043,0.320
128.5435,-2.000,1000.370,1022.185,-10.908,-2.485,0.320
128.6443,-1.000,1015.870,1005.040,5.415,11.043,0.320
128.7414,-1.000,1007.901,1014.611,-3.355,2.279,0.320
128.8402,-1.000,1006.767,1017.105,-5.169,0.470,0.320
128.9367,-1.000,1006.967,1018.062,-5.548,0.097,0.320
129.0349,-1.000,1007.376,1018.637,-5.630,0.020,0.320
129.1364,-1.000,1007.772,1019.076,-5.652,0.004,0.320
129.2374,-2.000,991.838,1031.881,-20.022,-11.555,0.320
129.3384,-2.000,1001.167,1022.892,-10.863,-2.384,0.320
129.4387,-2.000,1003.192,1021.155,-8.982,-0.492,0.320
129.5393,-2.000,1003.694,1020.899,-8.602,-0.102,0.320
129.6361,-2.000,1003.868,1020.934,-8.533,-0.021,0.320
129.7343,-2.000,1003.962,1021.017,-8.528,-0.004,0.320
129.8384,-2.000,1004.030,1021.100,-8.535,-0.001,0.320
129.9376,-3.000,987.802,1033.616,-22.907,-11.556,0.320
130.0355,-3.000,996.879,1024.384,-13.753,-2.385,0.320
130.1445,-4.000,982.408,1034.884,-26.238,-12.048,0.320
130.2414,-4.000,991.759,1025.157,-16.699,-2.486,0.320
130.3429,-4.000,993.550,1023.046,-14.748,-0.513,0.320
130.4411,-4.000,993.799,1022.526,-14.363,-0.106,0.320
130.5389,-2.000,1020.307,991.466,14.420,23.089,0.320
130.6411,-2.000,1003.037,1010.868,-3.916,4.764,0.320
130.7390,-1.000,1013.432,1000.126,6.653,12.539,0.320
130.8378,-1.000,1004.827,1011.435,-3.304,2.587,0.320
130.9366,-0.000,1017.198,999.202,8.998,12.089,0.320
131.0444,-0.000,1009.162,1010.355,-0.597,2.495,0.320
131.1370,1.000,1020.949,997.379,11.785,12.070,0.320
131.2359,2.000,1024.810,991.666,16.572,14.046,0.320
131.3414,3.000,1026.828,987.235,19.796,14.454,0.320
131.4417,4.000,1028.288,982.883,22.703,14.538,0.320
131.5426,5.000,1029.485,978.388,25.548,14.555,0.320
131.6405,6.000,1030.500,973.729,28.385,14.559,0.320
131.7376,6.000,1018.931,985.202,16.864,3.004,0.320
131.8386,6.000,1016.539,987.512,14.514,0.620,0.320
131.9385,5.000,1000.604,1001.217,-0.306,-11.428,0.320
132.0389,5.000,1010.254,992.671,8.792,-2.358,0.320
132.1375,5.000,1012.623,991.241,10.691,-0.487,0.320
132.2345,6.000,1025.878,974.945,25.466,11.455,0.320
132.3342,7.000,1029.468,967.929,30.770,13.919,0.320
132.4335,8.000,1030.946,962.700,34.123,14.428,0.320
132.5435,9.000,1031.886,957.730,37.078,14.533,0.320
132.6424,10.000,1032.632,952.720,39.956,14.554,0.320
132.7401,11.000,1033.265,947.621,42.822,14.559,0.320
132.8388,12.000,1033.816,942.435,45.690,14.560,0.320
132.9374,12.000,1021.858,953.454,34.202,3.004,0.320
133.0343,12.000,1019.141,955.371,31.885,0.620,0.320
133.1381,13.000,1030.818,939.176,45.821,11.683,0.320
133.2356,13.000,1021.197,947.955,36.621,2.411,0.320
133.3436,12.000,1003.558,962.719,20.420,-11.058,0.320
133.4412,12.000,1012.680,954.154,29.263,-2.282,0.320
133.5396,11.000,999.353,965.793,16.780,-12.026,0.320
133.6376,11.000,1009.742,956.970,26.386,-2.482,0.320
133.7370,11.000,1012.439,955.604,28.418,-0.512,0.320
133.8352,10.000,998.031,968.983,14.524,-11.661,0.320
133.9351,10.000,1008.405,960.735,23.835,-2.406,0.320
134.0325,10.000,1011.274,959.672,25.801,-0.497,0.320
134.1329,10.000,1012.492,959.990,26.251,-0.102,0.320
134.2337,9.000,997.841,973.787,12.027,-11.577,0.320
134.3424,9.000,1008.216,965.685,21.266,-2.389,0.320
134.4437,9.000,1011.129,964.705,23.212,-0.493,0.320
134.5347,9.000,1012.392,965.085,23.653,-0.102,0.320
134.6366,9.000,1013.221,965.652,23.785,-0.021,0.320
134.7356,8.000,998.440,979.459,9.491,-11.560,0.320
134.8350,8.000,1008.746,971.326,18.710,-2.385,0.320
134.9355,8.000,1011.607,970.312,20.648,-0.492,0.320
135.0354,8.000,1012.828,970.661,21.083,-0.102,0.320
135.1337,7.000,998.179,984.484,6.847,-11.577,0.320
135.2337,7.000,1008.555,976.406,16.074,-2.389,0.320
135.3337,8.000,1023.908,959.167,32.371,11.063,0.320
135.4342,8.000,1015.871,968.600,23.636,2.283,0.320
135.5341,8.000,1014.698,970.961,21.869,0.471,0.320
135.6338,8.000,1014.873,971.794,21.540,0.097,0.320
135.7328,8.000,1015.270,972.255,21.507,0.020,0.320
135.8331,7.000,1000.222,985.872,7.175,-11.551,0.320
135.9431,7.000,1010.321,977.557,16.382,-2.384,0.320
136.0406,7.000,1013.010,976.384,18.313,-0.492,0.320
136.1400,6.000,998.643,989.880,4.381,-11.657,0.320
136.2390,5.000,993.616,995.006,-0.695,-13.961,0.320
136.3367,5.000,1006.267,985.440,10.414,-2.881,0.320
136.4390,4.000,994.451,997.717,-1.633,-12.150,0.320
136.5350,3.000,990.371,1003.029,-6.329,-14.063,0.320
136.6330,2.000,988.132,1007.157,-9.513,-14.457,0.320
136.7430,1.000,986.478,1011.255,-12.388,-14.539,0.320
136.8393,-0.000,985.120,1015.531,-15.205,-14.556,0.320
136.9360,-1.000,983.131,1019.160,-18.014,-14.559,0.320
137.0339,-2.000,980.596,1022.249,-20.826,-14.560,0.320
137.1420,-3.000,977.595,1024.881,-23.643,-14.560,0.320
137.2396,-3.000,990.477,1014.686,-12.104,-3.004,0.320
137.3402,-4.000,977.705,1025.901,-24.098,-12.176,0.320
137.4401,-5.000,971.903,1029.540,-28.818,-14.068,0.320
137.5372,-6.000,967.340,1031.424,-32.042,-14.458,0.320
137.6341,-6.000,979.142,1020.345,-20.601,-2.983,0.320
137.7335,-7.000,965.503,1030.759,-32.628,-12.171,0.320
137.8327,-7.000,975.253,1021.268,-23.008,-2.512,0.320
137.9317,-8.000,961.035,1031.865,-35.415,-12.074,0.320
138.0343,-8.000,970.534,1022.288,-25.877,-2.491,0.320
138.1316,-9.000,956.153,1032.764,-38.306,-12.070,0.320
138.2382,-9.000,965.522,1023.076,-28.777,-2.491,0.320
138.3385,-10.000,951.031,1033.455,-41.212,-12.069,0.320
138.4374,-10.000,960.306,1023.684,-31.689,-2.491,0.320
138.5384,-11.000,945.735,1033.994,-44.129,-12.069,0.320
138.6370,-11.000,954.942,1024.166,-34.612,-2.491,0.320
138.7370,-11.000,956.593,1021.987,-32.697,-0.514,0.320
138.8364,-11.000,956.714,1021.416,-32.351,-0.106,0.320
138.9345,-11.000,956.546,1021.203,-32.328,-0.022,0.320
139.0325,-11.000,956.339,1021.084,-32.373,-0.005,0.320
139.1347,-11.000,956.144,1021.005,-32.431,-0.001,0.320
139.2341,-11.000,955.965,1020.948,-32.491,-0.000,0.320
139.3309,-11.000,955.804,1020.910,-32.553,-0.000,0.320
139.4324,-11.000,955.658,1020.887,-32.614,-0.000,0.320
139.5305,-12.000,939.243,1033.318,-47.037,-11.556,0.320
139.6313,-12.000,948.154,1024.021,-37.933,-2.384,0.320
139.7399,-12.000,949.815,1022.031,-36.108,-0.492,0.320
139.8389,-12.000,949.999,1021.568,-35.785,-0.102,0.320
139.9374,-12.000,949.893,1021.436,-35.771,-0.021,0.320
140.0363,-12.000,949.742,1021.386,-35.822,-0.004,0.320
140.1329,-11.000,962.874,1005.923,-21.525,11.555,0.320
140.2344,-11.000,954.151,1015.664,-30.757,2.384,0.320
140.3347,-10.000,965.911,1002.609,-18.349,12.048,0.320
140.4335,-10.000,957.243,1013.177,-27.967,2.486,0.320
140.5317,-10.000,956.022,1016.013,-29.996,0.513,0.320
140.6397,-10.000,956.245,1017.163,-30.459,0.106,0.320
140.7405,-10.000,956.688,1017.886,-30.599,0.022,0.320
140.8383,-10.000,957.111,1018.455,-30.672,0.005,0.320
140.9372,-9.000,970.754,1003.495,-16.371,11.556,0.320
141.0364,-9.000,962.472,1013.657,-25.593,2.385,0.320
141.1345,-7.000,987.890,985.517,1.186,23.603,0.320
141.2306,-7.000,970.962,1006.133,-17.586,4.870,0.320
141.3310,-6.000,981.905,996.163,-7.129,12.561,0.320
141.4377,-4.000,1000.379,977.197,11.591,25.703,0.320
141.5352,-4.000,982.748,1000.409,-8.831,5.304,0.320
141.6333,-2.000,1007.450,976.131,15.660,24.206,0.320
141.7409,-1.000,1004.690,983.092,10.799,16.550,0.320
141.8304,1.000,1020.557,967.795,26.381,26.526,0.320
141.9393,4.000,1040.076,943.241,48.417,40.140,0.320
142.0375,6.000,1035.483,944.874,45.304,31.394,0.320
142.1368,8.000,1037.225,938.936,49.144,29.589,0.320
142.2354,10.000,1039.885,931.029,54.428,29.217,0.320
142.3323,11.000,1029.965,938.650,45.657,17.584,0.320
142.4303,12.000,1029.035,936.786,46.124,15.184,0.320
142.5388,13.000,1029.804,932.801,48.502,14.689,0.320
142.6367,14.000,1030.794,928.238,51.278,14.587,0.320
142.7351,14.000,1019.277,939.718,39.780,3.010,0.320
142.8363,13.000,1001.510,955.294,23.108,-10.934,0.320
142.9348,13.000,1010.829,947.112,31.859,-2.256,0.320
143.0312,12.000,997.735,959.013,19.361,-12.021,0.320
143.1397,12.000,1008.336,950.398,28.969,-2.481,0.320
143.2366,11.000,995.774,962.487,16.644,-12.067,0.320
143.3354,11.000,1006.712,954.147,26.283,-2.490,0.320
143.4327,11.000,1009.855,953.214,28.321,-0.514,0.320
143.5306,10.000,995.822,966.964,14.429,-11.662,0.320
143.6395,10.000,1006.513,959.033,23.740,-2.406,0.320
143.7386,10.000,1009.652,958.240,25.706,-0.497,0.320
143.8374,10.000,1011.099,958.787,26.156,-0.102,0.320
143.9343,10.000,1012.084,959.497,26.293,-0.021,0.320
144.0331,10.000,1012.877,960.145,26.366,-0.004,0.320
144.1305,10.000,1013.548,960.697,26.425,-0.001,0.320
144.2291,9.000,998.684,974.442,12.121,-11.556,0.320
144.3386,9.000,1008.930,966.245,21.343,-2.385,0.320
144.4352,9.000,1011.744,965.173,23.286,-0.492,0.320
144.5335,9.000,1012.925,965.472,23.726,-0.102,0.320
144.6326,9.000,1013.685,965.970,23.857,-0.021,0.320
144.7326,8.000,998.846,979.719,9.563,-11.560,0.320
144.8393,9.000,1021.543,955.255,33.144,9.170,0.320
144.9387,8.000,999.623,976.513,11.555,-9.663,0.320
145.0358,8.000,1008.556,970.017,19.269,-1.994,0.320
145.1345,8.000,1011.219,969.426,20.897,-0.411,0.320
145.2328,8.000,1012.471,969.935,21.268,-0.085,0.320
145.3308,8.000,1013.331,970.571,21.380,-0.018,0.320
145.4383,8.000,1014.026,971.149,21.439,-0.004,0.320
145.5387,8.000,1014.615,971.642,21.486,-0.001,0.320
145.6366,8.000,1015.120,972.056,21.532,-0.000,0.320
145.7359,8.000,1015.555,972.402,21.577,-0.000,0.320
145.8364,7.000,1000.491,985.970,7.260,-11.556,0.320
145.9341,7.000,1010.566,977.624,16.471,-2.384,0.320
146.0320,6.000,997.791,989.708,4.041,-12.048,0.320
146.1306,6.000,1008.592,981.320,13.636,-2.486,0.320
146.2283,5.000,996.183,993.620,1.282,-12.069,0.320
146.3374,5.000,1007.243,985.467,10.888,-2.490,0.320
146.4347,5.000,1010.483,984.698,12.893,-0.514,0.320
146.5324,5.000,1011.969,985.313,13.328,-0.106,0.320
146.6301,5.000,1012.974,986.093,13.441,-0.022,0.320
146.7375,5.000,1013.778,986.807,13.486,-0.005,0.320
146.8356,5.000,1014.455,987.420,13.517,-0.001,0.320
146.9333,4.000,999.591,1001.221,-0.815,-11.556,0.320
147.0322,4.000,1009.832,993.075,8.379,-2.385,0.320
147.1308,4.000,1012.638,992.051,10.294,-0.492,0.320
147.2387,5.000,1026.249,976.114,25.068,11.454,0.320
147.3368,5.000,1017.699,985.688,16.005,2.364,0.320
147.4352,5.000,1016.286,987.971,14.157,0.488,0.320
147.5345,5.000,1016.296,988.700,13.798,0.101,0.320
147.6330,5.000,1016.558,989.066,13.746,0.021,0.320
147.7326,6.000,1029.278,973.040,28.119,11.560,0.320
147.8311,6.000,1020.232,982.276,18.978,2.385,0.320
147.9307,6.000,1018.454,984.216,17.119,0.492,0.320
148.0286,6.000,1018.165,984.642,16.762,0.102,0.320
148.1297,6.000,1018.176,984.747,16.715,0.021,0.320
148.2308,6.000,1018.243,984.780,16.732,0.004,0.320
148.3351,5.000,1002.874,998.073,2.401,-11.555,0.320
148.4335,5.000,1012.690,989.493,11.599,-2.384,0.320
148.5331,4.000,999.695,1001.379,-0.842,-12.048,0.320
148.6308,3.000,994.866,1006.104,-5.619,-14.042,0.320
148.7338,2.000,992.042,1009.681,-8.819,-14.453,0.320
148.8310,1.000,989.902,1013.300,-11.699,-14.538,0.320
148.9318,1.000,1003.574,1003.885,-0.155,-3.000,0.320
149.0314,-0.000,992.329,1016.589,-12.130,-12.175,0.320
149.1345,-1.000,987.830,1021.488,-16.829,-14.068,0.320
149.2318,-1.000,1000.660,1011.998,-5.669,-2.903,0.320
149.3291,-2.000,988.096,1023.561,-17.732,-12.155,0.320
149.4280,-3.000,982.525,1027.441,-22.458,-14.064,0.320
149.5281,-3.000,994.451,1017.078,-11.313,-2.902,0.320
149.6355,-4.000,981.121,1027.897,-23.388,-12.154,0.320
149.7342,-5.000,974.896,1031.147,-28.125,-14.064,0.320
149.8309,-6.000,969.984,1032.690,-31.353,-14.458,0.320
149.9322,-6.000,981.493,1021.317,-19.912,-2.983,0.320
150.0330,-6.000,983.885,1019.041,-17.578,-0.616,0.320
150.1322,-7.000,968.109,1031.077,-31.484,-11.683,0.320
150.2326,-7.000,977.251,1021.754,-22.251,-2.411,0.320
150.3327,-7.000,979.049,1019.804,-20.377,-0.497,0.320
150.4328,-7.000,979.339,1019.383,-20.022,-0.103,0.320
150.5336,-7.000,979.326,1019.285,-19.980,-0.021,0.320
150.6325,-7.000,979.257,1019.261,-20.002,-0.004,0.320
150.7319,-6.000,992.462,1003.815,-5.677,11.555,0.320
150.8316,-6.000,983.806,1013.567,-14.881,2.384,0.320
150.9296,-5.000,995.628,1000.518,-2.445,12.048,0.320
151.0287,-4.000,1000.297,995.644,2.326,14.042,0.320
151.1309,-4.000,990.544,1008.224,-8.840,2.897,0.320
151.2283,-3.000,1002.704,996.306,3.199,12.153,0.320
151.3264,-3.000,994.645,1007.572,-6.463,2.508,0.320
151.4371,-3.000,994.000,1010.941,-8.471,0.517,0.320
151.5357,-3.000,994.731,1012.527,-8.898,0.107,0.320
151.6363,-3.000,995.614,1013.613,-9.000,0.022,0.320
151.7366,-3.000,996.417,1014.484,-9.034,0.005,0.320
151.8333,-4.000,980.826,1027.657,-23.415,-11.555,0.320
151.9301,-4.000,990.447,1018.982,-14.267,-2.384,0.320
152.0274,-4.000,992.719,1017.514,-12.398,-0.492,0.320
152.1373,-4.000,993.428,1017.487,-12.030,-0.102,0.320
152.2344,-4.000,993.776,1017.719,-11.971,-0.021,0.320
152.3367,-4.000,994.017,1017.972,-11.977,-0.004,0.320
152.4347,-4.000,994.208,1018.200,-11.996,-0.001,0.320
152.5269,-4.000,994.365,1018.400,-12.018,-0.000,0.320
152.6271,-4.000,994.494,1018.574,-12.040,-0.000,0.320
152.7356,-4.000,994.600,1018.725,-12.062,-0.000,0.320
152.8337,-4.000,994.687,1018.857,-12.085,-0.000,0.320
152.9316,-5.000,978.477,1031.414,-26.468,-11.556,0.320
153.0301,-5.000,987.567,1022.218,-17.325,-2.384,0.320
153.1302,-5.000,989.387,1020.308,-15.461,-0.492,0.320
153.2303,-5.000,989.711,1019.907,-15.098,-0.102,0.320
153.3308,-5.000,989.731,1019.822,-15.046,-0.021,0.320
153.4272,-4.000,1002.973,1004.365,-0.696,11.551,0.320
153.5281,-4.000,994.342,1014.114,-9.886,2.384,0.320
153.6336,-4.000,992.902,1016.502,-11.800,0.492,0.320
153.7315,-4.000,992.893,1017.319,-12.213,0.101,0.320
153.8299,-4.000,993.133,1017.765,-12.316,0.021,0.320
153.9269,-3.000,1006.667,1002.654,2.006,11.560,0.320
154.0357,-3.000,998.305,1012.675,-7.185,2.385,0.320
154.1287,-3.000,997.101,1015.291,-9.095,0.492,0.320
154.2288,-3.000,997.293,1016.298,-9.502,0.102,0.320
154.3293,-3.000,997.705,1016.905,-9.600,0.021,0.320
154.4269,-3.000,998.105,1017.371,-9.633,0.004,0.320
154.5359,-3.000,998.453,1017.760,-9.654,0.001,0.320
154.6358,-3.000,998.748,1018.090,-9.671,0.000,0.320
154.7336,-3.000,998.997,1018.373,-9.688,0.000,0.320
154.8353,-3.000,999.206,1018.616,-9.705,0.000,0.320
154.9346,-3.000,999.382,1018.825,-9.722,0.000,0.320
155.0315,-3.000,999.528,1019.005,-9.738,0.000,0.320
155.1284,-3.000,999.650,1019.161,-9.755,0.000,0.320
155.2267,-3.000,999.752,1019.296,-9.772,0.000,0.320
155.3273,-4.000,983.554,1031.854,-24.150,-11.556,0.320
155.4262,-4.000,992.656,1022.659,-15.001,-2.384,0.320
155.5342,-4.000,994.486,1020.749,-13.131,-0.492,0.320
155.6314,-5.000,978.539,1032.788,-27.124,-11.657,0.320
155.7287,-5.000,987.602,1023.404,-17.901,-2.405,0.320
155.8262,-5.000,989.347,1021.386,-16.020,-0.496,0.320
155.9262,-5.000,989.597,1020.904,-15.654,-0.102,0.320
156.0352,-5.000,989.551,1020.752,-15.600,-0.021,0.320
156.1328,-5.000,989.456,1020.679,-15.612,-0.004,0.320
156.2332,-5.000,989.360,1020.633,-15.636,-0.001,0.320
156.3327,-5.000,989.273,1020.599,-15.663,-0.000,0.320
156.4307,-4.000,1002.474,1005.134,-1.330,11.556,0.320
156.5322,-4.000,993.819,1014.866,-10.524,2.384,0.320
156.6316,-4.000,992.362,1017.238,-12.438,0.492,0.320
156.7293,-3.000,1005.619,1002.599,1.510,11.657,0.320
156.8263,-3.000,997.263,1012.780,-7.759,2.405,0.320
156.9348,-2.000,1009.394,1000.040,4.677,12.052,0.320
157.0325,-2.000,1001.059,1010.858,-4.899,2.487,0.320
157.1305,-2.000,1000.129,1013.898,-6.884,0.513,0.320
157.2286,-2.000,1000.607,1015.213,-7.303,0.106,0.320
157.3259,-2.000,1001.275,1016.071,-7.398,0.022,0.320
157.4338,-1.000,1015.175,1001.306,6.934,11.560,0.320
157.5318,-1.000,1007.128,1011.619,-2.246,2.385,0.320
157.6287,-1.000,1006.192,1014.481,-4.145,0.492,0.320
157.7299,-1.000,1006.614,1015.696,-4.541,0.102,0.320
157.8260,-2.000,990.942,1028.919,-18.988,-11.535,0.320
157.9262,-3.000,984.264,1032.676,-24.206,-13.936,0.320
158.0269,-3.000,995.565,1021.891,-13.163,-2.876,0.320
158.1286,-4.000,981.769,1032.286,-25.259,-12.149,0.320
158.2267,-4.000,991.444,1022.721,-15.639,-2.507,0.320
158.3298,-5.000,977.176,1033.242,-28.033,-12.073,0.320
158.4288,-6.000,970.356,1036.037,-32.840,-14.047,0.320
158.5262,-6.000,981.260,1024.712,-21.726,-2.899,0.320
158.6251,-6.000,983.348,1022.266,-19.459,-0.598,0.320
158.7260,-5.000,996.918,1006.231,-4.657,11.432,0.320
158.8272,-4.000,1001.551,1000.344,0.603,13.915,0.320
158.9291,-4.000,991.452,1012.377,-10.462,2.871,0.320
159.0252,-3.000,1003.254,1000.058,1.598,12.148,0.320
159.1341,-3.000,994.876,1010.997,-8.060,2.507,0.320
159.2338,-2.000,1007.239,998.650,4.294,12.073,0.320
159.3340,-2.000,999.154,1009.750,-5.298,2.491,0.320
159.4317,-2.000,998.446,1013.020,-7.287,0.514,0.320
159.5301,-2.000,999.116,1014.528,-7.706,0.106,0.320
159.6288,-2.000,999.946,1015.549,-7.801,0.022,0.320
159.7264,-1.000,1013.986,1000.923,6.531,11.560,0.320
159.8242,-1.000,1006.056,1011.354,-2.649,2.385,0.320
159.9335,-1.000,1005.220,1014.316,-4.548,0.492,0.320
160.0342,-2.000,989.447,1028.057,-19.305,-11.454,0.320
160.1318,-2.000,999.162,1019.614,-10.226,-2.364,0.320
160.2309,-2.000,1001.567,1018.290,-8.361,-0.488,0.320
160.3322,-3.000,986.122,1030.815,-22.347,-11.656,0.320
160.4317,-3.000,995.614,1021.839,-13.112,-2.405,0.320
160.5323,-3.000,997.726,1020.167,-11.220,-0.496,0.320
160.6299,-2.000,1011.571,1004.536,3.518,11.453,0.320
160.7259,-1.000,1016.492,998.936,8.778,13.919,0.320
160.8228,1.000,1032.374,979.478,26.448,25.983,0.320
160.9331,1.000,1013.238,1001.574,5.832,5.362,0.320
161.0310,2.000,1022.688,990.801,15.944,12.662,0.320
161.1282,3.000,1026.028,985.495,20.267,14.168,0.320
161.2260,3.000,1015.465,997.387,9.039,2.924,0.320
161.3289,3.000,1013.726,1000.256,6.735,0.603,0.320
161.4269,3.000,1013.744,1001.198,6.273,0.124,0.320
161.5240,3.000,1014.071,1001.688,6.191,0.026,0.320
161.6321,3.000,1014.414,1002.039,6.188,0.005,0.320
161.7309,3.000,1014.722,1002.321,6.200,0.001,0.320
161.8315,3.000,1014.988,1002.556,6.216,0.000,0.320
161.9309,3.000,1015.218,1002.752,6.233,0.000,0.320
162.0311,2.000,999.975,1016.198,-8.112,-11.556,0.320
162.1289,1.000,994.452,1021.033,-13.290,-13.940,0.320
162.2252,1.000,1006.728,1011.171,-2.221,-2.877,0.320
162.3232,1.000,1010.043,1009.909,0.067,-0.594,0.320
162.4312,1.000,1011.392,1010.305,0.544,-0.122,0.320
162.5324,2.000,1024.678,994.662,15.008,11.530,0.320
162.6329,3.000,1028.478,988.019,20.229,13.935,0.320
162.7314,4.000,1030.168,983.072,23.548,14.431,0.320
162.8318,5.000,1031.294,978.338,26.478,14.533,0.320
162.9298,5.000,1019.754,989.811,14.972,2.999,0.320
163.0273,6.000,1029.815,975.853,26.981,12.174,0.320
163.1283,6.000,1020.030,985.326,17.352,2.512,0.320
163.2290,6.000,1017.937,987.153,15.392,0.518,0.320
163.3272,6.000,1017.446,987.418,15.014,0.107,0.320
163.4256,6.000,1017.299,987.373,14.963,0.022,0.320
163.5274,6.000,1017.234,987.276,14.979,0.005,0.320
163.6270,6.000,1017.194,987.176,15.009,0.001,0.320
163.7232,7.000,1029.609,970.803,29.403,11.556,0.320
163.8319,9.000,1045.178,947.191,48.993,25.496,0.320
163.9218,11.000,1049.457,934.394,57.531,28.372,0.320
164.0309,12.000,1038.822,939.949,49.437,17.410,0.320
164.1270,13.000,1036.854,936.759,50.047,15.148,0.320
164.2240,14.000,1036.653,931.736,52.459,14.681,0.320
164.3220,14.000,1024.360,942.589,40.885,3.029,0.320
164.4315,14.000,1021.421,944.302,38.560,0.625,0.320
164.5320,13.000,1005.042,957.481,23.781,-11.427,0.320
164.6328,12.000,998.882,961.760,18.561,-13.913,0.320
164.7327,10.000,979.810,977.914,0.948,-25.982,0.320
164.8218,7.000,955.923,998.840,-21.458,-40.028,0.320
164.9308,6.000,975.531,983.555,-4.012,-19.815,0.320
165.0283,5.000,979.187,984.414,-2.613,-15.644,0.320
165.1280,4.000,979.609,988.669,-4.530,-14.784,0.320
165.2246,2.000,963.970,1006.964,-21.497,-26.162,0.320
165.3225,1.000,973.432,1003.600,-15.084,-16.954,0.320
165.4240,-0.000,975.544,1007.511,-15.984,-15.054,0.320
165.5272,-2.000,958.989,1024.506,-32.758,-26.217,0.320
165.6249,-3.000,966.691,1019.337,-26.323,-16.966,0.320
165.7268,-4.000,966.434,1020.907,-27.236,-15.056,0.320
165.8236,-4.000,980.420,1011.038,-15.309,-3.107,0.320
165.9309,-5.000,968.332,1022.786,-27.227,-12.197,0.320
166.0288,-6.000,963.057,1026.930,-31.936,-14.072,0.320
166.1329,-7.000,958.931,1029.256,-35.163,-14.459,0.320
166.2219,-7.000,971.102,1018.554,-23.726,-2.984,0.320
166.3318,-7.000,974.056,1016.850,-21.397,-0.616,0.320
166.4236,-6.000,988.317,1001.491,-6.587,11.429,0.320
166.5317,-6.000,980.247,1011.628,-15.691,2.358,0.320
166.6290,-6.000,979.220,1014.411,-17.596,0.487,0.320
166.7278,-7.000,963.265,1028.019,-32.377,-11.455,0.320
166.8309,-6.000,986.101,1004.028,-8.963,9.192,0.320
166.9288,-6.000,979.782,1012.366,-16.292,1.897,0.320
167.0259,-5.000,992.382,999.321,-3.470,11.947,0.320
167.1270,-4.000,997.464,994.701,1.382,14.021,0.320
167.2249,-4.000,988.011,1007.548,-9.768,2.893,0.320
167.3227,-3.000,1000.415,995.867,2.274,12.153,0.320
167.4246,-3.000,992.561,1007.336,-7.388,2.508,0.320
167.5238,-3.000,992.091,1010.880,-9.395,0.517,0.320
167.6214,-3.000,992.969,1012.614,-9.822,0.107,0.320
167.7306,-3.000,993.978,1013.825,-9.924,0.022,0.320
167.8205,-4.000,978.606,1027.244,-24.319,-11.551,0.320
167.9303,-4.000,988.421,1018.769,-15.174,-2.384,0.320
168.0265,-4.000,990.860,1017.470,-13.305,-0.492,0.320
168.1234,-3.000,1004.994,1002.145,1.424,11.454,0.320
168.2230,-3.000,996.880,1012.245,-7.683,2.364,0.320
168.3241,-3.000,995.832,1014.983,-9.575,0.488,0.320
168.4259,-2.000,1009.427,1000.663,4.382,11.656,0.320
168.5271,-2.000,1001.357,1011.117,-4.880,2.405,0.320
168.6252,-1.000,1013.731,998.610,7.561,12.052,0.320
168.7258,-1.000,1005.604,1009.624,-2.010,2.487,0.320
168.8260,-2.000,988.570,1025.271,-18.350,-11.042,0.320
168.9227,-2.000,998.234,1017.429,-9.598,-2.279,0.320
169.0213,-2.000,1000.805,1016.406,-7.801,-0.470,0.320
169.1223,-1.000,1015.106,1001.261,6.923,11.459,0.320
169.2240,-1.000,1007.148,1011.502,-2.177,2.364,0.320
169.3216,-1.000,1006.236,1014.354,-4.059,0.488,0.320
169.4246,-0.000,1019.949,1000.131,9.909,11.656,0.320
169.5241,-0.000,1011.981,1010.665,0.658,2.405,0.320
169.6224,-0.000,1011.162,1013.664,-1.251,0.496,0.320
169.7218,-0.000,1011.695,1014.985,-1.645,0.102,0.320
169.8220,-0.000,1012.402,1015.854,-1.726,0.021,0.320
169.9298,1.000,1025.496,1000.259,12.618,11.560,0.320
170.0212,2.000,1029.205,993.584,17.811,13.941,0.320
170.1252,3.000,1030.833,988.596,21.119,14.432,0.320
170.2220,4.000,1031.909,983.824,24.042,14.534,0.320
170.3221,4.000,1020.325,995.265,12.530,2.999,0.320
170.4197,5.000,1030.348,981.281,24.534,12.174,0.320
170.5260,5.000,1020.531,990.732,14.899,2.512,0.320
170.6247,5.000,1018.409,992.542,12.934,0.518,0.320
170.7225,6.000,1030.334,976.512,26.911,11.663,0.320
170.8234,6.000,1020.867,985.490,17.689,2.407,0.320
170.9253,6.000,1018.783,987.158,15.813,0.497,0.320
171.0247,6.000,1018.246,987.342,15.452,0.102,0.320
171.1231,6.000,1018.048,987.239,15.404,0.021,0.320
171.2229,6.000,1017.937,987.095,15.421,0.004,0.320
171.3208,5.000,1002.418,1000.237,1.090,-11.555,0.320
171.4227,5.000,1012.106,991.529,10.289,-2.384,0.320
171.5240,5.000,1014.442,990.025,12.209,-0.492,0.320
171.6250,5.000,1015.215,989.960,12.627,-0.102,0.320
171.7221,5.000,1015.624,990.152,12.736,-0.021,0.320
171.8207,4.000,1000.483,1003.644,-1.581,-11.560,0.320
171.9297,4.000,1010.479,995.247,7.616,-2.385,0.320
172.0277,4.000,1013.074,994.011,9.532,-0.492,0.320
172.1189,3.000,998.624,1007.456,-4.416,-11.657,0.320
172.2225,3.000,1008.965,999.261,4.852,-2.405,0.320
172.3244,3.000,1011.803,998.247,6.778,-0.496,0.320
172.4217,2.000,997.548,1011.892,-7.172,-11.658,0.320
172.5195,2.000,1008.052,1003.870,2.091,-2.406,0.320
172.6283,2.000,1011.027,1003.004,4.012,-0.496,0.320
172.7190,2.000,1012.329,1003.495,4.417,-0.102,0.320
172.8281,2.000,1013.183,1004.165,4.509,-0.021,0.320
172.9273,2.000,1013.859,1004.785,4.537,-0.004,0.320
173.0255,2.000,1014.424,1005.321,4.552,-0.001,0.320
173.1251,2.000,1014.904,1005.777,4.564,-0.000,0.320
173.2260,2.000,1015.313,1006.163,4.575,-0.000,0.320
173.3259,2.000,1015.663,1006.490,4.586,-0.000,0.320
173.4242,2.000,1015.961,1006.766,4.598,-0.000,0.320
173.5227,2.000,1016.217,1006.999,4.609,-0.000,0.320
173.6227,1.000,1000.995,1020.477,-9.741,-11.556,0.320
173.7194,1.000,1010.930,1012.059,-0.564,-2.384,0.320
173.8201,-0.000,998.031,1024.087,-13.028,-12.048,0.320
173.9212,-1.000,992.442,1028.096,-17.827,-14.042,0.320
174.0233,-1.000,1004.409,1017.786,-6.689,-2.897,0.320
174.1233,-2.000,991.126,1028.638,-18.756,-12.153,0.320
174.2224,-2.000,1001.227,1019.470,-9.121,-2.508,0.320
174.3222,-3.000,987.322,1030.328,-21.503,-12.073,0.320
174.4208,-4.000,980.811,1033.410,-26.300,-14.047,0.320
174.5273,-4.000,991.979,1022.326,-15.174,-2.899,0.320
174.6270,-4.000,994.293,1020.084,-12.896,-0.598,0.320
174.7288,-5.000,978.495,1032.104,-26.805,-11.679,0.320
174.8294,-5.000,987.630,1022.757,-17.564,-2.410,0.320
174.9273,-6.000,973.143,1033.223,-30.040,-12.053,0.320
175.0278,-6.000,982.467,1023.482,-20.508,-2.487,0.320
175.1249,-6.000,984.230,1021.365,-18.568,-0.513,0.320
175.2248,-7.000,968.171,1033.282,-32.555,-11.661,0.320
175.3228,-7.000,977.127,1023.805,-23.339,-2.406,0.320
175.4224,-8.000,962.496,1034.155,-35.830,-12.052,0.320
175.5230,-8.000,971.696,1024.315,-26.309,-2.487,0.320
175.6217,-8.000,973.353,1022.114,-24.380,-0.513,0.320
175.7214,-9.000,957.203,1033.961,-38.379,-11.661,0.320
175.8210,-10.000,949.798,1036.869,-43.535,-13.962,0.320
175.9194,-10.000,960.412,1025.433,-32.511,-2.881,0.320
176.0190,-11.000,946.012,1035.294,-44.641,-12.150,0.320
176.1280,-11.000,955.164,1025.284,-35.060,-2.507,0.320
176.2269,-11.000,956.728,1022.991,-33.132,-0.517,0.320
176.3275,-11.000,956.767,1022.332,-32.783,-0.107,0.320
176.4279,-11.000,956.526,1022.045,-32.760,-0.022,0.320
176.5179,-11.000,956.258,1021.866,-32.804,-0.005,0.320
176.6265,-10.000,969.291,1006.292,-18.501,11.555,0.320
176.7247,-10.000,960.485,1015.938,-27.727,2.384,0.320
176.8239,-10.000,958.893,1018.244,-29.675,0.492,0.320
176.9250,-9.000,972.032,1003.553,-15.761,11.657,0.320
177.0240,-9.000,963.570,1013.695,-25.063,2.405,0.320
177.1224,-9.000,962.324,1016.368,-27.022,0.496,0.320
177.2210,-8.000,975.768,1001.978,-13.105,11.658,0.320
177.3170,-7.000,980.850,996.932,-8.041,13.961,0.320
177.4180,-7.000,971.246,1009.567,-19.161,2.881,0.320
177.5190,-6.000,983.489,997.739,-7.125,12.150,0.320
177.6200,-6.000,975.489,1009.093,-16.802,2.507,0.320
177.7210,-4.000,1001.453,981.659,9.897,23.628,0.320
177.8222,-5.000,968.773,1015.251,-23.239,-6.680,0.320
177.9211,-5.000,975.933,1011.864,-17.966,-1.378,0.320
178.0209,-4.000,991.884,996.961,-2.538,11.271,0.320
178.1229,-3.000,998.143,992.433,2.855,13.881,0.320
178.2218,-3.000,989.345,1005.703,-8.179,2.864,0.320
178.3208,-2.000,1002.236,994.452,3.892,12.147,0.320
178.4185,-1.000,1008.063,990.859,8.602,14.062,0.320
178.5171,-1.000,999.347,1004.475,-2.564,2.902,0.320
178.6172,-1.000,999.121,1008.866,-4.872,0.599,0.320
178.7265,-1.000,1000.410,1011.116,-5.353,0.124,0.320
178.8227,-1.000,1001.811,1012.724,-5.457,0.025,0.320
178.9224,-1.000,1003.064,1014.029,-5.483,0.005,0.320
179.0210,-1.000,1004.141,1015.126,-5.493,0.001,0.320
179.1198,-0.000,1018.339,1000.615,8.862,11.556,0.320
179.2171,1.000,1022.977,994.872,14.052,13.940,0.320
179.3166,1.000,1012.949,1006.961,2.994,2.877,0.320
179.4167,2.000,1023.988,993.832,15.078,12.149,0.320
179.5180,2.000,1014.970,1004.076,5.447,2.507,0.320
179.6191,2.000,1013.512,1006.575,3.469,0.517,0.320
179.7192,1.000,998.114,1020.698,-11.292,-11.449,0.320
179.8192,2.000,1020.605,996.282,12.161,9.193,0.320
179.9176,3.000,1026.443,987.969,19.237,13.453,0.320
180.0274,4.000,1028.673,982.795,22.939,14.331,0.320
180.1250,5.000,1030.011,978.115,25.948,14.513,0.320
180.2220,6.000,1031.041,973.403,28.819,14.550,0.320
180.3258,7.000,1031.904,968.572,31.666,14.558,0.320
180.4253,6.000,1004.761,993.181,5.790,-8.552,0.320
180.5261,6.000,1012.005,986.784,12.611,-1.765,0.320
180.6262,6.000,1013.799,985.709,14.045,-0.364,0.320
180.7241,6.000,1014.427,985.692,14.367,-0.075,0.320
180.8226,6.000,1014.780,985.859,14.460,-0.016,0.320
180.9201,8.000,1039.929,953.472,43.229,23.108,0.320
181.0205,9.000,1033.999,955.409,39.295,16.324,0.320
181.1189,10.000,1033.339,951.836,40.751,14.924,0.320
181.2160,11.000,1033.692,947.044,43.324,14.635,0.320
181.3251,11.000,1021.752,958.212,31.770,3.020,0.320
181.4225,11.000,1019.089,960.218,29.435,0.623,0.320
181.5214,11.000,1018.377,960.372,29.002,0.129,0.320
181.6264,11.000,1018.099,960.175,28.962,0.027,0.320
181.7236,11.000,1017.938,959.933,29.002,0.005,0.320
181.8231,10.000,1002.382,972.986,14.698,-11.554,0.320
181.9207,10.000,1012.045,964.196,23.925,-2.384,0.320
182.0211,9.000,998.923,975.899,11.512,-12.048,0.320
182.1198,9.000,1009.432,967.185,21.124,-2.486,0.320
182.2197,8.000,996.777,979.205,8.786,-12.069,0.320
182.3177,8.000,1007.630,970.812,18.409,-2.490,0.320
182.4170,8.000,1010.697,969.837,20.430,-0.514,0.320
182.5153,8.000,1012.038,970.273,20.883,-0.106,0.320
182.6241,7.000,997.482,984.181,6.651,-11.577,0.320
182.7230,7.000,1007.934,976.177,15.878,-2.389,0.320
182.8222,6.000,995.468,988.564,3.452,-12.049,0.320
182.9245,6.000,1006.531,980.434,13.048,-2.486,0.320
183.0233,6.000,1009.784,979.674,15.055,-0.513,0.320
183.1227,5.000,995.843,993.574,1.135,-11.661,0.320
183.2205,4.000,991.168,999.055,-3.943,-13.962,0.320
183.3191,4.000,1004.113,989.794,7.160,-2.881,0.320
183.4211,4.000,1007.988,989.050,9.469,-0.594,0.320
183.5188,4.000,1009.813,989.887,9.963,-0.123,0.320
183.6230,4.000,1011.064,990.899,10.083,-0.025,0.320
183.7229,4.000,1012.068,991.818,10.125,-0.005,0.320
183.8212,3.000,997.471,1005.890,-4.209,-11.557,0.320
183.9184,3.000,1007.937,997.978,4.979,-2.385,0.320
184.0180,2.000,995.490,1010.435,-7.472,-12.048,0.320
184.1159,2.000,1006.567,1002.367,2.100,-2.486,0.320
184.2167,2.000,1009.831,1001.661,4.085,-0.513,0.320
184.3240,2.000,1011.336,1002.330,4.503,-0.106,0.320
184.4220,1.000,996.914,1016.440,-9.763,-11.577,0.320
184.5219,1.000,1007.475,1008.613,-0.569,-2.389,0.320
184.6260,1.000,1010.539,1007.874,1.333,-0.493,0.320
184.7148,-0.000,996.483,1021.746,-12.632,-11.657,0.320
184.8225,-1.000,990.875,1026.357,-17.741,-13.961,0.320
184.9217,-1.000,1003.026,1016.359,-6.666,-2.881,0.320
185.0185,-1.000,1006.222,1014.993,-4.386,-0.594,0.320
185.1191,-2.000,991.185,1027.746,-18.281,-11.678,0.320
185.2232,-2.000,1000.971,1019.018,-9.023,-2.410,0.320
185.3232,-3.000,987.041,1030.007,-21.483,-12.053,0.320
185.4207,-3.000,996.840,1020.709,-11.934,-2.487,0.320
185.5165,-4.000,982.729,1031.405,-24.338,-12.069,0.320
185.6184,-4.000,992.333,1021.898,-14.782,-2.490,0.320
185.7202,-5.000,978.048,1032.427,-27.189,-12.069,0.320
185.8205,-5.000,987.502,1022.779,-17.639,-2.491,0.320
185.9185,-5.000,989.369,1020.748,-15.690,-0.514,0.320
186.0182,-5.000,989.678,1020.299,-15.310,-0.106,0.320
186.1159,-5.000,989.675,1020.183,-15.254,-0.022,0.320
186.2241,-5.000,989.614,1020.143,-15.265,-0.005,0.320
186.3146,-5.000,989.547,1020.125,-15.289,-0.001,0.320
186.4140,-5.000,989.483,1020.115,-15.316,-0.000,0.320
186.5219,-6.000,973.143,1032.553,-29.705,-11.556,0.320
186.6217,-7.000,965.841,1035.699,-34.929,-13.940,0.320
186.7218,-9.000,944.036,1049.290,-52.627,-25.988,0.320
186.8214,-10.000,947.839,1040.666,-46.413,-16.918,0.320
186.9195,-10.000,960.661,1026.746,-33.042,-3.491,0.320
187.0207,-10.000,962.909,1023.565,-30.328,-0.720,0.320
187.1150,-10.000,963.028,1022.652,-29.812,-0.149,0.320
187.2160,-9.000,976.034,1006.812,-15.389,11.525,0.320
187.3159,-9.000,967.133,1016.304,-24.586,2.378,0.320
187.4137,-9.000,965.446,1018.493,-26.524,0.491,0.320
187.5234,-8.000,978.501,1003.705,-12.602,11.657,0.320
187.6223,-7.000,983.249,998.324,-7.537,13.961,0.320
187.7130,-6.000,986.642,995.233,-4.296,14.436,0.320
187.8140,-5.000,990.060,992.911,-1.426,14.534,0.320
187.9230,-4.000,993.744,990.999,1.372,14.555,0.320
188.0150,-4.000,984.423,1004.826,-10.201,3.003,0.320
188.1139,-3.000,997.214,993.706,1.754,12.175,0.320
188.2143,-2.000,1003.025,990.155,6.435,14.068,0.320
188.3148,-1.000,1007.590,988.350,9.620,14.458,0.320
188.4150,-1.000,998.783,1002.504,-1.861,2.983,0.320
188.5131,-1.000,998.682,1007.150,-4.234,0.616,0.320
188.6239,-1.000,1000.119,1009.576,-4.728,0.127,0.320
188.7221,-2.000,985.373,1023.765,-19.196,-11.529,0.320
188.8199,-2.000,995.776,1015.889,-10.057,-2.379,0.320
188.9176,-2.000,998.727,1015.086,-8.180,-0.491,0.320
189.0194,-3.000,983.737,1028.062,-22.162,-11.657,0.320
189.1174,-3.000,993.616,1019.471,-12.928,-2.405,0.320
189.2156,-3.000,996.055,1018.126,-11.036,-0.496,0.320
189.3180,-3.000,996.898,1018.214,-10.658,-0.102,0.320
189.4168,-2.000,1010.639,1003.104,3.767,11.534,0.320
189.5156,-2.000,1002.391,1013.188,-5.398,2.380,0.320
189.6151,-2.000,1001.272,1015.869,-7.298,0.491,0.320
189.7132,-1.000,1014.815,1001.492,6.662,11.657,0.320
189.8222,-1.000,1006.704,1011.895,-2.595,2.405,0.320
189.9140,-1.000,1005.763,1014.783,-4.510,0.496,0.320
190.0139,-1.000,1006.192,1016.011,-4.910,0.102,0.320
190.1218,-1.000,1006.808,1016.801,-4.996,0.021,0.320
190.2201,-1.000,1007.384,1017.422,-5.019,0.004,0.320
190.3181,-0.000,1021.165,1002.498,9.333,11.556,0.320
190.4212,-0.000,1013.007,1012.684,0.161,2.385,0.320
190.5231,1.000,1024.418,999.158,12.630,12.048,0.320
190.6131,2.000,1027.904,993.033,17.435,14.042,0.320
190.7124,2.000,1017.149,1004.545,6.302,2.897,0.320
190.8198,2.000,1015.183,1007.155,4.014,0.598,0.320
190.9220,2.000,1014.993,1007.892,3.551,0.123,0.320
191.0222,2.000,1015.139,1008.211,3.464,0.025,0.320
191.1120,2.000,1015.327,1008.418,3.455,0.005,0.320
191.2202,3.000,1027.944,992.297,17.823,11.557,0.320
191.3183,4.000,1031.240,985.182,23.029,13.940,0.320
191.4212,4.000,1020.076,996.101,11.988,2.877,0.320
191.5213,5.000,1030.152,981.976,24.088,12.149,0.320
191.6190,6.000,1032.759,975.088,28.835,14.063,0.320
191.7171,6.000,1021.312,985.896,17.708,2.902,0.320
191.8150,7.000,1031.212,971.612,29.800,12.154,0.320
191.9126,7.000,1021.242,980.856,20.193,2.508,0.320
192.0129,7.000,1018.982,982.499,18.242,0.518,0.320
192.1122,7.000,1018.348,982.608,17.870,0.107,0.320
192.2114,8.000,1030.521,966.150,32.186,11.578,0.320
192.3219,8.000,1021.056,974.972,23.042,2.389,0.320
192.4193,8.000,1018.931,976.550,21.191,0.493,0.320
192.5120,9.000,1030.794,960.383,35.205,11.657,0.320
192.6153,9.000,1021.263,969.255,26.004,2.405,0.320
192.7140,9.000,1019.124,970.834,24.145,0.496,0.320
192.8119,9.000,1018.543,970.940,23.802,0.102,0.320
192.9200,9.000,1018.310,970.768,23.771,0.021,0.320
193.0196,9.000,1018.171,970.563,23.804,0.004,0.320
193.1209,9.000,1018.072,970.369,23.851,0.001,0.320
193.2211,9.000,1017.997,970.196,23.901,0.000,0.320
193.3213,9.000,1017.942,970.040,23.951,0.000,0.320
193.4196,9.000,1017.903,969.900,24.002,0.000,0.320
193.5151,8.000,1002.436,983.054,9.691,-11.556,0.320
193.6122,8.000,1012.169,974.355,18.907,-2.384,0.320
193.7115,9.000,1026.987,956.576,35.205,11.064,0.320
193.8203,9.000,1018.498,965.548,26.475,2.283,0.320
193.9110,8.000,1001.501,980.796,10.352,-11.084,0.320
194.0200,8.000,1011.100,972.711,19.194,-2.287,0.320
194.1171,7.000,998.162,984.775,6.693,-12.028,0.320
194.2159,6.000,993.434,989.600,1.917,-14.037,0.320
194.3199,6.000,1006.150,979.967,13.091,-2.897,0.320
194.4195,5.000,994.351,992.226,1.063,-12.153,0.320
194.5179,5.000,1005.720,984.248,10.736,-2.508,0.320
194.6191,5.000,1009.180,983.671,12.755,-0.517,0.320
194.7191,4.000,995.402,997.738,-1.168,-11.662,0.320
194.8181,4.000,1006.304,990.083,8.110,-2.407,0.320
194.9163,3.000,994.175,1002.812,-4.319,-12.052,0.320
195.0142,2.000,990.071,1008.266,-9.098,-14.043,0.320
195.1102,2.000,1003.300,999.184,2.058,-2.898,0.320
195.2201,2.000,1007.374,998.635,4.369,-0.598,0.320
195.3102,1.000,993.917,1012.929,-9.506,-11.679,0.320
195.4200,1.000,1005.047,1005.510,-0.232,-2.410,0.320
195.5186,-0.000,993.101,1018.450,-12.674,-12.053,0.320
195.6172,-1.000,988.308,1023.248,-17.470,-14.043,0.320
195.7165,-1.000,1000.950,1013.611,-6.330,-2.898,0.320
195.8176,-2.000,988.239,1025.034,-18.397,-12.153,0.320
195.9162,-2.000,998.827,1016.353,-8.763,-2.508,0.320
196.0164,-2.000,1001.617,1015.185,-6.784,-0.517,0.320
196.1172,-2.000,1002.705,1015.474,-6.384,-0.107,0.320
196.2154,-2.000,1003.364,1015.986,-6.311,-0.022,0.320
196.3128,-2.000,1003.868,1016.477,-6.305,-0.005,0.320
196.4113,-2.000,1004.283,1016.908,-6.312,-0.001,0.320
196.5200,-2.000,1004.632,1017.278,-6.323,-0.000,0.320
196.6101,-2.000,1004.927,1017.594,-6.334,-0.000,0.320
196.7201,-2.000,1005.176,1017.865,-6.345,-0.000,0.320
196.8096,-1.000,1018.666,1002.656,8.005,11.556,0.320
196.9192,-2.000,993.978,1025.044,-15.533,-9.171,0.320
197.0131,-3.000,985.487,1030.740,-22.626,-13.448,0.320
197.1131,-3.000,996.455,1020.395,-11.970,-2.775,0.320
197.2103,-3.000,998.906,1018.475,-9.785,-0.573,0.320
197.3141,-3.000,999.569,1018.262,-9.347,-0.118,0.320
197.4126,-3.000,999.837,1018.377,-9.270,-0.024,0.320
197.5139,-4.000,983.721,1030.978,-23.629,-11.561,0.320
197.6127,-4.000,992.880,1021.832,-14.476,-2.386,0.320
197.7116,-4.000,994.757,1019.967,-12.605,-0.492,0.320
197.8132,-4.000,995.130,1019.603,-12.237,-0.102,0.320
197.9141,-4.000,995.192,1019.549,-12.179,-0.021,0.320
198.0120,-5.000,978.908,1031.999,-26.545,-11.560,0.320
198.1152,-5.000,987.925,1022.723,-17.399,-2.385,0.320
198.2161,-5.000,989.681,1020.748,-15.534,-0.492,0.320
198.3172,-5.000,989.950,1020.292,-15.171,-0.102,0.320
198.4162,-5.000,989.923,1020.161,-15.119,-0.021,0.320
198.5158,-6.000,973.563,1032.546,-29.491,-11.560,0.320
198.6155,-6.000,982.515,1023.215,-20.350,-2.385,0.320
198.7156,-6.000,984.214,1021.195,-18.491,-0.492,0.320
198.8142,-6.000,984.434,1020.701,-18.134,-0.102,0.320
198.9152,-6.000,984.365,1020.538,-18.087,-0.021,0.320
199.0133,-5.000,997.530,1005.015,-3.742,11.551,0.320
199.1105,-5.000,988.832,1014.708,-12.938,2.384,0.320
199.2092,-5.000,987.336,1017.052,-14.858,0.492,0.320
199.3101,-4.000,1000.559,1002.389,-0.915,11.657,0.320
199.4101,-4.000,992.172,1012.550,-10.189,2.405,0.320
199.5092,-3.000,1004.277,999.795,2.241,12.052,0.320
199.6101,-3.000,995.918,1010.601,-7.341,2.487,0.320
199.7120,-2.000,1008.249,998.190,5.030,12.069,0.320
199.8122,-2.000,1000.125,1009.245,-4.560,2.490,0.320
199.9124,-1.000,1012.665,997.038,7.813,12.069,0.320
200.0112,-1.000,1004.722,1008.264,-1.771,2.491,0.320
200.1191,-0.000,1017.415,996.200,10.608,12.069,0.320
200.2170,-0.000,1009.604,1007.546,1.029,2.491,0.320
200.3181,-0.000,1009.130,1011.026,-0.948,0.514,0.320
200.4088,-0.000,1010.000,1012.711,-1.356,0.106,0.320
200.5086,1.000,1023.442,997.599,12.921,11.577,0.320
200.6175,1.000,1015.050,1007.573,3.739,2.389,0.320
200.7186,1.000,1013.832,1010.135,1.848,0.493,0.320
200.8146,1.000,1014.017,1011.092,1.463,0.102,0.320
200.9118,1.000,1014.428,1011.653,1.387,0.021,0.320
201.0083,1.000,1014.830,1012.077,1.376,0.004,0.320
201.1085,1.000,1015.183,1012.426,1.378,0.001,0.320
201.2084,1.000,1015.486,1012.719,1.383,0.000,0.320
201.3181,1.000,1015.745,1012.967,1.389,0.000,0.320
201.4192,1.000,1015.966,1013.177,1.394,0.000,0.320
201.5083,-0.000,1000.713,1026.636,-12.961,-11.556,0.320
201.6087,-0.000,1010.622,1018.202,-3.790,-2.384,0.320
201.7089,-1.000,996.861,1029.378,-16.259,-12.048,0.320
201.8111,-1.000,1006.817,1020.223,-6.703,-2.486,0.320
201.9090,-2.000,992.845,1031.038,-19.097,-12.069,0.320
202.0112,-3.000,986.288,1034.070,-23.891,-14.046,0.320
202.1094,-3.000,997.421,1022.941,-12.760,-2.898,0.320
202.2183,-3.000,999.706,1020.659,-10.476,-0.598,0.320
202.3154,-3.000,1000.165,1020.203,-10.019,-0.123,0.320
202.4171,-3.000,1000.248,1020.123,-9.937,-0.025,0.320
202.5174,-3.000,1000.252,1020.120,-9.934,-0.005,0.320
202.6148,-2.000,1013.522,1004.693,4.414,11.554,0.320
202.7124,-2.000,1004.923,1014.457,-4.767,2.384,0.320
202.8118,-3.000,987.234,1029.297,-21.032,-11.064,0.320
202.9143,-2.000,1009.568,1005.381,2.093,9.273,0.320
203.0140,-3.000,986.744,1026.020,-19.638,-9.642,0.320
203.1103,-3.000,994.951,1018.956,-12.002,-1.990,0.320
203.2084,-2.000,1010.281,1002.439,3.921,11.145,0.320
203.3172,-2.000,1002.419,1012.290,-4.935,2.300,0.320
203.4159,-2.000,1001.428,1014.972,-6.772,0.475,0.320
203.5148,-1.000,1015.041,1000.638,7.201,11.653,0.320
203.6132,-2.000,990.698,1023.526,-16.414,-9.151,0.320
203.7107,-1.000,1012.113,1001.716,5.198,9.667,0.320
203.8112,-1.000,1005.766,1010.725,-2.480,1.995,0.320
203.9090,-1.000,1005.310,1013.446,-4.068,0.412,0.320
204.0078,-1.000,1005.939,1014.741,-4.401,0.085,0.320
204.1154,-0.000,1019.965,1000.190,9.887,11.573,0.320
204.2151,-0.000,1012.058,1010.653,0.702,2.388,0.320
204.3116,-0.000,1011.248,1013.634,-1.193,0.493,0.320
204.4091,-0.000,1011.780,1014.947,-1.584,0.102,0.320
204.5086,-0.000,1012.483,1015.812,-1.665,0.021,0.320
204.6086,-0.000,1013.133,1016.496,-1.681,0.004,0.320
204.7091,-0.000,1013.697,1017.066,-1.685,0.001,0.320
204.8073,-1.000,997.896,1029.989,-16.047,-11.555,0.320
204.9147,-1.000,1007.339,1021.102,-6.881,-2.384,0.320
205.0148,-1.000,1009.462,1019.451,-4.994,-0.492,0.320
205.1162,-0.000,1023.328,1003.825,9.752,11.454,0.320
205.2155,-0.000,1014.990,1013.668,0.661,2.364,0.320
205.3138,-0.000,1013.754,1016.183,-1.215,0.488,0.320
205.4116,-0.000,1013.910,1017.114,-1.602,0.101,0.320
205.5122,-0.000,1014.293,1017.656,-1.682,0.021,0.320
205.6129,-0.000,1014.669,1018.065,-1.698,0.004,0.320
205.7129,-0.000,1014.999,1018.402,-1.702,0.001,0.320
205.8126,-0.000,1015.282,1018.687,-1.702,0.000,0.320
205.9142,1.000,1027.965,1002.647,12.659,11.556,0.320
206.0133,1.000,1018.872,1011.885,3.493,2.384,0.320
206.1173,1.000,1017.047,1013.834,1.606,0.492,0.320
206.2151,2.000,1029.156,997.991,15.583,11.657,0.320
206.3123,2.000,1019.829,1007.144,6.342,2.405,0.320
206.4131,3.000,1030.298,992.687,18.806,12.052,0.320
206.5118,3.000,1020.555,1002.040,9.257,2.487,0.320
206.6101,3.000,1018.432,1003.831,7.300,0.513,0.320
206.7077,3.000,1017.901,1004.081,6.910,0.106,0.320
206.8102,3.000,1017.714,1004.028,6.843,0.022,0.320
206.9112,3.000,1017.611,1003.927,6.842,0.005,0.320
207.0122,3.000,1017.538,1003.827,6.855,0.001,0.320
207.1142,3.000,1017.481,1003.738,6.871,0.000,0.320
207.2141,3.000,1017.435,1003.659,6.888,0.000,0.320
207.3130,3.000,1017.398,1003.589,6.905,0.000,0.320
207.4130,3.000,1017.370,1003.527,6.922,0.000,0.320
207.5151,3.000,1017.348,1003.472,6.938,0.000,0.320
207.6131,2.000,1001.891,1016.703,-7.406,-11.556,0.320
207.7108,2.000,1011.628,1008.075,1.776,-2.384,0.320
207.8109,2.000,1014.003,1006.643,3.680,-0.492,0.320
207.9117,2.000,1014.805,1006.642,4.082,-0.102,0.320
208.0133,2.000,1015.237,1006.890,4.173,-0.021,0.320
208.1141,2.000,1015.554,1007.152,4.201,-0.004,0.320
208.2152,2.000,1015.815,1007.383,4.216,-0.001,0.320
208.3133,2.000,1016.036,1007.580,4.228,-0.000,0.320
208.4141,2.000,1016.225,1007.746,4.239,-0.000,0.320
208.5135,2.000,1016.387,1007.886,4.250,-0.000,0.320
208.6112,2.000,1016.527,1008.003,4.262,-0.000,0.320
208.7080,2.000,1016.647,1008.101,4.273,-0.000,0.320
208.8083,2.000,1016.751,1008.183,4.284,-0.000,0.320
208.9159,1.000,1001.400,1021.532,-10.066,-11.556,0.320
209.0149,1.000,1011.225,1013.004,-0.889,-2.384,0.320
209.1143,1.000,1013.675,1011.658,1.009,-0.492,0.320
209.2109,-0.000,999.099,1025.012,-12.956,-11.657,0.320
209.3103,-0.000,1009.331,1016.741,-3.705,-2.405,0.320
209.4108,-0.000,1012.074,1015.665,-1.796,-0.496,0.320
209.5123,-1.000,996.895,1028.421,-15.763,-11.658,0.320
209.6102,-1.000,1006.612,1019.644,-6.516,-2.406,0.320
209.7079,-2.000,992.634,1030.581,-18.974,-12.052,0.320
209.8155,-2.000,1002.396,1021.235,-9.420,-2.487,0.320
209.9151,-3.000,988.254,1031.890,-21.818,-12.069,0.320
210.0140,-3.000,997.833,1022.347,-12.257,-2.490,0.320
210.1124,-3.000,999.808,1020.403,-10.297,-0.514,0.320
210.2100,-4.000,983.931,1032.466,-24.267,-11.662,0.320
210.3070,-4.000,993.043,1023.112,-15.034,-2.406,0.320
210.4060,-5.000,978.547,1033.563,-27.508,-12.052,0.320
210.5054,-5.000,987.865,1023.806,-17.971,-2.487,0.320
210.6132,-5.000,989.624,1021.674,-16.025,-0.513,0.320
210.7122,-5.000,989.845,1021.136,-15.646,-0.106,0.320
210.8129,-5.000,989.766,1020.946,-15.590,-0.022,0.320
210.9115,-5.000,989.641,1020.842,-15.601,-0.005,0.320
211.0116,-5.000,989.519,1020.769,-15.625,-0.001,0.320
211.1127,-6.000,973.128,1033.155,-30.013,-11.556,0.320
211.2113,-6.000,982.063,1023.815,-20.876,-2.385,0.320
211.3132,-6.000,983.750,1021.784,-19.017,-0.492,0.320
211.4134,-6.000,983.961,1021.281,-18.660,-0.102,0.320
211.5132,-6.000,983.884,1021.110,-18.613,-0.021,0.320
211.6107,-7.000,967.480,1033.462,-32.991,-11.560,0.320
211.7099,-7.000,976.393,1024.105,-23.856,-2.385,0.320
211.8123,-7.000,978.059,1022.063,-22.002,-0.492,0.320
211.9133,-7.000,978.250,1021.551,-21.650,-0.102,0.320
212.0142,-7.000,978.155,1021.373,-21.609,-0.021,0.320
212.1122,-7.000,978.017,1021.280,-21.632,-0.004,0.320
212.2121,-6.000,991.164,1005.776,-7.306,11.555,0.320
212.3090,-6.000,982.458,1015.479,-16.510,2.384,0.320
212.4112,-6.000,980.956,1017.828,-18.436,0.492,0.320
212.5104,-5.000,994.173,1003.171,-4.499,11.657,0.320
212.6076,-4.000,999.063,997.898,0.583,13.961,0.320
212.7090,-4.000,989.297,1010.337,-10.520,2.881,0.320
212.8066,-3.000,1001.406,998.341,1.532,12.150,0.320
212.9072,-3.000,993.294,1009.548,-8.127,2.507,0.320
213.0051,-2.000,1005.884,997.430,4.227,12.073,0.320
213.1053,-2.000,997.992,1008.723,-5.366,2.491,0.320
213.2062,-1.000,1010.730,996.715,7.007,12.070,0.320
213.3060,-0.000,1016.237,992.669,11.784,14.046,0.320
213.4043,1.000,1019.651,989.657,14.997,14.454,0.320
213.5085,1.000,1009.856,1002.793,3.531,2.983,0.320
213.6086,2.000,1021.356,990.294,15.531,12.171,0.320
213.7073,2.000,1012.783,1001.017,5.883,2.511,0.320
213.8051,2.000,1011.715,1003.913,3.901,0.518,0.320
213.9041,2.000,1012.091,1005.090,3.501,0.107,0.320
214.0062,2.000,1012.678,1005.824,3.427,0.022,0.320
214.1053,2.000,1013.233,1006.392,3.421,0.005,0.320
214.2050,2.000,1013.717,1006.861,3.428,0.001,0.320
214.3133,2.000,1014.133,1007.256,3.439,0.000,0.320
214.4153,2.000,1014.489,1007.590,3.450,0.000,0.320
214.5143,3.000,1027.234,991.590,17.822,11.556,0.320
214.6153,3.000,1018.197,1000.862,8.668,2.384,0.320
214.7040,3.000,1016.421,1002.837,6.792,0.492,0.320
214.8035,3.000,1016.132,1003.295,6.418,0.102,0.320
214.9152,2.000,1000.699,1016.712,-8.007,-11.535,0.320
215.0131,2.000,1010.507,1008.189,1.159,-2.380,0.320
215.1123,2.000,1012.954,1006.836,3.059,-0.491,0.320
215.2132,2.000,1013.820,1006.899,3.460,-0.101,0.320
215.3095,1.000,998.865,1020.484,-10.809,-11.576,0.320
215.4064,1.000,1008.976,1012.208,-1.616,-2.389,0.320
215.5053,1.000,1011.658,1011.087,0.285,-0.493,0.320
215.6142,-0.000,997.276,1024.634,-13.679,-11.657,0.320
215.7121,-0.000,1007.674,1016.528,-4.427,-2.405,0.320
215.8131,-1.000,994.276,1028.034,-16.879,-12.052,0.320
215.9112,-1.000,1004.531,1019.170,-7.320,-2.487,0.320
216.0094,-2.000,990.809,1030.234,-19.713,-12.069,0.320
216.1072,-2.000,1000.747,1021.038,-10.146,-2.490,0.320
216.2072,-3.000,986.746,1031.829,-22.541,-12.069,0.320
216.3069,-2.000,1009.725,1006.961,1.382,9.065,0.320
216.4039,-1.000,1016.498,999.423,8.537,13.426,0.320
216.5030,-1.000,1007.011,1011.259,-2.124,2.770,0.320
216.6119,-0.000,1019.087,999.021,10.033,12.127,0.320
216.7127,1.000,1023.334,993.795,14.769,14.058,0.320
216.8134,2.000,1025.708,989.750,17.979,14.456,0.320
216.9129,3.000,1027.476,985.721,20.878,14.539,0.320
217.0132,4.000,1028.935,981.500,23.717,14.556,0.320
217.1032,5.000,1030.172,977.075,26.549,14.559,0.320
217.2053,6.000,1031.232,972.466,29.383,14.560,0.320
217.3060,6.000,1019.702,983.979,17.861,3.004,0.320
217.4042,6.000,1017.344,986.323,15.510,0.620,0.320
217.5035,6.000,1016.879,986.775,15.052,0.128,0.320
217.6038,6.000,1016.806,986.838,14.984,0.026,0.320
217.7041,6.000,1016.814,986.821,14.997,0.005,0.320
217.8061,5.000,1001.399,1000.069,0.665,-11.554,0.320
217.9044,6.000,1023.617,975.169,24.224,9.171,0.320
218.0073,6.000,1016.732,982.774,16.979,1.892,0.320
218.1093,7.000,1028.010,968.267,29.872,11.946,0.320
218.2105,8.000,1031.138,961.556,34.791,14.021,0.320
218.3020,9.000,1032.473,956.334,38.069,14.449,0.320
218.4120,9.000,1020.905,967.599,26.653,2.981,0.320
218.5090,9.000,1018.460,969.786,24.337,0.615,0.320
218.6087,9.000,1017.912,970.114,23.899,0.127,0.320
218.7093,9.000,1017.769,970.072,23.849,0.026,0.320
218.8105,9.000,1017.719,969.963,23.878,0.005,0.320
218.9103,9.000,1017.698,969.849,23.924,0.001,0.320
219.0109,9.000,1017.690,969.743,23.974,0.000,0.320
219.1022,9.000,1017.692,969.644,24.024,0.000,0.320
219.2123,9.000,1017.701,969.552,24.074,0.000,0.320
219.3022,9.000,1017.716,969.467,24.125,0.000,0.320
219.4036,9.000,1017.737,969.386,24.175,0.000,0.320
219.5032,9.000,1017.762,969.311,24.226,0.000,0.320
219.6113,9.000,1017.791,969.239,24.276,0.000,0.320
219.7086,8.000,1002.382,982.451,9.965,-11.556,0.320
219.8063,8.000,1012.164,973.802,19.181,-2.384,0.320
219.9047,8.000,1014.583,972.346,21.118,-0.492,0.320
220.0033,8.000,1015.427,972.320,21.554,-0.102,0.320
220.1018,8.000,1015.900,972.542,21.679,-0.021,0.320
220.2052,9.000,1028.699,956.495,36.102,11.551,0.320
220.3069,9.000,1019.701,965.732,26.984,2.384,0.320
220.4050,9.000,1017.961,967.675,25.143,0.492,0.320
220.5050,9.000,1017.707,968.101,24.803,0.101,0.320
220.6062,8.000,1002.309,981.485,10.412,-11.535,0.320
220.7064,8.000,1012.153,972.930,19.611,-2.380,0.320
220.8044,8.000,1014.634,971.544,21.545,-0.491,0.320
220.9012,8.000,1015.534,971.575,21.979,-0.101,0.320
221.0011,8.000,1016.055,971.846,22.105,-0.021,0.320
221.1013,7.000,1001.012,985.402,7.805,-11.560,0.320
221.2105,7.000,1011.093,977.056,17.019,-2.385,0.320
221.3009,6.000,998.322,989.142,4.590,-12.048,0.320
221.4024,6.000,1009.126,980.756,14.185,-2.486,0.320
221.5112,5.000,996.720,993.058,1.831,-12.069,0.320
221.6114,5.000,1007.781,984.908,11.437,-2.490,0.320
221.7084,4.000,995.582,997.422,-0.920,-12.069,0.320
221.8073,4.000,1006.817,989.454,8.681,-2.491,0.320
221.9072,4.000,1010.204,988.843,10.680,-0.514,0.320
222.0088,4.000,1011.815,989.593,11.111,-0.106,0.320
222.1072,3.000,997.484,1003.771,-3.144,-11.577,0.320
222.2063,3.000,1008.124,996.001,6.061,-2.389,0.320
222.3060,3.000,1011.256,995.308,7.974,-0.493,0.320
222.4032,2.000,997.259,1009.217,-5.979,-11.657,0.320
222.5039,2.000,1007.986,1001.417,3.284,-2.405,0.320
222.6112,2.000,1011.150,1000.741,5.204,-0.496,0.320
222.7104,2.000,1012.612,1001.393,5.610,-0.102,0.320
222.8091,2.000,1013.603,1002.199,5.702,-0.021,0.320
222.9082,2.000,1014.395,1002.934,5.730,-0.004,0.320
223.0055,1.000,999.617,1016.850,-8.616,-11.556,0.320
223.1062,1.000,1009.928,1008.807,0.561,-2.385,0.320
223.2076,1.000,1012.790,1007.872,2.459,-0.492,0.320
223.3072,1.000,1014.006,1008.295,2.855,-0.102,0.320
223.4095,1.000,1014.788,1008.905,2.941,-0.021,0.320
223.5103,-0.000,999.961,1022.756,-11.397,-11.560,0.320
223.6111,-0.000,1010.221,1014.667,-2.223,-2.385,0.320
223.7092,-1.000,996.755,1026.137,-14.691,-12.048,0.320
223.8058,-1.000,1006.963,1017.233,-5.135,-2.486,0.320
223.9064,-2.000,993.204,1028.261,-17.529,-12.069,0.320
224.0064,-3.000,986.829,1031.474,-22.323,-14.046,0.320
224.1075,-4.000,981.834,1032.941,-25.553,-14.454,0.320
224.2093,-4.000,993.284,1021.492,-14.104,-2.983,0.320
224.3077,-4.000,995.629,1019.148,-11.759,-0.615,0.320
224.4045,-5.000,979.815,1031.124,-25.655,-11.683,0.320
224.5025,-5.000,988.927,1021.749,-16.411,-2.411,0.320
224.6014,-5.000,990.701,1019.751,-14.525,-0.497,0.320
224.7033,-5.000,990.972,1019.290,-14.159,-0.103,0.320
224.8046,-5.000,990.945,1019.155,-14.105,-0.021,0.320
224.9008,-5.000,990.865,1019.098,-14.116,-0.004,0.320
225.0083,-5.000,990.782,1019.064,-14.141,-0.001,0.320
225.1064,-5.000,990.705,1019.042,-14.168,-0.000,0.320
225.2031,-5.000,990.635,1019.027,-14.196,-0.000,0.320
225.3046,-5.000,990.572,1019.020,-14.224,-0.000,0.320
225.4031,-5.000,990.513,1019.017,-14.252,-0.000,0.320
225.5028,-5.000,990.459,1019.019,-14.280,-0.000,0.320
225.6028,-6.000,974.128,1031.466,-28.669,-11.556,0.320
225.7003,-6.000,983.115,1022.178,-19.532,-2.384,0.320
225.8028,-6.000,984.846,1020.191,-17.673,-0.492,0.320
225.9046,-6.000,985.094,1019.725,-17.316,-0.102,0.320
226.0054,-6.000,985.048,1019.586,-17.269,-0.021,0.320
226.1034,-6.000,984.952,1019.524,-17.286,-0.004,0.320
226.2034,-6.000,984.855,1019.488,-17.316,-0.001,0.320
226.3024,-6.000,984.766,1019.464,-17.349,-0.000,0.320
226.4046,-6.000,984.684,1019.449,-17.382,-0.000,0.320
226.5024,-6.000,984.609,1019.441,-17.416,-0.000,0.320
226.6063,-6.000,984.541,1019.440,-17.450,-0.000,0.320
226.7074,-6.000,984.477,1019.444,-17.483,-0.000,0.320
226.8082,-6.000,984.419,1019.452,-17.517,-0.000,0.320
226.9068,-6.000,984.364,1019.464,-17.550,-0.000,0.320
227.0040,-5.000,997.593,1004.039,-3.223,11.556,0.320
227.1018,-5.000,988.960,1013.804,-12.422,2.384,0.320
227.2033,-5.000,987.521,1016.206,-14.342,0.492,0.320
227.3029,-4.000,1000.793,1001.593,-0.400,11.657,0.320
227.4038,-3.000,1005.730,996.356,4.687,13.961,0.320
227.5010,-2.000,1009.287,993.384,7.952,14.436,0.320
227.5999,-2.000,999.567,1006.601,-3.517,2.979,0.320
227.7017,-0.000,1025.240,979.580,22.830,23.726,0.320
227.8003,-0.000,1008.837,1000.838,4.000,4.896,0.320
227.8984,-0.000,1007.015,1006.787,0.114,1.010,0.320
227.9983,1.000,1020.408,993.061,13.674,11.764,0.320
228.1069,1.000,1012.436,1003.751,4.343,2.427,0.320
228.2056,-0.000,996.229,1020.108,-11.939,-11.055,0.320
228.3078,-0.000,1006.566,1012.898,-3.166,-2.281,0.320
228.4083,-0.000,1009.705,1012.416,-1.356,-0.471,0.320
228.5061,1.000,1023.650,996.891,13.379,11.458,0.320
228.6039,1.000,1015.390,1006.808,4.291,2.364,0.320
228.7013,1.000,1014.223,1009.383,2.420,0.488,0.320
228.8012,1.000,1014.440,1010.363,2.038,0.101,0.320
228.8992,1.000,1014.874,1010.946,1.964,0.021,0.320
229.0081,1.000,1015.296,1011.389,1.953,0.004,0.320
229.1054,1.000,1015.665,1011.755,1.955,0.001,0.320
229.2032,1.000,1015.983,1012.062,1.960,0.000,0.320
229.3028,2.000,1028.695,996.041,16.327,11.556,0.320
229.4018,2.000,1019.628,1005.295,7.167,2.384,0.320
229.5017,2.000,1017.827,1007.256,5.286,0.492,0.320
229.5998,3.000,1029.956,991.421,19.267,11.657,0.320
229.7079,3.000,1020.647,1000.582,10.033,2.405,0.320
229.8061,3.000,1018.691,1002.411,8.140,0.496,0.320
229.9063,3.000,1018.261,1002.734,7.763,0.102,0.320
230.0067,3.000,1018.150,1002.753,7.699,0.021,0.320
230.1052,3.000,1018.112,1002.714,7.699,0.004,0.320
230.2047,3.000,1018.092,1002.668,7.712,0.001,0.320
230.3023,3.000,1018.080,1002.623,7.728,0.000,0.320
230.4010,3.000,1018.073,1002.583,7.745,0.000,0.320
230.4984,2.000,1002.628,1015.827,-6.600,-11.556,0.320
230.6072,2.000,1012.375,1007.209,2.583,-2.384,0.320
230.7072,2.000,1014.759,1005.786,4.486,-0.492,0.320
230.8041,1.000,1000.127,1019.073,-9.473,-11.657,0.320
230.9022,1.000,1010.313,1010.745,-0.216,-2.405,0.320
231.0031,1.000,1013.017,1009.620,1.699,-0.496,0.320
231.1030,2.000,1026.529,993.610,16.460,11.453,0.320
231.2031,3.000,1030.330,986.846,21.742,13.919,0.320
231.3012,3.000,1019.541,998.117,10.712,2.872,0.320
231.4025,3.000,1017.483,1000.584,8.449,0.593,0.320
231.5006,3.000,1017.203,1001.211,7.996,0.122,0.320
231.6004,4.000,1029.712,985.158,22.277,11.581,0.320
231.7003,4.000,1020.537,994.321,13.108,2.390,0.320
231.8013,4.000,1018.657,996.189,11.234,0.493,0.320
231.8984,5.000,1030.725,980.272,25.226,11.657,0.320
231.9985,5.000,1021.365,989.360,16.002,2.405,0.320
232.0975,6.000,1031.809,974.845,28.482,12.052,0.320
232.1977,6.000,1022.048,984.146,18.951,2.487,0.320
232.2996,6.000,1019.912,985.891,17.011,0.513,0.320
232.4008,6.000,1019.372,986.098,16.637,0.106,0.320
232.5008,5.000,1003.739,999.288,2.225,-11.534,0.320
232.6009,5.000,1013.383,990.568,11.407,-2.380,0.320
232.7017,5.000,1015.692,989.044,13.324,-0.491,0.320
232.8004,5.000,1016.444,988.960,13.742,-0.101,0.320
232.9025,5.000,1016.836,989.135,13.850,-0.021,0.320
233.0035,4.000,1001.680,1002.613,-0.466,-11.560,0.320
233.1036,4.000,1011.664,994.203,8.731,-2.385,0.320
233.2044,4.000,1014.248,992.956,10.646,-0.492,0.320
233.3055,3.000,999.789,1006.393,-3.302,-11.657,0.320
233.4065,3.000,1010.123,998.189,5.967,-2.405,0.320
233.5073,3.000,1012.954,997.169,7.892,-0.496,0.320
233.5964,3.000,1014.134,997.528,8.303,-0.102,0.320
233.7053,3.000,1014.887,998.084,8.401,-0.021,0.320
233.8016,2.000,1000.035,1011.888,-5.926,-11.560,0.320
233.9024,2.000,1010.275,1003.757,3.259,-2.385,0.320
234.0033,1.000,997.635,1016.030,-9.197,-12.048,0.320
234.1054,1.000,1008.546,1007.807,0.370,-2.486,0.320
234.2068,-0.000,996.226,1020.251,-12.013,-12.069,0.320
234.3071,-0.000,1007.358,1012.226,-2.434,-2.490,0.320
234.4054,-1.000,994.373,1024.011,-14.819,-12.069,0.320
234.5053,-1.000,1004.936,1015.428,-5.246,-2.491,0.320
234.6031,-0.000,1021.030,998.857,11.086,11.042,0.320
234.7011,-1.000,997.283,1021.359,-12.038,-9.277,0.320
234.7996,-1.000,1005.611,1014.972,-4.681,-1.914,0.320
234.9013,-1.000,1007.950,1014.284,-3.167,-0.395,0.320
234.9991,-1.000,1008.959,1014.677,-2.859,-0.082,0.320
235.1004,-1.000,1009.614,1015.214,-2.800,-0.017,0.320
235.1973,-1.000,1010.129,1015.713,-2.792,-0.003,0.320
235.3060,-1.000,1010.557,1016.147,-2.795,-0.001,0.320
235.4039,-1.000,1010.918,1016.518,-2.800,-0.000,0.320
235.5017,-2.000,994.942,1029.276,-17.167,-11.556,0.320
235.6007,-2.000,1004.235,1020.248,-8.007,-2.384,0.320
235.6986,-2.000,1006.229,1018.480,-6.126,-0.492,0.320
235.7960,-2.000,1006.704,1018.196,-5.746,-0.102,0.320
235.9054,-2.000,1006.854,1018.208,-5.677,-0.021,0.320
236.0021,-2.000,1006.929,1018.272,-5.672,-0.004,0.320
236.1037,-2.000,1006.980,1018.339,-5.679,-0.001,0.320
236.2014,-3.000,990.738,1030.840,-20.051,-11.556,0.320
236.2984,-3.000,999.803,1021.596,-10.897,-2.385,0.320
236.4014,-3.000,1001.603,1019.645,-9.021,-0.492,0.320
236.5023,-2.000,1015.193,1003.765,5.714,11.454,0.320
236.6034,-2.000,1006.618,1013.394,-3.388,2.364,0.320
236.7044,-2.000,1005.179,1015.729,-5.275,0.488,0.320
236.8022,-1.000,1018.443,1001.067,8.688,11.656,0.320
236.9023,-1.000,1010.092,1011.229,-0.568,2.405,0.320
236.9995,-0.000,1022.229,998.472,11.878,12.052,0.320
237.0965,-0.000,1013.900,1009.273,2.313,2.487,0.320
237.1973,-0.000,1012.977,1012.298,0.340,0.513,0.320
237.2982,1.000,1025.904,997.317,14.293,11.661,0.320
237.4012,1.000,1017.282,1007.194,5.044,2.406,0.320
237.5034,2.000,1028.352,993.350,17.501,12.052,0.320
237.6017,3.000,1031.560,986.944,22.308,14.042,0.320
237.7013,3.000,1020.573,998.213,11.180,2.898,0.320
237.7983,3.000,1018.410,1000.616,8.897,0.598,0.320
237.8964,3.000,1018.055,1001.176,8.439,0.123,0.320
237.9976,3.000,1018.060,1001.343,8.358,0.025,0.320
238.0962,3.000,1018.130,1001.421,8.355,0.005,0.320
238.2043,3.000,1018.205,1001.470,8.367,0.001,0.320
238.3049,2.000,1002.833,1014.789,-5.978,-11.555,0.320
238.3945,1.000,997.202,1019.515,-11.157,-13.940,0.320
238.5043,-0.000,993.945,1022.842,-14.449,-14.432,0.320
238.6033,-0.000,1006.928,1012.918,-2.995,-2.978,0.320
238.7043,-1.000,994.311,1024.296,-14.992,-12.170,0.320
238.7952,-2.000,988.657,1028.057,-19.700,-14.067,0.320
238.8957,-3.000,984.224,1030.041,-22.909,-14.458,0.320
238.9980,-4.000,979.860,1031.483,-25.812,-14.539,0.320
239.0989,-5.000,975.353,1032.666,-28.656,-14.556,0.320
239.1991,-5.000,986.965,1021.229,-17.132,-3.004,0.320
239.2981,-4.000,1002.676,1003.507,-0.415,10.936,0.320
239.3974,-3.000,1007.901,997.412,5.244,13.812,0.320
239.4984,-2.000,1011.333,994.080,8.626,14.406,0.320
239.5950,-1.000,1014.713,991.626,11.543,14.528,0.320
239.6970,-1.000,1005.071,1005.056,0.007,2.998,0.320
239.7947,-0.000,1017.576,993.609,11.984,12.174,0.320
239.8954,-0.000,1009.864,1005.221,2.322,2.512,0.320
239.9939,-1.000,993.247,1021.313,-14.033,-11.037,0.320
240.0953,-1.000,1003.278,1013.836,-5.279,-2.278,0.320
240.1964,-1.000,1006.165,1013.119,-3.477,-0.470,0.320
240.2941,-1.000,1007.455,1013.675,-3.110,-0.097,0.320
240.3973,-1.000,1008.311,1014.387,-3.038,-0.020,0.320
240.4974,-1.000,1008.987,1015.044,-3.028,-0.004,0.320
240.5954,-1.000,1009.552,1015.612,-3.030,-0.001,0.320
240.7039,-2.000,993.747,1028.540,-17.397,-11.556,0.320
240.8034,-3.000,986.903,1032.099,-22.598,-13.940,0.320
240.9053,-3.000,998.054,1021.156,-11.551,-2.877,0.320
240.9942,-3.000,1000.408,1018.978,-9.285,-0.594,0.320
241.1033,-3.000,1000.937,1018.598,-8.830,-0.122,0.320
241.1964,-3.000,1001.081,1018.582,-8.750,-0.025,0.320
241.3043,-2.000,1014.420,1003.191,5.614,11.550,0.320
241.4021,-2.000,1005.870,1012.997,-3.564,2.383,0.320
241.5022,-1.000,1017.782,999.993,8.895,12.047,0.320
241.6023,-0.000,1022.532,995.155,13.689,14.042,0.320
241.7003,1.000,1025.291,991.480,16.906,14.453,0.320
241.7985,1.000,1014.937,1004.056,5.441,2.982,0.320
241.8972,2.000,1025.962,991.080,17.441,12.171,0.320
241.9973,2.000,1016.984,1001.399,7.792,2.511,0.320
242.0944,3.000,1028.013,987.670,20.171,12.074,0.320
242.1966,3.000,1018.800,997.589,10.606,2.491,0.320
242.2974,3.000,1017.139,999.849,8.645,0.514,0.320
242.3958,3.000,1017.003,1000.495,8.254,0.106,0.320
242.4958,3.000,1017.152,1000.779,8.187,0.022,0.320
242.6034,3.000,1017.336,1000.963,8.186,0.005,0.320
242.7015,1.000,986.623,1027.669,-20.523,-23.110,0.320
242.8015,-0.000,990.826,1023.900,-16.537,-16.324,0.320
242.9035,-1.000,989.185,1025.070,-17.942,-14.924,0.320
243.0042,-2.000,986.042,1026.972,-20.465,-14.635,0.320
243.1022,-2.000,998.619,1016.341,-8.861,-3.020,0.320
243.1953,-2.000,1001.832,1014.782,-6.475,-0.623,0.320
243.2932,-3.000,986.737,1027.443,-20.353,-11.684,0.320
243.4020,-2.000,1009.740,1003.211,3.265,9.145,0.320
243.5008,-3.000,987.167,1023.898,-18.365,-9.669,0.320
243.6007,-3.000,995.523,1016.940,-10.709,-1.995,0.320
243.7036,-3.000,997.684,1015.968,-9.142,-0.412,0.320
243.7931,-3.000,998.499,1016.163,-8.832,-0.085,0.320
243.9037,-3.000,998.979,1016.542,-8.782,-0.018,0.320
244.0043,-3.000,999.341,1016.909,-8.784,-0.004,0.320
244.1023,-2.000,1012.918,1001.792,5.563,11.555,0.320
244.2006,-2.000,1004.582,1011.820,-3.619,2.384,0.320
244.2990,-2.000,1003.397,1014.442,-5.522,0.492,0.320
244.3983,-2.000,1003.606,1015.454,-5.924,0.102,0.320
244.4963,-2.000,1004.034,1016.066,-6.016,0.021,0.320
244.5940,-2.000,1004.447,1016.535,-6.044,0.004,0.320
244.6954,-1.000,1018.089,1001.483,8.303,11.556,0.320
244.7927,-1.000,1009.813,1011.562,-0.875,2.385,0.320
244.8921,-1.000,1008.680,1014.226,-2.773,0.492,0.320
245.0007,-1.000,1008.935,1015.273,-3.169,0.102,0.320
245.0989,-0.000,1022.683,1000.471,11.106,11.577,0.320
245.1978,-0.000,1014.548,1010.711,1.918,2.389,0.320
245.2982,-0.000,1013.547,1013.501,0.023,0.493,0.320
245.4007,-0.000,1013.916,1014.653,-0.369,0.102,0.320
245.5017,-0.000,1014.481,1015.380,-0.449,0.021,0.320
245.6007,-1.000,998.733,1028.387,-14.827,-11.551,0.320
245.6995,-1.000,1008.230,1019.560,-5.665,-2.384,0.320
245.8007,-1.000,1010.400,1017.958,-3.779,-0.492,0.320
245.8985,-0.000,1024.308,1002.374,10.967,11.454,0.320
245.9964,-0.000,1016.005,1012.253,1.876,2.364,0.320
246.0973,-0.000,1014.799,1014.798,0.001,0.488,0.320
246.1973,-0.000,1014.981,1015.754,-0.387,0.101,0.320
246.2978,-0.000,1015.385,1016.318,-0.466,0.021,0.320
246.3976,-0.000,1015.780,1016.745,-0.483,0.004,0.320
246.4944,-0.000,1016.126,1017.098,-0.486,0.001,0.320
246.5933,-0.000,1016.422,1017.396,-0.487,0.000,0.320
246.6975,-0.000,1016.674,1017.649,-0.487,0.000,0.320
246.7940,-0.000,1016.889,1017.863,-0.487,0.000,0.320
246.9023,-0.000,1017.071,1018.046,-0.487,0.000,0.320
247.0003,-0.000,1017.227,1018.201,-0.487,0.000,0.320
247.0986,-0.000,1017.358,1018.333,-0.487,0.000,0.320
247.1964,-0.000,1017.470,1018.445,-0.487,0.000,0.320
247.2935,-0.000,1017.566,1018.540,-0.487,0.000,0.320
247.4024,-0.000,1017.647,1018.621,-0.487,0.000,0.320
247.5004,-0.000,1017.715,1018.690,-0.487,0.000,0.320
247.5986,-0.000,1017.774,1018.748,-0.487,0.000,0.320
247.6961,-0.000,1017.824,1018.798,-0.487,0.000,0.320
247.7935,-0.000,1017.866,1018.840,-0.487,0.000,0.320
247.9024,-1.000,1001.621,1031.317,-14.848,-11.556,0.320
247.9985,-0.000,1023.966,1006.609,8.678,9.171,0.320
248.0965,-0.000,1017.183,1014.384,1.400,1.892,0.320
248.1975,-0.000,1016.102,1016.307,-0.102,0.391,0.320
248.2959,-0.000,1016.151,1016.975,-0.412,0.081,0.320
248.3943,-0.000,1016.391,1017.343,-0.476,0.017,0.320
248.4996,1.000,1029.078,1001.334,13.872,11.559,0.320
248.5986,1.000,1019.998,1010.590,4.704,2.385,0.320
248.6967,1.000,1018.185,1012.553,2.816,0.492,0.320
248.7944,2.000,1030.305,996.720,16.792,11.657,0.320
248.8966,2.000,1020.986,1005.883,7.552,2.405,0.320
248.9954,3.000,1031.463,991.433,20.015,12.052,0.320
249.0932,3.000,1021.727,1000.793,10.467,2.487,0.320
249.1915,3.000,1019.610,1002.590,8.510,0.513,0.320
249.2921,3.000,1019.083,1002.844,8.119,0.106,0.320
249.3913,3.000,1018.900,1002.796,8.052,0.022,0.320
249.5014,3.000,1018.801,1002.698,8.052,0.005,0.320
249.6024,3.000,1018.731,1002.601,8.065,0.001,0.320
249.6914,3.000,1018.676,1002.514,8.081,0.000,0.320
249.7898,3.000,1018.632,1002.437,8.098,0.000,0.320
249.8915,2.000,1003.157,1015.650,-6.247,-11.556,0.320
250.0004,2.000,1012.877,1007.006,2.936,-2.384,0.320
250.0907,2.000,1015.238,1005.560,4.839,-0.492,0.320
250.1994,2.000,1016.029,1005.547,5.241,-0.102,0.320
250.2909,2.000,1016.452,1005.786,5.333,-0.021,0.320
250.3903,2.000,1016.760,1006.039,5.360,-0.004,0.320
250.4998,1.000,1001.573,1019.545,-8.986,-11.556,0.320
250.5903,1.000,1011.535,1011.153,0.191,-2.385,0.320
250.6970,1.000,1014.101,1009.922,2.090,-0.492,0.320
250.7952,1.000,1015.064,1010.093,2.486,-0.102,0.320
250.8933,1.000,1015.632,1010.489,2.572,-0.021,0.320
250.9911,1.000,1016.064,1010.876,2.594,-0.004,0.320
251.0988,1.000,1016.422,1011.216,2.603,-0.001,0.320
251.1964,1.000,1016.724,1011.505,2.609,-0.000,0.320
251.2961,1.000,1016.982,1011.751,2.615,-0.000,0.320
251.3974,1.000,1017.201,1011.959,2.621,-0.000,0.320
251.4958,-0.000,1001.947,1025.417,-11.735,-11.556,0.320
251.5936,-0.000,1011.855,1016.982,-2.564,-2.384,0.320
251.6966,-0.000,1014.374,1015.716,-0.671,-0.492,0.320
251.7960,-0.000,1015.296,1015.858,-0.281,-0.102,0.320
251.8934,-0.000,1015.829,1016.229,-0.200,-0.021,0.320
251.9931,-0.000,1016.230,1016.597,-0.184,-0.004,0.320
252.0902,1.000,1029.002,1000.639,14.181,11.555,0.320
252.1990,1.000,1019.983,1009.950,5.016,2.384,0.320
252.2939,2.000,1030.661,995.680,17.491,12.048,0.320
252.3935,2.000,1021.084,1005.203,7.940,2.486,0.320
252.4916,3.000,1031.541,990.861,20.340,12.069,0.320
252.5916,4.000,1034.269,983.990,25.139,14.046,0.320
252.6916,4.000,1022.883,994.855,14.014,2.898,0.320
252.7900,4.000,1020.384,996.911,11.736,0.598,0.320
252.8895,4.000,1019.744,997.175,11.284,0.123,0.320
252.9983,4.000,1019.508,997.091,11.209,0.025,0.320
253.0970,4.000,1019.374,996.952,11.211,0.005,0.320
253.1962,4.000,1019.277,996.819,11.229,0.001,0.320
253.2939,4.000,1019.200,996.699,11.251,0.000,0.320
253.3977,4.000,1019.139,996.593,11.273,0.000,0.320
253.4984,3.000,1003.649,1009.781,-3.066,-11.556,0.320
253.5980,3.000,1013.358,1001.115,6.122,-2.384,0.320
253.6963,2.000,1000.270,1012.930,-6.330,-12.048,0.320
253.7951,2.000,1010.802,1004.316,3.243,-2.486,0.320
253.8917,2.000,1013.601,1003.147,5.227,-0.513,0.320
253.9914,2.000,1014.712,1003.421,5.645,-0.106,0.320
254.0901,2.000,1015.396,1003.915,5.741,-0.022,0.320
254.1988,2.000,1015.925,1004.387,5.769,-0.005,0.320
254.2962,1.000,1000.924,1018.079,-8.577,-11.556,0.320
254.3956,1.000,1011.045,1009.845,0.600,-2.385,0.320
254.4971,1.000,1013.746,1008.749,2.498,-0.492,0.320
254.5985,-0.000,999.382,1022.316,-11.467,-11.657,0.320
254.6983,-0.000,1009.796,1014.226,-2.215,-2.405,0.320
254.7890,-1.000,996.411,1025.745,-14.667,-12.052,0.320
254.8981,-1.000,1006.677,1016.893,-5.108,-2.487,0.320
254.9984,-1.000,1009.247,1015.526,-3.140,-0.513,0.320
255.0969,-1.000,1010.159,1015.635,-2.738,-0.106,0.320
255.1941,-1.000,1010.672,1015.991,-2.659,-0.022,0.320
255.2932,-1.000,1011.053,1016.348,-2.648,-0.005,0.320
255.3943,-1.000,1011.365,1016.664,-2.650,-0.001,0.320
255.4922,-2.000,995.345,1029.377,-17.016,-11.556,0.320
255.5897,-2.000,1004.600,1020.312,-7.856,-2.385,0.320
255.6910,-2.000,1006.562,1018.511,-5.974,-0.492,0.320
255.7886,-2.000,1007.010,1018.200,-5.595,-0.102,0.320
255.8985,-1.000,1020.418,1002.747,8.835,11.535,0.320
255.9986,-1.000,1011.890,1012.539,-0.325,2.380,0.320
256.0973,-1.000,1010.532,1014.970,-2.219,0.491,0.320
256.1941,-1.000,1010.593,1015.822,-2.615,0.101,0.320
256.2953,-1.000,1010.894,1016.296,-2.701,0.021,0.320
256.3930,-1.000,1011.202,1016.648,-2.723,0.004,0.320
256.4916,-1.000,1011.473,1016.937,-2.732,0.001,0.320
256.5902,-0.000,1024.986,1001.740,11.623,11.556,0.320
256.6910,1.000,1029.040,995.415,16.813,13.940,0.320
256.7879,1.000,1018.517,1007.007,5.755,2.877,0.320
256.8971,2.000,1029.135,993.458,17.839,12.149,0.320
256.9973,2.000,1019.759,1003.343,8.208,2.507,0.320
257.0955,3.000,1030.438,989.257,20.590,12.073,0.320
257.1953,3.000,1020.925,998.873,11.026,2.491,0.320
257.2939,3.000,1019.008,1000.878,9.065,0.514,0.320
257.3906,2.000,1003.213,1014.588,-5.687,-11.449,0.320
257.4898,3.000,1025.366,989.822,17.772,9.193,0.320
257.5915,2.000,1003.036,1010.772,-3.868,-9.659,0.320
257.6890,2.000,1011.626,1004.009,3.809,-1.993,0.320
257.7877,1.000,998.554,1016.473,-8.960,-11.967,0.320
257.8942,1.000,1009.299,1008.212,0.543,-2.469,0.320
257.9913,-0.000,996.879,1020.583,-11.852,-12.065,0.320
258.0894,-0.000,1007.933,1012.487,-2.277,-2.490,0.320
258.1876,-0.000,1011.167,1011.768,-0.301,-0.514,0.320
258.2953,-0.000,1012.643,1012.430,0.107,-0.106,0.320
258.3948,-0.000,1013.636,1013.254,0.191,-0.022,0.320
258.4938,-1.000,998.144,1026.450,-14.153,-11.560,0.320
258.5955,-1.000,1007.837,1017.805,-4.984,-2.385,0.320
258.6954,-2.000,993.890,1028.804,-17.457,-12.048,0.320
258.7954,-2.000,1003.687,1019.501,-7.907,-2.486,0.320
258.8936,-2.000,1005.859,1017.749,-5.945,-0.513,0.320
258.9924,-3.000,990.152,1029.972,-19.910,-11.661,0.320
259.0985,-3.000,999.410,1020.753,-10.672,-2.406,0.320
259.1977,-4.000,985.038,1031.318,-23.140,-12.052,0.320
259.2964,-4.000,994.463,1021.658,-13.597,-2.487,0.320
259.3951,-4.000,996.314,1019.606,-11.646,-0.513,0.320
259.4955,-4.000,996.614,1019.136,-11.261,-0.106,0.320
259.5936,-5.000,980.322,1031.443,-25.561,-11.577,0.320
259.6901,-5.000,989.289,1022.089,-16.400,-2.389,0.320
259.7889,-6.000,974.711,1032.498,-28.893,-12.049,0.320
259.8963,-6.000,983.968,1022.697,-19.365,-2.486,0.320
259.9954,-6.000,985.677,1020.527,-17.425,-0.513,0.320
260.0934,-6.000,985.854,1019.957,-17.051,-0.106,0.320
260.1934,-6.000,985.737,1019.739,-17.001,-0.022,0.320
260.2942,-6.000,985.579,1019.614,-17.017,-0.005,0.320
260.3936,-5.000,998.710,1004.082,-2.686,11.555,0.320
260.4914,-5.000,989.991,1013.760,-11.885,2.384,0.320
260.5896,-4.000,1001.759,1000.647,0.556,12.048,0.320
260.6869,-4.000,993.104,1011.159,-9.028,2.486,0.320
260.7901,-3.000,1005.179,998.502,3.338,12.069,0.320
260.8875,-3.000,996.836,1009.350,-6.257,2.490,0.320
260.9899,-3.000,995.908,1012.408,-8.250,0.514,0.320
261.0869,-3.000,996.389,1013.738,-8.675,0.106,0.320
261.1959,-3.000,997.057,1014.608,-8.776,0.022,0.320
261.2939,-3.000,997.677,1015.297,-8.810,0.005,0.320
261.3912,-3.000,998.212,1015.873,-8.830,0.001,0.320
261.4895,-2.000,1011.948,1000.922,5.513,11.556,0.320
261.5872,-2.000,1003.750,1011.088,-3.669,2.385,0.320
261.6865,-1.000,1015.963,998.386,8.788,12.048,0.320
261.7858,-1.000,1007.689,1009.246,-0.779,2.486,0.320
261.8865,-1.000,1006.809,1012.324,-2.757,0.513,0.320
261.9865,-1.000,1007.330,1013.670,-3.170,0.106,0.320
262.0972,-1.000,1008.034,1014.554,-3.260,0.022,0.320
262.1976,-1.000,1008.686,1015.251,-3.283,0.005,0.320
262.2855,-0.000,1022.532,1000.393,11.069,11.556,0.320
262.3954,-1.000,998.148,1023.076,-12.464,-9.171,0.320
262.4930,-1.000,1006.198,1016.580,-5.191,-1.892,0.320
262.5905,-1.000,1008.355,1015.744,-3.694,-0.390,0.320
262.6894,-1.000,1009.221,1016.001,-3.390,-0.081,0.320
262.7881,-1.000,1009.756,1016.420,-3.332,-0.017,0.320
262.8865,-1.000,1010.170,1016.818,-3.324,-0.003,0.320
262.9855,-1.000,1010.512,1017.166,-3.327,-0.001,0.320
263.0873,-0.000,1024.081,1002.023,11.029,11.555,0.320
263.1863,-0.000,1015.741,1012.025,1.858,2.384,0.320
263.2951,1.000,1026.996,998.342,14.327,12.048,0.320
263.3946,2.000,1030.350,992.086,19.132,14.042,0.320
263.4942,2.000,1019.483,1003.485,7.999,2.897,0.320
263.5963,2.000,1017.421,1006.000,5.711,0.598,0.320
263.6955,2.000,1017.150,1006.655,5.247,0.123,0.320
263.7943,2.000,1017.227,1006.905,5.161,0.025,0.320
263.8955,2.000,1017.357,1007.053,5.152,0.005,0.320
263.9954,2.000,1017.482,1007.164,5.159,0.001,0.320
264.0923,2.000,1017.593,1007.255,5.169,0.000,0.320
264.1896,2.000,1017.689,1007.329,5.180,0.000,0.320
264.2879,3.000,1030.214,991.109,19.552,11.556,0.320
264.3881,3.000,1020.989,1000.193,10.398,2.384,0.320
264.4865,3.000,1019.054,1002.009,8.522,0.492,0.320
264.5864,3.000,1018.629,1002.332,8.149,0.102,0.320
264.6862,3.000,1018.522,1002.352,8.085,0.021,0.320
264.7862,3.000,1018.486,1002.315,8.085,0.004,0.320
264.8967,3.000,1018.468,1002.271,8.098,0.001,0.320
264.9855,3.000,1018.457,1002.228,8.115,0.000,0.320
265.0949,3.000,1018.452,1002.189,8.131,0.000,0.320
265.1935,3.000,1018.449,1002.153,8.148,0.000,0.320
265.2929,3.000,1018.450,1002.120,8.165,0.000,0.320
265.3922,3.000,1018.453,1002.089,8.182,0.000,0.320
265.4945,3.000,1018.458,1002.061,8.198,0.000,0.320
265.5944,2.000,1003.023,1015.315,-6.146,-11.556,0.320
265.6926,2.000,1012.779,1006.706,3.036,-2.384,0.320
265.7909,2.000,1015.170,1005.290,4.940,-0.492,0.320
265.8855,2.000,1015.986,1005.303,5.342,-0.102,0.320
265.9865,2.000,1016.430,1005.563,5.433,-0.021,0.320
266.0861,2.000,1016.757,1005.835,5.461,-0.004,0.320
266.1846,1.000,1001.585,1019.356,-8.885,-11.556,0.320
266.2893,1.000,1011.561,1010.977,0.292,-2.385,0.320
266.3867,1.000,1014.138,1009.757,2.190,-0.492,0.320
266.4860,-0.000,999.669,1023.219,-11.775,-11.657,0.320
266.5946,-0.000,1009.993,1015.039,-2.523,-2.405,0.320
266.6955,-0.000,1012.814,1014.042,-0.614,-0.496,0.320
266.7930,-0.000,1013.982,1014.423,-0.220,-0.102,0.320
266.8915,-0.000,1014.722,1015.000,-0.139,-0.021,0.320
266.9910,-1.000,999.018,1027.984,-14.483,-11.560,0.320
267.0915,-1.000,1008.530,1019.159,-5.314,-2.385,0.320
267.1888,-1.000,1010.710,1017.563,-3.427,-0.492,0.320
267.2882,-1.000,1011.343,1017.427,-3.042,-0.102,0.320
267.3859,-2.000,995.348,1030.004,-17.328,-11.577,0.320
267.4934,-2.000,1004.572,1020.875,-8.151,-2.389,0.320
267.5914,-2.000,1006.497,1019.030,-6.267,-0.493,0.320
267.6947,-2.000,1006.912,1018.685,-5.887,-0.102,0.320
267.7930,-2.000,1007.010,1018.644,-5.817,-0.021,0.320
267.8937,-2.000,1007.041,1018.664,-5.812,-0.004,0.320
267.9921,-2.000,1007.054,1018.692,-5.819,-0.001,0.320
268.0894,-1.000,1020.342,1003.280,8.531,11.555,0.320
268.1879,-2.000,995.482,1025.495,-15.006,-9.171,0.320
268.2868,-2.000,1003.125,1018.603,-7.739,-1.892,0.320
268.3871,-1.000,1018.216,1001.990,8.113,11.165,0.320
268.4850,-1.000,1010.203,1011.710,-0.754,2.304,0.320
268.5849,-1.000,1009.094,1014.270,-2.588,0.475,0.320
268.6950,-1.000,1009.328,1015.269,-2.971,0.098,0.320
268.7922,-1.000,1009.768,1015.877,-3.054,0.020,0.320
268.8909,-1.000,1010.192,1016.344,-3.076,0.004,0.320
268.9919,-1.000,1010.562,1016.732,-3.085,0.001,0.320
269.0930,-2.000,994.596,1029.501,-17.452,-11.555,0.320
269.1919,-2.000,1003.898,1020.483,-8.292,-2.384,0.320
269.2900,-2.000,1005.899,1018.722,-6.411,-0.492,0.320
269.3866,-1.000,1019.662,1003.004,8.329,11.454,0.320
269.4840,-1.000,1011.235,1012.769,-0.767,2.364,0.320
269.5928,-1.000,1009.922,1015.219,-2.648,0.488,0.320
269.6914,-0.000,1023.294,1000.654,11.320,11.656,0.320
269.7911,-0.000,1015.036,1010.897,2.069,2.405,0.320
269.8888,1.000,1026.412,997.369,14.521,12.052,0.320
269.9875,1.000,1017.438,1007.514,4.962,2.487,0.320
270.0842,1.000,1015.967,1009.979,2.994,0.513,0.320
270.1849,2.000,1028.430,994.523,16.953,11.661,0.320
270.2845,3.000,1031.854,987.713,22.071,13.962,0.320
270.3857,3.000,1020.852,998.838,11.007,2.881,0.320
270.4849,3.000,1018.634,1001.160,8.737,0.594,0.320
270.5848,4.000,1030.664,985.378,22.643,11.678,0.320
270.6850,4.000,1021.324,994.530,13.397,2.410,0.320
270.7842,4.000,1019.354,996.340,11.507,0.497,0.320
270.8927,4.000,1018.913,996.644,11.135,0.103,0.320
270.9911,4.000,1018.796,996.645,11.076,0.021,0.320
271.0833,5.000,1031.194,980.309,25.442,11.560,0.320
271.1906,5.000,1021.873,989.282,16.296,2.385,0.320
271.2903,5.000,1019.861,990.999,14.431,0.492,0.320
271.3906,5.000,1019.372,991.236,14.068,0.102,0.320
271.4894,5.000,1019.213,991.182,14.015,0.021,0.320
271.5906,5.000,1019.133,991.080,14.027,0.004,0.320
271.6914,5.000,1019.081,990.978,14.051,0.001,0.320
271.7902,5.000,1019.043,990.885,14.079,0.000,0.320
271.8888,5.000,1019.015,990.802,14.106,0.000,0.320
271.9897,5.000,1018.995,990.727,14.134,0.000,0.320
272.0867,5.000,1018.983,990.658,14.162,0.000,0.320
272.1839,4.000,1003.536,1003.877,-0.171,-11.556,0.320
272.2853,4.000,1013.282,995.237,9.023,-2.384,0.320
272.3851,4.000,1015.667,993.792,10.938,-0.492,0.320
272.4830,4.000,1016.479,993.778,11.350,-0.102,0.320
272.5933,4.000,1016.922,994.015,11.453,-0.021,0.320
272.6917,4.000,1017.249,994.265,11.492,-0.004,0.320
272.7888,4.000,1017.521,994.484,11.518,-0.001,0.320
272.8852,4.000,1017.752,994.669,11.541,-0.000,0.320
272.9829,3.000,1002.511,1008.105,-2.797,-11.556,0.320
273.0846,3.000,1012.431,999.650,6.391,-2.384,0.320
273.1824,3.000,1014.963,998.364,8.300,-0.492,0.320
273.2920,3.000,1015.900,998.486,8.707,-0.102,0.320
273.3891,3.000,1016.447,998.838,8.805,-0.021,0.320
273.4905,2.000,1001.422,1012.468,-5.523,-11.560,0.320
273.5903,2.000,1011.515,1004.190,3.663,-2.385,0.320
273.6885,2.000,1014.190,1003.056,5.567,-0.492,0.320
273.7868,2.000,1015.248,1003.310,5.969,-0.102,0.320
273.8874,1.000,1000.455,1017.056,-8.301,-11.577,0.320
273.9862,1.000,1010.704,1008.919,0.893,-2.389,0.320
274.0834,1.000,1013.503,1007.914,2.794,-0.493,0.320
274.1856,-0.000,999.221,1021.561,-11.170,-11.657,0.320
274.2828,-0.000,1009.703,1013.540,-1.918,-2.405,0.320
274.3833,-0.000,1012.658,1012.676,-0.009,-0.496,0.320
274.4818,-0.000,1013.941,1013.171,0.385,-0.102,0.320
274.5856,-0.000,1014.777,1013.845,0.466,-0.021,0.320
274.6830,-0.000,1015.436,1014.471,0.483,-0.004,0.320
274.7816,-0.000,1015.986,1015.013,0.486,-0.001,0.320
274.8815,-1.000,1000.169,1027.917,-13.874,-11.556,0.320
274.9896,-1.000,1009.597,1019.014,-4.709,-2.385,0.320
275.0871,-1.000,1011.707,1017.350,-2.822,-0.492,0.320
275.1876,-2.000,996.000,1029.596,-16.798,-11.657,0.320
275.2852,-2.000,1005.270,1020.385,-7.557,-2.405,0.320
275.3833,-2.000,1007.193,1018.512,-5.660,-0.496,0.320
275.4953,-2.000,1007.596,1018.150,-5.277,-0.102,0.320
275.5811,-3.000,991.403,1030.539,-19.568,-11.577,0.320
275.6887,-3.000,1000.457,1021.251,-10.397,-2.389,0.320
275.7871,-3.000,1002.237,1019.273,-8.518,-0.493,0.320
275.8856,-3.000,1002.527,1018.814,-8.143,-0.102,0.320
275.9842,-3.000,1002.520,1018.678,-8.079,-0.021,0.320
276.0815,-4.000,986.177,1031.059,-22.441,-11.560,0.320
276.1897,-3.000,1008.427,1006.282,1.073,9.170,0.320
276.2880,-3.000,1001.558,1014.002,-6.222,1.892,0.320
276.3865,-3.000,1000.401,1015.883,-7.741,0.390,0.320
276.4834,-3.000,1000.382,1016.517,-8.067,0.081,0.320
276.5811,-3.000,1000.563,1016.859,-8.148,0.017,0.320
276.6889,-3.000,1000.755,1017.111,-8.178,0.003,0.320
276.7880,-3.000,1000.924,1017.320,-8.198,0.001,0.320
276.8862,-3.000,1001.068,1017.498,-8.215,0.000,0.320
276.9888,-2.000,1014.468,1002.210,6.129,11.556,0.320
277.0905,-2.000,1005.984,1012.090,-3.053,2.384,0.320
277.1899,-1.000,1017.955,999.146,9.404,12.048,0.320
277.2895,-0.000,1022.755,994.358,14.198,14.042,0.320
277.3864,-0.000,1013.116,1007.008,3.054,2.897,0.320
277.4827,1.000,1024.537,994.306,15.116,12.153,0.320
277.5807,1.000,1015.853,1004.901,5.476,2.508,0.320
277.6871,1.000,1014.681,1007.698,3.491,0.517,0.320
277.7856,2.000,1027.407,992.513,17.447,11.662,0.320
277.8811,2.000,1018.617,1002.212,8.203,2.407,0.320
277.9826,2.000,1017.105,1004.498,6.304,0.497,0.320
278.0835,1.000,1001.610,1018.490,-8.440,-11.453,0.320
278.1806,1.000,1011.567,1010.256,0.655,-2.363,0.320
278.2811,1.000,1014.180,1009.107,2.536,-0.488,0.320
278.3822,1.000,1015.195,1009.337,2.929,-0.101,0.320
278.4896,1.000,1015.809,1009.781,3.014,-0.021,0.320
278.5884,1.000,1016.281,1010.208,3.037,-0.004,0.320
278.6861,-0.000,1001.231,1023.862,-11.316,-11.556,0.320
278.7850,-0.000,1011.310,1015.597,-2.144,-2.385,0.320
278.8855,-0.000,1013.973,1014.476,-0.251,-0.492,0.320
278.9843,-0.000,1015.019,1014.740,0.139,-0.102,0.320
279.0824,-0.000,1015.656,1015.217,0.220,-0.021,0.320
279.1795,-0.000,1016.146,1015.674,0.236,-0.004,0.320
279.2877,-1.000,1000.271,1028.514,-14.121,-11.556,0.320
279.3893,-1.000,1009.647,1019.557,-4.955,-2.385,0.320
279.4870,-1.000,1011.713,1017.849,-3.068,-0.492,0.320
279.5857,-2.000,995.968,1030.057,-17.044,-11.657,0.320
279.6828,-2.000,1005.206,1020.813,-7.804,-2.405,0.320
279.7920,-2.000,1007.101,1018.913,-5.906,-0.496,0.320
279.8816,-2.000,1007.482,1018.528,-5.523,-0.102,0.320
279.9837,-2.000,1007.550,1018.456,-5.453,-0.021,0.320
280.0827,-2.000,1007.554,1018.449,-5.448,-0.004,0.320
280.1803,-1.000,1020.826,1003.014,8.906,11.555,0.320
280.2809,-1.000,1012.231,1012.771,-0.270,2.384,0.320
280.3896,-1.000,1010.827,1015.163,-2.168,0.492,0.320
280.4897,-1.000,1010.850,1015.978,-2.564,0.102,0.320
280.5864,-1.000,1011.121,1016.421,-2.650,0.021,0.320
280.6847,-1.000,1011.402,1016.747,-2.672,0.004,0.320
280.7838,-1.000,1011.651,1017.014,-2.682,0.001,0.320
280.8813,-1.000,1011.863,1017.239,-2.688,0.000,0.320
280.9805,-1.000,1012.044,1017.431,-2.694,0.000,0.320
281.0856,-1.000,1012.196,1017.595,-2.699,0.000,0.320
281.1864,-1.000,1012.325,1017.735,-2.705,0.000,0.320
281.2840,-1.000,1012.434,1017.855,-2.710,0.000,0.320
281.3819,-2.000,996.245,1030.399,-17.077,-11.556,0.320
281.4788,-1.000,1018.636,1005.748,6.444,9.171,0.320
281.5817,-1.000,1011.892,1013.573,-0.840,1.892,0.320
281.6811,-1.000,1010.843,1015.539,-2.348,0.391,0.320
281.7892,-1.000,1010.918,1016.245,-2.663,0.081,0.320
281.8866,-1.000,1011.180,1016.646,-2.733,0.017,0.320
281.9833,-1.000,1011.443,1016.947,-2.752,0.003,0.320
282.0803,-1.000,1011.675,1017.195,-2.760,0.001,0.320
282.1890,-1.000,1011.872,1017.405,-2.766,0.000,0.320
282.2878,-1.000,1012.040,1017.583,-2.772,0.000,0.320
282.3870,-0.000,1025.462,1002.295,11.584,11.556,0.320
282.4882,-0.000,1016.998,1012.173,2.412,2.384,0.320
282.5856,-0.000,1015.707,1014.667,0.520,0.492,0.320
282.6864,1.000,1028.268,999.287,14.491,11.657,0.320
282.7870,1.000,1019.324,1008.835,5.245,2.405,0.320
282.8844,1.000,1017.678,1010.996,3.341,0.496,0.320
282.9855,1.000,1017.508,1011.602,2.953,0.102,0.320
283.0886,1.000,1017.618,1011.864,2.877,0.021,0.320
283.1880,1.000,1017.764,1012.033,2.866,0.004,0.320
283.2871,1.000,1017.901,1012.164,2.868,0.001,0.320
283.3888,2.000,1030.461,995.992,17.234,11.556,0.320
283.4891,2.000,1021.266,1005.117,8.074,2.385,0.320
283.5855,2.000,1019.354,1006.969,6.193,0.492,0.320
283.6835,1.000,1003.509,1020.604,-8.548,-11.454,0.320
283.7832,1.000,1013.165,1012.068,0.548,-2.364,0.320
283.8836,1.000,1015.523,1010.663,2.430,-0.488,0.320
283.9812,1.000,1016.321,1010.675,2.823,-0.101,0.320
284.0805,1.000,1016.750,1010.934,2.908,-0.021,0.320
284.1806,1.000,1017.065,1011.205,2.930,-0.004,0.320
284.2823,1.000,1017.322,1011.444,2.939,-0.001,0.320
284.3834,1.000,1017.540,1011.649,2.945,-0.000,0.320
284.4828,1.000,1017.726,1011.823,2.951,-0.000,0.320
284.5811,1.000,1017.884,1011.970,2.957,-0.000,0.320
284.6802,1.000,1018.019,1012.095,2.962,-0.000,0.320
284.7897,1.000,1018.135,1012.199,2.968,-0.000,0.320
284.8774,1.000,1018.235,1012.287,2.974,-0.000,0.320
284.9790,1.000,1018.320,1012.362,2.979,-0.000,0.320
285.0774,-0.000,1002.952,1025.705,-11.376,-11.556,0.320
285.1774,-0.000,1012.763,1017.173,-2.205,-2.384,0.320
285.2830,-2.000,982.637,1040.707,-29.035,-23.603,0.320
285.3804,-2.000,1001.556,1022.184,-10.314,-4.870,0.320
285.4802,-3.000,989.298,1030.939,-20.821,-12.561,0.320
285.5810,-4.000,982.980,1033.439,-25.230,-14.147,0.320
285.6880,-5.000,977.782,1034.552,-28.385,-14.475,0.320
285.7841,-6.000,972.724,1035.297,-31.286,-14.542,0.320
285.8843,-8.000,951.337,1048.339,-48.501,-26.112,0.320
285.9825,-9.000,955.188,1039.554,-42.183,-16.944,0.320
286.0867,-9.000,967.988,1025.560,-28.786,-3.496,0.320
286.1846,-9.000,970.206,1022.329,-26.061,-0.721,0.320
286.2874,-9.000,970.297,1021.375,-25.539,-0.149,0.320
286.3872,-9.000,969.998,1020.941,-25.472,-0.031,0.320
286.4844,-9.000,969.660,1020.655,-25.498,-0.006,0.320
286.5844,-9.000,969.350,1020.436,-25.543,-0.001,0.320
286.6809,-8.000,982.357,1004.819,-11.231,11.555,0.320
286.7879,-8.000,973.532,1014.425,-20.447,2.384,0.320
286.8855,-8.000,971.927,1016.695,-22.384,0.492,0.320
286.9854,-8.000,971.774,1017.412,-22.819,0.102,0.320
287.0842,-8.000,971.888,1017.778,-22.945,0.021,0.320
287.1811,-8.000,972.031,1018.043,-23.006,0.004,0.320
287.2784,-7.000,985.437,1002.823,-8.693,11.556,0.320
287.3866,-7.000,976.955,1012.764,-17.904,2.385,0.320
287.4852,-7.000,975.644,1015.315,-19.836,0.492,0.320
287.5841,-7.000,975.741,1016.272,-20.266,0.102,0.320
287.6854,-8.000,959.788,1029.281,-34.747,-11.535,0.320
287.7827,-8.000,969.146,1020.420,-25.637,-2.380,0.320
287.8846,-9.000,954.921,1031.228,-38.154,-12.047,0.320
287.9827,-9.000,964.479,1021.766,-28.643,-2.486,0.320
288.0825,-9.000,966.442,1019.884,-26.721,-0.513,0.320
288.1864,-10.000,950.552,1032.003,-40.725,-11.661,0.320
288.2840,-11.000,943.367,1035.142,-45.887,-13.962,0.320
288.3813,-12.000,937.886,1036.345,-49.229,-14.437,0.320
288.4790,-12.000,948.958,1024.636,-37.839,-2.979,0.320
288.5786,-11.000,964.265,1006.627,-21.181,10.941,0.320
288.6787,-11.000,955.873,1015.724,-29.926,2.258,0.320
288.7851,-10.000,967.599,1002.435,-17.418,12.021,0.320
288.8820,-10.000,958.839,1012.868,-27.015,2.481,0.320
288.9797,-9.000,970.806,1000.163,-14.678,12.067,0.320
289.0780,-9.000,962.365,1010.976,-24.306,2.490,0.320
289.1857,-9.000,961.346,1014.011,-26.333,0.514,0.320
289.2837,-9.000,961.745,1015.327,-26.791,0.106,0.320
289.3838,-10.000,946.058,1028.631,-41.286,-11.534,0.320
289.4807,-11.000,939.362,1032.462,-46.550,-13.936,0.320
289.5795,-12.000,934.361,1034.186,-49.913,-14.431,0.320
289.6786,-14.000,913.293,1047.791,-67.249,-26.089,0.320
289.7902,-15.000,917.466,1039.432,-60.983,-16.939,0.320
289.8777,-17.000,897.985,1050.676,-76.346,-26.606,0.320
289.9758,-19.000,885.943,1054.037,-84.047,-28.601,0.320
290.0787,-20.000,891.677,1043.083,-75.703,-17.457,0.320
290.1811,-20.000,904.814,1028.510,-61.848,-3.602,0.320
290.2785,-19.000,920.232,1009.712,-44.740,10.812,0.320
290.3787,-19.000,911.608,1018.462,-53.427,2.231,0.320
290.4758,-18.000,923.065,1004.952,-40.943,12.016,0.320
290.5846,-18.000,914.056,1015.217,-50.581,2.479,0.320
290.6805,-17.000,925.802,1002.378,-38.288,12.067,0.320
290.7775,-16.000,930.446,997.644,-33.599,14.046,0.320
290.8767,-15.000,933.952,994.902,-30.475,14.454,0.320
290.9776,-13.000,950.784,977.400,-13.308,26.094,0.320
291.0787,-12.000,945.998,985.456,-19.729,16.940,0.320
291.1788,-11.000,948.658,986.416,-18.879,15.051,0.320
291.2882,-10.000,952.970,986.020,-16.525,14.661,0.320
291.3756,-9.000,957.724,985.436,-13.856,14.581,0.320
291.4835,-9.000,949.373,1000.330,-25.478,3.009,0.320
291.5806,-9.000,949.716,1005.550,-27.917,0.621,0.320
291.6774,-9.000,951.537,1008.457,-28.460,0.128,0.320
291.7808,-9.000,953.394,1010.618,-28.612,0.026,0.320
291.8803,-8.000,968.312,996.956,-14.322,11.561,0.320
291.9777,-7.000,974.407,992.769,-9.181,13.941,0.320
292.0854,-7.000,965.614,1006.183,-20.285,2.877,0.320
292.1774,-7.000,965.255,1010.470,-22.607,0.594,0.320
292.2772,-7.000,966.415,1012.650,-23.118,0.122,0.320
292.3757,-7.000,967.697,1014.205,-23.254,0.025,0.320
292.4837,-6.000,982.125,1000.029,-8.952,11.561,0.320
292.5807,-5.000,987.805,995.404,-3.800,13.941,0.320
292.6796,-4.000,991.942,993.004,-0.531,14.432,0.320
292.7783,-4.000,982.703,1006.718,-12.008,2.978,0.320
292.8815,-3.000,995.501,995.565,-0.032,12.170,0.320
292.9815,-3.000,988.024,1007.440,-9.708,2.511,0.320
293.0816,-3.000,987.883,1011.319,-11.718,0.518,0.320
293.1805,-2.000,1002.325,997.894,2.215,11.662,0.320
293.2799,-2.000,994.990,1009.094,-7.052,2.407,0.320
293.3842,-2.000,994.712,1012.658,-8.973,0.497,0.320
293.4846,-2.000,995.703,1014.459,-9.378,0.102,0.320
293.5825,-1.000,1010.078,1000.297,4.890,11.577,0.320
293.6826,-1.000,1002.475,1011.082,-4.303,2.389,0.320
293.7818,-1.000,1001.926,1014.335,-6.205,0.493,0.320
293.8787,-0.000,1015.959,1000.440,7.760,11.657,0.320
293.9779,-0.000,1008.267,1011.251,-1.492,2.405,0.320
294.0775,1.000,1020.124,998.204,10.960,12.052,0.320
294.1752,1.000,1011.559,1008.758,1.401,2.487,0.320
294.2781,1.000,1010.436,1011.571,-0.568,0.513,0.320
294.3818,1.000,1010.752,1012.691,-0.969,0.106,0.320
294.4802,1.000,1011.285,1013.380,-1.048,0.022,0.320
294.5791,1.000,1011.792,1013.911,-1.059,0.005,0.320
294.6766,1.000,1012.235,1014.350,-1.057,0.001,0.320
294.7831,1.000,1012.615,1014.720,-1.053,0.000,0.320
294.8825,1.000,1012.939,1015.033,-1.047,0.000,0.320
294.9846,1.000,1013.216,1015.299,-1.042,0.000,0.320
295.0855,1.000,1013.451,1015.523,-1.036,0.000,0.320
295.1837,2.000,1026.094,999.432,13.331,11.556,0.320
295.2769,2.000,1016.968,1008.627,4.171,2.384,0.320
295.3757,1.000,999.675,1023.818,-12.072,-11.064,0.320
