time_s,error_mm,left_rpm,right_rpm,pid_output,d_term,target_speed_ms
0.0003,-17.000,-570.865,600.547,-585.706,-538.087,0.320
0.0965,-17.000,-129.979,187.517,-158.748,-111.034,0.320
0.2044,-16.000,-14.439,98.281,-56.360,-11.356,0.320
0.3043,-16.000,6.976,101.850,-47.437,-2.343,0.320
0.4022,-16.000,20.678,112.011,-45.667,-0.484,0.320
0.5005,-16.000,32.427,123.172,-45.372,-0.100,0.320
0.5985,-15.000,57.827,119.870,-31.022,11.535,0.320
0.6973,-15.000,61.588,142.109,-40.260,2.380,0.320
0.7939,-15.000,73.052,157.519,-42.233,0.491,0.320
0.8944,-15.000,86.387,171.801,-42.707,0.101,0.320
1.0033,-15.000,100.347,186.090,-42.872,0.021,0.320
1.1006,-15.000,114.639,200.584,-42.972,0.004,0.320
1.1983,-14.000,142.455,199.852,-28.699,11.556,0.320
1.2949,-14.000,148.602,224.500,-37.949,2.385,0.320
1.4011,-14.000,162.107,241.946,-39.920,0.492,0.320
1.4988,-13.000,190.460,242.516,-26.028,11.657,0.320
1.5958,-13.000,197.316,268.020,-35.352,2.405,0.320
1.6949,-13.000,211.474,286.141,-37.334,0.496,0.320
1.8029,-12.000,240.394,287.273,-23.439,11.658,0.320
1.9000,-12.000,247.734,313.252,-32.759,2.406,0.320
1.9982,-11.000,275.587,316.336,-20.374,12.052,0.320
2.0974,-10.000,296.277,327.556,-15.640,14.042,0.320
2.1939,-10.000,302.525,356.206,-26.841,2.898,0.320
2.2941,-10.000,317.389,375.781,-29.196,0.598,0.320
2.4018,-9.000,347.163,377.894,-15.366,11.679,0.320
2.4981,-9.000,355.283,404.653,-24.685,2.410,0.320
2.5974,-8.000,383.812,408.386,-12.287,12.053,0.320
2.6945,-7.000,405.081,420.154,-7.536,14.043,0.320
2.8004,-7.000,411.825,449.266,-18.721,2.898,0.320
2.8973,-6.000,440.393,453.790,-6.698,12.153,0.320
2.9966,-5.000,461.947,465.979,-2.016,14.063,0.320
3.1032,-5.000,468.985,495.397,-13.206,2.902,0.320
3.2020,-4.000,497.817,500.168,-1.176,12.154,0.320
3.2993,-3.000,519.597,512.564,3.517,14.064,0.320
3.3964,-3.000,526.831,542.155,-7.662,2.902,0.320
3.4948,-2.000,555.831,547.072,4.379,12.154,0.320
3.6020,-1.000,577.756,559.590,9.083,14.064,0.320
3.7030,-1.000,585.114,589.283,-2.084,2.902,0.320
3.8033,-0.000,614.221,594.284,9.968,12.154,0.320
3.9016,1.000,635.399,606.033,14.683,14.064,0.320
3.9995,1.000,642.124,635.070,3.527,2.902,0.320
4.0959,2.000,669.854,638.673,15.591,12.154,0.320
4.2028,3.000,689.864,649.231,20.317,14.064,0.320
4.2999,4.000,708.039,660.973,23.533,14.458,0.320
4.3962,5.000,725.630,672.745,26.442,14.539,0.320
4.4954,5.000,730.486,700.623,14.931,3.000,0.320
4.6023,6.000,756.874,702.994,26.940,12.175,0.320
4.6994,6.000,763.354,728.733,17.311,2.512,0.320
4.7965,7.000,789.916,730.493,29.712,12.074,0.320
4.8935,7.000,796.297,755.960,20.168,2.491,0.320
4.9928,7.000,810.281,773.820,18.230,0.514,0.320
5.0924,7.000,825.834,790.111,17.861,0.106,0.320
5.2016,7.000,841.709,806.076,17.816,0.022,0.320
5.2982,7.000,857.651,821.974,17.838,0.005,0.320
5.3936,8.000,886.047,821.577,32.235,11.556,0.320
5.5026,8.000,892.707,846.491,23.108,2.385,0.320
5.5979,8.000,906.665,864.144,21.260,0.492,0.320
5.6941,9.000,934.583,864.031,35.276,11.657,0.320
5.7923,9.000,941.086,888.937,26.074,2.405,0.320
5.8955,10.000,967.404,890.251,38.577,12.052,0.320
5.9947,11.000,985.967,899.109,43.429,14.042,0.320
6.0932,11.000,990.426,925.734,32.346,2.898,0.320
6.2013,11.000,1003.785,943.570,30.108,0.598,0.320
6.3003,12.000,1031.459,943.347,44.056,11.679,0.320
6.4012,12.000,1021.896,952.187,34.854,2.410,0.320
6.5002,13.000,1032.184,937.444,47.370,12.053,0.320
6.5979,13.000,1022.298,946.544,37.877,2.487,0.320
6.6948,13.000,1020.062,948.111,35.976,0.513,0.320
6.8017,13.000,1019.444,948.161,35.641,0.106,0.320
6.8985,13.000,1019.191,947.931,35.630,0.022,0.320
6.9943,13.000,1019.041,947.670,35.685,0.005,0.320
7.1009,13.000,1018.936,947.427,35.755,0.001,0.320
7.1979,13.000,1018.860,947.206,35.827,0.000,0.320
7.2965,13.000,1018.806,947.007,35.899,0.000,0.320
7.3961,13.000,1018.772,946.828,35.972,0.000,0.320
7.4925,13.000,1018.754,946.664,36.045,0.000,0.320
7.5992,13.000,1018.749,946.513,36.118,0.000,0.320
7.6970,13.000,1018.756,946.375,36.191,0.000,0.320
7.7942,13.000,1018.773,946.246,36.263,0.000,0.320
7.9025,12.000,1003.357,959.407,21.975,-11.556,0.320
7.9978,11.000,997.696,963.991,16.852,-13.940,0.320
8.0971,11.000,1009.863,953.909,27.977,-2.877,0.320
8.1938,11.000,978.146,969.853,4.147,-0.822,0.180
8.3004,11.000,970.130,960.643,4.744,-0.235,0.180
8.3989,11.000,961.076,951.234,4.921,-0.067,0.180
8.4973,11.000,951.378,941.420,4.979,-0.019,0.180
8.5969,11.000,941.199,931.193,5.003,-0.005,0.180
8.6934,11.000,930.630,920.597,5.016,-0.002,0.180
8.8013,10.000,916.560,909.978,3.291,-1.286,0.180
8.8983,10.000,906.585,898.147,4.219,-0.367,0.180
8.9948,11.000,895.855,883.402,6.227,1.181,0.180
9.0916,10.000,880.609,873.296,3.657,-0.948,0.180
9.1917,10.000,870.110,861.424,4.343,-0.271,0.180
9.2979,10.000,858.896,849.805,4.546,-0.077,0.180
9.3960,10.000,847.346,838.126,4.610,-0.022,0.180
9.4945,10.000,835.588,826.319,4.635,-0.006,0.180
9.5916,10.000,823.677,814.381,4.648,-0.002,0.180
9.6988,9.000,808.465,802.621,2.922,-1.286,0.180
9.7966,9.000,797.519,789.822,3.849,-0.367,0.180
9.8943,9.000,785.788,777.549,4.119,-0.105,0.180
9.9921,9.000,773.760,765.355,4.202,-0.030,0.180
10.1017,9.000,761.585,753.121,4.232,-0.009,0.180
10.1973,9.000,749.315,740.823,4.246,-0.002,0.180
10.2961,8.000,733.798,728.759,2.519,-1.286,0.180
10.3953,8.000,722.591,715.701,3.445,-0.368,0.180
10.4916,8.000,710.639,703.209,3.715,-0.105,0.180
10.6004,8.000,698.422,690.828,3.797,-0.030,0.180
10.6977,7.000,682.911,678.732,2.089,-1.294,0.180
10.7966,7.000,671.698,665.658,3.020,-0.370,0.180
10.8966,7.000,659.737,653.156,3.291,-0.106,0.180
10.9940,7.000,647.512,640.768,3.372,-0.030,0.180
11.0932,7.000,635.170,628.369,3.400,-0.009,0.180
11.1907,7.000,622.757,615.932,3.413,-0.002,0.180
11.2982,7.000,610.295,603.453,3.421,-0.001,0.180
11.3941,7.000,597.791,590.936,3.428,-0.000,0.180
11.4929,7.000,585.254,578.386,3.434,-0.000,0.180
11.5996,7.000,572.689,565.808,3.440,-0.000,0.180
11.6978,7.000,572.831,565.938,3.447,-0.000,0.180
11.7970,7.000,572.954,566.048,3.453,-0.000,0.180
11.8946,7.000,573.059,566.140,3.459,-0.000,0.180
11.9918,8.000,573.325,562.921,5.202,1.286,0.180
12.0997,7.000,569.483,564.374,2.554,-0.918,0.180
12.1954,8.000,570.806,560.900,4.953,1.023,0.180
12.2944,8.000,570.668,562.209,4.230,0.292,0.180
12.3906,8.000,570.965,562.909,4.028,0.084,0.180
12.4996,8.000,571.335,563.385,3.975,0.024,0.180
12.5959,8.000,571.685,563.754,3.966,0.007,0.180
12.6942,8.000,571.993,564.058,3.968,0.002,0.180
12.7926,8.000,572.259,564.312,3.974,0.001,0.180
12.8917,8.000,572.487,564.526,3.980,0.000,0.180
12.9913,8.000,572.682,564.707,3.988,0.000,0.180
13.0993,8.000,572.849,564.859,3.995,0.000,0.180
13.1986,9.000,573.168,561.691,5.739,1.286,0.180
13.2951,9.000,572.547,562.890,4.828,0.367,0.180
13.3939,9.000,572.539,563.391,4.574,0.105,0.180
13.4911,9.000,572.681,563.667,4.507,0.030,0.180
13.5977,8.000,569.669,564.154,2.757,-1.277,0.180
13.6944,8.000,571.015,563.662,3.677,-0.365,0.180
13.7930,8.000,571.646,563.757,3.944,-0.104,0.180
13.8997,8.000,572.036,563.984,4.026,-0.030,0.180
14.0000,7.000,569.150,564.514,2.318,-1.294,0.180
14.0979,7.000,570.580,564.082,3.249,-0.370,0.180
14.1955,6.000,568.098,564.533,1.783,-1.391,0.180
14.2942,6.000,569.733,564.170,2.782,-0.398,0.180
14.3921,5.000,567.387,564.718,1.335,-1.399,0.180
14.4920,5.000,569.127,564.450,2.339,-0.400,0.180
14.5907,5.000,570.043,564.785,2.629,-0.114,0.180
14.6985,4.000,567.484,565.528,0.978,-1.318,0.180
14.7964,4.000,569.157,565.310,1.923,-0.377,0.180
14.8950,4.000,570.048,565.656,2.196,-0.108,0.180
14.9934,3.000,567.478,566.398,0.540,-1.316,0.180
15.0912,3.000,569.144,566.178,1.483,-0.376,0.180
15.1890,3.000,570.030,566.521,1.754,-0.107,0.180
15.2965,2.000,567.455,567.261,0.097,-1.316,0.180
15.3935,2.000,569.117,567.039,1.039,-0.376,0.180
15.4900,2.000,570.000,567.380,1.310,-0.107,0.180
15.5961,2.000,570.599,567.822,1.388,-0.031,0.180
15.6949,1.000,567.888,568.537,-0.325,-1.294,0.180
15.7923,-0.000,566.289,568.560,-1.136,-1.656,0.180
15.8897,-0.000,568.301,568.208,0.047,-0.473,0.180
15.9899,-0.000,569.345,568.575,0.385,-0.135,0.180
16.0920,-1.000,566.744,569.255,-1.255,-1.324,0.180
16.1893,-1.000,568.373,568.994,-0.310,-0.378,0.180
16.2971,-1.000,569.224,569.306,-0.041,-0.108,0.180
16.3947,-2.000,566.498,569.900,-1.701,-1.317,0.180
16.4943,-2.000,568.030,569.555,-0.763,-0.376,0.180
16.5948,-2.000,568.802,569.793,-0.496,-0.107,0.180
16.6924,-2.000,569.306,570.147,-0.421,-0.031,0.180
16.7915,-2.000,569.691,570.492,-0.401,-0.009,0.180
16.8897,-2.000,570.005,570.798,-0.396,-0.003,0.180
16.9986,-3.000,566.972,571.238,-2.133,-1.286,0.180
17.0977,-3.000,568.286,570.720,-1.217,-0.368,0.180
17.1940,-4.000,565.588,570.975,-2.693,-1.391,0.180
17.2890,-4.000,567.039,570.446,-1.704,-0.397,0.180
17.4005,-4.000,567.712,570.559,-1.423,-0.114,0.180
17.4971,-5.000,564.826,570.991,-3.083,-1.318,0.180
17.5942,-5.000,566.221,570.512,-2.145,-0.377,0.180
17.6901,-6.000,563.577,570.812,-3.618,-1.393,0.180
17.7981,-7.000,561.775,570.504,-4.364,-1.684,0.180
17.8975,-7.000,563.574,569.910,-3.168,-0.481,0.180
17.9945,-8.000,561.127,570.262,-4.567,-1.423,0.180
18.0910,-9.000,559.450,570.039,-5.294,-1.692,0.180
18.1985,-9.000,561.343,569.530,-4.094,-0.484,0.180
18.2964,-10.000,558.971,569.958,-5.493,-1.424,0.180
18.3932,-10.000,560.654,569.624,-4.485,-0.407,0.180
18.4918,-10.000,561.508,569.915,-4.203,-0.116,0.180
18.5879,-10.000,562.069,570.328,-4.129,-0.033,0.180
18.6903,-11.000,559.201,570.904,-5.851,-1.295,0.180
18.7901,-11.000,560.642,570.515,-4.936,-0.370,0.180
18.8985,-11.000,561.344,570.707,-4.682,-0.106,0.180
18.9966,-11.000,561.789,571.021,-4.616,-0.030,0.180
19.0931,-10.000,562.420,568.156,-2.868,1.277,0.180
19.1940,-10.000,562.050,569.628,-3.789,0.365,0.180
19.2899,-9.000,562.545,567.189,-2.322,1.390,0.180
19.3886,-8.000,562.514,565.687,-1.586,1.683,0.180
19.4965,-8.000,562.154,567.745,-2.796,0.481,0.180
19.5883,-7.000,562.821,565.640,-1.410,1.423,0.180
19.6967,-7.000,562.687,567.552,-2.432,0.407,0.180
19.7953,-6.000,563.443,565.428,-0.992,1.402,0.180
19.8933,-5.000,563.651,564.176,-0.263,1.686,0.180
19.9915,-5.000,563.499,566.442,-1.472,0.482,0.180
20.0900,-4.000,564.345,564.512,-0.084,1.423,0.180
20.1916,-3.000,564.661,563.395,0.633,1.692,0.180
20.2906,-2.000,564.905,562.590,1.158,1.769,0.180
20.3883,-1.000,565.198,561.940,1.629,1.791,0.180
20.4976,-1.000,565.266,564.569,0.349,0.512,0.180
20.5955,-0.000,566.342,562.905,1.719,1.432,0.180
20.6935,-0.000,566.570,565.178,0.696,0.409,0.180
20.7906,1.000,567.517,563.236,2.140,1.403,0.180
20.8876,3.000,567.946,558.721,4.613,2.972,0.180
20.9965,3.000,567.090,562.105,2.492,0.849,0.180
21.0939,3.000,567.560,563.783,1.888,0.243,0.180
21.1930,4.000,568.479,561.570,3.454,1.355,0.180
21.2930,5.000,568.641,560.188,4.227,1.673,0.180
21.3892,5.000,568.432,562.360,3.036,0.478,0.180
21.4974,6.000,569.107,560.234,4.436,1.422,0.180
21.5950,7.000,569.156,558.832,5.162,1.692,0.180
21.6927,8.000,569.055,557.662,5.696,1.769,0.180
21.7896,9.000,568.935,556.582,6.177,1.791,0.180
21.8873,9.000,568.654,558.843,4.905,0.512,0.180
21.9966,10.000,569.314,556.745,6.284,1.432,0.180
22.0929,10.000,569.190,558.649,5.271,0.409,0.180
22.1897,11.000,569.839,556.391,6.724,1.403,0.180
22.2883,11.000,569.663,558.199,5.732,0.401,0.180
22.3965,11.000,570.081,559.170,5.456,0.114,0.180
22.4945,12.000,570.776,556.535,7.120,1.318,0.180
22.5938,12.000,570.520,558.141,6.189,0.377,0.180
22.6907,12.000,570.836,558.974,5.931,0.108,0.180
22.7876,12.000,571.258,559.528,5.865,0.031,0.180
22.8965,13.000,571.838,556.657,7.591,1.295,0.180
22.9937,13.000,571.452,558.097,6.678,0.370,0.180
23.0897,14.000,571.662,555.662,8.000,1.391,0.180
23.1871,14.000,571.397,557.036,7.180,0.398,0.180
23.2961,14.000,571.597,557.779,6.909,0.114,0.180
23.3955,15.000,571.528,555.528,8.000,1.318,0.180
23.4941,15.000,571.692,556.394,7.649,0.377,0.180
23.5913,15.000,571.874,557.086,7.394,0.108,0.180
23.6869,15.000,572.182,557.522,7.330,0.031,0.180
23.7960,16.000,571.608,555.608,8.000,1.294,0.180
23.8910,16.000,572.050,556.050,8.000,0.370,0.180
23.9870,16.000,572.325,556.528,7.898,0.106,0.180
24.0964,16.000,572.584,556.909,7.837,0.030,0.180
24.1944,16.000,572.848,557.188,7.830,0.009,0.180
24.2911,17.000,571.689,555.689,8.000,1.288,0.180
24.3875,17.000,572.060,556.060,8.000,0.368,0.180
24.4958,17.000,572.374,556.374,8.000,0.105,0.180
24.5922,17.000,572.642,556.642,8.000,0.030,0.180
24.6911,17.000,572.869,556.869,8.000,0.009,0.180
24.7902,17.000,573.063,557.063,8.000,0.002,0.180
24.8880,17.000,573.227,557.227,8.000,0.001,0.180
24.9960,17.000,573.367,557.367,8.000,0.000,0.180
25.0966,16.000,570.718,557.373,6.673,-1.286,0.180
25.1967,16.000,572.028,556.817,7.605,-0.367,0.180
25.2951,16.000,572.625,556.861,7.882,-0.105,0.180
25.3952,16.000,572.987,557.044,7.972,-0.030,0.180
25.4922,15.000,570.077,557.536,6.271,-1.294,0.180
25.5896,15.000,571.488,557.071,7.209,-0.370,0.180
25.6875,15.000,572.168,557.195,7.486,-0.106,0.180
25.7855,14.000,569.421,557.744,5.839,-1.316,0.180
54.2657,13.000,462.734,-433.052,447.893,411.478,0.320
54.2766,13.000,289.296,-231.758,260.527,224.097,0.320
54.3857,13.000,124.667,-40.824,82.745,46.242,0.320
54.4836,13.000,100.531,8.295,46.118,9.542,0.320
54.5816,12.000,90.601,42.088,24.257,-9.587,0.320
54.6788,12.000,111.137,47.273,31.932,-1.978,0.320
54.7772,12.000,126.093,58.954,33.569,-0.408,0.320
54.8858,12.000,140.193,72.271,33.961,-0.084,0.320
54.9826,12.000,154.366,86.177,34.095,-0.017,0.320
55.0805,11.000,153.327,113.698,19.814,-11.559,0.320
55.1764,11.000,177.704,119.604,29.050,-2.385,0.320
55.2847,11.000,194.917,132.907,31.005,-0.492,0.320
55.3818,11.000,210.725,147.812,31.457,-0.102,0.320
55.4795,11.000,226.308,163.110,31.599,-0.021,0.320
55.5756,10.000,226.457,191.825,17.316,-11.560,0.320
55.6826,10.000,251.842,198.748,26.547,-2.385,0.320
55.7792,10.000,269.909,212.918,28.496,-0.492,0.320
55.8777,9.000,271.003,241.840,14.581,-11.657,0.320
55.9847,9.000,296.949,249.182,23.883,-2.405,0.320
56.0821,8.000,300.002,277.039,11.482,-12.052,0.320
56.1776,8.000,326.636,284.453,21.091,-2.487,0.320
56.2853,7.000,330.071,312.573,8.749,-12.069,0.320
56.3828,7.000,356.987,320.254,18.366,-2.490,0.320
56.4782,6.000,360.652,348.611,6.021,-12.069,0.320
56.5759,6.000,387.762,356.495,15.633,-2.491,0.320
56.6853,5.000,391.590,385.025,3.283,-12.069,0.320
56.7757,4.000,403.396,406.339,-1.472,-14.046,0.320
56.8846,3.000,417.088,426.413,-4.663,-14.454,0.320
56.9832,3.000,446.814,433.163,6.825,-2.983,0.320
57.0795,2.000,451.646,461.950,-5.152,-12.171,0.320
57.1777,1.000,464.052,483.736,-9.842,-14.067,0.320
57.2751,-0.000,478.199,504.266,-13.033,-14.458,0.320
57.3829,-0.000,508.299,511.416,-1.559,-2.983,0.320
57.4826,-0.000,528.885,527.267,0.809,-0.616,0.320
57.5782,-0.000,547.247,544.652,1.298,-0.127,0.320
57.6765,-0.000,564.927,562.130,1.399,-0.026,0.320
57.7847,-0.000,582.278,579.439,1.419,-0.005,0.320
57.8812,-0.000,599.400,596.553,1.424,-0.001,0.320
57.9781,-0.000,616.339,613.489,1.425,-0.000,0.320
58.0847,-0.000,633.123,630.273,1.425,-0.000,0.320
58.1826,-0.000,649.777,646.927,1.425,-0.000,0.320
58.2806,-0.000,666.320,663.470,1.425,-0.000,0.320
58.3768,-1.000,666.488,692.360,-12.936,-11.556,0.320
58.4750,-1.000,691.890,699.432,-3.771,-2.384,0.320
58.5852,-1.000,709.966,713.734,-1.884,-0.492,0.320
58.6820,-1.000,726.498,729.497,-1.499,-0.102,0.320
58.7793,-1.000,742.686,745.534,-1.424,-0.021,0.320
58.8767,-2.000,742.499,774.048,-15.774,-11.560,0.320
58.9837,-2.000,767.589,780.811,-6.611,-2.385,0.320
59.0820,-2.000,785.395,794.853,-4.729,-0.492,0.320
59.1813,-2.000,801.698,810.397,-4.350,-0.102,0.320
59.2786,-2.000,817.689,826.250,-4.280,-0.021,0.320
59.3761,-3.000,817.335,854.606,-18.636,-11.560,0.320
59.4831,-3.000,842.281,861.237,-9.478,-2.385,0.320
59.5792,-3.000,859.964,875.168,-7.602,-0.492,0.320
59.6778,-3.000,876.162,890.618,-7.228,-0.102,0.320
59.7766,-3.000,892.063,906.391,-7.164,-0.021,0.320
59.8758,-3.000,907.912,922.240,-7.164,-0.004,0.320
59.9847,-3.000,923.757,938.113,-7.178,-0.001,0.320
60.0826,-4.000,923.328,966.437,-21.555,-11.556,0.320
60.1792,-4.000,948.219,973.031,-12.406,-2.385,0.320
60.2779,-4.000,965.858,986.930,-10.536,-0.492,0.320
60.3753,-4.000,982.017,1002.352,-10.168,-0.102,0.320
60.4759,-5.000,981.603,1030.545,-24.471,-11.577,0.320
60.5747,-5.000,990.540,1021.163,-15.311,-2.389,0.320
60.6837,-5.000,992.219,1019.106,-13.443,-0.493,0.320
60.7827,-6.000,976.141,1031.024,-27.441,-11.657,0.320
60.8794,-6.000,985.091,1021.537,-18.223,-2.405,0.320
60.9762,-7.000,970.457,1031.874,-30.709,-12.052,0.320
61.0744,-7.000,979.657,1022.023,-21.183,-2.487,0.320
61.1836,-7.000,981.314,1019.811,-19.248,-0.513,0.320
61.2827,-7.000,981.447,1019.207,-18.880,-0.106,0.320
61.3809,-7.000,981.291,1018.962,-18.835,-0.022,0.320
61.4817,-8.000,964.818,1031.255,-33.218,-11.560,0.320
61.5808,-8.000,973.671,1021.849,-24.089,-2.385,0.320
61.6781,-9.000,959.004,1032.206,-36.601,-12.048,0.320
61.7758,-8.000,981.464,1006.922,-12.729,9.070,0.320
61.8832,-8.000,974.521,1014.465,-19.972,1.871,0.320
61.9824,-8.000,973.246,1016.250,-21.502,0.386,0.320
62.0781,-8.000,973.111,1016.818,-21.853,0.080,0.320
62.1770,-8.000,973.188,1017.110,-21.961,0.016,0.320
62.2834,-8.000,973.286,1017.324,-22.019,0.003,0.320
62.3805,-7.000,986.653,1002.064,-7.705,11.556,0.320
62.4768,-7.000,978.137,1011.970,-16.916,2.385,0.320
62.5749,-7.000,976.796,1014.492,-18.848,0.492,0.320
62.6848,-7.000,976.869,1015.424,-19.278,0.102,0.320
62.7738,-7.000,977.176,1015.971,-19.397,0.021,0.320
62.8831,-6.000,990.764,1000.948,-5.092,11.560,0.320
62.9799,-6.000,982.447,1011.047,-14.300,2.385,0.320
63.0790,-6.000,981.277,1013.731,-16.227,0.492,0.320
63.1764,-6.000,981.496,1014.798,-16.651,0.102,0.320
63.2742,-6.000,981.928,1015.459,-16.765,0.021,0.320
63.3830,-5.000,995.624,1000.533,-2.455,11.560,0.320
63.4796,-5.000,987.399,1010.713,-11.657,2.385,0.320
63.5788,-4.000,999.589,998.023,0.783,12.048,0.320
63.6745,-4.000,991.293,1008.895,-8.801,2.486,0.320
63.7826,-4.000,990.392,1011.986,-10.797,0.513,0.320
63.8807,-3.000,1004.174,997.904,3.135,11.661,0.320
63.9766,-3.000,996.276,1008.549,-6.137,2.406,0.320
64.0748,-2.000,1008.797,996.202,6.298,12.052,0.320
64.1777,-2.000,1000.795,1007.352,-3.279,2.487,0.320
64.2769,-2.000,1000.148,1010.675,-5.264,0.513,0.320
64.3752,-2.000,1000.866,1012.231,-5.682,0.106,0.320
64.4742,-2.000,1001.738,1013.292,-5.777,0.022,0.320
64.5816,-2.000,1002.531,1014.143,-5.806,0.005,0.320
64.6815,-3.000,986.933,1027.297,-20.182,-11.555,0.320
64.7787,-3.000,996.548,1018.605,-11.028,-2.384,0.320
64.8775,-4.000,982.535,1029.563,-23.514,-12.048,0.320
64.9753,-4.000,992.276,1020.225,-13.975,-2.486,0.320
65.0748,-5.000,978.116,1030.887,-26.385,-12.069,0.320
65.1811,-5.000,987.680,1021.351,-16.835,-2.490,0.320
65.2793,-6.000,973.359,1031.855,-29.248,-12.069,0.320
65.3774,-6.000,982.782,1022.187,-19.703,-2.491,0.320
65.4749,-7.000,968.340,1032.582,-32.121,-12.069,0.320
65.5813,-8.000,961.379,1035.263,-36.942,-14.046,0.320
65.6775,-8.000,972.162,1023.841,-25.839,-2.898,0.320
65.7747,-9.000,957.865,1033.755,-37.945,-12.154,0.320
65.8749,-9.000,967.098,1023.797,-28.350,-2.508,0.320
65.9729,-10.000,952.449,1033.990,-40.771,-12.073,0.320
66.0816,-10.000,961.580,1024.070,-31.245,-2.491,0.320
66.1788,-11.000,946.885,1034.255,-43.685,-12.070,0.320
66.2773,-12.000,939.705,1036.762,-48.529,-14.046,0.320
66.3756,-12.000,950.299,1025.195,-37.448,-2.898,0.320
66.4733,-13.000,935.838,1034.990,-49.576,-12.154,0.320
66.5802,-13.000,944.928,1024.934,-40.003,-2.508,0.320
66.6779,-14.000,930.154,1035.047,-52.447,-12.073,0.320
66.7758,-14.000,939.176,1025.062,-42.943,-2.491,0.320
66.8733,-14.000,940.666,1022.755,-41.044,-0.514,0.320
66.9714,-13.000,953.929,1006.636,-26.354,11.449,0.320
67.0786,-12.000,958.337,1000.641,-21.152,13.918,0.320
67.1747,-12.000,948.049,1012.580,-32.266,2.872,0.320
67.2738,-11.000,959.685,1000.187,-20.251,12.148,0.320
67.3817,-11.000,951.161,1011.069,-29.954,2.507,0.320
67.4798,-10.000,963.392,998.680,-17.644,12.073,0.320
67.5790,-9.000,968.469,994.310,-12.920,14.047,0.320
67.6763,-9.000,959.071,1007.309,-24.119,2.899,0.320
67.7733,-8.000,971.532,995.749,-12.109,12.154,0.320
67.8824,-7.000,977.005,991.881,-7.438,14.063,0.320
67.9808,-6.000,981.268,989.823,-4.278,14.458,0.320
68.0816,-4.000,998.760,972.886,12.937,26.094,0.320
68.1800,-4.000,981.263,996.854,-7.795,5.385,0.320
68.2777,-3.000,992.998,988.458,2.270,12.667,0.320
68.3766,-2.000,999.129,986.007,6.561,14.169,0.320
68.4742,-2.000,990.936,1000.327,-4.695,2.924,0.320
68.5731,-1.000,1004.490,989.822,7.334,12.159,0.320
68.6717,-0.000,1010.911,986.832,12.040,14.065,0.320
68.7791,-0.000,1002.707,1000.952,0.877,2.902,0.320
68.8768,-0.000,1002.918,1005.770,-1.426,0.599,0.320
68.9744,-0.000,1004.580,1008.382,-1.901,0.124,0.320
69.0716,1.000,1018.740,994.016,12.362,11.581,0.320
69.1777,1.000,1010.966,1004.614,3.176,2.390,0.320
69.2766,1.000,1010.276,1007.705,1.285,0.493,0.320
69.3750,1.000,1010.910,1009.111,0.899,0.102,0.320
69.4711,1.000,1011.702,1010.054,0.824,0.021,0.320
69.5784,2.000,1024.869,994.521,15.174,11.560,0.320
69.6772,2.000,1016.201,1004.179,6.011,2.385,0.320
69.7777,2.000,1014.739,1006.481,4.129,0.492,0.320
69.8790,2.000,1014.717,1007.218,3.750,0.102,0.320
69.9750,2.000,1014.951,1007.591,3.680,0.021,0.320
70.0742,3.000,1027.645,991.574,18.036,11.560,0.320
70.1711,3.000,1018.575,1000.819,8.878,2.385,0.320
70.2807,3.000,1016.773,1002.769,7.002,0.492,0.320
70.3798,3.000,1016.462,1003.206,6.628,0.102,0.320
70.4800,3.000,1016.452,1003.324,6.564,0.021,0.320
70.5767,3.000,980.872,1007.885,6.096,0.004,0.180
70.6743,3.000,948.962,1008.653,6.108,0.001,0.180
70.7718,3.000,919.768,1006.603,6.123,0.000,0.180
70.8804,3.000,892.879,1002.159,6.138,0.000,0.180
70.9807,3.000,867.950,995.680,6.154,0.000,0.180
71.0792,3.000,844.686,987.473,6.169,0.000,0.180
71.1764,3.000,822.838,977.796,6.185,0.000,0.180
71.2749,3.000,802.194,966.869,6.201,0.000,0.180
71.3719,4.000,789.945,943.908,15.390,6.568,0.180
71.4709,5.000,773.356,925.194,19.399,7.951,0.180
71.5784,6.000,756.394,906.773,22.321,8.242,0.180
71.6790,7.000,739.814,887.904,25.019,8.304,0.180
71.7774,8.000,723.706,868.505,27.673,8.317,0.180
71.8770,10.000,715.405,837.651,39.496,14.888,0.180
71.9777,11.000,694.895,822.504,36.968,9.703,0.180
72.0745,12.000,678.806,802.911,38.539,8.611,0.180
72.1715,13.000,663.856,782.155,40.977,8.381,0.180
72.2707,14.000,649.324,760.963,43.602,8.333,0.180
72.3768,15.000,635.033,739.513,46.269,8.323,0.180
72.4736,16.000,620.924,717.870,48.950,8.321,0.180
72.5715,17.000,606.963,696.065,51.638,8.320,0.180
72.6704,18.000,593.129,674.124,54.332,8.320,0.180
72.7797,19.000,579.403,652.066,57.031,8.320,0.180
72.8768,20.000,565.666,630.012,59.631,8.320,0.180
72.9775,21.000,552.004,607.878,62.231,8.320,0.180
73.0755,22.000,538.404,585.676,64.831,8.320,0.180
73.1723,23.000,524.859,563.415,67.431,8.320,0.180
73.2697,24.000,511.359,541.105,70.031,8.320,0.180
73.3766,24.000,506.134,545.948,63.462,1.752,0.180
73.4736,25.000,513.261,534.896,71.248,6.937,0.180
73.5704,26.000,516.093,528.128,74.939,8.029,0.180
73.6799,27.000,517.892,522.383,77.769,8.259,0.180
73.7787,28.000,519.365,516.957,80.418,8.307,0.180
73.8780,29.000,520.675,511.686,83.028,8.317,0.180
73.9741,29.000,514.504,517.490,76.462,1.751,0.180
74.0722,30.000,520.826,507.256,84.248,6.937,0.180
74.1703,31.000,522.974,501.184,87.939,8.029,0.180
74.2709,32.000,524.191,496.031,90.769,8.259,0.180
74.3698,32.000,517.800,502.076,84.249,1.739,0.180
74.4771,33.000,523.906,492.076,92.045,6.934,0.180
74.5739,33.000,518.494,497.178,86.571,1.460,0.180
74.6724,33.000,517.396,498.013,85.418,0.307,0.180
74.7696,33.000,517.199,497.986,85.175,0.065,0.180
74.8767,34.000,524.555,486.840,94.293,6.582,0.180
74.9756,34.000,519.362,491.811,89.096,1.386,0.180
75.0725,34.000,518.270,492.714,88.002,0.292,0.180
75.1714,33.000,507.674,500.750,78.604,-6.507,0.180
75.2792,33.000,513.293,495.955,83.741,-1.370,0.180
75.3773,33.000,514.784,495.165,84.822,-0.288,0.180
75.4740,33.000,515.360,495.184,85.050,-0.061,0.180
75.5747,32.000,505.335,503.314,75.929,-6.581,0.180
75.6718,31.000,500.894,506.746,71.957,-7.954,0.180
75.7693,31.000,508.275,501.506,78.236,-1.675,0.180
75.8782,30.000,500.165,509.036,70.390,-6.921,0.180
75.9767,29.000,496.537,512.772,66.685,-8.025,0.180
76.0740,28.000,494.069,515.931,63.853,-8.258,0.180
76.1685,27.000,492.030,519.157,61.204,-8.307,0.180
76.2689,26.000,490.238,522.559,58.593,-8.317,0.180
76.3776,25.000,488.632,526.133,55.991,-8.319,0.180
76.4765,25.000,497.546,521.892,62.559,-1.751,0.180
76.5740,24.000,490.555,530.455,54.773,-6.937,0.180
76.6709,23.000,487.838,535.107,51.082,-8.029,0.180
76.7685,22.000,486.137,539.054,48.252,-8.259,0.180
76.8756,21.000,484.748,542.951,45.604,-8.307,0.180
76.9723,19.000,473.239,554.793,33.924,-14.886,0.180
77.0693,18.000,477.861,554.054,36.601,-9.702,0.180
77.1777,16.000,468.021,565.394,26.007,-15.179,0.180
77.2746,15.000,473.354,564.936,28.900,-9.764,0.180
77.3740,14.000,474.342,568.693,27.513,-8.624,0.180
77.4715,13.000,474.367,573.299,25.221,-8.384,0.180
77.5682,12.000,474.151,578.054,22.734,-8.333,0.180
77.6772,11.000,473.848,582.813,20.201,-8.323,0.180
77.7768,9.000,463.124,595.525,8.482,-14.889,0.180
77.8728,7.000,458.024,603.515,1.936,-16.271,0.180
77.9698,5.000,454.389,610.807,-3.529,-16.562,0.180
78.0679,4.000,461.671,610.233,0.399,-10.055,0.180
78.1758,3.000,463.608,614.598,-0.815,-8.685,0.180
78.2744,1.000,453.912,627.850,-12.290,-14.965,0.180
78.3716,-1.000,448.897,635.889,-18.818,-16.287,0.180
78.4692,-3.000,444.088,642.067,-24.312,-16.566,0.180
78.5751,-5.000,438.786,647.333,-29.596,-16.624,0.180
78.6721,-8.000,421.949,659.340,-44.019,-23.205,0.180
78.7692,-10.000,420.727,658.256,-44.088,-18.022,0.180
78.8690,-13.000,404.003,668.221,-57.432,-23.499,0.180
78.9777,-15.000,402.167,666.110,-57.295,-18.084,0.180
79.0746,-17.000,395.742,667.981,-61.443,-16.944,0.180
79.1729,-19.000,388.148,670.505,-66.502,-16.704,0.180
79.2715,-21.000,380.243,672.899,-71.652,-16.653,0.180
79.3699,-23.000,372.112,675.146,-76.841,-16.643,0.180
79.4675,-24.000,374.782,669.875,-72.870,-10.072,0.180
79.5768,-25.000,372.160,669.686,-74.087,-8.689,0.180
79.6749,-27.000,357.388,677.868,-85.564,-14.966,0.180
79.7727,-28.000,358.435,673.621,-82.917,-9.719,0.180
79.8691,-29.000,355.279,673.456,-84.413,-8.615,0.180
79.9773,-30.000,351.200,674.112,-86.780,-8.382,0.180
80.0749,-31.000,346.894,674.908,-89.331,-8.333,0.180
80.1723,-32.000,342.513,675.706,-91.921,-8.323,0.180
80.2720,-34.000,327.124,683.850,-103.687,-14.889,0.180
80.3708,-35.000,327.831,679.385,-101.101,-9.703,0.180
80.4685,-36.000,324.425,678.995,-102.609,-8.611,0.180
80.5754,-37.000,320.142,679.453,-104.979,-8.381,0.180
80.6743,-38.000,315.665,680.078,-107.531,-8.333,0.180
80.7733,-39.000,311.138,680.731,-110.121,-8.323,0.180
80.8731,-40.000,306.594,681.383,-112.719,-8.321,0.180
80.9710,-42.000,291.071,689.396,-124.487,-14.889,0.180
81.0673,-42.000,302.634,677.451,-112.733,-3.134,0.180
81.1756,-43.000,293.978,682.182,-119.426,-7.228,0.180
81.2738,-45.000,277.579,691.044,-132.057,-14.659,0.180
81.3699,-45.000,288.949,679.268,-120.484,-3.086,0.180
81.4680,-46.000,280.244,684.028,-127.216,-7.218,0.180
81.5755,-47.000,274.798,685.521,-130.686,-8.088,0.180
81.6758,-47.000,281.003,678.956,-124.301,-1.703,0.180
81.7748,-48.000,271.225,684.827,-132.125,-6.927,0.180
81.8734,-48.000,276.534,679.198,-126.656,-1.458,0.180
81.9686,-49.000,266.581,685.279,-134.674,-6.875,0.180
82.0760,-49.000,271.863,679.705,-129.246,-1.447,0.180
82.1751,-49.000,272.882,678.439,-128.103,-0.305,0.180
82.2725,-49.000,273.017,678.093,-127.862,-0.064,0.180
82.3720,-50.000,262.010,685.321,-136.980,-6.582,0.180
82.4701,-50.000,267.100,680.019,-131.784,-1.386,0.180
82.5688,-50.000,268.104,678.835,-130.690,-0.292,0.180
82.6676,-50.000,268.257,678.528,-130.460,-0.061,0.180
82.7743,-49.000,276.209,668.046,-121.243,6.555,0.180
82.8764,-49.000,271.458,673.646,-126.418,1.380,0.180
82.9724,-49.000,270.730,675.096,-127.508,0.291,0.180
83.0720,-49.000,270.807,675.632,-127.737,0.061,0.180
83.1737,-49.000,271.020,675.941,-127.785,0.013,0.180
83.2723,-49.000,271.231,676.173,-127.795,0.003,0.180
83.3721,-49.000,271.417,676.364,-127.798,0.001,0.180
83.4707,-49.000,271.577,676.524,-127.798,0.000,0.180
83.5683,-49.000,271.713,676.661,-127.798,0.000,0.180
83.6663,-48.000,279.797,666.408,-118.630,6.568,0.180
83.7748,-48.000,275.190,672.172,-123.815,1.383,0.180
83.8719,-47.000,282.558,663.387,-115.739,6.860,0.180
83.9709,-47.000,278.041,669.700,-121.154,1.444,0.180
84.0702,-47.000,277.664,671.603,-122.294,0.304,0.180
84.1675,-46.000,286.041,662.124,-113.366,6.632,0.180
84.2759,-46.000,281.836,668.391,-118.602,1.396,0.180
84.3757,-45.000,289.579,660.002,-110.536,6.862,0.180
84.4749,-45.000,285.387,666.645,-115.953,1.445,0.180
84.5738,-44.000,293.256,658.458,-107.926,6.873,0.180
84.6717,-44.000,289.195,665.249,-113.351,1.447,0.180
84.7679,-43.000,297.182,657.183,-105.325,6.873,0.180
84.8678,-43.000,293.222,664.076,-110.751,1.447,0.180
84.9665,-42.000,301.295,656.096,-102.725,6.873,0.180
85.0660,-41.000,305.376,652.693,-98.983,8.015,0.180
85.1745,-41.000,300.837,660.810,-105.311,1.687,0.180
85.2735,-40.000,308.993,653.294,-97.475,6.924,0.180
85.3693,-40.000,305.300,660.532,-102.941,1.458,0.180
85.4659,-39.000,313.624,652.821,-94.923,6.875,0.180
85.5748,-39.000,309.956,660.009,-100.351,1.447,0.180
85.6719,-38.000,318.278,652.280,-92.325,6.873,0.180
85.7697,-37.000,322.572,649.089,-88.583,8.015,0.180
85.8673,-37.000,318.214,657.386,-94.911,1.687,0.180
85.9754,-36.000,326.524,650.024,-87.075,6.924,0.180
86.0710,-35.000,330.929,647.024,-83.372,8.026,0.180
86.1700,-34.000,334.658,645.089,-80.540,8.258,0.180
86.2668,-32.000,346.338,633.135,-68.723,14.875,0.180
86.3652,-31.000,345.446,637.393,-71.298,9.700,0.180
86.4726,-30.000,348.687,637.614,-69.788,8.611,0.180
86.5693,-27.000,368.766,616.277,-49.080,21.518,0.180
86.6677,-25.000,371.680,616.494,-47.731,17.667,0.180
86.7667,-24.000,370.032,624.404,-52.510,10.288,0.180
86.8742,-21.000,389.976,605.581,-33.127,21.871,0.180
86.9732,-19.000,393.525,607.187,-32.156,17.741,0.180
87.0721,-16.000,408.531,595.362,-18.740,23.440,0.180
87.1705,-14.000,411.741,599.055,-18.981,18.072,0.180
87.2653,-12.000,419.282,598.582,-14.974,16.941,0.180
87.3725,-10.000,427.796,597.275,-10.064,16.703,0.180
87.4727,-8.000,436.568,595.830,-4.956,16.653,0.180
87.5708,-7.000,437.467,604.760,-8.971,10.074,0.180
87.6687,-6.000,443.127,608.053,-7.787,8.689,0.180
87.7748,-5.000,449.515,609.876,-5.505,8.398,0.180
87.8718,-5.000,447.848,621.521,-12.161,1.768,0.180
87.9674,-5.000,450.668,627.184,-13.582,0.372,0.180
88.0644,-4.000,461.926,620.735,-4.729,6.647,0.180
88.1738,-4.000,460.202,629.547,-9.997,1.399,0.180
88.2721,-4.000,462.089,633.685,-11.122,0.295,0.180
88.3686,-4.000,464.397,636.499,-11.376,0.062,0.180
88.4755,-3.000,474.477,628.372,-2.272,6.581,0.180
88.5730,-2.000,479.569,625.540,1.690,7.954,0.180
88.6716,-0.000,491.687,613.543,13.748,14.811,0.180
88.7687,-0.000,483.045,628.288,2.054,3.118,0.180
88.8659,3.000,505.298,600.422,27.114,20.362,0.180
88.9735,4.000,498.727,607.623,20.228,10.855,0.180
89.0712,6.000,506.693,595.992,30.026,15.422,0.180
89.1696,9.000,518.112,576.658,45.403,22.952,0.180
89.2653,11.000,515.922,573.920,45.677,17.969,0.180
89.3725,13.000,517.446,567.007,49.895,16.920,0.180
89.4697,15.000,519.613,559.060,54.952,16.699,0.180
89.5690,16.000,514.425,561.735,51.021,10.084,0.180
89.6664,17.000,514.352,559.071,52.316,8.691,0.180
89.7637,18.000,515.290,555.207,54.717,8.398,0.180
89.8718,19.000,516.383,551.027,57.354,8.336,0.180
89.9691,20.000,517.358,546.828,59.941,8.323,0.180
90.0654,20.000,510.917,553.529,53.370,1.752,0.180
90.1638,20.000,509.644,555.022,51.986,0.369,0.180
90.2727,20.000,509.446,555.407,51.695,0.078,0.180
90.3718,21.000,516.833,544.580,60.802,6.585,0.180
90.4645,21.000,511.672,549.816,55.604,1.386,0.180
90.5715,22.000,517.979,539.974,63.678,6.860,0.180
90.6694,23.000,519.928,534.419,67.430,8.013,0.180
90.7678,24.000,520.939,529.744,70.273,8.255,0.180
90.8654,24.000,514.364,536.204,63.755,1.738,0.180
90.9746,26.000,527.680,515.590,80.720,13.503,0.180
91.0704,26.000,516.918,526.149,70.060,2.843,0.180
91.1690,27.000,521.956,517.339,76.984,7.167,0.180
91.2680,27.000,516.195,522.893,71.326,1.509,0.180
91.3660,27.000,514.916,523.997,70.135,0.318,0.180
91.4738,27.000,514.590,524.173,69.884,0.067,0.180
91.5713,27.000,514.474,524.162,69.831,0.014,0.180
91.6699,26.000,504.040,532.088,60.652,-6.565,0.180
91.7679,25.000,499.289,535.307,56.667,-7.951,0.180
91.8649,25.000,506.415,529.879,62.944,-1.674,0.180
91.9632,24.000,498.090,537.248,55.097,-6.921,0.180
92.0716,22.000,483.910,548.814,42.224,-14.594,0.180
92.1695,21.000,486.953,547.151,44.577,-9.641,0.180
92.2691,20.000,486.281,549.594,43.019,-8.598,0.180
92.3688,18.000,474.679,560.902,31.564,-14.947,0.180
92.4662,16.000,468.701,567.831,25.111,-16.284,0.180
92.5639,15.000,474.670,566.270,28.876,-9.997,0.180
92.6734,13.000,465.266,577.620,18.498,-15.241,0.180
92.7725,12.000,470.820,577.321,21.425,-9.777,0.180
92.8628,11.000,471.961,581.246,20.033,-8.627,0.180
92.9696,9.000,461.734,593.979,8.553,-14.953,0.180
93.0685,9.000,477.651,586.192,20.405,-3.148,0.180
93.1660,7.000,462.892,603.063,4.590,-13.800,0.180
93.2729,5.000,456.972,611.977,-2.827,-16.042,0.180
93.3719,4.000,463.562,611.532,0.691,-9.946,0.180
93.4677,2.000,454.799,623.718,-9.784,-15.231,0.180
93.5662,-0.000,450.541,632.086,-16.097,-16.343,0.180
93.6650,-1.000,457.217,631.304,-12.368,-10.009,0.180
93.7629,-4.000,436.198,649.532,-31.992,-21.812,0.180
93.8710,-5.000,445.738,643.021,-23.966,-11.161,0.180
93.9690,-7.000,435.362,651.770,-33.528,-15.486,0.180
94.0661,-8.000,438.887,649.262,-30.512,-9.829,0.180
94.1629,-9.000,437.564,650.851,-31.968,-8.638,0.180
94.2709,-10.000,434.975,653.065,-34.369,-8.387,0.180
94.3673,-9.000,450.859,637.462,-18.626,4.803,0.180
94.4639,-10.000,437.666,650.294,-31.638,-5.557,0.180
94.5720,-9.000,451.322,636.932,-18.129,5.398,0.180
94.6701,-10.000,437.664,650.239,-31.612,-5.432,0.180
94.7687,-10.000,443.252,647.354,-27.375,-1.144,0.180
94.8655,-10.000,445.251,647.651,-26.525,-0.241,0.180
94.9648,-10.000,446.365,648.489,-26.386,-0.051,0.180
95.0715,-11.000,436.209,656.704,-35.572,-6.579,0.180
95.1690,-12.000,431.048,659.616,-39.609,-7.953,0.180
95.2679,-13.000,426.835,661.317,-42.566,-8.243,0.180
95.3670,-14.000,422.733,662.683,-45.300,-8.304,0.180
95.4646,-15.000,418.580,663.912,-47.990,-8.317,0.180
95.5649,-16.000,414.351,665.055,-50.676,-8.319,0.180
95.6723,-17.000,410.050,666.132,-53.365,-8.320,0.180
95.7693,-19.000,394.713,674.529,-65.233,-14.888,0.180
95.8660,-20.000,395.549,670.194,-62.647,-9.703,0.180
95.9634,-21.000,392.254,669.916,-64.155,-8.611,0.180
96.0612,-21.000,399.033,663.098,-57.357,-1.813,0.180
96.1718,-20.000,408.417,651.283,-46.757,6.187,0.180
96.2701,-18.000,419.842,635.990,-33.398,14.439,0.180
96.3697,-17.000,417.679,638.466,-35.718,9.608,0.180
96.4677,-16.000,419.611,637.399,-34.218,8.591,0.180
96.5647,-15.000,422.587,635.759,-31.910,8.377,0.180
96.6633,-14.000,425.937,634.145,-29.428,8.332,0.180
96.7727,-13.000,429.498,632.659,-26.905,8.323,0.180
96.8718,-12.000,433.215,631.306,-24.370,8.321,0.180
96.9689,-12.000,429.089,640.442,-31.001,1.752,0.180
97.0659,-11.000,437.746,633.642,-23.273,6.937,0.180
97.1626,-11.000,434.502,641.466,-28.807,1.460,0.180
97.2715,-10.000,443.211,634.249,-20.843,6.876,0.180
97.3711,-10.000,439.865,641.863,-26.323,1.448,0.180
97.4678,-9.000,448.458,634.498,-18.345,6.873,0.180
97.5624,-9.000,445.007,641.993,-23.818,1.447,0.180
97.6609,-9.000,445.537,644.901,-25.007,0.305,0.180
97.7699,-8.000,454.684,636.276,-16.120,6.633,0.180
97.8662,-7.000,459.101,632.902,-12.225,7.965,0.180
97.9633,-6.000,462.694,630.796,-9.375,8.245,0.180
98.0706,-5.000,466.259,629.095,-6.742,8.304,0.180
98.1699,-4.000,469.943,627.596,-4.151,8.317,0.180
98.2688,-3.000,473.758,626.237,-1.564,8.319,0.180
98.3664,-2.000,477.693,624.991,1.026,8.320,0.180
98.4656,-2.000,473.756,634.212,-5.552,1.752,0.180
98.5648,-1.000,482.583,627.478,2.228,6.937,0.180
98.6620,-1.000,479.490,635.349,-3.254,1.460,0.180
98.7713,-1.000,480.363,638.538,-4.412,0.307,0.180
98.8689,-1.000,481.841,640.512,-4.660,0.065,0.180
98.9665,-2.000,472.278,649.409,-13.890,-6.555,0.180
99.0678,-2.000,478.660,645.462,-8.725,-1.380,0.180
99.1692,-3.000,469.800,652.791,-16.820,-6.859,0.180
99.2669,-4.000,465.075,655.615,-20.594,-8.012,0.180
99.3650,-4.000,472.072,650.002,-14.289,-1.687,0.180
99.4619,-5.000,462.997,656.653,-22.152,-6.924,0.180
99.5705,-5.000,468.907,651.683,-16.712,-1.458,0.180
99.6669,-5.000,470.432,650.958,-15.587,-0.307,0.180
99.7644,-5.000,470.987,651.081,-15.371,-0.065,0.180
99.8606,-5.000,471.301,651.345,-15.346,-0.014,0.180
99.9705,-4.000,479.505,641.231,-6.188,6.566,0.180
100.0694,-3.000,482.963,636.751,-2.218,7.951,0.180
100.1641,-2.000,485.709,633.735,0.663,8.242,0.180
100.2639,-2.000,480.577,641.637,-5.855,1.735,0.180
100.3629,-1.000,488.348,633.822,1.939,6.934,0.180
100.4608,-1.000,484.350,640.782,-3.540,1.460,0.180
100.5679,-1.000,484.451,643.198,-4.698,0.307,0.180
100.6665,-1.000,485.273,644.516,-4.946,0.065,0.180
100.7670,-1.000,486.127,645.482,-5.002,0.014,0.180
100.8640,-1.000,486.884,646.271,-5.018,0.003,0.180
100.9605,-2.000,476.560,654.309,-14.199,-6.568,0.180
101.0694,-2.000,482.263,649.663,-9.024,-1.383,0.180
101.1659,-3.000,472.820,656.405,-17.117,-6.860,0.180
101.2649,-3.000,478.572,651.357,-11.717,-1.444,0.180
101.3639,-3.000,479.995,650.532,-10.593,-0.304,0.180
101.4626,-3.000,480.474,650.561,-10.368,-0.064,0.180
101.5707,-4.000,469.751,658.116,-19.507,-6.582,0.180
101.6692,-4.000,475.080,653.094,-14.331,-1.386,0.180
101.7670,-4.000,476.284,652.152,-13.258,-0.292,0.180
101.8653,-5.000,465.631,659.427,-22.222,-6.630,0.180
101.9646,-5.000,470.904,654.283,-17.014,-1.396,0.180
102.0644,-6.000,461.061,660.636,-25.112,-6.862,0.180
102.1608,-6.000,466.463,655.266,-19.726,-1.445,0.180
102.2593,-6.000,467.587,654.171,-18.616,-0.304,0.180
102.3684,-6.000,467.808,653.974,-18.407,-0.064,0.180
102.4654,-7.000,456.864,661.338,-27.562,-6.582,0.180
102.5649,-7.000,462.002,656.157,-22.402,-1.386,0.180
102.6647,-7.000,463.041,655.081,-21.344,-0.292,0.180
102.7639,-7.000,463.220,654.872,-21.150,-0.061,0.180
102.8619,-7.000,463.219,654.847,-21.138,-0.013,0.180
102.9684,-7.000,463.181,654.862,-21.165,-0.003,0.180
103.0682,-8.000,452.164,662.260,-30.372,-6.569,0.180
103.1657,-9.000,446.297,664.451,-34.402,-7.951,0.180
103.2624,-9.000,452.465,658.158,-28.171,-1.674,0.180
103.3628,-11.000,431.740,671.578,-45.243,-13.489,0.180
103.4609,-12.000,431.253,668.254,-43.825,-9.408,0.180
103.5689,-13.000,427.525,668.143,-45.633,-8.549,0.180
103.6688,-14.000,423.102,668.704,-48.125,-8.368,0.180
103.7654,-15.000,418.520,669.402,-50.765,-8.330,0.180
103.8638,-15.000,424.868,662.753,-44.267,-1.754,0.180
103.9613,-16.000,415.074,668.692,-52.134,-6.938,0.180
104.0694,-17.000,409.355,670.533,-55.914,-8.029,0.180
104.1698,-18.000,404.484,671.509,-58.837,-8.259,0.180
104.2690,-19.000,399.781,672.300,-61.584,-8.307,0.180
104.3687,-20.000,395.208,672.948,-64.194,-8.317,0.180
104.4668,-21.000,390.638,673.582,-66.796,-8.319,0.180
104.5654,-22.000,386.065,674.210,-69.397,-8.320,0.180
104.6635,-23.000,381.488,674.833,-71.997,-8.320,0.180
104.7617,-23.000,387.876,668.084,-65.429,-1.752,0.180
104.8588,-24.000,378.137,673.917,-73.214,-6.937,0.180
104.9685,-24.000,383.454,668.280,-67.737,-1.460,0.180
105.0669,-23.000,392.439,656.622,-57.416,6.261,0.180
105.1656,-23.000,387.860,661.929,-62.359,1.318,0.180
105.2618,-23.000,387.129,663.279,-63.399,0.277,0.180
105.3677,-23.000,387.173,663.761,-63.619,0.058,0.180
105.4638,-23.000,387.351,664.031,-63.665,0.012,0.180
105.5598,-23.000,387.531,664.231,-63.674,0.003,0.180
105.6596,-23.000,387.691,664.395,-63.676,0.001,0.180
105.7588,-24.000,376.859,671.901,-72.845,-6.568,0.180
105.8672,-23.000,390.100,656.434,-58.491,5.186,0.180
105.9640,-25.000,364.623,675.818,-80.922,-12.045,0.180
106.0620,-28.000,341.637,688.825,-98.918,-22.241,0.180
106.1619,-27.000,367.424,661.157,-72.191,1.886,0.180
106.2599,-24.000,390.540,632.241,-46.175,20.102,0.180
106.3688,-24.000,376.705,650.146,-62.045,4.232,0.180
106.4665,-24.000,375.094,655.217,-65.386,0.891,0.180
106.5637,-23.000,383.829,647.022,-56.921,6.756,0.180
106.6592,-25.000,358.289,668.823,-80.592,-11.715,0.180
106.7690,-24.000,376.916,650.616,-62.175,4.102,0.180
106.8659,-23.000,383.324,645.165,-56.245,7.432,0.180
106.9629,-21.000,395.301,632.203,-43.776,14.701,0.180
107.0645,-17.000,418.061,605.005,-18.797,29.369,0.180
107.1605,-15.000,414.848,611.646,-23.724,19.320,0.180
107.2599,-10.000,443.842,579.565,6.814,36.909,0.180
107.3578,-4.000,468.681,552.702,32.665,47.181,0.180
107.4664,-1.000,463.473,566.991,22.917,29.638,0.180
107.5662,-0.000,456.402,588.380,8.687,12.808,0.180
107.6638,4.000,483.370,562.182,35.270,28.970,0.180
107.7619,4.000,466.847,591.360,12.419,6.099,0.180
107.8588,6.000,482.178,579.585,25.972,14.421,0.180
107.9675,7.000,482.710,584.476,23.792,9.604,0.180
108.0655,7.000,478.968,595.827,16.246,2.022,0.180
108.1636,9.000,495.390,578.674,33.034,13.563,0.180
108.2606,9.000,487.418,592.023,22.373,2.855,0.180
108.3607,9.000,487.497,596.516,20.166,0.601,0.180
108.4678,9.000,489.012,598.887,19.738,0.127,0.180
108.5676,10.000,497.983,589.618,28.858,6.595,0.180
108.6638,9.000,483.829,604.120,14.530,-5.180,0.180
108.7605,9.000,489.613,601.631,18.666,-1.091,0.180
108.8688,10.000,499.295,591.150,28.748,6.339,0.180
108.9576,11.000,502.876,586.289,32.969,7.903,0.180
109.0669,13.000,512.398,571.480,45.134,14.801,0.180
109.1650,14.000,508.907,572.877,42.691,9.684,0.180
109.2623,14.000,501.945,581.059,35.118,2.039,0.180
109.3629,15.000,508.300,572.141,42.755,6.998,0.180
109.4587,15.000,503.264,577.998,37.309,1.473,0.180
109.5679,16.000,509.902,568.458,45.397,6.879,0.180
109.6671,17.000,512.195,563.099,49.224,8.017,0.180
109.7651,17.000,506.151,569.536,42.983,1.688,0.180
109.8635,16.000,494.701,578.921,32.565,-6.213,0.180
109.9607,17.000,507.685,563.581,46.727,5.260,0.180
110.0596,16.000,493.745,576.118,33.489,-5.461,0.180
110.1594,17.000,506.417,561.654,47.057,5.419,0.180
110.2573,16.000,492.593,574.555,33.694,-5.428,0.180
110.3667,16.000,498.069,571.295,38.062,-1.143,0.180
110.4634,16.000,499.995,571.251,39.048,-0.241,0.180
110.5607,16.000,501.069,571.778,39.321,-0.051,0.180
110.6579,16.000,501.872,572.335,39.444,-0.011,0.180
110.7666,15.000,492.168,580.795,30.362,-6.571,0.180
110.8649,14.000,488.031,584.475,26.454,-7.952,0.180
110.9620,13.000,485.314,587.404,23.631,-8.242,0.180
111.0591,12.000,483.105,590.393,21.032,-8.304,0.180
111.1655,11.000,481.181,593.580,18.476,-8.317,0.180
111.2645,11.000,489.840,588.994,25.099,-1.751,0.180
111.3636,10.000,482.637,597.259,17.365,-6.937,0.180
111.4598,10.000,490.118,593.682,22.893,-1.460,0.180
111.5572,10.000,492.981,594.136,24.098,-0.307,0.180
111.6644,9.000,484.312,603.225,15.219,-6.633,0.180
111.7604,9.000,491.274,599.620,20.503,-1.396,0.180
111.8573,9.000,493.850,599.897,21.652,-0.294,0.180
111.9663,9.000,495.342,600.831,21.931,-0.062,0.180
112.0638,9.000,496.468,601.766,22.027,-0.013,0.180
112.1626,8.000,487.028,610.559,12.910,-6.571,0.180
112.2602,7.000,483.108,614.528,8.966,-7.952,0.180
112.3576,7.000,490.944,609.735,15.280,-1.674,0.180
112.4565,7.000,493.595,609.669,16.638,-0.352,0.180
112.5641,6.000,484.635,618.427,7.779,-6.643,0.180
112.6621,5.000,480.950,622.540,3.881,-7.967,0.180
112.7592,5.000,488.948,617.906,10.197,-1.677,0.180
112.8617,4.000,481.354,625.959,2.373,-6.922,0.180
112.9596,4.000,488.535,622.169,7.858,-1.457,0.180
113.0594,3.000,480.773,630.413,-0.144,-6.875,0.180
113.1613,2.000,477.548,634.648,-3.874,-8.016,0.180
113.2589,1.000,475.442,638.212,-6.709,-8.256,0.180
113.3558,-0.000,473.711,641.782,-9.360,-8.307,0.180
113.4648,-2.000,460.603,652.253,-21.149,-14.886,0.180
113.5635,-2.000,474.224,642.391,-9.408,-3.134,0.180
113.6628,-4.000,456.338,656.272,-25.292,-13.797,0.180
113.7610,-5.000,457.534,654.073,-23.594,-9.473,0.180
113.8579,-6.000,455.086,655.067,-25.315,-8.563,0.180
113.9572,-7.000,451.724,656.594,-27.760,-8.371,0.180
114.0565,-8.000,448.042,658.115,-30.361,-8.331,0.180
114.1563,-10.000,433.212,666.909,-42.173,-14.891,0.180
114.2561,-11.000,434.377,663.014,-39.643,-9.703,0.180
114.3638,-11.000,442.320,655.750,-32.039,-2.043,0.180
114.4606,-12.000,433.190,661.856,-39.657,-6.998,0.180
114.5579,-13.000,427.895,663.982,-43.368,-8.042,0.180
114.6659,-14.000,423.355,665.228,-46.261,-8.261,0.180
114.7565,-14.000,429.905,658.879,-39.811,-1.739,0.180
114.8654,-15.000,420.316,665.037,-47.685,-6.935,0.180
114.9636,-15.000,425.755,659.682,-42.288,-1.460,0.180
115.0606,-15.000,426.866,658.644,-41.214,-0.307,0.180
115.1589,-14.000,435.034,648.136,-31.875,6.504,0.180
115.2557,-13.000,438.307,643.476,-27.909,7.938,0.180
115.3650,-13.000,432.883,650.720,-34.243,1.671,0.180
115.4552,-12.000,440.243,642.507,-26.456,6.920,0.180
115.5649,-12.000,435.855,649.170,-31.982,1.457,0.180
115.6639,-11.000,443.583,640.976,-24.021,6.875,0.180
115.7639,-10.000,447.373,637.389,-20.332,8.016,0.180
115.8603,-9.000,450.553,634.982,-17.539,8.256,0.180
115.9578,-8.000,453.791,633.002,-14.930,8.307,0.180
116.0562,-8.000,449.226,641.636,-21.529,1.749,0.180
116.1648,-6.000,465.480,624.040,-4.604,13.505,0.180
116.2627,-6.000,457.217,637.162,-15.297,2.843,0.180
116.3603,-5.000,464.980,631.130,-8.400,7.167,0.180
116.4585,-4.000,469.505,628.676,-4.910,8.077,0.180
116.5586,-4.000,465.487,637.454,-11.308,1.700,0.180
116.6577,-3.000,474.121,630.467,-3.497,6.926,0.180
116.7558,-3.000,470.837,638.150,-8.981,1.458,0.180
116.8668,-3.000,471.540,641.187,-10.148,0.307,0.180
116.9554,-4.000,461.897,650.408,-19.580,-6.504,0.180
117.0648,-4.000,468.332,646.615,-14.466,-1.369,0.180
117.1639,-4.000,470.515,646.677,-13.406,-0.288,0.180
117.2609,-5.000,460.702,654.798,-22.372,-6.629,0.180
117.3570,-6.000,455.717,657.746,-26.339,-7.964,0.180
117.4550,-6.000,462.608,652.124,-20.082,-1.677,0.180
117.5625,-7.000,453.465,658.744,-27.964,-6.921,0.180
117.6610,-8.000,448.348,661.117,-31.709,-8.026,0.180
117.7585,-8.000,454.976,655.157,-25.415,-1.690,0.180
117.8556,-8.000,456.552,654.148,-24.123,-0.356,0.180
117.9623,-8.000,457.032,654.150,-23.883,-0.075,0.180
118.0607,-9.000,446.281,661.712,-33.040,-6.584,0.180
118.1585,-9.000,451.577,656.705,-27.888,-1.386,0.180
118.2562,-9.000,452.747,655.780,-26.841,-0.292,0.180
118.3638,-9.000,453.035,655.700,-26.657,-0.061,0.180
118.4637,-9.000,453.125,655.787,-26.656,-0.013,0.180
118.5612,-9.000,453.164,655.899,-26.692,-0.003,0.180
118.6577,-9.000,453.183,656.008,-26.737,-0.001,0.180
118.7547,-10.000,442.218,663.482,-35.957,-6.569,0.180
118.8634,-10.000,447.368,658.365,-30.823,-1.383,0.180
118.9606,-10.000,448.421,657.339,-29.783,-0.291,0.180
119.0611,-10.000,448.611,657.173,-29.605,-0.061,0.180
119.1603,-10.000,448.617,657.186,-29.609,-0.013,0.180
119.2574,-11.000,455.939,675.473,-46.293,-11.558,0.320
119.3576,-11.000,489.342,671.611,-37.181,-2.385,0.320
119.4562,-11.000,514.209,676.629,-35.350,-0.492,0.320
119.5556,-12.000,520.224,696.950,-49.382,-11.657,0.320
119.6642,-12.000,550.336,696.999,-40.197,-2.405,0.320
119.7642,-12.000,572.354,705.393,-38.356,-0.496,0.320
119.8618,-13.000,575.936,728.595,-52.390,-11.658,0.320
119.9597,-13.000,603.978,731.095,-43.210,-2.406,0.320
120.0584,-13.000,624.234,741.574,-41.374,-0.496,0.320
120.1575,-14.000,626.318,766.549,-55.414,-11.658,0.320
120.2548,-14.000,653.084,770.557,-46.240,-2.406,0.320
120.3538,-15.000,655.975,794.760,-58.770,-12.052,0.320
120.4636,-15.000,682.452,799.088,-49.289,-2.487,0.320
120.5630,-16.000,684.894,823.764,-61.761,-12.069,0.320
120.6599,-17.000,694.665,840.978,-66.633,-14.046,0.320
120.7605,-18.000,705.770,856.744,-69.942,-14.454,0.320
120.8597,-19.000,716.999,872.291,-72.933,-14.538,0.320
120.9562,-20.000,728.236,887.748,-75.750,-14.555,0.320
121.0543,-22.000,723.070,915.699,-92.909,-26.115,0.320
121.1542,-23.000,743.102,921.968,-86.539,-16.944,0.320
121.2624,-25.000,739.498,948.023,-101.802,-26.608,0.320
121.3589,-26.000,759.638,953.901,-95.040,-17.046,0.320
121.4563,-28.000,755.874,979.875,-110.223,-26.629,0.320
121.5535,-30.000,759.550,998.172,-117.800,-28.606,0.320
121.6617,-32.000,764.655,1014.840,-123.808,-29.014,0.320
121.7599,-34.000,769.963,1031.132,-129.493,-29.098,0.320
121.8576,-35.000,791.513,1034.877,-120.754,-17.560,0.320
121.9571,-38.000,771.400,1072.746,-149.885,-38.290,0.320
122.0554,-40.000,767.874,1065.628,-148.207,-31.012,0.320
122.1534,-42.000,758.512,1064.262,-152.305,-29.510,0.320
122.2619,-44.000,747.909,1064.067,-157.595,-29.201,0.320
122.3600,-45.000,753.291,1051.666,-148.775,-17.581,0.320
122.4588,-47.000,733.272,1061.039,-163.533,-26.739,0.320
122.5562,-48.000,736.746,1050.676,-156.668,-17.073,0.320
122.6597,-49.000,732.638,1048.089,-157.473,-15.079,0.320
122.7579,-49.000,743.297,1034.739,-145.506,-3.111,0.320
122.8577,-50.000,728.379,1043.529,-157.392,-12.198,0.320
122.9557,-61.000,557.952,1169.508,-305.622,-129.628,0.320
123.0547,-62.000,642.189,1076.650,-217.099,-38.304,0.320
123.1536,-62.000,670.445,1044.066,-186.698,-7.904,0.320
123.2529,-62.000,674.895,1035.937,-180.425,-1.631,0.320
123.3611,-62.000,674.640,1033.064,-179.131,-0.337,0.320
123.4597,-62.000,673.591,1031.456,-178.864,-0.069,0.320
123.5573,-61.000,685.802,1014.825,-164.453,11.541,0.320
123.6552,-61.000,676.273,1023.598,-173.613,2.382,0.320
123.7538,-61.000,674.069,1025.159,-175.503,0.491,0.320
123.8619,-52.000,792.892,886.350,-46.693,104.101,0.320
123.9597,-52.000,715.283,973.970,-129.313,21.481,0.320
124.0564,-52.000,702.494,995.269,-146.362,4.433,0.320
124.1645,-52.000,702.596,1002.400,-149.880,0.915,0.320
124.2627,-52.000,704.948,1006.197,-150.606,0.189,0.320
124.3628,-52.000,707.414,1008.957,-150.755,0.039,0.320
124.4592,-61.000,563.126,1123.126,-279.986,-103.992,0.320
124.5567,-62.000,630.086,1053.726,-211.809,-33.014,0.320
124.6560,-62.000,656.753,1027.986,-185.607,-6.812,0.320
124.7561,-62.000,662.554,1022.971,-180.200,-1.406,0.320
124.8538,-61.000,677.281,1006.753,-164.729,11.265,0.320
124.9609,-61.000,669.208,1016.559,-173.670,2.325,0.320
125.0585,-52.000,787.580,880.220,-46.315,104.480,0.320
125.1570,-52.000,710.524,969.003,-129.235,21.559,0.320
125.2533,-51.000,711.674,975.662,-131.990,16.004,0.320
125.3619,-51.000,703.792,993.182,-144.692,3.302,0.320
125.4592,-50.000,718.543,984.463,-132.957,12.237,0.320
125.5556,-50.000,712.894,998.238,-142.669,2.525,0.320
125.6541,-49.000,727.620,988.260,-130.318,12.077,0.320
125.7529,-49.000,721.554,1001.362,-139.902,2.492,0.320
125.8520,-48.000,735.842,990.894,-127.525,12.070,0.320
125.9593,-47.000,742.662,988.161,-122.748,14.046,0.320
126.0561,-46.000,748.027,987.110,-119.540,14.454,0.320
126.1529,-45.000,753.165,986.480,-116.656,14.538,0.320
126.2519,-43.000,771.594,970.562,-99.483,26.111,0.320
126.3519,-42.000,768.214,979.917,-105.851,16.944,0.320
126.4613,-40.000,785.357,966.532,-90.587,26.607,0.320
126.5585,-39.000,782.113,976.810,-97.348,17.046,0.320
126.6574,-37.000,799.625,963.957,-82.166,26.629,0.320
126.7563,-36.000,796.747,974.636,-88.944,17.050,0.320
126.8538,-35.000,801.306,977.547,-88.121,15.074,0.320
126.9609,-35.000,794.017,994.186,-100.084,3.110,0.320
127.0590,-34.000,808.798,985.192,-88.197,12.197,0.320
127.1559,-33.000,816.353,983.397,-83.522,14.072,0.320
127.2565,-32.000,822.407,983.078,-80.335,14.459,0.320
127.3531,-31.000,828.145,983.055,-77.455,14.539,0.320
127.4513,-30.000,833.810,983.088,-74.639,14.556,0.320
127.5585,-30.000,826.179,998.561,-86.191,3.004,0.320
127.6581,-28.000,853.680,973.407,-59.864,23.731,0.320
127.7588,-28.000,838.843,996.239,-78.698,4.897,0.320
127.8568,-26.000,864.906,972.652,-53.873,24.122,0.320
127.9533,-25.000,863.089,980.412,-58.661,16.533,0.320
128.0609,-25.000,853.994,997.560,-71.783,3.412,0.320
128.1609,-24.000,867.984,988.254,-60.135,12.260,0.320
128.2598,-23.000,875.021,986.039,-55.509,14.085,0.320
128.3588,-24.000,851.116,1013.203,-81.043,-8.649,0.320
128.4568,-26.000,828.314,1034.095,-102.890,-24.896,0.320
128.5544,-29.000,801.434,1053.831,-126.198,-39.804,0.320
128.6525,-31.000,801.938,1048.576,-123.319,-31.325,0.320
128.7604,-35.000,762.677,1074.438,-155.880,-52.686,0.320
128.8572,-38.000,755.970,1070.235,-157.133,-45.538,0.320
128.9543,-39.000,775.699,1046.393,-135.347,-20.952,0.320
129.0504,-41.000,759.529,1054.387,-147.429,-27.435,0.320
129.1587,-41.000,780.828,1032.139,-125.656,-5.661,0.320
129.2569,-41.000,784.917,1027.242,-121.163,-1.168,0.320
129.3536,-39.000,812.052,995.101,-91.524,22.870,0.320
129.4507,-38.000,808.049,998.689,-95.320,16.275,0.320
129.5586,-34.000,849.558,951.186,-50.814,49.581,0.320
129.6561,-23.000,959.693,824.198,67.748,137.342,0.320
129.7524,17.000,1376.866,310.739,533.063,490.563,0.320
129.8514,39.000,1280.191,361.091,459.550,355.449,0.320
129.9526,44.000,1073.579,575.128,249.225,131.124,0.320
130.0515,46.000,1005.039,657.300,173.869,50.169,0.320
130.1587,49.000,1011.323,657.083,177.120,45.019,0.320
130.2556,51.000,1007.543,667.340,170.102,32.401,0.320
130.3549,51.000,987.581,698.807,144.387,6.686,0.320
130.4529,52.000,999.600,692.728,153.436,12.935,0.320
130.5539,53.000,1005.794,690.743,157.526,14.225,0.320
130.6519,53.000,997.793,705.321,146.236,2.935,0.320
130.7499,54.000,1010.694,694.170,158.262,12.161,0.320
130.8608,54.000,1003.286,706.066,148.610,2.509,0.320
130.9577,55.000,1015.638,693.689,160.974,12.073,0.320
131.0551,55.000,1007.545,704.761,151.392,2.491,0.320
131.1515,55.000,1006.834,708.004,149.415,0.514,0.320
131.2608,55.000,1007.502,709.488,149.007,0.106,0.320
131.3578,55.000,1008.332,710.487,148.923,0.022,0.320
131.4542,55.000,1009.092,711.282,148.905,0.005,0.320
131.5530,54.000,994.314,725.222,134.546,-11.555,0.320
131.6502,54.000,1004.628,717.195,143.716,-2.384,0.320
131.7503,54.000,1007.492,716.275,145.609,-0.492,0.320
131.8504,53.000,993.274,729.986,131.644,-11.657,0.320
131.9600,53.000,1003.810,722.019,140.895,-2.405,0.320
132.0575,51.000,975.939,747.753,114.093,-23.607,0.320
132.1558,51.000,996.767,731.109,132.829,-4.871,0.320
132.2539,50.000,986.976,742.296,122.340,-12.561,0.320
132.3548,48.000,968.167,760.972,103.598,-25.703,0.320
132.4528,47.000,976.075,756.792,109.641,-16.859,0.320
132.5504,45.000,961.668,773.046,94.311,-26.590,0.320
132.6585,44.000,971.121,769.004,101.058,-17.042,0.320
132.7558,43.000,973.010,772.553,100.229,-15.072,0.320
132.8536,40.000,942.477,804.229,69.124,-37.777,0.320
132.9512,38.000,946.574,805.785,70.394,-30.906,0.320
133.0496,36.000,945.633,813.209,66.212,-29.489,0.320
133.1585,34.000,943.922,822.112,60.905,-29.196,0.320
133.2547,32.000,942.278,831.548,55.365,-29.136,0.320
133.3538,30.000,940.843,841.288,49.778,-29.123,0.320
133.4514,27.000,924.179,864.530,29.825,-40.676,0.320
133.5497,25.000,932.886,866.094,33.396,-31.505,0.320
133.6588,23.000,934.384,875.007,29.689,-29.612,0.320
133.7582,22.000,949.875,872.205,38.835,-17.666,0.320
133.8589,21.000,955.353,878.353,38.500,-15.201,0.320
133.9567,20.000,958.422,886.005,36.209,-14.692,0.320
134.0541,19.000,960.810,893.571,33.620,-14.587,0.320
134.1528,18.000,962.783,900.899,30.942,-14.566,0.320
134.2537,18.000,979.897,894.690,42.603,-3.006,0.320
134.3523,18.000,987.018,896.839,45.089,-0.620,0.320
134.4497,18.000,991.550,900.186,45.682,-0.128,0.320
134.5589,18.000,995.102,903.332,45.885,-0.026,0.320
134.6576,18.000,998.070,906.057,46.007,-0.005,0.320
134.7545,19.000,1013.035,892.090,60.473,11.554,0.320
134.8534,19.000,1005.896,903.078,51.409,2.384,0.320
134.9586,19.000,1005.746,906.500,49.623,0.492,0.320
135.0549,19.000,1006.852,908.174,49.339,0.102,0.320
135.1534,19.000,1008.060,909.330,49.365,0.021,0.320
135.2518,19.000,1009.154,910.245,49.455,0.004,0.320
135.3500,19.000,1010.111,910.996,49.558,0.001,0.320
135.4490,19.000,1010.943,911.616,49.663,0.000,0.320
135.5578,19.000,1011.666,912.127,49.770,0.000,0.320
135.6558,19.000,1012.297,912.545,49.876,0.000,0.320
135.7543,19.000,1012.849,912.884,49.982,0.000,0.320
135.8517,19.000,1013.334,913.157,50.089,0.000,0.320
135.9482,18.000,998.322,926.654,35.834,-11.556,0.320
136.0573,18.000,1008.449,918.237,45.106,-2.384,0.320
136.1527,17.000,995.729,930.253,32.738,-12.048,0.320
136.2497,16.000,991.145,935.077,28.034,-14.042,0.320
136.3487,15.000,988.539,938.727,24.906,-14.453,0.320
136.4584,14.000,986.597,942.397,22.100,-14.538,0.320
136.5548,13.000,985.006,946.296,19.355,-14.555,0.320
136.6513,11.000,968.230,963.715,2.257,-26.115,0.320
136.7490,10.000,976.849,959.482,8.684,-16.944,0.320
136.8554,9.000,978.276,962.623,7.826,-15.052,0.320
136.9542,7.000,962.832,980.631,-8.899,-26.217,0.320
137.0527,6.000,972.326,977.154,-2.414,-16.965,0.320
137.1505,5.000,974.441,980.995,-3.277,-15.056,0.320
137.2477,4.000,975.008,986.330,-5.661,-14.662,0.320
137.3472,2.000,959.794,1005.242,-22.724,-26.137,0.320
137.4557,1.000,969.678,1002.339,-16.330,-16.949,0.320
137.5543,-0.000,972.162,1006.631,-17.235,-15.053,0.320
137.6505,-1.000,972.207,1011.505,-19.649,-14.662,0.320
137.7478,-2.000,971.147,1015.906,-22.379,-14.581,0.320
137.8572,-3.000,969.347,1019.706,-25.180,-14.564,0.320
137.9552,-4.000,966.958,1022.955,-27.999,-14.561,0.320
138.0543,-4.000,980.357,1013.286,-16.465,-3.005,0.320
138.1514,-4.000,984.305,1012.510,-14.102,-0.620,0.320
138.2494,-4.000,986.122,1013.388,-13.633,-0.128,0.320
138.3483,-4.000,987.347,1014.454,-13.554,-0.026,0.320
138.4556,-4.000,988.319,1015.430,-13.555,-0.005,0.320
138.5525,-4.000,989.129,1016.275,-13.573,-0.001,0.320
138.6496,-5.000,973.530,1029.442,-27.956,-11.556,0.320
138.7473,-5.000,983.139,1020.764,-18.813,-2.385,0.320
138.8569,-5.000,985.400,1019.296,-16.948,-0.492,0.320
138.9537,-5.000,986.099,1019.270,-16.586,-0.102,0.320
139.0502,-6.000,970.157,1031.945,-30.894,-11.577,0.320
139.1570,-6.000,979.422,1022.902,-21.740,-2.389,0.320
139.2550,-7.000,965.098,1033.575,-34.239,-12.048,0.320
139.3527,-7.000,974.569,1024.001,-24.716,-2.486,0.320
139.4492,-8.000,960.178,1034.464,-37.143,-12.069,0.320
139.5466,-8.000,969.542,1024.761,-27.610,-2.490,0.320
139.6576,-8.000,971.330,1022.686,-25.678,-0.514,0.320
139.7554,-8.000,971.571,1022.200,-25.315,-0.106,0.320
139.8549,-9.000,955.225,1034.498,-39.637,-11.577,0.320
139.9527,-9.000,964.143,1025.140,-30.499,-2.389,0.320
140.0552,-9.000,965.801,1023.107,-28.653,-0.493,0.320
140.1513,-9.000,965.983,1022.607,-28.312,-0.102,0.320
140.2493,-10.000,949.596,1034.882,-42.643,-11.577,0.320
140.3468,-11.000,942.200,1037.945,-47.872,-13.944,0.320
140.4555,-11.000,952.863,1026.597,-36.867,-2.877,0.320
140.5524,-11.000,954.795,1024.085,-34.645,-0.594,0.320
140.6519,-11.000,954.957,1023.428,-34.235,-0.123,0.320
140.7495,-11.000,954.783,1023.182,-34.200,-0.025,0.320
140.8476,-11.000,954.563,1023.045,-34.241,-0.005,0.320
140.9563,-11.000,954.354,1022.951,-34.299,-0.001,0.320
141.0533,-11.000,954.164,1022.883,-34.359,-0.000,0.320
141.1493,-10.000,967.274,1007.393,-20.060,11.556,0.320
141.2464,-10.000,958.536,1017.109,-29.287,2.384,0.320
141.3464,-10.000,957.003,1019.473,-31.235,0.492,0.320
141.4544,-9.000,970.191,1004.832,-17.321,11.657,0.320
141.5525,-9.000,961.771,1015.016,-26.623,2.405,0.320
141.6509,-8.000,973.842,1002.284,-14.221,12.052,0.320
141.7488,-8.000,965.452,1013.113,-23.831,2.487,0.320
141.8473,-7.000,977.751,1000.727,-11.488,12.069,0.320
141.9567,-6.000,982.878,996.367,-6.744,14.046,0.320
142.0543,-6.000,973.522,1009.373,-17.926,2.898,0.320
142.1522,-5.000,986.021,997.818,-5.898,12.154,0.320
142.2506,-4.000,983.751,979.145,2.303,4.758,0.180
142.3483,-4.000,971.038,973.236,-1.099,1.359,0.180
142.4455,-3.000,960.537,961.210,-0.337,1.674,0.180
142.5517,-3.000,949.354,952.425,-1.535,0.478,0.180
142.6501,-3.000,938.613,942.373,-1.880,0.137,0.180
142.7478,-2.000,928.063,928.550,-0.244,1.325,0.180
142.8477,-2.000,916.346,918.729,-1.192,0.379,0.180
142.9468,-2.000,905.011,907.938,-1.464,0.108,0.180
143.0527,-3.000,890.321,896.880,-3.279,-1.255,0.180
143.1505,-2.000,880.159,881.458,-0.649,0.927,0.180
143.2465,-2.000,868.212,870.838,-1.313,0.265,0.180
143.3463,-3.000,853.223,859.705,-3.241,-1.210,0.180
143.4547,-3.000,842.573,847.332,-2.379,-0.346,0.180
143.5521,-3.000,831.123,835.393,-2.135,-0.099,0.180
143.6489,-3.000,819.341,823.475,-2.067,-0.028,0.180
143.7495,-3.000,807.375,811.475,-2.050,-0.008,0.180
143.8497,-3.000,795.283,799.377,-2.047,-0.002,0.180
143.9462,-5.000,776.498,787.540,-5.521,-2.572,0.180
144.0543,-5.000,766.407,773.784,-3.688,-0.735,0.180
144.1515,-5.000,754.882,761.218,-3.168,-0.210,0.180
144.2505,-7.000,736.286,749.278,-6.496,-2.631,0.180
144.3488,-7.000,726.272,735.516,-4.622,-0.752,0.180
144.4485,-9.000,708.195,723.324,-7.565,-2.786,0.180
144.5473,-10.000,695.106,709.745,-7.319,-2.082,0.180
144.6549,-10.000,684.840,696.523,-5.841,-0.595,0.180
144.7529,-9.000,673.660,681.038,-3.689,1.116,0.180
144.8500,-9.000,661.113,670.101,-4.494,0.319,0.180
144.9474,-10.000,645.690,658.622,-6.466,-1.195,0.180
145.0550,-9.000,634.987,642.758,-3.886,0.944,0.180
145.1543,-5.000,623.791,619.034,2.378,5.413,0.180
145.2518,-5.000,609.169,612.154,-1.492,1.546,0.180
145.3499,-3.000,597.605,595.861,0.872,3.013,0.180
145.4520,-3.000,584.700,587.267,-1.283,0.861,0.180
145.5492,-0.000,573.926,567.309,3.309,4.103,0.180
145.6471,2.000,560.877,553.175,3.851,3.744,0.180
145.7457,4.000,560.828,551.524,4.652,3.641,0.180
145.8547,6.000,560.861,549.805,5.528,3.612,0.180
145.9524,7.000,560.747,551.366,4.690,2.318,0.180
146.0492,9.000,561.567,548.538,6.514,3.234,0.180
146.1478,11.000,561.764,546.392,7.686,3.495,0.180
146.2548,12.000,561.626,547.754,6.936,2.284,0.180
146.3522,14.000,561.590,545.590,8.000,3.224,0.180
146.4476,15.000,562.096,546.096,8.000,2.207,0.180
146.5457,16.000,562.465,546.465,8.000,1.916,0.180
146.6548,18.000,561.159,545.159,8.000,3.119,0.180
146.7525,18.000,563.049,547.049,8.000,0.891,0.180
146.8508,19.000,563.095,547.095,8.000,1.540,0.180
146.9477,20.000,563.075,547.075,8.000,1.726,0.180
147.0459,21.000,562.997,546.997,8.000,1.779,0.180
147.1468,22.000,562.871,546.871,8.000,1.794,0.180
147.2441,23.000,562.704,546.704,8.000,1.798,0.180
147.3537,24.000,562.503,546.503,8.000,1.800,0.180
147.4523,25.000,562.271,546.271,8.000,1.800,0.180
147.5493,25.000,563.574,547.574,8.000,0.514,0.180
147.6489,26.000,563.122,547.122,8.000,1.433,0.180
147.7473,27.000,562.677,546.677,8.000,1.695,0.180
147.8457,27.000,563.799,547.799,8.000,0.484,0.180
147.9548,28.000,563.193,547.193,8.000,1.424,0.180
148.0534,29.000,562.618,546.618,8.000,1.693,0.180
148.1515,29.000,563.629,547.629,8.000,0.484,0.180
148.2491,30.000,562.928,546.928,8.000,1.424,0.180
148.3458,30.000,563.833,547.833,8.000,0.407,0.180
148.4443,30.000,564.602,548.602,8.000,0.116,0.180
148.5545,31.000,563.695,547.695,8.000,1.319,0.180
148.6543,31.000,564.425,548.425,8.000,0.377,0.180
148.7517,32.000,563.485,547.485,8.000,1.393,0.180
148.8506,32.000,564.186,548.186,8.000,0.398,0.180
148.9481,33.000,563.222,547.222,8.000,1.399,0.180
149.0441,33.000,563.902,547.902,8.000,0.400,0.180
149.1533,34.000,562.921,546.921,8.000,1.400,0.180
149.2529,35.000,562.026,546.026,8.000,1.686,0.180
149.3508,35.000,562.766,546.766,8.000,0.482,0.180
149.4478,36.000,561.835,545.835,8.000,1.423,0.180
149.5464,36.000,562.543,546.543,8.000,0.407,0.180
149.6452,36.000,563.146,547.146,8.000,0.116,0.180
149.7446,36.000,563.658,547.658,8.000,0.033,0.180
149.8546,37.000,562.533,546.533,8.000,1.295,0.180
149.9522,38.000,561.516,545.516,8.000,1.656,0.180
150.0494,38.000,562.153,546.153,8.000,0.473,0.180
150.1498,38.000,562.694,546.694,8.000,0.135,0.180
150.2464,38.000,563.153,547.153,8.000,0.039,0.180
150.3455,39.000,561.984,545.984,8.000,1.297,0.180
150.4521,39.000,562.490,546.490,8.000,0.370,0.180
150.5492,39.000,562.920,546.920,8.000,0.106,0.180
150.6493,39.000,563.286,547.286,8.000,0.030,0.180
150.7492,39.000,563.597,547.597,8.000,0.009,0.180
150.8460,39.000,563.861,547.861,8.000,0.002,0.180
150.9444,40.000,562.526,546.526,8.000,1.286,0.180
151.0515,40.000,562.891,546.891,8.000,0.368,0.180
151.1484,40.000,563.201,547.201,8.000,0.105,0.180
151.2446,40.000,563.464,547.464,8.000,0.030,0.180
151.3528,40.000,563.688,547.688,8.000,0.009,0.180
151.4511,40.000,563.879,547.879,8.000,0.002,0.180
151.5482,40.000,564.041,548.041,8.000,0.001,0.180
151.6436,40.000,564.178,548.178,8.000,0.000,0.180
151.7526,40.000,564.295,548.295,8.000,0.000,0.180
151.8499,40.000,564.395,548.395,8.000,0.000,0.180
151.9477,40.000,564.479,548.479,8.000,0.000,0.180
152.0452,40.000,564.551,548.551,8.000,0.000,0.180
152.1517,40.000,564.612,548.612,8.000,0.000,0.180
152.2502,40.000,564.664,548.664,8.000,0.000,0.180
152.3474,40.000,564.708,548.708,8.000,0.000,0.180
152.4453,40.000,564.746,548.746,8.000,0.000,0.180
152.5434,40.000,564.778,548.778,8.000,0.000,0.180
152.6511,39.000,563.365,547.365,8.000,-1.286,0.180
152.7492,39.000,563.664,547.664,8.000,-0.367,0.180
152.8466,39.000,563.918,547.918,8.000,-0.105,0.180
152.9434,39.000,564.134,548.134,8.000,-0.030,0.180
153.0421,39.000,564.318,548.318,8.000,-0.009,0.180
153.1505,39.000,564.474,548.474,8.000,-0.002,0.180
153.2482,39.000,564.606,548.606,8.000,-0.001,0.180
153.3473,38.000,563.279,547.279,8.000,-1.286,0.180
153.4438,38.000,563.651,547.651,8.000,-0.367,0.180
153.5424,38.000,563.967,547.967,8.000,-0.105,0.180
153.6515,38.000,564.236,548.236,8.000,-0.030,0.180
153.7505,37.000,563.024,547.024,8.000,-1.294,0.180
153.8489,37.000,563.494,547.494,8.000,-0.370,0.180
153.9473,37.000,563.894,547.894,8.000,-0.106,0.180
154.0455,37.000,564.234,548.234,8.000,-0.030,0.180
154.1419,37.000,564.522,548.522,8.000,-0.009,0.180
154.2505,37.000,564.768,548.768,8.000,-0.002,0.180
154.3486,37.000,564.976,548.976,8.000,-0.001,0.180
154.4452,36.000,563.714,547.714,8.000,-1.286,0.180
154.5422,36.000,564.140,548.140,8.000,-0.367,0.180
154.6430,35.000,563.063,547.063,8.000,-1.391,0.180
154.7510,34.000,562.207,546.207,8.000,-1.683,0.180
154.8489,32.000,560.100,544.100,8.000,-3.052,0.180
154.9480,30.000,558.429,542.429,8.000,-3.444,0.180
155.0467,27.000,554.339,541.038,6.651,-4.841,0.180
155.1442,26.000,556.419,540.419,8.000,-2.669,0.180
155.2536,24.000,554.467,540.852,6.808,-3.334,0.180
155.3506,22.000,552.852,541.417,5.718,-3.524,0.180
155.4467,20.000,551.571,542.045,4.763,-3.578,0.180
155.5440,18.000,550.515,542.787,3.864,-3.594,0.180
155.6428,17.000,552.787,543.366,4.711,-2.313,0.180
155.7498,17.000,557.167,544.411,6.378,-0.661,0.180
155.8476,16.000,556.783,546.526,5.128,-1.474,0.180
155.9477,16.000,560.086,547.694,6.196,-0.421,0.180
156.0471,15.000,559.125,549.576,4.775,-1.406,0.180
156.1453,15.000,562.034,550.449,5.792,-0.402,0.180
156.2430,14.000,560.765,552.053,4.356,-1.400,0.180
156.3519,14.000,563.421,552.682,5.369,-0.400,0.180
156.4493,14.000,565.115,553.780,5.668,-0.114,0.180
156.5476,13.000,563.219,555.169,4.025,-1.318,0.180
156.6458,12.000,562.281,555.797,3.242,-1.662,0.180
156.7426,12.000,564.847,555.966,4.440,-0.475,0.180
156.8414,12.000,566.360,556.779,4.790,-0.136,0.180
156.9479,11.000,564.279,557.956,3.161,-1.324,0.180
157.0444,11.000,566.351,558.116,4.117,-0.378,0.180
157.1498,11.000,567.580,558.785,4.398,-0.108,0.180
157.2487,10.000,565.297,559.801,2.748,-1.317,0.180
157.3468,10.000,567.208,559.813,3.698,-0.376,0.180
157.4449,10.000,568.303,560.352,3.975,-0.107,0.180
157.5434,10.000,569.083,560.961,4.061,-0.031,0.180
157.6414,10.000,569.705,561.520,4.092,-0.009,0.180
157.7491,9.000,567.045,562.304,2.371,-1.288,0.180
157.8464,9.000,568.676,562.078,3.299,-0.368,0.180
157.9434,9.000,569.544,562.404,3.570,-0.105,0.180
158.0404,9.000,570.135,562.829,3.653,-0.030,0.180
158.1485,8.000,567.419,563.527,1.946,-1.294,0.180
158.2459,8.000,568.994,563.238,2.878,-0.370,0.180
158.3425,8.000,569.811,563.513,3.149,-0.106,0.180
158.4498,7.000,567.182,564.192,1.495,-1.316,0.180
158.5482,7.000,568.799,563.916,2.441,-0.376,0.180
158.6462,8.000,569.820,560.915,4.453,1.178,0.180
158.7450,8.000,569.645,562.408,3.618,0.337,0.180
158.8428,8.000,569.971,563.201,3.385,0.096,0.180
158.9405,8.000,570.386,563.738,3.324,0.027,0.180
159.0485,8.000,570.778,564.155,3.311,0.008,0.180
190.2072,8.000,290.468,-260.785,275.626,253.217,0.320
190.2294,8.000,144.821,-87.282,116.052,93.623,0.320
190.3395,8.000,83.714,0.129,41.793,19.319,0.320
190.4376,7.000,66.557,42.270,12.144,-7.569,0.320
190.5345,7.000,86.966,50.586,18.190,-1.562,0.320
190.6337,7.000,102.841,63.903,19.469,-0.322,0.320
190.7333,8.000,130.371,62.120,34.125,11.489,0.320
190.8299,7.000,120.686,99.305,10.690,-9.185,0.320
190.9376,7.000,143.589,107.551,18.019,-1.895,0.320
191.0350,8.000,173.200,105.352,33.924,11.164,0.320
191.1321,8.000,179.921,129.706,25.108,2.304,0.320
191.2304,8.000,193.732,147.083,23.324,0.475,0.320
191.3385,8.000,209.042,163.058,22.992,0.098,0.320
191.4351,8.000,224.692,178.774,22.959,0.020,0.320
191.5319,8.000,240.439,194.464,22.987,0.004,0.320
191.6285,8.000,256.228,210.170,23.029,0.001,0.320
191.7376,8.000,272.045,225.899,23.073,0.000,0.320
191.8377,8.000,287.884,241.648,23.118,0.000,0.320
191.9343,8.000,303.741,257.416,23.162,0.000,0.320
192.0313,8.000,319.614,273.199,23.207,0.000,0.320
192.1290,8.000,335.500,288.996,23.252,0.000,0.320
192.2375,8.000,351.397,304.803,23.297,0.000,0.320
192.3364,8.000,367.303,320.620,23.342,0.000,0.320
192.4343,8.000,383.218,336.445,23.386,0.000,0.320
192.5331,8.000,399.139,352.277,23.431,0.000,0.320
192.6309,8.000,415.066,368.114,23.476,0.000,0.320
192.7284,7.000,415.557,397.238,9.160,-11.556,0.320
192.8376,7.000,441.241,404.502,18.370,-2.384,0.320
192.9366,7.000,459.563,418.960,20.302,-0.492,0.320
193.0333,7.000,476.311,434.849,20.731,-0.102,0.320
193.1316,7.000,492.689,450.987,20.851,-0.021,0.320
193.2310,7.000,508.952,467.138,20.907,-0.004,0.320
193.3387,7.000,525.158,483.259,20.950,-0.001,0.320
193.4377,7.000,541.324,499.345,20.989,-0.000,0.320
193.5362,7.000,557.458,515.400,21.029,-0.000,0.320
193.6340,6.000,558.123,544.710,6.707,-11.556,0.320
193.7316,6.000,583.955,552.132,15.912,-2.384,0.320
193.8376,6.000,602.401,566.726,17.838,-0.492,0.320
193.9368,6.000,619.254,582.731,18.262,-0.102,0.320
194.0365,6.000,635.721,598.969,18.376,-0.021,0.320
194.1347,5.000,636.617,628.487,4.065,-11.560,0.320
194.2337,5.000,662.632,636.098,13.267,-2.385,0.320
194.3345,4.000,665.791,664.136,0.827,-12.048,0.320
194.4324,4.000,692.521,671.698,10.412,-2.486,0.320
194.5286,4.000,711.478,686.664,12.407,-0.513,0.320
194.6384,3.000,713.271,716.320,-1.525,-11.661,0.320
194.7346,3.000,739.796,724.301,7.747,-2.406,0.320
194.8345,2.000,743.334,752.708,-4.687,-12.052,0.320
194.9320,2.000,770.374,760.596,4.889,-2.487,0.320
195.0313,1.000,774.150,789.124,-7.487,-12.069,0.320
195.1308,-0.000,785.909,810.437,-12.264,-14.046,0.320
195.2385,-1.000,798.718,829.674,-15.478,-14.454,0.320
195.3355,-1.000,827.691,835.715,-4.012,-2.983,0.320
195.4327,-2.000,831.040,863.063,-16.012,-12.171,0.320
195.5319,-3.000,841.340,882.790,-20.725,-14.067,0.320
195.6279,-4.000,852.855,900.732,-23.938,-14.458,0.320
195.7286,-5.000,864.433,918.127,-26.847,-14.539,0.320
195.8375,-5.000,892.145,922.818,-15.336,-3.000,0.320
195.9348,-6.000,894.375,949.064,-27.344,-12.175,0.320
196.0341,-6.000,919.994,955.425,-17.715,-2.512,0.320
196.1300,-7.000,921.652,981.884,-30.116,-12.074,0.320
196.2270,-7.000,947.032,988.178,-20.573,-2.491,0.320
196.3343,-7.000,964.819,1002.089,-18.635,-0.514,0.320
196.4337,-7.000,981.047,1017.579,-18.266,-0.106,0.320
196.5344,-8.000,964.763,1029.927,-32.582,-11.577,0.320
196.6339,-8.000,973.734,1020.611,-23.439,-2.389,0.320
196.7310,-8.000,975.438,1018.613,-21.587,-0.493,0.320
196.8294,-8.000,975.659,1018.141,-21.241,-0.102,0.320
196.9278,-8.000,975.589,1017.999,-21.205,-0.021,0.320
197.0363,-8.000,975.471,1017.937,-21.233,-0.004,0.320
197.1324,-8.000,975.353,1017.902,-21.274,-0.001,0.320
197.2300,-8.000,975.243,1017.881,-21.319,-0.000,0.320
197.3282,-9.000,958.862,1030.311,-35.724,-11.556,0.320
197.4262,-9.000,967.804,1021.011,-26.604,-2.384,0.320
197.5348,-9.000,969.494,1019.017,-24.762,-0.492,0.320
197.6319,-9.000,969.704,1018.547,-24.422,-0.102,0.320
197.7303,-9.000,969.624,1018.407,-24.391,-0.021,0.320
197.8301,-9.000,969.497,1018.347,-24.425,-0.004,0.320
197.9305,-9.000,969.371,1018.315,-24.472,-0.001,0.320
198.0286,-9.000,969.254,1018.297,-24.522,-0.000,0.320
198.1358,-9.000,969.146,1018.290,-24.572,-0.000,0.320
198.2325,-9.000,969.047,1018.291,-24.622,-0.000,0.320
198.3294,-9.000,968.955,1018.300,-24.673,-0.000,0.320
198.4284,-9.000,968.869,1018.315,-24.723,-0.000,0.320
198.5365,-8.000,982.070,1002.895,-10.412,11.556,0.320
198.6340,-8.000,973.411,1012.667,-19.628,2.384,0.320
198.7335,-8.000,971.946,1015.077,-21.566,0.492,0.320
198.8305,-7.000,985.194,1000.474,-7.640,11.657,0.320
198.9270,-7.000,976.827,1010.688,-16.931,2.405,0.320
199.0339,-7.000,975.664,1013.422,-18.879,0.496,0.320
199.1342,-6.000,989.180,999.081,-4.951,11.658,0.320
199.2333,-6.000,981.043,1009.516,-14.237,2.406,0.320
199.3322,-6.000,980.077,1012.436,-16.180,0.496,0.320
199.4290,-6.000,980.480,1013.694,-16.607,0.102,0.320
199.5275,-6.000,981.071,1014.515,-16.722,0.021,0.320
199.6355,-6.000,981.620,1015.165,-16.772,0.004,0.320
199.7293,-6.000,982.093,1015.712,-16.809,0.001,0.320
199.8298,-6.000,982.492,1016.180,-16.844,0.000,0.320
199.9286,-6.000,982.827,1016.582,-16.878,0.000,0.320
200.0277,-6.000,983.107,1016.929,-16.911,0.000,0.320
200.1276,-5.000,996.620,1001.788,-2.584,11.556,0.320
200.2257,-5.000,988.230,1011.795,-11.783,2.384,0.320
200.3326,-4.000,1000.277,998.961,0.658,12.048,0.320
200.4316,-4.000,991.859,1009.711,-8.926,2.486,0.320
200.5269,-3.000,1004.136,997.257,3.440,12.069,0.320
200.6349,-2.000,1009.247,992.835,8.206,14.046,0.320
200.7328,-1.000,1013.162,990.345,11.408,14.454,0.320
200.8335,-0.000,1017.072,988.487,14.293,14.538,0.320
200.9314,-0.000,1007.906,1002.397,2.754,3.000,0.320
201.0324,1.000,1019.982,990.513,14.735,12.175,0.320
201.1301,1.000,1011.907,1001.751,5.078,2.512,0.320
201.2272,2.000,1023.705,988.803,17.451,12.074,0.320
201.3254,3.000,1027.585,983.104,22.241,14.047,0.320
201.4341,3.000,1017.181,994.963,11.109,2.899,0.320
201.5317,4.000,1027.956,981.583,23.186,12.154,0.320
201.6304,4.000,1018.726,991.600,13.563,2.508,0.320
201.7284,3.000,1001.652,1007.184,-2.766,-11.038,0.320
201.8275,3.000,1011.295,999.273,6.011,-2.278,0.320
201.9342,3.000,1013.856,998.185,7.836,-0.470,0.320
202.0312,4.000,1027.313,982.139,22.587,11.459,0.320
202.1272,4.000,1018.641,991.611,13.515,2.364,0.320
202.2275,3.000,1001.686,1007.086,-2.700,-11.068,0.320
202.3257,3.000,1011.357,999.157,6.100,-2.284,0.320
202.4246,4.000,1026.368,981.787,22.291,11.084,0.320
202.5344,4.000,1018.091,991.059,13.516,2.287,0.320
202.6324,4.000,1016.720,993.274,11.723,0.472,0.320
202.7307,4.000,1016.728,993.986,11.371,0.097,0.320
202.8280,4.000,1016.978,994.346,11.316,0.020,0.320
202.9257,4.000,1017.244,994.599,11.323,0.004,0.320
203.0329,4.000,1017.484,994.800,11.342,0.001,0.320
203.1316,4.000,1017.693,994.966,11.363,0.000,0.320
203.2283,4.000,1017.875,995.103,11.386,0.000,0.320
203.3258,4.000,1018.033,995.217,11.408,0.000,0.320
203.4243,4.000,1018.170,995.309,11.430,0.000,0.320
203.5327,4.000,1018.291,995.385,11.453,0.000,0.320
203.6295,4.000,1018.396,995.446,11.475,0.000,0.320
203.7270,4.000,1018.489,995.494,11.498,0.000,0.320
203.8255,4.000,1018.572,995.532,11.520,0.000,0.320
203.9328,4.000,1018.645,995.560,11.542,0.000,0.320
204.0309,4.000,1018.711,995.582,11.565,0.000,0.320
204.1290,5.000,1031.212,979.315,25.948,11.556,0.320
204.2268,5.000,1021.968,988.357,16.805,2.384,0.320
204.3331,5.000,1020.018,990.136,14.941,0.492,0.320
204.4319,5.000,1019.583,990.426,14.578,0.102,0.320
204.5311,4.000,1004.027,1003.698,0.165,-11.535,0.320
204.6287,4.000,1013.734,995.051,9.341,-2.380,0.320
204.7292,4.000,1016.095,993.589,11.253,-0.491,0.320
204.8252,4.000,981.009,998.569,10.823,-0.103,0.180
204.9334,4.000,949.579,999.635,10.925,-0.022,0.180
205.0310,4.000,920.737,997.892,10.963,-0.005,0.180
205.1286,4.000,894.138,993.719,10.987,-0.001,0.180
205.2261,4.000,869.453,987.474,11.009,-0.000,0.180
205.3243,4.000,846.398,979.464,11.030,-0.000,0.180
205.4321,5.000,832.101,958.980,20.224,6.568,0.180
205.5311,5.000,806.398,953.345,15.065,1.383,0.180
205.6277,4.000,775.420,950.511,4.825,-6.277,0.180
205.7243,4.000,762.193,933.223,9.802,-1.322,0.180
205.8336,4.000,745.708,918.996,10.866,-0.278,0.180
205.9307,4.000,728.955,904.869,11.107,-0.059,0.180
206.0286,5.000,719.875,879.326,20.347,6.556,0.180
206.1255,5.000,698.577,869.420,15.197,1.380,0.180
206.2239,5.000,681.711,854.989,14.134,0.291,0.180
206.3307,6.000,673.373,828.349,23.104,6.630,0.180
206.4279,6.000,652.882,817.333,17.901,1.396,0.180
206.5251,6.000,636.740,801.921,16.831,0.294,0.180
206.6338,6.000,621.653,785.412,16.630,0.062,0.180
206.7312,7.000,614.279,757.554,25.786,6.581,0.180
206.8282,7.000,594.493,745.619,20.626,1.386,0.180
206.9249,8.000,586.300,718.474,28.742,6.860,0.180
207.0246,8.000,566.488,706.475,23.368,1.444,0.180
207.1237,8.000,551.040,690.108,22.270,0.304,0.180
207.2313,8.000,536.569,672.762,22.071,0.064,0.180
207.3306,8.000,522.352,655.160,22.062,0.013,0.180
207.4281,8.000,508.230,637.461,22.093,0.003,0.180
207.5244,7.000,483.789,627.679,12.959,-6.568,0.180
207.6324,6.000,480.655,629.380,9.007,-7.951,0.180
207.7299,6.000,489.159,622.659,15.315,-1.674,0.180
207.8278,6.000,492.377,620.955,16.668,-0.352,0.180
207.9236,4.000,473.525,636.295,-1.370,-13.211,0.180
208.0315,3.000,475.910,634.524,-0.093,-9.350,0.180
208.1294,2.000,475.376,636.181,-1.870,-8.537,0.180
208.2284,1.000,474.308,638.803,-4.293,-8.366,0.180
208.3259,-0.000,473.196,641.836,-6.857,-8.330,0.180
208.4255,-2.000,460.559,651.905,-18.628,-14.890,0.180
208.5330,-3.000,463.595,649.087,-16.057,-9.703,0.180
208.6308,-5.000,451.187,657.480,-26.759,-15.180,0.180
208.7305,-6.000,453.722,653.933,-23.975,-9.764,0.180
208.8279,-7.000,451.714,654.480,-25.471,-8.624,0.180
208.9269,-9.000,437.603,663.149,-37.046,-14.952,0.180
209.0242,-9.000,450.206,651.921,-25.289,-3.148,0.180
209.1302,-11.000,431.415,664.680,-41.198,-13.800,0.180
209.2262,-12.000,431.829,661.539,-39.534,-9.474,0.180
209.3240,-13.000,428.710,661.741,-41.291,-8.563,0.180
209.4229,-14.000,424.771,662.599,-43.772,-8.371,0.180
209.5295,-15.000,420.595,663.558,-46.410,-8.331,0.180
209.6253,-16.000,416.312,664.505,-49.084,-8.322,0.180
209.7221,-16.000,422.932,658.050,-42.597,-1.752,0.180
209.8297,-17.000,413.371,664.151,-50.471,-6.937,0.180
209.9263,-18.000,407.852,666.129,-54.256,-8.029,0.180
210.0224,-19.000,403.150,667.222,-57.185,-8.259,0.180
210.1302,-20.000,398.693,668.010,-59.833,-8.307,0.180
210.2296,-19.000,413.085,651.101,-44.205,4.820,0.180
210.3270,-20.000,398.760,662.685,-57.179,-5.554,0.180
210.4236,-21.000,392.528,665.988,-61.962,-7.738,0.180
210.5316,-22.000,387.937,667.489,-65.022,-8.197,0.180
210.6290,-22.000,394.607,661.192,-58.551,-1.726,0.180
210.7258,-22.000,396.138,659.979,-57.188,-0.363,0.180
210.8247,-23.000,385.600,667.187,-66.070,-6.645,0.180
210.9223,-23.000,390.938,662.018,-60.824,-1.399,0.180
211.0312,-23.000,392.121,660.980,-59.719,-0.295,0.180
211.1288,-23.000,392.420,660.803,-59.487,-0.062,0.180
211.2283,-24.000,381.557,668.170,-68.606,-6.581,0.180
211.3288,-23.000,394.739,652.617,-54.242,5.183,0.180
211.4256,-23.000,391.142,657.197,-58.334,1.091,0.180
211.5234,-23.000,390.702,658.474,-59.195,0.230,0.180
211.6320,-23.000,390.878,659.009,-59.376,0.048,0.180
211.7310,-23.000,391.144,659.347,-59.415,0.010,0.180
211.8312,-23.000,391.395,659.610,-59.423,0.002,0.180
211.9315,-22.000,399.581,649.461,-50.256,6.569,0.180
212.0284,-21.000,403.031,644.942,-46.274,7.951,0.180
212.1252,-21.000,397.800,652.265,-52.551,1.674,0.180
212.2228,-21.000,397.368,654.474,-53.872,0.352,0.180
212.3211,-20.000,405.815,645.139,-44.982,6.643,0.180
212.4295,-20.000,401.693,651.505,-50.226,1.398,0.180
212.5275,-19.000,409.414,643.292,-42.261,6.863,0.180
212.6272,-18.000,413.162,639.726,-38.604,8.013,0.180
212.7283,-18.000,408.319,647.722,-45.024,1.687,0.180
212.8270,-17.000,416.208,640.115,-37.276,6.924,0.180
212.9233,-15.000,428.221,626.541,-24.483,14.594,0.180
213.0317,-15.000,418.958,640.477,-36.083,3.073,0.180
213.1289,-14.000,426.414,634.593,-29.413,7.215,0.180
213.2264,-13.000,430.787,632.157,-26.008,8.087,0.180
213.3244,-12.000,434.631,630.558,-23.287,8.271,0.180
213.4224,-11.000,438.468,629.231,-20.706,8.310,0.180
213.5312,-10.000,442.390,628.041,-18.149,8.318,0.180
213.6279,-9.000,446.407,626.948,-15.594,8.320,0.180
213.7248,-9.000,442.534,636.305,-22.209,1.751,0.180
213.8211,-8.000,451.409,629.691,-14.465,6.937,0.180
213.9288,-6.000,464.299,616.924,-1.636,14.597,0.180
214.0261,-6.000,455.796,631.531,-13.192,3.073,0.180
214.1234,-5.000,463.906,626.209,-6.475,7.215,0.180
214.2213,-4.000,468.843,624.243,-3.024,8.087,0.180
214.3303,-4.000,465.200,633.411,-9.430,1.703,0.180
214.4304,-4.000,466.183,637.124,-10.795,0.358,0.180
214.5282,-4.000,467.875,639.423,-11.099,0.075,0.180
214.6249,-4.000,469.491,641.200,-11.179,0.016,0.180
214.7233,-4.000,470.899,642.675,-11.212,0.003,0.180
214.8301,-4.000,472.101,643.924,-11.236,0.001,0.180
214.9274,-4.000,473.122,644.987,-11.257,0.000,0.180
215.0270,-4.000,473.987,645.894,-11.278,0.000,0.180
215.1245,-4.000,474.718,646.667,-11.299,0.000,0.180
215.2237,-5.000,464.364,654.702,-20.493,-6.568,0.180
215.3228,-5.000,470.037,650.056,-15.334,-1.383,0.180
215.4217,-5.000,471.540,649.427,-14.268,-0.291,0.180
215.5211,-4.000,480.088,639.221,-4.891,6.507,0.180
215.6290,-4.000,475.726,645.174,-10.049,1.370,0.180
215.7290,-3.000,483.274,636.579,-1.977,6.857,0.180
215.8270,-3.000,478.899,643.063,-7.406,1.444,0.180
215.9276,-2.000,486.614,634.741,0.612,6.872,0.180
216.0250,-2.000,482.421,641.419,-4.824,1.447,0.180
216.1227,-2.000,482.324,643.627,-5.976,0.305,0.180
216.2197,-1.000,490.944,634.402,2.947,6.633,0.180
216.3285,-1.000,486.945,640.886,-2.295,1.396,0.180
216.4254,-0.000,494.868,632.677,5.771,6.862,0.180
216.5263,-0.000,490.828,639.472,0.353,1.445,0.180
216.6250,-0.000,490.859,641.784,-0.787,0.304,0.180
216.7222,-0.000,491.614,643.020,-1.027,0.064,0.180
216.8298,-0.000,492.410,643.916,-1.078,0.013,0.180
216.9288,-0.000,493.118,644.646,-1.088,0.003,0.180
217.0268,-0.000,493.728,645.260,-1.091,0.001,0.180
217.1236,-0.000,494.247,645.780,-1.091,0.000,0.180
217.2196,-0.000,494.688,646.222,-1.091,0.000,0.180
217.3284,-0.000,495.064,646.597,-1.091,0.000,0.180
217.4258,-0.000,495.383,646.917,-1.091,0.000,0.180
217.5241,-0.000,495.654,647.188,-1.091,0.000,0.180
217.6230,-0.000,495.885,647.418,-1.091,0.000,0.180
217.7209,-0.000,496.081,647.614,-1.091,0.000,0.180
217.8302,-0.000,496.247,647.781,-1.091,0.000,0.180
217.9282,-0.000,496.389,647.923,-1.091,0.000,0.180
218.0249,-0.000,496.509,648.043,-1.091,0.000,0.180
218.1230,-0.000,496.612,648.145,-1.091,0.000,0.180
218.2208,1.000,504.072,637.259,8.082,6.568,0.180
218.3202,-0.000,488.562,650.457,-6.272,-5.186,0.180
218.4272,1.000,500.547,635.906,6.996,5.477,0.180
218.5253,-0.000,486.265,648.608,-6.496,-5.415,0.180
218.6249,-0.000,491.368,645.161,-2.221,-1.140,0.180
218.7239,-0.000,492.972,644.965,-1.321,-0.240,0.180
218.8225,-0.000,493.760,645.374,-1.131,-0.051,0.180
218.9210,-1.000,483.335,653.217,-10.265,-6.579,0.180
219.0200,-1.000,488.926,648.430,-5.076,-1.385,0.180
219.1313,-2.000,479.383,655.057,-13.162,-6.860,0.180
219.2290,-2.000,485.049,649.913,-7.756,-1.444,0.180
219.3255,-3.000,475.427,656.378,-15.800,-6.872,0.180
219.4229,-3.000,480.995,651.127,-10.390,-1.447,0.180
219.5202,-4.000,471.283,657.508,-18.437,-6.873,0.180
219.6195,-4.000,476.773,652.187,-13.032,-1.447,0.180
219.7292,-5.000,466.992,658.511,-21.084,-6.873,0.180
219.8260,-5.000,472.423,653.142,-15.684,-1.447,0.180
219.9260,-5.000,473.566,652.052,-14.567,-0.305,0.180
220.0223,-5.000,473.803,651.860,-14.353,-0.064,0.180
220.1190,-6.000,462.873,659.228,-23.502,-6.582,0.180
220.2261,-6.000,468.024,654.049,-18.337,-1.386,0.180
220.3219,-7.000,458.102,660.348,-26.448,-6.860,0.180
220.4286,-7.000,463.441,654.929,-21.068,-1.444,0.180
220.5256,-7.000,464.511,653.791,-19.964,-0.304,0.180
220.6220,-8.000,453.712,660.932,-28.934,-6.632,0.180
220.7194,-9.000,447.878,663.057,-32.914,-7.965,0.180
220.8185,-9.000,454.043,656.739,-26.672,-1.677,0.180
220.9273,-9.000,455.255,655.397,-25.395,-0.353,0.180
221.0261,-9.000,455.432,655.110,-25.164,-0.074,0.180
221.1245,-9.000,455.397,655.051,-25.152,-0.016,0.180
221.2244,-9.000,455.322,655.046,-25.186,-0.003,0.180
221.3224,-9.000,455.244,655.056,-25.230,-0.001,0.180
221.4217,-9.000,455.169,655.074,-25.277,-0.000,0.180
221.5183,-9.000,455.098,655.096,-25.323,-0.000,0.180
221.6280,-9.000,455.031,655.122,-25.370,-0.000,0.180
221.7241,-9.000,454.966,655.151,-25.417,-0.000,0.180
221.8220,-9.000,454.904,655.183,-25.464,-0.000,0.180
221.9192,-8.000,462.818,644.843,-16.337,6.568,0.180
222.0259,-8.000,458.060,650.539,-21.564,1.383,0.180
222.1242,-8.000,457.326,652.071,-22.697,0.291,0.180
222.2230,-7.000,465.367,642.308,-13.795,6.630,0.180
222.3201,-7.000,460.865,648.347,-19.066,1.396,0.180
222.4212,-7.000,460.379,650.138,-20.204,0.294,0.180
222.5193,-7.000,460.666,650.961,-20.472,0.062,0.180
222.6222,-7.000,461.052,651.518,-20.557,0.013,0.180
222.7192,-7.000,461.407,651.966,-20.604,0.003,0.180
222.8277,-7.000,461.709,652.345,-20.643,0.001,0.180
222.9249,-7.000,461.962,652.672,-20.680,0.000,0.180
223.0210,-7.000,462.171,652.955,-20.716,0.000,0.180
223.1183,-7.000,462.344,653.200,-20.752,0.000,0.180
223.2277,-7.000,462.486,653.415,-20.789,0.000,0.180
223.3274,-6.000,470.574,643.229,-11.652,6.568,0.180
223.4261,-6.000,465.966,649.054,-16.868,1.383,0.180
223.5255,-6.000,465.360,650.694,-17.991,0.291,0.180
223.6239,-6.000,465.539,651.395,-18.252,0.061,0.180
223.7226,-6.000,465.833,651.848,-18.332,0.013,0.180
223.8187,-5.000,474.083,641.833,-9.200,6.571,0.180
223.9272,-5.000,469.619,647.797,-14.413,1.383,0.180
224.0240,-4.000,477.112,639.179,-6.358,6.860,0.180
224.1219,-4.000,472.698,645.637,-11.794,1.444,0.180
224.2211,-3.000,480.379,637.293,-3.782,6.872,0.180
224.3188,-3.000,476.156,643.953,-9.223,1.447,0.180
224.4193,-3.000,476.034,646.146,-10.381,0.305,0.180
224.5280,-2.000,484.632,636.909,-1.463,6.633,0.180
224.6241,-2.000,480.613,643.384,-6.710,1.396,0.180
224.7232,-1.000,488.518,635.167,1.351,6.862,0.180
224.8203,-1.000,484.463,641.957,-4.072,1.445,0.180
224.9182,-1.000,484.479,644.265,-5.217,0.304,0.180
225.0174,-0.000,493.195,635.125,3.711,6.632,0.180
225.1241,1.000,496.652,630.707,7.648,7.965,0.180
225.2217,1.000,491.462,638.082,1.366,1.677,0.180
225.3186,1.000,491.071,640.328,0.047,0.353,0.180
225.4269,2.000,498.960,630.417,8.947,6.643,0.180
225.5252,3.000,501.740,625.318,12.887,7.967,0.180
225.6207,3.000,495.981,632.106,6.613,1.677,0.180
225.7196,3.000,495.109,633.852,5.304,0.353,0.180
225.8178,3.000,495.218,634.487,5.041,0.074,0.180
225.9270,4.000,502.864,623.872,14.172,6.584,0.180
226.0235,4.000,497.926,629.288,8.994,1.386,0.180
226.1199,4.000,497.055,630.564,7.921,0.292,0.180
226.2268,5.000,504.391,619.972,16.885,6.630,0.180
226.3252,5.000,499.300,625.297,11.677,1.396,0.180
226.4208,4.000,487.949,634.445,1.427,-6.275,0.180
226.5177,4.000,493.488,630.035,6.402,-1.321,0.180
226.6257,4.000,495.031,629.451,7.465,-0.278,0.180
226.7238,4.000,495.679,629.618,7.706,-0.059,0.180
226.8216,4.000,496.092,629.898,7.773,-0.012,0.180
226.9187,4.000,496.417,630.162,7.803,-0.003,0.180
227.0259,4.000,496.690,630.389,7.826,-0.001,0.180
227.1163,4.000,496.924,630.581,7.847,-0.000,0.180
227.2262,4.000,497.126,630.741,7.868,-0.000,0.180
227.3235,4.000,497.301,630.874,7.889,-0.000,0.180
227.4210,5.000,504.826,620.010,17.084,6.568,0.180
227.5206,5.000,499.747,625.250,11.924,1.383,0.180
227.6178,6.000,506.124,615.411,20.032,6.860,0.180
227.7160,6.000,500.768,620.824,14.648,1.444,0.180
227.8256,6.000,499.684,621.957,13.539,0.304,0.180
227.9262,6.000,499.496,622.187,13.330,0.064,0.180
228.0240,5.000,489.120,630.197,4.137,-6.555,0.180
228.1228,5.000,494.816,625.491,9.338,-1.380,0.180
228.2200,4.000,485.979,632.770,1.280,-6.859,0.180
228.3193,4.000,492.252,628.172,6.716,-1.444,0.180
228.4173,3.000,483.751,635.697,-1.297,-6.872,0.180
228.5263,2.000,479.904,639.314,-5.030,-8.015,0.180
228.6244,2.000,487.644,634.379,1.309,-1.687,0.180
228.7228,1.000,479.805,642.202,-6.523,-6.924,0.180
228.8198,1.000,486.770,638.224,-1.051,-1.458,0.180
228.9178,1.000,489.195,638.337,0.105,-0.307,0.180
229.0247,-0.000,480.148,647.142,-8.821,-6.633,0.180
229.1179,-0.000,486.781,643.302,-3.585,-1.396,0.180
229.2157,-0.000,489.071,643.387,-2.482,-0.294,0.180
229.3244,-0.000,490.313,644.165,-2.250,-0.062,0.180
229.4221,-0.000,491.220,644.974,-2.201,-0.013,0.180
229.5228,-0.000,491.959,645.693,-2.191,-0.003,0.180
229.6216,-0.000,492.581,646.310,-2.189,-0.001,0.180
229.7201,1.000,500.482,635.863,6.985,6.568,0.180
229.8163,1.000,495.720,641.461,1.805,1.383,0.180
229.9157,1.000,494.988,642.903,0.718,0.291,0.180
230.0236,2.000,502.439,632.456,9.667,6.630,0.180
230.1209,2.000,497.442,637.906,4.444,1.396,0.180
230.2167,2.000,496.543,639.190,3.352,0.294,0.180
230.3153,3.000,503.859,628.602,12.304,6.630,0.180
230.4256,3.000,498.749,633.930,7.085,1.396,0.180
230.5261,3.000,497.756,635.109,5.999,0.294,0.180
230.6250,3.000,497.618,635.404,5.783,0.062,0.180
230.7230,2.000,487.279,643.478,-3.424,-6.555,0.180
230.8202,3.000,500.375,627.856,10.935,5.188,0.180
230.9190,3.000,496.721,632.363,6.855,1.092,0.180
231.0158,3.000,496.237,633.572,6.008,0.230,0.180
231.1230,2.000,486.005,642.020,-3.332,-6.520,0.180
231.2222,2.000,491.905,637.604,1.826,-1.373,0.180
231.3206,2.000,493.629,637.140,2.920,-0.289,0.180
231.4184,1.000,484.030,645.411,-6.015,-6.629,0.180
231.5155,-0.000,479.831,649.082,-9.950,-7.964,0.180
231.6254,-1.000,476.420,651.443,-12.836,-8.245,0.180
231.7231,-1.000,483.978,645.993,-6.332,-1.736,0.180
231.8209,-2.000,475.266,652.897,-14.140,-6.934,0.180
231.9196,-2.000,481.461,648.165,-8.677,-1.460,0.180
232.0159,-3.000,472.251,655.019,-16.708,-6.876,0.180
232.1237,-3.000,478.162,650.105,-11.296,-1.448,0.180
232.2226,-4.000,468.740,656.775,-19.342,-6.873,0.180
232.3204,-4.000,474.475,651.699,-13.937,-1.447,0.180
232.4202,-5.000,464.904,658.232,-21.989,-6.873,0.180
232.5175,-6.000,459.539,660.414,-25.762,-8.015,0.180
232.6237,-7.000,455.009,661.638,-28.639,-8.256,0.180
232.7192,-8.000,450.612,662.626,-31.331,-8.306,0.180
232.8175,-9.000,446.205,663.534,-33.989,-8.317,0.180
232.9167,-9.000,452.738,657.028,-27.469,-1.751,0.180
233.0241,-10.000,443.111,663.077,-35.307,-6.937,0.180
233.1221,-10.000,448.516,657.632,-29.883,-1.460,0.180
233.2212,-10.000,449.599,656.514,-28.782,-0.307,0.180
233.3200,-11.000,438.802,663.682,-37.765,-6.633,0.180
233.4188,-11.000,443.938,658.460,-32.585,-1.396,0.180
233.5171,-12.000,433.974,664.752,-40.714,-6.862,0.180
233.6244,-12.000,439.269,659.336,-35.358,-1.445,0.180
233.7215,-12.000,440.295,658.207,-34.280,-0.304,0.180
233.8191,-13.000,429.455,665.359,-43.276,-6.632,0.180
233.9170,-13.000,434.557,660.123,-38.108,-1.396,0.180
234.0139,-13.000,435.534,659.031,-37.073,-0.294,0.180
234.1217,-14.000,424.676,666.191,-46.082,-6.630,0.180
234.2198,-14.000,429.767,660.958,-40.920,-1.396,0.180
234.3187,-13.000,438.709,649.495,-30.717,6.275,0.180
234.4154,-13.000,434.116,654.945,-35.739,1.321,0.180
234.5136,-13.000,433.370,656.419,-36.849,0.278,0.180
234.6221,-12.000,441.366,646.642,-27.963,6.627,0.180
234.7222,-12.000,436.815,652.680,-33.257,1.395,0.180
234.8218,-11.000,444.256,644.102,-25.247,6.862,0.180
234.9231,-10.000,447.772,640.220,-21.548,8.013,0.180
235.0202,-9.000,450.712,637.568,-18.753,8.255,0.180
235.1164,-9.000,445.770,645.755,-25.317,1.738,0.180
235.2141,-8.000,453.704,638.180,-17.562,6.934,0.180
235.3227,-8.000,449.841,645.348,-23.078,1.460,0.180
235.4230,-8.000,450.051,647.947,-24.272,0.307,0.180
235.5201,-7.000,458.935,639.052,-15.383,6.633,0.180
235.6189,-7.000,455.156,645.819,-20.656,1.396,0.180
235.7159,-7.000,455.288,648.229,-21.795,0.294,0.180
235.8230,-8.000,445.126,656.951,-31.237,-6.507,0.180
235.9221,-8.000,451.109,652.744,-26.142,-1.370,0.180
236.0202,-8.000,452.904,652.459,-25.102,-0.288,0.180
236.1201,-7.000,461.705,642.541,-15.742,6.508,0.180
236.2178,-6.000,465.530,638.366,-11.743,7.938,0.180
236.3146,-6.000,460.583,646.016,-18.041,1.671,0.180
236.4230,-4.000,476.328,627.769,-1.045,13.489,0.180
236.5193,-4.000,467.595,640.375,-11.714,2.840,0.180
236.6222,-2.000,482.926,623.536,4.370,13.735,0.180
236.7197,-2.000,474.431,636.749,-6.483,2.892,0.180
236.8181,-0.000,490.090,620.300,9.571,13.746,0.180
236.9167,1.000,489.277,622.843,7.893,9.462,0.180
237.0225,1.000,484.047,632.542,0.428,1.992,0.180
237.1202,2.000,491.752,625.036,8.034,6.988,0.180
237.2175,2.000,487.831,632.127,2.527,1.471,0.180
237.3135,2.000,488.027,634.625,1.376,0.310,0.180
237.4232,2.000,488.937,636.004,1.142,0.065,0.180
237.5209,2.000,489.869,637.018,1.101,0.014,0.180
237.6189,2.000,490.696,637.846,1.101,0.003,0.180
237.7167,2.000,491.407,638.541,1.109,0.001,0.180
237.8139,2.000,492.015,639.128,1.119,0.000,0.180
237.9223,2.000,492.533,639.626,1.129,0.000,0.180
238.0195,2.000,492.975,640.047,1.140,0.000,0.180
238.1174,2.000,493.353,640.404,1.150,0.000,0.180
238.2142,2.000,493.675,640.706,1.160,0.000,0.180
238.3122,2.000,493.951,640.960,1.171,0.000,0.180
238.4216,3.000,501.560,630.202,10.355,6.568,0.180
238.5195,4.000,503.925,624.560,14.358,7.951,0.180
238.6177,4.000,497.776,630.924,8.102,1.674,0.180
238.7154,4.000,496.567,632.316,6.801,0.352,0.180
238.8136,5.000,503.761,621.677,15.717,6.643,0.180
238.9215,5.000,498.578,626.931,10.499,1.398,0.180
239.0186,5.000,497.531,628.040,9.421,0.294,0.180
239.1178,6.000,504.724,617.298,18.388,6.630,0.180
239.2147,6.000,499.513,622.494,13.185,1.396,0.180
239.3127,6.000,498.435,623.558,12.114,0.294,0.180
239.4206,6.000,498.229,623.753,11.913,0.062,0.180
239.5176,6.000,498.206,623.766,11.896,0.013,0.180
239.6185,6.000,498.223,623.741,11.917,0.003,0.180
239.7155,6.000,498.248,623.708,11.946,0.001,0.180
239.8137,7.000,505.650,612.701,21.150,6.569,0.180
239.9158,7.000,500.468,617.817,16.001,1.383,0.180
240.0149,8.000,506.759,607.871,24.119,6.860,0.180
240.1127,8.000,501.331,613.192,18.745,1.444,0.180
240.2208,8.000,500.187,614.245,17.647,0.304,0.180
240.3177,8.000,499.950,614.405,17.448,0.064,0.180
240.4146,8.000,499.908,614.381,17.439,0.013,0.180
240.5138,8.000,499.911,614.322,17.470,0.003,0.180
240.6122,8.000,499.927,614.259,17.510,0.001,0.180
240.7186,8.000,499.948,614.197,17.551,0.000,0.180
240.8158,8.000,499.972,614.139,17.592,0.000,0.180
240.9160,8.000,499.999,614.083,17.634,0.000,0.180
241.0160,7.000,489.655,622.002,8.502,-6.568,0.180
241.1136,7.000,495.346,617.250,13.724,-1.383,0.180
241.2141,6.000,486.500,624.494,5.678,-6.860,0.180
241.3222,5.000,482.392,627.840,1.951,-8.013,0.180
241.4204,5.000,489.920,622.665,8.303,-1.687,0.180
241.5182,4.000,481.904,630.281,0.487,-6.924,0.180
241.6217,4.000,488.721,626.124,5.974,-1.458,0.180
241.7188,3.000,480.649,634.056,-2.028,-6.875,0.180
241.8156,3.000,487.533,630.054,3.415,-1.447,0.180
241.9129,3.000,489.916,630.120,4.574,-0.305,0.180
242.0134,3.000,491.213,630.905,4.830,-0.064,0.180
242.1132,3.000,492.165,631.724,4.896,-0.014,0.180
242.2207,3.000,492.943,632.449,4.922,-0.003,0.180
242.3190,3.000,493.600,633.071,4.940,-0.001,0.180
242.4168,3.000,494.160,633.598,4.956,-0.000,0.180
242.5152,3.000,494.637,634.044,4.972,-0.000,0.180
242.6143,2.000,484.672,642.395,-4.186,-6.568,0.180
242.7120,2.000,490.682,638.013,1.010,-1.383,0.180
242.8201,1.000,482.102,645.576,-7.062,-6.860,0.180
242.9179,-0.000,478.217,649.197,-10.815,-8.013,0.180
243.0176,-1.000,474.956,651.633,-13.663,-8.255,0.180
243.1152,-2.000,471.644,653.644,-16.324,-8.306,0.180
243.2125,-4.000,457.192,662.791,-28.124,-14.886,0.180
243.3206,-5.000,458.694,659.178,-25.567,-9.702,0.180
243.4180,-6.000,455.957,659.522,-27.107,-8.611,0.180
243.5154,-8.000,441.260,667.985,-38.687,-14.950,0.180
243.6126,-9.000,442.397,663.948,-36.100,-9.716,0.180
243.7110,-10.000,439.315,663.966,-37.650,-8.614,0.180
243.8114,-10.000,446.261,657.415,-30.901,-1.813,0.180
243.9197,-10.000,447.809,656.204,-29.522,-0.382,0.180
244.0182,-10.000,448.201,656.097,-29.272,-0.080,0.180
244.1157,-10.000,448.334,656.207,-29.261,-0.017,0.180
244.2133,-11.000,437.425,663.722,-38.473,-6.572,0.180
244.3122,-10.000,450.587,648.275,-24.168,5.185,0.180
244.4100,-10.000,446.971,652.950,-28.314,1.092,0.180
244.5190,-10.000,446.507,654.313,-29.227,0.230,0.180
244.6158,-10.000,446.656,654.929,-29.461,0.048,0.180
244.7125,-10.000,446.891,655.344,-29.551,0.010,0.180
244.8202,-10.000,447.107,655.680,-29.611,0.002,0.180
244.9187,-10.000,447.288,655.968,-29.665,0.000,0.180
245.0162,-9.000,455.409,645.847,-20.544,6.569,0.180
245.1138,-9.000,450.826,651.729,-25.776,1.383,0.180
245.2120,-8.000,458.213,643.046,-17.741,6.860,0.180
245.3195,-7.000,461.679,639.079,-14.024,8.013,0.180
245.4177,-7.000,456.604,646.728,-20.386,1.687,0.180
245.5149,-6.000,464.303,638.816,-12.581,6.924,0.180
245.6122,-6.000,460.216,645.723,-18.078,1.458,0.180
245.7107,-6.000,460.232,648.103,-19.260,0.307,0.180
245.8180,-6.000,460.977,649.395,-19.533,0.065,0.180
245.9141,-6.000,461.761,650.343,-19.616,0.014,0.180
246.0112,-6.000,462.455,651.121,-19.658,0.003,0.180
246.1200,-6.000,463.047,651.780,-19.691,0.001,0.180
246.2175,-7.000,452.573,659.717,-28.896,-6.568,0.180
246.3152,-7.000,458.144,654.990,-23.747,-1.383,0.180
246.4128,-7.000,459.558,654.293,-22.692,-0.291,0.180
246.5113,-8.000,449.083,661.778,-31.672,-6.630,0.180
246.6092,-8.000,454.505,656.815,-26.480,-1.396,0.180
246.7188,-9.000,444.786,663.323,-34.593,-6.862,0.180
246.8162,-9.000,450.292,658.088,-29.222,-1.445,0.180
246.9158,-9.000,451.501,657.110,-28.129,-0.304,0.180
247.0132,-9.000,451.792,657.014,-27.935,-0.064,0.180
247.1106,-10.000,440.906,664.467,-37.105,-6.582,0.180
247.2190,-10.000,446.091,659.364,-31.961,-1.386,0.180
247.3165,-11.000,436.194,665.730,-40.093,-6.860,0.180
247.4157,-11.000,441.552,660.371,-34.734,-1.444,0.180
247.5129,-12.000,431.661,666.661,-42.825,-6.872,0.180
247.6103,-12.000,436.994,661.267,-37.461,-1.447,0.180
247.7190,-12.000,438.048,660.162,-36.381,-0.305,0.180
247.8164,-13.000,427.230,667.335,-45.377,-6.633,0.180
247.9148,-13.000,432.350,662.118,-40.208,-1.396,0.180
248.0118,-12.000,441.317,650.668,-30.000,6.274,0.180
248.1095,-12.000,436.746,656.129,-35.016,1.321,0.180
248.2165,-12.000,436.019,657.612,-36.121,0.278,0.180
248.3126,-10.000,452.006,637.468,-18.056,13.195,0.180
248.4090,-9.000,450.743,638.797,-19.352,9.346,0.180
248.5183,-8.000,452.819,637.378,-17.604,8.536,0.180
248.6185,-7.000,455.791,635.564,-15.211,8.365,0.180
248.7185,-5.000,467.090,623.449,-3.504,14.898,0.180
248.8163,-3.000,473.903,617.143,3.056,16.273,0.180
248.9147,-2.000,472.229,622.847,-0.634,9.994,0.180
249.0116,-1.000,475.515,623.587,0.639,8.672,0.180
249.1200,-0.000,479.848,623.277,2.961,8.394,0.180
249.2179,1.000,483.804,622.140,5.508,8.336,0.180
249.3151,1.000,479.926,631.413,-1.068,1.755,0.180
249.4151,2.000,488.213,624.113,6.725,6.938,0.180
249.5134,2.000,484.665,631.499,1.259,1.461,0.180
249.6091,3.000,492.528,623.300,9.289,6.876,0.180
249.7186,3.000,488.471,630.069,3.877,1.448,0.180
249.8167,3.000,488.497,632.350,2.750,0.305,0.180
249.9144,3.000,489.253,633.555,2.525,0.064,0.180
250.0125,3.000,490.051,634.423,2.489,0.014,0.180
250.1097,4.000,498.138,624.153,11.668,6.571,0.180
250.2103,4.000,493.543,629.892,6.501,1.383,0.180
250.3106,4.000,492.957,631.449,5.430,0.291,0.180
250.4102,4.000,493.161,632.072,5.220,0.061,0.180
250.5079,4.000,493.485,632.450,5.193,0.013,0.180
250.6176,5.000,501.168,621.765,14.377,6.571,0.180
250.7153,5.000,496.230,627.150,9.215,1.383,0.180
250.8129,6.000,502.728,617.433,17.323,6.860,0.180
250.9106,6.000,497.475,622.949,11.938,1.444,0.180
251.0078,7.000,503.852,613.196,20.003,6.872,0.180
251.1168,8.000,505.901,607.677,23.788,8.015,0.180
251.2140,8.000,499.640,613.989,17.501,1.687,0.180
251.3116,8.000,498.371,615.301,16.211,0.355,0.180
251.4100,9.000,505.524,604.584,25.146,6.643,0.180
251.5180,9.000,500.312,609.768,19.948,1.399,0.180
251.6082,9.000,499.243,610.813,18.890,0.294,0.180
251.7175,9.000,499.046,610.988,18.705,0.062,0.180
251.8155,8.000,488.662,618.955,9.529,-6.555,0.180
251.9123,8.000,521.776,616.697,16.014,-1.353,0.320
252.0127,8.000,547.917,621.559,17.132,-0.279,0.320
252.1088,7.000,556.398,642.044,3.037,-11.613,0.320
252.2173,6.000,573.290,655.388,-2.068,-13.952,0.320
252.3160,6.000,606.981,655.172,9.039,-2.879,0.320
252.4179,5.000,615.443,677.779,-3.004,-12.150,0.320
252.5175,4.000,630.989,694.256,-7.695,-14.063,0.320
252.6148,3.000,647.819,710.261,-10.873,-14.457,0.320
252.7144,1.000,649.322,740.122,-28.104,-26.094,0.320
252.8128,-1.000,659.626,761.251,-36.111,-28.496,0.320
252.9089,-2.000,686.907,767.624,-27.862,-17.436,0.320
253.0161,-4.000,688.236,794.995,-42.758,-26.709,0.320
253.1110,-5.000,712.308,802.253,-35.944,-17.067,0.320
253.2087,-7.000,711.819,829.466,-51.149,-26.633,0.320
253.3067,-9.000,718.252,848.844,-58.773,-28.607,0.320
253.4170,-10.000,741.959,854.011,-50.481,-17.459,0.320
253.5169,-13.000,723.906,892.861,-79.764,-38.269,0.320
253.6156,-15.000,738.077,902.463,-78.187,-31.008,0.320
253.7125,-17.000,746.131,917.710,-82.384,-29.510,0.320
253.8131,-19.000,752.695,934.047,-87.781,-29.200,0.320
253.9102,-20.000,775.149,937.993,-78.962,-17.581,0.320
254.0074,-22.000,772.028,963.649,-93.720,-26.739,0.320
254.1164,-23.000,792.252,969.515,-86.854,-17.073,0.320
254.2156,-25.000,788.493,995.544,-102.015,-26.634,0.320
254.3156,-27.000,792.159,1013.903,-109.588,-28.607,0.320
254.4115,-29.000,797.252,1030.625,-115.595,-29.014,0.320
254.5123,-29.000,835.102,1022.093,-92.568,-5.987,0.320
254.6124,-31.000,822.289,1056.921,-116.527,-24.347,0.320
254.7104,-32.000,824.282,1048.744,-111.560,-16.579,0.320
254.8091,-33.000,820.138,1046.792,-112.757,-14.977,0.320
254.9078,-34.000,814.743,1046.165,-115.227,-14.646,0.320
255.0065,-35.000,809.105,1045.845,-117.959,-14.578,0.320
255.1161,-35.000,819.704,1033.181,-106.389,-3.008,0.320
255.2140,-36.000,804.990,1042.300,-118.357,-12.176,0.320
255.3109,-36.000,813.821,1031.713,-108.693,-2.513,0.320
255.4094,-37.000,798.831,1041.371,-121.055,-12.074,0.320
255.5076,-37.000,807.680,1030.990,-111.472,-2.491,0.320
255.6068,-37.000,809.033,1028.334,-109.495,-0.514,0.320
255.7157,-37.000,808.911,1027.349,-109.087,-0.106,0.320
255.8148,-37.000,808.544,1026.774,-109.003,-0.022,0.320
255.9111,-37.000,808.178,1026.340,-108.985,-0.005,0.320
256.0100,-35.000,834.407,995.111,-80.271,23.110,0.320
256.1088,-33.000,843.504,983.444,-69.901,27.880,0.320
256.2073,-31.000,849.847,976.597,-63.317,28.864,0.320
256.3160,-27.000,882.835,940.540,-28.802,52.178,0.320
256.4140,-24.000,885.954,940.333,-27.147,45.434,0.320
256.5130,-20.000,908.741,920.380,-5.783,55.597,0.320
256.6102,-17.000,911.558,925.493,-6.937,46.139,0.320
256.7086,-14.000,922.563,923.748,-0.567,44.187,0.320
256.8058,-12.000,922.417,936.446,-6.992,32.229,0.320
256.9139,-11.000,918.389,954.981,-18.277,18.206,0.320
257.0106,-9.000,938.110,946.273,-4.066,26.868,0.320
257.1069,-8.000,937.699,959.884,-11.079,17.100,0.320
257.2148,-7.000,944.477,965.167,-10.334,15.084,0.320
257.3132,-6.000,952.374,968.360,-7.983,14.668,0.320
257.4120,-6.000,946.915,986.247,-19.658,3.027,0.320
257.5084,-6.000,949.762,993.964,-22.094,0.625,0.320
257.6166,-5.000,967.004,983.540,-8.262,11.684,0.320
257.7145,-5.000,962.102,997.239,-17.563,2.411,0.320
257.8109,-5.000,963.899,1002.918,-19.505,0.498,0.320
257.9076,-5.000,966.655,1006.518,-19.928,0.103,0.320
258.0157,-4.000,982.528,993.886,-5.676,11.577,0.320
258.1118,-4.000,976.196,1005.974,-14.886,2.389,0.320
258.2083,-3.000,990.005,994.897,-2.443,12.048,0.320
258.3070,-3.000,983.088,1007.137,-12.023,2.486,0.320
258.4160,-3.000,983.360,1011.389,-14.013,0.513,0.320
258.5050,-2.000,998.140,998.294,-0.075,11.661,0.320
258.6128,-2.000,991.091,1009.776,-9.342,2.406,0.320
258.7110,-1.000,1004.335,998.140,3.099,12.052,0.320
258.8082,-1.000,996.947,1009.894,-6.472,2.487,0.320
258.9153,-1.000,996.824,1013.729,-8.452,0.513,0.320
259.0130,-0.000,1011.270,1000.278,5.497,11.661,0.320
259.1115,-0.000,1003.938,1011.456,-3.758,2.406,0.320
259.2094,-0.000,1003.662,1015.000,-5.668,0.497,0.320
259.3063,-0.000,1004.657,1016.783,-6.062,0.102,0.320
259.4132,-0.000,1005.757,1018.045,-6.144,0.021,0.320
259.5076,1.000,1019.185,1002.784,8.201,11.560,0.320
259.6054,1.000,1010.737,1012.674,-0.968,2.385,0.320
259.7049,2.000,1021.904,998.894,11.505,12.048,0.320
259.8130,3.000,1025.184,992.552,16.316,14.042,0.320
259.9110,3.000,1014.255,1003.878,5.189,2.897,0.320
260.0088,4.000,1024.582,990.049,17.267,12.153,0.320
260.1055,4.000,1014.971,999.683,7.644,2.508,0.320
260.2126,5.000,1025.454,985.380,20.037,12.073,0.320
260.3115,6.000,1028.218,978.529,24.844,14.047,0.320
260.4106,6.000,1016.866,989.406,13.730,2.899,0.320
260.5087,7.000,1026.839,975.191,25.824,12.154,0.320
260.6070,7.000,1016.929,984.494,16.218,2.508,0.320
260.7046,8.000,1027.161,969.906,28.627,12.073,0.320
260.8114,8.000,1017.273,979.092,19.090,2.491,0.320
260.9088,8.000,1015.042,980.726,17.158,0.514,0.320
261.0059,8.000,1014.425,980.835,16.795,0.106,0.320
261.1144,7.000,998.729,993.940,2.394,-11.534,0.320
261.2122,7.000,1008.320,985.146,11.587,-2.380,0.320
261.3100,7.000,1010.587,983.557,13.515,-0.491,0.320
261.4066,6.000,995.863,996.697,-0.417,-11.657,0.320
261.5070,6.000,1005.975,988.239,8.868,-2.405,0.320
261.6133,6.000,1008.621,986.999,10.811,-0.496,0.320
261.7117,5.000,994.204,1000.450,-3.123,-11.658,0.320
261.8103,5.000,1004.575,992.259,6.158,-2.406,0.320
261.9066,5.000,1007.438,991.249,8.095,-0.496,0.320
262.0044,4.000,993.206,1004.895,-5.844,-11.658,0.320
262.1108,4.000,1003.732,996.872,3.430,-2.406,0.320
262.2083,3.000,991.286,1009.285,-8.999,-12.052,0.320
262.3044,3.000,1002.354,1001.189,0.583,-2.487,0.320
262.4119,2.000,990.167,1013.743,-11.788,-12.069,0.320
262.5099,2.000,1001.412,1005.809,-2.198,-2.490,0.320
262.6048,1.000,989.366,1018.510,-14.572,-12.069,0.320
262.7122,1.000,1000.729,1010.703,-4.987,-2.491,0.320
262.8109,1.000,1004.222,1010.233,-3.005,-0.514,0.320
262.9076,2.000,1018.362,994.823,11.770,11.450,0.320
263.0037,2.000,1010.246,1004.858,2.694,2.363,0.320
263.1132,2.000,1009.198,1007.538,0.830,0.488,0.320
263.2117,2.000,1009.516,1008.608,0.454,0.101,0.320
263.3106,2.000,1010.037,1009.266,0.386,0.021,0.320
263.4085,2.000,1010.533,1009.772,0.380,0.004,0.320
263.5057,2.000,1010.967,1010.191,0.388,0.001,0.320
263.6124,2.000,1011.339,1010.542,0.399,0.000,0.320
263.7082,2.000,1011.658,1010.839,0.410,0.000,0.320
263.8055,2.000,1011.931,1011.089,0.421,0.000,0.320
263.9127,2.000,1012.164,1011.300,0.432,0.000,0.320
264.0099,2.000,1012.365,1011.478,0.443,0.000,0.320
264.1074,2.000,1012.537,1011.628,0.454,0.000,0.320
264.2057,2.000,1012.684,1011.753,0.466,0.000,0.320
264.3133,2.000,1012.812,1011.858,0.477,0.000,0.320
264.4098,3.000,1025.363,995.664,14.849,11.556,0.320
264.5083,3.000,1016.160,1004.770,5.695,2.384,0.320
264.6055,3.000,1014.244,1006.605,3.819,0.492,0.320
264.7119,3.000,1013.835,1006.944,3.446,0.102,0.320
264.8107,3.000,1013.742,1006.978,3.382,0.021,0.320
264.9114,3.000,1013.717,1006.953,3.382,0.004,0.320
265.0067,3.000,1013.709,1006.918,3.395,0.001,0.320
265.1047,3.000,1013.707,1006.884,3.411,0.000,0.320
265.2038,3.000,1013.708,1006.852,3.428,0.000,0.320
265.3127,3.000,1013.712,1006.822,3.445,0.000,0.320
265.4087,4.000,1026.158,990.513,17.823,11.556,0.320
265.5068,4.000,1016.868,999.520,8.674,2.384,0.320
265.6035,4.000,1014.878,1001.270,6.804,0.492,0.320
265.7128,4.000,1014.408,1001.536,6.436,0.102,0.320
265.8089,4.000,1014.263,1001.507,6.378,0.021,0.320
265.9057,4.000,1014.195,1001.427,6.384,0.004,0.320
266.0116,4.000,1014.151,1001.346,6.403,0.001,0.320
266.1065,4.000,1014.119,1001.271,6.424,0.000,0.320
266.2128,4.000,1014.096,1001.203,6.446,0.000,0.320
266.3114,4.000,997.358,995.279,1.040,0.000,0.180
266.4092,4.000,985.821,983.734,1.043,0.000,0.180
266.5059,4.000,974.104,972.011,1.047,0.000,0.180
266.6031,4.000,962.236,960.135,1.050,0.000,0.180
266.7128,4.000,950.239,948.131,1.054,0.000,0.180
266.8104,4.000,938.132,936.017,1.058,0.000,0.180
266.9074,5.000,926.108,920.513,2.798,1.286,0.180
267.0059,5.000,913.085,909.317,1.884,0.367,0.180
267.1123,5.000,900.625,897.373,1.626,0.105,0.180
267.2091,5.000,888.272,885.161,1.556,0.030,0.180
267.3095,5.000,875.906,872.828,1.539,0.009,0.180
267.4081,5.000,863.497,860.423,1.537,0.002,0.180
267.5059,6.000,851.221,844.668,3.276,1.286,0.180
267.6040,6.000,837.984,833.258,2.363,0.368,0.180
267.7017,6.000,825.342,821.130,2.106,0.105,0.180
267.8075,6.000,812.835,808.763,2.036,0.030,0.180
267.9068,7.000,800.515,793.001,3.757,1.294,0.180
268.0034,7.000,787.252,781.575,2.839,0.370,0.180
268.1116,7.000,774.591,769.429,2.581,0.106,0.180
268.2086,7.000,762.069,757.046,2.512,0.030,0.180
268.3068,7.000,749.560,744.567,2.496,0.009,0.180
268.4053,7.000,737.030,732.037,2.496,0.002,0.180
268.5114,7.000,724.474,719.472,2.501,0.001,0.180
268.6098,7.000,711.893,706.880,2.507,0.000,0.180
268.7086,7.000,699.291,694.265,2.513,0.000,0.180
268.8066,7.000,686.671,681.632,2.519,0.000,0.180
268.9035,7.000,674.034,668.983,2.526,0.000,0.180
269.0120,7.000,661.385,656.321,2.532,0.000,0.180
269.1093,7.000,648.723,643.647,2.538,0.000,0.180
269.2057,8.000,636.229,627.667,4.281,1.286,0.180
269.3033,8.000,622.806,616.067,3.370,0.367,0.180
269.4032,8.000,610.006,603.777,3.115,0.105,0.180
269.5108,8.000,597.366,591.272,3.047,0.030,0.180
269.6086,8.000,584.755,578.689,3.033,0.009,0.180
269.7075,8.000,572.139,566.071,3.034,0.002,0.180
269.8046,9.000,572.419,562.867,4.776,1.286,0.180
269.9028,9.000,571.765,564.035,3.865,0.368,0.180
270.0021,9.000,571.730,564.508,3.611,0.105,0.180
270.1105,9.000,571.849,564.761,3.544,0.030,0.180
270.2106,10.000,572.170,561.636,5.267,1.294,0.180
270.3079,10.000,571.563,562.860,4.352,0.370,0.180
270.4063,10.000,571.570,563.377,4.096,0.106,0.180
270.5050,10.000,571.726,563.666,4.030,0.030,0.180
270.6017,11.000,572.079,560.571,5.754,1.294,0.180
270.7099,11.000,571.500,561.821,4.839,0.370,0.180
270.8090,11.000,571.530,562.360,4.585,0.106,0.180
270.9054,11.000,571.707,562.667,4.520,0.030,0.180
271.0023,12.000,572.077,559.588,6.244,1.294,0.180
271.1084,12.000,571.512,560.851,5.331,0.370,0.180
271.2045,12.000,571.555,561.401,5.077,0.106,0.180
271.3032,13.000,571.919,558.421,6.749,1.316,0.180
271.4007,13.000,571.379,559.737,5.821,0.376,0.180
271.5106,13.000,571.453,560.324,5.564,0.107,0.180
271.6073,13.000,571.668,560.670,5.499,0.031,0.180
271.7037,13.000,571.896,560.918,5.489,0.009,0.180
271.8019,13.000,572.104,561.115,5.494,0.003,0.180
271.9106,14.000,572.463,557.981,7.241,1.286,0.180
272.0081,13.000,568.701,559.504,4.598,-0.918,0.180
272.1052,13.000,569.917,559.385,5.266,-0.262,0.180
272.2020,13.000,570.582,559.652,5.465,-0.075,0.180
272.3000,13.000,571.043,559.983,5.530,-0.021,0.180
272.4087,13.000,571.407,560.293,5.557,-0.006,0.180
272.5073,13.000,571.709,560.563,5.573,-0.002,0.180
272.6045,13.000,571.965,560.794,5.586,-0.000,0.180
272.7008,12.000,569.008,561.285,3.861,-1.286,0.180
272.8064,12.000,570.389,560.807,4.791,-0.367,0.180
272.9032,12.000,571.046,560.918,5.064,-0.105,0.180
273.0003,12.000,571.458,561.159,5.150,-0.030,0.180
273.1096,11.000,568.591,561.701,3.445,-1.294,0.180
273.2084,11.000,570.038,561.278,4.380,-0.370,0.180
273.3066,11.000,570.747,561.439,4.654,-0.106,0.180
273.4046,11.000,571.202,561.724,4.739,-0.030,0.180
273.5013,10.000,568.371,562.303,3.034,-1.294,0.180
273.6000,10.000,569.848,561.913,3.967,-0.370,0.180
273.7093,10.000,570.583,562.101,4.241,-0.106,0.180
273.8093,10.000,571.059,562.409,4.325,-0.030,0.180
273.9084,10.000,571.424,562.712,4.356,-0.009,0.180
274.0077,9.000,568.546,563.277,2.634,-1.288,0.180
274.1081,9.000,569.991,562.866,3.562,-0.368,0.180
274.2055,9.000,570.701,563.035,3.833,-0.105,0.180
274.3030,9.000,571.158,563.325,3.917,-0.030,0.180
274.4007,8.000,568.329,563.910,2.210,-1.294,0.180
274.5084,8.000,569.806,563.524,3.141,-0.370,0.180
274.6073,8.000,570.542,563.716,3.413,-0.106,0.180
274.7057,8.000,571.019,564.028,3.495,-0.030,0.180
274.8037,8.000,571.383,564.335,3.524,-0.009,0.180
274.9015,8.000,571.681,564.606,3.537,-0.002,0.180
275.0094,8.000,571.932,564.839,3.546,-0.001,0.180
275.1065,8.000,572.146,565.038,3.554,-0.000,0.180
275.2077,7.000,569.151,565.502,1.825,-1.286,0.180
275.3068,7.000,570.501,565.002,2.749,-0.367,0.180
275.4034,7.000,571.131,565.094,3.018,-0.105,0.180
275.5013,6.000,568.342,565.616,1.363,-1.316,0.180
275.6097,6.000,569.824,565.208,2.308,-0.376,0.180
275.7053,6.000,570.554,565.391,2.582,-0.107,0.180
275.8020,5.000,567.848,565.993,0.927,-1.316,0.180
275.9010,5.000,569.398,565.654,1.872,-0.376,0.180
275.9990,4.000,567.010,566.192,0.409,-1.393,0.180
276.1086,4.000,568.722,565.907,1.407,-0.398,0.180
276.2067,3.000,566.440,566.522,-0.041,-1.399,0.180
276.3034,3.000,568.234,566.312,0.961,-0.400,0.180
276.4013,2.000,566.018,566.993,-0.487,-1.400,0.180
276.5077,1.000,564.691,567.135,-1.222,-1.686,0.180
276.6039,1.000,566.893,566.927,-0.017,-0.482,0.180
276.7003,-0.000,564.909,567.726,-1.409,-1.423,0.180
276.8074,-0.000,566.921,567.706,-0.392,-0.407,0.180
276.9073,-0.000,568.059,568.262,-0.102,-0.116,0.180
277.0081,-0.000,568.861,568.899,-0.019,-0.033,0.180
277.1087,-0.000,569.497,569.487,0.005,-0.009,0.180
277.2056,-0.000,570.023,570.000,0.012,-0.003,0.180
277.3016,-0.000,570.467,570.440,0.014,-0.001,0.180
277.4085,1.000,571.020,567.518,1.751,1.285,0.180
277.5057,2.000,570.773,565.632,2.570,1.653,0.180
277.6040,3.000,570.364,564.108,3.128,1.758,0.180
277.7035,3.000,569.789,566.039,1.875,0.502,0.180
277.8017,3.000,570.010,566.972,1.519,0.144,0.180
277.8989,5.000,570.753,560.969,4.892,2.612,0.180
278.0051,5.000,569.656,563.595,3.031,0.746,0.180
278.1038,6.000,569.954,561.477,4.239,1.499,0.180
278.2034,7.000,569.792,559.972,4.910,1.714,0.180
278.3013,7.000,569.365,561.981,3.692,0.490,0.180
278.3994,8.000,569.871,559.701,5.085,1.426,0.180
278.5063,9.000,569.783,558.161,5.811,1.693,0.180
278.6068,10.000,569.566,556.874,6.346,1.769,0.180
278.7056,11.000,569.348,555.693,6.828,1.791,0.180
278.8030,11.000,568.985,557.868,5.558,0.512,0.180
278.9007,12.000,569.575,555.697,6.939,1.432,0.180
278.9985,13.000,569.568,554.241,7.664,1.695,0.180
279.1067,14.000,569.223,553.223,8.000,1.770,0.180
279.2042,14.000,569.093,555.193,6.950,0.506,0.180
279.3020,15.000,569.365,553.365,8.000,1.430,0.180
279.4015,15.000,569.534,554.874,7.330,0.409,0.180
279.4997,16.000,569.357,553.357,8.000,1.402,0.180
279.6079,17.000,568.577,552.577,8.000,1.686,0.180
279.7057,17.000,569.415,553.415,8.000,0.482,0.180
279.8047,18.000,568.566,552.566,8.000,1.423,0.180
279.9038,19.000,567.785,551.785,8.000,1.692,0.180
280.0013,19.000,568.621,552.621,8.000,0.484,0.180
280.1001,20.000,567.772,551.772,8.000,1.424,0.180
280.2003,21.000,566.990,550.990,8.000,1.693,0.180
280.2974,21.000,567.825,551.825,8.000,0.484,0.180
280.4050,21.000,568.535,552.535,8.000,0.138,0.180
280.5018,22.000,567.578,551.578,8.000,1.325,0.180
280.5988,22.000,568.265,552.265,8.000,0.379,0.180
280.7059,22.000,568.849,552.849,8.000,0.108,0.180
280.8066,23.000,567.786,551.786,8.000,1.317,0.180
280.9050,23.000,568.382,552.382,8.000,0.376,0.180
281.0051,23.000,568.888,552.888,8.000,0.107,0.180
281.1038,24.000,567.759,551.759,8.000,1.316,0.180
281.2020,24.000,568.299,552.299,8.000,0.376,0.180
281.3008,25.000,567.198,551.198,8.000,1.393,0.180
281.3977,25.000,567.762,551.762,8.000,0.398,0.180
281.5059,25.000,568.241,552.241,8.000,0.114,0.180
281.6020,25.000,568.649,552.649,8.000,0.032,0.180
281.7022,26.000,567.435,551.435,8.000,1.295,0.180
281.8000,26.000,567.904,551.904,8.000,0.370,0.180
281.9071,26.000,568.302,552.302,8.000,0.106,0.180
282.0056,26.000,568.640,552.640,8.000,0.030,0.180
282.1034,26.000,568.928,552.928,8.000,0.009,0.180
282.1995,26.000,569.173,553.173,8.000,0.002,0.180
282.3011,26.000,569.380,553.380,8.000,0.001,0.180
282.3982,26.000,569.557,553.557,8.000,0.000,0.180
282.4964,27.000,568.147,552.147,8.000,1.286,0.180
282.6044,27.000,568.449,552.449,8.000,0.367,0.180
282.7022,27.000,568.705,552.705,8.000,0.105,0.180
282.8000,27.000,568.923,552.923,8.000,0.030,0.180
282.8968,27.000,569.109,553.109,8.000,0.009,0.180
282.9963,27.000,569.266,553.266,8.000,0.002,0.180
283.1060,27.000,569.400,553.400,8.000,0.001,0.180
283.2035,26.000,568.074,552.074,8.000,-1.286,0.180
283.3004,26.000,568.446,552.446,8.000,-0.367,0.180
283.3984,26.000,568.763,552.763,8.000,-0.105,0.180
283.4965,26.000,569.032,553.032,8.000,-0.030,0.180
283.6036,25.000,567.821,551.821,8.000,-1.294,0.180
283.7015,25.000,568.292,552.292,8.000,-0.370,0.180
283.7995,25.000,568.692,552.692,8.000,-0.106,0.180
283.9020,24.000,567.592,551.592,8.000,-1.316,0.180
284.0014,23.000,566.717,550.717,8.000,-1.662,0.180
284.1018,23.000,567.473,551.473,8.000,-0.475,0.180
325.6628,22.000,772.789,-743.107,757.948,696.348,0.320
325.6846,22.000,350.191,-292.652,321.422,259.822,0.320
325.7818,22.000,157.135,-73.293,115.214,53.614,0.320
325.8900,22.000,127.076,-18.250,72.663,11.063,0.320
325.9865,21.000,115.872,16.817,49.527,-9.273,0.320
326.0832,21.000,134.686,20.913,56.887,-1.913,0.320
326.1817,21.000,147.254,30.444,58.405,-0.395,0.320
326.2895,21.000,158.272,40.835,58.719,-0.081,0.320
326.3875,21.000,169.598,52.032,58.783,-0.017,0.320
326.4826,20.000,166.135,77.253,44.441,-11.559,0.320
326.5880,20.000,188.444,81.214,53.615,-2.385,0.320
326.6872,20.000,203.888,92.873,55.508,-0.492,0.320
326.7856,20.000,218.185,106.388,55.898,-0.102,0.320
326.8828,20.000,232.474,120.516,55.979,-0.021,0.320
326.9822,19.000,231.625,148.132,41.747,-11.560,0.320
327.0908,19.000,256.170,154.115,51.027,-2.385,0.320
327.1900,18.000,258.089,180.758,38.666,-12.048,0.320
327.2885,18.000,283.778,187.122,48.328,-2.486,0.320
327.3865,18.000,301.862,201.058,50.402,-0.513,0.320
327.4829,17.000,302.925,229.827,36.549,-11.661,0.320
327.5927,17.000,328.841,237.042,45.899,-2.406,0.320
327.6899,16.000,331.873,264.786,33.543,-12.052,0.320
327.7900,15.000,343.053,285.380,28.837,-14.042,0.320
327.8869,15.000,371.674,291.543,40.066,-2.898,0.320
327.9832,14.000,375.786,319.610,28.088,-12.153,0.320
328.0805,13.000,387.633,340.731,23.451,-14.063,0.320
328.1881,13.000,416.766,347.396,34.685,-2.902,0.320
328.2879,12.000,421.302,375.902,22.700,-12.154,0.320
328.3869,11.000,433.505,397.400,18.052,-14.064,0.320
328.4870,10.000,447.497,417.668,14.914,-14.458,0.320
328.5859,9.000,462.034,437.867,12.084,-14.539,0.320
328.6847,8.000,476.832,458.209,9.312,-14.556,0.320
328.7829,7.000,491.810,478.715,6.547,-14.559,0.320
328.8808,6.000,506.930,499.370,3.780,-14.560,0.320
328.9893,6.000,537.612,506.873,15.369,-3.004,0.320
329.0877,6.000,558.645,523.071,17.787,-0.620,0.320
329.1840,6.000,577.381,540.756,18.313,-0.128,0.320
329.2810,6.000,595.383,558.487,18.448,-0.026,0.320
329.3811,5.000,597.570,589.287,4.141,-11.561,0.320
329.4814,4.000,609.239,611.272,-1.016,-13.941,0.320
329.5901,4.000,638.516,618.375,10.070,-2.877,0.320
329.6870,4.000,658.671,633.919,12.376,-0.594,0.320
329.7854,3.000,661.282,664.265,-1.492,-11.678,0.320
329.8824,3.000,688.462,672.875,7.793,-2.410,0.320
329.9811,2.000,692.547,701.824,-4.638,-12.053,0.320
330.0806,1.000,704.610,723.456,-9.423,-14.043,0.320
330.1880,1.000,733.969,730.513,1.728,-2.898,0.320
330.2869,-0.000,738.697,759.352,-10.328,-12.153,0.320
330.3851,-1.000,750.214,780.301,-15.043,-14.063,0.320
330.4835,-2.000,762.775,799.272,-18.249,-14.458,0.320
330.5821,-2.000,791.526,805.098,-6.786,-2.983,0.320
330.6813,-3.000,794.684,832.265,-18.790,-12.171,0.320
330.7791,-4.000,804.821,851.838,-23.509,-14.067,0.320
330.8894,-4.000,832.477,857.211,-12.367,-2.903,0.320
330.9877,-5.000,834.902,883.795,-24.447,-12.155,0.320
331.0831,-5.000,860.737,890.393,-14.828,-2.508,0.320
331.1810,-6.000,862.589,917.042,-27.227,-12.073,0.320
331.2794,-6.000,888.138,923.495,-17.678,-2.491,0.320
331.3795,-7.000,889.788,949.980,-30.096,-12.070,0.320
331.4874,-7.000,915.173,956.286,-20.556,-2.491,0.320
331.5849,-8.000,916.685,982.645,-32.980,-12.069,0.320
331.6839,-9.000,925.671,1001.285,-37.807,-14.046,0.320
331.7810,-9.000,952.396,1005.815,-26.710,-2.898,0.320
331.8794,-10.000,954.036,1031.678,-38.821,-12.154,0.320
331.9887,-10.000,963.286,1021.748,-29.231,-2.508,0.320
332.0857,-11.000,948.651,1031.966,-41.658,-12.073,0.320
332.1840,-11.000,957.794,1022.069,-32.138,-2.491,0.320
332.2820,-11.000,959.388,1019.832,-30.222,-0.514,0.320
332.3789,-12.000,943.181,1031.655,-44.237,-11.662,0.320
332.4866,-12.000,952.005,1022.103,-35.049,-2.406,0.320
332.5853,-13.000,937.257,1032.392,-47.567,-12.052,0.320
332.6849,-12.000,959.636,1007.064,-23.714,9.069,0.320
332.7826,-13.000,936.337,1027.016,-45.339,-9.684,0.320
332.8816,-13.000,944.027,1019.480,-37.726,-1.998,0.320
332.9813,-12.000,958.888,1002.592,-21.852,11.143,0.320
333.0805,-12.000,950.614,1012.140,-30.763,2.299,0.320
333.1805,-12.000,949.265,1014.575,-32.655,0.474,0.320
333.2795,-12.000,949.282,1015.480,-33.099,0.098,0.320
333.3870,-11.000,962.810,1000.575,-18.883,11.576,0.320
333.4865,-11.000,954.476,1010.739,-28.131,2.389,0.320
333.5845,-11.000,953.296,1013.474,-30.089,0.493,0.320
333.6809,-10.000,966.786,999.147,-16.180,11.657,0.320
333.7891,-10.000,958.622,1009.598,-25.488,2.405,0.320
333.8864,-9.000,970.910,997.095,-13.092,12.052,0.320
333.9839,-9.000,962.704,1008.119,-22.707,2.487,0.320
334.0855,-8.000,975.158,995.899,-10.370,12.069,0.320
334.1825,-8.000,967.134,1007.122,-19.994,2.490,0.320
334.2807,-8.000,966.473,1010.503,-22.015,0.514,0.320
334.3780,-8.000,967.176,1012.111,-22.468,0.106,0.320
334.4868,-7.000,981.310,997.781,-8.235,11.577,0.320
334.5834,-8.000,957.219,1020.867,-31.824,-9.167,0.320
334.6826,-7.000,978.802,999.268,-10.233,9.664,0.320
334.7794,-8.000,956.306,1020.912,-32.303,-9.561,0.320
334.8787,-8.000,964.987,1014.506,-24.759,-1.973,0.320
334.9880,-8.000,967.475,1013.952,-23.238,-0.407,0.320
335.0869,-8.000,968.575,1014.495,-22.960,-0.084,0.320
335.1828,-7.000,982.577,999.731,-8.577,11.538,0.320
335.2820,-7.000,974.556,1010.103,-17.773,2.381,0.320
335.3789,-7.000,973.627,1013.031,-19.702,0.491,0.320
335.4885,-6.000,987.328,998.869,-5.770,11.657,0.320
335.5843,-6.000,979.347,1009.458,-15.055,2.405,0.320
335.6826,-6.000,978.513,1012.509,-16.998,0.496,0.320
335.7810,-5.000,992.309,998.438,-3.064,11.658,0.320
335.8870,-5.000,984.411,1009.101,-12.345,2.406,0.320
335.9830,-5.000,983.650,1012.214,-14.282,0.496,0.320
336.0783,-4.000,997.508,998.194,-0.343,11.658,0.320
336.1859,-4.000,989.664,1008.900,-9.618,2.406,0.320
336.2829,-3.000,1002.231,996.607,2.812,12.052,0.320
336.3798,-3.000,994.265,1007.805,-6.770,2.487,0.320
336.4772,-3.000,993.648,1011.169,-8.760,0.513,0.320
336.5877,-3.000,994.391,1012.760,-9.185,0.106,0.320
336.6864,-2.000,1008.564,998.413,5.076,11.577,0.320
336.7844,-2.000,1000.790,1009.038,-4.124,2.389,0.320
336.8834,-2.000,1000.095,1012.157,-6.031,0.493,0.320
336.9841,-1.000,1014.004,998.148,7.928,11.657,0.320
337.0851,-1.000,1006.204,1008.863,-1.330,2.405,0.320
337.1835,-2.000,989.247,1024.458,-17.606,-11.059,0.320
337.2807,-1.000,1012.215,1001.172,5.522,9.274,0.320
337.3775,-1.000,1006.214,1009.902,-1.844,1.914,0.320
337.4864,-1.000,1005.850,1012.587,-3.368,0.395,0.320
337.5859,-1.000,1006.517,1013.892,-3.687,0.081,0.320
337.6858,-1.000,1007.285,1014.800,-3.758,0.017,0.320
337.7852,-1.000,1007.979,1015.532,-3.777,0.003,0.320
337.8831,-2.000,992.295,1028.587,-18.146,-11.555,0.320
337.9829,-2.000,1001.837,1019.810,-8.987,-2.384,0.320
338.0800,-2.000,1004.043,1018.254,-7.106,-0.492,0.320
338.1780,-2.000,1004.699,1018.152,-6.726,-0.102,0.320
338.2871,-1.000,1018.285,1002.876,7.704,11.535,0.320
338.3855,-1.000,1009.906,1012.818,-1.456,2.380,0.320
338.4836,-1.000,1008.676,1015.377,-3.350,0.491,0.320
338.5824,-0.000,1022.127,1000.896,10.615,11.657,0.320
338.6808,1.000,1026.379,994.929,15.725,13.961,0.320
338.7794,1.000,1016.075,1006.774,4.650,2.881,0.320
338.8778,2.000,1026.891,993.429,16.731,12.150,0.320
338.9855,3.000,1030.125,987.204,21.460,14.063,0.320
339.0825,3.000,1019.210,998.578,10.316,2.902,0.320
339.1806,4.000,1029.560,984.778,22.391,12.154,0.320
339.2796,5.000,1032.411,978.154,27.128,14.064,0.320
339.3864,5.000,1021.174,989.184,15.995,2.902,0.320
339.4826,6.000,1031.252,975.090,28.081,12.154,0.320
339.5809,7.000,1033.873,968.215,32.829,14.064,0.320
339.6780,7.000,1022.443,979.030,21.707,2.902,0.320
339.7857,8.000,1032.359,964.751,33.804,12.154,0.320
339.8837,8.000,1022.403,973.998,24.202,2.508,0.320
339.9803,9.000,1032.597,959.361,36.618,12.073,0.320
340.0766,9.000,1022.678,968.505,27.086,2.491,0.320
340.1761,8.000,1004.980,983.383,10.799,-11.041,0.320
340.2858,8.000,1014.089,974.877,19.606,-2.278,0.320
340.3816,8.000,1016.199,973.280,21.459,-0.470,0.320
340.4806,7.000,1001.394,986.361,7.516,-11.653,0.320
340.5778,7.000,1011.448,977.841,16.804,-2.404,0.320
340.6849,7.000,1014.048,976.546,18.751,-0.496,0.320
340.7836,6.000,999.594,989.948,4.823,-11.658,0.320
340.8809,6.000,1009.933,981.716,14.109,-2.406,0.320
340.9770,6.000,1012.771,980.668,16.052,-0.496,0.320
341.0793,6.000,1013.960,981.001,16.479,-0.102,0.320
341.1765,5.000,999.280,994.814,2.233,-11.577,0.320
341.2848,4.000,994.187,1000.012,-2.912,-13.944,0.320
341.3821,4.000,1006.820,990.466,8.177,-2.877,0.320
341.4804,3.000,994.997,1002.754,-3.878,-12.149,0.320
341.5769,3.000,1006.354,994.792,5.781,-2.507,0.320
341.6844,3.000,1009.803,994.229,7.787,-0.517,0.320
341.7805,2.000,996.016,1008.309,-6.146,-11.662,0.320
341.8795,2.000,1006.908,1000.666,3.121,-2.407,0.320
341.9859,2.000,1010.210,1000.126,5.042,-0.497,0.320
342.0834,1.000,996.347,1014.176,-8.914,-11.658,0.320
342.1814,1.000,1007.185,1006.497,0.344,-2.406,0.320
342.2815,-0.000,995.001,1019.206,-12.102,-12.052,0.320
342.3810,-0.000,1006.290,1011.364,-2.537,-2.487,0.320
342.4807,-1.000,993.447,1023.297,-14.925,-12.069,0.320
342.5860,-1.000,1004.133,1014.837,-5.352,-2.490,0.320
342.6847,-2.000,990.769,1026.253,-17.742,-12.069,0.320
342.7823,-2.000,1001.009,1017.358,-8.175,-2.491,0.320
342.8800,-2.000,1003.546,1015.964,-6.209,-0.514,0.320
342.9760,-2.000,969.556,1019.574,-5.407,-0.108,0.180
343.0759,-2.000,937.981,1020.551,-5.332,-0.023,0.180
343.1858,-3.000,898.037,1026.113,-14.498,-6.573,0.180
343.2839,-2.000,884.446,1006.304,-0.151,5.185,0.180
343.3797,-2.000,856.020,1004.566,-4.254,1.091,0.180
343.4788,-2.000,832.397,997.775,-5.126,0.230,0.180
343.5758,-2.000,810.790,988.754,-5.318,0.048,0.180
343.6759,-2.000,790.463,978.274,-5.367,0.010,0.180
343.7837,-2.000,771.132,966.644,-5.385,0.002,0.180
343.8833,-1.000,760.601,943.683,3.776,6.569,0.180
343.9793,-1.000,738.096,935.946,-1.415,1.383,0.180
344.0770,-0.000,728.179,912.982,6.662,6.860,0.180
344.1749,-0.000,706.893,904.545,1.247,1.444,0.180
344.2849,1.000,697.560,880.238,9.280,6.872,0.180
344.3838,2.000,684.176,859.654,13.033,8.015,0.180
344.4822,3.000,670.089,839.494,15.889,8.256,0.180
344.5804,3.000,648.609,830.089,9.387,1.738,0.180
344.6771,4.000,639.819,804.252,17.204,6.934,0.180
344.7752,5.000,627.046,782.217,20.924,8.028,0.180
344.8836,5.000,606.140,771.762,14.612,1.690,0.180
344.9795,6.000,597.723,745.147,22.477,6.924,0.180
345.0779,7.000,585.246,722.473,26.216,8.026,0.180
345.1848,8.000,571.960,700.505,29.089,8.258,0.180
345.2843,8.000,551.171,689.555,22.611,1.739,0.180
345.3819,9.000,542.972,662.399,30.454,6.934,0.180
345.4796,10.000,530.707,639.239,34.200,8.028,0.180
345.5774,10.000,510.235,627.825,27.914,1.690,0.180
345.6843,11.000,502.192,600.390,35.805,6.924,0.180
345.7809,11.000,498.267,604.215,30.396,1.458,0.180
345.8802,12.000,505.809,592.988,38.476,6.875,0.180
345.9777,12.000,501.486,597.179,33.110,1.447,0.180
346.0739,13.000,508.665,586.288,41.204,6.873,0.180
346.1849,13.000,504.030,590.768,35.845,1.447,0.180
346.2837,13.000,503.570,591.096,34.770,0.305,0.180
346.3816,13.000,503.919,590.634,34.597,0.064,0.180
346.4773,13.000,504.380,590.077,34.614,0.014,0.180
346.5747,14.000,512.188,578.588,43.845,6.571,0.180
346.6845,14.000,507.364,583.283,38.730,1.383,0.180
346.7829,14.000,506.592,583.946,37.710,0.291,0.180
346.8807,14.000,506.645,583.799,37.553,0.061,0.180
346.9786,14.000,506.848,583.517,37.578,0.013,0.180
347.0763,14.000,507.063,583.235,37.640,0.003,0.180
347.1831,13.000,496.889,590.952,28.537,-6.568,0.180
347.2740,13.000,502.731,586.021,33.790,-1.383,0.180
347.3804,13.000,504.392,585.135,34.949,-0.291,0.180
347.4774,13.000,505.115,585.070,35.247,-0.061,0.180
347.5760,13.000,505.593,585.152,35.363,-0.013,0.180
347.6736,12.000,495.605,593.216,26.267,-6.571,0.180
347.7838,12.000,501.597,588.588,31.517,-1.383,0.180
347.8846,11.000,493.008,595.936,23.498,-6.860,0.180
347.9828,11.000,499.497,591.394,28.971,-1.444,0.180
348.0827,10.000,491.184,598.960,20.994,-6.872,0.180
348.1839,10.000,497.876,594.635,26.472,-1.447,0.180
348.2817,9.000,489.728,602.393,18.493,-6.873,0.180
348.3798,8.000,486.184,606.206,14.792,-8.015,0.180
348.4786,7.000,483.814,609.406,11.988,-8.256,0.180
348.5784,6.000,481.863,612.661,9.368,-8.306,0.180
348.6764,5.000,480.146,616.086,6.784,-8.317,0.180
348.7749,4.000,478.603,619.682,4.202,-8.319,0.180
348.8820,4.000,487.574,615.456,10.791,-1.751,0.180
348.9797,2.000,470.255,632.008,-6.153,-13.506,0.180
349.0773,1.000,473.236,631.976,-4.654,-9.412,0.180
349.1739,-1.000,462.083,642.634,-15.565,-15.118,0.180
349.2816,-2.000,465.835,640.862,-12.809,-9.751,0.180
349.3795,-3.000,464.895,642.885,-14.295,-8.621,0.180
349.4786,-4.000,462.676,645.424,-16.677,-8.383,0.180
349.5749,-6.000,448.966,655.207,-28.427,-14.902,0.180
349.6736,-7.000,451.059,652.175,-25.867,-9.706,0.180
349.7828,-8.000,448.815,653.022,-27.415,-8.612,0.180
349.8819,-10.000,434.533,661.916,-39.005,-14.950,0.180
349.9816,-10.000,446.995,650.874,-27.255,-3.147,0.180
350.0800,-11.000,439.059,656.417,-33.995,-7.231,0.180
350.1778,-12.000,434.221,658.621,-37.518,-8.091,0.180
350.2755,-13.000,429.954,660.049,-40.366,-8.272,0.180
350.3737,-13.000,436.711,653.879,-33.903,-1.741,0.180
350.4809,-14.000,427.295,660.194,-41.770,-6.935,0.180
350.5821,-14.000,432.880,654.973,-36.368,-1.460,0.180
350.6786,-15.000,423.141,661.421,-44.461,-6.876,0.180
350.7756,-15.000,428.594,656.172,-39.111,-1.448,0.180
350.8744,-16.000,418.772,662.567,-47.220,-6.873,0.180
350.9738,-17.000,413.185,664.641,-51.051,-8.015,0.180
351.0822,-17.000,419.431,658.408,-44.811,-1.687,0.180
351.1802,-18.000,409.707,664.543,-52.741,-6.924,0.180
351.2788,-19.000,404.081,666.519,-56.542,-8.026,0.180
351.3747,-19.000,410.268,660.230,-50.304,-1.690,0.180
351.4737,-20.000,400.590,666.221,-58.139,-6.924,0.180
351.5804,-21.000,395.021,668.055,-61.841,-8.026,0.180
351.6779,-22.000,390.302,669.000,-64.673,-8.258,0.180
351.7748,-23.000,385.749,669.745,-67.322,-8.307,0.180
351.8730,-23.000,392.189,663.069,-60.764,-1.749,0.180
351.9816,-24.000,382.501,668.956,-68.551,-6.937,0.180
352.0794,-25.000,376.893,670.732,-72.244,-8.029,0.180
352.1783,-26.000,372.135,671.634,-75.073,-8.259,0.180
352.2763,-26.000,378.516,664.975,-68.553,-1.739,0.180
352.3725,-26.000,379.771,663.484,-67.181,-0.366,0.180
352.4828,-27.000,368.991,670.463,-76.060,-6.645,0.180
352.5809,-27.000,374.122,665.101,-70.814,-1.399,0.180
352.6771,-27.000,375.129,663.899,-69.709,-0.295,0.180
352.7737,-27.000,375.278,663.583,-69.477,-0.062,0.180
352.8727,-27.000,375.256,663.463,-69.428,-0.013,0.180
352.9809,-27.000,375.206,663.393,-69.418,-0.003,0.180
353.0799,-26.000,383.126,652.971,-60.247,6.568,0.180
353.1798,-26.000,378.377,658.592,-65.432,1.383,0.180
353.2780,-26.000,377.656,660.055,-66.524,0.291,0.180
353.3785,-26.000,377.742,660.600,-66.754,0.061,0.180
353.4775,-25.000,385.930,650.548,-57.633,6.581,0.180
353.5751,-25.000,381.442,656.452,-62.829,1.386,0.180
353.6805,-25.000,380.950,658.147,-63.923,0.292,0.180
353.7776,-25.000,381.231,658.889,-64.153,0.061,0.180
353.8760,-24.000,389.586,649.004,-55.033,6.581,0.180
353.9734,-24.000,385.240,655.049,-60.229,1.386,0.180
354.0807,-23.000,392.836,646.497,-52.155,6.860,0.180
354.1791,-23.000,388.514,653.006,-57.571,1.444,0.180
354.2776,-23.000,388.304,655.076,-58.711,0.304,0.180
354.3760,-22.000,396.822,645.738,-49.782,6.632,0.180
354.4780,-22.000,392.738,652.126,-55.018,1.396,0.180
354.5757,-21.000,400.583,643.839,-46.952,6.862,0.180
354.6723,-21.000,396.477,650.569,-52.370,1.445,0.180
354.7799,-20.000,404.420,642.456,-44.342,6.873,0.180
354.8768,-20.000,400.423,649.310,-49.768,1.447,0.180
354.9748,-19.000,408.364,641.396,-41.841,6.873,0.180
355.0750,-19.000,404.351,648.433,-47.365,1.447,0.180
355.1740,-19.000,404.395,650.959,-48.607,0.305,0.180
355.2713,-19.000,405.148,652.390,-48.946,0.064,0.180
355.3783,-19.000,405.927,653.468,-49.095,0.014,0.180
355.4770,-19.000,406.606,654.367,-49.205,0.003,0.180
355.5773,-19.000,407.176,655.139,-49.306,0.001,0.180
355.6757,-20.000,396.777,663.078,-58.475,-6.568,0.180
355.7739,-20.000,402.417,658.347,-53.289,-1.383,0.180
355.8811,-20.000,403.895,657.642,-52.198,-0.291,0.180
355.9806,-21.000,393.485,665.109,-61.136,-6.630,0.180
356.0784,-21.000,398.968,660.124,-55.902,-1.396,0.180
356.1756,-20.000,408.251,648.865,-45.632,6.275,0.180
356.2747,-20.000,403.957,654.479,-50.585,1.321,0.180
356.3716,-19.000,411.345,645.813,-42.559,6.847,0.180
356.4796,-18.000,414.771,641.901,-38.889,8.010,0.180
356.5776,-17.000,417.621,639.237,-36.133,8.255,0.180
356.6746,-15.000,428.543,626.675,-24.391,14.875,0.180
356.7724,-13.000,434.971,620.051,-17.864,16.268,0.180
356.8718,-11.000,440.924,615.132,-12.428,16.562,0.180
356.9708,-8.000,455.152,600.583,1.960,23.192,0.180
357.0798,-5.000,465.086,592.177,11.130,24.588,0.180
357.1796,-3.000,466.745,596.016,10.040,18.313,0.180
357.2781,-1.000,473.555,595.079,13.914,16.992,0.180
357.3774,1.000,480.979,592.648,18.841,16.714,0.180
357.4733,2.000,480.284,599.986,14.824,10.087,0.180
357.5709,3.000,484.028,601.289,16.045,8.692,0.180
357.6781,4.000,488.200,600.807,18.372,8.398,0.180
357.7743,4.000,484.659,610.485,11.762,1.768,0.180
357.8727,3.000,475.518,622.441,1.214,-6.196,0.180
357.9802,3.000,483.122,620.231,6.121,-1.304,0.180
358.0697,2.000,476.086,629.451,-2.007,-6.843,0.180
358.1796,-0.000,463.180,642.414,-14.941,-14.577,0.180
358.2775,-0.000,477.713,633.930,-3.433,-3.069,0.180
358.3762,-2.000,460.759,648.825,-19.357,-13.783,0.180
358.4696,-0.000,489.702,619.332,9.861,10.235,0.180
358.5797,-1.000,473.414,637.552,-7.393,-4.414,0.180
358.6797,-0.000,487.188,626.020,5.260,5.639,0.180
358.7786,1.000,492.563,621.952,9.981,7.756,0.180
358.8806,3.000,503.248,608.177,22.211,14.770,0.180
358.9775,4.000,500.664,610.535,19.740,9.678,0.180
359.0759,5.000,501.822,608.585,21.294,8.606,0.180
359.1746,6.000,503.590,605.543,23.699,8.380,0.180
359.2727,7.000,505.338,602.113,26.288,8.333,0.180
359.3715,9.000,514.328,587.492,38.093,14.891,0.180
359.4718,9.000,503.226,599.809,26.384,3.135,0.180
359.5709,10.000,508.688,591.780,33.130,7.228,0.180
359.6702,10.000,503.442,597.843,27.475,1.522,0.180
359.7786,10.000,502.640,599.340,26.326,0.320,0.180
359.8792,10.000,502.734,599.836,26.125,0.067,0.180
359.9759,10.000,502.984,600.088,26.123,0.014,0.180
360.0735,10.000,503.238,600.261,26.164,0.003,0.180
360.1698,9.000,493.095,608.366,17.040,-6.568,0.180
360.2797,9.000,498.961,603.768,22.272,-1.383,0.180
360.3788,9.000,500.639,603.169,23.411,-0.291,0.180
360.4779,9.000,501.374,603.350,23.687,-0.061,0.180
360.5757,9.000,501.858,603.645,23.782,-0.013,0.180
360.6711,10.000,509.620,592.945,33.013,6.566,0.180
360.7703,10.000,504.740,598.328,27.881,1.382,0.180
360.8786,11.000,511.288,588.607,36.016,6.859,0.180
360.9764,11.000,506.081,594.117,30.658,1.444,0.180
361.0739,12.000,512.501,584.355,38.748,6.872,0.180
361.1719,12.000,507.217,589.798,33.385,1.447,0.180
361.2705,12.000,506.205,590.945,32.305,0.305,0.180
361.3683,11.000,495.711,599.154,22.954,-6.504,0.180
361.4755,11.000,501.432,594.491,28.146,-1.369,0.180
361.5721,11.000,503.020,593.802,29.284,-0.288,0.180
361.6701,10.000,493.313,601.873,20.395,-6.629,0.180
361.7787,9.000,489.029,605.366,16.507,-7.964,0.180
361.8754,9.000,496.528,600.196,22.841,-1.677,0.180
361.9752,7.000,478.140,615.762,5.865,-13.490,0.180
362.0747,6.000,480.254,614.851,7.377,-9.408,0.180
362.1726,5.000,479.350,617.376,5.662,-8.549,0.180
362.2696,3.000,467.568,628.738,-5.909,-14.937,0.180
362.3770,2.000,471.822,627.724,-3.275,-9.713,0.180
362.4765,1.000,472.005,630.897,-4.770,-8.613,0.180
362.5740,-0.000,471.363,634.992,-7.139,-8.382,0.180
362.6734,-1.000,469.973,638.715,-9.695,-8.333,0.180
362.7704,-1.000,479.039,634.634,-3.122,-1.754,0.180
362.8686,-2.000,471.563,642.746,-10.916,-6.938,0.180
362.9781,-3.000,467.827,646.423,-14.623,-8.029,0.180
363.0767,-3.000,475.625,641.575,-8.300,-1.690,0.180
363.1756,-5.000,456.250,656.257,-25.328,-13.493,0.180
363.2746,-5.000,467.882,646.637,-14.702,-2.841,0.180
363.3741,-7.000,449.006,660.022,-30.832,-13.735,0.180
363.4755,-7.000,460.480,649.882,-20.026,-2.892,0.180
363.5744,-8.000,452.319,655.576,-26.953,-7.177,0.180
363.6730,-10.000,436.448,665.150,-39.675,-14.648,0.180
363.7729,-11.000,437.311,661.336,-37.337,-9.652,0.180
363.8706,-12.000,434.145,661.392,-38.948,-8.600,0.180
363.9692,-12.000,441.051,654.843,-32.220,-1.811,0.180
364.0776,-12.000,442.570,653.627,-30.853,-0.381,0.180
364.1732,-13.000,431.964,660.891,-39.788,-6.649,0.180
364.2746,-12.000,445.198,645.416,-25.433,5.169,0.180
364.3745,-12.000,441.603,650.107,-29.576,1.088,0.180
364.4746,-12.000,441.147,651.494,-30.498,0.229,0.180
364.5723,-11.000,449.273,641.759,-21.567,6.617,0.180
364.6711,-11.000,444.809,647.856,-26.848,1.393,0.180
364.7722,-11.000,444.346,649.707,-28.005,0.293,0.180
364.8698,-11.000,444.647,650.585,-28.294,0.062,0.180
364.9680,-11.000,445.042,651.193,-28.400,0.013,0.180
365.0675,-11.000,445.401,651.686,-28.467,0.003,0.180
365.1765,-12.000,434.730,659.482,-37.700,-6.568,0.180
365.2765,-13.000,429.157,662.010,-41.751,-7.951,0.180
365.3735,-14.000,424.599,663.381,-44.715,-8.242,0.180
365.4711,-16.000,409.231,671.839,-56.628,-14.872,0.180
365.5702,-17.000,409.979,667.618,-54.144,-9.699,0.180
365.6682,-17.000,417.572,660.073,-46.575,-2.042,0.180
365.7769,-18.000,408.143,665.943,-54.225,-6.998,0.180
365.8768,-18.000,413.561,660.499,-48.793,-1.473,0.180
365.9733,-17.000,422.594,649.045,-38.550,6.258,0.180
366.0687,-16.000,426.009,644.171,-34.406,7.886,0.180
366.1775,-14.000,436.528,630.613,-22.367,14.797,0.180
366.2740,-13.000,434.455,633.703,-24.948,9.684,0.180
366.3720,-11.000,444.621,622.600,-14.314,15.175,0.180
366.4719,-9.000,451.133,616.493,-8.004,16.332,0.180
366.5719,-9.000,441.364,632.605,-20.945,3.438,0.180
366.6705,-7.000,457.247,617.315,-5.359,13.861,0.180
366.7714,-6.000,457.493,621.172,-7.164,9.486,0.180
366.8706,-5.000,461.190,621.563,-5.511,8.566,0.180
366.9705,-5.000,457.639,631.588,-12.299,1.803,0.180
367.0693,-4.000,466.914,625.416,-4.575,6.948,0.180
367.1685,-3.000,472.201,623.367,-0.908,8.031,0.180
367.2770,-3.000,468.721,632.599,-7.264,1.691,0.180
367.3730,-3.000,469.815,636.395,-8.614,0.356,0.180
367.4713,-2.000,479.570,628.396,0.263,6.643,0.180
367.5705,-1.000,484.535,625.523,4.181,7.967,0.180
367.6680,-0.000,488.603,623.834,7.060,8.246,0.180
367.7679,1.000,491.978,621.881,9.724,8.304,0.180
367.8663,2.000,494.905,619.563,12.347,8.317,0.180
367.9736,3.000,497.482,616.903,14.965,8.319,0.180
368.0700,4.000,499.768,613.947,17.586,8.320,0.180
368.1676,5.000,501.809,610.736,20.212,8.320,0.180
368.2766,6.000,503.643,607.307,22.844,8.320,0.180
368.3752,6.000,497.929,614.667,16.306,1.752,0.180
368.4747,6.000,497.276,616.718,14.955,0.369,0.180
368.5739,7.000,504.984,606.598,23.868,6.646,0.180
368.6719,6.000,489.875,620.257,9.484,-5.169,0.180
368.7682,6.000,494.871,617.029,13.597,-1.088,0.180
368.8755,5.000,486.139,624.864,5.313,-6.798,0.180
368.9722,4.000,482.276,628.563,1.532,-7.999,0.180
369.0719,3.000,479.670,631.631,-1.305,-8.253,0.180
369.1735,3.000,487.897,626.797,5.225,-1.737,0.180
369.2725,2.000,480.352,634.825,-2.561,-6.934,0.180
369.3707,1.000,477.169,639.019,-6.250,-8.028,0.180
369.4696,1.000,485.441,634.606,0.093,-1.690,0.180
369.5666,1.000,488.421,634.906,1.433,-0.356,0.180
369.6742,1.000,490.101,636.014,1.719,-0.075,0.180
369.7710,2.000,498.724,626.162,10.957,6.553,0.180
369.8687,2.000,494.539,632.302,5.794,1.380,0.180
369.9672,3.000,501.665,623.237,13.889,6.859,0.180
370.0751,3.000,496.941,629.313,8.490,1.444,0.180
370.1723,3.000,496.392,631.012,7.366,0.304,0.180
370.2710,3.000,496.656,631.725,7.141,0.064,0.180
370.3709,3.000,497.036,632.175,7.106,0.013,0.180
370.4693,2.000,487.020,640.496,-2.062,-6.566,0.180
370.5695,2.000,492.994,636.083,3.131,-1.382,0.180
370.6676,2.000,494.759,635.644,4.233,-0.291,0.180
370.7654,2.000,495.562,635.967,4.473,-0.061,0.180
370.8754,1.000,485.727,644.361,-4.642,-6.581,0.180
370.9655,1.000,491.815,640.047,0.559,-1.386,0.180
371.0657,-0.000,483.294,647.676,-7.515,-6.860,0.180
371.1745,-1.000,478.857,650.755,-11.273,-8.013,0.180
371.2738,-1.000,486.101,645.357,-4.952,-1.687,0.180
371.3732,-1.000,488.212,644.815,-3.626,-0.355,0.180
371.4720,-2.000,478.180,652.580,-12.524,-6.643,0.180
371.5682,-2.000,483.951,647.883,-7.290,-1.399,0.180
371.6657,-3.000,474.527,654.619,-15.370,-6.863,0.180
371.7742,-4.000,469.314,656.948,-19.141,-8.013,0.180
371.8722,-4.000,475.894,650.916,-12.836,-1.687,0.180
371.9678,-5.000,466.464,657.212,-20.698,-6.924,0.180
372.0656,-5.000,472.072,651.940,-15.258,-1.458,0.180
372.1744,-6.000,462.366,658.332,-23.307,-6.875,0.180
372.2706,-6.000,467.854,653.026,-17.911,-1.447,0.180
372.3688,-7.000,458.070,659.366,-25.973,-6.873,0.180
372.4655,-7.000,463.495,654.013,-20.583,-1.447,0.180
372.5650,-7.000,464.632,652.937,-19.477,-0.305,0.180
372.6744,-8.000,453.889,660.133,-28.447,-6.633,0.180
372.7729,-9.000,448.102,662.304,-32.426,-7.965,0.180
372.8691,-9.000,454.306,656.026,-26.184,-1.677,0.180
372.9649,-10.000,444.578,662.092,-34.081,-6.921,0.180
373.0645,-12.000,427.987,671.370,-47.016,-14.594,0.180
373.1647,-13.000,428.364,667.176,-44.730,-9.641,0.180
373.2754,-14.000,424.813,666.885,-46.360,-8.598,0.180
373.3739,-16.000,409.447,674.783,-57.993,-14.947,0.180
373.4723,-16.000,420.990,662.893,-46.276,-3.147,0.180
373.5689,-17.000,412.270,667.718,-53.048,-7.231,0.180
373.6654,-18.000,406.762,669.316,-56.602,-8.091,0.180
373.7724,-19.000,401.920,670.234,-59.481,-8.272,0.180
373.8733,-20.000,397.314,670.904,-62.119,-8.310,0.180
373.9726,-21.000,392.733,671.539,-64.727,-8.318,0.180
374.0703,-22.000,388.155,672.164,-67.329,-8.320,0.180
374.1695,-23.000,383.574,672.784,-69.930,-8.320,0.180
374.2681,-25.000,368.023,680.770,-81.698,-14.888,0.180
374.3667,-25.000,379.561,668.800,-69.944,-3.134,0.180
374.4642,-26.000,370.884,673.511,-76.638,-7.228,0.180
374.5723,-27.000,365.436,674.987,-80.100,-8.090,0.180
374.6713,-27.000,371.635,668.412,-73.713,-1.703,0.180
374.7677,-27.000,372.820,666.907,-72.368,-0.359,0.180
374.8658,-26.000,380.936,656.120,-62.917,6.493,0.180
374.9734,-26.000,376.174,661.611,-68.043,1.367,0.180
375.0733,-25.000,383.373,652.631,-59.953,6.856,0.180
375.1635,-25.000,378.704,658.787,-65.366,1.443,0.180
375.2730,-25.000,378.196,660.559,-66.506,0.304,0.180
375.3707,-25.000,378.493,661.336,-66.746,0.064,0.180
375.4668,-25.000,378.900,661.843,-66.796,0.013,0.180
375.5632,-25.000,379.277,662.242,-66.807,0.003,0.180
375.6712,-25.000,379.605,662.574,-66.809,0.001,0.180
375.7674,-26.000,368.916,670.223,-75.978,-6.568,0.180
375.8676,-26.000,374.310,665.246,-70.792,-1.383,0.180
375.9654,-26.000,375.579,664.331,-69.701,-0.291,0.180
376.0657,-24.000,391.896,643.515,-51.134,13.076,0.180
376.1631,-25.000,371.692,662.294,-70.625,-3.816,0.180
376.2729,-25.000,375.600,660.177,-67.613,-0.803,0.180
376.3703,-23.000,392.931,639.566,-48.642,12.968,0.180
376.4703,-23.000,384.300,651.410,-58.880,2.730,0.180
376.5699,-24.000,372.542,662.299,-70.203,-5.994,0.180
376.6665,-22.000,394.341,637.961,-47.135,11.875,0.180
376.7629,-21.000,394.856,638.889,-47.341,9.068,0.180
376.8700,-19.000,405.647,627.523,-36.262,15.046,0.180
376.9668,-16.000,420.347,611.135,-20.719,22.873,0.180
377.0636,-14.000,421.936,612.311,-20.512,17.952,0.180
377.1698,-11.000,435.786,599.611,-7.237,23.485,0.180
377.2669,-9.000,438.125,602.451,-7.487,18.081,0.180
377.3631,-8.000,436.978,611.599,-12.635,10.375,0.180
377.4705,-6.000,449.593,603.985,-2.520,15.321,0.180
377.5665,-5.000,450.565,610.863,-5.473,9.794,0.180
377.6727,-3.000,463.591,602.711,5.116,15.199,0.180
377.7712,-2.000,464.621,609.423,2.275,9.768,0.180
377.8720,-2.000,461.690,621.935,-5.447,2.056,0.180
377.9686,-0.000,480.075,606.894,11.266,13.570,0.180
378.0664,-0.000,473.783,622.028,0.553,2.857,0.180
378.1644,-0.000,475.286,628.041,-1.702,0.601,0.180
378.2743,1.000,485.379,620.736,6.997,6.695,0.180
378.3627,3.000,497.531,606.755,20.064,14.546,0.180
378.4693,2.000,477.911,628.419,-0.578,-3.506,0.180
378.5684,4.000,497.806,606.062,20.547,12.399,0.180
378.6655,4.000,489.992,617.784,10.779,2.610,0.180
378.7644,4.000,489.612,621.484,8.740,0.550,0.180
378.8723,6.000,505.358,601.362,26.674,13.253,0.180
378.9700,8.000,510.814,590.985,34.590,15.927,0.180
379.0698,9.000,506.564,593.453,31.231,9.921,0.180
379.1665,9.000,499.520,601.981,23.445,2.089,0.180
379.2727,10.000,505.923,593.241,31.017,7.008,0.180
379.3709,11.000,508.322,588.255,34.709,8.044,0.180
379.4679,11.000,502.430,594.948,28.416,1.693,0.180
379.5659,12.000,508.864,585.595,36.310,6.925,0.180
379.6629,12.000,503.719,591.259,30.905,1.458,0.180
379.7710,13.000,510.224,581.594,38.991,6.875,0.180
379.8682,14.000,512.395,576.138,42.804,8.016,0.180
379.9647,14.000,506.243,582.497,36.548,1.688,0.180
380.0640,15.000,512.445,572.872,44.462,6.924,0.180
380.1629,15.000,507.102,578.305,39.074,1.458,0.180
380.2616,15.000,506.068,579.416,38.002,0.307,0.180
380.3707,15.000,505.936,579.612,37.837,0.065,0.180
380.4706,15.000,505.991,579.613,37.864,0.014,0.180
380.5687,14.000,495.708,587.543,28.758,-6.566,0.180
380.6673,13.000,491.090,590.760,24.841,-7.951,0.180
380.7654,12.000,487.966,593.294,22.011,-8.242,0.180
380.8649,11.000,485.411,595.948,19.407,-8.304,0.180
380.9621,11.000,493.566,590.877,26.020,-1.748,0.180
381.0706,10.000,485.940,598.724,18.284,-6.936,0.180
381.1694,10.000,493.062,594.790,23.812,-1.460,0.180
381.2670,9.000,485.248,602.913,15.843,-6.876,0.180
381.3627,9.000,492.355,599.070,21.318,-1.448,0.180
381.4630,9.000,494.931,599.267,22.508,-0.305,0.180
381.5713,9.000,496.398,600.159,22.795,-0.064,0.180
381.6673,8.000,487.123,609.037,13.719,-6.582,0.180
381.7668,8.000,493.693,605.131,18.957,-1.386,0.180
381.8685,7.000,485.587,613.101,10.919,-6.860,0.180
381.9661,7.000,492.481,609.091,16.371,-1.444,0.180
382.0648,6.000,484.510,617.113,8.374,-6.872,0.180
382.1635,6.000,491.489,613.179,13.831,-1.447,0.180
382.2714,5.000,483.582,621.272,5.831,-6.873,0.180
382.3713,5.000,490.614,617.400,11.283,-1.447,0.180
382.4709,4.000,482.752,625.548,3.277,-6.873,0.180
382.5697,4.000,489.820,621.722,8.724,-1.447,0.180
382.6663,3.000,481.987,629.911,0.714,-6.873,0.180
382.7639,3.000,489.080,626.121,6.155,-1.447,0.180
382.8627,2.000,481.268,634.340,-1.860,-6.873,0.180
382.9704,1.000,478.004,638.550,-5.597,-8.015,0.180
383.0682,-0.000,475.866,642.093,-8.438,-8.256,0.180
383.1672,-1.000,473.507,645.046,-11.094,-8.306,0.180
383.2648,-2.000,470.838,647.619,-13.715,-8.317,0.180
383.3662,-3.000,467.880,649.896,-16.333,-8.319,0.180
383.4627,-4.000,464.669,651.928,-18.954,-8.320,0.180
383.5613,-5.000,461.242,653.753,-21.580,-8.320,0.180
383.6702,-6.000,457.630,655.403,-24.211,-8.320,0.180
383.7674,-7.000,453.860,656.906,-26.848,-8.320,0.180
383.8646,-8.000,449.954,658.284,-29.489,-8.320,0.180
383.9604,-9.000,445.933,659.557,-32.136,-8.320,0.180
384.0692,-10.000,441.813,660.741,-34.788,-8.320,0.180
384.1675,-11.000,437.608,661.850,-37.445,-8.320,0.180
384.2654,-12.000,433.330,662.897,-40.108,-8.320,0.180
384.3646,-12.000,439.963,656.517,-33.602,-1.752,0.180
384.4635,-12.000,441.391,655.305,-32.281,-0.369,0.180
384.5634,-12.000,441.712,655.168,-32.052,-0.078,0.180
384.6614,-11.000,449.762,644.873,-22.880,6.552,0.180
384.7601,-11.000,445.078,650.649,-28.110,1.379,0.180
384.8690,-10.000,452.370,641.886,-20.082,6.859,0.180
384.9658,-10.000,447.777,648.227,-25.549,1.444,0.180
385.0638,-9.000,455.303,639.789,-17.568,6.872,0.180
385.1610,-7.000,466.889,625.626,-4.693,14.584,0.180
385.2689,-7.000,457.245,639.081,-16.243,3.070,0.180
385.3676,-5.000,472.351,622.413,-0.356,13.783,0.180
385.4660,-4.000,471.753,625.283,-2.089,9.470,0.180
385.5628,-2.000,482.669,614.499,8.761,15.131,0.180
385.6599,-1.000,481.744,619.137,5.979,9.754,0.180
385.7606,1.000,492.463,608.573,16.620,15.190,0.180
385.8683,2.000,490.915,612.653,13.807,9.766,0.180
385.9692,4.000,500.539,600.982,24.454,15.193,0.180
386.0665,6.000,505.442,593.138,30.828,16.335,0.180
386.1648,7.000,501.701,596.780,27.136,10.007,0.180
386.2619,8.000,502.668,595.128,28.446,8.675,0.180
386.3601,10.000,511.817,581.197,39.986,14.963,0.180
386.4700,11.000,508.397,582.952,37.398,9.719,0.180
386.5682,12.000,508.948,580.386,38.956,8.614,0.180
386.6681,12.000,502.853,587.768,32.218,1.814,0.180
386.7676,12.000,502.031,589.685,30.849,0.382,0.180
386.8654,12.000,502.257,590.389,30.610,0.080,0.180
386.9631,12.000,502.651,590.785,30.609,0.017,0.180
387.0624,12.000,503.036,591.072,30.658,0.004,0.180
387.1603,11.000,493.008,599.272,21.544,-6.568,0.180
387.2695,11.000,498.973,594.752,26.786,-1.383,0.180
387.3672,10.000,490.362,602.192,18.761,-6.860,0.180
387.4662,9.000,486.458,605.700,15.055,-8.013,0.180
387.5633,9.000,494.163,600.659,21.427,-1.687,0.180
387.6611,8.000,486.300,608.387,13.632,-6.924,0.180
387.7592,7.000,482.876,612.295,9.966,-8.026,0.180
387.8682,6.000,480.581,615.602,7.165,-8.258,0.180
387.9683,6.000,489.062,610.981,13.716,-1.739,0.180
388.0672,5.000,481.732,619.192,5.946,-6.934,0.180
388.1656,4.000,478.734,623.539,2.273,-8.028,0.180
388.2634,4.000,487.166,619.253,8.632,-1.690,0.180
388.3623,3.000,479.910,627.634,0.813,-6.924,0.180
388.4600,3.000,487.370,624.130,6.295,-1.458,0.180
388.5678,2.000,479.844,632.618,-1.712,-6.875,0.180
388.6680,1.000,476.818,637.063,-5.447,-8.016,0.180
388.7654,1.000,485.254,632.832,0.886,-1.688,0.180
388.8640,-0.000,478.005,641.255,-6.950,-6.924,0.180
388.9615,-1.000,474.497,645.162,-10.657,-8.026,0.180
389.0603,-2.000,471.523,647.874,-13.500,-8.258,0.180
389.1683,-3.000,489.648,660.039,-21.721,-13.260,0.320
389.2657,-4.000,510.155,669.212,-25.576,-14.292,0.320
389.3634,-5.000,529.788,678.741,-28.617,-14.505,0.320
389.4606,-6.000,548.151,689.102,-31.494,-14.549,0.320
389.5586,-6.000,581.606,687.836,-19.981,-3.002,0.320
389.6671,-7.000,588.711,709.026,-31.993,-12.175,0.320
389.7643,-8.000,602.191,723.532,-36.731,-14.068,0.320
389.8631,-9.000,616.402,737.043,-39.972,-14.458,0.320
389.9588,-10.000,630.267,750.677,-42.909,-14.539,0.320
390.0663,-12.000,627.357,777.056,-60.148,-26.111,0.320
390.1631,-13.000,649.298,781.998,-53.853,-16.944,0.320
390.2600,-14.000,663.579,794.503,-54.840,-15.052,0.320
390.3673,-15.000,676.030,808.754,-57.333,-14.661,0.320
390.4659,-16.000,687.891,823.524,-60.143,-14.581,0.320
390.5640,-17.000,699.449,838.538,-63.021,-14.564,0.320
390.6632,-18.000,710.790,853.717,-65.918,-14.561,0.320
390.7586,-19.000,721.955,869.029,-68.824,-14.560,0.320
390.8672,-21.000,716.806,896.778,-85.980,-26.116,0.320
390.9631,-23.000,720.575,915.313,-93.964,-28.500,0.320
391.0623,-25.000,726.021,931.921,-100.056,-28.992,0.320
391.1618,-26.000,747.949,935.673,-91.402,-17.538,0.320
391.2588,-27.000,760.763,948.622,-91.839,-15.175,0.320
391.3670,-29.000,755.405,975.973,-108.506,-26.242,0.320
391.4648,-31.000,758.682,994.485,-116.390,-28.526,0.320
391.5675,-33.000,763.645,1011.137,-122.461,-28.997,0.320
391.6651,-35.000,768.874,1027.375,-128.159,-29.095,0.320
391.7616,-36.000,790.365,1031.067,-119.423,-17.559,0.320
391.8634,-38.000,786.478,1056.453,-134.198,-26.734,0.320
391.9630,-40.000,773.872,1058.597,-141.692,-28.628,0.320
392.0614,-42.000,762.696,1059.200,-147.682,-29.018,0.320
392.1595,-44.000,751.767,1059.462,-153.363,-29.099,0.320
392.2577,-45.000,757.126,1047.197,-144.624,-17.560,0.320
392.3673,-46.000,753.413,1044.199,-145.043,-15.179,0.320
392.4648,-48.000,731.609,1055.619,-161.707,-26.243,0.320
392.5606,-48.000,751.069,1033.333,-140.879,-5.415,0.320
392.6591,-49.000,737.928,1040.232,-150.937,-12.673,0.320
392.7670,-50.000,730.589,1041.424,-155.235,-14.171,0.320
392.8650,-50.000,740.751,1029.038,-143.988,-2.924,0.320
392.9630,-61.000,563.119,1162.540,-299.578,-127.714,0.320
393.0600,-51.000,794.999,904.548,-54.662,89.202,0.320
393.1689,-51.000,728.124,979.229,-125.457,18.407,0.320
393.2660,-50.000,730.123,981.705,-125.710,15.354,0.320
393.3640,-50.000,721.351,997.280,-137.896,3.168,0.320
393.4617,-50.000,721.738,1002.676,-140.410,0.654,0.320
393.5586,-50.000,723.686,1005.644,-140.929,0.135,0.320
393.6678,-49.000,738.951,992.397,-126.681,11.583,0.320
393.7656,-49.000,732.122,1003.942,-135.874,2.390,0.320
393.8661,-49.000,732.235,1007.837,-137.771,0.493,0.320
393.9650,-48.000,746.827,994.492,-123.807,11.657,0.320
394.0609,-48.000,739.609,1005.770,-133.059,2.405,0.320
394.1588,-47.000,752.704,993.966,-120.612,12.052,0.320
394.2665,-47.000,745.190,1005.577,-130.177,2.487,0.320
394.3646,-46.000,758.236,993.854,-117.795,12.069,0.320
394.4622,-46.000,750.722,1005.492,-127.374,2.490,0.320
394.5607,-46.000,750.500,1009.220,-129.350,0.514,0.320
394.6600,-45.000,764.859,995.680,-115.402,11.662,0.320
394.7577,-45.000,757.453,1006.783,-124.658,2.406,0.320
394.8658,-44.000,770.391,994.827,-112.212,12.052,0.320
394.9633,-44.000,762.745,1006.309,-121.777,2.487,0.320
395.0607,-43.000,775.677,994.476,-109.395,12.069,0.320
395.1580,-43.000,768.067,1006.021,-118.974,2.490,0.320
395.2579,-42.000,781.039,994.234,-106.595,12.069,0.320
395.3664,-41.000,786.739,990.380,-101.818,14.046,0.320
395.4639,-41.000,777.877,1003.813,-112.966,2.898,0.320
395.5622,-40.000,790.795,992.619,-100.910,12.154,0.320
395.6600,-40.000,783.382,1004.497,-110.556,2.508,0.320
395.7577,-38.000,809.841,977.514,-83.835,23.629,0.320
395.8649,-37.000,807.141,983.609,-88.233,16.431,0.320
395.9614,-36.000,810.319,984.156,-86.918,14.946,0.320
396.0573,-35.000,814.816,983.666,-84.424,14.640,0.320
396.1641,-34.000,819.675,983.052,-81.688,14.576,0.320
396.2623,-33.000,824.687,982.489,-78.901,14.563,0.320
396.3596,-31.000,843.070,966.567,-61.748,26.116,0.320
396.4577,-30.000,839.665,975.904,-68.119,16.945,0.320
396.5661,-29.000,843.514,977.938,-67.212,15.052,0.320
396.6647,-28.000,848.843,978.449,-64.802,14.662,0.320
396.7615,-27.000,854.464,978.631,-62.083,14.581,0.320
396.8580,-27.000,846.859,994.170,-73.655,3.009,0.320
396.9563,-26.000,861.118,984.494,-61.688,12.176,0.320
397.0653,-25.000,868.178,982.170,-56.996,14.068,0.320
397.1637,-25.000,860.526,996.848,-68.161,2.903,0.320
397.2620,-24.000,874.483,986.702,-56.109,12.155,0.320
397.3611,-24.000,867.957,999.469,-65.756,2.508,0.320
397.4599,-24.000,868.618,1004.111,-67.746,0.518,0.320
397.5579,-24.000,870.462,1006.776,-68.157,0.107,0.320
397.6660,-24.000,872.293,1008.777,-68.242,0.022,0.320
397.7640,-25.000,857.628,1022.859,-82.615,-11.551,0.320
397.8625,-27.000,835.497,1039.815,-102.159,-25.495,0.320
397.9630,-30.000,807.705,1057.688,-124.991,-39.927,0.320
398.0611,-32.000,807.127,1051.155,-122.014,-31.350,0.320
398.1600,-34.000,799.434,1051.123,-125.844,-29.580,0.320
398.2564,-37.000,773.801,1064.670,-145.435,-40.771,0.320
398.3643,-38.000,789.247,1044.112,-127.433,-19.969,0.320
398.4634,-39.000,788.146,1040.026,-125.940,-15.676,0.320
398.5618,-39.000,799.883,1026.881,-113.499,-3.235,0.320
398.6589,-39.000,801.852,1023.715,-110.931,-0.667,0.320
398.7659,-37.000,828.424,991.806,-81.691,22.973,0.320
398.8647,-33.000,864.025,949.028,-42.501,50.963,0.320
398.9619,-28.000,892.906,915.247,-11.170,68.294,0.320
399.0598,-21.000,937.051,866.817,35.117,94.981,0.320
399.1598,-18.000,910.074,904.672,2.701,54.266,0.320
399.2587,-15.000,915.871,910.640,2.616,45.864,0.320
399.3554,-11.000,942.012,894.860,23.576,55.686,0.320
399.4634,-9.000,934.721,918.639,8.041,34.602,0.320
399.5597,-7.000,943.778,925.275,9.251,30.251,0.320
399.6573,-6.000,942.681,943.552,-0.436,17.798,0.320
399.7645,-5.000,950.604,951.071,-0.233,15.228,0.320
399.8604,-4.000,959.835,955.807,2.014,14.698,0.320
399.9593,-4.000,955.583,974.930,-9.674,3.033,0.320
400.0572,-2.000,986.036,952.798,16.619,23.737,0.320
400.1557,-2.000,973.723,978.184,-2.231,4.898,0.320
400.2658,-1.000,988.661,972.197,8.232,12.566,0.320
400.3640,-0.000,997.268,972.040,12.614,14.149,0.320
400.4634,1.000,1003.571,972.078,15.746,14.475,0.320
400.5611,2.000,1008.725,971.475,18.625,14.542,0.320
400.6599,2.000,1000.628,986.439,7.094,3.001,0.320
400.7560,4.000,1026.059,959.166,33.446,23.730,0.320
400.8623,5.000,1021.906,963.913,28.996,16.452,0.320
400.9615,6.000,1023.070,962.414,30.328,14.950,0.320
401.0613,7.000,1025.037,959.322,32.857,14.641,0.320
401.1589,8.000,1026.920,955.643,35.638,14.577,0.320
401.2566,8.000,1016.132,967.904,24.114,3.008,0.320
401.3635,9.000,1026.857,954.591,36.133,12.176,0.320
401.4601,10.000,1030.085,948.324,40.881,14.068,0.320
401.5577,11.000,1031.626,943.360,44.133,14.458,0.320
401.6539,11.000,1020.257,954.818,32.719,2.983,0.320
401.7626,11.000,1017.989,957.163,30.413,0.616,0.320
401.8611,11.000,1017.595,957.622,29.986,0.127,0.320
401.9590,11.000,1017.583,957.689,29.947,0.026,0.320
402.0558,11.000,1017.647,957.672,29.988,0.005,0.320
402.1644,11.000,1017.725,957.634,30.045,0.001,0.320
402.2618,11.000,1017.802,957.591,30.106,0.000,0.320
402.3605,11.000,1017.878,957.544,30.167,0.000,0.320
402.4581,11.000,1017.952,957.494,30.229,0.000,0.320
402.5552,10.000,1002.583,970.724,15.929,-11.556,0.320
402.6624,10.000,1012.401,962.088,25.156,-2.384,0.320
402.7591,10.000,1014.851,960.642,27.105,-0.492,0.320
402.8561,9.000,1000.284,973.903,13.190,-11.657,0.320
402.9540,9.000,1010.530,965.546,22.492,-2.405,0.320
403.0609,9.000,1013.293,964.390,24.452,-0.496,0.320
403.1590,9.000,1014.420,964.628,24.896,-0.102,0.320
403.2608,9.000,1015.132,965.077,25.028,-0.021,0.320
403.3588,8.000,1000.251,978.784,10.734,-11.560,0.320
403.4576,8.000,1010.472,970.566,19.953,-2.385,0.320
403.5567,8.000,1013.261,969.479,21.891,-0.492,0.320
403.6568,8.000,1014.420,969.767,22.326,-0.102,0.320
403.7572,8.000,1015.160,970.256,22.452,-0.021,0.320
403.8558,8.000,1015.744,970.718,22.513,-0.004,0.320
403.9535,8.000,1016.237,971.114,22.562,-0.001,0.320
404.0640,8.000,1016.660,971.446,22.607,-0.000,0.320
404.1617,8.000,1017.026,971.722,22.652,-0.000,0.320
404.2586,8.000,1017.343,971.950,22.697,-0.000,0.320
404.3555,7.000,1002.179,985.418,8.380,-11.556,0.320
404.4624,7.000,1012.168,976.987,17.591,-2.384,0.320
404.5586,7.000,1014.762,975.717,19.522,-0.492,0.320
404.6569,6.000,1000.314,989.132,5.591,-11.657,0.320
404.7540,6.000,1010.659,980.907,14.876,-2.405,0.320
404.8598,5.000,998.062,993.147,2.458,-12.052,0.320
404.9577,5.000,1009.003,984.902,12.051,-2.487,0.320
405.0568,4.000,996.710,997.327,-0.309,-12.069,0.320
405.1549,4.000,1007.867,989.283,9.292,-2.490,0.320
405.2539,3.000,995.747,1001.888,-3.070,-12.069,0.320
405.3624,2.000,991.608,1007.279,-7.836,-14.046,0.320
405.4609,2.000,1004.799,998.153,3.323,-2.898,0.320
405.5554,1.000,993.397,1010.850,-8.726,-12.154,0.320
405.6545,1.000,1005.099,1003.249,0.925,-2.508,0.320
405.7540,-0.000,993.396,1016.277,-11.440,-12.073,0.320
405.8619,1.000,1017.483,992.477,12.503,9.064,0.320
405.9599,-0.000,996.475,1014.569,-9.047,-9.685,0.320
406.0574,-0.000,1006.122,1008.843,-1.360,-1.999,0.320
406.1558,-0.000,1009.375,1008.923,0.226,-0.412,0.320
406.2537,-1.000,994.838,1022.453,-13.808,-11.641,0.320
406.3614,-0.000,1018.424,998.851,9.786,9.154,0.320
406.4603,-1.000,996.371,1020.050,-11.840,-9.667,0.320
406.5601,-0.000,1018.456,998.080,10.188,9.561,0.320
406.6595,-0.000,1012.417,1007.217,2.600,1.973,0.320
406.7582,-0.000,1012.167,1010.099,1.034,0.407,0.320
406.8571,-0.000,1012.963,1011.541,0.711,0.084,0.320
406.9543,1.000,1026.289,996.277,15.006,11.573,0.320
407.0540,-0.000,1002.345,1019.414,-8.535,-9.167,0.320
407.1616,-0.000,1010.778,1013.295,-1.259,-1.892,0.320
407.2598,-0.000,1013.262,1012.777,0.242,-0.390,0.320
407.3564,-0.000,1014.408,1013.303,0.552,-0.081,0.320
407.4526,-1.000,998.901,1026.391,-13.745,-11.572,0.320
407.5601,-2.000,992.271,1030.126,-18.927,-13.943,0.320
407.6586,-2.000,1003.595,1019.340,-7.872,-2.877,0.320
407.7558,-2.000,1006.096,1017.296,-5.600,-0.594,0.320
407.8528,-3.000,990.469,1029.472,-19.501,-11.678,0.320
407.9515,-3.000,999.754,1020.254,-10.250,-2.410,0.320
408.0584,-3.000,1001.678,1018.386,-8.354,-0.497,0.320
408.1576,-3.000,1002.080,1018.032,-7.976,-0.103,0.320
408.2550,-4.000,985.884,1030.429,-22.273,-11.577,0.320
408.3522,-4.000,994.935,1021.149,-13.107,-2.389,0.320
408.4604,-4.000,996.711,1019.178,-11.234,-0.493,0.320
408.5592,-5.000,980.716,1031.168,-25.226,-11.657,0.320
408.6553,-6.000,973.456,1034.183,-30.363,-13.961,0.320
408.7536,-6.000,984.199,1022.832,-19.317,-2.881,0.320
408.8534,-6.000,986.193,1020.321,-17.064,-0.594,0.320
408.9616,-6.000,986.411,1019.663,-16.626,-0.123,0.320
409.0592,-6.000,986.288,1019.413,-16.562,-0.025,0.320
409.1576,-6.000,986.116,1019.267,-16.576,-0.005,0.320
409.2564,-6.000,985.952,1019.162,-16.605,-0.001,0.320
409.3543,-6.000,985.804,1019.080,-16.638,-0.000,0.320
409.4613,-6.000,985.674,1019.016,-16.671,-0.000,0.320
409.5582,-6.000,985.557,1018.967,-16.705,-0.000,0.320
409.6552,-6.000,985.453,1018.930,-16.738,-0.000,0.320
409.7524,-6.000,985.360,1018.904,-16.772,-0.000,0.320
409.8608,-6.000,985.275,1018.886,-16.806,-0.000,0.320
409.9602,-6.000,985.198,1018.877,-16.839,-0.000,0.320
410.0566,-5.000,998.409,1003.432,-2.512,11.556,0.320
410.1549,-5.000,989.761,1013.182,-11.711,2.384,0.320
410.2624,-4.000,1001.590,1000.130,0.730,12.048,0.320
410.3507,-4.000,992.986,1010.694,-8.854,2.486,0.320
410.4595,-4.000,991.823,1013.522,-10.849,0.513,0.320
410.5570,-3.000,990.702,990.595,0.053,1.432,0.180
410.6556,-3.000,979.045,980.990,-0.972,0.409,0.180
410.7516,-3.000,967.804,970.339,-1.267,0.117,0.180
410.8618,-3.000,956.504,959.211,-1.353,0.033,0.180
410.9606,-3.000,945.036,947.796,-1.380,0.010,0.180
411.0570,-3.000,933.391,936.170,-1.390,0.003,0.180
411.1557,-3.000,921.587,924.375,-1.394,0.001,0.180
411.2527,-3.000,909.644,912.439,-1.397,0.000,0.180
411.3603,-3.000,897.582,900.383,-1.400,0.000,0.180
411.4573,-3.000,885.420,888.226,-1.403,0.000,0.180
411.5545,-4.000,869.875,876.160,-3.142,-1.286,0.180
411.6524,-4.000,858.645,863.100,-2.228,-0.367,0.180
411.7612,-4.000,846.671,850.609,-1.969,-0.105,0.180
411.8587,-4.000,834.435,838.230,-1.897,-0.030,0.180
411.9562,-4.000,822.081,825.841,-1.880,-0.009,0.180
412.0524,-5.000,806.362,813.589,-3.614,-1.288,0.180
412.1508,-6.000,791.683,800.552,-4.435,-1.654,0.180
412.2596,-6.000,780.670,787.188,-3.259,-0.473,0.180
412.3576,-7.000,765.435,774.762,-4.663,-1.421,0.180
412.4563,-8.000,750.981,761.764,-5.392,-1.692,0.180
412.5532,-8.000,740.106,748.487,-4.190,-0.483,0.180
412.6619,-9.000,724.972,736.150,-5.589,-1.424,0.180
412.7587,-10.000,710.600,723.233,-6.317,-1.693,0.180
412.8555,-11.000,696.495,710.202,-6.853,-1.769,0.180
412.9537,-12.000,682.510,697.182,-7.336,-1.791,0.180
413.0526,-10.000,672.485,677.673,-2.594,2.060,0.180
413.1506,-9.000,659.840,664.515,-2.338,1.874,0.180
413.2591,-8.000,647.413,651.309,-1.948,1.821,0.180
413.3496,-8.000,634.801,641.313,-3.256,0.520,0.180
413.4498,-4.000,624.091,617.468,3.312,5.292,0.180
413.5507,-4.000,609.711,610.655,-0.472,1.512,0.180
413.6588,-1.000,598.601,591.292,3.655,4.289,0.180
413.7559,-0.000,585.472,580.819,2.327,2.511,0.180
413.8538,2.000,573.591,565.578,4.006,3.289,0.180
413.9506,4.000,561.160,550.896,5.132,3.511,0.180
414.0498,6.000,561.308,549.107,6.101,3.575,0.180
414.1597,7.000,561.240,550.661,5.290,2.307,0.180
414.2565,9.000,562.083,547.840,7.121,3.231,0.180
414.3538,11.000,562.001,546.001,8.000,3.494,0.180
414.4515,12.000,562.170,547.079,7.546,2.284,0.180
414.5584,13.000,562.756,547.433,7.661,1.938,0.180
414.6584,14.000,563.434,547.434,8.000,1.840,0.180
414.7566,15.000,563.663,547.663,8.000,1.811,0.180
414.8566,16.000,563.797,547.797,8.000,1.803,0.180
414.9536,16.000,565.054,549.768,7.643,0.515,0.180
415.0496,18.000,563.663,547.663,8.000,2.719,0.180
415.1577,19.000,563.618,547.618,8.000,2.062,0.180
415.2566,19.000,565.079,549.079,8.000,0.589,0.180
415.3537,20.000,564.761,548.761,8.000,1.454,0.180
415.4507,21.000,564.430,548.430,8.000,1.701,0.180
415.5585,21.000,565.649,549.649,8.000,0.486,0.180
415.6568,22.000,565.126,549.126,8.000,1.425,0.180
415.7552,22.000,566.181,550.181,8.000,0.407,0.180
415.8537,23.000,565.517,549.517,8.000,1.402,0.180
415.9505,23.000,566.453,550.453,8.000,0.401,0.180
416.0502,23.000,567.249,551.249,8.000,0.114,0.180
416.1575,24.000,566.366,550.366,8.000,1.318,0.180
416.2545,24.000,567.114,551.114,8.000,0.377,0.180
416.3515,25.000,566.191,550.191,8.000,1.393,0.180
416.4491,25.000,566.906,550.906,8.000,0.398,0.180
416.5586,25.000,567.514,551.514,8.000,0.114,0.180
416.6554,26.000,566.471,550.471,8.000,1.318,0.180
416.7526,26.000,567.084,551.084,8.000,0.377,0.180
416.8487,26.000,567.605,551.605,8.000,0.108,0.180
416.9576,27.000,566.488,550.488,8.000,1.316,0.180
417.0563,27.000,567.038,551.038,8.000,0.376,0.180
417.1544,27.000,567.506,551.506,8.000,0.107,0.180
417.2521,28.000,566.344,550.344,8.000,1.316,0.180
417.3502,29.000,565.296,549.296,8.000,1.662,0.180
417.4493,29.000,565.906,549.906,8.000,0.475,0.180
417.5580,30.000,564.864,548.864,8.000,1.421,0.180
417.6544,30.000,565.478,549.478,8.000,0.406,0.180
417.7503,30.000,566.000,550.000,8.000,0.116,0.180
417.8562,31.000,564.884,548.884,8.000,1.319,0.180
417.9543,31.000,565.435,549.435,8.000,0.377,0.180
418.0509,32.000,564.343,548.343,8.000,1.393,0.180
418.1506,32.000,564.916,548.916,8.000,0.398,0.180
418.2579,33.000,563.842,547.842,8.000,1.399,0.180
418.3548,33.000,564.429,548.429,8.000,0.400,0.180
418.4530,33.000,564.929,548.929,8.000,0.114,0.180
418.5533,33.000,565.353,549.353,8.000,0.033,0.180
418.6504,33.000,565.714,549.714,8.000,0.009,0.180
418.7504,33.000,566.021,550.021,8.000,0.003,0.180
418.8571,33.000,566.281,550.281,8.000,0.001,0.180
418.9551,33.000,566.503,550.503,8.000,0.000,0.180
419.0532,33.000,566.691,550.691,8.000,0.000,0.180
419.1503,33.000,566.851,550.851,8.000,0.000,0.180
419.2569,33.000,566.987,550.987,8.000,0.000,0.180
419.3533,33.000,567.103,551.103,8.000,0.000,0.180
419.4498,33.000,567.201,551.201,8.000,0.000,0.180
419.5479,33.000,567.285,551.285,8.000,0.000,0.180
419.6553,33.000,567.356,551.356,8.000,0.000,0.180
419.7537,33.000,567.416,551.416,8.000,0.000,0.180
419.8512,33.000,567.467,551.467,8.000,0.000,0.180
419.9497,32.000,566.071,550.071,8.000,-1.286,0.180
420.0581,33.000,564.824,548.824,8.000,0.918,0.180
420.1570,32.000,563.824,547.824,8.000,-1.023,0.180
420.2565,32.000,564.474,548.474,8.000,-0.292,0.180
420.3560,32.000,565.027,549.027,8.000,-0.084,0.180
420.4544,32.000,565.497,549.497,8.000,-0.024,0.180
420.5526,32.000,565.896,549.896,8.000,-0.007,0.180
420.6544,32.000,566.235,550.235,8.000,-0.002,0.180
420.7536,32.000,566.524,550.524,8.000,-0.001,0.180
420.8525,32.000,566.769,550.769,8.000,-0.000,0.180
420.9496,32.000,566.977,550.977,8.000,-0.000,0.180
421.0489,31.000,565.714,549.714,8.000,-1.286,0.180
421.1570,31.000,566.141,550.141,8.000,-0.367,0.180
421.2548,31.000,566.504,550.504,8.000,-0.105,0.180
421.3511,30.000,565.372,549.372,8.000,-1.316,0.180
421.4480,30.000,565.910,549.910,8.000,-0.376,0.180
421.5578,30.000,566.367,550.367,8.000,-0.107,0.180
421.6551,29.000,565.316,549.316,8.000,-1.316,0.180
421.7542,29.000,565.922,549.922,8.000,-0.376,0.180
421.8526,29.000,566.438,550.438,8.000,-0.107,0.180
421.9516,29.000,566.876,550.876,8.000,-0.031,0.180
422.0493,29.000,567.248,551.248,8.000,-0.009,0.180
422.1496,28.000,566.125,550.125,8.000,-1.288,0.180
422.2486,29.000,565.110,549.110,8.000,0.918,0.180
422.3470,29.000,565.747,549.747,8.000,0.262,0.180
422.4554,28.000,564.849,548.849,8.000,-1.211,0.180
422.5558,28.000,565.585,549.585,8.000,-0.346,0.180
422.6526,28.000,566.211,550.211,8.000,-0.099,0.180
422.7513,27.000,565.303,549.303,8.000,-1.314,0.180
422.8514,27.000,566.031,550.031,8.000,-0.375,0.180
422.9474,27.000,566.650,550.650,8.000,-0.107,0.180
423.0543,27.000,567.177,551.177,8.000,-0.031,0.180
423.1510,26.000,566.184,550.184,8.000,-1.294,0.180
423.2496,25.000,565.400,549.400,8.000,-1.656,0.180
423.3476,24.000,564.794,548.794,8.000,-1.759,0.180
423.4465,24.000,565.778,549.778,8.000,-0.502,0.180
423.5552,23.000,565.175,549.175,8.000,-1.429,0.180
423.6542,22.000,564.723,548.723,8.000,-1.694,0.180
423.7532,22.000,565.838,549.838,8.000,-0.484,0.180
423.8546,21.000,565.346,549.346,8.000,-1.424,0.180
423.9535,20.000,564.274,549.702,7.286,-1.693,0.180
424.0512,19.000,563.520,549.967,6.776,-1.769,0.180
424.1486,19.000,566.036,550.036,8.000,-0.506,0.180
424.2549,18.000,564.393,550.995,6.699,-1.430,0.180
424.3535,18.000,566.640,551.167,7.736,-0.409,0.180
424.4521,17.000,564.800,552.184,6.308,-1.402,0.180
424.5490,17.000,566.967,552.317,7.325,-0.401,0.180
424.6563,16.000,565.069,553.290,5.890,-1.400,0.180
424.7535,15.000,564.014,553.678,5.168,-1.686,0.180
424.8526,15.000,566.448,553.678,6.385,-0.482,0.180
424.9499,15.000,567.840,554.354,6.743,-0.138,0.180
425.0461,15.000,568.831,555.122,6.855,-0.039,0.180
425.1544,14.000,566.443,556.124,5.160,-1.297,0.180
425.2514,14.000,568.294,556.096,6.099,-0.371,0.180
425.3493,14.000,569.345,556.593,6.376,-0.106,0.180
425.4456,13.000,566.915,557.460,4.728,-1.316,0.180
425.5561,13.000,568.703,557.344,5.679,-0.376,0.180
425.6550,13.000,569.693,557.774,5.959,-0.107,0.180
425.7526,13.000,570.385,558.289,6.048,-0.031,0.180
425.8515,13.000,570.932,558.769,6.082,-0.009,0.180
425.9481,13.000,571.386,559.187,6.099,-0.003,0.180
426.0471,13.000,571.770,559.544,6.113,-0.001,0.180
426.1556,12.000,568.921,560.144,4.389,-1.286,0.180
426.2540,12.000,570.394,559.758,5.318,-0.367,0.180
426.3501,11.000,567.953,560.244,3.855,-1.391,0.180
426.4476,11.000,569.625,559.910,4.858,-0.397,0.180
426.5552,10.000,567.311,560.481,3.415,-1.399,0.180
426.6526,11.000,569.255,556.936,6.160,0.886,0.180
426.7511,11.000,569.452,558.378,5.537,0.253,0.180
426.8486,11.000,569.978,559.245,5.366,0.072,0.180
426.9451,11.000,570.528,559.879,5.324,0.021,0.180
427.0511,11.000,571.026,560.387,5.320,0.006,0.180
447.9651,11.000,393.827,-364.145,378.986,348.174,0.320
448.0425,11.000,131.489,-73.950,102.719,71.845,0.320
448.1412,11.000,87.682,-3.840,45.761,14.825,0.320
448.2411,11.000,88.470,20.357,34.056,3.059,0.320
448.3381,11.000,98.786,35.406,31.690,0.631,0.320
448.4455,11.000,111.514,49.013,31.251,0.130,0.320
448.5429,11.000,125.053,62.635,31.209,0.027,0.320
448.6390,11.000,139.023,76.525,31.249,0.006,0.320
448.7469,11.000,153.308,90.696,31.306,0.001,0.320
448.8454,11.000,167.850,105.116,31.367,0.000,0.320
448.9430,11.000,182.608,119.751,31.428,0.000,0.320
449.0417,11.000,197.549,134.569,31.490,0.000,0.320
449.1383,11.000,212.645,149.542,31.552,0.000,0.320
449.2366,11.000,227.873,164.647,31.613,0.000,0.320
449.3457,11.000,243.214,179.864,31.675,0.000,0.320
449.4416,11.000,258.650,195.177,31.736,0.000,0.320
449.5381,11.000,274.167,210.571,31.798,0.000,0.320
449.6470,11.000,289.753,226.034,31.860,0.000,0.320
449.7451,11.000,305.398,241.556,31.921,0.000,0.320
449.8449,11.000,321.093,257.128,31.983,0.000,0.320
449.9432,12.000,349.271,256.460,46.405,11.556,0.320
450.0419,12.000,355.747,281.144,37.302,2.384,0.320
450.1396,12.000,369.552,298.599,35.476,0.492,0.320
450.2362,11.000,369.460,327.876,20.792,-11.454,0.320
450.3470,12.000,407.344,318.734,44.305,9.192,0.320
450.4431,12.000,416.219,342.065,37.077,1.897,0.320
450.5416,11.000,415.414,372.859,21.278,-11.164,0.320
450.6383,12.000,453.410,364.288,44.561,9.252,0.320
450.7371,11.000,447.087,401.238,22.924,-9.646,0.320
450.8455,11.000,471.708,410.424,30.642,-1.991,0.320
450.9449,11.000,490.105,425.538,32.283,-0.411,0.320
451.0417,11.000,507.122,441.780,32.671,-0.085,0.320
451.1393,11.000,523.773,458.174,32.800,-0.017,0.320
451.2360,11.000,540.280,474.529,32.875,-0.004,0.320
451.3441,11.000,556.698,490.819,32.940,-0.001,0.320
451.4411,11.000,573.048,507.045,33.002,-0.000,0.320
451.5385,11.000,589.342,523.215,33.063,-0.000,0.320
451.6473,11.000,605.589,539.339,33.125,-0.000,0.320
451.7450,11.000,621.795,555.421,33.187,-0.000,0.320
451.8432,11.000,637.966,571.470,33.248,-0.000,0.320
451.9410,10.000,638.668,600.770,18.949,-11.556,0.320
452.0382,10.000,664.533,608.181,28.176,-2.384,0.320
452.1376,10.000,683.011,622.762,30.124,-0.492,0.320
452.2441,9.000,684.454,652.034,16.210,-11.657,0.320
452.3406,9.000,710.697,659.674,25.512,-2.405,0.320
452.4386,9.000,729.444,674.502,27.471,-0.496,0.320
452.5358,9.000,746.545,690.714,27.915,-0.102,0.320
452.6366,8.000,747.781,720.409,13.686,-11.577,0.320
452.7438,8.000,774.046,728.209,22.919,-2.389,0.320
452.8397,8.000,792.852,743.134,24.859,-0.493,0.320
452.9398,7.000,794.570,772.702,10.934,-11.657,0.320
453.0364,6.000,805.604,793.876,5.864,-13.961,0.320
453.1447,6.000,834.293,800.337,16.978,-2.881,0.320
453.2424,5.000,838.498,828.625,4.937,-12.150,0.320
453.3412,4.000,850.425,849.932,0.246,-14.063,0.320
453.4391,3.000,864.179,870.042,-2.931,-14.457,0.320
453.5354,2.000,878.508,890.111,-5.802,-14.539,0.320
453.6434,1.000,893.123,910.349,-8.613,-14.556,0.320
453.7420,-0.000,907.940,930.773,-11.416,-14.559,0.320
453.8397,-1.000,922.078,950.523,-14.223,-14.560,0.320
453.9363,-2.000,935.636,969.705,-17.034,-14.560,0.320
454.0412,-2.000,964.983,975.962,-5.490,-3.004,0.320
454.1381,-3.000,968.594,1003.549,-17.478,-12.176,0.320
454.2355,-3.000,995.386,1011.049,-7.831,-2.512,0.320
454.3441,-3.000,998.410,1010.118,-5.854,-0.518,0.320
454.4404,-4.000,983.413,1023.054,-19.821,-11.663,0.320
454.5362,-5.000,976.989,1026.885,-24.948,-13.962,0.320
454.6360,-5.000,988.440,1016.230,-13.895,-2.881,0.320
454.7455,-5.000,991.037,1014.311,-11.637,-0.595,0.320
454.8433,-5.000,991.769,1014.154,-11.193,-0.123,0.320
454.9422,-6.000,975.802,1026.771,-25.485,-11.581,0.320
455.0418,-7.000,968.754,1030.130,-30.688,-13.945,0.320
455.1392,-7.000,979.715,1019.034,-19.660,-2.878,0.320
455.2389,-8.000,965.621,1029.174,-31.776,-12.149,0.320
455.3400,-8.000,975.038,1019.395,-22.179,-2.507,0.320
455.4380,-9.000,960.548,1029.738,-34.595,-12.073,0.320
455.5363,-9.000,969.817,1019.944,-25.064,-2.491,0.320
455.6443,-9.000,971.520,1017.794,-23.137,-0.514,0.320
455.7430,-10.000,955.407,1029.688,-37.141,-11.662,0.320
455.8407,-11.000,948.032,1032.637,-42.302,-13.962,0.320
455.9359,-10.000,971.951,1005.795,-16.922,8.675,0.320
456.0462,-11.000,948.987,1025.435,-38.224,-9.766,0.320
456.1430,-11.000,956.763,1017.833,-30.535,-2.015,0.320
456.2392,-11.000,958.375,1016.369,-28.997,-0.416,0.320
456.3363,-10.000,971.988,1000.723,-14.368,11.470,0.320
456.4342,-10.000,963.464,1010.517,-23.527,2.367,0.320
456.5430,-10.000,962.070,1012.992,-25.461,0.488,0.320
456.6415,-10.000,962.086,1013.895,-25.905,0.101,0.320
456.7402,-10.000,962.340,1014.421,-26.040,0.021,0.320
456.8402,-10.000,962.599,1014.825,-26.113,0.004,0.320
456.9372,-9.000,976.103,999.726,-11.811,11.556,0.320
457.0445,-10.000,951.422,1022.211,-35.395,-9.171,0.320
457.1422,-9.000,972.492,1000.114,-13.811,9.663,0.320
457.2380,-10.000,949.554,1021.338,-35.892,-9.562,0.320
457.3351,-10.000,957.859,1014.577,-28.359,-1.973,0.320
457.4435,-9.000,973.306,998.282,-12.488,11.148,0.320
457.5414,-9.000,965.548,1008.320,-21.386,2.300,0.320
457.6374,-9.000,964.640,1011.165,-23.263,0.475,0.320
457.7336,-9.000,965.036,1012.416,-23.690,0.098,0.320
457.8417,-9.000,965.608,1013.244,-23.818,0.020,0.320
457.9400,-9.000,966.137,1013.905,-23.884,0.004,0.320
458.0394,-9.000,966.589,1014.465,-23.938,0.001,0.320
458.1365,-8.000,980.249,999.505,-9.628,11.556,0.320
458.2348,-8.000,971.980,1009.668,-18.844,2.385,0.320
458.3425,-7.000,984.129,996.969,-6.420,12.048,0.320
458.4396,-6.000,989.076,992.395,-1.660,14.042,0.320
458.5377,-6.000,979.557,1005.232,-12.837,2.897,0.320
458.6444,-6.000,978.633,1008.975,-15.171,0.598,0.320
458.7422,-5.000,992.605,995.240,-1.318,11.679,0.320
458.8411,-4.000,998.189,990.696,3.747,13.965,0.320
458.9374,-3.000,1002.307,988.304,7.002,14.437,0.320
459.0337,-2.000,1006.346,986.571,9.888,14.535,0.320
459.1440,-2.000,997.280,1000.597,-1.659,2.999,0.320
459.2395,-1.000,1010.277,989.656,10.311,12.174,0.320
459.3384,-0.000,1016.265,986.256,15.004,14.068,0.320
459.4344,1.000,1020.141,983.740,18.200,14.458,0.320
459.5423,1.000,1010.749,997.287,6.731,2.983,0.320
459.6399,2.000,1022.594,985.134,18.730,12.171,0.320
459.7387,2.000,1014.315,996.152,9.081,2.512,0.320
459.8360,2.000,1013.497,999.298,7.099,0.518,0.320
459.9345,2.000,1014.086,1000.687,6.699,0.107,0.320
460.0424,2.000,1014.853,1001.602,6.626,0.022,0.320
460.1434,3.000,1028.003,986.042,20.980,11.560,0.320
460.2400,3.000,1019.320,995.675,11.823,2.385,0.320
460.3389,3.000,1017.848,997.956,9.946,0.492,0.320
460.4368,3.000,1017.818,998.673,9.572,0.102,0.320
460.5349,3.000,1018.046,999.029,9.508,0.021,0.320
460.6424,4.000,1030.736,982.996,23.870,11.560,0.320
460.7407,4.000,1021.663,992.227,14.718,2.385,0.320
460.8365,4.000,1019.859,994.165,12.847,0.492,0.320
460.9342,4.000,1019.548,994.590,12.479,0.102,0.320
461.0421,4.000,1019.538,994.697,12.420,0.021,0.320
461.1397,4.000,1019.585,994.733,12.426,0.004,0.320
461.2364,4.000,1019.639,994.749,12.445,0.001,0.320
461.3324,4.000,1019.691,994.757,12.467,0.000,0.320
461.4413,4.000,1019.738,994.760,12.489,0.000,0.320
461.5403,4.000,1019.782,994.759,12.512,0.000,0.320
461.6368,4.000,1019.823,994.755,12.534,0.000,0.320
461.7360,4.000,1019.861,994.748,12.556,0.000,0.320
461.8351,4.000,1019.896,994.739,12.579,0.000,0.320
461.9347,4.000,1019.930,994.728,12.601,0.000,0.320
462.0425,4.000,984.022,999.783,11.722,0.000,0.180
462.1421,3.000,941.819,1008.588,2.569,-6.568,0.180
462.2332,4.000,925.725,990.918,16.944,5.186,0.180
462.3415,4.000,895.177,990.992,12.871,1.092,0.180
462.4397,4.000,869.757,985.736,12.030,0.230,0.180
462.5392,4.000,846.627,978.015,11.869,0.048,0.180
462.6375,4.000,825.010,968.634,11.852,0.010,0.180
462.7353,4.000,804.587,957.935,11.864,0.002,0.180
462.8340,5.000,792.533,935.160,21.057,6.569,0.180
462.9394,5.000,768.737,927.577,15.897,1.383,0.180
463.0358,5.000,749.754,915.113,14.831,0.291,0.180
463.1335,6.000,739.619,890.144,23.801,6.630,0.180
463.2319,7.000,724.974,869.575,27.772,7.964,0.180
463.3405,7.000,702.323,860.520,21.521,1.677,0.180
463.4370,8.000,692.394,835.124,29.407,6.921,0.180
463.5437,8.000,671.251,824.466,23.985,1.457,0.180
463.6415,9.000,662.078,798.234,32.049,6.875,0.180
463.7389,10.000,648.843,776.000,35.842,8.016,0.180
463.8362,11.000,634.890,754.430,38.739,8.256,0.180
463.9356,11.000,613.530,743.820,32.279,1.738,0.180
464.0425,12.000,604.849,716.952,40.137,6.934,0.180
464.1404,13.000,592.175,694.035,43.899,8.028,0.180
464.2383,13.000,571.358,682.825,37.628,1.690,0.180
464.3366,14.000,563.024,655.561,45.535,6.924,0.180
464.4335,15.000,550.624,632.329,49.315,8.026,0.180
464.5435,15.000,530.036,620.854,43.057,1.690,0.180
464.6416,15.000,514.523,604.339,41.801,0.356,0.180
464.7408,15.000,500.126,586.738,41.598,0.075,0.180
464.8382,17.000,516.355,563.166,59.964,13.153,0.180
464.9351,17.000,507.244,572.037,49.669,2.769,0.180
465.0323,18.000,513.526,561.950,56.745,7.151,0.180
465.1390,19.000,516.173,555.470,60.366,8.074,0.180
465.2358,19.000,510.569,560.815,54.091,1.700,0.180
465.3329,19.000,509.896,561.267,52.848,0.358,0.180
465.4314,18.000,499.824,568.752,43.490,-6.493,0.180
465.5396,18.000,505.936,563.441,48.710,-1.367,0.180
465.6354,18.000,507.867,562.191,49.883,-0.288,0.180
465.7328,18.000,508.833,561.804,50.204,-0.061,0.180
465.8315,18.000,509.522,561.607,50.345,-0.013,0.180
465.9378,17.000,499.718,569.429,41.275,-6.571,0.180
466.0450,15.000,485.123,580.539,28.204,-14.520,0.180
466.1314,15.000,498.369,570.332,39.745,-3.057,0.180
466.2393,14.000,491.936,576.947,33.063,-7.212,0.180
466.3349,11.000,468.293,596.545,11.309,-21.224,0.180
466.4333,10.000,477.627,590.373,18.948,-11.037,0.180
466.5415,9.000,478.959,592.329,18.539,-8.892,0.180
466.6405,7.000,468.258,604.024,7.259,-15.009,0.180
466.7376,5.000,462.888,611.439,0.797,-16.297,0.180
466.8377,4.000,469.335,610.330,4.515,-9.999,0.180
466.9352,2.000,460.322,622.081,-5.917,-15.242,0.180
467.0337,-0.000,455.825,630.105,-12.221,-16.346,0.180
467.1325,-1.000,462.291,629.037,-8.490,-10.010,0.180
467.2315,-3.000,452.066,639.650,-18.940,-15.244,0.180
467.3306,-5.000,445.330,645.517,-25.268,-16.346,0.180
467.4402,-6.000,449.888,642.619,-21.563,-10.010,0.180
467.5380,-7.000,449.010,644.308,-22.865,-8.676,0.180
467.6360,-9.000,435.737,654.071,-34.400,-14.963,0.180
467.7327,-10.000,438.051,651.173,-31.807,-9.719,0.180
467.8409,-11.000,435.962,652.166,-33.360,-8.614,0.180
467.9367,-13.000,421.802,661.194,-44.964,-14.950,0.180
468.0365,-14.000,423.392,657.643,-42.402,-9.716,0.180
468.1330,-14.000,431.663,650.704,-34.804,-2.045,0.180
468.2398,-16.000,411.830,664.469,-51.610,-13.567,0.180
468.3370,-18.000,400.937,669.005,-59.329,-15.993,0.180
468.4352,-18.000,413.772,656.766,-46.796,-3.367,0.180
468.5336,-19.000,405.620,661.825,-53.405,-7.277,0.180
468.6328,-20.000,400.586,663.630,-56.829,-8.100,0.180
468.7309,-22.000,385.174,672.097,-68.770,-14.842,0.180
468.8310,-22.000,396.942,660.425,-57.053,-3.125,0.180
468.9399,-23.000,388.484,665.366,-63.754,-7.226,0.180
469.0385,-24.000,383.227,667.033,-67.218,-8.090,0.180
469.1375,-24.000,389.589,660.619,-60.831,-1.703,0.180
469.2356,-24.000,390.913,659.251,-59.487,-0.359,0.180
469.3315,-25.000,380.210,666.317,-68.372,-6.644,0.180
469.4404,-25.000,385.411,661.025,-63.127,-1.399,0.180
469.5373,-25.000,386.477,659.881,-62.023,-0.294,0.180
469.6345,-26.000,375.708,666.984,-70.959,-6.630,0.180
469.7333,-26.000,380.885,661.690,-65.724,-1.396,0.180
469.8324,-26.000,381.938,660.538,-64.622,-0.294,0.180
469.9297,-26.000,382.129,660.264,-64.390,-0.062,0.180
470.0362,-27.000,371.174,667.548,-73.510,-6.581,0.180
470.1355,-27.000,376.309,662.291,-68.314,-1.386,0.180
470.2339,-26.000,385.321,650.777,-58.051,6.277,0.180
470.3328,-26.000,380.802,656.169,-63.007,1.321,0.180
470.4309,-26.000,380.130,657.583,-64.050,0.278,0.180
470.5394,-26.000,380.226,658.118,-64.270,0.059,0.180
470.6358,-25.000,388.416,648.063,-55.147,6.581,0.180
470.7342,-25.000,383.928,653.966,-60.343,1.385,0.180
470.8336,-25.000,383.436,655.662,-61.436,0.292,0.180
470.9321,-24.000,391.686,646.035,-52.498,6.630,0.180
471.0321,-24.000,387.367,652.183,-57.732,1.396,0.180
471.1387,-24.000,387.042,654.063,-58.834,0.294,0.180
471.2377,-23.000,395.440,644.587,-49.898,6.630,0.180
471.3357,-23.000,391.247,650.863,-55.132,1.396,0.180
471.4343,-22.000,398.999,642.482,-47.066,6.862,0.180
471.5326,-21.000,402.783,638.764,-43.315,8.013,0.180
471.6306,-21.000,397.984,646.618,-49.641,1.687,0.180
471.7389,-20.000,405.919,638.880,-41.805,6.924,0.180
471.8379,-19.000,409.907,635.660,-38.201,8.026,0.180
471.9360,-18.000,413.272,633.548,-35.462,8.258,0.180
472.0329,-18.000,408.691,642.193,-42.076,1.739,0.180
472.1329,-17.000,416.926,635.013,-34.368,6.934,0.180
472.2328,-16.000,421.285,632.151,-30.757,8.028,0.180
472.3308,-16.000,416.999,640.708,-37.179,1.690,0.180
472.4377,-15.000,425.371,633.568,-29.423,6.924,0.180
472.5362,-15.000,421.850,641.136,-34.967,1.458,0.180
472.6347,-14.000,430.315,633.711,-27.022,6.875,0.180
472.7313,-14.000,426.756,641.153,-32.523,1.447,0.180
472.8381,-13.000,435.164,633.646,-24.565,6.873,0.180
472.9365,-12.000,439.527,630.649,-20.885,8.015,0.180
473.0346,-12.000,435.217,639.120,-27.276,1.687,0.180
473.1337,-12.000,435.591,642.283,-28.670,0.355,0.180
473.2337,-11.000,444.725,633.755,-19.839,6.643,0.180
473.3316,-11.000,441.181,640.815,-25.141,1.399,0.180
473.4316,-11.000,441.514,643.470,-26.303,0.294,0.180
473.5388,-11.000,442.494,645.030,-26.592,0.062,0.180
473.6376,-10.000,451.441,635.842,-17.525,6.581,0.180
473.7347,-10.000,447.591,642.487,-22.773,1.386,0.180
473.8337,-10.000,447.633,644.821,-23.918,0.292,0.180
473.9326,-10.000,448.360,646.113,-24.201,0.061,0.180
474.0313,-10.000,449.118,647.072,-24.301,0.013,0.180
474.1318,-10.000,449.785,647.863,-24.363,0.003,0.180
474.2298,-10.000,450.351,648.538,-24.418,0.001,0.180
474.3290,-10.000,450.826,649.117,-24.470,0.000,0.180
474.4377,-10.000,451.222,649.617,-24.522,0.000,0.180
474.5353,-10.000,451.551,650.050,-24.574,0.000,0.180
474.6339,-10.000,451.822,650.426,-24.626,0.000,0.180
474.7296,-9.000,460.019,640.379,-15.505,6.568,0.180
474.8381,-9.000,455.501,646.326,-20.737,1.383,0.180
474.9360,-9.000,454.969,648.071,-21.875,0.291,0.180
475.0333,-8.000,463.182,638.490,-12.978,6.630,0.180
475.1322,-8.000,458.824,644.684,-18.254,1.396,0.180
475.2302,-8.000,458.462,646.608,-19.398,0.294,0.180
475.3284,-8.000,458.852,647.545,-19.671,0.062,0.180
475.4362,-8.000,459.325,648.199,-19.762,0.013,0.180
475.5335,-8.000,459.753,648.731,-19.813,0.003,0.180
475.6332,-8.000,460.116,649.182,-19.857,0.001,0.180
475.7344,-8.000,460.421,649.570,-19.899,0.000,0.180
475.8315,-8.000,460.673,649.906,-19.941,0.000,0.180
475.9307,-8.000,460.882,650.198,-19.983,0.000,0.180
476.0286,-8.000,461.053,650.453,-20.024,0.000,0.180
476.1386,-8.000,461.192,650.675,-20.066,0.000,0.180
476.2364,-8.000,461.304,650.870,-20.107,0.000,0.180
476.3325,-8.000,461.393,651.043,-20.149,0.000,0.180
476.4306,-8.000,461.463,651.195,-20.191,0.000,0.180
476.5277,-8.000,461.516,651.331,-20.232,0.000,0.180
476.6273,-8.000,461.554,651.453,-20.274,0.000,0.180
476.7368,-8.000,461.581,651.563,-20.315,0.000,0.180
476.8349,-8.000,461.597,651.662,-20.357,0.000,0.180
476.9340,-7.000,469.579,641.380,-11.225,6.568,0.180
477.0310,-7.000,464.878,647.123,-16.447,1.383,0.180
477.1298,-7.000,464.194,648.695,-17.575,0.291,0.180
477.2279,-7.000,464.305,649.338,-17.841,0.061,0.180
477.3267,-7.000,464.540,649.744,-17.926,0.013,0.180
477.4355,-8.000,453.793,657.436,-27.146,-6.566,0.180
477.5330,-8.000,459.136,652.496,-22.004,-1.382,0.180
477.6326,-9.000,449.383,658.991,-30.128,-6.859,0.180
477.7316,-9.000,454.868,653.738,-24.760,-1.444,0.180
477.8294,-10.000,445.086,660.117,-32.840,-6.872,0.180
477.9272,-10.000,450.513,654.797,-27.467,-1.447,0.180
478.0280,-10.000,451.648,653.752,-26.376,-0.305,0.180
478.1356,-10.000,451.876,653.603,-26.188,-0.064,0.180
478.2336,-10.000,451.907,653.637,-26.189,-0.014,0.180
478.3314,-10.000,451.894,653.706,-26.231,-0.003,0.180
478.4298,-11.000,440.894,661.153,-35.454,-6.569,0.180
478.5277,-11.000,446.013,656.015,-30.325,-1.383,0.180
478.6260,-11.000,447.039,654.972,-29.291,-0.291,0.180
478.7366,-11.000,447.205,654.792,-29.118,-0.061,0.180
478.8353,-11.000,447.190,654.795,-29.127,-0.013,0.180
478.9345,-11.000,447.138,654.837,-29.174,-0.003,0.180
479.0331,-11.000,447.079,654.887,-29.229,-0.001,0.180
479.1302,-11.000,447.018,654.940,-29.285,-0.000,0.180
479.2277,-11.000,446.958,654.994,-29.343,-0.000,0.180
479.3356,-11.000,446.898,655.049,-29.400,-0.000,0.180
479.4325,-11.000,446.839,655.104,-29.457,-0.000,0.180
479.5309,-11.000,446.779,655.159,-29.514,-0.000,0.180
479.6276,-11.000,446.721,655.215,-29.571,-0.000,0.180
479.7347,-11.000,446.662,655.270,-29.629,-0.000,0.180
479.8323,-11.000,446.604,655.326,-29.686,-0.000,0.180
479.9311,-11.000,446.545,655.383,-29.743,-0.000,0.180
480.0315,-10.000,454.461,645.065,-20.627,6.568,0.180
480.1287,-10.000,449.703,650.782,-25.864,1.383,0.180
480.2363,-9.000,456.940,641.960,-17.834,6.860,0.180
480.3334,-9.000,452.304,648.248,-23.296,1.444,0.180
480.4316,-9.000,451.819,650.137,-24.483,0.304,0.180
480.5310,-8.000,460.103,640.647,-15.597,6.632,0.180
480.6287,-7.000,463.787,636.539,-11.701,7.965,0.180
480.7286,-7.000,458.782,644.183,-18.025,1.677,0.180
480.8277,-6.000,466.516,636.291,-10.212,6.921,0.180
480.9255,-6.000,462.454,643.219,-15.707,1.457,0.180
481.0270,-6.000,462.491,645.619,-16.889,0.307,0.180
481.1347,-5.000,471.227,636.554,-7.988,6.633,0.180
481.2315,-5.000,467.324,643.177,-13.251,1.396,0.180
481.3288,-5.000,467.352,645.462,-14.379,0.294,0.180
481.4278,-5.000,468.076,646.703,-14.637,0.062,0.180
481.5355,-5.000,468.837,647.613,-14.712,0.013,0.180
481.6320,-5.000,469.511,648.359,-14.749,0.003,0.180
481.7316,-5.000,470.086,648.991,-14.777,0.001,0.180
481.8295,-4.000,478.546,639.157,-5.630,6.569,0.180
481.9271,-4.000,474.256,645.279,-10.836,1.383,0.180
482.0255,-4.000,473.922,647.170,-11.949,0.291,0.180
482.1357,-3.000,482.307,637.709,-3.026,6.630,0.180
482.2345,-3.000,478.100,644.001,-8.275,1.396,0.180
482.3353,-3.000,477.868,646.005,-9.393,0.294,0.180
482.4335,-2.000,486.348,636.632,-0.467,6.630,0.180
482.5314,-2.000,482.223,642.997,-5.712,1.396,0.180
482.6286,-1.000,490.037,634.688,2.350,6.862,0.180
482.7257,-1.000,485.903,641.400,-3.073,1.445,0.180
482.8335,-0.000,493.827,633.268,4.955,6.873,0.180
482.9314,-0.000,489.813,640.106,-0.471,1.447,0.180
483.0300,1.000,497.244,631.474,7.560,6.873,0.180
483.1286,1.000,492.813,637.885,2.140,1.447,0.180
483.2273,2.000,499.891,628.890,10.176,6.873,0.180
483.3350,2.000,495.160,634.991,4.760,1.447,0.180
483.4346,2.000,494.611,636.705,3.628,0.305,0.180
483.5312,2.000,494.876,637.430,3.398,0.064,0.180
483.6281,3.000,502.630,626.918,12.532,6.582,0.180
483.7250,3.000,497.777,632.426,7.351,1.386,0.180
483.8335,3.000,496.977,633.783,6.273,0.292,0.180
483.9326,4.000,504.373,623.261,15.232,6.630,0.180
484.0298,4.000,499.331,628.645,10.018,1.396,0.180
484.1275,4.000,498.395,629.872,8.937,0.294,0.180
484.2282,5.000,505.681,619.233,17.900,6.630,0.180
484.3252,5.000,500.548,624.517,12.691,1.396,0.180
484.4335,5.000,499.536,625.657,11.615,0.294,0.180
484.5313,6.000,506.758,614.943,20.583,6.630,0.180
484.6304,6.000,501.571,620.163,15.380,1.396,0.180
484.7282,6.000,500.514,621.247,14.309,0.294,0.180
484.8295,6.000,500.325,621.460,14.108,0.062,0.180
484.9262,6.000,500.317,621.487,14.090,0.013,0.180
485.0246,6.000,500.346,621.475,14.111,0.003,0.180
485.1346,6.000,500.383,621.453,14.140,0.001,0.180
485.2343,6.000,500.419,621.428,14.171,0.000,0.180
485.3314,6.000,500.456,621.402,14.202,0.000,0.180
485.4290,6.000,500.491,621.375,14.233,0.000,0.180
485.5274,6.000,500.526,621.348,14.265,0.000,0.180
485.6295,6.000,500.561,621.320,14.296,0.000,0.180
485.7277,6.000,500.594,621.291,14.327,0.000,0.180
485.8259,7.000,508.002,610.289,23.532,6.568,0.180
485.9255,7.000,502.824,615.410,18.383,1.383,0.180
486.0245,8.000,509.119,605.468,26.501,6.860,0.180
486.1335,8.000,503.695,610.792,21.127,1.444,0.180
486.2325,9.000,509.927,600.874,29.202,6.872,0.180
486.3352,9.000,504.482,606.186,23.823,1.447,0.180
486.4345,9.000,503.330,607.225,22.728,0.305,0.180
486.5343,8.000,492.715,615.345,13.361,-6.504,0.180
486.6315,8.000,498.331,610.607,18.537,-1.369,0.180
486.7295,7.000,489.453,617.832,10.486,-6.857,0.180
486.8279,6.000,485.327,621.153,6.762,-8.012,0.180
486.9255,5.000,482.467,623.928,3.945,-8.255,0.180
487.0327,5.000,490.474,618.849,10.488,-1.738,0.180
487.1300,4.000,482.743,626.669,2.713,-6.934,0.180
487.2283,3.000,479.403,630.685,-0.966,-8.028,0.180
487.3244,3.000,487.544,626.119,5.388,-1.690,0.180
487.4305,2.000,480.039,634.261,-2.436,-6.924,0.180
487.5266,2.000,487.287,630.556,3.041,-1.458,0.180
487.6255,1.000,479.580,638.874,-4.971,-6.875,0.180
487.7324,1.000,486.773,635.200,0.462,-1.447,0.180
487.8293,-0.000,479.043,643.522,-7.564,-6.873,0.180
487.9258,-0.000,486.221,639.847,-2.138,-1.447,0.180
488.0314,-0.000,488.852,640.193,-0.995,-0.305,0.180
488.1291,-0.000,490.358,641.218,-0.755,-0.064,0.180
488.2269,-0.000,491.484,642.243,-0.704,-0.014,0.180
488.3233,-0.000,492.409,643.147,-0.693,-0.003,0.180
488.4318,-0.000,493.188,643.921,-0.691,-0.001,0.180
488.5279,-0.000,493.849,644.582,-0.691,-0.000,0.180
488.6236,-0.000,494.411,645.143,-0.691,-0.000,0.180
488.7331,-0.000,494.888,645.620,-0.691,-0.000,0.180
488.8318,1.000,502.667,635.052,8.483,6.568,0.180
488.9315,1.000,497.802,640.547,3.303,1.383,0.180
489.0314,1.000,496.983,641.901,2.216,0.291,0.180
489.1308,1.000,496.985,642.353,1.992,0.061,0.180
489.2298,1.000,497.136,642.590,1.948,0.013,0.180
489.3274,1.000,497.295,642.759,1.943,0.003,0.180
489.4264,1.000,497.438,642.896,1.946,0.001,0.180
489.5252,1.000,497.561,643.010,1.951,0.000,0.180
489.6243,1.000,497.667,643.106,1.956,0.000,0.180
489.7333,-0.000,487.384,651.160,-7.212,-6.568,0.180
489.8293,-0.000,493.123,646.527,-2.027,-1.383,0.180
489.9257,-1.000,483.711,653.279,-10.109,-6.860,0.180
490.0243,-2.000,478.517,655.612,-13.872,-8.013,0.180
490.1346,-2.000,485.116,649.581,-7.557,-1.687,0.180
490.2317,-3.000,475.706,655.875,-15.409,-6.924,0.180
490.3313,-4.000,470.358,657.973,-19.132,-8.026,0.180
490.4302,-4.000,476.792,651.776,-12.817,-1.690,0.180
490.5282,-5.000,467.233,657.938,-20.677,-6.924,0.180
490.6277,-5.000,472.729,652.554,-15.237,-1.458,0.180
490.7277,-6.000,462.928,658.850,-23.285,-6.875,0.180
490.8242,-7.000,457.361,660.837,-27.062,-8.016,0.180
490.9318,-7.000,463.632,654.524,-20.771,-1.688,0.180
491.0329,-8.000,453.936,660.584,-28.648,-6.924,0.180
491.1299,-9.000,448.342,662.488,-32.397,-8.026,0.180
491.2269,-10.000,443.589,663.503,-35.281,-8.258,0.180
491.3248,-11.000,438.995,664.321,-37.988,-8.307,0.180
491.4230,-11.000,445.391,657.715,-31.487,-1.749,0.180
491.5310,-12.000,435.652,663.676,-39.337,-6.937,0.180
491.6269,-13.000,429.986,665.530,-43.097,-8.029,0.180
491.7250,-13.000,436.137,659.139,-36.826,-1.690,0.180
491.8224,-13.000,437.302,657.771,-35.559,-0.356,0.180
491.9289,-14.000,426.455,664.844,-44.519,-6.643,0.180
492.0266,-14.000,431.523,659.569,-39.347,-1.399,0.180
492.1254,-14.000,432.466,658.449,-38.316,-0.294,0.180
492.2233,-14.000,432.551,658.214,-38.156,-0.062,0.180
492.3223,-15.000,421.490,665.548,-47.354,-6.581,0.180
492.4313,-15.000,426.524,660.346,-42.236,-1.386,0.180
492.5298,-16.000,416.494,666.633,-50.393,-6.860,0.180
492.6296,-16.000,421.736,661.209,-45.061,-1.444,0.180
492.7249,-17.000,411.743,667.449,-53.177,-6.872,0.180
492.8252,-16.000,424.958,651.642,-38.667,5.122,0.180
492.9246,-16.000,421.230,656.167,-42.793,1.078,0.180
493.0245,-16.000,420.634,657.441,-43.728,0.227,0.180
493.1223,-15.000,428.634,647.618,-34.816,6.616,0.180
493.2209,-15.000,424.057,653.644,-40.118,1.393,0.180
493.3311,-14.000,431.469,645.064,-32.122,6.862,0.180
493.4301,-13.000,434.957,641.184,-28.438,8.013,0.180
493.5265,-13.000,429.896,648.911,-34.832,1.687,0.180
493.6220,-12.000,437.604,641.070,-27.057,6.924,0.180
493.7288,-11.000,441.492,637.668,-23.412,8.026,0.180
493.8281,-11.000,436.806,645.768,-29.806,1.690,0.180
493.9262,-10.000,444.839,638.236,-22.023,6.924,0.180
494.0213,-10.000,441.033,645.468,-27.542,1.458,0.180
494.1216,-10.000,441.287,648.127,-28.744,0.307,0.180
494.2213,-10.000,442.230,649.659,-29.039,0.065,0.180
494.3296,-10.000,443.179,650.814,-29.142,0.014,0.180
494.4284,-10.000,444.011,651.771,-29.204,0.003,0.180
494.5258,-10.000,444.717,652.585,-29.259,0.001,0.180
494.6244,-10.000,445.310,653.284,-29.311,0.000,0.180
494.7245,-9.000,453.781,643.512,-20.190,6.568,0.180
494.8221,-9.000,449.495,649.691,-25.422,1.383,0.180
494.9290,-8.000,457.135,641.260,-17.387,6.860,0.180
495.0273,-6.000,468.790,627.134,-4.497,14.581,0.180
495.1264,-5.000,467.170,630.253,-6.866,9.638,0.180
495.2239,-4.000,469.646,629.651,-5.327,8.597,0.180
495.3220,-3.000,473.108,628.382,-2.962,8.378,0.180
495.4294,-2.000,476.883,627.071,-0.418,8.332,0.180
495.5260,-1.000,480.815,625.833,2.167,8.323,0.180
495.6233,-0.000,484.858,624.680,4.765,8.321,0.180
495.7210,-0.000,481.018,633.977,-1.804,1.752,0.180
495.8297,-0.000,481.954,637.679,-3.187,0.369,0.180
495.9283,1.000,491.008,628.968,5.695,6.646,0.180
496.0242,1.000,487.412,635.855,0.454,1.399,0.180
496.1201,1.000,487.711,638.353,-0.646,0.295,0.180
496.2203,-0.000,478.299,647.743,-10.047,-6.506,0.180
496.3291,-0.000,484.926,644.097,-4.910,-1.370,0.180
496.4279,-0.000,487.275,644.283,-3.829,-0.288,0.180
496.5247,-0.000,488.579,645.132,-3.601,-0.061,0.180
496.6202,-0.000,489.543,646.000,-3.553,-0.013,0.180
496.7272,-0.000,490.331,646.768,-3.543,-0.003,0.180
496.8251,1.000,498.368,636.453,5.633,6.568,0.180
496.9243,1.000,493.720,642.165,0.453,1.383,0.180
497.0228,2.000,500.460,632.730,8.540,6.860,0.180
497.1199,2.000,495.409,638.490,3.135,1.444,0.180
497.2284,3.000,501.954,628.947,11.179,6.872,0.180
497.3282,4.000,504.144,623.610,14.943,8.015,0.180
497.4255,4.000,497.999,630.079,8.636,1.687,0.180
497.5233,4.000,496.826,631.528,7.324,0.355,0.180
497.6214,5.000,504.057,620.932,16.238,6.643,0.180
497.7287,5.000,498.908,626.220,11.020,1.399,0.180
497.8273,5.000,497.889,627.357,9.941,0.294,0.180
497.9264,5.000,497.733,627.614,9.735,0.062,0.180
498.0232,5.000,497.753,627.679,9.712,0.013,0.180
498.1202,5.000,497.805,627.700,9.728,0.003,0.180
498.2272,6.000,505.233,616.734,18.925,6.569,0.180
498.3256,6.000,500.074,621.885,13.770,1.383,0.180
498.4243,7.000,506.384,611.968,21.883,6.860,0.180
498.5223,7.000,500.972,617.315,16.504,1.444,0.180
498.6214,8.000,507.215,607.417,24.574,6.872,0.180
498.7189,8.000,501.777,612.747,19.190,1.447,0.180
498.8194,8.000,500.631,613.803,18.090,0.305,0.180
498.9260,9.000,507.767,602.989,27.064,6.633,0.180
499.0254,8.000,492.141,616.089,12.701,-5.172,0.180
499.1240,8.000,496.692,612.391,16.826,-1.089,0.180
499.2241,8.000,497.956,611.852,17.727,-0.229,0.180
499.3213,8.000,498.487,611.938,17.950,-0.048,0.180
499.4292,8.000,498.828,612.120,18.030,-0.010,0.180
499.5266,7.000,488.727,620.267,8.906,-6.571,0.180
499.6225,7.000,494.620,615.712,14.129,-1.383,0.180
499.7201,7.000,496.317,615.152,15.258,-0.291,0.180
499.8284,6.000,486.693,623.343,6.351,-6.630,0.180
499.9240,6.000,492.849,618.969,11.616,-1.396,0.180
500.0212,5.000,484.366,626.567,3.575,-6.862,0.180
500.1188,5.000,490.934,622.247,9.019,-1.445,0.180
500.2270,4.000,482.682,630.009,1.012,-6.873,0.180
500.3250,4.000,489.420,625.855,6.458,-1.447,0.180
500.4215,4.000,491.681,625.790,7.621,-0.305,0.180
500.5288,3.000,482.502,634.436,-1.291,-6.633,0.180
500.6280,3.000,489.028,630.457,3.961,-1.396,0.180
500.7276,3.000,491.228,630.422,5.079,-0.294,0.180
500.8267,3.000,492.396,631.094,5.326,-0.062,0.180
500.9245,4.000,500.616,620.838,14.564,6.555,0.180
501.0221,4.000,496.096,626.627,9.410,1.380,0.180
501.1199,4.000,495.567,628.235,8.341,0.291,0.180
501.2187,4.000,495.817,628.903,8.133,0.061,0.180
501.3282,3.000,485.805,637.293,-1.069,-6.556,0.180
501.4240,3.000,491.808,632.914,4.123,-1.380,0.180
501.5198,2.000,483.229,640.472,-3.946,-6.859,0.180
501.6273,1.000,479.347,644.086,-7.694,-8.012,0.180
501.7235,-0.000,476.690,647.115,-10.537,-8.255,0.180
501.8212,-2.000,462.919,657.004,-22.367,-14.875,0.180
501.9183,-3.000,465.027,653.994,-19.808,-9.700,0.180
502.0258,-4.000,462.813,654.842,-21.339,-8.611,0.180
502.1243,-6.000,448.563,663.732,-32.909,-14.950,0.180
502.2225,-7.000,450.082,660.056,-30.312,-9.716,0.180
502.3213,-8.000,447.325,660.380,-31.852,-8.614,0.180
502.4182,-9.000,443.576,661.460,-34.266,-8.382,0.180
502.5256,-9.000,450.513,655.256,-27.696,-1.765,0.180
502.6236,-9.000,452.170,654.221,-26.350,-0.371,0.180
502.7198,-9.000,452.681,654.239,-26.103,-0.078,0.180
502.8205,-9.000,452.921,654.448,-26.088,-0.016,0.180
502.9203,-9.000,453.078,654.673,-26.122,-0.003,0.180
503.0282,-8.000,461.170,644.506,-16.992,6.568,0.180
503.1260,-9.000,445.588,657.724,-31.393,-5.186,0.180
503.2244,-9.000,450.130,654.172,-27.345,-1.092,0.180
503.3223,-9.000,451.366,653.778,-26.530,-0.230,0.180
503.4194,-8.000,459.833,643.628,-17.222,6.520,0.180
503.5172,-8.000,455.428,649.601,-22.411,1.373,0.180
503.6250,-8.000,454.969,651.393,-23.536,0.289,0.180
503.7205,-7.000,463.240,641.856,-14.633,6.629,0.180
503.8170,-7.000,458.931,648.087,-19.903,1.396,0.180
503.9273,-7.000,458.610,650.043,-21.041,0.294,0.180
504.0238,-6.000,467.010,640.632,-12.135,6.630,0.180
504.1213,-6.000,462.815,646.969,-17.401,1.396,0.180
504.2187,-6.000,462.592,649.012,-18.534,0.294,0.180
504.3173,-6.000,463.102,650.048,-18.797,0.062,0.180
504.4271,-6.000,463.680,650.786,-18.878,0.013,0.180
504.5241,-6.000,464.197,651.386,-18.919,0.003,0.180
504.6242,-7.000,453.665,659.268,-28.126,-6.568,0.180
504.7218,-7.000,459.188,654.493,-22.977,-1.383,0.180
504.8198,-7.000,460.560,653.756,-21.922,-0.291,0.180
504.9173,-7.000,461.024,653.832,-21.729,-0.061,0.180
505.0258,-8.000,450.292,661.423,-30.890,-6.581,0.180
505.1241,-9.000,444.637,663.808,-34.910,-7.954,0.180
505.2217,-9.000,450.980,657.686,-28.677,-1.675,0.180
505.3202,-10.000,441.376,663.878,-36.576,-6.921,0.180
505.4182,-10.000,446.837,658.516,-31.164,-1.457,0.180
505.5284,-10.000,447.978,657.460,-30.065,-0.307,0.180
505.6167,-10.000,448.204,657.305,-29.875,-0.065,0.180
505.7257,-11.000,437.260,664.711,-39.050,-6.582,0.180
505.8231,-12.000,431.421,666.941,-43.084,-7.954,0.180
505.9213,-12.000,437.605,660.690,-36.867,-1.675,0.180
506.0187,-13.000,427.863,666.776,-44.781,-6.921,0.180
506.1162,-13.000,433.205,661.326,-39.385,-1.457,0.180
506.2245,-13.000,434.241,660.197,-38.302,-0.307,0.180
506.3227,-13.000,434.377,659.983,-38.128,-0.065,0.180
506.4203,-13.000,434.327,659.966,-38.144,-0.014,0.180
506.5168,-13.000,434.242,659.995,-38.201,-0.003,0.180
506.6256,-13.000,434.153,660.036,-38.266,-0.001,0.180
506.7243,-13.000,434.065,660.083,-38.333,-0.000,0.180
506.8223,-12.000,441.954,649.760,-29.227,6.568,0.180
506.9205,-11.000,445.145,645.099,-25.302,7.951,0.180
507.0186,-10.000,447.659,641.936,-22.463,8.242,0.180
507.1267,-9.000,450.298,639.345,-19.848,8.304,0.180
507.2262,-7.000,461.163,626.721,-8.103,14.885,0.180
507.3230,-5.000,467.575,620.014,-1.544,16.271,0.180
507.4199,-4.000,465.552,625.386,-5.241,9.994,0.180
507.5170,-2.000,476.512,615.473,5.195,15.241,0.180
507.6265,-2.000,467.915,630.960,-6.847,3.209,0.180
507.7256,-1.000,476.273,626.058,-0.217,7.244,0.180
507.8241,1.000,488.865,613.404,12.406,14.662,0.180
507.9236,1.000,480.269,627.947,0.836,3.087,0.180
508.0224,2.000,487.738,621.933,7.578,7.218,0.180
508.1196,3.000,491.542,618.766,11.063,8.088,0.180
508.2161,3.000,486.943,626.906,4.694,1.703,0.180
508.3260,3.000,487.119,629.740,3.365,0.358,0.180
508.4249,4.000,495.505,620.313,12.271,6.644,0.180
508.5224,4.000,491.338,626.595,7.047,1.399,0.180
508.6203,5.000,498.527,617.604,15.137,6.863,0.180
508.7181,5.000,493.869,623.730,9.745,1.445,0.180
508.8185,4.000,483.004,633.442,-0.543,-6.264,0.180
508.9172,5.000,496.354,618.512,13.597,5.250,0.180
509.0248,5.000,493.065,623.459,9.478,1.105,0.180
509.1217,6.000,500.296,614.037,17.805,6.801,0.180
509.2186,6.000,495.527,619.944,12.467,1.432,0.180
509.3156,6.000,494.911,621.526,11.368,0.301,0.180
509.4239,7.000,502.489,611.170,20.335,6.632,0.180
509.5200,8.000,504.983,605.715,24.309,7.965,0.180
509.6172,8.000,498.978,612.203,18.063,1.677,0.180
509.7165,9.000,537.755,599.907,32.399,11.902,0.320
509.8255,9.000,553.023,614.923,23.003,2.456,0.320
509.9236,9.000,574.475,623.986,21.105,0.507,0.320
510.0186,9.000,596.359,632.816,20.753,0.105,0.320
510.1182,9.000,617.614,642.442,20.720,0.022,0.320
510.2154,8.000,622.688,666.231,6.392,-11.551,0.320
510.3230,7.000,636.838,682.230,1.244,-13.939,0.320
510.4221,5.000,637.349,710.799,-16.377,-25.987,0.320
510.5209,4.000,663.360,718.122,-10.085,-16.918,0.320
510.6185,3.000,682.017,733.413,-10.997,-15.047,0.320
510.7163,1.000,683.613,764.127,-27.760,-26.216,0.320
510.8159,-1.000,693.697,786.282,-35.671,-28.521,0.320
510.9249,-3.000,704.446,806.030,-41.763,-28.996,0.320
511.0232,-5.000,714.583,824.911,-47.489,-29.094,0.320
511.1212,-7.000,723.955,843.299,-53.149,-29.115,0.320
511.2176,-10.000,716.343,873.761,-73.165,-40.674,0.320
511.3156,-12.000,733.436,882.185,-69.662,-31.504,0.320
511.4229,-14.000,742.749,897.657,-73.448,-29.612,0.320
511.5201,-16.000,750.132,914.435,-78.747,-29.222,0.320
511.6187,-18.000,756.838,931.361,-84.367,-29.141,0.320
511.7149,-20.000,763.280,948.101,-89.950,-29.124,0.320
511.8231,-22.000,769.452,964.728,-95.547,-29.121,0.320
511.9185,-23.000,791.679,968.815,-86.791,-17.565,0.320
512.0144,-26.000,772.129,1006.986,-115.917,-38.291,0.320
512.1236,-28.000,784.996,1016.042,-114.239,-31.012,0.320
512.2228,-30.000,791.955,1030.812,-118.337,-29.511,0.320
512.3223,-31.000,813.887,1034.285,-109.271,-17.645,0.320
512.4208,-33.000,810.163,1059.697,-123.978,-26.752,0.320
512.5182,-34.000,813.927,1049.472,-117.102,-17.076,0.320
512.6157,-35.000,810.058,1047.008,-117.905,-15.079,0.320
512.7239,-36.000,804.645,1046.200,-120.293,-14.667,0.320
512.8197,-37.000,798.938,1045.778,-123.008,-14.582,0.320
512.9164,-38.000,793.192,1045.474,-125.791,-14.565,0.320
513.0147,-38.000,803.733,1032.791,-114.231,-3.005,0.320
513.1229,-39.000,788.977,1041.886,-126.202,-12.176,0.320
513.2216,-40.000,781.497,1043.715,-130.894,-14.068,0.320
513.3195,-40.000,791.792,1031.615,-119.729,-2.903,0.320
513.4183,-40.000,793.357,1028.517,-117.425,-0.599,0.320
513.5145,-40.000,793.204,1027.367,-116.950,-0.124,0.320
513.6219,-41.000,776.492,1039.131,-131.207,-11.581,0.320
513.7190,-41.000,785.097,1029.320,-122.016,-2.390,0.320
513.8164,-41.000,786.496,1026.896,-120.119,-0.493,0.320
513.9249,-41.000,786.464,1026.057,-119.728,-0.102,0.320
514.0218,-41.000,786.185,1025.596,-119.647,-0.021,0.320
514.1197,-41.000,785.896,1025.256,-119.630,-0.004,0.320
514.2191,-40.000,798.914,1009.542,-105.271,11.555,0.320
514.3160,-39.000,803.381,1003.625,-100.086,13.940,0.320
514.4135,-38.000,806.482,1000.131,-96.794,14.432,0.320
514.5235,-37.000,809.641,997.478,-93.892,14.534,0.320
514.6226,-35.000,826.376,979.852,-76.716,26.110,0.320
514.7208,-33.000,834.830,972.322,-68.727,28.499,0.320
514.8168,-31.000,842.158,967.459,-62.634,28.992,0.320
514.9147,-29.000,849.750,963.642,-56.933,29.094,0.320
515.0135,-27.000,857.817,960.464,-51.312,29.115,0.320
515.1239,-25.000,866.341,957.775,-45.707,29.119,0.320
515.2240,-23.000,875.264,955.493,-40.106,29.120,0.320
515.3207,-22.000,871.252,968.989,-48.862,17.564,0.320
515.4196,-21.000,876.119,973.023,-48.446,15.180,0.320
515.5185,-20.000,882.631,974.918,-46.138,14.688,0.320
515.6178,-19.000,889.217,976.318,-43.546,14.586,0.320
515.7165,-18.000,895.709,977.453,-40.868,14.565,0.320
515.8138,-17.000,902.072,978.413,-38.167,14.561,0.320
515.9225,-16.000,908.315,979.236,-35.458,14.560,0.320
516.0211,-16.000,901.172,995.383,-47.103,3.004,0.320
516.1185,-15.000,915.807,986.243,-35.216,12.176,0.320
516.2160,-14.000,923.176,984.384,-30.602,14.068,0.320
516.3139,-13.000,929.056,984.028,-27.484,14.458,0.320
516.4228,-12.000,934.637,983.982,-24.671,14.539,0.320
516.5199,-11.000,940.165,983.999,-21.916,14.556,0.320
516.6179,-10.000,945.689,984.028,-19.169,14.559,0.320
516.7170,-8.000,964.501,968.616,-2.057,26.115,0.320
516.8135,-7.000,961.456,978.392,-8.467,16.944,0.320
516.9204,-6.000,965.610,980.798,-7.593,15.052,0.320
517.0184,-5.000,971.200,981.625,-5.212,14.662,0.320
517.1155,-4.000,977.044,982.074,-2.515,14.581,0.320
517.2152,-3.000,982.906,982.403,0.252,14.564,0.320
517.3143,-2.000,988.742,982.668,3.037,14.561,0.320
517.4144,-2.000,981.268,998.329,-8.530,3.005,0.320
517.5136,-1.000,995.632,988.762,3.435,12.176,0.320
517.6227,-1.000,989.503,1001.970,-6.234,2.512,0.320
517.7207,-0.000,1003.793,991.537,6.128,12.074,0.320
517.8204,1.000,1009.791,987.978,10.907,14.047,0.320
517.9175,1.000,1001.184,1001.657,-0.236,2.899,0.320
518.0164,2.000,1013.486,989.826,11.830,12.154,0.320
518.1147,3.000,1017.993,984.880,16.557,14.063,0.320
518.2230,3.000,1008.162,997.338,5.412,2.902,0.320
518.3208,4.000,1019.433,984.460,17.487,12.154,0.320
518.4174,5.000,1023.067,978.619,22.224,14.064,0.320
518.5135,6.000,1024.937,974.034,25.451,14.458,0.320
518.6236,7.000,1026.284,969.540,28.372,14.539,0.320
518.7233,8.000,1027.387,964.920,31.234,14.556,0.320
518.8198,9.000,1028.327,960.152,34.087,14.559,0.320
518.9164,10.000,1029.137,955.248,36.944,14.560,0.320
519.0144,10.000,1017.397,966.508,25.445,3.004,0.320
519.1120,10.000,1014.865,968.632,23.116,0.620,0.320
519.2120,10.000,1014.255,968.895,22.680,0.128,0.320
519.3209,11.000,1026.504,952.512,36.996,11.582,0.320
519.4177,11.000,1017.116,961.385,27.865,2.390,0.320
519.5138,11.000,1015.062,963.001,26.030,0.493,0.320
519.6114,11.000,1014.546,963.145,25.700,0.102,0.320
519.7198,11.000,1014.369,963.007,25.681,0.021,0.320
519.8168,12.000,1026.721,946.546,40.087,11.560,0.320
519.9118,11.000,1001.926,968.688,16.619,-9.170,0.320
520.0221,11.000,1009.639,961.722,23.958,-1.892,0.320
520.1218,11.000,1011.519,960.475,25.522,-0.390,0.320
520.2188,11.000,1012.160,960.373,25.893,-0.081,0.320
520.3154,10.000,997.073,973.758,11.658,-11.572,0.320
520.4148,10.000,1007.090,965.294,20.898,-2.388,0.320
520.5125,10.000,1009.701,964.003,22.849,-0.493,0.320
520.6208,9.000,995.268,977.398,8.935,-11.657,0.320
520.7185,9.000,1005.629,969.155,18.237,-2.405,0.320
520.8158,9.000,1008.489,968.095,20.197,-0.496,0.320
520.9116,8.000,994.257,981.697,6.280,-11.658,0.320
521.0199,8.000,1004.787,973.632,15.577,-2.406,0.320
521.1181,8.000,1007.788,972.726,17.531,-0.496,0.320
521.2163,8.000,1009.117,973.177,17.970,-0.102,0.320
521.3140,8.000,1010.000,973.808,18.096,-0.021,0.320
521.4215,7.000,995.264,987.671,3.796,-11.560,0.320
521.5182,8.000,1018.047,963.305,27.371,9.170,0.320
521.6168,8.000,1011.642,971.365,20.138,1.892,0.320
521.7152,7.000,995.447,986.807,4.320,-11.165,0.320
521.8133,7.000,1005.527,979.086,13.220,-2.304,0.320
521.9105,7.000,1008.398,978.221,15.088,-0.475,0.320
522.0205,7.000,1009.667,978.657,15.505,-0.098,0.320
522.1170,6.000,995.067,992.546,1.261,-11.576,0.320
522.2149,6.000,1005.486,984.523,10.481,-2.389,0.320
522.3128,6.000,1008.433,983.612,12.411,-0.493,0.320
522.4117,6.000,1009.724,984.053,12.835,-0.102,0.320
522.5195,5.000,995.132,997.955,-1.411,-11.577,0.320
522.6175,5.000,1005.555,989.947,7.804,-2.389,0.320
522.7156,5.000,1008.506,989.049,9.728,-0.493,0.320
522.8144,5.000,1009.797,989.502,10.147,-0.102,0.320
522.9115,5.000,1010.647,990.135,10.256,-0.021,0.320
523.0190,5.000,1011.322,990.720,10.301,-0.004,0.320
523.1168,5.000,1011.889,991.225,10.332,-0.001,0.320
523.2135,5.000,1012.373,991.651,10.361,-0.000,0.320
523.3214,5.000,1012.788,992.010,10.389,-0.000,0.320
523.4187,5.000,1013.145,992.311,10.417,-0.000,0.320
523.5157,5.000,1013.453,992.563,10.445,-0.000,0.320
523.6125,5.000,1013.719,992.772,10.473,-0.000,0.320
523.7098,5.000,1013.949,992.947,10.501,-0.000,0.320
523.8174,5.000,1014.148,993.090,10.529,-0.000,0.320
523.9155,5.000,1014.322,993.208,10.557,-0.000,0.320
524.0141,5.000,1014.475,993.304,10.585,-0.000,0.320
524.1142,5.000,1014.608,993.382,10.613,-0.000,0.320
524.2116,5.000,1014.726,993.443,10.641,-0.000,0.320
524.3117,5.000,1014.830,993.492,10.669,-0.000,0.320
524.4204,5.000,1014.923,993.528,10.697,-0.000,0.320
524.5174,5.000,1015.006,993.555,10.725,-0.000,0.320
524.6151,5.000,1015.080,993.574,10.753,-0.000,0.320
524.7131,4.000,991.991,991.999,-0.004,-1.286,0.180
524.8099,4.000,982.020,980.184,0.918,-0.367,0.180
524.9189,4.000,971.118,968.750,1.184,-0.105,0.180
525.0166,4.000,959.793,957.268,1.263,-0.030,0.180
525.1141,4.000,948.215,945.640,1.288,-0.009,0.180
525.2157,4.000,936.453,933.859,1.297,-0.002,0.180
525.3147,4.000,924.542,921.937,1.303,-0.001,0.180
525.4126,4.000,912.508,909.894,1.307,-0.000,0.180
525.5122,4.000,900.369,897.748,1.311,-0.000,0.180
525.6127,4.000,888.142,885.513,1.314,-0.000,0.180
525.7116,4.000,875.839,873.204,1.318,-0.000,0.180
525.8117,4.000,863.472,860.830,1.321,-0.000,0.180
525.9192,4.000,851.052,848.402,1.325,-0.000,0.180
526.0180,4.000,838.584,835.927,1.329,-0.000,0.180
526.1165,4.000,826.078,823.414,1.332,-0.000,0.180
526.2146,4.000,813.538,810.867,1.336,-0.000,0.180
526.3132,4.000,800.970,798.291,1.339,-0.000,0.180
526.4094,4.000,788.378,785.692,1.343,-0.000,0.180
526.5167,4.000,775.765,773.072,1.347,-0.000,0.180
526.6153,4.000,763.135,760.435,1.350,-0.000,0.180
526.7119,4.000,750.490,747.783,1.354,-0.000,0.180
526.8113,4.000,737.833,735.118,1.357,-0.000,0.180
526.9092,4.000,725.165,722.443,1.361,-0.000,0.180
527.0192,4.000,712.487,709.758,1.365,-0.000,0.180
527.1182,4.000,699.802,697.066,1.368,-0.000,0.180
527.2162,4.000,687.111,684.367,1.372,-0.000,0.180
527.3141,4.000,674.414,671.663,1.375,-0.000,0.180
527.4122,4.000,661.712,658.954,1.379,-0.000,0.180
527.5099,4.000,649.006,646.241,1.383,-0.000,0.180
527.6195,4.000,636.296,633.524,1.386,-0.000,0.180
527.7175,4.000,623.584,620.805,1.390,-0.000,0.180
527.8167,4.000,610.869,608.083,1.393,-0.000,0.180
527.9138,4.000,598.152,595.358,1.397,-0.000,0.180
528.0127,4.000,585.434,582.633,1.401,-0.000,0.180
528.1100,5.000,572.890,566.609,3.141,1.286,0.180
528.2190,5.000,572.158,567.704,2.227,0.367,0.180
528.3162,5.000,572.054,568.116,1.969,0.105,0.180
528.4152,5.000,572.114,568.317,1.899,0.030,0.180
528.5147,5.000,572.209,568.446,1.882,0.009,0.180
528.6115,5.000,572.302,568.542,1.880,0.002,0.180
528.7090,5.000,572.385,568.620,1.883,0.001,0.180
528.8088,5.000,572.458,568.684,1.887,0.000,0.180
528.9195,5.000,572.520,568.738,1.891,0.000,0.180
529.0177,5.000,572.574,568.783,1.896,0.000,0.180
529.1146,6.000,572.797,565.524,3.637,1.286,0.180
529.2146,6.000,572.094,566.646,2.724,0.367,0.180
529.3133,6.000,572.015,567.081,2.467,0.105,0.180
529.4107,6.000,572.097,567.303,2.397,0.030,0.180
529.5186,6.000,572.210,567.447,2.381,0.009,0.180
529.6174,7.000,572.495,564.261,4.117,1.288,0.180
529.7142,7.000,571.848,565.442,3.203,0.368,0.180
529.8124,7.000,571.819,565.925,2.947,0.105,0.180
529.9104,8.000,572.119,562.891,4.614,1.316,0.180
530.0097,8.000,571.525,564.161,3.682,0.376,0.180
530.1167,8.000,571.551,564.710,3.420,0.107,0.180
530.2157,8.000,571.725,565.023,3.351,0.031,0.180
530.3133,9.000,572.095,561.949,5.073,1.294,0.180
530.4135,9.000,571.529,563.216,4.156,0.370,0.180
530.5106,9.000,571.571,563.770,3.900,0.106,0.180
530.6089,9.000,571.756,564.091,3.833,0.030,0.180
530.7138,9.000,571.958,564.319,3.819,0.009,0.180
530.8132,8.000,568.966,564.797,2.085,-1.283,0.180
530.9128,8.000,570.322,564.305,3.009,-0.367,0.180
531.0107,8.000,570.958,564.402,3.278,-0.105,0.180
531.1099,8.000,571.351,564.632,3.360,-0.030,0.180
531.2073,7.000,568.468,565.165,1.652,-1.294,0.180
531.3127,7.000,569.900,564.736,2.582,-0.370,0.180
531.4107,7.000,570.597,564.891,2.853,-0.106,0.180
531.5086,6.000,567.864,565.468,1.198,-1.316,0.180
531.6078,6.000,569.393,565.107,2.143,-0.376,0.180
531.7153,6.000,570.163,565.329,2.417,-0.107,0.180
531.8124,5.000,567.491,565.965,0.763,-1.316,0.180
531.9117,5.000,569.070,565.655,1.708,-0.376,0.180
532.0087,5.000,569.883,565.921,1.981,-0.107,0.180
532.1076,5.000,570.422,566.298,2.062,-0.031,0.180
532.2154,5.000,570.838,566.662,2.088,-0.009,0.180
532.3125,5.000,571.180,566.982,2.099,-0.003,0.180
532.4093,4.000,568.292,567.554,0.369,-1.286,0.180
532.5180,4.000,569.729,567.147,1.291,-0.368,0.180
532.6107,4.000,570.434,567.319,1.557,-0.105,0.180
532.7083,4.000,570.885,567.612,1.636,-0.030,0.180
532.8166,4.000,571.226,567.904,1.661,-0.009,0.180
532.9141,4.000,571.505,568.163,1.671,-0.002,0.180
533.0154,4.000,571.739,568.386,1.676,-0.001,0.180
533.1129,4.000,571.937,568.577,1.680,-0.000,0.180
533.2114,4.000,572.106,568.738,1.684,-0.000,0.180
533.3087,3.000,569.074,569.172,-0.049,-1.286,0.180
533.4083,3.000,570.390,568.646,0.872,-0.367,0.180
533.5075,3.000,570.991,568.717,1.137,-0.105,0.180
533.6072,3.000,571.355,568.925,1.215,-0.030,0.180
533.7164,3.000,571.621,569.143,1.239,-0.009,0.180
533.8133,3.000,571.837,569.341,1.248,-0.002,0.180
533.9108,2.000,568.840,569.809,-0.484,-1.286,0.180
534.0078,2.000,570.186,569.313,0.436,-0.368,0.180
534.1150,1.000,567.635,569.707,-1.036,-1.391,0.180
534.2126,1.000,569.212,569.295,-0.042,-0.397,0.180
534.3105,-0.000,566.816,569.803,-1.494,-1.399,0.180
534.4072,-0.000,568.513,569.501,-0.494,-0.400,0.180
534.5068,-0.000,569.391,569.808,-0.209,-0.114,0.180
534.6157,-1.000,566.680,570.407,-1.864,-1.318,0.180
534.7132,-1.000,568.223,570.068,-0.923,-0.377,0.180
534.8113,-2.000,565.706,570.489,-2.391,-1.393,0.180
534.9112,-3.000,564.012,570.281,-3.134,-1.684,0.180
535.0106,-3.000,565.904,569.773,-1.934,-0.481,0.180
535.1088,-3.000,566.833,570.020,-1.593,-0.137,0.180
535.2076,-5.000,560.835,570.777,-4.971,-2.611,0.180
535.3058,-5.000,563.468,569.690,-3.111,-0.746,0.180
535.4057,-5.000,564.653,569.818,-2.583,-0.213,0.180
535.5154,-5.000,565.359,570.229,-2.435,-0.061,0.180
535.6156,-4.000,566.170,567.488,-0.659,1.268,0.180
535.7153,-4.000,565.939,569.077,-1.569,0.362,0.180
535.8126,-4.000,566.254,569.917,-1.831,0.104,0.180
535.9087,-4.000,566.668,570.485,-1.909,0.030,0.180
536.0066,-3.000,567.357,567.751,-0.197,1.294,0.180
536.1156,-2.000,567.357,566.132,0.613,1.655,0.180
536.2127,-2.000,566.985,568.128,-0.572,0.473,0.180
536.3108,-1.000,567.632,565.982,0.825,1.421,0.180
536.4092,-1.000,567.479,567.860,-0.191,0.406,0.180
536.5069,1.000,568.395,562.411,2.992,2.687,0.180
536.6060,2.000,567.726,562.106,2.810,2.054,0.180
536.7154,2.000,567.347,564.658,1.345,0.587,0.180
536.8135,3.000,568.030,562.702,2.664,1.453,0.180
536.9125,4.000,568.130,561.399,3.365,1.701,0.180
537.0092,5.000,568.084,560.303,3.890,1.772,0.180
537.1074,6.000,568.015,559.282,4.366,1.792,0.180
537.2063,6.000,567.776,561.593,3.092,0.512,0.180
537.3055,7.000,568.474,559.538,4.468,1.432,0.180
537.4096,8.000,568.557,558.181,5.188,1.695,0.180
537.5096,9.000,568.488,557.046,5.721,1.770,0.180
537.6083,10.000,568.397,555.994,6.202,1.791,0.180
537.7070,10.000,568.141,558.279,4.931,0.512,0.180
537.8147,12.000,568.952,552.952,8.000,2.718,0.180
537.9109,12.000,568.151,555.916,6.117,0.776,0.180
538.0071,13.000,568.702,554.082,7.310,1.508,0.180
538.1071,14.000,568.769,552.805,7.982,1.716,0.180
538.2154,15.000,568.213,552.213,8.000,1.776,0.180
538.3114,15.000,568.474,553.975,7.250,0.507,0.180
538.4109,16.000,568.525,552.525,8.000,1.431,0.180
538.5096,17.000,567.870,551.870,8.000,1.694,0.180
538.6060,17.000,568.813,552.813,8.000,0.484,0.180
538.7077,18.000,568.055,552.055,8.000,1.424,0.180
538.8060,18.000,568.910,552.910,8.000,0.407,0.180
538.9129,19.000,568.077,552.077,8.000,1.402,0.180
539.0105,19.000,568.870,552.870,8.000,0.401,0.180
539.1065,20.000,567.983,551.983,8.000,1.400,0.180
539.2042,20.000,568.729,552.729,8.000,0.400,0.180
539.3142,20.000,569.364,553.364,8.000,0.114,0.180
539.4041,20.000,569.903,553.903,8.000,0.033,0.180
539.5056,21.000,568.801,552.801,8.000,1.295,0.180
539.6136,21.000,569.365,553.365,8.000,0.370,0.180
539.7091,22.000,568.284,552.284,8.000,1.391,0.180
539.8053,22.000,568.865,552.865,8.000,0.398,0.180
539.9143,23.000,567.799,551.799,8.000,1.399,0.180
540.0135,23.000,568.393,552.393,8.000,0.400,0.180
540.1105,24.000,567.338,551.338,8.000,1.400,0.180
540.2078,24.000,567.941,551.941,8.000,0.400,0.180
540.3075,25.000,566.893,550.893,8.000,1.400,0.180
540.4055,25.000,567.503,551.503,8.000,0.400,0.180
540.5041,25.000,568.021,552.021,8.000,0.114,0.180
540.6138,26.000,566.902,550.902,8.000,1.318,0.180
540.7116,26.000,567.450,551.450,8.000,0.377,0.180
540.8097,27.000,566.357,550.357,8.000,1.393,0.180
540.9064,27.000,566.927,550.927,8.000,0.398,0.180
541.0044,27.000,567.412,551.412,8.000,0.114,0.180
541.1113,27.000,567.824,551.824,8.000,0.032,0.180
541.2076,27.000,568.174,552.174,8.000,0.009,0.180
541.3055,28.000,566.911,550.911,8.000,1.288,0.180
541.4145,28.000,567.338,551.338,8.000,0.368,0.180
541.5113,28.000,567.701,551.701,8.000,0.105,0.180
541.6106,28.000,568.010,552.010,8.000,0.030,0.180
541.7095,28.000,568.272,552.272,8.000,0.009,0.180
541.8080,28.000,568.495,552.495,8.000,0.002,0.180
541.9054,28.000,568.685,552.685,8.000,0.001,0.180
542.0038,28.000,568.846,552.846,8.000,0.000,0.180
542.1115,28.000,568.983,552.983,8.000,0.000,0.180
542.2069,27.000,567.659,551.659,8.000,-1.286,0.180
542.3036,27.000,568.034,552.034,8.000,-0.367,0.180
542.4107,27.000,568.352,552.352,8.000,-0.105,0.180
542.5061,27.000,568.623,552.623,8.000,-0.030,0.180
542.6140,26.000,567.414,551.414,8.000,-1.294,0.180
542.7118,26.000,567.885,551.885,8.000,-0.370,0.180
542.8081,26.000,568.286,552.286,8.000,-0.106,0.180
578.0484,25.000,876.146,-846.463,861.304,791.304,0.320
578.0908,25.000,284.492,-226.953,255.723,185.723,0.320
578.1998,25.000,150.245,-66.403,108.324,38.324,0.320
578.2980,25.000,132.321,-23.495,77.908,7.908,0.320
578.3945,25.000,137.976,-5.287,71.632,1.632,0.320
578.4903,24.000,133.780,21.818,55.981,-11.219,0.320
578.5972,24.000,153.734,23.964,64.885,-2.315,0.320
578.6929,24.000,166.276,32.832,66.722,-0.478,0.320
578.7903,24.000,177.068,42.865,67.101,-0.099,0.320
578.8907,24.000,187.972,53.613,67.180,-0.020,0.320
578.9984,24.000,199.578,65.187,67.196,-0.004,0.320
579.0956,23.000,196.385,90.698,52.844,-11.556,0.320
579.1921,23.000,218.929,94.898,62.015,-2.385,0.320
579.2927,23.000,234.575,106.759,63.908,-0.492,0.320
579.4019,23.000,249.044,120.447,64.298,-0.102,0.320
579.4996,22.000,248.042,147.995,50.023,-11.577,0.320
579.5986,22.000,272.400,153.978,59.211,-2.389,0.320
579.6986,21.000,274.142,180.639,46.752,-12.048,0.320
579.7979,21.000,299.663,187.035,56.314,-2.486,0.320
579.8967,21.000,317.589,201.015,58.287,-0.513,0.320
579.9936,20.000,318.507,229.830,44.339,-11.661,0.320
580.0918,19.000,328.957,250.268,39.345,-13.962,0.320
580.1908,19.000,357.159,256.096,50.532,-2.881,0.320
580.2901,18.000,360.961,283.834,38.564,-12.150,0.320
580.3986,18.000,387.996,291.382,48.307,-2.507,0.320
580.4958,17.000,391.731,319.658,36.037,-12.073,0.320
580.5952,16.000,403.459,340.754,31.352,-14.047,0.320
580.6903,15.000,417.093,360.634,28.229,-14.454,0.320
580.7985,14.000,431.338,380.491,25.423,-14.538,0.320
580.8944,14.000,461.335,387.255,37.040,-3.000,0.320
580.9914,13.000,466.365,416.088,25.138,-12.175,0.320
581.0981,13.000,494.378,424.632,34.873,-2.512,0.320
581.1969,12.000,498.928,453.770,22.579,-12.074,0.320
581.2937,12.000,526.783,462.326,32.229,-2.491,0.320
581.3915,11.000,531.248,491.424,19.912,-12.070,0.320
581.4913,11.000,559.040,499.935,29.553,-2.491,0.320
581.5895,11.000,578.894,515.712,31.591,-0.514,0.320
581.6976,10.000,581.454,546.055,17.699,-11.662,0.320
581.7964,9.000,593.194,567.896,12.649,-13.962,0.320
581.8951,9.000,622.485,574.924,23.781,-2.881,0.320
581.9946,8.000,627.204,603.691,11.756,-12.150,0.320
582.0938,7.000,639.569,625.403,7.083,-14.063,0.320
582.1911,6.000,653.698,645.855,3.922,-14.457,0.320
582.2986,5.000,668.349,666.212,1.068,-14.539,0.320
582.3962,5.000,698.681,673.411,12.635,-3.000,0.320
582.4956,4.000,703.988,702.622,0.683,-12.175,0.320
582.5927,3.000,716.788,724.775,-3.993,-14.068,0.320
582.6907,3.000,746.712,732.336,7.188,-2.903,0.320
582.7984,2.000,751.910,761.615,-4.852,-12.155,0.320
582.8966,1.000,764.667,783.778,-9.556,-14.064,0.320
582.9976,1.000,794.563,791.340,1.612,-2.902,0.320
583.0942,-0.000,799.737,820.618,-10.441,-12.154,0.320
583.1924,-1.000,811.632,841.943,-15.156,-14.064,0.320
583.2913,-2.000,824.512,861.234,-18.361,-14.458,0.320
583.3900,-2.000,853.536,867.331,-6.898,-2.983,0.320
583.4989,-3.000,856.924,894.729,-18.902,-12.171,0.320
583.5968,-3.000,883.539,902.058,-9.260,-2.512,0.320
583.6959,-4.000,886.048,929.336,-21.644,-12.074,0.320
583.7928,-5.000,895.873,948.764,-26.445,-14.047,0.320
583.8897,-6.000,907.032,966.405,-29.686,-14.454,0.320
583.9969,-6.000,934.598,971.094,-18.248,-2.983,0.320
584.0936,-7.000,936.745,997.297,-30.276,-12.171,0.320
584.1916,-7.000,962.302,1003.613,-20.655,-2.511,0.320
584.2897,-8.000,963.909,1030.034,-33.063,-12.074,0.320
584.3985,-9.000,957.048,1032.821,-37.886,-14.047,0.320
584.4967,-10.000,951.634,1033.932,-41.149,-14.454,0.320
584.5960,-10.000,962.721,1022.188,-29.734,-2.983,0.320
584.6932,-11.000,948.471,1032.039,-41.784,-12.171,0.320
584.7881,-11.000,957.700,1022.072,-32.186,-2.511,0.320
584.8959,-12.000,943.036,1032.267,-44.615,-12.074,0.320
584.9940,-12.000,952.153,1022.353,-35.100,-2.491,0.320
585.0902,-13.000,937.443,1032.545,-47.551,-12.070,0.320
585.1886,-13.000,946.529,1022.619,-38.045,-2.491,0.320
585.2945,-13.000,948.075,1020.358,-36.141,-0.514,0.320
585.3935,-13.000,948.107,1019.719,-35.806,-0.106,0.320
585.4906,-13.000,947.860,1019.450,-35.795,-0.022,0.320
585.5894,-13.000,947.585,1019.286,-35.850,-0.005,0.320
585.6877,-13.000,947.330,1019.168,-35.919,-0.001,0.320
585.7976,-13.000,947.099,1019.082,-35.991,-0.000,0.320
585.8965,-13.000,946.892,1019.020,-36.064,-0.000,0.320
585.9942,-13.000,946.705,1018.978,-36.137,-0.000,0.320
586.0919,-12.000,959.816,1003.512,-21.848,11.556,0.320
586.1889,-12.000,951.077,1013.250,-31.087,2.384,0.320
586.2967,-11.000,962.822,1000.193,-18.685,12.048,0.320
586.3971,-11.000,954.142,1010.759,-28.308,2.486,0.320
586.4946,-11.000,952.909,1013.595,-30.343,0.513,0.320
586.5917,-10.000,966.402,999.303,-16.451,11.661,0.320
586.6897,-10.000,958.252,1009.775,-25.762,2.406,0.320
586.7872,-9.000,970.554,997.287,-13.366,12.052,0.320
586.8955,-9.000,962.360,1008.323,-22.982,2.487,0.320
586.9975,-8.000,974.824,996.114,-10.645,12.069,0.320
587.0874,-8.000,966.810,1007.346,-20.268,2.490,0.320
587.1957,-8.000,966.155,1010.734,-22.289,0.514,0.320
587.2932,-8.000,966.865,1012.349,-22.742,0.106,0.320
587.3905,-7.000,981.005,998.025,-8.510,11.577,0.320
587.4876,-7.000,973.199,1008.674,-17.737,2.389,0.320
587.5954,-7.000,972.472,1011.817,-19.673,0.493,0.320
587.6928,-6.000,986.350,997.834,-5.742,11.657,0.320
587.7909,-6.000,978.520,1008.574,-15.027,2.405,0.320
587.8878,-6.000,977.814,1011.754,-16.970,0.496,0.320
587.9868,-6.000,978.438,1013.233,-17.398,0.102,0.320
588.0966,-6.000,979.216,1014.241,-17.512,0.021,0.320
588.1947,-6.000,979.925,1015.051,-17.563,0.004,0.320
588.2916,-6.000,980.534,1015.734,-17.600,0.001,0.320
588.3885,-5.000,994.330,1000.876,-3.273,11.556,0.320
588.4975,-5.000,986.179,1011.123,-12.472,2.385,0.320
588.5942,-5.000,985.150,1013.935,-14.393,0.492,0.320
588.6914,-5.000,985.489,1015.111,-14.811,0.102,0.320
588.7889,-4.000,999.305,1000.422,-0.559,11.577,0.320
588.8960,-4.000,991.224,1010.762,-9.769,2.389,0.320
588.9917,-3.000,1003.547,998.199,2.674,12.048,0.320
589.0891,-3.000,995.366,1009.176,-6.905,2.486,0.320
589.1860,-3.000,994.564,1012.354,-8.895,0.513,0.320
589.2922,-2.000,1008.431,998.347,5.042,11.661,0.320
589.3897,-2.000,1000.606,1009.054,-4.224,2.406,0.320
589.4956,-2.000,999.909,1012.199,-6.145,0.497,0.320
589.5921,-1.000,1013.826,998.204,7.811,11.658,0.320
589.6894,-1.000,1006.034,1008.929,-1.447,2.406,0.320
589.7881,-1.000,1005.366,1012.090,-3.362,0.496,0.320
589.8860,-1.000,1006.026,1013.549,-3.762,0.102,0.320
589.9940,-0.000,1020.121,999.096,10.513,11.577,0.320
590.0915,-0.000,1012.281,1009.631,1.325,2.389,0.320
590.1906,-0.000,1011.530,1012.673,-0.571,0.493,0.320
590.2886,-0.000,1012.113,1014.037,-0.962,0.102,0.320
590.3856,-0.000,1012.860,1014.946,-1.043,0.021,0.320
590.4921,-0.000,1013.547,1015.666,-1.060,0.004,0.320
590.5909,-0.000,1014.141,1016.267,-1.063,0.001,0.320
590.6908,1.000,1027.090,1000.495,13.297,11.556,0.320
590.7877,1.000,1018.224,1009.961,4.132,2.385,0.320
590.8965,2.000,1029.033,995.821,16.606,12.048,0.320
590.9929,3.000,1032.009,989.175,21.417,14.042,0.320
591.0922,3.000,1020.822,1000.243,10.289,2.897,0.320
591.1920,4.000,1030.929,986.193,22.368,12.153,0.320
591.2894,5.000,1033.572,979.360,27.106,14.063,0.320
591.3862,5.000,1022.157,990.213,15.972,2.902,0.320
591.4941,6.000,1032.084,975.968,28.058,12.154,0.320
591.5911,6.000,1022.137,985.245,18.446,2.508,0.320
591.6888,7.000,1032.336,970.636,30.850,12.073,0.320
591.7865,7.000,1022.419,979.805,21.307,2.491,0.320
591.8958,8.000,1032.605,965.144,33.730,12.070,0.320
591.9936,9.000,1035.109,957.995,38.557,14.046,0.320
592.0906,9.000,1023.538,968.618,27.460,2.898,0.320
592.1882,9.000,1020.885,970.465,25.210,0.598,0.320
592.2883,9.000,1020.119,970.547,24.786,0.123,0.320
592.3957,9.000,1019.780,970.303,24.738,0.025,0.320
592.4956,9.000,1019.563,970.026,24.768,0.005,0.320
592.5940,9.000,1019.399,969.769,24.815,0.001,0.320
592.6914,9.000,1019.270,969.541,24.864,0.000,0.320
592.7884,8.000,1003.727,982.620,10.553,-11.556,0.320
592.8864,8.000,1013.395,973.857,19.769,-2.384,0.320
592.9861,8.000,1015.718,972.305,21.706,-0.492,0.320
593.0932,8.000,1016.480,972.197,22.142,-0.102,0.320
593.1907,8.000,1016.884,972.349,22.267,-0.021,0.320
593.2885,8.000,1017.181,972.524,22.328,-0.004,0.320
593.3872,7.000,1001.989,985.958,8.016,-11.556,0.320
593.4950,7.000,1011.953,977.500,17.227,-2.385,0.320
593.5910,7.000,1014.525,976.208,19.158,-0.492,0.320
593.6904,6.000,1000.057,989.604,5.227,-11.657,0.320
593.7869,6.000,1010.387,981.363,14.512,-2.405,0.320
593.8886,6.000,1013.217,980.308,16.455,-0.496,0.320
593.9864,5.000,998.958,993.916,2.521,-11.658,0.320
594.0950,5.000,1009.462,985.859,11.802,-2.406,0.320
594.1844,4.000,996.998,998.242,-0.622,-12.052,0.320
594.2934,4.000,1008.051,990.121,8.965,-2.487,0.320
594.3913,4.000,1011.293,989.371,10.961,-0.513,0.320
594.4881,3.000,997.341,1003.281,-2.970,-11.661,0.320
594.5892,3.000,1008.095,995.492,6.302,-2.406,0.320
594.6883,2.000,995.840,1008.106,-6.133,-12.052,0.320
594.7868,1.000,991.628,1013.464,-10.918,-14.042,0.320
594.8874,1.000,1004.766,1004.300,0.233,-2.898,0.320
594.9860,-0.000,993.319,1016.965,-11.823,-12.153,0.320
595.0857,-0.000,1004.982,1009.337,-2.177,-2.508,0.320
595.1919,-1.000,992.406,1021.503,-14.548,-12.073,0.320
595.2880,-1.000,1003.308,1013.252,-4.972,-2.491,0.320
595.3850,-2.000,990.125,1024.849,-17.362,-12.070,0.320
595.4925,-2.000,1000.519,1016.107,-7.794,-2.491,0.320
595.5910,-2.000,1003.186,1014.843,-5.828,-0.514,0.320
595.6915,-2.000,1004.180,1015.043,-5.432,-0.106,0.320
595.7911,-2.000,969.863,1019.023,-4.978,-0.022,0.180
595.8897,-2.000,938.239,1020.087,-4.971,-0.005,0.180
595.9872,-2.000,909.269,1018.305,-4.977,-0.001,0.180
596.0868,-3.000,871.592,1021.469,-14.161,-6.569,0.180
596.1838,-3.000,851.965,1009.984,-8.990,-1.383,0.180
596.2924,-3.000,829.888,1000.843,-7.914,-0.291,0.180
596.3911,-3.000,808.346,991.074,-7.700,-0.061,0.180
596.4924,-3.000,787.810,980.221,-7.667,-0.013,0.180
596.5894,-3.000,768.244,968.332,-7.673,-0.003,0.180
596.6906,-3.000,749.529,955.536,-7.686,-0.001,0.180
596.7892,-2.000,739.514,931.591,1.472,6.568,0.180
596.8872,-2.000,717.445,923.020,-3.724,1.383,0.180
596.9838,-1.000,707.898,899.348,4.348,6.860,0.180
597.0922,-1.000,686.926,890.310,-1.073,1.444,0.180
597.1895,-0.000,678.459,866.093,6.956,6.872,0.180
597.2871,-0.000,658.436,856.560,1.530,1.447,0.180
597.3844,1.000,650.184,831.315,9.561,6.873,0.180
597.4942,1.000,630.346,820.906,4.141,1.447,0.180
597.5927,1.000,614.878,805.889,3.003,0.305,0.180
597.6904,1.000,600.385,789.695,2.768,0.064,0.180
597.7878,2.000,593.518,762.104,11.896,6.582,0.180
597.8846,2.000,574.160,750.397,6.710,1.386,0.180
597.9919,2.000,558.954,734.424,5.627,0.292,0.180
598.0873,3.000,552.028,706.473,14.581,6.630,0.180
598.1837,3.000,532.735,694.346,9.362,1.396,0.180
598.2832,3.000,517.609,677.990,8.276,0.294,0.180
598.3921,3.000,503.383,660.682,8.059,0.062,0.180
598.4906,3.000,489.366,643.121,8.026,0.013,0.180
598.5897,3.000,491.013,641.689,8.032,0.003,0.180
598.6892,3.000,492.421,640.462,8.045,0.001,0.180
598.7891,3.000,493.622,639.416,8.060,0.000,0.180
598.8882,3.000,494.646,638.524,8.076,0.000,0.180
598.9905,3.000,495.518,637.764,8.091,0.000,0.180
599.0857,3.000,496.262,637.115,8.107,0.000,0.180
599.1922,3.000,496.897,636.561,8.122,0.000,0.180
599.2886,3.000,497.439,636.088,8.138,0.000,0.180
599.3866,3.000,497.902,635.684,8.154,0.000,0.180
599.4847,2.000,487.924,643.311,-1.004,-6.568,0.180
599.5820,2.000,493.923,638.314,4.192,-1.383,0.180
599.6911,2.000,495.708,637.381,5.294,-0.291,0.180
599.7897,1.000,486.155,645.259,-3.640,-6.630,0.180
599.8883,1.000,492.367,640.622,1.599,-1.396,0.180
599.9852,1.000,494.301,640.026,2.707,-0.294,0.180
600.0932,-0.000,484.868,648.198,-6.230,-6.630,0.180
600.1899,-0.000,491.180,643.813,-0.995,-1.396,0.180
600.2876,-1.000,482.225,650.807,-9.067,-6.862,0.180
600.3853,-1.000,488.386,645.979,-3.655,-1.445,0.180
600.4844,-2.000,479.184,652.714,-11.693,-6.873,0.180
600.5827,-3.000,474.136,655.064,-15.451,-8.015,0.180
600.6908,-4.000,469.879,656.429,-18.313,-8.256,0.180
600.7897,-4.000,476.690,650.159,-11.816,-1.738,0.180
600.8869,-5.000,467.334,656.375,-19.638,-6.934,0.180
600.9862,-6.000,462.006,658.435,-23.363,-8.028,0.180
601.0832,-7.000,457.476,659.586,-26.230,-8.259,0.180
601.1817,-9.000,442.099,667.891,-38.093,-14.875,0.180
601.2912,-10.000,442.836,663.543,-35.570,-9.700,0.180
601.3883,-11.000,439.450,663.260,-37.138,-8.611,0.180
601.4861,-12.000,435.171,663.820,-39.571,-8.381,0.180
601.5860,-13.000,430.683,664.547,-42.190,-8.333,0.180
601.6850,-14.000,426.132,665.301,-44.853,-8.323,0.180
601.7853,-15.000,421.551,666.055,-47.529,-8.321,0.180
601.8852,-16.000,416.948,666.804,-50.211,-8.320,0.180
601.9858,-16.000,423.302,660.174,-43.726,-1.752,0.180
602.0857,-16.000,424.490,658.753,-42.426,-0.369,0.180
602.1849,-17.000,413.629,665.814,-51.392,-6.646,0.180
602.2834,-17.000,418.677,660.538,-46.234,-1.399,0.180
602.3812,-17.000,419.599,659.421,-45.217,-0.295,0.180
602.4892,-17.000,419.663,659.191,-45.073,-0.062,0.180
602.5863,-17.000,419.556,659.158,-45.113,-0.013,0.180
602.6839,-17.000,419.420,659.174,-45.191,-0.003,0.180
602.7823,-18.000,408.311,666.582,-54.451,-6.569,0.180
602.8896,-18.000,413.331,661.415,-49.358,-1.383,0.180
602.9852,-18.000,414.269,660.353,-48.360,-0.291,0.180
603.0816,-18.000,414.353,660.163,-48.224,-0.061,0.180
603.1914,-19.000,403.290,667.536,-57.443,-6.581,0.180
603.2898,-19.000,408.320,662.370,-52.346,-1.386,0.180
603.3872,-19.000,409.257,661.316,-51.350,-0.292,0.180
603.4838,-20.000,398.470,668.405,-60.289,-6.630,0.180
603.5913,-20.000,403.633,663.098,-55.055,-1.396,0.180
603.6889,-21.000,393.706,669.303,-63.121,-6.862,0.180
603.7859,-22.000,388.073,671.172,-66.872,-8.013,0.180
603.8844,-22.000,394.300,664.746,-60.546,-1.687,0.180
603.9826,-22.000,395.547,663.329,-59.214,-0.355,0.180
604.0804,-22.000,395.756,662.977,-58.934,-0.075,0.180
604.1893,-22.000,395.754,662.856,-58.875,-0.016,0.180
604.2886,-23.000,384.746,670.160,-68.031,-6.572,0.180
604.3855,-23.000,389.860,664.897,-62.842,-1.384,0.180
604.4838,-23.000,390.890,663.742,-61.750,-0.291,0.180
604.5899,-23.000,391.066,663.458,-61.520,-0.061,0.180
604.6880,-23.000,391.069,663.364,-61.472,-0.013,0.180
604.7860,-23.000,391.040,663.315,-61.462,-0.003,0.180
604.8857,-22.000,398.978,652.912,-52.291,6.568,0.180
604.9857,-22.000,394.245,658.549,-57.476,1.383,0.180
605.0844,-22.000,393.538,660.025,-58.568,0.291,0.180
605.1824,-21.000,401.603,650.213,-49.629,6.630,0.180
605.2809,-21.000,397.126,656.204,-54.863,1.396,0.180
605.3889,-21.000,396.669,657.950,-55.965,0.294,0.180
605.4852,-21.000,396.984,658.729,-56.197,0.062,0.180
605.5835,-20.000,405.369,648.875,-47.077,6.581,0.180
605.6833,-20.000,401.048,654.946,-52.273,1.386,0.180
605.7815,-20.000,400.699,656.784,-53.367,0.292,0.180
605.8892,-19.000,408.971,647.377,-44.528,6.630,0.180
605.9867,-19.000,404.655,653.728,-49.861,1.396,0.180
606.0847,-19.000,404.320,655.794,-51.061,0.294,0.180
606.1817,-18.000,412.698,646.486,-42.219,6.630,0.180
606.2896,-18.000,408.475,652.919,-47.547,1.396,0.180
606.3866,-17.000,416.192,644.680,-39.569,6.862,0.180
606.4826,-17.000,411.964,651.464,-45.075,1.445,0.180
606.5891,-17.000,411.822,653.780,-46.303,0.304,0.180
606.6880,-16.000,420.391,644.658,-37.458,6.632,0.180
606.7864,-16.000,416.336,651.243,-42.778,1.396,0.180
606.8850,-15.000,424.200,643.130,-34.790,6.862,0.180
606.9807,-16.000,409.124,657.393,-49.459,-5.124,0.180
607.0887,-16.000,414.241,654.586,-45.497,-1.079,0.180
607.1872,-16.000,415.991,654.800,-44.729,-0.227,0.180
607.2851,-16.000,416.922,655.538,-44.633,-0.048,0.180
607.3817,-16.000,417.586,656.293,-44.678,-0.010,0.180
607.4795,-17.000,407.140,664.345,-53.927,-6.571,0.180
607.5883,-16.000,420.694,649.354,-39.654,5.185,0.180
607.6864,-17.000,406.434,661.795,-53.005,-5.477,0.180
607.7846,-18.000,400.423,665.660,-57.943,-7.721,0.180
607.8832,-19.000,396.039,667.619,-61.114,-8.194,0.180
607.9812,-19.000,402.878,661.718,-54.744,-1.725,0.180
608.0902,-18.000,412.514,650.480,-44.308,6.205,0.180
608.1894,-18.000,408.341,656.292,-49.300,1.306,0.180
608.2881,-18.000,407.912,658.113,-50.425,0.275,0.180
608.3859,-17.000,416.167,648.642,-41.562,6.626,0.180
608.4848,-15.000,427.777,634.198,-28.535,14.532,0.180
608.5835,-14.000,425.996,637.170,-30.911,9.628,0.180
608.6827,-12.000,436.276,626.103,-20.238,15.164,0.180
608.7812,-10.000,442.855,620.055,-13.924,16.329,0.180
608.8798,-8.000,449.084,615.476,-8.521,16.575,0.180
608.9876,-5.000,463.580,601.184,5.873,23.195,0.180
609.0844,-3.000,465.776,603.361,5.883,18.020,0.180
609.1815,-1.000,472.340,601.714,9.989,16.931,0.180
609.2786,1.000,479.405,598.828,14.964,16.701,0.180
609.3856,2.000,478.375,605.810,10.958,10.084,0.180
609.4859,2.000,474.454,617.791,3.007,2.123,0.180
609.5848,3.000,483.587,611.909,10.515,7.015,0.180
609.6826,3.000,480.946,620.313,4.992,1.477,0.180
609.7809,4.000,489.619,612.939,13.015,6.879,0.180
609.8799,3.000,475.887,628.375,-1.569,-5.120,0.180
609.9887,2.000,471.795,634.515,-6.684,-7.646,0.180
610.0852,1.000,469.839,638.812,-9.811,-8.178,0.180
610.1820,1.000,478.795,634.845,-3.349,-1.722,0.180
610.2796,-0.000,471.907,643.575,-11.158,-6.931,0.180
610.3860,-0.000,479.661,640.386,-5.687,-1.459,0.180
610.4830,-0.000,482.753,641.174,-4.535,-0.307,0.180
610.5819,-0.000,484.645,642.581,-4.292,-0.065,0.180
610.6791,-0.000,486.098,643.932,-4.241,-0.014,0.180
610.7877,1.000,494.674,634.139,4.943,6.566,0.180
610.8862,3.000,505.226,618.352,18.112,14.519,0.180
610.9850,4.000,501.928,619.601,15.839,9.625,0.180
611.0808,4.000,494.979,627.808,8.261,2.026,0.180
611.1786,5.000,501.309,618.948,15.856,6.995,0.180
611.2870,6.000,503.610,613.895,19.533,8.041,0.180
611.3841,7.000,504.998,609.569,22.390,8.261,0.180
611.4820,7.000,498.763,616.306,15.904,1.739,0.180
611.5813,7.000,497.640,617.857,14.567,0.366,0.180
611.6802,7.000,497.569,618.291,14.315,0.077,0.180
611.7884,7.000,497.699,618.469,14.290,0.016,0.180
611.8862,6.000,487.480,626.551,5.140,-6.565,0.180
611.9869,5.000,482.912,629.902,1.181,-7.951,0.180
612.0853,5.000,490.197,624.582,7.483,-1.674,0.180
612.1822,4.000,482.006,632.043,-0.343,-6.921,0.180
612.2797,4.000,488.681,627.749,5.142,-1.457,0.180
612.3851,5.000,498.237,616.615,15.486,6.262,0.180
612.4830,5.000,494.150,622.363,10.569,1.318,0.180
612.5800,5.000,493.840,624.083,9.554,0.278,0.180
612.6776,5.000,494.247,624.875,9.361,0.058,0.180
612.7854,5.000,494.736,625.405,9.341,0.012,0.180
612.8827,6.000,502.559,614.848,18.531,6.571,0.180
612.9799,6.000,497.741,620.343,13.375,1.383,0.180
613.0779,6.000,496.967,621.691,12.314,0.291,0.180
613.1790,6.000,497.013,622.134,12.115,0.061,0.180
613.2801,6.000,497.204,622.359,12.098,0.013,0.180
613.3882,5.000,487.027,630.488,2.945,-6.566,0.180
613.4842,5.000,492.867,625.909,8.155,-1.382,0.180
613.5801,4.000,484.146,633.301,0.098,-6.859,0.180
613.6779,4.000,490.517,628.800,5.534,-1.444,0.180
613.7848,2.000,471.726,644.381,-11.652,-13.441,0.180
613.8821,1.000,473.610,643.369,-10.204,-9.398,0.180
613.9814,-0.000,472.531,645.788,-11.953,-8.547,0.180
614.0783,-1.000,470.375,648.484,-14.379,-8.368,0.180
614.1874,-2.000,467.732,650.986,-16.952,-8.330,0.180
614.2771,-2.000,475.737,645.860,-10.386,-1.754,0.180
614.3851,-3.000,467.362,653.083,-18.185,-6.938,0.180
614.4833,-4.000,462.860,656.006,-21.897,-8.029,0.180
614.5815,-5.000,459.033,657.890,-24.753,-8.259,0.180
614.6797,-5.000,466.202,652.071,-18.259,-1.739,0.180
614.7770,-6.000,457.148,658.671,-26.086,-6.934,0.180
614.8852,-6.000,463.049,653.685,-20.643,-1.460,0.180
614.9840,-7.000,453.585,660.326,-28.695,-6.876,0.180
615.0840,-8.000,448.304,662.608,-32.477,-8.016,0.180
615.1819,-8.000,454.816,656.547,-26.190,-1.688,0.180
615.2786,-9.000,445.324,662.821,-34.073,-6.924,0.180
615.3806,-9.000,450.877,657.535,-28.654,-1.458,0.180
615.4784,-10.000,441.120,663.917,-36.723,-6.875,0.180
615.5865,-10.000,446.562,658.608,-31.347,-1.447,0.180
615.6835,-11.000,436.735,664.946,-39.430,-6.873,0.180
615.7814,-12.000,431.148,666.969,-43.235,-8.015,0.180
615.8788,-12.000,437.398,660.688,-36.969,-1.687,0.180
615.9868,-11.000,446.629,649.032,-26.526,6.213,0.180
616.0845,-11.000,442.136,654.464,-31.488,1.308,0.180
616.1823,-11.000,441.445,655.952,-32.578,0.275,0.180
616.2822,-10.000,449.483,646.192,-23.679,6.626,0.180
616.3801,-10.000,444.967,652.244,-28.963,1.395,0.180
616.4785,-8.000,460.414,633.303,-11.769,13.431,0.180
616.5766,-8.000,451.285,645.462,-22.413,2.827,0.180
616.6849,-8.000,450.298,649.024,-24.687,0.595,0.180
616.7826,-7.000,458.855,640.256,-16.025,6.694,0.180
616.8798,-7.000,454.945,646.988,-21.346,1.409,0.180
616.9768,-7.000,454.994,649.335,-22.495,0.297,0.180
617.0765,-6.000,463.716,640.251,-13.592,6.631,0.180
617.1854,-8.000,437.849,661.611,-37.205,-11.741,0.180
617.2847,-8.000,448.161,653.468,-27.978,-2.472,0.180
617.3844,-10.000,429.045,667.227,-44.415,-13.657,0.180
617.4816,-10.000,440.499,657.220,-33.685,-2.875,0.180
617.5805,-13.000,410.410,677.738,-58.988,-20.311,0.180
617.6800,-13.000,426.810,662.203,-43.021,-4.276,0.180
617.7792,-15.000,408.539,674.010,-58.060,-14.037,0.180
617.8759,-12.000,443.716,632.138,-19.536,16.750,0.180
617.9815,-10.000,448.032,626.332,-14.474,16.663,0.180
618.0803,-8.000,453.138,621.158,-9.334,16.645,0.180
618.1782,-6.000,458.875,616.565,-4.169,16.641,0.180
618.2780,-4.000,465.139,612.472,1.009,16.640,0.180
618.3758,-2.000,471.851,608.806,6.198,16.640,0.180
618.4828,-0.000,478.946,605.500,11.398,16.640,0.180
618.5805,1.000,477.793,612.274,7.435,10.072,0.180
618.6784,3.000,488.483,602.161,17.836,15.257,0.180
618.7763,3.000,479.699,617.436,5.807,3.212,0.180
618.8767,4.000,487.311,611.741,12.460,7.245,0.180
618.9767,4.000,483.927,619.755,6.762,1.525,0.180
619.0849,6.000,499.458,600.959,23.926,13.458,0.180
619.1849,6.000,490.477,613.164,13.332,2.833,0.180
619.2839,6.000,489.642,616.741,11.126,0.596,0.180
619.3801,7.000,497.741,607.372,19.860,6.694,0.180
619.4780,8.000,500.827,602.607,23.786,7.978,0.180
619.5751,10.000,510.104,587.702,35.876,14.816,0.180
619.6850,11.000,506.441,588.982,33.405,9.688,0.180
619.7818,12.000,506.710,586.086,34.988,8.608,0.180
619.8804,13.000,507.735,582.230,37.428,8.381,0.180
619.9774,13.000,501.482,589.075,30.879,1.764,0.180
620.0760,14.000,507.783,579.679,38.727,6.940,0.180
620.1850,13.000,492.187,593.243,24.148,-5.107,0.180
620.2837,14.000,504.297,578.806,37.421,5.493,0.180
620.3809,13.000,490.170,591.554,23.984,-5.412,0.180
620.4789,13.000,495.425,588.128,28.324,-1.139,0.180
620.5765,13.000,497.169,587.939,29.291,-0.240,0.180
620.6744,12.000,487.713,596.316,20.374,-6.619,0.180
620.7831,12.000,494.043,592.070,25.662,-1.393,0.180
620.8812,10.000,475.343,607.740,8.477,-13.430,0.180
620.9774,10.000,487.711,598.797,19.132,-2.827,0.180
621.0795,9.000,481.077,605.942,12.243,-7.164,0.180
621.1776,8.000,478.123,609.931,8.771,-8.077,0.180
621.2764,7.000,476.107,613.427,6.016,-8.269,0.180
621.3762,7.000,484.800,608.991,12.580,-1.741,0.180
621.4760,6.000,477.646,617.363,4.817,-6.935,0.180
621.5756,7.000,492.544,602.902,19.497,5.108,0.180
621.6832,7.000,490.233,608.583,15.500,1.075,0.180
621.7805,7.000,490.853,610.829,14.688,0.226,0.180
621.8834,8.000,499.302,601.215,23.719,6.616,0.180
621.9808,8.000,495.125,607.402,18.537,1.393,0.180
622.0802,8.000,494.921,609.314,17.479,0.293,0.180
622.1781,8.000,495.457,610.230,17.289,0.062,0.180
622.2757,8.000,496.067,610.854,17.282,0.013,0.180
622.3838,8.000,496.623,611.347,17.314,0.003,0.180
622.4807,7.000,486.735,619.728,8.179,-6.568,0.180
622.5795,7.000,492.816,615.365,13.401,-1.383,0.180
622.6798,6.000,484.300,622.941,5.355,-6.860,0.180
622.7784,6.000,490.848,618.595,10.802,-1.444,0.180
622.8756,5.000,482.581,626.333,2.800,-6.872,0.180
622.9845,4.000,478.934,630.130,-0.922,-8.015,0.180
623.0818,4.000,486.847,625.345,5.426,-1.687,0.180
623.1810,3.000,479.155,633.295,-2.394,-6.924,0.180
623.2779,3.000,486.247,629.424,3.087,-1.458,0.180
623.3754,2.000,478.408,637.599,-4.920,-6.875,0.180
623.4739,1.000,475.116,641.778,-8.655,-8.016,0.180
623.5830,-0.000,472.952,645.295,-11.496,-8.256,0.180
623.6805,-0.000,481.546,640.852,-4.978,-1.738,0.180
623.7784,-1.000,473.708,648.617,-12.779,-6.934,0.180
623.8761,-1.000,480.647,644.617,-7.310,-1.460,0.180
623.9750,-2.000,472.069,652.093,-15.336,-6.876,0.180
624.0740,-3.000,467.545,655.080,-19.092,-8.016,0.180
624.1843,-3.000,474.705,649.614,-12.779,-1.688,0.180
624.2751,-3.000,476.741,649.017,-11.462,-0.355,0.180
624.3731,-4.000,466.644,656.738,-20.371,-6.643,0.180
624.4828,-4.000,472.358,652.004,-15.147,-1.399,0.180
624.5807,-5.000,462.885,658.711,-23.238,-6.863,0.180
624.6779,-5.000,468.601,653.643,-17.846,-1.445,0.180
624.7740,-6.000,459.017,660.177,-25.905,-6.873,0.180
624.8834,-7.000,453.642,662.361,-29.684,-8.015,0.180
624.9809,-8.000,449.104,663.586,-32.566,-8.256,0.180
625.0795,-9.000,444.698,664.576,-35.263,-8.306,0.180
625.1759,-11.000,429.310,672.860,-47.100,-14.886,0.180
625.2759,-13.000,419.038,675.894,-53.752,-16.271,0.180
625.3828,-14.000,420.766,670.414,-50.148,-9.994,0.180
625.4801,-15.000,417.515,669.876,-51.505,-8.672,0.180
625.5800,-17.000,402.226,677.744,-63.083,-14.963,0.180
625.6780,-18.000,402.822,673.239,-60.533,-9.718,0.180
625.7781,-19.000,399.267,672.873,-62.128,-8.614,0.180
625.8765,-21.000,383.964,680.642,-73.664,-14.950,0.180
625.9744,-21.000,395.565,668.638,-61.861,-3.147,0.180
626.0812,-22.000,386.910,673.350,-68.544,-7.231,0.180
626.1782,-24.000,370.506,682.202,-81.172,-14.659,0.180
626.2744,-25.000,370.901,677.788,-78.768,-9.655,0.180
626.3732,-26.000,367.347,677.327,-80.314,-8.601,0.180
626.4809,-27.000,362.962,677.698,-82.692,-8.379,0.180
626.5783,-28.000,358.403,678.245,-85.246,-8.332,0.180
626.6757,-28.000,364.776,671.462,-78.667,-1.754,0.180
626.7837,-28.000,365.987,669.903,-77.283,-0.369,0.180
626.8807,-27.000,374.099,659.095,-67.823,6.491,0.180
626.9778,-27.000,369.329,664.574,-72.947,1.366,0.180
627.0750,-27.000,368.551,665.953,-74.026,0.288,0.180
627.1734,-27.000,368.580,666.436,-74.253,0.061,0.180
627.2820,-28.000,357.781,674.070,-83.469,-6.556,0.180
627.3790,-27.000,371.080,658.681,-69.125,5.188,0.180
627.4779,-27.000,367.596,663.389,-73.221,1.092,0.180
627.5778,-27.000,367.253,664.771,-74.083,0.230,0.180
627.6762,-29.000,345.577,680.131,-92.602,-13.088,0.180
627.7735,-28.000,364.194,659.746,-73.100,3.813,0.180
627.8721,-28.000,361.932,663.504,-76.110,0.803,0.180
627.9828,-27.000,369.903,654.405,-67.576,6.737,0.180
628.0816,-28.000,354.636,668.113,-82.063,-5.150,0.180
628.1789,-27.000,367.508,654.517,-68.829,5.484,0.180
628.2745,-26.000,372.338,649.670,-63.990,7.723,0.180
628.3717,-26.000,367.734,657.260,-70.087,1.626,0.180
628.4796,-26.000,367.720,659.813,-71.371,0.342,0.180
628.5791,-25.000,376.497,650.793,-62.473,6.640,0.180
628.6767,-24.000,380.620,647.064,-58.547,7.966,0.180
628.7722,-21.000,399.903,623.916,-37.331,21.382,0.180
628.8810,-21.000,385.880,643.654,-54.212,4.502,0.180
628.9807,-18.000,408.566,618.625,-30.354,20.653,0.180
629.0796,-16.000,411.619,617.781,-28.405,17.485,0.180
629.1769,-13.000,425.592,604.486,-14.771,23.386,0.180
629.2755,-12.000,419.823,617.430,-24.128,11.492,0.180
629.3729,-10.000,431.185,610.368,-14.916,15.556,0.180
629.4808,-9.000,431.653,617.155,-18.075,9.843,0.180
629.5774,-8.000,436.392,619.182,-16.720,8.641,0.180
629.6758,-6.000,449.851,609.674,-5.236,14.956,0.180
629.7734,-5.000,450.666,615.818,-7.901,9.717,0.180
629.8720,-5.000,447.426,627.973,-15.598,2.046,0.180
629.9815,-4.000,457.547,623.029,-8.065,6.999,0.180
630.0782,-3.000,463.675,621.902,-4.438,8.042,0.180
630.1767,-2.000,468.910,621.519,-1.629,8.261,0.180
630.2743,-2.000,465.939,631.613,-8.162,1.739,0.180
630.3816,-2.000,467.583,636.024,-9.545,0.366,0.180
630.4786,-0.000,485.804,618.149,8.503,13.214,0.180
630.5753,1.000,485.892,620.755,7.244,9.350,0.180
630.6734,2.000,488.535,619.803,9.041,8.537,0.180
630.7737,3.000,491.397,617.777,11.486,8.366,0.180
630.8717,5.000,501.411,604.274,23.244,14.898,0.180
630.9807,6.000,498.567,606.554,20.682,9.705,0.180
631.0794,7.000,499.570,604.470,22.225,8.612,0.180
631.1769,8.000,501.222,601.300,24.637,8.381,0.180
631.2776,8.000,495.501,608.730,18.061,1.765,0.180
631.3774,9.000,502.250,599.834,25.883,6.940,0.180
631.4765,9.000,497.405,605.853,20.451,1.461,0.180
631.5711,9.000,496.798,607.459,19.345,0.308,0.180
631.6795,9.000,497.026,608.080,19.149,0.065,0.180
631.7772,10.000,504.756,597.471,28.318,6.582,0.180
631.8754,10.000,499.889,602.892,23.174,1.386,0.180
631.9756,9.000,488.708,612.143,12.958,-6.277,0.180
632.0752,10.000,501.764,596.847,27.134,5.247,0.180
632.1737,10.000,498.221,601.486,23.043,1.105,0.180
632.2716,10.000,497.867,602.771,22.223,0.233,0.180
632.3806,10.000,498.131,603.299,22.092,0.049,0.180
632.4786,11.000,505.855,592.648,31.279,6.579,0.180
632.5776,10.000,490.601,606.015,16.969,-5.183,0.180
632.6764,9.000,485.069,610.542,11.939,-7.660,0.180
632.7731,9.000,492.236,605.521,18.033,-1.613,0.180
632.8747,8.000,484.094,613.086,10.179,-6.908,0.180
632.9722,8.000,490.844,608.846,15.675,-1.454,0.180
633.0721,8.000,493.101,608.724,16.864,-0.306,0.180
633.1707,8.000,494.291,609.347,17.148,-0.064,0.180
633.2786,8.000,495.155,610.026,17.240,-0.014,0.180
633.3776,8.000,495.862,610.629,17.292,-0.003,0.180
633.4754,8.000,496.463,611.142,17.336,-0.001,0.180
633.5736,8.000,496.978,611.573,17.378,-0.000,0.180
633.6716,8.000,497.422,611.934,17.420,-0.000,0.180
633.7791,8.000,497.806,612.234,17.462,-0.000,0.180
633.8783,8.000,498.138,612.483,17.503,-0.000,0.180
633.9764,8.000,498.427,612.689,17.545,-0.000,0.180
634.0726,7.000,488.305,620.831,8.413,-6.568,0.180
634.1716,7.000,494.186,616.267,13.635,-1.383,0.180
634.2792,7.000,495.874,615.699,14.763,-0.291,0.180
634.3794,7.000,496.616,615.909,15.029,-0.061,0.180
634.4779,7.000,497.105,616.228,15.114,-0.013,0.180
634.5756,7.000,497.495,616.525,15.160,-0.003,0.180
634.6737,6.000,487.452,624.753,6.025,-6.569,0.180
634.7706,6.000,493.398,620.264,11.243,-1.383,0.180
634.8776,5.000,484.766,627.733,3.192,-6.860,0.180
634.9739,4.000,480.841,631.272,-0.540,-8.013,0.180
635.0735,3.000,478.149,634.234,-3.367,-8.255,0.180
635.1728,2.000,475.923,637.290,-6.008,-8.306,0.180
635.2723,2.000,484.344,632.575,0.560,-1.749,0.180
635.3692,1.000,476.936,640.732,-7.223,-6.937,0.180
635.4771,-0.000,473.862,645.043,-10.915,-8.029,0.180
635.5742,-1.000,471.253,648.104,-13.750,-8.259,0.180
635.6737,-2.000,468.486,650.655,-16.409,-8.307,0.180
635.7726,-3.000,465.469,652.889,-19.034,-8.317,0.180
635.8717,-5.000,451.239,662.252,-30.831,-14.888,0.180
635.9696,-5.000,463.898,651.457,-19.103,-3.134,0.180
636.0770,-6.000,456.165,657.174,-25.829,-7.228,0.180
636.1747,-7.000,451.510,659.515,-29.327,-8.090,0.180
636.2715,-8.000,447.404,661.055,-32.150,-8.272,0.180
636.3693,-9.000,443.328,662.350,-34.835,-8.310,0.180
636.4772,-9.000,450.160,656.154,-28.321,-1.749,0.180
636.5732,-10.000,440.791,662.463,-36.161,-6.937,0.180
636.6725,-10.000,446.415,657.239,-30.736,-1.460,0.180
636.7689,-10.000,447.686,656.308,-29.635,-0.307,0.180
636.8780,-10.000,448.020,656.261,-29.445,-0.065,0.180
636.9773,-10.000,448.142,656.385,-29.446,-0.014,0.180
637.0744,-9.000,456.179,646.156,-20.313,6.566,0.180
637.1727,-9.000,451.517,651.955,-25.543,1.382,0.180
637.2712,-8.000,458.836,643.203,-17.508,6.859,0.180
637.3790,-7.000,462.244,639.177,-13.791,8.013,0.180
637.4759,-6.000,465.092,636.403,-10.980,8.255,0.180
637.5741,-5.000,468.049,634.109,-8.354,8.306,0.180
637.6710,-5.000,463.247,642.475,-14.938,1.749,0.180
637.7703,-3.000,479.303,624.649,2.003,13.505,0.180
637.8785,-3.000,470.873,637.573,-8.675,2.843,0.180
637.9750,-1.000,486.470,620.997,7.412,13.735,0.180
638.0697,-0.000,486.178,624.056,5.737,9.460,0.180
638.1686,1.000,488.760,623.227,7.442,8.560,0.180
638.2785,1.000,484.252,632.224,0.689,1.802,0.180
638.3766,1.000,484.742,635.550,-0.728,0.379,0.180
638.4760,2.000,493.443,626.492,8.151,6.648,0.180
638.5734,2.000,489.554,633.079,2.913,1.400,0.180
638.6716,3.000,496.979,624.346,10.992,6.863,0.180
638.7785,2.000,482.147,638.667,-3.584,-5.124,0.180
638.8757,1.000,477.112,643.868,-8.703,-7.647,0.180
638.9730,1.000,484.724,639.396,-2.660,-1.610,0.180
639.0694,-0.000,476.961,647.428,-10.558,-6.907,0.180
639.1784,-0.000,484.029,643.589,-5.105,-1.454,0.180
639.2776,-1.000,475.576,651.187,-13.130,-6.875,0.180
639.3766,-1.000,482.134,646.902,-7.708,-1.447,0.180
639.4743,-2.000,473.264,654.104,-15.744,-6.873,0.180
639.5722,-2.000,479.471,649.479,-10.329,-1.447,0.180
639.6716,-2.000,481.276,649.020,-9.197,-0.305,0.180
639.7687,-3.000,471.104,656.735,-18.140,-6.633,0.180
639.8772,-3.000,476.780,651.970,-12.920,-1.396,0.180
639.9757,-3.000,478.254,651.271,-11.833,-0.294,0.180
640.0746,-3.000,478.800,651.384,-11.616,-0.062,0.180
640.1719,-3.000,479.113,651.631,-11.583,-0.013,0.180
640.2687,-3.000,479.346,651.874,-11.588,-0.003,0.180
640.3773,-3.000,479.535,652.089,-11.602,-0.001,0.180
640.4737,-4.000,468.718,659.650,-20.791,-6.569,0.180
640.5738,-4.000,473.999,654.601,-15.626,-1.383,0.180
640.6717,-4.000,475.169,653.629,-14.555,-0.291,0.180
640.7686,-5.000,464.488,660.878,-23.519,-6.630,0.180
640.8760,-5.000,469.737,655.711,-18.311,-1.396,0.180
640.9722,-5.000,470.848,654.670,-17.235,-0.294,0.180
641.0696,-6.000,460.110,661.868,-26.203,-6.630,0.180
641.1710,-6.000,465.309,656.660,-21.000,-1.396,0.180
641.2713,-6.000,466.376,655.585,-19.929,-0.294,0.180
641.3690,-6.000,466.573,655.381,-19.728,-0.062,0.180
641.4769,-6.000,466.588,655.361,-19.711,-0.013,0.180
641.5770,-7.000,455.591,662.753,-28.905,-6.571,0.180
641.6736,-7.000,460.711,657.569,-23.754,-1.383,0.180
641.7734,-7.000,461.739,656.486,-22.698,-0.291,0.180
641.8708,-7.000,461.909,656.270,-22.505,-0.061,0.180
641.9696,-7.000,461.902,656.238,-22.493,-0.013,0.180
642.0671,-7.000,461.859,656.247,-22.519,-0.003,0.180
642.1666,-7.000,461.810,656.267,-22.553,-0.001,0.180
642.2756,-7.000,461.762,656.291,-22.589,-0.000,0.180
642.3734,-7.000,461.716,656.317,-22.625,-0.000,0.180
642.4730,-7.000,461.671,656.345,-22.662,-0.000,0.180
642.5715,-8.000,450.653,663.748,-31.872,-6.568,0.180
642.6682,-8.000,455.761,658.567,-26.728,-1.383,0.180
642.7666,-8.000,456.780,657.486,-25.678,-0.291,0.180
642.8747,-7.000,464.916,646.898,-16.316,6.507,0.180
642.9728,-7.000,460.200,652.529,-21.489,1.370,0.180
643.0694,-7.000,459.471,654.036,-22.607,0.288,0.180
643.1701,-7.000,459.538,654.631,-22.871,0.061,0.180
643.2669,-7.000,459.734,654.997,-22.956,0.013,0.180
643.3730,-8.000,448.953,662.656,-32.176,-6.566,0.180
643.4699,-8.000,454.268,657.687,-27.034,-1.382,0.180
643.5681,-8.000,455.465,656.784,-25.984,-0.291,0.180
643.6665,-8.000,455.778,656.721,-25.796,-0.061,0.180
643.7753,-8.000,455.891,656.821,-25.789,-0.013,0.180
643.8742,-8.000,455.950,656.943,-25.821,-0.003,0.180
643.9730,-8.000,455.987,657.059,-25.860,-0.001,0.180
644.0709,-8.000,456.011,657.165,-25.901,-0.000,0.180
644.1687,-8.000,456.025,657.262,-25.943,-0.000,0.180
644.2763,-8.000,456.031,657.351,-25.984,-0.000,0.180
644.3727,-8.000,456.030,657.433,-26.026,-0.000,0.180
644.4719,-8.000,456.022,657.508,-26.068,-0.000,0.180
644.5697,-8.000,456.009,657.579,-26.109,-0.000,0.180
644.6679,-7.000,463.966,647.272,-16.977,6.568,0.180
644.7678,-7.000,459.245,652.994,-22.199,1.383,0.180
644.8771,-7.000,458.543,654.548,-23.327,0.291,0.180
644.9753,-7.000,458.638,655.176,-23.594,0.061,0.180
645.0722,-6.000,466.835,645.195,-14.505,6.581,0.180
645.1699,-6.000,462.349,651.164,-19.732,1.386,0.180
645.2668,-6.000,461.855,652.919,-20.857,0.292,0.180
645.3738,-5.000,470.102,643.343,-11.945,6.630,0.180
645.4752,-5.000,465.778,649.538,-17.205,1.396,0.180
645.5720,-4.000,473.418,641.087,-9.159,6.862,0.180
645.6713,-4.000,469.136,647.682,-14.597,1.445,0.180
645.7702,-3.000,476.931,639.452,-6.585,6.873,0.180
645.8678,-3.000,472.804,646.208,-12.026,1.447,0.180
645.9764,-2.000,480.738,638.110,-4.011,6.873,0.180
646.0656,-1.000,484.705,634.603,-0.273,8.015,0.180
646.1755,-1.000,480.068,642.632,-6.607,1.687,0.180
646.2745,-0.000,488.145,635.037,1.230,6.924,0.180
646.3723,1.000,491.758,631.234,4.937,8.026,0.180
646.4690,2.000,494.220,628.011,7.780,8.258,0.180
646.5667,3.000,496.260,624.723,10.444,8.307,0.180
646.6753,4.000,498.062,621.262,13.075,8.317,0.180
646.7743,4.000,492.311,628.602,6.530,1.751,0.180
646.8754,5.000,531.064,618.230,19.891,11.917,0.320
646.9731,5.000,547.105,634.088,10.461,2.459,0.320
647.0698,5.000,569.219,643.863,8.538,0.507,0.320
647.1683,5.000,591.663,653.299,8.163,0.105,0.320
647.2664,4.000,597.950,676.725,-6.253,-11.534,0.320
647.3668,4.000,628.612,679.093,2.923,-2.380,0.320
647.4747,3.000,635.732,702.664,-9.527,-12.047,0.320
647.5714,2.000,650.390,719.707,-14.310,-14.041,0.320
647.6704,1.000,666.517,736.142,-17.516,-14.453,0.320
647.7690,-0.000,682.872,753.078,-20.401,-14.538,0.320
647.8673,-1.000,698.371,769.812,-23.224,-14.555,0.320
647.9650,-2.000,713.096,786.419,-26.039,-14.559,0.320
648.0738,-3.000,727.156,802.926,-28.857,-14.560,0.320
648.1735,-4.000,740.646,819.353,-31.679,-14.560,0.320
648.2709,-6.000,737.370,848.153,-48.868,-26.116,0.320
648.3726,-8.000,742.714,867.599,-56.898,-28.500,0.320
648.4702,-9.000,765.762,872.557,-48.685,-17.437,0.320
648.5676,-10.000,779.766,886.293,-49.258,-15.154,0.320
648.6647,-11.000,791.733,901.839,-51.648,-14.682,0.320
648.7725,-12.000,803.134,917.759,-54.418,-14.585,0.320
648.8710,-12.000,830.575,921.315,-42.910,-3.010,0.320
648.9689,-13.000,832.546,946.627,-54.949,-12.177,0.320
649.0643,-13.000,857.933,952.205,-45.358,-2.513,0.320
649.1721,-14.000,859.388,978.005,-57.798,-12.074,0.320
649.2693,-15.000,868.308,996.186,-62.655,-14.047,0.320
649.3657,-15.000,894.970,1000.335,-51.591,-2.899,0.320
649.4644,-16.000,896.551,1025.877,-63.735,-12.154,0.320
649.5735,-17.000,905.380,1044.038,-68.540,-14.063,0.320
649.6732,-17.000,916.007,1032.296,-57.474,-2.902,0.320
649.7698,-18.000,901.561,1041.955,-69.627,-12.154,0.320
649.8674,-18.000,910.657,1031.789,-60.082,-2.508,0.320
649.9664,-19.000,895.884,1041.813,-72.553,-12.073,0.320
650.0733,-19.000,904.902,1031.758,-63.078,-2.491,0.320
650.1714,-20.000,890.216,1041.723,-75.456,-12.070,0.320
650.2683,-20.000,899.333,1031.593,-65.877,-2.491,0.320
650.3646,-21.000,884.642,1041.583,-78.256,-12.069,0.320
650.4722,-22.000,877.479,1043.909,-83.032,-14.046,0.320
650.5698,-23.000,871.823,1044.615,-86.240,-14.454,0.320
650.6664,-23.000,882.714,1032.516,-74.769,-2.983,0.320
650.7728,-24.000,868.312,1042.051,-86.757,-12.171,0.320
650.8698,-24.000,877.420,1031.807,-77.098,-2.511,0.320
650.9692,-25.000,862.669,1041.751,-89.460,-12.074,0.320
651.0656,-25.000,871.721,1031.614,-79.878,-2.491,0.320
651.1654,-26.000,856.972,1041.601,-92.256,-12.070,0.320
651.2718,-26.000,866.035,1031.489,-82.677,-2.491,0.320
651.3680,-26.000,867.574,1029.059,-80.700,-0.514,0.320
651.4667,-26.000,867.610,1028.267,-80.292,-0.106,0.320
651.5651,-27.000,851.102,1040.291,-94.564,-11.577,0.320
651.6746,-29.000,827.338,1055.563,-114.087,-25.500,0.320
651.7733,-30.000,830.696,1047.148,-108.204,-16.817,0.320
651.8735,-31.000,827.122,1045.584,-109.212,-15.026,0.320
651.9732,-33.000,805.815,1057.843,-125.998,-26.212,0.320
652.0722,-35.000,793.223,1061.063,-133.906,-28.520,0.320
652.1695,-37.000,782.326,1062.315,-139.983,-28.996,0.320
652.2671,-39.000,771.691,1063.072,-145.681,-29.094,0.320
652.3653,-39.000,793.585,1038.781,-122.590,-6.004,0.320
652.4728,-40.000,781.057,1045.432,-132.181,-12.794,0.320
652.5701,-39.000,803.490,1018.844,-107.671,8.915,0.320
652.6714,-39.000,796.149,1025.652,-114.747,1.840,0.320
652.7684,-36.000,834.290,980.579,-73.140,35.046,0.320
652.8697,-33.000,847.856,963.640,-57.888,41.898,0.320
652.9682,-19.000,1003.422,783.967,109.731,170.423,0.320
653.0652,-0.000,1131.156,636.703,247.230,254.722,0.320
653.1630,8.000,1048.725,728.813,159.958,145.006,0.320
653.2709,12.000,999.564,794.841,102.363,76.144,0.320
653.3682,14.000,977.250,835.812,70.721,38.823,0.320
653.4691,15.000,969.887,861.193,54.348,19.567,0.320
653.5689,16.000,976.041,869.515,53.264,15.593,0.320
653.6648,16.000,971.408,889.453,40.978,3.218,0.320
653.7633,16.000,975.448,898.421,38.514,0.664,0.320
653.8730,16.000,980.539,904.387,38.077,0.137,0.320
653.9711,16.000,985.220,909.105,38.058,0.028,0.320
654.0689,16.000,989.282,913.033,38.125,0.006,0.320
654.1659,16.000,992.762,916.343,38.210,0.001,0.320
654.2628,16.000,995.737,919.140,38.299,0.000,0.320
654.3713,17.000,1010.720,905.223,52.749,11.556,0.320
654.4696,17.000,1003.598,916.252,43.673,2.384,0.320
654.5682,18.000,1015.902,903.428,56.237,12.048,0.320
654.6667,19.000,1020.161,897.887,61.138,14.042,0.320
654.7641,20.000,1022.408,893.710,64.349,14.453,0.320
654.8710,20.000,1011.617,905.861,52.878,2.982,0.320
654.9707,21.000,1022.264,892.530,64.867,12.171,0.320
655.0699,21.000,1012.964,902.549,55.207,2.511,0.320
655.1678,21.000,1011.276,904.848,53.214,0.518,0.320
655.2652,21.000,1011.124,905.519,52.803,0.107,0.320
655.3727,22.000,1023.696,889.549,67.074,11.578,0.320
655.4701,22.000,1014.563,898.793,57.885,2.389,0.320
655.5673,21.000,997.278,914.012,41.633,-11.063,0.320
655.6651,22.000,1019.116,889.578,64.769,9.273,0.320
655.7630,21.000,996.718,910.610,43.054,-9.642,0.320
655.8706,21.000,1005.289,903.877,50.706,-1.990,0.320
655.9666,21.000,1007.650,903.079,52.285,-0.411,0.320
656.0654,21.000,1008.640,903.417,52.611,-0.085,0.320
656.1623,20.000,993.836,917.190,38.323,-11.573,0.320
656.2703,19.000,988.754,922.236,33.259,-13.944,0.320
656.3677,18.000,985.970,925.829,30.070,-14.433,0.320
656.4662,17.000,983.928,929.399,27.265,-14.534,0.320
656.5640,17.000,997.708,919.918,38.895,-2.999,0.320
656.6620,15.000,971.128,945.832,12.648,-23.730,0.320
656.7694,15.000,992.762,929.632,31.565,-4.897,0.320
656.8661,13.000,968.159,954.533,6.813,-24.122,0.320
656.9636,12.000,975.062,951.725,11.669,-16.533,0.320
657.0706,11.000,976.049,955.057,10.496,-14.967,0.320
657.1684,11.000,991.325,946.453,22.436,-3.088,0.320
657.2658,10.000,981.232,960.057,10.588,-12.193,0.320
657.3647,9.000,978.516,966.597,5.960,-14.072,0.320
657.4622,9.000,992.860,958.504,17.178,-2.904,0.320
657.5701,8.000,982.430,972.087,5.172,-12.155,0.320
657.6710,8.000,994.962,965.236,14.863,-2.508,0.320
657.7703,8.000,999.411,965.614,16.898,-0.518,0.320
657.8684,7.000,986.478,980.492,2.993,-11.662,0.320
657.9689,7.000,998.099,973.523,12.288,-2.407,0.320
658.0671,6.000,986.584,986.832,-0.124,-12.052,0.320
658.1649,6.000,998.445,979.496,9.475,-2.487,0.320
658.2652,5.000,986.935,992.693,-2.879,-12.069,0.320
658.3650,5.000,998.758,985.304,6.727,-2.490,0.320
658.4640,4.000,987.206,998.465,-5.629,-12.069,0.320
658.5611,3.000,983.549,1004.328,-10.389,-14.046,0.320
658.6712,3.000,997.152,995.602,0.775,-2.898,0.320
658.7710,2.000,986.100,1008.638,-11.269,-12.154,0.320
658.8680,1.000,982.660,1014.606,-15.973,-14.063,0.320
658.9657,-0.000,980.959,1019.294,-19.167,-14.458,0.320
659.0644,-0.000,995.204,1010.589,-7.693,-2.983,0.320
659.1636,-1.000,983.645,1023.017,-19.686,-12.171,0.320
659.2703,-2.000,978.887,1027.674,-24.393,-14.067,0.320
659.3694,-2.000,991.497,1017.977,-13.240,-2.903,0.320
659.4671,-3.000,978.746,1029.364,-25.309,-12.155,0.320
659.5663,-4.000,973.015,1033.096,-30.040,-14.064,0.320
659.6616,-4.000,984.805,1022.608,-18.901,-2.902,0.320
659.7675,-5.000,971.358,1033.321,-30.982,-12.154,0.320
659.8626,-5.000,981.314,1024.041,-21.363,-2.508,0.320
659.9622,-5.000,983.564,1022.365,-19.401,-0.518,0.320
660.0638,-5.000,984.191,1022.227,-19.018,-0.107,0.320
660.1617,-6.000,968.174,1034.819,-33.322,-11.578,0.320
660.2701,-6.000,977.373,1025.708,-24.167,-2.389,0.320
660.3691,-5.000,992.555,1008.442,-7.944,11.063,0.320
660.4669,-5.000,984.361,1017.864,-16.752,2.283,0.320
660.5639,-5.000,983.043,1020.226,-18.591,0.471,0.320
660.6613,-5.000,983.085,1021.071,-18.993,0.097,0.320
660.7604,-4.000,996.638,1006.113,-4.737,11.576,0.320
660.8692,-4.000,988.331,1016.225,-13.947,2.389,0.320
660.9685,-4.000,987.180,1018.910,-15.865,0.493,0.320
661.0674,-3.000,1000.700,1004.534,-1.917,11.657,0.320
661.1660,-3.000,992.568,1014.939,-11.186,2.405,0.320
661.2631,-3.000,991.608,1017.831,-13.112,0.496,0.320
661.3615,-3.000,992.018,1019.063,-13.522,0.102,0.320
661.4700,-3.000,992.618,1019.859,-13.620,0.021,0.320
661.5663,-3.000,993.177,1020.485,-13.654,0.004,0.320
661.6626,-3.000,993.661,1021.010,-13.674,0.001,0.320
661.7601,-3.000,994.072,1021.456,-13.692,0.000,0.320
661.8677,-3.000,994.420,1021.837,-13.709,0.000,0.320
661.9643,-3.000,994.712,1022.164,-13.726,0.000,0.320
662.0645,-3.000,994.959,1022.444,-13.742,0.000,0.320
662.1622,-3.000,995.166,1022.684,-13.759,0.000,0.320
662.2605,-2.000,1008.620,1007.450,0.585,11.556,0.320
662.3601,-3.000,983.900,1029.817,-22.958,-9.171,0.320
662.4688,-3.000,991.662,1023.055,-15.696,-1.892,0.320
662.5651,-4.000,977.291,1034.436,-28.572,-11.946,0.320
662.6646,-5.000,970.698,1037.648,-33.475,-14.021,0.320
662.7626,-5.000,981.860,1026.612,-22.376,-2.893,0.320
662.8594,-5.000,984.182,1024.397,-20.107,-0.597,0.320
662.9692,-5.000,984.673,1023.997,-19.662,-0.123,0.320
663.0680,-5.000,984.782,1023.965,-19.592,-0.025,0.320
663.1659,-5.000,984.807,1024.006,-19.600,-0.005,0.320
663.2631,-5.000,984.811,1024.058,-19.623,-0.001,0.320
663.3597,-6.000,968.526,1036.550,-34.012,-11.556,0.320
663.4686,-6.000,977.552,1027.300,-24.874,-2.385,0.320
663.5686,-6.000,979.316,1025.346,-23.015,-0.492,0.320
663.6658,-6.000,979.592,1024.909,-22.658,-0.102,0.320
663.7646,-5.000,992.851,1009.352,-8.250,11.535,0.320
663.8637,-5.000,984.193,1019.058,-17.433,2.380,0.320
663.9618,-4.000,996.002,1005.979,-4.989,12.047,0.320
664.0598,-4.000,987.379,1016.522,-14.572,2.486,0.320
664.1598,-3.000,999.481,1003.893,-2.206,12.069,0.320
664.2679,-3.000,991.162,1014.764,-11.801,2.490,0.320
664.3646,-2.000,1003.534,1002.400,0.567,12.069,0.320
664.4620,-2.000,995.448,1013.494,-9.023,2.491,0.320
664.5586,-1.000,1008.020,1001.319,3.350,12.069,0.320
664.6655,-1.000,996.012,991.919,2.046,3.448,0.180
664.7606,-1.000,982.539,983.375,-0.418,0.985,0.180
664.8686,-0.000,970.864,969.636,0.614,1.567,0.180
664.9657,-1.000,955.238,959.722,-2.242,-0.838,0.180
665.0626,-0.000,944.867,944.682,0.092,1.046,0.180
665.1603,-1.000,929.614,934.397,-2.392,-0.987,0.180
665.2683,-1.000,919.054,922.430,-1.688,-0.282,0.180
665.3652,-1.000,907.771,910.746,-1.487,-0.081,0.180
665.4618,-1.000,896.156,899.018,-1.431,-0.023,0.180
665.5590,-1.000,884.342,887.172,-1.415,-0.007,0.180
665.6699,-2.000,869.083,875.379,-3.148,-1.288,0.180
665.7677,-2.000,858.094,862.554,-2.230,-0.368,0.180
665.8665,-3.000,843.028,850.440,-3.706,-1.391,0.180
665.9642,-3.000,832.057,837.487,-2.715,-0.397,0.180
666.0613,-4.000,816.964,825.305,-4.170,-1.399,0.180
666.1602,-5.000,802.662,812.484,-4.911,-1.686,0.180
666.2596,-5.000,791.924,799.347,-3.712,-0.482,0.180
666.3689,-7.000,773.614,787.305,-6.845,-2.709,0.180
666.4670,-7.000,763.733,773.566,-4.917,-0.774,0.180
666.5652,-10.000,742.441,761.601,-9.580,-4.078,0.180
666.6655,-10.000,733.801,747.153,-6.676,-1.165,0.180
666.7622,-11.000,719.606,734.784,-7.589,-1.619,0.180
666.8597,-11.000,709.052,721.938,-6.443,-0.462,0.180
666.9575,-10.000,697.815,706.587,-4.386,1.154,0.180
667.0655,-10.000,685.271,695.709,-5.219,0.330,0.180
667.1647,-7.000,674.053,674.560,-0.253,3.951,0.180
667.2627,-8.000,656.762,666.400,-4.819,-0.157,0.180
667.3610,-4.000,646.826,642.361,2.232,5.098,0.180
667.4605,-3.000,633.129,632.481,0.324,2.742,0.180
667.5591,-1.000,621.331,617.659,1.836,3.355,0.180
667.6576,1.000,609.183,603.360,2.912,3.530,0.180
667.7641,3.000,596.866,589.137,3.864,3.580,0.180
667.8612,4.000,584.299,578.206,3.047,2.309,0.180
667.9579,7.000,572.786,559.564,6.611,4.517,0.180
668.0666,9.000,559.695,545.966,6.864,3.862,0.180
668.1631,11.000,559.777,544.602,7.587,3.675,0.180
668.2595,12.000,559.794,546.376,6.709,2.336,0.180
668.3661,14.000,560.226,544.226,8.000,3.239,0.180
668.4650,15.000,560.896,544.975,7.960,2.211,0.180
668.5629,16.000,561.479,545.479,8.000,1.917,0.180
668.6594,17.000,561.881,545.881,8.000,1.834,0.180
668.7677,18.000,562.163,546.163,8.000,1.810,0.180
668.8647,19.000,562.342,546.342,8.000,1.803,0.180
668.9622,20.000,562.434,546.434,8.000,1.801,0.180
669.0580,20.000,564.013,548.013,8.000,0.515,0.180
669.1659,21.000,563.795,547.795,8.000,1.433,0.180
669.2657,22.000,563.549,547.549,8.000,1.695,0.180
669.3652,23.000,563.281,547.281,8.000,1.770,0.180
669.4627,24.000,562.992,546.992,8.000,1.791,0.180
669.5594,24.000,564.247,548.247,8.000,0.512,0.180
669.6663,25.000,563.754,547.754,8.000,1.432,0.180
669.7638,26.000,563.275,547.275,8.000,1.695,0.180
669.8608,27.000,562.807,546.807,8.000,1.770,0.180
669.9685,27.000,563.910,547.910,8.000,0.506,0.180
670.0658,27.000,564.847,548.847,8.000,0.144,0.180
670.1645,28.000,564.084,548.084,8.000,1.327,0.180
670.2623,28.000,564.935,548.935,8.000,0.379,0.180
670.3610,29.000,564.098,548.098,8.000,1.394,0.180
670.4600,29.000,564.887,548.887,8.000,0.398,0.180
670.5589,29.000,565.558,549.558,8.000,0.114,0.180
670.6689,30.000,564.568,548.568,8.000,1.318,0.180
670.7564,30.000,565.227,549.227,8.000,0.377,0.180
670.8654,31.000,564.226,548.226,8.000,1.393,0.180
670.9642,31.000,564.876,548.876,8.000,0.398,0.180
671.0653,31.000,565.428,549.428,8.000,0.114,0.180
671.1611,32.000,564.338,548.338,8.000,1.318,0.180
671.2589,32.000,564.911,548.911,8.000,0.377,0.180
671.3661,33.000,563.838,547.838,8.000,1.393,0.180
671.4634,33.000,564.426,548.426,8.000,0.398,0.180
671.5616,34.000,563.366,547.366,8.000,1.399,0.180
671.6588,34.000,563.965,547.965,8.000,0.400,0.180
671.7567,35.000,562.914,546.914,8.000,1.400,0.180
671.8635,35.000,563.520,547.520,8.000,0.400,0.180
671.9615,35.000,564.036,548.036,8.000,0.114,0.180
672.0603,35.000,564.474,548.474,8.000,0.033,0.180
672.1594,36.000,563.287,547.287,8.000,1.295,0.180
672.2584,36.000,563.778,547.778,8.000,0.370,0.180
672.3642,36.000,564.195,548.195,8.000,0.106,0.180
672.4611,37.000,562.989,546.989,8.000,1.316,0.180
672.5595,37.000,563.465,547.465,8.000,0.376,0.180
672.6643,37.000,563.869,547.869,8.000,0.107,0.180
672.7610,37.000,564.212,548.212,8.000,0.031,0.180
672.8584,37.000,564.504,548.504,8.000,0.009,0.180
672.9556,38.000,563.192,547.192,8.000,1.288,0.180
673.0634,38.000,563.577,547.577,8.000,0.368,0.180
673.1619,38.000,563.904,547.904,8.000,0.105,0.180
673.2612,38.000,564.182,548.182,8.000,0.030,0.180
673.3587,38.000,564.419,548.419,8.000,0.009,0.180
673.4560,38.000,564.620,548.620,8.000,0.002,0.180
673.5643,37.000,563.350,547.350,8.000,-1.285,0.180
673.6607,37.000,563.772,547.772,8.000,-0.367,0.180
673.7587,37.000,564.130,548.130,8.000,-0.105,0.180
673.8557,37.000,564.434,548.434,8.000,-0.030,0.180
673.9613,37.000,564.693,548.693,8.000,-0.009,0.180
674.0591,36.000,563.472,547.472,8.000,-1.288,0.180
674.1579,36.000,563.935,547.935,8.000,-0.368,0.180
674.2566,36.000,564.329,548.329,8.000,-0.105,0.180
674.3551,36.000,564.663,548.663,8.000,-0.030,0.180
674.4630,36.000,564.947,548.947,8.000,-0.009,0.180
674.5603,36.000,565.189,549.189,8.000,-0.002,0.180
674.6573,35.000,563.954,547.954,8.000,-1.286,0.180
674.7558,35.000,564.405,548.405,8.000,-0.368,0.180
674.8644,35.000,564.788,548.788,8.000,-0.105,0.180
674.9639,35.000,565.114,549.114,8.000,-0.030,0.180
675.0615,35.000,565.390,549.390,8.000,-0.009,0.180
675.1595,35.000,565.625,549.625,8.000,-0.002,0.180
675.2564,35.000,565.825,549.825,8.000,-0.001,0.180
675.3550,34.000,564.555,548.555,8.000,-1.286,0.180
675.4638,34.000,564.976,548.976,8.000,-0.367,0.180
675.5607,33.000,563.893,547.893,8.000,-1.391,0.180
675.6570,33.000,564.473,548.473,8.000,-0.397,0.180
675.7638,33.000,564.966,548.966,8.000,-0.114,0.180
675.8618,32.000,563.945,547.945,8.000,-1.318,0.180
675.9617,32.000,564.577,548.577,8.000,-0.377,0.180
676.0583,32.000,565.114,549.114,8.000,-0.108,0.180
676.1556,32.000,565.571,549.571,8.000,-0.031,0.180
676.2625,31.000,564.519,548.519,8.000,-1.294,0.180
676.3609,31.000,565.125,549.125,8.000,-0.370,0.180
676.4584,31.000,565.640,549.640,8.000,-0.106,0.180
676.5557,31.000,566.077,550.077,8.000,-0.030,0.180
676.6635,30.000,565.010,549.010,8.000,-1.294,0.180
676.7613,30.000,565.602,549.602,8.000,-0.370,0.180
676.8601,29.000,564.665,548.665,8.000,-1.391,0.180
676.9614,28.000,563.929,547.929,8.000,-1.683,0.180
677.0600,27.000,563.364,547.364,8.000,-1.767,0.180
677.1573,26.000,562.943,546.943,8.000,-1.790,0.180
677.2659,24.000,559.984,546.426,6.779,-3.083,0.180
677.3645,23.000,560.534,546.042,7.246,-2.167,0.180
677.4610,21.000,557.300,546.657,5.322,-3.190,0.180
677.5576,21.000,561.466,546.265,7.601,-0.912,0.180
677.6558,20.000,560.546,547.513,6.516,-1.546,0.180
677.7539,20.000,563.289,548.048,7.620,-0.442,0.180
677.8546,19.000,561.840,549.405,6.217,-1.412,0.180
677.9634,19.000,564.326,549.840,7.243,-0.403,0.180
678.0644,18.000,562.696,551.072,5.812,-1.401,0.180
678.1629,18.000,565.044,551.387,6.829,-0.400,0.180
678.2616,17.000,563.301,552.513,5.394,-1.400,0.180
678.3601,17.000,565.554,552.735,6.409,-0.400,0.180
678.4593,16.000,563.730,553.783,4.974,-1.400,0.180
678.5564,15.000,562.738,554.235,4.252,-1.686,0.180
678.6552,15.000,565.227,554.288,5.469,-0.482,0.180
678.7625,14.000,563.488,555.307,4.090,-1.423,0.180
678.8582,14.000,565.711,555.472,5.119,-0.407,0.180
678.9571,14.000,567.029,556.184,5.422,-0.116,0.180
679.0552,13.000,564.811,557.248,3.781,-1.319,0.180
679.1540,13.000,566.774,557.304,4.735,-0.377,0.180
679.2648,13.000,567.913,557.881,5.016,-0.108,0.180
679.3614,13.000,568.731,558.521,5.105,-0.031,0.180
679.4618,12.000,566.207,559.404,3.402,-1.295,0.180
679.5605,12.000,567.946,559.272,4.337,-0.370,0.180
679.6588,12.000,568.903,559.679,4.612,-0.106,0.180
679.7569,11.000,566.393,560.469,2.962,-1.316,0.180
679.8543,12.000,568.288,556.992,5.648,0.910,0.180
679.9545,11.000,565.301,558.755,3.273,-1.026,0.180
680.0652,11.000,567.023,558.992,4.015,-0.293,0.180
680.1615,11.000,568.075,559.606,4.234,-0.084,0.180
680.2586,11.000,568.852,560.244,4.304,-0.024,0.180
680.3582,11.000,569.481,560.818,4.331,-0.007,0.180
680.4572,10.000,566.830,561.611,2.609,-1.288,0.180
680.5561,9.000,565.293,561.690,1.801,-1.654,0.180
680.6536,9.000,567.362,561.381,2.991,-0.472,0.180
680.7529,9.000,568.456,561.783,3.336,-0.135,0.180
680.8621,9.000,569.196,562.314,3.441,-0.039,0.180
680.9617,9.000,569.772,562.819,3.476,-0.011,0.180
681.0610,9.000,570.248,563.263,3.492,-0.003,0.180
702.1951,10.000,359.374,-329.692,344.533,316.522,0.320
702.2489,10.000,122.150,-64.612,93.381,65.314,0.320
702.3496,9.000,69.161,14.682,27.240,1.922,0.320
702.4483,9.000,80.695,29.166,25.765,0.397,0.320
702.5456,10.000,106.646,26.923,39.861,11.637,0.320
702.6544,10.000,111.100,49.737,30.681,2.401,0.320
702.7538,9.000,107.786,78.845,14.470,-11.060,0.320
702.8528,10.000,143.905,68.585,37.660,9.273,0.320
702.9501,9.000,136.037,104.047,15.995,-9.642,0.320
703.0471,10.000,171.796,95.679,38.059,9.566,0.320
703.1538,10.000,179.788,118.743,30.523,1.974,0.320
703.2538,10.000,193.864,135.840,29.012,0.407,0.320
703.3530,10.000,209.232,151.743,28.745,0.084,0.320
703.4489,10.000,224.899,167.431,28.734,0.017,0.320
703.5478,10.000,240.655,183.102,28.776,0.004,0.320
703.6464,10.000,256.452,198.792,28.830,0.001,0.320
703.7456,10.000,272.276,214.506,28.885,0.000,0.320
703.8541,10.000,288.124,230.242,28.941,0.000,0.320
703.9519,10.000,303.990,245.996,28.997,0.000,0.320
704.0540,10.000,319.871,261.766,29.053,0.000,0.320
704.1515,10.000,335.767,277.549,29.109,0.000,0.320
704.2491,10.000,351.673,293.344,29.165,0.000,0.320
704.3466,10.000,367.590,309.148,29.221,0.000,0.320
704.4466,10.000,383.514,324.961,29.277,0.000,0.320
704.5487,10.000,399.446,340.780,29.333,0.000,0.320
704.6463,10.000,415.384,356.606,29.389,0.000,0.320
704.7452,10.000,431.326,372.437,29.445,0.000,0.320
704.8455,10.000,447.274,388.272,29.501,0.000,0.320
704.9532,9.000,447.783,417.392,15.196,-11.556,0.320
705.0531,9.000,473.484,424.650,24.417,-2.384,0.320
705.1510,9.000,491.822,439.103,26.360,-0.492,0.320
705.2479,9.000,508.587,454.985,26.801,-0.102,0.320
705.3491,9.000,524.980,471.116,26.932,-0.021,0.320
705.4488,9.000,541.257,487.259,26.999,-0.004,0.320
705.5478,9.000,557.477,503.371,27.053,-0.001,0.320
705.6461,9.000,573.656,519.448,27.104,-0.000,0.320
705.7452,9.000,589.803,535.494,27.154,-0.000,0.320
705.8540,9.000,605.923,551.513,27.205,-0.000,0.320
705.9508,8.000,606.578,580.790,12.894,-11.556,0.320
706.0483,8.000,632.403,588.183,22.110,-2.384,0.320
706.1474,8.000,650.845,602.750,24.047,-0.492,0.320
706.2464,7.000,652.255,632.012,10.121,-11.657,0.320
706.3541,7.000,678.469,639.645,19.412,-2.405,0.320
706.4518,7.000,697.189,654.468,21.360,-0.496,0.320
706.5489,6.000,698.825,683.960,7.432,-11.658,0.320
706.6481,6.000,725.227,691.790,16.718,-2.406,0.320
706.7447,5.000,728.665,720.065,4.300,-12.052,0.320
706.8533,5.000,755.623,727.837,13.893,-2.487,0.320
706.9516,5.000,774.772,742.983,15.895,-0.513,0.320
707.0475,4.000,776.729,772.792,1.969,-11.661,0.320
707.1454,4.000,803.395,780.902,11.246,-2.406,0.320
707.2457,3.000,807.053,809.418,-1.182,-12.052,0.320
707.3451,2.000,818.755,830.678,-5.962,-14.042,0.320
707.4449,1.000,832.366,850.700,-9.167,-14.453,0.320
707.5523,1.000,862.023,857.404,2.310,-2.982,0.320
707.6521,-1.000,850.515,898.595,-24.040,-23.727,0.320
707.7493,-1.000,887.343,897.773,-5.215,-4.896,0.320
707.8481,-2.000,892.631,924.023,-15.696,-12.566,0.320
707.9455,-3.000,903.603,943.794,-20.096,-14.149,0.320
708.0445,-4.000,915.487,961.976,-23.245,-14.475,0.320
708.1434,-5.000,927.337,979.617,-26.140,-14.542,0.320
708.2510,-6.000,938.990,996.965,-28.988,-14.556,0.320
708.3477,-7.000,950.441,1014.100,-31.830,-14.559,0.320
708.4460,-7.000,977.993,1018.621,-20.314,-3.004,0.320
708.5425,-8.000,964.160,1028.820,-32.330,-12.175,0.320
708.6528,-8.000,973.734,1019.157,-22.712,-2.512,0.320
708.7512,-9.000,959.364,1029.611,-35.124,-12.074,0.320
708.8503,-9.000,968.732,1019.915,-25.591,-2.491,0.320
708.9495,-9.000,970.519,1017.848,-23.665,-0.514,0.320
709.0462,-9.000,970.758,1017.372,-23.307,-0.106,0.320
709.1438,-10.000,954.410,1029.678,-37.634,-11.577,0.320
709.2443,-10.000,963.325,1020.328,-28.502,-2.389,0.320
709.3521,-10.000,964.979,1018.303,-26.662,-0.493,0.320
709.4511,-11.000,948.876,1030.252,-40.688,-11.657,0.320
709.5423,-11.000,957.801,1020.796,-31.497,-2.405,0.320
709.6505,-11.000,959.422,1018.722,-29.650,-0.496,0.320
709.7482,-12.000,943.282,1030.639,-43.679,-11.658,0.320
709.8472,-12.000,952.172,1021.159,-34.494,-2.406,0.320
709.9460,-12.000,953.763,1019.066,-32.652,-0.496,0.320
710.0424,-13.000,937.595,1030.967,-46.686,-11.658,0.320
710.1515,-13.000,946.461,1021.474,-37.506,-2.406,0.320
710.2496,-13.000,948.031,1019.371,-35.670,-0.496,0.320
710.3475,-13.000,948.126,1018.824,-35.349,-0.102,0.320
710.4459,-12.000,961.224,1003.182,-20.979,11.534,0.320
710.5429,-12.000,952.421,1012.822,-30.201,2.380,0.320
710.6423,-12.000,950.820,1015.134,-32.157,0.491,0.320
710.7420,-12.000,950.665,1015.893,-32.614,0.101,0.320
710.8415,-12.000,950.775,1016.298,-32.761,0.021,0.320
710.9502,-11.000,964.191,1001.159,-18.484,11.560,0.320
711.0494,-11.000,955.722,1011.163,-27.720,2.385,0.320
711.1481,-11.000,954.420,1013.770,-29.675,0.492,0.320
711.2458,-10.000,967.803,999.336,-15.766,11.657,0.320
711.3428,-10.000,959.549,1009.697,-25.074,2.405,0.320
711.4507,-10.000,958.480,1012.557,-27.039,0.496,0.320
711.5478,-10.000,958.791,1013.768,-27.489,0.102,0.320
711.6468,-10.000,959.300,1014.553,-27.626,0.021,0.320
711.7457,-10.000,959.778,1015.175,-27.699,0.004,0.320
711.8442,-10.000,960.185,1015.702,-27.758,0.001,0.320
711.9417,-9.000,973.807,1000.715,-13.454,11.556,0.320
712.0504,-9.000,965.505,1010.856,-22.675,2.385,0.320
