time_s,error_mm,left_rpm,right_rpm,pid_output,d_term,target_speed_ms
0.0003,-4.000,-122.972,152.654,-137.813,-126.609,0.320
0.0978,-4.000,-8.115,66.590,-37.352,-26.126,0.320
0.2042,-4.000,27.222,60.503,-16.640,-5.391,0.320
0.3021,-4.000,46.296,71.065,-12.384,-1.112,0.320
0.3990,-4.000,62.140,85.187,-11.524,-0.230,0.320
0.4961,-4.000,77.422,100.150,-11.364,-0.047,0.320
0.5931,-4.000,92.679,115.376,-11.349,-0.010,0.320
0.7035,-4.000,108.007,130.733,-11.363,-0.002,0.320
0.8012,-4.000,123.415,146.183,-11.384,-0.000,0.320
0.8987,-4.000,138.894,161.707,-11.406,-0.000,0.320
0.9960,-4.000,154.436,177.293,-11.428,-0.000,0.320
1.0948,-4.000,170.030,192.931,-11.451,-0.000,0.320
1.1928,-4.000,185.669,208.615,-11.473,-0.000,0.320
1.3008,-4.000,201.346,224.337,-11.496,-0.000,0.320
1.3974,-4.000,217.055,240.091,-11.518,-0.000,0.320
1.4941,-4.000,232.792,255.873,-11.540,-0.000,0.320
1.5950,-4.000,248.553,271.678,-11.563,-0.000,0.320
1.7038,-4.000,264.333,287.503,-11.585,-0.000,0.320
1.8015,-4.000,280.130,303.346,-11.608,-0.000,0.320
1.8986,-3.000,309.223,303.761,2.731,11.556,0.320
1.9972,-3.000,316.463,329.377,-6.457,2.384,0.320
2.0948,-3.000,330.905,347.638,-8.366,0.492,0.320
2.1924,-3.000,346.784,364.331,-8.773,0.102,0.320
2.3014,-3.000,362.917,380.659,-8.871,0.021,0.320
2.3974,-3.000,379.067,396.875,-8.904,0.004,0.320
2.4949,-3.000,395.190,413.038,-8.924,0.001,0.320
2.5913,-3.000,411.281,429.165,-8.942,0.000,0.320
2.7001,-3.000,427.344,445.262,-8.959,0.000,0.320
2.7993,-3.000,443.382,461.334,-8.976,0.000,0.320
2.8953,-4.000,443.119,489.826,-23.354,-11.556,0.320
2.9952,-4.000,468.152,496.562,-14.205,-2.384,0.320
3.0910,-4.000,485.911,510.581,-12.335,-0.492,0.320
3.1988,-4.000,502.172,526.106,-11.967,-0.102,0.320
3.2946,-4.000,518.127,541.944,-11.909,-0.021,0.320
3.3926,-4.000,534.020,557.849,-11.914,-0.004,0.320
3.4907,-5.000,533.622,586.211,-26.295,-11.556,0.320
3.6000,-5.000,558.537,592.839,-17.151,-2.385,0.320
3.6969,-5.000,576.195,606.768,-15.286,-0.492,0.320
3.7933,-5.000,592.370,622.217,-14.924,-0.102,0.320
3.8933,-5.000,608.249,637.991,-14.871,-0.021,0.320
4.0027,-5.000,624.079,653.843,-14.882,-0.004,0.320
4.0999,-5.000,639.906,669.720,-14.907,-0.001,0.320
4.1980,-5.000,655.740,685.608,-14.934,-0.000,0.320
4.2935,-5.000,671.581,701.506,-14.962,-0.000,0.320
4.3917,-5.000,687.430,717.410,-14.990,-0.000,0.320
4.4984,-5.000,703.284,733.320,-15.018,-0.000,0.320
4.5945,-4.000,732.424,733.794,-0.685,11.556,0.320
4.6906,-4.000,739.704,759.461,-9.878,2.384,0.320
4.7996,-4.000,754.179,777.766,-11.793,0.492,0.320
4.8973,-4.000,770.085,794.497,-12.206,0.102,0.320
4.9960,-4.000,786.240,810.858,-12.309,0.021,0.320
5.0945,-3.000,815.689,811.663,2.013,11.560,0.320
5.1933,-3.000,823.243,837.599,-7.178,2.385,0.320
5.2908,-3.000,837.953,856.130,-9.088,0.492,0.320
5.3877,-3.000,854.061,873.052,-9.496,0.102,0.320
5.4961,-3.000,870.388,889.575,-9.593,0.021,0.320
5.5927,-3.000,886.704,905.957,-9.627,0.004,0.320
5.6924,-3.000,902.967,922.260,-9.647,0.001,0.320
5.7890,-4.000,902.897,950.947,-24.025,-11.555,0.320
5.8968,-4.000,928.095,957.848,-14.877,-2.384,0.320
5.9933,-4.000,945.994,972.008,-13.007,-0.492,0.320
6.0910,-5.000,946.093,1000.093,-27.000,-11.657,0.320
6.1882,-6.000,954.901,1019.176,-32.137,-13.961,0.320
6.2959,-6.000,981.689,1023.871,-21.091,-2.881,0.320
6.3924,-6.000,983.794,1021.470,-18.838,-0.594,0.320
6.4894,-6.000,984.106,1020.906,-18.400,-0.123,0.320
6.5873,-7.000,967.782,1033.176,-32.697,-11.581,0.320
6.6866,-6.000,989.992,1008.360,-9.184,9.166,0.320
6.7943,-7.000,966.795,1028.502,-30.853,-9.664,0.320
6.8902,-6.000,987.909,1005.632,-8.862,9.561,0.320
6.9886,-6.000,981.040,1014.007,-16.484,1.973,0.320
7.0857,-6.000,980.081,1016.247,-18.083,0.407,0.320
7.1931,-6.000,980.268,1017.148,-18.440,0.084,0.320
7.2880,-6.000,980.631,1017.711,-18.540,0.017,0.320
7.3859,-6.000,980.977,1018.151,-18.587,0.004,0.320
7.4927,-6.000,981.275,1018.522,-18.624,0.001,0.320
7.5898,-6.000,981.525,1018.840,-18.658,0.000,0.320
7.6864,-6.000,981.732,1019.116,-18.692,0.000,0.320
7.7942,-6.000,981.904,1019.354,-18.725,0.000,0.320
7.8918,-7.000,965.764,1032.004,-33.120,-11.556,0.320
7.9900,-7.000,974.912,1022.888,-23.988,-2.384,0.320
8.0869,-7.000,976.779,1021.049,-22.135,-0.492,0.320
8.1933,-7.000,977.142,1020.709,-21.784,-0.102,0.320
8.2921,-8.000,960.912,1033.119,-36.103,-11.577,0.320
8.3901,-7.000,983.213,1008.412,-12.599,9.167,0.320
8.4869,-7.000,976.376,1016.203,-19.914,1.892,0.320
8.5935,-7.000,975.241,1018.149,-21.454,0.390,0.320
8.6902,-6.000,988.517,1003.401,-7.442,11.636,0.320
8.7885,-6.000,980.124,1013.545,-16.711,2.401,0.320
8.8845,-6.000,978.928,1016.228,-18.650,0.495,0.320
8.9844,-6.000,979.134,1017.287,-19.077,0.102,0.320
9.0921,-5.000,992.837,1002.498,-4.830,11.577,0.320
9.1901,-4.000,997.941,997.311,0.315,13.944,0.320
9.2879,-4.000,988.317,1009.866,-10.774,2.877,0.320
9.3851,-3.000,1000.537,997.976,1.281,12.149,0.320
9.4932,-3.000,992.519,1009.275,-8.378,2.507,0.320
9.5912,-3.000,991.906,1012.676,-10.385,0.517,0.320
9.6903,-2.000,1005.945,998.847,3.549,11.662,0.320
9.7874,-1.000,1011.549,994.263,8.643,13.962,0.320
9.8844,-1.000,1002.395,1007.282,-2.443,2.881,0.320
9.9912,-0.000,1015.027,995.776,9.626,12.150,0.320
10.0877,-0.000,1007.363,1007.398,-0.017,2.507,0.320
10.1862,-0.000,1007.055,1011.069,-2.007,0.517,0.320
10.2850,-1.000,991.793,1025.351,-16.779,-11.449,0.320
10.3843,-0.000,1015.238,1001.912,6.663,9.193,0.320
10.4922,-0.000,1009.444,1010.711,-0.633,1.897,0.320
10.5901,-1.000,992.935,1025.935,-16.500,-11.164,0.320
10.6905,-1.000,1002.743,1018.033,-7.645,-2.304,0.320
10.7865,-1.000,1005.377,1017.021,-5.822,-0.475,0.320
10.8830,-1.000,1006.437,1017.339,-5.451,-0.098,0.320
10.9821,-1.000,1007.095,1017.852,-5.378,-0.020,0.320
11.0906,-1.000,1007.604,1018.339,-5.368,-0.004,0.320
11.1895,-1.000,1008.025,1018.765,-5.370,-0.001,0.320
11.2860,-1.000,1008.379,1019.129,-5.375,-0.000,0.320
11.3835,-1.000,1008.680,1019.441,-5.381,-0.000,0.320
11.4825,-0.000,1022.215,1004.265,8.975,11.556,0.320
11.5910,1.000,1026.288,997.958,14.165,13.940,0.320
11.6890,1.000,1015.781,1009.566,3.107,2.877,0.320
11.7876,-0.000,998.530,1025.592,-13.531,-10.962,0.320
11.8858,-0.000,1008.210,1017.872,-4.831,-2.262,0.320
11.9846,1.000,1023.279,1000.628,11.325,11.089,0.320
12.0817,-0.000,999.618,1023.281,-11.831,-9.267,0.320
12.1834,-0.000,1008.045,1016.997,-4.476,-1.912,0.320
12.2814,1.000,1022.915,1000.109,11.403,11.161,0.320
12.3897,1.000,1014.704,1009.603,2.551,2.303,0.320
12.4868,1.000,1013.428,1011.971,0.728,0.475,0.320
12.5832,1.000,978.106,1016.630,0.340,0.100,0.180
12.6902,1.000,946.262,1017.636,0.267,0.021,0.180
12.7906,1.000,917.170,1015.740,0.255,0.004,0.180
12.8891,2.000,897.751,1000.446,9.430,6.569,0.180
12.9862,2.000,867.693,999.222,4.254,1.383,0.180
13.0842,2.000,843.386,992.166,3.173,0.291,0.180
13.1813,2.000,821.348,982.769,2.954,0.061,0.180
13.2877,2.000,800.689,971.935,2.916,0.013,0.180
13.3876,2.000,781.085,959.995,2.916,0.003,0.180
13.4832,3.000,769.727,936.166,12.098,6.569,0.180
13.5799,3.000,746.521,927.688,6.927,1.383,0.180
13.6876,3.000,728.039,914.464,5.851,0.291,0.180
13.7855,4.000,718.327,888.852,14.810,6.630,0.180
13.8838,4.000,696.667,878.711,9.597,1.396,0.180
13.9816,5.000,686.904,853.069,17.690,6.862,0.180
14.0900,5.000,665.758,842.346,12.298,1.445,0.180
14.1886,5.000,649.177,827.064,11.184,0.304,0.180
14.2879,6.000,641.113,799.669,20.143,6.632,0.180
14.3873,7.000,628.236,777.032,24.112,7.965,0.180
14.4852,7.000,607.090,766.216,17.860,1.677,0.180
14.5817,8.000,598.439,739.325,25.746,6.921,0.180
14.6908,9.000,585.757,716.421,29.497,8.026,0.180
14.7887,9.000,564.924,705.232,23.208,1.690,0.180
14.8850,10.000,556.572,677.990,31.095,6.924,0.180
14.9825,10.000,536.779,665.754,25.680,1.458,0.180
15.0844,12.000,536.129,627.204,42.929,13.444,0.180
15.1942,12.000,511.289,619.951,32.378,2.830,0.180
15.2915,12.000,494.894,604.290,30.206,0.596,0.180
15.3900,13.000,503.299,592.095,38.971,6.694,0.180
15.4866,14.000,506.649,584.924,42.928,7.978,0.180
15.5854,14.000,501.408,589.917,36.703,1.680,0.180
15.6935,15.000,508.365,579.148,44.623,6.922,0.180
15.7909,15.000,503.659,583.614,39.236,1.457,0.180
15.8888,15.000,503.166,583.904,38.164,0.307,0.180
15.9859,15.000,503.494,583.403,38.000,0.065,0.180
16.0930,15.000,503.939,582.811,38.027,0.014,0.180
16.1906,15.000,504.362,582.263,38.094,0.003,0.180
16.2894,15.000,504.740,581.779,38.170,0.001,0.180
16.3869,14.000,494.701,589.328,29.074,-6.568,0.180
16.4945,13.000,490.284,592.228,25.158,-7.951,0.180
16.5919,12.000,487.328,594.494,22.329,-8.242,0.180
16.6892,11.000,484.917,596.920,19.725,-8.304,0.180
16.7869,8.000,462.072,615.576,-1.183,-21.453,0.180
16.8973,7.000,471.531,609.157,6.622,-11.085,0.180
16.9952,6.000,472.851,611.021,6.236,-8.902,0.180
17.0933,4.000,462.114,622.666,-5.052,-15.011,0.180
17.1932,3.000,467.079,622.071,-2.354,-9.729,0.180
17.2902,-0.000,447.082,641.583,-22.179,-21.753,0.180
17.3986,-0.000,468.609,628.644,-5.005,-4.580,0.180
17.4955,-3.000,443.004,650.749,-28.910,-20.669,0.180
17.5918,-5.000,440.414,652.163,-30.955,-17.488,0.180
17.6891,-6.000,445.758,648.220,-26.348,-10.250,0.180
17.7979,-9.000,423.025,664.344,-45.808,-21.863,0.180
17.8943,-9.000,441.956,648.795,-28.595,-4.603,0.180
17.9918,-11.000,425.055,661.370,-43.355,-14.106,0.180
18.1004,-11.000,437.315,651.434,-32.276,-2.970,0.180
18.1900,-14.000,407.685,672.239,-57.509,-20.330,0.180
18.2990,-15.000,413.453,664.371,-50.705,-10.849,0.180
18.3971,-16.000,411.584,663.853,-51.392,-8.852,0.180
18.4934,-17.000,408.012,664.797,-53.661,-8.432,0.180
18.6004,-18.000,403.998,665.977,-56.266,-8.344,0.180
18.6969,-19.000,399.821,667.145,-58.946,-8.325,0.180
18.7968,-20.000,395.652,668.157,-61.542,-8.321,0.180
18.8943,-22.000,380.448,676.477,-73.310,-14.889,0.180
18.9918,-22.000,392.281,664.793,-61.555,-3.134,0.180
19.1006,-23.000,383.854,669.746,-68.249,-7.228,0.180
19.2006,-25.000,367.651,678.797,-80.880,-14.659,0.180
19.3006,-25.000,379.186,667.182,-69.307,-3.086,0.180
19.3987,-26.000,370.622,672.078,-76.039,-7.218,0.180
19.4959,-26.000,376.264,666.319,-70.341,-1.520,0.180
19.5940,-27.000,366.447,672.436,-78.309,-6.888,0.180
19.6932,-27.000,371.814,666.924,-72.871,-1.450,0.180
19.7946,-28.000,361.930,673.084,-80.895,-6.874,0.180
19.9023,-28.000,367.276,667.574,-75.468,-1.447,0.180
19.9985,-29.000,357.380,673.729,-83.494,-6.873,0.180
20.0965,-29.000,362.718,668.213,-78.068,-1.447,0.180
20.1948,-29.000,363.785,666.994,-76.926,-0.305,0.180
20.3029,-29.000,363.961,666.688,-76.685,-0.064,0.180
20.4002,-29.000,363.957,666.582,-76.634,-0.014,0.180
20.4968,-30.000,352.953,673.893,-85.792,-6.571,0.180
20.6046,-29.000,366.040,658.267,-71.436,5.185,0.180
20.7039,-30.000,351.399,670.149,-84.698,-5.477,0.180
20.8012,-29.000,364.019,655.784,-71.206,5.415,0.180
20.8993,-30.000,349.534,668.186,-84.649,-5.428,0.180
20.9965,-29.000,362.403,654.147,-71.195,5.426,0.180
21.1058,-29.000,359.122,659.433,-75.479,1.142,0.180
21.2055,-29.000,359.073,661.186,-76.380,0.240,0.180
21.3040,-29.000,359.607,662.100,-76.570,0.051,0.180
21.4005,-29.000,360.183,662.756,-76.610,0.011,0.180
21.4980,-29.000,360.698,663.288,-76.619,0.002,0.180
21.6052,-28.000,369.110,653.366,-67.452,6.569,0.180
21.7033,-28.000,364.782,659.410,-72.638,1.383,0.180
21.8035,-27.000,372.388,650.862,-64.561,6.860,0.180
21.8998,-27.000,368.072,657.378,-69.977,1.444,0.180
21.9970,-26.000,375.836,649.084,-61.949,6.872,0.180
22.1060,-26.000,371.685,655.785,-67.374,1.447,0.180
22.2041,-25.000,379.595,647.642,-59.348,6.873,0.180
22.2996,-25.000,375.570,654.469,-64.774,1.447,0.180
22.3980,-24.000,383.587,646.434,-56.748,6.873,0.180
22.5069,-24.000,379.653,653.352,-62.174,1.447,0.180
22.6046,-23.000,387.747,645.394,-54.148,6.873,0.180
22.7047,-23.000,383.879,652.379,-59.574,1.447,0.180
22.8048,-22.000,392.030,644.477,-51.548,6.873,0.180
22.9007,-22.000,388.209,651.509,-56.974,1.447,0.180
23.0083,-21.000,396.400,643.647,-48.948,6.873,0.180
23.1073,-21.000,392.614,650.714,-54.374,1.447,0.180
23.2071,-21.000,392.866,653.250,-55.516,0.305,0.180
23.3058,-21.000,393.811,654.676,-55.757,0.064,0.180
23.4032,-20.000,402.736,645.365,-46.639,6.582,0.180
23.5023,-20.000,398.876,651.898,-51.835,1.386,0.180
23.6022,-19.000,406.787,643.858,-43.860,6.860,0.180
23.7025,-19.000,402.718,650.818,-49.374,1.444,0.180
23.7997,-19.000,402.707,653.285,-50.613,0.304,0.180
23.9077,-18.000,411.387,644.295,-41.779,6.632,0.180
24.0046,-17.000,415.398,640.618,-37.935,7.965,0.180
24.1047,-16.000,418.638,638.264,-35.137,8.245,0.180
24.2042,-15.000,421.895,636.359,-32.556,8.304,0.180
24.3022,-14.000,425.309,634.694,-30.017,8.317,0.180
24.4092,-13.000,428.888,633.202,-27.482,8.319,0.180
24.5058,-12.000,432.613,631.851,-24.944,8.320,0.180
24.6029,-11.000,436.465,630.617,-22.401,8.320,0.180
24.7014,-9.000,448.399,619.108,-10.679,14.888,0.180
24.8013,-8.000,447.753,623.716,-13.306,9.703,0.180
24.9106,-7.000,451.208,624.228,-11.834,8.611,0.180
25.0078,-6.000,455.533,623.875,-9.495,8.381,0.180
25.1070,-5.000,460.047,623.337,-6.970,8.333,0.180
25.2057,-4.000,464.606,622.758,-4.401,8.323,0.180
25.3056,-4.000,461.206,632.541,-10.992,1.752,0.180
25.4060,-3.000,470.488,626.284,-3.222,6.937,0.180
25.5059,-3.000,467.782,634.562,-8.715,1.460,0.180
25.6053,-3.000,468.981,638.099,-9.883,0.307,0.180
25.7043,-3.000,470.735,640.370,-10.142,0.065,0.180
25.8034,-3.000,472.379,642.148,-10.209,0.014,0.180
25.9118,-3.000,473.807,643.628,-10.235,0.003,0.180
26.0080,-3.000,475.026,644.882,-10.253,0.001,0.180
26.1058,-3.000,476.060,645.949,-10.269,0.000,0.180
26.2034,-3.000,476.937,646.858,-10.285,0.000,0.180
26.3031,-3.000,477.681,647.632,-10.300,0.000,0.180
26.4110,-4.000,467.337,655.667,-19.489,-6.568,0.180
26.5084,-4.000,473.020,651.021,-14.325,-1.383,0.180
26.6062,-5.000,463.558,657.764,-22.427,-6.860,0.180
26.7036,-5.000,469.292,652.719,-17.038,-1.444,0.180
26.8136,-5.000,470.699,651.898,-15.924,-0.304,0.180
26.9112,-5.000,471.162,651.933,-15.710,-0.064,0.180
27.0089,-5.000,471.398,652.120,-15.685,-0.013,0.180
27.1065,-6.000,460.589,659.689,-24.874,-6.571,0.180
27.2141,-6.000,465.869,654.655,-19.718,-1.383,0.180
27.3110,-6.000,467.034,653.699,-18.657,-0.291,0.180
27.4181,-6.000,467.322,653.589,-18.458,-0.061,0.180
27.5067,-6.000,467.414,653.647,-18.441,-0.013,0.180
27.6066,-7.000,456.484,661.106,-27.635,-6.571,0.180
27.7039,-7.000,461.660,655.979,-22.484,-1.383,0.180
27.8118,-7.000,462.736,654.944,-21.428,-0.291,0.180
27.9110,-8.000,451.974,662.142,-30.408,-6.630,0.180
28.0080,-9.000,446.178,664.308,-34.390,-7.964,0.180
28.1065,-9.000,452.376,658.025,-28.149,-1.677,0.180
28.2066,-10.000,442.643,664.085,-36.046,-6.921,0.180
28.3050,-10.000,447.994,658.612,-30.633,-1.457,0.180
28.4132,-11.000,438.067,664.835,-38.709,-6.875,0.180
28.5118,-12.000,432.390,666.765,-42.512,-8.016,0.180
28.6096,-12.000,438.563,660.406,-36.246,-1.688,0.180
28.7063,-13.000,428.781,666.431,-44.149,-6.924,0.180
28.8138,-13.000,434.082,660.935,-38.751,-1.458,0.180
28.9126,-13.000,435.083,659.769,-37.668,-0.307,0.180
29.0102,-14.000,424.213,666.898,-46.667,-6.633,0.180
29.1095,-14.000,429.288,661.645,-41.503,-1.396,0.180
29.2079,-14.000,430.241,660.539,-40.473,-0.294,0.180
29.3051,-15.000,419.362,667.688,-49.488,-6.630,0.180
29.4136,-15.000,424.433,662.447,-44.331,-1.396,0.180
29.5137,-16.000,414.411,668.724,-52.481,-6.862,0.180
29.6142,-16.000,419.654,663.298,-47.146,-1.445,0.180
29.7102,-16.000,420.634,662.163,-46.089,-0.304,0.180
29.8087,-17.000,409.751,669.314,-55.106,-6.632,0.180
29.9167,-17.000,414.813,664.080,-49.958,-1.396,0.180
30.0136,-17.000,415.754,662.993,-48.944,-0.294,0.180
30.1127,-17.000,415.835,662.787,-48.800,-0.062,0.180
30.2110,-17.000,415.743,662.774,-48.840,-0.013,0.180
30.3120,-17.000,415.619,662.807,-48.918,-0.003,0.180
30.4087,-16.000,423.469,652.481,-39.831,6.568,0.180
30.5075,-16.000,418.648,658.197,-45.099,1.383,0.180
30.6165,-16.000,417.853,659.752,-46.274,0.291,0.180
30.7155,-16.000,417.864,660.389,-46.587,0.061,0.180
30.8142,-15.000,425.981,650.421,-37.545,6.581,0.180
30.9102,-15.000,421.420,656.409,-42.819,1.386,0.180
31.0089,-15.000,420.855,658.187,-43.990,0.292,0.180
31.1072,-14.000,429.036,648.637,-35.125,6.630,0.180
31.2169,-14.000,424.647,654.862,-40.432,1.396,0.180
31.3131,-14.000,424.253,656.818,-41.607,0.294,0.180
31.4108,-13.000,432.585,647.412,-32.738,6.630,0.180
31.5088,-13.000,428.327,653.758,-38.040,1.396,0.180
31.6175,-13.000,428.045,655.815,-39.209,0.294,0.180
31.7144,-13.000,428.500,656.869,-39.509,0.062,0.180
31.8122,-12.000,436.998,647.253,-30.452,6.581,0.180
31.9091,-12.000,432.765,653.536,-35.710,1.386,0.180
32.0170,-12.000,432.480,655.564,-36.866,0.292,0.180
32.1154,-11.000,440.901,646.223,-27.986,6.630,0.180
32.2131,-11.000,436.719,652.624,-33.277,1.396,0.180
32.3111,-10.000,444.477,644.352,-25.262,6.862,0.180
32.4076,-10.000,440.289,651.104,-30.732,1.445,0.180
32.5167,-9.000,448.159,643.012,-22.751,6.873,0.180
32.6139,-8.000,452.066,639.517,-19.050,8.015,0.180
32.7108,-7.000,455.345,637.187,-16.246,8.256,0.180
32.8089,-7.000,450.695,645.645,-22.800,1.738,0.180
32.9167,-6.000,458.878,638.299,-15.035,6.934,0.180
33.0141,-6.000,455.228,645.660,-20.540,1.460,0.180
33.1125,-5.000,463.595,638.047,-12.550,6.876,0.180
33.2098,-4.000,467.935,634.948,-8.831,8.016,0.180
33.3168,-4.000,463.613,643.325,-15.180,1.688,0.180
33.4164,-3.000,471.957,636.028,-7.360,6.924,0.180
33.5134,-3.000,468.420,643.454,-12.841,1.458,0.180
33.6117,-3.000,468.907,646.274,-14.008,0.307,0.180
33.7091,-2.000,478.028,637.563,-5.092,6.633,0.180
33.8169,-1.000,482.429,634.111,-1.165,7.965,0.180
33.9130,-1.000,478.039,642.307,-7.459,1.677,0.180
34.0123,-0.000,486.302,634.881,0.386,6.921,0.180
34.1101,1.000,490.066,631.226,4.095,8.026,0.180
34.2188,1.000,485.282,639.104,-2.235,1.690,0.180
34.3176,2.000,492.642,630.774,5.610,6.924,0.180
34.4154,3.000,495.647,626.344,9.327,8.026,0.180
34.5159,3.000,490.221,633.559,3.006,1.690,0.180
34.6136,3.000,489.662,635.638,1.688,0.356,0.180
34.7101,4.000,497.417,625.575,10.596,6.643,0.180
34.8175,4.000,492.712,631.319,5.372,1.399,0.180
34.9144,5.000,499.444,621.870,13.463,6.863,0.180
35.0138,5.000,494.397,627.607,8.071,1.445,0.180
35.1116,5.000,493.576,629.015,6.956,0.304,0.180
35.2131,5.000,493.611,629.479,6.742,0.064,0.180
35.3122,5.000,493.799,629.715,6.717,0.013,0.180
35.4093,5.000,493.994,629.880,6.733,0.003,0.180
35.5184,5.000,494.171,630.009,6.756,0.001,0.180
35.6196,4.000,483.953,638.088,-2.392,-6.568,0.180
35.7186,4.000,489.750,633.472,2.815,-1.383,0.180
35.8164,4.000,491.365,632.862,3.927,-0.291,0.180
35.9161,5.000,499.416,622.064,13.351,6.507,0.180
36.0144,5.000,494.637,627.508,8.240,1.370,0.180
36.1119,5.000,493.865,628.846,7.185,0.288,0.180
36.2109,6.000,501.277,618.315,16.157,6.629,0.180
36.3088,6.000,496.249,623.692,10.954,1.396,0.180
36.4175,7.000,502.700,613.937,19.057,6.862,0.180
36.5169,7.000,497.415,619.414,13.676,1.445,0.180
36.6134,7.000,496.392,620.600,12.572,0.304,0.180
36.7143,7.000,496.258,620.873,12.368,0.064,0.180
36.8140,7.000,496.303,620.946,12.354,0.013,0.180
36.9138,6.000,486.005,628.944,3.206,-6.566,0.180
37.0111,5.000,481.369,632.225,-0.753,-7.951,0.180
37.1094,5.000,488.596,626.847,5.550,-1.674,0.180
37.2175,4.000,480.355,634.258,-2.276,-6.921,0.180
37.3171,4.000,486.987,629.922,3.208,-1.457,0.180
37.4135,3.000,478.760,637.700,-4.794,-6.875,0.180
37.5100,3.000,485.513,633.566,0.649,-1.447,0.180
37.6165,2.000,477.410,641.494,-7.366,-6.873,0.180
37.7159,2.000,484.273,637.483,-1.930,-1.447,0.180
37.8130,2.000,486.638,637.542,-0.777,-0.305,0.180
37.9107,2.000,487.919,638.322,-0.526,-0.064,0.180
38.0091,1.000,478.482,647.110,-9.638,-6.582,0.180
38.1092,1.000,484.908,643.133,-4.437,-1.386,0.180
38.2181,1.000,487.048,643.074,-3.338,-0.292,0.180
38.3159,1.000,488.168,643.724,-3.102,-0.061,0.180
38.4118,1.000,488.973,644.422,-3.049,-0.013,0.180
38.5112,1.000,489.628,645.045,-3.033,-0.003,0.180
38.6194,1.000,490.178,645.581,-3.026,-0.001,0.180
38.7184,1.000,490.646,646.037,-3.020,-0.000,0.180
38.8154,2.000,498.417,635.451,6.159,6.568,0.180
38.9131,2.000,493.546,640.930,0.983,1.383,0.180
39.0112,2.000,492.722,642.269,-0.098,0.291,0.180
39.1212,2.000,492.722,642.708,-0.317,0.061,0.180
39.2208,2.000,492.871,642.932,-0.355,0.013,0.180
39.3186,2.000,493.030,643.091,-0.355,0.003,0.180
39.4164,2.000,493.173,643.217,-0.347,0.001,0.180
39.5140,2.000,493.297,643.322,-0.337,0.000,0.180
39.6129,2.000,493.405,643.409,-0.327,0.000,0.180
39.7118,3.000,500.871,632.508,8.857,6.568,0.180
39.8098,3.000,495.742,637.718,3.687,1.383,0.180
39.9101,2.000,484.326,646.802,-6.562,-6.277,0.180
40.0104,2.000,489.802,642.345,-1.596,-1.322,0.180
40.1114,1.000,480.914,649.698,-9.716,-6.847,0.180
40.2193,-0.000,476.799,653.109,-13.479,-8.010,0.180
40.3174,-0.000,484.323,647.986,-7.156,-1.686,0.180
40.4181,-1.000,475.701,655.049,-14.998,-6.923,0.180
40.5165,-2.000,471.026,657.799,-18.711,-8.026,0.180
40.6155,-3.000,467.060,659.529,-21.559,-8.258,0.180
40.7125,-3.000,474.114,653.574,-15.055,-1.739,0.180
40.8108,-4.000,464.964,660.058,-22.871,-6.934,0.180
40.9102,-4.000,470.785,654.971,-17.418,-1.460,0.180
41.0192,-5.000,461.255,661.525,-25.460,-6.876,0.180
41.1174,-6.000,455.919,663.732,-29.231,-8.016,0.180
41.2157,-7.000,451.412,664.978,-32.107,-8.256,0.180
41.3122,-7.000,458.008,658.611,-25.626,-1.738,0.180
41.4191,-9.000,437.494,672.120,-42.637,-13.503,0.180
41.5147,-9.000,448.130,661.529,-32.024,-2.843,0.180
41.6109,-11.000,428.400,674.098,-48.174,-13.735,0.180
41.7190,-11.000,439.142,663.268,-37.387,-2.892,0.180
41.8188,-12.000,430.357,668.379,-44.335,-7.177,0.180
41.9180,-12.000,435.900,662.714,-38.732,-1.511,0.180
42.0154,-12.000,436.978,661.531,-37.601,-0.318,0.180
42.1140,-13.000,426.149,668.672,-46.586,-6.635,0.180
42.2108,-13.000,431.252,663.433,-41.415,-1.397,0.180
42.3202,-13.000,432.229,662.340,-40.380,-0.294,0.180
42.4167,-13.000,432.345,662.127,-40.215,-0.062,0.180
42.5136,-14.000,421.311,669.477,-49.408,-6.581,0.180
42.6136,-15.000,415.395,671.662,-53.458,-7.954,0.180
42.7138,-16.000,410.537,672.749,-56.430,-8.243,0.180
42.8131,-16.000,416.859,666.222,-50.006,-1.735,0.180
42.9189,-16.000,418.058,664.848,-48.719,-0.365,0.180
43.0167,-16.000,418.189,664.568,-48.514,-0.077,0.180
43.1165,-16.000,418.104,664.528,-48.536,-0.016,0.180
43.2123,-16.000,417.980,664.545,-48.607,-0.003,0.180
43.3106,-16.000,417.854,664.579,-48.687,-0.001,0.180
43.4190,-15.000,425.706,654.250,-39.596,6.568,0.180
43.5152,-14.000,428.863,649.587,-35.686,7.951,0.180
43.6168,-13.000,431.347,646.423,-32.863,8.242,0.180
43.7143,-13.000,425.983,654.209,-39.437,1.735,0.180
43.8128,-13.000,425.575,656.676,-40.875,0.365,0.180
43.9205,-12.000,434.067,647.533,-32.057,6.645,0.180
44.0180,-11.000,437.956,643.692,-28.192,7.967,0.180
44.1164,-11.000,433.129,651.559,-34.540,1.677,0.180
44.2131,-11.000,433.040,654.233,-35.921,0.353,0.180
44.3119,-11.000,433.802,655.667,-36.257,0.074,0.180
44.4108,-12.000,423.646,664.090,-45.547,-6.553,0.180
44.5100,-12.000,429.520,659.743,-40.436,-1.380,0.180
44.6195,-12.000,431.196,659.365,-39.409,-0.290,0.180
44.7166,-12.000,431.915,659.750,-39.242,-0.061,0.180
44.8134,-12.000,432.369,660.233,-39.256,-0.013,0.180
44.9123,-12.000,432.716,660.684,-39.308,-0.003,0.180
45.0118,-11.000,440.968,650.709,-30.195,6.568,0.180
45.1126,-10.000,444.467,646.346,-26.264,7.951,0.180
45.2115,-9.000,447.244,643.434,-23.419,8.242,0.180
45.3103,-8.000,450.107,641.057,-20.800,8.304,0.180
45.4176,-7.000,453.190,638.987,-18.223,8.317,0.180
45.5160,-6.000,456.492,637.146,-15.652,8.319,0.180
45.6129,-5.000,459.987,635.493,-13.077,8.320,0.180
45.7107,-5.000,455.676,644.370,-19.671,1.752,0.180
45.8183,-4.000,464.181,637.345,-11.907,6.937,0.180
45.9177,-4.000,460.813,644.972,-17.404,1.460,0.180
46.0150,-4.000,461.449,647.956,-18.578,0.307,0.180
46.1136,-4.000,462.724,649.758,-18.841,0.065,0.180
46.2110,-4.000,463.959,651.137,-18.913,0.014,0.180
46.3210,-3.000,473.013,641.907,-9.771,6.571,0.180
46.4104,-3.000,469.234,648.535,-14.975,1.383,0.180
46.5183,-2.000,477.311,640.480,-6.909,6.860,0.180
46.6154,-2.000,473.395,647.415,-12.335,1.444,0.180
46.7142,-1.000,481.501,639.475,-4.312,6.872,0.180
46.8098,-0.000,485.614,636.103,-0.569,8.015,0.180
46.9186,-0.000,481.101,644.246,-6.897,1.687,0.180
47.0161,-0.000,481.312,647.121,-8.229,0.355,0.180
47.1142,1.000,489.716,637.739,0.664,6.643,0.180
47.2121,2.000,492.935,633.089,4.598,7.967,0.180
47.3199,2.000,487.548,640.261,-1.681,1.677,0.180
47.4178,3.000,494.366,631.359,6.179,6.922,0.180
47.5152,4.000,496.905,626.448,9.904,8.026,0.180
47.6150,5.000,498.456,622.282,12.762,8.258,0.180
47.7148,5.000,492.350,629.164,6.269,1.739,0.180
47.8124,5.000,491.334,630.841,4.922,0.366,0.180
47.9110,6.000,498.725,620.411,13.833,6.645,0.180
48.0111,6.000,493.719,625.834,8.618,1.399,0.180
48.1100,6.000,492.823,627.085,7.544,0.295,0.180
48.2181,6.000,492.772,627.437,7.343,0.062,0.180
48.3148,6.000,492.882,627.583,7.325,0.013,0.180
48.4124,7.000,500.386,616.697,16.520,6.571,0.180
48.5204,7.000,495.297,621.911,11.368,1.383,0.180
48.6188,7.000,494.294,623.020,10.313,0.291,0.180
48.7152,7.000,494.146,623.259,10.119,0.061,0.180
48.8130,7.000,494.172,623.309,10.107,0.013,0.180
48.9207,7.000,494.231,623.316,10.133,0.003,0.180
49.0189,8.000,501.667,612.335,19.341,6.569,0.180
49.1186,7.000,486.142,625.447,5.023,-5.185,0.180
49.2159,7.000,490.747,621.791,9.153,-1.092,0.180
49.3124,7.000,492.049,621.297,10.052,-0.230,0.180
49.4197,6.000,482.236,629.395,1.096,-6.617,0.180
49.5161,6.000,488.262,624.912,6.351,-1.393,0.180
49.6150,5.000,479.675,632.410,-1.692,-6.862,0.180
49.7130,4.000,475.782,635.978,-5.422,-8.013,0.180
49.8130,3.000,473.117,638.966,-8.249,-8.255,0.180
49.9110,2.000,470.914,642.044,-10.890,-8.306,0.180
50.0199,1.000,468.980,645.322,-13.495,-8.317,0.180
50.1185,-0.000,467.249,648.795,-16.098,-8.319,0.180
50.2150,-1.000,465.084,651.841,-18.703,-8.320,0.180
50.3165,-1.000,473.521,647.153,-12.140,-1.752,0.180
50.4139,-2.000,465.518,654.742,-19.936,-6.937,0.180
50.5104,-3.000,461.335,657.973,-23.643,-8.029,0.180
50.6187,-3.000,468.754,652.746,-17.320,-1.690,0.180
50.7170,-4.000,460.030,659.732,-25.175,-6.924,0.180
50.8164,-4.000,466.238,655.048,-19.730,-1.458,0.180
50.9131,-3.000,475.989,644.191,-9.426,6.262,0.180
51.0106,-3.000,472.060,650.181,-14.385,1.318,0.180
51.1198,-3.000,471.879,652.113,-15.441,0.278,0.180
51.2176,-3.000,472.389,653.092,-15.676,0.058,0.180
51.3178,-3.000,472.960,653.786,-15.737,0.012,0.180
51.4168,-4.000,462.499,661.723,-24.936,-6.566,0.180
51.5156,-5.000,457.115,664.361,-28.947,-7.951,0.180
51.6129,-5.000,463.699,658.443,-22.696,-1.674,0.180
51.7114,-5.000,465.278,657.431,-21.401,-0.352,0.180
51.8179,-7.000,443.823,672.166,-39.496,-13.211,0.180
51.9164,-8.000,443.387,669.291,-38.276,-9.350,0.180
52.0157,-9.000,439.846,669.418,-40.110,-8.537,0.180
52.1133,-10.000,435.614,670.148,-42.591,-8.366,0.180
52.2135,-12.000,420.231,678.354,-54.386,-14.898,0.180
52.3119,-13.000,420.907,673.978,-51.860,-9.705,0.180
52.4191,-13.000,428.428,666.311,-44.266,-2.043,0.180
52.5189,-14.000,418.938,672.078,-51.894,-6.999,0.180
52.6157,-14.000,424.308,666.543,-46.442,-1.473,0.180
52.7139,-14.000,425.328,665.383,-45.352,-0.310,0.180
52.8116,-14.000,425.441,665.151,-45.179,-0.065,0.180
52.9096,-13.000,433.343,654.748,-36.027,6.555,0.180
53.0086,-14.000,417.564,667.801,-50.443,-5.188,0.180
53.1172,-12.000,437.876,643.372,-28.072,12.045,0.180
53.2137,-12.000,429.555,654.193,-37.644,2.536,0.180
53.3116,-12.000,428.553,657.320,-39.708,0.534,0.180
53.4188,-12.000,428.972,658.707,-40.192,0.112,0.180
53.5177,-12.000,429.589,659.626,-40.343,0.024,0.180
53.6158,-12.000,430.161,660.360,-40.424,0.005,0.180
53.7135,-11.000,438.623,650.607,-31.317,6.569,0.180
53.8136,-11.000,434.331,656.802,-36.560,1.383,0.180
53.9126,-10.000,441.964,648.387,-28.536,6.860,0.180
54.0099,-10.000,437.664,655.021,-34.003,1.444,0.180
54.1196,-9.000,445.438,646.832,-26.022,6.872,0.180
54.2139,-8.000,449.262,643.255,-22.321,8.015,0.180
54.3088,-8.000,444.498,651.229,-28.690,1.687,0.180
54.4164,-7.000,452.462,643.593,-20.890,6.924,0.180
54.5155,-7.000,448.599,650.735,-26.393,1.458,0.180
54.6121,-7.000,448.806,653.316,-27.580,0.307,0.180
54.7093,-8.000,438.738,662.153,-37.032,-6.504,0.180
54.8181,-8.000,444.808,658.037,-31.939,-1.369,0.180
54.9167,-8.000,446.678,657.828,-30.900,-0.288,0.180
55.0153,-8.000,447.569,658.348,-30.714,-0.061,0.180
55.1123,-9.000,437.202,666.315,-39.881,-6.581,0.180
55.2132,-9.000,442.831,661.646,-34.732,-1.386,0.180
55.3104,-10.000,433.312,668.381,-42.859,-6.860,0.180
55.4173,-10.000,438.993,663.334,-37.495,-1.444,0.180
55.5145,-10.000,440.350,662.515,-36.407,-0.304,0.180
55.6122,-11.000,429.794,669.929,-45.392,-6.632,0.180
55.7125,-10.000,443.111,654.541,-31.040,5.172,0.180
55.8084,-11.000,428.622,666.670,-44.349,-5.480,0.180
55.9139,-12.000,422.414,670.272,-49.253,-7.722,0.180
56.0134,-11.000,436.814,654.256,-34.046,4.943,0.180
56.1110,-13.000,411.720,673.776,-56.352,-12.096,0.180
56.2171,-13.000,421.834,664.926,-46.870,-2.547,0.180
56.3131,-13.000,424.314,663.520,-44.927,-0.536,0.180
56.4111,-14.000,414.152,670.994,-53.745,-6.681,0.180
56.5111,-14.000,419.712,666.150,-48.544,-1.407,0.180
56.6085,-14.000,421.053,665.416,-47.506,-0.296,0.180
56.7170,-14.000,421.473,665.514,-47.345,-0.062,0.180
56.8135,-13.000,429.643,655.384,-38.195,6.555,0.180
56.9102,-12.000,433.040,650.920,-34.264,7.948,0.180
57.0175,-10.000,443.697,637.557,-22.254,14.810,0.180
57.1163,-10.000,433.802,651.151,-33.999,3.118,0.180
57.2130,-8.000,448.808,634.489,-18.165,13.793,0.180
57.3106,-7.000,448.147,637.343,-19.922,9.472,0.180
57.4089,-5.000,459.012,626.542,-9.090,15.131,0.180
57.5101,-4.000,458.041,631.167,-11.887,9.754,0.180
57.6077,-2.000,469.320,621.194,-1.261,15.190,0.180
57.7140,-0.000,476.820,616.005,5.083,16.335,0.180
57.8105,1.000,475.280,621.909,1.361,10.007,0.180
57.9177,1.000,470.739,633.159,-6.535,2.107,0.180
58.0141,2.000,479.306,626.695,0.981,7.012,0.180
58.1111,4.000,490.921,612.667,13.803,14.613,0.180
58.2090,4.000,481.380,626.157,2.287,3.076,0.180
58.3159,4.000,480.651,630.244,-0.121,0.648,0.180
58.4120,4.000,481.587,632.161,-0.611,0.136,0.180
58.5096,4.000,482.713,633.460,-0.698,0.029,0.180
58.6075,5.000,491.115,623.519,8.474,6.574,0.180
58.7175,5.000,486.797,629.530,3.309,1.384,0.180
58.8173,4.000,476.076,639.289,-6.931,-6.277,0.180
58.9150,4.000,482.144,635.404,-1.955,-1.321,0.180
59.0133,4.000,484.135,635.268,-0.891,-0.278,0.180
59.1108,4.000,485.164,635.816,-0.650,-0.059,0.180
59.2095,4.000,485.901,636.419,-0.583,-0.012,0.180
59.3092,4.000,486.502,636.958,-0.553,-0.003,0.180
59.4181,5.000,494.382,626.446,8.644,6.568,0.180
59.5147,5.000,489.605,631.987,3.485,1.383,0.180
59.6119,6.000,496.237,622.403,11.593,6.860,0.180
59.7109,7.000,498.472,617.060,15.382,8.013,0.180
59.8095,7.000,492.362,623.528,9.093,1.687,0.180
59.9174,7.000,491.219,624.975,7.797,0.355,0.180
60.0148,8.000,498.477,614.375,16.727,6.643,0.180
60.1131,8.000,493.354,619.657,11.524,1.399,0.180
60.2107,8.000,492.360,620.788,10.461,0.294,0.180
60.3097,7.000,481.853,629.010,1.097,-6.506,0.180
60.4180,8.000,494.929,613.392,15.444,5.199,0.180
60.5158,7.000,480.912,625.848,2.207,-5.474,0.180
60.6082,6.000,475.733,630.301,-2.608,-7.721,0.180
60.7172,6.000,483.051,625.365,3.518,-1.625,0.180
60.8142,6.000,485.378,625.063,4.833,-0.342,0.180
60.9100,5.000,476.166,633.596,-4.039,-6.640,0.180
61.0065,5.000,482.646,629.539,1.229,-1.398,0.180
61.1151,4.000,474.432,637.413,-6.815,-6.863,0.180
61.2129,3.000,470.853,641.303,-10.550,-8.013,0.180
61.3100,2.000,468.453,644.567,-13.382,-8.255,0.180
61.4178,2.000,476.848,639.907,-6.854,-1.738,0.180
61.5150,1.000,469.444,648.085,-14.645,-6.934,0.180
61.6132,-0.000,466.379,652.408,-18.339,-8.028,0.180
61.7108,-1.000,463.778,655.478,-21.174,-8.259,0.180
61.8095,-2.000,461.019,658.037,-23.833,-8.307,0.180
61.9096,-3.000,458.008,660.277,-26.459,-8.317,0.180
62.0085,-3.000,465.731,654.899,-19.908,-1.751,0.180
62.1078,-4.000,457.120,661.902,-27.715,-6.937,0.180
62.2158,-5.000,452.420,664.637,-31.433,-8.029,0.180
62.3156,-6.000,448.423,666.362,-34.294,-8.259,0.180
62.4097,-7.000,463.592,678.814,-44.137,-13.260,0.320
62.5072,-8.000,482.942,686.876,-48.014,-14.292,0.320
62.6143,-8.000,517.871,683.023,-36.716,-2.949,0.320
62.7125,-9.000,526.358,701.883,-48.781,-12.164,0.320
62.8106,-10.000,541.039,714.384,-53.539,-14.066,0.320
62.9084,-11.000,556.274,726.187,-56.793,-14.458,0.320
63.0069,-11.000,587.290,725.928,-45.380,-2.983,0.320
63.1167,-12.000,592.365,747.932,-57.435,-12.171,0.320
63.2130,-14.000,587.843,775.565,-76.565,-25.623,0.320
63.3118,-14.000,625.904,767.923,-56.308,-5.287,0.320
63.4077,-17.000,598.699,814.239,-95.273,-35.758,0.320
63.5081,-18.000,627.586,811.531,-81.351,-18.934,0.320
63.6076,-19.000,642.838,822.466,-80.785,-15.463,0.320
63.7062,-20.000,655.205,836.292,-82.869,-14.746,0.320
63.8158,-21.000,666.804,850.893,-85.521,-14.598,0.320
63.9119,-23.000,661.839,878.221,-102.646,-26.123,0.320
64.0094,-24.000,682.020,883.984,-96.269,-16.946,0.320
64.1096,-26.000,678.539,909.612,-111.531,-26.608,0.320
64.2063,-28.000,682.506,927.565,-119.125,-28.602,0.320
64.3059,-29.000,704.144,931.493,-110.780,-17.457,0.320
64.4134,-31.000,700.635,956.828,-125.636,-26.713,0.320
64.5110,-32.000,720.593,962.357,-118.791,-17.068,0.320
64.6089,-33.000,732.896,975.652,-119.600,-15.077,0.320
64.7079,-34.000,743.620,990.621,-121.990,-14.667,0.320
64.8180,-35.000,754.018,1005.997,-124.705,-14.582,0.320
64.9135,-36.000,764.350,1021.508,-127.487,-14.565,0.320
65.0121,-38.000,758.392,1049.527,-144.639,-26.116,0.320
65.1116,-39.000,777.746,1055.859,-138.268,-16.945,0.320
65.2108,-40.000,773.926,1053.616,-139.175,-15.052,0.320
65.3078,-40.000,784.896,1040.493,-127.229,-3.106,0.320
65.4168,-40.000,786.531,1037.027,-124.764,-0.641,0.320
65.5145,-40.000,786.334,1035.668,-124.255,-0.132,0.320
65.6127,-39.000,799.115,1019.404,-109.795,11.528,0.320
65.7093,-37.000,816.589,997.650,-90.233,25.490,0.320
65.8067,-34.000,837.411,972.710,-67.396,39.926,0.320
65.9135,-30.000,861.614,945.367,-41.662,54.461,0.320
66.0098,10.000,1345.766,367.345,489.393,473.460,0.320
66.1062,28.000,1213.977,470.225,372.031,305.698,0.320
66.2130,32.000,1035.839,662.431,186.836,109.303,0.320
66.3102,35.000,998.396,712.311,143.154,57.221,0.320
66.4074,38.000,1000.091,718.667,140.807,46.474,0.320
66.5048,41.000,1008.450,714.633,146.990,44.257,0.320
66.6132,43.000,1004.547,723.531,140.577,32.243,0.320
66.7111,45.000,1008.961,721.683,143.698,29.765,0.320
66.8083,47.000,1014.309,716.836,148.786,29.253,0.320
66.9172,48.000,1006.748,726.983,139.925,17.592,0.320
67.0142,49.000,1007.827,727.262,140.319,15.186,0.320
67.1101,49.000,997.858,741.386,128.267,3.134,0.320
67.2082,50.000,1009.577,729.358,140.135,12.202,0.320
67.3051,51.000,1013.701,724.132,144.807,14.073,0.320
67.4120,51.000,1003.566,736.329,133.637,2.904,0.320
67.5093,51.000,1002.141,739.508,131.332,0.599,0.320
67.6083,51.000,1002.413,740.726,130.857,0.124,0.320
67.7069,51.000,1002.950,741.456,130.759,0.026,0.320
67.8048,51.000,1003.470,742.013,130.738,0.005,0.320
67.9141,51.000,1003.925,742.473,130.734,0.001,0.320
68.0122,50.000,988.879,756.137,116.378,-11.555,0.320
68.1087,50.000,998.963,747.878,125.549,-2.384,0.320
68.2066,49.000,986.197,760.036,113.086,-12.048,0.320
68.3139,48.000,981.565,764.991,108.292,-14.042,0.320
68.4111,47.000,978.912,768.759,105.080,-14.453,0.320
68.5072,46.000,976.921,772.537,102.195,-14.538,0.320
68.6048,45.000,975.283,776.533,99.378,-14.555,0.320
68.7124,43.000,958.467,794.035,82.219,-26.115,0.320
68.8103,41.000,951.614,803.151,74.233,-28.500,0.320
68.9066,39.000,947.323,811.044,68.141,-28.992,0.320
69.0045,37.000,943.993,819.117,62.440,-29.094,0.320
69.1131,35.000,941.228,827.593,56.819,-29.115,0.320
69.2126,33.000,938.891,836.465,51.214,-29.119,0.320
69.3104,31.000,936.908,845.683,45.613,-29.120,0.320
69.4105,30.000,950.658,841.922,54.369,-17.564,0.320
69.5087,28.000,939.472,860.278,39.598,-26.736,0.320
69.6067,26.000,935.867,871.658,32.105,-28.628,0.320
69.7063,25.000,949.457,868.517,40.470,-17.463,0.320
69.8044,24.000,953.822,873.874,39.974,-15.159,0.320
69.9110,22.000,940.613,894.026,23.294,-26.239,0.320
70.0094,20.000,936.518,905.703,15.408,-28.526,0.320
70.1089,18.000,934.609,915.737,9.437,-28.997,0.320
70.2071,17.000,948.736,912.356,18.190,-17.539,0.320
70.3031,15.000,937.935,930.970,3.483,-26.730,0.320
70.4121,14.000,950.114,929.274,10.420,-17.071,0.320
70.5111,12.000,938.813,948.164,-4.675,-26.634,0.320
70.6105,11.000,950.803,946.465,2.169,-17.051,0.320
70.7136,9.000,939.389,965.307,-12.959,-26.630,0.320
70.8124,7.000,935.848,976.841,-20.496,-28.606,0.320
70.9098,5.000,934.106,987.058,-26.476,-29.014,0.320
71.0060,3.000,932.880,997.167,-32.143,-29.098,0.320
71.1129,-0.000,916.442,1020.675,-52.116,-40.671,0.320
71.2082,-2.000,923.664,1020.784,-48.560,-31.504,0.320
71.3057,-4.000,922.208,1026.790,-52.291,-29.612,0.320
71.4055,-5.000,934.340,1020.686,-43.173,-17.666,0.320
71.5041,-8.000,903.551,1048.079,-72.264,-38.312,0.320
71.6125,-10.000,904.407,1045.656,-70.624,-31.017,0.320
71.7093,-12.000,898.739,1048.312,-74.786,-29.511,0.320
71.8080,-14.000,891.252,1051.560,-80.154,-29.201,0.320
71.9068,-15.000,899.265,1042.102,-71.418,-17.581,0.320
72.0072,-17.000,881.459,1054.002,-86.271,-26.739,0.320
72.1065,-19.000,870.512,1058.247,-93.868,-28.629,0.320
72.2041,-20.000,877.109,1048.113,-85.502,-17.463,0.320
72.3124,-21.000,874.691,1046.687,-85.998,-15.159,0.320
72.4108,-22.000,870.312,1046.957,-88.322,-14.684,0.320
72.5087,-23.000,865.444,1047.492,-91.024,-14.586,0.320
72.6043,-24.000,860.402,1048.011,-93.804,-14.565,0.320
72.7135,-25.000,855.265,1048.464,-96.600,-14.561,0.320
72.8025,-25.000,866.330,1036.417,-85.044,-3.005,0.320
72.9110,-25.000,868.298,1033.615,-82.659,-0.620,0.320
73.0082,-26.000,852.160,1045.204,-96.522,-11.683,0.320
73.1065,-26.000,860.999,1035.498,-87.250,-2.411,0.320
73.2052,-26.000,862.544,1033.216,-85.336,-0.497,0.320
73.3024,-26.000,862.625,1032.508,-84.942,-0.103,0.320
73.4111,-26.000,862.441,1032.161,-84.860,-0.021,0.320
73.5074,-26.000,862.231,1031.918,-84.843,-0.004,0.320
73.6042,-26.000,862.042,1031.722,-84.840,-0.001,0.320
73.7058,-26.000,861.880,1031.558,-84.839,-0.000,0.320
73.8066,-26.000,861.741,1031.419,-84.839,-0.000,0.320
73.9062,-25.000,874.898,1015.865,-70.483,11.556,0.320
74.0026,-25.000,866.209,1025.518,-79.654,2.384,0.320
74.1113,-24.000,878.001,1012.384,-67.191,12.048,0.320
74.2084,-24.000,869.370,1022.876,-76.753,2.486,0.320
74.3069,-23.000,881.463,1010.203,-64.370,12.069,0.320
74.4058,-22.000,886.414,1005.600,-59.593,14.046,0.320
74.5054,-21.000,890.190,1002.960,-56.385,14.454,0.320
74.6049,-20.000,893.977,1000.978,-53.501,14.538,0.320
74.7020,-19.000,897.875,999.455,-50.790,14.555,0.320
74.8101,-18.000,902.007,998.181,-48.087,14.559,0.320
74.9082,-17.000,906.347,997.110,-45.381,14.560,0.320
75.0065,-17.000,897.586,1011.650,-57.032,3.004,0.320
75.1038,-15.000,924.125,985.704,-30.789,23.731,0.320
75.2014,-14.000,921.740,992.433,-35.346,16.452,0.320
75.3119,-13.000,925.231,993.473,-34.121,14.951,0.320
75.4093,-12.000,930.000,993.396,-31.698,14.641,0.320
75.5059,-11.000,935.088,993.136,-29.024,14.577,0.320
75.6051,-9.000,953.572,977.436,-11.932,26.119,0.320
75.7110,-8.000,950.257,986.958,-18.350,16.945,0.320
75.8093,-7.000,954.183,989.148,-17.483,15.052,0.320
75.9062,-6.000,959.577,989.791,-15.107,14.662,0.320
76.0069,-5.000,965.255,990.086,-12.416,14.581,0.320
76.1055,-4.000,970.974,990.283,-9.655,14.564,0.320
76.2044,-3.000,976.689,990.438,-6.875,14.561,0.320
76.3026,-2.000,976.915,972.016,2.449,5.446,0.180
76.4030,-1.000,965.176,964.588,0.294,2.842,0.180
76.5014,-0.000,954.887,954.887,-0.000,2.098,0.180
76.6090,1.000,944.659,944.182,0.238,1.885,0.180
76.7070,3.000,934.360,929.629,2.366,3.110,0.180
76.8031,4.000,922.846,919.079,1.884,2.174,0.180
76.9020,5.000,911.686,907.544,2.071,1.907,0.180
77.0102,6.000,900.450,895.551,2.450,1.831,0.180
77.1086,7.000,889.042,883.274,2.884,1.809,0.180
77.2066,8.000,877.457,870.787,3.335,1.802,0.180
77.3043,9.000,865.713,858.130,3.792,1.801,0.180
77.4022,10.000,853.832,845.331,4.250,1.800,0.180
77.5100,11.000,841.832,832.412,4.710,1.800,0.180
77.6073,12.000,829.733,819.392,5.171,1.800,0.180
77.7047,13.000,817.549,806.284,5.632,1.800,0.180
77.8018,13.000,805.116,796.399,4.358,0.514,0.180
77.9098,13.000,793.365,785.360,4.003,0.147,0.180
78.0062,14.000,781.853,770.561,5.646,1.328,0.180
78.1029,14.000,769.325,759.905,4.710,0.379,0.180
78.2012,14.000,757.304,748.400,4.452,0.108,0.180
78.3097,15.000,745.507,733.259,6.124,1.317,0.180
78.4079,15.000,732.722,722.328,5.197,0.376,0.180
78.5045,15.000,720.477,710.594,4.942,0.107,0.180
78.6023,16.000,708.490,695.260,6.615,1.316,0.180
78.7002,16.000,695.543,684.165,5.689,0.376,0.180
78.8000,17.000,683.337,668.994,7.171,1.393,0.180
78.9090,17.000,670.312,657.929,6.192,0.398,0.180
79.0078,18.000,658.072,642.754,7.659,1.399,0.180
79.1050,18.000,645.027,631.676,6.676,0.400,0.180
79.2027,19.000,632.629,616.629,8.000,1.400,0.180
79.3009,19.000,619.715,605.395,7.160,0.400,0.180
79.4009,19.000,607.274,593.491,6.891,0.114,0.180
79.5079,20.000,594.566,578.566,8.000,1.318,0.180
79.6046,20.000,582.016,566.809,7.604,0.377,0.180
79.7028,21.000,568.612,552.612,8.000,1.393,0.180
79.8007,21.000,569.204,553.204,8.000,0.398,0.180
79.9070,22.000,568.147,552.147,8.000,1.399,0.180
80.0047,22.000,568.749,552.749,8.000,0.400,0.180
80.1025,22.000,569.260,553.260,8.000,0.114,0.180
80.2099,22.000,569.695,553.695,8.000,0.033,0.180
80.3070,23.000,568.504,552.504,8.000,1.295,0.180
80.4074,23.000,568.992,552.992,8.000,0.370,0.180
80.5035,23.000,569.407,553.407,8.000,0.106,0.180
80.6016,24.000,568.200,552.200,8.000,1.316,0.180
80.7093,24.000,568.674,552.674,8.000,0.376,0.180
80.8095,24.000,569.076,553.076,8.000,0.107,0.180
80.9057,25.000,567.859,551.859,8.000,1.316,0.180
81.0057,25.000,568.324,552.324,8.000,0.376,0.180
81.1037,25.000,568.719,552.719,8.000,0.107,0.180
81.2004,25.000,569.055,553.055,8.000,0.031,0.180
81.2987,26.000,567.780,551.780,8.000,1.294,0.180
81.3988,26.000,568.197,552.197,8.000,0.370,0.180
81.5071,26.000,568.551,552.551,8.000,0.106,0.180
81.6055,26.000,568.852,552.852,8.000,0.030,0.180
81.7031,26.000,569.108,553.108,8.000,0.009,0.180
81.8013,26.000,569.326,553.326,8.000,0.002,0.180
81.8982,26.000,569.511,553.511,8.000,0.001,0.180
82.0073,26.000,569.668,553.668,8.000,0.000,0.180
82.1062,26.000,569.801,553.801,8.000,0.000,0.180
82.2053,25.000,568.475,552.475,8.000,-1.286,0.180
82.3039,25.000,568.847,552.847,8.000,-0.367,0.180
82.4011,25.000,569.164,553.164,8.000,-0.105,0.180
82.4994,25.000,569.433,553.433,8.000,-0.030,0.180
82.6083,24.000,567.955,552.489,7.733,-1.294,0.180
82.7052,24.000,568.692,552.692,8.000,-0.370,0.180
82.8031,24.000,569.092,553.092,8.000,-0.106,0.180
82.9008,24.000,569.432,553.432,8.000,-0.030,0.180
82.9995,23.000,567.564,552.998,7.283,-1.294,0.180
83.1087,23.000,568.803,552.803,8.000,-0.370,0.180
83.2061,23.000,569.246,553.246,8.000,-0.106,0.180
83.3053,23.000,569.623,553.623,8.000,-0.030,0.180
83.4022,22.000,567.336,553.670,6.833,-1.294,0.180
83.5002,22.000,568.809,553.294,7.757,-0.370,0.180
83.5982,22.000,569.517,553.517,8.000,-0.106,0.180
83.7087,22.000,569.914,553.914,8.000,-0.030,0.180
83.8068,21.000,567.193,554.427,6.383,-1.294,0.180
83.9057,21.000,568.680,554.065,7.307,-0.370,0.180
84.0030,20.000,566.246,554.575,5.836,-1.391,0.180
84.1005,20.000,567.922,554.263,6.830,-0.398,0.180
84.1992,20.000,568.786,554.559,7.114,-0.114,0.180
84.3064,19.000,566.201,555.249,5.476,-1.318,0.180
84.4033,19.000,567.855,554.985,6.435,-0.377,0.180
84.4989,19.000,568.732,555.290,6.721,-0.108,0.180
84.6074,18.000,566.151,555.995,5.078,-1.316,0.180
84.7051,18.000,567.811,555.741,6.035,-0.376,0.180
84.8044,18.000,568.693,556.054,6.320,-0.107,0.180
84.9014,17.000,566.117,556.765,4.676,-1.316,0.180
85.0021,17.000,567.780,556.517,5.632,-0.376,0.180
85.1017,16.000,565.489,557.131,4.179,-1.393,0.180
85.1999,16.000,567.286,556.909,5.188,-0.398,0.180
85.2978,15.000,565.077,557.576,3.751,-1.399,0.180
85.4058,15.000,566.935,557.408,4.764,-0.400,0.180
85.5044,14.000,564.775,558.123,3.326,-1.400,0.180
85.6022,13.000,563.498,558.294,2.602,-1.686,0.180
85.6990,13.000,565.743,558.107,3.818,-0.482,0.180
85.7987,12.000,563.797,558.923,2.437,-1.423,0.180
85.8994,11.000,562.668,559.212,1.728,-1.692,0.180
85.9978,11.000,565.029,559.136,2.947,-0.484,0.180
86.0954,9.000,560.002,560.345,-0.171,-2.710,0.180
86.2021,8.000,560.147,560.076,0.035,-2.060,0.180
86.3006,8.000,563.073,560.045,1.514,-0.589,0.180
86.3988,7.000,561.554,561.144,0.205,-1.454,0.180
86.4966,7.000,563.920,561.420,1.250,-0.415,0.180
86.5964,6.000,562.169,562.537,-0.184,-1.404,0.180
86.7049,5.000,561.232,563.056,-0.912,-1.687,0.180
86.8054,5.000,563.764,563.169,0.298,-0.482,0.180
86.9056,5.000,565.236,563.944,0.646,-0.138,0.180
87.0032,5.000,566.294,564.796,0.749,-0.039,0.180
87.1024,6.000,567.316,562.279,2.518,1.274,0.180
87.2017,6.000,567.275,564.048,1.614,0.364,0.180
87.2989,6.000,567.755,565.037,1.359,0.104,0.180
87.3959,7.000,568.487,562.434,3.027,1.315,0.180
87.5059,7.000,568.258,564.072,2.093,0.376,0.180
87.6020,7.000,568.595,564.933,1.831,0.107,0.180
87.6991,8.000,569.210,562.216,3.497,1.316,0.180
87.7987,9.000,569.061,560.459,4.301,1.662,0.180
87.8948,9.000,568.572,562.328,3.122,0.475,0.180
88.0022,9.000,568.827,563.245,2.791,0.136,0.180
88.0983,10.000,569.413,560.536,4.439,1.324,0.180
88.1982,10.000,569.073,562.070,3.502,0.378,0.180
88.2989,11.000,569.497,559.543,4.977,1.394,0.180
88.3962,11.000,569.117,561.134,3.991,0.398,0.180
88.5028,12.000,569.534,558.627,5.453,1.399,0.180
88.6017,12.000,569.157,560.228,4.464,0.400,0.180
88.6968,12.000,569.402,561.022,4.190,0.114,0.180
88.7949,13.000,569.949,558.239,5.855,1.318,0.180
88.9044,13.000,569.569,559.718,4.925,0.377,0.180
89.0032,14.000,569.956,557.146,6.405,1.393,0.180
89.1000,14.000,569.544,558.700,5.422,0.398,0.180
89.1980,14.000,569.758,559.457,5.150,0.114,0.180
89.2940,15.000,570.278,556.642,6.818,1.318,0.180
89.4058,15.000,569.875,558.095,5.890,0.377,0.180
89.5046,15.000,570.065,558.796,5.635,0.108,0.180
89.6009,15.000,570.381,559.239,5.571,0.031,0.180
89.6975,15.000,570.695,559.569,5.563,0.009,0.180
89.7963,16.000,571.153,556.539,7.307,1.288,0.180
89.8941,16.000,570.654,557.852,6.401,0.368,0.180
90.0025,16.000,570.751,558.446,6.152,0.105,0.180
90.0981,16.000,570.984,558.801,6.092,0.030,0.180
90.1942,16.000,571.227,559.058,6.085,0.009,0.180
90.3039,16.000,571.448,559.262,6.093,0.002,0.180
90.4016,16.000,571.641,559.430,6.106,0.001,0.180
90.4998,16.000,571.808,559.569,6.119,0.000,0.180
90.5994,16.000,571.953,559.685,6.134,0.000,0.180
90.7034,16.000,572.078,559.782,6.148,0.000,0.180
90.8027,16.000,572.187,559.862,6.162,0.000,0.180
90.8998,16.000,572.281,559.928,6.177,0.000,0.180
90.9970,16.000,572.364,559.981,6.191,0.000,0.180
91.0941,16.000,572.436,560.025,6.206,0.000,0.180
91.2039,16.000,572.500,560.059,6.220,0.000,0.180
91.3012,16.000,572.556,560.087,6.234,0.000,0.180
91.3988,16.000,572.606,560.108,6.249,0.000,0.180
91.4957,16.000,572.650,560.124,6.263,0.000,0.180
91.6026,16.000,572.690,560.135,6.278,0.000,0.180
91.6999,16.000,572.727,560.143,6.292,0.000,0.180
91.7993,16.000,572.760,560.147,6.306,0.000,0.180
91.8960,16.000,572.790,560.148,6.321,0.000,0.180
91.9929,16.000,572.818,560.147,6.335,0.000,0.180
92.0935,16.000,572.843,560.144,6.350,0.000,0.180
92.1952,16.000,572.867,560.139,6.364,0.000,0.180
92.3034,15.000,569.714,560.430,4.642,-1.286,0.180
92.4005,15.000,570.928,559.781,5.574,-0.367,0.180
92.5003,15.000,571.445,559.746,5.850,-0.105,0.180
92.5984,14.000,568.561,560.158,4.201,-1.316,0.180
92.6962,14.000,569.963,559.656,5.154,-0.376,0.180
92.7928,14.000,570.627,559.757,5.435,-0.107,0.180
92.9016,13.000,567.864,560.289,3.788,-1.316,0.180
93.0009,12.000,566.192,560.186,3.003,-1.662,0.180
93.0992,11.000,564.959,560.030,2.464,-1.761,0.180
93.1952,10.000,563.959,559.969,1.995,-1.789,0.180
93.2938,9.000,563.118,560.028,1.545,-1.797,0.180
93.4002,8.000,562.401,560.201,1.100,-1.799,0.180
93.4973,7.000,561.785,560.474,0.656,-1.800,0.180
93.5948,6.000,561.255,560.833,0.211,-1.800,0.180
93.6921,5.000,560.796,561.266,-0.235,-1.800,0.180
108.5854,3.000,118.201,-88.519,103.360,94.957,0.320
108.6934,3.000,57.672,1.644,28.014,19.594,0.320
108.7899,3.000,57.120,32.159,12.480,4.043,0.320
108.8882,3.000,69.049,50.473,9.288,0.834,0.320
108.9853,3.000,83.644,66.359,8.643,0.172,0.320
109.0929,3.000,98.866,81.821,8.523,0.036,0.320
109.1899,3.000,114.283,97.260,8.511,0.007,0.320
109.2863,2.000,114.354,126.031,-5.839,-11.554,0.320
109.3837,2.000,139.680,132.995,3.342,-2.384,0.320
109.4920,2.000,157.694,147.203,5.246,-0.492,0.320
109.5919,2.000,174.177,162.883,5.647,-0.102,0.320
109.6883,1.000,174.885,192.129,-8.622,-11.577,0.320
109.7854,1.000,200.695,199.553,0.571,-2.389,0.320
109.8831,1.000,219.109,214.163,2.473,-0.493,0.320
109.9926,1.000,235.928,230.189,2.870,-0.102,0.320
110.0894,-0.000,236.920,259.731,-11.405,-11.577,0.320
110.1862,-1.000,246.691,279.848,-16.579,-13.944,0.320
110.2838,-1.000,274.342,285.376,-5.517,-2.877,0.320
110.3919,-2.000,276.827,312.028,-17.600,-12.149,0.320
110.4906,-2.000,302.729,318.667,-7.969,-2.507,0.320
110.5905,-3.000,304.643,345.347,-20.352,-12.073,0.320
110.6860,-3.000,330.248,351.823,-10.787,-2.491,0.320
110.7841,-4.000,331.949,378.325,-23.188,-12.070,0.320
110.8931,-4.000,357.379,384.642,-13.631,-2.491,0.320
110.9908,-5.000,358.932,411.008,-26.038,-12.069,0.320
111.0888,-5.000,384.236,417.210,-16.487,-2.491,0.320
111.1848,-6.000,385.681,443.480,-28.900,-12.069,0.320
111.2829,-6.000,410.893,449.601,-19.354,-2.491,0.320
111.3920,-6.000,428.539,463.362,-17.411,-0.514,0.320
111.4894,-6.000,444.649,478.723,-17.037,-0.106,0.320
111.5876,-6.000,460.462,494.435,-16.987,-0.022,0.320
111.6851,-6.000,476.231,510.236,-17.003,-0.005,0.320
111.7831,-5.000,505.287,510.630,-2.672,11.555,0.320
111.8840,-5.000,512.492,536.232,-11.870,2.384,0.320
111.9824,-5.000,526.902,554.483,-13.790,0.492,0.320
112.0899,-5.000,542.752,571.169,-14.209,0.102,0.320
112.1900,-4.000,572.139,572.052,0.044,11.577,0.320
112.2874,-4.000,579.682,598.014,-9.166,2.389,0.320
112.3827,-4.000,594.390,616.559,-11.085,0.493,0.320
112.4909,-4.000,610.496,633.493,-11.498,0.102,0.320
112.5919,-3.000,640.104,634.584,2.760,11.577,0.320
112.6919,-3.000,647.834,660.723,-6.445,2.389,0.320
112.7889,-3.000,662.702,679.417,-8.357,0.493,0.320
112.8864,-3.000,678.946,696.477,-8.765,0.102,0.320
112.9858,-3.000,695.390,713.115,-8.863,0.021,0.320
113.0824,-3.000,711.803,729.596,-8.896,0.004,0.320
113.1830,-2.000,741.432,730.543,5.445,11.556,0.320
113.2829,-2.000,749.131,756.607,-3.738,2.385,0.320
113.3908,-2.000,763.964,775.248,-5.642,0.492,0.320
113.4884,-3.000,763.894,804.705,-20.405,-11.454,0.320
113.5858,-3.000,789.345,812.008,-11.331,-2.364,0.320
113.6838,-3.000,807.512,826.456,-9.472,-0.488,0.320
113.7813,-3.000,824.131,842.335,-9.102,-0.101,0.320
113.8909,-3.000,840.393,858.471,-9.039,-0.021,0.320
113.9867,-4.000,840.268,887.069,-23.400,-11.560,0.320
114.0838,-4.000,865.408,893.905,-14.248,-2.385,0.320
114.1906,-4.000,883.256,908.011,-12.378,-0.492,0.320
114.2876,-5.000,883.311,936.052,-26.371,-11.657,0.320
114.3865,-6.000,892.082,955.098,-31.508,-13.961,0.320
114.4869,-6.000,918.838,959.761,-20.461,-2.881,0.320
114.5848,-7.000,920.550,985.689,-32.570,-12.150,0.320
114.6815,-7.000,945.788,991.720,-22.966,-2.507,0.320
114.7803,-7.000,963.415,1005.446,-21.016,-0.517,0.320
114.8883,-7.000,979.499,1020.787,-20.644,-0.107,0.320
114.9851,-7.000,979.372,1020.569,-20.599,-0.022,0.320
115.0814,-8.000,962.922,1032.885,-34.982,-11.560,0.320
115.1899,-8.000,971.795,1023.499,-25.852,-2.385,0.320
115.2888,-8.000,973.426,1021.432,-24.003,-0.492,0.320
115.3850,-8.000,973.586,1020.901,-23.657,-0.102,0.320
115.4857,-8.000,973.464,1020.707,-23.622,-0.021,0.320
115.5833,-8.000,973.302,1020.602,-23.650,-0.004,0.320
115.6832,-8.000,973.147,1020.529,-23.691,-0.001,0.320
115.7814,-8.000,973.006,1020.476,-23.735,-0.000,0.320
115.8885,-8.000,972.879,1020.439,-23.780,-0.000,0.320
115.9845,-8.000,972.764,1020.413,-23.825,-0.000,0.320
116.0805,-8.000,972.660,1020.399,-23.869,-0.000,0.320
116.1803,-7.000,985.846,1004.952,-9.553,11.556,0.320
116.2881,-7.000,977.175,1014.701,-18.763,2.384,0.320
116.3858,-7.000,975.701,1017.091,-20.695,0.492,0.320
116.4833,-7.000,975.661,1017.910,-21.125,0.102,0.320
116.5799,-7.000,975.872,1018.361,-21.244,0.021,0.320
116.6870,-6.000,989.379,1003.257,-6.939,11.560,0.320
116.7862,-6.000,980.992,1013.286,-16.147,2.385,0.320
116.8834,-5.000,993.044,1000.470,-3.713,12.048,0.320
116.9841,-5.000,984.630,1011.235,-13.303,2.486,0.320
117.0855,-4.000,996.909,998.794,-0.942,12.069,0.320
117.1816,-4.000,988.740,1009.826,-10.543,2.490,0.320
117.2821,-4.000,987.957,1013.041,-12.542,0.514,0.320
117.3791,-4.000,988.561,1014.505,-12.972,0.106,0.320
117.4866,-4.000,989.333,1015.491,-13.079,0.022,0.320
117.5846,-4.000,990.041,1016.278,-13.119,0.005,0.320
117.6817,-4.000,990.650,1016.939,-13.145,0.001,0.320
117.7826,-5.000,974.885,1029.943,-27.529,-11.555,0.320
117.8808,-4.000,997.636,1005.685,-4.025,9.171,0.320
117.9886,-4.000,991.195,1013.846,-11.326,1.892,0.320
118.0881,-4.000,990.401,1016.101,-12.850,0.391,0.320
118.1862,-3.000,1003.971,1001.614,1.179,11.636,0.320
118.2850,-3.000,995.829,1011.976,-8.073,2.401,0.320
118.3820,-3.000,994.850,1014.842,-9.996,0.495,0.320
118.4848,-3.000,995.242,1016.054,-10.406,0.102,0.320
118.5826,-3.000,995.826,1016.833,-10.504,0.021,0.320
118.6834,-3.000,996.372,1017.446,-10.537,0.004,0.320
118.7796,-2.000,1010.125,1002.518,3.804,11.556,0.320
118.8875,-2.000,1001.943,1012.701,-5.379,2.385,0.320
118.9849,-2.000,1000.890,1015.456,-7.283,0.492,0.320
119.0829,-2.000,1001.211,1016.580,-7.685,0.102,0.320
119.1820,-1.000,1015.015,1001.846,6.585,11.577,0.320
119.2801,-1.000,1006.926,1012.143,-2.609,2.389,0.320
119.3780,-1.000,1005.963,1014.983,-4.510,0.493,0.320
119.4847,-1.000,1006.364,1016.178,-4.907,0.102,0.320
119.5818,-1.000,1006.956,1016.943,-4.993,0.021,0.320
119.6789,-0.000,1020.791,1002.100,9.346,11.560,0.320
119.7867,-0.000,1012.689,1012.347,0.171,2.385,0.320
119.8862,-0.000,1011.707,1015.151,-1.722,0.492,0.320
119.9837,-0.000,1012.091,1016.316,-2.113,0.102,0.320
120.0802,-0.000,1012.669,1017.055,-2.193,0.021,0.320
120.1867,-0.000,1013.212,1017.631,-2.210,0.004,0.320
120.2839,-0.000,1013.684,1018.110,-2.213,0.001,0.320
120.3815,-0.000,1014.087,1018.515,-2.214,0.000,0.320
120.4833,-0.000,1014.431,1018.859,-2.214,0.000,0.320
120.5809,-1.000,998.442,1031.593,-16.575,-11.556,0.320
120.6808,-1.000,1007.724,1022.543,-7.410,-2.384,0.320
120.7807,-1.000,1009.709,1020.755,-5.523,-0.492,0.320
120.8786,-1.000,1010.178,1020.455,-5.138,-0.102,0.320
120.9874,-1.000,1010.325,1020.451,-5.063,-0.021,0.320
121.0865,-1.000,1010.396,1020.501,-5.052,-0.004,0.320
121.1831,-1.000,1010.446,1020.554,-5.054,-0.001,0.320
121.2812,-0.000,1023.766,1005.162,9.302,11.555,0.320
121.3795,-0.000,1015.214,1014.952,0.131,2.384,0.320
121.4875,1.000,1026.289,1001.090,12.600,12.048,0.320
121.5861,1.000,1017.049,1010.961,3.044,2.486,0.320
121.6865,2.000,1027.791,996.916,15.438,12.069,0.320
121.7844,3.000,1030.761,990.297,20.232,14.046,0.320
121.8823,3.000,1019.580,1001.378,9.101,2.898,0.320
121.9800,4.000,1029.694,987.337,21.179,12.154,0.320
122.0786,4.000,1019.902,996.792,11.555,2.508,0.320
122.1860,4.000,1017.791,998.617,9.587,0.518,0.320
122.2828,5.000,1029.722,982.602,23.560,11.662,0.320
122.3798,6.000,1032.700,975.313,28.693,13.962,0.320
122.4767,6.000,1021.321,986.029,17.646,2.881,0.320
122.5851,7.000,1031.227,971.718,29.754,12.150,0.320
122.6819,7.000,1021.251,980.950,20.151,2.507,0.320
122.7777,7.000,1018.984,982.584,18.200,0.517,0.320
122.8849,7.000,1018.344,982.687,17.829,0.107,0.320
122.9809,7.000,1018.070,982.504,17.783,0.022,0.320
123.0799,7.000,1017.898,982.288,17.805,0.005,0.320
123.1778,6.000,1002.327,995.369,3.479,-11.555,0.320
123.2838,6.000,1011.973,986.606,12.683,-2.384,0.320
123.3799,5.000,998.833,998.337,0.248,-12.048,0.320
123.4808,5.000,1009.323,989.649,9.837,-2.486,0.320
123.5791,4.000,996.649,1001.695,-2.523,-12.069,0.320
123.6767,4.000,1007.483,993.327,7.078,-2.490,0.320
123.7760,4.000,1010.530,992.377,9.077,-0.514,0.320
123.8845,3.000,996.410,1006.118,-4.854,-11.662,0.320
123.9832,2.000,991.580,1011.467,-9.943,-13.962,0.320
124.0826,1.000,988.951,1015.376,-13.212,-14.437,0.320
124.1785,1.000,1002.459,1005.957,-1.749,-2.979,0.320
124.2755,-0.000,991.125,1018.606,-13.741,-12.170,0.320
124.3855,-1.000,986.562,1023.447,-18.443,-14.067,0.320
124.4840,-1.000,999.339,1013.907,-7.284,-2.903,0.320
124.5779,-1.000,1003.012,1012.984,-4.986,-0.599,0.320
124.6790,-2.000,988.370,1026.125,-18.877,-11.679,0.320
124.7759,-2.000,998.490,1017.729,-9.619,-2.410,0.320
124.8755,-3.000,984.843,1029.001,-22.079,-12.053,0.320
124.9849,-3.000,994.882,1019.942,-12.530,-2.487,0.320
125.0837,-4.000,951.833,1029.115,-19.039,-7.092,0.180
125.1836,-4.000,925.775,1024.602,-13.460,-1.493,0.180
125.2807,-4.000,897.967,1021.652,-12.302,-0.314,0.180
125.3773,-5.000,860.522,1024.576,-21.249,-6.635,0.180
125.4773,-5.000,840.935,1013.047,-16.037,-1.397,0.180
125.5746,-5.000,818.856,1003.902,-14.960,-0.294,0.180
125.6829,-4.000,805.277,983.766,-5.580,6.507,0.180
125.7814,-3.000,788.003,968.208,-1.564,7.938,0.180
125.8799,-3.000,763.047,963.482,-7.847,1.671,0.180
125.9759,-2.000,751.737,942.388,-0.008,6.920,0.180
126.0832,-1.000,737.384,925.022,3.692,8.025,0.180
126.1823,-1.000,715.122,918.548,-2.649,1.690,0.180
126.2817,-0.000,706.148,895.923,5.185,6.924,0.180
126.3794,1.000,693.191,876.645,8.892,8.026,0.180
126.4775,2.000,679.494,857.569,11.735,8.258,0.180
126.5775,3.000,665.723,838.108,14.399,8.307,0.180
126.6807,4.000,652.007,818.201,17.030,8.317,0.180
126.7788,5.000,638.365,797.889,19.659,8.319,0.180
126.8752,5.000,617.417,788.202,13.117,1.751,0.180
126.9835,6.000,609.112,762.092,20.933,6.937,0.180
127.0810,7.000,596.761,739.817,24.662,8.029,0.180
127.1801,8.000,583.589,718.181,27.533,8.259,0.180
127.2784,9.000,570.271,696.538,30.228,8.307,0.180
127.3767,11.000,564.319,663.798,42.064,14.886,0.180
127.4756,12.000,545.803,647.052,39.543,9.702,0.180
127.5830,13.000,531.407,626.100,41.119,8.611,0.180
127.6810,14.000,517.897,604.190,43.562,8.381,0.180
127.7782,14.000,497.217,592.988,37.018,1.764,0.180
127.8771,15.000,504.783,581.779,44.872,6.940,0.180
127.9741,16.000,508.012,574.853,48.645,8.029,0.180
128.0837,16.000,502.793,579.930,42.389,1.690,0.180
128.1822,17.000,509.797,569.205,50.311,6.924,0.180
128.2782,18.000,512.512,562.727,54.106,8.026,0.180
128.3766,18.000,506.851,568.190,47.864,1.690,0.180
128.4752,19.000,513.478,557.794,55.797,6.924,0.180
128.5740,20.000,515.771,551.698,59.499,8.026,0.180
128.6823,21.000,517.104,546.532,62.331,8.258,0.180
128.7793,21.000,510.811,552.567,55.811,1.739,0.180
128.8787,21.000,509.631,553.528,54.439,0.366,0.180
128.9770,22.000,516.874,542.498,63.318,6.645,0.180
129.0734,23.000,519.105,536.449,67.240,7.967,0.180
129.1811,23.000,512.878,542.431,60.950,1.677,0.180
129.2791,23.000,511.607,543.493,59.626,0.353,0.180
129.3763,23.000,511.373,543.549,59.347,0.074,0.180
129.4743,23.000,511.353,543.418,59.288,0.016,0.180
129.5833,23.000,511.373,543.270,59.276,0.003,0.180
129.6802,23.000,511.399,543.136,59.273,0.001,0.180
129.7783,23.000,511.422,543.020,59.273,0.000,0.180
129.8757,22.000,501.073,550.890,50.104,-6.568,0.180
129.9830,21.000,496.387,554.068,46.121,-7.951,0.180
130.0810,19.000,482.929,564.446,34.161,-14.811,0.180
130.1777,18.000,486.074,562.282,36.779,-9.686,0.180
130.2760,17.000,485.389,564.401,35.346,-8.608,0.180
130.3729,17.000,494.409,559.600,42.230,-1.812,0.180
130.4830,16.000,487.370,567.825,34.575,-6.950,0.180
130.5815,15.000,484.590,572.214,30.972,-8.032,0.180
130.6787,14.000,482.834,575.936,28.217,-8.259,0.180
130.7781,13.000,481.404,579.638,25.636,-8.307,0.180
130.8740,12.000,480.133,583.440,23.089,-8.317,0.180
130.9806,11.000,478.974,587.351,20.544,-8.319,0.180
131.0781,10.000,477.904,591.360,17.995,-8.320,0.180
131.1777,9.000,476.906,595.455,15.442,-8.320,0.180
131.2750,8.000,475.971,599.624,12.884,-8.320,0.180
131.3719,6.000,464.713,611.830,1.146,-14.888,0.180
131.4814,5.000,469.532,611.417,3.758,-9.703,0.180
131.5807,4.000,470.221,615.074,2.270,-8.611,0.180
131.6788,3.000,470.016,619.572,-0.084,-8.381,0.180
131.7760,1.000,459.229,632.208,-11.799,-14.901,0.180
131.8730,-1.000,453.439,639.570,-18.377,-16.274,0.180
131.9731,-2.000,458.978,637.767,-14.708,-9.995,0.180
132.0712,-4.000,448.000,647.720,-25.175,-15.241,0.180
132.1810,-6.000,440.631,653.019,-31.511,-16.345,0.180
132.2791,-8.000,433.678,657.012,-36.985,-16.578,0.180
132.3787,-10.000,426.520,660.454,-42.286,-16.627,0.180
132.4769,-12.000,419.069,663.547,-47.559,-16.637,0.180
132.5740,-14.000,411.342,666.369,-52.834,-16.639,0.180
132.6728,-15.000,414.348,661.593,-48.944,-10.071,0.180
132.7716,-17.000,401.023,669.215,-59.418,-15.257,0.180
132.8786,-19.000,391.609,672.581,-65.808,-16.349,0.180
132.9764,-21.000,383.009,674.840,-71.238,-16.579,0.180
133.0756,-22.000,385.434,669.425,-67.318,-10.059,0.180
133.1737,-23.000,382.636,669.081,-68.545,-8.686,0.180
133.2745,-25.000,367.722,677.125,-80.025,-14.965,0.180
133.3717,-26.000,368.649,672.759,-77.378,-9.719,0.180
133.4815,-26.000,376.360,665.124,-69.705,-2.046,0.180
133.5794,-27.000,367.040,670.909,-77.258,-6.999,0.180
133.6766,-28.000,361.595,672.750,-80.901,-8.042,0.180
133.7749,-29.000,356.943,673.737,-83.721,-8.261,0.180
133.8740,-30.000,352.440,674.526,-86.367,-8.308,0.180
133.9724,-31.000,347.951,675.257,-88.977,-8.317,0.180
134.0704,-32.000,343.453,675.962,-91.579,-8.319,0.180
134.1791,-33.000,338.940,676.650,-94.179,-8.320,0.180
134.2772,-34.000,334.414,677.324,-96.779,-8.320,0.180
134.3749,-35.000,329.878,677.988,-99.379,-8.320,0.180
134.4709,-36.000,325.332,678.642,-101.979,-8.320,0.180
134.5792,-37.000,320.777,679.287,-104.579,-8.320,0.180
134.6787,-38.000,316.216,679.926,-107.179,-8.320,0.180
134.7767,-39.000,311.649,680.559,-109.779,-8.320,0.180
134.8751,-40.000,307.077,681.187,-112.379,-8.320,0.180
134.9731,-41.000,302.501,681.811,-114.979,-8.320,0.180
135.0708,-42.000,297.922,682.431,-117.579,-8.320,0.180
135.1765,-43.000,293.339,683.049,-120.179,-8.320,0.180
135.2746,-44.000,288.754,683.663,-122.779,-8.320,0.180
135.3727,-45.000,284.166,684.276,-125.379,-8.320,0.180
135.4699,-45.000,290.545,677.518,-118.811,-1.752,0.180
135.5697,-46.000,280.799,683.343,-126.596,-6.937,0.180
135.6781,-47.000,275.140,685.067,-130.288,-8.029,0.180
135.7764,-47.000,281.307,678.557,-123.950,-1.690,0.180
135.8730,-47.000,282.495,677.077,-122.615,-0.356,0.180
135.9732,-48.000,271.684,684.040,-131.503,-6.643,0.180
136.0713,-48.000,276.793,678.660,-126.258,-1.399,0.180
136.1782,-49.000,266.813,684.809,-134.322,-6.863,0.180
136.2780,-49.000,272.103,679.263,-128.904,-1.445,0.180
136.3743,-49.000,273.135,678.013,-127.763,-0.304,0.180
136.4715,-49.000,273.283,677.681,-127.523,-0.064,0.180
136.5715,-50.000,262.287,684.920,-136.641,-6.582,0.180
136.6696,-50.000,267.386,679.627,-131.445,-1.386,0.180
136.7790,-50.000,268.398,678.451,-130.351,-0.292,0.180
136.8690,-50.000,268.558,678.151,-130.121,-0.061,0.180
136.9777,-51.000,257.579,685.411,-139.241,-6.581,0.180
137.0758,-51.000,262.694,680.135,-134.045,-1.386,0.180
137.1722,-51.000,263.720,678.973,-132.951,-0.292,0.180
137.2702,-51.000,263.892,678.684,-132.721,-0.061,0.180
137.3796,-51.000,263.891,678.586,-132.672,-0.013,0.180
137.4774,-51.000,263.859,678.534,-132.662,-0.003,0.180
137.5750,-51.000,263.825,678.496,-132.660,-0.001,0.180
137.6714,-51.000,263.795,678.465,-132.659,-0.000,0.180
137.7706,-51.000,263.770,678.439,-132.659,-0.000,0.180
137.8708,-51.000,263.748,678.417,-132.659,-0.000,0.180
137.9691,-51.000,263.729,678.399,-132.659,-0.000,0.180
138.0790,-51.000,263.713,678.383,-132.659,-0.000,0.180
138.1763,-51.000,263.700,678.369,-132.659,-0.000,0.180
138.2764,-50.000,271.657,667.990,-123.491,6.568,0.180
138.3752,-50.000,266.941,673.645,-128.676,1.383,0.180
138.4737,-50.000,266.249,675.137,-129.768,0.291,0.180
138.5737,-50.000,266.359,675.706,-129.998,0.061,0.180
138.6709,-50.000,266.600,676.044,-130.046,0.013,0.180
138.7692,-50.000,266.835,676.299,-130.057,0.003,0.180
138.8785,-50.000,267.042,676.510,-130.059,0.001,0.180
138.9766,-50.000,267.219,676.688,-130.059,0.000,0.180
139.0742,-50.000,267.369,676.839,-130.059,0.000,0.180
139.1723,-49.000,275.466,666.599,-120.891,6.568,0.180
139.2702,-49.000,270.869,672.373,-126.076,1.383,0.180
139.3775,-48.000,278.246,663.597,-118.000,6.860,0.180
139.4682,-48.000,273.736,669.918,-123.415,1.444,0.180
139.5750,-47.000,281.334,661.459,-115.387,6.872,0.180
139.6709,-47.000,277.043,668.019,-120.812,1.447,0.180
139.7717,-46.000,284.833,659.757,-112.786,6.873,0.180
139.8680,-45.000,288.675,656.114,-109.044,8.015,0.180
139.9742,-44.000,291.900,653.658,-106.203,8.256,0.180
140.0731,-43.000,295.178,651.634,-103.553,8.306,0.180
140.1711,-42.000,298.621,649.857,-100.942,8.317,0.180
140.2780,-41.000,302.231,648.262,-98.340,8.319,0.180
140.3750,-40.000,305.989,646.818,-95.739,8.320,0.180
140.4706,-39.000,309.872,645.502,-93.139,8.320,0.180
140.5706,-38.000,313.863,644.292,-90.539,8.320,0.180
140.6691,-37.000,317.945,643.174,-87.939,8.320,0.180
140.7762,-37.000,314.136,652.503,-94.508,1.752,0.180
140.8735,-36.000,323.068,645.863,-86.722,6.937,0.180
140.9679,-35.000,328.033,643.445,-83.030,8.029,0.180
141.0763,-35.000,324.277,652.367,-89.369,1.690,0.180
141.1723,-34.000,333.107,645.528,-81.535,6.924,0.180
141.2705,-34.000,329.986,653.341,-87.002,1.458,0.180
141.3690,-33.000,338.798,646.117,-78.984,6.875,0.180
141.4674,-33.000,335.545,653.720,-84.412,1.447,0.180
141.5759,-32.000,344.220,646.343,-76.386,6.873,0.180
141.6729,-30.000,356.782,633.084,-63.475,14.584,0.180
141.7708,-29.000,355.941,636.933,-65.821,9.639,0.180
141.8694,-28.000,359.078,636.952,-64.262,8.598,0.180
141.9665,-26.000,371.069,625.845,-52.712,14.947,0.180
142.0751,-24.000,378.581,620.283,-46.176,16.284,0.180
142.1724,-22.000,385.491,616.231,-40.694,16.565,0.180
142.2725,-20.000,392.565,612.786,-35.435,16.624,0.180
142.3704,-18.000,399.826,609.810,-30.316,16.637,0.180
142.4675,-15.000,415.340,596.738,-16.023,23.208,0.180
142.5753,-13.000,418.425,599.928,-16.076,18.023,0.180
142.6753,-11.000,425.744,599.144,-12.025,16.931,0.180
142.7762,-8.000,442.018,587.224,2.072,23.270,0.180
142.8662,-7.000,437.930,601.614,-7.166,11.467,0.180
142.9748,-4.000,458.639,585.460,11.265,22.119,0.180
143.0721,-1.000,471.513,578.259,21.302,24.362,0.180
143.1692,1.000,474.532,583.061,20.411,18.266,0.180
143.2681,3.000,481.189,581.853,24.343,16.982,0.180
143.3744,5.000,487.860,578.613,29.299,16.712,0.180
143.4721,7.000,493.898,574.292,34.479,16.655,0.180
143.5710,9.000,499.262,569.186,39.714,16.643,0.180
143.6692,11.000,504.027,563.442,44.968,16.641,0.180
143.7664,13.000,508.278,557.158,50.235,16.640,0.180
143.8746,16.000,519.465,539.443,64.687,23.208,0.180
143.9714,19.000,525.073,526.487,73.968,24.591,0.180
144.0672,21.000,521.772,525.341,72.891,18.314,0.180
144.1673,24.000,530.529,508.004,85.938,23.561,0.180
144.2680,25.000,520.151,516.490,76.506,11.529,0.180
144.3658,27.000,526.482,504.351,85.741,15.564,0.180
144.4745,28.000,522.094,506.201,82.622,9.845,0.180
144.5695,30.000,529.480,492.458,93.187,15.209,0.180
144.6664,30.000,517.771,504.764,81.179,3.202,0.180
144.7745,30.000,515.497,507.545,78.651,0.674,0.180
144.8713,31.000,522.549,497.325,87.287,6.710,0.180
144.9684,31.000,517.404,502.776,81.990,1.413,0.180
145.0661,31.000,516.419,504.021,80.875,0.297,0.180
145.1709,30.000,505.927,512.335,71.471,-6.506,0.180
145.2698,30.000,511.637,507.773,76.607,-1.370,0.180
145.3691,29.000,502.838,515.148,68.520,-6.857,0.180
145.4675,28.000,498.777,518.598,64.765,-8.012,0.180
145.5662,28.000,506.343,513.514,71.090,-1.687,0.180
145.6743,27.000,498.361,521.205,63.254,-6.924,0.180
145.7750,26.000,494.835,525.084,59.551,-8.026,0.180
145.8657,25.000,492.452,528.366,56.719,-8.258,0.180
145.9755,24.000,490.486,531.697,54.070,-8.307,0.180
146.0747,24.000,499.124,527.219,60.628,-1.749,0.180
146.1727,23.000,491.904,535.575,52.841,-6.937,0.180
146.2708,22.000,488.995,540.049,49.148,-8.029,0.180
146.3687,21.000,487.131,543.845,46.318,-8.259,0.180
146.4672,21.000,495.971,539.645,52.838,-1.739,0.180
146.5667,19.000,478.678,556.083,35.973,-13.503,0.180
146.6740,18.000,481.700,555.935,37.558,-9.411,0.180
146.7722,17.000,481.571,559.106,35.908,-8.550,0.180
146.8691,15.000,470.455,571.008,24.399,-14.937,0.180
146.9662,13.000,464.912,578.419,17.922,-16.281,0.180
147.0643,12.000,471.254,577.265,21.670,-9.996,0.180
147.1743,11.000,472.539,580.990,20.450,-8.673,0.180
147.2700,9.000,462.325,593.662,9.007,-14.963,0.180
147.3687,9.000,478.229,585.847,20.867,-3.150,0.180
147.4655,9.000,484.201,586.751,23.400,-0.663,0.180
147.5650,9.000,487.694,589.103,23.971,-0.140,0.180
147.6730,9.000,490.335,591.430,24.128,-0.029,0.180
147.7705,10.000,499.890,582.498,33.371,6.562,0.180
147.8716,10.000,496.526,589.391,28.243,1.382,0.180
147.9723,10.000,496.987,591.930,27.204,0.291,0.180
148.0710,11.000,505.458,582.409,36.200,6.630,0.180
148.1699,9.000,480.588,604.587,12.676,-11.741,0.180
148.2661,10.000,499.133,586.153,31.166,4.097,0.180
148.3654,9.000,487.125,598.856,18.810,-5.706,0.180
148.4635,7.000,472.724,612.047,5.014,-14.338,0.180
148.5712,7.000,486.566,603.177,16.370,-3.019,0.180
148.6676,5.000,470.351,618.818,0.442,-13.772,0.180
148.7652,2.000,452.885,634.596,-16.180,-22.605,0.180
148.8629,-2.000,431.830,651.217,-35.018,-31.033,0.180
148.9723,-4.000,438.487,645.590,-28.876,-19.670,0.180
149.0632,-7.000,424.512,655.641,-40.889,-23.846,0.180
149.1710,-9.000,424.187,654.431,-40.446,-18.157,0.180
149.2692,-7.000,456.769,621.743,-7.811,9.314,0.180
149.3672,-5.000,468.282,611.341,3.146,15.098,0.180
149.4647,-4.000,467.782,616.385,0.374,9.747,0.180
149.5652,-2.000,479.445,606.784,11.006,15.189,0.180
149.6731,-1.000,479.294,612.289,8.178,9.766,0.180
149.7685,1.000,490.701,602.432,18.810,15.193,0.180
149.8683,1.000,482.370,618.080,6.821,3.198,0.180
149.9654,1.000,482.960,623.710,4.301,0.673,0.180
150.0632,1.000,485.077,626.880,3.774,0.142,0.180
150.1715,2.000,494.591,618.260,12.841,6.598,0.180
150.2680,2.000,491.272,625.338,7.643,1.389,0.180
150.3650,2.000,491.784,628.023,6.556,0.292,0.180
150.4730,1.000,482.548,637.575,-2.838,-6.507,0.180
150.5707,1.000,489.325,634.067,2.304,-1.370,0.180
150.6693,-0.000,481.427,642.343,-5.782,-6.857,0.180
150.7674,-0.000,488.502,638.591,-0.369,-1.444,0.180
150.8660,1.000,498.427,627.890,9.944,6.265,0.180
150.9632,1.000,494.656,634.000,5.004,1.319,0.180
151.0715,1.000,494.615,636.031,3.968,0.278,0.180
151.1702,2.000,502.620,626.116,12.927,6.627,0.180
151.2678,2.000,498.087,632.026,7.706,1.395,0.180
151.3639,2.000,497.581,633.703,6.615,0.294,0.180
151.4719,2.000,497.857,634.421,6.393,0.062,0.180
151.5617,2.000,498.242,634.883,6.355,0.013,0.180
151.6709,1.000,488.227,643.216,-2.819,-6.566,0.180
151.7689,1.000,494.202,638.813,2.370,-1.382,0.180
151.8663,-0.000,485.592,646.357,-5.707,-6.859,0.180
151.9639,-1.000,481.081,649.363,-9.465,-8.013,0.180
152.0617,-3.000,466.315,658.650,-21.492,-14.824,0.180
152.1708,-4.000,467.700,655.008,-18.978,-9.689,0.180
152.2683,-5.000,464.896,655.294,-20.524,-8.608,0.180
152.3663,-7.000,450.148,663.701,-32.101,-14.949,0.180
152.4640,-8.000,451.245,659.614,-29.509,-9.716,0.180
152.5620,-9.000,448.129,659.588,-31.054,-8.614,0.180
152.6708,-10.000,444.074,660.373,-33.474,-8.382,0.180
152.7664,-10.000,450.750,653.918,-26.909,-1.765,0.180
152.8646,-10.000,452.184,652.671,-25.568,-0.371,0.180
152.9622,-10.000,452.505,652.509,-25.326,-0.078,0.180
153.0704,-10.000,452.583,652.567,-25.317,-0.016,0.180
153.1680,-10.000,452.601,652.663,-25.356,-0.003,0.180
153.2686,-10.000,452.601,652.762,-25.405,-0.001,0.180
153.3667,-10.000,452.591,652.855,-25.456,-0.000,0.180
153.4637,-11.000,441.601,660.315,-34.682,-6.568,0.180
153.5610,-11.000,446.729,655.187,-29.553,-1.383,0.180
153.6705,-11.000,447.764,654.153,-28.519,-0.291,0.180
153.7674,-12.000,436.963,661.354,-37.520,-6.630,0.180
153.8645,-12.000,442.104,656.152,-32.348,-1.396,0.180
153.9614,-12.000,443.118,655.087,-31.309,-0.294,0.180
154.0708,-13.000,432.293,662.269,-40.313,-6.630,0.180
154.1685,-13.000,437.411,657.054,-35.146,-1.396,0.180
154.2654,-13.000,438.404,655.979,-34.112,-0.294,0.180
154.3647,-14.000,427.560,663.153,-43.121,-6.630,0.180
154.4631,-14.000,432.662,657.931,-37.959,-1.396,0.180
154.5644,-15.000,422.667,664.225,-46.104,-6.862,0.180
154.6626,-15.000,427.933,658.812,-40.764,-1.445,0.180
154.7695,-15.000,428.934,657.688,-39.701,-0.304,0.180
154.8673,-16.000,418.069,664.846,-48.713,-6.632,0.180
154.9653,-16.000,423.147,659.618,-43.560,-1.396,0.180
155.0654,-17.000,413.129,665.909,-51.714,-6.862,0.180
155.1614,-17.000,418.374,660.496,-46.385,-1.445,0.180
155.2692,-17.000,419.355,659.372,-45.333,-0.304,0.180
155.3686,-17.000,419.446,659.160,-45.181,-0.064,0.180
155.4638,-17.000,419.356,659.146,-45.219,-0.013,0.180
155.5622,-17.000,419.235,659.180,-45.297,-0.003,0.180
155.6696,-17.000,419.111,659.228,-45.383,-0.001,0.180
155.7682,-17.000,418.992,659.285,-45.471,-0.000,0.180
155.8679,-17.000,418.876,659.346,-45.559,-0.000,0.180
155.9649,-17.000,418.765,659.411,-45.648,-0.000,0.180
156.0619,-18.000,407.683,666.854,-54.910,-6.568,0.180
156.1612,-18.000,412.729,661.715,-49.818,-1.383,0.180
156.2677,-19.000,402.714,668.051,-57.993,-6.860,0.180
156.3673,-19.000,407.967,662.671,-52.677,-1.444,0.180
156.4669,-20.000,398.084,668.845,-60.705,-6.872,0.180
156.5653,-21.000,392.466,670.712,-64.448,-8.015,0.180
156.6661,-21.000,398.699,664.290,-58.120,-1.687,0.180
156.7632,-22.000,388.982,670.246,-65.956,-6.924,0.180
156.8611,-23.000,383.381,672.050,-69.659,-8.026,0.180
156.9599,-24.000,378.636,672.968,-72.491,-8.258,0.180
157.0670,-24.000,385.029,666.322,-65.971,-1.739,0.180
157.1667,-25.000,375.325,672.210,-73.767,-6.934,0.180
157.2659,-25.000,380.678,666.614,-68.292,-1.460,0.180
157.3637,-26.000,370.759,672.727,-76.308,-6.876,0.180
157.4612,-26.000,376.070,667.181,-70.880,-1.448,0.180
157.5598,-27.000,366.144,673.307,-78.906,-6.873,0.180
157.6587,-28.000,360.487,675.134,-82.648,-8.015,0.180
157.7680,-29.000,355.719,676.046,-85.488,-8.256,0.180
157.8658,-29.000,362.098,669.390,-78.971,-1.738,0.180
157.9636,-29.000,363.352,667.900,-77.598,-0.366,0.180
158.0608,-29.000,363.541,667.511,-77.310,-0.077,0.180
158.1608,-28.000,371.485,656.997,-68.080,6.552,0.180
158.2605,-28.000,366.720,662.577,-73.253,1.379,0.180
158.3597,-27.000,373.946,653.644,-65.174,6.859,0.180
158.4610,-27.000,369.305,659.833,-70.589,1.444,0.180
158.5590,-27.000,368.824,661.632,-71.728,0.304,0.180
158.6674,-27.000,369.143,662.431,-71.968,0.064,0.180
158.7648,-28.000,358.600,670.326,-81.187,-6.555,0.180
158.8635,-27.000,372.118,655.157,-66.844,5.188,0.180
158.9610,-27.000,368.820,660.051,-70.940,1.092,0.180
159.0588,-27.000,368.636,661.592,-71.803,0.230,0.180
159.1666,-29.000,347.094,677.087,-90.321,-13.088,0.180
159.2650,-29.000,357.857,667.184,-79.988,-2.755,0.180
159.3618,-28.000,368.367,655.006,-68.644,5.988,0.180
159.4607,-28.000,364.430,660.524,-73.372,1.261,0.180
159.5609,-27.000,372.075,651.823,-65.199,6.834,0.180
159.6589,-26.000,375.700,647.902,-61.425,8.007,0.180
159.7668,-27.000,359.784,662.965,-76.915,-4.883,0.180
159.8646,-27.000,364.776,660.248,-73.060,-1.028,0.180
159.9620,-22.000,406.396,608.561,-26.407,32.626,0.180
160.0598,-22.000,383.861,637.540,-52.164,6.869,0.180
160.1577,-20.000,397.114,624.965,-39.250,14.583,0.180
160.2671,-16.000,420.680,598.375,-14.172,29.344,0.180
160.3651,-16.000,402.145,626.339,-37.421,6.178,0.180
160.4626,-12.000,433.087,593.812,-5.687,27.574,0.180
160.5593,-9.000,440.502,589.849,0.002,25.510,0.180
160.6660,-7.000,442.230,595.256,-1.837,18.507,0.180
160.7646,-4.000,457.536,584.815,11.036,23.602,0.180
160.8607,-4.000,445.450,610.036,-7.617,4.969,0.180
160.9603,-2.000,463.036,598.814,6.786,14.183,0.180
161.0579,-1.000,465.507,605.353,4.753,9.554,0.180
161.1652,-0.000,471.262,607.857,6.378,8.580,0.180
161.2663,1.000,476.872,608.666,8.778,8.375,0.180
161.3653,1.000,474.494,619.501,2.172,1.763,0.180
161.4617,3.000,491.448,602.535,19.132,13.508,0.180
161.5614,3.000,483.795,616.178,8.484,2.844,0.180
161.6594,4.000,491.485,609.980,15.428,7.167,0.180
161.7672,4.000,487.981,617.751,9.790,1.509,0.180
161.8572,5.000,495.998,609.762,17.794,6.886,0.180
161.9665,5.000,492.099,616.684,12.383,1.450,0.180
162.0653,7.000,507.013,597.140,29.612,13.442,0.180
162.1652,7.000,497.470,608.748,19.036,2.830,0.180
162.2631,9.000,510.897,589.876,35.186,13.733,0.180
162.3601,9.000,500.788,601.357,24.391,2.891,0.180
162.4611,11.000,513.882,582.228,40.503,13.745,0.180
162.5578,11.000,503.523,593.458,29.708,2.894,0.180
162.6661,11.000,501.666,596.056,27.481,0.609,0.180
162.7636,11.000,501.557,596.794,27.057,0.128,0.180
162.8599,12.000,509.154,586.132,36.187,6.595,0.180
162.9604,14.000,518.954,569.526,49.389,14.525,0.180
163.0581,14.000,507.667,581.029,37.995,3.058,0.180
163.1655,14.000,505.417,583.462,35.653,0.644,0.180
163.2632,15.000,512.433,573.001,44.391,6.704,0.180
163.3632,16.000,514.628,567.278,48.350,7.980,0.180
163.4601,16.000,508.412,573.496,42.134,1.680,0.180
163.5567,16.000,507.170,574.740,40.891,0.354,0.180
163.6570,16.000,506.974,574.936,40.695,0.074,0.180
163.7559,15.000,496.626,582.886,31.546,-6.553,0.180
163.8626,15.000,502.357,578.115,36.797,-1.380,0.180
163.9628,14.000,493.559,585.330,28.790,-6.859,0.180
164.0626,13.000,489.500,588.643,25.104,-8.012,0.180
164.1632,12.000,486.703,591.406,22.324,-8.255,0.180
164.2612,12.000,494.768,586.312,28.904,-1.738,0.180
164.3613,11.000,487.092,594.114,21.164,-6.934,0.180
164.4609,11.000,494.177,590.136,26.696,-1.460,0.180
164.5598,10.000,486.333,598.220,18.732,-6.876,0.180
164.6553,9.000,483.042,602.316,15.039,-8.016,0.180
164.7647,9.000,491.259,597.782,21.414,-1.688,0.180
164.8629,8.000,483.830,605.942,13.619,-6.924,0.180
164.9598,8.000,491.149,602.246,19.127,-1.458,0.180
165.0583,7.000,483.507,610.566,11.146,-6.875,0.180
165.1555,6.000,480.385,614.864,7.436,-8.016,0.180
165.2648,5.000,478.371,618.478,4.622,-8.256,0.180
165.3618,5.000,487.095,614.114,11.166,-1.738,0.180
165.4595,4.000,479.973,622.542,3.391,-6.934,0.180
165.5571,3.000,477.150,627.076,-0.288,-8.028,0.180
165.6554,3.000,485.730,622.949,6.066,-1.690,0.180
165.7561,2.000,478.599,631.466,-1.758,-6.924,0.180
165.8555,2.000,486.165,628.077,3.719,-1.458,0.180
165.9543,1.000,478.728,636.665,-4.293,-6.875,0.180
166.0651,-0.000,475.777,641.195,-8.034,-8.016,0.180
166.1645,-2.000,462.329,651.785,-20.052,-14.824,0.180
166.2628,-3.000,464.834,649.251,-17.533,-9.689,0.180
166.3608,-4.000,462.981,650.478,-19.073,-8.608,0.180
166.4602,-5.000,460.017,652.311,-21.471,-8.381,0.180
166.5591,-6.000,456.653,654.113,-24.054,-8.333,0.180
166.6568,-7.000,453.063,655.776,-26.681,-8.323,0.180
166.7545,-9.000,438.331,664.670,-38.494,-14.889,0.180
166.8631,-10.000,439.583,660.854,-35.960,-9.703,0.180
166.9638,-11.000,436.629,661.031,-37.525,-8.611,0.180
167.0614,-12.000,432.716,661.982,-39.958,-8.381,0.180
167.1594,-13.000,428.538,663.043,-42.577,-8.333,0.180
167.2571,-14.000,424.250,664.081,-45.240,-8.323,0.180
167.3554,-16.000,408.920,672.449,-57.089,-14.889,0.180
167.4633,-16.000,420.632,660.819,-45.418,-3.135,0.180
167.5623,-17.000,412.085,665.836,-52.200,-7.228,0.180
167.6592,-17.000,417.703,660.218,-46.582,-1.522,0.180
167.7574,-18.000,407.842,666.478,-54.642,-6.889,0.180
167.8564,-18.000,413.157,661.103,-49.298,-1.450,0.180
167.9648,-18.000,414.182,660.026,-48.246,-0.305,0.180
168.0628,-18.000,414.308,659.856,-48.099,-0.064,0.180
168.1588,-18.000,414.246,659.881,-48.142,-0.014,0.180
168.2566,-18.000,414.148,659.948,-48.225,-0.003,0.180
168.3537,-17.000,422.016,649.652,-39.142,6.568,0.180
168.4537,-16.000,425.185,645.021,-35.242,7.951,0.180
168.5622,-16.000,419.703,652.259,-41.603,1.674,0.180
168.6604,-15.000,427.019,644.037,-33.834,6.921,0.180
168.7580,-14.000,430.565,640.320,-30.202,8.025,0.180
168.8568,-14.000,425.584,648.156,-36.611,1.690,0.180
168.9550,-13.000,433.364,640.402,-28.844,6.924,0.180
169.0616,-12.000,437.315,637.074,-25.204,8.026,0.180
169.1592,-11.000,440.654,634.864,-22.429,8.258,0.180
169.2582,-10.000,444.031,633.047,-19.832,8.307,0.180
169.3574,-9.000,447.557,631.446,-17.269,8.317,0.180
169.4570,-9.000,443.263,640.378,-23.882,1.751,0.180
169.5538,-8.000,451.778,633.404,-16.137,6.937,0.180
169.6639,-7.000,456.388,630.704,-12.482,8.029,0.180
169.7526,-6.000,460.299,629.017,-9.683,8.259,0.180
169.8599,-6.000,456.193,638.013,-16.235,1.739,0.180
169.9604,-5.000,464.841,631.122,-8.465,6.934,0.180
170.0598,-5.000,461.587,638.869,-13.965,1.460,0.180
170.1567,-5.000,462.318,641.957,-15.144,0.307,0.180
170.2532,-6.000,452.699,651.222,-24.586,-6.504,0.180
170.3520,-6.000,459.152,647.469,-19.483,-1.369,0.180
170.4523,-6.000,461.349,647.566,-18.433,-0.288,0.180
170.5519,-7.000,451.547,655.718,-27.410,-6.629,0.180
170.6601,-7.000,457.543,651.320,-22.213,-1.396,0.180
170.7587,-7.000,459.287,650.934,-21.148,-0.294,0.180
170.8562,-7.000,460.060,651.315,-20.952,-0.062,0.180
170.9560,-7.000,460.563,651.794,-20.940,-0.013,0.180
171.0527,-6.000,468.927,641.863,-11.792,6.566,0.180
171.1603,-6.000,464.547,647.912,-17.007,1.382,0.180
171.2564,-6.000,464.134,649.744,-18.129,0.291,0.180
171.3550,-6.000,464.476,650.608,-18.390,0.061,0.180
171.4540,-6.000,464.909,651.200,-18.470,0.013,0.180
171.5608,-6.000,465.303,651.677,-18.511,0.003,0.180
171.6579,-6.000,465.640,652.080,-18.545,0.001,0.180
171.7560,-6.000,465.923,652.427,-18.576,0.000,0.180
171.8550,-6.000,466.159,652.726,-18.608,0.000,0.180
171.9520,-6.000,466.355,652.984,-18.639,0.000,0.180
172.0606,-7.000,455.544,660.582,-27.844,-6.568,0.180
172.1574,-7.000,460.827,655.567,-22.695,-1.383,0.180
172.2568,-7.000,461.997,654.626,-21.639,-0.291,0.180
172.3548,-7.000,462.287,654.530,-21.446,-0.061,0.180
172.4528,-7.000,462.382,654.600,-21.434,-0.013,0.180
172.5513,-7.000,462.426,654.697,-21.460,-0.003,0.180
172.6513,-7.000,462.451,654.790,-21.494,-0.001,0.180
172.7601,-8.000,451.492,662.251,-30.704,-6.569,0.180
172.8598,-7.000,464.623,646.746,-16.386,5.186,0.180
172.9575,-7.000,460.983,651.367,-20.516,1.092,0.180
173.0552,-8.000,449.529,660.057,-30.588,-6.339,0.180
173.1517,-8.000,454.816,655.419,-25.626,-1.334,0.180
173.2617,-8.000,456.104,654.683,-24.614,-0.281,0.180
173.3582,-8.000,456.519,654.738,-24.434,-0.059,0.180
173.4552,-8.000,456.724,654.932,-24.429,-0.012,0.180
173.5543,-7.000,464.835,644.760,-15.287,6.566,0.180
173.6549,-7.000,460.239,650.604,-20.507,1.382,0.180
173.7547,-7.000,459.642,652.262,-21.634,0.291,0.180
173.8517,-7.000,459.827,652.979,-21.900,0.061,0.180
173.9573,-7.000,460.126,653.447,-21.985,0.013,0.180
174.0522,-7.000,460.405,653.819,-22.032,0.003,0.180
174.1506,-7.000,460.643,654.135,-22.070,0.001,0.180
174.2603,-7.000,460.842,654.407,-22.107,0.000,0.180
174.3597,-7.000,461.005,654.644,-22.144,0.000,0.180
174.4576,-7.000,461.139,654.850,-22.180,0.000,0.180
174.5555,-7.000,461.247,655.031,-22.216,0.000,0.180
174.6533,-7.000,461.334,655.190,-22.253,0.000,0.180
174.7532,-7.000,461.402,655.331,-22.289,0.000,0.180
174.8599,-7.000,461.454,655.456,-22.326,0.000,0.180
174.9585,-7.000,461.493,655.568,-22.362,0.000,0.180
175.0581,-7.000,461.521,655.669,-22.398,0.000,0.180
175.1571,-7.000,461.539,655.760,-22.435,0.000,0.180
175.2564,-7.000,461.549,655.843,-22.471,0.000,0.180
175.3543,-7.000,461.552,655.918,-22.508,0.000,0.180
175.4501,-7.000,461.549,655.988,-22.544,0.000,0.180
175.5616,-7.000,461.541,656.053,-22.580,0.000,0.180
175.6603,-7.000,461.529,656.114,-22.617,0.000,0.180
175.7571,-6.000,469.487,645.797,-13.480,6.568,0.180
175.8564,-6.000,464.767,651.511,-18.696,1.383,0.180
175.9530,-6.000,464.067,653.057,-19.819,0.291,0.180
176.0590,-6.000,464.166,653.677,-20.080,0.061,0.180
176.1559,-6.000,464.391,654.063,-20.160,0.013,0.180
176.2552,-5.000,472.583,643.990,-11.028,6.571,0.180
176.3511,-5.000,468.070,649.905,-16.241,1.383,0.180
176.4501,-5.000,467.548,651.618,-17.360,0.291,0.180
176.5592,-4.000,475.772,642.007,-8.442,6.630,0.180
176.6565,-4.000,471.427,648.172,-13.697,1.396,0.180
176.7562,-3.000,479.052,639.695,-5.646,6.862,0.180
176.8536,-3.000,474.757,646.266,-11.079,1.445,0.180
176.9501,-3.000,474.568,648.389,-12.235,0.304,0.180
177.0576,-2.000,483.107,639.093,-3.317,6.632,0.180
177.1548,-1.000,487.013,635.145,0.610,7.965,0.180
177.2518,-1.000,482.202,642.920,-5.683,1.677,0.180
177.3497,-0.000,490.106,635.135,2.161,6.921,0.180
177.4577,1.000,493.566,631.176,5.871,8.026,0.180
177.5579,1.000,488.524,638.795,-0.460,1.690,0.180
177.6580,2.000,495.663,630.245,7.385,6.924,0.180
177.7548,3.000,498.482,625.628,11.102,8.026,0.180
177.8517,4.000,500.270,621.711,13.955,8.258,0.180
177.9502,4.000,494.366,628.805,7.456,1.739,0.180
178.0584,5.000,533.033,618.181,20.900,11.914,0.320
178.1557,5.000,548.932,633.893,11.472,2.459,0.320
178.2529,5.000,570.923,643.546,9.549,0.507,0.320
178.3518,5.000,593.264,652.877,9.174,0.105,0.320
178.4499,5.000,614.904,662.933,9.119,0.022,0.320
178.5486,5.000,635.743,673.810,9.130,0.004,0.320
178.6589,4.000,640.418,698.709,-5.206,-11.555,0.320
178.7545,3.000,654.216,715.663,-10.375,-13.940,0.320
178.8535,3.000,685.305,718.487,0.705,-2.876,0.320
178.9514,1.000,676.118,756.956,-25.717,-23.705,0.320
179.0512,-0.000,699.533,767.045,-21.260,-16.447,0.320
179.1580,-1.000,716.306,782.685,-22.568,-14.949,0.320
179.2488,-2.000,731.140,799.337,-25.070,-14.640,0.320
179.3494,-3.000,745.090,816.084,-27.823,-14.577,0.320
179.4484,-5.000,742.164,845.197,-44.993,-26.119,0.320
179.5585,-7.000,747.799,864.917,-53.014,-28.501,0.320
179.6575,-9.000,754.812,882.550,-59.156,-28.992,0.320
179.7548,-11.000,761.777,899.627,-64.919,-29.094,0.320
179.8529,-12.000,784.731,904.045,-56.252,-17.559,0.320
179.9504,-13.000,798.350,917.627,-56.744,-15.179,0.320
180.0473,-14.000,809.924,933.108,-59.132,-14.688,0.320
180.1561,-14.000,837.257,936.546,-47.553,-3.031,0.320
180.2537,-15.000,839.082,961.811,-59.587,-12.181,0.320
180.3514,-17.000,831.771,992.244,-78.726,-25.625,0.320
180.4485,-18.000,851.172,999.431,-72.845,-16.843,0.320
180.5487,-19.000,863.537,1013.600,-73.940,-15.031,0.320
180.6478,-20.000,874.519,1029.107,-76.366,-14.657,0.320
180.7551,-21.000,885.161,1044.916,-79.089,-14.580,0.320
180.8541,-22.000,879.788,1044.874,-81.873,-14.564,0.320
180.9512,-22.000,890.647,1032.414,-70.314,-3.005,0.320
181.0489,-23.000,876.161,1041.698,-82.284,-12.176,0.320
181.1568,-25.000,852.635,1056.123,-101.332,-25.624,0.320
181.2535,-25.000,872.165,1034.857,-80.996,-5.287,0.320
181.3523,-26.000,859.401,1042.306,-91.155,-12.647,0.320
181.4480,-27.000,852.448,1043.901,-95.474,-14.165,0.320
181.5466,-28.000,846.675,1044.279,-98.587,-14.479,0.320
181.6553,-28.000,857.405,1031.963,-87.096,-2.988,0.320
181.7553,-30.000,826.579,1053.762,-113.436,-23.728,0.320
181.8533,-31.000,828.321,1046.506,-108.960,-16.452,0.320
181.9524,-31.000,840.555,1032.586,-95.903,-3.395,0.320
182.0510,-32.000,826.274,1041.594,-107.565,-12.256,0.320
182.1494,-32.000,835.274,1031.111,-97.838,-2.529,0.320
182.2476,-32.000,836.663,1028.462,-95.831,-0.522,0.320
182.3552,-33.000,820.277,1039.938,-109.772,-11.663,0.320
182.4518,-33.000,828.955,1030.085,-100.515,-2.407,0.320
182.5512,-33.000,830.373,1027.668,-98.605,-0.497,0.320
182.6489,-33.000,830.349,1026.844,-98.211,-0.102,0.320
182.7463,-34.000,813.800,1038.832,-112.485,-11.577,0.320
182.8538,-35.000,806.278,1041.636,-117.653,-13.944,0.320
182.9518,-35.000,816.845,1030.061,-106.586,-2.877,0.320
183.0474,-36.000,802.427,1039.780,-118.658,-12.149,0.320
183.1462,-37.000,795.300,1042.074,-123.371,-14.063,0.320
183.2553,-38.000,789.633,1042.792,-126.566,-14.457,0.320
183.3520,-39.000,784.231,1043.149,-129.447,-14.539,0.320
183.4515,-39.000,795.127,1030.964,-117.909,-3.000,0.320
183.5506,-40.000,780.686,1040.469,-129.883,-12.175,0.320
183.6474,-40.000,789.752,1030.208,-120.221,-2.512,0.320
183.7555,-39.000,804.514,1012.269,-103.871,11.037,0.320
183.8532,-37.000,822.457,990.307,-83.920,25.389,0.320
183.9517,-35.000,830.150,980.876,-75.359,28.350,0.320
184.0489,-30.000,876.291,928.460,-26.081,63.628,0.320
184.1456,-20.000,963.381,829.434,66.976,128.685,0.320
184.2546,-10.000,1003.878,787.193,108.345,142.110,0.320
184.3506,-4.000,984.982,821.646,81.671,98.658,0.320
184.4500,1.000,987.838,837.533,75.154,78.136,0.320
184.5491,6.000,1003.503,833.600,84.953,73.901,0.320
184.6491,9.000,994.695,855.861,69.419,49.916,0.320
184.7460,12.000,1002.670,856.800,72.937,44.967,0.320
184.8445,14.000,1000.221,868.147,66.038,32.390,0.320
184.9530,16.000,1006.257,867.993,69.133,29.795,0.320
185.0530,18.000,1013.082,864.488,74.298,29.259,0.320
185.1511,20.000,1019.143,859.570,79.787,29.149,0.320
185.2500,22.000,1024.366,853.638,85.364,29.126,0.320
185.3461,24.000,1028.820,846.901,90.960,29.121,0.320
185.4445,25.000,1020.173,855.767,82.203,17.565,0.320
185.5528,27.000,1032.697,838.750,96.974,26.736,0.320
185.6517,28.000,1025.005,844.783,90.111,17.072,0.320
185.7503,28.000,1012.250,859.127,76.561,3.523,0.320
185.8509,28.000,1010.130,862.599,73.766,0.727,0.320
185.9509,28.000,1010.127,863.750,73.189,0.150,0.320
186.0506,27.000,995.060,877.633,58.714,-11.525,0.320
186.1485,27.000,1005.204,869.483,67.860,-2.378,0.320
186.2459,27.000,1007.939,868.443,69.748,-0.491,0.320
186.3446,27.000,1009.048,868.774,70.137,-0.101,0.320
186.4522,26.000,994.305,882.581,55.862,-11.576,0.320
186.5485,26.000,1004.595,874.496,65.050,-2.389,0.320
186.6462,25.000,991.993,886.813,52.590,-12.048,0.320
186.7541,25.000,1002.933,878.629,62.152,-2.486,0.320
186.8521,24.000,990.643,891.103,49.770,-12.069,0.320
186.9506,23.000,986.363,896.378,44.993,-14.046,0.320
187.0472,23.000,999.434,887.154,56.140,-2.898,0.320
187.1443,22.000,987.934,899.764,44.085,-12.154,0.320
187.2436,21.000,984.115,905.365,39.375,-14.063,0.320
187.3525,20.000,982.099,909.737,36.181,-14.458,0.320
187.4484,19.000,980.745,913.933,33.406,-14.539,0.320
187.5459,18.000,979.657,918.277,30.690,-14.556,0.320
187.6541,17.000,978.753,922.789,27.982,-14.559,0.320
187.7514,15.000,962.554,940.735,10.910,-26.115,0.320
187.8487,15.000,987.107,923.666,31.720,-5.389,0.320
187.9470,14.000,979.207,935.768,21.720,-12.668,0.320
188.0462,14.000,992.625,928.921,31.852,-2.614,0.320
188.1440,14.000,997.571,929.561,34.005,-0.539,0.320
188.2519,13.000,985.010,944.710,20.150,-11.667,0.320
188.3488,12.000,981.501,951.259,15.121,-13.963,0.320
188.4495,12.000,995.442,942.902,26.270,-2.881,0.320
188.5496,12.000,1000.169,942.921,28.624,-0.595,0.320
188.6464,12.000,1002.725,944.399,29.163,-0.123,0.320
188.7446,11.000,989.163,959.230,14.966,-11.581,0.320
188.8530,11.000,1000.455,952.017,24.219,-2.390,0.320
188.9426,10.000,988.706,965.073,11.816,-12.049,0.320
189.0513,9.000,984.938,970.791,7.074,-14.042,0.320
189.1484,9.000,998.462,961.926,18.268,-2.898,0.320
189.2457,8.000,987.351,974.837,6.257,-12.153,0.320
189.3523,7.000,983.865,980.692,1.586,-14.063,0.320
189.4497,6.000,982.132,985.280,-1.574,-14.458,0.320
189.5474,5.000,980.911,989.766,-4.427,-14.539,0.320
189.6456,4.000,979.925,994.369,-7.222,-14.556,0.320
189.7434,3.000,979.095,999.112,-10.009,-14.559,0.320
189.8507,2.000,978.389,1003.985,-12.798,-14.560,0.320
189.9512,1.000,977.785,1008.970,-15.593,-14.560,0.320
190.0486,-0.000,977.267,1014.053,-18.393,-14.560,0.320
190.1477,-2.000,959.700,1030.819,-35.559,-26.116,0.320
190.2481,-4.000,950.513,1037.646,-43.566,-28.500,0.320
190.3454,-4.000,975.107,1017.046,-20.970,-5.881,0.320
190.4439,-5.000,965.168,1026.540,-30.686,-12.769,0.320
190.5521,-7.000,944.023,1042.627,-49.302,-25.746,0.320
190.6488,-8.000,948.986,1035.524,-43.269,-16.868,0.320
190.7460,-9.000,946.638,1035.213,-44.287,-15.036,0.320
190.8436,-9.000,958.891,1023.700,-32.404,-3.103,0.320
190.9512,-10.000,945.337,1034.043,-44.353,-12.196,0.320
191.0512,-11.000,938.814,1036.997,-49.091,-14.072,0.320
191.1470,-12.000,933.623,1038.314,-52.346,-14.459,0.320
191.2475,-12.000,944.885,1026.759,-40.937,-2.984,0.320
191.3452,-13.000,930.780,1036.775,-52.997,-12.171,0.320
191.4457,-13.000,940.129,1026.950,-43.411,-2.512,0.320
191.5460,-13.000,941.848,1024.828,-41.490,-0.518,0.320
191.6450,-13.000,942.014,1024.318,-41.152,-0.107,0.320
191.7421,-13.000,941.880,1024.159,-41.140,-0.022,0.320
191.8420,-12.000,954.982,1008.649,-26.834,11.551,0.320
191.9509,-12.000,946.224,1018.361,-36.068,2.384,0.320
192.0486,-11.000,957.951,1005.283,-23.666,12.047,0.320
192.1479,-12.000,932.973,1028.274,-47.650,-9.070,0.320
192.2467,-12.000,940.760,1021.798,-40.519,-1.872,0.320
192.3440,-11.000,956.016,1005.496,-24.740,11.169,0.320
192.4511,-11.000,948.145,1015.478,-33.666,2.305,0.320
192.5482,-11.000,947.152,1018.266,-35.557,0.476,0.320
192.6444,-11.000,947.475,1019.467,-35.996,0.098,0.320
192.7429,-11.000,947.984,1020.255,-36.136,0.020,0.320
192.8508,-11.000,948.457,1020.884,-36.213,0.004,0.320
192.9478,-11.000,948.861,1021.417,-36.278,0.001,0.320
193.0447,-11.000,949.196,1021.877,-36.340,0.000,0.320
193.1422,-11.000,949.473,1022.277,-36.402,0.000,0.320
193.2402,-11.000,949.699,1022.627,-36.464,0.000,0.320
193.3489,-11.000,949.882,1022.933,-36.525,0.000,0.320
193.4483,-10.000,963.309,1007.761,-22.226,11.556,0.320
193.5462,-10.000,954.841,1017.747,-31.453,2.384,0.320
193.6448,-10.000,953.537,1020.340,-33.401,0.492,0.320
193.7408,-10.000,953.639,1021.334,-33.848,0.102,0.320
193.8507,-10.000,953.968,1021.937,-33.984,0.021,0.320
193.9401,-10.000,954.291,1022.406,-34.057,0.004,0.320
194.0493,-10.000,954.569,1022.802,-34.117,0.001,0.320
194.1459,-10.000,954.798,1023.144,-34.173,0.000,0.320
194.2452,-9.000,968.266,1008.003,-19.868,11.556,0.320
194.3450,-9.000,959.833,1018.013,-29.090,2.384,0.320
194.4416,-8.000,971.842,1005.185,-16.671,12.048,0.320
194.5496,-8.000,963.388,1015.943,-26.278,2.486,0.320
194.6486,-7.000,975.630,1003.499,-13.934,12.069,0.320
194.7460,-7.000,967.427,1014.531,-23.552,2.490,0.320
194.8424,-6.000,979.894,1002.307,-11.206,12.069,0.320
194.9493,-6.000,971.886,1013.523,-20.819,2.491,0.320
195.0440,-5.000,984.520,1001.456,-8.468,12.069,0.320
195.1406,-5.000,976.653,1012.803,-18.075,2.491,0.320
195.2513,-4.000,989.410,1000.846,-5.718,12.069,0.320
195.3490,-3.000,994.929,996.846,-0.959,14.046,0.320
195.4446,-3.000,985.910,1010.156,-12.123,2.898,0.320
195.5429,-2.000,998.698,998.856,-0.079,12.154,0.320
195.6506,-1.000,1004.455,995.204,4.625,14.063,0.320
195.7462,-1.000,995.682,1008.766,-6.542,2.902,0.320
195.8438,-0.000,1008.690,997.669,5.511,12.154,0.320
195.9427,-0.000,995.164,990.354,2.405,3.473,0.180
196.0400,-0.000,981.916,982.067,-0.076,0.992,0.180
196.1497,-0.000,970.145,971.714,-0.784,0.283,0.180
196.2479,-0.000,958.630,960.604,-0.987,0.081,0.180
196.3438,-0.000,947.047,949.136,-1.045,0.023,0.180
196.4423,1.000,935.500,934.150,0.675,1.292,0.180
196.5489,1.000,922.892,923.385,-0.247,0.369,0.180
196.6470,1.000,910.786,911.805,-0.510,0.105,0.180
196.7430,1.000,898.734,899.903,-0.584,0.030,0.180
196.8399,1.000,886.624,887.833,-0.605,0.009,0.180
196.9488,-0.000,871.256,875.949,-2.347,-1.283,0.180
197.0449,-0.000,860.180,863.040,-1.430,-0.367,0.180
197.1427,-1.000,845.042,850.851,-2.905,-1.390,0.180
197.2397,-1.000,834.010,837.835,-1.912,-0.397,0.180
197.3486,-3.000,815.570,825.775,-5.103,-2.685,0.180
197.4493,-3.000,805.613,811.988,-3.188,-0.767,0.180
197.5461,-5.000,787.563,799.795,-6.116,-2.791,0.180
197.6430,-6.000,774.493,786.219,-5.863,-2.083,0.180
197.7408,-8.000,757.647,773.356,-7.854,-3.167,0.180
197.8485,-9.000,745.069,759.742,-7.336,-2.190,0.180
197.9466,-9.000,735.084,746.643,-5.780,-0.626,0.180
198.0425,-7.000,724.396,728.131,-1.867,2.393,0.180
198.1397,-9.000,704.768,718.880,-7.056,-1.888,0.180
198.2385,-9.000,694.924,706.355,-5.716,-0.539,0.180
198.3476,-6.000,684.775,685.032,-0.129,3.703,0.180
198.4391,-2.000,672.525,664.191,4.167,6.201,0.180
198.5391,-2.000,658.121,658.648,-0.264,1.772,0.180
198.6468,1.000,647.236,639.878,3.679,4.363,0.180
198.7459,1.000,634.107,632.981,0.563,1.247,0.180
198.8436,5.000,623.503,610.263,6.620,5.499,0.180
198.9404,7.000,609.861,597.521,6.170,4.143,0.180
199.0478,9.000,597.139,583.758,6.690,3.755,0.180
199.1449,10.000,584.475,572.969,5.753,2.359,0.180
199.2427,13.000,571.665,555.665,8.000,4.531,0.180
199.3404,14.000,559.695,544.097,7.799,2.580,0.180
199.4474,16.000,559.095,543.095,8.000,3.309,0.180
199.5437,17.000,559.855,543.855,8.000,2.231,0.180
199.6413,18.000,560.440,544.440,8.000,1.923,0.180
199.7397,19.000,560.878,544.878,8.000,1.835,0.180
199.8409,20.000,561.190,545.190,8.000,1.810,0.180
199.9384,21.000,561.395,545.395,8.000,1.803,0.180
200.0376,22.000,561.510,545.510,8.000,1.801,0.180
200.1377,23.000,561.547,545.547,8.000,1.800,0.180
200.2388,23.000,563.079,547.079,8.000,0.514,0.180
200.3370,24.000,562.821,546.821,8.000,1.433,0.180
200.4456,25.000,562.541,546.541,8.000,1.695,0.180
200.5439,25.000,563.804,547.804,8.000,0.484,0.180
200.6410,26.000,563.317,547.317,8.000,1.424,0.180
200.7389,27.000,562.843,546.843,8.000,1.693,0.180
200.8467,27.000,563.940,547.940,8.000,0.484,0.180
200.9412,27.000,564.873,548.873,8.000,0.138,0.180
201.0372,28.000,564.106,548.106,8.000,1.325,0.180
201.1367,28.000,564.954,548.954,8.000,0.379,0.180
201.2456,29.000,564.114,548.114,8.000,1.394,0.180
201.3367,29.000,564.901,548.901,8.000,0.398,0.180
201.4457,29.000,565.570,549.570,8.000,0.114,0.180
201.5430,30.000,564.578,548.578,8.000,1.318,0.180
201.6412,30.000,565.235,549.235,8.000,0.377,0.180
201.7385,30.000,565.793,549.793,8.000,0.108,0.180
201.8360,31.000,564.708,548.708,8.000,1.316,0.180
201.9445,31.000,565.286,549.286,8.000,0.376,0.180
202.0417,31.000,565.777,549.777,8.000,0.107,0.180
202.1395,32.000,564.634,548.634,8.000,1.316,0.180
202.2371,32.000,565.163,549.163,8.000,0.376,0.180
202.3459,32.000,565.612,549.612,8.000,0.107,0.180
202.4459,32.000,565.994,549.994,8.000,0.031,0.180
202.5457,33.000,564.758,548.758,8.000,1.294,0.180
202.6443,33.000,565.208,549.208,8.000,0.370,0.180
202.7445,33.000,565.591,549.591,8.000,0.106,0.180
202.8412,33.000,565.916,549.916,8.000,0.030,0.180
202.9379,33.000,566.192,550.192,8.000,0.009,0.180
203.0362,34.000,564.867,548.867,8.000,1.288,0.180
203.1362,34.000,565.241,549.241,8.000,0.368,0.180
203.2443,34.000,565.559,549.559,8.000,0.105,0.180
203.3412,35.000,564.268,548.268,8.000,1.316,0.180
203.4382,35.000,564.672,548.672,8.000,0.376,0.180
203.5458,35.000,565.015,549.015,8.000,0.107,0.180
203.6416,35.000,565.306,549.306,8.000,0.031,0.180
203.7385,35.000,565.554,549.554,8.000,0.009,0.180
203.8367,35.000,565.765,549.765,8.000,0.003,0.180
203.9445,34.000,564.504,548.504,8.000,-1.285,0.180
204.0419,34.000,564.932,548.932,8.000,-0.367,0.180
204.1384,34.000,565.296,549.296,8.000,-0.105,0.180
204.2357,34.000,565.605,549.605,8.000,-0.030,0.180
204.3444,34.000,565.868,549.868,8.000,-0.009,0.180
204.4434,34.000,566.092,550.092,8.000,-0.002,0.180
204.5419,33.000,564.842,548.842,8.000,-1.286,0.180
204.6373,33.000,565.279,549.279,8.000,-0.368,0.180
204.7447,33.000,565.651,549.651,8.000,-0.105,0.180
204.8396,32.000,564.527,548.527,8.000,-1.316,0.180
204.9382,32.000,565.072,549.072,8.000,-0.376,0.180
205.0358,31.000,564.095,548.095,8.000,-1.393,0.180
205.1441,31.000,564.764,548.764,8.000,-0.398,0.180
205.2396,31.000,565.333,549.333,8.000,-0.114,0.180
205.3397,31.000,565.817,549.817,8.000,-0.032,0.180
205.4386,30.000,564.788,548.788,8.000,-1.295,0.180
205.5353,30.000,565.414,549.414,8.000,-0.370,0.180
205.6349,30.000,565.945,549.945,8.000,-0.106,0.180
205.7449,30.000,566.397,550.397,8.000,-0.030,0.180
205.8452,29.000,565.342,549.342,8.000,-1.294,0.180
205.9438,28.000,564.504,548.504,8.000,-1.656,0.180
206.0418,28.000,565.292,549.292,8.000,-0.473,0.180
206.1415,28.000,565.962,549.962,8.000,-0.135,0.180
206.2392,27.000,565.092,549.092,8.000,-1.324,0.180
206.3379,27.000,565.852,549.852,8.000,-0.378,0.180
206.4364,26.000,565.058,549.058,8.000,-1.394,0.180
206.5447,26.000,565.883,549.883,8.000,-0.398,0.180
206.6422,25.000,565.144,549.144,8.000,-1.399,0.180
206.7418,25.000,566.016,550.016,8.000,-0.400,0.180
206.8387,25.000,566.757,550.757,8.000,-0.114,0.180
206.9386,25.000,567.388,551.388,8.000,-0.033,0.180
207.0356,24.000,566.483,550.483,8.000,-1.295,0.180
207.1425,24.000,567.214,551.214,8.000,-0.370,0.180
207.2406,24.000,567.836,551.836,8.000,-0.106,0.180
207.3375,23.000,566.924,550.924,8.000,-1.316,0.180
207.4434,23.000,567.649,551.649,8.000,-0.376,0.180
207.5408,22.000,566.314,551.337,7.489,-1.393,0.180
207.6389,22.000,567.626,551.626,8.000,-0.398,0.180
207.7360,22.000,568.306,552.306,8.000,-0.114,0.180
207.8340,21.000,566.557,552.330,7.114,-1.318,0.180
207.9396,21.000,568.211,552.211,8.000,-0.377,0.180
208.0419,20.000,566.011,552.834,6.588,-1.393,0.180
208.1394,20.000,567.837,552.669,7.584,-0.398,0.180
208.2364,18.000,562.492,553.666,4.413,-2.685,0.180
208.3333,17.000,562.401,553.180,4.610,-2.053,0.180
208.4427,17.000,565.138,552.954,6.092,-0.587,0.180
208.5393,16.000,563.462,553.883,4.790,-1.453,0.180
208.6364,15.000,562.521,554.310,4.105,-1.701,0.180
208.7333,14.000,561.854,554.660,3.597,-1.772,0.180
208.8413,14.000,564.498,554.747,4.875,-0.506,0.180
208.9389,13.000,562.856,555.830,3.513,-1.430,0.180
209.0363,13.000,565.151,556.059,4.546,-0.409,0.180
209.1357,12.000,563.351,557.125,3.113,-1.402,0.180
209.2362,11.000,562.375,557.597,2.389,-1.686,0.180
209.3348,11.000,564.876,557.668,3.604,-0.482,0.180
209.4437,11.000,566.323,558.407,3.958,-0.138,0.180
209.5412,10.000,564.183,559.524,2.329,-1.325,0.180
209.6399,9.000,563.028,559.931,1.548,-1.664,0.180
209.7351,9.000,565.407,559.916,2.745,-0.476,0.180
209.8326,8.000,563.582,560.869,1.356,-1.422,0.180
209.9407,8.000,565.735,560.977,2.379,-0.406,0.180
210.0389,8.000,566.992,561.640,2.676,-0.116,0.180
210.1367,7.000,564.722,562.663,1.030,-1.319,0.180
210.2349,7.000,566.640,562.684,1.978,-0.377,0.180
210.3425,7.000,567.740,563.233,2.254,-0.108,0.180
210.4388,6.000,565.348,564.147,0.600,-1.316,0.180
210.5366,6.000,567.165,564.073,1.546,-0.376,0.180
210.6341,6.000,568.180,564.540,1.820,-0.107,0.180
210.7328,6.000,568.892,565.088,1.902,-0.031,0.180
210.8405,6.000,569.454,565.596,1.929,-0.009,0.180
210.9395,5.000,578.386,582.925,-2.269,-11.557,0.320
211.0377,5.000,602.635,588.772,6.931,-2.385,0.320
211.1372,5.000,619.734,602.030,8.852,-0.492,0.320
211.2327,4.000,620.000,630.182,-5.091,-11.657,0.320
211.3414,4.000,645.239,636.872,4.184,-2.405,0.320
211.4418,4.000,663.128,650.898,6.115,-0.496,0.320
211.5388,5.000,691.937,650.152,20.892,11.453,0.320
211.6363,5.000,698.689,675.028,11.831,2.363,0.320
211.7330,5.000,712.671,692.704,9.983,0.488,0.320
211.8413,5.000,728.154,708.906,9.624,0.101,0.320
211.9418,6.000,756.396,708.529,23.933,11.576,0.320
212.0318,6.000,762.972,733.414,14.779,2.389,0.320
212.1407,6.000,776.868,751.034,12.917,0.493,0.320
212.2404,7.000,804.734,750.892,26.921,11.657,0.320
212.3396,7.000,811.191,775.775,17.708,2.405,0.320
212.4399,7.000,825.028,793.352,15.838,0.496,0.320
212.5398,7.000,840.411,809.444,15.483,0.102,0.320
212.6399,7.000,856.134,825.251,15.441,0.021,0.320
212.7388,7.000,871.943,841.016,15.464,0.004,0.320
212.8363,8.000,900.227,840.505,29.861,11.556,0.320
212.9337,8.000,906.791,865.323,20.734,2.385,0.320
213.0419,8.000,920.667,882.896,18.886,0.492,0.320
213.1372,8.000,936.075,898.995,18.540,0.102,0.320
213.2342,8.000,951.817,914.808,18.504,0.021,0.320
213.3331,7.000,952.202,943.859,4.171,-11.551,0.320
213.4403,6.000,962.365,964.331,-0.983,-13.939,0.320
213.5379,5.000,974.928,983.424,-4.248,-14.432,0.320
213.6356,5.000,1003.751,989.282,7.234,-2.978,0.320
213.7328,4.000,991.912,1001.383,-4.736,-12.170,0.320
213.8326,4.000,1003.205,993.314,4.946,-2.511,0.320
213.9329,3.000,991.150,1005.950,-7.400,-12.074,0.320
214.0398,3.000,1002.495,998.097,2.199,-2.491,0.320
214.1397,2.000,990.533,1010.868,-10.168,-12.070,0.320
214.2416,1.000,986.525,1016.403,-14.939,-14.046,0.320
214.3400,1.000,999.828,1007.399,-3.785,-2.898,0.320
214.4387,-0.000,988.520,1020.201,-15.841,-12.154,0.320
214.5367,-1.000,984.019,1025.131,-20.556,-14.063,0.320
214.6356,-2.000,980.576,1028.099,-23.761,-14.458,0.320
214.7345,-3.000,977.056,1030.375,-26.659,-14.539,0.320
214.8327,-4.000,973.269,1032.266,-29.499,-14.556,0.320
214.9399,-5.000,969.211,1033.871,-32.330,-14.559,0.320
215.0391,-6.000,964.914,1035.243,-35.164,-14.560,0.320
215.1387,-6.000,976.693,1023.979,-23.643,-3.004,0.320
215.2365,-7.000,962.981,1034.287,-35.653,-12.176,0.320
215.3327,-8.000,956.378,1037.158,-40.390,-14.068,0.320
215.4306,-8.000,967.412,1025.952,-29.270,-2.903,0.320
215.5407,-8.000,969.598,1023.619,-27.011,-0.599,0.320
215.6370,-9.000,953.685,1035.567,-40.941,-11.679,0.320
215.7365,-9.000,962.718,1026.164,-31.723,-2.410,0.320
215.8332,-9.000,964.423,1024.144,-29.860,-0.497,0.320
215.9385,-10.000,948.353,1036.107,-43.877,-11.658,0.320
216.0367,-10.000,957.304,1026.665,-34.681,-2.406,0.320
216.1344,-10.000,958.948,1024.603,-32.827,-0.496,0.320
216.2330,-10.000,959.109,1024.088,-32.489,-0.102,0.320
216.3310,-10.000,958.983,1023.911,-32.464,-0.021,0.320
216.4311,-11.000,942.535,1036.264,-46.865,-11.560,0.320
216.5386,-11.000,951.406,1026.910,-37.752,-2.385,0.320
216.6374,-11.000,953.033,1024.873,-35.920,-0.492,0.320
216.7377,-11.000,953.188,1024.370,-35.591,-0.102,0.320
216.8376,-11.000,953.059,1024.203,-35.572,-0.021,0.320
216.9334,-11.000,952.888,1024.122,-35.617,-0.004,0.320
217.0326,-12.000,936.442,1036.515,-50.036,-11.556,0.320
217.1306,-11.000,958.605,1011.746,-26.571,9.171,0.320
217.2391,-11.000,951.657,1019.479,-33.911,1.892,0.320
217.3375,-11.000,950.428,1021.376,-35.474,0.390,0.320
217.4358,-10.000,963.621,1006.590,-21.485,11.636,0.320
217.5320,-10.000,955.153,1016.704,-30.776,2.401,0.320
217.6307,-10.000,953.891,1019.365,-32.737,0.495,0.320
217.7292,-9.000,967.317,1004.968,-18.825,11.658,0.320
217.8404,-9.000,959.102,1015.358,-28.128,2.406,0.320
217.9395,-8.000,971.348,1002.801,-15.726,12.052,0.320
218.0363,-8.000,963.106,1013.778,-25.336,2.487,0.320
218.1348,-8.000,962.250,1016.959,-27.355,0.513,0.320
218.2321,-8.000,962.786,1018.400,-27.807,0.106,0.320
218.3395,-8.000,963.497,1019.368,-27.936,0.022,0.320
218.4374,-8.000,964.149,1020.145,-27.998,0.005,0.320
218.5345,-8.000,964.708,1020.800,-28.046,0.001,0.320
218.6305,-8.000,965.178,1021.361,-28.092,0.000,0.320
218.7391,-8.000,965.571,1021.845,-28.137,0.000,0.320
218.8369,-8.000,965.899,1022.262,-28.181,0.000,0.320
218.9335,-8.000,966.171,1022.624,-28.226,0.000,0.320
219.0323,-8.000,966.396,1022.938,-28.271,0.000,0.320
219.1305,-7.000,979.861,1007.770,-13.955,11.556,0.320
219.2297,-6.000,984.708,1002.316,-8.804,13.940,0.320
219.3378,-6.000,974.853,1014.655,-19.901,2.877,0.320
219.4372,-6.000,973.592,1018.027,-22.217,0.594,0.320
219.5343,-5.000,987.266,1003.988,-8.361,11.678,0.320
219.6306,-4.000,992.596,999.188,-3.296,13.965,0.320
219.7393,-3.000,996.496,996.578,-0.041,14.437,0.320
219.8386,-2.000,1000.351,994.660,2.845,14.535,0.320
219.9380,-2.000,991.127,1008.530,-8.701,2.999,0.320
220.0351,-1.000,1003.991,997.455,3.268,12.174,0.320
220.1354,-0.000,1009.865,993.942,7.962,14.068,0.320
220.2308,-0.000,1001.203,1007.610,-3.203,2.903,0.320
220.3290,1.000,1013.469,995.761,8.854,12.155,0.320
220.4379,2.000,1017.946,990.797,13.574,14.064,0.320
220.5373,3.000,1020.529,986.960,16.785,14.458,0.320
220.6350,3.000,1010.039,999.384,5.327,2.983,0.320
220.7316,4.000,1020.952,986.276,17.338,12.171,0.320
220.8311,4.000,1011.881,996.480,7.700,2.512,0.320
220.9383,5.000,1022.833,982.652,20.091,12.074,0.320
221.0384,4.000,998.115,1005.765,-3.825,-9.064,0.320
221.1352,4.000,1006.149,999.366,3.391,-1.870,0.320
221.2329,4.000,1008.351,998.555,4.898,-0.386,0.320
221.3326,4.000,1009.271,998.817,5.227,-0.080,0.320
221.4313,4.000,1009.859,999.234,5.313,-0.016,0.320
221.5298,3.000,994.880,1012.906,-9.013,-11.559,0.320
221.6378,3.000,1005.015,1004.661,0.177,-2.385,0.320
221.7372,3.000,1007.728,1003.554,2.087,-0.492,0.320
221.8342,3.000,1008.819,1003.829,2.495,-0.102,0.320
221.9314,4.000,1021.937,988.031,16.953,11.535,0.320
222.0290,4.000,1013.167,997.524,7.821,2.380,0.320
222.1362,3.000,996.166,1012.979,-8.407,-11.064,0.320
222.2331,4.000,1018.248,988.743,14.753,9.272,0.320
222.3308,3.000,996.055,1009.945,-6.945,-9.642,0.320
222.4292,3.000,1004.803,1003.355,0.724,-1.990,0.320
222.5369,3.000,1007.316,1002.676,2.320,-0.411,0.320
222.6356,3.000,1008.438,1003.113,2.663,-0.085,0.320
222.7357,3.000,1009.185,1003.691,2.747,-0.017,0.320
222.8335,4.000,1022.220,987.943,17.139,11.552,0.320
222.9337,4.000,978.030,1001.954,7.640,2.432,0.180
223.0327,4.000,944.567,1004.992,5.741,0.512,0.180
223.1307,4.000,915.279,1003.644,5.358,0.108,0.180
223.2287,4.000,888.569,999.538,5.293,0.023,0.180
223.3356,4.000,863.847,993.292,5.296,0.005,0.180
223.4348,5.000,848.145,974.297,14.487,6.569,0.180
223.5326,5.000,821.250,969.924,9.327,1.383,0.180
223.6304,6.000,807.007,949.215,17.434,6.860,0.180
223.7302,5.000,771.675,950.664,2.876,-5.124,0.180
223.8273,6.000,764.886,923.277,16.122,5.490,0.180
223.9341,6.000,742.977,914.361,11.819,1.156,0.180
224.0320,7.000,732.429,890.334,20.111,6.812,0.180
224.1292,9.000,725.244,859.155,33.117,14.571,0.180
224.2273,9.000,697.549,855.466,21.661,3.068,0.180
224.3364,10.000,686.669,831.296,28.459,7.214,0.180
224.4338,11.000,672.796,810.001,31.990,8.087,0.180
224.5332,12.000,658.474,789.056,34.836,8.271,0.180
224.6311,13.000,644.210,767.968,37.542,8.310,0.180
224.7283,14.000,630.091,746.664,40.223,8.318,0.180
224.8266,15.000,616.114,725.156,42.903,8.320,0.180
224.9337,15.000,594.890,714.443,36.413,1.751,0.180
225.0303,15.000,578.985,698.427,35.108,0.369,0.180
225.1276,16.000,571.659,670.246,44.068,6.646,0.180
225.2355,17.000,559.449,646.899,48.078,7.968,0.180
225.3342,17.000,538.884,635.467,41.877,1.677,0.180
225.4321,18.000,530.738,608.041,49.814,6.922,0.180
225.5302,18.000,511.119,595.649,44.443,1.457,0.180
225.6295,18.000,495.875,578.909,43.387,0.307,0.180
225.7286,19.000,504.569,566.485,52.412,6.633,0.180
225.8273,20.000,507.920,559.364,56.344,7.965,0.180
225.9329,20.000,502.638,564.441,50.056,1.677,0.180
226.0323,20.000,502.169,564.735,48.732,0.353,0.180
226.1302,21.000,509.986,553.170,57.621,6.643,0.180
226.2300,21.000,505.329,557.641,52.377,1.398,0.180
226.3282,22.000,512.093,547.119,60.442,6.863,0.180
226.4269,22.000,507.070,551.948,55.024,1.445,0.180
226.5365,22.000,506.265,552.588,53.883,0.304,0.180
226.6341,22.000,506.310,552.403,53.643,0.064,0.180
226.7318,23.000,513.870,541.123,62.761,6.582,0.180
226.8282,22.000,498.481,553.950,48.396,-5.183,0.180
226.9288,22.000,503.202,550.052,52.488,-1.091,0.180
227.0259,22.000,504.599,549.354,53.349,-0.230,0.180
227.1329,22.000,505.235,549.313,53.530,-0.048,0.180
227.2320,21.000,495.292,557.362,44.400,-6.579,0.180
227.3325,20.000,490.926,560.717,40.425,-7.953,0.180
227.4291,19.000,488.102,563.281,37.635,-8.243,0.180
227.5280,18.000,485.807,565.956,35.067,-8.304,0.180
227.6365,17.000,483.814,568.872,32.543,-8.317,0.180
227.7347,15.000,471.673,579.998,20.850,-14.888,0.180
227.8329,13.000,465.376,586.632,14.334,-16.271,0.180
227.9300,11.000,460.728,592.766,8.900,-16.562,0.180
228.0286,10.000,467.155,591.202,12.859,-10.055,0.180
228.1280,8.000,457.996,602.695,2.502,-15.254,0.180
228.2358,6.000,453.351,610.524,-3.761,-16.348,0.180
228.3351,3.000,439.544,625.838,-18.344,-23.147,0.180
228.4348,1.000,442.245,628.616,-18.402,-18.010,0.180
228.5313,-0.000,451.441,627.679,-13.352,-10.360,0.180
228.6294,-3.000,431.722,646.617,-32.694,-21.886,0.180
228.7282,-5.000,431.218,648.258,-33.778,-17.744,0.180
228.8259,-6.000,437.720,645.122,-28.969,-10.304,0.180
228.9340,-9.000,415.842,662.061,-48.386,-21.875,0.180
229.0326,-10.000,424.499,654.606,-40.337,-11.174,0.180
229.1298,-12.000,413.338,662.589,-49.915,-15.489,0.180
229.2265,-13.000,416.185,659.441,-46.923,-9.829,0.180
229.3349,-14.000,414.280,660.489,-48.404,-8.638,0.180
229.4333,-16.000,400.219,669.622,-60.005,-14.955,0.180
229.5312,-17.000,401.878,666.175,-57.455,-9.717,0.180
229.6277,-18.000,399.229,666.703,-59.046,-8.614,0.180
229.7251,-20.000,384.694,675.236,-70.582,-14.950,0.180
229.8323,-20.000,396.948,663.880,-58.779,-3.147,0.180
229.9299,-22.000,377.879,676.512,-74.631,-13.799,0.180
230.0280,-23.000,378.071,673.249,-72.905,-9.474,0.180
230.1269,-24.000,374.778,673.332,-74.595,-8.563,0.180
230.2347,-25.000,370.706,674.074,-77.003,-8.371,0.180
230.3323,-26.000,366.433,674.918,-79.562,-8.331,0.180
230.4281,-27.000,362.084,675.752,-82.154,-8.322,0.180
230.5267,-27.000,368.661,669.187,-75.584,-1.752,0.180
230.6252,-28.000,359.082,675.177,-83.369,-6.937,0.180
230.7327,-29.000,353.565,677.042,-87.061,-8.029,0.180
230.8304,-29.000,359.852,670.651,-80.722,-1.690,0.180
230.9277,-30.000,350.174,676.641,-88.556,-6.924,0.180
231.0246,-30.000,355.574,671.107,-83.089,-1.458,0.180
231.1356,-31.000,345.699,677.267,-91.107,-6.875,0.180
231.2357,-32.000,340.080,679.129,-94.848,-8.016,0.180
231.3238,-32.000,346.312,672.703,-88.519,-1.688,0.180
231.4302,-32.000,347.562,671.288,-87.187,-0.355,0.180
231.5258,-33.000,336.804,678.306,-96.075,-6.643,0.180
231.6247,-33.000,341.959,672.972,-90.830,-1.399,0.180
231.7321,-34.000,332.019,679.160,-98.895,-6.863,0.180
231.8300,-34.000,337.342,673.647,-93.476,-1.445,0.180
231.9266,-34.000,338.402,672.426,-92.336,-0.304,0.180
232.0259,-34.000,338.574,672.117,-92.096,-0.064,0.180
232.1242,-35.000,327.598,679.377,-101.214,-6.582,0.180
232.2319,-35.000,332.715,674.101,-96.017,-1.386,0.180
232.3307,-35.000,333.742,672.940,-94.923,-0.292,0.180
232.4299,-35.000,333.915,672.652,-94.693,-0.061,0.180
232.5289,-35.000,333.914,672.555,-94.645,-0.013,0.180
232.6277,-35.000,333.883,672.503,-94.634,-0.003,0.180
232.7254,-35.000,333.850,672.466,-94.632,-0.001,0.180
232.8335,-35.000,333.821,672.435,-94.632,-0.000,0.180
232.9303,-35.000,333.795,672.410,-94.632,-0.000,0.180
233.0280,-34.000,341.742,662.020,-85.463,6.568,0.180
233.1247,-34.000,337.018,667.667,-90.649,1.383,0.180
233.2328,-34.000,336.319,669.151,-91.741,0.291,0.180
233.3316,-34.000,336.422,669.714,-91.970,0.061,0.180
233.4326,-34.000,336.658,670.046,-92.019,0.013,0.180
233.5327,-34.000,336.888,670.297,-92.029,0.003,0.180
233.6296,-33.000,345.059,660.136,-82.863,6.569,0.180
233.7286,-33.000,340.527,665.976,-88.049,1.383,0.180
233.8287,-33.000,339.992,667.624,-89.141,0.291,0.180
233.9259,-33.000,340.234,668.326,-89.370,0.061,0.180
234.0242,-33.000,340.588,668.776,-89.419,0.013,0.180
234.1229,-33.000,340.919,669.128,-89.429,0.003,0.180
234.2300,-32.000,349.175,659.052,-80.263,6.569,0.180
234.3283,-32.000,344.716,664.965,-85.449,1.383,0.180
234.4262,-32.000,344.242,666.674,-86.541,0.291,0.180
234.5342,-32.000,344.537,667.429,-86.770,0.061,0.180
234.6315,-31.000,352.903,657.555,-77.650,6.581,0.180
234.7279,-31.000,348.567,663.610,-82.846,1.386,0.180
234.8253,-30.000,356.172,655.066,-74.772,6.860,0.180
234.9244,-30.000,351.857,661.583,-80.187,1.444,0.180
235.0226,-29.000,359.621,653.291,-72.159,6.872,0.180
235.1324,-28.000,363.439,649.623,-68.416,8.015,0.180
235.2307,-27.000,366.644,647.147,-65.576,8.256,0.180
235.3271,-26.000,369.904,645.105,-62.925,8.306,0.180
235.4261,-25.000,373.333,643.313,-60.315,8.317,0.180
235.5221,-24.000,376.930,641.706,-57.712,8.319,0.180
235.6300,-23.000,380.677,640.251,-55.112,8.320,0.180
235.7285,-22.000,384.551,638.925,-52.512,8.320,0.180
235.8247,-21.000,388.534,637.708,-49.912,8.320,0.180
235.9240,-20.000,392.610,636.584,-47.312,8.320,0.180
236.0324,-18.000,404.639,625.263,-35.637,14.888,0.180
236.1289,-17.000,404.066,630.039,-38.311,9.703,0.180
236.2265,-16.000,407.577,630.699,-36.886,8.611,0.180
236.3255,-15.000,411.942,630.480,-34.594,8.381,0.180
236.4232,-14.000,416.483,630.063,-32.115,8.333,0.180
236.5218,-13.000,421.058,629.594,-29.593,8.323,0.180
236.6315,-12.000,425.638,629.103,-27.057,8.321,0.180
236.7281,-11.000,430.219,628.599,-24.515,8.320,0.180
236.8284,-10.000,434.799,628.084,-21.967,8.320,0.180
236.9249,-9.000,439.380,627.558,-19.414,8.320,0.180
237.0219,-8.000,443.961,627.023,-16.855,8.320,0.180
237.1329,-7.000,448.545,626.479,-14.292,8.320,0.180
237.2309,-7.000,445.157,636.301,-20.897,1.752,0.180
237.3282,-5.000,462.419,619.708,-3.968,13.506,0.180
237.4249,-5.000,455.015,633.680,-14.657,2.843,0.180
237.5250,-5.000,455.536,638.742,-16.927,0.599,0.180
237.6224,-4.000,465.384,631.240,-8.252,6.694,0.180
237.7315,-4.000,462.575,639.043,-13.558,1.409,0.180
237.8292,-3.000,471.538,631.925,-5.518,6.865,0.180
237.9270,-3.000,468.386,639.645,-10.954,1.445,0.180
238.0239,-3.000,469.171,642.743,-12.110,0.304,0.180
238.1218,-3.000,470.566,644.649,-12.366,0.064,0.180
238.2298,-3.000,471.902,646.118,-12.432,0.013,0.180
238.3290,-3.000,473.068,647.336,-12.458,0.003,0.180
238.4279,-3.000,474.064,648.367,-12.476,0.001,0.180
238.5266,-4.000,463.935,656.618,-21.666,-6.568,0.180
238.6244,-4.000,469.802,652.156,-16.501,-1.383,0.180
238.7235,-4.000,471.470,651.682,-15.430,-0.291,0.180
238.8316,-4.000,472.186,651.980,-15.221,-0.061,0.180
238.9275,-5.000,461.672,659.758,-24.367,-6.581,0.180
239.0263,-5.000,467.178,654.924,-19.198,-1.386,0.180
239.1224,-6.000,457.558,661.516,-27.303,-6.860,0.180
239.2312,-6.000,463.156,656.345,-21.919,-1.444,0.180
239.3297,-6.000,464.446,655.417,-20.810,-0.304,0.180
239.4296,-7.000,453.835,662.736,-29.775,-6.632,0.180
239.5256,-7.000,459.136,657.637,-24.575,-1.396,0.180
239.6238,-7.000,460.288,656.657,-23.509,-0.294,0.180
239.7222,-7.000,460.556,656.534,-23.313,-0.062,0.180
239.8212,-8.000,449.657,663.957,-32.474,-6.581,0.180
239.9299,-8.000,454.834,658.825,-27.320,-1.386,0.180
240.0264,-8.000,455.906,657.792,-26.268,-0.292,0.180
240.1236,-9.000,445.137,664.994,-35.253,-6.630,0.180
240.2214,-9.000,450.308,659.790,-30.065,-1.396,0.180
240.3296,-10.000,440.376,666.095,-38.184,-6.862,0.180
240.4281,-10.000,445.700,660.688,-32.818,-1.445,0.180
240.5247,-11.000,435.780,666.938,-40.903,-6.873,0.180
240.6213,-11.000,441.088,661.509,-35.535,-1.447,0.180
240.7284,-11.000,442.122,660.373,-34.450,-0.305,0.180
240.8247,-12.000,431.288,667.520,-43.440,-6.633,0.180
240.9207,-12.000,436.395,662.279,-38.266,-1.396,0.180
241.0192,-12.000,437.378,661.182,-37.226,-0.294,0.180
241.1192,-12.000,437.500,660.964,-37.057,-0.062,0.180
241.2267,-12.000,437.445,660.937,-37.070,-0.013,0.180
241.3227,-12.000,437.358,660.954,-37.122,-0.003,0.180
241.4218,-12.000,437.268,660.985,-37.183,-0.001,0.180
241.5196,-12.000,437.181,661.021,-37.245,-0.000,0.180
241.6262,-12.000,437.097,661.062,-37.307,-0.000,0.180
241.7231,-12.000,437.017,661.106,-37.369,-0.000,0.180
241.8215,-12.000,436.939,661.153,-37.432,-0.000,0.180
241.9193,-12.000,436.863,661.203,-37.494,-0.000,0.180
242.0272,-11.000,444.763,650.880,-28.383,6.568,0.180
242.1234,-11.000,439.991,656.593,-33.626,1.383,0.180
242.2222,-11.000,439.242,658.142,-34.775,0.291,0.180
242.3203,-11.000,439.295,658.769,-35.062,0.061,0.180
242.4256,-11.000,439.478,659.164,-35.167,0.013,0.180
242.5232,-11.000,439.656,659.477,-35.235,0.003,0.180
242.6235,-11.000,439.806,659.745,-35.294,0.001,0.180
242.7205,-11.000,439.926,659.980,-35.352,0.000,0.180
242.8282,-11.000,440.019,660.188,-35.409,0.000,0.180
242.9256,-11.000,440.090,660.373,-35.466,0.000,0.180
243.0221,-10.000,448.116,650.166,-26.350,6.568,0.180
243.1197,-10.000,443.451,655.976,-31.587,1.383,0.180
243.2275,-9.000,450.767,647.233,-23.557,6.860,0.180
243.3250,-9.000,446.199,653.589,-29.020,1.444,0.180
243.4215,-9.000,445.771,655.536,-30.206,0.304,0.180
243.5180,-8.000,454.104,646.094,-21.320,6.632,0.180
243.6274,-7.000,457.829,642.027,-17.424,7.965,0.180
243.7239,-7.000,452.859,649.706,-23.748,1.677,0.180
243.8205,-6.000,460.624,641.844,-15.935,6.921,0.180
243.9260,-6.000,456.587,648.798,-21.430,1.457,0.180
244.0220,-5.000,464.619,640.846,-13.438,6.875,0.180
244.1195,-4.000,468.673,637.460,-9.718,8.016,0.180
244.2179,-4.000,464.107,645.593,-16.067,1.688,0.180
244.3270,-3.000,472.244,638.089,-8.247,6.924,0.180
244.4251,-3.000,468.531,645.339,-13.728,1.458,0.180
244.5213,-2.000,476.842,637.635,-5.721,6.875,0.180
244.6290,-1.000,481.135,634.458,-1.986,8.016,0.180
244.7261,-1.000,476.776,642.766,-8.319,1.688,0.180
244.8232,-0.000,485.090,635.408,-0.483,6.924,0.180
244.9194,-0.000,481.531,642.780,-5.949,1.458,0.180
245.0280,1.000,489.374,634.578,2.074,6.875,0.180
245.1259,2.000,492.672,630.374,5.825,8.016,0.180
245.2240,3.000,494.843,626.834,8.680,8.256,0.180
245.3219,3.000,489.259,634.254,2.178,1.738,0.180
245.4179,3.000,488.683,636.391,0.821,0.366,0.180
245.5258,4.000,496.446,626.354,9.722,6.645,0.180
245.6221,4.000,491.754,632.113,4.496,1.399,0.180
245.7169,5.000,498.498,622.677,12.586,6.863,0.180
245.8233,5.000,493.461,628.425,7.194,1.445,0.180
245.9208,5.000,492.649,629.842,6.079,0.304,0.180
246.0189,5.000,492.692,630.313,5.865,0.064,0.180
246.1264,5.000,492.886,630.556,5.841,0.013,0.180
246.2229,5.000,493.087,630.726,5.856,0.003,0.180
246.3214,5.000,493.268,630.860,5.880,0.001,0.180
246.4187,5.000,493.428,630.969,5.905,0.000,0.180
246.5262,5.000,493.568,631.057,5.931,0.000,0.180
246.6256,5.000,493.691,631.128,5.957,0.000,0.180
246.7218,5.000,493.799,631.184,5.983,0.000,0.180
246.8189,5.000,493.895,631.228,6.009,0.000,0.180
246.9275,5.000,493.981,631.261,6.035,0.000,0.180
247.0243,6.000,501.431,620.312,15.235,6.568,0.180
247.1231,6.000,496.289,625.480,10.080,1.383,0.180
247.2203,7.000,502.614,615.578,18.193,6.860,0.180
247.3193,7.000,497.214,620.936,12.814,1.444,0.180
247.4258,7.000,496.093,622.022,11.711,0.304,0.180
247.5231,8.000,503.248,611.237,20.681,6.632,0.180
247.6238,8.000,498.011,616.389,15.486,1.396,0.180
247.7199,7.000,486.540,625.387,5.252,-6.274,0.180
247.8275,6.000,481.606,628.820,1.068,-7.889,0.180
247.9263,6.000,488.727,623.422,7.328,-1.661,0.180
248.0254,5.000,480.428,630.786,-0.503,-6.918,0.180
248.1224,4.000,476.645,634.375,-4.189,-8.025,0.180
248.2187,4.000,484.418,629.436,2.167,-1.689,0.180
248.3267,3.000,476.604,637.260,-5.652,-6.924,0.180
248.4224,2.000,473.216,641.255,-9.344,-8.026,0.180
248.5226,2.000,481.322,636.667,-2.997,-1.690,0.180
248.6206,1.000,473.787,644.791,-10.826,-6.924,0.180
248.7208,1.000,481.009,641.069,-5.355,-1.458,0.180
248.8204,-0.000,473.279,649.375,-13.372,-6.875,0.180
248.9181,-0.000,480.452,645.692,-7.944,-1.447,0.180
249.0263,-0.000,483.078,646.032,-6.802,-0.305,0.180
249.1238,-1.000,473.605,654.425,-15.735,-6.633,0.180
249.2196,-1.000,479.878,650.236,-10.504,-1.396,0.180
249.3166,-1.000,481.860,650.024,-9.406,-0.294,0.180
249.4169,-1.000,482.839,650.550,-9.180,-0.062,0.180
249.5264,-1.000,483.523,651.145,-9.136,-0.013,0.180
249.6242,-0.000,492.045,641.310,0.043,6.566,0.180
249.7222,-0.000,487.804,647.436,-5.141,1.382,0.180
249.8204,-0.000,487.513,649.328,-6.232,0.291,0.180
249.9179,-0.000,487.964,650.238,-6.462,0.061,0.180
250.0260,-0.000,488.494,650.865,-6.510,0.013,0.180
250.1239,-0.000,488.976,651.367,-6.520,0.003,0.180
250.2233,1.000,496.765,640.814,2.651,6.569,0.180
250.3214,1.000,491.910,646.320,-2.530,1.383,0.180
250.4187,1.000,491.100,647.683,-3.616,0.291,0.180
250.5172,1.000,491.110,648.143,-3.841,0.061,0.180
250.6251,1.000,491.267,648.386,-3.884,0.013,0.180
250.7233,1.000,491.431,648.561,-3.889,0.003,0.180
250.8212,1.000,491.579,648.702,-3.886,0.001,0.180
250.9180,-0.000,481.333,656.793,-13.055,-6.568,0.180
251.0180,-0.000,487.102,652.192,-7.869,-1.383,0.180
251.1183,-0.000,488.691,651.597,-6.778,-0.291,0.180
251.2158,-1.000,478.369,659.163,-15.721,-6.630,0.180
251.3254,-2.000,472.953,661.637,-19.666,-7.964,0.180
251.4231,-2.000,479.480,655.609,-13.389,-1.677,0.180
251.5208,-3.000,470.031,661.882,-21.249,-6.921,0.180
251.6189,-3.000,475.630,656.583,-15.801,-1.457,0.180
251.7179,-3.000,476.893,655.576,-14.666,-0.307,0.180
251.8168,-4.000,466.254,662.832,-23.613,-6.633,0.180
251.9161,-4.000,471.532,657.678,-18.397,-1.396,0.180
252.0216,-5.000,461.693,664.023,-26.489,-6.862,0.180
252.1189,-6.000,456.127,666.020,-30.271,-8.013,0.180
252.2154,-6.000,462.404,659.708,-23.976,-1.687,0.180
252.3247,-7.000,452.717,665.766,-31.849,-6.924,0.180
252.4227,-8.000,447.130,667.668,-35.593,-8.026,0.180
252.5190,-9.000,442.385,668.681,-38.472,-8.258,0.180
252.6160,-9.000,448.772,662.122,-31.999,-1.739,0.180
252.7234,-9.000,450.024,660.723,-30.674,-0.366,0.180
252.8209,-10.000,439.230,667.792,-39.605,-6.645,0.180
252.9167,-10.000,444.342,662.514,-34.411,-1.399,0.180
253.0147,-10.000,445.324,661.391,-33.358,-0.295,0.180
253.1232,-10.000,445.445,661.151,-33.178,-0.062,0.180
253.2224,-11.000,434.417,668.477,-42.354,-6.581,0.180
253.3196,-11.000,439.482,663.265,-37.216,-1.386,0.180
253.4168,-12.000,429.483,669.539,-45.353,-6.860,0.180
253.5161,-12.000,434.754,664.103,-39.999,-1.444,0.180
253.6152,-13.000,424.787,670.328,-48.095,-6.872,0.180
253.7232,-13.000,430.055,664.880,-42.737,-1.447,0.180
253.8207,-13.000,431.054,663.729,-41.662,-0.305,0.180
253.9207,-13.000,431.162,663.491,-41.489,-0.064,0.180
254.0179,-14.000,420.116,670.827,-50.680,-6.582,0.180
254.1255,-13.000,433.136,655.253,-36.383,5.183,0.180
254.2216,-13.000,429.391,659.827,-40.542,1.091,0.180
254.3191,-12.000,436.788,650.734,-32.298,6.798,0.180
254.4164,-11.000,440.112,646.570,-28.553,8.000,0.180
254.5147,-11.000,434.882,654.085,-34.926,1.684,0.180
254.6248,-10.000,442.440,646.069,-27.139,6.923,0.180
254.7221,-9.000,446.202,642.519,-23.483,8.026,0.180
254.8199,-9.000,441.408,650.492,-29.866,1.690,0.180
254.9174,-8.000,449.352,642.850,-22.073,6.924,0.180
255.0146,-8.000,445.473,649.986,-27.581,1.458,0.180
255.1149,-8.000,445.665,652.563,-28.774,0.307,0.180
255.2152,-8.000,446.558,654.024,-29.057,0.065,0.180
255.3241,-9.000,436.492,662.490,-38.324,-6.555,0.180
255.4203,-9.000,442.440,658.182,-33.196,-1.380,0.180
255.5186,-9.000,444.179,657.837,-32.153,-0.291,0.180
255.6172,-9.000,444.955,658.247,-31.970,-0.061,0.180
255.7157,-9.000,445.460,658.749,-31.969,-0.013,0.180
255.8242,-9.000,445.851,659.213,-32.006,-0.003,0.180
255.9206,-8.000,454.144,649.248,-22.877,6.568,0.180
256.0181,-7.000,457.680,644.891,-18.930,7.951,0.180
256.1169,-6.000,460.491,641.982,-16.070,8.242,0.180
256.2146,-5.000,463.385,639.605,-13.434,8.304,0.180
256.3225,-4.000,466.496,637.532,-10.842,8.317,0.180
256.4196,-4.000,461.851,646.060,-17.429,1.751,0.180
256.5160,-3.000,470.072,638.740,-9.658,6.937,0.180
256.6174,-2.000,474.437,635.741,-5.977,8.029,0.180
256.7165,-2.000,470.168,644.171,-12.326,1.690,0.180
256.8140,-2.000,470.592,647.284,-13.671,0.356,0.180
256.9226,-2.000,471.803,649.078,-13.962,0.075,0.180
257.0189,-2.000,473.011,650.426,-14.032,0.016,0.180
257.1169,-2.000,474.074,651.534,-14.054,0.003,0.180
257.2139,-1.000,482.958,642.097,-4.894,6.569,0.180
257.3139,-1.000,479.031,648.553,-10.085,1.383,0.180
257.4219,-1.000,479.009,650.725,-11.182,0.291,0.180
257.5201,-0.000,487.662,641.500,-2.244,6.630,0.180
257.6179,-0.000,483.684,647.990,-7.478,1.396,0.180
257.7160,1.000,491.024,639.187,0.594,6.862,0.180
257.8132,1.000,486.490,645.477,-4.818,1.445,0.180
257.9224,1.000,486.101,647.359,-5.954,0.304,0.180
258.0198,2.000,493.874,637.254,2.985,6.632,0.180
258.1159,3.000,496.531,632.016,6.933,7.965,0.180
258.2144,3.000,490.661,638.691,0.661,1.677,0.180
258.3133,4.000,497.069,629.368,8.526,6.921,0.180
258.4121,4.000,491.886,635.072,3.083,1.457,0.180
258.5197,5.000,498.352,625.450,11.127,6.875,0.180
258.6187,5.000,493.109,631.010,5.725,1.447,0.180
258.7157,5.000,492.127,632.262,4.608,0.305,0.180
258.8132,5.000,492.027,632.591,4.394,0.064,0.180
258.9230,6.000,499.474,621.739,13.543,6.582,0.180
259.0215,6.000,494.361,626.957,8.378,1.386,0.180
259.1178,6.000,493.343,628.065,7.315,0.292,0.180
259.2157,6.000,493.182,628.302,7.116,0.061,0.180
259.3147,7.000,500.571,617.378,16.272,6.581,0.180
259.4119,7.000,495.409,622.535,11.113,1.386,0.180
259.5210,7.000,494.350,623.590,10.055,0.292,0.180
259.6188,7.000,494.154,623.783,9.861,0.061,0.180
259.7162,7.000,494.140,623.793,9.849,0.013,0.180
259.8150,8.000,501.539,612.792,19.049,6.571,0.180
259.9129,8.000,496.362,617.907,13.903,1.383,0.180
260.0224,8.000,495.285,618.931,12.852,0.291,0.180
260.1195,7.000,484.700,627.071,3.490,-6.507,0.180
260.2177,7.000,490.335,622.358,8.664,-1.370,0.180
260.3157,7.000,491.845,621.632,9.782,-0.288,0.180
260.4125,6.000,482.068,629.674,0.872,-6.629,0.180
260.5204,6.000,488.096,625.173,6.137,-1.396,0.180
260.6177,6.000,489.877,624.688,7.270,-0.294,0.180
260.7150,5.000,480.318,632.950,-1.640,-6.630,0.180
260.8122,4.000,476.154,636.612,-5.554,-7.964,0.180
260.9200,4.000,483.748,631.590,0.755,-1.677,0.180
261.0170,3.000,475.813,639.312,-7.074,-6.921,0.180
261.1142,3.000,482.702,635.242,-1.594,-1.457,0.180
261.2121,2.000,474.692,643.247,-9.602,-6.875,0.180
261.3216,1.000,471.255,647.281,-13.338,-8.016,0.180
261.4192,1.000,479.342,642.701,-7.004,-1.688,0.180
261.5171,1.000,482.170,642.854,-5.667,-0.355,0.180
261.6153,1.000,483.723,643.835,-5.381,-0.075,0.180
261.7127,1.000,484.864,644.848,-5.317,-0.016,0.180
261.8199,1.000,485.797,645.746,-5.299,-0.003,0.180
261.9178,1.000,486.583,646.516,-5.291,-0.001,0.180
262.0146,1.000,487.250,647.172,-5.285,-0.000,0.180
262.1125,1.000,487.817,647.728,-5.280,-0.000,0.180
262.2105,1.000,488.300,648.201,-5.275,-0.000,0.180
262.3201,-0.000,478.338,656.576,-14.443,-6.568,0.180
262.4170,-1.000,473.375,659.589,-18.431,-7.951,0.180
262.5142,-1.000,480.319,653.988,-12.159,-1.674,0.180
262.6127,-3.000,460.258,667.990,-29.190,-13.489,0.180
262.7196,-4.000,460.344,665.155,-27.730,-9.408,0.180
262.8174,-5.000,457.108,665.453,-29.497,-8.549,0.180
262.9189,-7.000,442.136,673.729,-41.121,-14.937,0.180
263.0168,-8.000,443.072,669.500,-38.539,-9.713,0.180
263.1151,-9.000,439.826,669.348,-40.086,-8.613,0.180
263.2130,-10.000,435.661,670.024,-42.506,-8.382,0.180
263.3124,-11.000,431.270,670.850,-45.115,-8.333,0.180
263.4197,-11.000,437.776,664.314,-38.593,-1.754,0.180
263.5153,-11.000,439.091,662.973,-37.265,-0.369,0.180
263.6134,-10.000,447.288,652.354,-27.857,6.491,0.180
263.7108,-11.000,431.609,665.374,-42.207,-5.202,0.180
263.8203,-10.000,444.002,651.321,-28.984,5.473,0.180
263.9196,-10.000,440.423,656.489,-33.357,1.152,0.180
264.0167,-10.000,440.137,658.126,-34.319,0.243,0.180
264.1142,-11.000,429.494,666.317,-43.736,-6.517,0.180
264.2098,-11.000,435.040,661.687,-38.648,-1.372,0.180
264.3195,-10.000,444.429,650.676,-28.448,6.280,0.180
264.4167,-10.000,440.230,656.497,-33.458,1.322,0.180
264.5153,-9.000,447.797,647.908,-25.380,6.847,0.180
264.6135,-9.000,443.411,654.426,-30.832,1.441,0.180
264.7147,-8.000,451.106,646.143,-22.843,6.872,0.180
264.8103,-8.000,446.889,652.860,-28.310,1.447,0.180
264.9176,-7.000,454.742,644.733,-20.320,6.873,0.180
265.0124,-7.000,450.662,651.578,-25.782,1.447,0.180
265.1105,-7.000,450.659,653.933,-26.961,0.305,0.180
265.2189,-6.000,459.355,644.835,-18.064,6.633,0.180
265.3176,-6.000,455.417,651.432,-23.332,1.396,0.180
265.4178,-7.000,444.440,661.069,-33.639,-6.274,0.180
265.5169,-7.000,450.288,657.083,-28.722,-1.321,0.180
265.6152,-7.000,452.085,656.867,-27.715,-0.278,0.180
265.7127,-7.000,452.941,657.356,-27.532,-0.059,0.180
265.8108,-8.000,442.548,665.292,-36.696,-6.581,0.180
265.9084,-8.000,448.158,660.594,-31.542,-1.385,0.180
266.0160,-9.000,438.624,667.302,-39.664,-6.860,0.180
266.1137,-9.000,444.292,662.233,-34.295,-1.444,0.180
266.2105,-9.000,445.640,661.394,-33.201,-0.304,0.180
266.3188,-9.000,446.049,661.417,-33.008,-0.064,0.180
266.4166,-10.000,435.263,668.970,-42.178,-6.582,0.180
266.5156,-10.000,440.534,663.952,-37.034,-1.386,0.180
266.6133,-10.000,441.683,663.018,-35.992,-0.292,0.180
266.7117,-10.000,441.952,662.931,-35.813,-0.061,0.180
266.8154,-11.000,431.053,670.385,-44.991,-6.581,0.180
266.9158,-12.000,425.254,672.656,-49.026,-7.954,0.180
267.0147,-12.000,431.471,666.440,-42.809,-1.675,0.180
267.1119,-12.000,432.731,665.180,-41.549,-0.353,0.180
267.2089,-12.000,432.948,664.965,-41.333,-0.074,0.180
267.3167,-13.000,421.970,672.343,-50.511,-6.584,0.180
267.4144,-13.000,427.071,667.183,-45.380,-1.386,0.180
267.5126,-12.000,436.046,655.757,-35.180,6.277,0.180
267.6096,-12.000,431.487,661.233,-40.197,1.321,0.180
267.7173,-11.000,438.745,652.355,-32.129,6.847,0.180
267.8142,-10.000,442.067,648.255,-28.418,8.010,0.180
267.9136,-9.000,444.835,645.426,-25.620,8.255,0.180
268.0111,-8.000,447.719,643.091,-23.010,8.306,0.180
268.1089,-7.000,450.826,641.049,-20.436,8.317,0.180
268.2077,-4.000,470.098,618.484,0.483,21.456,0.180
268.3148,-2.000,472.185,617.797,1.870,17.654,0.180
268.4104,-1.000,469.806,624.966,-2.904,10.285,0.180
268.5082,-0.000,473.191,626.253,-1.856,8.734,0.180
268.6159,1.000,477.155,625.660,0.423,8.407,0.180
268.7135,2.000,480.829,624.251,2.965,8.338,0.180
268.8128,3.000,484.093,622.313,5.566,8.324,0.180
268.9112,4.000,486.974,619.958,8.184,8.321,0.180
269.0109,4.000,482.150,628.230,1.635,1.752,0.180
269.1088,5.000,489.626,620.084,9.447,6.937,0.180
269.2181,5.000,485.391,626.750,3.996,1.460,0.180
269.3159,5.000,485.297,628.910,2.869,0.307,0.180
269.4141,5.000,485.959,630.005,2.652,0.065,0.180
269.5122,5.000,486.680,630.777,2.627,0.014,0.180
269.6101,4.000,476.956,639.370,-6.531,-6.566,0.180
269.7092,4.000,483.180,635.185,-1.327,-1.382,0.180
269.8069,4.000,485.158,634.939,-0.215,-0.291,0.180
269.9130,4.000,486.145,635.425,0.035,-0.061,0.180
270.0120,3.000,476.466,643.956,-9.069,-6.581,0.180
270.1187,4.000,490.064,628.783,5.316,5.183,0.180
270.2078,4.000,486.823,633.684,1.245,1.091,0.180
270.3165,5.000,494.062,624.257,9.578,6.798,0.180
270.4143,5.000,489.291,630.167,4.237,1.431,0.180
270.5127,5.000,488.671,631.756,3.133,0.301,0.180
270.6098,6.000,496.245,621.406,12.095,6.632,0.180
270.7171,6.000,491.360,626.930,6.890,1.396,0.180
270.8147,6.000,490.561,628.273,5.819,0.294,0.180
270.9125,6.000,490.591,628.705,5.619,0.062,0.180
271.0096,6.000,490.770,628.919,5.601,0.013,0.180
271.1165,6.000,490.958,629.065,5.622,0.003,0.180
271.2123,5.000,480.755,637.152,-3.523,-6.568,0.180
271.3126,5.000,486.567,632.542,1.688,-1.383,0.180
271.4100,4.000,477.822,639.908,-6.368,-6.860,0.180
271.5094,4.000,484.172,635.386,-0.931,-1.444,0.180
271.6092,3.000,475.736,642.976,-8.944,-6.872,0.180
271.7071,3.000,482.318,638.675,-3.503,-1.447,0.180
271.8061,2.000,474.071,646.460,-11.519,-6.873,0.180
271.9141,1.000,470.438,650.301,-15.256,-8.015,0.180
272.0105,1.000,478.359,645.556,-8.923,-1.687,0.180
272.1106,-0.000,470.673,653.542,-16.759,-6.924,0.180
272.2085,-1.000,466.793,657.078,-20.467,-8.026,0.180
272.3066,-2.000,463.504,659.473,-23.309,-8.258,0.180
272.4175,-3.000,460.160,661.458,-25.973,-8.307,0.180
272.5157,-4.000,456.652,663.212,-28.605,-8.317,0.180
272.6151,-5.000,452.977,664.794,-31.233,-8.319,0.180
272.7126,-5.000,460.130,658.863,-24.691,-1.751,0.180
272.8125,-6.000,451.033,665.399,-32.508,-6.937,0.180
272.9110,-7.000,445.916,667.738,-36.236,-8.029,0.180
273.0080,-8.000,441.564,669.130,-39.107,-8.259,0.180
273.1159,-9.000,437.311,670.266,-41.802,-8.307,0.180
273.2130,-9.000,443.997,663.931,-35.291,-1.749,0.180
273.3116,-10.000,434.507,670.119,-43.131,-6.937,0.180
273.4077,-11.000,429.054,672.166,-46.880,-8.029,0.180
273.5070,-12.000,424.414,673.310,-49.772,-8.259,0.180
273.6147,-12.000,453.399,673.305,-46.478,-1.704,0.320
273.7130,-13.000,462.629,689.643,-59.554,-11.907,0.320
273.8097,-14.000,478.571,699.368,-64.538,-14.013,0.320
273.9093,-14.000,511.289,696.242,-53.495,-2.891,0.320
274.0072,-15.000,518.035,715.583,-65.640,-12.152,0.320
274.1147,-16.000,531.259,728.468,-70.441,-14.063,0.320
274.2119,-16.000,561.539,728.155,-59.369,-2.902,0.320
274.3111,-19.000,533.623,774.798,-100.239,-35.265,0.320
274.4083,-19.000,579.404,758.710,-72.357,-7.277,0.320
274.5052,-20.000,586.505,777.782,-80.937,-13.057,0.320
274.6138,-21.000,597.808,792.661,-84.930,-14.250,0.320
274.7144,-21.000,626.007,794.491,-73.620,-2.940,0.320
274.8123,-24.000,596.257,843.021,-114.353,-35.273,0.320
274.9086,-25.000,624.199,840.976,-100.714,-18.834,0.320
275.0141,-25.000,655.192,839.771,-85.766,-3.886,0.320
275.1114,-28.000,625.475,888.061,-125.748,-35.469,0.320
275.2084,-28.000,669.238,873.861,-97.599,-7.319,0.320
275.3051,-30.000,658.154,907.168,-120.501,-24.621,0.320
275.4144,-31.000,676.852,914.294,-115.316,-16.636,0.320
275.5119,-32.000,689.153,927.878,-116.468,-14.988,0.320
275.6093,-33.000,700.095,942.872,-118.928,-14.648,0.320
275.7071,-35.000,694.450,970.659,-136.014,-26.134,0.320
275.8143,-35.000,730.302,964.402,-115.273,-5.393,0.320
275.9121,-36.000,733.538,987.256,-125.348,-12.668,0.320
276.0087,-38.000,726.243,1016.822,-144.005,-25.725,0.320
276.1060,-40.000,729.154,1035.936,-152.299,-28.419,0.320
276.2050,-40.000,766.621,1027.965,-129.744,-5.864,0.320
276.3135,-41.000,770.062,1050.530,-139.445,-12.766,0.320
276.4119,-41.000,779.336,1039.305,-129.314,-2.634,0.320
276.5093,-40.000,793.974,1020.849,-112.868,11.012,0.320
276.6092,-40.000,785.197,1029.380,-121.608,2.272,0.320
276.7151,-38.000,809.912,1000.136,-94.700,23.580,0.320
276.8129,-35.000,832.162,973.557,-70.347,39.532,0.320
276.9107,-31.000,856.602,945.797,-44.300,54.380,0.320
277.0077,9.000,1341.589,368.467,486.814,473.443,0.320
277.1040,41.000,1384.571,244.115,570.443,467.472,0.320
277.2126,46.000,1089.189,547.132,271.211,154.240,0.320
277.3076,50.000,1027.290,615.160,206.220,78.050,0.320
277.4061,54.000,1023.717,620.584,201.698,62.328,0.320
277.5062,57.000,1018.363,627.990,195.298,47.528,0.320
277.6035,60.000,1023.338,622.240,200.645,44.474,0.320
277.7117,63.000,1029.533,612.866,208.414,43.844,0.320
277.8115,65.000,1022.768,618.249,202.329,32.158,0.320
277.9098,66.000,1012.104,629.898,191.162,18.191,0.320
278.0080,68.000,1024.465,613.694,205.435,26.865,0.320
278.1091,69.000,1016.954,620.099,198.470,17.099,0.320
278.2061,71.000,1029.291,602.142,213.610,26.639,0.320
278.3049,72.000,1021.201,607.615,206.823,17.053,0.320
278.4136,73.000,1020.495,605.257,207.645,15.074,0.320
278.5126,74.000,1021.168,601.139,210.037,14.666,0.320
278.6106,75.000,1022.003,596.535,212.752,14.582,0.320
278.7095,75.000,1010.331,608.004,201.180,3.009,0.320
278.8065,75.000,1007.859,610.303,198.791,0.621,0.320
278.9064,75.000,1007.295,610.721,198.299,0.128,0.320
279.0139,75.000,1007.133,610.758,198.197,0.026,0.320
279.1118,74.000,991.625,624.001,183.820,-11.550,0.320
279.2087,74.000,1001.330,615.370,192.987,-2.383,0.320
279.3058,73.000,988.243,627.209,180.523,-12.047,0.320
279.4139,72.000,983.340,631.892,175.729,-14.042,0.320
279.5114,71.000,980.456,635.429,172.518,-14.453,0.320
279.6099,70.000,978.269,639.011,169.633,-14.538,0.320
279.7089,68.000,961.029,656.116,152.460,-26.111,0.320
279.8046,67.000,969.260,651.611,158.827,-16.944,0.320
279.9122,65.000,954.920,667.798,143.563,-26.607,0.320
280.0098,64.000,964.387,663.742,150.325,-17.046,0.320
280.1102,61.000,935.408,693.839,120.786,-38.184,0.320
280.2097,59.000,939.818,695.060,122.380,-30.990,0.320
280.3087,57.000,938.935,702.408,118.265,-29.506,0.320
280.4058,55.000,937.230,711.290,112.971,-29.200,0.320
280.5041,53.000,935.583,720.717,107.434,-29.136,0.320
280.6030,50.000,918.707,743.725,87.492,-40.679,0.320
280.7121,48.000,927.227,745.098,91.065,-31.505,0.320
280.8104,45.000,913.129,767.125,73.003,-41.168,0.320
280.9095,44.000,938.237,755.597,91.320,-20.050,0.320
281.0057,41.000,915.114,786.782,64.166,-38.804,0.320
281.1127,38.000,907.531,803.739,51.897,-42.674,0.320
281.2136,36.000,919.012,804.905,57.054,-31.917,0.320
281.3097,34.000,921.847,814.500,53.673,-29.697,0.320
281.4078,30.000,891.957,852.316,19.820,-52.350,0.320
281.5070,28.000,912.002,846.688,32.657,-33.914,0.320
281.6042,26.000,917.173,855.451,30.861,-30.109,0.320
281.7025,24.000,919.120,867.028,26.046,-29.324,0.320
281.8100,21.000,904.835,892.329,6.253,-40.718,0.320
281.9071,18.000,900.126,908.921,-4.397,-43.069,0.320
282.0043,15.000,897.635,924.032,-13.199,-43.554,0.320
282.1027,12.000,895.826,939.089,-21.631,-43.654,0.320
282.2109,9.000,894.346,954.350,-30.002,-43.675,0.320
282.3087,6.000,893.092,969.837,-38.372,-43.679,0.320
282.4057,3.000,892.017,985.530,-46.756,-43.680,0.320
282.5019,-0.000,891.090,1001.403,-55.157,-43.680,0.320
282.6112,-3.000,887.765,1014.912,-63.573,-43.680,0.320
282.7096,-6.000,882.399,1026.414,-72.007,-43.680,0.320
282.8074,-9.000,875.297,1036.212,-80.457,-43.680,0.320
282.9052,-13.000,850.434,1057.006,-103.286,-55.236,0.320
283.0113,-15.000,865.908,1042.394,-88.243,-34.509,0.320
283.1086,-18.000,847.735,1055.780,-104.023,-41.788,0.320
283.2074,-20.000,850.814,1049.952,-99.569,-31.734,0.320
283.3064,-22.000,845.280,1051.468,-103.094,-29.659,0.320
283.4030,-24.000,837.560,1054.093,-108.266,-29.231,0.320
283.5030,-25.000,845.319,1044.164,-99.422,-17.587,0.320
283.6025,-27.000,827.304,1055.655,-114.175,-26.740,0.320
283.7105,-28.000,832.478,1047.095,-107.308,-17.073,0.320
283.8096,-30.000,813.538,1058.476,-122.469,-26.634,0.320
283.9080,-31.000,818.188,1049.562,-115.687,-17.051,0.320
284.0045,-32.000,815.133,1048.152,-116.509,-15.074,0.320
284.1022,-33.000,810.424,1048.226,-118.901,-14.666,0.320
284.2086,-34.000,805.318,1048.552,-121.617,-14.582,0.320
284.3066,-35.000,800.084,1048.883,-124.400,-14.565,0.320
284.4058,-36.000,794.784,1049.176,-127.196,-14.561,0.320
284.5020,-36.000,805.712,1036.992,-115.640,-3.005,0.320
284.6102,-37.000,791.287,1046.509,-127.611,-12.176,0.320
284.7069,-37.000,800.365,1036.260,-117.947,-2.512,0.320
284.8043,-38.000,785.585,1046.203,-130.309,-12.074,0.320
284.9057,-38.000,794.612,1036.065,-120.726,-2.491,0.320
285.0032,-38.000,796.118,1033.616,-118.749,-0.514,0.320
285.1006,-38.000,796.125,1032.807,-118.341,-0.106,0.320
285.2093,-38.000,795.868,1032.382,-118.257,-0.022,0.320
285.3070,-37.000,808.871,1016.639,-103.884,11.551,0.320
285.4074,-37.000,800.039,1026.142,-113.051,2.384,0.320
285.5047,-36.000,811.708,1012.884,-100.588,12.047,0.320
285.6020,-35.000,816.247,1007.834,-95.794,14.042,0.320
285.7098,-34.000,819.661,1004.825,-92.582,14.453,0.320
285.8081,-34.000,809.863,1017.968,-104.053,2.982,0.320
285.9074,-33.000,822.193,1006.321,-92.064,12.171,0.320
286.0053,-32.000,827.599,1002.335,-87.368,14.067,0.320
286.1032,-31.000,831.814,1000.168,-84.177,14.458,0.320
286.2031,-30.000,835.985,998.577,-81.296,14.539,0.320
286.3009,-29.000,840.319,997.277,-78.479,14.556,0.320
286.4090,-27.000,858.107,980.748,-61.320,26.115,0.320
286.5058,-26.000,854.191,989.573,-67.691,16.944,0.320
286.6025,-24.000,870.881,975.736,-52.427,26.608,0.320
286.7004,-23.000,867.252,985.630,-59.189,17.046,0.320
286.8100,-21.000,884.437,972.450,-44.006,26.629,0.320
286.9088,-20.000,881.281,982.851,-50.785,17.050,0.320
287.0071,-18.000,898.779,970.192,-35.706,26.629,0.320
287.1033,-17.000,895.881,981.042,-42.581,17.051,0.320
287.2002,-15.000,913.695,968.666,-27.486,26.629,0.320
287.3070,-14.000,911.070,979.756,-34.343,17.051,0.320
287.4024,-13.000,939.713,943.041,-1.664,6.157,0.180
287.4998,-12.000,931.760,940.434,-4.337,3.045,0.180
287.6048,-11.000,924.973,934.546,-4.786,2.156,0.180
287.7055,-11.000,917.626,930.298,-6.336,0.616,0.180
287.8068,-9.000,910.932,917.558,-3.313,2.747,0.180
287.9054,-8.000,902.089,909.182,-3.547,2.071,0.180
288.0016,-7.000,893.171,899.764,-3.296,1.877,0.180
288.0993,-6.000,883.918,889.732,-2.907,1.822,0.180
288.2086,-4.000,874.598,876.079,-0.741,3.092,0.180
288.3047,-3.000,864.009,866.442,-1.216,2.169,0.180
288.4015,-2.000,853.748,855.811,-1.032,1.905,0.180
288.5086,-1.000,843.393,844.708,-0.658,1.830,0.180
288.6078,-0.000,832.852,833.311,-0.229,1.809,0.180
288.7058,1.000,822.003,821.572,0.215,1.802,0.180
288.8066,3.000,811.060,806.256,2.402,3.086,0.180
288.9065,4.000,798.964,795.091,1.937,2.168,0.180
289.0048,5.000,787.301,783.043,2.129,1.905,0.180
289.1029,5.000,775.458,773.913,0.773,0.544,0.180
289.1999,6.000,764.426,760.176,2.125,1.441,0.180
289.3080,8.000,752.819,743.671,4.574,2.983,0.180
289.4064,9.000,740.015,731.641,4.187,2.138,0.180
289.5052,10.000,727.707,718.898,4.405,1.897,0.180
289.6046,11.000,715.482,705.892,4.795,1.828,0.180
289.7010,12.000,703.230,692.757,5.237,1.808,0.180
289.8007,13.000,690.927,679.542,5.693,1.802,0.180
289.9000,14.000,678.573,666.266,6.154,1.801,0.180
289.9993,14.000,665.996,656.236,4.880,0.514,0.180
290.0997,15.000,654.301,641.777,6.262,1.433,0.180
290.1979,16.000,641.942,627.965,6.988,1.695,0.180
290.3071,17.000,629.390,614.332,7.529,1.770,0.180
290.4045,18.000,616.763,600.763,8.000,1.791,0.180
290.5010,19.000,603.659,587.659,8.000,1.798,0.180
290.6067,20.000,590.551,574.551,8.000,1.799,0.180
290.7050,21.000,577.439,561.439,8.000,1.800,0.180
290.8026,22.000,564.325,548.325,8.000,1.800,0.180
290.9034,22.000,565.500,549.500,8.000,0.514,0.180
291.0003,23.000,564.939,548.939,8.000,1.433,0.180
291.0981,23.000,565.961,549.961,8.000,0.409,0.180
291.2058,24.000,565.271,549.271,8.000,1.403,0.180
291.3027,24.000,566.184,550.184,8.000,0.401,0.180
291.3993,24.000,566.960,550.960,8.000,0.115,0.180
291.4988,25.000,566.060,550.060,8.000,1.318,0.180
291.5979,26.000,565.235,549.235,8.000,1.662,0.180
291.7057,26.000,566.033,550.033,8.000,0.475,0.180
291.8034,27.000,565.152,549.152,8.000,1.421,0.180
291.9002,27.000,565.903,549.903,8.000,0.406,0.180
292.0003,28.000,564.981,548.981,8.000,1.402,0.180
292.0988,29.000,564.138,548.138,8.000,1.686,0.180
292.2056,30.000,563.361,547.361,8.000,1.767,0.180
292.3030,31.000,562.640,546.640,8.000,1.791,0.180
292.4021,31.000,563.528,547.528,8.000,0.512,0.180
292.4999,32.000,562.723,546.723,8.000,1.432,0.180
292.5972,33.000,561.978,545.978,8.000,1.695,0.180
292.7076,33.000,562.845,546.845,8.000,0.484,0.180
292.8050,34.000,562.022,546.022,8.000,1.424,0.180
292.9030,34.000,562.822,546.822,8.000,0.407,0.180
293.0004,34.000,563.503,547.503,8.000,0.116,0.180
293.0980,35.000,562.521,546.521,8.000,1.319,0.180
293.2047,35.000,563.187,547.187,8.000,0.377,0.180
293.3023,35.000,563.752,547.752,8.000,0.108,0.180
293.3996,35.000,564.233,548.233,8.000,0.031,0.180
293.5058,35.000,564.642,548.642,8.000,0.009,0.180
293.6050,36.000,563.430,547.430,8.000,1.288,0.180
293.7047,36.000,563.899,547.899,8.000,0.368,0.180
293.8013,36.000,564.298,548.298,8.000,0.105,0.180
293.9000,36.000,564.637,548.637,8.000,0.030,0.180
294.0010,36.000,564.925,548.925,8.000,0.009,0.180
294.0966,36.000,565.170,549.170,8.000,0.002,0.180
294.2029,36.000,565.378,549.378,8.000,0.001,0.180
294.2994,36.000,565.555,549.555,8.000,0.000,0.180
294.3969,36.000,565.706,549.706,8.000,0.000,0.180
294.5044,37.000,564.274,548.274,8.000,1.286,0.180
294.6001,37.000,564.556,548.556,8.000,0.367,0.180
294.6976,37.000,564.797,548.797,8.000,0.105,0.180
294.8062,37.000,565.001,549.001,8.000,0.030,0.180
294.9044,37.000,565.174,549.174,8.000,0.009,0.180
295.0015,37.000,565.322,549.322,8.000,0.002,0.180
295.1013,36.000,564.007,548.007,8.000,-1.285,0.180
295.1970,36.000,564.390,548.390,8.000,-0.367,0.180
295.3054,37.000,563.155,547.155,8.000,1.181,0.180
295.4020,36.000,562.166,546.166,8.000,-0.948,0.180
295.4978,36.000,562.825,546.825,8.000,-0.271,0.180
295.6052,37.000,561.825,545.825,8.000,1.208,0.180
295.7044,37.000,562.475,546.475,8.000,0.345,0.180
295.8013,37.000,563.027,547.027,8.000,0.099,0.180
295.8989,37.000,563.497,547.497,8.000,0.028,0.180
295.9969,37.000,563.896,547.896,8.000,0.008,0.180
296.1052,37.000,564.235,548.235,8.000,0.002,0.180
296.2017,37.000,564.524,548.524,8.000,0.001,0.180
296.2984,37.000,564.769,548.769,8.000,0.000,0.180
296.3963,37.000,564.977,548.977,8.000,0.000,0.180
296.5035,37.000,565.155,549.155,8.000,0.000,0.180
296.5993,36.000,563.865,547.865,8.000,-1.286,0.180
296.6973,36.000,564.269,548.269,8.000,-0.367,0.180
296.7962,35.000,563.172,547.172,8.000,-1.391,0.180
296.9037,35.000,563.740,547.740,8.000,-0.397,0.180
297.0007,35.000,564.223,548.223,8.000,-0.114,0.180
297.0964,34.000,563.193,547.193,8.000,-1.318,0.180
297.2049,34.000,563.818,547.818,8.000,-0.377,0.180
297.3037,33.000,562.909,546.909,8.000,-1.393,0.180
297.4011,33.000,563.636,547.636,8.000,-0.398,0.180
297.5000,31.000,561.375,545.375,8.000,-2.685,0.180
297.5966,31.000,562.452,546.452,8.000,-0.767,0.180
297.6949,30.000,561.928,545.928,8.000,-1.505,0.180
297.8027,29.000,561.543,545.543,8.000,-1.716,0.180
297.9009,29.000,562.715,546.715,8.000,-0.490,0.180
297.9998,29.000,563.712,547.712,8.000,-0.140,0.180
298.0977,28.000,563.119,547.119,8.000,-1.326,0.180
298.1956,28.000,564.114,548.114,8.000,-0.379,0.180
298.2941,28.000,564.961,548.961,8.000,-0.108,0.180
298.4037,28.000,565.681,549.681,8.000,-0.031,0.180
298.5029,28.000,566.292,550.292,8.000,-0.009,0.180
298.6016,29.000,565.252,549.252,8.000,1.283,0.180
298.7022,29.000,565.868,549.868,8.000,0.367,0.180
298.8010,30.000,564.832,548.832,8.000,1.390,0.180
298.8990,30.000,565.451,549.451,8.000,0.397,0.180
298.9964,32.000,562.857,546.857,8.000,2.685,0.180
299.0930,32.000,563.652,547.652,8.000,0.767,0.180
299.2021,33.000,562.768,546.768,8.000,1.505,0.180
299.3019,34.000,561.956,545.956,8.000,1.716,0.180
299.3994,34.000,562.767,546.767,8.000,0.490,0.180
299.4998,34.000,563.455,547.455,8.000,0.140,0.180
299.5967,35.000,562.481,546.481,8.000,1.326,0.180
299.7037,36.000,561.593,545.593,8.000,1.664,0.180
299.8011,36.000,562.337,546.337,8.000,0.476,0.180
299.8980,37.000,561.411,545.411,8.000,1.422,0.180
299.9967,37.000,562.123,546.123,8.000,0.406,0.180
300.0943,38.000,561.168,545.168,8.000,1.402,0.180
300.2016,38.000,561.857,545.857,8.000,0.401,0.180
300.2993,39.000,560.882,544.882,8.000,1.400,0.180
300.3993,39.000,561.553,545.553,8.000,0.400,0.180
300.4990,40.000,560.564,544.564,8.000,1.400,0.180
300.5987,40.000,561.223,545.223,8.000,0.400,0.180
300.6967,41.000,560.223,544.223,8.000,1.400,0.180
300.7945,41.000,560.874,544.874,8.000,0.400,0.180
300.8929,42.000,559.866,543.866,8.000,1.400,0.180
301.0024,42.000,560.510,544.510,8.000,0.400,0.180
301.1007,42.000,561.057,545.057,8.000,0.114,0.180
301.2015,43.000,559.963,543.963,8.000,1.318,0.180
301.2997,43.000,560.532,544.532,8.000,0.377,0.180
301.3969,44.000,559.456,543.456,8.000,1.393,0.180
301.4948,44.000,560.041,544.041,8.000,0.398,0.180
301.6020,44.000,560.539,544.539,8.000,0.114,0.180
301.6999,44.000,560.962,544.962,8.000,0.032,0.180
301.7982,44.000,561.321,545.321,8.000,0.009,0.180
301.8964,44.000,561.627,545.627,8.000,0.003,0.180
301.9948,44.000,561.886,545.886,8.000,0.001,0.180
302.1021,44.000,562.107,546.107,8.000,0.000,0.180
302.2013,44.000,562.295,546.295,8.000,0.000,0.180
302.2991,44.000,562.454,546.454,8.000,0.000,0.180
302.3969,45.000,561.030,545.030,8.000,1.286,0.180
302.4957,45.000,561.319,545.319,8.000,0.367,0.180
302.5939,45.000,561.565,545.565,8.000,0.105,0.180
302.6926,45.000,561.774,545.774,8.000,0.030,0.180
302.8024,45.000,561.952,545.952,8.000,0.009,0.180
302.9031,45.000,562.103,546.103,8.000,0.002,0.180
303.0004,45.000,562.231,546.231,8.000,0.001,0.180
303.0973,45.000,562.340,546.340,8.000,0.000,0.180
303.1942,45.000,562.433,546.433,8.000,0.000,0.180
303.3010,45.000,562.512,546.512,8.000,0.000,0.180
303.3978,45.000,562.579,546.579,8.000,0.000,0.180
303.4942,45.000,562.636,546.636,8.000,0.000,0.180
303.5925,44.000,561.244,545.244,8.000,-1.286,0.180
303.7026,44.000,561.561,545.561,8.000,-0.367,0.180
303.8009,44.000,561.831,545.831,8.000,-0.105,0.180
303.8988,44.000,562.060,546.060,8.000,-0.030,0.180
303.9971,44.000,562.255,546.255,8.000,-0.009,0.180
304.0956,44.000,562.420,546.420,8.000,-0.002,0.180
304.1925,44.000,562.561,546.561,8.000,-0.001,0.180
304.2912,44.000,562.680,546.680,8.000,-0.000,0.180
304.3986,43.000,561.342,545.342,8.000,-1.286,0.180
304.4965,42.000,560.265,544.265,8.000,-1.653,0.180
304.5932,42.000,560.849,544.849,8.000,-0.472,0.180
304.6913,42.000,561.345,545.345,8.000,-0.135,0.180
304.7992,41.000,560.327,544.327,8.000,-1.324,0.180
304.8974,40.000,559.522,543.522,8.000,-1.664,0.180
304.9933,40.000,560.337,544.337,8.000,-0.475,0.180
305.0995,39.000,559.590,543.590,8.000,-1.422,0.180
305.1989,38.000,559.016,543.016,8.000,-1.692,0.180
305.2983,38.000,560.027,544.027,8.000,-0.483,0.180
305.3969,37.000,559.447,543.447,8.000,-1.424,0.180
305.4939,37.000,560.453,544.453,8.000,-0.407,0.180
305.5919,36.000,559.869,543.869,8.000,-1.402,0.180
305.7012,35.000,559.433,543.433,8.000,-1.686,0.180
305.7982,35.000,560.561,544.561,8.000,-0.482,0.180
305.8946,34.000,560.081,544.081,8.000,-1.423,0.180
305.9934,34.000,561.173,545.173,8.000,-0.407,0.180
306.0923,34.000,562.100,546.100,8.000,-0.116,0.180
306.1984,33.000,561.449,545.449,8.000,-1.319,0.180
306.2949,32.000,560.955,544.955,8.000,-1.663,0.180
306.3945,31.000,560.596,544.596,8.000,-1.761,0.180
306.4930,31.000,561.790,545.790,8.000,-0.503,0.180
306.5921,30.000,561.365,545.365,8.000,-1.429,0.180
306.6931,30.000,562.504,546.504,8.000,-0.408,0.180
306.7916,30.000,563.472,547.472,8.000,-0.117,0.180
306.8899,30.000,564.295,548.295,8.000,-0.033,0.180
306.9991,30.000,564.995,548.995,8.000,-0.010,0.180
307.0952,30.000,565.589,549.589,8.000,-0.003,0.180
307.1957,30.000,566.095,550.095,8.000,-0.001,0.180
307.2918,30.000,566.524,550.524,8.000,-0.000,0.180
307.3998,31.000,648.880,475.290,86.795,11.556,0.320
307.5000,31.000,646.622,491.375,77.624,2.384,0.320
307.5998,31.000,652.994,501.531,75.731,0.492,0.320
307.6988,31.000,662.015,511.334,75.341,0.102,0.320
307.7989,30.000,656.887,535.077,60.905,-11.535,0.320
307.8968,30.000,677.840,537.721,70.059,-2.380,0.320
307.9943,30.000,692.145,548.248,71.948,-0.491,0.320
308.0961,30.000,705.476,560.800,72.338,-0.101,0.320
308.1959,30.000,718.943,574.106,72.418,-0.021,0.320
308.2959,29.000,717.291,601.132,58.079,-11.560,0.320
308.3939,29.000,741.136,606.628,67.254,-2.385,0.320
308.4932,29.000,757.887,619.593,69.147,-0.492,0.320
308.5916,28.000,757.858,647.494,55.182,-11.657,0.320
308.6896,28.000,782.843,653.975,64.434,-2.405,0.320
308.7958,27.000,785.077,681.102,51.987,-12.052,0.320
308.8929,26.000,795.572,701.178,47.197,-14.042,0.320
308.9904,25.000,808.162,720.189,43.986,-14.453,0.320
309.0904,25.000,836.950,726.036,55.457,-2.982,0.320
309.1999,24.000,840.988,754.052,43.468,-12.171,0.320
309.2993,22.000,837.287,788.454,24.417,-25.623,0.320
309.3961,21.000,860.622,799.829,30.397,-16.843,0.320
309.4940,20.000,877.193,818.377,29.408,-15.031,0.320
309.5930,18.000,877.165,851.710,12.727,-26.213,0.320
309.6945,17.000,902.171,863.629,19.271,-16.965,0.320
309.7928,15.000,904.427,896.212,4.108,-26.612,0.320
309.8907,13.000,914.944,921.765,-3.410,-28.602,0.320
309.9998,12.000,942.993,932.989,5.002,-17.458,0.320
310.0955,10.000,946.611,966.207,-9.798,-26.713,0.320
310.1936,8.000,942.114,976.640,-17.263,-28.623,0.320
310.2948,6.000,939.515,985.963,-23.224,-29.018,0.320
310.3922,5.000,952.996,982.039,-14.522,-17.543,0.320
310.4905,3.000,941.626,1000.211,-29.293,-26.731,0.320
310.5882,1.000,937.867,1011.432,-36.783,-28.627,0.320
310.6890,-1.000,935.041,1020.601,-42.780,-29.018,0.320
310.7886,-3.000,931.199,1028.154,-48.477,-29.099,0.320
310.8970,-3.000,958.854,1009.654,-25.400,-6.005,0.320
310.9942,-5.000,934.932,1033.678,-49.373,-24.350,0.320
311.0908,-6.000,940.991,1029.865,-44.437,-16.580,0.320
311.1885,-7.000,940.290,1031.635,-45.673,-14.977,0.320
311.2986,-9.000,921.529,1046.625,-62.548,-26.202,0.320
311.3970,-10.000,927.390,1039.719,-56.164,-16.962,0.320
311.4947,-11.000,925.571,1039.810,-57.120,-15.056,0.320
311.5936,-11.000,938.223,1028.688,-45.232,-3.107,0.320
311.6907,-12.000,924.997,1039.375,-57.189,-12.197,0.320
311.7879,-13.000,918.749,1042.625,-61.938,-14.072,0.320
311.8965,-13.000,930.071,1031.755,-50.842,-2.904,0.320
311.9974,-13.000,932.495,1029.715,-48.610,-0.599,0.320
312.0954,-13.000,933.060,1029.475,-48.207,-0.124,0.320
312.1934,-14.000,916.943,1042.030,-62.543,-11.581,0.320
312.2901,-14.000,926.042,1032.903,-53.430,-2.390,0.320
312.3975,-14.000,927.848,1031.073,-51.612,-0.493,0.320
312.4955,-14.000,928.151,1030.750,-51.299,-0.102,0.320
312.5934,-14.000,928.145,1030.738,-51.297,-0.021,0.320
312.6898,-14.000,928.076,1030.793,-51.359,-0.004,0.320
312.7884,-14.000,927.994,1030.862,-51.434,-0.001,0.320
312.8958,-14.000,927.911,1030.934,-51.511,-0.000,0.320
312.9927,-15.000,911.548,1043.449,-65.951,-11.556,0.320
313.0927,-15.000,920.499,1034.226,-56.864,-2.384,0.320
313.1917,-14.000,935.473,1016.861,-40.694,11.064,0.320
313.2900,-14.000,927.098,1026.204,-49.553,2.283,0.320
313.3879,-14.000,925.619,1028.505,-51.443,0.471,0.320
313.4951,-13.000,938.797,1013.866,-37.534,11.653,0.320
313.5943,-13.000,930.355,1024.066,-46.855,2.405,0.320
313.6925,-13.000,929.121,1026.794,-48.836,0.496,0.320
313.7934,-12.000,942.571,1012.455,-34.942,11.658,0.320
313.8924,-12.000,934.374,1022.896,-44.261,2.406,0.320
313.9925,-12.000,933.351,1025.827,-46.238,0.496,0.320
314.0913,-11.000,946.981,1011.657,-32.338,11.658,0.320
314.1903,-11.000,938.938,1022.242,-41.652,2.406,0.320
314.2933,-10.000,951.329,1009.852,-29.261,12.052,0.320
314.3931,-10.000,943.208,1020.973,-38.883,2.487,0.320
314.4902,-9.000,955.735,1008.837,-26.551,12.069,0.320
314.5883,-8.000,961.053,1004.691,-21.819,14.046,0.320
314.6962,-7.000,965.140,1002.440,-18.650,14.454,0.320
314.7948,-7.000,955.910,1016.231,-30.160,2.983,0.320
314.8908,-6.000,968.723,1005.134,-18.206,12.171,0.320
314.9888,-6.000,961.260,1017.057,-27.899,2.511,0.320
315.0863,-5.000,974.409,1005.538,-15.564,12.074,0.320
315.1949,-5.000,966.991,1017.341,-25.175,2.491,0.320
315.2934,-4.000,980.131,1005.769,-12.819,12.070,0.320
315.3930,-4.000,972.696,1017.537,-22.420,2.491,0.320
315.4911,-3.000,985.820,1005.936,-10.058,12.069,0.320
315.5878,-3.000,978.371,1017.679,-19.654,2.491,0.320
315.6857,-2.000,991.484,1006.057,-7.286,12.069,0.320
315.7939,-2.000,984.027,1017.780,-16.877,2.491,0.320
315.8913,-1.000,997.134,1006.140,-4.503,12.069,0.320
315.9911,-1.000,989.673,1017.848,-14.088,2.491,0.320
316.0916,-1.000,989.495,1021.635,-16.070,0.514,0.320
316.1871,-0.000,1003.897,1008.141,-2.122,11.662,0.320
316.2867,-0.000,996.528,1019.283,-11.377,2.406,0.320
