time_s,error_mm,left_rpm,right_rpm,pid_output,d_term
0.0004,6.000,73.983,-28.020,51.002,45.000
0.0751,6.000,54.684,33.023,10.830,4.821
0.1829,6.000,69.713,56.647,6.533,0.517
0.2794,6.000,89.506,77.347,6.079,0.055
0.3763,6.000,110.494,98.419,6.037,0.006
0.4842,6.000,132.191,120.112,6.040,0.001
0.5799,6.000,154.458,142.365,6.047,0.000
0.6766,6.000,177.207,165.099,6.054,0.000
0.7845,5.000,196.920,191.085,2.917,-2.143
0.8797,6.000,224.026,208.064,7.981,1.913
0.9742,5.000,242.936,236.664,3.136,-1.938
1.0797,5.000,270.184,260.439,4.873,-0.208
1.1757,5.000,295.881,285.752,5.064,-0.022
1.2811,5.000,321.405,311.225,5.090,-0.002
1.3768,6.000,347.352,330.866,8.243,2.143
1.4838,6.000,370.140,357.466,6.337,0.230
1.5792,6.000,394.753,382.473,6.140,0.025
1.6746,6.000,419.647,407.396,6.125,0.003
1.7803,6.000,444.643,432.382,6.131,0.000
1.8768,6.000,469.713,457.438,6.138,0.000
1.9730,6.000,494.844,482.553,6.145,0.000
2.0784,7.000,520.469,501.876,9.297,2.143
2.1750,7.000,542.988,528.203,7.392,0.230
2.2824,7.000,567.371,552.978,7.196,0.025
2.3783,7.000,592.069,577.704,7.183,0.003
2.4760,8.000,591.880,571.213,10.333,2.143
2.5814,8.000,588.637,571.778,8.430,0.230
2.6746,8.000,587.304,570.835,8.235,0.025
2.7806,8.000,586.325,569.879,8.223,0.003
2.8751,9.000,585.954,563.205,11.375,2.143
2.9815,9.000,582.558,563.614,9.472,0.230
3.0787,10.000,581.539,556.693,12.423,2.167
3.1753,11.000,578.186,550.898,13.644,2.375
3.2810,11.000,573.691,550.616,11.537,0.254
3.3766,12.000,571.891,542.956,14.468,2.170
3.4735,13.000,567.892,536.514,15.689,2.375
3.5823,13.000,562.850,535.681,13.585,0.255
3.6786,13.000,560.143,533.395,13.374,0.027
3.7748,13.000,558.012,531.281,13.366,0.003
3.8824,14.000,556.666,523.619,16.523,2.143
3.9784,14.000,552.442,523.187,14.627,0.230
4.0814,14.000,550.275,521.395,14.440,0.025
4.1760,14.000,548.588,519.718,14.435,0.003
4.2726,14.000,547.174,518.273,14.451,0.000
4.3791,14.000,545.975,517.040,14.468,0.000
4.4746,14.000,544.960,515.989,14.485,0.000
4.5814,14.000,544.099,515.094,14.503,0.000
4.6774,14.000,543.370,514.330,14.520,0.000
4.7753,14.000,542.753,513.678,14.538,0.000
4.8820,14.000,542.232,513.121,14.555,0.000
4.9777,14.000,541.791,512.645,14.573,0.000
5.0726,15.000,541.863,506.394,17.734,2.143
5.1790,15.000,530.358,482.716,23.821,0.405
5.2747,16.000,514.093,457.238,28.427,3.482
5.3796,16.000,491.238,439.970,25.634,0.659
5.4750,17.000,472.670,412.595,30.037,3.530
5.5811,18.000,450.801,386.573,32.114,4.073
5.6768,18.000,424.859,367.168,28.845,0.771
5.7729,18.000,401.176,344.667,28.254,0.146
5.8789,19.000,380.451,314.296,33.077,3.433
5.9741,19.000,353.667,293.009,30.329,0.649
6.0787,19.000,328.926,269.250,29.838,0.123
6.1758,20.000,332.702,263.339,34.682,3.429
6.2726,20.000,330.552,266.674,31.939,0.649
6.3782,20.000,330.568,267.667,31.451,0.123
6.4732,20.000,330.934,268.157,31.389,0.023
6.5779,20.000,331.317,268.502,31.407,0.004
6.6725,20.000,331.660,268.778,31.441,0.001
6.7788,19.000,326.153,273.011,26.571,-3.405
6.8755,19.000,329.908,271.173,29.367,-0.644
6.9798,19.000,331.281,271.430,29.925,-0.122
7.0754,18.000,326.300,275.995,25.153,-3.428
7.1805,18.000,330.438,274.505,27.966,-0.649
7.2748,17.000,326.315,279.078,23.619,-3.528
7.3810,17.000,330.899,277.877,26.511,-0.667
7.4771,16.000,327.102,282.749,22.177,-3.532
7.5726,15.000,326.146,285.819,20.163,-4.074
7.6808,15.000,331.875,284.887,23.494,-0.771
7.7765,15.000,334.567,286.273,24.147,-0.146
7.8728,14.000,330.639,291.866,19.386,-3.433
7.9790,14.000,335.656,291.265,22.196,-0.649
8.0752,14.000,338.086,292.588,22.749,-0.123
8.1792,14.000,339.807,294.058,22.875,-0.023
8.2749,14.000,341.208,295.369,22.920,-0.004
8.3709,14.000,342.391,296.491,22.950,-0.001
8.4762,14.000,343.397,297.444,22.976,-0.000
8.5726,14.000,344.256,298.251,23.003,-0.000
8.6784,13.000,339.183,302.939,18.122,-3.405
8.7757,13.000,343.305,301.491,20.907,-0.644
8.8700,13.000,344.988,302.080,21.454,-0.122
8.9772,13.000,346.077,302.922,21.577,-0.023
9.0718,13.000,346.941,303.700,21.620,-0.004
9.1765,13.000,347.667,304.370,21.648,-0.001
9.2724,13.000,348.285,304.938,21.673,-0.000
9.3788,13.000,348.813,305.418,21.698,-0.000
9.4739,13.000,349.266,305.822,21.722,-0.000
9.5703,13.000,349.655,306.162,21.747,-0.000
9.6749,13.000,349.989,306.447,21.771,-0.000
9.7704,13.000,350.276,306.686,21.795,-0.000
9.8767,13.000,350.524,306.885,21.820,-0.000
9.9731,13.000,350.739,307.051,21.844,-0.000
10.0703,12.000,345.118,311.195,16.961,-3.405
10.1773,13.000,351.581,302.277,24.652,2.761
10.2744,13.000,349.823,304.948,22.438,0.522
10.3800,12.000,344.005,309.742,17.131,-3.307
10.4746,13.000,350.580,301.096,24.742,2.780
10.5783,13.000,348.971,303.946,22.513,0.526
10.6723,13.000,349.096,304.875,22.110,0.099
10.7788,13.000,349.488,305.379,22.054,0.019
10.8751,13.000,349.878,305.751,22.063,0.004
10.9698,13.000,350.223,306.053,22.085,0.001
11.0758,13.000,350.522,306.304,22.109,0.000
11.1706,13.000,350.780,306.514,22.133,0.000
11.2781,13.000,351.003,306.688,22.157,0.000
11.3728,14.000,354.004,299.826,27.089,3.405
11.4786,14.000,351.127,302.419,24.354,0.644
11.5759,14.000,350.511,302.795,23.858,0.122
11.6725,14.000,350.336,302.766,23.785,0.023
11.7754,14.000,350.257,302.671,23.793,0.004
11.8803,14.000,350.206,302.575,23.816,0.001
11.9742,14.000,350.169,302.486,23.841,0.000
12.0708,14.000,350.142,302.407,23.867,0.000
12.1740,14.000,350.123,302.335,23.894,0.000
12.2779,14.000,350.110,302.271,23.920,0.000
12.3726,14.000,350.104,302.212,23.946,0.000
12.4765,15.000,352.909,295.150,28.880,3.405
12.5693,15.000,349.868,297.575,26.147,0.644
12.6726,15.000,349.111,297.807,25.652,0.122
12.7759,15.000,348.817,297.654,25.582,0.023
12.8692,15.000,348.637,297.455,25.591,0.004
12.9722,15.000,348.501,297.270,25.616,0.001
13.0781,15.000,348.391,297.105,25.643,0.000
13.1739,15.000,348.303,296.961,25.671,0.000
13.2690,15.000,348.232,296.834,25.699,0.000
13.3753,14.000,342.369,300.729,20.820,-3.405
13.4705,14.000,345.820,298.605,23.607,-0.644
13.5763,14.000,346.932,298.620,24.156,-0.122
13.6740,14.000,347.537,298.975,24.281,-0.023
13.7703,14.000,347.989,299.337,24.326,-0.004
13.8760,14.000,348.365,299.654,24.356,-0.001
13.9695,14.000,348.687,299.921,24.383,-0.000
14.0770,14.000,348.963,300.145,24.409,-0.000
14.1731,14.000,349.202,300.331,24.435,-0.000
14.2682,13.000,343.602,304.493,19.554,-3.405
14.3728,13.000,347.276,302.596,22.340,-0.644
14.4780,13.000,348.578,302.805,22.887,-0.122
14.5737,13.000,349.344,303.324,23.010,-0.023
14.6682,13.000,349.932,303.827,23.053,-0.004
14.7742,13.000,350.424,304.263,23.081,-0.001
14.8696,14.000,353.651,297.625,28.013,3.405
14.9755,15.000,353.774,293.402,30.186,4.050
15.0712,17.000,355.890,282.401,36.745,7.577
15.1766,20.000,357.425,266.714,45.355,11.650
15.2727,24.000,357.731,246.579,55.576,15.826
15.3714,24.000,342.517,256.938,42.789,2.994
15.4680,24.000,338.071,257.257,40.407,0.566
15.5736,23.000,330.096,259.925,35.085,-3.298
15.6693,20.000,314.635,268.474,23.081,-10.840
15.7753,17.000,307.603,273.232,17.186,-12.267
15.8716,14.000,303.693,278.808,12.442,-12.537
15.9775,11.000,301.670,285.847,7.912,-12.588
16.0724,9.000,306.915,290.267,8.324,-9.192
16.1760,7.000,309.878,297.918,5.980,-8.550
16.2713,7.000,324.334,298.484,12.925,-1.618
16.3675,6.000,326.236,307.551,9.343,-3.711
16.4773,6.000,335.419,310.692,12.363,-0.702
16.5737,5.000,335.429,319.356,8.037,-3.538
16.6699,4.000,337.687,325.672,6.007,-4.075
16.7760,4.000,346.142,327.505,9.319,-0.771
16.8734,4.000,351.147,331.245,9.951,-0.146
16.9688,3.000,349.182,338.842,5.170,-3.433
17.0758,3.000,355.865,339.947,7.959,-0.649
17.1688,3.000,359.707,342.725,8.491,-0.123
17.2725,2.000,356.819,349.440,3.689,-3.429
17.3754,2.000,362.729,349.783,6.473,-0.649
17.4681,2.000,365.916,351.911,7.003,-0.123
17.5731,1.000,362.471,358.074,2.199,-3.429
17.6691,1.000,367.908,357.947,4.980,-0.649
17.7771,1.000,370.692,359.676,5.508,-0.123
17.8734,-0.000,366.905,365.500,0.702,-3.429
17.9707,-0.000,372.050,365.085,3.482,-0.649
18.0756,-0.000,374.587,366.570,4.008,-0.123
18.1721,-1.000,369.388,370.987,-0.799,-3.429
18.2686,-2.000,366.326,372.184,-2.929,-4.054
18.3748,-2.000,370.317,369.608,0.355,-0.767
18.4715,-3.000,364.530,372.399,-3.935,-3.551
18.5670,-4.000,360.622,372.559,-5.969,-4.077
18.6727,-5.000,356.820,371.975,-7.578,-4.177
18.7667,-5.000,359.833,368.234,-4.200,-0.790
18.8723,-6.000,353.148,370.101,-8.476,-3.555
18.9672,-6.000,355.471,366.682,-5.605,-0.673
19.0715,-7.000,348.533,368.490,-9.979,-3.533
19.1671,-8.000,343.696,367.765,-12.035,-4.074
19.2735,-8.000,346.120,363.613,-8.747,-0.771
19.3691,-9.000,338.988,365.076,-13.044,-3.551
19.4670,-9.000,340.942,361.305,-10.181,-0.672
19.5728,-10.000,333.690,362.812,-14.561,-3.533
19.6700,-11.000,328.586,361.832,-16.623,-4.074
19.7758,-12.000,323.776,360.271,-18.248,-4.176
19.8724,-13.000,318.924,358.507,-19.791,-4.195
19.9674,-13.000,320.990,353.818,-16.414,-0.794
20.0752,-14.000,313.487,354.891,-20.702,-3.556
20.1701,-14.000,315.111,350.802,-17.845,-0.673
20.2675,-15.000,307.576,352.043,-22.234,-3.533
20.3721,-16.000,302.229,350.838,-24.305,-4.074
20.4679,-16.000,304.218,346.281,-21.032,-0.771
20.5739,-17.000,296.714,347.402,-25.344,-3.551
20.6705,-17.000,298.348,343.341,-22.496,-0.672
20.7659,-18.000,290.823,344.605,-26.891,-3.533
20.8719,-19.000,285.485,343.420,-28.968,-4.074
20.9680,-19.000,287.480,338.881,-25.700,-0.771
21.0735,-20.000,279.981,340.018,-30.018,-3.551
21.1663,-21.000,274.612,338.779,-32.084,-4.077
21.2700,-22.000,269.562,337.011,-33.725,-4.177
21.3666,-23.000,264.503,335.076,-35.286,-4.196
21.4728,-23.000,266.389,330.245,-31.928,-0.794
21.5700,-24.000,258.731,331.200,-36.235,-3.556
21.6655,-25.000,253.212,329.820,-38.304,-4.078
21.7736,-26.000,248.033,327.936,-39.952,-4.177
21.8686,-26.000,249.869,323.096,-36.614,-0.790
21.9737,-27.000,242.177,324.035,-40.929,-3.555
22.0695,-27.000,243.639,319.833,-38.097,-0.673
22.1725,-28.000,235.962,320.981,-42.510,-3.533
22.2658,-28.000,237.499,316.895,-39.698,-0.668
22.3718,-29.000,229.897,318.129,-44.116,-3.532
22.4666,-29.000,231.500,314.113,-41.307,-0.668
22.5716,-30.000,224.011,315.352,-45.670,-3.532
22.6672,-30.000,225.719,311.332,-42.807,-0.668
22.7733,-31.000,218.272,312.612,-47.170,-3.532
22.8689,-32.000,213.010,311.434,-49.212,-4.074
22.9750,-32.000,215.075,306.893,-45.909,-0.771
23.0700,-32.000,214.648,305.217,-45.284,-0.146
23.1656,-33.000,206.867,307.010,-50.071,-3.433
23.2701,-34.000,201.600,305.987,-52.193,-4.055
23.3658,-34.000,203.715,301.526,-48.906,-0.767
23.4721,-35.000,196.334,302.712,-53.189,-3.551
23.5670,-35.000,198.080,298.701,-50.310,-0.672
23.6735,-35.000,197.662,297.193,-49.765,-0.127
23.7692,-36.000,189.942,299.077,-54.568,-3.429
23.8676,-36.000,191.742,295.316,-51.787,-0.649
23.9737,-37.000,184.429,296.762,-56.167,-3.528
24.0690,-37.000,186.296,292.908,-53.306,-0.667
24.1640,-37.000,185.993,291.522,-52.765,-0.126
24.2718,-38.000,178.372,293.507,-57.568,-3.429
24.3682,-38.000,180.257,289.832,-54.787,-0.649
24.4637,-38.000,180.023,288.545,-54.261,-0.123
24.5695,-39.000,172.470,290.604,-59.067,-3.429
24.6639,-39.000,174.415,286.989,-56.287,-0.649
24.7699,-40.000,167.226,288.559,-60.666,-3.528
24.8650,-40.000,169.199,284.810,-57.806,-0.667
24.9708,-40.000,168.985,283.514,-57.265,-0.126
25.0661,-40.000,168.446,282.770,-57.162,-0.024
25.1728,-41.000,160.914,285.011,-62.048,-3.410
25.2705,-41.000,162.931,281.498,-59.283,-0.645
25.3668,-42.000,155.812,283.144,-63.666,-3.527
25.4735,-42.000,157.846,279.458,-60.806,-0.667
25.5690,-42.000,157.685,278.215,-60.265,-0.126
25.6647,-43.000,150.186,280.321,-65.068,-3.429
25.7718,-43.000,152.174,276.748,-62.287,-0.649
25.8668,-43.000,152.027,275.549,-61.761,-0.123
25.9724,-43.000,151.554,274.877,-61.662,-0.023
26.0672,-43.000,151.086,274.372,-61.643,-0.004
26.1734,-44.000,143.671,276.760,-66.545,-3.406
26.2698,-44.000,145.796,273.362,-63.783,-0.644
26.3668,-44.000,145.778,272.298,-63.260,-0.122
26.4728,-44.000,145.417,271.740,-63.161,-0.023
26.5680,-45.000,138.039,274.135,-68.048,-3.410
26.6632,-45.000,140.186,270.753,-65.283,-0.645
26.7708,-45.000,140.185,269.706,-64.760,-0.122
26.8669,-45.000,139.838,269.161,-64.661,-0.023
26.9723,-45.000,139.478,268.763,-64.643,-0.004
27.0673,-46.000,132.153,271.243,-69.545,-3.406
27.1637,-46.000,134.356,267.922,-66.783,-0.644
27.2688,-46.000,134.404,266.924,-66.260,-0.122
27.3645,-46.000,134.099,266.422,-66.161,-0.023
27.4709,-46.000,133.774,266.060,-66.143,-0.004
27.5663,-46.000,133.486,265.765,-66.139,-0.001
27.6708,-46.000,133.239,265.516,-66.139,-0.000
27.7644,-47.000,126.023,268.110,-71.044,-3.405
27.8706,-47.000,128.320,264.885,-68.283,-0.644
27.9659,-47.000,128.448,263.968,-67.760,-0.122
28.0722,-47.000,128.211,263.534,-67.661,-0.023
28.1671,-47.000,127.945,263.230,-67.643,-0.004
28.2624,-47.000,127.706,262.984,-67.639,-0.001
28.3690,-47.000,127.501,262.778,-67.639,-0.000
28.4653,-47.000,127.326,262.603,-67.638,-0.000
28.5709,-47.000,127.177,262.454,-67.638,-0.000
28.6665,-47.000,127.051,262.327,-67.638,-0.000
28.7625,-47.000,126.943,262.220,-67.638,-0.000
28.8679,-47.000,126.852,262.128,-67.638,-0.000
28.9629,-47.000,126.774,262.051,-67.638,-0.000
29.0675,-47.000,126.708,261.985,-67.638,-0.000
29.1617,-47.000,126.652,261.929,-67.638,-0.000
29.2711,-47.000,126.604,261.881,-67.638,-0.000
29.3673,-47.000,126.564,261.840,-67.638,-0.000
29.4638,-47.000,126.529,261.806,-67.638,-0.000
29.5709,-47.000,126.500,261.777,-67.638,-0.000
29.6665,-47.000,126.475,261.752,-67.638,-0.000
29.7726,-46.000,130.459,255.925,-62.733,3.405
29.8687,-46.000,128.415,259.403,-65.494,0.644
29.9640,-46.000,128.502,260.535,-66.016,0.122
30.0681,-46.000,128.921,261.152,-66.115,0.023
30.1613,-45.000,133.348,255.806,-61.229,3.410
30.2644,-45.000,131.693,259.680,-63.993,0.645
30.3673,-44.000,136.118,255.340,-59.611,3.527
30.4703,-44.000,134.795,259.737,-62.471,0.667
30.5632,-44.000,135.559,261.584,-63.012,0.126
30.6660,-43.000,140.573,256.991,-58.209,3.429
30.7700,-42.000,143.476,255.644,-56.084,4.054
30.8647,-42.000,142.351,261.093,-59.371,0.767
30.9612,-42.000,143.566,263.553,-59.993,0.145
31.0659,-41.000,149.016,259.427,-55.206,3.433
31.1635,-40.000,152.301,258.468,-53.084,4.055
31.2713,-40.000,151.501,264.244,-56.371,0.767
31.3689,-39.000,156.999,261.175,-52.088,3.551
31.4647,-39.000,156.653,266.587,-54.967,0.672
31.5705,-38.000,162.267,263.479,-50.606,3.532
31.6661,-37.000,165.973,263.102,-48.565,4.074
31.7607,-36.000,169.591,263.515,-46.962,4.176
31.8681,-36.000,169.417,270.114,-50.348,0.790
31.9623,-35.000,175.513,267.680,-46.083,3.555
32.0692,-34.000,179.693,267.813,-44.060,4.078
32.1639,-34.000,179.719,274.453,-47.367,0.772
32.2688,-33.000,185.932,272.106,-43.087,3.551
32.3626,-32.000,190.201,272.323,-41.061,4.077
32.4676,-31.000,194.307,273.230,-39.462,4.177
32.5616,-30.000,198.556,274.442,-37.943,4.196
32.6689,-29.000,202.926,275.914,-36.494,4.199
32.7641,-28.000,207.457,277.548,-35.045,4.200
32.8611,-27.000,212.127,279.319,-33.596,4.200
32.9672,-26.000,216.916,281.205,-32.145,4.200
33.0626,-25.000,221.806,283.189,-30.692,4.200
33.1671,-24.000,226.782,285.255,-29.237,4.200
33.2612,-23.000,231.832,287.391,-27.780,4.200
33.3665,-21.000,240.952,283.779,-21.414,7.605
33.4608,-20.000,244.094,289.519,-22.712,4.844
33.5670,-19.000,249.411,292.952,-21.770,4.322
33.6642,-18.000,255.097,295.903,-20.403,4.223
33.7702,-16.000,264.825,292.917,-14.046,7.610
33.8670,-15.000,268.497,299.175,-15.339,4.845
33.9627,-14.000,274.268,303.045,-14.388,4.322
34.0699,-12.000,284.350,300.558,-8.104,7.628
34.1654,-11.000,288.377,307.186,-9.405,4.849
34.2612,-10.000,294.461,311.360,-8.449,4.323
34.3688,-8.000,304.811,309.128,-2.159,7.629
34.4640,-7.000,309.068,315.971,-3.452,4.849
34.5698,-5.000,319.356,314.519,2.418,7.728
34.6653,-4.000,323.843,321.743,1.050,4.867
34.7597,-2.000,334.381,320.559,6.911,7.732
34.8655,-1.000,339.091,328.000,5.545,4.868
34.9624,1.000,348.620,325.798,11.411,7.732
35.0600,2.000,351.275,331.173,10.051,4.868
35.1658,4.000,357.858,326.014,15.922,7.732
35.2628,5.000,358.009,328.873,14.568,4.868
35.3687,6.000,359.658,328.584,15.537,4.326
35.4639,8.000,363.854,320.143,21.855,7.629
35.5694,9.000,361.686,320.503,20.592,4.849
35.6631,10.000,361.311,318.142,21.584,4.323
35.7661,11.000,360.969,314.958,23.005,4.223
35.8598,11.000,357.566,318.363,19.602,0.799
35.9647,12.000,359.748,311.984,23.882,3.557
36.0605,12.000,356.602,314.561,21.021,0.673
36.1677,13.000,358.645,307.835,25.405,3.533
36.2623,13.000,355.315,310.185,22.565,0.668
36.3676,13.000,354.381,310.286,22.047,0.126
36.4621,13.000,353.948,310.010,21.969,0.024
36.5689,13.000,353.652,309.704,21.974,0.005
36.6655,13.000,353.417,309.427,21.995,0.001
36.7620,13.000,353.223,309.186,22.019,0.000
36.8686,12.000,347.255,312.984,17.136,-3.405
36.9644,12.000,350.617,310.778,19.919,-0.644
37.0595,12.000,351.653,310.725,20.464,-0.122
37.1659,11.000,346.385,315.028,15.678,-3.428
37.2618,11.000,350.275,313.318,18.479,-0.649
37.3681,11.000,351.748,313.697,19.025,-0.123
37.4635,11.000,352.655,314.365,19.145,-0.023
37.5586,10.000,347.557,319.002,14.277,-3.410
37.6655,10.000,351.644,317.522,17.061,-0.645
37.7599,10.000,353.294,318.089,17.603,-0.122
37.8628,10.000,354.354,318.913,17.720,-0.023
37.9583,10.000,355.192,319.677,17.758,-0.004
38.0649,10.000,355.895,320.335,17.780,-0.001
38.1616,10.000,356.493,320.894,17.800,-0.000
38.2673,9.000,351.197,325.374,12.911,-3.405
38.3638,9.000,355.128,323.749,15.689,-0.644
38.4588,9.000,356.647,324.190,16.228,-0.122
38.5647,8.000,351.788,328.915,11.437,-3.428
38.6608,8.000,356.026,327.563,14.232,-0.649
38.7668,7.000,351.987,332.256,9.865,-3.528
38.8621,6.000,350.831,335.167,7.832,-4.073
38.9676,5.000,350.583,338.107,6.238,-4.176
39.0622,4.000,350.815,341.363,4.726,-4.195
39.1587,3.000,351.400,344.943,3.228,-4.199
39.2630,1.000,346.465,352.818,-3.176,-7.605
39.3587,-0.000,351.076,354.906,-1.915,-4.844
39.4647,-1.000,352.344,358.133,-2.895,-4.322
39.5608,-2.000,352.249,360.848,-4.300,-4.223
39.6668,-4.000,344.268,365.656,-10.694,-7.610
39.7625,-5.000,345.075,363.952,-9.438,-4.845
39.8577,-6.000,343.106,363.959,-10.427,-4.322
39.9641,-7.000,340.257,363.939,-11.841,-4.223
40.0610,-8.000,336.942,363.616,-13.337,-4.204
40.1578,-8.000,340.290,360.176,-9.943,-0.795
40.2631,-9.000,333.874,362.315,-14.221,-3.556
40.3588,-10.000,329.414,361.937,-16.262,-4.078
40.4647,-10.000,332.147,358.094,-12.974,-0.772
40.5607,-11.000,325.274,359.822,-17.274,-3.551
40.6658,-12.000,320.439,359.084,-19.323,-4.077
40.7604,-13.000,315.847,357.740,-20.946,-4.177
40.8660,-13.000,318.186,353.354,-17.584,-0.790
40.9610,-14.000,310.925,354.676,-21.875,-3.555
41.0656,-14.000,312.757,350.795,-19.019,-0.673
41.1611,-14.000,312.406,349.406,-18.500,-0.127
41.2569,-16.000,297.728,354.203,-28.238,-6.835
41.3624,-17.000,295.033,350.300,-27.633,-4.698
41.4572,-17.000,297.507,345.218,-23.855,-0.889
41.5622,-18.000,290.080,346.228,-28.074,-3.574
41.6581,-19.000,284.709,344.944,-30.117,-4.081
41.7569,-20.000,279.648,343.149,-31.751,-4.178
41.8638,-21.000,274.576,341.193,-33.309,-4.196
41.9582,-21.000,276.452,336.344,-29.946,-0.794
42.0646,-22.000,268.785,337.283,-34.249,-3.556
42.1614,-22.000,270.267,333.082,-31.407,-0.673
42.2577,-22.000,269.616,331.422,-30.903,-0.127
42.3626,-21.000,272.703,324.571,-25.934,3.381
42.4570,-21.000,269.823,327.252,-28.715,0.640
42.5621,-21.000,269.180,327.726,-29.273,0.121
42.6570,-21.000,268.970,327.791,-29.410,0.023
42.7640,-20.000,272.858,321.980,-24.561,3.410
42.8594,-20.000,270.739,325.466,-27.363,0.645
42.9561,-20.000,270.759,326.607,-27.924,0.122
43.0614,-20.000,271.116,327.236,-28.060,0.023
43.1571,-20.000,271.479,327.712,-28.117,0.004
43.2640,-20.000,271.795,328.110,-28.158,0.001
43.3594,-20.000,272.059,328.451,-28.196,0.000
43.4664,-20.000,272.279,328.746,-28.233,0.000
43.5614,-20.000,272.461,329.002,-28.271,0.000
43.6566,-20.000,272.609,329.226,-28.308,0.000
43.7621,-20.000,272.730,329.422,-28.346,0.000
43.8579,-21.000,265.820,332.401,-33.291,-3.405
43.9648,-20.000,272.378,323.701,-25.662,2.761
44.0591,-20.000,270.692,326.567,-27.938,0.522
44.1631,-20.000,270.732,327.530,-28.399,0.099
44.2566,-19.000,275.048,322.266,-23.609,3.424
44.3629,-19.000,273.333,326.176,-26.421,0.648
44.4589,-18.000,277.712,321.862,-22.075,3.528
44.5649,-17.000,280.353,320.477,-20.062,4.073
44.6610,-16.000,283.060,320.037,-18.489,4.176
44.7569,-16.000,282.107,325.917,-21.905,0.790
44.8638,-15.000,287.538,322.874,-17.668,3.555
44.9598,-14.000,291.150,322.492,-15.671,4.078
45.0570,-14.000,290.690,328.697,-19.004,0.772
45.1649,-13.000,296.487,325.984,-14.748,3.551
45.2603,-13.000,296.394,331.698,-17.652,0.672
45.3569,-12.000,302.221,328.849,-13.314,3.533
45.4626,-12.000,302.100,334.501,-16.201,0.668
45.5571,-12.000,303.886,337.416,-16.765,0.126
45.6628,-12.000,305.759,339.539,-16.890,0.024
45.7574,-12.000,307.416,341.280,-16.932,0.005
45.8612,-12.000,308.833,342.750,-16.958,0.001
45.9551,-12.000,310.037,344.000,-16.981,0.000
46.0609,-12.000,311.058,345.066,-17.004,0.000
46.1584,-12.000,311.922,345.975,-17.026,0.000
46.2647,-12.000,312.653,346.751,-17.049,0.000
46.3599,-11.000,317.278,341.607,-12.164,3.405
46.4553,-11.000,315.776,345.668,-14.946,0.644
46.5614,-10.000,320.328,341.491,-10.582,3.527
46.6574,-9.000,323.116,340.222,-8.553,4.073
46.7625,-9.000,321.942,345.687,-11.872,0.771
46.8575,-8.000,327.131,342.345,-7.607,3.551
46.9642,-7.000,330.529,341.717,-5.594,4.077
47.0598,-7.000,329.888,347.713,-8.913,0.771
47.1562,-6.000,335.532,344.820,-4.644,3.551
47.2609,-6.000,335.311,350.380,-7.535,0.672
47.3570,-6.000,337.024,353.205,-8.091,0.127
47.4641,-5.000,342.846,349.441,-3.298,3.429
47.5605,-6.000,335.423,357.413,-10.995,-2.757
47.6555,-6.000,339.380,356.922,-8.771,-0.522
47.7610,-6.000,341.264,357.984,-8.360,-0.099
47.8556,-7.000,335.578,361.974,-13.198,-3.424
47.9619,-7.000,339.121,359.991,-10.435,-0.648
48.0590,-7.000,340.295,360.141,-9.923,-0.123
48.1554,-7.000,340.945,360.618,-9.837,-0.023
48.2543,-8.000,334.422,363.898,-14.738,-3.410
48.3617,-7.000,341.301,355.463,-7.081,2.760
48.4566,-7.000,339.888,358.553,-9.332,0.522
48.5621,-6.000,344.171,353.895,-4.862,3.504
48.6576,-6.000,342.660,358.088,-7.714,0.663
48.7620,-5.000,347.258,353.969,-3.356,3.531
48.8567,-4.000,350.097,352.738,-1.321,4.073
48.9638,-4.000,348.970,358.232,-4.631,0.771
49.0591,-3.000,354.200,354.912,-0.356,3.551
49.1623,-3.000,353.628,360.110,-3.241,0.672
49.2563,-3.000,355.043,362.626,-3.791,0.127
49.3629,-3.000,356.605,364.405,-3.900,0.024
49.4569,-3.000,358.000,365.850,-3.925,0.005
49.5627,-3.000,359.198,367.067,-3.934,0.001
49.6582,-3.000,360.217,368.099,-3.941,0.000
49.7537,-3.000,361.084,368.977,-3.946,0.000
49.8605,-3.000,361.819,369.724,-3.952,0.000
49.9559,-4.000,355.437,373.167,-8.865,-3.405
50.0617,-4.000,358.441,370.664,-6.111,-0.644
50.1579,-5.000,352.161,373.169,-10.504,-3.527
50.2543,-5.000,354.908,370.214,-7.653,-0.667
50.3631,-6.000,348.344,372.402,-12.029,-3.532
50.4602,-7.000,343.829,371.997,-14.084,-4.074
50.5551,-7.000,346.528,368.116,-10.794,-0.771
50.6630,-8.000,339.630,369.809,-15.090,-3.551
50.7587,-8.000,341.782,366.232,-12.225,-0.672
50.8565,-9.000,334.699,367.905,-16.603,-3.533
50.9626,-9.000,336.747,364.258,-13.755,-0.668
51.0600,-9.000,336.593,363.053,-13.230,-0.126
51.1555,-10.000,329.093,365.197,-18.052,-3.429
51.2631,-11.000,324.072,364.467,-20.198,-4.054
51.3583,-11.000,326.394,360.256,-16.931,-0.767
51.4535,-11.000,326.192,358.852,-16.330,-0.145
51.5605,-11.000,325.607,358.072,-16.233,-0.027
51.6556,-11.000,325.028,357.490,-16.231,-0.005
51.7629,-11.000,324.519,357.014,-16.247,-0.001
51.8590,-11.000,324.080,356.614,-16.267,-0.000
51.9564,-11.000,323.703,356.279,-16.288,-0.000
52.0622,-10.000,327.387,350.189,-11.401,3.405
52.1581,-10.000,325.085,353.447,-14.181,0.644
52.2540,-10.000,324.950,354.394,-14.722,0.122
52.3600,-10.000,325.177,354.856,-14.840,0.023
52.4559,-10.000,325.433,355.187,-14.877,0.004
52.5621,-10.000,325.660,355.459,-14.899,0.001
52.6587,-10.000,325.852,355.690,-14.919,0.000
52.7543,-10.000,326.014,355.889,-14.938,0.000
52.8615,-10.000,326.148,356.061,-14.956,0.000
52.9573,-10.000,326.259,356.210,-14.975,0.000
53.0620,-10.000,326.351,356.339,-14.994,0.000
53.1553,-10.000,326.427,356.452,-15.013,0.000
53.2614,-10.000,326.488,356.551,-15.031,0.000
53.3590,-10.000,326.537,356.637,-15.050,0.000
53.4548,-10.000,326.576,356.714,-15.069,0.000
53.5613,-10.000,326.606,356.782,-15.088,0.000
53.6551,-10.000,326.629,356.842,-15.106,0.000
53.7598,-9.000,330.653,351.089,-10.218,3.405
53.8560,-9.000,328.640,354.632,-12.996,0.644
53.9615,-9.000,328.752,355.822,-13.535,0.122
54.0580,-9.000,329.189,356.491,-13.651,0.023
54.1517,-9.000,329.623,356.996,-13.687,0.004
54.2545,-9.000,330.002,357.416,-13.707,0.001
54.3574,-9.000,330.324,357.773,-13.724,0.000
54.4613,-9.000,330.595,358.078,-13.741,0.000
54.5539,-9.000,330.824,358.341,-13.758,0.000
54.6593,-9.000,331.015,358.566,-13.775,0.000
54.7549,-9.000,331.176,358.760,-13.792,0.000
54.8517,-9.000,331.310,358.928,-13.809,0.000
54.9576,-9.000,331.421,359.072,-13.826,0.000
55.0516,-9.000,331.513,359.198,-13.843,0.000
55.1593,-9.000,331.588,359.308,-13.860,0.000
55.2552,-9.000,331.650,359.403,-13.876,0.000
55.3508,-9.000,331.700,359.487,-13.893,0.000
55.4567,-9.000,331.740,359.560,-13.910,0.000
55.5517,-9.000,331.771,359.626,-13.927,0.000
55.6572,-9.000,331.796,359.684,-13.944,0.000
55.7600,-9.000,331.814,359.735,-13.961,0.000
55.8527,-9.000,331.826,359.782,-13.978,0.000
55.9558,-9.000,331.835,359.824,-13.995,0.000
56.0593,-8.000,335.847,354.055,-9.104,3.405
56.1561,-8.000,333.824,357.584,-11.880,0.644
56.2525,-8.000,333.926,358.762,-12.418,0.122
56.3585,-7.000,338.364,353.613,-7.624,3.428
56.4541,-7.000,336.769,357.603,-10.417,0.649
56.5616,-7.000,337.248,359.160,-10.956,0.123
56.6569,-7.000,338.000,360.138,-11.069,0.023
56.7531,-7.000,338.704,360.905,-11.101,0.004
56.8588,-7.000,339.312,361.547,-11.118,0.001
56.9541,-7.000,339.830,362.092,-11.131,0.000
57.0509,-7.000,340.268,362.557,-11.145,0.000
57.1567,-7.000,340.639,362.954,-11.158,0.000
57.2528,-7.000,340.952,363.294,-11.171,0.000
57.3509,-7.000,341.216,363.584,-11.184,0.000
57.4586,-6.000,345.446,358.026,-6.290,3.405
57.5550,-6.000,343.609,361.734,-9.062,0.644
57.6580,-5.000,347.878,357.255,-4.689,3.527
57.7535,-5.000,346.420,361.535,-7.558,0.667
57.8598,-4.000,351.076,357.478,-3.201,3.532
57.9563,-4.000,349.959,362.103,-6.072,0.668
58.0521,-4.000,350.901,364.144,-6.621,0.126
58.1557,-3.000,356.066,359.714,-1.824,3.429
58.2584,-3.000,355.092,364.312,-4.610,0.649
58.3541,-3.000,356.101,366.384,-5.142,0.123
58.4508,-2.000,361.312,361.992,-0.340,3.429
58.5577,-2.000,360.377,366.624,-3.123,0.649
58.6523,-2.000,361.418,368.724,-3.653,0.123
58.7596,-2.000,362.650,370.162,-3.756,0.023
58.8565,-2.000,363.762,371.320,-3.779,0.004
58.9520,-2.000,364.719,372.292,-3.786,0.001
59.0584,-2.000,365.535,373.116,-3.791,0.000
59.1540,-3.000,359.221,376.624,-8.702,-3.405
59.2506,-2.000,366.291,368.369,-1.039,2.761
59.3563,-3.000,358.037,374.415,-8.189,-2.883
59.4506,-4.000,353.924,375.452,-10.764,-3.951
59.5569,-4.000,357.313,372.449,-7.568,-0.747
59.6520,-5.000,351.067,374.822,-11.877,-3.547
59.7593,-5.000,353.788,371.809,-9.011,-0.671
59.8538,-5.000,354.199,371.151,-8.476,-0.127
59.9494,-6.000,347.180,373.759,-13.290,-3.429
60.0561,-6.000,349.574,370.615,-10.520,-0.649
60.1535,-6.000,349.771,369.782,-10.005,-0.123
60.2504,-7.000,342.581,372.230,-14.825,-3.429
60.3574,-7.000,344.833,368.948,-12.058,-0.649
60.4529,-8.000,337.901,370.805,-16.452,-3.528
60.5503,-8.000,340.089,367.302,-13.606,-0.667
60.6563,-9.000,333.050,369.025,-17.988,-3.532
60.7517,-10.000,328.129,368.226,-20.048,-4.074
60.8588,-10.000,330.483,364.011,-16.764,-0.771
60.9554,-11.000,323.290,365.421,-21.065,-3.551
61.0505,-11.000,325.192,361.605,-18.206,-0.672
61.1560,-12.000,317.895,363.074,-22.590,-3.533
61.2518,-13.000,312.752,362.063,-24.655,-4.074
61.3578,-13.000,314.916,357.669,-21.377,-0.771
61.4534,-13.000,314.568,356.120,-20.776,-0.146
61.5591,-13.000,313.856,355.221,-20.682,-0.028
61.6535,-13.000,313.169,354.538,-20.684,-0.005
61.7511,-13.000,312.567,353.976,-20.704,-0.001
61.8574,-13.000,312.048,353.504,-20.728,-0.000
61.9530,-13.000,311.604,353.108,-20.752,-0.000
62.0489,-13.000,311.222,352.775,-20.777,-0.000
62.1551,-14.000,303.886,355.302,-25.708,-3.405
62.2515,-13.000,310.085,346.217,-18.066,2.761
62.3574,-13.000,308.095,348.753,-20.329,0.522
62.4535,-13.000,307.879,349.433,-20.777,0.099
62.5493,-13.000,307.972,349.735,-20.882,0.019
62.6545,-13.000,308.100,349.943,-20.921,0.004
62.7509,-13.000,308.216,350.112,-20.948,0.001
62.8566,-12.000,312.319,344.451,-16.066,3.406
62.9519,-12.000,310.374,348.073,-18.850,0.644
63.0575,-12.000,310.541,349.330,-19.395,0.122
63.1533,-12.000,311.025,350.057,-19.516,0.023
63.2493,-11.000,315.506,344.806,-14.650,3.410
63.3563,-11.000,313.893,348.763,-17.435,0.645
63.4514,-11.000,314.346,350.304,-17.979,0.122
63.5576,-10.000,319.081,345.463,-13.191,3.428
63.6523,-10.000,317.737,349.717,-15.990,0.649
63.7480,-9.000,322.437,345.691,-11.627,3.528
63.8554,-9.000,321.345,350.355,-14.505,0.667
63.9515,-9.000,322.306,352.431,-15.063,0.126
64.0490,-8.000,327.484,348.034,-10.275,3.429
64.1554,-8.000,326.521,352.661,-13.070,0.649
64.2505,-8.000,327.537,354.759,-13.611,0.123
64.3565,-8.000,328.746,356.197,-13.726,0.023
64.4521,-7.000,333.844,351.549,-8.852,3.410
64.5485,-7.000,332.758,356.018,-11.630,0.645
64.6535,-7.000,333.659,357.992,-12.166,0.122
64.7498,-7.000,334.769,359.326,-12.278,0.023
64.8560,-6.000,339.783,354.589,-7.403,3.410
64.9512,-6.000,338.625,358.983,-10.179,0.645
65.0502,-6.000,339.466,360.893,-10.713,0.122
65.1555,-6.000,340.525,362.172,-10.823,0.023
65.2512,-5.000,345.496,357.388,-5.946,3.410
65.3575,-5.000,344.301,361.742,-8.720,0.645
65.4545,-5.000,345.111,363.617,-9.253,0.122
65.5487,-4.000,350.152,359.059,-4.454,3.428
65.6543,-4.000,349.069,363.551,-7.241,0.649
65.7498,-3.000,353.992,359.727,-2.867,3.528
65.8468,-2.000,357.100,358.753,-0.826,4.073
65.9555,-2.000,356.201,364.466,-4.132,0.771
66.0514,-1.000,361.626,361.333,0.147,3.551
66.1478,-0.000,365.226,360.880,2.173,4.077
66.2539,1.000,367.565,360.017,3.774,4.177
66.3502,1.000,366.307,365.529,0.389,0.790
66.4463,2.000,370.284,360.968,4.658,3.555
66.5519,3.000,371.465,358.092,6.686,4.078
66.6503,3.000,368.943,362.172,3.386,0.772
66.7468,4.000,371.792,356.447,7.673,3.551
66.8517,4.000,369.198,359.596,4.801,0.672
66.9474,4.000,368.897,360.370,4.264,0.127
67.0533,4.000,369.003,360.666,4.168,0.024
67.1488,4.000,369.161,360.849,4.156,0.005
67.2549,4.000,369.310,360.990,4.160,0.001
67.3513,5.000,372.248,354.099,9.074,3.406
67.4469,5.000,369.315,356.671,6.322,0.644
67.5536,5.000,368.649,357.031,5.809,0.122
67.6508,4.000,362.622,360.998,0.812,-3.382
67.7459,4.000,365.997,358.872,3.562,-0.640
67.8538,3.000,361.246,362.884,-0.819,-3.526
67.9484,3.000,365.297,361.205,2.046,-0.667
68.0550,2.000,361.045,365.674,-2.314,-3.532
68.1522,1.000,359.697,368.406,-4.354,-4.074
68.2462,1.000,365.090,367.189,-1.050,-0.771
68.3512,-0.000,361.684,372.344,-5.330,-3.551
68.4470,-1.000,359.800,374.516,-7.358,-4.077
68.5530,-2.000,357.719,375.641,-8.961,-4.177
68.6494,-3.000,355.188,376.160,-10.486,-4.196
68.7547,-4.000,352.222,376.216,-11.997,-4.199
68.8493,-5.000,348.875,375.889,-13.507,-4.200
68.9553,-6.000,345.202,375.239,-15.018,-4.200
69.0517,-7.000,341.252,374.315,-16.531,-4.200
69.1456,-8.000,337.065,373.158,-18.046,-4.200
69.2519,-9.000,332.677,371.804,-19.563,-4.200
69.3474,-10.000,328.118,370.282,-21.082,-4.200
69.4539,-11.000,323.413,368.619,-22.603,-4.200
69.5496,-11.000,325.592,364.027,-19.218,-0.795
69.6459,-12.000,318.182,365.185,-23.502,-3.556
69.7540,-13.000,312.879,363.975,-25.548,-4.078
69.8498,-14.000,307.885,362.232,-27.173,-4.177
69.9454,-15.000,302.876,360.316,-28.720,-4.196
70.0501,-15.000,304.806,355.499,-25.347,-0.794
70.1455,-16.000,297.187,356.464,-29.638,-3.556
70.2507,-16.000,298.712,352.283,-26.785,-0.673
70.3461,-17.000,291.091,353.446,-31.177,-3.533
70.4514,-17.000,292.679,349.369,-28.345,-0.668
70.5485,-17.000,292.132,347.801,-27.835,-0.126
70.6539,-18.000,284.296,349.639,-32.671,-3.429
70.7501,-18.000,285.993,345.843,-29.925,-0.649
70.8466,-18.000,285.594,344.458,-29.432,-0.123
70.9526,-18.000,284.901,343.635,-29.367,-0.023
71.0484,-18.000,284.242,343.005,-29.382,-0.004
71.1546,-18.000,283.664,342.488,-29.412,-0.001
71.2504,-18.000,283.166,342.055,-29.445,-0.000
71.3459,-18.000,282.736,341.693,-29.478,-0.000
71.4519,-18.000,282.366,341.390,-29.512,-0.000
71.5454,-18.000,282.046,341.138,-29.546,-0.000
71.6524,-18.000,281.770,340.929,-29.580,-0.000
71.7481,-18.000,281.529,340.756,-29.613,-0.000
71.8547,-18.000,281.320,340.614,-29.647,-0.000
71.9490,-18.000,281.137,340.499,-29.681,-0.000
72.0448,-18.000,280.976,340.406,-29.715,-0.000
72.1508,-18.000,280.835,340.332,-29.748,-0.000
72.2473,-18.000,280.709,340.274,-29.782,-0.000
72.3525,-18.000,280.598,340.230,-29.816,-0.000
72.4490,-18.000,280.498,340.197,-29.850,-0.000
72.5557,-18.000,280.408,340.175,-29.883,-0.000
72.6519,-18.000,280.326,340.160,-29.917,-0.000
72.7478,-17.000,284.259,334.346,-25.044,3.405
72.8538,-17.000,282.166,337.840,-27.837,0.644
72.9494,-17.000,282.208,338.989,-28.391,0.122
73.0450,-17.000,282.583,339.626,-28.522,0.023
73.1513,-17.000,282.963,340.107,-28.572,0.004
73.2484,-17.000,283.293,340.508,-28.608,0.001
73.3438,-16.000,287.578,335.044,-23.733,3.406
73.4517,-16.000,285.786,338.834,-26.524,0.644
73.5474,-16.000,286.083,340.236,-27.076,0.122
73.6532,-15.000,290.683,335.279,-22.298,3.428
73.7477,-15.000,289.224,339.436,-25.106,0.649
73.8433,-15.000,289.816,341.136,-25.660,0.123
73.9483,-14.000,294.670,336.431,-20.880,3.429
74.0440,-13.000,297.435,334.993,-18.779,4.054
74.1491,-13.000,296.187,340.368,-22.091,0.767
74.2446,-13.000,297.295,342.769,-22.737,0.145
74.3507,-12.000,302.651,338.595,-17.972,3.433
74.4462,-12.000,301.848,343.403,-20.778,0.649
74.5439,-11.000,307.008,339.847,-16.419,3.528
74.6524,-10.000,310.315,339.103,-14.394,4.073
74.7488,-10.000,309.584,345.013,-17.715,0.771
74.8448,-9.000,315.149,342.051,-13.451,3.551
74.9508,-9.000,314.858,347.553,-16.347,0.672
75.0474,-8.000,320.519,344.522,-12.001,3.533
75.1432,-8.000,320.258,350.019,-14.881,0.668
75.2496,-7.000,325.933,346.994,-10.530,3.532
75.3470,-6.000,329.690,346.689,-8.500,4.074
75.4430,-5.000,333.350,347.164,-6.907,4.176
75.5493,-4.000,337.220,348.009,-5.395,4.195
75.6449,-4.000,337.314,354.922,-8.804,0.794
75.7519,-3.000,343.648,352.744,-4.548,3.556
75.8473,-2.000,348.033,353.092,-2.529,4.078
75.9437,-1.000,352.242,354.106,-0.932,4.177
76.0489,-1.000,352.573,361.214,-4.321,0.790
76.1430,-0.000,359.100,359.211,-0.056,3.555
76.2476,-0.000,359.640,365.516,-2.938,0.673
76.3422,-0.000,362.003,368.971,-3.484,0.127
76.4473,1.000,367.180,364.539,1.320,3.429
76.5420,1.000,366.218,369.135,-1.458,0.649
76.6494,2.000,370.046,364.196,2.925,3.528
76.7456,2.000,368.217,368.081,0.068,0.667
76.8517,3.000,371.360,362.485,4.438,3.532
76.9466,3.000,368.960,365.800,1.580,0.668
77.0516,3.000,368.812,366.725,1.044,0.126
77.1461,3.000,369.046,367.152,0.947,0.024
77.2522,3.000,369.313,367.447,0.933,0.005
77.3475,3.000,369.554,367.684,0.935,0.001
77.4433,3.000,369.762,367.882,0.940,0.000
77.5521,3.000,369.940,368.049,0.945,0.000
77.6472,3.000,370.092,368.190,0.951,0.000
77.7425,2.000,364.415,372.316,-3.951,-3.405
77.8485,2.000,368.021,370.392,-1.186,-0.644
77.9437,1.000,363.455,374.588,-5.567,-3.527
78.0495,1.000,367.659,373.069,-2.705,-0.667
78.1442,-0.000,363.536,377.675,-7.069,-3.532
78.2421,-1.000,361.097,379.324,-9.113,-4.074
78.3482,-1.000,365.562,377.187,-5.812,-0.771
78.4515,-2.000,360.168,380.361,-10.096,-3.551
78.5442,-2.000,363.600,378.041,-7.221,-0.672
78.6498,-3.000,357.606,380.780,-11.587,-3.533
78.7455,-3.000,360.582,378.039,-8.729,-0.668
78.8525,-4.000,354.210,380.409,-13.100,-3.532
78.9477,-4.000,356.865,377.352,-10.243,-0.668
79.0439,-5.000,350.222,379.455,-14.616,-3.532
79.1503,-5.000,352.646,376.171,-11.762,-0.668
79.2479,-6.000,345.806,378.080,-16.137,-3.532
79.3437,-6.000,348.063,374.632,-13.285,-0.668
79.4513,-6.000,348.087,373.595,-12.754,-0.126
79.5474,-6.000,347.748,373.074,-12.663,-0.024
79.6425,-7.000,340.383,375.507,-17.562,-3.410
79.7489,-7.000,342.539,372.159,-14.810,-0.645
79.8440,-7.000,342.542,371.143,-14.300,-0.122
79.9490,-7.000,342.197,370.627,-14.215,-0.023
80.0444,-8.000,334.830,373.062,-19.116,-3.410
80.1510,-8.000,336.983,369.717,-16.367,-0.645
80.2475,-8.000,336.985,368.702,-15.859,-0.122
80.3433,-9.000,329.631,370.994,-20.682,-3.428
80.4506,-9.000,331.743,367.580,-17.919,-0.649
80.5468,-9.000,331.698,366.518,-17.410,-0.123
80.6427,-10.000,324.303,368.772,-22.234,-3.429
80.7487,-11.000,319.372,368.133,-24.381,-4.054
80.8452,-11.000,321.772,364.000,-21.114,-0.767
80.9414,-12.000,314.629,365.469,-25.420,-3.551
81.0475,-13.000,309.566,364.508,-27.471,-4.077
81.1431,-13.000,311.788,360.167,-24.190,-0.771
81.2489,-13.000,311.488,358.665,-23.589,-0.146
81.3430,-15.000,296.802,363.420,-33.309,-6.838
81.4481,-15.000,301.097,356.683,-27.793,-1.294
81.5439,-16.000,294.073,357.432,-31.679,-3.650
81.6490,-17.000,288.829,356.142,-33.657,-4.096
81.7451,-17.000,290.841,351.576,-30.368,-0.775
81.8478,-18.000,283.345,352.702,-34.679,-3.552
81.9415,-19.000,277.976,351.455,-36.740,-4.077
82.0448,-20.000,272.927,349.680,-38.376,-4.177
82.1489,-20.000,274.877,344.931,-35.027,-0.790
82.2415,-20.000,274.290,343.138,-34.424,-0.149
82.3490,-20.000,273.363,342.043,-34.340,-0.028
82.4460,-20.000,272.488,341.198,-34.355,-0.005
82.5430,-20.000,271.725,340.501,-34.388,-0.001
82.6505,-20.000,271.067,339.916,-34.425,-0.000
82.7456,-20.000,270.502,339.426,-34.462,-0.000
82.8497,-20.000,270.015,339.015,-34.500,-0.000
82.9433,-20.000,269.596,338.671,-34.537,-0.000
83.0495,-20.000,269.235,338.384,-34.575,-0.000
83.1446,-20.000,268.922,338.146,-34.612,-0.000
83.2405,-20.000,268.650,337.949,-34.650,-0.000
83.3453,-19.000,272.421,331.980,-29.780,3.405
83.4395,-19.000,270.190,335.343,-32.577,0.644
83.5449,-19.000,270.112,336.382,-33.135,0.122
83.6433,-19.000,270.387,336.925,-33.269,0.023
83.7491,-18.000,274.687,331.519,-28.416,3.410
83.8442,-18.000,272.919,335.348,-31.215,0.645
83.9501,-18.000,273.238,336.781,-31.771,0.122
84.0455,-18.000,273.850,337.658,-31.904,0.023
84.1403,-18.000,274.430,338.343,-31.957,0.004
84.2467,-18.000,274.931,338.918,-31.994,0.001
84.3425,-18.000,275.353,339.410,-32.028,0.000
84.4484,-17.000,279.715,334.025,-27.155,3.405
84.5430,-17.000,277.988,337.883,-29.948,0.644
84.6397,-17.000,278.339,339.343,-30.502,0.122
84.7468,-16.000,282.985,334.436,-25.726,3.428
84.8411,-16.000,281.565,338.635,-28.535,0.649
84.9459,-16.000,282.189,340.372,-29.091,0.123
85.0403,-15.000,287.071,335.698,-24.314,3.429
85.1481,-15.000,285.851,340.094,-27.122,0.649
85.2442,-14.000,290.654,336.191,-22.768,3.528
85.3399,-14.000,289.650,340.960,-25.655,0.667
85.4460,-14.000,290.682,343.128,-26.223,0.126
85.5416,-13.000,295.921,338.809,-21.444,3.429
85.6478,-12.000,299.015,337.698,-19.342,4.054
85.7438,-12.000,298.047,343.350,-22.651,0.767
85.8393,-11.000,303.401,340.178,-18.388,3.551
85.9468,-10.000,306.936,339.698,-16.381,4.077
86.0417,-10.000,306.410,345.820,-19.705,0.771
86.1392,-10.000,308.145,348.843,-20.349,0.146
86.2445,-9.000,314.036,345.195,-15.579,3.433
86.3399,-9.000,313.690,350.449,-18.380,0.649
86.4460,-9.000,315.232,353.078,-18.923,0.123
86.5416,-8.000,320.895,349.159,-14.132,3.429
86.6397,-8.000,320.342,354.196,-16.927,0.649
86.7464,-7.000,325.714,350.835,-12.561,3.528
86.8422,-7.000,325.194,356.064,-15.435,0.667
86.9479,-6.000,330.649,352.812,-11.082,3.532
87.0427,-5.000,334.218,352.316,-9.049,4.074
87.1395,-5.000,333.711,358.434,-12.361,0.771
87.2457,-4.000,339.469,355.646,-8.088,3.551
87.3418,-3.000,343.352,355.488,-6.068,4.077
87.4380,-2.000,347.130,356.075,-4.472,4.177
87.5446,-2.000,347.095,362.821,-7.863,0.790
87.6401,-1.000,353.310,360.510,-3.600,3.555
87.7444,-0.000,357.593,360.746,-1.577,4.078
87.8390,1.000,360.514,360.466,0.024,4.177
87.9437,1.000,359.752,366.473,-3.361,0.790
88.0384,2.000,364.149,362.333,0.908,3.555
88.1449,3.000,365.687,359.814,2.936,4.078
88.2407,4.000,366.277,357.191,4.543,4.177
88.3463,4.000,363.534,361.206,1.164,0.790
88.4421,5.000,366.248,355.372,5.438,3.555
88.5377,5.000,363.549,358.420,2.565,0.673
88.6438,6.000,365.969,352.096,6.936,3.533
88.7399,6.000,362.957,354.790,4.083,0.668
88.8460,6.000,362.291,355.186,3.552,0.126
88.9415,6.000,362.085,355.162,3.461,0.024
89.0472,6.000,361.979,355.073,3.453,0.005
89.1420,6.000,361.903,354.982,3.461,0.001
89.2403,5.000,356.036,358.908,-1.436,-3.405
89.3452,4.000,353.674,360.820,-3.573,-4.050
89.4405,2.000,346.659,366.852,-10.097,-7.577
89.5468,1.000,349.582,367.295,-8.857,-4.839
89.6426,-0.000,350.630,370.307,-9.839,-4.321
89.7391,-0.000,357.359,370.029,-6.335,-0.817
89.8469,-0.000,360.763,372.108,-5.672,-0.155
89.9429,-0.000,363.219,374.313,-5.547,-0.029
90.0401,-0.000,365.224,376.270,-5.523,-0.006
90.1459,1.000,369.719,370.942,-0.612,3.404
90.2392,2.000,370.914,367.840,1.537,4.049
90.3456,3.000,371.131,364.801,3.165,4.172
90.4421,3.000,368.056,368.479,-0.212,0.789
90.5379,4.000,370.484,362.362,4.061,3.555
90.6437,4.000,367.542,365.169,1.187,0.673
90.7396,5.000,369.754,358.642,5.556,3.533
90.8459,6.000,369.373,354.156,7.608,4.074
90.9410,6.000,365.512,356.879,4.317,0.771
91.0371,6.000,364.415,357.009,3.703,0.146
91.1423,7.000,366.704,349.697,8.503,3.433
91.2370,7.000,363.300,351.834,5.733,0.649
91.3433,8.000,365.054,344.801,10.127,3.528
91.4389,9.000,364.272,339.896,12.188,4.073
91.5451,9.000,360.070,342.265,8.903,0.771
91.6416,9.000,358.683,342.093,8.295,0.146
91.7389,10.000,360.727,334.525,13.101,3.433
91.8465,11.000,359.921,329.434,15.243,4.055
91.9417,12.000,370.888,348.785,11.051,2.577
92.0369,12.000,386.807,369.276,8.765,0.276
92.1419,13.000,406.313,382.958,11.678,2.172
92.2374,14.000,424.258,398.461,12.898,2.376
92.3451,15.000,442.134,414.257,13.939,2.397
92.4404,15.000,459.642,436.008,11.817,0.257
92.5358,16.000,480.381,450.880,14.751,2.170
92.6424,16.000,498.917,473.252,12.833,0.233
92.7378,17.000,520.380,488.801,15.789,2.168
92.8429,18.000,539.959,505.921,17.019,2.375
92.9398,19.000,533.757,497.627,18.065,2.397
93.0368,19.000,526.980,495.083,15.948,0.257
93.1420,20.000,523.256,485.483,18.887,2.170
93.2371,20.000,517.181,483.233,16.974,0.233
93.3420,21.000,513.905,474.034,19.936,2.168
93.4380,20.000,504.749,474.985,14.882,-1.911
93.5461,21.000,504.937,465.423,19.757,1.938
93.6438,21.000,500.749,464.643,18.053,0.208
93.7391,21.000,498.478,462.691,17.894,0.022
93.8446,20.000,493.246,463.734,14.756,-2.140
93.9394,20.000,494.902,461.517,16.692,-0.229
94.0368,20.000,494.893,461.049,16.922,-0.025
94.1415,21.000,495.181,454.956,20.113,2.140
94.2358,23.000,493.218,444.185,24.517,4.515
94.3412,26.000,488.135,428.243,29.946,6.912
94.4387,28.000,478.449,418.258,30.095,5.026
94.5447,30.000,469.487,405.701,31.893,4.824
94.6391,32.000,459.919,392.176,33.872,4.803
94.7356,33.000,449.260,383.807,32.726,2.657
94.8438,35.000,441.186,367.907,36.639,4.570
94.9389,37.000,430.802,353.113,38.844,4.775
95.0350,37.000,418.838,349.676,34.581,0.512
95.1409,39.000,412.721,331.902,40.410,4.341
95.2372,40.000,402.135,322.781,39.677,2.608
95.3434,41.000,393.374,312.391,40.491,2.422
95.4388,42.000,385.014,302.072,41.471,2.402
95.5345,43.000,376.874,291.935,42.469,2.400
95.6386,44.000,368.906,281.968,43.469,2.400
95.7414,45.000,361.083,272.145,44.469,2.400
95.8443,45.000,352.941,268.289,42.326,0.257
95.9372,45.000,347.613,263.420,42.097,0.028
96.0412,46.000,343.697,253.267,45.215,2.146
96.1448,47.000,337.744,244.861,46.442,2.373
96.2401,47.000,331.023,242.377,44.323,0.254
96.3358,48.000,327.327,232.849,47.239,2.170
96.4426,49.000,321.712,224.824,48.444,2.375
96.5391,49.000,315.294,222.647,46.324,0.255
96.6353,49.000,311.415,219.222,46.096,0.027
96.7419,49.000,308.285,216.142,46.072,0.003
96.8372,50.000,306.087,207.662,49.212,2.143
96.9447,50.000,301.135,206.538,47.299,0.230
97.0408,50.000,298.348,204.160,47.094,0.025
97.1365,50.000,296.131,201.987,47.072,0.003
97.2423,50.000,294.262,200.124,47.069,0.000
97.3378,50.000,292.676,198.538,47.069,0.000
97.4443,51.000,292.401,191.977,50.212,2.143
97.5388,50.000,285.009,194.698,45.156,-1.913
97.6353,50.000,286.232,192.504,46.864,-0.205
97.7414,50.000,286.003,191.909,47.047,-0.022
97.8358,50.000,285.673,191.539,47.067,-0.002
97.9419,50.000,285.377,191.239,47.069,-0.000
98.0370,50.000,285.124,190.986,47.069,-0.000
98.1433,50.000,284.909,190.771,47.069,-0.000
98.2414,50.000,284.726,190.588,47.069,-0.000
98.3375,50.000,284.570,190.432,47.069,-0.000
98.4341,50.000,284.438,190.300,47.069,-0.000
98.5395,50.000,284.326,190.188,47.069,-0.000
98.6362,49.000,280.787,192.935,43.926,-2.143
98.7419,49.000,283.865,192.186,45.839,-0.230
98.8377,49.000,285.059,192.970,46.044,-0.025
98.9354,48.000,282.479,196.632,42.924,-2.145
99.0341,48.000,286.354,196.676,44.839,-0.230
99.1397,48.000,288.225,198.137,45.044,-0.025
99.2350,47.000,286.220,202.373,41.924,-2.145
99.3395,47.000,290.584,202.906,43.839,-0.230
99.4353,46.000,289.428,207.625,40.902,-2.167
99.5418,46.000,294.377,208.704,42.837,-0.232
99.6375,45.000,293.704,213.901,39.901,-2.168
99.7436,45.000,299.062,215.388,41.837,-0.232
99.8407,44.000,298.736,220.933,38.901,-2.168
99.9344,44.000,304.389,222.716,40.837,-0.232
100.0396,43.000,304.314,228.511,37.901,-2.168
100.1339,43.000,310.180,230.507,39.837,-0.232
100.2397,42.000,310.286,236.484,36.901,-2.168
100.3363,42.000,316.307,238.634,38.837,-0.232
100.4425,41.000,316.544,244.742,35.901,-2.168
100.5393,41.000,322.676,247.003,37.837,-0.232
100.6425,40.000,323.008,253.205,34.901,-2.168
100.7357,39.000,325.778,258.390,33.694,-2.375
100.8322,38.000,329.336,263.993,32.672,-2.397
100.9393,38.000,336.870,267.245,34.812,-0.257
101.0363,37.000,338.241,274.443,31.899,-2.170
101.1427,36.000,341.877,280.490,30.694,-2.375
101.2408,35.000,346.171,286.828,29.672,-2.397
101.3368,34.000,350.887,293.548,28.669,-2.400
101.4340,33.000,355.947,300.609,27.669,-2.400
101.5398,32.000,361.298,307.960,26.669,-2.400
101.6348,31.000,366.897,315.559,25.669,-2.400
101.7412,30.000,372.706,323.368,24.669,-2.400
101.8363,29.000,378.730,331.319,23.705,-2.400
101.9421,27.000,381.460,342.268,19.596,-4.543
102.0378,26.000,390.919,349.835,20.542,-2.630
102.1343,25.000,398.592,359.035,19.778,-2.425
102.2411,23.000,402.571,371.199,15.686,-4.545
102.3367,22.000,413.074,379.816,16.629,-2.630
102.4327,21.000,421.632,389.911,15.861,-2.425
102.5388,20.000,429.806,399.991,14.908,-2.403
102.6340,18.000,434.347,412.767,10.790,-4.543
102.7414,17.000,445.341,421.892,11.724,-2.630
102.8338,16.000,454.316,432.418,10.949,-2.425
102.9367,15.000,462.845,442.865,9.990,-2.403
103.0407,14.000,471.130,453.110,9.010,-2.400
103.1337,12.000,475.777,466.013,4.882,-4.543
103.2373,11.000,486.863,475.244,5.809,-2.630
103.3331,10.000,495.916,485.862,5.027,-2.425
103.4388,8.000,501.064,499.232,0.916,-4.545
103.5342,7.000,512.560,508.879,1.840,-2.630
103.6404,6.000,521.957,519.851,1.053,-2.425
103.7373,5.000,530.843,530.680,0.081,-2.403
103.8365,4.000,539.429,541.252,-0.911,-2.400
103.9321,2.000,544.331,554.434,-5.051,-4.543
104.0374,2.000,559.075,561.061,-0.993,-0.487
104.1314,-0.000,561.707,575.395,-6.844,-4.338
104.2375,-1.000,569.947,582.176,-6.115,-2.608
104.3328,-2.000,574.313,588.177,-6.932,-2.422
104.4406,-3.000,576.536,592.367,-7.916,-2.402
104.5365,-4.000,577.058,594.896,-8.919,-2.400
104.6323,-5.000,576.149,595.998,-9.925,-2.400
104.7387,-6.000,574.023,595.888,-10.932,-2.400
104.8342,-7.000,570.864,594.746,-11.941,-2.400
104.9412,-8.000,566.826,592.728,-12.951,-2.400
105.0374,-8.000,567.886,589.522,-10.818,-0.257
105.1323,-9.000,561.349,588.834,-13.743,-2.170
105.2409,-10.000,555.861,585.781,-14.960,-2.375
105.3365,-11.000,549.995,581.986,-15.996,-2.397
105.4325,-11.000,549.516,577.254,-13.869,-0.257
105.5381,-11.000,521.818,562.793,-20.488,-0.049
105.6340,-12.000,493.092,543.844,-25.376,-3.415
105.7311,-13.000,466.249,521.324,-27.537,-4.051
105.8368,-13.000,446.211,494.765,-24.277,-0.766
105.9324,-13.000,423.184,470.544,-23.680,-0.145
106.0383,-13.000,399.378,446.550,-23.586,-0.027
106.1345,-13.000,375.241,422.418,-23.589,-0.005
106.2400,-12.000,354.894,392.297,-18.701,3.404
106.3354,-12.000,328.342,371.311,-21.484,0.644
106.4310,-12.000,303.774,347.832,-22.029,0.122
106.5369,-11.000,308.885,343.371,-17.243,3.428
106.6331,-11.000,307.862,347.949,-20.043,0.649
106.7394,-10.000,312.832,344.198,-15.683,3.528
106.8364,-10.000,311.972,349.096,-18.562,0.667
106.9351,-9.000,317.135,345.564,-14.215,3.532
107.0411,-8.000,320.455,344.831,-12.188,4.074
107.1371,-8.000,319.736,350.748,-15.506,0.771
107.2329,-7.000,325.313,347.790,-11.238,3.551
107.3405,-6.000,329.041,347.488,-9.224,4.077
107.4355,-6.000,328.680,353.762,-12.541,0.771
107.5309,-5.000,334.563,351.104,-8.270,3.551
107.6369,-4.000,338.553,351.056,-6.252,4.077
107.7325,-4.000,338.414,357.545,-9.565,0.771
107.8393,-2.000,348.495,349.262,-0.384,6.957
107.9342,-2.000,346.615,358.670,-6.028,1.316
108.0387,-1.000,352.750,357.133,-2.191,3.654
108.1354,1.000,360.055,350.738,4.658,7.502
108.2302,2.000,360.167,353.198,3.484,4.825
108.3331,3.000,361.660,352.693,4.484,4.318
108.4360,4.000,362.891,351.100,5.895,4.222
108.5316,5.000,363.629,348.856,7.386,4.204
108.6379,5.000,361.089,353.115,3.987,0.795
108.7362,7.000,366.798,340.466,13.166,6.961
108.8313,8.000,364.025,339.141,12.442,4.722
108.9363,9.000,362.777,335.706,13.535,4.299
109.0324,10.000,361.625,331.677,14.974,4.219
109.1372,11.000,360.329,327.370,16.480,4.204
109.2309,12.000,358.867,322.869,17.999,4.201
109.3368,13.000,357.256,318.210,19.523,4.200
109.4330,14.000,355.518,313.420,21.049,4.200
109.5295,15.000,353.672,308.517,22.577,4.200
109.6357,16.000,351.734,303.519,24.107,4.200
109.7316,17.000,349.717,298.439,25.639,4.200
109.8380,17.000,344.828,300.297,22.266,0.795
109.9330,18.000,345.734,292.613,26.560,3.556
110.0351,18.000,341.505,294.082,23.711,0.673
110.1308,19.000,342.627,286.414,28.107,3.533
110.2374,19.000,338.516,287.960,25.278,0.668
110.3344,19.000,336.920,287.376,24.772,0.126
110.4308,20.000,338.734,279.510,29.612,3.429
110.5386,20.000,334.919,281.180,26.869,0.649
110.6336,20.000,333.518,280.757,26.381,0.123
110.7382,20.000,332.682,280.044,26.319,0.023
110.8350,20.000,332.042,279.367,26.337,0.004
110.9302,21.000,334.323,271.766,31.278,3.406
111.0361,21.000,330.840,273.728,28.556,0.644
111.1304,21.000,329.710,273.564,28.073,0.122
111.2378,21.000,329.101,273.074,28.013,0.023
111.3319,21.000,328.654,272.586,28.034,0.004
111.4386,22.000,331.100,265.146,32.977,3.406
111.5348,22.000,327.757,267.244,30.257,0.644
111.6320,22.000,326.746,267.196,29.775,0.122
111.7388,22.000,326.239,266.803,29.718,0.023
111.8334,23.000,328.686,259.391,34.648,3.410
111.9282,23.000,325.355,261.503,31.926,0.645
112.0342,23.000,324.357,261.464,31.446,0.122
112.1292,23.000,323.860,261.079,31.390,0.023
112.2362,23.000,323.510,260.680,31.415,0.004
112.3320,24.000,326.038,253.315,36.362,3.406
112.4295,24.000,322.766,255.476,33.645,0.644
112.5365,24.000,321.816,255.481,33.167,0.122
112.6332,24.000,321.361,255.134,33.113,0.023
112.7306,24.000,321.046,254.766,33.140,0.004
112.8367,24.000,320.797,254.435,33.181,0.001
112.9323,24.000,320.595,254.144,33.226,0.000
113.0375,24.000,320.430,253.889,33.270,0.000
113.1310,25.000,323.104,246.659,38.223,3.405
113.2348,25.000,319.954,248.937,35.508,0.644
113.3286,25.000,319.107,249.041,35.033,0.122
113.4316,25.000,318.740,248.778,34.981,0.023
113.5345,24.000,312.693,252.489,30.102,-3.401
113.6278,25.000,318.810,243.186,37.812,2.762
113.7314,25.000,316.763,245.525,35.619,0.523
113.8343,24.000,310.703,250.033,30.335,-3.307
113.9276,24.000,314.270,248.148,33.061,-0.626
114.0306,24.000,315.537,248.310,33.613,-0.118
114.1362,24.000,316.285,248.777,33.754,-0.022
114.2313,24.000,316.864,249.230,33.817,-0.004
114.3374,24.000,317.352,249.620,33.866,-0.001
114.4337,23.000,311.963,253.955,29.004,-3.406
114.5298,23.000,315.819,252.202,31.809,-0.644
114.6359,23.000,317.279,252.531,32.374,-0.122
114.7298,23.000,318.181,253.149,32.516,-0.023
114.8361,23.000,318.889,253.733,32.578,-0.004
114.9319,23.000,319.485,254.236,32.625,-0.001
115.0271,22.000,314.188,258.666,27.761,-3.406
115.1323,22.000,318.122,256.995,30.564,-0.644
115.2285,22.000,319.648,257.394,31.127,-0.122
115.3329,22.000,320.606,258.071,31.267,-0.023
115.4298,22.000,321.361,258.706,31.327,-0.004
115.5347,22.000,321.996,259.252,31.372,-0.001
115.6319,22.000,322.541,259.713,31.414,-0.000
115.7277,21.000,317.201,264.105,26.548,-3.405
115.8338,21.000,321.100,262.403,29.349,-0.644
115.9294,21.000,322.595,262.774,29.910,-0.122
116.0355,21.000,323.526,263.429,30.049,-0.023
116.1298,21.000,324.258,264.045,30.107,-0.004
116.2359,20.000,319.067,268.583,25.242,-3.406
116.3331,20.000,323.088,267.005,28.042,-0.644
116.4275,20.000,324.687,267.484,28.602,-0.122
116.5335,20.000,325.707,268.231,28.738,-0.023
116.6309,19.000,320.706,272.932,23.887,-3.410
116.7276,19.000,324.879,271.505,26.687,-0.645
116.8338,19.000,326.605,272.113,27.246,-0.122
116.9289,18.000,321.924,276.978,22.473,-3.428
117.0342,18.000,326.316,275.743,25.287,-0.649
117.1309,18.000,328.217,276.524,25.846,-0.123
117.2261,17.000,323.683,281.539,21.072,-3.429
117.3327,17.000,328.199,280.431,23.884,-0.649
117.4327,17.000,330.206,281.322,24.442,-0.123
117.5280,17.000,331.568,282.422,24.573,-0.023
117.6328,17.000,332.666,283.417,24.624,-0.004
117.7280,16.000,327.783,288.279,19.752,-3.406
117.8348,16.000,332.066,286.978,22.544,-0.644
117.9309,16.000,333.886,287.693,23.097,-0.122
118.0359,16.000,335.093,288.642,23.225,-0.023
118.1317,15.000,330.250,293.516,18.367,-3.410
118.2272,15.000,334.556,292.237,21.160,-0.645
118.3336,15.000,336.394,292.972,21.711,-0.122
118.4303,15.000,337.614,293.938,21.838,-0.023
118.5266,14.000,332.783,298.828,16.977,-3.410
118.6324,14.000,337.099,297.562,19.768,-0.645
118.7261,14.000,338.944,298.309,20.318,-0.122
118.8320,14.000,340.171,299.286,20.443,-0.023
118.9280,14.000,341.153,300.177,20.488,-0.004
119.0268,14.000,341.979,300.944,20.518,-0.001
119.1324,14.000,342.682,301.593,20.545,-0.000
119.2274,13.000,337.477,306.149,15.664,-3.405
119.3322,13.000,341.486,304.588,18.449,-0.644
119.4279,13.000,343.073,305.081,18.996,-0.122
119.5341,13.000,344.081,305.842,19.119,-0.023
119.6298,14.000,347.683,299.543,24.070,3.401
119.7259,13.000,339.498,306.636,16.431,-2.762
119.8327,14.000,345.605,298.401,23.602,2.883
119.9292,13.000,338.082,305.315,16.384,-2.860
120.0262,13.000,341.666,304.212,18.727,-0.541
120.1319,13.000,343.184,304.804,19.190,-0.102
120.2289,13.000,344.188,305.594,19.297,-0.019
120.3249,13.000,344.990,306.316,19.337,-0.004
120.4310,13.000,345.666,306.936,19.365,-0.001
120.5266,13.000,346.241,307.462,19.390,-0.000
120.6338,12.000,340.927,311.913,14.507,-3.405
120.7287,12.000,344.843,310.262,17.290,-0.644
120.8339,12.000,346.351,310.680,17.835,-0.122
120.9297,12.000,347.291,311.377,17.957,-0.023
121.0340,12.000,348.028,312.032,17.998,-0.004
121.1292,11.000,342.838,316.604,13.117,-3.406
121.2251,11.000,346.858,315.060,15.899,-0.644
121.3313,11.000,348.453,315.569,16.442,-0.122
121.4262,11.000,349.467,316.343,16.562,-0.023
121.5320,10.000,344.459,321.071,11.694,-3.410
121.6287,10.000,348.623,319.669,14.477,-0.645
121.7264,10.000,350.339,320.301,15.019,-0.122
121.8326,10.000,351.455,321.181,15.137,-0.023
121.9289,10.000,352.340,321.992,15.174,-0.004
122.0251,10.000,353.083,322.691,15.196,-0.001
122.1308,9.000,347.908,327.291,10.309,-3.406
122.2270,9.000,351.942,325.769,13.087,-0.644
122.3330,9.000,353.549,326.297,13.626,-0.122
122.4295,9.000,354.572,327.089,13.742,-0.023
122.5268,9.000,355.379,327.824,13.777,-0.004
122.6321,8.000,350.248,332.467,8.890,-3.406
122.7252,8.000,354.317,330.982,11.667,-0.644
122.8308,8.000,355.953,331.543,12.205,-0.122
122.9261,8.000,357.000,332.363,12.319,-0.023
123.0320,8.000,357.827,333.123,12.352,-0.004
123.1289,9.000,361.328,326.772,17.278,3.405
123.2243,9.000,358.873,329.804,14.534,0.644
123.3307,9.000,358.612,330.554,14.029,0.122
123.4259,10.000,361.546,323.837,18.854,3.428
123.5313,10.000,358.677,326.490,16.093,0.649
123.6316,10.000,358.078,326.906,15.586,0.123
123.7273,11.000,360.727,319.901,20.413,3.429
123.8333,11.000,357.616,322.309,17.653,0.649
123.9279,12.000,359.619,315.509,22.055,3.528
124.0333,12.000,356.243,317.808,19.217,0.667
124.1298,12.000,355.266,317.869,18.699,0.126
124.2263,12.000,354.797,317.559,18.619,0.024
124.3324,12.000,354.469,317.225,18.622,0.005
124.4293,13.000,357.014,309.918,23.548,3.406
124.5244,14.000,356.560,305.124,25.718,4.050
124.6310,13.000,346.764,311.658,17.553,-2.639
124.7261,14.000,351.850,302.601,24.625,2.906
124.8308,14.000,349.332,304.743,22.295,0.550
124.9256,14.000,348.753,305.003,21.875,0.104
125.0295,14.000,348.559,304.925,21.817,0.020
125.1258,15.000,351.261,297.792,26.735,3.409
125.2308,15.000,348.142,300.145,23.998,0.645
125.3255,15.000,347.321,300.314,23.504,0.122
125.4329,15.000,346.974,300.108,23.433,0.023
125.5274,15.000,346.748,299.863,23.442,0.004
125.6332,15.000,346.572,299.639,23.467,0.001
125.7279,15.000,346.430,299.441,23.494,0.000
125.8318,15.000,346.313,299.269,23.522,0.000
125.9246,15.000,346.219,299.118,23.550,0.000
126.0285,16.000,348.950,291.978,28.486,3.405
126.1242,17.000,348.652,287.328,30.662,4.050
126.2303,17.000,344.798,289.977,27.410,0.766
126.3252,18.000,346.503,283.047,31.728,3.550
126.4325,18.000,342.938,285.171,28.883,0.672
126.5286,18.000,341.815,285.070,28.372,0.127
126.6229,18.000,341.225,284.619,28.303,0.024
126.7284,18.000,340.797,284.162,28.317,0.005
126.8230,19.000,343.258,276.748,33.255,3.406
126.9272,19.000,339.927,278.870,30.529,0.644
127.0313,19.000,338.926,278.843,30.042,0.122
127.1259,19.000,338.426,278.469,29.978,0.023
127.2304,19.000,338.072,278.081,29.995,0.004
127.3260,20.000,340.596,270.726,34.935,3.406
127.4226,19.000,331.511,276.904,27.303,-2.761
127.5299,20.000,336.857,267.888,34.485,2.883
127.6254,19.000,328.689,274.135,27.277,-2.860
127.7310,18.000,325.921,276.472,24.725,-3.946
127.8279,18.000,330.471,274.554,27.958,-0.747
127.9241,18.000,332.229,275.034,28.597,-0.141
128.0301,16.000,321.714,283.852,18.931,-6.838
128.1261,15.000,323.759,284.563,19.598,-4.699
128.2225,14.000,324.461,287.404,18.528,-4.294
128.3293,12.000,319.361,294.917,12.222,-7.623
128.4267,10.000,317.975,300.753,8.611,-8.253
128.5233,9.000,323.769,302.941,10.414,-4.967
128.6289,7.000,321.091,311.804,4.644,-7.750
128.7236,5.000,321.403,319.150,1.126,-8.277
128.8284,3.000,322.763,326.698,-1.968,-8.377
128.9228,-0.000,318.925,338.709,-9.892,-11.801
129.0269,-1.000,329.459,339.921,-5.231,-5.638
129.1325,-4.000,319.499,350.266,-15.383,-11.283
129.2275,-6.000,319.289,351.403,-16.057,-8.945
129.3231,-9.000,308.903,355.977,-23.537,-11.909
129.4294,-11.000,306.557,353.982,-23.713,-9.064
129.5267,-14.000,294.019,356.231,-31.106,-11.931
129.6223,-17.000,282.772,355.133,-36.181,-12.473
129.7323,-20.000,271.084,352.726,-40.821,-12.576
129.8278,-24.000,251.725,352.306,-50.291,-16.001
129.9239,-27.000,241.225,345.392,-52.084,-13.243
130.0312,-30.000,228.046,340.170,-56.062,-12.722
130.1256,-32.000,221.030,332.146,-55.558,-9.218
130.2213,-33.000,218.106,324.085,-52.990,-5.149
130.3268,-33.000,219.113,316.741,-48.814,-0.974
130.4218,-34.000,210.204,316.064,-52.930,-3.590
130.5286,-35.000,203.535,313.384,-54.925,-4.085
130.6255,-35.000,204.373,307.599,-51.613,-0.773
130.7209,-35.000,202.898,304.871,-50.986,-0.146
130.8283,-35.000,201.230,302.965,-50.868,-0.028
130.9241,-36.000,192.728,304.230,-55.751,-3.411
131.0217,-36.000,193.917,299.888,-52.986,-0.645
131.1276,-36.000,193.101,298.025,-52.462,-0.122
131.2244,-36.000,192.061,296.788,-52.363,-0.023
131.3212,-36.000,191.112,295.801,-52.345,-0.004
131.4281,-37.000,183.287,297.780,-57.246,-3.406
131.5238,-37.000,185.065,294.034,-54.485,-0.644
131.6309,-37.000,184.751,292.675,-53.962,-0.122
131.7255,-37.000,184.139,291.865,-53.863,-0.023
131.8297,-37.000,183.553,291.242,-53.845,-0.004
131.9249,-37.000,183.043,290.725,-53.841,-0.001
132.0301,-37.000,182.607,290.287,-53.840,-0.000
132.1242,-37.000,182.235,289.916,-53.840,-0.000
132.2304,-37.000,181.920,289.600,-53.840,-0.000
132.3271,-37.000,181.652,289.332,-53.840,-0.000
132.4225,-37.000,181.424,289.104,-53.840,-0.000
132.5285,-37.000,181.230,288.911,-53.840,-0.000
132.6232,-37.000,181.065,288.746,-53.840,-0.000
132.7299,-37.000,180.925,288.606,-53.840,-0.000
132.8234,-37.000,180.806,288.487,-53.840,-0.000
132.9274,-36.000,184.711,282.580,-48.935,3.405
133.0200,-35.000,186.604,280.185,-46.791,4.050
133.1246,-35.000,184.607,284.755,-50.074,0.766
133.2213,-35.000,185.079,286.470,-50.695,0.145
133.3285,-36.000,178.886,290.323,-55.718,-3.378
133.4238,-36.000,182.130,288.089,-52.979,-0.639
133.5213,-36.000,183.078,288.000,-52.461,-0.121
133.6287,-36.000,183.541,288.267,-52.363,-0.023
133.7241,-35.000,187.875,282.753,-47.439,3.401
133.8300,-30.000,206.143,257.483,-25.670,17.670
133.9260,-24.000,220.327,241.547,-10.610,23.775
134.0217,-21.000,221.282,251.702,-15.210,14.714
134.1296,-21.000,218.534,272.894,-27.180,2.784
134.2248,-22.000,217.069,285.837,-34.384,-2.879
134.3214,-22.000,225.740,289.922,-32.091,-0.545
134.4247,-23.000,224.554,297.750,-36.598,-3.508
134.5278,-23.000,231.678,299.271,-33.797,-0.664
134.6226,-22.000,239.855,296.644,-28.394,3.280
134.7278,-21.000,245.020,297.395,-26.187,4.026
134.8228,-22.000,238.724,307.521,-34.398,-2.644
134.9283,-22.000,243.954,308.546,-32.296,-0.500
135.0229,-22.000,246.977,310.840,-31.932,-0.095
135.1281,-23.000,242.264,315.871,-36.804,-3.423
135.2234,-25.000,232.618,320.389,-43.886,-7.458
135.3284,-25.000,239.439,315.209,-37.885,-1.411
135.4231,-26.000,234.226,317.616,-41.695,-3.672
135.5290,-25.000,241.470,309.188,-33.859,2.711
135.6247,-25.000,240.222,312.429,-36.104,0.513
135.7210,-24.000,244.613,307.931,-31.659,3.502
135.8279,-24.000,243.183,312.271,-34.544,0.663
135.9234,-24.000,243.838,314.090,-35.126,0.125
136.0191,-24.000,244.742,315.288,-35.273,0.024
136.1246,-25.000,238.565,319.053,-40.244,-3.401
136.2199,-24.000,245.757,311.010,-32.626,2.762
136.3267,-24.000,244.611,314.432,-34.911,0.523
136.4223,-24.000,245.110,315.869,-35.380,0.099
136.5266,-23.000,249.814,311.009,-30.597,3.424
136.6230,-23.000,248.429,315.263,-33.417,0.648
136.7193,-23.000,249.080,317.050,-33.985,0.123
136.8246,-25.000,235.959,323.843,-43.942,-6.788
136.9185,-25.000,241.726,318.697,-38.486,-1.284
137.0242,-23.000,250.999,306.352,-27.677,6.568
137.1198,-27.000,219.296,324.644,-52.674,-12.379
137.2251,-27.000,229.583,314.958,-42.688,-2.342
137.3219,-25.000,239.701,301.751,-31.025,6.368
137.4280,-25.000,236.178,308.648,-36.235,1.205
137.5230,-23.000,244.603,299.491,-27.444,7.039
137.6181,-23.000,241.541,307.930,-33.194,1.332
137.7269,-23.000,242.704,311.338,-34.317,0.252
137.8228,-23.000,244.399,313.528,-34.564,0.048
137.9178,-20.000,257.991,297.839,-19.924,10.225
138.0239,-20.000,253.271,309.776,-28.253,1.935
138.1193,-19.000,258.739,308.642,-24.951,3.771
138.2247,-17.000,267.003,303.463,-18.230,7.524
138.3198,-17.000,265.181,313.907,-24.363,1.424
138.4257,-17.000,267.659,318.757,-25.549,0.269
138.5216,-18.000,263.516,324.929,-30.707,-3.354
138.6179,-18.000,268.565,324.606,-28.021,-0.635
138.7238,-18.000,271.054,326.133,-27.540,-0.120
138.8188,-16.000,280.839,316.162,-17.662,6.788
138.9250,-15.000,282.233,318.809,-18.288,4.690
139.0214,-14.000,285.627,320.050,-17.211,4.293
139.1181,-14.000,285.590,327.027,-20.718,0.812
139.2257,-14.000,287.855,330.661,-21.403,0.154
139.3220,-14.000,290.212,333.319,-21.554,0.029
139.4177,-12.000,300.307,323.885,-11.789,6.816
139.5258,-12.000,298.040,332.716,-17.338,1.290
139.6204,-10.000,307.775,324.959,-8.592,7.055
139.7270,-10.000,305.877,334.538,-14.331,1.335
139.8238,-9.000,312.048,333.097,-10.524,3.658
139.9201,-9.000,312.575,339.589,-13.507,0.692
140.0264,-9.000,314.981,343.151,-14.085,0.131
140.1228,-9.000,317.394,345.810,-14.208,0.025
140.2170,-9.000,319.512,348.002,-14.245,0.005
140.3215,-9.000,321.324,349.855,-14.266,0.001
140.4270,-7.000,330.878,339.816,-4.469,6.811
140.5224,-7.000,328.137,348.145,-10.004,1.289
140.6199,-7.000,329.453,351.578,-11.062,0.244
140.7257,-7.000,331.261,353.807,-11.273,0.046
140.8200,-7.000,332.926,355.573,-11.323,0.009
140.9229,-6.000,338.372,351.244,-6.436,3.407
141.0258,-4.000,345.587,344.378,0.605,7.455
141.1205,1.000,361.520,323.343,19.089,18.438
141.2251,4.000,360.325,322.599,18.863,13.704
141.3203,5.000,355.705,330.373,12.666,5.998
141.4177,5.000,353.691,338.067,7.812,1.135
141.5224,5.000,355.194,341.391,6.901,0.215
141.6165,4.000,351.274,347.615,1.829,-3.365
141.7188,5.000,359.296,340.351,9.472,2.769
141.8218,5.000,358.883,344.409,7.237,0.524
141.9250,5.000,360.016,346.374,6.821,0.099
142.0177,5.000,361.262,347.761,6.750,0.019
142.1209,5.000,362.375,348.886,6.745,0.004
142.2238,5.000,363.333,349.831,6.751,0.001
142.3169,5.000,364.150,350.631,6.760,0.000
142.4223,5.000,364.847,351.309,6.769,0.000
142.5184,5.000,365.440,351.883,6.779,0.000
142.6250,5.000,365.946,352.371,6.788,0.000
142.7220,5.000,366.378,352.783,6.797,0.000
142.8172,5.000,366.746,353.133,6.807,0.000
142.9236,5.000,367.060,353.428,6.816,0.000
143.0181,5.000,367.329,353.678,6.825,0.000
143.1242,5.000,367.558,353.889,6.835,0.000
143.2198,8.000,376.177,333.045,21.566,10.216
143.3257,10.000,372.827,326.603,23.112,8.744
143.4215,11.000,367.402,325.505,20.949,5.060
143.5165,12.000,364.856,321.307,21.774,4.363
143.6230,12.000,359.975,323.456,18.259,0.825
143.7198,12.000,358.166,322.941,17.613,0.156
143.8240,13.000,359.882,315.050,22.416,3.435
143.9167,12.000,350.190,320.694,14.748,-2.756
144.0199,12.000,352.226,318.217,17.005,-0.521
144.1259,10.000,340.870,325.599,7.635,-6.909
144.2214,8.000,336.187,329.303,3.442,-8.118
144.3169,8.000,345.368,325.290,10.039,-1.536
144.4238,8.000,348.825,326.226,11.299,-0.291
144.5204,9.000,353.750,320.835,16.457,3.350
144.6179,10.000,355.159,317.830,18.665,4.039
144.7240,12.000,358.339,307.893,25.223,7.575
144.8200,13.000,355.155,307.134,24.011,4.839
144.9153,13.000,351.081,310.857,20.112,0.915
145.0201,14.000,353.021,304.418,24.301,3.579
145.1247,14.000,349.733,306.881,21.426,0.677
145.2206,14.000,348.860,307.053,20.903,0.128
145.3173,15.000,351.292,299.826,25.733,3.430
145.4237,15.000,348.002,302.041,22.980,0.649
145.5209,15.000,347.046,302.081,22.483,0.123
145.6176,16.000,349.393,294.757,27.318,3.429
145.7236,16.000,346.028,296.891,24.568,0.649
145.8207,16.000,345.009,296.864,24.072,0.123
145.9174,17.000,347.302,289.482,28.910,3.429
146.0234,17.000,343.891,291.567,26.162,0.649
146.1185,17.000,342.834,291.497,25.668,0.123
146.2241,17.000,342.287,291.086,25.600,0.023
146.3198,17.000,341.893,290.666,25.614,0.004
146.4153,17.000,341.575,290.291,25.642,0.001
146.5199,17.000,341.312,289.966,25.673,0.000
146.6150,17.000,341.094,289.684,25.705,0.000
146.7228,17.000,340.913,289.440,25.737,0.000
146.8161,17.000,340.764,289.227,25.769,0.000
146.9212,17.000,340.643,289.042,25.800,0.000
147.0165,17.000,340.544,288.880,25.832,0.000
147.1220,17.000,340.465,288.737,25.864,0.000
147.2184,17.000,340.403,288.611,25.896,0.000
147.3153,17.000,340.354,288.499,25.928,0.000
147.4215,17.000,340.318,288.399,25.960,0.000
147.5168,17.000,340.292,288.309,25.992,0.000
147.6251,17.000,340.275,288.228,26.024,0.000
147.7197,17.000,340.265,288.154,26.055,0.000
147.8143,16.000,334.454,292.094,21.180,-3.405
147.9201,16.000,337.950,290.007,23.971,-0.644
148.0176,16.000,339.101,290.054,24.523,-0.122
148.1217,15.000,333.932,294.442,19.745,-3.428
148.2153,15.000,337.908,292.802,22.553,-0.649
148.3203,14.000,333.647,297.247,18.200,-3.528
148.4151,14.000,338.113,295.939,21.087,-0.667
148.5192,13.000,334.215,300.721,16.747,-3.532
148.6235,13.000,338.978,299.709,19.635,-0.668
148.7195,12.000,335.331,304.744,15.294,-3.532
148.8153,12.000,340.308,303.948,18.180,-0.668
148.9228,11.000,336.841,309.168,13.837,-3.532
149.0187,11.000,341.971,308.529,16.721,-0.668
149.1150,10.000,338.634,313.882,12.376,-3.532
149.2204,9.000,338.066,317.364,10.351,-4.074
149.3167,9.000,344.125,316.783,13.671,-0.771
149.4218,8.000,341.287,322.476,9.405,-3.551
149.5173,8.000,346.895,322.295,12.300,-0.672
149.6238,7.000,343.954,328.049,7.952,-3.533
149.7202,6.000,343.720,331.875,5.922,-4.074
149.8155,6.000,350.060,331.587,9.237,-0.771
149.9223,5.000,347.461,337.530,4.965,-3.551
150.0173,4.000,347.464,341.570,2.947,-4.077
150.1230,4.000,353.996,341.475,6.260,-0.771
150.2176,4.000,357.364,343.578,6.893,-0.146
150.3237,3.000,354.008,349.784,2.112,-3.433
150.4202,2.000,353.701,353.714,-0.006,-4.055
150.5164,2.000,360.032,353.462,3.285,-0.767
150.6228,2.000,363.242,355.420,3.911,-0.145
150.7198,1.000,359.752,361.502,-0.875,-3.433
150.8162,-0.000,359.332,365.326,-2.997,-4.055
150.9228,-1.000,358.559,367.792,-4.617,-4.173
151.0186,-1.000,364.160,366.630,-1.235,-0.789
151.1232,-1.000,366.684,367.879,-0.597,-0.149
151.2172,-2.000,361.400,372.170,-5.385,-3.434
151.3216,-2.000,365.258,370.468,-2.605,-0.650
151.4161,-2.000,366.698,370.861,-2.082,-0.123
151.5238,-3.000,360.565,374.352,-6.893,-3.429
151.6208,-3.000,363.717,371.954,-4.119,-0.649
151.7175,-3.000,364.557,371.755,-3.599,-0.123
151.8130,-3.000,364.924,371.933,-3.505,-0.023
151.9186,-4.000,358.161,374.959,-8.399,-3.410
152.0143,-4.000,360.830,372.113,-5.642,-0.645
152.1189,-4.000,361.271,371.523,-5.126,-0.122
152.2154,-4.000,361.299,371.368,-5.035,-0.023
152.3233,-4.000,361.256,371.302,-5.023,-0.004
152.4197,-4.000,361.206,371.260,-5.027,-0.001
152.5183,-3.000,365.167,365.421,-0.127,3.405
152.6128,-3.000,363.102,368.889,-2.894,0.644
152.7183,-2.000,367.178,364.206,1.486,3.527
152.8128,-2.000,365.556,368.312,-1.378,0.667
152.9177,-1.000,370.074,364.105,2.985,3.532
153.0132,-1.000,368.841,368.603,0.119,0.668
153.1188,-0.000,373.692,364.727,4.483,3.532
153.2138,-0.000,372.743,369.505,1.619,0.668
153.3227,1.000,376.636,364.667,5.985,3.532
153.4200,1.000,374.872,368.626,3.123,0.668
153.5169,1.000,375.266,370.100,2.583,0.126
153.6149,2.000,378.766,363.987,7.390,3.429
153.7218,2.000,376.379,367.153,4.613,0.649
153.8184,2.000,376.187,368.006,4.091,0.123
153.9143,3.000,379.180,361.376,8.902,3.429
154.0207,3.000,376.360,364.104,6.128,0.649
154.1155,4.000,378.608,357.578,10.515,3.528
154.2215,4.000,375.437,360.113,7.662,0.667
154.3171,5.000,377.440,353.369,12.035,3.532
154.4127,6.000,376.878,348.701,14.088,4.074
154.5187,7.000,375.671,344.263,15.704,4.176
154.6139,8.000,374.206,339.729,17.238,4.195
154.7186,8.000,369.770,342.067,13.852,0.794
154.8134,9.000,371.057,334.796,18.130,3.556
154.9184,10.000,369.955,329.612,20.172,4.078
155.0135,10.000,365.495,331.728,16.884,0.772
155.1207,11.000,366.700,324.332,21.184,3.551
155.2166,11.000,362.710,326.059,18.325,0.672
155.3126,11.000,361.224,325.621,17.801,0.127
155.4190,12.000,363.131,317.879,22.626,3.429
155.5141,12.000,359.393,319.657,19.868,0.649
155.6219,13.000,360.864,312.320,24.272,3.528
155.7199,13.000,357.034,314.164,21.435,0.667
155.8138,14.000,358.481,306.829,25.826,3.532
155.9200,14.000,354.641,308.664,22.989,0.668
156.0148,15.000,356.081,301.320,27.380,3.532
156.1205,15.000,352.236,303.146,24.545,0.668
156.2146,15.000,350.865,302.802,24.031,0.126
156.3195,15.000,350.061,302.147,23.957,0.024
156.4162,15.000,349.450,301.519,23.966,0.005
156.5219,16.000,351.755,293.960,28.897,3.406
156.6180,16.000,348.290,295.959,26.165,0.644
156.7134,16.000,347.175,295.829,25.673,0.122
156.8199,16.000,346.577,295.368,25.604,0.023
156.9163,16.000,346.138,294.907,25.615,0.004
157.0119,16.000,345.782,294.498,25.642,0.001
157.1185,16.000,345.486,294.144,25.671,0.000
157.2145,16.000,345.239,293.837,25.701,0.000
157.3190,16.000,345.034,293.572,25.731,0.000
157.4143,16.000,344.865,293.343,25.761,0.000
157.5203,16.000,344.725,293.143,25.791,0.000
157.6167,16.000,344.611,292.969,25.821,0.000
157.7135,16.000,344.518,292.816,25.851,0.000
157.8205,17.000,347.251,285.675,30.788,3.405
157.9162,16.000,338.341,292.038,23.152,-2.761
158.0126,16.000,341.027,290.186,25.420,-0.522
158.1197,16.000,341.836,290.087,25.874,-0.099
158.2152,16.000,342.247,290.279,25.984,-0.019
158.3116,16.000,342.549,290.490,26.029,-0.004
158.4213,16.000,342.800,290.675,26.062,-0.001
158.5179,16.000,343.015,290.830,26.093,-0.000
158.6119,15.000,337.396,294.964,21.216,-3.405
158.7162,16.000,343.861,286.037,28.912,2.761
158.8192,15.000,336.298,292.706,21.796,-2.883
158.9138,15.000,339.785,291.461,24.162,-0.545
159.0201,14.000,335.400,295.950,19.725,-3.509
159.1138,14.000,339.816,294.624,22.596,-0.664
159.2203,14.000,341.693,295.372,23.160,-0.126
159.3167,14.000,342.937,296.360,23.288,-0.024
159.4138,15.000,346.738,290.256,28.241,3.401
159.5104,16.000,347.338,286.499,30.419,4.049
159.6163,16.000,344.243,289.910,27.166,0.766
159.7119,16.000,343.786,290.636,26.575,0.145
159.8177,15.000,338.006,294.845,21.581,-3.378
159.9139,16.000,344.412,285.902,29.255,2.766
160.0100,16.000,342.621,288.537,27.042,0.523
160.1157,15.000,336.779,293.298,21.740,-3.306
160.2098,16.000,343.335,284.622,29.356,2.780
160.3157,15.000,335.903,291.452,22.225,-2.879
160.4197,14.000,333.702,294.341,19.681,-3.950
160.5126,14.000,338.724,292.904,22.910,-0.747
160.6168,14.000,340.880,293.796,23.542,-0.141
160.7196,14.000,342.316,294.950,23.683,-0.027
160.8125,13.000,337.658,300.010,18.824,-3.410
160.9156,13.000,342.118,298.891,21.613,-0.645
161.0183,13.000,344.086,299.764,22.161,-0.122
161.1116,12.000,339.609,304.855,17.377,-3.428
161.2151,11.000,338.365,307.821,15.272,-4.054
161.3202,11.000,343.904,306.745,18.580,-0.767
161.4153,11.000,346.444,308.000,19.222,-0.145
161.5117,11.000,348.195,309.474,19.360,-0.027
161.6186,10.000,343.801,314.809,14.496,-3.411
161.7142,10.000,348.485,313.925,17.280,-0.645
161.8191,10.000,350.642,314.998,17.822,-0.122
161.9170,10.000,352.133,316.253,17.940,-0.023
162.0138,10.000,353.337,317.383,17.977,-0.004
162.1188,10.000,354.351,318.352,18.000,-0.001
162.2163,10.000,355.214,319.176,18.019,-0.000
162.3119,10.000,355.949,319.874,18.038,-0.000
162.4174,10.000,356.577,320.464,18.057,-0.000
162.5131,9.000,351.306,324.970,13.168,-3.405
162.6189,9.000,355.259,323.367,15.946,-0.644
162.7154,8.000,350.990,327.834,11.578,-3.527
162.8105,8.000,355.449,326.543,14.453,-0.667
162.9174,8.000,357.352,327.333,15.009,-0.126
163.0139,8.000,358.614,328.361,15.126,-0.024
163.1100,8.000,359.621,329.299,15.161,-0.005
163.2166,8.000,360.466,330.107,15.180,-0.001
163.3135,8.000,361.185,330.794,15.195,-0.000
163.4099,8.000,361.797,331.377,15.210,-0.000
163.5180,8.000,362.320,331.869,15.225,-0.000
163.6133,8.000,362.767,332.286,15.240,-0.000
163.7187,7.000,357.341,336.645,10.348,-3.405
163.8146,7.000,361.162,334.918,13.122,-0.644
163.9109,7.000,362.588,335.272,13.658,-0.122
164.0162,6.000,357.649,339.924,8.863,-3.428
164.1095,6.000,361.818,338.510,11.654,-0.649
164.2138,6.000,363.526,339.145,12.191,-0.123
164.3190,5.000,358.825,344.037,7.394,-3.429
164.4141,4.000,357.388,346.836,5.276,-4.054
164.5107,4.000,362.762,345.620,8.571,-0.767
164.6098,3.000,359.351,350.765,4.293,-3.551
164.7186,5.000,370.087,336.103,16.992,6.139
164.8142,5.000,366.451,342.403,12.024,1.161
164.9109,5.000,366.650,344.467,11.091,0.220
165.0179,5.000,367.443,345.598,10.923,0.042
165.1148,5.000,368.237,346.440,10.898,0.008
165.2126,5.000,368.935,347.132,10.901,0.001
165.3176,6.000,372.341,340.708,15.817,3.406
165.4131,6.000,369.808,343.675,13.067,0.644
165.5094,6.000,369.481,344.371,12.555,0.122
165.6173,6.000,369.551,344.615,12.468,0.023
165.7125,6.000,369.677,344.756,12.460,0.004
165.8079,6.000,369.798,344.862,12.468,0.001
165.9137,5.000,364.097,348.955,7.571,-3.405
166.0095,6.000,370.492,339.994,15.249,2.761
166.1144,5.000,362.867,346.638,8.114,-2.883
166.2101,5.000,366.297,345.374,10.461,-0.545
166.3163,3.000,356.054,353.858,1.098,-6.914
166.4110,3.000,363.918,350.499,6.710,-1.308
166.5173,2.000,361.092,355.354,2.869,-3.653
166.6128,2.000,366.420,354.751,5.834,-0.691
166.7083,-0.000,357.377,364.210,-3.416,-6.942
166.8144,1.000,368.990,354.751,7.119,2.092
166.9119,-0.000,363.903,362.868,0.518,-3.010
167.0076,-0.000,369.131,363.216,2.958,-0.569
167.1125,-0.000,371.963,365.124,3.420,-0.108
167.2180,-0.000,374.064,367.051,3.507,-0.020
167.3132,2.000,381.408,354.732,13.338,6.807
167.4078,1.000,370.970,365.140,2.915,-2.118
167.5128,2.000,376.984,357.901,9.541,3.005
167.6178,4.000,381.146,347.299,16.923,7.379
167.7138,3.000,369.625,357.544,6.040,-2.009
167.8103,4.000,375.025,349.860,12.583,3.025
167.9175,6.000,378.724,338.821,19.952,7.383
168.0160,5.000,366.821,348.683,9.069,-2.009
168.1106,5.000,369.092,347.678,10.707,-0.380
168.2161,4.000,364.141,351.906,6.117,-3.477
168.3127,5.000,370.967,343.264,13.852,2.748
168.4178,5.000,369.477,346.211,11.633,0.520
168.5133,4.000,363.877,351.249,6.314,-3.307
168.6091,2.000,356.213,357.836,-0.812,-7.436
168.7174,2.000,364.788,354.345,5.222,-1.407
168.8125,1.000,362.286,359.369,1.459,-3.672
168.9079,1.000,367.837,358.962,4.438,-0.695
169.0143,1.000,370.588,360.582,5.003,-0.131
169.1075,-1.000,359.740,369.147,-4.703,-6.836
169.2148,-1.000,367.310,365.635,0.837,-1.293
169.3108,-1.000,370.081,366.314,1.884,-0.245
169.4067,-3.000,357.730,373.198,-7.734,-6.857
169.5128,-2.000,367.967,362.513,2.727,2.108
169.6069,-4.000,353.549,371.150,-8.800,-6.412
169.7096,-4.000,359.284,366.502,-3.609,-1.213
169.8126,-5.000,353.715,368.795,-7.540,-3.635
169.9166,-6.000,349.753,368.772,-9.510,-4.093
170.0091,-7.000,345.860,368.078,-11.109,-4.180
170.1140,-6.000,352.793,358.446,-2.826,2.615
170.2099,-8.000,337.000,366.544,-14.772,-6.316
170.3153,-9.000,334.829,363.975,-14.573,-4.600
170.4117,-9.000,338.028,359.748,-10.860,-0.870
170.5069,-10.000,331.272,361.429,-15.078,-3.570
170.6119,-10.000,333.491,357.896,-12.203,-0.675
170.7088,-10.000,333.462,356.809,-11.674,-0.128
170.8146,-13.000,312.050,364.672,-26.311,-10.240
170.9108,-13.000,319.071,355.135,-18.032,-1.937
171.0071,-14.000,312.540,355.326,-21.393,-3.772
171.1128,-15.000,307.371,353.907,-23.268,-4.119
171.2073,-16.000,302.375,352.103,-24.864,-4.185
171.3131,-16.000,304.348,347.350,-21.501,-0.792
171.4106,-17.000,296.771,348.363,-25.796,-3.555
171.5162,-17.000,298.333,344.223,-22.945,-0.673
171.6139,-18.000,290.743,345.421,-27.339,-3.533
171.7103,-19.000,285.350,344.182,-29.416,-4.074
171.8061,-19.000,287.298,339.595,-26.148,-0.771
171.9129,-19.000,286.766,337.885,-25.559,-0.146
172.0081,-19.000,285.896,336.849,-25.477,-0.028
172.1135,-18.000,289.080,330.245,-20.583,3.400
172.2089,-17.000,290.343,327.275,-18.466,4.049
172.3136,-18.000,280.796,334.171,-26.688,-2.639
172.4078,-17.000,287.283,326.631,-19.674,2.906
172.5129,-17.000,285.947,330.071,-22.062,0.550
172.6085,-17.000,286.364,331.444,-22.540,0.104
172.7144,-17.000,287.008,332.320,-22.656,0.020
172.8107,-16.000,291.613,327.207,-17.797,3.409
172.9062,-16.000,290.103,331.285,-20.591,0.645
173.0137,-16.000,290.642,332.930,-21.144,0.122
173.1079,-16.000,291.441,333.987,-21.273,0.023
173.2112,-16.000,292.181,334.824,-21.322,0.004
173.3057,-16.000,292.818,335.528,-21.355,0.001
173.4113,-15.000,297.365,330.321,-16.478,3.406
173.5078,-16.000,288.787,337.137,-24.175,-2.761
173.6150,-16.000,291.747,335.680,-21.966,-0.522
173.7115,-16.000,292.780,335.925,-21.573,-0.099
173.8076,-17.000,286.366,339.226,-26.430,-3.424
173.9139,-17.000,289.286,336.658,-23.686,-0.648
174.0093,-17.000,289.930,336.314,-23.192,-0.123
174.1136,-17.000,290.125,336.374,-23.125,-0.023
174.2088,-17.000,290.220,336.496,-23.138,-0.004
174.3142,-17.000,290.284,336.616,-23.166,-0.001
174.4103,-17.000,290.331,336.726,-23.197,-0.000
174.5059,-16.000,294.373,331.017,-18.322,3.405
174.6107,-16.000,292.374,334.599,-21.113,0.644
174.7060,-16.000,292.494,335.825,-21.665,0.122
174.8117,-15.000,296.945,330.718,-16.887,3.428
174.9054,-15.000,295.358,334.747,-19.695,0.649
175.0095,-15.000,295.842,336.339,-20.249,0.123
175.1156,-15.000,296.596,337.349,-20.376,0.023
175.2117,-14.000,301.307,332.339,-15.516,3.410
175.3064,-14.000,299.888,336.502,-18.307,0.645
175.4123,-14.000,300.505,338.218,-18.856,0.122
175.5102,-14.000,301.372,339.335,-18.982,0.023
175.6056,-13.000,306.177,334.415,-14.119,3.410
175.7118,-13.000,304.839,338.656,-16.908,0.645
175.8080,-12.000,309.533,334.630,-12.548,3.527
175.9150,-12.000,308.434,339.296,-15.431,0.667
176.0114,-11.000,313.394,335.568,-11.087,3.532
176.1074,-11.000,312.533,340.476,-13.971,0.668
176.2149,-10.000,317.698,336.951,-9.627,3.532
176.3108,-11.000,310.006,344.838,-17.416,-2.737
176.4065,-9.000,321.801,332.607,-5.403,6.293
176.5113,-9.000,319.497,340.542,-10.522,1.191
176.6072,-9.000,320.908,343.917,-11.504,0.225
176.7136,-9.000,322.743,346.150,-11.704,0.043
176.8095,-8.000,328.427,342.123,-6.848,3.413
176.9060,-8.000,327.849,347.111,-9.631,0.646
177.0120,-8.000,329.184,349.523,-10.169,0.122
177.1080,-8.000,330.663,351.230,-10.283,0.023
177.2133,-8.000,331.983,352.617,-10.317,0.004
177.3084,-7.000,337.123,347.979,-5.428,3.406
177.4143,-7.000,336.061,352.468,-8.203,0.644
177.5101,-7.000,336.981,354.459,-8.739,0.122
177.6067,-7.000,338.107,355.809,-8.851,0.023
177.7143,-6.000,343.135,351.086,-3.975,3.410
177.8101,-6.000,341.988,355.491,-6.751,0.645
177.9055,-6.000,342.839,357.410,-7.286,0.122
178.0116,-6.000,343.906,358.698,-7.396,0.023
178.1085,-5.000,348.884,353.921,-2.519,3.410
178.2050,-5.000,347.695,358.280,-5.293,0.645
178.3108,-5.000,348.510,360.160,-5.825,0.122
178.4065,-5.000,349.547,361.414,-5.933,0.023
178.5138,-5.000,350.493,362.416,-5.962,0.004
178.6089,-5.000,351.308,363.257,-5.974,0.001
178.7056,-5.000,352.001,363.970,-5.984,0.000
178.8085,-5.000,352.590,364.578,-5.994,0.000
178.9124,-5.000,353.089,365.095,-6.003,0.000
179.0051,-5.000,353.511,365.537,-6.013,0.000
179.1096,-5.000,353.869,365.913,-6.022,0.000
179.2047,-5.000,354.172,366.235,-6.031,0.000
179.3106,-5.000,354.428,366.510,-6.041,0.000
179.4059,-6.000,347.637,369.552,-10.958,-3.405
179.5102,-6.000,350.293,366.709,-8.208,-0.644
179.6050,-6.000,350.725,366.118,-7.697,-0.122
179.7111,-6.000,350.745,365.963,-7.609,-0.023
179.8073,-7.000,343.688,368.706,-12.509,-3.410
179.9135,-7.000,346.106,365.620,-9.757,-0.645
180.0086,-8.000,339.325,367.634,-14.155,-3.527
180.1039,-8.000,341.644,364.263,-11.309,-0.667
180.2093,-9.000,334.716,366.097,-15.691,-3.532
180.3062,-9.000,336.897,362.585,-12.844,-0.668
180.4128,-9.000,336.857,361.495,-12.319,-0.126
180.5092,-9.000,336.462,360.929,-12.234,-0.024
180.6069,-10.000,329.048,363.325,-17.138,-3.410
180.7137,-10.000,331.162,359.947,-14.392,-0.645
180.8098,-10.000,331.129,358.905,-13.888,-0.122
180.9049,-11.000,323.745,361.175,-18.715,-3.428
181.0118,-11.000,325.831,357.743,-15.956,-0.649
181.1078,-12.000,318.757,359.473,-20.358,-3.528
181.2120,-12.000,320.824,355.863,-17.520,-0.667
181.3068,-13.000,313.680,357.496,-21.908,-3.532
181.4128,-13.000,315.676,353.815,-19.069,-0.668
181.5079,-13.000,315.478,352.581,-18.552,-0.126
181.6036,-14.000,307.940,354.702,-23.381,-3.429
181.7116,-14.000,309.892,351.145,-20.627,-0.649
181.8085,-14.000,309.710,349.963,-20.127,-0.123
181.9041,-14.000,309.203,349.310,-20.053,-0.023
182.0119,-14.000,308.703,348.825,-20.061,-0.004
182.1091,-14.000,308.262,348.429,-20.084,-0.001
182.2044,-15.000,300.873,350.906,-25.016,-3.406
182.3081,-16.000,296.011,350.392,-27.191,-4.050
182.4121,-16.000,298.480,346.354,-23.937,-0.766
182.5058,-16.000,298.405,345.096,-23.346,-0.145
182.6113,-17.000,290.918,347.249,-28.166,-3.433
182.7058,-17.000,292.903,343.731,-25.414,-0.649
182.8126,-17.000,292.746,342.585,-24.919,-0.123
182.9074,-18.000,285.252,344.770,-29.759,-3.429
183.0023,-18.000,287.243,341.268,-27.013,-0.649
183.1082,-19.000,280.085,342.941,-31.428,-3.528
183.2044,-19.000,282.079,339.285,-28.603,-0.667
183.3103,-19.000,281.878,338.073,-28.097,-0.126
183.4040,-19.000,281.345,337.405,-28.030,-0.024
183.5103,-19.000,280.818,336.911,-28.047,-0.005
183.6050,-19.000,280.352,336.509,-28.079,-0.001
183.7121,-19.000,279.948,336.175,-28.114,-0.000
183.8075,-19.000,279.599,335.897,-28.149,-0.000
183.9031,-19.000,279.297,335.667,-28.185,-0.000
184.0111,-19.000,279.035,335.476,-28.220,-0.000
184.1063,-19.000,278.807,335.319,-28.256,-0.000
184.2098,-19.000,278.608,335.191,-28.292,-0.000
184.3066,-18.000,282.440,329.280,-23.420,3.405
184.4020,-18.000,280.262,332.692,-26.215,0.644
184.5087,-18.000,280.231,333.772,-26.771,0.122
184.6061,-17.000,284.551,328.543,-21.996,3.428
184.7111,-17.000,282.853,332.469,-24.808,0.649
184.8071,-17.000,283.242,333.973,-25.366,0.123
184.9041,-16.000,287.922,329.102,-20.590,3.429
185.0092,-16.000,286.531,333.331,-23.400,0.649
185.1038,-15.000,291.189,329.286,-19.048,3.528
185.2090,-15.000,290.060,333.935,-21.937,0.667
185.3052,-14.000,294.995,330.193,-17.599,3.532
185.4101,-14.000,294.112,335.089,-20.489,0.668
185.5058,-14.000,295.249,337.363,-21.057,0.126
185.6029,-13.000,300.578,333.135,-16.278,3.429
185.7099,-12.000,303.748,332.100,-14.176,4.054
185.8056,-12.000,302.845,337.817,-17.486,0.767
185.9018,-12.000,304.247,340.507,-18.130,0.145
186.0080,-11.000,309.853,336.579,-13.363,3.433
186.1041,-11.000,309.263,341.597,-16.167,0.649
186.2102,-10.000,314.604,338.218,-11.807,3.528
186.3065,-10.000,314.059,343.432,-14.686,0.668
186.4119,-9.000,319.490,340.168,-10.339,3.532
186.5067,-9.000,319.031,345.470,-13.220,0.668
186.6035,-8.000,324.538,342.280,-8.871,3.532
186.7093,-7.000,328.151,341.836,-6.842,4.074
186.8050,-7.000,327.682,347.999,-10.158,0.771
186.9105,-6.000,333.471,345.249,-5.889,3.551
187.0056,-5.000,337.379,345.124,-3.872,4.077
187.1098,-5.000,337.172,351.548,-7.188,0.771
187.2060,-4.000,343.187,349.017,-2.915,3.551
187.3026,-4.000,343.280,354.884,-5.802,0.672
187.4083,-3.000,349.269,352.163,-1.447,3.533
187.5043,-3.000,349.287,357.921,-4.317,0.668
187.6107,-2.000,355.202,355.117,0.043,3.532
187.7040,-2.000,355.157,360.806,-2.825,0.668
187.8085,-2.000,357.010,363.750,-3.370,0.126
187.9038,-2.000,358.942,365.895,-3.476,0.024
188.0078,-2.000,360.652,367.651,-3.499,0.005
188.1028,-2.000,362.118,369.132,-3.507,0.001
188.2066,-2.000,363.366,370.388,-3.511,0.000
188.3095,-2.000,364.426,371.456,-3.515,0.000
188.4021,-3.000,358.320,375.172,-8.426,-3.405
188.5041,-3.000,361.559,372.901,-5.671,-0.644
188.6074,-3.000,362.487,372.795,-5.154,-0.122
188.7009,-3.000,362.930,373.052,-5.061,-0.023
188.8048,-3.000,363.240,373.336,-5.048,-0.004
188.9098,-3.000,363.491,373.590,-5.050,-0.001
189.0046,-3.000,363.701,373.810,-5.055,-0.000
189.1004,-3.000,363.878,373.998,-5.060,-0.000
189.2064,-3.000,364.027,374.159,-5.066,-0.000
189.3017,-3.000,364.153,374.296,-5.072,-0.000
189.4101,-2.000,368.267,368.607,-0.170,3.405
189.5057,-2.000,366.333,372.202,-2.935,0.644
189.6013,-2.000,366.512,373.434,-3.461,0.122
189.7077,-3.000,360.002,376.944,-8.471,-3.382
189.8034,-2.000,366.971,368.624,-0.827,2.766
189.9102,-2.000,365.651,371.797,-3.073,0.523
190.0068,-2.000,366.011,373.012,-3.501,0.099
190.1013,-2.000,366.596,373.765,-3.585,0.019
190.2070,-2.000,367.146,374.353,-3.604,0.004
190.3037,-2.000,367.622,374.843,-3.610,0.001
190.4093,-3.000,361.022,378.065,-8.522,-3.405
190.5047,-3.000,363.841,375.374,-5.766,-0.644
190.5998,-3.000,364.413,374.912,-5.250,-0.122
190.7062,-4.000,357.545,377.673,-10.064,-3.428
190.8027,-4.000,360.072,374.655,-7.291,-0.649
190.9078,-5.000,353.374,376.735,-11.680,-3.528
191.0034,-5.000,355.763,373.421,-8.829,-0.667
191.1098,-5.000,355.902,372.496,-8.297,-0.126
191.2053,-6.000,348.654,374.877,-13.111,-3.429
191.3003,-6.000,350.854,371.538,-10.342,-0.649
191.4063,-7.000,343.878,373.347,-14.735,-3.528
191.5010,-7.000,346.029,369.804,-11.887,-0.667
191.6070,-8.000,338.959,371.491,-16.266,-3.532
191.7033,-8.000,341.019,367.855,-13.418,-0.668
191.8000,-9.000,333.869,369.466,-17.798,-3.532
191.9062,-10.000,328.854,368.572,-19.859,-4.074
192.0023,-11.000,324.120,367.084,-21.482,-4.176
192.1083,-11.000,326.341,362.574,-18.117,-0.790
192.2029,-12.000,318.981,363.789,-22.404,-3.555
192.2999,-12.000,320.729,359.817,-19.544,-0.673
192.4064,-12.000,320.306,358.349,-19.021,-0.127
192.5027,-13.000,312.577,360.272,-23.848,-3.429
192.6078,-13.000,314.365,356.548,-21.092,-0.649
192.7031,-13.000,314.044,355.224,-20.590,-0.123
192.8092,-13.000,313.420,354.449,-20.515,-0.023
192.9056,-13.000,312.820,353.861,-20.520,-0.004
193.0025,-14.000,305.287,356.183,-25.448,-3.406
193.1083,-14.000,307.308,352.733,-22.713,-0.644
193.2036,-15.000,300.190,354.437,-27.124,-3.527
193.2995,-15.000,302.220,350.804,-24.292,-0.667
193.4067,-15.000,302.052,349.610,-23.779,-0.126
193.5029,-16.000,294.540,351.764,-28.612,-3.429
193.6017,-16.000,296.514,348.237,-25.862,-0.649
193.7084,-16.000,296.349,347.080,-25.365,-0.123
193.8043,-17.000,288.850,349.257,-30.203,-3.429
193.8991,-17.000,290.836,345.746,-27.455,-0.649
194.0053,-17.000,290.682,344.604,-26.961,-0.123
194.0995,-17.000,290.199,343.986,-26.893,-0.023
194.2055,-17.000,289.718,343.531,-26.907,-0.004
194.3005,-17.000,289.292,343.162,-26.935,-0.001
194.4078,-17.000,288.923,342.855,-26.966,-0.000
194.5041,-17.000,288.603,342.599,-26.998,-0.000
194.5987,-17.000,288.327,342.386,-27.030,-0.000
194.7047,-18.000,281.080,345.018,-31.969,-3.405
194.7993,-18.000,283.346,341.829,-29.241,-0.644
194.9051,-18.000,283.442,340.948,-28.753,-0.122
195.0001,-18.000,283.174,340.549,-28.688,-0.023
195.1077,-18.000,282.876,340.281,-28.703,-0.004
195.2024,-18.000,282.604,340.070,-28.733,-0.001
195.3082,-18.000,282.367,339.899,-28.766,-0.000
195.4025,-18.000,282.159,339.758,-28.800,-0.000
195.5074,-18.000,281.977,339.644,-28.833,-0.000
195.6019,-19.000,274.810,342.359,-33.774,-3.405
195.7055,-19.000,277.144,339.242,-31.049,-0.644
195.8007,-19.000,277.298,338.422,-30.562,-0.122
195.9082,-19.000,277.078,338.076,-30.499,-0.023
196.0045,-19.000,276.820,337.852,-30.516,-0.004
196.0998,-20.000,269.576,340.487,-35.455,-3.406
196.2066,-20.000,271.842,337.303,-32.731,-0.644
196.3046,-20.000,271.937,336.428,-32.246,-0.122
196.4015,-20.000,271.666,336.036,-32.185,-0.023
196.4981,-20.000,271.366,335.772,-32.203,-0.004
196.6030,-20.000,271.092,335.567,-32.237,-0.001
196.6986,-19.000,274.859,329.593,-27.367,3.405
196.8066,-19.000,272.624,332.951,-30.164,0.644
196.9024,-19.000,272.544,333.987,-30.721,0.122
197.0082,-19.000,272.816,334.527,-30.856,0.023
197.1028,-19.000,273.106,334.927,-30.910,0.004
197.1976,-19.000,273.361,335.259,-30.949,0.001
197.3032,-19.000,273.574,335.545,-30.986,0.000
197.4000,-18.000,277.757,329.985,-26.114,3.405
197.5065,-18.000,275.877,333.695,-28.909,0.644
197.6026,-18.000,276.099,335.029,-29.465,0.122
197.6983,-17.000,280.635,330.016,-24.691,3.428
197.8044,-17.000,279.120,334.125,-27.502,0.649
197.9021,-16.000,283.672,329.978,-23.153,3.528
197.9982,-16.000,282.454,334.540,-26.043,0.667
198.1032,-15.000,287.311,330.726,-21.707,3.532
198.1982,-15.000,286.362,335.560,-24.599,0.668
198.3049,-15.000,287.444,337.782,-25.169,0.126
198.4002,-14.000,292.725,333.509,-20.392,3.429
198.5050,-14.000,291.846,338.244,-23.199,0.649
198.5996,-14.000,292.933,340.435,-23.751,0.123
198.7069,-14.000,294.200,341.954,-23.877,0.023
198.8030,-13.000,299.347,337.376,-19.015,3.410
198.8982,-12.000,302.307,336.100,-16.897,4.051
199.0052,-12.000,301.215,341.622,-20.203,0.766
199.1008,-12.000,302.454,344.149,-20.847,0.145
199.1974,-11.000,307.922,340.082,-16.080,3.433
199.3040,-10.000,311.221,339.174,-13.977,4.055
199.3999,-9.000,314.438,339.190,-12.376,4.173
199.5066,-8.000,317.919,339.656,-10.869,4.195
199.6030,-7.000,321.688,340.443,-9.377,4.199
199.6998,-6.000,325.713,341.489,-7.888,4.200
199.8049,-5.000,329.960,342.754,-6.397,4.200
199.9012,-4.000,334.395,344.204,-4.905,4.200
199.9965,-3.000,338.990,345.810,-3.410,4.200
200.1013,-2.000,343.722,347.550,-1.914,4.200
200.2057,-1.000,348.571,349.402,-0.416,4.200
200.3014,-0.000,353.518,351.350,1.084,4.200
200.3970,1.000,357.351,352.179,2.586,4.200
200.5021,2.000,360.236,352.056,4.090,4.200
200.5974,2.000,359.508,358.132,0.688,0.795
200.7050,3.000,363.948,354.038,4.955,3.556
200.8015,4.000,365.524,351.555,6.985,4.078
200.8974,4.000,363.340,355.969,3.686,0.772
201.0036,5.000,366.477,350.527,7.975,3.551
201.0986,6.000,366.935,346.911,10.012,4.077
201.2036,6.000,363.798,350.363,6.717,0.771
201.2993,7.000,366.124,344.103,11.010,3.551
201.3959,7.000,363.087,346.799,8.144,0.672
201.5009,7.000,362.410,347.185,7.612,0.127
201.5968,7.000,362.196,347.151,7.523,0.024
201.7024,7.000,362.084,347.052,7.516,0.005
201.7991,7.000,362.004,346.953,7.526,0.001
201.9051,7.000,361.941,346.865,7.538,0.000
202.0001,7.000,361.889,346.787,7.551,0.000
202.0971,6.000,356.040,350.726,2.657,-3.405
202.2020,5.000,353.694,352.650,0.522,-4.050
202.2972,4.000,352.499,354.684,-1.092,-4.172
202.4027,3.000,351.939,357.159,-2.610,-4.195
202.4992,3.000,357.659,356.066,0.797,-0.794
202.6051,2.000,354.467,361.390,-3.461,-3.556
202.7017,2.000,359.760,360.910,-0.575,-0.673
202.7977,2.000,362.355,362.406,-0.026,-0.127
202.9040,2.000,364.201,364.038,0.081,-0.024
202.9993,2.000,365.702,365.493,0.105,-0.005
203.1045,2.000,366.966,366.742,0.112,-0.001
203.1992,2.000,368.038,367.805,0.116,-0.000
203.3037,2.000,368.949,368.709,0.120,-0.000
203.4019,1.000,363.917,373.484,-4.783,-3.405
203.4993,1.000,368.071,372.111,-2.020,-0.644
203.5958,-0.000,363.970,376.777,-6.403,-3.527
203.7037,-1.000,361.563,378.464,-8.450,-4.073
203.7994,-1.000,366.057,376.357,-5.150,-0.771
203.8953,-2.000,360.687,379.556,-9.435,-3.551
204.0012,-3.000,357.133,380.066,-11.466,-4.077
204.0975,-4.000,353.632,379.779,-13.073,-4.177
204.2017,-5.000,349.894,379.097,-14.601,-4.196
204.2974,-7.000,338.893,380.940,-21.024,-7.605
204.4051,-8.000,337.147,376.703,-19.778,-4.844
204.5010,-9.000,333.009,374.555,-20.773,-4.322
204.5981,-9.000,335.325,369.896,-17.285,-0.818
204.7024,-10.000,327.968,371.062,-21.547,-3.560
204.7980,-10.000,329.705,367.062,-18.679,-0.674
204.9041,-10.000,329.270,365.573,-18.151,-0.127
204.9993,-10.000,328.538,364.671,-18.067,-0.024
205.1043,-10.000,327.843,363.976,-18.066,-0.005
205.1998,-10.000,327.238,363.400,-18.081,-0.001
205.2952,-11.000,319.710,365.723,-23.006,-3.406
205.4030,-11.000,321.739,362.271,-20.266,-0.644
205.5000,-12.000,314.629,363.972,-24.671,-3.527
205.5945,-12.000,316.667,360.335,-21.834,-0.667
205.7025,-13.000,309.499,361.944,-26.223,-3.532
205.7977,-13.000,311.476,358.243,-23.383,-0.668
205.9047,-14.000,304.253,359.800,-27.773,-3.532
206.0006,-15.000,299.175,358.861,-29.843,-4.074
206.0963,-15.000,301.393,354.530,-26.568,-0.771
206.2000,-16.000,294.084,355.842,-30.879,-3.551
206.2967,-17.000,288.877,354.751,-32.937,-4.077
206.4038,-18.000,283.968,353.108,-34.570,-4.177
206.5004,-19.000,279.028,351.278,-36.125,-4.196
206.5983,-19.000,281.018,346.534,-32.758,-0.794
206.7044,-20.000,273.448,347.563,-37.058,-3.556
206.8008,-21.000,268.006,346.245,-39.120,-4.078
206.8960,-20.000,273.907,335.798,-30.945,2.634
207.0024,-20.000,271.302,337.539,-33.118,0.498
207.0977,-20.000,270.493,337.613,-33.560,0.094
207.2039,-19.000,274.075,331.607,-28.766,3.423
207.2995,-18.000,275.740,329.081,-26.670,4.053
207.3960,-18.000,273.555,333.535,-29.990,0.767
207.5004,-17.000,277.870,329.348,-25.739,3.550
207.5969,-17.000,276.514,333.813,-28.649,0.672
207.7023,-16.000,281.266,329.903,-24.318,3.532
207.7980,-16.000,280.230,334.655,-27.213,0.668
207.9019,-15.000,285.245,330.999,-22.877,3.532
207.9980,-14.000,288.438,330.161,-20.862,4.074
208.1030,-13.000,291.617,330.184,-19.284,4.176
208.1971,-12.000,295.075,330.648,-17.787,4.195
208.2938,-11.000,298.824,331.432,-16.304,4.199
208.3998,-11.000,298.826,338.284,-19.729,0.794
208.4946,-10.000,305.081,336.054,-15.486,3.556
208.6014,-9.000,309.397,336.359,-13.481,4.078
208.6983,-9.000,309.538,343.146,-16.804,0.772
208.7949,-8.000,315.847,340.926,-12.540,3.551
208.9017,-8.000,316.190,347.058,-15.434,0.672
208.9961,-8.000,318.383,350.370,-15.994,0.127
209.1011,-7.000,324.611,347.021,-11.205,3.429
209.1963,-7.000,324.541,352.538,-13.998,0.649
209.3029,-7.000,326.317,355.392,-14.538,0.123
209.3988,-6.000,332.179,351.665,-9.743,3.429
209.4966,-6.000,331.795,356.864,-12.534,0.649
209.6023,-6.000,333.305,359.447,-13.071,0.123
209.7004,-6.000,334.933,361.297,-13.182,0.023
209.7977,-5.000,340.389,356.999,-8.305,3.410
209.8938,-5.000,339.607,361.765,-11.079,0.645
210.0008,-5.000,340.767,363.990,-11.611,0.122
210.0973,-5.000,342.098,365.537,-11.720,0.023
210.1930,-4.000,347.300,360.981,-6.840,3.410
210.2997,-3.000,350.310,359.721,-4.705,4.050
210.3963,-3.000,349.264,365.254,-7.995,0.766
210.5014,-2.000,354.551,361.981,-3.715,3.550
210.5955,-1.000,358.032,361.412,-1.690,4.077
210.7022,-0.000,361.469,361.650,-0.090,4.177
210.8002,-0.000,361.144,368.098,-3.477,0.790
210.8955,1.000,365.914,364.334,0.790,3.555
211.0018,-0.000,359.153,373.149,-6.998,-2.733
211.0970,-0.000,363.742,373.307,-4.782,-0.517
211.2020,-1.000,359.171,377.712,-9.270,-3.503
211.2978,-1.000,363.439,376.303,-6.432,-0.663
211.3931,-1.000,365.190,376.983,-5.896,-0.125
211.4992,-1.000,366.323,377.916,-5.796,-0.024
211.5942,-0.000,371.225,372.969,-0.872,3.401
211.7014,1.000,372.756,370.200,1.278,4.049
211.7962,1.000,370.449,374.455,-2.003,0.766
211.9017,2.000,373.465,368.895,2.285,3.550
211.9965,2.000,371.009,372.189,-0.590,0.672
212.0935,3.000,373.632,366.079,3.777,3.532
212.1981,3.000,370.791,368.955,0.918,0.668
212.2948,3.000,370.269,369.506,0.382,0.126
212.4007,3.000,370.185,369.615,0.285,0.024
212.4963,3.000,370.182,369.640,0.271,0.005
212.6026,2.000,364.386,373.654,-4.634,-3.405
212.6996,2.000,367.893,371.633,-1.870,-0.644
212.7960,2.000,369.050,371.738,-1.344,-0.122
212.8927,2.000,369.690,372.173,-1.241,-0.023
212.9990,1.000,364.361,376.614,-6.126,-3.410
213.0955,1.000,368.250,374.970,-3.360,-0.645
213.1993,1.000,369.730,375.399,-2.835,-0.122
213.2919,1.000,370.642,376.109,-2.734,-0.023
213.3948,1.000,371.352,376.778,-2.713,-0.004
213.4978,1.000,371.943,377.359,-2.708,-0.001
213.6013,1.000,372.444,377.855,-2.705,-0.000
213.6937,1.000,372.869,378.276,-2.703,-0.000
213.7976,1.000,373.231,378.634,-2.702,-0.000
213.9015,-0.000,367.732,382.945,-7.607,-3.405
213.9970,-0.000,371.488,381.179,-4.846,-0.644
214.0924,-1.000,365.849,384.310,-9.231,-3.527
214.1987,-1.000,369.141,381.886,-6.373,-0.667
214.2942,-1.000,370.049,381.716,-5.833,-0.126
214.4012,-2.000,363.455,384.736,-10.640,-3.429
214.4971,-3.000,359.206,384.748,-12.771,-4.054
214.6026,-3.000,362.187,381.166,-9.489,-0.767
214.6982,-4.000,355.541,383.101,-13.780,-3.551
214.7943,-5.000,350.902,382.535,-15.816,-4.077
214.9003,-6.000,346.480,381.334,-17.427,-4.177
214.9956,-6.000,348.965,377.068,-14.052,-0.790
215.0912,-7.000,341.830,378.489,-18.330,-3.555
215.1980,-7.000,343.771,374.692,-15.460,-0.673
215.2931,-7.000,343.515,373.371,-14.928,-0.127
215.3987,-7.000,342.934,372.610,-14.838,-0.024
215.4933,-7.000,342.370,372.034,-14.832,-0.005
215.6006,-8.000,334.869,374.366,-19.748,-3.406
215.6953,-8.000,336.919,370.922,-17.002,-0.644
215.7917,-8.000,336.834,369.823,-16.494,-0.122
215.8997,-8.000,336.415,369.235,-16.410,-0.023
215.9938,-8.000,335.991,368.804,-16.406,-0.004
216.1001,-9.000,328.608,371.259,-21.325,-3.406
216.1965,-9.000,330.759,367.920,-18.580,-0.644
216.2927,-9.000,330.759,366.909,-18.075,-0.122
216.4003,-9.000,330.412,366.398,-17.993,-0.023
216.4959,-9.000,330.049,366.031,-17.991,-0.004
216.5914,-9.000,329.726,365.734,-18.004,-0.001
216.6983,-9.000,329.446,365.487,-18.020,-0.000
216.7932,-9.000,329.205,365.279,-18.037,-0.000
216.8999,-9.000,328.998,365.106,-18.054,-0.000
216.9942,-9.000,328.819,364.961,-18.071,-0.000
217.0986,-9.000,328.664,364.840,-18.088,-0.000
217.1927,-8.000,332.538,358.932,-13.197,3.405
217.3002,-8.000,330.397,362.344,-15.973,0.644
217.3948,-7.000,334.407,357.614,-11.604,3.527
217.4988,-6.000,336.736,355.874,-9.569,4.073
217.5933,-5.000,339.180,355.131,-7.976,4.176
217.6986,-4.000,342.014,354.941,-6.464,4.195
217.7938,-3.000,345.236,355.167,-4.965,4.199
217.8994,-2.000,348.799,355.736,-3.469,4.200
217.9959,-0.000,356.660,350.786,2.937,7.605
218.0917,1.000,357.538,354.183,1.678,4.844
218.1964,1.000,356.929,361.425,-2.248,0.916
218.2936,2.000,361.814,357.979,1.918,3.579
218.4003,4.000,366.642,348.973,8.835,7.488
218.4961,4.000,361.803,356.262,2.771,1.417
218.5904,5.000,364.510,351.437,6.537,3.673
218.6960,6.000,364.948,347.998,8.475,4.100
218.7903,7.000,364.667,344.529,10.069,4.181
218.8923,8.000,364.004,340.805,11.599,4.196
218.9952,8.000,360.251,343.828,8.212,0.794
219.0896,10.000,364.927,330.132,17.398,6.961
219.1966,11.000,361.275,327.916,16.680,4.722
219.2924,12.000,359.281,323.724,17.779,4.299
219.3996,13.000,357.496,319.050,19.223,4.219
219.4950,15.000,358.469,307.186,25.641,7.609
219.5912,16.000,353.507,304.692,24.407,4.845
219.6969,17.000,350.746,299.914,25.416,4.322
219.7931,18.000,348.377,294.676,26.851,4.223
219.8982,19.000,346.061,289.326,28.368,4.204
219.9949,21.000,346.544,276.926,34.809,7.606
220.0896,21.000,338.352,280.989,28.681,1.439
220.1960,22.000,338.277,273.355,32.461,3.678
220.2917,24.000,339.174,260.504,39.335,7.507
220.3975,25.000,333.860,257.458,38.201,4.826
220.4930,26.000,330.749,252.264,39.242,4.318
220.5988,27.000,328.073,246.679,40.697,4.222
220.6940,27.000,322.690,248.041,37.324,0.799
220.7988,28.000,323.191,239.922,41.634,3.557
220.8926,29.000,321.429,234.008,43.711,4.078
220.9985,30.000,319.166,228.548,45.309,4.177
221.0939,31.000,316.802,223.146,46.828,4.196
221.1987,32.000,314.405,217.742,48.331,4.199
221.2945,33.000,311.991,212.327,49.832,4.200
221.3900,34.000,309.563,206.898,51.332,4.200
221.4968,35.000,307.124,201.460,52.832,4.200
221.5926,36.000,304.676,196.012,54.332,4.200
221.6980,37.000,302.220,190.556,55.832,4.200
221.7933,38.000,299.758,185.094,57.332,4.200
221.8898,39.000,297.290,179.625,58.832,4.200
221.9947,40.000,294.817,174.153,60.332,4.200
222.0899,41.000,292.340,168.676,61.832,4.200
222.1957,42.000,289.860,163.195,63.332,4.200
222.2913,44.000,290.182,150.707,69.738,7.605
222.3963,45.000,284.650,147.697,68.477,4.844
222.4922,45.000,278.592,149.495,64.549,0.916
222.5978,47.000,281.649,134.416,73.616,6.984
222.6948,47.000,273.877,137.970,67.954,1.321
222.7904,49.000,276.624,123.238,76.693,7.061
222.8974,49.000,268.805,126.869,70.968,1.336
222.9926,50.000,268.748,119.167,74.790,3.658
223.0899,51.000,266.789,113.330,76.730,4.097
223.1969,52.000,264.459,107.834,78.313,4.181
223.2916,53.000,262.049,102.392,79.829,4.196
223.3976,53.000,256.809,103.957,76.426,0.794
223.4935,54.000,257.409,96.034,80.688,3.556
223.5988,54.000,252.914,97.304,77.805,0.673
223.6947,55.000,253.803,89.474,82.165,3.533
223.7893,56.000,252.295,83.883,84.206,4.074
223.8970,56.000,247.474,85.668,80.903,0.771
223.9919,57.000,248.365,77.998,85.183,3.551
224.0882,57.000,244.104,79.496,82.304,0.672
224.1937,58.000,245.191,71.861,86.665,3.533
224.2896,59.000,243.849,66.437,88.706,4.074
224.3955,60.000,242.233,61.616,90.308,4.176
224.4908,61.000,241.017,57.362,91.828,4.195
224.5971,62.000,240.196,53.533,93.331,4.199
224.6947,63.000,239.721,50.056,94.832,4.200
224.7899,64.000,239.541,46.877,96.332,4.200
224.8943,66.000,244.519,39.043,102.738,7.605
224.9895,67.000,242.044,39.091,101.477,4.844
225.0943,68.000,241.990,37.082,102.454,4.322
225.1905,70.000,247.420,29.898,108.761,7.628
225.2966,72.000,250.300,25.527,112.386,8.254
225.3924,74.000,252.785,21.776,115.505,8.372
225.4898,75.000,250.363,23.120,113.622,4.989
225.5968,78.000,260.576,11.992,124.292,11.160
225.6922,79.000,256.044,15.746,120.149,5.517
225.7987,81.000,261.051,10.077,125.487,7.855
225.8950,82.000,259.307,11.259,124.024,4.891
225.9913,84.000,264.913,5.176,129.868,7.736
226.0978,85.000,263.342,6.340,128.501,4.869
226.1928,86.000,264.127,5.210,129.459,4.327
226.2898,87.000,265.378,3.666,130.856,4.224
226.3948,88.000,266.734,2.060,132.337,4.205
226.4893,89.000,268.124,0.458,133.833,4.201
226.5934,89.000,264.628,3.774,130.427,0.795
226.6880,89.000,263.907,4.342,129.783,0.150
226.7942,89.000,263.720,4.399,129.661,0.028
226.8904,89.000,263.641,4.366,129.638,0.005
226.9963,88.000,258.685,9.229,124.728,-3.404
227.0918,87.000,256.500,11.334,122.583,-4.049
227.1967,87.000,259.749,8.017,125.866,-0.766
227.2892,86.000,255.436,12.272,121.582,-3.550
227.3933,85.000,253.385,14.274,119.555,-4.077
227.4870,84.000,251.764,15.853,117.956,-4.177
227.5901,84.000,255.133,12.449,121.342,-0.790
227.6930,83.000,250.853,16.698,117.077,-3.555
227.7961,82.000,248.817,18.709,115.054,-4.078
227.8887,81.000,247.207,20.297,113.455,-4.177
227.9916,80.000,245.679,21.806,111.937,-4.196
228.0954,79.000,244.168,23.302,110.433,-4.199
228.1885,79.000,247.566,19.890,113.838,-0.794
228.2913,78.000,243.299,24.146,109.577,-3.556
228.3933,77.000,241.272,26.164,107.554,-4.078
228.4963,76.000,239.669,27.758,105.955,-4.177
228.5898,76.000,243.052,24.368,109.342,-0.790
228.6962,75.000,238.784,28.630,105.077,-3.555
228.7926,74.000,236.759,30.650,103.054,-4.078
228.8882,74.000,240.063,27.342,106.361,-0.772
228.9961,73.000,235.781,31.620,102.081,-3.551
229.0905,72.000,233.754,33.644,100.055,-4.077
229.1878,71.000,232.153,35.242,98.455,-4.177
229.2927,71.000,235.539,31.855,101.842,-0.790
229.3876,70.000,231.273,36.118,97.577,-3.555
229.4926,69.000,229.249,38.141,95.554,-4.078
229.5893,68.000,227.650,39.739,93.955,-4.177
229.6957,67.000,226.130,41.257,92.437,-4.196
229.7923,67.000,229.532,37.855,95.838,-0.794
229.8877,66.000,225.269,42.116,91.577,-3.556
229.9954,65.000,223.246,44.138,89.554,-4.078
230.0886,64.000,221.647,45.737,87.955,-4.177
230.1948,64.000,225.034,42.350,91.342,-0.790
230.2904,63.000,220.769,46.614,87.077,-3.555
230.3963,62.000,218.746,48.637,85.054,-4.078
230.4917,61.000,217.147,50.236,83.455,-4.177
230.5870,61.000,221.175,47.491,86.842,-0.790
230.6932,60.000,216.814,51.660,82.577,-3.555
230.7878,59.000,215.051,53.943,80.554,-4.078
230.8939,58.000,214.274,56.363,78.955,-4.177
230.9898,57.000,214.053,59.180,77.437,-4.196
231.0864,56.000,214.253,62.387,75.933,-4.199
231.1950,56.000,220.606,61.930,79.338,-0.794
231.2899,55.000,217.950,67.797,75.077,-3.556
231.3859,54.000,217.892,71.784,73.054,-4.078
231.4909,53.000,218.564,75.653,71.455,-4.177
231.5861,52.000,219.574,79.701,69.937,-4.196
231.6923,51.000,220.821,83.955,68.433,-4.199
231.7874,51.000,228.063,84.388,71.838,-0.794
231.8909,49.000,220.359,95.016,62.671,-6.961
231.9950,49.000,230.246,93.615,68.315,-1.317
232.0889,48.000,229.114,100.159,64.478,-3.655
232.1917,47.000,230.072,105.001,62.535,-4.097
232.2855,46.000,231.554,109.650,60.952,-4.180
232.3905,45.000,233.244,114.372,59.436,-4.196
232.4863,44.000,235.065,119.199,57.933,-4.199
232.5937,43.000,236.991,124.126,56.432,-4.200
232.6895,42.000,239.003,129.138,54.932,-4.200
232.7875,41.000,241.088,134.223,53.432,-4.200
232.8937,40.000,243.235,139.371,51.932,-4.200
232.9895,39.000,245.436,144.571,50.432,-4.200
233.0861,38.000,247.681,149.817,48.932,-4.200
233.1923,37.000,249.965,155.100,47.432,-4.200
233.2882,36.000,252.281,160.416,45.932,-4.200
233.3933,35.000,254.624,165.760,44.432,-4.200
233.4888,34.000,256.991,171.127,42.932,-4.200
233.5948,33.000,259.378,176.514,41.432,-4.200
233.6910,32.000,261.782,181.918,39.932,-4.200
233.7868,31.000,264.200,187.336,38.432,-4.200
233.8926,30.000,266.631,192.767,36.932,-4.200
233.9876,29.000,269.126,198.153,35.487,-4.200
234.0919,28.000,271.629,203.551,34.039,-4.200
234.1869,27.000,274.137,208.957,32.590,-4.200
234.2928,26.000,276.649,214.372,31.138,-4.200
234.3897,26.000,284.973,215.787,34.593,-0.795
234.4949,25.000,283.997,223.240,30.378,-3.556
234.5909,24.000,285.373,228.571,28.401,-4.078
234.6868,23.000,287.267,233.577,26.845,-4.177
234.7939,23.000,295.130,234.579,30.275,-0.790
234.8906,22.000,293.774,241.670,26.052,-3.555
234.9849,21.000,294.828,246.692,24.068,-4.078
235.0901,21.000,302.255,247.428,27.414,-0.772
235.1849,20.000,300.583,254.240,23.172,-3.551
235.2921,19.000,301.376,259.014,21.181,-4.077
235.3876,18.000,302.777,263.546,19.615,-4.177
235.4840,17.000,304.412,268.155,18.129,-4.196
235.5898,16.000,306.192,272.882,16.655,-4.199
235.6861,15.000,308.084,277.720,15.182,-4.200
235.7928,14.000,310.071,282.654,13.709,-4.200
235.8878,13.000,312.137,287.671,12.233,-4.200
235.9849,11.000,308.462,296.766,5.848,-7.605
236.0899,10.000,314.146,299.890,7.128,-4.844
236.1869,8.000,311.721,309.201,1.260,-7.727
236.2934,7.000,318.121,312.855,2.633,-4.867
236.3885,5.000,316.238,322.682,-3.222,-7.732
236.4851,4.000,323.086,326.788,-1.851,-4.868
236.5916,3.000,327.389,332.996,-2.804,-4.326
236.6895,1.000,325.255,343.464,-9.105,-7.629
236.7851,-0.000,332.177,347.825,-7.824,-4.849
236.8910,-2.000,328.390,355.804,-13.707,-7.728
236.9859,-3.000,332.426,357.130,-12.352,-4.867
237.0920,-5.000,326.132,362.583,-18.226,-7.732
237.1877,-6.000,328.026,361.773,-16.873,-4.868
237.2937,-7.000,326.916,362.605,-17.845,-4.326
237.3894,-8.000,324.785,363.299,-19.257,-4.224
237.4849,-9.000,322.077,363.586,-20.755,-4.205
237.5905,-10.000,318.933,363.473,-22.270,-4.201
237.6863,-11.000,315.428,363.008,-23.790,-4.200
237.7841,-11.000,318.626,359.436,-20.405,-0.795
237.8903,-12.000,312.084,361.461,-24.688,-3.556
237.9851,-12.000,314.524,358.180,-21.828,-0.673
238.0912,-13.000,307.683,360.108,-26.212,-3.533
238.1871,-13.000,335.457,366.486,-15.515,-0.379
238.2836,-14.000,348.269,384.943,-18.337,-2.183
238.3925,-14.000,368.811,401.620,-16.405,-0.234
238.4885,-15.000,382.795,421.511,-19.358,-2.168
238.5855,-16.000,398.585,439.754,-20.585,-2.375
238.6915,-17.000,414.625,457.882,-21.628,-2.397
238.7876,-18.000,430.741,476.048,-22.653,-2.400
238.8935,-20.000,441.063,494.705,-26.821,-4.543
238.9900,-21.000,458.385,510.254,-25.934,-2.630
239.0868,-21.000,479.997,527.223,-23.613,-0.282
239.1929,-23.000,463.286,522.637,-29.676,-4.316
239.2890,-23.000,461.059,512.761,-25.851,-0.462
239.3855,-24.000,450.456,507.678,-28.611,-2.192
239.4916,-24.000,447.216,500.583,-26.683,-0.235
239.5861,-24.000,443.004,496.012,-26.504,-0.025
239.6927,-24.000,439.264,492.286,-26.511,-0.003
239.7849,-24.000,436.063,489.140,-26.539,-0.000
239.8877,-24.000,433.336,486.473,-26.569,-0.000
239.9917,-24.000,431.013,484.210,-26.599,-0.000
240.0851,-24.000,429.035,482.292,-26.629,-0.000
240.1877,-24.000,427.348,480.665,-26.659,-0.000
240.2905,-24.000,425.910,479.287,-26.689,-0.000
240.3833,-23.000,427.528,474.676,-23.574,2.143
240.4877,-23.000,425.813,476.846,-25.516,0.230
240.5908,-23.000,425.773,477.273,-25.750,0.025
240.6868,-23.000,425.887,477.489,-25.801,0.003
240.7921,-22.000,428.840,474.216,-22.688,2.143
240.8887,-22.000,428.263,477.520,-24.629,0.230
240.9841,-22.000,429.190,478.912,-24.861,0.025
241.0896,-21.000,432.970,476.503,-21.767,2.145
241.1848,-21.000,433.110,480.528,-23.709,0.230
241.2886,-20.000,437.493,479.085,-20.796,2.167
241.3834,-20.000,438.283,483.795,-22.756,0.232
241.4873,-20.000,440.387,486.365,-22.989,0.025
241.5833,-19.000,445.171,484.954,-19.892,2.146
241.6896,-19.000,446.165,489.827,-21.831,0.230
241.7851,-18.000,451.274,489.106,-18.916,2.167
241.8914,-18.000,452.681,494.428,-20.874,0.232
241.9874,-17.000,458.155,494.074,-17.960,2.168
242.0822,-16.000,462.718,496.262,-16.772,2.375
242.1872,-16.000,464.947,502.773,-18.913,0.254
242.2817,-15.000,471.258,503.290,-16.016,2.170
242.3877,-14.000,476.548,506.204,-14.828,2.375
242.4833,-13.000,482.240,509.885,-13.822,2.397
242.5899,-11.000,491.255,510.637,-9.691,4.543
242.6858,-10.000,497.181,518.414,-10.616,2.630
242.7818,-8.000,507.832,521.209,-6.689,4.567
242.8877,-6.000,518.147,527.124,-4.488,4.775
242.9835,-5.000,526.618,537.849,-5.615,2.654
243.0906,-3.000,539.588,542.995,-1.703,4.570
243.1863,-2.000,549.047,554.334,-2.643,2.633
243.2821,-1.000,559.878,563.583,-1.852,2.425
243.3869,1.000,571.033,566.494,2.270,4.546
243.4825,2.000,576.399,573.686,1.356,2.630
243.5903,3.000,581.334,577.024,2.155,2.425
243.6866,4.000,584.633,578.357,3.138,2.403
243.7822,6.000,586.850,572.278,7.286,4.543
243.8888,6.000,584.159,577.685,3.237,0.487
243.9837,7.000,585.331,573.423,5.954,2.195
244.0875,8.000,584.011,569.717,7.147,2.378
244.1915,10.000,582.149,559.505,11.322,4.541
244.2877,11.000,576.421,555.571,10.425,2.629
244.3842,13.000,572.369,543.611,14.379,4.567
244.4823,14.000,564.946,538.023,13.461,2.632
244.5888,15.000,559.027,530.482,14.273,2.425
244.6838,16.000,553.105,522.564,15.270,2.403
244.7882,18.000,547.486,508.619,19.433,4.543
244.8834,19.000,538.581,501.494,18.544,2.630
244.9890,21.000,531.833,486.817,22.508,4.567
245.0840,22.000,522.119,478.919,21.600,2.632
245.1901,23.000,514.256,469.413,22.421,2.425
245.2834,24.000,506.681,459.823,23.429,2.403
245.3885,25.000,499.216,450.299,24.458,2.400
245.4829,27.000,492.271,435.003,28.634,4.543
245.5887,28.000,482.241,426.728,27.756,2.630
245.6841,29.000,474.092,416.917,28.587,2.425
245.7807,30.000,466.238,407.107,29.565,2.403
245.8868,32.000,458.970,391.558,33.706,4.543
245.9824,33.000,448.660,383.075,32.792,2.630
246.0914,33.000,439.825,378.936,30.444,0.282
246.1864,34.000,434.502,367.831,33.336,2.173
246.2830,35.000,427.523,358.446,34.538,2.376
246.3883,35.000,419.947,355.113,32.417,0.255
246.4825,36.000,415.526,344.861,35.333,2.170
246.5883,37.000,409.296,336.219,36.538,2.375
246.6851,38.000,402.797,327.677,37.560,2.397
246.7905,38.000,395.764,324.925,35.420,0.257
246.8855,39.000,391.819,315.153,38.333,2.170
246.9924,39.000,385.551,312.761,36.395,0.233
247.0869,40.000,382.106,303.445,39.331,2.168
247.1811,40.000,376.247,301.457,37.395,0.232
247.2877,41.000,373.148,292.487,40.330,2.168
247.3831,41.000,367.583,290.793,38.395,0.232
247.4892,42.000,364.733,282.072,41.330,2.168
247.5865,42.000,359.380,280.590,39.395,0.232
247.6826,42.000,356.268,277.893,39.188,0.025
247.7898,43.000,354.220,269.603,42.308,2.146
247.8856,43.000,349.411,268.625,40.393,0.230
247.9807,43.000,346.746,266.371,40.187,0.025
248.0860,43.000,344.633,264.302,40.165,0.003
248.1826,43.000,342.854,262.527,40.163,0.000
248.2864,43.000,341.343,261.017,40.163,0.000
248.3801,43.000,340.059,259.733,40.163,0.000
248.4851,43.000,338.967,258.642,40.163,0.000
248.5801,43.000,338.040,257.714,40.163,0.000
248.6852,43.000,337.251,256.926,40.163,0.000
248.7799,43.000,336.581,256.256,40.163,0.000
248.8848,43.000,336.011,255.686,40.163,0.000
248.9899,43.000,335.527,255.202,40.163,0.000
249.0838,43.000,335.115,254.790,40.163,0.000
249.1894,43.000,334.766,254.440,40.163,0.000
249.2835,43.000,334.468,254.143,40.163,0.000
249.3874,42.000,330.773,256.733,37.020,-2.143
249.4816,42.000,333.716,255.850,38.933,-0.230
249.5864,41.000,331.354,259.363,35.995,-2.167
249.6804,41.000,335.278,259.417,37.931,-0.232
249.7847,41.000,337.176,260.901,38.138,-0.025
249.8794,40.000,335.193,265.159,35.017,-2.146
249.9854,40.000,339.575,265.710,36.933,-0.230
250.0809,39.000,338.434,270.444,33.995,-2.167
250.1872,39.000,343.397,271.536,35.931,-0.232
250.2825,38.000,342.734,276.744,32.995,-2.168
250.3791,38.000,348.102,278.241,34.930,-0.232
250.4860,37.000,347.784,283.794,31.995,-2.168
250.5829,37.000,353.444,285.583,33.930,-0.232
250.6885,36.000,353.375,291.385,30.995,-2.168
250.7832,36.000,359.246,293.385,32.930,-0.232
250.8788,35.000,359.356,299.366,29.995,-2.168
250.9848,35.000,365.381,301.520,31.930,-0.232
251.0792,34.000,365.621,307.631,28.995,-2.168
251.1846,34.000,371.755,309.894,30.930,-0.232
251.2794,33.000,372.089,316.099,27.995,-2.168
251.3845,33.000,378.304,318.443,29.930,-0.232
251.4797,33.000,382.148,321.872,30.138,-0.025
251.5843,32.000,381.819,327.785,27.017,-2.146
251.6793,31.000,384.165,332.585,25.790,-2.373
251.7853,31.000,390.820,335.003,27.909,-0.254
251.8829,30.000,391.460,341.475,24.993,-2.170
251.9793,30.000,397.921,344.060,26.930,-0.233
252.0866,29.000,398.566,350.504,24.031,-2.168
252.1826,28.000,401.607,355.889,22.859,-2.375
252.2894,28.000,408.843,358.814,25.015,-0.254
252.3844,27.000,409.980,365.715,22.133,-2.170
252.4807,27.000,416.867,368.659,24.104,-0.233
252.5859,26.000,417.843,375.441,21.201,-2.168
252.6822,26.000,424.608,378.269,23.169,-0.232
252.7877,25.000,425.481,384.951,20.265,-2.168
252.8834,25.000,432.158,387.695,22.232,-0.232
252.9794,24.000,432.957,394.304,19.326,-2.168
253.0865,23.000,436.127,399.831,18.148,-2.375
253.1805,23.000,443.472,402.878,20.297,-0.254
253.2858,23.000,448.145,407.039,20.553,-0.027
253.3807,22.000,448.508,413.584,17.462,-2.146
253.4864,22.000,454.888,416.077,19.405,-0.230
253.5816,21.000,455.447,422.459,16.494,-2.167
253.6847,21.000,461.859,424.948,18.456,-0.232
253.7875,21.000,465.875,428.497,18.689,-0.025
253.8801,21.000,469.138,431.663,18.738,-0.003
253.9831,20.000,468.456,437.212,15.622,-2.143
254.0865,20.000,473.962,438.841,17.561,-0.230
254.1792,20.000,477.225,441.644,17.791,-0.025
254.2829,19.000,476.406,447.019,14.694,-2.145
254.3878,19.000,481.781,448.516,16.633,-0.230
254.4816,18.000,481.487,454.052,13.718,-2.167
254.5863,17.000,483.728,458.666,12.531,-2.375
254.6817,17.000,490.284,460.937,14.673,-0.254
254.7793,16.000,490.840,467.284,11.778,-2.170
254.8851,15.000,493.787,472.605,10.591,-2.375
254.9819,15.000,500.940,475.479,12.731,-0.255
255.0863,14.000,502.004,482.338,9.833,-2.170
255.1821,14.000,508.826,485.251,11.788,-0.233
255.2869,13.000,509.744,492.007,8.869,-2.168
255.3808,13.000,516.458,494.817,10.820,-0.232
255.4857,12.000,517.285,501.485,7.900,-2.168
255.5794,11.000,520.477,507.064,6.706,-2.375
255.6836,11.000,527.838,510.157,8.841,-0.254
255.7796,10.000,529.079,517.203,5.938,-2.170
255.8848,10.000,536.051,520.275,7.888,-0.233
255.9814,9.000,537.095,527.168,4.964,-2.168
256.0772,9.000,543.915,530.094,6.910,-0.232
256.1822,9.000,548.276,534.018,7.129,-0.025
256.2770,9.000,551.831,537.506,7.163,-0.003
256.3837,8.000,551.393,543.329,4.032,-2.143
256.4782,8.000,557.106,545.194,5.956,-0.230
256.5869,7.000,557.097,551.044,3.027,-2.167
256.6844,7.000,563.023,553.082,4.971,-0.232
256.7809,6.000,563.181,559.096,2.043,-2.168
256.8860,6.000,569.246,561.275,3.985,-0.232
256.9832,5.000,569.521,567.408,1.056,-2.168
257.0791,4.000,572.242,572.534,-0.146,-2.375
257.1838,4.000,579.202,575.243,1.980,-0.254
257.2793,3.000,580.100,581.965,-0.932,-2.170
257.3866,3.000,586.779,584.762,1.009,-0.233
257.4817,3.000,591.018,588.578,1.220,-0.025
257.5766,3.000,594.468,591.975,1.246,-0.003
257.6794,3.000,597.384,594.879,1.252,-0.000
257.7824,3.000,599.861,597.348,1.256,-0.000
257.8771,4.000,602.411,593.603,4.404,2.143
257.9831,5.000,601.939,590.659,5.640,2.372
258.0793,5.000,599.875,592.819,3.528,0.254
258.1860,6.000,600.140,587.237,6.452,2.170
258.2817,7.000,597.894,582.562,7.666,2.375
258.3780,8.000,594.784,577.389,8.698,2.397
258.4859,9.000,591.078,571.656,9.711,2.400
258.5810,10.000,586.879,565.431,10.724,2.400
258.6865,11.000,582.262,558.787,11.738,2.400
258.7822,12.000,577.292,551.786,12.753,2.400
258.8790,13.000,572.020,544.482,13.769,2.400
258.9836,13.000,566.049,542.764,11.642,0.257
259.0776,14.000,563.012,533.865,14.573,2.170
259.1841,15.000,557.963,526.369,15.797,2.375
259.2799,15.000,552.029,524.639,13.695,0.255
259.3760,16.000,549.007,515.747,16.630,2.170
259.4826,17.000,543.970,508.257,17.857,2.375
259.5788,18.000,538.491,500.688,18.901,2.397
259.6856,19.000,532.772,492.917,19.927,2.400
259.7800,20.000,526.863,484.958,20.953,2.400
259.8757,20.000,520.352,482.682,18.835,0.257
259.9829,21.000,516.857,473.308,21.774,2.170
260.0783,22.000,511.420,465.406,23.007,2.375
260.1857,22.000,505.158,463.331,20.914,0.255
260.2844,23.000,501.859,454.143,23.858,2.170
260.3783,23.000,496.143,452.245,21.949,0.233
260.4836,24.000,493.172,443.343,24.914,2.168
260.5797,25.000,488.165,435.859,26.153,2.375
260.6850,25.000,482.267,434.140,24.063,0.254
260.7796,25.000,478.833,431.098,23.868,0.027
260.8752,26.000,476.533,422.495,27.019,2.146
260.9813,26.000,471.515,421.245,25.135,0.230
261.0772,27.000,469.122,412.910,28.106,2.167
261.1829,27.000,464.162,411.752,26.205,0.232
261.2815,27.000,461.388,409.325,26.031,0.025
261.3774,27.000,459.189,407.103,26.043,0.003
261.4844,27.000,457.341,405.193,26.074,0.000
261.5792,27.000,455.778,403.562,26.108,0.000
261.6817,27.000,454.454,402.171,26.142,0.000
261.7848,27.000,453.334,400.983,26.175,0.000
261.8775,27.000,452.387,399.969,26.209,0.000
261.9805,27.000,451.587,399.102,26.243,0.000
262.0751,27.000,450.912,398.359,26.277,0.000
262.1789,26.000,446.900,400.567,23.166,-2.143
262.2752,26.000,449.578,399.355,25.112,-0.230
262.3812,26.000,450.439,399.740,25.349,-0.025
262.4758,26.000,451.023,400.215,25.404,-0.003
262.5812,26.000,451.508,400.631,25.439,-0.000
262.6762,26.000,451.923,400.980,25.471,-0.000
262.7822,25.000,448.837,404.117,22.360,-2.143
262.8767,25.000,452.303,403.694,24.304,-0.230
262.9851,25.000,453.833,404.751,24.541,-0.025
263.0807,25.000,454.985,405.797,24.594,-0.003
263.1764,25.000,455.953,406.698,24.627,-0.000
263.2823,25.000,456.779,407.461,24.659,-0.000
263.3788,25.000,457.485,408.105,24.690,-0.000
263.4755,25.000,458.090,408.647,24.721,-0.000
263.5843,25.000,458.609,409.104,24.753,-0.000
263.6805,24.000,455.611,412.331,21.640,-2.143
263.7764,24.000,459.152,411.985,23.583,-0.230
263.8825,24.000,460.744,413.108,23.818,-0.025
263.9791,24.000,461.950,414.210,23.870,-0.003
264.0878,24.000,462.964,415.159,23.902,-0.000
264.1831,24.000,463.828,415.962,23.933,-0.000
264.2783,24.000,464.567,416.641,23.963,-0.000
264.3841,24.000,465.199,417.214,23.993,-0.000
264.4800,24.000,465.741,417.696,24.023,-0.000
264.5749,24.000,466.206,418.101,24.053,-0.000
