time_s,error_mm,left_rpm,right_rpm,pid_output,d_term,target_speed_ms
0.0002,21.000,686.659,-656.976,671.817,617.217,0.320
0.0577,21.000,210.732,-153.193,181.962,127.362,0.320
0.1546,21.000,122.802,-38.960,80.881,26.281,0.320
0.2535,20.000,101.106,7.720,46.693,-5.307,0.320
0.3614,20.000,117.250,15.440,50.905,-1.095,0.320
0.4598,20.000,129.573,26.025,51.774,-0.226,0.320
0.5576,20.000,140.802,36.895,51.953,-0.047,0.320
0.6553,19.000,138.313,60.795,38.759,-10.740,0.320
0.7539,19.000,159.036,64.273,47.381,-2.216,0.320
0.8613,18.000,159.152,87.344,35.904,-11.187,0.320
0.9599,18.000,181.866,92.113,44.876,-2.309,0.320
1.0577,17.000,183.444,116.511,33.467,-11.207,0.320
1.1569,17.000,207.353,122.455,42.449,-2.312,0.320
1.2539,17.000,224.352,135.606,44.373,-0.477,0.320
1.3628,16.000,225.605,162.596,31.505,-10.829,0.320
1.4595,16.000,250.173,169.809,40.182,-2.234,0.320
1.5590,16.000,267.923,183.846,42.039,-0.461,0.320
1.6560,16.000,284.270,199.295,42.488,-0.095,0.320
1.7538,16.000,300.329,215.036,42.646,-0.020,0.320
1.8615,15.000,301.914,243.095,29.410,-10.734,0.320
1.9583,14.000,312.583,263.239,24.672,-12.945,0.320
2.0545,13.000,325.497,282.131,21.683,-13.401,0.320
2.1551,13.000,353.605,288.832,32.387,-2.765,0.320
2.2629,11.000,344.218,328.261,7.978,-22.031,0.320
2.3604,10.000,365.500,341.130,12.185,-15.276,0.320
2.4591,9.000,381.662,359.611,11.026,-13.882,0.320
2.5567,7.000,382.506,391.667,-4.581,-24.325,0.320
2.6565,6.000,406.803,403.951,1.426,-15.750,0.320
2.7538,4.000,409.937,435.365,-12.714,-24.710,0.320
2.8626,2.000,420.809,460.314,-19.752,-26.559,0.320
2.9602,1.000,448.094,472.091,-11.999,-16.211,0.320
3.0589,-1.000,451.783,503.380,-25.799,-24.805,0.320
3.1565,-2.000,476.462,515.366,-19.452,-15.849,0.320
3.2542,-4.000,477.989,545.099,-33.555,-24.731,0.320
3.3543,-6.000,485.758,566.996,-40.619,-26.563,0.320
3.4631,-7.000,509.549,575.356,-32.904,-16.212,0.320
3.5602,-9.000,509.420,602.908,-46.744,-24.806,0.320
3.6572,-10.000,530.846,611.725,-40.440,-15.849,0.320
3.7547,-12.000,529.603,638.771,-54.584,-24.731,0.320
3.8624,-13.000,550.266,646.974,-48.354,-15.833,0.320
3.9612,-14.000,563.665,662.047,-49.191,-13.997,0.320
4.0590,-15.000,575.433,678.413,-51.490,-13.619,0.320
4.1573,-16.000,586.753,694.943,-54.095,-13.540,0.320
4.2547,-18.000,582.629,722.834,-70.103,-24.254,0.320
4.3626,-19.000,602.017,730.582,-64.282,-15.735,0.320
4.4616,-20.000,614.675,744.924,-65.124,-13.977,0.320
4.5587,-21.000,625.881,760.604,-67.362,-13.614,0.320
4.6572,-21.000,651.999,765.112,-56.557,-2.809,0.320
4.7552,-23.000,639.132,801.107,-80.987,-22.040,0.320
4.8533,-24.000,656.591,810.241,-76.825,-15.278,0.320
4.9524,-24.000,683.906,813.305,-64.700,-3.153,0.320
5.0605,-25.000,686.456,837.512,-75.528,-11.381,0.320
5.1592,-26.000,695.497,855.148,-79.826,-13.079,0.320
5.2565,-27.000,705.852,871.404,-82.776,-13.429,0.320
5.3556,-27.000,731.707,875.943,-72.118,-2.771,0.320
5.4632,-28.000,733.961,900.459,-83.249,-11.302,0.320
5.5610,-28.000,758.195,906.753,-74.279,-2.332,0.320
5.6593,-29.000,760.157,931.675,-85.759,-11.211,0.320
5.7561,-29.000,784.368,938.090,-76.861,-2.313,0.320
5.8614,-30.000,786.358,963.067,-88.355,-11.208,0.320
5.9572,-30.000,810.601,969.521,-79.460,-2.313,0.320
6.0527,-30.000,827.870,983.118,-77.624,-0.477,0.320
6.1604,-30.000,843.754,998.245,-77.246,-0.098,0.320
6.2557,-30.000,859.399,1013.734,-77.168,-0.020,0.320
6.3534,-30.000,859.119,1013.422,-77.151,-0.004,0.320
6.4625,-31.000,843.621,1024.577,-90.478,-10.731,0.320
6.5601,-31.000,851.791,1015.714,-81.962,-2.214,0.320
6.6569,-30.000,865.505,999.253,-66.874,10.273,0.320
6.7554,-30.000,857.684,1007.738,-75.027,2.120,0.320
6.8537,-30.000,856.283,1009.703,-76.710,0.437,0.320
6.9625,-30.000,856.176,1010.290,-77.057,0.090,0.320
7.0607,-29.000,868.559,996.155,-63.798,10.749,0.320
7.1577,-29.000,860.783,1005.441,-72.329,2.218,0.320
7.2558,-28.000,871.915,993.434,-60.759,11.188,0.320
7.3527,-27.000,876.414,989.030,-56.308,13.039,0.320
7.4613,-27.000,867.606,1000.919,-66.657,2.691,0.320
7.5584,-26.000,879.030,989.954,-55.462,11.285,0.320
7.6570,-26.000,871.769,1000.606,-64.418,2.329,0.320
7.7548,-25.000,883.611,989.484,-52.937,11.211,0.320
7.8638,-24.000,888.771,985.778,-48.504,13.043,0.320
7.9619,-23.000,892.787,983.838,-45.526,13.422,0.320
8.0614,-23.000,884.517,996.872,-56.178,2.770,0.320
8.1582,-22.000,896.594,986.685,-45.046,11.302,0.320
8.2547,-21.000,902.177,983.547,-40.685,13.062,0.320
8.3529,-20.000,906.600,982.043,-37.722,13.426,0.320
8.4606,-19.000,910.837,981.128,-35.145,13.501,0.320
8.5589,-19.000,902.935,994.853,-45.959,2.786,0.320
8.6555,-18.000,915.355,985.222,-34.933,11.305,0.320
8.7541,-17.000,921.230,982.558,-30.664,13.063,0.320
8.8522,-16.000,888.190,991.177,-31.891,9.319,0.180
8.9605,-16.000,853.132,1003.702,-39.331,1.962,0.180
9.0578,-15.000,833.923,996.583,-31.790,6.981,0.180
9.1548,-15.000,805.019,1001.334,-37.379,1.470,0.180
9.2539,-15.000,781.887,999.161,-38.618,0.309,0.180
9.3616,-14.000,768.853,983.512,-29.766,6.634,0.180
9.4587,-14.000,744.364,981.844,-35.076,1.397,0.180
9.5548,-13.000,732.784,964.017,-27.078,6.862,0.180
9.6537,-13.000,710.081,959.950,-32.563,1.445,0.180
9.7526,-13.000,692.162,950.339,-33.771,0.304,0.180
9.8620,-12.000,683.547,928.379,-24.906,6.632,0.180
9.9614,-11.000,670.787,910.976,-21.030,7.965,0.180
10.0581,-11.000,649.726,904.623,-27.376,1.677,0.180
10.1569,-10.000,641.734,882.139,-19.583,6.921,0.180
10.2536,-10.000,622.225,873.969,-25.099,1.457,0.180
10.3517,-9.000,615.026,850.466,-17.128,6.875,0.180
10.4589,-9.000,596.081,841.540,-22.603,1.447,0.180
10.5571,-9.000,581.365,827.790,-23.792,0.305,0.180
10.6543,-10.000,556.530,820.055,-33.253,-6.504,0.180
10.7625,-9.000,555.943,788.783,-18.996,5.199,0.180
10.8610,-10.000,527.624,784.646,-32.321,-5.474,0.180
10.9594,-11.000,507.600,771.709,-37.226,-7.721,0.180
11.0583,-12.000,489.235,756.681,-40.361,-8.194,0.180
11.1544,-13.000,471.148,741.011,-43.128,-8.293,0.180
11.2526,-14.000,453.055,725.035,-45.822,-8.314,0.180
11.3514,-15.000,434.908,708.849,-48.504,-8.319,0.180
11.4604,-16.000,416.702,692.497,-51.189,-8.320,0.180
11.5579,-16.000,409.418,668.633,-44.704,-1.752,0.180
11.6554,-17.000,401.568,673.462,-52.578,-6.937,0.180
11.7543,-18.000,397.503,674.360,-56.363,-8.029,0.180
11.8544,-19.000,394.037,674.534,-59.292,-8.259,0.180
11.9535,-19.000,401.502,667.272,-52.870,-1.739,0.180
12.0519,-20.000,392.792,672.552,-60.666,-6.934,0.180
12.1604,-21.000,388.022,673.808,-64.360,-8.028,0.180
12.2592,-21.000,394.945,666.898,-58.022,-1.690,0.180
12.3578,-22.000,385.809,672.446,-65.856,-6.924,0.180
12.4555,-22.000,391.668,666.536,-60.389,-1.458,0.180
12.5524,-23.000,382.184,672.376,-68.407,-6.875,0.180
12.6509,-23.000,387.866,666.598,-62.979,-1.447,0.180
12.7594,-23.000,389.224,665.158,-61.836,-0.305,0.180
12.8553,-23.000,389.648,664.664,-61.596,-0.064,0.180
12.9544,-24.000,378.886,671.767,-70.714,-6.582,0.180
13.0527,-24.000,384.185,666.357,-65.517,-1.386,0.180
13.1593,-24.000,385.366,665.083,-64.423,-0.292,0.180
13.2564,-25.000,374.702,672.067,-73.361,-6.630,0.180
13.3538,-25.000,379.969,666.672,-68.127,-1.396,0.180
13.4605,-25.000,381.099,665.434,-67.025,-0.294,0.180
13.5558,-24.000,389.323,654.717,-57.625,6.507,0.180
13.6543,-25.000,373.718,667.603,-71.930,-5.199,0.180
13.7536,-24.000,386.186,653.425,-58.658,5.474,0.180
13.8566,-24.000,382.680,658.476,-62.979,1.152,0.180
13.9566,-23.000,390.432,649.638,-54.721,6.811,0.180
14.0553,-23.000,386.125,656.023,-60.098,1.434,0.180
14.1526,-23.000,385.902,658.011,-61.230,0.302,0.180
14.2516,-22.000,394.404,648.609,-52.300,6.632,0.180
14.3594,-22.000,390.305,654.943,-57.535,1.396,0.180
14.4588,-22.000,390.169,656.980,-58.638,0.294,0.180
14.5562,-21.000,398.727,647.637,-49.701,6.630,0.180
14.6536,-20.000,402.639,643.658,-45.767,7.964,0.180
14.7608,-19.000,405.703,641.137,-42.985,8.245,0.180
14.8595,-19.000,400.834,649.468,-49.593,1.736,0.180
14.9553,-18.000,408.817,642.027,-41.889,6.934,0.180
15.0526,-17.000,412.959,638.946,-38.283,8.028,0.180
15.1599,-16.000,416.462,636.944,-35.536,8.259,0.180
15.2577,-15.000,419.976,635.307,-32.965,8.307,0.180
15.3555,-14.000,423.614,633.864,-30.428,8.317,0.180
15.4550,-12.000,435.358,622.185,-18.720,14.888,0.180
15.5559,-11.000,434.547,626.653,-21.362,9.703,0.180
15.6526,-10.000,437.859,627.048,-19.906,8.611,0.180
15.7515,-9.000,442.060,626.598,-17.582,8.381,0.180
15.8595,-7.000,454.440,615.607,-5.899,14.901,0.180
15.9571,-6.000,454.205,620.623,-8.526,9.706,0.180
16.0537,-5.000,458.018,621.473,-7.046,8.612,0.180
16.1538,-3.000,470.623,611.032,4.477,14.950,0.180
16.2526,-2.000,470.699,616.395,1.833,9.716,0.180
16.3509,-1.000,474.804,617.513,3.325,8.614,0.180
16.4575,-0.000,479.693,617.664,5.693,8.382,0.180
16.5574,2.000,491.465,605.976,17.423,14.901,0.180
16.6546,2.000,482.748,620.765,5.670,3.137,0.180
16.7546,3.000,490.236,614.837,12.377,7.229,0.180
16.8608,4.000,494.081,611.718,15.859,8.090,0.180
16.9571,4.000,489.524,619.893,9.493,1.703,0.180
17.0547,4.000,489.738,622.754,8.169,0.359,0.180
17.1515,4.000,490.783,624.323,7.907,0.075,0.180
17.2615,4.000,491.855,625.472,7.868,0.016,0.180
17.3597,4.000,492.808,626.408,7.876,0.003,0.180
17.4579,3.000,483.255,635.166,-1.279,-6.568,0.180
17.5553,3.000,489.618,631.127,3.921,-1.383,0.180
17.6521,2.000,481.339,638.982,-4.145,-6.860,0.180
17.7503,2.000,488.085,634.875,1.281,-1.444,0.180
17.8530,1.000,479.983,642.820,-6.742,-6.872,0.180
17.9531,-0.000,476.474,646.796,-10.485,-8.015,0.180
18.0507,-1.000,473.527,649.541,-13.331,-8.256,0.180
18.1591,-1.000,481.453,644.442,-6.818,-1.738,0.180
18.2569,-1.000,484.022,644.276,-5.452,-0.366,0.180
18.3532,-1.000,485.327,645.014,-5.168,-0.077,0.180
18.4506,-1.000,486.251,645.827,-5.112,-0.016,0.180
18.5604,-0.000,494.970,636.183,4.069,6.565,0.180
18.6590,-0.000,490.894,642.473,-1.114,1.382,0.180
18.7579,-0.000,490.744,644.506,-2.205,0.291,0.180
18.8569,-0.000,491.315,645.535,-2.435,0.061,0.180
18.9566,-0.000,491.946,646.264,-2.483,0.013,0.180
19.0546,1.000,499.888,635.878,6.680,6.571,0.180
19.1543,1.000,495.166,641.522,1.498,1.383,0.180
19.2544,1.000,494.472,643.001,0.411,0.291,0.180
19.3524,-0.000,484.207,651.533,-8.988,-6.507,0.180
19.4603,-0.000,490.107,647.159,-3.850,-1.370,0.180
19.5570,-0.000,491.837,646.726,-2.769,-0.288,0.180
19.6564,-1.000,481.643,654.424,-11.715,-6.629,0.180
19.7551,-1.000,487.310,649.634,-6.486,-1.396,0.180
19.8544,-1.000,488.780,648.910,-5.390,-0.294,0.180
19.9525,-2.000,478.350,656.374,-14.337,-6.630,0.180
20.0499,-2.000,483.813,651.390,-9.113,-1.396,0.180
20.1599,-2.000,485.108,650.502,-8.021,-0.294,0.180
20.2598,-3.000,474.529,657.827,-16.973,-6.630,0.180
20.3575,-3.000,479.865,652.725,-11.754,-1.396,0.180
20.4549,-3.000,481.051,651.738,-10.668,-0.294,0.180
20.5525,-4.000,470.378,658.980,-19.625,-6.630,0.180
20.6539,-4.000,475.634,653.808,-14.411,-1.396,0.180
20.7555,-5.000,465.777,660.136,-22.504,-6.862,0.180
20.8528,-5.000,471.169,654.745,-17.112,-1.445,0.180
20.9498,-5.000,472.284,653.630,-15.998,-0.304,0.180
21.0492,-6.000,461.524,660.790,-24.957,-6.632,0.180
21.1582,-6.000,466.699,655.555,-19.752,-1.396,0.180
21.2569,-6.000,467.745,654.459,-18.681,-0.294,0.180
21.3538,-7.000,456.951,661.610,-27.654,-6.630,0.180
21.4512,-7.000,462.101,656.364,-22.456,-1.396,0.180
21.5605,-8.000,452.152,662.630,-30.564,-6.862,0.180
21.6573,-9.000,446.489,664.563,-34.362,-8.013,0.180
21.7559,-9.000,452.683,658.199,-28.082,-1.687,0.180
21.8525,-10.000,442.922,664.215,-35.971,-6.924,0.180
21.9502,-11.000,437.271,666.083,-39.730,-8.026,0.180
22.0568,-12.000,432.469,667.070,-42.625,-8.258,0.180
22.1553,-12.000,438.804,660.491,-36.168,-1.739,0.180
22.2519,-13.000,429.037,666.451,-44.031,-6.934,0.180
22.3493,-14.000,423.353,668.300,-47.798,-8.028,0.180
22.4572,-14.000,429.488,661.904,-41.533,-1.690,0.180
22.5582,-14.000,430.639,660.532,-40.271,-0.356,0.180
22.6559,-15.000,419.779,667.603,-49.237,-6.643,0.180
22.7547,-15.000,424.836,662.327,-44.070,-1.399,0.180
22.8522,-15.000,425.769,661.207,-43.044,-0.294,0.180
22.9497,-15.000,425.844,660.973,-42.889,-0.062,0.180
23.0601,-16.000,414.774,668.308,-52.092,-6.581,0.180
23.1558,-16.000,419.799,663.108,-46.979,-1.386,0.180
23.2522,-17.000,409.762,669.397,-55.142,-6.860,0.180
23.3600,-17.000,414.996,663.976,-49.815,-1.444,0.180
23.4575,-17.000,415.969,662.845,-48.763,-0.304,0.180
23.5551,-17.000,416.053,662.626,-48.611,-0.064,0.180
23.6540,-17.000,415.958,662.607,-48.649,-0.013,0.180
23.7510,-17.000,415.831,662.636,-48.727,-0.003,0.180
23.8588,-17.000,415.704,662.681,-48.813,-0.001,0.180
23.9550,-17.000,415.581,662.734,-48.901,-0.000,0.180
24.0539,-17.000,415.463,662.792,-48.989,-0.000,0.180
24.1522,-17.000,415.349,662.855,-49.078,-0.000,0.180
24.2497,-17.000,415.239,662.922,-49.166,-0.000,0.180
24.3556,-17.000,415.132,662.992,-49.254,-0.000,0.180
24.4535,-16.000,423.002,652.691,-40.169,6.568,0.180
24.5517,-16.000,418.200,658.427,-45.438,1.383,0.180
24.6490,-15.000,425.395,649.625,-37.439,6.860,0.180
24.7571,-15.000,420.719,655.936,-42.933,1.444,0.180
24.8534,-15.000,420.196,657.848,-44.151,0.304,0.180
24.9510,-14.000,428.442,648.383,-35.295,6.632,0.180
25.0583,-14.000,424.115,654.674,-40.604,1.396,0.180
25.1571,-13.000,431.748,646.310,-32.606,6.862,0.180
25.2552,-13.000,427.452,652.985,-38.091,1.445,0.180
25.3520,-13.000,427.255,655.204,-39.299,0.304,0.180
25.4513,-13.000,427.806,656.371,-39.607,0.064,0.180
25.5493,-12.000,436.392,646.846,-30.551,6.582,0.180
25.6578,-12.000,432.234,653.205,-35.810,1.386,0.180
25.7548,-12.000,432.014,655.298,-36.966,0.292,0.180
25.8551,-11.000,440.490,646.012,-28.085,6.630,0.180
25.9527,-11.000,436.355,652.459,-33.377,1.396,0.180
26.0507,-11.000,436.179,654.601,-34.536,0.294,0.180
26.1575,-11.000,436.725,655.726,-34.825,0.062,0.180
26.2575,-10.000,445.302,646.168,-25.757,6.581,0.180
26.3552,-9.000,449.111,642.126,-21.832,7.954,0.180
26.4522,-9.000,444.186,649.853,-28.158,1.675,0.180
26.5491,-8.000,451.982,642.039,-20.353,6.921,0.180
26.6571,-7.000,455.942,638.663,-16.685,8.025,0.180
26.7540,-6.000,459.292,636.410,-13.884,8.258,0.180
26.8513,-6.000,454.707,644.927,-20.434,1.739,0.180
26.9504,-5.000,462.948,637.628,-12.664,6.934,0.180
27.0588,-4.000,467.322,634.656,-8.991,8.028,0.180
27.1553,-4.000,463.058,643.110,-15.350,1.690,0.180
27.2529,-3.000,471.458,635.873,-7.532,6.924,0.180
27.3513,-3.000,467.970,643.349,-13.014,1.458,0.180
27.4481,-2.000,476.472,635.836,-5.007,6.875,0.180
27.5562,-1.000,480.928,632.822,-1.271,8.016,0.180
27.6527,-1.000,476.707,641.268,-7.605,1.688,0.180
27.7508,-0.000,485.139,634.027,0.231,6.924,0.180
27.8586,-0.000,481.679,641.500,-5.235,1.458,0.180
27.9555,1.000,489.607,633.382,2.788,6.875,0.180
28.0535,2.000,492.978,629.251,6.539,8.016,0.180
28.1495,2.000,487.836,636.745,0.221,1.688,0.180
28.2565,3.000,494.888,628.094,8.073,6.924,0.180
28.3531,3.000,490.258,634.364,2.622,1.458,0.180
28.4512,4.000,497.193,625.223,10.661,6.875,0.180
28.5488,4.000,492.349,631.192,5.254,1.447,0.180
28.6570,5.000,499.079,621.819,13.306,6.873,0.180
28.7543,6.000,501.429,616.622,17.079,8.015,0.180
28.8539,6.000,495.422,623.208,10.782,1.687,0.180
28.9517,7.000,501.741,613.782,18.655,6.924,0.180
29.0483,7.000,496.491,619.391,13.225,1.458,0.180
29.1565,8.000,502.903,609.685,21.284,6.875,0.180
29.2530,8.000,497.616,615.171,15.898,1.447,0.180
29.3504,8.000,496.600,616.357,14.797,0.305,0.180
29.4482,8.000,496.473,616.628,14.598,0.064,0.180
29.5568,8.000,496.525,616.698,14.589,0.014,0.180
29.6523,8.000,496.608,616.719,14.620,0.003,0.180
29.7534,8.000,496.691,616.724,14.659,0.001,0.180
29.8508,9.000,504.144,605.747,23.874,6.569,0.180
29.9497,8.000,488.633,618.861,9.562,-5.186,0.180
30.0488,9.000,500.624,604.234,22.871,5.477,0.180
30.1578,9.000,496.726,608.890,18.594,1.153,0.180
30.2556,10.000,503.559,599.102,26.904,6.811,0.180
30.3523,11.000,505.852,593.698,30.752,8.002,0.180
30.4513,11.000,499.769,600.136,24.492,1.685,0.180
30.5475,11.000,498.647,601.560,23.219,0.355,0.180
30.6570,12.000,505.926,590.937,32.170,6.643,0.180
30.7558,11.000,490.449,604.172,17.814,-5.170,0.180
30.8558,11.000,495.135,600.580,21.953,-1.088,0.180
30.9545,10.000,486.143,608.103,13.696,-6.798,0.180
31.0519,10.000,492.437,603.560,19.114,-1.431,0.180
31.1514,8.000,473.615,619.069,1.949,-13.438,0.180
31.2526,7.000,475.485,617.984,3.426,-9.397,0.180
31.3506,6.000,474.400,620.336,1.708,-8.547,0.180
31.4474,6.000,483.217,615.596,8.486,-1.799,0.180
31.5558,5.000,476.028,623.851,0.764,-6.947,0.180
31.6550,4.000,473.118,628.266,-2.899,-8.031,0.180
31.7531,3.000,471.245,632.019,-5.711,-8.259,0.180
31.8510,3.000,480.080,627.782,0.825,-1.739,0.180
31.9491,2.000,473.049,636.321,-6.960,-6.934,0.180
32.0568,2.000,480.675,632.977,-1.475,-1.460,0.180
32.1549,2.000,483.658,633.634,-0.313,-0.307,0.180
32.2505,2.000,485.458,634.928,-0.060,-0.065,0.180
32.3491,1.000,476.460,644.155,-9.172,-6.582,0.180
32.4474,1.000,483.260,640.551,-3.970,-1.386,0.180
32.5478,1.000,485.717,640.810,-2.871,-0.292,0.180
32.6562,1.000,487.106,641.728,-2.635,-0.061,0.180
32.7539,1.000,488.141,642.656,-2.582,-0.013,0.180
32.8526,1.000,488.991,643.474,-2.566,-0.003,0.180
32.9506,1.000,489.707,644.176,-2.559,-0.001,0.180
33.0496,1.000,490.315,644.773,-2.553,-0.000,0.180
33.1483,1.000,490.832,645.280,-2.548,-0.000,0.180
33.2471,1.000,491.273,645.710,-2.543,-0.000,0.180
33.3542,1.000,491.648,646.075,-2.538,-0.000,0.180
33.4521,1.000,491.968,646.384,-2.532,-0.000,0.180
33.5483,1.000,492.241,646.646,-2.527,-0.000,0.180
33.6552,1.000,492.473,646.868,-2.522,-0.000,0.180
33.7552,1.000,492.671,647.056,-2.517,-0.000,0.180
33.8543,-0.000,482.467,655.189,-11.685,-6.568,0.180
33.9543,-0.000,488.272,650.623,-6.500,-1.383,0.180
34.0523,-1.000,478.917,657.431,-14.582,-6.860,0.180
34.1474,-1.000,484.745,652.439,-9.171,-1.444,0.180
34.2561,-2.000,475.261,659.032,-17.210,-6.872,0.180
34.3539,-3.000,469.974,661.262,-20.968,-8.015,0.180
34.4507,-3.000,476.488,655.151,-14.656,-1.687,0.180
34.5486,-4.000,467.001,661.379,-22.513,-6.924,0.180
34.6561,-5.000,461.588,663.423,-26.242,-8.026,0.180
34.7538,-5.000,467.967,657.180,-19.931,-1.690,0.180
34.8534,-6.000,458.359,663.304,-27.797,-6.924,0.180
34.9515,-6.000,463.813,657.887,-22.362,-1.458,0.180
35.0487,-7.000,453.975,664.158,-30.416,-6.875,0.180
35.1465,-7.000,459.350,658.750,-25.024,-1.447,0.180
35.2543,-9.000,438.496,672.377,-42.265,-13.442,0.180
35.3544,-9.000,448.989,661.740,-31.700,-2.830,0.180
35.4507,-10.000,440.142,666.866,-38.687,-7.164,0.180
35.5490,-11.000,434.690,668.554,-42.256,-8.077,0.180
35.6478,-12.000,429.936,669.509,-45.111,-8.269,0.180
35.7564,-13.000,425.313,670.302,-47.819,-8.309,0.180
35.8550,-14.000,420.705,671.056,-50.500,-8.318,0.180
35.9564,-14.000,427.060,664.424,-44.006,-1.751,0.180
36.0527,-15.000,417.279,670.370,-51.870,-6.937,0.180
36.1530,-15.000,422.547,664.842,-46.472,-1.460,0.180
36.2522,-15.000,423.512,663.656,-45.397,-0.307,0.180
36.3499,-15.000,423.583,663.398,-45.232,-0.065,0.180
36.4496,-15.000,423.476,663.345,-45.259,-0.014,0.180
36.5478,-16.000,412.367,670.718,-54.500,-6.571,0.180
36.6470,-16.000,417.384,665.526,-49.395,-1.383,0.180
36.7547,-17.000,407.345,671.816,-57.560,-6.860,0.180
36.8513,-17.000,412.579,666.395,-52.233,-1.444,0.180
36.9488,-17.000,413.551,665.264,-51.181,-0.304,0.180
37.0464,-17.000,413.636,665.045,-51.029,-0.064,0.180
37.1574,-18.000,402.567,672.399,-60.241,-6.582,0.180
37.2561,-18.000,407.591,667.218,-55.138,-1.386,0.180
37.3532,-17.000,416.498,655.777,-44.964,6.277,0.180
37.4487,-16.000,419.851,650.870,-40.834,7.890,0.180
37.5464,-16.000,414.378,658.022,-47.146,1.661,0.180
37.6555,-15.000,421.671,649.757,-39.367,6.918,0.180
37.7526,-14.000,425.192,646.009,-35.733,8.025,0.180
37.8512,-13.000,428.161,643.448,-32.968,8.258,0.180
37.9495,-13.000,423.247,651.708,-39.555,1.738,0.180
38.0478,-12.000,431.203,644.196,-31.821,6.934,0.180
38.1557,-11.000,435.328,641.048,-28.185,8.028,0.180
38.2533,-11.000,430.848,649.359,-34.580,1.690,0.180
38.3528,-11.000,431.085,652.379,-35.971,0.356,0.180
38.4509,-10.000,440.104,643.727,-27.136,6.643,0.180
38.5501,-10.000,436.464,650.680,-32.433,1.399,0.180
38.6489,-10.000,436.716,653.244,-33.589,0.294,0.180
38.7468,-10.000,437.628,654.726,-33.873,0.062,0.180
38.8562,-10.000,438.544,655.844,-33.974,0.013,0.180
38.9538,-10.000,439.347,656.771,-34.036,0.003,0.180
39.0517,-10.000,440.027,657.560,-34.091,0.001,0.180
39.1508,-9.000,448.573,647.863,-24.969,6.569,0.180
39.2484,-8.000,452.325,643.733,-21.028,7.951,0.180
39.3480,-6.000,463.293,630.644,-9.000,14.811,0.180
39.4556,-5.000,461.641,634.093,-11.550,9.686,0.180
39.5553,-4.000,464.205,633.656,-10.050,8.608,0.180
39.6536,-3.000,467.767,632.503,-7.693,8.381,0.180
39.7512,-2.000,471.632,631.285,-5.151,8.333,0.180
39.8504,-1.000,475.642,630.125,-2.566,8.323,0.180
39.9483,-0.000,479.751,629.038,0.032,8.321,0.180
40.0455,-0.000,475.967,638.392,-6.537,1.752,0.180
40.1554,-0.000,476.950,642.142,-7.920,0.369,0.180
40.2534,-0.000,478.671,644.445,-8.211,0.078,0.180
40.3536,-0.000,480.320,646.216,-8.272,0.016,0.180
40.4543,-0.000,481.761,647.682,-8.285,0.003,0.180
40.5525,-0.000,482.993,648.921,-8.288,0.001,0.180
40.6490,-0.000,484.043,649.971,-8.289,0.000,0.180
40.7466,-0.000,484.936,650.864,-8.289,0.000,0.180
40.8551,-0.000,485.694,651.623,-8.289,0.000,0.180
40.9532,-0.000,486.339,652.268,-8.289,0.000,0.180
41.0498,-0.000,486.887,652.816,-8.289,0.000,0.180
41.1467,-0.000,487.353,653.282,-8.289,0.000,0.180
41.2451,-0.000,487.749,653.678,-8.289,0.000,0.180
41.3458,1.000,495.460,643.041,0.885,6.568,0.180
41.4545,1.000,490.536,648.478,-4.296,1.383,0.180
41.5533,1.000,489.667,649.782,-5.382,0.291,0.180
41.6512,2.000,497.001,639.218,3.567,6.630,0.180
41.7491,3.000,499.278,633.595,7.517,7.964,0.180
41.8464,3.000,493.085,639.946,1.245,1.677,0.180
41.9556,3.000,491.843,641.320,-0.063,0.353,0.180
42.0540,4.000,499.010,630.666,8.848,6.643,0.180
42.1523,4.000,493.805,635.908,3.624,1.398,0.180
42.2495,4.000,492.737,637.006,2.541,0.294,0.180
42.3483,4.000,492.538,637.231,2.329,0.062,0.180
42.4474,5.000,499.895,626.296,11.475,6.581,0.180
42.5544,5.000,494.704,631.446,6.305,1.386,0.180
42.6528,5.000,493.619,632.496,5.237,0.292,0.180
42.7524,6.000,500.773,621.712,14.206,6.630,0.180
42.8503,6.000,495.528,626.872,9.003,1.396,0.180
42.9470,6.000,494.421,627.907,7.933,0.294,0.180
43.0541,7.000,501.563,617.103,16.905,6.630,0.180
43.1524,7.000,496.309,622.245,11.707,1.396,0.180
43.2503,8.000,502.569,612.289,19.815,6.862,0.180
43.3473,8.000,497.122,617.594,14.439,1.445,0.180
43.4465,8.000,495.963,618.633,13.341,0.304,0.180
43.5528,8.000,495.714,618.781,13.142,0.064,0.180
43.6490,8.000,495.661,618.746,13.133,0.013,0.180
43.7462,8.000,495.656,618.679,13.164,0.003,0.180
43.8561,8.000,495.664,618.608,13.203,0.001,0.180
43.9556,8.000,495.678,618.540,13.245,0.000,0.180
44.0531,7.000,485.323,626.450,4.112,-6.568,0.180
44.1500,7.000,491.006,621.688,9.334,-1.383,0.180
44.2491,7.000,492.526,620.952,10.462,-0.291,0.180
44.3455,6.000,482.751,628.992,1.555,-6.630,0.180
44.4456,6.000,488.780,624.490,6.820,-1.396,0.180
44.5539,5.000,480.188,631.979,-1.220,-6.862,0.180
44.6501,4.000,476.289,635.540,-4.950,-8.013,0.180
44.7467,4.000,483.992,630.550,1.397,-1.687,0.180
44.8442,3.000,476.124,638.324,-6.424,-6.924,0.180
44.9506,3.000,483.066,634.303,-0.943,-1.458,0.180
45.0483,3.000,485.473,634.377,0.224,-0.307,0.180
45.1466,3.000,486.786,635.175,0.481,-0.065,0.180
45.2466,2.000,477.376,643.978,-8.626,-6.582,0.180
45.3452,1.000,473.451,647.987,-12.593,-7.954,0.180
45.4546,1.000,481.272,643.238,-6.308,-1.675,0.180
45.5532,-0.000,473.531,651.190,-14.154,-6.921,0.180
45.6503,-1.000,469.611,654.690,-17.864,-8.025,0.180
45.7477,-2.000,466.289,657.054,-20.707,-8.258,0.180
45.8448,-3.000,462.918,659.011,-23.371,-8.307,0.180
45.9558,-5.000,448.412,668.115,-35.176,-14.886,0.180
46.0534,-6.000,449.868,664.467,-32.624,-9.702,0.180
46.1529,-8.000,436.118,672.155,-43.343,-15.179,0.180
46.2494,-9.000,437.510,668.009,-40.574,-9.764,0.180
46.3469,-12.000,412.581,682.798,-60.433,-21.761,0.180
46.4448,-12.000,429.888,665.871,-43.316,-4.581,0.180
46.5540,-14.000,411.657,677.226,-58.109,-14.101,0.180
46.6521,-15.000,411.821,673.617,-56.223,-9.537,0.180
46.7507,-15.000,419.308,666.202,-48.771,-2.008,0.180
46.8469,-15.000,420.846,664.725,-47.264,-0.423,0.180
46.9444,-16.000,410.154,671.869,-56.182,-6.657,0.180
47.0438,-16.000,415.318,666.689,-51.010,-1.402,0.180
47.1541,-16.000,416.335,665.658,-49.986,-0.295,0.180
47.2504,-16.000,416.479,665.503,-49.837,-0.062,0.180
47.3485,-16.000,416.440,665.532,-49.871,-0.013,0.180
47.4495,-15.000,424.336,655.227,-40.770,6.566,0.180
47.5496,-15.000,419.551,660.965,-46.031,1.382,0.180
47.6491,-15.000,418.787,662.539,-47.201,0.291,0.180
47.7465,-15.000,418.824,663.191,-47.508,0.061,0.180
47.8535,-15.000,418.990,663.610,-47.635,0.013,0.180
47.9511,-14.000,427.124,653.574,-38.549,6.571,0.180
48.0493,-14.000,422.555,659.526,-43.810,1.383,0.180
48.1469,-13.000,429.951,650.905,-35.801,6.860,0.180
48.2443,-12.000,433.421,646.994,-32.111,8.013,0.180
48.3519,-11.000,436.319,644.321,-29.325,8.255,0.180
48.4499,-11.000,431.341,652.491,-35.900,1.738,0.180
48.5466,-10.000,439.241,644.903,-28.155,6.934,0.180
48.6451,-10.000,435.348,652.062,-33.682,1.460,0.180
48.7528,-10.000,435.531,654.655,-34.886,0.307,0.180
48.8517,-10.000,436.416,656.129,-35.181,0.065,0.180
48.9487,-10.000,437.316,657.235,-35.284,0.014,0.180
49.0437,-11.000,427.132,665.524,-44.520,-6.566,0.180
49.1500,-11.000,432.953,661.092,-39.394,-1.382,0.180
49.2480,-12.000,423.604,668.022,-47.534,-6.859,0.180
49.3445,-12.000,429.428,663.141,-42.181,-1.444,0.180
49.4446,-13.000,419.933,669.838,-50.277,-6.872,0.180
49.5523,-13.000,425.602,664.791,-44.919,-1.447,0.180
49.6487,-14.000,415.968,671.354,-53.018,-6.873,0.180
49.7488,-15.000,410.542,673.569,-56.838,-8.015,0.180
49.8451,-15.000,416.927,667.455,-50.588,-1.687,0.180
49.9438,-15.000,418.296,666.316,-49.334,-0.355,0.180
50.0536,-15.000,418.597,666.211,-49.132,-0.075,0.180
50.1531,-15.000,418.661,666.313,-49.151,-0.016,0.180
50.2527,-16.000,407.692,673.823,-58.390,-6.572,0.180
50.3513,-16.000,412.828,668.748,-53.285,-1.384,0.180
50.4483,-16.000,413.862,667.765,-52.276,-0.291,0.180
50.5464,-17.000,403.057,675.013,-61.303,-6.630,0.180
50.6453,-18.000,397.217,677.230,-65.331,-7.964,0.180
50.7464,-18.000,403.372,670.996,-59.137,-1.677,0.180
50.8440,-18.000,404.568,669.732,-57.907,-0.353,0.180
50.9519,-19.000,393.751,676.892,-66.895,-6.643,0.180
51.0515,-18.000,406.815,661.318,-52.576,5.170,0.180
51.1489,-17.000,411.047,655.554,-47.578,7.657,0.180
51.2446,-16.000,413.736,652.162,-44.537,8.180,0.180
51.3549,-15.000,416.370,649.531,-41.905,8.291,0.180
51.4431,-15.000,411.248,657.655,-48.528,1.745,0.180
51.5501,-13.000,427.015,639.640,-31.637,13.504,0.180
51.6472,-12.000,426.305,642.040,-33.192,9.411,0.180
51.7465,-10.000,436.977,631.003,-22.337,15.118,0.180
51.8435,-9.000,435.809,635.462,-25.151,9.751,0.180
51.9431,-8.000,438.936,635.732,-23.723,8.621,0.180
52.0525,-7.000,443.005,635.150,-21.397,8.383,0.180
52.1525,-5.000,455.279,624.040,-9.705,14.902,0.180
52.2536,-4.000,454.957,628.952,-12.322,9.706,0.180
52.3507,-2.000,466.672,619.338,-1.657,15.180,0.180
52.4486,-2.000,458.570,635.226,-13.652,3.196,0.180
52.5468,-1.000,467.319,630.695,-7.012,7.241,0.180
52.6533,-1.000,464.890,639.709,-12.734,1.524,0.180
52.7511,1.000,481.828,622.369,4.405,13.458,0.180
52.8518,1.000,474.037,635.818,-6.215,2.833,0.180
52.9495,2.000,481.584,629.480,0.727,7.165,0.180
53.0483,2.000,477.952,637.140,-4.919,1.508,0.180
53.1446,2.000,478.483,640.033,-6.099,0.318,0.180
53.2513,3.000,487.071,630.754,2.834,6.635,0.180
53.3490,2.000,472.682,645.158,-11.562,-5.172,0.180
53.4485,3.000,485.654,631.597,1.704,5.480,0.180
53.5455,3.000,482.594,637.157,-2.606,1.154,0.180
53.6441,3.000,482.761,639.115,-3.501,0.243,0.180
53.7438,3.000,483.488,640.194,-3.677,0.051,0.180
53.8507,3.000,484.231,640.986,-3.702,0.011,0.180
53.9507,3.000,484.890,641.631,-3.695,0.002,0.180
54.0486,4.000,492.833,631.199,5.492,6.569,0.180
54.1446,5.000,495.482,625.832,9.501,7.951,0.180
54.2521,6.000,496.950,621.455,12.423,8.242,0.180
54.3501,6.000,490.737,628.194,5.947,1.735,0.180
54.4479,6.000,489.622,629.757,4.609,0.365,0.180
54.5456,6.000,489.556,630.204,4.351,0.077,0.180
54.6527,6.000,489.688,630.395,4.322,0.016,0.180
54.7505,5.000,479.470,638.488,-4.833,-6.565,0.180
54.8471,5.000,485.276,633.876,0.375,-1.382,0.180
54.9458,5.000,486.900,633.266,1.493,-0.291,0.180
55.0436,4.000,477.214,641.415,-7.425,-6.630,0.180
55.1509,4.000,483.315,637.007,-2.171,-1.396,0.180
55.2499,4.000,485.157,636.604,-1.048,-0.294,0.180
55.3499,3.000,475.648,644.937,-9.969,-6.630,0.180
55.4463,3.000,481.898,640.686,-4.719,-1.396,0.180
55.5433,2.000,473.492,648.392,-12.775,-6.862,0.180
55.6497,1.000,469.749,652.140,-16.520,-8.013,0.180
55.7483,1.000,477.582,647.311,-10.189,-1.687,0.180
55.8464,-0.000,492.784,664.093,-22.180,-11.078,0.320
55.9445,-1.000,513.323,674.676,-26.723,-13.016,0.320
56.0511,-1.000,548.855,673.372,-16.398,-2.686,0.320
56.1485,-2.000,559.539,692.716,-27.607,-11.284,0.320
56.2461,-3.000,575.726,705.988,-31.997,-13.059,0.320
56.3442,-4.000,592.197,718.492,-34.984,-13.425,0.320
56.4429,-4.000,623.257,719.835,-24.350,-2.770,0.320
56.5501,-5.000,629.928,741.641,-35.508,-11.302,0.320
56.6458,-7.000,627.404,768.466,-53.235,-23.792,0.320
56.7440,-7.000,664.560,762.740,-34.388,-4.910,0.320
56.8511,-9.000,655.859,795.250,-57.199,-22.473,0.320
56.9514,-10.000,675.774,802.509,-52.745,-15.368,0.320
57.0486,-12.000,674.437,827.037,-67.271,-24.631,0.320
57.1455,-14.000,680.011,844.271,-74.456,-26.543,0.320
57.2421,-16.000,686.725,860.039,-80.133,-26.937,0.320
57.3421,-18.000,693.431,875.537,-85.508,-27.019,0.320
57.4421,-20.000,700.029,890.906,-90.725,-27.036,0.320
57.5418,-20.000,736.917,883.466,-69.268,-5.579,0.320
57.6488,-23.000,711.097,927.570,-104.831,-33.342,0.320
57.7475,-25.000,722.228,938.076,-105.030,-28.340,0.320
57.8459,-26.000,744.487,941.143,-95.868,-16.578,0.320
57.9438,-28.000,742.164,965.088,-109.371,-24.881,0.320
58.0507,-30.000,746.301,982.424,-116.284,-26.595,0.320
58.1508,-30.000,782.188,975.564,-95.177,-5.488,0.320
58.2479,-32.000,770.993,1008.526,-117.482,-22.593,0.320
58.3456,-32.000,803.755,1005.041,-99.552,-4.662,0.320
58.4424,-33.000,807.198,1027.418,-109.182,-11.692,0.320
58.5518,-34.000,816.228,1044.270,-113.232,-13.143,0.320
58.6493,-34.000,825.748,1032.692,-102.802,-2.712,0.320
58.7459,-35.000,811.877,1040.975,-113.979,-11.290,0.320
58.8440,-36.000,804.797,1042.465,-118.349,-13.060,0.320
58.9421,-36.000,814.359,1031.152,-107.984,-2.695,0.320
59.0504,-36.000,815.815,1028.207,-105.846,-0.556,0.320
59.1482,-38.000,785.176,1049.900,-132.065,-21.575,0.320
59.2469,-38.000,801.542,1031.931,-114.942,-4.452,0.320
59.3446,-36.000,828.932,998.858,-84.748,20.542,0.320
59.4426,-36.000,813.246,1015.713,-101.051,4.239,0.320
59.5509,-34.000,834.906,990.726,-77.755,22.335,0.320
59.6484,-30.000,867.791,952.375,-42.160,47.529,0.320
59.7454,-25.000,895.016,921.703,-13.231,63.458,0.320
59.8436,-19.000,924.106,891.722,16.287,77.476,0.320
59.9417,-15.000,920.176,904.256,8.041,58.908,0.320
60.0415,-11.000,932.036,903.069,14.553,55.076,0.320
60.1490,-9.000,923.325,928.532,-2.545,32.825,0.320
60.2452,-7.000,931.865,935.911,-1.973,28.234,0.320
60.3436,-6.000,931.450,953.698,-11.082,16.556,0.320
60.4429,-5.000,939.423,961.330,-10.917,14.147,0.320
60.5514,-4.000,948.563,966.295,-8.836,13.649,0.320
60.6485,-3.000,957.464,970.223,-6.354,13.547,0.320
60.7452,-3.000,953.653,987.939,-17.121,2.795,0.320
60.8442,-3.000,957.332,996.079,-19.355,0.577,0.320
60.9416,-3.000,961.884,1001.573,-19.828,0.119,0.320
61.0417,-3.000,966.046,1005.950,-19.938,0.025,0.320
61.1505,-4.000,954.387,1021.027,-33.309,-10.725,0.320
61.2471,-5.000,950.577,1026.903,-38.153,-12.943,0.320
61.3464,-6.000,947.948,1030.448,-41.242,-13.401,0.320
61.4449,-6.000,960.443,1021.731,-30.637,-2.765,0.320
61.5429,-6.000,964.213,1021.173,-28.474,-0.571,0.320
61.6508,-6.000,966.001,1022.115,-28.052,-0.118,0.320
61.7477,-7.000,951.968,1034.628,-41.325,-10.754,0.320
61.8439,-7.000,961.322,1026.982,-32.826,-2.219,0.320
61.9414,-7.000,963.774,1025.983,-31.102,-0.458,0.320
62.0494,-8.000,949.463,1037.688,-44.110,-10.825,0.320
62.1478,-8.000,958.405,1029.531,-35.560,-2.234,0.320
62.2438,-8.000,960.470,1028.133,-33.829,-0.461,0.320
62.3438,-8.000,961.079,1028.092,-33.505,-0.095,0.320
62.4424,-8.000,961.354,1028.299,-33.471,-0.020,0.320
62.5506,-8.000,961.533,1028.530,-33.497,-0.004,0.320
62.6470,-7.000,973.924,1014.327,-20.200,10.729,0.320
62.7435,-7.000,966.103,1023.608,-28.752,2.214,0.320
62.8407,-7.000,964.930,1026.022,-30.546,0.457,0.320
62.9406,-7.000,965.058,1026.949,-30.945,0.094,0.320
63.0487,-6.000,977.651,1013.093,-17.720,10.750,0.320
63.1454,-6.000,970.051,1022.618,-26.283,2.218,0.320
63.2421,-5.000,981.334,1010.813,-14.739,11.188,0.320
63.3409,-4.000,985.962,1006.581,-10.309,13.039,0.320
63.4507,-4.000,977.261,1018.618,-20.678,2.691,0.320
63.5473,-3.000,988.778,1007.777,-9.499,11.285,0.320
63.6449,-3.000,981.593,1018.536,-18.471,2.329,0.320
63.7439,-2.000,993.504,1007.504,-7.000,11.211,0.320
63.8433,-1.000,998.725,1003.869,-2.572,13.043,0.320
63.9423,-0.000,1002.797,1001.986,0.406,13.422,0.320
64.0402,-0.000,994.576,1015.068,-10.246,2.770,0.320
64.1488,-0.000,994.443,1019.331,-12.444,0.571,0.320
64.2479,-0.000,995.745,1021.541,-12.898,0.118,0.320
64.3451,-0.000,997.144,1023.127,-12.991,0.024,0.320
64.4440,-0.000,998.393,1024.415,-13.011,0.005,0.320
64.5406,-1.000,984.212,1036.912,-26.350,-10.729,0.320
64.6490,-1.000,993.507,1029.187,-17.840,-2.214,0.320
64.7468,-1.000,995.926,1028.102,-16.088,-0.457,0.320
64.8432,-2.000,981.594,1039.727,-29.066,-10.824,0.320
64.9408,-2.000,990.525,1031.496,-20.486,-2.234,0.320
65.0497,-2.000,992.584,1030.031,-18.723,-0.461,0.320
65.1467,-2.000,993.192,1029.928,-18.368,-0.095,0.320
65.2461,-2.000,993.472,1030.078,-18.303,-0.020,0.320
65.3437,-3.000,978.405,1041.671,-31.633,-10.734,0.320
65.4408,-3.000,986.932,1033.190,-23.129,-2.215,0.320
65.5490,-3.000,988.694,1031.468,-21.387,-0.457,0.320
65.6468,-3.000,989.058,1031.137,-21.040,-0.094,0.320
65.7447,-3.000,989.131,1031.092,-20.981,-0.019,0.320
65.8430,-3.000,989.143,1031.105,-20.981,-0.004,0.320
65.9406,-3.000,989.141,1031.127,-20.993,-0.001,0.320
66.0414,-2.000,1001.390,1016.736,-7.673,10.730,0.320
66.1407,-2.000,993.453,1025.851,-16.199,2.214,0.320
66.2411,-2.000,992.187,1028.120,-17.967,0.457,0.320
66.3493,-1.000,1004.495,1014.504,-5.004,10.824,0.320
66.4466,-1.000,996.843,1024.044,-13.600,2.234,0.320
66.5462,-0.000,1008.123,1012.209,-2.043,11.191,0.320
66.6429,1.000,1011.920,1007.099,2.411,13.039,0.320
66.7490,1.000,1002.519,1018.385,-7.933,2.691,0.320
66.8451,2.000,1012.605,1006.061,3.272,11.285,0.320
66.9421,2.000,1004.208,1015.556,-5.674,2.329,0.320
67.0499,3.000,1014.252,1002.605,5.823,11.211,0.320
67.1468,2.000,991.220,1024.007,-16.394,-8.417,0.320
67.2439,2.000,998.717,1018.123,-9.703,-1.737,0.320
67.3424,2.000,1000.792,1017.420,-8.314,-0.358,0.320
67.4488,1.000,987.254,1029.964,-21.355,-10.804,0.320
67.5472,1.000,996.911,1022.461,-12.775,-2.229,0.320
67.6449,1.000,999.602,1021.603,-11.000,-0.460,0.320
67.7428,1.000,1000.751,1022.011,-10.630,-0.095,0.320
67.8391,1.000,1001.493,1022.592,-10.550,-0.020,0.320
67.9489,2.000,1013.492,1007.879,2.807,10.726,0.320
68.0453,2.000,1005.335,1016.727,-5.696,2.213,0.320
68.1432,2.000,1003.883,1018.767,-7.442,0.457,0.320
68.2411,3.000,1015.197,1004.114,5.541,10.824,0.320
68.3401,3.000,1006.702,1012.770,-3.034,2.234,0.320
68.4451,3.000,1005.013,1014.596,-4.791,0.461,0.320
68.5454,3.000,1004.721,1015.004,-5.141,0.095,0.320
68.6433,4.000,1016.126,999.858,8.134,10.750,0.320
68.7414,4.000,1007.526,1008.279,-0.377,2.218,0.320
68.8489,4.000,1005.709,1009.942,-2.116,0.458,0.320
68.9455,5.000,1016.717,994.964,10.877,10.825,0.320
69.0428,5.000,1007.965,1003.342,2.312,2.234,0.320
69.1391,5.000,1006.059,1004.929,0.565,0.461,0.320
69.2463,6.000,1017.000,989.879,13.560,10.825,0.320
69.3435,6.000,1008.192,998.192,5.000,2.234,0.320
69.4403,6.000,1006.241,999.724,3.259,0.461,0.320
69.5488,6.000,1005.728,999.880,2.924,0.095,0.320
69.6479,6.000,1005.532,999.772,2.880,0.020,0.320
69.7449,7.000,1016.834,984.372,16.231,10.734,0.320
69.8437,7.000,1008.109,992.614,7.748,2.215,0.320
69.9408,7.000,1006.182,994.130,6.026,0.457,0.320
70.0480,7.000,1005.682,994.282,5.700,0.094,0.320
70.1455,8.000,1016.910,978.916,18.997,10.750,0.320
70.2419,8.000,1008.162,987.148,10.507,2.218,0.320
70.3410,8.000,1006.224,988.648,8.788,0.458,0.320
70.4486,9.000,1017.131,973.527,21.802,10.825,0.320
70.5465,9.000,1008.296,981.781,13.258,2.234,0.320
70.6456,9.000,1006.324,983.260,11.532,0.461,0.320
70.7455,9.000,1005.795,983.369,11.213,0.095,0.320
70.8436,9.000,1005.588,983.219,11.184,0.020,0.320
70.9436,10.000,1016.882,967.781,24.551,10.734,0.320
71.0409,9.000,993.739,988.243,2.748,-8.515,0.320
71.1394,10.000,1012.319,966.543,22.888,8.973,0.320
71.2494,10.000,1005.424,973.787,15.819,1.852,0.320
71.3390,10.000,1004.155,975.352,14.401,0.382,0.320
71.4483,10.000,1004.029,975.729,14.150,0.079,0.320
71.5452,9.000,989.710,988.102,0.804,-10.714,0.320
71.6434,9.000,998.933,980.225,9.354,-2.211,0.320
71.7414,9.000,1001.307,978.996,11.155,-0.456,0.320
71.8383,9.000,1002.202,979.073,11.564,-0.094,0.320
71.9473,9.000,1002.736,979.365,11.686,-0.019,0.320
72.0452,9.000,1003.150,979.654,11.748,-0.004,0.320
72.1426,9.000,1003.498,979.903,11.798,-0.001,0.320
72.2389,9.000,1003.800,980.109,11.845,-0.000,0.320
72.3464,9.000,1004.062,980.278,11.892,-0.000,0.320
72.4471,9.000,1004.293,980.414,11.939,-0.000,0.320
72.5440,9.000,1004.495,980.523,11.986,-0.000,0.320
72.6413,9.000,1004.675,980.609,12.033,-0.000,0.320
72.7381,9.000,1004.834,980.675,12.080,-0.000,0.320
72.8471,9.000,1004.976,980.724,12.126,-0.000,0.320
72.9447,9.000,1005.105,980.758,12.173,-0.000,0.320
73.0417,9.000,1005.221,980.781,12.220,-0.000,0.320
73.1398,8.000,990.911,993.048,-1.069,-10.730,0.320
73.2380,8.000,1000.100,985.122,7.489,-2.214,0.320
73.3453,8.000,1002.436,983.861,9.288,-0.457,0.320
73.4425,8.000,1003.297,983.913,9.692,-0.094,0.320
73.5389,8.000,1003.802,984.185,9.809,-0.019,0.320
73.6387,8.000,1004.189,984.458,9.866,-0.004,0.320
73.7469,8.000,1004.514,984.693,9.910,-0.001,0.320
73.8448,7.000,990.379,997.145,-3.383,-10.730,0.320
73.9421,6.000,985.301,1001.632,-8.166,-12.944,0.320
74.0378,5.000,982.439,1004.832,-11.196,-13.401,0.320
74.1488,4.000,980.329,1008.069,-13.870,-13.495,0.320
74.2463,3.000,978.624,1011.572,-16.474,-13.515,0.320
74.3428,3.000,991.630,1003.094,-5.732,-2.789,0.320
74.4397,2.000,981.368,1015.045,-16.838,-11.306,0.320
74.5487,1.000,978.154,1020.535,-21.191,-13.063,0.320
74.6475,-0.000,976.578,1024.885,-24.153,-13.426,0.320
74.7459,-1.000,974.658,1028.324,-26.833,-13.501,0.320
74.8444,-2.000,972.257,1031.175,-29.459,-13.516,0.320
74.9434,-3.000,969.410,1033.566,-32.078,-13.519,0.320
75.0425,-3.000,981.429,1024.157,-21.364,-2.790,0.320
75.1408,-4.000,969.482,1034.484,-32.501,-11.306,0.320
75.2400,-5.000,963.990,1037.759,-36.884,-13.063,0.320
75.3381,-5.000,974.890,1027.975,-26.543,-2.696,0.320
75.4440,-5.000,977.477,1026.336,-24.429,-0.556,0.320
75.5421,-6.000,963.040,1037.739,-37.349,-10.845,0.320
75.6395,-6.000,971.826,1029.373,-28.773,-2.238,0.320
75.7464,-7.000,958.495,1039.223,-40.364,-11.192,0.320
75.8435,-7.000,967.361,1030.397,-31.518,-2.309,0.320
75.9408,-8.000,953.919,1040.032,-43.057,-11.207,0.320
76.0480,-9.000,947.399,1042.478,-47.539,-13.043,0.320
76.1452,-9.000,957.471,1031.941,-37.235,-2.691,0.320
76.2423,-10.000,944.108,1041.070,-48.481,-11.286,0.320
76.3402,-11.000,937.458,1043.282,-52.912,-13.059,0.320
76.4395,-12.000,932.123,1044.003,-55.940,-13.425,0.320
76.5394,-12.000,942.255,1032.950,-45.348,-2.770,0.320
76.6465,-12.000,943.999,1030.423,-43.212,-0.572,0.320
76.7449,-12.000,944.058,1029.699,-42.820,-0.118,0.320
76.8416,-12.000,943.806,1029.385,-42.789,-0.024,0.320
76.9406,-11.000,955.778,1014.772,-29.497,10.725,0.320
77.0404,-9.000,972.097,994.888,-11.395,23.673,0.320
77.1465,-8.000,967.002,1000.793,-16.895,15.615,0.320
77.2455,-7.000,968.667,1000.656,-15.994,13.952,0.320
77.3460,-5.000,984.218,985.085,-0.433,24.339,0.320
77.4451,-4.000,980.122,993.004,-6.441,15.753,0.320
77.5423,-2.000,995.234,979.820,7.707,24.711,0.320
77.6394,-1.000,991.687,988.847,1.420,15.829,0.320
77.7468,1.000,1006.618,975.573,15.523,24.727,0.320
77.8447,3.000,1013.534,968.386,22.574,26.563,0.320
77.9442,4.000,1006.769,977.081,14.844,16.211,0.320
78.0414,6.000,1019.074,961.736,28.669,24.806,0.320
78.1372,7.000,1012.542,967.845,22.349,15.849,0.320
78.2443,8.000,1012.735,966.451,23.142,14.001,0.320
78.3427,9.000,1014.071,963.256,25.408,13.619,0.320
78.4398,10.000,1015.433,959.472,27.981,13.540,0.320
78.5401,11.000,1016.625,955.382,30.622,13.524,0.320
78.6381,12.000,1017.633,951.071,33.281,13.521,0.320
78.7467,12.000,1007.060,961.836,22.612,2.790,0.320
78.8436,12.000,1004.990,964.069,20.461,0.576,0.320
78.9408,12.000,1004.665,964.533,20.066,0.119,0.320
79.0371,12.000,1004.692,964.624,20.034,0.025,0.320
79.1468,12.000,1004.785,964.631,20.077,0.005,0.320
79.2433,13.000,1016.302,949.360,33.471,10.731,0.320
79.3415,13.000,1007.757,957.714,25.022,2.214,0.320
79.4405,12.000,991.570,971.577,9.996,-10.273,0.320
79.5397,12.000,1000.299,963.874,18.212,-2.120,0.320
79.6380,12.000,1002.479,962.565,19.957,-0.437,0.320
79.7459,12.000,1003.259,962.526,20.367,-0.090,0.320
79.8435,11.000,989.293,974.963,7.165,-10.749,0.320
79.9417,11.000,998.731,967.224,15.753,-2.218,0.320
80.0386,10.000,986.855,978.384,4.235,-11.188,0.320
80.1379,10.000,996.982,970.649,13.167,-2.309,0.320
80.2460,9.000,985.468,982.037,1.715,-11.207,0.320
80.3443,8.000,981.439,986.797,-2.679,-13.043,0.320
80.4449,7.000,979.228,990.471,-5.621,-13.421,0.320
80.5422,5.000,963.207,1006.415,-21.604,-24.230,0.320
80.6440,4.000,971.015,1002.381,-15.683,-15.730,0.320
80.7415,2.000,957.793,1017.491,-29.849,-24.706,0.320
80.8381,1.000,966.799,1013.931,-23.566,-15.828,0.320
80.9468,-0.000,968.765,1017.433,-24.334,-13.996,0.320
81.0429,-1.000,968.442,1021.564,-26.561,-13.618,0.320
81.1400,-3.000,951.853,1036.710,-42.429,-24.270,0.320
81.2381,-4.000,958.231,1031.266,-36.518,-15.738,0.320
81.3468,-5.000,957.342,1032.108,-37.383,-13.978,0.320
81.4440,-6.000,954.634,1033.936,-39.651,-13.614,0.320
81.5428,-7.000,951.279,1035.703,-42.212,-13.539,0.320
81.6416,-8.000,947.558,1037.235,-44.838,-13.524,0.320
81.7406,-7.000,971.074,1012.697,-20.811,7.939,0.320
81.8398,-7.000,965.803,1020.101,-27.149,1.638,0.320
81.9366,-6.000,977.628,1007.928,-15.150,11.068,0.320
82.0447,-5.000,982.420,1003.680,-10.630,13.014,0.320
82.1435,-4.000,986.052,1001.351,-7.650,13.416,0.320
82.2425,-4.000,977.437,1014.073,-18.318,2.768,0.320
82.3404,-3.000,989.220,1003.621,-7.200,11.301,0.320
82.4371,-3.000,982.301,1014.672,-16.185,2.332,0.320
82.5443,-3.000,982.191,1018.294,-18.052,0.481,0.320
82.6399,-2.000,995.541,1005.769,-5.114,10.829,0.320
82.7389,-2.000,988.787,1016.224,-13.719,2.235,0.320
82.8368,-1.000,1000.831,1005.166,-2.168,11.191,0.320
82.9461,-1.000,993.863,1015.972,-11.055,2.309,0.320
83.0436,-1.000,993.656,1019.442,-12.893,0.477,0.320
83.1440,-1.000,994.659,1021.211,-13.276,0.098,0.320
83.2413,-0.000,1008.010,1008.058,-0.024,10.750,0.320
83.3388,-0.000,1001.062,1018.174,-8.556,2.218,0.320
83.4374,-0.000,1000.647,1021.281,-10.317,0.458,0.320
83.5446,-0.000,1001.428,1022.788,-10.680,0.094,0.320
83.6432,-0.000,1002.326,1023.836,-10.755,0.019,0.320
83.7399,-0.000,1003.137,1024.678,-10.770,0.004,0.320
83.8416,-1.000,988.581,1036.799,-24.109,-10.729,0.320
83.9398,-1.000,997.557,1028.754,-15.599,-2.214,0.320
84.0386,-1.000,999.704,1027.398,-13.847,-0.457,0.320
84.1366,-1.000,1000.398,1027.377,-13.489,-0.094,0.320
84.2429,-1.000,1000.753,1027.593,-13.420,-0.019,0.320
84.3399,-1.000,1001.006,1027.826,-13.410,-0.004,0.320
84.4385,-1.000,1001.211,1028.034,-13.412,-0.001,0.320
84.5455,-1.000,1001.382,1028.214,-13.416,-0.000,0.320
84.6445,-1.000,1001.526,1028.368,-13.421,-0.000,0.320
84.7433,-0.000,1013.903,1014.085,-0.091,10.730,0.320
84.8408,-0.000,1006.077,1023.291,-8.607,2.214,0.320
84.9399,-0.000,1004.906,1025.634,-10.364,0.457,0.320
85.0370,-0.000,1005.042,1026.495,-10.727,0.094,0.320
85.1375,-1.000,990.135,1038.409,-24.137,-10.711,0.320
85.2464,-1.000,998.858,1030.142,-15.642,-2.210,0.320
85.3356,-1.000,1000.801,1028.587,-13.893,-0.456,0.320
85.4434,-1.000,1001.323,1028.395,-13.536,-0.094,0.320
85.5427,-1.000,1001.532,1028.465,-13.467,-0.019,0.320
85.6413,-1.000,1001.661,1028.574,-13.456,-0.004,0.320
85.7388,-0.000,1014.016,1014.262,-0.123,10.729,0.320
85.8390,-1.000,990.913,1034.861,-21.974,-8.516,0.320
85.9354,-0.000,1010.358,1014.128,-1.885,8.973,0.320
86.0465,-0.000,1004.189,1022.201,-9.006,1.852,0.320
86.1444,-0.000,1003.529,1024.480,-10.476,0.382,0.320
86.2406,-0.000,1003.914,1025.472,-10.779,0.079,0.320
86.3383,1.000,1015.852,1010.864,2.494,10.746,0.320
86.4356,1.000,1007.693,1019.753,-6.030,2.218,0.320
86.5441,1.000,1006.249,1021.818,-7.784,0.458,0.320
86.6423,1.000,1006.155,1022.440,-8.142,0.094,0.320
86.7406,1.000,1006.310,1022.734,-8.212,0.019,0.320
86.8372,1.000,1006.490,1022.935,-8.222,0.004,0.320
86.9358,2.000,1018.069,1007.839,5.115,10.731,0.320
87.0441,2.000,1009.569,1016.351,-3.391,2.214,0.320
87.1425,3.000,1019.242,1002.848,8.197,11.187,0.320
87.2385,3.000,1010.251,1011.583,-0.666,2.308,0.320
87.3371,3.000,1008.326,1013.291,-2.482,0.476,0.320
87.4371,4.000,1019.286,998.306,10.490,10.828,0.320
87.5353,4.000,1010.503,1006.668,1.917,2.234,0.320
87.6422,4.000,1008.571,1008.242,0.165,0.461,0.320
87.7397,3.000,993.659,1020.690,-13.516,-10.635,0.320
87.8387,3.000,1002.567,1012.687,-5.060,-2.195,0.320
87.9366,3.000,1004.709,1011.314,-3.302,-0.453,0.320
88.0449,2.000,990.996,1023.522,-16.263,-10.824,0.320
88.1446,1.000,986.041,1028.037,-20.998,-12.964,0.320
88.2447,-0.000,983.233,1031.311,-24.039,-13.405,0.320
88.3431,-1.000,980.315,1033.786,-26.736,-13.496,0.320
88.4426,-2.000,977.077,1035.806,-29.365,-13.515,0.320
88.5396,-3.000,973.520,1037.488,-31.984,-13.519,0.320
88.6378,-3.000,984.937,1027.478,-21.270,-2.790,0.320
88.7364,-4.000,972.478,1037.293,-32.407,-11.306,0.320
88.8459,-5.000,966.551,1040.132,-36.791,-13.063,0.320
88.9439,-6.000,961.824,1041.393,-39.785,-13.426,0.320
89.0424,-7.000,957.221,1042.212,-42.496,-13.501,0.320
89.1390,-8.000,952.535,1042.841,-45.153,-13.516,0.320
89.2368,-9.000,947.741,1043.346,-47.803,-13.519,0.320
89.3450,-9.000,958.101,1032.341,-37.120,-2.790,0.320
89.4424,-10.000,944.738,1041.315,-48.288,-11.306,0.320
89.5381,-10.000,953.294,1032.029,-39.367,-2.333,0.320
89.6351,-11.000,939.528,1041.334,-50.903,-11.212,0.320
89.7426,-11.000,947.973,1032.098,-42.062,-2.313,0.320
89.8372,-12.000,934.160,1041.398,-53.619,-11.208,0.320
89.9449,-13.000,927.319,1043.563,-58.122,-13.043,0.320
90.0416,-13.000,937.116,1032.791,-47.838,-2.691,0.320
90.1386,-13.000,938.770,1030.309,-45.769,-0.555,0.320
90.2372,-13.000,938.791,1029.584,-45.396,-0.115,0.320
90.3367,-12.000,950.771,1014.846,-32.037,10.707,0.320
90.4441,-12.000,942.539,1023.733,-40.597,2.209,0.320
90.5428,-11.000,953.257,1011.412,-29.078,11.186,0.320
90.6403,-11.000,945.141,1021.166,-38.013,2.308,0.320
90.7383,-10.000,956.203,1009.335,-26.566,11.206,0.320
90.8365,-9.000,960.686,1005.040,-22.177,13.043,0.320
90.9370,-8.000,964.122,1002.602,-19.240,13.421,0.320
91.0350,-7.000,967.609,1000.805,-16.598,13.500,0.320
91.1436,-6.000,971.331,999.357,-14.013,13.516,0.320
91.2405,-5.000,975.296,998.167,-11.436,13.519,0.320
91.3400,-4.000,979.475,997.187,-8.856,13.520,0.320
91.4367,-3.000,983.839,996.381,-6.271,13.520,0.320
91.5347,-2.000,988.361,995.724,-3.682,13.520,0.320
91.6437,-2.000,980.763,1009.607,-14.422,2.790,0.320
91.7406,-1.000,993.465,1000.087,-3.311,11.306,0.320
91.8378,-1.000,987.339,1011.918,-12.289,2.333,0.320
91.9357,-1.000,987.907,1016.199,-14.146,0.481,0.320
92.0337,-0.000,1001.836,1004.232,-1.198,10.829,0.320
92.1443,-0.000,995.575,1015.161,-9.793,2.235,0.320
92.2436,1.000,1007.200,1003.663,1.769,11.191,0.320
92.3396,1.000,999.878,1014.094,-7.108,2.309,0.320
92.4357,1.000,999.371,1017.242,-8.935,0.477,0.320
92.5437,1.000,1000.121,1018.738,-9.308,0.098,0.320
92.6437,2.000,1012.418,1004.510,3.954,10.750,0.320
92.7407,2.000,1004.576,1013.711,-4.568,2.218,0.320
92.8402,2.000,1003.403,1016.038,-6.318,0.458,0.320
92.9364,3.000,1014.956,1001.627,6.665,10.825,0.320
93.0438,4.000,1018.081,995.232,11.425,12.964,0.320
93.1441,4.000,1007.924,1005.610,1.157,2.675,0.320
93.2421,4.000,1005.915,1007.806,-0.946,0.552,0.320
93.3405,4.000,1005.578,1008.303,-1.363,0.114,0.320
93.4374,4.000,1005.576,1008.441,-1.432,0.024,0.320
93.5354,5.000,1017.051,993.241,11.905,10.735,0.320
93.6436,5.000,1008.474,1001.652,3.411,2.215,0.320
93.7416,5.000,1006.671,1003.313,1.679,0.457,0.320
93.8412,5.000,1006.275,1003.590,1.342,0.094,0.320
93.9368,5.000,1006.175,1003.588,1.293,0.019,0.320
94.0367,6.000,978.598,996.847,10.478,6.573,0.180
94.1344,6.000,941.617,1002.883,5.320,1.384,0.180
94.2333,6.000,911.430,1001.993,4.259,0.291,0.180
94.3437,6.000,884.398,997.834,4.060,0.061,0.180
94.4335,6.000,859.497,991.449,4.043,0.013,0.180
94.5419,6.000,836.290,983.287,4.064,0.003,0.180
94.6436,6.000,814.499,973.641,4.093,0.001,0.180
94.7414,7.000,801.280,951.763,13.297,6.569,0.180
94.8391,7.000,776.495,944.941,8.148,1.383,0.180
94.9387,8.000,764.047,922.149,16.266,6.860,0.180
95.0346,10.000,755.362,891.904,29.240,14.581,0.180
95.1434,11.000,733.791,878.010,26.954,9.638,0.180
95.2392,12.000,716.644,859.638,28.576,8.597,0.180
95.3387,14.000,708.137,828.979,40.198,14.947,0.180
95.4366,15.000,687.597,813.853,37.644,9.715,0.180
95.5337,16.000,671.514,794.246,39.226,8.614,0.180
95.6432,17.000,656.580,773.468,41.683,8.382,0.180
95.7390,18.000,642.066,752.253,44.327,8.333,0.180
95.8357,20.000,635.063,719.911,56.086,14.891,0.180
95.9337,20.000,608.284,714.472,44.329,3.135,0.180
96.0412,22.000,605.700,677.696,60.191,13.797,0.180
96.1413,23.000,587.421,660.145,58.467,9.473,0.180
96.2396,24.000,572.663,639.072,60.157,8.563,0.180
96.3387,25.000,558.714,617.190,62.566,8.371,0.180
96.4342,26.000,544.995,595.080,65.125,8.331,0.180
96.5427,27.000,531.372,572.871,67.717,8.322,0.180
96.6401,28.000,517.812,550.600,70.315,8.320,0.180
96.7366,29.000,504.302,528.280,72.915,8.320,0.180
96.8345,30.000,506.436,522.146,75.514,8.320,0.180
96.9432,31.000,508.340,516.242,78.114,8.320,0.180
97.0405,32.000,510.049,510.534,80.714,8.320,0.180
97.1406,33.000,511.591,504.992,83.314,8.320,0.180
97.2376,34.000,512.992,499.591,85.914,8.320,0.180
97.3364,35.000,514.273,494.310,88.514,8.320,0.180
97.4333,35.000,508.083,500.100,81.946,1.752,0.180
97.5422,36.000,514.390,489.853,89.732,6.937,0.180
97.6391,37.000,516.526,483.768,93.423,8.029,0.180
97.7359,37.000,510.364,489.573,87.085,1.690,0.180
97.8433,38.000,516.549,479.486,94.919,6.924,0.180
97.9409,38.000,511.180,484.537,89.452,1.458,0.180
98.0380,39.000,517.481,474.366,97.470,6.875,0.180
98.1349,39.000,512.094,479.463,92.042,1.447,0.180
98.2329,39.000,510.986,480.325,90.899,0.305,0.180
98.3432,39.000,510.774,480.327,90.659,0.064,0.180
98.4394,39.000,510.749,480.175,90.608,0.014,0.180
98.5365,39.000,510.759,480.013,90.597,0.003,0.180
98.6340,39.000,510.775,479.869,90.595,0.001,0.180
98.7427,39.000,510.790,479.745,90.595,0.000,0.180
98.8421,38.000,500.435,487.608,81.426,-6.568,0.180
98.9382,38.000,506.111,482.812,86.612,-1.383,0.180
99.0362,37.000,497.252,490.020,78.535,-6.860,0.180
99.1363,36.000,493.134,493.335,74.782,-8.013,0.180
99.2350,35.000,490.281,496.105,71.939,-8.255,0.180
99.3341,35.000,498.289,491.027,78.456,-1.738,0.180
99.4430,35.000,500.929,490.877,79.829,-0.366,0.180
99.5400,34.000,491.927,499.596,70.949,-6.645,0.180
99.6364,33.000,488.200,503.681,67.027,-7.967,0.180
99.7350,32.000,485.788,506.998,64.149,-8.246,0.180
99.8334,31.000,483.826,510.330,61.490,-8.304,0.180
99.9408,30.000,482.106,513.814,58.878,-8.317,0.180
100.0365,28.000,470.193,525.427,47.107,-14.888,0.180
100.1344,27.000,474.458,524.507,49.692,-9.703,0.180
100.2325,26.000,474.677,527.730,48.183,-8.611,0.180
100.3411,25.000,474.075,531.859,45.813,-8.381,0.180
100.4386,23.000,462.958,544.173,34.093,-14.901,0.180
100.5348,23.000,478.235,535.914,45.857,-3.137,0.180
100.6338,21.000,462.960,552.354,29.997,-13.797,0.180
100.7336,20.000,466.983,552.922,31.721,-9.473,0.180
100.8324,18.000,457.271,564.735,20.957,-15.131,0.180
100.9410,17.000,462.832,564.561,23.822,-9.754,0.180
101.0388,16.000,464.038,568.533,22.438,-8.622,0.180
101.1388,14.000,453.883,581.290,10.980,-14.952,0.180
101.2373,13.000,459.494,581.491,13.684,-9.716,0.180
101.3346,12.000,460.829,585.695,12.248,-8.614,0.180
101.4418,11.000,461.174,590.659,9.938,-8.382,0.180
101.5392,8.000,440.484,611.661,-10.909,-21.470,0.180
101.6377,6.000,441.362,615.249,-12.264,-17.657,0.180
101.7357,5.000,449.858,614.149,-7.467,-10.286,0.180
101.8336,3.000,441.900,626.593,-17.668,-15.302,0.180
101.9411,1.000,438.157,635.350,-23.919,-16.358,0.180
102.0384,-1.000,434.860,642.908,-29.347,-16.581,0.180
102.1368,-3.000,430.809,649.382,-34.609,-16.628,0.180
102.2354,-5.000,426.003,655.047,-39.845,-16.637,0.180
102.3340,-7.000,420.530,660.050,-45.083,-16.639,0.180
102.4425,-10.000,403.509,671.871,-59.504,-23.208,0.180
102.5408,-13.000,391.149,678.012,-68.755,-24.591,0.180
102.6389,-15.000,390.405,675.269,-67.756,-18.314,0.180
102.7373,-17.000,384.357,677.154,-71.722,-16.992,0.180
102.8367,-19.000,376.967,679.805,-76.743,-16.714,0.180
102.9334,-21.000,369.211,682.332,-81.884,-16.656,0.180
103.0312,-23.000,361.202,684.698,-87.072,-16.643,0.180
103.1392,-24.000,363.974,679.528,-83.101,-10.072,0.180
103.2360,-26.000,350.470,686.794,-93.486,-15.257,0.180
103.3327,-27.000,351.896,682.466,-90.609,-9.780,0.180
103.4413,-28.000,348.916,682.380,-92.056,-8.627,0.180
103.5394,-29.000,344.955,683.133,-94.414,-8.385,0.180
103.6365,-31.000,329.775,691.388,-106.131,-14.902,0.180
103.7333,-32.000,330.628,687.048,-103.534,-9.706,0.180
103.8416,-33.000,327.340,686.772,-105.041,-8.612,0.180
103.9378,-34.000,323.155,687.327,-107.410,-8.381,0.180
104.0364,-36.000,307.793,695.405,-119.130,-14.901,0.180
104.1347,-37.000,308.493,690.913,-116.534,-9.706,0.180
104.2358,-38.000,305.075,690.507,-118.040,-8.612,0.180
104.3347,-39.000,300.780,690.952,-120.410,-8.381,0.180
104.4314,-40.000,296.293,691.567,-122.962,-8.333,0.180
104.5320,-42.000,280.789,699.580,-134.720,-14.891,0.180
104.6405,-43.000,281.393,695.008,-132.132,-9.703,0.180
104.7398,-43.000,288.867,687.161,-124.472,-2.043,0.180
104.8375,-44.000,279.353,692.759,-132.027,-6.998,0.180
104.9357,-45.000,273.745,694.437,-135.671,-8.042,0.180
105.0323,-46.000,268.955,695.287,-138.490,-8.261,0.180
105.1399,-47.000,264.335,695.959,-141.136,-8.308,0.180
105.2378,-47.000,270.715,689.222,-134.578,-1.749,0.180
105.3357,-47.000,271.944,687.689,-133.197,-0.368,0.180
105.4331,-48.000,261.138,694.638,-142.075,-6.646,0.180
105.5396,-48.000,266.245,689.252,-136.828,-1.399,0.180
105.6375,-49.000,256.263,695.397,-144.892,-6.863,0.180
105.7335,-49.000,261.550,689.849,-139.474,-1.445,0.180
105.8346,-49.000,262.580,688.597,-138.333,-0.304,0.180
105.9338,-49.000,262.725,688.262,-138.093,-0.064,0.180
106.0341,-49.000,262.696,688.131,-138.042,-0.013,0.180
106.1331,-49.000,262.638,688.052,-138.032,-0.003,0.180
106.2327,-49.000,262.582,687.992,-138.029,-0.001,0.180
106.3308,-49.000,262.533,687.942,-138.029,-0.000,0.180
106.4411,-49.000,262.491,687.900,-138.029,-0.000,0.180
106.5376,-49.000,262.456,687.865,-138.029,-0.000,0.180
106.6363,-49.000,262.426,687.834,-138.029,-0.000,0.180
106.7344,-49.000,262.400,687.809,-138.029,-0.000,0.180
106.8336,-49.000,262.378,687.787,-138.029,-0.000,0.180
106.9333,-48.000,270.328,677.400,-128.860,6.568,0.180
107.0303,-48.000,265.606,683.049,-134.046,1.383,0.180
107.1388,-48.000,264.909,684.536,-135.138,0.291,0.180
107.2359,-48.000,265.015,685.101,-135.368,0.061,0.180
107.3327,-48.000,265.251,685.434,-135.416,0.013,0.180
107.4317,-47.000,273.452,675.318,-126.258,6.571,0.180
107.5400,-47.000,268.950,681.192,-131.445,1.383,0.180
107.6378,-47.000,268.441,682.867,-132.538,0.291,0.180
107.7354,-46.000,276.675,673.224,-123.599,6.630,0.180
107.8326,-46.000,272.342,679.360,-128.833,1.396,0.180
107.9399,-45.000,279.975,670.859,-120.767,6.862,0.180
108.0376,-45.000,275.689,677.408,-126.184,1.445,0.180
108.1353,-44.000,283.478,669.142,-118.156,6.873,0.180
108.2331,-44.000,279.350,675.865,-123.582,1.447,0.180
108.3330,-43.000,287.278,667.741,-115.556,6.873,0.180
108.4406,-43.000,283.270,674.584,-120.982,1.447,0.180
108.5364,-42.000,291.300,666.563,-112.956,6.873,0.180
108.6363,-42.000,287.378,673.493,-118.382,1.447,0.180
108.7335,-41.000,295.483,665.545,-110.356,6.873,0.180
108.8311,-40.000,299.592,662.170,-106.613,8.015,0.180
108.9401,-40.000,295.075,670.309,-112.941,1.687,0.180
109.0397,-40.000,295.283,673.181,-114.274,0.355,0.180
109.1370,-39.000,304.280,664.402,-105.386,6.643,0.180
109.2341,-38.000,308.596,660.871,-101.462,7.967,0.180
109.3311,-38.000,304.140,668.995,-107.752,1.677,0.180
109.4395,-37.000,312.343,661.509,-99.907,6.922,0.180
109.5371,-36.000,316.652,658.410,-96.203,8.026,0.180
109.6351,-35.000,320.299,656.391,-93.371,8.258,0.180
109.7324,-33.000,331.908,644.366,-81.553,14.875,0.180
109.8308,-33.000,322.987,658.933,-93.297,3.132,0.180
109.9323,-31.000,338.852,643.068,-77.433,13.796,0.180
110.0400,-29.000,346.897,636.223,-69.988,16.041,0.180
110.1362,-27.000,353.679,631.660,-64.315,16.514,0.180
110.2337,-25.000,360.522,627.904,-59.015,16.613,0.180
110.3326,-23.000,367.655,624.595,-53.794,16.634,0.180
110.4312,-20.000,383.053,611.247,-39.422,23.207,0.180
110.5385,-18.000,385.946,614.296,-39.500,18.023,0.180
110.6385,-17.000,385.123,623.770,-44.648,10.363,0.180
110.7379,-15.000,397.977,616.469,-34.570,15.318,0.180
110.8372,-12.000,415.087,602.880,-19.221,22.930,0.180
110.9366,-11.000,410.892,616.668,-28.213,11.396,0.180
111.0364,-9.000,423.362,610.551,-18.919,15.536,0.180
111.1345,-7.000,432.697,607.816,-12.884,16.408,0.180
111.2324,-7.000,425.513,626.611,-25.874,3.454,0.180
111.3303,-6.000,435.657,623.936,-19.464,7.296,0.180
111.4396,-5.000,442.514,624.027,-16.081,8.104,0.180
111.5383,-5.000,440.543,634.904,-22.505,1.706,0.180
111.6358,-5.000,442.955,640.063,-23.878,0.359,0.180
111.7333,-4.000,453.837,633.216,-15.014,6.644,0.180
111.8320,-3.000,459.759,631.323,-11.106,7.967,0.180
111.9383,-2.000,464.640,630.468,-8.238,8.246,0.180
112.0348,-1.000,469.304,629.825,-5.585,8.304,0.180
112.1325,1.000,481.299,618.248,6.201,14.885,0.180
112.2300,3.000,487.478,611.225,12.802,16.271,0.180
112.3389,5.000,492.037,604.748,18.320,16.562,0.180
112.4368,7.000,495.919,598.035,23.618,16.624,0.180
112.5337,9.000,499.376,590.973,28.877,16.637,0.180
112.6330,11.000,502.504,583.580,34.137,16.639,0.180
112.7347,14.000,512.733,564.926,48.579,23.208,0.180
112.8323,15.000,502.776,573.121,39.503,11.454,0.180
112.9308,17.000,509.310,560.890,48.885,15.548,0.180
113.0297,17.000,497.702,573.656,36.699,3.273,0.180
113.1403,18.000,503.072,565.670,43.377,7.258,0.180
113.2387,19.000,505.198,560.720,46.914,8.096,0.180
113.3366,19.000,499.205,567.313,40.621,1.704,0.180
113.4355,19.000,498.213,568.815,39.374,0.359,0.180
113.5335,20.000,505.514,558.346,48.260,6.644,0.180
113.6326,19.000,490.154,571.615,33.945,-5.170,0.180
113.7300,19.000,494.945,568.046,38.125,-1.088,0.180
113.8291,20.000,503.692,556.738,48.152,6.339,0.180
113.9313,21.000,506.467,551.186,52.316,7.903,0.180
114.0398,21.000,500.548,557.745,46.077,1.664,0.180
114.1370,22.000,506.874,548.362,53.932,6.919,0.180
114.2347,23.000,508.982,543.056,57.638,8.025,0.180
114.3322,24.000,510.156,538.564,60.471,8.258,0.180
114.4297,25.000,511.094,534.205,63.120,8.307,0.180
114.5378,26.000,511.951,529.841,65.730,8.317,0.180
114.6343,26.000,505.394,536.417,59.164,1.751,0.180
114.7360,27.000,511.388,526.839,66.950,6.937,0.180
114.8337,27.000,505.888,532.292,61.474,1.460,0.180
114.9308,27.000,504.715,533.425,60.321,0.307,0.180
115.0387,27.000,504.456,533.651,60.078,0.065,0.180
115.1365,27.000,504.390,533.688,60.027,0.014,0.180
115.2353,26.000,493.999,541.655,50.848,-6.566,0.180
115.3342,26.000,499.652,536.941,56.031,-1.382,0.180
115.4336,25.000,490.774,544.218,47.954,-6.859,0.180
115.5309,24.000,486.640,547.590,44.201,-8.013,0.180
115.6388,23.000,483.774,550.409,41.358,-8.255,0.180
115.7378,21.000,471.035,561.309,29.538,-14.875,0.180
115.8365,20.000,474.627,559.752,32.113,-9.700,0.180
115.9345,18.000,464.007,570.303,21.528,-15.179,0.180
116.0322,17.000,468.681,569.170,24.431,-9.764,0.180
116.1304,15.000,458.736,580.325,13.881,-15.192,0.180
116.2378,14.000,463.948,579.741,16.779,-9.767,0.180
116.3366,13.000,464.825,583.398,15.389,-8.625,0.180
116.4325,11.000,454.381,595.896,3.918,-14.953,0.180
116.5307,10.000,459.742,595.881,6.606,-9.716,0.180
116.6391,8.000,450.490,607.877,-4.018,-15.182,0.180
116.7358,7.000,456.310,607.989,-1.164,-9.765,0.180
116.8333,6.000,457.703,612.239,-2.592,-8.624,0.180
116.9297,4.000,447.694,625.244,-14.100,-14.952,0.180
117.0372,2.000,443.045,633.640,-20.622,-16.285,0.180
117.1369,-0.000,439.757,641.312,-26.102,-16.565,0.180
117.2345,-2.000,435.751,647.845,-31.371,-16.624,0.180
117.3326,-4.000,430.992,653.553,-36.605,-16.637,0.180
117.4299,-6.000,425.561,658.589,-41.839,-16.639,0.180
117.5288,-8.000,419.551,663.064,-47.081,-16.640,0.180
117.6391,-9.000,424.021,659.690,-43.159,-10.072,0.180
117.7367,-10.000,422.917,661.125,-44.428,-8.689,0.180
117.8337,-9.000,439.339,645.584,-28.447,4.739,0.180
117.9292,-10.000,426.451,658.621,-41.409,-5.571,0.180
118.0377,-10.000,432.361,655.838,-37.063,-1.173,0.180
118.1342,-10.000,434.563,656.293,-36.189,-0.247,0.180
118.2312,-10.000,435.836,657.280,-36.046,-0.052,0.180
118.3288,-10.000,436.785,658.251,-36.057,-0.011,0.180
118.4366,-10.000,437.558,659.110,-36.101,-0.002,0.180
118.5361,-10.000,438.201,659.854,-36.151,-0.000,0.180
118.6370,-11.000,427.765,667.869,-45.376,-6.569,0.180
118.7365,-12.000,422.391,670.585,-49.421,-7.951,0.180
118.8359,-12.000,428.977,664.741,-43.206,-1.674,0.180
118.9330,-14.000,408.604,678.544,-60.294,-13.489,0.180
119.0306,-14.000,419.388,668.175,-49.718,-2.840,0.180
119.1382,-16.000,399.786,680.929,-65.896,-13.735,0.180
119.2359,-18.000,388.689,685.007,-73.483,-16.028,0.180
119.3332,-19.000,390.293,679.836,-70.096,-9.943,0.180
119.4303,-20.000,387.158,679.339,-71.415,-8.662,0.180
119.5279,-20.000,393.952,672.458,-64.577,-1.824,0.180
119.6373,-19.000,403.225,660.711,-54.068,6.185,0.180
119.7347,-17.000,414.639,645.394,-40.702,14.439,0.180
119.8334,-16.000,412.466,647.849,-43.016,9.608,0.180
119.9318,-14.000,422.365,636.391,-32.337,15.160,0.180
120.0289,-13.000,420.635,640.395,-35.204,9.760,0.180
120.1383,-11.000,431.276,629.887,-24.630,15.192,0.180
120.2366,-10.000,430.255,634.620,-27.507,9.767,0.180
120.3339,-10.000,425.571,645.461,-35.269,2.056,0.180
120.4299,-9.000,434.486,639.379,-27.771,7.001,0.180
120.5312,-8.000,439.589,637.283,-24.172,8.042,0.180
120.6282,-8.000,435.977,646.453,-30.562,1.693,0.180
120.7274,-7.000,444.933,639.819,-22.767,6.925,0.180
120.8352,-7.000,441.917,647.810,-28.271,1.458,0.180
120.9334,-6.000,450.818,640.737,-20.284,6.875,0.180
121.0308,-5.000,455.609,638.100,-16.570,8.016,0.180
121.1292,-4.000,459.644,636.496,-13.750,8.256,0.180
121.2291,-3.000,463.612,635.195,-11.115,8.307,0.180
121.3275,-3.000,459.672,644.401,-17.689,1.749,0.180
121.4284,-1.000,476.462,627.288,-0.738,13.505,0.180
121.5365,-0.000,476.631,630.444,-2.231,9.412,0.180
121.6343,1.000,479.487,629.814,-0.488,8.550,0.180
121.7345,2.000,482.562,628.031,1.941,8.368,0.180
121.8347,2.000,478.015,636.677,-4.655,1.762,0.180
121.9316,2.000,478.377,639.799,-6.036,0.371,0.180
122.0294,3.000,486.949,630.588,2.856,6.647,0.180
122.1300,3.000,482.945,637.048,-2.376,1.399,0.180
122.2285,3.000,482.900,639.182,-3.465,0.295,0.180
122.3276,3.000,483.571,640.286,-3.682,0.062,0.180
122.4274,2.000,473.919,649.048,-12.889,-6.555,0.180
122.5366,1.000,469.852,652.957,-16.877,-7.948,0.180
122.6357,1.000,477.565,648.110,-10.597,-1.673,0.180
122.7333,-0.000,469.736,655.975,-18.444,-6.921,0.180
122.8300,-1.000,465.742,659.400,-22.154,-8.025,0.180
122.9375,-1.000,473.330,654.328,-15.823,-1.690,0.180
123.0346,-2.000,464.755,661.442,-23.668,-6.924,0.180
123.1325,-2.000,471.090,656.865,-18.212,-1.458,0.180
123.2299,-2.000,472.977,656.472,-17.072,-0.307,0.180
123.3357,-1.000,481.818,646.501,-7.666,6.504,0.180
123.4310,-0.000,485.672,642.287,-3.632,7.938,0.180
123.5276,-0.000,480.752,649.901,-9.899,1.671,0.180
123.6360,1.000,487.951,641.391,-2.045,6.920,0.180
123.7340,1.000,483.436,647.792,-7.503,1.457,0.180
123.8301,2.000,490.466,638.765,0.526,6.875,0.180
123.9291,2.000,485.700,644.834,-4.891,1.447,0.180
124.0264,2.000,485.122,646.520,-6.024,0.305,0.180
124.1364,2.000,485.362,647.221,-6.254,0.064,0.180
124.2325,2.000,485.722,647.661,-6.294,0.014,0.180
124.3286,1.000,475.688,655.975,-15.468,-6.566,0.180
124.4356,1.000,481.646,651.555,-10.279,-1.382,0.180
124.5317,-0.000,473.022,659.086,-18.357,-6.859,0.180
124.6299,-0.000,479.473,654.707,-12.941,-1.444,0.180
124.7299,-0.000,481.493,654.447,-11.801,-0.304,0.180
124.8368,-1.000,471.508,662.329,-20.735,-6.632,0.180
124.9354,-1.000,477.345,657.704,-15.504,-1.396,0.180
125.0316,-2.000,467.983,664.495,-23.580,-6.862,0.180
125.1296,-2.000,473.799,659.496,-18.173,-1.445,0.180
125.2269,-3.000,464.302,666.086,-26.217,-6.873,0.180
125.3269,-4.000,459.003,668.314,-29.980,-8.015,0.180
125.4368,-4.000,465.505,662.202,-23.673,-1.687,0.180
125.5335,-4.000,466.982,661.056,-22.362,-0.355,0.180
125.6316,-5.000,456.409,668.311,-31.276,-6.643,0.180
125.7304,-5.000,461.717,663.182,-26.057,-1.399,0.180
125.8273,-5.000,462.872,662.180,-24.979,-0.294,0.180
125.9351,-5.000,463.143,662.039,-24.772,-0.062,0.180
126.0339,-5.000,463.221,662.071,-24.749,-0.013,0.180
126.1340,-6.000,452.279,669.507,-33.939,-6.571,0.180
126.2320,-6.000,457.445,664.360,-28.782,-1.383,0.180
126.3302,-7.000,447.541,670.681,-36.895,-6.860,0.180
126.4292,-7.000,452.897,665.279,-31.516,-1.444,0.180
126.5264,-7.000,453.981,664.156,-30.412,-0.304,0.180
126.6355,-9.000,432.221,678.683,-48.556,-13.201,0.180
126.7331,-9.000,442.522,668.234,-38.181,-2.779,0.180
126.8306,-10.000,433.632,673.398,-45.207,-7.154,0.180
126.9294,-12.000,417.197,682.466,-57.959,-14.643,0.180
127.0266,-13.000,417.590,678.211,-55.635,-9.651,0.180
127.1344,-14.000,414.027,677.891,-57.257,-8.600,0.180
127.2317,-15.000,409.620,678.398,-59.713,-8.379,0.180
127.3282,-16.000,405.026,679.077,-62.350,-8.332,0.180
127.4292,-17.000,400.383,679.792,-65.029,-8.323,0.180
127.5264,-17.000,406.696,673.140,-58.547,-1.752,0.180
127.6361,-19.000,385.900,686.449,-75.599,-13.506,0.180
127.7341,-19.000,396.281,675.703,-65.035,-2.843,0.180
127.8325,-20.000,387.402,680.671,-71.959,-7.167,0.180
127.9307,-21.000,381.930,682.220,-75.469,-8.077,0.180
128.0298,-23.000,366.203,690.412,-87.429,-14.837,0.180
128.1262,-23.000,377.714,678.496,-75.716,-3.124,0.180
128.2349,-25.000,358.071,690.595,-91.586,-13.794,0.180
128.3328,-25.000,368.755,679.498,-80.696,-2.904,0.180
128.4314,-24.000,378.841,666.662,-69.235,5.957,0.180
128.5279,-23.000,382.438,661.328,-64.769,7.823,0.180
128.6267,-23.000,377.023,668.265,-70.945,1.647,0.180
128.7361,-23.000,376.370,670.212,-72.245,0.347,0.180
128.8340,-23.000,376.647,671.036,-72.519,0.073,0.180
128.9312,-23.000,377.057,671.561,-72.577,0.015,0.180
129.0291,-23.000,377.442,671.970,-72.589,0.003,0.180
129.1283,-23.000,377.777,672.311,-72.591,0.001,0.180
129.2351,-25.000,356.127,687.335,-90.929,-13.137,0.180
129.3321,-25.000,366.682,677.148,-80.558,-2.766,0.180
129.4302,-26.000,358.053,682.490,-87.543,-7.151,0.180
129.5269,-25.000,371.770,666.579,-72.729,5.063,0.180
129.6364,-28.000,335.435,693.249,-104.231,-18.639,0.180
129.7253,-24.000,382.417,637.453,-52.842,22.350,0.180
129.8364,-24.000,367.026,657.351,-70.487,4.705,0.180
129.9337,-23.000,373.195,652.612,-65.033,7.559,0.180
130.0336,-23.000,369.336,660.688,-71.001,1.591,0.180
130.1318,-26.000,336.966,685.842,-99.762,-19.370,0.180
130.2308,-24.000,369.628,651.246,-66.133,9.059,0.180
130.3293,-22.000,380.592,639.839,-54.948,15.044,0.180
130.4258,-21.000,379.495,644.159,-57.656,9.736,0.180
130.5338,-19.000,390.516,634.076,-47.104,15.186,0.180
130.6310,-15.000,413.722,608.069,-22.498,29.471,0.180
130.7270,-5.000,474.923,532.487,45.894,71.889,0.180
130.8259,-2.000,450.952,567.034,16.635,34.840,0.180
130.9351,-1.000,440.405,593.171,-1.707,13.903,0.180
131.0316,3.000,467.644,568.983,24.006,29.201,0.180
131.1304,4.000,459.276,588.344,10.142,12.716,0.180
131.2305,7.000,477.551,571.613,27.645,22.382,0.180
131.3285,8.000,472.448,583.430,19.184,11.280,0.180
131.4271,9.000,475.310,585.673,19.494,8.943,0.180
131.5253,10.000,479.340,585.383,21.654,8.451,0.180
131.6334,10.000,475.810,595.093,15.034,1.779,0.180
131.7314,10.000,477.083,599.071,13.681,0.375,0.180
131.8275,11.000,486.445,590.574,22.611,6.647,0.180
131.9255,12.000,490.495,586.658,26.594,7.968,0.180
132.0332,12.000,485.825,594.443,20.366,1.677,0.180
132.1337,12.000,485.886,597.029,19.104,0.353,0.180
132.2309,13.000,494.169,587.397,28.062,6.643,0.180
132.3288,14.000,497.292,582.526,32.058,7.967,0.180
132.4258,-26.000,90.548,921.835,-340.968,-261.060,0.180
132.5338,-29.000,265.958,740.056,-162.374,-74.665,0.180
132.6304,-32.000,293.791,705.008,-130.933,-35.424,0.180
132.7281,-32.000,323.192,678.475,-102.966,-7.458,0.180
132.8257,-32.000,330.298,673.806,-97.078,-1.570,0.180
132.9331,-32.000,332.573,673.602,-95.839,-0.331,0.180
133.0299,-29.000,357.620,643.117,-68.073,19.636,0.180
133.1261,11.000,681.126,264.038,283.219,266.871,0.180
133.2344,31.000,630.189,267.739,255.901,187.552,0.180
133.3339,33.000,506.158,403.168,126.170,52.621,0.180
133.4312,35.000,487.196,430.619,102.964,24.215,0.180
133.5293,37.000,489.423,434.407,102.184,18.235,0.180
133.6296,39.000,495.321,432.423,106.125,16.976,0.180
133.7287,41.000,501.318,428.551,111.059,16.711,0.180
133.8268,43.000,506.766,423.710,116.204,16.655,0.180
133.9249,44.000,504.244,429.148,112.224,10.075,0.180
134.0335,45.000,506.398,428.873,113.438,8.689,0.180
134.1334,45.000,501.836,438.031,106.578,1.829,0.180
134.2311,45.000,502.346,441.429,105.134,0.385,0.180
134.3293,45.000,503.702,443.394,104.830,0.081,0.180
134.4264,45.000,505.050,444.869,104.766,0.017,0.180
134.5251,45.000,506.236,446.083,104.752,0.004,0.180
134.6323,46.000,514.622,436.137,113.918,6.569,0.180
134.7313,46.000,510.272,442.160,108.732,1.383,0.180
134.8276,46.000,509.892,443.963,107.640,0.291,0.180
134.9247,47.000,517.635,433.829,116.579,6.630,0.180
135.0337,46.000,502.517,447.515,102.176,-5.173,0.180
135.1324,46.000,507.492,444.323,106.260,-1.089,0.180
135.2289,46.000,509.109,444.221,107.120,-0.229,0.180
135.3251,46.000,509.934,444.684,107.301,-0.048,0.180
135.4239,45.000,500.151,453.162,98.170,-6.579,0.180
135.5329,45.000,506.290,448.913,103.364,-1.385,0.180
135.6327,44.000,497.818,456.592,95.289,-6.860,0.180
135.7308,44.000,504.397,452.339,100.705,-1.444,0.180
135.8293,43.000,496.157,460.156,92.676,-6.872,0.180
135.9289,42.000,492.535,464.019,88.934,-8.015,0.180
136.0263,42.000,500.465,459.293,95.261,-1.687,0.180
136.1336,41.000,492.791,467.291,87.425,-6.924,0.180
136.2316,40.000,489.526,471.431,83.723,-8.026,0.180
136.3298,40.000,497.734,466.967,90.059,-1.690,0.180
136.4289,38.000,479.922,483.161,73.056,-13.493,0.180
136.5275,37.000,482.518,482.790,74.540,-9.409,0.180
136.6262,35.000,471.655,493.744,63.631,-15.118,0.180
136.7339,34.000,476.261,492.816,66.398,-9.751,0.180
136.8308,32.000,466.285,504.118,55.759,-15.190,0.180
136.9281,30.000,461.104,511.626,49.414,-16.335,0.180
137.0261,28.000,457.252,518.657,43.973,-16.576,0.180
137.1241,26.000,453.951,525.858,38.722,-16.626,0.180
137.2340,25.000,461.367,525.358,42.680,-10.069,0.180
137.3309,23.000,453.019,537.785,32.292,-15.257,0.180
137.4319,21.000,449.060,546.411,26.000,-16.349,0.180
137.5320,18.000,435.939,562.299,11.495,-23.147,0.180
137.6301,16.000,439.235,565.555,11.516,-18.010,0.180
137.7280,13.000,428.200,580.959,-1.704,-23.497,0.180
137.8256,11.000,432.427,584.645,-1.433,-18.084,0.180
137.9328,8.000,422.004,600.595,-14.620,-23.512,0.180
138.0311,7.000,437.083,596.814,-5.190,-11.518,0.180
138.1285,4.000,421.393,617.906,-23.581,-22.130,0.180
138.2268,2.000,424.934,623.158,-24.436,-17.796,0.180
138.3248,1.000,435.357,623.809,-19.550,-10.315,0.180
138.4336,-1.000,428.365,637.214,-29.749,-15.308,0.180
138.5326,-2.000,435.197,638.232,-26.842,-9.791,0.180
138.6289,-3.000,436.779,642.723,-28.296,-8.630,0.180
138.7261,-4.000,436.684,647.380,-30.672,-8.385,0.180
138.8338,-4.000,446.722,644.220,-24.073,-1.765,0.180
138.9298,-4.000,451.018,645.770,-22.700,-0.372,0.180
139.0278,-5.000,442.802,655.356,-31.601,-6.647,0.180
139.1251,-4.000,458.079,641.843,-17.206,5.169,0.180
139.2242,-5.000,445.253,655.568,-30.482,-5.480,0.180
139.3315,-5.000,451.436,653.149,-26.181,-1.154,0.180
139.4330,-4.000,461.894,643.491,-16.123,6.326,0.180
139.5317,-4.000,458.719,650.345,-21.138,1.332,0.180
139.6332,-4.000,459.211,652.981,-22.210,0.280,0.180
139.7328,-4.000,460.298,654.553,-22.452,0.059,0.180
139.8296,-4.000,461.361,655.750,-22.519,0.012,0.180
139.9299,-3.000,470.264,646.368,-13.376,6.571,0.180
140.0274,-4.000,455.384,660.241,-27.753,-5.185,0.180
140.1253,-4.000,460.528,657.240,-23.680,-1.092,0.180
140.2235,-4.000,462.280,657.310,-22.839,-0.230,0.180
140.3321,-5.000,452.242,665.298,-31.852,-6.617,0.180
140.4316,-6.000,447.094,668.102,-35.828,-7.961,0.180
140.5275,-7.000,442.879,669.725,-38.748,-8.245,0.180
140.6272,-8.000,438.776,671.025,-41.449,-8.304,0.180
140.7258,-10.000,423.652,679.567,-53.282,-14.885,0.180
140.8240,-11.000,424.580,675.443,-50.756,-9.702,0.180
140.9233,-12.000,421.351,675.356,-52.327,-8.611,0.180
141.0236,-13.000,417.203,676.085,-54.765,-8.381,0.180
141.1230,-15.000,401.852,684.330,-66.563,-14.901,0.180
141.2309,-16.000,402.545,679.998,-64.051,-9.706,0.180
141.3285,-17.000,399.104,679.745,-65.645,-8.612,0.180
141.4255,-17.000,405.744,672.965,-58.935,-1.813,0.180
141.5254,-18.000,396.054,678.936,-66.766,-6.950,0.180
141.6256,-19.000,390.393,680.836,-70.546,-8.032,0.180
141.7323,-19.000,396.536,674.496,-64.304,-1.691,0.180
141.8313,-19.000,397.689,673.176,-63.068,-0.356,0.180
141.9283,-20.000,386.930,680.192,-71.955,-6.643,0.180
142.0293,-21.000,381.116,682.225,-75.879,-7.967,0.180
142.1261,-21.000,387.299,675.829,-69.589,-1.677,0.180
142.2249,-22.000,377.564,681.782,-77.434,-6.922,0.180
142.3221,-22.000,382.921,676.211,-71.969,-1.457,0.180
142.4290,-23.000,373.012,682.338,-79.987,-6.875,0.180
142.5250,-23.000,378.332,676.802,-74.559,-1.447,0.180
142.6246,-24.000,368.415,682.937,-82.585,-6.873,0.180
142.7318,-24.000,373.734,677.403,-77.159,-1.447,0.180
142.8280,-25.000,363.816,683.537,-85.185,-6.873,0.180
142.9239,-25.000,369.134,678.004,-79.759,-1.447,0.180
143.0251,-26.000,359.217,684.138,-87.785,-6.873,0.180
143.1233,-26.000,364.535,678.604,-82.359,-1.447,0.180
143.2228,-26.000,365.586,677.370,-81.217,-0.305,0.180
143.3311,-26.000,365.748,677.052,-80.976,-0.064,0.180
143.4322,-27.000,354.764,684.303,-90.094,-6.582,0.180
143.5295,-27.000,359.874,679.021,-84.898,-1.386,0.180
143.6272,-27.000,360.895,677.853,-83.804,-0.292,0.180
143.7253,-28.000,350.094,684.929,-92.742,-6.630,0.180
143.8224,-28.000,355.245,679.612,-87.508,-1.396,0.180
143.9293,-28.000,356.277,678.439,-86.406,-0.294,0.180
144.0282,-28.000,356.449,678.148,-86.174,-0.062,0.180
144.1262,-28.000,356.447,678.048,-86.125,-0.013,0.180
144.2250,-28.000,356.414,677.994,-86.115,-0.003,0.180
144.3229,-28.000,356.379,677.955,-86.113,-0.001,0.180
144.4239,-28.000,356.348,677.923,-86.112,-0.000,0.180
144.5238,-28.000,356.321,677.897,-86.112,-0.000,0.180
144.6228,-28.000,356.299,677.874,-86.112,-0.000,0.180
144.7308,-28.000,356.280,677.855,-86.112,-0.000,0.180
144.8285,-28.000,356.263,677.838,-86.112,-0.000,0.180
144.9274,-27.000,364.218,667.456,-76.944,6.568,0.180
145.0252,-27.000,359.500,673.110,-82.129,1.383,0.180
145.1323,-27.000,358.807,674.600,-83.221,0.291,0.180
145.2297,-27.000,358.915,675.168,-83.451,0.061,0.180
145.3258,-27.000,359.154,675.504,-83.499,0.013,0.180
145.4236,-27.000,359.389,675.758,-83.509,0.003,0.180
145.5217,-27.000,359.594,675.968,-83.511,0.001,0.180
145.6297,-26.000,367.739,665.777,-74.343,6.569,0.180
145.7285,-26.000,363.183,671.592,-79.529,1.383,0.180
145.8278,-26.000,362.627,673.220,-80.621,0.291,0.180
145.9253,-26.000,362.852,673.905,-80.851,0.061,0.180
146.0247,-26.000,363.191,674.340,-80.899,0.013,0.180
146.1226,-26.000,363.510,674.679,-80.909,0.003,0.180
146.2319,-25.000,371.755,664.593,-71.743,6.569,0.180
146.3288,-25.000,367.287,670.496,-76.929,1.383,0.180
146.4269,-24.000,374.774,661.830,-68.852,6.860,0.180
146.5251,-24.000,370.357,668.244,-74.268,1.444,0.180
146.6215,-23.000,378.034,659.864,-66.240,6.872,0.180
146.7296,-22.000,381.778,656.123,-62.497,8.015,0.180
146.8268,-22.000,376.951,663.952,-68.825,1.687,0.180
146.9231,-21.000,384.864,656.191,-60.988,6.924,0.180
147.0316,-20.000,388.931,652.854,-57.286,8.026,0.180
147.1288,-19.000,392.274,650.730,-54.553,8.258,0.180
147.2245,-18.000,395.647,648.993,-51.997,8.307,0.180
147.3277,-17.000,399.165,647.467,-49.476,8.317,0.180
147.4251,-16.000,402.830,646.095,-46.957,8.319,0.180
147.5218,-15.000,406.627,644.847,-44.434,8.320,0.180
147.6290,-15.000,402.564,654.076,-51.080,1.752,0.180
147.7281,-13.000,419.246,636.985,-34.194,13.506,0.180
147.8265,-12.000,419.316,640.168,-35.750,9.412,0.180
147.9271,-11.000,422.680,640.170,-34.069,8.550,0.180
148.0269,-10.000,426.776,639.533,-31.703,8.368,0.180
148.1240,-8.000,439.035,628.415,-20.014,14.899,0.180
148.2222,-7.000,469.067,633.105,-18.545,13.804,0.320
148.3241,-5.000,510.750,624.389,-2.866,24.309,0.320
148.4241,-4.000,531.178,640.598,-8.850,15.746,0.320
148.5210,-2.000,569.508,636.864,5.303,24.710,0.320
148.6285,-1.000,588.080,656.313,-0.983,15.829,0.320
148.7264,-0.000,612.784,669.542,-0.215,13.996,0.320
148.8254,1.000,637.324,681.179,2.012,13.618,0.320
148.9237,2.000,660.790,692.399,4.544,13.540,0.320
149.0216,2.000,671.735,718.711,-6.192,2.794,0.320
149.1313,2.000,690.345,736.545,-8.399,0.577,0.320
149.2291,2.000,709.978,752.663,-8.846,0.119,0.320
149.3303,1.000,714.935,780.710,-22.265,-10.706,0.320
149.4292,1.000,742.944,788.528,-13.763,-2.209,0.320
149.5270,-0.000,749.255,815.285,-25.340,-11.186,0.320
149.6251,-1.000,761.970,834.613,-29.798,-13.038,0.320
149.7234,-1.000,790.797,840.797,-19.455,-2.690,0.320
149.8312,-3.000,780.515,877.933,-43.996,-22.015,0.320
149.9287,-4.000,800.224,887.984,-39.874,-15.273,0.320
150.0252,-6.000,798.950,914.649,-54.444,-24.612,0.320
150.1218,-7.000,819.886,922.230,-48.278,-15.809,0.320
150.2280,-9.000,818.327,948.123,-62.438,-24.722,0.320
150.3272,-11.000,823.489,966.740,-69.535,-26.562,0.320
150.4244,-13.000,829.809,983.727,-75.182,-26.941,0.320
150.5226,-14.000,851.427,988.854,-67.203,-16.289,0.320
150.6292,-16.000,849.252,1013.857,-81.018,-24.822,0.320
150.7262,-16.000,884.150,1009.137,-61.402,-5.122,0.320
150.8242,-17.000,888.254,1031.620,-70.755,-11.787,0.320
150.9241,-17.000,912.846,1037.401,-61.489,-2.432,0.320
151.0204,-18.000,898.931,1046.236,-72.982,-11.232,0.320
151.1279,-19.000,891.939,1048.072,-77.497,-13.048,0.320
151.2254,-20.000,886.437,1048.349,-80.471,-13.423,0.320
151.3202,-21.000,881.193,1048.313,-83.149,-13.500,0.320
151.4200,-21.000,891.225,1036.793,-72.434,-2.786,0.320
151.5283,-21.000,892.855,1033.898,-70.224,-0.575,0.320
151.6254,-22.000,877.568,1044.269,-83.098,-10.849,0.320
151.7248,-22.000,885.628,1035.032,-74.487,-2.239,0.320
151.8233,-23.000,871.686,1044.133,-86.041,-11.192,0.320
151.9214,-23.000,880.038,1034.665,-77.158,-2.309,0.320
152.0295,-23.000,881.421,1032.335,-75.325,-0.477,0.320
152.1277,-24.000,866.166,1042.945,-88.277,-10.828,0.320
152.2256,-25.000,859.052,1045.269,-93.013,-12.965,0.320
152.3235,-25.000,868.820,1034.431,-82.724,-2.675,0.320
152.4225,-26.000,855.251,1043.250,-93.931,-11.282,0.320
152.5314,-26.000,863.696,1033.767,-84.977,-2.328,0.320
152.6305,-27.000,849.862,1042.880,-96.459,-11.211,0.320
152.7306,-27.000,858.260,1033.469,-87.562,-2.313,0.320
152.8304,-27.000,859.671,1031.196,-85.726,-0.477,0.320
152.9277,-27.000,859.689,1030.445,-85.347,-0.098,0.320
153.0250,-27.000,859.461,1030.051,-85.269,-0.020,0.320
153.1232,-27.000,859.216,1029.767,-85.253,-0.004,0.320
153.2204,-27.000,858.998,1029.535,-85.250,-0.001,0.320
153.3196,-27.000,858.811,1029.340,-85.249,-0.000,0.320
153.4254,-28.000,843.401,1040.586,-98.579,-10.730,0.320
153.5235,-28.000,851.649,1031.797,-90.063,-2.214,0.320
153.6246,-30.000,822.678,1052.629,-114.966,-21.917,0.320
153.7235,-31.000,824.364,1046.184,-110.902,-15.253,0.320
153.8212,-32.000,820.699,1044.965,-112.126,-13.878,0.320
153.9209,-35.000,785.387,1067.605,-141.103,-35.054,0.320
154.0284,-37.000,781.823,1061.718,-139.943,-28.694,0.320
154.1260,-38.000,788.330,1049.338,-130.500,-16.651,0.320
154.2223,-40.000,770.049,1057.946,-143.945,-24.896,0.320
154.3211,-40.000,788.698,1037.076,-124.186,-5.137,0.320
154.4293,-40.000,791.831,1032.054,-120.109,-1.060,0.320
154.5257,-39.000,804.121,1016.000,-105.937,10.511,0.320
154.6265,-37.000,820.179,995.421,-87.619,23.629,0.320
154.7226,-34.000,839.255,972.023,-66.382,37.066,0.320
154.8202,-26.000,910.502,888.822,10.841,93.490,0.320
154.9287,-1.000,1149.472,609.691,269.892,287.546,0.320
155.0283,14.000,1113.758,630.348,241.706,220.287,0.320
155.1263,21.000,1034.899,714.529,160.186,120.567,0.320
155.2236,27.000,1020.434,731.478,144.479,89.260,0.320
155.3227,33.000,1028.109,720.873,153.618,82.800,0.320
155.4207,36.000,1004.381,748.592,127.895,49.276,0.320
155.5193,39.000,1005.699,748.145,128.777,42.359,0.320
155.6274,42.000,1011.182,740.883,135.150,40.931,0.320
155.7236,44.000,1005.262,746.612,129.325,29.906,0.320
155.8216,47.000,1018.675,727.515,145.580,38.362,0.320
155.9199,49.000,1013.135,729.545,141.795,29.376,0.320
156.0258,51.000,1014.148,723.867,145.141,27.522,0.320
156.1259,54.000,1027.554,700.977,163.288,37.870,0.320
156.2230,56.000,1020.788,701.001,159.893,29.275,0.320
156.3209,58.000,1020.509,693.869,163.320,27.501,0.320
156.4279,61.000,1032.764,669.796,181.484,37.865,0.320
156.5257,64.000,1036.419,653.574,191.423,40.004,0.320
156.6224,67.000,1038.060,638.732,199.664,40.445,0.320
156.7209,68.000,1016.260,654.471,180.895,19.076,0.320
156.8189,71.000,1034.275,622.784,205.746,36.127,0.320
156.9281,73.000,1027.113,619.645,203.734,28.915,0.320
157.0259,75.000,1025.607,610.715,207.446,27.427,0.320
157.1236,77.000,1025.224,600.547,212.339,27.120,0.320
157.2211,78.000,1013.627,605.337,204.145,16.326,0.320
157.3187,80.000,1022.096,586.400,217.848,24.829,0.320
157.4256,81.000,1012.352,589.408,211.472,15.854,0.320
157.5228,83.000,1021.227,570.126,225.551,24.732,0.320
157.6211,84.000,1011.587,573.082,219.252,15.834,0.320
157.7308,85.000,1009.089,569.057,220.016,13.997,0.320
157.8267,85.000,996.708,578.894,208.907,2.888,0.320
157.9236,86.000,1004.745,564.855,219.945,11.326,0.320
158.0213,87.000,1006.115,557.542,224.286,13.067,0.320
158.1205,86.000,980.308,579.138,200.585,-8.034,0.320
158.2286,86.000,986.395,572.473,206.961,-1.658,0.320
158.3257,86.000,987.464,570.911,208.277,-0.342,0.320
158.4233,86.000,987.526,570.430,208.548,-0.071,0.320
158.5213,85.000,972.994,582.446,195.274,-10.745,0.320
158.6294,84.000,967.543,586.600,190.471,-12.947,0.320
158.7281,83.000,964.356,589.522,187.417,-13.402,0.320
158.8279,83.000,976.381,580.274,198.053,-2.765,0.320
158.9279,82.000,965.345,591.509,186.918,-11.301,0.320
159.0269,80.000,947.078,608.625,169.227,-23.792,0.320
159.1262,80.000,968.472,592.254,188.109,-4.910,0.320
159.2237,77.000,931.273,627.242,152.015,-33.204,0.320
159.3210,76.000,946.775,616.701,165.037,-17.582,0.320
159.4191,74.000,935.516,630.855,152.331,-25.088,0.320
159.5191,73.000,945.249,627.425,158.912,-15.907,0.320
159.6265,71.000,933.231,643.479,144.876,-24.743,0.320
159.7226,69.000,928.764,653.058,137.853,-26.566,0.320
159.8196,68.000,940.610,649.396,145.607,-16.212,0.320
159.9292,65.000,915.224,678.259,118.483,-35.536,0.320
160.0268,63.000,920.585,680.533,120.026,-28.793,0.320
160.1254,61.000,920.861,688.427,116.217,-27.402,0.320
160.2234,59.000,920.261,697.652,111.304,-27.115,0.320
160.3214,56.000,905.215,719.549,92.833,-37.786,0.320
160.4195,54.000,913.795,721.472,96.161,-29.257,0.320
160.5291,51.000,901.248,742.466,79.391,-38.228,0.320
160.6272,48.000,896.448,756.967,69.740,-40.079,0.320
160.7255,46.000,908.059,758.282,74.888,-29.731,0.320
160.8240,43.000,896.917,779.930,58.493,-38.325,0.320
160.9227,40.000,893.069,795.229,48.920,-40.099,0.320
161.0198,37.000,891.029,809.522,40.754,-40.465,0.320
161.1264,34.000,889.621,823.865,32.878,-40.540,0.320
161.2227,30.000,874.153,850.688,11.733,-51.286,0.320
161.3209,27.000,882.452,857.561,12.445,-42.773,0.320
161.4204,23.000,869.706,883.562,-6.928,-51.747,0.320
161.5202,20.000,879.178,890.878,-5.850,-42.868,0.320
161.6190,17.000,881.693,905.152,-11.729,-41.036,0.320
161.7287,13.000,868.324,933.152,-32.414,-51.388,0.320
161.8279,10.000,878.149,941.284,-31.568,-42.794,0.320
161.9265,7.000,881.050,956.166,-37.558,-41.021,0.320
162.0256,4.000,882.454,972.397,-44.971,-40.655,0.320
162.1231,2.000,897.905,976.616,-39.355,-29.849,0.320
162.2213,-0.000,904.135,988.786,-42.325,-27.620,0.320
162.3197,-3.000,891.109,1011.931,-60.411,-37.890,0.320
162.4180,-6.000,884.200,1024.922,-70.361,-40.009,0.320
162.5275,-8.000,892.496,1023.116,-65.310,-29.716,0.320
162.6254,-10.000,891.286,1028.162,-68.438,-27.592,0.320
162.7256,-12.000,887.252,1033.776,-73.262,-27.154,0.320
162.8260,-14.000,881.901,1038.791,-78.445,-27.064,0.320
162.9257,-15.000,890.909,1031.657,-70.374,-16.315,0.320
163.0239,-17.000,875.565,1043.914,-84.174,-24.827,0.320
163.1209,-18.000,881.613,1037.402,-77.894,-15.853,0.320
163.2180,-20.000,864.997,1048.943,-91.973,-24.732,0.320
163.3275,-20.000,885.469,1030.158,-72.345,-5.103,0.320
163.4265,-22.000,859.736,1049.645,-94.955,-22.513,0.320
163.5245,-23.000,862.699,1043.533,-90.417,-15.376,0.320
163.6227,-24.000,859.813,1042.901,-91.544,-13.903,0.320
163.7206,-25.000,855.602,1043.283,-93.840,-13.599,0.320
163.8197,-26.000,851.017,1043.772,-96.378,-13.536,0.320
163.9205,-28.000,831.020,1055.609,-112.295,-24.254,0.320
164.0198,-28.000,849.800,1035.892,-93.046,-5.005,0.320
164.1189,-29.000,838.124,1042.932,-102.404,-11.763,0.320
164.2175,-30.000,831.739,1044.536,-106.399,-13.157,0.320
164.3265,-31.000,826.400,1044.972,-109.286,-13.445,0.320
164.4254,-32.000,821.236,1045.128,-111.946,-13.505,0.320
164.5227,-32.000,831.326,1033.781,-101.228,-2.787,0.320
164.6223,-33.000,817.753,1042.446,-112.346,-11.305,0.320
164.7208,-33.000,826.139,1032.887,-103.374,-2.333,0.320
164.8206,-34.000,812.243,1041.948,-114.853,-11.212,0.320
164.9188,-34.000,820.585,1032.495,-105.955,-2.313,0.320
165.0174,-34.000,821.949,1030.186,-104.119,-0.477,0.320
165.1249,-35.000,806.677,1040.816,-117.070,-10.829,0.320
165.2216,-35.000,814.798,1031.749,-108.476,-2.234,0.320
165.3187,-35.000,816.169,1029.574,-106.702,-0.461,0.320
165.4266,-35.000,816.193,1028.866,-106.336,-0.095,0.320
165.5265,-34.000,828.228,1014.090,-92.931,10.711,0.320
165.6243,-34.000,820.063,1022.925,-101.431,2.210,0.320
165.7216,-33.000,830.844,1010.554,-89.855,11.186,0.320
165.8209,-33.000,822.790,1020.256,-98.733,2.308,0.320
165.9189,-32.000,833.909,1008.378,-87.235,11.206,0.320
166.0177,-32.000,826.192,1018.449,-96.129,2.312,0.320
166.1260,-31.000,837.608,1006.875,-84.634,11.207,0.320
166.2258,-30.000,842.396,1002.792,-80.198,13.043,0.320
166.3233,-29.000,846.094,1000.534,-77.220,13.422,0.320
166.4225,-28.000,849.804,998.887,-74.542,13.500,0.320
166.5205,-26.000,865.967,983.158,-58.595,24.246,0.320
166.6182,-25.000,862.159,991.175,-64.508,15.733,0.320
166.7164,-24.000,865.211,992.540,-63.664,13.977,0.320
166.8251,-22.000,881.997,978.190,-48.097,24.344,0.320
166.9234,-21.000,878.961,987.136,-54.088,15.754,0.320
167.0206,-19.000,894.871,974.929,-40.029,24.711,0.320
167.1187,-18.000,891.989,984.798,-46.404,15.829,0.320
167.2168,-16.000,908.313,973.094,-32.390,24.727,0.320
167.3273,-15.000,905.825,983.349,-38.762,15.832,0.320
167.4228,-14.000,939.130,942.101,-1.486,5.524,0.180
167.5207,-13.000,931.300,939.480,-4.090,2.578,0.180
167.6180,-13.000,924.597,936.479,-5.941,0.737,0.180
167.7262,-13.000,918.028,930.980,-6.476,0.210,0.180
167.8261,-13.000,910.830,924.101,-6.635,0.060,0.180
167.9236,-14.000,899.975,916.051,-8.038,-0.983,0.180
168.0222,-15.000,889.312,906.705,-8.697,-1.281,0.180
168.1206,-16.000,878.392,896.677,-9.143,-1.366,0.180
168.2177,-16.000,870.043,886.400,-8.178,-0.390,0.180
168.3255,-17.000,857.575,876.098,-9.262,-1.112,0.180
168.4226,-18.000,845.358,865.019,-9.830,-1.318,0.180
168.5205,-17.000,835.887,850.989,-7.551,0.624,0.180
168.6180,-17.000,825.032,841.049,-8.008,0.178,0.180
168.7249,-18.000,811.235,830.231,-9.498,-0.949,0.180
168.8230,-19.000,798.118,818.485,-10.184,-1.271,0.180
168.9229,-19.000,788.036,806.614,-9.289,-0.363,0.180
169.0236,-20.000,774.145,794.904,-10.379,-1.104,0.180
169.1212,-20.000,763.644,782.826,-9.591,-0.315,0.180
169.2175,-20.000,752.363,771.094,-9.366,-0.090,0.180
169.3158,-20.000,740.737,759.340,-9.301,-0.026,0.180
169.4241,-20.000,728.909,747.475,-9.283,-0.007,0.180
169.5211,-20.000,716.935,735.490,-9.278,-0.002,0.180
169.6170,-20.000,704.844,723.396,-9.276,-0.001,0.180
169.7252,-20.000,692.656,711.208,-9.276,-0.000,0.180
169.8249,-19.000,680.283,696.161,-7.939,1.000,0.180
169.9219,-19.000,667.492,684.825,-8.667,0.286,0.180
170.0192,-18.000,655.022,670.088,-7.533,1.082,0.180
170.1165,-16.000,642.085,653.319,-5.617,2.309,0.180
170.2160,-15.000,628.800,640.654,-5.927,1.660,0.180
170.3252,-15.000,616.165,630.411,-7.123,0.474,0.180
170.4229,-12.000,603.916,610.756,-3.420,3.135,0.180
170.5198,-11.000,590.609,599.244,-4.317,1.896,0.180
170.6174,-10.000,578.200,586.857,-4.329,1.542,0.180
170.7257,-9.000,566.054,574.226,-4.086,1.440,0.180
170.8242,-6.000,553.811,555.949,-1.069,3.412,0.180
170.9222,-5.000,553.632,557.951,-2.159,1.975,0.180
171.0202,-3.000,554.315,556.059,-0.872,2.564,0.180
171.1194,-1.000,554.788,554.797,-0.004,2.733,0.180
171.2175,-0.000,555.411,556.624,-0.606,1.781,0.180
171.3166,1.000,556.471,557.526,-0.528,1.509,0.180
171.4156,3.000,557.309,555.116,1.097,2.431,0.180
171.5155,4.000,557.698,556.271,0.713,1.695,0.180
171.6250,5.000,558.437,556.724,0.856,1.484,0.180
171.7232,6.000,559.177,556.877,1.150,1.424,0.180
171.8201,7.000,559.835,556.859,1.488,1.407,0.180
171.9151,8.000,560.397,556.720,1.839,1.402,0.180
172.0225,9.000,560.872,556.485,2.194,1.401,0.180
172.1191,11.000,561.061,553.259,3.901,2.400,0.180
172.2161,11.000,561.064,556.676,2.194,0.686,0.180
172.3150,12.000,561.826,555.701,3.063,1.196,0.180
172.4227,13.000,562.180,555.045,3.568,1.342,0.180
172.5211,14.000,562.394,554.455,3.969,1.383,0.180
172.6239,15.000,562.546,553.863,4.342,1.395,0.180
172.7226,16.000,562.664,553.251,4.706,1.399,0.180
172.8197,17.000,562.757,552.619,5.069,1.400,0.180
172.9156,18.000,562.830,551.966,5.432,1.400,0.180
173.0225,18.000,563.097,554.208,4.445,0.400,0.180
173.1207,19.000,563.680,552.636,5.522,1.114,0.180
173.2192,20.000,563.754,551.602,6.076,1.318,0.180
173.3170,20.000,563.905,553.636,5.135,0.377,0.180
173.4151,21.000,564.354,551.923,6.216,1.108,0.180
173.5235,22.000,564.316,550.767,6.774,1.316,0.180
173.6218,23.000,564.158,549.790,7.184,1.376,0.180
173.7189,23.000,564.193,551.791,6.201,0.393,0.180
173.8186,24.000,564.567,550.026,7.270,1.112,0.180
173.9150,25.000,564.472,548.820,7.826,1.318,0.180
174.0236,25.000,564.477,550.708,6.884,0.377,0.180
174.1216,26.000,564.803,548.872,7.965,1.108,0.180
174.2194,27.000,564.136,548.136,8.000,1.316,0.180
174.3259,27.000,564.623,549.455,7.584,0.376,0.180
174.4234,28.000,564.247,548.247,8.000,1.107,0.180
174.5208,28.000,564.948,549.199,7.874,0.316,0.180
174.6193,28.000,565.425,550.128,7.648,0.090,0.180
174.7155,28.000,565.957,550.790,7.584,0.026,0.180
174.8146,27.000,563.657,551.226,6.215,-0.993,0.180
174.9236,27.000,565.073,551.225,6.924,-0.284,0.180
175.0202,26.000,563.087,551.533,5.777,-1.081,0.180
175.1198,26.000,564.647,551.548,6.549,-0.309,0.180
175.2183,26.000,565.536,551.997,6.770,-0.088,0.180
175.3157,26.000,566.168,552.503,6.833,-0.025,0.180
175.4147,26.000,566.669,552.968,6.851,-0.007,0.180
175.5236,26.000,567.086,553.374,6.856,-0.002,0.180
175.6213,26.000,567.436,553.722,6.857,-0.001,0.180
175.7183,26.000,567.734,554.018,6.858,-0.000,0.180
175.8142,26.000,567.986,554.270,6.858,-0.000,0.180
175.9142,26.000,568.201,554.485,6.858,-0.000,0.180
176.0222,26.000,568.383,554.667,6.858,-0.000,0.180
176.1185,26.000,568.538,554.822,6.858,-0.000,0.180
176.2242,26.000,568.670,554.954,6.858,-0.000,0.180
176.3202,26.000,568.782,555.066,6.858,-0.000,0.180
176.4151,26.000,568.877,555.161,6.858,-0.000,0.180
176.5242,26.000,568.958,555.242,6.858,-0.000,0.180
176.6204,26.000,569.027,555.311,6.858,-0.000,0.180
176.7169,26.000,569.085,555.369,6.858,-0.000,0.180
176.8138,26.000,569.135,555.419,6.858,-0.000,0.180
176.9213,27.000,568.759,552.759,8.000,1.000,0.180
177.0208,27.000,568.462,553.475,7.494,0.286,0.180
177.1176,27.000,568.437,553.858,7.290,0.082,0.180
177.2154,27.000,568.530,554.068,7.231,0.023,0.180
177.3133,27.000,568.642,554.213,7.215,0.007,0.180
177.4235,27.000,568.747,554.328,7.210,0.002,0.180
177.5205,26.000,566.049,554.332,5.858,-0.999,0.180
177.6174,26.000,567.118,553.973,6.572,-0.286,0.180
177.7151,26.000,567.624,554.071,6.776,-0.082,0.180
177.8225,26.000,567.939,554.270,6.835,-0.023,0.180
177.9205,26.000,568.174,554.471,6.851,-0.007,0.180
178.0153,25.000,565.574,554.562,5.506,-1.002,0.180
178.1238,25.000,566.723,554.280,6.222,-0.286,0.180
178.2220,25.000,567.296,554.444,6.426,-0.082,0.180
178.3191,25.000,567.668,554.699,6.485,-0.023,0.180
178.4161,25.000,567.951,554.948,6.501,-0.007,0.180
178.5140,24.000,565.392,555.080,5.156,-1.002,0.180
178.6225,24.000,566.576,554.832,5.872,-0.286,0.180
178.7194,24.000,567.178,555.026,6.076,-0.082,0.180
178.8152,24.000,567.575,555.306,6.135,-0.023,0.180
178.9233,24.000,567.880,555.577,6.151,-0.007,0.180
179.0210,24.000,568.129,555.817,6.156,-0.002,0.180
179.1181,24.000,568.338,556.023,6.157,-0.001,0.180
179.2148,23.000,565.725,556.110,4.808,-1.000,0.180
179.3132,23.000,566.866,555.821,5.522,-0.286,0.180
179.4208,23.000,567.432,555.979,5.726,-0.082,0.180
179.5179,22.000,565.008,556.139,4.435,-1.023,0.180
179.6168,22.000,566.277,555.946,5.166,-0.292,0.180
179.7138,22.000,566.943,556.194,5.374,-0.084,0.180
179.8218,21.000,564.601,556.433,4.084,-1.024,0.180
179.9205,21.000,565.938,556.308,4.815,-0.293,0.180
180.0206,20.000,563.873,556.524,3.674,-1.084,0.180
180.1164,19.000,562.584,556.361,3.112,-1.310,0.180
180.2136,18.000,561.625,556.206,2.710,-1.374,0.180
180.3217,18.000,563.645,556.238,3.704,-0.393,0.180
180.4180,17.000,562.020,556.728,2.646,-1.112,0.180
180.5162,17.000,563.844,556.939,3.452,-0.318,0.180
180.6131,16.000,562.157,557.476,2.341,-1.091,0.180
180.7222,16.000,563.959,557.697,3.131,-0.312,0.180
180.8207,15.000,562.262,558.233,2.014,-1.089,0.180
180.9165,15.000,564.057,558.452,2.802,-0.311,0.180
181.0139,15.000,565.145,559.075,3.035,-0.089,0.180
181.1216,14.000,563.156,559.639,1.758,-1.025,0.180
181.2212,14.000,564.792,559.790,2.501,-0.293,0.180
181.3183,14.000,565.771,560.331,2.720,-0.084,0.180
181.4155,13.000,563.696,560.819,1.439,-1.024,0.180
181.5141,13.000,565.262,560.903,2.179,-0.293,0.180
181.6229,13.000,566.181,561.387,2.397,-0.084,0.180
181.7199,13.000,566.846,561.914,2.466,-0.024,0.180
181.8148,13.000,567.379,562.395,2.492,-0.007,0.180
181.9128,13.000,567.824,562.811,2.506,-0.002,0.180
182.0219,13.000,568.200,563.167,2.517,-0.001,0.180
182.1163,13.000,568.521,563.469,2.526,-0.000,0.180
182.2141,13.000,568.795,563.724,2.535,-0.000,0.180
182.3130,13.000,569.029,563.940,2.544,-0.000,0.180
182.4218,13.000,569.229,564.122,2.554,-0.000,0.180
182.5199,13.000,569.400,564.275,2.563,-0.000,0.180
182.6160,13.000,569.548,564.404,2.572,-0.000,0.180
182.7133,13.000,569.674,564.512,2.581,-0.000,0.180
182.8216,13.000,569.783,564.603,2.590,-0.000,0.180
182.9185,12.000,567.086,564.589,1.248,-1.000,0.180
183.0144,12.000,568.157,564.215,1.971,-0.286,0.180
183.1124,11.000,565.875,564.209,0.833,-1.082,0.180
183.2211,11.000,567.182,563.956,1.613,-0.309,0.180
183.3139,12.000,567.650,561.265,3.192,0.912,0.180
183.4215,13.000,567.353,559.552,3.900,1.260,0.180
183.5184,13.000,567.107,561.090,3.009,0.360,0.180
183.6162,13.000,567.408,561.887,2.761,0.103,0.180
183.7138,12.000,565.020,562.328,1.346,-0.971,0.180
183.8226,12.000,566.394,562.299,2.047,-0.277,0.180
183.9205,12.000,567.172,562.665,2.254,-0.079,0.180
184.0187,12.000,567.723,563.086,2.319,-0.023,0.180
184.1171,12.000,568.161,563.474,2.343,-0.006,0.180
184.2140,13.000,568.316,560.901,3.707,0.998,0.180
184.3225,13.000,568.084,562.078,3.003,0.285,0.180
184.4206,13.000,568.291,562.674,2.809,0.081,0.180
184.5174,13.000,568.584,563.064,2.760,0.023,0.180
184.6174,12.000,566.075,563.273,1.401,-0.993,0.180
184.7154,13.000,567.107,560.167,3.470,0.716,0.180
184.8132,12.000,564.432,561.198,1.617,-0.795,0.180
184.9122,12.000,565.810,561.423,2.193,-0.227,0.180
185.0217,12.000,566.662,561.934,2.364,-0.065,0.180
185.1183,12.000,567.296,562.458,2.419,-0.019,0.180
185.2153,12.000,567.810,562.929,2.440,-0.005,0.180
185.3225,12.000,568.240,563.335,2.453,-0.002,0.180
185.4194,12.000,568.605,563.681,2.462,-0.000,0.180
185.5175,11.000,566.126,563.885,1.120,-1.000,0.180
185.6167,12.000,567.171,560.785,3.193,0.714,0.180
185.7162,12.000,567.296,561.914,2.691,0.204,0.180
185.8143,11.000,564.901,562.495,1.203,-0.942,0.180
185.9148,11.000,566.311,562.544,1.883,-0.269,0.180
186.0137,11.000,567.130,562.964,2.083,-0.077,0.180
186.1117,11.000,567.720,563.428,2.146,-0.022,0.180
186.2215,11.000,568.191,563.852,2.169,-0.006,0.180
186.3195,11.000,568.583,564.220,2.182,-0.002,0.180
186.4176,11.000,568.916,564.535,2.190,-0.001,0.180
186.5167,10.000,566.408,564.712,0.848,-1.000,0.180
186.6160,10.000,567.639,564.501,1.569,-0.286,0.180
186.7126,10.000,568.284,564.723,1.780,-0.082,0.180
186.8201,9.000,565.926,564.936,0.495,-1.023,0.180
186.9183,9.000,567.253,564.788,1.232,-0.292,0.180
187.0158,9.000,567.969,565.074,1.447,-0.084,0.180
187.1166,9.000,568.460,565.433,1.513,-0.024,0.180
187.2145,9.000,568.845,565.772,1.537,-0.007,0.180
187.3125,8.000,566.373,565.979,0.197,-1.002,0.180
187.4114,8.000,567.632,565.795,0.918,-0.286,0.180
187.5216,8.000,568.299,566.042,1.129,-0.082,0.180
187.6210,7.000,565.960,566.276,-0.158,-1.023,0.180
187.7195,6.000,564.511,566.057,-0.773,-1.292,0.180
187.8153,6.000,566.230,565.921,0.154,-0.369,0.180
187.9132,5.000,564.379,566.236,-0.928,-1.106,0.180
188.0215,5.000,566.020,566.291,-0.135,-0.316,0.180
188.1198,4.000,564.179,566.693,-1.257,-1.090,0.180
188.2177,3.000,563.058,566.710,-1.826,-1.311,0.180
188.3154,2.000,562.237,566.713,-2.238,-1.375,0.180
188.4148,1.000,561.583,566.793,-2.605,-1.393,0.180
188.5122,1.000,563.834,567.053,-1.610,-0.398,0.180
188.6110,-0.000,562.395,567.746,-2.675,-1.114,0.180
188.7119,-1.000,561.463,567.924,-3.231,-1.318,0.180
188.8108,-2.000,560.673,567.954,-3.640,-1.377,0.180
188.9178,-2.000,562.832,568.149,-2.659,-0.393,0.180
189.0166,-3.000,561.201,568.660,-3.730,-1.112,0.180
189.1128,-4.000,560.107,568.682,-4.288,-1.318,0.180
189.2219,-4.000,562.090,568.789,-3.349,-0.377,0.180
189.3220,-5.000,560.333,569.201,-4.434,-1.108,0.180
189.4209,-6.000,559.139,569.133,-4.997,-1.316,0.180
189.5189,-7.000,558.127,568.951,-5.412,-1.376,0.180
189.6142,-8.000,557.188,568.756,-5.784,-1.393,0.180
189.7117,-9.000,556.284,568.575,-6.145,-1.398,0.180
189.8187,-10.000,555.405,568.413,-6.504,-1.399,0.180
189.9148,-11.000,554.545,568.268,-6.862,-1.400,0.180
190.0127,-12.000,553.699,568.140,-7.220,-1.400,0.180
190.1195,-12.000,555.776,568.234,-6.229,-0.400,0.180
190.2171,-13.000,554.066,568.670,-7.302,-1.114,0.180
190.3141,-14.000,552.900,568.633,-7.866,-1.318,0.180
190.4111,-15.000,551.910,568.480,-8.285,-1.377,0.180
190.5195,-16.000,550.987,568.313,-8.663,-1.393,0.180
190.6167,-17.000,550.097,568.156,-9.029,-1.398,0.180
190.7172,-17.000,552.138,568.224,-8.043,-0.399,0.180
190.8157,-18.000,550.397,568.638,-9.120,-1.114,0.180
190.9148,-19.000,549.206,568.581,-9.688,-1.318,0.180
191.0121,-19.000,551.104,568.622,-8.759,-0.377,0.180
191.1195,-21.000,546.377,568.758,-11.190,-2.108,0.180
191.2185,-21.000,548.932,568.301,-9.685,-0.602,0.180
191.3166,-22.000,547.343,568.552,-10.605,-1.172,0.180
191.4142,-23.000,546.202,568.436,-11.117,-1.335,0.180
191.5110,-24.000,545.211,568.239,-11.514,-1.381,0.180
191.6113,-25.000,544.283,568.037,-11.877,-1.395,0.180
191.7195,-25.000,546.299,568.061,-10.881,-0.398,0.180
191.8194,-26.000,544.540,568.433,-11.946,-1.114,0.180
191.9161,-26.000,546.247,568.548,-11.151,-0.318,0.180
192.0137,-27.000,544.338,568.885,-12.273,-1.091,0.180
192.1221,-27.000,545.949,568.938,-11.494,-0.312,0.180
192.2190,-28.000,543.969,569.212,-12.622,-1.089,0.180
192.3176,-28.000,545.522,569.209,-11.844,-0.311,0.180
192.4146,-29.000,543.493,569.436,-12.971,-1.089,0.180
192.5151,-29.000,545.005,569.392,-12.194,-0.311,0.180
192.6133,-30.000,542.941,569.584,-13.321,-1.089,0.180
192.7119,-30.000,544.423,569.511,-12.544,-0.311,0.180
192.8212,-31.000,542.334,569.677,-13.671,-1.089,0.180
192.9177,-31.000,543.795,569.582,-12.894,-0.311,0.180
193.0140,-31.000,544.598,569.940,-12.671,-0.089,0.180
193.1099,-32.000,542.245,570.160,-13.958,-1.025,0.180
193.2184,-32.000,543.570,570.021,-13.225,-0.293,0.180
193.3195,-33.000,541.374,570.106,-14.366,-1.084,0.180
193.4163,-33.000,542.751,569.935,-13.592,-0.310,0.180
193.5139,-33.000,543.484,570.226,-13.371,-0.088,0.180
193.6132,-34.000,541.073,570.388,-14.658,-1.025,0.180
193.7107,-34.000,542.349,570.200,-13.925,-0.293,0.180
193.8176,-34.000,543.021,570.454,-13.716,-0.084,0.180
193.9142,-35.000,540.564,570.577,-15.006,-1.024,0.180
194.0121,-35.000,541.804,570.354,-14.275,-0.293,0.180
194.1107,-35.000,542.445,570.577,-14.066,-0.084,0.180
194.2192,-35.000,542.871,570.884,-14.006,-0.024,0.180
194.3166,-36.000,540.290,570.969,-15.339,-1.007,0.180
194.4148,-36.000,541.449,570.689,-14.620,-0.288,0.180
194.5124,-37.000,539.118,570.647,-15.765,-1.082,0.180
194.6115,-38.000,537.472,570.156,-16.342,-1.309,0.180
194.7093,-39.000,536.089,569.602,-16.757,-1.374,0.180
194.8170,-40.000,534.837,569.088,-17.125,-1.393,0.180
194.9131,-41.000,533.671,568.632,-17.480,-1.398,0.180
195.0129,-41.000,535.481,568.445,-16.482,-0.399,0.180
195.1098,-43.000,530.635,568.429,-18.897,-2.114,0.180
195.2177,-43.000,533.079,567.853,-17.387,-0.604,0.180
195.3173,-44.000,531.395,568.005,-18.305,-1.173,0.180
195.4152,-45.000,530.171,567.806,-18.818,-1.335,0.180
195.5143,-45.000,532.020,567.748,-17.864,-0.381,0.180
195.6113,-46.000,530.144,568.027,-18.941,-1.109,0.180
195.7197,-46.000,531.757,568.056,-18.149,-0.317,0.180
195.8154,-46.000,532.681,568.527,-17.923,-0.091,0.180
195.9126,-47.000,530.429,568.845,-19.208,-1.026,0.180
196.0118,-47.000,531.840,568.791,-18.476,-0.293,0.180
196.1113,-47.000,532.626,569.158,-18.266,-0.084,0.180
196.2191,-47.000,533.175,569.588,-18.206,-0.024,0.180
196.3179,-48.000,530.699,569.778,-19.539,-1.007,0.180
196.4158,-48.000,531.946,569.586,-18.820,-0.288,0.180
196.5136,-49.000,529.690,569.620,-19.965,-1.082,0.180
196.6123,-49.000,531.019,569.402,-19.192,-0.309,0.180
196.7098,-49.000,531.712,569.654,-18.971,-0.088,0.180
196.8185,-50.000,529.266,569.782,-20.258,-1.025,0.180
196.9150,-50.000,530.514,569.565,-19.525,-0.293,0.180
197.0130,-50.000,531.161,569.793,-19.316,-0.084,0.180
197.1097,-51.000,528.683,569.896,-20.606,-1.024,0.180
197.2093,-51.000,529.905,569.655,-19.875,-0.293,0.180
197.3188,-51.000,530.530,569.862,-19.666,-0.084,0.180
197.4088,-52.000,528.034,569.947,-20.956,-1.024,0.180
197.5179,-52.000,529.241,569.691,-20.225,-0.293,0.180
197.6163,-52.000,529.854,569.886,-20.016,-0.084,0.180
197.7130,-53.000,527.347,569.959,-21.306,-1.024,0.180
197.8107,-53.000,528.544,569.694,-20.575,-0.293,0.180
197.9086,-53.000,529.149,569.881,-20.366,-0.084,0.180
198.0178,-53.000,529.545,570.158,-20.306,-0.024,0.180
198.1137,-54.000,526.938,570.217,-21.639,-1.007,0.180
198.2115,-61.000,507.704,568.445,-30.370,-7.288,0.180
198.3124,-62.000,511.572,564.602,-26.515,-3.082,0.180
198.4113,-63.000,512.375,563.701,-25.663,-1.881,0.180
198.5088,-64.000,512.266,563.606,-25.670,-1.537,0.180
198.6181,-65.000,511.867,563.711,-25.922,-1.439,0.180
198.7160,-65.000,514.271,564.058,-24.894,-0.411,0.180
198.8125,-66.000,512.824,564.724,-25.950,-1.117,0.180
198.9103,-67.000,511.880,564.883,-26.502,-1.319,0.180
199.0185,-67.000,513.988,565.107,-25.559,-0.377,0.180
199.1184,-68.000,512.339,565.620,-26.640,-1.108,0.180
199.2178,-68.000,514.147,565.845,-25.849,-0.316,0.180
199.3169,-69.000,512.328,566.273,-26.973,-1.090,0.180
199.4142,-69.000,514.015,566.403,-26.194,-0.312,0.180
199.5100,-70.000,512.100,566.743,-27.322,-1.089,0.180
199.6090,-70.000,513.708,566.796,-26.544,-0.311,0.180
199.7090,-70.000,514.637,567.279,-26.321,-0.089,0.180
199.8176,-70.000,515.300,567.816,-26.258,-0.025,0.180
199.9174,-70.000,515.828,568.308,-26.240,-0.007,0.180
200.0146,-70.000,516.267,568.736,-26.235,-0.002,0.180
200.1121,-71.000,513.727,568.893,-27.583,-1.001,0.180
200.2093,-71.000,514.929,568.666,-26.868,-0.286,0.180
200.3179,-71.000,515.547,568.876,-26.664,-0.082,0.180
200.4159,-71.000,515.958,569.169,-26.606,-0.023,0.180
200.5149,-71.000,516.274,569.452,-26.589,-0.007,0.180
200.6109,-71.000,516.533,569.701,-26.584,-0.002,0.180
200.7185,-71.000,516.750,569.916,-26.583,-0.001,0.180
200.8178,-71.000,516.934,570.100,-26.583,-0.000,0.180
200.9182,-71.000,517.091,570.256,-26.583,-0.000,0.180
201.0172,-70.000,517.133,567.598,-25.233,1.000,0.180
201.1139,-70.000,516.808,568.702,-25.947,0.286,0.180
201.2142,-70.000,516.934,569.236,-26.151,0.082,0.180
201.3111,-70.000,517.157,569.575,-26.209,0.023,0.180
201.4078,-70.000,517.379,569.831,-26.226,0.007,0.180
201.5166,-70.000,517.577,570.039,-26.231,0.002,0.180
201.6162,-70.000,517.749,570.213,-26.232,0.001,0.180
201.7142,-69.000,517.805,567.570,-24.882,1.000,0.180
201.8126,-69.000,517.491,568.685,-25.597,0.286,0.180
201.9113,-69.000,517.628,569.229,-25.801,0.082,0.180
202.0095,-69.000,517.859,569.577,-25.859,0.023,0.180
202.1181,-68.000,517.998,567.050,-24.526,1.007,0.180
202.2162,-68.000,517.764,568.254,-25.245,0.288,0.180
202.3131,-68.000,517.971,568.872,-25.450,0.082,0.180
202.4122,-68.000,518.263,569.281,-25.509,0.023,0.180
202.5086,-67.000,518.454,566.806,-24.176,1.007,0.180
202.6079,-67.000,518.264,568.054,-24.895,0.288,0.180
202.7162,-67.000,518.509,568.709,-25.100,0.082,0.180
202.8143,-66.000,337.626,715.797,-177.884,6.586,0.180
202.9123,-66.000,310.042,717.654,-183.084,1.386,0.180
203.0102,-65.000,297.890,705.540,-175.010,6.860,0.180
203.1089,-65.000,276.781,709.022,-180.426,1.444,0.180
203.2083,-64.000,270.271,698.149,-172.398,6.872,0.180
203.3185,-63.000,261.956,692.289,-168.655,8.015,0.180
203.4158,-61.000,262.816,677.580,-156.646,14.824,0.180
203.5133,-54.000,300.414,617.409,-104.170,49.100,0.180
203.6110,-54.000,259.506,660.131,-142.933,10.337,0.180
203.7107,-54.000,249.522,671.657,-151.094,2.176,0.180
203.8069,-53.000,254.222,665.867,-143.643,7.027,0.180
203.9146,-53.000,247.838,674.326,-149.191,1.479,0.180
204.0102,-53.000,245.958,677.969,-150.359,0.311,0.180
204.1079,-52.000,253.075,669.950,-141.436,6.634,0.180
204.2154,-51.000,255.772,667.087,-137.505,7.965,0.180
204.3141,-50.000,257.903,665.414,-134.625,8.245,0.180
204.4130,-49.000,260.225,664.082,-131.966,8.304,0.180
204.5091,-47.000,270.820,652.529,-120.185,14.885,0.180
204.6094,-46.000,269.029,657.105,-122.768,9.702,0.180
204.7068,-44.000,279.479,647.222,-112.091,15.179,0.180
204.8154,-42.000,286.239,642.145,-105.737,16.333,0.180
204.9148,-40.000,292.628,638.386,-100.295,16.575,0.180
205.0129,-38.000,299.283,635.166,-95.044,16.626,0.180
205.1088,-36.000,306.287,632.282,-89.833,16.637,0.180
205.2174,-34.000,313.614,629.658,-84.631,16.639,0.180
205.3167,-32.000,321.220,627.248,-79.430,16.640,0.180
205.4153,-30.000,329.065,625.020,-74.230,16.640,0.180
205.5152,-27.000,345.082,612.578,-59.862,23.208,0.180
205.6116,-24.000,356.565,605.933,-50.679,24.591,0.180
205.7100,-22.000,359.544,611.267,-51.756,18.314,0.180
205.8079,-19.000,375.339,601.338,-38.808,23.561,0.180
205.9157,-16.000,387.481,595.982,-29.987,24.665,0.180
206.0134,-13.000,399.168,591.863,-22.022,24.898,0.180
206.1114,-11.000,403.056,598.608,-23.398,18.379,0.180
206.2091,-8.000,419.884,589.618,-10.444,23.574,0.180
206.3140,-5.000,432.945,585.019,-1.576,24.668,0.180
206.4110,-2.000,445.429,581.528,6.444,24.899,0.180
206.5070,1.000,457.378,577.823,14.297,24.947,0.180
206.6139,5.000,475.163,561.646,31.302,31.526,0.180
206.7157,8.000,479.084,560.290,33.960,26.342,0.180
206.8124,12.000,493.397,542.758,49.900,31.819,0.180
206.9122,16.000,502.452,528.568,61.536,32.973,0.180
207.0102,20.000,509.699,514.555,72.179,33.215,0.180
207.1085,24.000,516.065,500.039,82.630,33.266,0.180
207.2160,27.000,514.434,495.941,83.872,26.709,0.180
207.3139,30.000,517.512,486.195,90.292,25.328,0.180
207.4119,33.000,521.281,474.958,97.801,25.038,0.180
207.5101,36.000,524.940,463.150,105.540,24.976,0.180
207.6082,39.000,528.359,451.005,113.327,24.963,0.180
207.7072,41.000,524.176,449.571,111.956,18.392,0.180
207.8154,44.000,532.370,431.802,124.941,23.577,0.180
207.9112,46.000,528.921,428.912,124.664,18.100,0.180
208.0091,49.000,537.041,410.606,137.879,23.516,0.180
208.1063,51.000,533.381,407.406,137.651,18.088,0.180
208.2151,53.000,533.921,399.836,141.708,16.945,0.180
208.3106,55.000,535.291,391.290,146.668,16.704,0.180
208.4086,56.000,529.421,393.460,142.649,10.085,0.180
208.5064,57.000,528.754,390.382,143.855,8.692,0.180
208.6165,59.000,536.536,375.217,155.330,14.967,0.180
208.7143,60.000,531.951,375.927,152.683,9.719,0.180
208.8125,61.000,531.498,372.485,154.178,8.615,0.180
208.9122,62.000,531.910,368.164,156.546,8.382,0.180
209.0102,62.000,525.130,374.620,149.928,1.765,0.180
209.1068,62.000,523.599,375.876,148.535,0.372,0.180
209.2153,63.000,530.557,365.084,157.410,6.647,0.180
209.3105,63.000,525.180,370.202,152.163,1.399,0.180
209.4087,61.000,503.228,387.134,132.721,-12.842,0.180
209.5068,61.000,514.233,377.862,142.860,-2.704,0.180
209.6153,61.000,517.104,376.465,144.994,-0.569,0.180
209.7134,60.000,507.811,384.610,136.275,-6.688,0.180
209.8104,60.000,514.103,380.342,141.556,-1.408,0.180
209.9108,58.000,495.338,396.028,124.330,-13.433,0.180
210.0095,18.000,119.717,732.482,-231.708,-265.565,0.180
210.1070,56.000,661.127,157.780,326.349,193.692,0.180
210.2170,16.000,127.410,663.199,-193.219,-221.960,0.180
210.3066,-10.000,52.184,714.372,-256.419,-217.507,0.180
210.4125,-10.000,249.300,568.160,-84.755,-45.791,0.180
210.5109,-13.000,274.112,575.816,-76.177,-29.345,0.180
210.6071,-15.000,293.564,585.763,-71.424,-19.315,0.180
210.7138,-15.000,324.229,586.087,-56.253,-4.066,0.180
210.8124,-19.000,296.637,625.619,-89.816,-27.130,0.180
210.9109,-17.000,344.978,594.627,-50.149,7.425,0.180
211.0071,-19.000,327.453,625.698,-74.447,-11.574,0.180
211.1150,-21.000,323.411,640.055,-83.647,-15.573,0.180
211.2145,-21.000,343.090,635.144,-71.352,-3.279,0.180
211.3114,-21.000,351.954,638.832,-68.763,-0.690,0.180
211.4105,-21.000,357.834,643.622,-68.219,-0.145,0.180
211.5069,-21.000,362.483,648.042,-68.104,-0.031,0.180
211.6061,-23.000,344.425,666.609,-86.416,-13.143,0.180
211.7164,-25.000,336.080,674.186,-94.377,-15.904,0.180
211.8148,-26.000,340.341,671.672,-90.990,-9.917,0.180
211.9131,-25.000,358.382,655.718,-73.992,4.481,0.180
212.0129,-26.000,346.262,669.010,-86.698,-5.625,0.180
212.1100,-26.000,352.701,666.567,-82.257,-1.184,0.180
212.2075,-26.000,355.335,667.331,-81.323,-0.249,0.180
212.3051,-25.000,364.944,658.209,-71.957,6.516,0.180
212.4146,-25.000,361.507,665.061,-77.101,1.372,0.180
212.5119,-25.000,361.875,667.595,-78.184,0.289,0.180
212.6097,-24.000,370.849,658.688,-69.244,6.629,0.180
212.7084,-24.000,367.144,665.450,-74.478,1.396,0.180
212.8046,-24.000,367.341,667.851,-75.579,0.294,0.180
212.9101,-23.000,376.182,658.819,-66.643,6.630,0.180
213.0094,-20.000,396.272,634.367,-44.372,21.101,0.180
213.1068,-20.000,382.259,653.671,-61.031,4.442,0.180
213.2139,-15.000,420.765,607.663,-18.774,33.777,0.180
213.3101,-13.000,414.279,617.972,-27.171,20.248,0.180
213.4088,-11.000,418.799,617.903,-24.876,17.400,0.180
213.5063,29.000,741.315,234.419,328.124,266.400,0.180
213.6145,67.000,853.489,70.423,466.208,305.684,0.180
213.7104,68.000,616.078,297.335,234.047,70.923,0.180
213.8084,69.000,564.492,339.396,187.224,21.500,0.180
213.9070,71.000,559.708,331.885,188.587,17.663,0.180
214.0056,71.000,543.538,343.604,174.643,3.719,0.180
214.1146,72.000,546.078,333.679,180.875,7.351,0.180
214.2141,73.000,546.005,326.876,184.240,8.116,0.180
214.3121,73.000,538.175,331.861,177.833,1.709,0.180
214.4093,73.000,535.617,332.001,176.484,0.360,0.180
214.5069,73.000,534.306,331.257,176.200,0.076,0.180
214.6064,73.000,533.373,330.444,176.140,0.016,0.180
214.7157,73.000,532.617,329.714,176.127,0.003,0.180
214.8128,72.000,521.615,337.054,166.956,-6.568,0.180
214.9115,72.000,526.744,331.812,172.141,-1.383,0.180
215.0101,71.000,517.419,338.641,164.064,-6.860,0.180
215.1079,70.000,512.905,341.633,160.311,-8.013,0.180
215.2063,69.000,509.716,344.130,157.469,-8.255,0.180
215.3043,68.000,507.070,346.786,154.818,-8.306,0.180
215.4131,66.000,494.395,357.670,143.038,-14.886,0.180
215.5115,65.000,498.018,356.125,145.622,-9.702,0.180
215.6083,64.000,497.692,358.817,144.113,-8.611,0.180
215.7052,62.000,486.259,370.461,132.574,-14.950,0.180
215.8154,60.000,480.414,377.685,126.040,-16.284,0.180
215.9146,58.000,476.119,384.353,120.559,-16.565,0.180
216.0124,56.000,472.469,391.220,115.300,-16.624,0.180
216.1115,54.000,469.223,398.400,110.087,-16.637,0.180
216.2090,52.000,466.293,405.874,104.885,-16.639,0.180
216.3055,49.000,453.255,421.575,90.516,-23.208,0.180
216.4128,47.000,456.472,424.821,90.501,-18.023,0.180
216.5113,45.000,455.710,432.276,86.393,-16.931,0.180
216.6115,43.000,454.185,440.691,81.423,-16.701,0.180
216.7089,40.000,442.193,457.339,67.103,-23.221,0.180
216.8064,37.000,435.899,469.390,57.930,-24.594,0.180
216.9139,35.000,441.526,472.858,59.009,-18.315,0.180
217.0113,33.000,442.113,481.201,55.131,-16.993,0.180
217.1102,30.000,431.218,498.486,41.041,-23.283,0.180
217.2090,28.000,436.078,503.258,41.086,-18.038,0.180
217.3097,26.000,436.676,512.047,36.990,-16.934,0.180
217.4076,24.000,436.297,521.605,32.022,-16.702,0.180
217.5068,23.000,446.016,523.288,36.039,-10.085,0.180
217.6056,21.000,439.587,537.610,25.664,-15.260,0.180
217.7140,19.000,437.350,547.754,19.473,-16.349,0.180
217.8110,17.000,435.970,557.056,14.132,-16.579,0.180
217.9089,15.000,434.766,566.193,8.962,-16.627,0.180
218.0064,14.000,443.969,567.334,12.993,-10.069,0.180
218.1153,11.000,426.766,589.129,-6.506,-21.825,0.180
218.2148,9.000,429.758,594.240,-7.566,-17.732,0.180
218.3127,7.000,429.500,602.586,-11.867,-16.870,0.180
218.4097,5.000,428.545,611.616,-16.860,-16.688,0.180
218.5067,2.000,417.057,628.767,-31.180,-23.219,0.180
218.6048,-1.000,410.584,640.654,-40.360,-24.593,0.180
218.7039,-3.000,414.848,642.792,-39.296,-18.314,0.180
218.8140,-6.000,402.091,656.190,-52.374,-23.561,0.180
218.9110,-9.000,392.512,664.514,-61.325,-24.665,0.180
219.0070,-12.000,382.984,671.176,-69.420,-24.898,0.180
219.1043,-14.000,383.912,669.611,-68.174,-18.379,0.180
219.2122,-17.000,368.158,680.025,-81.258,-23.574,0.180
219.3075,-20.000,356.094,685.749,-90.152,-24.668,0.180
219.4043,-22.000,355.438,682.816,-89.014,-18.330,0.180
219.5110,-24.000,349.447,684.557,-92.879,-16.996,0.180
219.6081,-26.000,342.121,687.069,-97.799,-16.715,0.180
219.7063,-29.000,323.366,696.933,-112.108,-23.224,0.180
219.8044,-31.000,320.486,694.056,-112.110,-18.026,0.180
219.9137,-32.000,324.301,687.747,-107.047,-10.363,0.180
220.0106,-34.000,310.986,694.742,-117.202,-15.319,0.180
220.1063,-35.000,312.426,690.331,-114.277,-9.793,0.180
220.2038,-36.000,309.426,690.205,-115.714,-8.630,0.180
220.3136,-39.000,283.505,705.668,-136.406,-21.522,0.180
220.4116,-41.000,278.615,703.469,-137.751,-17.668,0.180
220.5097,-42.000,281.583,696.877,-132.972,-10.288,0.180
220.6106,-44.000,267.727,703.451,-143.186,-15.303,0.180
220.7071,-45.000,268.745,698.644,-140.274,-9.790,0.180
220.8048,-61.000,104.494,812.324,-279.239,-107.156,0.180
220.9069,-63.000,166.037,741.347,-212.980,-35.696,0.180
221.0039,-65.000,171.271,726.893,-203.135,-20.652,0.180
221.1105,-67.000,164.719,724.407,-205.168,-17.485,0.180
221.2073,-70.000,144.777,731.868,-218.870,-23.386,0.180
221.3053,-71.000,151.467,719.969,-209.575,-11.492,0.180
221.4030,-72.000,148.857,717.551,-209.671,-8.988,0.180
221.5118,-73.000,144.347,717.187,-211.744,-8.461,0.180
221.6104,-74.000,139.487,717.304,-214.233,-8.350,0.180
221.7074,-75.000,134.595,717.566,-216.810,-8.326,0.180
221.8061,-76.000,129.731,717.892,-219.405,-8.321,0.180
221.9043,-78.000,113.936,725.632,-231.172,-14.889,0.180
222.0119,-79.000,114.298,720.822,-228.586,-9.703,0.180
222.1099,-80.000,110.599,720.140,-230.095,-8.611,0.180
222.2082,-81.000,106.068,720.348,-232.465,-8.381,0.180
222.3048,-82.000,101.378,720.763,-235.017,-8.333,0.180
222.4031,-83.000,96.672,721.236,-237.606,-8.323,0.180
222.5026,-84.000,91.975,721.734,-240.204,-8.321,0.180
222.6119,-85.000,87.291,722.249,-242.804,-8.320,0.180
222.7096,-86.000,82.619,722.777,-245.404,-8.320,0.180
222.8067,-87.000,77.958,723.316,-248.004,-8.320,0.180
222.9040,-87.000,84.275,716.496,-241.435,-1.752,0.180
223.0041,-88.000,74.475,722.268,-249.221,-6.937,0.180
223.1137,-89.000,68.771,723.947,-252.912,-8.029,0.180
223.2108,-90.000,63.931,724.767,-255.742,-8.259,0.180
223.3110,-90.000,70.243,718.038,-249.222,-1.739,0.180
223.4090,-91.000,60.470,723.857,-257.018,-6.934,0.180
223.5068,-91.000,65.763,718.202,-251.543,-1.460,0.180
223.6046,-92.000,55.794,724.264,-259.559,-6.876,0.180
223.7132,-95.000,28.156,740.780,-281.636,-21.153,0.180
223.8101,-95.000,44.629,723.854,-264.937,-4.453,0.180
223.9086,-96.000,36.984,727.514,-270.590,-7.506,0.180
224.0090,-96.000,42.716,721.395,-264.664,-1.580,0.180
224.1070,-96.000,43.799,719.983,-263.416,-0.333,0.180
224.2059,-98.000,21.985,734.317,-281.490,-13.207,0.180
224.3049,-98.000,32.233,723.712,-271.064,-2.780,0.180
224.4048,-99.000,23.307,728.733,-278.037,-7.154,0.180
224.5045,-97.000,44.732,702.189,-254.053,11.631,0.180
224.6117,-97.000,36.375,712.196,-263.235,2.449,0.180
224.7087,-96.000,43.111,704.462,-256.000,7.084,0.180
224.8089,-95.000,46.563,700.762,-252.424,8.060,0.180
224.9060,-95.000,41.594,708.519,-258.787,1.697,0.180
225.0053,-93.000,57.377,690.307,-241.790,13.494,0.180
225.1039,-91.000,64.628,682.191,-234.106,15.978,0.180
225.2121,-90.000,62.615,687.069,-237.551,9.932,0.180
225.3101,-89.000,65.459,687.259,-236.224,8.659,0.180
225.4064,-88.000,69.381,686.517,-233.892,8.391,0.180
225.5044,-87.000,73.576,685.625,-231.349,8.335,0.180
225.6016,-87.000,69.900,695.108,-237.929,1.755,0.180
225.7099,-85.000,86.919,678.225,-220.977,13.506,0.180
225.8082,-84.000,87.283,681.577,-222.472,9.412,0.180
225.9047,-83.000,90.900,681.719,-220.734,8.550,0.180
226.0022,-82.000,95.216,681.197,-218.315,8.368,0.180
226.1117,-80.000,107.659,670.180,-206.585,14.899,0.180
226.2083,-79.000,107.471,675.179,-209.179,9.705,0.180
226.3067,-77.000,119.291,665.649,-198.504,15.180,0.180
226.4042,-76.000,119.248,671.238,-201.319,9.764,0.180
226.5023,-74.000,131.334,662.067,-190.691,15.192,0.180
226.6089,-72.000,139.515,657.563,-184.348,16.335,0.180
226.7077,-71.000,139.150,664.654,-188.076,10.007,0.180
226.8058,-68.000,159.513,645.808,-168.472,21.812,0.180
226.9049,-67.000,155.406,657.804,-176.523,11.160,0.180
227.0050,-65.000,167.385,650.731,-166.997,15.486,0.180
227.1020,-62.000,184.150,636.937,-151.718,22.966,0.180
227.2112,-49.000,275.371,526.040,-50.659,90.224,0.180
227.3076,-48.000,223.247,598.040,-112.721,25.563,0.180
227.4041,-47.000,220.982,617.800,-123.733,11.950,0.180
227.5023,-45.000,236.419,615.432,-114.831,15.653,0.180
227.6012,-43.000,248.554,615.608,-108.851,16.432,0.180
227.7069,-41.000,259.749,616.075,-103.487,16.596,0.180
227.8055,-39.000,270.541,616.398,-98.253,16.631,0.180
227.9040,-36.000,289.040,606.145,-83.877,23.206,0.180
228.0008,-34.000,294.661,611.734,-83.861,18.022,0.180
228.1103,-32.000,304.133,612.990,-79.753,16.931,0.180
228.2096,-30.000,314.263,613.179,-74.782,16.701,0.180
228.3075,-27.000,332.369,602.644,-60.462,23.221,0.180
228.4046,-25.000,337.691,607.958,-60.458,18.026,0.180
228.5019,-23.000,346.917,608.972,-56.352,16.932,0.180
228.6016,-20.000,364.807,598.586,-42.214,23.270,0.180
228.7106,-17.000,377.942,593.629,-33.168,24.604,0.180
228.8085,-15.000,382.353,600.371,-34.333,18.317,0.180
228.9066,-12.000,399.475,591.528,-21.351,23.561,0.180
229.0048,-8.000,420.724,576.715,-3.320,31.234,0.180
229.1035,-5.000,428.681,579.030,-0.499,26.281,0.180
229.2012,-3.000,432.719,587.922,-2.926,18.670,0.180
229.3096,1.000,457.755,569.078,19.014,30.204,0.180
229.4082,3.000,457.293,579.603,13.521,19.496,0.180
229.5050,5.000,463.941,580.308,16.492,17.241,0.180
229.6022,8.000,478.602,567.097,30.428,23.335,0.180
229.7091,10.000,480.084,568.647,30.394,18.049,0.180
229.8082,13.000,492.297,554.213,43.718,23.505,0.180
229.9058,15.000,492.110,554.310,43.576,18.085,0.180
230.0029,17.000,495.620,549.525,47.723,16.944,0.180
230.1012,20.000,506.806,532.455,61.851,23.272,0.180
230.2016,23.000,512.537,519.922,70.984,24.605,0.180
230.3089,25.000,509.459,519.019,69.896,18.317,0.180
230.4066,27.000,511.043,512.850,73.772,16.993,0.180
230.5032,30.000,520.784,494.412,87.862,23.283,0.180
230.6042,32.000,517.944,491.661,87.817,18.038,0.180
230.7103,34.000,519.063,484.588,91.913,16.934,0.180
230.8089,36.000,520.901,476.490,96.881,16.702,0.180
230.9076,37.000,515.423,479.047,92.863,10.085,0.180
231.0054,38.000,515.088,476.299,94.070,8.692,0.180
231.1045,39.000,515.785,472.382,96.377,8.398,0.180
231.2015,39.000,509.286,479.143,89.747,1.768,0.180
231.3005,40.000,515.370,469.682,97.519,6.941,0.180
231.4078,40.000,509.955,475.226,92.040,1.461,0.180
231.5064,41.000,516.225,465.467,100.055,6.876,0.180
231.6042,41.000,510.814,470.912,94.626,1.448,0.180
231.7002,41.000,509.685,472.069,93.484,0.305,0.180
231.8089,42.000,516.825,461.354,102.411,6.633,0.180
231.9079,42.000,511.569,466.570,97.175,1.396,0.180
232.0060,42.000,510.450,467.656,96.073,0.294,0.180
232.1018,42.000,510.204,467.874,95.841,0.062,0.180
232.2103,43.000,517.511,456.942,104.960,6.581,0.180
232.3078,43.000,512.275,462.098,99.764,1.386,0.180
232.4057,43.000,511.147,463.157,98.670,0.292,0.180
232.5037,43.000,510.888,463.358,98.440,0.061,0.180
232.6015,44.000,518.183,452.414,107.560,6.581,0.180
232.7102,44.000,512.936,457.559,102.364,1.386,0.180
232.8088,44.000,511.799,458.609,101.270,0.292,0.180
232.9067,44.000,511.532,458.803,101.040,0.061,0.180
233.0063,44.000,511.452,458.820,100.992,0.013,0.180
233.1026,44.000,511.415,458.803,100.982,0.003,0.180
233.2005,43.000,501.022,466.751,91.811,-6.568,0.180
233.3093,43.000,506.668,462.027,96.996,-1.383,0.180
233.4073,43.000,508.151,461.327,98.088,-0.291,0.180
233.5043,42.000,498.345,469.398,89.149,-6.630,0.180
233.6064,42.000,504.342,464.927,94.383,-1.396,0.180
233.7044,42.000,506.093,464.474,95.485,-0.294,0.180
233.8011,41.000,496.508,472.762,86.549,-6.630,0.180
233.9008,40.000,492.322,476.444,82.615,-7.964,0.180
234.0114,40.000,499.896,471.443,88.902,-1.677,0.180
234.1096,39.000,491.945,479.181,81.057,-6.921,0.180
234.2078,38.000,488.450,483.094,77.353,-8.026,0.180
234.3069,36.000,475.727,494.373,65.352,-14.826,0.180
234.4050,35.000,479.450,493.023,67.889,-9.690,0.180
234.5042,35.000,489.608,487.881,75.539,-2.040,0.180
234.6018,33.000,472.614,504.340,58.812,-13.566,0.180
234.7009,32.000,475.728,504.370,60.354,-9.424,0.180
234.8094,31.000,475.636,507.735,58.626,-8.553,0.180
234.9072,28.000,454.174,527.779,37.873,-21.506,0.180
235.0040,27.000,464.681,522.666,45.683,-11.096,0.180
235.0998,25.000,456.497,533.636,36.106,-15.473,0.180
235.2103,23.000,452.159,541.541,29.985,-16.394,0.180
235.3077,21.000,448.881,549.051,24.591,-16.588,0.180
235.4044,19.000,446.138,556.592,19.448,-16.629,0.180
235.5014,17.000,443.657,564.351,14.328,-16.638,0.180
235.5995,15.000,441.376,572.318,9.204,-16.640,0.180
235.7092,13.000,439.260,580.468,4.072,-16.640,0.180
235.8079,10.000,426.908,596.748,-10.245,-23.208,0.180
235.9056,7.000,420.331,608.464,-19.391,-24.591,0.180
236.0033,5.000,425.718,611.645,-18.288,-18.314,0.180
236.0994,3.000,426.097,619.750,-22.151,-16.992,0.180
236.2055,-0.000,415.012,636.845,-36.241,-23.283,0.180
236.3041,-3.000,407.526,647.639,-45.381,-24.607,0.180
236.4010,-5.000,410.896,648.882,-44.317,-18.317,0.180
236.5018,-7.000,408.345,654.155,-48.230,-16.993,0.180
236.5995,-9.000,403.933,659.679,-53.198,-16.714,0.180
236.7088,-11.000,398.607,664.750,-58.396,-16.656,0.180
236.8077,-13.000,392.644,669.298,-63.651,-16.643,0.180
236.9057,-15.000,386.167,673.371,-68.927,-16.641,0.180
237.0035,-16.000,390.231,669.664,-65.041,-10.072,0.180
237.1039,-18.000,377.803,678.194,-75.520,-15.257,0.180
237.2021,-20.000,369.256,682.230,-81.812,-16.349,0.180
237.3001,-22.000,361.308,685.142,-87.242,-16.579,0.180
237.4091,-24.000,353.320,687.651,-92.490,-16.627,0.180
237.5072,-25.000,356.149,682.563,-88.532,-10.069,0.180
237.6060,-27.000,342.701,689.891,-98.919,-15.257,0.180
237.7039,-28.000,344.177,685.614,-96.043,-9.780,0.180
237.8018,-29.000,341.239,685.571,-97.490,-8.627,0.180
237.9019,-29.000,348.283,678.993,-90.679,-1.816,0.180
238.0009,-29.000,349.915,677.757,-89.245,-0.382,0.180
238.1076,-30.000,339.417,684.992,-98.112,-6.649,0.180
238.2052,-30.000,344.779,679.856,-92.863,-1.400,0.180
238.3022,-31.000,335.012,686.215,-100.926,-6.863,0.180
238.3993,-31.000,340.482,680.849,-95.508,-1.445,0.180
238.5079,-32.000,330.698,687.120,-103.535,-6.873,0.180
238.6049,-33.000,325.163,689.070,-107.278,-8.015,0.180
238.7013,-33.000,331.467,682.719,-100.950,-1.687,0.180
238.7993,-34.000,321.811,688.735,-108.786,-6.924,0.180
238.9082,-35.000,316.261,690.590,-112.489,-8.026,0.180
239.0068,-36.000,311.559,691.552,-115.321,-8.258,0.180
239.1059,-36.000,317.989,684.943,-108.801,-1.739,0.180
239.2017,-38.000,297.349,698.231,-125.766,-13.503,0.180
239.3082,-38.000,307.884,687.446,-115.106,-2.843,0.180
239.4053,-39.000,299.054,692.464,-122.030,-7.167,0.180
239.5024,-39.000,304.592,686.686,-116.372,-1.509,0.180
239.5999,-39.000,305.681,685.393,-115.180,-0.318,0.180
239.6986,-39.000,305.845,685.055,-114.930,-0.067,0.180
239.7984,-39.000,305.824,684.929,-114.877,-0.014,0.180
239.9068,-40.000,294.804,692.223,-124.034,-6.571,0.180
240.0046,-40.000,299.908,686.952,-118.846,-1.383,0.180
240.1017,-39.000,308.898,675.421,-108.586,6.277,0.180
240.1984,-39.000,304.362,680.796,-113.541,1.322,0.180
240.3049,-39.000,303.676,682.196,-114.585,0.278,0.180
240.4044,-39.000,303.760,682.719,-114.804,0.059,0.180
240.5034,-39.000,303.971,683.023,-114.850,0.012,0.180
240.6018,-40.000,293.212,690.621,-124.029,-6.566,0.180
240.7004,-40.000,298.552,685.593,-118.845,-1.382,0.180
240.8015,-40.000,299.776,684.635,-117.754,-0.291,0.180
240.8986,-40.000,300.119,684.518,-117.524,-0.061,0.180
241.0076,-40.000,300.263,684.566,-117.476,-0.013,0.180
241.1062,-39.000,308.323,674.269,-108.297,6.566,0.180
241.2025,-39.000,303.689,680.001,-113.481,1.382,0.180
241.3017,-38.000,311.033,671.191,-105.403,6.859,0.180
241.3994,-38.000,306.495,677.483,-110.819,1.444,0.180
241.4986,-37.000,314.069,669.000,-102.790,6.872,0.180
241.6071,-36.000,317.725,665.171,-99.048,8.015,0.180
241.7041,-35.000,320.792,662.557,-96.207,8.256,0.180
241.8034,-34.000,323.935,660.399,-93.556,8.306,0.180
241.9014,-33.000,327.265,658.507,-90.946,8.317,0.180
241.9994,-32.000,330.778,656.816,-88.343,8.319,0.180
242.1057,-31.000,334.452,655.289,-85.743,8.320,0.180
242.2035,-30.000,338.266,653.902,-83.143,8.320,0.180
242.3029,-29.000,342.197,652.634,-80.543,8.320,0.180
242.3987,-27.000,354.197,641.097,-68.774,14.888,0.180
242.4976,-26.000,353.608,645.679,-71.360,9.703,0.180
242.6065,-25.000,357.113,646.168,-69.852,8.611,0.180
242.7046,-24.000,361.481,645.795,-67.482,8.381,0.180
242.8019,-22.000,373.999,634.873,-55.761,14.901,0.180
242.9002,-21.000,373.882,639.947,-58.357,9.706,0.180
242.9982,-19.000,385.664,630.578,-47.781,15.180,0.180
243.1065,-17.000,393.554,625.940,-41.517,16.333,0.180
243.2048,-16.000,392.927,632.930,-45.326,10.007,0.180
243.3028,-14.000,405.095,624.371,-34.962,15.244,0.180
243.4023,-13.000,405.495,630.638,-37.896,9.778,0.180
243.4997,-11.000,417.989,622.012,-27.336,15.195,0.180
243.5982,-9.000,426.527,617.961,-21.042,16.336,0.180
243.7061,-7.000,434.438,615.065,-15.638,16.576,0.180
243.8054,-6.000,434.420,622.945,-19.587,10.058,0.180
243.9028,-4.000,447.236,615.011,-9.212,15.254,0.180
244.0004,-3.000,448.222,621.776,-12.102,9.780,0.180
244.0965,-1.000,461.226,613.559,-1.491,15.196,0.180
244.2067,1.000,469.606,609.249,4.854,16.336,0.180
244.3058,2.000,468.818,615.896,1.136,10.008,0.180
244.4044,3.000,472.291,616.803,2.420,8.675,0.180
244.5055,4.000,476.193,616.025,4.760,8.395,0.180
244.6036,4.000,472.414,625.459,-1.847,1.767,0.180
244.7024,5.000,480.817,618.263,5.952,6.940,0.180
244.8004,6.000,484.750,614.755,9.673,8.030,0.180
244.8974,6.000,480.123,622.744,3.365,1.690,0.180
245.0063,6.000,480.248,625.476,2.061,0.356,0.180
245.1043,6.000,481.213,626.940,1.812,0.075,0.180
245.2024,6.000,482.217,628.001,1.784,0.016,0.180
245.2991,6.000,483.113,628.859,1.803,0.003,0.180
245.3967,6.000,483.888,629.576,1.831,0.001,0.180
245.5076,6.000,484.552,630.180,1.862,0.000,0.180
245.6066,7.000,492.496,619.714,11.066,6.568,0.180
245.7048,7.000,487.774,625.291,5.917,1.383,0.180
245.8027,7.000,487.083,626.710,4.862,0.291,0.180
245.9028,8.000,494.572,616.239,13.842,6.630,0.180
246.0052,9.000,496.987,610.691,17.823,7.964,0.180
246.1016,10.000,498.287,606.126,20.756,8.245,0.180
246.1986,11.000,499.316,601.722,23.473,8.304,0.180
246.3005,12.000,500.257,597.313,26.147,8.317,0.180
246.4000,12.000,493.780,603.843,19.644,1.751,0.180
246.5001,13.000,499.856,594.211,27.498,6.937,0.180
246.5996,13.000,494.435,599.609,22.089,1.460,0.180
246.6963,14.000,500.714,589.711,30.177,6.876,0.180
246.7967,14.000,495.320,595.028,24.822,1.448,0.180
246.9039,14.000,494.218,596.066,23.752,0.305,0.180
247.0010,13.000,483.649,604.180,14.410,-6.504,0.180
247.0996,12.000,478.934,607.407,10.439,-7.938,0.180
247.1967,11.000,475.758,609.920,7.594,-8.240,0.180
247.3035,10.000,473.164,612.550,4.983,-8.303,0.180
247.4017,8.000,460.539,623.405,-6.757,-14.885,0.180
247.4986,7.000,464.206,621.834,-4.138,-9.702,0.180
247.5973,7.000,474.293,616.528,3.558,-2.043,0.180
247.7057,6.000,467.601,624.885,-3.967,-6.998,0.180
247.8035,6.000,475.364,621.536,1.589,-1.473,0.180
247.9061,6.000,478.435,622.218,2.784,-0.310,0.180
248.0035,7.000,487.679,612.563,12.234,6.503,0.180
248.1008,8.000,491.281,608.013,16.309,7.937,0.180
248.2009,7.000,475.779,623.308,0.911,-4.897,0.180
248.2986,8.000,488.468,609.844,13.987,5.537,0.180
248.3968,8.000,485.308,615.344,9.657,1.166,0.180
248.5045,8.000,485.424,617.218,8.779,0.245,0.180
248.6014,9.000,493.491,607.242,17.800,6.620,0.180
248.6991,9.000,489.000,613.110,12.621,1.394,0.180
248.7967,9.000,488.532,614.749,11.567,0.293,0.180
248.9057,10.000,496.219,604.458,20.556,6.630,0.180
249.0045,11.000,498.803,599.060,24.547,7.964,0.180
249.1016,11.000,492.877,605.594,18.317,1.677,0.180
249.2012,12.000,499.242,596.146,26.224,6.921,0.180
249.2992,13.000,501.403,590.763,29.996,8.026,0.180
249.3987,13.000,495.266,597.163,23.727,1.690,0.180
249.5037,13.000,494.112,598.541,22.461,0.356,0.180
249.6038,12.000,483.620,606.823,13.074,-6.494,0.180
249.7029,11.000,478.995,610.168,9.089,-7.935,0.180
249.8032,11.000,486.274,604.802,15.411,-1.671,0.180
249.9002,10.000,478.089,612.213,7.614,-6.920,0.180
249.9971,9.000,474.402,615.842,3.956,-8.025,0.180
250.1052,8.000,471.887,618.909,1.164,-8.258,0.180
250.2046,7.000,469.808,622.055,-1.448,-8.307,0.180
250.3027,5.000,457.609,633.362,-13.201,-14.886,0.180
250.3996,4.000,461.634,632.179,-10.597,-9.702,0.180
250.4958,3.000,461.649,635.180,-12.090,-8.611,0.180
250.6041,2.000,460.871,639.121,-14.450,-8.381,0.180
250.6998,1.000,459.969,643.312,-16.996,-8.333,0.180
250.7988,-0.000,459.077,647.599,-19.586,-8.323,0.180
250.9077,-1.000,457.616,651.346,-22.189,-8.321,0.180
251.0044,-2.000,455.678,654.627,-24.799,-8.320,0.180
251.1007,-4.000,442.360,664.887,-36.588,-14.888,0.180
251.1990,-6.000,433.846,669.601,-43.202,-16.271,0.180
251.2962,-6.000,448.046,658.172,-30.388,-3.426,0.180
251.4047,-8.000,429.949,671.423,-46.062,-13.858,0.180
251.5023,-9.000,430.815,668.839,-44.336,-9.486,0.180
251.5989,-10.000,428.053,669.540,-46.068,-8.565,0.180
251.6954,-11.000,424.414,670.828,-48.531,-8.372,0.180
251.8030,-12.000,420.493,672.150,-51.153,-8.331,0.180
251.9009,-12.000,427.403,666.031,-44.638,-1.754,0.180
251.9996,-12.000,429.062,665.045,-43.316,-0.369,0.180
252.1013,-11.000,437.550,654.728,-33.913,6.491,0.180
252.1997,-11.000,433.092,660.632,-39.095,1.366,0.180
252.2975,-11.000,432.570,662.383,-40.231,0.288,0.180
252.3952,-9.000,448.755,642.442,-22.168,13.197,0.180
252.5007,-9.000,439.693,654.312,-32.634,2.778,0.180
252.5989,-8.000,446.620,647.372,-25.700,7.153,0.180
252.6967,-8.000,442.426,654.555,-31.389,1.506,0.180
252.8048,-7.000,450.439,646.682,-23.446,6.885,0.180
252.9033,-8.000,435.553,661.088,-38.092,-5.119,0.180
253.0022,-7.000,448.821,648.010,-24.919,5.491,0.180
253.0990,-7.000,446.032,653.963,-29.290,1.156,0.180
253.1967,-6.000,454.400,645.882,-21.065,6.812,0.180
253.2961,-6.000,450.614,652.914,-26.474,1.434,0.180
253.3946,-6.000,450.830,655.456,-27.638,0.302,0.180
253.5019,-6.000,451.733,656.898,-27.907,0.064,0.180
253.5995,-6.000,452.648,657.976,-27.989,0.013,0.180
253.6959,-6.000,453.453,658.865,-28.030,0.003,0.180
253.8045,-5.000,462.113,649.244,-18.890,6.569,0.180
253.9023,-6.000,447.019,662.922,-33.276,-5.185,0.180
254.0010,-6.000,451.980,659.758,-29.213,-1.092,0.180
254.1003,-6.000,453.574,659.690,-28.383,-0.230,0.180
254.1987,-6.000,454.373,660.189,-28.232,-0.048,0.180
254.2965,-7.000,443.958,668.107,-37.399,-6.579,0.180
254.3967,-6.000,457.528,653.015,-23.068,5.183,0.180
254.4939,-6.000,454.257,657.992,-27.192,1.091,0.180
254.6024,-5.000,462.063,649.236,-18.911,6.798,0.180
254.7014,-4.000,465.740,645.351,-15.130,8.000,0.180
254.7979,-4.000,460.816,653.100,-21.466,1.684,0.180
254.9042,-3.000,468.639,645.276,-13.643,6.923,0.180
255.0016,-3.000,464.658,652.258,-19.124,1.457,0.180
255.1020,-3.000,464.767,654.699,-20.290,0.307,0.180
255.2036,-2.000,473.567,645.667,-11.375,6.633,0.180
255.3045,-2.000,469.721,652.315,-16.622,1.396,0.180
255.4037,-2.000,469.799,654.619,-17.734,0.294,0.180
255.5007,-2.000,470.569,655.874,-17.977,0.062,0.180
255.5980,-2.000,471.370,656.794,-18.036,0.013,0.180
255.6974,-2.000,472.081,657.546,-18.057,0.003,0.180
255.7944,-2.000,472.690,658.180,-18.069,0.001,0.180
255.9044,-3.000,462.234,666.093,-27.254,-6.568,0.180
256.0018,-3.000,467.823,661.342,-22.084,-1.383,0.180
256.1002,-3.000,469.256,660.623,-21.008,-0.291,0.180
256.1988,-3.000,469.773,660.711,-20.794,-0.061,0.180
256.2961,-4.000,459.089,668.310,-29.935,-6.581,0.180
256.3942,-4.000,464.453,663.323,-24.760,-1.386,0.180
256.4941,-4.000,465.687,662.411,-23.686,-0.292,0.180
256.6024,-5.000,455.059,669.711,-32.651,-6.630,0.180
256.7012,-5.000,460.353,664.589,-27.443,-1.396,0.180
256.7998,-6.000,450.528,670.960,-35.540,-6.862,0.180
256.8986,-6.000,455.947,665.606,-30.154,-1.445,0.180
256.9952,-7.000,468.231,679.927,-42.374,-11.028,0.320
257.1037,-7.000,501.663,676.885,-33.658,-2.276,0.320
257.2008,-7.000,526.829,682.325,-31.888,-0.470,0.320
257.2986,-8.000,534.183,701.920,-44.887,-10.827,0.320
257.3957,-8.000,563.923,702.862,-36.336,-2.234,0.320
257.5022,-9.000,570.796,723.003,-47.940,-11.191,0.320
257.6015,-10.000,583.968,736.727,-52.440,-13.039,0.320
257.6983,-10.000,613.175,738.157,-42.143,-2.691,0.320
257.7957,-11.000,618.463,759.845,-53.395,-11.285,0.320
257.9035,-12.000,630.053,775.119,-57.831,-13.059,0.320
258.0028,-13.000,642.610,789.332,-60.864,-13.425,0.320
258.0994,-14.000,655.080,803.550,-63.613,-13.500,0.320
258.1988,-16.000,652.034,829.375,-79.642,-24.246,0.320
258.2954,-18.000,657.107,846.761,-87.153,-26.463,0.320
258.3951,-20.000,663.692,862.359,-92.810,-26.921,0.320
258.5034,-21.000,685.601,866.240,-84.774,-16.285,0.320
258.6015,-22.000,698.956,878.742,-85.180,-14.091,0.320
258.7031,-24.000,695.222,904.549,-100.657,-24.368,0.320
258.7987,-26.000,699.431,922.197,-107.978,-26.489,0.320
258.8939,-27.000,720.391,926.750,-100.285,-16.196,0.320
259.0038,-28.000,733.159,939.602,-100.761,-14.072,0.320
259.1017,-29.000,744.222,954.251,-102.923,-13.634,0.320
259.1999,-31.000,739.671,980.752,-118.763,-24.274,0.320
259.2960,-31.000,773.919,975.936,-99.498,-5.009,0.320
259.3949,-32.000,777.766,998.041,-108.853,-11.764,0.320
259.4928,-33.000,786.962,1014.839,-112.847,-13.158,0.320
259.6018,-34.000,797.253,1030.577,-115.734,-13.445,0.320
259.6976,-34.000,823.012,1034.717,-105.064,-2.774,0.320
259.7942,-35.000,809.262,1042.986,-116.192,-11.303,0.320
259.9014,-36.000,802.253,1044.496,-120.552,-13.062,0.320
259.9974,-37.000,796.618,1044.616,-123.515,-13.426,0.320
260.0951,-37.000,806.502,1033.045,-112.860,-2.770,0.320
260.2035,-38.000,792.795,1041.477,-123.991,-11.302,0.320
260.3023,-38.000,801.076,1031.713,-115.021,-2.332,0.320
260.4010,-37.000,814.591,1014.777,-99.840,10.249,0.320
260.4996,-35.000,831.042,994.099,-81.314,23.575,0.320
260.5966,-32.000,850.317,970.751,-60.034,37.055,0.320
260.6958,-26.000,897.205,916.440,-9.462,72.027,0.320
260.7926,-13.000,1005.094,792.162,106.598,154.355,0.320
260.9027,-6.000,980.865,826.341,77.374,106.962,0.320
261.0020,-1.000,971.965,853.897,59.129,75.722,0.320
261.1007,2.000,962.392,884.489,39.033,47.816,0.320
261.1962,4.000,960.729,905.337,27.765,31.327,0.320
261.2935,6.000,969.882,910.812,29.594,27.925,0.320
261.4010,8.000,979.807,911.640,34.133,27.223,0.320
261.4981,9.000,977.237,925.511,25.905,16.348,0.320
