time_s,error_mm,left_rpm,right_rpm,pid_output,d_term,target_speed_ms
0.0003,-17.000,-559.448,606.940,-583.194,-532.174,0.360
0.0219,-17.000,-251.846,343.907,-297.876,-246.812,0.360
0.1301,-17.000,-51.405,185.553,-118.479,-67.312,0.360
0.2267,-17.000,17.435,156.688,-69.627,-18.358,0.360
0.3234,-17.000,51.228,163.983,-56.377,-5.007,0.360
0.4302,-17.000,76.050,181.726,-52.838,-1.365,0.360
0.5278,-17.000,98.851,202.745,-51.947,-0.372,0.360
0.6268,-17.000,121.463,225.020,-51.778,-0.102,0.360
0.7229,-18.000,126.314,262.121,-67.903,-13.119,0.360
0.8294,-17.000,173.914,258.661,-42.374,9.513,0.360
0.9272,-17.000,190.972,289.760,-49.394,2.594,0.360
1.0252,-18.000,195.253,330.213,-67.480,-12.383,0.360
1.1220,-18.000,228.483,345.647,-58.582,-3.377,0.360
1.2291,-18.000,255.332,367.800,-56.234,-0.921,0.360
1.3252,-18.000,280.540,391.884,-55.672,-0.251,0.360
1.4232,-18.000,305.384,416.578,-55.597,-0.069,0.360
1.5199,-18.000,330.199,441.509,-55.655,-0.019,0.360
1.6279,-18.000,355.066,466.566,-55.750,-0.005,0.360
1.7257,-18.000,379.999,491.708,-55.854,-0.001,0.360
1.8228,-18.000,404.994,516.916,-55.961,-0.000,0.360
1.9208,-18.000,430.042,542.180,-56.069,-0.000,0.360
2.0288,-18.000,455.137,567.490,-56.177,-0.000,0.360
2.1272,-18.000,480.270,592.840,-56.285,-0.000,0.360
2.2256,-18.000,505.438,618.223,-56.393,-0.000,0.360
2.3233,-18.000,530.633,643.634,-56.501,-0.000,0.360
2.4213,-17.000,570.870,651.893,-40.512,13.091,0.360
2.5292,-17.000,587.178,687.446,-50.134,3.570,0.360
2.6252,-17.000,610.340,716.005,-52.833,0.974,0.360
2.7220,-17.000,635.331,742.617,-53.643,0.266,0.360
2.8205,-16.000,675.803,751.486,-37.841,13.163,0.360
2.9217,-16.000,692.424,787.445,-47.511,3.590,0.360
3.0231,-16.000,715.883,816.318,-50.218,0.979,0.360
3.1220,-16.000,741.135,843.187,-51.026,0.267,0.360
3.2280,-15.000,781.834,852.271,-35.219,13.164,0.360
3.3246,-15.000,798.648,888.413,-44.883,3.590,0.360
3.4222,-14.000,837.289,900.262,-31.487,14.070,0.360
3.5218,-14.000,853.751,937.357,-41.803,3.837,0.360
3.6203,-13.000,892.474,949.637,-28.581,14.137,0.360
3.7292,-13.000,909.110,986.992,-38.941,3.856,0.360
3.8267,-12.000,948.011,999.464,-25.726,14.142,0.360
3.9250,-11.000,979.824,1019.797,-19.987,16.948,0.360
4.0220,-11.000,994.914,1059.671,-32.378,4.622,0.360
4.1301,-10.000,1033.683,1073.101,-19.709,14.351,0.360
4.2282,-9.000,1065.706,1093.926,-14.110,17.005,0.360
4.3251,-9.000,1081.065,1134.127,-26.531,4.638,0.360
4.4207,-8.000,1094.623,1122.345,-13.861,14.356,0.360
4.5293,-7.000,1101.406,1117.911,-8.253,17.006,0.360
4.6256,-7.000,1091.495,1132.820,-20.663,4.638,0.360
4.7250,-6.000,1105.221,1121.182,-7.981,14.356,0.360
4.8233,-6.000,1098.091,1099.209,-0.559,6.152,0.160
4.9213,-5.000,1081.878,1082.075,-0.098,5.722,0.160
5.0200,-5.000,1063.062,1069.817,-3.377,2.452,0.160
5.1269,-5.000,1045.580,1055.156,-4.788,1.051,0.160
5.2241,-5.000,1028.445,1039.240,-5.397,0.450,0.160
5.3232,-5.000,1011.267,1022.595,-5.664,0.193,0.160
5.4225,-5.000,993.908,1005.475,-5.783,0.083,0.160
5.5211,-5.000,976.334,988.012,-5.839,0.035,0.160
5.6280,-6.000,953.002,972.714,-9.856,-3.071,0.160
5.7266,-6.000,936.962,953.187,-8.112,-1.316,0.160
5.8182,-6.000,919.723,934.466,-7.371,-0.564,0.160
5.9285,-7.000,896.339,918.434,-11.047,-3.327,0.160
6.0268,-7.000,880.112,898.428,-9.158,-1.426,0.160
6.1252,-7.000,862.650,879.362,-8.356,-0.611,0.160
6.2265,-7.000,844.597,860.636,-8.020,-0.262,0.160
6.3237,-8.000,820.691,844.431,-11.870,-3.198,0.160
6.4207,-8.000,804.092,824.206,-10.057,-1.371,0.160
6.5198,-9.000,780.799,807.350,-13.276,-3.673,0.160
6.6276,-10.000,758.905,789.266,-15.180,-4.660,0.160
6.7266,-11.000,737.648,770.694,-16.523,-5.083,0.160
6.8239,-11.000,722.240,749.517,-13.639,-2.178,0.160
6.9205,-12.000,699.504,732.306,-16.401,-4.019,0.160
7.0280,-12.000,683.437,711.688,-14.126,-1.723,0.160
7.1261,-13.000,660.396,694.698,-17.151,-3.824,0.160
7.2237,-13.000,644.180,674.158,-14.989,-1.639,0.160
7.3219,-13.000,626.607,654.758,-14.076,-0.702,0.160
7.4186,-14.000,602.859,638.230,-17.686,-3.387,0.160
7.5270,-14.000,586.287,617.838,-15.775,-1.451,0.160
7.6244,-15.000,562.969,600.886,-18.959,-3.708,0.160
7.7204,-15.000,546.581,580.315,-16.867,-1.589,0.160
7.8198,-15.000,528.890,560.862,-15.986,-0.681,0.160
7.9285,-16.000,505.054,544.277,-19.611,-3.378,0.160
8.0257,-16.000,488.411,523.831,-17.710,-1.448,0.160
8.1249,-17.000,477.767,519.565,-20.899,-3.706,0.160
8.2212,-17.000,480.428,518.053,-18.812,-1.588,0.160
8.3199,-17.000,481.794,517.664,-17.935,-0.681,0.160
8.4179,-17.000,482.567,517.721,-17.577,-0.292,0.160
8.5176,-18.000,477.509,520.365,-21.428,-3.211,0.160
8.6252,-17.000,482.332,513.609,-15.638,1.710,0.160
8.7217,-17.000,482.004,515.295,-16.646,0.733,0.160
8.8201,-17.000,482.131,516.322,-17.095,0.314,0.160
8.9279,-17.000,482.412,517.022,-17.305,0.135,0.160
9.0276,-18.000,477.174,519.974,-21.400,-3.028,0.160
9.1238,-18.000,479.400,518.805,-19.702,-1.298,0.160
9.2215,-18.000,480.558,518.545,-18.993,-0.556,0.160
9.3212,-18.000,481.225,518.641,-18.708,-0.238,0.160
9.4181,-18.000,481.654,518.862,-18.604,-0.102,0.160
9.5254,-18.000,481.955,519.111,-18.578,-0.044,0.160
9.6218,-18.000,482.182,519.353,-18.585,-0.019,0.160
9.7187,-19.000,476.813,522.002,-22.595,-3.094,0.160
9.8258,-19.000,478.890,520.611,-20.861,-1.326,0.160
9.9223,-19.000,479.905,520.180,-20.137,-0.568,0.160
10.0215,-19.000,480.443,520.137,-19.847,-0.244,0.160
10.1203,-19.000,480.759,520.243,-19.742,-0.104,0.160
10.2184,-19.000,480.964,520.397,-19.717,-0.045,0.160
10.3251,-19.000,481.108,520.558,-19.725,-0.019,0.160
10.4241,-19.000,481.214,520.711,-19.748,-0.008,0.160
10.5219,-20.000,475.783,523.242,-23.729,-3.089,0.160
10.6206,-20.000,477.816,521.744,-21.964,-1.324,0.160
10.7194,-20.000,478.800,521.215,-21.208,-0.567,0.160
10.8171,-20.000,479.317,521.084,-20.883,-0.243,0.160
10.9229,-20.000,479.621,521.110,-20.744,-0.104,0.160
11.0186,-20.000,479.820,521.190,-20.685,-0.045,0.160
11.1179,-21.000,474.418,523.709,-24.645,-3.105,0.160
11.2262,-21.000,476.468,522.209,-22.871,-1.331,0.160
11.3253,-21.000,477.462,521.683,-22.110,-0.570,0.160
11.4215,-21.000,477.986,521.555,-21.785,-0.244,0.160
11.5176,-21.000,478.295,521.584,-21.645,-0.105,0.160
11.6251,-21.000,478.498,521.668,-21.585,-0.045,0.160
11.7255,-21.000,478.646,521.764,-21.559,-0.019,0.160
11.8219,-21.000,478.760,521.857,-21.548,-0.008,0.160
11.9198,-22.000,473.307,524.366,-25.529,-3.089,0.160
12.0179,-22.000,475.322,522.850,-23.764,-1.324,0.160
12.1266,-22.000,476.290,522.305,-23.008,-0.567,0.160
12.2240,-22.000,476.794,522.161,-22.683,-0.243,0.160
12.3198,-22.000,477.086,522.174,-22.544,-0.104,0.160
12.4159,-22.000,477.275,522.245,-22.485,-0.045,0.160
12.5207,-22.000,477.411,522.330,-22.459,-0.019,0.160
12.6180,-23.000,471.970,524.838,-26.434,-3.094,0.160
12.7259,-23.000,473.992,523.324,-24.666,-1.326,0.160
12.8166,-23.000,474.965,522.782,-23.908,-0.568,0.160
12.9259,-24.000,469.928,525.067,-27.569,-3.329,0.160
13.0237,-23.000,474.706,518.068,-21.681,1.659,0.160
13.1214,-23.000,474.314,519.573,-22.629,0.711,0.160
13.2204,-23.000,474.381,520.452,-23.035,0.305,0.160
13.3191,-23.000,474.609,521.028,-23.210,0.131,0.160
13.4161,-24.000,469.330,523.870,-27.270,-3.030,0.160
13.5248,-23.000,474.072,517.177,-21.553,1.787,0.160
13.6230,-23.000,473.721,518.869,-22.574,0.766,0.160
13.7208,-23.000,473.853,519.877,-23.012,0.328,0.160
13.8178,-23.000,474.151,520.550,-23.200,0.141,0.160
13.9155,-23.000,474.482,521.042,-23.280,0.060,0.160
14.0254,-23.000,474.798,521.426,-23.314,0.026,0.160
14.1218,-21.000,480.172,510.887,-15.358,6.183,0.160
14.2245,-21.000,477.444,515.225,-18.891,2.650,0.160
14.3244,-21.000,476.614,517.424,-20.405,1.136,0.160
14.4224,-20.000,479.093,513.228,-17.068,3.572,0.160
14.5196,-19.000,480.333,510.649,-15.158,4.617,0.160
14.6171,-18.000,481.139,508.824,-13.842,5.064,0.160
14.7255,-17.000,481.828,507.390,-12.781,5.256,0.160
14.8219,-17.000,479.977,511.607,-15.815,2.253,0.160
14.9197,-16.000,482.212,508.503,-13.146,4.051,0.160
15.0194,-15.000,483.547,506.550,-11.502,4.822,0.160
15.1170,-13.000,487.096,499.715,-6.309,8.238,0.160
15.2159,-12.000,486.517,500.622,-7.053,6.616,0.160
15.3246,-11.000,486.901,500.636,-6.867,5.921,0.160
15.4247,-10.000,487.714,500.281,-6.283,5.623,0.160
15.5235,-9.000,488.725,499.779,-5.527,5.496,0.160
15.6219,-9.000,487.285,504.653,-8.684,2.355,0.160
15.7199,-8.000,489.930,502.046,-6.058,4.095,0.160
15.8204,-7.000,491.639,500.489,-4.425,4.841,0.160
15.9189,-7.000,490.425,504.833,-7.204,2.075,0.160
16.0148,-6.000,493.105,501.934,-4.415,3.975,0.160
16.1234,-6.000,492.229,505.622,-6.697,1.704,0.160
16.2205,-5.000,494.988,502.375,-3.693,3.816,0.160
16.3168,-4.000,496.638,500.429,-1.895,4.721,0.160
16.4156,-4.000,495.308,504.508,-4.600,2.023,0.160
16.5240,-4.000,495.313,506.840,-5.764,0.867,0.160
16.6218,-3.000,498.350,502.908,-2.279,3.457,0.160
16.7211,-2.000,500.037,500.582,-0.272,4.567,0.160
16.8204,-2.000,498.651,504.423,-2.886,1.957,0.160
16.9188,-2.000,498.573,506.589,-4.008,0.839,0.160
17.0162,-1.000,501.525,502.532,-0.504,3.445,0.160
17.1161,-1.000,500.585,505.533,-2.474,1.477,0.160
17.2140,-1.000,500.615,507.254,-3.320,0.633,0.160
17.3224,-1.000,500.996,508.362,-3.683,0.271,0.160
17.4195,-1.000,501.471,509.151,-3.840,0.116,0.160
17.5176,-0.000,504.488,504.329,0.080,3.136,0.160
17.6161,-0.000,503.430,506.854,-1.712,1.344,0.160
17.7156,-0.000,503.285,508.245,-2.480,0.576,0.160
17.8164,-0.000,503.486,509.104,-2.809,0.247,0.160
17.9141,-0.000,503.795,509.695,-2.950,0.106,0.160
18.0139,1.000,506.545,504.591,0.977,3.131,0.160
18.1225,1.000,505.256,506.878,-0.811,1.342,0.160
18.2210,1.000,504.916,508.067,-1.575,0.575,0.160
18.3186,1.000,504.950,508.754,-1.902,0.246,0.160
18.4164,1.000,505.117,509.200,-2.041,0.106,0.160
18.5238,1.000,505.319,509.519,-2.100,0.045,0.160
18.6217,2.000,507.944,504.217,1.864,3.105,0.160
18.7195,2.000,506.536,506.350,0.093,1.331,0.160
18.8163,2.000,506.087,507.415,-0.664,0.570,0.160
18.9137,2.000,506.027,507.999,-0.986,0.244,0.160
19.0235,2.000,506.113,508.358,-1.122,0.105,0.160
19.1229,3.000,508.673,503.056,2.809,3.131,0.160
19.2214,3.000,507.225,505.174,1.025,1.342,0.160
19.3183,3.000,506.748,506.220,0.264,0.575,0.160
19.4155,3.000,506.667,506.785,-0.059,0.246,0.160
19.5152,3.000,506.737,507.126,-0.195,0.106,0.160
19.6242,3.000,506.857,507.356,-0.250,0.045,0.160
19.7212,3.000,506.985,507.525,-0.270,0.019,0.160
19.8196,3.000,507.105,507.656,-0.276,0.008,0.160
19.9206,4.000,509.641,502.216,3.712,3.089,0.160
20.0178,4.000,508.148,504.239,1.954,1.324,0.160
20.1157,4.000,507.624,505.214,1.205,0.567,0.160
20.2165,4.000,507.498,505.722,0.888,0.243,0.160
20.3151,4.000,507.530,506.017,0.756,0.104,0.160
20.4149,4.000,507.616,506.208,0.704,0.045,0.160
20.5157,4.000,507.715,506.344,0.686,0.019,0.160
20.6160,3.000,502.384,508.995,-3.306,-3.078,0.160
20.7145,4.000,506.936,502.045,2.446,1.767,0.160
20.8152,4.000,506.415,503.528,1.443,0.757,0.160
20.9154,3.000,500.970,506.910,-2.970,-2.761,0.160
21.0142,3.000,503.177,505.950,-1.386,-1.183,0.160
21.1144,3.000,504.389,505.798,-0.705,-0.507,0.160
21.2233,3.000,505.134,505.953,-0.410,-0.217,0.160
21.3213,3.000,505.647,506.207,-0.280,-0.093,0.160
21.4185,3.000,506.031,506.473,-0.221,-0.040,0.160
21.5159,3.000,506.336,506.722,-0.193,-0.017,0.160
21.6138,3.000,506.586,506.942,-0.178,-0.007,0.160
21.7214,2.000,501.368,509.680,-4.156,-3.089,0.160
21.8196,2.000,503.582,508.357,-2.387,-1.324,0.160
21.9170,2.000,504.721,507.976,-1.627,-0.567,0.160
22.0146,2.000,505.371,507.970,-1.299,-0.243,0.160
22.1141,2.000,505.788,508.101,-1.157,-0.104,0.160
22.2227,2.000,506.084,508.271,-1.094,-0.045,0.160
22.3216,1.000,500.883,510.987,-5.052,-3.105,0.160
22.4203,1.000,503.103,509.655,-3.276,-1.331,0.160
22.5165,-0.000,498.815,511.818,-6.501,-3.656,0.160
22.6145,-0.000,501.502,510.326,-4.412,-1.567,0.160
22.7220,-1.000,497.357,512.366,-7.504,-3.757,0.160
22.8214,-1.000,500.107,510.826,-5.359,-1.610,0.160
22.9183,-1.000,501.540,510.422,-4.441,-0.690,0.160
23.0140,-2.000,496.822,512.894,-8.036,-3.381,0.160
23.1223,-2.000,499.297,511.511,-6.107,-1.449,0.160
23.2216,-2.000,500.585,511.150,-5.283,-0.621,0.160
23.3215,-3.000,495.783,513.621,-8.919,-3.352,0.160
23.4202,-3.000,498.202,512.220,-7.009,-1.437,0.160
23.5175,-3.000,499.450,511.837,-6.193,-0.616,0.160
23.6165,-3.000,500.165,511.859,-5.847,-0.264,0.160
23.7134,-4.000,495.075,514.454,-9.689,-3.199,0.160
23.8125,-4.000,497.336,513.073,-7.868,-1.371,0.160
23.9220,-4.000,498.486,512.670,-7.092,-0.588,0.160
24.0190,-5.000,493.584,515.087,-10.751,-3.338,0.160
24.1161,-5.000,495.927,513.633,-8.853,-1.430,0.160
24.2152,-6.000,491.565,515.630,-12.032,-3.699,0.160
24.3122,-6.000,494.163,514.022,-9.930,-1.585,0.160
24.4135,-7.000,489.931,515.975,-13.022,-3.765,0.160
24.5221,-7.000,492.601,514.367,-10.883,-1.614,0.160
24.6186,-7.000,493.962,513.910,-9.974,-0.692,0.160
24.7156,-8.000,489.181,516.339,-13.579,-3.382,0.160
24.8132,-8.000,491.600,514.921,-11.660,-1.449,0.160
24.9212,-9.000,487.292,516.960,-14.834,-3.707,0.160
25.0182,-9.000,489.929,515.393,-12.732,-1.589,0.160
25.1150,-9.000,491.276,514.957,-11.840,-0.681,0.160
25.2140,-10.000,486.488,517.399,-15.455,-3.378,0.160
25.3120,-11.000,483.356,518.417,-17.531,-4.533,0.160
25.4204,-11.000,486.528,516.448,-14.960,-1.943,0.160
25.5170,-11.000,488.130,515.869,-13.870,-0.833,0.160
25.6157,-11.000,489.020,515.847,-13.414,-0.357,0.160
25.7120,-12.000,484.026,518.460,-17.217,-3.239,0.160
25.8186,-12.000,486.343,517.119,-15.388,-1.388,0.160
25.9175,-12.000,487.529,516.762,-14.616,-0.595,0.160
26.0185,-12.000,488.200,516.797,-14.298,-0.255,0.160
26.1165,-13.000,483.077,519.400,-18.162,-3.195,0.160
26.2128,-13.000,485.308,518.026,-16.359,-1.369,0.160
26.3201,-13.000,486.431,517.631,-15.600,-0.587,0.160
26.4186,-13.000,487.053,517.629,-15.288,-0.251,0.160
26.5151,-13.000,487.436,517.772,-15.168,-0.108,0.160
26.6144,-13.000,487.698,517.958,-15.130,-0.046,0.160
26.7141,-13.000,487.892,518.145,-15.127,-0.020,0.160
26.8131,-13.000,488.041,518.319,-15.139,-0.008,0.160
26.9217,-13.000,488.160,518.475,-15.157,-0.004,0.160
27.0187,-13.000,488.256,518.613,-15.179,-0.002,0.160
27.1172,-13.000,488.332,518.735,-15.201,-0.001,0.160
27.2154,-13.000,488.394,518.842,-15.224,-0.000,0.160
27.3135,-13.000,488.442,518.937,-15.248,-0.000,0.160
27.4127,-13.000,488.480,519.022,-15.271,-0.000,0.160
27.5138,-13.000,488.508,519.097,-15.294,-0.000,0.160
27.6107,-13.000,488.529,519.164,-15.318,-0.000,0.160
27.7188,-12.000,491.091,513.798,-11.353,3.086,0.160
27.8187,-12.000,489.614,515.890,-13.138,1.322,0.160
27.9147,-12.000,489.098,516.929,-13.916,0.567,0.160
28.0112,-12.000,488.975,517.497,-14.261,0.243,0.160
28.1187,-12.000,489.003,517.846,-14.421,0.104,0.160
28.2167,-11.000,491.631,512.661,-10.515,3.130,0.160
28.3156,-11.000,490.235,514.882,-12.324,1.342,0.160
28.4148,-11.000,489.799,516.019,-13.110,0.575,0.160
28.5118,-11.000,489.749,516.665,-13.458,0.246,0.160
28.6191,-11.000,489.841,517.079,-13.619,0.106,0.160
28.7159,-10.000,492.524,511.947,-9.712,3.131,0.160
28.8140,-10.000,491.176,514.214,-11.519,1.342,0.160
28.9116,-10.000,490.782,515.389,-12.304,0.575,0.160
29.0116,-9.000,493.314,510.639,-8.663,3.332,0.160
29.1139,-9.000,491.952,513.118,-10.583,1.428,0.160
29.2117,-8.000,494.141,508.997,-7.428,3.698,0.160
29.3183,-8.000,492.693,511.803,-9.555,1.585,0.160
29.4176,-8.000,492.350,513.300,-10.475,0.679,0.160
29.5159,-8.000,492.438,514.193,-10.878,0.291,0.160
29.6155,-8.000,492.675,514.791,-11.058,0.125,0.160
29.7129,-8.000,492.944,515.231,-11.144,0.053,0.160
29.8208,-7.000,495.747,510.150,-7.201,3.109,0.160
29.9187,-8.000,488.943,514.899,-12.978,-1.753,0.160
30.0174,-8.000,490.557,514.537,-11.990,-0.751,0.160
30.1164,-8.000,491.504,514.655,-11.575,-0.322,0.160
30.2131,-8.000,492.126,514.938,-11.406,-0.138,0.160
30.3120,-7.000,495.123,509.830,-7.354,3.027,0.160
30.4099,-7.000,493.984,512.175,-9.096,1.297,0.160
30.5194,-7.000,493.743,513.442,-9.849,0.556,0.160
30.6089,-7.000,493.848,514.207,-10.180,0.238,0.160
30.7183,-6.000,496.617,509.299,-6.341,3.188,0.160
30.8146,-6.000,495.375,511.722,-8.173,1.366,0.160
30.9115,-5.000,497.634,507.588,-4.977,3.671,0.160
31.0111,-5.000,496.229,510.398,-7.084,1.573,0.160
31.1099,-5.000,495.919,511.903,-7.992,0.674,0.160
31.2165,-5.000,496.032,512.805,-8.387,0.289,0.160
31.3135,-4.000,498.837,507.984,-4.573,3.210,0.160
31.4096,-4.000,497.639,510.468,-6.414,1.376,0.160
31.5189,-4.000,497.392,511.807,-7.208,0.590,0.160
31.6181,-4.000,497.512,512.616,-7.552,0.253,0.160
31.7152,-4.000,497.756,513.162,-7.703,0.108,0.160
31.8148,-4.000,498.022,513.567,-7.772,0.046,0.160
31.9149,-3.000,500.821,508.458,-3.819,3.106,0.160
32.0119,-3.000,499.560,510.757,-5.599,1.331,0.160
32.1107,-3.000,499.234,511.964,-6.365,0.570,0.160
32.2101,-2.000,501.825,507.242,-2.708,3.330,0.160
32.3187,-2.000,500.513,509.743,-4.615,1.427,0.160
32.4167,-2.000,500.199,511.067,-5.434,0.612,0.160
32.5117,-2.000,500.275,511.850,-5.787,0.262,0.160
32.6115,-2.000,500.487,512.368,-5.941,0.112,0.160
32.7197,-2.000,500.730,512.746,-6.008,0.048,0.160
32.8186,-2.000,500.962,513.041,-6.040,0.021,0.160
32.9179,-2.000,501.171,513.281,-6.055,0.009,0.160
33.0166,-2.000,501.353,513.480,-6.064,0.004,0.160
33.1145,-2.000,501.509,513.648,-6.069,0.002,0.160
33.2120,-3.000,496.095,516.218,-10.061,-3.085,0.160
33.3103,-3.000,498.143,514.751,-8.304,-1.322,0.160
33.4183,-3.000,499.141,514.248,-7.554,-0.567,0.160
33.5162,-4.000,494.122,516.568,-11.223,-3.329,0.160
33.6139,-3.000,498.917,509.598,-5.341,1.659,0.160
33.7124,-3.000,498.539,511.127,-6.294,0.711,0.160
33.8104,-4.000,493.069,514.456,-10.693,-2.781,0.160
33.9167,-4.000,495.241,513.464,-9.111,-1.192,0.160
34.0156,-4.000,496.417,513.292,-8.438,-0.511,0.160
34.1153,-4.000,497.128,513.433,-8.153,-0.219,0.160
34.2139,-4.000,497.608,513.678,-8.035,-0.094,0.160
34.3137,-4.000,497.962,513.940,-7.989,-0.040,0.160
34.4119,-4.000,498.240,514.186,-7.973,-0.017,0.160
34.5085,-4.000,498.465,514.405,-7.970,-0.007,0.160
34.6151,-4.000,498.651,514.598,-7.973,-0.003,0.160
34.7123,-4.000,498.807,514.764,-7.979,-0.001,0.160
34.8091,-4.000,498.937,514.907,-7.985,-0.001,0.160
34.9156,-4.000,499.046,515.030,-7.992,-0.000,0.160
35.0147,-4.000,499.138,515.136,-7.999,-0.000,0.160
35.1128,-4.000,499.215,515.227,-8.006,-0.000,0.160
35.2094,-4.000,499.279,515.305,-8.013,-0.000,0.160
35.3083,-4.000,499.332,515.373,-8.020,-0.000,0.160
35.4174,-4.000,499.377,515.432,-8.028,-0.000,0.160
35.5137,-4.000,499.413,515.483,-8.035,-0.000,0.160
35.6110,-4.000,499.443,515.527,-8.042,-0.000,0.160
35.7104,-4.000,499.468,515.566,-8.049,-0.000,0.160
35.8182,-4.000,499.487,515.600,-8.056,-0.000,0.160
35.9157,-4.000,499.503,515.630,-8.064,-0.000,0.160
36.0131,-4.000,499.515,515.657,-8.071,-0.000,0.160
36.1095,-5.000,493.977,518.108,-12.066,-3.086,0.160
36.2079,-5.000,495.919,516.542,-10.311,-1.322,0.160
36.3152,-5.000,496.826,515.955,-9.565,-0.567,0.160
36.4115,-5.000,497.277,515.776,-9.250,-0.243,0.160
36.5115,-5.000,497.522,515.762,-9.120,-0.104,0.160
36.6080,-5.000,497.671,515.809,-9.069,-0.045,0.160
36.7179,-6.000,492.223,518.304,-13.040,-3.105,0.160
36.8169,-6.000,494.231,516.785,-11.277,-1.331,0.160
36.9154,-6.000,495.189,516.244,-10.527,-0.570,0.160
37.0136,-6.000,495.681,516.106,-10.212,-0.244,0.160
37.1125,-7.000,490.413,518.555,-14.071,-3.190,0.160
37.2117,-7.000,492.525,517.046,-12.261,-1.367,0.160
37.3091,-7.000,493.551,516.534,-11.492,-0.586,0.160
37.4167,-7.000,494.091,516.430,-11.170,-0.251,0.160
37.5133,-7.000,494.407,516.484,-11.039,-0.108,0.160
37.6111,-7.000,494.614,516.593,-10.990,-0.046,0.160
37.7095,-8.000,489.214,519.141,-14.963,-3.105,0.160
37.8095,-8.000,491.262,517.668,-13.203,-1.331,0.160
37.9084,-8.000,492.253,517.167,-12.457,-0.570,0.160
38.0079,-8.000,492.772,517.063,-12.146,-0.244,0.160
38.1178,-8.000,493.074,517.115,-12.020,-0.105,0.160
38.2153,-8.000,493.270,517.220,-11.975,-0.045,0.160
38.3172,-8.000,493.409,517.336,-11.964,-0.019,0.160
38.4080,-8.000,493.514,517.448,-11.967,-0.008,0.160
38.5172,-9.000,488.049,519.978,-15.964,-3.089,0.160
38.6158,-9.000,490.051,518.481,-14.215,-1.324,0.160
38.7139,-8.000,493.553,512.528,-9.487,2.518,0.160
38.8140,-9.000,487.011,516.867,-14.928,-2.006,0.160
38.9115,-9.000,488.704,516.300,-13.798,-0.860,0.160
39.0086,-9.000,489.659,516.304,-13.323,-0.369,0.160
39.1170,-9.000,490.260,516.517,-13.128,-0.158,0.160
39.2147,-9.000,490.681,516.789,-13.054,-0.068,0.160
39.3130,-9.000,490.997,517.061,-13.032,-0.029,0.160
39.4098,-9.000,491.248,517.311,-13.031,-0.012,0.160
39.5091,-9.000,491.451,517.532,-13.041,-0.005,0.160
39.6080,-9.000,491.619,517.726,-13.054,-0.002,0.160
39.7165,-9.000,491.757,517.895,-13.069,-0.001,0.160
39.8137,-9.000,491.872,518.041,-13.084,-0.000,0.160
39.9138,-9.000,491.967,518.168,-13.100,-0.000,0.160
40.0105,-9.000,492.046,518.278,-13.116,-0.000,0.160
40.1078,-9.000,492.110,518.374,-13.132,-0.000,0.160
40.2170,-9.000,492.161,518.459,-13.149,-0.000,0.160
40.3147,-9.000,492.203,518.533,-13.165,-0.000,0.160
40.4106,-9.000,492.236,518.598,-13.181,-0.000,0.160
40.5074,-9.000,492.262,518.656,-13.197,-0.000,0.160
40.6071,-10.000,486.734,521.136,-17.201,-3.086,0.160
40.7164,-10.000,488.683,519.595,-15.456,-1.322,0.160
40.8143,-10.000,489.595,519.030,-14.718,-0.567,0.160
40.9118,-10.000,490.048,518.872,-14.412,-0.243,0.160
41.0088,-10.000,490.294,518.877,-14.291,-0.104,0.160
41.1151,-10.000,490.442,518.942,-14.250,-0.045,0.160
41.2139,-10.000,490.540,519.025,-14.242,-0.019,0.160
41.3140,-10.000,490.610,519.109,-14.249,-0.008,0.160
41.4105,-11.000,485.115,521.615,-18.250,-3.089,0.160
41.5085,-11.000,487.090,520.100,-16.505,-1.324,0.160
41.6069,-11.000,488.022,519.558,-15.768,-0.567,0.160
41.7060,-11.000,488.492,519.420,-15.464,-0.243,0.160
41.8137,-11.000,488.753,519.441,-15.344,-0.104,0.160
41.9095,-11.000,488.912,519.522,-15.305,-0.045,0.160
42.0095,-11.000,489.020,519.618,-15.299,-0.019,0.160
42.1068,-11.000,489.098,519.713,-15.308,-0.008,0.160
42.2152,-11.000,489.156,519.802,-15.323,-0.004,0.160
42.3129,-11.000,489.201,519.882,-15.341,-0.002,0.160
42.4105,-11.000,489.235,519.954,-15.360,-0.001,0.160
42.5085,-11.000,489.261,520.019,-15.379,-0.000,0.160
42.6154,-11.000,489.280,520.077,-15.399,-0.000,0.160
42.7129,-11.000,489.293,520.130,-15.418,-0.000,0.160
42.8125,-10.000,491.848,514.750,-11.451,3.086,0.160
42.9138,-10.000,490.367,516.830,-13.232,1.322,0.160
43.0110,-10.000,489.848,517.859,-14.006,0.567,0.160
43.1078,-10.000,489.722,518.417,-14.347,0.243,0.160
43.2151,-10.000,489.749,518.758,-14.504,0.104,0.160
43.3119,-10.000,489.828,518.992,-14.582,0.045,0.160
43.4078,-10.000,489.918,519.168,-14.625,0.019,0.160
43.5137,-9.000,492.549,513.883,-10.667,3.094,0.160
43.6148,-9.000,491.137,516.039,-12.451,1.326,0.160
43.7118,-9.000,490.680,517.129,-13.225,0.568,0.160
43.8090,-9.000,490.607,517.739,-13.566,0.244,0.160
43.9046,-9.000,490.681,518.123,-13.721,0.104,0.160
44.0126,-8.000,493.346,512.965,-9.809,3.130,0.160
44.1094,-8.000,491.984,515.209,-11.613,1.342,0.160
44.2086,-8.000,491.578,516.365,-12.394,0.575,0.160
44.3069,-7.000,494.101,511.599,-8.749,3.332,0.160
44.4159,-7.000,492.732,514.063,-10.666,1.428,0.160
44.5110,-7.000,492.368,515.356,-11.494,0.612,0.160
44.6085,-7.000,492.401,516.114,-11.857,0.262,0.160
44.7066,-6.000,495.121,511.185,-8.032,3.198,0.160
44.8070,-6.000,493.845,513.585,-9.870,1.371,0.160
44.9176,-6.000,493.528,514.856,-10.664,0.587,0.160
45.0049,-6.000,493.587,515.608,-11.010,0.252,0.160
45.1140,-6.000,493.777,516.107,-11.165,0.108,0.160
45.2128,-6.000,493.998,516.473,-11.238,0.046,0.160
45.3111,-5.000,496.757,511.332,-7.287,3.106,0.160
45.4088,-5.000,495.461,513.603,-9.071,1.331,0.160
45.5066,-5.000,495.106,514.787,-9.840,0.570,0.160
45.6042,-5.000,495.124,515.475,-10.175,0.244,0.160
45.7134,-5.000,495.275,515.923,-10.324,0.105,0.160
45.8116,-5.000,495.461,516.246,-10.393,0.045,0.160
45.9087,-5.000,495.642,516.497,-10.428,0.019,0.160
46.0075,-4.000,498.354,511.274,-6.460,3.094,0.160
46.1043,-4.000,497.011,513.481,-8.235,1.326,0.160
46.2116,-4.000,496.614,514.614,-9.000,0.568,0.160
46.3113,-4.000,496.594,515.258,-9.332,0.244,0.160
46.4079,-4.000,496.713,515.670,-9.478,0.104,0.160
46.5070,-4.000,496.872,515.963,-9.545,0.045,0.160
46.6051,-4.000,497.031,516.187,-9.578,0.019,0.160
46.7041,-4.000,497.176,516.368,-9.596,0.008,0.160
46.8127,-4.000,497.303,516.519,-9.608,0.004,0.160
46.9125,-4.000,497.411,516.646,-9.617,0.002,0.160
47.0094,-4.000,497.503,516.754,-9.625,0.001,0.160
47.1079,-3.000,500.128,511.419,-5.645,3.086,0.160
47.2054,-4.000,493.161,515.964,-11.402,-1.763,0.160
47.3046,-4.000,494.631,515.434,-10.401,-0.756,0.160
47.4119,-4.000,495.455,515.409,-9.977,-0.324,0.160
47.5119,-3.000,498.520,510.143,-5.811,2.947,0.160
47.6101,-3.000,497.395,512.397,-7.501,1.263,0.160
47.7078,-3.000,497.148,513.604,-8.228,0.541,0.160
47.8054,-3.000,497.242,514.327,-8.543,0.232,0.160
47.9055,-3.000,497.450,514.812,-8.681,0.099,0.160
48.0129,-3.000,497.683,515.169,-8.743,0.043,0.160
48.1121,-3.000,497.904,515.449,-8.773,0.018,0.160
48.2106,-3.000,498.101,515.678,-8.788,0.008,0.160
48.3057,-3.000,498.272,515.869,-8.798,0.003,0.160
48.4037,-3.000,498.419,516.030,-8.806,0.001,0.160
48.5117,-3.000,498.543,516.167,-8.812,0.001,0.160
48.6075,-3.000,474.843,589.579,-45.069,0.000,0.200
48.7051,-3.000,488.722,625.594,-45.096,0.000,0.200
48.8120,-3.000,503.750,660.617,-45.124,0.000,0.200
48.9109,-3.000,519.753,694.796,-45.151,0.000,0.200
49.0091,-2.000,557.995,704.448,-22.570,18.000,0.200
49.1053,-1.000,558.465,701.998,-14.066,21.913,0.200
49.2041,-1.000,535.977,725.802,-31.225,4.764,0.200
49.3037,-1.000,527.710,735.188,-34.962,1.036,0.200
49.4131,-0.000,544.450,717.000,-13.172,18.225,0.200
49.5113,1.000,548.203,711.415,-4.826,21.962,0.200
49.6082,1.000,528.621,732.440,-22.005,4.774,0.200
49.7061,2.000,543.660,715.028,-3.123,19.038,0.200
49.8061,3.000,547.822,708.249,4.606,22.139,0.200
49.9133,3.000,528.992,727.855,-12.693,4.813,0.200
50.0094,5.000,565.569,684.736,28.787,37.046,0.200
50.1070,5.000,535.456,715.290,-0.160,8.054,0.200
50.2055,6.000,549.017,698.503,16.192,19.751,0.200
50.3040,7.000,553.551,690.627,23.400,22.294,0.200
50.4129,9.000,577.015,660.123,51.235,40.846,0.200
50.5096,10.000,565.224,668.329,41.961,26.880,0.200
50.6085,11.000,564.450,665.456,43.626,23.843,0.200
50.7060,12.000,566.128,660.079,47.676,23.183,0.200
50.8046,13.000,568.387,654.075,52.252,23.040,0.200
50.9029,14.000,570.815,647.863,56.950,23.009,0.200
51.0100,15.000,573.317,641.546,61.681,23.002,0.200
51.1073,17.000,596.677,610.742,89.036,41.000,0.200
51.2059,18.000,585.160,618.332,79.714,26.913,0.200
51.3123,19.000,584.706,614.848,81.426,23.851,0.200
51.4083,19.000,565.874,633.333,62.935,5.185,0.200
51.5029,21.000,603.126,588.586,104.078,37.127,0.200
51.6031,21.000,573.764,617.578,75.022,8.071,0.200
51.7123,22.000,587.987,599.440,91.305,19.755,0.200
51.8113,22.000,572.275,614.824,75.845,4.294,0.200
51.9088,23.000,589.501,593.719,95.084,18.934,0.200
52.0056,23.000,574.471,608.452,80.267,4.116,0.200
52.1126,24.000,591.870,587.201,99.645,18.895,0.200
52.2116,25.000,597.700,577.496,107.458,22.108,0.200
52.3086,25.000,580.213,594.690,90.157,4.806,0.200
52.4067,25.000,576.294,598.360,86.395,1.045,0.200
52.5045,26.000,596.142,574.699,108.178,18.227,0.200
52.6020,26.000,581.734,588.868,93.913,3.962,0.200
52.7103,26.000,578.510,591.887,90.812,0.861,0.200
52.8097,26.000,577.732,592.492,90.138,0.187,0.200
52.9081,26.000,577.497,592.579,89.991,0.041,0.200
53.0051,26.000,577.390,592.561,89.959,0.009,0.200
53.1024,26.000,577.319,592.525,89.952,0.002,0.200
53.2113,25.000,553.464,613.890,67.351,-18.000,0.200
53.3079,25.000,567.984,600.253,81.438,-3.913,0.200
53.4057,24.000,547.615,618.972,61.900,-18.851,0.200
53.5038,24.000,563.161,605.024,76.653,-4.098,0.200
53.6122,23.000,543.243,623.901,57.260,-18.891,0.200
53.7104,22.000,535.280,631.578,49.444,-22.107,0.200
53.8071,21.000,530.157,637.059,44.145,-22.806,0.200
53.9084,20.000,525.854,642.266,39.393,-22.958,0.200
54.0055,18.000,498.268,668.820,12.325,-40.991,0.200
54.1028,17.000,509.263,660.547,21.961,-26.911,0.200
54.2101,15.000,485.518,684.807,-2.040,-41.850,0.200
54.3076,13.000,474.007,697.956,-14.368,-45.098,0.200
54.4082,10.000,441.687,730.467,-46.782,-63.804,0.200
54.5074,8.000,448.675,727.842,-41.975,-49.870,0.200
54.6076,5.000,421.203,757.822,-70.700,-64.841,0.200
54.7077,3.000,429.942,755.416,-65.127,-50.096,0.200
54.8053,-0.000,403.438,786.103,-93.721,-64.890,0.200
54.9031,-3.000,387.271,804.024,-110.765,-68.107,0.200
55.0104,-6.000,372.562,818.425,-125.319,-68.806,0.200
55.1082,-8.000,381.905,810.620,-116.745,-50.958,0.200
55.2051,-11.000,352.137,836.895,-144.766,-65.078,0.200
55.3034,-13.000,357.163,830.701,-139.155,-50.147,0.200
55.4038,-16.000,325.565,856.505,-167.857,-64.902,0.200
55.5108,-17.000,353.838,828.707,-139.821,-32.109,0.200
55.6076,-20.000,307.469,867.681,-182.492,-60.980,0.200
55.7052,-22.000,307.750,862.914,-179.968,-49.257,0.200
55.8030,-24.000,298.591,867.059,-186.619,-46.708,0.200
55.9011,-26.000,287.214,872.974,-195.265,-46.154,0.200
56.0041,-28.000,275.214,879.133,-204.345,-46.033,0.200
56.1031,-30.000,262.957,885.224,-213.519,-46.007,0.200
56.2016,-31.000,274.942,870.398,-200.113,-28.002,0.200
56.3102,-33.000,248.349,890.376,-223.399,-42.087,0.200
56.4081,-35.000,232.675,899.227,-235.661,-45.149,0.200
56.5061,-36.000,243.710,884.793,-222.927,-27.815,0.200
56.6048,-37.000,241.134,883.880,-223.758,-24.047,0.200
56.7025,-39.000,211.170,906.678,-250.139,-41.228,0.200
56.8110,-40.000,218.989,895.167,-240.474,-26.963,0.200
56.9089,-41.000,215.622,894.797,-241.973,-23.861,0.200
57.0061,-43.000,185.407,917.635,-268.499,-41.187,0.200
57.1048,-44.000,193.106,906.066,-258.865,-26.954,0.200
57.2022,-45.000,189.655,905.627,-260.371,-23.860,0.200
57.3014,-46.000,183.775,907.601,-264.298,-23.187,0.200
57.4067,-47.000,177.361,910.095,-268.752,-23.041,0.200
57.5039,-48.000,170.826,912.697,-273.320,-23.009,0.200
57.6026,-49.000,164.262,915.319,-277.913,-23.002,0.200
57.7000,-50.000,157.688,917.942,-282.512,-23.000,0.200
57.8070,-50.000,175.509,899.762,-264.512,-5.000,0.200
57.9035,-51.000,154.870,916.497,-283.198,-19.087,0.200
58.0017,-51.000,169.648,901.400,-268.261,-4.149,0.200
58.1015,-52.000,148.360,918.817,-287.614,-18.902,0.200
58.2102,-52.000,163.008,903.879,-272.821,-4.109,0.200
58.3083,-52.000,166.100,900.540,-269.605,-0.893,0.200
58.4083,-52.000,166.694,899.736,-268.906,-0.194,0.200
58.5057,-52.000,166.757,899.494,-268.754,-0.042,0.200
58.6032,-53.000,142.314,920.186,-291.321,-18.009,0.200
58.7018,-53.000,156.314,905.997,-277.227,-3.915,0.200
58.8087,-61.000,-35.903,1069.253,-454.963,-144.851,0.200
58.9071,-62.000,52.751,976.383,-364.201,-49.489,0.200
59.0058,-63.000,66.790,958.160,-348.070,-28.759,0.200
59.1029,-64.000,64.618,956.175,-348.163,-24.252,0.200
59.2000,-65.000,58.932,957.729,-351.784,-23.272,0.200
59.3073,-65.000,76.888,939.260,-333.571,-5.059,0.200
59.4081,-66.000,56.229,955.882,-352.211,-19.100,0.200
59.5059,-67.000,46.562,961.519,-359.864,-22.152,0.200
59.6039,-67.000,63.685,943.970,-342.527,-4.816,0.200
59.7018,-67.000,67.273,940.020,-338.758,-1.047,0.200
59.8002,-67.000,67.938,939.047,-337.939,-0.228,0.200
59.9003,-68.000,43.586,959.538,-360.361,-18.049,0.200
60.0001,-68.000,57.570,945.271,-346.235,-3.924,0.200
60.1080,-68.000,60.521,942.080,-343.164,-0.853,0.200
60.2064,-69.000,36.686,962.110,-365.097,-18.185,0.200
60.3083,-69.000,50.802,947.762,-350.865,-3.953,0.200
60.4041,-69.000,53.796,944.569,-347.771,-0.859,0.200
60.5016,-69.000,54.385,943.812,-347.098,-0.187,0.200
60.5994,-69.000,54.459,943.594,-346.952,-0.041,0.200
60.7082,-69.000,54.430,943.501,-346.920,-0.009,0.200
60.8048,-69.000,54.385,943.442,-346.913,-0.002,0.200
60.9025,-69.000,54.343,943.397,-346.912,-0.000,0.200
61.0092,-68.000,75.706,919.559,-324.312,18.000,0.200
61.1053,-67.000,83.467,910.294,-315.798,21.913,0.200
61.2025,-66.000,88.579,904.504,-310.348,22.764,0.200
61.3000,-65.000,93.375,899.731,-305.563,22.949,0.200
61.4086,-63.000,119.726,871.601,-278.323,40.989,0.200
61.5055,-62.000,111.291,882.123,-287.801,26.911,0.200
61.6037,-47.000,413.617,548.570,30.139,275.850,0.200
61.7003,-46.000,228.364,749.882,-163.144,77.967,0.200
61.8094,-46.000,175.670,819.225,-224.162,16.949,0.200
61.9080,-44.000,212.281,791.965,-192.227,39.685,0.200
62.0059,-44.000,188.198,829.997,-223.284,8.627,0.200
62.1053,-42.000,230.175,795.077,-184.836,37.875,0.200
62.2037,-41.000,227.933,806.918,-191.878,26.234,0.200
62.3024,-39.000,255.781,785.428,-167.208,41.703,0.200
62.4011,-37.000,271.646,776.168,-154.646,45.066,0.200
62.5004,-35.000,284.984,769.644,-144.715,45.797,0.200
62.5992,-34.000,276.439,787.581,-157.956,27.956,0.200
62.6991,-33.000,281.452,791.151,-157.234,24.077,0.200
62.8087,-31.000,310.557,767.542,-130.877,41.234,0.200
62.9050,-29.000,326.422,757.548,-117.948,44.964,0.200
63.0026,-28.000,318.128,774.432,-130.537,27.775,0.200
63.1000,-26.000,344.343,753.720,-107.073,42.038,0.200
63.2089,-25.000,338.182,768.158,-117.373,27.139,0.200
63.3055,-24.000,343.360,770.614,-116.012,23.900,0.200
63.4034,-22.000,372.201,746.463,-89.516,41.196,0.200
63.5004,-20.000,387.754,736.096,-76.556,44.956,0.200
63.6077,-18.000,400.410,729.049,-66.704,45.773,0.200
63.7061,-16.000,412.624,722.802,-57.474,45.951,0.200
63.8011,-15.000,403.461,740.637,-70.973,27.989,0.200
63.9004,-12.000,450.832,696.438,-25.188,60.085,0.200
63.9982,-10.000,452.365,701.801,-27.103,49.062,0.200
64.1071,-7.000,484.035,674.792,2.237,64.666,0.200
64.2063,-5.000,482.662,684.327,-3.217,50.058,0.200
64.3055,-4.000,471.318,706.208,-19.830,28.882,0.200
64.4045,-2.000,497.475,687.209,2.748,42.279,0.200
64.5006,-0.000,513.229,678.738,14.861,45.191,0.200
64.5977,2.000,525.576,671.382,24.712,45.824,0.200
64.7061,4.000,536.472,663.529,34.087,45.962,0.200
64.8052,5.000,525.641,679.346,20.763,27.992,0.200
64.9055,7.000,549.018,656.007,44.120,42.085,0.200
65.0032,8.000,539.971,667.486,33.858,27.149,0.200
65.1011,9.000,542.141,666.784,35.294,23.902,0.200
65.1983,10.000,546.451,663.121,39.280,23.196,0.200
65.3063,12.000,571.783,634.140,66.437,41.043,0.200
65.4031,12.000,541.222,667.598,34.427,8.922,0.200
65.5016,14.000,577.199,626.884,72.773,37.940,0.200
65.6001,14.000,548.623,657.434,43.210,8.248,0.200
65.6985,15.000,563.945,640.189,59.493,19.793,0.200
65.8069,16.000,570.085,631.815,66.750,22.303,0.200
65.9027,17.000,574.138,625.264,72.052,22.848,0.200
66.0035,18.000,577.660,619.017,76.936,22.967,0.200
66.1031,19.000,581.003,612.759,81.737,22.993,0.200
66.2014,19.000,563.444,630.840,63.917,4.998,0.200
66.3013,19.000,559.929,634.798,60.180,1.087,0.200
66.3970,20.000,580.067,611.437,81.930,18.236,0.200
66.5054,20.000,565.925,625.839,67.658,3.964,0.200
66.6013,21.000,583.733,604.653,87.156,18.862,0.200
66.6991,20.000,545.236,640.878,49.794,-13.900,0.200
66.7986,21.000,577.449,606.135,83.272,14.978,0.200
66.8970,21.000,566.151,618.281,71.550,3.256,0.200
66.9973,21.000,563.963,621.190,69.002,0.708,0.200
67.0972,21.000,563.716,622.051,68.448,0.154,0.200
67.2063,21.000,563.856,622.432,68.327,0.033,0.200
67.3038,21.000,564.051,622.679,68.301,0.007,0.200
67.4047,21.000,564.234,622.873,68.295,0.002,0.200
67.5033,21.000,564.392,623.035,68.294,0.000,0.200
67.6043,21.000,564.528,623.171,68.294,0.000,0.200
67.7024,21.000,564.644,623.287,68.294,0.000,0.200
67.7994,21.000,564.742,623.385,68.294,0.000,0.200
67.8981,20.000,541.026,644.868,45.694,-18.000,0.200
68.0075,20.000,555.663,631.332,59.781,-3.913,0.200
68.1062,20.000,559.194,628.738,62.843,-0.851,0.200
68.2024,19.000,536.633,649.696,41.084,-18.185,0.200
68.3041,19.000,551.858,636.108,55.490,-3.953,0.200
68.4015,18.000,532.013,654.944,36.150,-18.859,0.200
68.4990,18.000,548.009,641.090,51.075,-4.100,0.200
68.5992,17.000,528.485,660.036,31.840,-18.891,0.200
68.6971,17.000,544.680,646.349,46.781,-4.107,0.200
68.7977,16.000,525.307,665.454,27.542,-18.893,0.200
68.9057,15.000,517.816,673.316,19.865,-22.107,0.200
69.0037,15.000,536.914,657.535,37.305,-4.806,0.200
69.1043,15.000,542.222,655.045,41.204,-1.045,0.200
69.2031,14.000,520.567,676.697,19.550,-18.227,0.200
69.3029,13.000,512.649,685.211,11.334,-21.962,0.200
69.4010,12.000,507.901,691.066,6.033,-22.774,0.200
69.4979,11.000,503.996,696.512,1.358,-22.951,0.200
69.5960,10.000,500.405,702.013,-3.189,-22.989,0.200
69.7060,9.000,496.991,707.650,-7.714,-22.998,0.200
69.8051,7.000,469.899,734.833,-34.852,-40.999,0.200
69.9025,6.000,481.279,727.129,-25.310,-26.913,0.200
70.0017,5.000,481.649,730.483,-26.802,-23.851,0.200
70.0992,4.000,479.635,736.264,-30.699,-23.185,0.200
70.1965,3.000,477.108,742.592,-35.127,-23.040,0.200
70.3045,3.000,498.283,727.649,-17.068,-5.009,0.200
70.4025,3.000,504.878,726.349,-13.120,-1.089,0.200
70.5021,2.000,484.200,749.130,-34.850,-18.237,0.200
70.5978,2.000,500.884,737.232,-20.559,-3.965,0.200
70.7044,2.000,506.039,736.146,-17.438,-0.862,0.200
70.8025,2.000,508.461,737.182,-16.745,-0.187,0.200
70.9032,2.000,510.096,738.487,-16.580,-0.041,0.200
71.0045,1.000,487.586,761.095,-39.139,-18.009,0.200
71.1037,-0.000,479.422,769.943,-47.645,-21.915,0.200
71.2019,-1.000,473.955,775.392,-53.104,-22.764,0.200
71.2978,-2.000,468.844,779.887,-57.907,-22.949,0.200
71.3955,-3.000,463.614,783.993,-62.574,-22.989,0.200
71.4952,-4.000,458.191,787.861,-67.220,-22.998,0.200
71.5949,-5.000,452.582,791.548,-71.868,-22.999,0.200
71.7036,-6.000,446.810,795.087,-76.523,-23.000,0.200
71.8011,-6.000,465.305,777.693,-58.579,-5.000,0.200
71.8989,-7.000,445.222,795.113,-77.330,-19.087,0.200
71.9976,-7.000,460.463,780.607,-62.457,-4.149,0.200
72.1050,-7.000,463.959,777.737,-59.274,-0.902,0.200
72.2048,-7.000,464.866,777.361,-58.632,-0.196,0.200
72.3022,-7.000,465.181,777.498,-58.543,-0.043,0.200
72.4035,-7.000,465.342,777.721,-58.574,-0.009,0.200
72.5024,-7.000,465.449,777.942,-58.632,-0.002,0.200
72.5990,-7.000,465.525,778.143,-58.694,-0.000,0.200
72.6979,-7.000,465.578,778.325,-58.758,-0.000,0.200
72.7954,-6.000,487.024,754.681,-36.214,18.000,0.200
72.9047,-6.000,473.447,769.388,-50.356,3.913,0.200
73.0017,-6.000,470.809,772.986,-53.473,0.851,0.200
73.0989,-5.000,491.906,750.306,-31.585,18.185,0.200
73.1951,-5.000,478.456,765.411,-45.863,3.953,0.200
73.3032,-4.000,497.428,745.445,-26.393,18.859,0.200
73.4014,-4.000,483.709,761.319,-41.190,4.100,0.200
73.4984,-3.000,502.789,741.671,-21.826,18.891,0.200
73.5971,-2.000,510.645,733.932,-14.029,22.107,0.200
73.6981,-2.000,494.875,752.801,-31.348,4.806,0.200
73.8061,-2.000,492.413,757.898,-35.128,1.045,0.200
73.9041,-2.000,492.697,759.854,-35.964,0.227,0.200
74.0035,-2.000,493.452,761.002,-36.160,0.049,0.200
74.1003,-2.000,494.204,761.868,-36.217,0.011,0.200
74.1969,-2.000,494.865,762.582,-36.244,0.002,0.200
74.2945,-1.000,516.838,739.378,-13.655,18.001,0.200
74.4032,-1.000,503.719,754.451,-27.751,3.913,0.200
74.5032,-1.000,501.477,758.353,-30.823,0.851,0.200
74.5999,-1.000,501.508,759.734,-31.498,0.185,0.200
74.6972,-1.000,501.954,760.488,-31.652,0.040,0.200
74.7952,-1.000,502.423,761.038,-31.692,0.009,0.200
74.9044,-1.000,502.841,761.488,-31.708,0.002,0.200
75.0021,-1.000,503.198,761.867,-31.719,0.000,0.200
75.0991,-1.000,503.502,762.190,-31.729,0.000,0.200
75.1978,-1.000,503.759,762.465,-31.738,0.000,0.200
75.2994,-1.000,503.976,762.700,-31.747,0.000,0.200
75.3985,-2.000,479.750,783.711,-54.365,-18.000,0.200
75.4961,-2.000,493.952,769.776,-40.297,-3.913,0.200
75.5941,-1.000,518.519,743.036,-14.644,17.149,0.200
75.7023,-1.000,505.665,757.043,-28.074,3.728,0.200
75.7999,-1.000,503.228,760.460,-31.001,0.810,0.200
75.8981,-1.000,503.001,761.520,-31.645,0.176,0.200
75.9957,-0.000,524.617,738.212,-9.182,18.038,0.200
76.1043,-0.000,511.281,753.110,-23.299,3.921,0.200
76.2025,1.000,529.685,732.433,-3.759,18.852,0.200
76.3018,-0.000,491.665,769.121,-41.113,-13.902,0.200
76.3991,-0.000,503.479,759.176,-30.234,-3.022,0.200
76.4974,-0.000,506.638,757.605,-27.868,-0.657,0.200
76.5972,1.000,528.636,733.356,-4.745,17.857,0.200
76.6967,1.000,515.213,747.866,-18.711,3.882,0.200
76.7985,2.000,533.456,726.948,0.869,18.844,0.200
76.8991,3.000,539.899,717.630,8.749,22.097,0.200
76.9973,5.000,564.530,686.356,36.702,40.804,0.200
77.0944,6.000,553.629,694.010,27.424,26.870,0.200
77.1933,7.000,553.584,690.695,29.060,23.841,0.200
77.3026,8.000,555.872,684.952,33.075,23.183,0.200
77.4024,9.000,558.643,678.643,37.615,23.040,0.200
77.4998,9.000,540.691,696.588,19.666,5.009,0.200
77.5974,10.000,557.660,676.013,38.439,19.089,0.200
77.6955,9.000,518.971,712.237,0.982,-13.850,0.200
77.7957,9.000,530.346,701.767,11.904,-3.011,0.200
77.8938,8.000,509.360,721.122,-8.266,-18.655,0.200
77.9996,8.000,524.840,707.256,6.407,-4.055,0.200
78.0985,8.000,528.773,704.695,9.655,-0.882,0.200
78.1974,8.000,530.120,704.514,10.418,-0.192,0.200
78.2952,8.000,530.839,704.786,10.642,-0.042,0.200
78.3943,8.000,531.366,705.101,10.748,-0.009,0.200
78.5026,8.000,531.805,705.378,10.829,-0.002,0.200
78.6012,9.000,552.994,681.198,33.513,18.000,0.200
78.6982,10.000,560.028,671.021,42.118,21.913,0.200
78.7965,9.000,519.326,709.652,2.452,-13.236,0.200
78.8927,10.000,551.196,675.421,35.503,15.123,0.200
79.0002,9.000,516.141,709.070,1.150,-14.712,0.200
79.0983,9.000,528.640,698.375,12.747,-3.198,0.200
79.1967,9.000,531.993,696.556,15.333,-0.695,0.200
79.2945,8.000,509.462,717.991,-6.649,-18.151,0.200
79.3935,8.000,524.775,704.746,7.630,-3.946,0.200
79.5046,7.000,505.007,723.872,-11.818,-18.858,0.200
79.5923,7.000,521.056,710.277,3.005,-4.100,0.200
79.7027,6.000,501.563,729.456,-16.331,-18.891,0.200
79.8005,6.000,517.769,715.983,-1.492,-4.107,0.200
79.8972,5.000,498.391,735.285,-20.832,-18.893,0.200
79.9960,5.000,514.690,721.921,-6.000,-4.107,0.200
80.0941,5.000,519.197,719.908,-2.740,-0.893,0.200
80.1927,5.000,521.002,720.223,-1.995,-0.194,0.200
80.3009,5.000,522.101,720.926,-1.797,-0.042,0.200
80.3983,5.000,522.946,721.613,-1.718,-0.009,0.200
80.4972,5.000,523.651,722.211,-1.665,-0.002,0.200
80.5941,5.000,524.252,722.717,-1.618,-0.000,0.200
80.6920,5.000,524.768,723.141,-1.571,-0.000,0.200
80.7999,5.000,525.214,723.495,-1.525,-0.000,0.200
80.8987,4.000,501.791,745.198,-24.088,-18.000,0.200
80.9966,4.000,516.684,731.843,-9.965,-3.913,0.200
81.0921,4.000,520.436,729.397,-6.865,-0.851,0.200
81.1998,4.000,521.694,729.250,-6.163,-0.185,0.200
81.2967,4.000,522.348,729.541,-5.981,-0.040,0.200
81.3943,4.000,522.818,729.874,-5.913,-0.009,0.200
81.4917,4.000,523.203,730.172,-5.869,-0.002,0.200
81.5925,4.000,523.531,730.423,-5.831,-0.000,0.200
81.6935,4.000,523.814,730.633,-5.794,-0.000,0.200
81.7926,4.000,524.061,730.805,-5.757,-0.000,0.200
81.9010,4.000,524.276,730.947,-5.720,-0.000,0.200
81.9994,3.000,500.655,752.470,-28.293,-18.000,0.200
82.0980,3.000,515.378,738.964,-14.178,-3.913,0.200
82.1968,3.000,518.985,736.392,-11.088,-0.851,0.200
82.2939,2.000,496.309,757.547,-33.004,-18.185,0.200
82.3918,1.000,487.604,765.560,-41.363,-21.953,0.200
82.5000,-0.000,482.190,770.985,-46.782,-22.772,0.200
82.5992,-0.000,501.517,754.668,-28.960,-4.951,0.200
82.6999,-0.000,506.671,752.073,-25.086,-1.076,0.200
82.7970,-1.000,484.191,773.127,-46.853,-18.234,0.200
82.8989,-2.000,474.937,780.570,-55.201,-21.964,0.200
82.9979,-2.000,492.838,764.129,-38.031,-4.775,0.200
83.0953,-2.000,497.177,761.031,-34.312,-1.038,0.200
83.1933,-2.000,498.498,760.765,-33.518,-0.226,0.200
83.2918,-2.000,499.104,761.055,-33.360,-0.049,0.200
83.3986,-2.000,499.506,761.416,-33.340,-0.011,0.200
83.4964,-2.000,499.819,761.750,-33.350,-0.002,0.200
83.5941,-1.000,521.487,738.233,-10.758,17.999,0.200
83.6956,-1.000,508.106,753.043,-24.853,3.913,0.200
83.7936,-1.000,505.641,756.721,-27.925,0.851,0.200
83.8916,-1.000,505.482,757.912,-28.600,0.185,0.200
84.0019,-1.000,505.767,758.504,-28.754,0.040,0.200
84.0991,-1.000,506.099,758.918,-28.794,0.009,0.200
84.1996,-2.000,481.990,780.060,-51.420,-17.998,0.200
84.2985,-3.000,471.887,787.041,-59.962,-21.913,0.200
84.3978,-4.000,464.773,790.902,-65.450,-22.764,0.200
84.4953,-5.000,458.259,794.051,-70.281,-22.949,0.200
84.5933,-6.000,451.834,797.016,-74.976,-22.989,0.200
84.6919,-7.000,445.390,799.918,-79.649,-22.998,0.200
84.8003,-7.000,463.319,781.980,-61.715,-4.999,0.200
84.8981,-7.000,467.163,778.127,-57.867,-1.087,0.200
84.9975,-7.000,467.945,777.337,-57.081,-0.236,0.200
85.0935,-6.000,489.472,753.404,-34.351,17.949,0.200
85.1921,-6.000,475.847,767.984,-48.453,3.902,0.200
85.2908,-5.000,494.553,747.689,-28.953,18.848,0.200
85.3918,-5.000,480.581,763.311,-43.750,4.097,0.200
85.4928,-4.000,499.439,743.455,-24.393,18.891,0.200
85.5994,-3.000,507.103,735.543,-16.605,22.107,0.200
85.6971,-3.000,491.169,754.266,-33.933,4.806,0.200
85.7949,-3.000,488.566,759.240,-37.722,1.045,0.200
85.8915,-2.000,510.138,737.284,-15.958,18.227,0.200
85.9991,-1.000,518.600,729.094,-7.632,21.962,0.200
86.0993,1.000,545.237,699.689,20.389,40.774,0.200
86.1975,1.000,515.160,733.414,-11.512,8.864,0.200
86.2944,2.000,530.591,717.482,4.169,19.927,0.200
86.3949,3.000,537.111,709.937,11.202,22.332,0.200
86.4921,3.000,520.726,728.451,-6.248,4.855,0.200
86.5913,3.000,517.859,733.128,-10.019,1.055,0.200
86.6986,3.000,517.830,734.695,-10.818,0.229,0.200
86.7985,3.000,518.331,735.501,-10.970,0.050,0.200
86.8993,2.000,495.066,757.477,-33.590,-17.989,0.200
86.9968,1.000,486.306,765.742,-42.103,-21.911,0.200
87.0961,1.000,504.752,749.874,-24.946,-4.763,0.200
87.1929,1.000,509.585,747.234,-21.209,-1.035,0.200
87.2928,1.000,511.337,747.346,-20.389,-0.225,0.200
87.3914,-0.000,488.505,769.361,-42.813,-18.049,0.200
87.4905,-1.000,479.374,777.198,-51.297,-21.924,0.200
87.5993,-1.000,497.472,761.000,-34.149,-4.766,0.200
87.6984,-1.000,502.001,758.087,-30.428,-1.036,0.200
87.7958,-2.000,479.080,778.781,-52.236,-18.225,0.200
87.8928,-3.000,469.469,785.899,-60.600,-21.962,0.200
87.9901,-4.000,462.660,789.988,-66.049,-22.774,0.200
88.0904,-4.000,480.791,772.546,-48.262,-4.951,0.200
88.1893,-5.000,460.513,789.810,-67.034,-19.076,0.200
88.2991,-6.000,451.205,795.955,-74.760,-22.147,0.200
88.3955,-5.000,490.048,755.025,-34.873,13.185,0.200
88.4933,-5.000,480.295,766.002,-45.238,2.866,0.200
88.5916,-5.000,478.527,768.812,-47.528,0.623,0.200
88.6991,-4.000,499.845,745.979,-25.452,18.135,0.200
88.7968,-2.000,529.290,713.447,5.537,39.942,0.200
88.8936,-1.000,521.109,722.603,-3.132,26.683,0.200
88.9905,-0.000,523.541,721.600,-1.414,23.801,0.200
89.0922,2.000,548.640,693.516,25.177,41.174,0.200
89.1994,4.000,559.785,678.634,38.191,44.951,0.200
89.2964,4.000,526.055,715.187,3.049,9.772,0.200
89.3944,5.000,540.453,699.589,18.047,20.124,0.200
89.4935,5.000,525.740,716.282,2.344,4.375,0.200
89.5901,6.000,544.012,696.092,21.575,18.951,0.200
89.6977,6.000,529.922,711.554,6.799,4.120,0.200
89.7948,7.000,548.144,690.896,26.239,18.896,0.200
89.8939,7.000,533.886,706.084,11.516,4.108,0.200
89.9904,8.000,582.203,703.967,22.091,14.211,0.360
90.0989,8.000,609.316,726.764,11.803,3.876,0.360
90.1977,8.000,642.156,743.987,9.032,1.057,0.360
90.2957,8.000,675.524,760.812,8.312,0.288,0.360
90.3921,7.000,690.980,793.498,-7.947,-13.012,0.360
90.4914,6.000,715.586,818.294,-14.538,-16.640,0.360
90.5903,6.000,759.561,826.949,-2.401,-4.538,0.360
90.6897,5.000,776.602,860.123,-15.161,-14.329,0.360
90.7976,5.000,817.704,872.344,-4.710,-3.908,0.360
90.8949,4.000,833.272,907.579,-17.935,-14.157,0.360
90.9922,3.000,856.209,936.305,-23.712,-16.952,0.360
91.0893,2.000,881.105,963.801,-27.463,-17.714,0.360
91.1996,1.000,906.493,991.427,-30.665,-17.922,0.360
91.2958,-1.000,913.960,1033.660,-49.818,-31.070,0.360
91.3937,-4.000,911.946,1080.038,-75.519,-47.746,0.360
91.4902,-8.000,903.033,1127.941,-105.206,-65.385,0.360
91.5962,-11.000,923.965,1148.270,-105.992,-57.105,0.360
91.6938,-14.000,938.159,1174.267,-112.817,-54.847,0.360
91.7924,-18.000,932.082,1215.786,-137.400,-67.322,0.360
91.8908,-22.000,934.550,1247.723,-152.803,-70.724,0.360
91.9898,-26.000,913.487,1251.380,-165.731,-71.652,0.360
92.0895,-30.000,892.639,1254.073,-177.984,-71.905,0.360
92.1897,-34.000,871.584,1256.336,-190.053,-71.974,0.360
92.2972,-37.000,868.258,1244.169,-185.981,-58.902,0.360
92.3959,-41.000,837.264,1255.634,-207.506,-68.428,0.360
92.4929,-44.000,830.949,1245.830,-206.013,-57.935,0.360
92.5922,-46.000,834.924,1229.472,-196.061,-41.982,0.360
92.6982,-48.000,827.355,1224.837,-197.710,-37.632,0.360
92.7972,-50.000,816.669,1223.469,-202.524,-36.445,0.360
92.8966,-51.000,823.172,1208.880,-192.109,-23.030,0.360
92.9959,-52.000,820.086,1204.253,-191.451,-19.372,0.360
93.0933,-53.000,814.481,1202.463,-193.453,-18.374,0.360
93.1912,-53.000,826.281,1187.376,-180.090,-5.011,0.360
93.2982,-54.000,810.587,1196.437,-192.536,-14.458,0.360
93.3984,-54.000,819.840,1184.545,-182.022,-3.943,0.360
93.4953,-54.000,821.636,1180.506,-179.154,-1.075,0.360
93.5922,-54.000,821.507,1178.729,-178.372,-0.293,0.360
93.6895,-54.000,820.946,1177.669,-178.159,-0.080,0.360
93.7971,-55.000,802.335,1191.063,-194.191,-13.113,0.360
93.8949,-61.000,703.115,1265.809,-281.200,-82.122,0.360
93.9919,-61.000,761.460,1204.660,-221.475,-22.397,0.360
94.0883,-61.000,776.576,1187.161,-205.187,-6.108,0.360
94.1964,-63.000,743.999,1210.032,-232.926,-27.848,0.360
94.2940,-64.000,745.130,1202.812,-228.764,-20.686,0.360
94.3938,-65.000,741.086,1200.839,-229.811,-18.732,0.360
94.4924,-66.000,735.652,1200.319,-232.278,-18.200,0.360
94.5923,-67.000,729.855,1200.215,-235.133,-18.054,0.360
94.6908,-68.000,723.974,1200.241,-238.093,-18.015,0.360
94.7879,-69.000,718.082,1200.316,-241.083,-18.004,0.360
94.8965,-70.000,712.198,1200.415,-244.080,-18.001,0.360
94.9941,-69.000,739.346,1169.190,-214.897,8.182,0.360
95.0892,-69.000,733.167,1174.903,-220.847,2.231,0.360
95.1872,-68.000,746.361,1159.154,-206.379,13.699,0.360
95.2938,-68.000,736.814,1169.529,-216.342,3.736,0.360
95.3907,-66.000,764.472,1138.254,-186.878,27.201,0.360
95.4885,-65.000,761.166,1142.326,-190.569,20.509,0.360
95.5883,-63.000,778.099,1124.724,-173.303,31.775,0.360
95.6878,-61.000,787.729,1116.206,-164.231,34.848,0.360
95.7977,-52.000,900.957,990.483,-44.756,127.322,0.360
95.8944,-51.000,831.560,1074.099,-121.263,47.815,0.360
95.9931,-50.000,819.340,1099.244,-139.947,26.131,0.360
96.0923,-49.000,822.341,1108.071,-142.861,20.218,0.360
96.1918,-47.000,844.186,1094.959,-125.383,31.696,0.360
96.2896,-46.000,842.858,1107.551,-132.343,21.735,0.360
96.3887,-43.000,878.370,1078.132,-99.878,45.201,0.360
96.4967,-41.000,882.609,1083.752,-100.569,38.509,0.360
96.5935,-39.000,891.815,1084.607,-96.394,36.684,0.360
96.6942,-36.000,917.444,1067.050,-74.801,49.278,0.360
96.7932,-33.000,934.570,1059.305,-62.367,52.712,0.360
96.8909,-31.000,934.742,1071.786,-68.521,40.558,0.360
96.9893,-28.000,958.657,1058.148,-49.745,50.334,0.360
97.0964,-26.000,960.939,1069.279,-54.169,39.909,0.360
97.1941,-23.000,985.648,1055.493,-34.922,50.157,0.360
97.2927,-21.000,988.334,1066.771,-39.218,39.861,0.360
97.3902,-18.000,1013.204,1053.290,-20.043,50.144,0.360
97.4890,-15.000,1031.019,1047.676,-8.328,52.948,0.360
97.5868,-13.000,1032.140,1061.605,-14.732,40.622,0.360
97.6939,-10.000,1056.966,1049.093,3.937,50.352,0.360
97.7929,-8.000,1060.054,1061.151,-0.549,39.914,0.360
97.8889,-6.000,1070.448,1065.311,2.569,37.067,0.360
97.9959,-3.000,1097.690,1049.960,23.865,49.382,0.360
98.0932,-2.000,1086.329,1078.269,4.030,26.559,0.360
98.1940,1.000,1119.915,1053.928,32.993,46.516,0.360
98.2931,3.000,1122.874,1060.147,31.363,38.868,0.360
98.3908,5.000,1129.879,1059.264,35.308,36.782,0.360
98.4892,8.000,1151.291,1037.536,56.878,49.304,0.360
98.5853,10.000,1148.201,1041.677,53.262,39.628,0.360
98.6937,12.000,1151.240,1037.851,56.695,36.990,0.360
98.7885,14.000,1155.430,1031.312,62.059,36.270,0.360
98.8892,16.000,1159.492,1023.574,67.959,36.074,0.360
98.9866,17.000,1148.967,1033.134,57.917,22.929,0.360
99.0937,19.000,1161.837,1014.764,73.537,32.435,0.360
99.1898,20.000,1153.081,1021.005,66.038,21.937,0.360
99.2890,22.000,1165.900,1001.368,82.266,32.165,0.360
99.3862,23.000,1156.781,1006.852,74.964,21.863,0.360
99.4964,24.000,1155.006,1004.696,75.155,19.054,0.360
99.5943,24.000,1140.979,1018.383,61.298,5.196,0.360
99.6900,24.000,1137.055,1022.018,57.519,1.417,0.360
99.7893,24.000,1135.901,1022.926,56.488,0.387,0.360
99.8868,24.000,1135.516,1023.102,56.207,0.105,0.360
99.9861,24.000,1135.350,1023.090,56.130,0.029,0.360
100.0859,24.000,1135.254,1023.035,56.109,0.008,0.360
100.1939,24.000,1135.184,1022.977,56.104,0.002,0.360
100.2939,23.000,1117.957,1037.935,40.011,-13.090,0.360
100.3937,22.000,1110.842,1043.961,33.440,-16.661,0.360
100.4916,22.000,1123.996,1032.881,45.557,-4.544,0.360
100.5888,20.000,1093.841,1060.480,16.680,-27.421,0.360
100.6879,20.000,1115.697,1042.451,36.623,-7.478,0.360
100.7869,19.000,1105.705,1053.535,26.085,-15.130,0.360
100.8874,19.000,1118.788,1044.382,37.203,-4.126,0.360
100.9854,18.000,1106.395,1057.953,24.221,-14.216,0.360
101.0934,17.000,1101.667,1064.524,18.571,-16.968,0.360
101.1915,17.000,1116.393,1054.365,31.014,-4.628,0.360
101.2899,16.000,1104.624,1067.855,18.384,-14.353,0.360
101.3863,15.000,1100.213,1074.569,12.822,-17.005,0.360
101.4936,14.000,1097.973,1079.607,9.183,-17.729,0.360
101.5914,13.000,1096.462,1084.336,6.063,-17.926,0.360
101.6903,12.000,1095.268,1089.105,3.082,-17.980,0.360
101.7870,11.000,1094.259,1093.993,0.133,-17.994,0.360
101.8852,10.000,1093.384,1099.006,-2.811,-17.998,0.360
101.9952,9.000,1092.615,1104.131,-5.758,-18.000,0.360
102.0940,7.000,1074.757,1124.372,-24.807,-31.091,0.360
102.1917,6.000,1084.246,1120.748,-18.251,-21.570,0.360
102.2896,6.000,1103.963,1109.018,-2.527,-5.883,0.360
102.3871,5.000,1094.494,1123.114,-14.310,-14.695,0.360
102.4869,4.000,1091.502,1130.880,-19.689,-17.099,0.360
102.5842,4.000,1107.490,1121.950,-7.230,-4.663,0.360
102.6908,3.000,1096.728,1136.551,-19.911,-14.363,0.360
102.7901,2.000,1093.146,1144.236,-25.545,-17.008,0.360
102.8882,1.000,1091.595,1150.115,-29.260,-17.729,0.360
102.9861,1.000,1107.834,1140.554,-16.360,-4.835,0.360
103.0948,-0.000,1097.018,1154.887,-28.934,-14.410,0.360
103.1918,-1.000,1092.476,1161.578,-34.551,-17.021,0.360
103.2898,-1.000,1107.262,1151.619,-22.179,-4.642,0.360
103.3857,-2.000,1094.666,1164.477,-34.906,-14.357,0.360
103.4952,-2.000,1106.707,1155.660,-24.476,-3.916,0.360
103.5948,-3.000,1092.896,1168.371,-37.737,-14.159,0.360
103.6943,-3.000,1104.208,1159.124,-27.458,-3.861,0.360
103.7908,-4.000,1089.859,1171.388,-40.765,-14.144,0.360
103.8887,-5.000,1082.719,1175.917,-46.599,-16.948,0.360
103.9871,-6.000,1077.388,1178.187,-50.400,-17.713,0.360
104.0849,-7.000,1072.416,1179.717,-53.650,-17.922,0.360
104.1935,-7.000,1085.446,1166.763,-40.658,-4.888,0.360
104.2913,-8.000,1070.974,1177.459,-53.243,-14.424,0.360
104.3911,-8.000,1081.311,1166.912,-42.800,-3.934,0.360
104.4892,-8.000,1084.034,1164.009,-39.987,-1.073,0.360
104.5854,-9.000,1066.674,1177.378,-55.352,-13.384,0.360
104.6931,-9.000,1076.157,1167.502,-45.673,-3.650,0.360
104.7911,-9.000,1078.591,1164.735,-43.072,-0.995,0.360
104.8882,-10.000,1061.102,1178.100,-58.499,-13.362,0.360
104.9862,-10.000,1070.507,1168.189,-48.841,-3.644,0.360
105.0851,-10.000,1072.883,1165.384,-46.251,-0.994,0.360
105.1908,-10.000,1073.363,1164.539,-45.588,-0.271,0.360
105.2887,-10.000,1073.345,1164.246,-45.451,-0.074,0.360
105.3872,-11.000,1055.190,1178.298,-61.554,-13.111,0.360
105.4849,-11.000,1064.415,1168.584,-52.084,-3.576,0.360
105.5948,-11.000,1066.742,1165.842,-49.550,-0.975,0.360
105.6911,-11.000,1067.209,1165.023,-48.907,-0.266,0.360
105.7902,-12.000,1049.170,1178.922,-64.876,-13.163,0.360
105.8903,-12.000,1058.412,1169.161,-55.375,-3.590,0.360
105.9879,-12.000,1060.730,1166.402,-52.836,-0.979,0.360
106.0852,-11.000,1076.200,1148.397,-36.099,12.824,0.360
106.1845,-11.000,1067.230,1158.213,-45.491,3.497,0.360
106.2917,-11.000,1064.980,1161.181,-48.101,0.954,0.360
106.3902,-10.000,1079.542,1145.070,-32.764,13.351,0.360
106.4881,-10.000,1070.614,1155.681,-42.533,3.641,0.360
106.5861,-9.000,1083.638,1141.928,-29.145,14.084,0.360
106.6833,-9.000,1074.531,1153.415,-39.442,3.841,0.360
106.7898,-8.000,1087.712,1140.097,-26.192,14.138,0.360
106.8894,-8.000,1078.824,1151.869,-36.523,3.856,0.360
106.9892,-7.000,1092.214,1138.770,-23.278,14.143,0.360
107.0884,-7.000,1083.510,1150.721,-33.606,3.857,0.360
107.1868,-7.000,1082.043,1154.948,-36.453,1.052,0.360
107.2849,-6.000,1097.426,1139.752,-21.163,13.378,0.360
107.3916,-5.000,1104.257,1133.919,-14.831,16.739,0.360
107.4899,-5.000,1093.977,1148.048,-27.035,4.565,0.360
107.5882,-4.000,1107.279,1135.857,-14.289,14.336,0.360
107.6858,-4.000,1098.801,1148.279,-24.739,3.910,0.360
107.7843,-5.000,1079.593,1167.000,-43.703,-12.025,0.360
107.8830,-5.000,1089.602,1159.578,-34.988,-3.279,0.360
107.9914,-5.000,1093.056,1158.322,-32.633,-0.894,0.360
108.0922,-6.000,1076.593,1172.812,-48.109,-13.335,0.360
108.1887,-6.000,1086.918,1163.812,-38.447,-3.637,0.360
108.2868,-6.000,1090.089,1161.766,-35.838,-0.992,0.360
108.3858,-6.000,1091.253,1161.559,-35.153,-0.271,0.360
108.4847,-7.000,1073.803,1175.982,-51.089,-13.165,0.360
108.5926,-6.000,1098.566,1149.486,-25.460,9.501,0.360
108.6895,-7.000,1074.367,1171.372,-48.502,-10.500,0.360
108.7872,-7.000,1082.479,1164.295,-40.908,-2.864,0.360
108.8851,-7.000,1084.959,1162.694,-38.868,-0.781,0.360
108.9924,-6.000,1100.875,1145.364,-22.245,12.878,0.360
109.0926,-6.000,1092.373,1155.666,-31.646,3.512,0.360
109.1906,-7.000,1072.530,1173.198,-50.334,-12.133,0.360
109.2893,-6.000,1096.847,1147.757,-25.455,9.782,0.360
109.3880,-7.000,1072.702,1170.106,-48.702,-10.423,0.360
109.4847,-7.000,1080.978,1163.304,-41.163,-2.843,0.360
109.5849,-7.000,1083.629,1161.905,-39.138,-0.775,0.360
109.6823,-8.000,1066.667,1176.093,-54.713,-13.302,0.360
109.7910,-8.000,1076.614,1166.787,-45.087,-3.628,0.360
109.8891,-9.000,1061.460,1178.646,-58.593,-14.080,0.360
109.9880,-9.000,1071.746,1168.559,-48.407,-3.840,0.360
110.0865,-9.000,1074.569,1165.905,-45.668,-1.047,0.360
110.1843,-9.000,1075.349,1165.269,-44.960,-0.286,0.360
110.2839,-9.000,1075.563,1165.177,-44.807,-0.078,0.360
110.3922,-8.000,1090.635,1148.049,-28.707,13.070,0.360
110.4890,-7.000,1096.725,1141.051,-22.163,16.655,0.360
110.5867,-5.000,1115.718,1119.967,-2.124,30.724,0.360
110.6836,-4.000,1110.471,1127.276,-8.402,21.470,0.360
110.7918,-2.000,1127.243,1110.937,8.153,32.037,0.360
110.8882,-1.000,1122.132,1120.256,0.938,21.828,0.360
110.9850,2.000,1152.910,1086.215,33.347,45.226,0.360
111.0928,3.000,1137.320,1104.191,16.565,25.425,0.360
111.1897,4.000,1135.538,1107.161,14.188,20.025,0.360
111.2876,6.000,1151.357,1087.672,31.843,31.643,0.360
111.3850,7.000,1143.997,1094.073,24.962,21.721,0.360
111.4833,8.000,1143.511,1092.903,25.304,19.015,0.360
111.5916,9.000,1144.704,1089.463,27.620,18.277,0.360
111.6889,10.000,1146.187,1085.230,30.479,18.075,0.360
111.7874,11.000,1147.610,1080.630,33.490,18.021,0.360
111.8853,11.000,1134.719,1093.819,20.450,4.915,0.360
111.9823,11.000,1131.338,1097.455,16.942,1.340,0.360
112.0920,12.000,1144.714,1080.455,32.130,13.456,0.360
112.1891,11.000,1117.783,1105.146,6.318,-9.421,0.360
112.2868,11.000,1125.248,1098.776,13.236,-2.569,0.360
112.3860,11.000,1127.648,1097.307,15.171,-0.701,0.360
112.4859,11.000,1128.620,1097.127,15.746,-0.191,0.360
112.5844,11.000,1129.161,1097.259,15.951,-0.052,0.360
112.6825,11.000,1129.551,1097.441,16.055,-0.014,0.360
112.7910,10.000,1112.694,1112.624,0.035,-13.095,0.360
112.8882,10.000,1123.066,1103.830,9.618,-3.571,0.360
112.9868,9.000,1109.217,1116.860,-3.822,-14.065,0.360
113.0849,8.000,1103.474,1122.745,-9.635,-16.927,0.360
113.1836,7.000,1100.217,1126.965,-13.374,-17.707,0.360
113.2832,5.000,1080.692,1145.987,-32.648,-31.011,0.360
113.3815,4.000,1088.885,1141.207,-26.161,-21.548,0.360
113.4916,2.000,1073.177,1158.496,-42.659,-32.059,0.360
113.5933,-0.000,1065.823,1168.874,-51.526,-34.925,0.360
113.6819,-2.000,1059.474,1176.113,-58.319,-35.707,0.360
113.7883,-4.000,1052.776,1181.889,-64.557,-35.920,0.360
113.8845,-6.000,1045.449,1186.751,-70.651,-35.978,0.360
113.9811,-7.000,1055.515,1176.750,-60.618,-22.903,0.360
114.0879,-9.000,1037.623,1190.017,-76.197,-32.428,0.360
114.1849,-10.000,1044.171,1181.698,-68.764,-21.935,0.360
114.2820,-12.000,1024.777,1194.907,-85.065,-32.164,0.360
114.3816,-13.000,1030.451,1186.135,-77.842,-21.863,0.360
114.4893,-13.000,1046.457,1170.496,-62.019,-5.963,0.360
114.5861,-13.000,1050.872,1166.393,-57.761,-1.626,0.360
114.6831,-12.000,1067.126,1148.244,-40.559,12.647,0.360
114.7814,-12.000,1058.551,1158.209,-49.829,3.449,0.360
114.8906,-11.000,1071.577,1144.203,-36.313,14.032,0.360
114.9898,-11.000,1062.390,1155.558,-46.584,3.827,0.360
115.0890,-11.000,1060.463,1159.329,-49.433,1.044,0.360
115.1853,-11.000,1060.421,1160.937,-50.258,0.285,0.360
115.2825,-11.000,1060.813,1161.875,-50.531,0.078,0.360
115.3813,-11.000,1061.257,1162.564,-50.653,0.021,0.360
115.4913,-11.000,1061.656,1163.126,-50.735,0.006,0.360
115.5932,-11.000,1061.995,1163.605,-50.805,0.002,0.360
115.6815,-10.000,1077.292,1146.843,-34.775,13.091,0.360
115.7803,-10.000,1068.589,1157.301,-44.356,3.570,0.360
115.8901,-10.000,1066.678,1160.703,-47.013,0.974,0.360
115.9875,-9.000,1081.560,1144.929,-31.684,13.356,0.360
116.0839,-9.000,1072.913,1155.817,-41.452,3.643,0.360
116.1812,-8.000,1086.180,1142.296,-28.058,14.084,0.360
116.2813,-8.000,1077.280,1153.979,-38.349,3.841,0.360
116.3808,-8.000,1075.622,1158.004,-41.191,1.048,0.360
116.4798,-8.000,1075.817,1159.819,-42.001,0.286,0.360
116.5906,-7.000,1091.433,1143.753,-26.160,13.169,0.360
116.6895,-8.000,1065.106,1168.858,-51.876,-9.499,0.360
116.7868,-8.000,1072.946,1162.977,-45.015,-2.591,0.360
116.8840,-8.000,1075.616,1161.974,-43.179,-0.707,0.360
116.9840,-8.000,1076.790,1162.217,-42.713,-0.193,0.360
117.0822,-8.000,1077.484,1162.726,-42.621,-0.053,0.360
117.1804,-8.000,1077.986,1163.248,-42.631,-0.014,0.360
117.2903,-7.000,1093.400,1146.544,-26.572,13.087,0.360
117.3905,-7.000,1084.792,1157.055,-36.131,3.569,0.360
117.4882,-7.000,1082.963,1160.502,-38.769,0.973,0.360
117.5870,-7.000,1082.901,1161.939,-39.519,0.265,0.360
117.6844,-7.000,1083.250,1162.759,-39.754,0.072,0.360
117.7816,-7.000,1083.653,1163.350,-39.849,0.020,0.360
117.8875,-7.000,1084.018,1163.829,-39.905,0.005,0.360
117.9831,-7.000,1084.331,1164.234,-39.951,0.001,0.360
118.0820,-6.000,1099.610,1147.405,-23.897,13.091,0.360
118.1885,-6.000,1090.895,1157.803,-33.454,3.570,0.360
118.2860,-6.000,1088.977,1161.151,-36.087,0.974,0.360
118.3847,-5.000,1103.858,1145.326,-20.734,13.356,0.360
118.4837,-5.000,1095.213,1156.169,-30.478,3.643,0.360
118.5815,-5.000,1093.467,1159.782,-33.157,0.993,0.360
118.6799,-5.000,1093.509,1161.328,-33.910,0.271,0.360
118.7789,-4.000,1108.973,1145.053,-18.040,13.165,0.360
118.8879,-4.000,1100.530,1155.807,-27.638,3.590,0.360
118.9867,-3.000,1113.894,1142.247,-14.177,14.070,0.360
119.0853,-3.000,1105.060,1153.915,-24.427,3.837,0.360
119.1829,-3.000,1103.456,1157.928,-27.236,1.047,0.360
119.2833,-3.000,1103.700,1159.731,-28.015,0.285,0.360
119.3846,-2.000,1119.362,1143.650,-12.144,13.169,0.360
119.4811,-2.000,1111.094,1154.561,-21.733,3.591,0.360
119.5803,-1.000,1124.611,1141.131,-8.260,14.070,0.360
119.6872,-1.000,1115.908,1152.907,-18.499,3.837,0.360
119.7837,-1.000,1114.418,1157.010,-21.296,1.047,0.360
119.8814,-1.000,1114.761,1158.888,-22.063,0.285,0.360
119.9887,-1.000,1115.491,1160.045,-22.277,0.078,0.360
120.0871,-1.000,1116.231,1160.910,-22.339,0.021,0.360
120.1860,-1.000,1116.892,1161.613,-22.361,0.006,0.360
120.2841,-0.000,1132.478,1145.026,-6.274,13.092,0.360
120.3821,-1.000,1106.014,1169.800,-31.893,-9.520,0.360
120.4797,-1.000,1113.713,1163.663,-24.975,-2.596,0.360
120.5859,-1.000,1116.260,1162.445,-23.093,-0.708,0.360
120.6825,-1.000,1117.333,1162.501,-22.584,-0.193,0.360
120.7795,-1.000,1117.948,1162.846,-22.449,-0.053,0.360
120.8880,-1.000,1118.388,1163.222,-22.417,-0.014,0.360
120.9858,-1.000,1118.739,1163.564,-22.413,-0.004,0.360
121.0870,-1.000,1119.031,1163.862,-22.416,-0.001,0.360
121.1831,-1.000,1119.276,1164.118,-22.421,-0.000,0.360
121.2820,-2.000,1101.466,1178.513,-38.524,-13.091,0.360
121.3797,-2.000,1111.024,1169.054,-29.015,-3.570,0.360
121.4781,-2.000,1113.650,1166.511,-26.430,-0.974,0.360
121.5871,-3.000,1096.365,1180.027,-41.831,-13.356,0.360
121.6863,-3.000,1105.959,1170.229,-32.135,-3.643,0.360
121.7846,-3.000,1108.503,1167.511,-29.504,-0.993,0.360
121.8817,-3.000,1109.134,1166.733,-28.800,-0.271,0.360
121.9804,-4.000,1091.234,1180.669,-44.717,-13.165,0.360
122.0787,-4.000,1100.599,1170.933,-35.167,-3.590,0.360
122.1859,-3.000,1118.046,1151.011,-16.483,12.112,0.360
122.2835,-3.000,1109.667,1160.286,-25.309,3.303,0.360
122.3836,-3.000,1107.628,1163.087,-27.730,0.901,0.360
122.4820,-2.000,1122.296,1146.908,-12.306,13.337,0.360
122.5807,-2.000,1113.441,1157.476,-22.017,3.637,0.360
122.6783,-1.000,1126.530,1143.685,-8.578,14.083,0.360
122.7795,-1.000,1117.483,1155.135,-18.826,3.841,0.360
122.8774,-0.000,1130.722,1141.778,-5.528,14.138,0.360
122.9869,-0.000,1121.889,1153.511,-15.811,3.856,0.360
123.0859,1.000,1134.494,1139.531,-2.518,14.143,0.360
123.1838,1.000,1125.131,1150.726,-12.798,3.857,0.360
123.2832,2.000,1137.287,1136.286,0.500,14.143,0.360
123.3803,3.000,1141.719,1129.072,6.323,16.948,0.360
123.4786,3.000,1129.730,1141.698,-5.984,4.622,0.360
123.5889,4.000,1140.833,1127.295,6.769,14.352,0.360
123.6885,4.000,1130.518,1137.807,-3.645,3.914,0.360
123.7866,4.000,1127.778,1140.713,-6.467,1.067,0.360
123.8845,5.000,1141.273,1123.519,8.877,13.382,0.360
123.9830,5.000,1131.499,1133.149,-0.825,3.650,0.360
124.0795,5.000,1128.814,1135.712,-3.449,0.995,0.360
124.1770,5.000,1128.068,1136.354,-4.143,0.271,0.360
124.2845,5.000,1127.856,1136.477,-4.311,0.074,0.360
124.3805,4.000,1110.618,1151.481,-20.431,-13.071,0.360
124.4786,4.000,1120.698,1142.501,-10.901,-3.565,0.360
124.5874,4.000,1123.782,1140.352,-8.285,-0.972,0.360
124.6857,3.000,1107.734,1155.035,-23.651,-13.356,0.360
124.7845,2.000,1101.208,1161.240,-30.016,-16.733,0.360
124.8810,2.000,1114.754,1150.422,-17.834,-4.564,0.360
124.9791,1.000,1102.067,1163.268,-30.600,-14.336,0.360
125.0800,1.000,1114.066,1154.403,-20.168,-3.910,0.360
125.1773,-0.000,1101.071,1167.903,-33.416,-14.157,0.360
125.2848,-0.000,1113.082,1159.321,-23.120,-3.861,0.360
125.3821,-1.000,1099.330,1172.147,-36.409,-14.144,0.360
125.4806,-2.000,1092.700,1177.150,-42.225,-16.948,0.360
125.5787,-2.000,1105.823,1165.645,-29.911,-4.622,0.360
125.6885,-3.000,1091.843,1177.160,-42.658,-14.352,0.360
125.7858,-4.000,1084.698,1181.369,-48.336,-17.005,0.360
125.8844,-4.000,1097.294,1169.278,-35.992,-4.638,0.360
125.9834,-4.000,1033.623,1183.408,-49.122,-1.008,0.200
126.0816,-4.000,988.182,1179.101,-48.370,-0.219,0.200
126.1791,-4.000,945.818,1171.539,-48.235,-0.048,0.200
126.2876,-3.000,927.870,1137.010,-25.625,17.990,0.200
126.3874,-3.000,877.555,1138.080,-39.732,3.911,0.200
126.4869,-3.000,840.456,1125.682,-42.820,0.850,0.200
126.5831,-3.000,807.620,1108.807,-43.513,0.185,0.200
126.6819,-3.000,776.892,1089.640,-43.685,0.040,0.200
126.7799,-3.000,747.626,1068.856,-43.744,0.009,0.200
126.8792,-2.000,740.941,1022.958,-21.170,18.002,0.200
126.9775,-2.000,700.230,1014.336,-35.276,3.913,0.200
127.0859,-1.000,692.710,969.882,-15.748,18.851,0.200
127.1842,-0.000,674.632,936.743,-7.901,22.098,0.200
127.2823,1.000,654.377,905.224,-2.586,22.804,0.200
127.3808,2.000,633.881,873.474,2.186,22.957,0.200
127.4835,3.000,613.529,841.176,6.847,22.991,0.200
127.5823,4.000,593.379,808.335,11.491,22.998,0.200
127.6784,5.000,573.417,775.015,16.138,23.000,0.200
127.7767,5.000,532.811,765.691,-1.815,5.000,0.200
127.8846,6.000,527.265,717.558,16.927,19.087,0.200
127.9835,7.000,535.692,706.193,24.654,22.149,0.200
128.0810,8.000,541.326,697.462,29.993,22.815,0.200
128.1790,9.000,546.105,689.452,34.821,22.960,0.200
128.2774,10.000,550.486,681.723,39.544,22.991,0.200
128.3758,10.000,533.795,698.569,21.643,4.998,0.200
128.4753,11.000,551.812,677.083,40.433,19.087,0.200
128.5817,12.000,558.629,666.718,48.206,22.149,0.200
128.6788,12.000,542.093,683.238,30.982,4.815,0.200
128.7773,12.000,539.019,686.299,27.324,1.047,0.200
128.8777,13.000,559.616,662.090,49.224,18.228,0.200
128.9771,13.000,545.863,675.774,35.079,3.963,0.200
129.0854,13.000,543.214,678.363,32.098,0.861,0.200
129.1831,14.000,563.752,654.174,54.152,18.187,0.200
129.2790,14.000,549.858,667.965,40.047,3.954,0.200
129.3761,14.000,547.072,670.664,37.082,0.860,0.200
129.4859,14.000,546.680,670.981,36.538,0.187,0.200
129.5833,14.000,546.792,670.806,36.521,0.041,0.200
129.6798,14.000,546.999,670.545,36.618,0.009,0.200
129.7773,14.000,547.215,670.284,36.740,0.002,0.200
129.8841,14.000,547.422,670.039,36.867,0.000,0.200
129.9815,14.000,547.618,669.810,36.995,0.000,0.200
130.0814,14.000,547.804,669.596,37.124,0.000,0.200
130.1783,13.000,524.172,690.803,14.644,-18.000,0.200
130.2755,13.000,538.900,677.015,28.850,-3.913,0.200
130.3846,13.000,542.526,674.189,32.032,-0.851,0.200
130.4823,12.000,519.878,695.115,10.208,-18.185,0.200
130.5828,12.000,535.021,681.509,24.550,-3.953,0.200
130.6797,11.000,515.096,700.341,5.146,-18.859,0.200
130.7785,11.000,531.015,686.492,20.006,-4.100,0.200
130.8753,10.000,511.415,705.452,0.707,-18.891,0.200
130.9828,9.000,503.727,713.196,-7.026,-22.107,0.200
131.0814,8.000,498.839,718.732,-12.251,-22.806,0.200
131.1797,7.000,494.739,723.982,-16.939,-22.958,0.200
131.2876,6.000,490.960,729.339,-21.517,-22.991,0.200
131.3744,5.000,487.378,734.862,-26.078,-22.998,0.200
131.4852,3.000,460.137,761.954,-53.252,-41.000,0.200
131.5824,2.000,471.384,754.179,-43.747,-26.913,0.200
131.6807,-0.000,447.828,778.887,-67.885,-41.851,0.200
131.7788,-1.000,459.665,770.429,-57.741,-27.098,0.200
131.8759,-3.000,434.984,793.781,-81.762,-41.891,0.200
131.9747,-4.000,445.771,784.266,-71.614,-27.107,0.200
132.0827,-6.000,420.172,806.745,-95.655,-41.893,0.200
132.1820,-7.000,430.170,796.496,-85.534,-27.107,0.200
132.2784,-9.000,403.897,818.355,-109.603,-41.893,0.200
132.3775,-10.000,413.316,807.584,-99.509,-27.107,0.200
132.4744,-11.000,410.956,808.195,-100.996,-23.893,0.200
132.5842,-11.000,430.312,790.353,-82.398,-5.194,0.200
132.6817,-12.000,410.511,807.840,-101.044,-19.129,0.200
132.7787,-13.000,401.479,814.305,-108.793,-22.159,0.200
132.8774,-14.000,394.702,818.301,-114.180,-22.817,0.200
132.9758,-14.000,412.748,800.890,-96.452,-4.960,0.200
133.0759,-15.000,392.363,818.216,-115.308,-19.078,0.200
133.1842,-16.000,382.947,824.431,-123.125,-22.147,0.200
133.2810,-17.000,375.863,828.194,-128.548,-22.815,0.200
133.3782,-18.000,369.242,831.393,-133.459,-22.960,0.200
133.4760,-19.000,362.681,834.445,-138.265,-22.991,0.200
133.5744,-21.000,331.883,858.060,-165.472,-40.998,0.200
133.6836,-22.000,339.516,846.722,-155.987,-26.913,0.200
133.7844,-23.000,336.104,846.385,-157.524,-23.851,0.200
133.8842,-24.000,330.276,848.425,-161.459,-23.185,0.200
133.9826,-25.000,323.911,850.971,-165.914,-23.040,0.200
134.0816,-25.000,341.820,832.816,-147.883,-5.009,0.200
134.1786,-26.000,321.235,849.592,-166.563,-19.089,0.200
134.2764,-27.000,311.655,855.333,-174.224,-22.150,0.200
134.3836,-28.000,304.459,858.668,-179.489,-22.815,0.200
134.4831,-28.000,322.173,840.671,-161.634,-4.960,0.200
134.5825,-28.000,325.934,836.669,-157.752,-1.078,0.200
134.6798,-29.000,302.276,856.523,-179.508,-18.234,0.200
134.7762,-29.000,316.429,842.136,-165.238,-3.964,0.200
134.8738,-30.000,295.032,859.734,-184.736,-18.862,0.200
134.9831,-30.000,309.679,844.858,-169.974,-4.100,0.200
135.0815,-31.000,288.391,862.352,-189.365,-18.891,0.200
135.1803,-31.000,303.063,847.455,-174.581,-4.107,0.200
135.2786,-31.000,306.181,844.145,-171.367,-0.893,0.200
135.3748,-32.000,282.398,864.165,-193.268,-18.194,0.200
135.4768,-32.000,296.538,849.827,-179.029,-3.955,0.200
135.5747,-32.000,299.549,846.647,-175.934,-0.860,0.200
135.6739,-33.000,275.750,866.702,-197.861,-18.187,0.200
135.7817,-33.000,289.893,852.378,-183.628,-3.954,0.200
135.8800,-34.000,268.510,870.007,-203.133,-18.859,0.200
135.9795,-34.000,283.174,855.151,-188.374,-4.100,0.200
136.0784,-34.000,286.301,851.862,-185.165,-0.891,0.200
136.1757,-35.000,262.529,871.895,-207.068,-18.194,0.200
136.2832,-35.000,276.679,857.567,-192.829,-3.955,0.200
136.3808,-36.000,255.299,875.197,-212.334,-18.860,0.200
136.4787,-36.000,269.965,860.343,-197.574,-4.100,0.200
136.5769,-37.000,248.693,877.854,-216.965,-18.891,0.200
136.6737,-37.000,263.380,862.972,-202.181,-4.107,0.200
136.7824,-38.000,242.111,880.474,-221.567,-18.893,0.200
136.8800,-38.000,256.795,865.588,-206.781,-4.107,0.200
136.9770,-38.000,259.924,862.288,-203.567,-0.893,0.200
137.0759,-38.000,260.550,861.516,-202.868,-0.194,0.200
137.1746,-38.000,260.640,861.302,-202.716,-0.042,0.200
137.2726,-37.000,282.020,837.417,-180.083,17.991,0.200
137.3812,-37.000,268.376,851.932,-194.163,3.911,0.200
137.4795,-35.000,308.485,807.763,-152.024,36.850,0.200
137.5767,-34.000,302.320,814.076,-158.263,26.011,0.200
137.6750,-33.000,304.927,812.196,-156.019,23.655,0.200
137.7819,-33.000,288.224,832.517,-174.532,5.142,0.200
137.8778,-32.000,307.137,814.279,-155.956,19.118,0.200
137.9753,-31.000,315.362,807.228,-148.318,22.156,0.200
138.0749,-30.000,321.421,802.766,-143.057,22.817,0.200
138.1729,-30.000,305.744,822.801,-160.914,4.960,0.200
138.2818,-30.000,303.714,828.535,-164.796,1.078,0.200
138.3783,-30.000,304.444,830.954,-165.639,0.234,0.200
138.4735,-30.000,305.599,832.475,-165.823,0.051,0.200
138.5829,-30.000,306.697,833.653,-165.863,0.011,0.200
138.6806,-29.000,329.055,810.828,-143.271,18.002,0.200
138.7788,-29.000,316.268,826.219,-157.360,3.914,0.200
138.8745,-28.000,335.712,806.588,-137.823,18.851,0.200
138.9817,-27.000,343.779,798.961,-129.976,22.098,0.200
139.0787,-26.000,349.573,794.143,-124.670,22.804,0.200
139.1775,-24.000,376.441,766.304,-97.317,40.957,0.200
139.2749,-23.000,368.374,777.145,-106.770,26.904,0.200
139.3818,-21.000,392.798,753.279,-82.625,41.849,0.200
139.4791,-19.000,405.910,741.842,-70.351,45.098,0.200
139.5780,-17.000,416.971,733.404,-60.601,45.804,0.200
139.6754,-15.000,427.902,725.903,-51.386,45.957,0.200
139.7735,-13.000,439.073,718.847,-42.272,45.991,0.200
139.8814,-12.000,429.119,735.899,-55.775,27.998,0.200
139.9790,-10.000,454.432,714.820,-32.579,42.087,0.200
140.0750,-9.000,447.611,728.839,-42.999,27.149,0.200
140.1721,-7.000,473.659,707.110,-19.110,41.902,0.200
140.2806,-6.000,467.046,720.993,-29.358,27.109,0.200
140.3778,-6.000,450.365,746.854,-50.629,5.893,0.200
140.4764,-4.000,492.418,707.805,-10.078,37.281,0.200
140.5746,-3.000,488.890,717.485,-16.682,26.105,0.200
140.6722,-1.000,515.366,694.439,8.079,41.675,0.200
140.7722,1.000,529.418,683.303,20.673,45.060,0.200
140.8726,3.000,540.020,673.978,30.636,45.796,0.200
140.9732,4.000,528.560,688.925,17.433,27.956,0.200
141.0728,6.000,551.319,664.929,40.810,42.077,0.200
141.1806,8.000,562.537,651.460,53.153,45.147,0.200
141.2798,10.000,570.939,639.944,63.113,45.815,0.200
141.3770,11.000,557.662,652.975,49.959,27.960,0.200
141.4763,11.000,537.277,676.150,28.179,6.078,0.200
141.5725,12.000,554.617,657.583,46.132,19.321,0.200
141.6805,12.000,540.584,673.571,31.122,4.200,0.200
141.7795,12.000,538.239,677.580,27.945,0.913,0.200
141.8789,11.000,514.532,700.300,4.731,-17.801,0.200
141.9777,11.000,529.646,687.347,18.764,-3.870,0.200
142.0772,10.000,509.885,706.545,-0.715,-18.841,0.200
142.1735,10.000,525.983,692.969,14.122,-4.096,0.200
142.2723,9.000,506.543,712.152,-5.190,-18.890,0.200
142.3792,8.000,498.991,720.086,-12.932,-22.107,0.200
142.4768,7.000,494.219,725.783,-18.167,-22.806,0.200
142.5739,7.000,514.024,709.763,-0.254,-4.958,0.200
142.6743,7.000,519.577,707.428,3.690,-1.078,0.200
142.7722,6.000,498.044,729.297,-18.011,-18.234,0.200
142.8703,6.000,514.012,716.614,-3.686,-3.964,0.200
142.9810,5.000,494.756,736.262,-23.138,-18.862,0.200
143.0767,4.000,487.421,744.530,-30.939,-22.100,0.200
143.1749,4.000,506.651,729.094,-13.607,-4.804,0.200
143.2720,3.000,488.250,748.319,-32.419,-19.044,0.200
143.3708,3.000,505.033,735.237,-17.487,-4.140,0.200
143.4793,2.000,486.064,754.952,-36.829,-18.900,0.200
143.5784,1.000,478.881,763.368,-44.628,-22.109,0.200
143.6768,1.000,498.217,748.081,-27.317,-4.806,0.200
143.7737,1.000,503.709,746.031,-23.546,-1.045,0.200
143.8716,1.000,505.998,746.666,-22.719,-0.227,0.200
143.9792,3.000,549.047,698.904,22.686,35.951,0.200
144.0763,3.000,521.936,728.009,-5.421,7.815,0.200
144.1714,5.000,558.313,686.126,33.708,37.699,0.200
144.2787,5.000,529.515,716.244,4.251,8.195,0.200
144.3769,6.000,544.518,698.764,20.492,19.782,0.200
144.4756,6.000,529.539,714.637,5.066,4.300,0.200
144.5745,6.000,526.608,718.327,1.756,0.935,0.200
144.6750,6.000,526.255,719.326,1.079,0.203,0.200
144.7744,5.000,502.616,741.114,-21.634,-17.956,0.200
144.8743,4.000,493.619,749.138,-30.145,-21.903,0.200
144.9739,3.000,488.074,754.455,-35.575,-22.762,0.200
145.0727,2.000,483.510,759.426,-40.343,-22.948,0.200
145.1705,-1.000,431.133,806.749,-90.193,-58.989,0.200
145.2789,-1.000,479.640,762.945,-44.037,-12.824,0.200
145.3754,-1.000,491.666,754.917,-34.010,-2.788,0.200
145.4723,2.000,558.566,681.817,35.990,53.394,0.200
145.5800,4.000,560.280,676.631,39.440,47.607,0.200
145.6773,5.000,545.393,690.967,24.828,28.349,0.200
145.7738,7.000,566.137,665.556,47.906,42.163,0.200
145.8709,9.000,575.839,650.686,60.192,45.166,0.200
145.9699,10.000,562.187,662.345,47.536,27.819,0.200
146.0791,11.000,561.971,660.268,48.466,24.048,0.200
146.1762,12.000,564.586,655.102,52.357,23.228,0.200
146.2737,12.000,546.935,673.587,34.289,5.050,0.200
146.3740,13.000,564.257,653.373,53.057,19.098,0.200
146.4714,13.000,549.701,668.470,38.231,4.152,0.200
146.5689,13.000,546.802,671.830,35.101,0.903,0.200
146.6771,14.000,567.220,648.203,57.124,18.196,0.200
146.7745,14.000,553.244,662.451,43.012,3.956,0.200
146.8713,14.000,550.393,665.534,40.045,0.860,0.200
146.9704,15.000,570.757,641.767,62.110,18.187,0.200
147.0788,15.000,556.715,655.916,48.015,3.954,0.200
147.1759,15.000,553.805,658.918,45.058,0.859,0.200
147.2707,15.000,553.309,659.492,44.524,0.187,0.200
147.3700,15.000,553.334,659.533,44.516,0.041,0.200
147.4777,15.000,553.468,659.455,44.622,0.009,0.200
147.5757,14.000,529.814,680.757,22.144,-17.998,0.200
147.6722,13.000,520.719,688.452,13.749,-21.913,0.200
147.7785,11.000,491.274,714.907,-14.201,-40.764,0.200
147.8751,10.000,501.198,706.042,-4.807,-26.862,0.200
147.9744,9.000,500.453,708.287,-6.302,-23.839,0.200
148.0731,7.000,473.712,734.504,-32.781,-41.182,0.200
148.1712,5.000,461.164,747.805,-45.705,-44.953,0.200
148.2782,3.000,452.093,758.717,-55.697,-45.772,0.200
148.3687,2.000,467.915,748.059,-42.457,-27.951,0.200
148.4770,1.000,469.694,751.271,-43.173,-24.076,0.200
148.5738,1.000,492.166,736.040,-24.322,-5.234,0.200
148.6703,-0.000,475.540,756.421,-42.826,-19.138,0.200
148.7782,-0.000,493.613,744.540,-27.848,-4.160,0.200
148.8757,-0.000,499.501,743.916,-24.592,-0.904,0.200
148.9741,-1.000,478.036,766.254,-46.494,-18.197,0.200
149.0721,-2.000,469.730,774.703,-54.871,-21.956,0.200
149.1707,-2.000,488.455,759.099,-37.707,-4.773,0.200
149.2787,-3.000,469.089,777.518,-56.599,-19.038,0.200
149.3757,-3.000,485.058,763.744,-41.728,-4.139,0.200
149.4717,-4.000,464.793,782.275,-61.126,-18.900,0.200
149.5682,-5.000,455.901,789.092,-68.981,-22.109,0.200
149.6776,-6.000,449.367,793.264,-74.333,-22.806,0.200
149.7746,-6.000,467.656,775.966,-56.540,-4.958,0.200
149.8716,-7.000,447.493,793.372,-75.324,-19.078,0.200
149.9686,-8.000,438.278,799.643,-83.068,-22.147,0.200
150.0763,-8.000,455.786,782.633,-65.809,-4.815,0.200
150.1760,-9.000,435.283,799.960,-84.723,-19.047,0.200
150.2725,-10.000,425.847,806.095,-92.509,-22.141,0.200
150.3698,-10.000,443.179,788.957,-75.274,-4.813,0.200
150.4680,-11.000,422.528,806.175,-94.208,-19.046,0.200
150.5775,-11.000,437.373,791.410,-79.404,-4.141,0.200
150.6735,-11.000,440.546,788.305,-76.264,-0.900,0.200
150.7695,-11.000,441.179,787.731,-75.661,-0.196,0.200
150.8676,-12.000,416.846,808.513,-98.218,-18.043,0.200
150.9759,-12.000,430.847,794.495,-84.209,-3.922,0.200
151.0718,-12.000,433.799,791.528,-81.249,-0.853,0.200
151.1713,-12.000,434.349,790.964,-80.692,-0.185,0.200
151.2703,-12.000,434.378,790.924,-80.658,-0.040,0.200
151.3784,-12.000,434.295,790.998,-80.737,-0.009,0.200
151.4761,-13.000,409.778,811.907,-103.449,-18.002,0.200
151.5719,-14.000,399.305,818.714,-112.090,-21.913,0.200
151.6710,-15.000,391.858,822.444,-117.678,-22.764,0.200
151.7689,-16.000,385.046,825.497,-122.610,-22.949,0.200
151.8775,-16.000,402.761,807.586,-104.798,-4.989,0.200
151.9762,-17.000,382.026,824.555,-123.650,-19.085,0.200
152.0728,-18.000,372.296,830.485,-131.480,-22.149,0.200
152.1710,-19.000,364.939,834.010,-136.920,-22.815,0.200
152.2699,-19.000,382.491,816.202,-119.240,-4.960,0.200
152.3706,-19.000,386.089,812.386,-115.533,-1.078,0.200
152.4689,-20.000,362.440,832.250,-137.289,-18.234,0.200
152.5770,-21.000,352.202,838.671,-145.619,-21.964,0.200
152.6748,-22.000,344.869,842.159,-151.030,-22.775,0.200
152.7746,-22.000,362.559,824.201,-133.206,-4.951,0.200
152.8722,-23.000,341.919,841.012,-151.931,-19.076,0.200
152.9689,-22.000,378.122,802.156,-114.402,13.853,0.200
153.0777,-21.000,389.053,789.570,-102.644,21.012,0.200
153.1727,-20.000,394.805,783.010,-96.487,22.568,0.200
153.2712,-19.000,399.526,778.204,-91.724,22.906,0.200
153.3680,-18.000,404.297,773.959,-87.216,22.980,0.200
153.4762,-19.000,363.462,814.642,-127.975,-13.004,0.200
153.5734,-18.000,396.309,782.265,-95.363,15.173,0.200
153.6731,-18.000,385.969,796.005,-107.403,3.298,0.200
153.7700,-18.000,384.667,800.197,-110.150,0.717,0.200
153.8669,-19.000,360.759,822.961,-133.486,-17.844,0.200
153.9737,-19.000,375.563,810.185,-119.696,-3.879,0.200
154.0732,-19.000,379.286,808.186,-116.835,-0.843,0.200
154.1701,-19.000,380.504,808.434,-116.350,-0.183,0.200
154.2757,-17.000,423.914,761.469,-71.163,35.960,0.200
154.3752,-17.000,397.104,791.258,-99.462,7.817,0.200
154.4728,-17.000,392.096,798.798,-105.736,1.699,0.200
154.5715,-17.000,391.685,801.360,-107.222,0.369,0.200
154.6697,-22.000,270.311,906.564,-220.512,-89.920,0.200
154.7691,-17.000,448.154,717.976,-37.296,70.452,0.200
154.8771,-9.000,567.068,585.729,88.285,159.316,0.200
154.9752,4.000,724.556,404.907,257.440,268.634,0.200
155.0725,13.000,711.224,405.006,250.724,220.399,0.200
155.1713,17.000,629.970,487.611,168.794,119.913,0.200
155.2702,20.000,605.100,514.831,142.750,80.068,0.200
155.3677,23.000,610.336,509.791,147.888,71.406,0.200
155.4660,25.000,600.637,521.457,137.205,51.523,0.200
155.5757,28.000,626.550,492.416,164.682,65.201,0.200
155.6751,31.000,641.094,473.413,181.456,68.174,0.200
155.7743,32.000,611.146,504.972,150.702,32.820,0.200
155.8716,33.000,608.444,508.441,147.617,25.135,0.200
155.9691,33.000,590.600,529.939,127.946,5.464,0.200
156.0666,35.000,629.477,486.968,168.870,37.188,0.200
156.1727,-5.000,-334.885,1388.905,-764.280,-711.916,0.200
156.2687,-31.000,-391.864,1392.823,-794.729,-622.764,0.200
156.3778,-35.000,9.038,999.764,-397.748,-207.384,0.200
156.4766,-37.000,131.871,888.396,-280.648,-81.083,0.200
156.5733,-37.000,203.200,832.813,-217.191,-17.627,0.200
156.6712,-36.000,245.087,801.910,-180.796,14.168,0.200
156.7681,-34.000,282.968,771.566,-146.684,39.080,0.200
156.8667,-23.000,493.986,546.554,71.331,206.496,0.200
156.9745,17.000,1211.018,-221.517,813.882,764.890,0.200
157.0730,57.000,1375.444,-429.326,1000.000,886.281,0.200
157.1686,59.000,850.140,103.647,470.862,228.670,0.200
157.2679,61.000,719.040,240.065,337.103,85.711,0.200
157.3661,62.000,678.022,288.003,292.625,36.633,0.200
157.4753,63.000,674.594,296.713,286.556,25.964,0.200
157.5742,64.000,678.820,296.377,288.836,23.644,0.200
157.6713,64.000,663.469,318.035,270.332,5.140,0.200
157.7712,63.000,638.327,346.138,243.710,-16.883,0.200
157.8721,63.000,654.297,335.684,256.922,-3.670,0.200
157.9703,63.000,659.514,335.156,259.794,-0.798,0.200
158.0671,63.000,662.131,336.524,260.419,-0.173,0.200
158.1747,63.000,663.961,338.082,260.554,-0.038,0.200
158.2739,63.000,665.430,339.493,260.584,-0.008,0.200
158.3726,63.000,666.660,340.710,260.590,-0.002,0.200
158.4688,63.000,667.702,341.749,260.592,-0.000,0.200
158.5756,61.000,620.987,385.433,215.392,-36.000,0.200
158.6741,61.000,650.872,358.970,243.566,-7.826,0.200
158.7733,60.000,634.652,375.700,227.091,-19.701,0.200
158.8711,59.000,627.987,383.399,219.909,-22.283,0.200
158.9689,58.000,623.565,389.299,214.748,-22.844,0.200
159.0663,57.000,619.771,394.949,210.026,-22.966,0.200
159.1671,56.000,616.234,400.665,205.399,-22.993,0.200
159.2752,54.000,589.053,427.896,178.194,-40.998,0.200
159.3742,53.000,600.361,420.232,187.679,-26.913,0.200
159.4740,51.000,576.872,445.019,163.542,-41.851,0.200
159.5732,49.000,565.576,458.617,151.094,-45.098,0.200
159.6734,47.000,557.248,470.102,141.188,-45.804,0.200
159.7699,45.000,549.836,481.397,131.835,-45.957,0.200
159.8672,43.000,542.854,492.881,122.601,-45.991,0.200
159.9662,41.000,536.159,504.601,113.394,-45.998,0.200
160.0650,38.000,505.894,537.939,81.593,-64.000,0.200
160.1725,36.000,514.186,536.458,86.479,-49.913,0.200
160.2687,33.000,487.743,567.490,57.741,-64.851,0.200
160.3663,31.000,497.346,565.988,63.294,-50.098,0.200
160.4644,28.000,471.596,597.424,34.701,-64.891,0.200
160.5743,25.000,457.897,617.756,17.685,-68.107,0.200
160.6729,22.000,447.117,635.975,3.186,-68.806,0.200
160.7698,20.000,461.026,632.588,11.834,-50.958,0.200
160.8658,17.000,437.135,664.223,-15.929,-65.078,0.200
160.9641,14.000,424.585,685.155,-32.670,-68.147,0.200
161.0718,11.000,414.681,703.984,-47.036,-68.815,0.200
161.1691,8.000,405.503,722.549,-60.908,-68.960,0.200
161.2664,5.000,396.607,741.223,-74.693,-68.991,0.200
161.3653,2.000,387.874,760.067,-88.482,-68.998,0.200
161.4642,-0.000,403.070,757.666,-79.683,-51.000,0.200
161.5728,-1.000,427.011,747.001,-62.380,-29.087,0.200
161.6684,-3.000,408.090,773.007,-84.844,-42.323,0.200
161.7665,-5.000,398.377,787.541,-96.967,-45.201,0.200
161.8685,-6.000,414.345,778.071,-84.248,-27.826,0.200
161.9673,-7.000,415.920,781.420,-85.135,-24.049,0.200
162.0691,-9.000,389.451,807.874,-111.597,-41.228,0.200
162.1642,-10.000,400.218,799.495,-102.023,-26.963,0.200
162.2733,-12.000,374.923,822.618,-126.233,-41.861,0.200
162.3703,-13.000,385.242,812.854,-116.191,-27.100,0.200
162.4696,-14.000,383.658,814.310,-117.711,-23.891,0.200
162.5667,-16.000,354.854,838.805,-144.360,-41.194,0.200
162.6654,-17.000,363.705,828.691,-134.878,-26.955,0.200
162.7637,-19.000,336.789,850.334,-159.158,-41.860,0.200
162.8728,-20.000,345.907,839.133,-148.998,-27.100,0.200
162.9694,-22.000,318.931,860.140,-172.989,-41.891,0.200
163.0658,-24.000,303.378,869.418,-185.405,-45.107,0.200
163.1737,-25.000,314.613,855.250,-172.704,-27.806,0.200
163.2716,-27.000,287.827,875.342,-196.143,-42.045,0.200
163.3708,-28.000,296.487,863.393,-185.838,-27.140,0.200
163.4682,-29.000,293.429,863.055,-187.198,-23.900,0.200
163.5631,-30.000,287.790,865.207,-191.094,-23.196,0.200
163.6702,-31.000,281.562,867.873,-195.540,-23.043,0.200
163.7683,-32.000,275.180,870.625,-200.107,-23.009,0.200
163.8664,-32.000,293.145,852.575,-182.100,-5.002,0.200
163.9680,-33.000,272.624,869.425,-200.785,-19.087,0.200
164.0658,-34.000,263.101,875.226,-208.447,-22.149,0.200
164.1634,-34.000,280.354,857.810,-191.113,-4.815,0.200
164.2711,-35.000,259.653,874.773,-209.945,-19.047,0.200
164.3667,-35.000,274.470,859.778,-195.038,-4.141,0.200
164.4657,-35.000,277.635,856.462,-191.798,-0.900,0.200
164.5636,-36.000,253.876,876.493,-213.694,-18.196,0.200
164.6733,-36.000,268.031,862.168,-199.453,-3.956,0.200
164.7705,-36.000,271.055,859.001,-196.358,-0.860,0.200
164.8686,-37.000,247.267,879.067,-218.285,-18.187,0.200
164.9674,-37.000,261.418,864.751,-204.052,-3.954,0.200
165.0640,-37.000,264.443,861.588,-200.957,-0.859,0.200
165.1719,-37.000,265.056,860.856,-200.285,-0.187,0.200
165.2716,-37.000,265.152,860.659,-200.139,-0.041,0.200
165.3683,-36.000,286.541,836.785,-177.507,17.991,0.200
165.4666,-36.000,272.904,851.308,-191.587,3.911,0.200
165.5641,-36.000,270.221,854.746,-194.648,0.850,0.200
165.6721,-36.000,269.876,855.732,-195.313,0.185,0.200
165.7696,-35.000,291.404,832.349,-172.858,18.040,0.200
165.8658,-35.000,277.997,847.179,-186.976,3.922,0.200
165.9639,-34.000,296.932,827.053,-167.445,18.853,0.200
166.0631,-33.000,304.572,819.002,-159.600,22.098,0.200
166.1721,-33.000,288.603,837.621,-176.894,4.804,0.200
166.2695,-32.000,307.370,818.707,-158.054,19.044,0.200
166.3703,-31.000,315.303,811.248,-150.358,22.140,0.200
166.4684,-30.000,321.077,806.477,-145.085,22.813,0.200
166.5656,-28.000,347.950,778.657,-117.739,40.959,0.200
166.6660,-28.000,318.492,813.310,-149.794,8.904,0.200
166.7649,-27.000,335.132,798.686,-134.162,19.936,0.200
166.8742,-26.000,343.287,792.845,-127.164,22.334,0.200
166.9620,-25.000,349.691,789.007,-122.043,22.855,0.200
167.0709,-24.000,355.795,785.684,-117.329,22.969,0.200
167.1678,-23.000,361.902,782.542,-112.705,22.993,0.200
167.2678,-21.000,389.467,755.696,-85.499,40.999,0.200
167.3657,-20.000,382.087,767.288,-94.985,26.913,0.200
167.4636,-19.000,385.540,768.015,-93.622,23.851,0.200
167.5701,-17.000,412.794,742.513,-67.244,41.185,0.200
167.6705,-16.000,405.561,754.837,-77.023,26.953,0.200
167.7695,-15.000,409.392,755.932,-75.655,23.859,0.200
167.8674,-13.000,436.994,730.718,-49.247,41.187,0.200
167.9661,-11.000,451.474,719.467,-36.381,44.954,0.200
168.0624,-9.000,463.382,711.503,-26.445,45.773,0.200
168.1724,-7.000,474.973,704.466,-17.132,45.951,0.200
168.2689,-6.000,465.291,721.618,-30.548,27.989,0.200
168.3654,-4.000,490.825,700.634,-7.290,42.085,0.200
168.4633,-2.000,505.604,690.922,4.956,45.149,0.200
168.5614,-0.000,518.224,683.810,14.822,45.815,0.200
168.6691,2.000,529.328,676.187,24.185,45.960,0.200
168.7660,3.000,518.666,692.207,10.845,27.991,0.200
168.8638,5.000,542.183,669.045,34.184,42.085,0.200
168.9724,6.000,533.253,680.677,23.903,27.149,0.200
169.0701,7.000,535.519,680.108,25.321,23.902,0.200
169.1689,8.000,539.908,676.561,29.289,23.196,0.200
169.2676,10.000,565.304,647.680,56.427,41.043,0.200
169.3648,11.000,584.767,675.945,37.384,24.284,0.360
169.4634,12.000,619.399,688.682,35.885,19.714,0.360
169.5727,13.000,655.341,699.803,37.717,18.467,0.360
169.6693,14.000,690.478,711.468,40.461,18.127,0.360
169.7670,15.000,724.410,724.118,43.458,18.035,0.360
169.8639,16.000,757.174,737.747,46.529,18.009,0.360
169.9612,16.000,774.732,770.264,33.527,4.912,0.360
170.0686,17.000,815.228,776.130,46.148,14.430,0.360
170.1675,17.000,833.848,807.557,35.755,3.936,0.360
170.2644,17.000,859.570,832.016,32.995,1.073,0.360
170.3633,17.000,886.920,854.958,32.316,0.293,0.360
170.4647,16.000,897.276,892.830,16.108,-13.011,0.360
170.5651,15.000,917.557,922.022,9.570,-16.639,0.360
170.6635,14.000,940.688,949.423,5.664,-17.629,0.360
170.7625,12.000,947.540,991.842,-13.624,-30.990,0.360
170.8710,11.000,982.012,1010.730,-7.111,-21.543,0.360
170.9700,10.000,1009.653,1036.924,-7.475,-18.966,0.360
171.0679,8.000,1018.277,1080.380,-25.815,-31.354,0.360
171.1639,6.000,1036.513,1115.731,-35.158,-34.733,0.360
171.2607,4.000,1057.718,1149.395,-42.055,-35.654,0.360
171.3722,2.000,1054.560,1157.581,-48.294,-35.906,0.360
171.4631,-0.000,1051.951,1166.144,-54.363,-35.974,0.360
171.5721,-1.000,1066.037,1159.278,-44.297,-22.902,0.360
171.6705,-3.000,1051.571,1175.202,-59.840,-32.428,0.360
171.7708,-4.000,1061.036,1169.136,-52.371,-21.935,0.360
171.8713,-6.000,1044.127,1184.254,-68.637,-32.164,0.360
171.9700,-8.000,1033.902,1191.277,-77.474,-34.954,0.360
172.0660,-10.000,1025.062,1195.715,-84.295,-35.715,0.360
172.1619,-12.000,1016.227,1199.129,-90.575,-35.922,0.360
172.2616,-14.000,1007.073,1201.994,-96.715,-35.979,0.360
172.3703,-15.000,1015.578,1190.304,-86.730,-22.903,0.360
172.4684,-17.000,996.352,1202.142,-102.357,-32.428,0.360
172.5665,-19.000,983.742,1206.794,-111.068,-35.026,0.360
172.6635,-21.000,972.879,1209.211,-117.777,-35.734,0.360
172.7616,-23.000,962.315,1210.916,-123.970,-35.928,0.360
172.8694,-25.000,951.707,1212.315,-130.023,-35.980,0.360
172.9684,-27.000,940.981,1213.533,-136.037,-35.995,0.360
173.0660,-29.000,930.132,1214.620,-142.041,-35.999,0.360
173.1636,-30.000,937.183,1201.431,-131.951,-22.909,0.360
173.2640,-31.000,934.750,1197.806,-131.381,-19.339,0.360
173.3620,-32.000,929.752,1196.816,-133.408,-18.365,0.360
173.4597,-33.000,924.071,1196.567,-136.142,-18.100,0.360
173.5677,-33.000,936.230,1182.367,-122.979,-4.936,0.360
173.6670,-34.000,920.955,1192.068,-135.480,-14.437,0.360
173.7659,-35.000,912.586,1194.858,-141.071,-17.028,0.360
173.8644,-35.000,924.109,1181.593,-128.687,-4.644,0.360
173.9628,-36.000,908.744,1191.638,-141.400,-14.357,0.360
174.0603,-37.000,900.421,1194.599,-147.049,-17.007,0.360
174.1693,-38.000,894.005,1195.617,-150.772,-17.729,0.360
174.2674,-38.000,906.110,1181.923,-137.878,-4.835,0.360
174.3665,-39.000,890.945,1191.898,-150.452,-14.410,0.360
174.4623,-39.000,900.723,1180.709,-139.973,-3.930,0.360
174.5695,-39.000,902.984,1177.248,-137.114,-1.072,0.360
174.6704,-37.000,933.278,1141.614,-104.153,25.890,0.360
174.7695,-34.000,960.215,1109.659,-74.709,46.334,0.360
174.8648,-29.000,1003.941,1059.866,-27.952,78.091,0.360
174.9629,-24.000,1027.126,1035.725,-4.291,86.752,0.360
175.0612,-18.000,1061.086,1002.993,29.054,102.205,0.360
175.1599,-14.000,1056.237,1018.244,19.003,80.238,0.360
175.2677,-10.000,1068.289,1018.396,24.952,74.247,0.360
175.3644,-6.000,1085.486,1014.931,35.282,72.613,0.360
175.4615,-3.000,1089.528,1028.081,30.728,59.076,0.360
175.5609,-0.000,1103.404,1031.339,36.036,55.384,0.360
175.6594,2.000,1103.260,1047.366,27.950,41.287,0.360
175.7681,4.000,1111.350,1051.097,30.129,37.442,0.360
175.8665,6.000,1120.522,1050.293,35.117,36.393,0.360
175.9665,8.000,1129.001,1047.247,40.879,36.107,0.360
176.0623,10.000,1136.452,1042.734,46.861,36.029,0.360
176.1603,12.000,1142.911,1037.091,52.911,36.008,0.360
176.2675,13.000,1134.320,1048.537,42.893,22.911,0.360
176.3653,16.000,1162.980,1013.784,74.599,45.521,0.360
176.4616,19.000,1174.410,994.654,89.879,51.688,0.360
176.5606,20.000,1152.218,1015.462,68.379,27.188,0.360
176.6698,23.000,1175.870,982.113,96.879,46.688,0.360
176.7660,24.000,1156.465,998.435,79.015,25.824,0.360
176.8628,26.000,1166.216,981.384,92.416,33.225,0.360
176.9623,28.000,1170.292,969.423,100.434,35.243,0.360
177.0596,29.000,1158.480,976.693,90.894,22.703,0.360
177.1676,30.000,1155.710,974.762,90.474,19.283,0.360
177.2642,32.000,1169.530,952.266,108.632,31.441,0.360
177.3625,33.000,1160.148,956.434,101.857,21.666,0.360
177.4594,34.000,1157.846,953.464,102.191,19.000,0.360
177.5678,34.000,1143.287,966.541,88.373,5.182,0.360
177.6666,35.000,1153.060,951.669,100.695,14.504,0.360
177.7639,35.000,1141.844,961.550,90.147,3.956,0.360
177.8616,35.000,1138.400,963.860,87.270,1.079,0.360
177.9585,34.000,1119.963,979.173,70.395,-12.797,0.360
178.0683,34.000,1129.442,970.039,79.701,-3.490,0.360
178.1585,34.000,1132.126,967.647,82.240,-0.952,0.360
178.2685,34.000,1132.943,967.079,82.932,-0.260,0.360
178.3694,34.000,1133.238,966.996,83.121,-0.071,0.360
178.4684,33.000,1116.208,982.046,67.081,-13.110,0.360
178.5651,33.000,1126.401,973.170,76.616,-3.576,0.360
178.6636,31.000,1095.219,1001.151,47.034,-27.157,0.360
178.7606,30.000,1099.439,998.051,50.694,-20.497,0.360
178.8599,29.000,1099.151,1000.130,49.510,-18.681,0.360
178.9598,28.000,1097.828,1003.816,47.006,-18.186,0.360
179.0585,28.000,1113.558,993.095,60.232,-4.960,0.360
179.1585,26.000,1084.952,1021.638,31.657,-27.534,0.360
179.2680,25.000,1090.779,1019.597,35.591,-20.600,0.360
179.3658,24.000,1091.699,1022.735,34.482,-18.709,0.360
179.4648,22.000,1074.189,1042.375,15.907,-31.284,0.360
179.5616,21.000,1083.676,1038.539,22.568,-21.623,0.360
179.6597,20.000,1086.132,1041.725,22.203,-18.988,0.360
179.7576,18.000,1069.606,1061.728,3.939,-31.360,0.360
179.8580,16.000,1062.645,1073.324,-5.339,-34.735,0.360
179.9655,13.000,1041.442,1097.987,-28.272,-48.746,0.360
180.0638,11.000,1048.588,1098.461,-24.937,-39.476,0.360
180.1622,9.000,1049.249,1105.958,-28.355,-36.948,0.360
180.2592,7.000,1048.287,1115.533,-33.623,-36.259,0.360
180.3667,4.000,1029.829,1140.833,-55.502,-49.161,0.360
180.4656,3.000,1055.838,1127.480,-35.821,-26.499,0.360
180.5632,1.000,1047.652,1145.103,-48.725,-33.409,0.360
180.6604,-2.000,1025.756,1171.181,-72.713,-48.384,0.360
180.7669,-3.000,1049.192,1156.459,-53.633,-26.287,0.360
180.8652,-5.000,1037.462,1170.917,-66.728,-33.351,0.360
180.9628,-7.000,1029.812,1179.205,-74.696,-35.278,0.360
181.0609,-9.000,1022.664,1185.215,-81.276,-35.803,0.360
181.1586,-10.000,1033.148,1175.924,-71.388,-22.855,0.360
181.2676,-11.000,1033.700,1175.546,-70.923,-19.324,0.360
181.3571,-12.000,1031.245,1177.309,-73.032,-18.361,0.360
181.4657,-13.000,1027.716,1179.410,-75.847,-18.098,0.360
181.5623,-14.000,1023.677,1181.396,-78.859,-18.027,0.360
181.6601,-14.000,1037.330,1168.996,-65.833,-4.916,0.360
181.7589,-15.000,1023.338,1180.215,-78.438,-14.432,0.360
181.8594,-15.000,1034.065,1170.130,-68.033,-3.936,0.360
181.9584,-16.000,1019.093,1181.807,-81.357,-14.164,0.360
182.0576,-17.000,1011.382,1185.879,-87.249,-16.954,0.360
182.1571,-17.000,1023.563,1173.604,-75.020,-4.624,0.360
182.2656,-17.000,1026.783,1170.303,-71.760,-1.261,0.360
182.3622,-18.000,1058.262,1109.679,-25.708,-3.626,0.160
182.4602,-18.000,1046.551,1093.887,-23.668,-1.554,0.160
182.5587,-19.000,1027.305,1080.906,-26.800,-3.752,0.160
182.6579,-19.000,1014.353,1063.735,-24.691,-1.608,0.160
182.7574,-20.000,994.060,1049.575,-27.758,-3.775,0.160
182.8668,-20.000,980.209,1031.410,-25.601,-1.618,0.160
182.9624,-21.000,959.116,1016.440,-28.662,-3.779,0.160
183.0603,-21.000,944.584,997.589,-26.502,-1.620,0.160
183.1627,-21.000,928.457,979.611,-25.577,-0.694,0.160
183.2644,-22.000,905.949,964.281,-29.166,-3.383,0.160
183.3613,-23.000,884.890,947.327,-31.218,-4.536,0.160
183.4596,-24.000,864.416,929.641,-32.612,-5.030,0.160
183.5561,-24.000,849.707,909.184,-29.738,-2.156,0.160
183.6655,-25.000,827.583,892.568,-32.492,-4.010,0.160
183.7623,-26.000,806.499,874.873,-34.187,-4.804,0.160
183.8599,-27.000,785.853,856.707,-35.427,-5.145,0.160
183.9578,-27.000,770.933,835.908,-32.488,-2.205,0.160
184.0564,-28.000,748.601,819.028,-35.213,-4.031,0.160
184.1659,-28.000,732.875,798.695,-32.910,-1.727,0.160
184.2645,-28.000,715.672,779.518,-31.923,-0.740,0.160
184.3608,-28.000,697.769,760.769,-31.500,-0.317,0.160
184.4599,-29.000,673.962,744.571,-35.304,-3.222,0.160
184.5567,-30.000,651.891,726.789,-37.449,-4.466,0.160
184.6656,-30.000,636.141,705.935,-34.897,-1.914,0.160
184.7621,-30.000,618.813,686.419,-33.803,-0.820,0.160
184.8594,-31.000,595.213,669.853,-37.320,-3.437,0.160
184.9575,-31.000,578.741,649.453,-35.356,-1.473,0.160
185.0664,-31.000,561.048,630.076,-34.514,-0.631,0.160
185.1633,-31.000,542.789,611.096,-34.153,-0.271,0.160
185.2637,-31.000,524.252,592.250,-33.999,-0.116,0.160
185.3607,-31.000,505.566,573.431,-33.932,-0.050,0.160
185.4579,-31.000,486.790,554.598,-33.904,-0.021,0.160
185.5559,-31.000,467.954,535.737,-33.892,-0.009,0.160
185.6646,-31.000,461.805,529.579,-33.887,-0.004,0.160
185.7628,-31.000,461.988,529.757,-33.884,-0.002,0.160
185.8604,-31.000,462.143,529.910,-33.884,-0.001,0.160
185.9591,-31.000,462.274,530.040,-33.883,-0.000,0.160
186.0575,-31.000,462.385,530.150,-33.883,-0.000,0.160
186.1559,-31.000,462.479,530.245,-33.883,-0.000,0.160
186.2646,-31.000,462.559,530.325,-33.883,-0.000,0.160
186.3612,-31.000,462.627,530.393,-33.883,-0.000,0.160
186.4567,-31.000,462.685,530.451,-33.883,-0.000,0.160
186.5654,-31.000,462.735,530.500,-33.883,-0.000,0.160
186.6639,-31.000,462.776,530.542,-33.883,-0.000,0.160
186.7636,-31.000,462.812,530.577,-33.883,-0.000,0.160
186.8602,-31.000,462.842,530.608,-33.883,-0.000,0.160
186.9569,-31.000,462.868,530.633,-33.883,-0.000,0.160
187.0566,-31.000,462.890,530.655,-33.883,-0.000,0.160
187.1658,-31.000,462.908,530.674,-33.883,-0.000,0.160
187.2636,-30.000,465.470,525.264,-29.897,3.086,0.160
187.3606,-31.000,458.450,529.742,-35.646,-1.763,0.160
187.4566,-31.000,459.878,529.155,-34.638,-0.756,0.160
187.5555,-30.000,463.212,523.654,-30.221,2.762,0.160
187.6547,-30.000,462.214,525.812,-31.799,1.184,0.160
187.7624,-30.000,462.030,526.981,-32.476,0.507,0.160
187.8595,-30.000,462.158,527.689,-32.765,0.217,0.160
187.9583,-30.000,462.390,528.169,-32.890,0.093,0.160
188.0642,-30.000,462.639,528.525,-32.943,0.040,0.160
188.1634,-29.000,465.419,523.379,-28.980,3.103,0.160
188.2626,-29.000,464.141,525.647,-30.753,1.330,0.160
188.3605,-29.000,463.801,526.827,-31.513,0.570,0.160
188.4560,-29.000,463.833,527.510,-31.839,0.244,0.160
188.5646,-29.000,463.997,527.953,-31.978,0.105,0.160
188.6626,-29.000,464.195,528.271,-32.038,0.045,0.160
188.7627,-29.000,464.389,528.516,-32.064,0.019,0.160
188.8628,-28.000,467.110,523.288,-28.089,3.094,0.160
188.9595,-28.000,465.777,525.491,-29.857,1.326,0.160
189.0576,-28.000,465.389,526.618,-30.615,0.568,0.160
189.1553,-28.000,465.378,527.256,-30.939,0.244,0.160
189.2643,-28.000,465.506,527.662,-31.078,0.104,0.160
189.3620,-28.000,465.673,527.949,-31.138,0.045,0.160
189.4584,-28.000,465.840,528.167,-31.164,0.019,0.160
189.5560,-28.000,465.993,528.342,-31.175,0.008,0.160
189.6642,-27.000,468.673,523.060,-27.194,3.089,0.160
189.7619,-27.000,467.302,525.220,-28.959,1.324,0.160
189.8599,-27.000,466.881,526.312,-29.715,0.567,0.160
189.9584,-26.000,469.388,521.495,-26.054,3.329,0.160
190.0573,-26.000,468.004,523.916,-27.956,1.427,0.160
190.1572,-26.000,467.629,525.172,-28.771,0.611,0.160
190.2558,-26.000,467.654,525.895,-29.121,0.262,0.160
190.3639,-25.000,470.368,520.938,-25.285,3.198,0.160
190.4629,-25.000,469.087,523.312,-27.112,1.371,0.160
190.5602,-24.000,471.314,519.134,-23.910,3.673,0.160
190.6587,-23.000,472.432,516.478,-22.023,4.660,0.160
190.7556,-23.000,470.615,519.987,-24.686,1.997,0.160
190.8540,-21.000,475.285,510.996,-17.855,7.027,0.160
190.9619,-21.000,472.433,516.175,-21.871,3.012,0.160
191.0583,-21.000,471.700,518.885,-23.592,1.291,0.160
191.1597,-19.000,476.861,509.645,-16.392,6.725,0.160
191.2575,-18.000,476.798,509.361,-16.282,5.968,0.160
191.3567,-17.000,477.255,508.729,-15.737,5.643,0.160
191.4540,-16.000,477.973,507.982,-15.005,5.504,0.160
191.5639,-14.000,481.382,501.789,-10.204,8.530,0.160
191.6595,-13.000,480.846,503.078,-11.116,6.742,0.160
191.7563,-11.000,483.886,497.919,-7.017,9.061,0.160
191.8553,-10.000,483.335,499.788,-8.226,6.969,0.160
191.9635,-9.000,483.943,500.421,-8.239,6.072,0.160
192.0617,-8.000,485.031,500.506,-7.738,5.688,0.160
192.1608,-6.000,488.861,494.915,-3.027,8.609,0.160
192.2583,-6.000,486.181,502.097,-7.958,3.690,0.160
192.3582,-5.000,488.523,500.702,-6.089,4.667,0.160
192.4572,-4.000,490.298,499.853,-4.778,5.086,0.160
192.5547,-2.000,494.372,493.804,0.284,8.351,0.160
192.6621,-1.000,494.305,495.314,-0.504,6.665,0.160
192.7568,-1.000,492.608,501.237,-4.314,2.856,0.160
192.8544,1.000,497.745,493.692,2.027,7.396,0.160
192.9537,1.000,495.498,499.893,-2.198,3.170,0.160
193.0604,2.000,497.796,497.835,-0.020,4.444,0.160
193.1586,3.000,499.290,496.425,1.432,4.990,0.160
193.2565,4.000,500.407,495.260,2.573,5.224,0.160
193.3563,4.000,498.908,499.718,-0.405,2.239,0.160
193.4549,5.000,501.321,496.700,2.311,4.045,0.160
193.5537,6.000,502.689,494.698,3.995,4.819,0.160
193.6615,7.000,503.603,493.124,5.240,5.151,0.160
193.7589,7.000,501.892,497.275,2.309,2.208,0.160
193.8566,8.000,504.108,494.013,5.047,4.032,0.160
193.9553,8.000,502.874,497.358,2.758,1.728,0.160
194.0629,9.000,505.225,493.680,5.772,3.826,0.160
194.1598,9.000,503.992,496.787,3.602,1.640,0.160
194.2588,10.000,506.294,492.957,6.669,3.788,0.160
194.3561,10.000,504.998,495.954,4.522,1.624,0.160
194.4539,11.000,507.239,492.039,7.600,3.782,0.160
194.5618,11.000,505.886,494.969,5.459,1.621,0.160
194.6604,11.000,505.650,496.546,4.552,0.695,0.160
194.7588,12.000,508.270,491.945,8.163,3.383,0.160
194.8596,13.000,509.445,488.967,10.239,4.536,0.160
194.9582,13.000,507.610,492.269,7.670,1.944,0.160
195.0550,14.000,509.573,488.433,10.570,3.919,0.160
195.1529,14.000,508.063,491.351,8.356,1.679,0.160
195.2609,14.000,507.727,492.884,7.422,0.720,0.160
195.3573,14.000,507.850,493.779,7.035,0.308,0.160
195.4546,15.000,510.558,488.814,10.872,3.218,0.160
195.5523,15.000,509.288,491.168,9.060,1.379,0.160
195.6588,15.000,508.987,492.389,8.299,0.591,0.160
195.7565,15.000,509.068,493.091,7.988,0.253,0.160
195.8540,15.000,509.282,493.541,7.871,0.109,0.160
195.9537,15.000,509.530,493.859,7.836,0.047,0.160
196.0631,16.000,512.198,488.551,11.823,3.106,0.160
196.1615,15.000,505.403,493.223,6.090,-1.755,0.160
196.2606,16.000,509.458,487.243,11.107,2.334,0.160
196.3585,16.000,508.835,489.230,9.803,1.000,0.160
196.4574,15.000,503.444,492.900,5.272,-2.657,0.160
196.5546,15.000,505.758,492.123,6.818,-1.139,0.160
196.6629,15.000,507.089,492.099,7.495,-0.488,0.160
196.7609,15.000,507.951,492.348,7.801,-0.209,0.160
196.8594,15.000,508.569,492.674,7.948,-0.090,0.160
196.9579,15.000,509.049,492.997,8.026,-0.038,0.160
197.0569,15.000,509.439,493.289,8.075,-0.016,0.160
197.1565,15.000,509.765,493.542,8.111,-0.007,0.160
197.2554,14.000,504.615,496.305,4.155,-3.089,0.160
197.3519,14.000,506.890,495.000,5.945,-1.324,0.160
197.4533,14.000,508.085,494.631,6.727,-0.567,0.160
197.5623,14.000,508.785,494.633,7.076,-0.243,0.160
197.6586,13.000,503.820,497.314,3.253,-3.190,0.160
197.7561,13.000,506.195,495.997,5.099,-1.367,0.160
197.8540,13.000,507.450,495.643,5.904,-0.586,0.160
197.9528,13.000,508.190,495.667,6.262,-0.251,0.160
198.0609,12.000,503.255,498.373,2.441,-3.193,0.160
198.1600,12.000,505.654,497.079,4.287,-1.369,0.160
198.2559,12.000,506.927,496.745,5.091,-0.587,0.160
198.3520,11.000,502.255,499.334,1.460,-3.337,0.160
198.4597,11.000,504.797,498.023,3.387,-1.430,0.160
198.5558,10.000,500.730,500.256,0.237,-3.699,0.160
198.6515,10.000,503.582,498.845,2.368,-1.585,0.160
198.7596,9.000,499.690,501.082,-0.696,-3.765,0.160
198.8581,9.000,502.654,499.710,1.472,-1.614,0.160
198.9555,8.000,498.842,501.997,-1.577,-3.777,0.160
199.0556,7.000,496.439,503.223,-3.392,-4.705,0.160
199.1533,7.000,500.140,501.522,-0.691,-2.016,0.160
199.2528,6.000,496.727,503.754,-3.514,-3.950,0.160
199.3603,6.000,499.993,502.485,-1.246,-1.693,0.160
199.4572,5.000,496.392,504.903,-4.255,-3.811,0.160
199.5550,5.000,499.576,503.713,-2.069,-1.633,0.160
199.6536,5.000,501.366,503.619,-1.126,-0.700,0.160
199.7507,5.000,502.496,503.930,-0.717,-0.300,0.160
199.8567,5.000,503.289,504.362,-0.537,-0.129,0.160
199.9565,5.000,503.892,504.800,-0.454,-0.055,0.160
200.0608,5.000,504.375,505.202,-0.414,-0.024,0.160
200.1579,5.000,504.774,505.556,-0.391,-0.010,0.160
200.2552,5.000,505.108,505.861,-0.377,-0.004,0.160
200.3541,5.000,505.391,506.121,-0.365,-0.002,0.160
200.4548,4.000,500.205,508.890,-4.342,-3.087,0.160
200.5519,4.000,502.448,507.591,-2.572,-1.323,0.160
200.6601,4.000,503.613,507.230,-1.808,-0.567,0.160
200.7590,3.000,498.858,509.787,-5.465,-3.329,0.160
200.8566,1.000,490.476,513.541,-11.532,-7.598,0.160
200.9504,-0.000,490.425,512.778,-11.176,-6.342,0.160
201.0569,-0.000,495.203,510.308,-7.552,-2.718,0.160
201.1566,-1.000,492.190,512.164,-9.987,-4.251,0.160
201.2555,-2.000,490.078,513.172,-11.547,-4.907,0.160
201.3527,-3.000,488.361,513.830,-12.734,-5.189,0.160
201.4507,-5.000,481.276,516.775,-17.749,-8.395,0.160
201.5500,-6.000,481.758,515.655,-16.949,-6.684,0.160
201.6580,-7.000,481.247,515.502,-17.128,-5.950,0.160
201.7564,-8.000,480.305,515.761,-17.728,-5.636,0.160
201.8535,-9.000,479.173,516.192,-18.509,-5.501,0.160
201.9605,-9.000,483.503,514.266,-15.382,-2.358,0.160
202.0595,-10.000,480.308,516.385,-18.038,-4.096,0.160
202.1570,-11.000,478.125,517.532,-19.703,-4.841,0.160
202.2545,-11.000,481.932,515.846,-16.957,-2.075,0.160
202.3524,-12.000,478.451,518.008,-19.778,-3.975,0.160
202.4602,-12.000,481.641,516.699,-17.529,-1.704,0.160
202.5587,-13.000,477.844,518.973,-20.564,-3.816,0.160
202.6579,-13.000,480.855,517.669,-18.407,-1.635,0.160
202.7528,-14.000,476.943,519.911,-21.484,-3.787,0.160
202.8506,-14.000,479.872,518.563,-19.345,-1.623,0.160
202.9589,-15.000,475.899,520.760,-22.431,-3.781,0.160
203.0550,-15.000,478.777,519.371,-20.297,-1.621,0.160
203.1521,-16.000,474.762,521.533,-23.385,-3.780,0.160
203.2599,-16.000,477.606,520.114,-21.254,-1.620,0.160
203.3590,-17.000,473.561,522.250,-24.345,-3.780,0.160
203.4556,-17.000,476.379,520.809,-22.215,-1.620,0.160
203.5533,-18.000,472.312,522.927,-25.308,-3.780,0.160
203.6503,-18.000,475.111,521.471,-23.180,-1.620,0.160
203.7577,-18.000,476.575,521.148,-22.287,-0.694,0.160
203.8561,-19.000,471.877,523.697,-25.910,-3.383,0.160
203.9551,-19.000,474.363,522.384,-24.011,-1.450,0.160
204.0536,-19.000,475.655,522.088,-23.216,-0.621,0.160
204.1502,-19.000,476.400,522.191,-22.896,-0.266,0.160
204.2588,-19.000,476.878,522.433,-22.778,-0.114,0.160
204.3573,-19.000,477.215,522.708,-22.747,-0.049,0.160
204.4540,-19.000,477.469,522.975,-22.753,-0.021,0.160
204.5532,-20.000,472.157,525.609,-26.726,-3.095,0.160
204.6510,-20.000,474.287,524.203,-24.958,-1.326,0.160
204.7600,-20.000,475.352,523.753,-24.200,-0.568,0.160
204.8562,-20.000,475.939,523.690,-23.875,-0.244,0.160
204.9562,-20.000,476.300,523.773,-23.736,-0.104,0.160
205.0559,-20.000,476.549,523.902,-23.677,-0.045,0.160
205.1527,-20.000,476.735,524.037,-23.651,-0.019,0.160
205.2499,-19.000,479.394,518.771,-19.688,3.077,0.160
205.3580,-19.000,477.993,520.956,-21.481,1.319,0.160
205.4566,-19.000,477.539,522.077,-22.269,0.565,0.160
205.5542,-19.000,477.465,522.717,-22.626,0.242,0.160
205.6543,-18.000,480.080,517.703,-18.811,3.190,0.160
205.7519,-18.000,478.706,520.039,-20.666,1.367,0.160
205.8496,-18.000,478.301,521.261,-21.480,0.586,0.160
205.9580,-18.000,478.281,521.976,-21.847,0.251,0.160
206.0547,-17.000,480.948,517.019,-18.035,3.193,0.160
206.1523,-17.000,479.620,519.401,-19.891,1.369,0.160
206.2502,-17.000,479.255,520.662,-20.703,0.587,0.160
206.3585,-16.000,481.817,515.981,-17.082,3.337,0.160
206.4571,-16.000,480.481,518.516,-19.017,1.430,0.160
206.5535,-16.000,480.145,519.872,-19.863,0.613,0.160
206.6501,-15.000,482.746,515.256,-16.255,3.348,0.160
206.7499,-15.000,481.450,517.841,-18.195,1.435,0.160
206.8580,-15.000,481.151,519.236,-19.042,0.615,0.160
206.9569,-15.000,481.238,520.080,-19.421,0.264,0.160
207.0531,-16.000,475.908,523.080,-23.586,-2.973,0.160
207.1508,-15.000,480.636,516.493,-17.929,1.812,0.160
207.2491,-16.000,474.736,520.693,-22.978,-2.309,0.160
207.3567,-16.000,476.804,520.179,-21.687,-0.990,0.160
207.4552,-16.000,478.002,520.303,-21.151,-0.424,0.160
207.5543,-16.000,478.777,520.651,-20.937,-0.182,0.160
207.6527,-17.000,473.782,523.481,-24.850,-3.164,0.160
207.7511,-17.000,476.139,522.283,-23.072,-1.356,0.160
207.8478,-16.000,479.923,516.605,-18.341,2.505,0.160
207.9560,-16.000,479.158,518.759,-19.801,1.073,0.160
208.0528,-16.000,479.106,519.992,-20.443,0.460,0.160
208.1514,-16.000,479.317,520.786,-20.735,0.197,0.160
208.2481,-16.000,479.602,521.354,-20.876,0.084,0.160
208.3589,-16.000,479.888,521.794,-20.953,0.036,0.160
208.4558,-16.000,480.146,522.152,-21.003,0.016,0.160
208.5543,-16.000,480.371,522.452,-21.040,0.007,0.160
208.6535,-16.000,480.561,522.707,-21.073,0.003,0.160
208.7507,-16.000,480.720,522.927,-21.103,0.001,0.160
208.8479,-16.000,480.851,523.117,-21.133,0.001,0.160
208.9579,-16.000,480.959,523.283,-21.162,0.000,0.160
209.0555,-16.000,481.046,523.428,-21.191,0.000,0.160
209.1529,-16.000,481.116,523.556,-21.220,0.000,0.160
209.2510,-16.000,481.172,523.669,-21.249,0.000,0.160
209.3487,-16.000,481.214,523.769,-21.277,0.000,0.160
209.4471,-16.000,481.246,523.858,-21.306,0.000,0.160
