time_s,error_mm,left_rpm,right_rpm,pid_output,d_term,target_speed_ms
0.0005,-37.000,-985.159,1014.841,-1000.000,-1171.130,0.320
0.0228,-37.000,-505.896,563.435,-534.666,-431.066,0.320
0.1193,-37.000,-150.629,234.471,-192.550,-88.950,0.320
0.2267,-36.000,-53.186,162.012,-107.599,-6.799,0.320
0.3232,-36.000,-35.858,168.548,-102.203,-1.403,0.320
0.4233,-35.000,-8.935,164.533,-86.734,11.266,0.320
0.5231,-35.000,-6.826,184.524,-95.675,2.325,0.320
0.6215,-35.000,2.034,197.074,-97.520,0.480,0.320
0.7201,-35.000,12.065,207.867,-97.901,0.099,0.320
0.8206,-35.000,22.150,218.109,-97.980,0.020,0.320
0.9205,-35.000,32.086,228.078,-97.996,0.004,0.320
1.0178,-34.000,56.211,223.498,-83.644,11.556,0.320
1.1258,-34.000,56.658,242.289,-92.815,2.385,0.320
1.2239,-34.000,65.015,254.431,-94.708,0.492,0.320
1.3208,-34.000,75.724,265.921,-95.098,0.102,0.320
1.4189,-33.000,100.741,262.388,-80.823,11.577,0.320
1.5256,-33.000,104.572,284.594,-90.011,2.389,0.320
1.6227,-32.000,129.404,284.507,-77.552,12.048,0.320
1.7209,-32.000,134.246,308.473,-87.114,2.486,0.320
1.8179,-32.000,146.903,325.077,-89.087,0.513,0.320
1.9160,-31.000,174.595,324.872,-75.139,11.661,0.320
2.0279,-31.000,180.909,349.697,-84.394,2.406,0.320
2.1257,-30.000,207.896,351.792,-71.948,12.052,0.320
2.2247,-30.000,214.579,377.605,-81.513,2.487,0.320
2.3216,-29.000,242.078,380.341,-69.131,12.069,0.320
2.4159,-28.000,262.512,391.221,-64.354,14.046,0.320
2.5237,-27.000,281.836,404.129,-61.146,14.454,0.320
2.6227,-27.000,287.951,433.186,-72.617,2.983,0.320
2.7190,-26.000,316.195,437.453,-60.629,12.171,0.320
2.8173,-25.000,337.515,449.381,-55.933,14.067,0.320
2.9183,-23.000,370.920,447.692,-38.386,26.014,0.320
3.0161,-23.000,369.141,487.205,-59.032,5.368,0.320
3.1247,-22.000,396.580,494.454,-48.937,12.663,0.320
3.2228,-20.000,431.711,492.263,-30.276,25.724,0.320
3.3194,-19.000,443.851,516.736,-36.443,16.864,0.320
3.4163,-18.000,463.089,534.233,-35.572,15.035,0.320
3.5246,-16.000,497.118,534.884,-18.883,26.214,0.320
3.6216,-15.000,509.632,560.464,-25.416,16.965,0.320
3.7193,-13.000,542.723,563.206,-10.242,26.612,0.320
3.8170,-13.000,542.146,605.016,-31.435,5.491,0.320
3.9243,-10.000,597.470,583.035,7.217,35.800,0.320
4.0200,-9.000,603.340,617.120,-6.890,18.943,0.320
4.1172,-7.000,635.687,622.191,6.748,27.020,0.320
4.2240,-6.000,648.774,649.523,-0.375,17.131,0.320
4.3201,-4.000,682.772,653.336,14.718,26.646,0.320
4.4210,-3.000,696.340,680.522,7.909,17.054,0.320
4.5174,-1.000,730.559,684.399,23.080,26.630,0.320
4.6156,1.000,756.719,695.396,30.661,28.606,0.320
4.7238,2.000,767.641,722.991,22.325,17.458,0.320
4.8219,3.000,786.494,740.812,22.841,15.158,0.320
4.9188,4.000,806.396,756.018,25.189,14.683,0.320
5.0165,5.000,826.014,770.176,27.919,14.585,0.320
5.1251,6.000,845.150,783.685,30.732,14.565,0.320
5.2224,7.000,863.826,796.691,33.567,14.561,0.320
5.3226,8.000,882.102,809.279,36.411,14.560,0.320
5.4205,9.000,900.037,821.514,39.262,14.560,0.320
5.5173,10.000,917.683,833.447,42.118,14.560,0.320
5.6251,11.000,935.083,845.124,44.979,14.560,0.320
5.7225,12.000,952.275,856.582,47.846,14.560,0.320
5.8186,13.000,969.291,867.853,50.719,14.560,0.320
5.9165,13.000,973.718,895.245,39.236,3.004,0.320
6.0144,14.000,999.757,897.185,51.286,12.176,0.320
6.1243,14.000,1005.952,922.549,41.701,2.512,0.320
6.2224,15.000,1032.277,923.983,54.147,12.074,0.320
6.3197,15.000,1022.548,933.251,44.648,2.491,0.320
6.4173,15.000,1020.458,934.948,42.755,0.514,0.320
6.5228,15.000,1019.968,935.106,42.431,0.106,0.320
6.6192,17.000,1044.708,902.402,71.153,23.133,0.320
6.7182,17.000,1026.059,920.282,52.889,4.773,0.320
6.8172,17.000,1022.039,923.649,49.195,0.985,0.320
6.9148,17.000,1021.075,924.057,48.509,0.203,0.320
7.0231,18.000,1033.214,907.606,62.804,11.597,0.320
7.1200,18.000,1023.778,916.377,53.700,2.393,0.320
7.2179,18.000,1021.697,917.893,51.902,0.494,0.320
7.3167,18.000,1021.165,917.944,51.611,0.102,0.320
7.4132,18.000,1020.981,917.719,51.631,0.021,0.320
7.5219,17.000,1005.450,930.743,37.354,-11.551,0.320
7.6198,17.000,1015.147,921.914,46.616,-2.384,0.320
7.7172,17.000,1017.503,920.297,48.603,-0.492,0.320
7.8148,16.000,1002.862,933.406,34.728,-11.657,0.320
7.9225,15.000,997.611,938.195,29.708,-13.961,0.320
8.0188,15.000,1010.078,928.334,40.872,-2.881,0.320
8.1153,14.000,998.115,940.353,28.881,-12.150,0.320
8.2254,13.000,993.919,945.437,24.241,-14.063,0.320
8.3242,12.000,991.589,949.361,21.114,-14.457,0.320
8.4204,11.000,989.867,953.279,18.294,-14.539,0.320
8.5172,11.000,1003.900,944.111,29.894,-3.000,0.320
8.6143,10.000,992.969,957.018,17.976,-12.175,0.320
8.7223,8.000,974.145,976.202,-1.028,-25.623,0.320
8.8206,7.000,982.238,972.255,4.991,-16.843,0.320
8.9178,7.000,998.906,962.110,18.398,-3.476,0.320
9.0165,6.000,989.035,975.366,6.834,-12.273,0.320
9.1144,5.000,986.307,981.812,2.247,-14.088,0.320
9.2235,4.000,985.155,986.965,-0.905,-14.463,0.320
9.3203,4.000,999.855,978.664,10.596,-2.984,0.320
9.4182,4.000,1004.966,978.993,12.987,-0.616,0.320
9.5160,3.000,992.348,994.075,-0.863,-11.683,0.320
9.6130,3.000,1004.184,987.333,8.425,-2.411,0.320
9.7203,3.000,1008.279,987.568,10.355,-0.497,0.320
9.8186,3.000,1010.531,988.997,10.767,-0.103,0.320
9.9167,3.000,1012.193,990.463,10.865,-0.021,0.320
10.0126,3.000,1013.557,991.759,10.899,-0.004,0.320
10.1194,3.000,1014.707,992.869,10.919,-0.001,0.320
10.2193,2.000,1000.244,1007.093,-3.425,-11.556,0.320
10.3157,2.000,1010.825,999.309,5.758,-2.385,0.320
10.4217,1.000,998.476,1011.876,-6.700,-12.048,0.320
10.5224,1.000,1009.636,1003.901,2.868,-2.486,0.320
10.6201,-0.000,997.527,1016.557,-9.515,-12.069,0.320
10.7197,-0.000,1008.838,1008.711,0.063,-2.490,0.320
10.8181,-1.000,996.006,1020.649,-12.321,-12.069,0.320
10.9180,-2.000,990.418,1024.636,-17.109,-14.046,0.320
11.0164,-3.000,986.093,1026.761,-20.334,-14.454,0.320
11.1143,-3.000,998.112,1015.871,-8.879,-2.983,0.320
11.2118,-4.000,984.662,1026.442,-20.890,-12.171,0.320
11.3224,-4.000,994.575,1017.081,-11.253,-2.511,0.320
11.4196,-5.000,980.499,1027.786,-23.643,-12.074,0.320
11.5172,-5.000,990.121,1018.299,-14.089,-2.491,0.320
11.6160,-5.000,992.128,1016.407,-12.140,-0.514,0.320
11.7140,-6.000,976.275,1028.517,-26.121,-11.662,0.320
11.8218,-7.000,969.125,1031.646,-31.260,-13.962,0.320
11.9194,-9.000,947.396,1045.278,-48.941,-25.992,0.320
12.0161,-9.000,967.532,1024.258,-28.363,-5.363,0.320
12.1125,-9.000,971.363,1019.676,-24.156,-1.107,0.320
12.2114,-10.000,955.591,1030.970,-37.690,-11.784,0.320
12.3200,-10.000,964.484,1021.271,-28.393,-2.432,0.320
12.4176,-10.000,966.015,1019.054,-26.519,-0.502,0.320
12.5142,-10.000,966.066,1018.420,-26.177,-0.104,0.320
12.6118,-10.000,965.845,1018.147,-26.151,-0.021,0.320
12.7200,-10.000,965.595,1017.975,-26.190,-0.004,0.320
12.8171,-11.000,949.083,1030.290,-40.604,-11.556,0.320
12.9134,-11.000,957.909,1020.896,-31.493,-2.385,0.320
13.0207,-11.000,959.498,1018.823,-29.662,-0.492,0.320
13.1186,-10.000,972.903,1002.848,-14.972,11.454,0.320
13.2150,-10.000,964.164,1012.402,-24.119,2.364,0.320
13.3150,-10.000,962.579,1014.680,-26.051,0.488,0.320
13.4132,-9.000,975.711,999.977,-12.133,11.656,0.320
13.5111,-9.000,967.242,1010.110,-21.434,2.405,0.320
13.6111,-8.000,979.272,997.336,-9.032,12.052,0.320
13.7197,-8.000,970.845,1008.129,-18.642,2.487,0.320
13.8165,-8.000,977.948,983.333,-2.692,0.711,0.180
13.9152,-8.000,968.004,974.418,-3.207,0.203,0.180
14.0116,-7.000,958.223,961.469,-1.623,1.344,0.180
14.1201,-8.000,943.891,952.541,-4.325,-0.902,0.180
14.2201,-8.000,934.232,941.609,-3.688,-0.258,0.180
14.3188,-8.000,923.748,930.771,-3.512,-0.074,0.180
14.4160,-8.000,912.822,919.754,-3.466,-0.021,0.180
14.5128,-8.000,901.594,908.511,-3.458,-0.006,0.180
14.6206,-8.000,890.131,897.053,-3.461,-0.002,0.180
14.7163,-9.000,875.177,885.585,-5.204,-1.286,0.180
14.8149,-9.000,864.448,873.035,-4.293,-0.367,0.180
14.9121,-9.000,852.900,860.977,-4.039,-0.105,0.180
15.0198,-9.000,841.024,848.968,-3.972,-0.030,0.180
15.1206,-10.000,825.679,837.070,-5.695,-1.294,0.180
15.2196,-10.000,814.607,824.167,-4.780,-0.370,0.180
15.3207,-10.000,802.763,811.812,-4.525,-0.106,0.180
15.4186,-10.000,790.635,799.551,-4.458,-0.030,0.180
15.5182,-11.000,775.076,787.440,-6.182,-1.294,0.180
15.6157,-11.000,763.821,774.356,-5.268,-0.370,0.180
15.7129,-13.000,745.227,762.201,-8.487,-2.677,0.180
15.8198,-13.000,735.150,748.322,-6.586,-0.765,0.180
15.9173,-15.000,717.000,736.050,-9.525,-2.790,0.180
16.0160,-15.000,707.141,722.231,-7.545,-0.797,0.180
16.1137,-16.000,692.427,709.879,-8.726,-1.513,0.180
16.2149,-17.000,678.284,697.076,-9.396,-1.718,0.180
16.3122,-16.000,667.930,680.825,-6.447,0.795,0.180
16.4118,-15.000,655.928,666.514,-5.293,1.513,0.180
16.5101,-15.000,643.241,656.015,-6.387,0.432,0.180
16.6195,-14.000,631.452,641.397,-4.973,1.409,0.180
16.7168,-13.000,619.096,627.606,-4.255,1.688,0.180
16.8119,-12.000,606.653,614.125,-3.736,1.768,0.180
16.9185,-10.000,594.545,597.618,-1.537,3.077,0.180
17.0158,-9.000,581.563,585.577,-2.007,2.165,0.180
17.1128,-7.000,569.558,569.734,-0.088,3.190,0.180
17.2201,-5.000,557.121,554.920,1.101,3.483,0.180
17.3097,-4.000,557.166,556.476,0.345,2.281,0.180
17.4203,-3.000,558.010,557.113,0.449,1.937,0.180
17.5180,-0.000,559.643,551.099,4.272,4.411,0.180
17.6157,1.000,559.307,553.591,2.858,2.546,0.180
17.7143,3.000,560.259,551.232,4.514,3.299,0.180
17.8104,4.000,560.484,552.691,3.897,2.228,0.180
17.9095,5.000,561.288,553.198,4.045,1.922,0.180
18.0168,6.000,562.154,553.327,4.413,1.835,0.180
18.1148,7.000,562.948,553.258,4.845,1.810,0.180
18.2125,8.000,563.646,553.056,5.295,1.803,0.180
18.3109,9.000,564.253,552.751,5.751,1.801,0.180
18.4189,10.000,564.780,552.361,6.209,1.800,0.180
18.5152,11.000,565.238,551.900,6.669,1.800,0.180
18.6129,12.000,565.637,551.377,7.130,1.800,0.180
18.7096,12.000,565.810,554.100,5.855,0.514,0.180
18.8088,13.000,566.860,552.390,7.235,1.433,0.180
18.9187,14.000,567.245,551.325,7.960,1.695,0.180
19.0177,14.000,567.258,553.734,6.762,0.484,0.180
19.1157,15.000,567.966,551.966,8.000,1.424,0.180
19.2157,16.000,567.454,551.454,8.000,1.693,0.180
19.3136,16.000,568.223,552.817,7.703,0.484,0.180
19.4104,16.000,568.798,554.053,7.372,0.138,0.180
19.5182,17.000,568.636,552.636,8.000,1.325,0.180
19.6147,17.000,569.464,553.464,8.000,0.379,0.180
19.7127,18.000,568.608,552.608,8.000,1.394,0.180
19.8102,18.000,569.381,553.381,8.000,0.398,0.180
19.9085,18.000,570.037,554.037,8.000,0.114,0.180
20.0173,19.000,569.035,553.035,8.000,1.318,0.180
20.1150,19.000,569.684,553.684,8.000,0.377,0.180
20.2122,20.000,568.675,552.675,8.000,1.393,0.180
20.3108,20.000,569.318,553.318,8.000,0.398,0.180
20.4177,20.000,569.864,553.864,8.000,0.114,0.180
20.5155,21.000,568.768,552.768,8.000,1.318,0.180
20.6144,21.000,569.336,553.336,8.000,0.377,0.180
20.7117,22.000,568.260,552.260,8.000,1.393,0.180
20.8174,23.000,567.284,551.284,8.000,1.684,0.180
20.9165,23.000,567.956,551.956,8.000,0.481,0.180
21.0137,23.000,568.526,552.526,8.000,0.137,0.180
21.1108,23.000,569.011,553.011,8.000,0.039,0.180
21.2097,24.000,567.863,551.863,8.000,1.297,0.180
21.3093,24.000,568.387,552.387,8.000,0.371,0.180
21.4087,24.000,568.833,552.833,8.000,0.106,0.180
21.5175,25.000,567.652,551.652,8.000,1.316,0.180
21.6175,25.000,568.148,552.148,8.000,0.376,0.180
21.7177,25.000,568.569,552.569,8.000,0.107,0.180
21.8154,25.000,568.928,552.928,8.000,0.031,0.180
21.9174,24.000,567.792,551.792,8.000,-1.277,0.180
22.0169,24.000,568.327,552.327,8.000,-0.365,0.180
22.1153,24.000,568.782,552.782,8.000,-0.104,0.180
22.2133,24.000,569.168,553.168,8.000,-0.030,0.180
22.3097,24.000,569.497,553.497,8.000,-0.009,0.180
22.4104,24.000,569.776,553.776,8.000,-0.002,0.180
22.5089,24.000,570.013,554.013,8.000,-0.001,0.180
22.6077,24.000,570.215,554.215,8.000,-0.000,0.180
22.7168,24.000,570.387,554.387,8.000,-0.000,0.180
22.8132,24.000,570.532,554.532,8.000,-0.000,0.180
22.9130,24.000,570.656,554.656,8.000,-0.000,0.180
23.0137,24.000,570.762,554.762,8.000,-0.000,0.180
23.1114,24.000,570.851,554.851,8.000,-0.000,0.180
23.2099,24.000,570.927,554.927,8.000,-0.000,0.180
23.3114,24.000,570.992,554.992,8.000,-0.000,0.180
23.4091,24.000,571.047,555.047,8.000,-0.000,0.180
23.5080,24.000,571.093,555.093,8.000,-0.000,0.180
23.6159,24.000,571.133,555.133,8.000,-0.000,0.180
23.7145,24.000,571.167,555.167,8.000,-0.000,0.180
23.8101,24.000,571.196,555.196,8.000,-0.000,0.180
23.9075,24.000,571.220,555.220,8.000,-0.000,0.180
24.0156,24.000,571.241,555.241,8.000,-0.000,0.180
24.1122,24.000,571.258,555.258,8.000,-0.000,0.180
24.2081,24.000,571.273,555.273,8.000,-0.000,0.180
24.3063,24.000,571.286,555.286,8.000,-0.000,0.180
24.4133,23.000,569.857,553.857,8.000,-1.286,0.180
24.5146,23.000,570.142,554.142,8.000,-0.367,0.180
24.6116,23.000,570.385,554.385,8.000,-0.105,0.180
24.7095,22.000,569.151,553.151,8.000,-1.316,0.180
24.8083,22.000,569.602,553.602,8.000,-0.376,0.180
24.9174,22.000,569.985,553.985,8.000,-0.107,0.180
25.0154,21.000,568.871,552.871,8.000,-1.316,0.180
25.1134,21.000,569.424,553.424,8.000,-0.376,0.180
25.2102,21.000,569.894,553.894,8.000,-0.107,0.180
25.3090,20.000,568.685,553.023,7.831,-1.316,0.180
25.4070,20.000,569.470,553.470,8.000,-0.376,0.180
25.5164,20.000,569.993,553.993,8.000,-0.107,0.180
25.6153,20.000,570.438,554.438,8.000,-0.031,0.180
25.7129,20.000,570.816,554.816,8.000,-0.009,0.180
25.8114,20.000,571.137,555.137,8.000,-0.003,0.180
25.9072,19.000,569.399,554.542,7.428,-1.286,0.180
26.0138,19.000,570.479,554.479,8.000,-0.368,0.180
26.1110,19.000,570.910,554.910,8.000,-0.105,0.180
26.2080,18.000,568.837,554.838,6.999,-1.316,0.180
26.3060,18.000,570.381,554.470,7.955,-0.376,0.180
26.4151,17.000,567.989,554.982,6.503,-1.393,0.180
26.5120,17.000,569.700,554.673,7.514,-0.398,0.180
26.6089,17.000,570.596,554.969,7.813,-0.114,0.180
26.7057,16.000,568.022,555.675,6.173,-1.318,0.180
26.8160,16.000,569.684,555.426,7.129,-0.377,0.180
26.9127,16.000,570.568,555.743,7.413,-0.108,0.180
27.0104,15.000,567.993,556.459,5.767,-1.316,0.180
27.1086,15.000,569.657,556.215,6.721,-0.376,0.180
27.2070,15.000,570.543,556.536,7.003,-0.107,0.180
27.3141,14.000,567.969,557.255,5.357,-1.316,0.180
27.4119,14.000,569.634,557.014,6.310,-0.376,0.180
27.5088,14.000,570.520,557.338,6.591,-0.107,0.180
27.6069,13.000,567.947,558.060,4.944,-1.316,0.180
27.7148,13.000,569.613,557.821,5.896,-0.376,0.180
27.8127,13.000,570.499,558.147,6.176,-0.107,0.180
27.9112,12.000,567.926,558.870,4.528,-1.316,0.180
28.0093,12.000,569.592,558.633,5.479,-0.376,0.180
28.1053,12.000,570.478,558.960,5.759,-0.107,0.180
28.2121,12.000,571.081,559.389,5.846,-0.031,0.180
28.3091,12.000,571.553,559.794,5.879,-0.009,0.180
28.4092,12.000,571.942,560.150,5.896,-0.003,0.180
28.5064,12.000,572.272,560.454,5.909,-0.001,0.180
28.6147,12.000,572.552,560.712,5.920,-0.000,0.180
28.7064,12.000,572.792,560.930,5.931,-0.000,0.180
28.8140,12.000,572.998,561.114,5.942,-0.000,0.180
28.9099,13.000,573.350,557.972,7.689,1.286,0.180
29.0066,13.000,572.758,559.193,6.783,0.367,0.180
29.1063,13.000,572.775,559.711,6.532,0.105,0.180
29.2151,13.000,572.939,560.002,6.469,0.030,0.180
29.3122,13.000,573.122,560.205,6.459,0.009,0.180
29.4114,13.000,573.292,560.363,6.464,0.002,0.180
29.5077,13.000,573.442,560.493,6.474,0.001,0.180
29.6067,13.000,573.572,560.600,6.486,0.000,0.180
29.7143,13.000,573.684,560.690,6.497,0.000,0.180
29.8125,13.000,573.781,560.764,6.509,0.000,0.180
29.9096,14.000,573.785,557.785,8.000,1.286,0.180
30.0089,13.000,570.196,558.967,5.615,-0.918,0.180
30.1063,14.000,571.498,555.498,8.000,1.023,0.180
30.2062,13.000,568.201,557.073,5.564,-0.993,0.180
30.3056,13.000,569.690,557.120,6.285,-0.284,0.180
30.4053,13.000,570.558,557.558,6.500,-0.081,0.180
51.8421,13.000,462.734,-433.052,447.893,411.478,0.320
51.8967,13.000,150.165,-92.626,121.396,84.908,0.320
51.9964,13.000,96.002,-12.160,54.081,17.521,0.320
52.0964,13.000,94.662,14.165,40.248,3.615,0.320
52.1959,13.000,103.796,28.893,37.452,0.746,0.320
52.3057,14.000,129.093,26.506,51.294,11.709,0.320
52.4033,14.000,132.568,48.410,42.079,2.416,0.320
52.5051,13.000,128.461,76.704,25.878,-11.057,0.320
52.6032,13.000,151.476,82.023,34.727,-2.282,0.320
52.7030,13.000,167.788,94.568,36.610,-0.471,0.320
52.8009,14.000,195.328,92.492,51.418,11.458,0.320
52.8991,13.000,185.581,129.499,28.041,-9.191,0.320
52.9968,14.000,220.862,121.323,49.770,9.659,0.320
53.1048,14.000,228.681,144.317,42.182,1.993,0.320
53.2045,14.000,242.661,161.304,40.679,0.411,0.320
53.3028,14.000,257.961,177.100,40.431,0.085,0.320
53.4013,14.000,273.575,192.692,40.442,0.018,0.320
53.5008,14.000,289.290,208.277,40.506,0.004,0.320
53.5989,14.000,305.055,223.892,40.582,0.001,0.320
53.6968,14.000,320.857,239.538,40.660,0.000,0.320
53.7946,14.000,336.687,255.212,40.738,0.000,0.320
53.9050,14.000,352.543,270.910,40.816,0.000,0.320
54.0017,14.000,368.419,286.630,40.895,0.000,0.320
54.1011,14.000,384.313,302.367,40.973,0.000,0.320
54.2009,14.000,400.221,318.119,41.051,0.000,0.320
54.3029,14.000,416.143,333.883,41.130,0.000,0.320
54.3998,14.000,432.075,349.659,41.208,0.000,0.320
54.4974,15.000,460.458,349.163,55.648,11.556,0.320
54.5959,14.000,451.669,387.270,32.199,-9.171,0.320
54.7038,14.000,475.374,396.261,39.557,-1.892,0.320
54.8008,14.000,493.237,410.963,41.137,-0.391,0.320
54.8976,14.000,509.853,426.802,41.525,-0.081,0.320
54.9951,14.000,526.176,442.841,41.668,-0.017,0.320
55.1047,15.000,554.850,442.609,56.120,11.552,0.320
55.2007,14.000,546.299,480.950,32.675,-9.172,0.320
55.2989,15.000,582.646,473.859,54.394,9.663,0.320
55.3965,15.000,591.383,497.766,46.809,1.994,0.320
55.4945,15.000,606.145,515.525,45.310,0.411,0.320
55.6047,15.000,622.111,531.976,45.067,0.085,0.320
55.6948,14.000,622.851,561.405,30.723,-11.538,0.320
55.8033,14.000,648.796,568.879,39.958,-2.381,0.320
55.9025,14.000,667.354,583.501,41.926,-0.491,0.320
56.0007,14.000,684.311,599.522,42.395,-0.101,0.320
56.0999,14.000,700.873,615.766,42.554,-0.021,0.320
56.1989,14.000,717.298,632.001,42.649,-0.004,0.320
56.2965,14.000,733.648,648.187,42.730,-0.001,0.320
56.3963,14.000,749.942,664.323,42.810,-0.000,0.320
56.4937,14.000,766.190,680.414,42.888,-0.000,0.320
56.6026,13.000,766.959,709.749,28.605,-11.556,0.320
56.7038,13.000,792.885,717.186,37.849,-2.384,0.320
56.8028,13.000,811.416,731.787,39.815,-0.492,0.320
56.9011,12.000,812.907,761.074,25.917,-11.657,0.320
57.0011,11.000,823.753,782.004,20.874,-13.961,0.320
57.0978,10.000,836.846,801.536,17.655,-14.436,0.320
57.1963,10.000,866.112,807.775,29.168,-2.979,0.320
57.2994,9.000,870.568,836.113,17.228,-12.170,0.320
57.4006,8.000,882.661,857.509,12.576,-14.067,0.320
57.4988,7.000,896.549,877.702,9.424,-14.458,0.320
57.5951,6.000,910.993,897.841,6.576,-14.539,0.320
57.7027,6.000,941.151,904.853,18.149,-3.000,0.320
57.8025,5.000,946.309,933.905,6.202,-12.175,0.320
57.9026,5.000,974.426,942.641,15.893,-2.512,0.320
58.0033,4.000,979.056,971.950,3.553,-12.074,0.320
58.0996,4.000,1006.973,980.656,13.158,-2.491,0.320
58.1970,3.000,995.568,993.974,0.797,-12.070,0.320
58.2951,2.000,992.036,999.973,-3.968,-14.046,0.320
58.3948,2.000,1005.743,991.362,7.191,-2.898,0.320
58.5035,1.000,994.780,1004.498,-4.859,-12.154,0.320
58.6016,-0.000,991.413,1010.551,-9.569,-14.063,0.320
58.7005,-1.000,988.935,1014.472,-12.769,-14.458,0.320
58.7980,-1.000,1002.517,1005.117,-1.300,-2.983,0.320
58.8958,-2.000,990.394,1016.992,-13.299,-12.171,0.320
58.9954,-3.000,985.156,1021.180,-18.012,-14.067,0.320
59.0933,-5.000,964.795,1035.968,-35.586,-26.014,0.320
59.2010,-5.000,986.045,1015.982,-14.969,-5.368,0.320
59.2987,-6.000,974.533,1024.728,-25.097,-12.663,0.320
59.3966,-6.000,984.874,1015.035,-15.081,-2.613,0.320
59.4946,-7.000,970.908,1025.712,-27.402,-12.095,0.320
59.6018,-8.000,964.289,1028.696,-32.203,-14.051,0.320
59.6995,-9.000,959.070,1029.985,-35.457,-14.455,0.320
59.7970,-9.000,970.322,1018.393,-24.035,-2.983,0.320
59.8959,-9.000,972.494,1015.931,-21.719,-0.615,0.320
59.9939,-9.000,972.809,1015.370,-21.280,-0.127,0.320
60.1023,-9.000,972.755,1015.215,-21.230,-0.026,0.320
60.1995,-10.000,956.355,1027.597,-35.621,-11.561,0.320
60.2966,-10.000,965.267,1018.270,-26.501,-2.386,0.320
60.3942,-10.000,966.928,1016.256,-24.664,-0.492,0.320
60.4920,-10.000,967.113,1015.772,-24.329,-0.102,0.320
60.6030,-10.000,967.010,1015.620,-24.305,-0.021,0.320
60.7004,-10.000,966.862,1015.551,-24.344,-0.004,0.320
60.7982,-10.000,966.718,1015.511,-24.397,-0.001,0.320
60.8970,-11.000,950.303,1027.929,-38.813,-11.556,0.320
60.9936,-11.000,959.214,1018.621,-29.704,-2.385,0.320
61.0926,-11.000,960.876,1016.621,-27.873,-0.492,0.320
61.1931,-11.000,961.062,1016.149,-27.544,-0.102,0.320
61.2935,-12.000,944.677,1028.449,-41.886,-11.577,0.320
61.4017,-12.000,953.562,1019.093,-32.765,-2.389,0.320
61.4991,-12.000,955.191,1017.064,-30.937,-0.493,0.320
61.5982,-12.000,955.344,1016.570,-30.613,-0.102,0.320
61.6963,-12.000,955.213,1016.412,-30.599,-0.021,0.320
61.7946,-12.000,955.040,1016.339,-30.650,-0.004,0.320
61.9018,-12.000,954.871,1016.298,-30.714,-0.001,0.320
62.0017,-11.000,967.997,1000.835,-16.419,11.555,0.320
62.1004,-11.000,959.271,1010.574,-25.651,2.384,0.320
62.1985,-10.000,971.029,997.517,-13.244,12.048,0.320
62.2938,-10.000,962.359,1008.083,-22.862,2.486,0.320
62.4014,-9.000,974.417,995.476,-10.530,12.069,0.320
62.4992,-9.000,966.055,1006.372,-20.158,2.490,0.320
62.5966,-8.000,978.386,994.034,-7.824,12.069,0.320
62.6946,-8.000,970.260,1005.155,-17.448,2.491,0.320
62.7943,-7.000,982.792,993.008,-5.108,12.069,0.320
62.8921,-6.000,988.119,988.849,-0.365,14.046,0.320
62.9991,-5.000,992.215,986.586,2.815,14.454,0.320
63.0992,-4.000,996.276,984.923,5.677,14.538,0.320
63.1974,-4.000,987.234,999.002,-5.884,3.000,0.320
63.2946,-3.000,1000.253,988.105,6.074,12.175,0.320
63.3915,-3.000,992.976,1000.187,-3.605,2.512,0.320
63.4994,-2.000,1006.288,988.798,8.745,12.074,0.320
63.5987,-2.000,999.012,1000.709,-0.848,2.491,0.320
63.6951,-2.000,998.993,1004.667,-2.837,0.514,0.320
63.7921,-1.000,1013.530,991.320,11.105,11.662,0.320
63.8934,-1.000,1006.274,1002.586,1.844,2.406,0.320
63.9908,-1.000,1006.063,1006.205,-0.071,0.497,0.320
64.0983,-0.000,1020.393,992.613,13.890,11.658,0.320
64.1974,-0.000,1012.954,1003.679,4.638,2.406,0.320
64.3044,1.000,1025.028,990.848,17.090,12.052,0.320
64.3919,1.000,1016.646,1001.586,7.530,2.487,0.320
64.4919,1.000,1015.680,1004.555,5.562,0.513,0.320
64.5991,1.000,1016.129,1005.808,5.160,0.106,0.320
64.6977,2.000,1029.215,990.329,19.443,11.577,0.320
64.7958,2.000,1020.521,999.989,10.266,2.389,0.320
64.8939,2.000,1019.047,1002.285,8.381,0.493,0.320
64.9911,2.000,1019.016,1003.014,8.001,0.102,0.320
65.0979,2.000,1019.243,1003.380,7.932,0.021,0.320
65.1947,2.000,1019.490,1003.638,7.926,0.004,0.320
65.2928,1.000,1004.271,1017.125,-6.427,-11.555,0.320
65.3902,2.000,1026.652,992.432,17.110,9.171,0.320
65.4988,2.000,1019.902,1000.217,9.842,1.892,0.320
65.5937,2.000,1018.851,1002.148,8.351,0.391,0.320
65.6897,3.000,1031.367,986.540,22.414,11.636,0.320
65.7982,3.000,1022.335,995.944,13.196,2.401,0.320
65.8990,3.000,984.684,1002.800,10.545,0.505,0.180
65.9971,3.000,952.475,1004.059,10.161,0.106,0.180
66.0963,3.000,923.278,1002.173,10.093,0.022,0.180
66.1943,3.000,896.440,997.815,10.091,0.005,0.180
66.2900,3.000,871.566,991.399,10.103,0.001,0.180
66.3990,4.000,855.725,972.269,19.291,6.569,0.180
66.4965,4.000,828.709,967.785,14.126,1.383,0.180
66.5925,4.000,806.988,957.956,13.055,0.291,0.180
66.6981,4.000,787.151,946.201,12.846,0.061,0.180
66.7970,5.000,775.737,922.387,21.992,6.581,0.180
66.8974,6.000,759.888,902.917,25.996,7.954,0.180
66.9964,6.000,736.189,894.821,19.748,1.675,0.180
67.0927,8.000,732.736,859.273,36.804,13.489,0.180
67.1897,8.000,705.619,854.465,26.196,2.840,0.180
67.2974,8.000,687.310,840.863,23.996,0.598,0.180
67.3949,10.000,686.400,802.674,41.913,13.263,0.180
67.4933,10.000,661.511,795.554,31.494,2.792,0.180
67.5915,11.000,652.599,768.884,38.515,7.156,0.180
67.6907,11.000,632.985,756.479,32.923,1.507,0.180
67.7897,12.000,625.271,728.602,40.964,6.886,0.180
67.8985,13.000,613.318,704.928,44.764,8.018,0.180
67.9956,13.000,593.095,693.093,38.502,1.688,0.180
68.0946,14.000,585.264,665.300,46.411,6.924,0.180
68.1907,15.000,573.290,641.619,50.191,8.026,0.180
68.2890,15.000,553.065,629.763,43.932,1.690,0.180
68.3978,15.000,537.861,612.923,42.676,0.356,0.180
68.4977,16.000,531.101,584.072,51.647,6.643,0.180
68.5889,17.000,519.365,560.163,55.659,7.967,0.180
68.6975,17.000,513.872,565.414,49.458,1.677,0.180
68.7948,18.000,520.239,555.241,57.396,6.922,0.180
68.8948,18.000,514.884,560.362,52.025,1.457,0.180
68.9942,19.000,521.154,550.292,60.142,6.875,0.180
69.0914,19.000,515.732,555.485,54.813,1.447,0.180
69.1895,19.000,514.599,556.423,53.769,0.305,0.180
69.2982,19.000,514.377,556.479,53.627,0.064,0.180
69.3949,18.000,503.983,564.332,44.502,-6.555,0.180
69.4931,18.000,509.672,559.483,49.770,-1.380,0.180
69.5912,17.000,500.839,566.631,41.780,-6.859,0.180
69.6989,17.000,507.126,561.911,47.283,-1.444,0.180
69.7966,15.000,488.273,577.296,30.164,-13.441,0.180
69.8928,15.000,500.488,568.132,40.853,-2.830,0.180
69.9897,14.000,493.724,575.091,33.992,-7.164,0.180
70.0976,12.000,480.288,586.893,21.373,-14.645,0.180
70.1967,11.000,483.844,585.547,23.824,-9.652,0.180
70.2940,10.000,483.586,588.283,22.327,-8.600,0.180
70.3915,8.000,472.234,599.942,10.822,-14.947,0.180
70.4894,6.000,466.460,607.178,4.317,-16.284,0.180
70.5978,4.000,462.220,613.859,-1.144,-16.565,0.180
70.6960,3.000,468.983,612.772,2.781,-10.056,0.180
70.7929,1.000,460.102,624.677,-7.612,-15.254,0.180
70.8932,-0.000,466.062,624.888,-4.738,-9.780,0.180
70.9931,-3.000,444.984,643.411,-24.538,-21.764,0.180
71.0899,-5.000,443.618,644.406,-25.718,-17.719,0.180
71.1887,-6.000,449.448,640.659,-20.930,-10.299,0.180
71.2976,-7.000,448.960,642.319,-22.004,-8.737,0.180
71.3952,-9.000,435.871,652.203,-33.490,-14.976,0.180
71.4929,-11.000,427.339,656.812,-40.061,-16.290,0.180
71.5900,-12.000,430.501,652.715,-36.432,-9.998,0.180
71.6968,-14.000,417.487,660.734,-46.948,-15.242,0.180
71.7955,-14.000,430.324,649.651,-34.988,-3.209,0.180
71.8913,-16.000,411.583,662.684,-50.875,-13.812,0.180
71.9885,-18.000,401.031,667.183,-58.401,-16.045,0.180
72.0962,-17.000,422.005,644.664,-36.654,3.191,0.180
72.1953,-19.000,398.294,662.862,-57.608,-12.465,0.180
72.2964,-20.000,397.824,661.047,-56.936,-9.193,0.180
72.3933,-21.000,394.641,661.686,-58.847,-8.504,0.180
72.4894,-22.000,390.805,662.760,-61.302,-8.359,0.180
72.5888,-23.000,386.762,663.856,-63.871,-8.328,0.180
72.6868,-24.000,382.616,664.897,-66.465,-8.322,0.180
72.7874,-24.000,389.366,658.508,-59.895,-1.752,0.180
72.8958,-25.000,379.934,664.646,-67.681,-6.937,0.180
72.9937,-26.000,374.543,666.638,-71.372,-8.029,0.180
73.0909,-26.000,380.936,660.355,-65.034,-1.690,0.180
73.1978,-26.000,382.318,659.067,-63.699,-0.356,0.180
73.2960,-26.000,382.639,658.826,-63.418,-0.075,0.180
73.3970,-27.000,371.763,666.169,-72.527,-6.584,0.180
73.4955,-27.000,376.960,660.970,-67.329,-1.386,0.180
73.5948,-27.000,378.053,659.875,-66.235,-0.292,0.180
73.6930,-27.000,378.283,659.643,-66.005,-0.061,0.180
73.7920,-27.000,378.331,659.594,-65.956,-0.013,0.180
73.8911,-27.000,378.340,659.583,-65.946,-0.003,0.180
73.9917,-28.000,367.373,666.949,-75.112,-6.569,0.180
74.0896,-28.000,372.529,661.733,-69.926,-1.383,0.180
74.1866,-28.000,373.595,660.615,-68.834,-0.291,0.180
74.2954,-28.000,373.803,660.363,-68.605,-0.061,0.180
74.3938,-28.000,373.832,660.296,-68.556,-0.013,0.180
74.4937,-27.000,381.795,649.901,-59.378,6.566,0.180
74.5931,-27.000,377.078,655.551,-64.561,1.382,0.180
74.6910,-27.000,376.384,657.039,-65.652,0.291,0.180
74.7960,-26.000,384.459,647.238,-56.714,6.630,0.180
74.8936,-26.000,379.992,653.238,-61.948,1.396,0.180
74.9907,-26.000,379.541,654.991,-63.049,0.294,0.180
75.0888,-25.000,387.832,645.409,-54.113,6.630,0.180
75.1885,-24.000,391.516,641.225,-50.179,7.964,0.180
75.2879,-23.000,394.485,638.433,-47.298,8.245,0.180
75.3892,-23.000,389.551,646.517,-53.807,1.736,0.180
75.4887,-22.000,397.488,638.858,-46.009,6.934,0.180
75.5879,-21.000,401.600,635.581,-42.315,8.028,0.180
75.6866,-21.000,397.117,643.774,-48.653,1.690,0.180
75.7866,-20.000,405.328,636.317,-40.819,6.924,0.180
75.8868,-19.000,409.551,633.334,-37.216,8.026,0.180
75.9875,-18.000,413.117,631.423,-34.478,8.258,0.180
76.0963,-18.000,408.707,640.240,-41.091,1.739,0.180
76.1964,-17.000,417.087,633.205,-33.383,6.934,0.180
76.2959,-16.000,421.570,630.466,-29.773,8.028,0.180
76.3946,-16.000,417.390,639.128,-36.194,1.690,0.180
76.4936,-15.000,425.850,632.077,-28.438,6.924,0.180
76.5934,-15.000,422.405,639.721,-33.982,1.458,0.180
76.6910,-14.000,430.934,632.360,-26.038,6.875,0.180
76.7883,-14.000,427.430,639.858,-31.538,1.447,0.180
76.8866,-13.000,435.885,632.397,-23.580,6.873,0.180
76.9853,-13.000,432.314,639.813,-29.074,1.447,0.180
77.0937,-12.000,440.712,632.284,-21.110,6.873,0.180
77.1916,-12.000,437.093,639.641,-26.599,1.447,0.180
77.2885,-11.000,445.450,632.061,-18.630,6.873,0.180
77.3866,-11.000,441.797,639.375,-24.113,1.447,0.180
77.4948,-11.000,442.154,642.130,-25.313,0.305,0.180
77.5942,-10.000,451.152,633.377,-16.437,6.633,0.180
77.6906,-9.000,455.442,629.895,-12.551,7.965,0.180
77.7895,-9.000,450.950,638.074,-18.886,1.677,0.180
77.8864,-9.000,451.147,641.011,-20.257,0.353,0.180
77.9938,-8.000,460.127,632.295,-11.409,6.643,0.180
78.0901,-7.000,464.427,628.819,-7.521,7.967,0.180
78.1904,-7.000,459.951,636.996,-13.847,1.677,0.180
78.2881,-7.000,460.163,639.929,-15.207,0.353,0.180
78.3859,-6.000,469.158,631.207,-6.349,6.643,0.180
78.4956,-6.000,465.499,638.099,-11.624,1.398,0.180
78.5938,-5.000,473.711,630.235,-3.586,6.863,0.180
78.6919,-4.000,477.889,626.953,0.144,8.013,0.180
78.7888,-4.000,473.422,635.180,-6.203,1.687,0.180
78.8848,-4.000,473.668,638.132,-7.556,0.355,0.180
78.9935,-4.000,474.726,639.792,-7.857,0.075,0.180
79.0904,-4.000,475.801,641.026,-7.937,0.016,0.180
79.1886,-4.000,476.749,642.041,-7.970,0.003,0.180
79.2867,-3.000,485.534,632.525,1.180,6.569,0.180
79.3842,-3.000,481.522,638.917,-4.022,1.383,0.180
79.4935,-3.000,481.425,641.035,-5.129,0.291,0.180
79.5915,-3.000,482.039,642.140,-5.375,0.061,0.180
79.6908,-3.000,482.705,642.934,-5.439,0.013,0.180
79.7887,-3.000,483.300,643.580,-5.465,0.003,0.180
79.8866,-3.000,483.810,644.126,-5.482,0.001,0.180
79.9853,-3.000,484.243,644.591,-5.498,0.000,0.180
80.0917,-3.000,484.608,644.987,-5.514,0.000,0.180
80.1924,-3.000,484.917,645.327,-5.530,0.000,0.180
80.2882,-3.000,485.177,645.618,-5.545,0.000,0.180
80.3844,-3.000,485.395,645.868,-5.561,0.000,0.180
80.4850,-3.000,485.578,646.083,-5.576,0.000,0.180
80.5845,-3.000,485.732,646.267,-5.592,0.000,0.180
80.6927,-2.000,493.834,636.053,3.566,6.568,0.180
80.7938,-2.000,489.240,641.851,-1.630,1.383,0.180
80.8907,-2.000,488.650,643.465,-2.732,0.291,0.180
80.9894,-2.000,488.845,644.141,-2.972,0.061,0.180
81.0888,-3.000,478.182,651.943,-12.205,-6.556,0.180
81.1898,-3.000,483.626,647.067,-7.045,-1.380,0.180
81.2886,-3.000,484.942,646.235,-5.971,-0.291,0.180
81.3865,-3.000,485.361,646.227,-5.757,-0.061,0.180
81.4844,-3.000,485.569,646.369,-5.725,-0.013,0.180
81.5932,-4.000,474.738,653.896,-14.904,-6.571,0.180
81.6917,-4.000,480.001,648.826,-9.737,-1.383,0.180
81.7915,-4.000,481.154,647.836,-8.665,-0.291,0.180
81.8906,-5.000,470.459,655.070,-17.630,-6.630,0.180
81.9904,-5.000,475.696,649.891,-12.422,-1.396,0.180
82.0892,-5.000,476.797,648.840,-11.346,-0.294,0.180
82.1889,-5.000,477.024,648.655,-11.140,-0.062,0.180
82.2871,-6.000,466.091,656.023,-20.291,-6.581,0.180
82.3864,-6.000,471.241,650.844,-15.126,-1.386,0.180
82.4848,-6.000,472.291,649.769,-14.063,-0.292,0.180
82.5832,-6.000,472.479,649.559,-13.864,-0.061,0.180
82.6911,-6.000,472.487,649.532,-13.847,-0.013,0.180
82.7881,-7.000,461.485,656.919,-23.042,-6.571,0.180
82.8857,-7.000,466.600,651.731,-17.890,-1.383,0.180
82.9843,-7.000,467.624,650.645,-16.835,-0.291,0.180
83.0909,-8.000,456.818,657.798,-25.815,-6.630,0.180
83.1874,-8.000,461.958,652.553,-20.622,-1.396,0.180
83.2872,-9.000,452.000,658.822,-28.736,-6.862,0.180
83.3846,-9.000,457.303,653.383,-23.365,-1.445,0.180
83.4827,-9.000,458.339,652.232,-22.271,-0.304,0.180
83.5925,-9.000,458.483,651.990,-22.078,-0.064,0.180
83.6942,-9.000,458.445,651.944,-22.074,-0.013,0.180
83.7908,-9.000,458.373,651.945,-22.110,-0.003,0.180
83.8912,-8.000,466.272,641.586,-12.981,6.568,0.180
83.9888,-8.000,461.500,647.267,-18.208,1.383,0.180
84.0864,-8.000,460.753,648.786,-19.341,0.291,0.180
84.1853,-8.000,460.810,649.386,-19.612,0.061,0.180
84.2821,-7.000,468.973,639.381,-10.529,6.581,0.180
84.3905,-7.000,464.458,645.331,-15.761,1.386,0.180
84.4896,-7.000,463.937,647.071,-16.891,0.292,0.180
84.5872,-6.000,472.162,637.482,-7.984,6.630,0.180
84.6853,-6.000,467.817,643.668,-13.250,1.396,0.180
84.7828,-6.000,467.467,645.583,-14.383,0.294,0.180
84.8822,-6.000,467.868,646.511,-14.646,0.062,0.180
84.9907,-6.000,468.354,647.157,-14.726,0.013,0.180
85.0923,-6.000,468.793,647.678,-14.767,0.003,0.180
85.1923,-6.000,469.168,648.120,-14.801,0.001,0.180
85.2889,-6.000,469.483,648.499,-14.832,0.000,0.180
85.3881,-6.000,469.747,648.825,-14.864,0.000,0.180
85.4859,-6.000,469.967,649.107,-14.895,0.000,0.180
85.5827,-6.000,470.149,649.352,-14.926,0.000,0.180
85.6828,-6.000,470.299,649.564,-14.957,0.000,0.180
85.7913,-6.000,470.421,649.749,-14.988,0.000,0.180
85.8882,-6.000,470.521,649.912,-15.020,0.000,0.180
85.9862,-6.000,470.601,650.054,-15.051,0.000,0.180
86.0827,-6.000,470.665,650.180,-15.082,0.000,0.180
86.1821,-5.000,478.687,639.918,-5.940,6.568,0.180
86.2892,-5.000,474.024,645.678,-11.151,1.383,0.180
86.3869,-4.000,481.346,636.888,-3.095,6.860,0.180
86.4851,-4.000,476.786,643.200,-8.532,1.444,0.180
86.5838,-4.000,476.370,645.106,-9.692,0.304,0.180
86.6819,-4.000,476.742,646.000,-9.953,0.064,0.180
86.7888,-3.000,485.183,636.236,-0.851,6.582,0.180
86.8867,-3.000,480.908,642.385,-6.063,1.386,0.180
86.9862,-3.000,480.595,644.291,-7.172,0.292,0.180
87.0841,-3.000,481.027,645.214,-7.418,0.061,0.180
87.1918,-3.000,481.538,645.854,-7.482,0.013,0.180
87.2901,-2.000,489.975,635.996,1.665,6.571,0.180
87.3871,-2.000,485.673,642.090,-3.533,1.383,0.180
87.4860,-1.000,493.306,633.580,4.538,6.860,0.180
87.5833,-1.000,489.012,640.128,-0.882,1.444,0.180
87.6823,-0.000,496.799,631.858,7.146,6.872,0.180
87.7909,-0.000,492.668,638.578,1.720,1.447,0.180
87.8895,1.000,499.999,629.847,9.752,6.873,0.180
87.9891,1.000,495.484,636.173,4.331,1.447,0.180
88.0859,1.000,495.116,638.080,3.194,0.305,0.180
88.1831,2.000,502.909,627.995,12.132,6.633,0.180
88.2822,2.000,498.209,633.747,6.906,1.396,0.180
88.3894,2.000,497.564,635.286,5.814,0.294,0.180
88.4872,3.000,505.096,624.914,14.766,6.630,0.180
88.5847,3.000,500.170,630.426,9.547,1.396,0.180
88.6828,3.000,499.332,631.762,8.461,0.294,0.180
88.7817,3.000,499.328,632.190,8.245,0.062,0.180
88.8895,3.000,499.474,632.403,8.211,0.013,0.180
88.9880,3.000,499.633,632.550,8.217,0.003,0.180
89.0871,3.000,499.776,632.667,8.230,0.001,0.180
89.1848,3.000,499.902,632.762,8.245,0.000,0.180
89.2819,3.000,500.011,632.841,8.261,0.000,0.180
89.3890,3.000,500.107,632.905,8.276,0.000,0.180
89.4870,3.000,500.190,632.957,8.292,0.000,0.180
89.5829,3.000,500.263,632.999,8.308,0.000,0.180
89.6920,3.000,500.328,633.033,8.323,0.000,0.180
89.7889,4.000,507.759,622.085,17.512,6.568,0.180
89.8868,4.000,502.600,627.256,12.348,1.383,0.180
89.9849,5.000,508.907,617.357,20.450,6.860,0.180
90.0829,5.000,503.491,622.721,15.061,1.444,0.180
90.1797,5.000,502.355,623.813,13.947,0.304,0.180
90.2898,5.000,502.122,624.008,13.733,0.064,0.180
90.3869,4.000,491.708,631.990,4.535,-6.555,0.180
90.4834,4.000,497.370,627.261,9.730,-1.380,0.180
90.5820,3.000,488.503,634.520,1.667,-6.859,0.180
90.6898,2.000,484.377,637.880,-2.076,-8.012,0.180
90.7863,1.000,481.514,640.693,-4.914,-8.255,0.180
90.8865,-0.000,479.141,643.622,-7.565,-8.306,0.180
90.9858,-1.000,476.462,646.174,-10.181,-8.317,0.180
91.0847,-2.000,473.495,648.433,-12.793,-8.319,0.180
91.1827,-3.000,470.278,650.448,-15.410,-8.320,0.180
91.2796,-3.000,477.820,644.885,-8.857,-1.752,0.180
91.3896,-3.000,480.028,644.359,-7.490,-0.369,0.180
91.4883,-3.000,481.018,644.798,-7.214,-0.078,0.180
91.5856,-3.000,481.672,645.360,-7.168,-0.016,0.180
91.6828,-3.000,482.185,645.879,-7.171,-0.003,0.180
91.7816,-3.000,482.611,646.331,-7.184,-0.001,0.180
91.8899,-3.000,482.969,646.719,-7.199,-0.000,0.180
91.9862,-3.000,483.271,647.051,-7.215,-0.000,0.180
92.0836,-3.000,483.525,647.336,-7.230,-0.000,0.180
92.1808,-3.000,483.739,647.581,-7.246,-0.000,0.180
92.2900,-3.000,483.918,647.791,-7.261,-0.000,0.180
92.3876,-2.000,492.041,637.599,1.897,6.568,0.180
92.4871,-2.000,487.466,643.416,-3.299,1.383,0.180
92.5847,-2.000,486.892,645.045,-4.401,0.291,0.180
92.6848,-2.000,487.100,645.734,-4.642,0.061,0.180
92.7812,-1.000,495.396,635.800,4.473,6.581,0.180
92.8798,-1.000,490.999,641.805,-0.728,1.386,0.180
92.9885,-1.000,490.583,643.588,-1.827,0.292,0.180
93.0856,-1.000,490.929,644.404,-2.062,0.061,0.180
93.1841,-1.000,491.369,644.952,-2.116,0.013,0.180
93.2830,-1.000,491.773,645.387,-2.131,0.003,0.180
93.3830,-1.000,492.122,645.751,-2.139,0.001,0.180
93.4810,-2.000,481.446,653.433,-11.318,-6.568,0.180
93.5888,-2.000,486.849,648.486,-6.143,-1.383,0.180
93.6876,-2.000,488.124,647.598,-5.062,-0.291,0.180
93.7881,-3.000,477.534,654.917,-14.016,-6.630,0.180
93.8851,-3.000,482.863,649.809,-8.797,-1.396,0.180
93.9838,-4.000,473.069,656.189,-16.885,-6.862,0.180
94.0811,-5.000,467.541,658.216,-20.662,-8.013,0.180
94.1810,-5.000,473.853,651.927,-14.361,-1.687,0.180
94.2884,-5.000,475.169,650.632,-13.056,-0.355,0.180
94.3847,-6.000,464.459,657.760,-21.975,-6.643,0.180
94.4828,-6.000,469.650,652.524,-16.761,-1.399,0.180
94.5824,-7.000,459.730,658.805,-24.862,-6.863,0.180
94.6781,-7.000,465.065,653.377,-19.480,-1.445,0.180
94.7871,-8.000,455.156,659.607,-27.550,-6.873,0.180
94.8840,-9.000,449.503,661.533,-31.339,-8.015,0.180
94.9811,-10.000,444.727,662.542,-34.232,-8.256,0.180
95.0784,-11.000,440.117,663.348,-36.940,-8.306,0.180
95.1871,-12.000,435.528,664.105,-39.613,-8.317,0.180
95.2857,-12.000,441.903,657.472,-33.109,-1.751,0.180
95.3833,-13.000,432.140,663.417,-40.963,-6.937,0.180
95.4831,-13.000,437.426,657.885,-35.554,-1.460,0.180
95.5822,-13.000,438.407,656.695,-34.468,-0.307,0.180
95.6813,-14.000,427.520,663.804,-43.467,-6.633,0.180
95.7783,-14.000,432.578,658.535,-38.303,-1.396,0.180
95.8870,-14.000,433.518,657.416,-37.273,-0.294,0.180
95.9855,-15.000,422.627,664.554,-46.288,-6.630,0.180
96.0826,-15.000,427.689,659.302,-41.131,-1.396,0.180
96.1817,-15.000,428.632,658.198,-40.107,-0.294,0.180
96.2801,-16.000,417.744,665.349,-49.127,-6.630,0.180
96.3865,-16.000,422.807,660.109,-43.976,-1.396,0.180
96.4813,-17.000,412.777,666.389,-52.130,-6.862,0.180
96.5779,-17.000,418.013,660.966,-46.801,-1.445,0.180
96.6845,-17.000,418.985,659.834,-45.749,-0.304,0.180
96.7832,-17.000,419.069,659.615,-45.597,-0.064,0.180
96.8804,-16.000,426.947,649.222,-36.462,6.555,0.180
96.9779,-16.000,422.120,654.911,-41.720,1.380,0.180
97.0857,-15.000,429.288,646.076,-33.719,6.859,0.180
97.1832,-14.000,432.560,641.987,-30.038,8.012,0.180
97.2825,-14.000,427.314,649.538,-36.436,1.687,0.180
97.3836,-13.000,434.863,641.549,-28.667,6.924,0.180
97.4811,-13.000,430.642,648.395,-34.201,1.458,0.180
97.5780,-12.000,438.514,640.356,-26.246,6.875,0.180
97.6784,-11.000,442.425,636.901,-22.562,8.016,0.180
97.7854,-11.000,437.734,644.981,-28.948,1.688,0.180
97.8827,-11.000,437.785,647.810,-30.337,0.355,0.180
97.9846,-11.000,438.671,649.372,-30.675,0.075,0.180
98.0827,-11.000,439.596,650.529,-30.791,0.016,0.180
98.1805,-12.000,429.437,658.857,-40.034,-6.565,0.180
98.2768,-11.000,443.253,644.084,-25.740,5.186,0.180
98.3781,-11.000,440.194,649.329,-29.892,1.092,0.180
98.4868,-11.000,440.205,651.178,-30.811,0.230,0.180
98.5840,-11.000,440.756,652.207,-31.050,0.048,0.180
98.6818,-10.000,449.306,642.600,-21.971,6.579,0.180
98.7781,-9.000,453.085,638.523,-18.043,7.953,0.180
98.8778,-8.000,456.106,635.848,-15.196,8.243,0.180
98.9785,-6.000,467.151,623.297,-3.398,14.872,0.180
99.0764,-5.000,465.712,627.056,-5.996,9.699,0.180
99.1853,-5.000,460.515,637.226,-13.680,2.042,0.180
99.2828,-4.000,468.964,630.603,-6.144,6.998,0.180
99.3809,-3.000,473.668,628.052,-2.516,8.042,0.180
99.4797,-2.000,477.692,626.457,0.293,8.261,0.180
99.5765,-1.000,481.666,625.149,2.934,8.308,0.180
99.6837,-1.000,477.734,634.345,-3.630,1.749,0.180
99.7830,-1.000,478.586,637.969,-5.016,0.368,0.180
99.8802,-1.000,480.192,640.167,-5.312,0.078,0.180
99.9792,-1.000,481.743,641.850,-5.378,0.016,0.180
100.0767,-1.000,483.099,643.243,-5.396,0.003,0.180
100.1850,-1.000,484.259,644.419,-5.404,0.001,0.180
100.2838,-0.000,493.220,635.044,3.764,6.569,0.180
100.3819,-0.000,489.358,641.553,-1.422,1.383,0.180
100.4799,-0.000,489.392,643.770,-2.514,0.291,0.180
100.5779,-0.000,490.119,644.957,-2.744,0.061,0.180
100.6860,1.000,498.257,634.845,6.382,6.581,0.180
100.7825,2.000,501.101,629.723,10.365,7.954,0.180
100.8795,2.000,495.364,636.524,4.096,1.675,0.180
100.9769,3.000,501.878,627.314,11.958,6.921,0.180
101.0833,4.000,504.158,622.143,15.683,8.025,0.180
101.1799,4.000,498.114,628.729,9.368,1.690,0.180
101.2770,4.000,497.031,630.273,8.055,0.356,0.180
101.3857,5.000,504.341,619.755,16.968,6.643,0.180
101.4766,5.000,499.259,625.110,11.750,1.399,0.180
101.5853,5.000,498.297,626.305,10.672,0.294,0.180
101.6826,6.000,505.562,615.636,19.639,6.630,0.180
101.7801,6.000,500.413,620.893,14.435,1.396,0.180
101.8796,6.000,499.388,622.010,13.365,0.294,0.180
101.9814,6.000,499.226,622.250,13.164,0.062,0.180
102.0791,6.000,499.241,622.300,13.146,0.013,0.180
102.1763,6.000,499.290,622.307,13.167,0.003,0.180
102.2768,6.000,499.343,622.302,13.196,0.001,0.180
102.3754,6.000,499.394,622.292,13.227,0.000,0.180
102.4832,7.000,506.816,611.304,22.432,6.568,0.180
102.5812,7.000,501.652,616.438,17.282,1.383,0.180
102.6786,7.000,500.584,617.481,16.227,0.291,0.180
102.7767,8.000,507.753,606.689,25.207,6.630,0.180
102.8746,8.000,502.521,611.842,20.015,1.396,0.180
102.9843,8.000,501.427,612.869,18.955,0.294,0.180
103.0824,7.000,490.835,621.005,9.591,-6.507,0.180
103.1796,7.000,496.464,616.287,14.764,-1.370,0.180
103.2755,7.000,497.969,615.557,15.882,-0.288,0.180
103.3842,7.000,498.562,615.622,16.146,-0.061,0.180
103.4745,7.000,498.926,615.818,16.230,-0.013,0.180
103.5821,6.000,488.837,623.983,7.103,-6.571,0.180
103.6790,5.000,484.365,627.420,3.148,-7.952,0.180
103.7785,5.000,491.728,622.176,9.452,-1.674,0.180
103.8764,5.000,493.977,621.729,10.799,-0.352,0.180
103.9739,4.000,484.673,630.164,1.930,-6.643,0.180
104.0835,3.000,480.696,634.004,-1.979,-7.967,0.180
104.1813,3.000,488.442,629.140,4.327,-1.677,0.180
104.2782,3.000,491.007,629.025,5.666,-0.353,0.180
104.3761,3.000,492.343,629.772,5.961,-0.074,0.180
104.4858,3.000,493.302,630.583,6.035,-0.016,0.180
104.5851,3.000,494.082,631.307,6.063,-0.003,0.180
104.6831,3.000,494.740,631.929,6.081,-0.001,0.180
104.7800,3.000,495.300,632.456,6.097,-0.000,0.180
104.8811,3.000,495.778,632.903,6.113,-0.000,0.180
104.9789,4.000,503.560,622.306,15.302,6.568,0.180
105.0761,4.000,498.699,627.775,10.138,1.383,0.180
105.1741,3.000,487.512,637.077,-0.107,-6.277,0.180
105.2840,3.000,493.183,632.806,4.864,-1.322,0.180
105.3807,2.000,484.463,640.315,-3.250,-6.847,0.180
105.4781,1.000,480.490,643.858,-7.008,-8.010,0.180
105.5780,-1.000,466.790,654.194,-19.027,-14.823,0.180
105.6741,-2.000,469.083,651.441,-16.503,-9.689,0.180
105.7804,-3.000,467.053,652.480,-18.038,-8.608,0.180
105.8795,-5.000,452.965,661.525,-29.605,-14.949,0.180
105.9771,-6.000,454.624,657.980,-27.002,-9.716,0.180
106.0780,-7.000,451.988,658.413,-28.537,-8.614,0.180
106.1761,-8.000,448.342,659.586,-30.947,-8.382,0.180
106.2746,-9.000,444.393,660.834,-33.545,-8.333,0.180
106.3843,-9.000,451.277,654.653,-27.013,-1.754,0.180
106.4749,-9.000,452.914,653.614,-25.675,-0.369,0.180
106.5838,-10.000,442.439,660.997,-34.603,-6.646,0.180
106.6808,-9.000,455.794,645.615,-20.235,5.169,0.180
106.7788,-9.000,452.304,650.380,-24.363,1.088,0.180
106.8775,-10.000,440.967,659.202,-34.442,-6.339,0.180
106.9761,-9.000,454.324,644.307,-20.316,5.234,0.180
107.0749,-10.000,440.018,656.706,-33.668,-5.467,0.180
107.1827,-10.000,444.971,653.132,-29.405,-1.151,0.180
107.2811,-9.000,454.388,642.487,-19.374,6.326,0.180
107.3781,-9.000,450.325,648.507,-24.415,1.332,0.180
107.4756,-9.000,450.058,650.436,-25.514,0.280,0.180
107.5726,-8.000,458.470,641.038,-16.608,6.627,0.180
107.6817,-8.000,454.277,647.392,-21.882,1.395,0.180
107.7799,-7.000,462.026,639.080,-13.852,6.862,0.180
107.8755,-7.000,457.833,645.795,-19.305,1.445,0.180
107.9733,-7.000,457.728,648.043,-20.482,0.304,0.180
108.0811,-7.000,458.362,649.231,-20.759,0.064,0.180
108.1789,-6.000,467.023,639.718,-11.672,6.582,0.180
108.2759,-7.000,451.960,653.458,-26.073,-5.183,0.180
108.3734,-7.000,456.953,650.340,-22.018,-1.091,0.180
108.4826,-7.000,458.574,650.312,-21.193,-0.230,0.180
108.5829,-8.000,448.423,658.218,-30.222,-6.617,0.180
108.6823,-8.000,454.151,653.581,-25.039,-1.393,0.180
108.7787,-9.000,444.699,660.360,-33.155,-6.862,0.180
108.8766,-9.000,450.434,655.354,-27.785,-1.445,0.180
108.9750,-9.000,451.837,654.570,-26.691,-0.304,0.180
109.0725,-10.000,441.320,662.014,-35.671,-6.632,0.180
109.1799,-10.000,446.698,657.023,-30.487,-1.396,0.180
109.2772,-10.000,447.913,656.138,-29.437,-0.294,0.180
109.3758,-11.000,437.259,663.471,-38.430,-6.630,0.180
109.4748,-11.000,442.525,658.383,-33.253,-1.396,0.180
109.5729,-11.000,443.646,657.414,-32.208,-0.294,0.180
109.6805,-12.000,432.911,664.677,-41.207,-6.630,0.180
109.7776,-13.000,427.134,666.903,-45.209,-7.964,0.180
109.8741,-13.000,433.345,660.674,-38.989,-1.677,0.180
109.9827,-14.000,423.620,666.784,-46.906,-6.921,0.180
110.0801,-15.000,418.001,668.729,-50.688,-8.026,0.180
110.1796,-15.000,424.198,662.410,-44.430,-1.690,0.180
110.2765,-15.000,425.402,661.103,-43.175,-0.356,0.180
110.3728,-15.000,425.561,660.856,-42.972,-0.075,0.180
110.4819,-15.000,425.505,660.837,-42.991,-0.016,0.180
110.5810,-15.000,425.407,660.871,-43.056,-0.003,0.180
110.6791,-14.000,433.278,650.545,-33.958,6.568,0.180
110.7754,-12.000,444.425,635.513,-20.869,14.520,0.180
110.8725,-12.000,434.248,648.387,-32.394,3.057,0.180
110.9784,-10.000,448.866,631.261,-16.522,13.780,0.180
111.0778,-8.000,455.816,623.379,-9.106,16.038,0.180
111.1757,-7.000,453.691,628.313,-12.636,9.945,0.180
111.2723,-6.000,456.470,628.520,-11.350,8.662,0.180
111.3808,-5.000,460.343,627.786,-9.046,8.392,0.180
111.4782,-3.000,472.473,616.524,2.650,14.904,0.180
111.5767,-3.000,464.061,631.674,-9.131,3.138,0.180
111.6756,-2.000,472.405,626.657,-2.450,7.229,0.180
111.7769,-1.000,477.576,624.915,1.006,8.090,0.180
111.8758,-0.000,482.114,623.891,3.787,8.272,0.180
111.9747,1.000,485.951,622.441,6.431,8.310,0.180
112.0798,1.000,481.910,631.510,-0.125,1.749,0.180
112.1764,1.000,482.671,635.023,-1.501,0.368,0.180
112.2738,1.000,484.202,637.126,-1.786,0.078,0.180
112.3719,2.000,493.064,627.752,7.331,6.585,0.180
112.4801,2.000,489.158,634.223,2.143,1.386,0.180
112.5776,2.000,489.165,636.397,1.059,0.292,0.180
112.6747,2.000,489.871,637.544,0.839,0.061,0.180
112.7726,3.000,497.994,627.396,9.975,6.581,0.180
112.8801,4.000,500.827,622.242,13.968,7.954,0.180
112.9790,4.000,495.082,629.014,7.710,1.675,0.180
113.0747,4.000,494.217,630.752,6.408,0.353,0.180
113.1741,4.000,494.331,631.380,6.151,0.074,0.180
113.2821,5.000,501.982,620.760,15.287,6.584,0.180
113.3791,6.000,504.422,615.196,19.288,7.955,0.180
113.4780,5.000,487.972,629.591,3.866,-4.894,0.180
113.5761,6.000,499.862,615.354,16.929,5.538,0.180
113.6756,6.000,496.023,620.198,12.588,1.166,0.180
113.7727,7.000,502.935,610.541,20.873,6.814,0.180
113.8711,7.000,497.925,616.217,15.530,1.435,0.180
113.9801,7.000,497.112,617.596,14.434,0.302,0.180
114.0775,7.000,497.151,618.039,14.231,0.064,0.180
114.1743,7.000,497.341,618.257,14.218,0.013,0.180
114.2712,7.000,497.541,618.405,14.244,0.003,0.180
114.3704,6.000,487.349,626.492,5.104,-6.568,0.180
114.4774,5.000,482.798,629.855,1.147,-7.951,0.180
114.5751,5.000,490.096,624.547,7.450,-1.674,0.180
114.6736,4.000,481.915,632.018,-0.376,-6.921,0.180
114.7723,4.000,488.598,627.733,5.109,-1.457,0.180
114.8701,3.000,480.415,635.554,-2.894,-6.875,0.180
114.9791,2.000,476.831,639.430,-6.624,-8.016,0.180
115.0774,2.000,484.793,634.716,-0.286,-1.688,0.180
115.1762,1.000,477.143,642.727,-8.117,-6.924,0.180
115.2753,-0.000,473.894,646.883,-11.819,-8.026,0.180
115.3744,-0.000,482.116,642.432,-5.483,-1.690,0.180
115.4718,-1.000,474.079,650.075,-13.322,-6.924,0.180
115.5700,-2.000,524.728,629.840,-22.686,-12.984,0.320
115.6788,-2.000,569.758,618.438,-12.392,-2.679,0.320
115.7761,-3.000,579.440,638.275,-24.638,-12.108,0.320
115.8730,-4.000,592.052,654.688,-29.406,-14.054,0.320
115.9703,-4.000,620.554,658.632,-18.274,-2.900,0.320
116.0695,-6.000,606.907,696.953,-44.717,-23.710,0.320
116.1767,-7.000,625.466,706.301,-40.295,-16.448,0.320
116.2748,-9.000,621.740,733.843,-56.003,-26.505,0.320
116.3741,-11.000,625.702,753.220,-63.739,-28.580,0.320
116.4714,-12.000,647.360,758.334,-55.479,-17.453,0.320
116.5694,-14.000,643.852,784.693,-70.417,-26.713,0.320
116.6781,-16.000,647.513,803.550,-78.017,-28.623,0.320
116.7755,-17.000,668.817,808.321,-69.751,-17.462,0.320
116.8727,-20.000,648.818,846.738,-98.959,-38.270,0.320
116.9698,-20.000,693.907,831.080,-68.586,-7.897,0.320
117.0768,-22.000,682.518,864.578,-91.030,-24.741,0.320
117.1748,-24.000,684.387,884.598,-100.106,-28.216,0.320
117.2711,-24.000,721.471,876.894,-77.712,-5.822,0.320
117.3702,-26.000,708.414,912.018,-101.802,-24.313,0.320
117.4694,-27.000,726.200,919.924,-96.862,-16.572,0.320
117.5775,-28.000,737.884,934.013,-98.065,-14.975,0.320
117.6738,-30.000,732.059,961.840,-114.891,-26.201,0.320
117.7719,-31.000,751.316,968.219,-108.452,-16.962,0.320
117.8689,-31.000,779.561,969.540,-94.990,-3.500,0.320
117.9783,-32.000,781.015,994.150,-106.567,-12.278,0.320
118.0771,-33.000,789.449,1011.806,-111.179,-14.089,0.320
118.1719,-33.000,815.607,1015.600,-99.997,-2.907,0.320
118.2691,-34.000,816.755,1040.845,-112.045,-12.155,0.320
118.3777,-35.000,809.315,1042.822,-116.753,-14.064,0.320
118.4746,-36.000,803.380,1043.274,-119.947,-14.458,0.320
118.5709,-36.000,814.024,1030.970,-108.473,-2.983,0.320
118.6780,-37.000,799.411,1040.332,-120.461,-12.171,0.320
118.7757,-38.000,792.063,1042.376,-125.157,-14.067,0.320
118.8731,-38.000,802.473,1030.458,-113.992,-2.903,0.320
118.9732,-37.000,817.412,1012.077,-97.333,10.957,0.320
119.0712,-35.000,835.304,989.939,-77.317,25.372,0.320
119.1682,-32.000,856.190,964.965,-54.387,39.902,0.320
119.2687,-28.000,880.386,937.653,-28.633,54.456,0.320
119.3777,-15.000,1014.341,784.970,114.686,161.459,0.320
119.4731,-9.000,977.343,832.090,72.626,102.650,0.320
119.5697,-4.000,975.531,849.704,62.913,78.960,0.320
119.6768,-0.000,980.183,864.845,57.669,62.515,0.320
119.7766,3.000,982.303,880.028,51.137,47.567,0.320
119.8754,5.000,981.305,897.055,42.125,32.926,0.320
119.9726,7.000,989.895,900.408,44.743,29.905,0.320
120.0696,8.000,986.717,915.899,35.409,17.727,0.320
120.1771,9.000,991.867,920.374,35.746,15.213,0.320
120.2758,9.000,985.434,937.989,23.723,3.139,0.320
120.3734,9.000,987.745,945.182,21.282,0.648,0.320
120.4710,9.000,991.321,949.685,20.818,0.134,0.320
120.5677,9.000,994.698,953.174,20.762,0.028,0.320
120.6768,8.000,982.204,969.345,6.429,-11.550,0.320
120.7760,8.000,994.478,963.196,15.641,-2.383,0.320
120.8738,8.000,999.018,963.863,17.577,-0.492,0.320
120.9712,8.000,1001.666,965.641,18.012,-0.101,0.320
121.0682,8.000,1003.672,967.397,18.138,-0.021,0.320
121.1673,8.000,1005.332,968.934,18.199,-0.004,0.320
121.2772,8.000,1006.739,970.245,18.247,-0.001,0.320
121.3757,8.000,1007.940,971.354,18.293,-0.000,0.320
121.4738,8.000,1008.967,972.291,18.338,-0.000,0.320
121.5714,8.000,1009.846,973.081,18.383,-0.000,0.320
121.6673,8.000,1010.600,973.745,18.427,-0.000,0.320
121.7760,7.000,995.807,987.585,4.111,-11.556,0.320
121.8746,7.000,1006.112,979.469,13.321,-2.384,0.320
121.9725,7.000,1008.973,978.468,15.253,-0.492,0.320
122.0687,7.000,1010.194,978.829,15.683,-0.102,0.320
122.1755,7.000,1010.986,979.381,15.802,-0.021,0.320
122.2740,6.000,996.172,993.178,1.497,-11.560,0.320
122.3723,6.000,1006.448,985.037,10.705,-2.385,0.320
122.4689,6.000,1009.282,984.018,12.632,-0.492,0.320
122.5758,6.000,1010.478,984.365,13.056,-0.102,0.320
122.6729,6.000,1011.247,984.907,13.170,-0.021,0.320
122.7692,6.000,1011.855,985.414,13.221,-0.004,0.320
122.8779,6.000,1012.366,985.850,13.258,-0.001,0.320
122.9769,6.000,1012.803,986.219,13.292,-0.000,0.320
123.0766,6.000,1013.179,986.527,13.326,-0.000,0.320
123.1751,6.000,1013.503,986.785,13.359,-0.000,0.320
123.2731,5.000,998.343,1000.279,-0.968,-11.556,0.320
123.3706,5.000,1008.334,991.873,8.231,-2.384,0.320
123.4691,5.000,1010.928,990.625,10.151,-0.492,0.320
123.5681,5.000,1011.919,990.779,10.570,-0.102,0.320
123.6691,5.000,1012.514,991.157,10.678,-0.021,0.320
123.7665,5.000,1012.972,991.526,10.723,-0.004,0.320
123.8743,5.000,1013.355,991.846,10.754,-0.001,0.320
123.9750,5.000,1013.683,992.116,10.783,-0.000,0.320
124.0730,4.000,998.524,1005.623,-3.550,-11.556,0.320
124.1708,4.000,1008.515,997.228,5.644,-2.384,0.320
124.2696,3.000,995.667,1009.272,-6.803,-12.048,0.320
124.3676,3.000,1006.404,1000.852,2.776,-2.486,0.320
124.4765,2.000,993.937,1013.128,-9.596,-12.069,0.320
124.5735,1.000,989.504,1018.239,-14.367,-14.046,0.320
124.6705,1.000,1002.446,1008.874,-3.214,-2.898,0.320
124.7661,-0.000,990.830,1021.369,-15.269,-12.154,0.320
124.8749,-1.000,986.069,1026.038,-19.985,-14.063,0.320
124.9709,-2.000,982.404,1028.785,-23.190,-14.458,0.320
125.0683,-2.000,994.977,1018.431,-11.727,-2.983,0.320
125.1671,-3.000,981.996,1029.459,-23.732,-12.171,0.320
125.2760,-3.000,992.308,1020.486,-14.089,-2.512,0.320
125.3754,-3.000,994.854,1019.079,-12.112,-0.518,0.320
125.4726,-4.000,979.451,1031.609,-26.079,-11.662,0.320
125.5694,-4.000,988.964,1022.655,-16.846,-2.407,0.320
125.6658,-4.000,991.089,1021.005,-14.958,-0.497,0.320
125.7755,-4.000,991.663,1020.835,-14.586,-0.102,0.320
125.8759,-4.000,991.893,1020.948,-14.527,-0.021,0.320
125.9741,-4.000,992.033,1021.099,-14.533,-0.004,0.320
126.0729,-4.000,992.138,1021.242,-14.552,-0.001,0.320
126.1707,-4.000,992.222,1021.369,-14.574,-0.000,0.320
126.2694,-4.000,992.289,1021.481,-14.596,-0.000,0.320
126.3660,-4.000,992.343,1021.579,-14.618,-0.000,0.320
126.4753,-4.000,992.385,1021.667,-14.641,-0.000,0.320
126.5726,-3.000,1005.699,1006.303,-0.302,11.556,0.320
126.6719,-3.000,997.140,1016.119,-9.490,2.384,0.320
126.7710,-3.000,995.765,1018.563,-11.399,0.492,0.320
126.8689,-3.000,995.812,1019.425,-11.806,0.102,0.320
126.9650,-3.000,996.101,1019.908,-11.904,0.021,0.320
127.0740,-3.000,996.396,1020.270,-11.937,0.004,0.320
127.1736,-3.000,996.654,1020.569,-11.957,0.001,0.320
127.2714,-2.000,1010.155,1005.382,2.386,11.556,0.320
127.3704,-2.000,1001.756,1015.348,-6.796,2.385,0.320
127.4700,-2.000,1000.519,1017.918,-8.700,0.492,0.320
127.5671,-1.000,1013.964,1003.445,5.260,11.657,0.320
127.6740,-1.000,1005.770,1013.765,-3.998,2.405,0.320
127.7730,-1.000,1004.759,1016.584,-5.912,0.496,0.320
127.8697,-1.000,1005.128,1017.751,-6.312,0.102,0.320
127.9668,-1.000,1005.694,1018.491,-6.399,0.021,0.320
128.0652,-0.000,1019.508,1003.627,7.940,11.560,0.320
128.1715,-0.000,1011.387,1013.856,-1.234,2.385,0.320
128.2675,-0.000,1010.389,1016.645,-3.128,0.492,0.320
128.3756,1.000,1023.201,1001.515,10.843,11.657,0.320
128.4728,1.000,1014.470,1011.277,1.597,2.405,0.320
128.5687,2.000,1025.446,997.337,14.054,12.052,0.320
128.6664,2.000,1016.132,1007.131,4.501,2.487,0.320
128.7640,3.000,1026.815,993.016,16.899,12.069,0.320
128.8723,3.000,1017.295,1002.619,7.338,2.490,0.320
128.9717,3.000,1015.370,1004.614,5.378,0.514,0.320
129.0698,3.000,1015.009,1005.035,4.987,0.106,0.320
129.1688,2.000,999.526,1018.409,-9.442,-11.534,0.320
129.2650,3.000,1021.736,993.567,14.085,9.176,0.320
129.3732,3.000,1014.852,1001.214,6.819,1.893,0.320
129.4701,4.000,1026.131,986.742,19.694,11.946,0.320
129.5674,4.000,999.950,990.626,4.662,3.413,0.180
129.6734,4.000,986.129,981.673,2.228,0.975,0.180
129.7690,5.000,974.024,967.481,3.271,1.564,0.180
129.8680,5.000,961.325,957.008,2.158,0.447,0.180
129.9672,5.000,949.252,945.565,1.844,0.128,0.180
130.0743,6.000,937.438,930.451,3.494,1.322,0.180
130.1634,6.000,924.645,919.536,2.555,0.378,0.180
130.2702,6.000,912.394,907.814,2.290,0.108,0.180
130.3672,7.000,900.401,892.491,3.955,1.317,0.180
130.4637,7.000,887.448,881.406,3.021,0.376,0.180
130.5706,7.000,875.059,869.542,2.759,0.107,0.180
130.6675,8.000,862.948,854.099,4.425,1.316,0.180
130.7645,8.000,849.895,842.912,3.492,0.376,0.180
130.8735,8.000,837.421,830.961,3.230,0.107,0.180
130.9713,9.000,825.238,815.444,4.897,1.316,0.180
131.0705,9.000,812.123,804.193,3.965,0.376,0.180
131.1687,9.000,799.598,792.189,3.704,0.107,0.180
131.2669,10.000,787.370,776.626,5.372,1.316,0.180
131.3747,10.000,774.218,765.336,4.441,0.376,0.180
131.4726,10.000,761.661,753.298,4.181,0.107,0.180
131.5717,11.000,749.407,737.707,5.850,1.316,0.180
131.6696,11.000,736.233,726.393,4.920,0.376,0.180
131.7661,11.000,723.657,714.334,4.661,0.107,0.180
131.8636,11.000,711.210,702.022,4.594,0.031,0.180
131.9706,12.000,698.942,686.304,6.319,1.294,0.180
132.0676,12.000,685.725,674.915,5.405,0.370,0.180
132.1656,12.000,673.103,662.800,5.152,0.106,0.180
132.2665,13.000,660.793,647.146,6.824,1.316,0.180
132.3659,13.000,647.570,635.779,5.895,0.376,0.180
132.4633,13.000,634.952,623.675,5.638,0.107,0.180
132.5711,13.000,622.471,611.324,5.573,0.031,0.180
132.6699,13.000,609.997,598.870,5.563,0.009,0.180
132.7686,13.000,597.498,586.361,5.569,0.003,0.180
132.8652,13.000,584.970,573.812,5.579,0.001,0.180
132.9663,13.000,572.413,561.234,5.590,0.000,0.180
133.0644,14.000,572.742,558.066,7.338,1.286,0.180
133.1644,14.000,572.129,559.265,6.432,0.367,0.180
133.2717,14.000,572.128,559.764,6.182,0.105,0.180
133.3688,14.000,572.278,560.038,6.120,0.030,0.180
133.4653,15.000,572.626,556.930,7.848,1.294,0.180
133.5632,15.000,572.042,558.168,6.937,0.370,0.180
133.6716,15.000,572.069,558.697,6.686,0.106,0.180
133.7688,16.000,572.059,556.059,8.000,1.316,0.180
133.8677,16.000,571.869,556.999,7.435,0.376,0.180
133.9661,16.000,571.934,557.572,7.181,0.107,0.180
134.0665,17.000,571.464,555.464,8.000,1.316,0.180
134.1648,17.000,571.798,555.937,7.930,0.376,0.180
134.2627,17.000,571.888,556.534,7.677,0.107,0.180
134.3715,17.000,572.119,556.888,7.616,0.031,0.180
134.4709,18.000,571.192,555.192,8.000,1.294,0.180
134.5687,18.000,571.577,555.577,8.000,0.370,0.180
134.6658,18.000,571.904,555.904,8.000,0.106,0.180
134.7648,18.000,572.182,556.182,8.000,0.030,0.180
134.8620,18.000,572.418,556.418,8.000,0.009,0.180
134.9706,18.000,572.619,556.619,8.000,0.002,0.180
135.0709,17.000,569.763,556.938,6.412,-1.285,0.180
135.1685,17.000,571.117,556.426,7.345,-0.367,0.180
135.2667,17.000,571.753,556.506,7.623,-0.105,0.180
135.3639,17.000,572.147,556.721,7.713,-0.030,0.180
135.4644,16.000,569.266,557.239,6.013,-1.294,0.180
135.5620,16.000,570.701,556.796,6.952,-0.370,0.180
135.6710,16.000,571.401,556.939,7.231,-0.106,0.180
135.7701,15.000,568.672,557.504,5.584,-1.316,0.180
135.8674,15.000,570.206,557.131,6.537,-0.376,0.180
135.9647,15.000,570.982,557.343,6.820,-0.107,0.180
136.0713,15.000,571.491,557.672,6.910,-0.031,0.180
136.1694,14.000,568.707,558.289,5.209,-1.294,0.180
136.2660,14.000,570.223,557.931,6.146,-0.370,0.180
136.3639,14.000,570.992,558.147,6.423,-0.106,0.180
136.4616,14.000,571.498,558.477,6.511,-0.030,0.180
136.5696,14.000,571.888,558.798,6.545,-0.009,0.180
136.6661,14.000,572.209,559.082,6.564,-0.002,0.180
136.7663,13.000,569.304,559.621,4.841,-1.286,0.180
136.8645,13.000,570.729,559.185,5.772,-0.368,0.180
136.9612,13.000,571.423,559.331,6.046,-0.105,0.180
137.0695,13.000,571.867,559.601,6.133,-0.030,0.180
137.1673,13.000,572.204,559.872,6.166,-0.009,0.180
137.2641,12.000,569.303,560.409,4.447,-1.288,0.180
137.3626,12.000,570.729,559.973,5.378,-0.368,0.180
137.4629,11.000,568.247,560.417,3.915,-1.391,0.180
137.5631,11.000,569.885,560.048,4.919,-0.397,0.180
137.6616,10.000,567.541,560.589,3.476,-1.399,0.180
137.7609,10.000,569.283,560.315,4.484,-0.400,0.180
137.8708,10.000,570.202,560.644,4.779,-0.114,0.180
137.9704,9.000,567.646,561.381,3.133,-1.318,0.180
138.0689,9.000,569.322,561.157,4.082,-0.377,0.180
138.1679,8.000,567.041,561.795,2.623,-1.393,0.180
138.2649,8.000,568.844,561.593,3.625,-0.398,0.180
138.3617,7.000,566.640,562.279,2.180,-1.399,0.180
138.4603,7.000,568.501,562.128,3.186,-0.400,0.180
138.5692,7.000,569.519,562.563,3.478,-0.114,0.180
138.6686,6.000,567.048,563.389,1.829,-1.318,0.180
138.7676,6.000,568.796,563.243,2.777,-0.377,0.180
138.8660,5.000,566.575,563.946,1.314,-1.393,0.180
138.9654,4.000,565.253,564.098,0.578,-1.684,0.180
139.0648,3.000,564.285,564.190,0.047,-1.767,0.180
139.1636,3.000,566.678,564.054,1.312,-0.505,0.180
139.2599,2.000,564.823,564.946,-0.061,-1.430,0.180
139.3686,1.000,563.761,565.310,-0.775,-1.694,0.180
139.4676,1.000,566.175,565.303,0.436,-0.484,0.180
139.5651,1.000,567.545,565.979,0.783,-0.138,0.180
139.6631,-0.000,565.337,567.045,-0.854,-1.325,0.180
139.7606,-0.000,567.299,567.114,0.093,-0.379,0.180
139.8607,-0.000,568.432,567.706,0.363,-0.108,0.180
139.9693,-0.000,569.243,568.362,0.440,-0.031,0.180
140.0668,-0.000,569.888,568.963,0.462,-0.009,0.180
140.1611,-0.000,570.424,569.487,0.469,-0.003,0.180
140.2692,1.000,571.053,566.639,2.207,1.285,0.180
140.3669,1.000,570.693,568.113,1.290,0.367,0.180
140.4672,2.000,571.082,565.551,2.765,1.391,0.180
140.5681,3.000,570.843,563.822,3.511,1.683,0.180
140.6656,3.000,570.308,565.685,2.311,0.481,0.180
140.7630,4.000,570.708,563.294,3.707,1.423,0.180
140.8617,5.000,570.525,561.664,4.431,1.692,0.180
140.9694,6.000,570.227,560.301,4.963,1.769,0.180
141.0683,6.000,569.763,562.353,3.705,0.505,0.180
141.1695,7.000,570.259,560.088,5.086,1.430,0.180
141.2688,7.000,569.991,561.851,4.070,0.409,0.180
141.3677,8.000,570.518,559.475,5.521,1.402,0.180
141.4653,9.000,570.414,557.887,6.263,1.686,0.180
141.5621,10.000,570.175,556.568,6.804,1.768,0.180
141.6595,10.000,569.760,558.660,5.550,0.505,0.180
141.7601,11.000,570.297,556.427,6.935,1.430,0.180
141.8590,12.000,570.242,554.922,7.660,1.694,0.180
141.9680,13.000,569.858,553.858,8.000,1.770,0.180
142.0646,13.000,569.688,555.798,6.945,0.506,0.180
142.1635,14.000,569.935,553.935,8.000,1.430,0.180
142.2607,14.000,570.072,555.426,7.323,0.409,0.180
142.3603,15.000,569.880,553.880,8.000,1.402,0.180
142.4667,15.000,570.434,554.850,7.792,0.401,0.180
142.5642,16.000,569.729,553.729,8.000,1.400,0.180
142.6629,16.000,570.454,554.454,8.000,0.400,0.180
142.7629,16.000,571.068,555.071,7.999,0.114,0.180
142.8610,16.000,571.524,555.661,7.932,0.033,0.180
142.9680,16.000,571.960,556.115,7.923,0.009,0.180
143.0669,17.000,570.856,554.856,8.000,1.288,0.180
143.1638,17.000,571.351,555.351,8.000,0.368,0.180
143.2625,17.000,571.772,555.772,8.000,0.105,0.180
143.3620,17.000,572.130,556.130,8.000,0.030,0.180
143.4591,17.000,572.434,556.434,8.000,0.009,0.180
143.5683,18.000,571.133,555.133,8.000,1.288,0.180
143.6660,18.000,571.527,555.527,8.000,0.368,0.180
143.7643,18.000,571.861,555.861,8.000,0.105,0.180
143.8628,18.000,572.146,556.146,8.000,0.030,0.180
143.9603,19.000,570.828,554.828,8.000,1.294,0.180
144.0589,19.000,571.207,555.207,8.000,0.370,0.180
144.1674,19.000,571.530,555.530,8.000,0.106,0.180
144.2645,19.000,571.804,555.804,8.000,0.030,0.180
144.3619,20.000,570.477,554.477,8.000,1.294,0.180
144.4629,20.000,570.849,554.849,8.000,0.370,0.180
144.5602,20.000,571.166,555.166,8.000,0.106,0.180
144.6620,20.000,571.435,555.435,8.000,0.030,0.180
144.7617,20.000,571.663,555.663,8.000,0.009,0.180
144.8593,21.000,570.297,554.297,8.000,1.288,0.180
144.9676,21.000,570.637,554.637,8.000,0.368,0.180
145.0649,21.000,570.925,554.925,8.000,0.105,0.180
145.1650,21.000,571.170,555.170,8.000,0.030,0.180
145.2661,21.000,571.378,555.378,8.000,0.009,0.180
145.3619,21.000,571.555,555.555,8.000,0.002,0.180
145.4615,21.000,571.706,555.706,8.000,0.001,0.180
145.5594,21.000,571.834,555.834,8.000,0.000,0.180
145.6574,21.000,571.942,555.942,8.000,0.000,0.180
145.7650,21.000,572.035,556.035,8.000,0.000,0.180
145.8593,21.000,572.113,556.113,8.000,0.000,0.180
145.9578,21.000,572.180,556.180,8.000,0.000,0.180
146.0671,21.000,572.237,556.237,8.000,0.000,0.180
146.1652,20.000,570.845,554.845,8.000,-1.286,0.180
146.2634,20.000,571.162,555.162,8.000,-0.367,0.180
146.3614,19.000,569.991,553.991,8.000,-1.391,0.180
146.4605,19.000,570.496,554.496,8.000,-0.397,0.180
146.5587,19.000,570.926,554.926,8.000,-0.114,0.180
146.6666,18.000,569.623,554.078,7.772,-1.318,0.180
146.7643,18.000,570.437,554.437,8.000,-0.377,0.180
171.5553,17.000,600.547,-570.865,585.706,538.087,0.320
171.6545,17.000,187.517,-129.979,158.748,111.034,0.320
171.7520,17.000,112.642,-28.800,70.721,22.912,0.320
171.8505,16.000,92.685,16.142,38.271,-6.828,0.320
171.9483,16.000,110.124,22.565,43.780,-1.409,0.320
172.0476,16.000,122.787,32.812,44.988,-0.291,0.320
172.1554,16.000,134.957,44.341,45.308,-0.060,0.320
172.2536,16.000,147.553,56.663,45.445,-0.012,0.320
172.3504,16.000,160.631,69.542,45.544,-0.003,0.320
172.4476,16.000,174.141,82.869,45.636,-0.001,0.320
172.5464,15.000,172.583,109.853,31.365,-11.556,0.320
172.6557,15.000,196.531,115.291,40.620,-2.385,0.320
172.7544,14.000,197.943,141.472,28.235,-12.048,0.320
172.8526,14.000,223.198,147.447,37.875,-2.486,0.320
172.9525,14.000,240.909,161.055,39.927,-0.513,0.320
173.0516,14.000,257.093,176.268,40.412,-0.106,0.320
173.1508,14.000,272.986,191.836,40.575,-0.022,0.320
173.2482,13.000,273.399,220.780,26.309,-11.560,0.320
173.3467,13.000,299.010,227.897,35.557,-2.385,0.320
173.4474,13.000,317.273,242.227,37.523,-0.492,0.320
173.5542,12.000,318.535,271.284,23.625,-11.657,0.320
173.6553,12.000,344.626,278.738,32.944,-2.405,0.320
173.7544,11.000,347.806,306.688,20.559,-12.052,0.320
173.8521,11.000,374.550,314.178,30.186,-2.487,0.320
173.9503,10.000,378.080,342.361,17.860,-12.069,0.320
174.0488,10.000,405.080,350.092,27.494,-2.490,0.320
174.1473,9.000,408.820,378.489,15.166,-12.069,0.320
174.2556,8.000,420.553,399.686,10.434,-14.046,0.320
174.3529,7.000,434.187,419.657,7.265,-14.454,0.320
174.4494,6.000,448.426,439.597,4.415,-14.538,0.320
174.5474,4.000,447.529,473.001,-12.736,-26.111,0.320
174.6470,3.000,472.036,484.740,-6.352,-16.944,0.320
174.7561,2.000,489.351,503.849,-7.249,-15.052,0.320
174.8542,1.000,505.234,524.540,-9.653,-14.661,0.320
174.9541,-0.000,520.866,545.611,-12.372,-14.581,0.320
175.0514,-1.000,535.644,565.966,-15.161,-14.564,0.320
175.1490,-1.000,566.015,573.231,-3.608,-3.005,0.320
175.2487,-1.000,586.778,589.235,-1.228,-0.620,0.320
175.3461,-1.000,605.278,606.761,-0.742,-0.128,0.320
175.4557,-1.000,623.072,624.363,-0.646,-0.026,0.320
175.5541,-1.000,640.518,641.779,-0.630,-0.005,0.320
175.6519,-1.000,657.720,658.984,-0.632,-0.001,0.320
175.7500,-1.000,674.726,675.999,-0.636,-0.000,0.320
175.8480,-1.000,691.567,692.851,-0.642,-0.000,0.320
175.9452,-2.000,691.987,722.004,-15.009,-11.556,0.320
176.0542,-2.000,717.603,729.300,-5.849,-2.384,0.320
176.1526,-3.000,719.577,756.235,-18.329,-12.048,0.320
176.2503,-3.000,745.296,762.864,-8.784,-2.486,0.320
176.3482,-4.000,747.106,789.484,-21.189,-12.069,0.320
176.4461,-4.000,772.632,795.898,-11.633,-2.490,0.320
176.5538,-5.000,774.267,822.347,-24.040,-12.069,0.320
176.6519,-5.000,799.641,828.619,-14.489,-2.491,0.320
176.7508,-5.000,817.427,842.508,-12.540,-0.514,0.320
176.8491,-6.000,817.374,870.418,-26.522,-11.662,0.320
176.9473,-6.000,842.323,876.923,-17.300,-2.406,0.320
177.0553,-7.000,843.673,903.243,-29.785,-12.052,0.320
177.1541,-7.000,868.846,909.364,-20.259,-2.487,0.320
177.2445,-7.000,886.468,923.117,-18.325,-0.513,0.320
177.3536,-7.000,902.557,938.470,-17.956,-0.106,0.320
177.4512,-7.000,918.353,954.176,-17.912,-0.022,0.320
177.5482,-7.000,934.106,969.973,-17.933,-0.005,0.320
177.6445,-8.000,933.586,998.247,-32.330,-11.556,0.320
177.7537,-8.000,958.395,1004.802,-23.203,-2.385,0.320
177.8527,-8.000,975.960,1018.671,-21.355,-0.492,0.320
177.9510,-9.000,959.857,1030.598,-35.371,-11.657,0.320
178.0480,-9.000,968.783,1021.122,-26.170,-2.405,0.320
178.1447,-9.000,970.407,1019.029,-24.311,-0.496,0.320
178.2539,-9.000,970.552,1018.487,-23.967,-0.102,0.320
178.3540,-10.000,954.133,1030.728,-38.298,-11.577,0.320
178.4514,-10.000,962.989,1021.320,-29.166,-2.389,0.320
178.5510,-10.000,964.594,1019.246,-27.326,-0.493,0.320
178.6508,-10.000,964.730,1018.712,-26.991,-0.102,0.320
178.7477,-10.000,964.586,1018.518,-26.966,-0.021,0.320
178.8441,-10.000,964.403,1018.413,-27.005,-0.004,0.320
178.9527,-10.000,964.228,1018.343,-27.058,-0.001,0.320
179.0493,-10.000,964.069,1018.295,-27.113,-0.000,0.320
179.1481,-10.000,963.924,1018.262,-27.169,-0.000,0.320
179.2453,-10.000,963.793,1018.243,-27.225,-0.000,0.320
179.3442,-9.000,976.955,1002.794,-12.920,11.556,0.320
179.4524,-9.000,968.261,1012.543,-22.141,2.384,0.320
179.5504,-9.000,966.766,1014.935,-24.084,0.492,0.320
179.6465,-9.000,966.707,1015.757,-24.525,0.102,0.320
179.7445,-9.000,966.900,1016.212,-24.656,0.021,0.320
179.8445,-8.000,980.390,1001.113,-10.362,11.560,0.320
179.9520,-8.000,971.986,1011.149,-19.581,2.385,0.320
180.0511,-7.000,984.023,998.339,-7.158,12.048,0.320
180.1508,-7.000,975.594,1009.112,-16.759,2.486,0.320
180.2504,-6.000,987.859,996.679,-4.410,12.069,0.320
180.3481,-6.000,979.676,1007.719,-14.022,2.490,0.320
180.4460,-5.000,992.161,995.502,-1.671,12.069,0.320
180.5535,-5.000,984.168,1006.723,-11.278,2.491,0.320
180.6430,-5.000,983.536,1010.100,-13.282,0.514,0.320
180.7433,-5.000,984.266,1011.702,-13.718,0.106,0.320
180.8508,-5.000,985.145,1012.806,-13.830,0.022,0.320
180.9467,-5.000,985.942,1013.694,-13.876,0.005,0.320
181.0458,-4.000,999.908,999.000,0.454,11.556,0.320
181.1438,-4.000,991.905,1009.385,-8.740,2.385,0.320
181.2503,-4.000,991.002,1012.312,-10.655,0.492,0.320
181.3498,-4.000,991.449,1013.586,-11.068,0.102,0.320
181.4483,-4.000,992.077,1014.420,-11.171,0.021,0.320
181.5471,-4.000,992.660,1015.080,-11.210,0.004,0.320
181.6445,-4.000,993.162,1015.635,-11.236,0.001,0.320
181.7426,-5.000,977.307,1028.548,-25.620,-11.555,0.320
181.8519,-4.000,999.981,1004.214,-2.116,9.171,0.320
181.9474,-4.000,993.474,1012.309,-9.417,1.892,0.320
182.0462,-4.000,992.625,1014.508,-10.942,0.391,0.320
182.1440,-4.000,992.867,1015.415,-11.274,0.081,0.320
182.2425,-3.000,1006.549,1000.548,3.001,11.572,0.320
182.3493,-3.000,998.345,1010.745,-6.200,2.388,0.320
182.4480,-3.000,997.280,1013.504,-8.112,0.493,0.320
182.5444,-3.000,997.592,1014.632,-8.520,0.102,0.320
182.6511,-2.000,1011.388,999.901,5.744,11.577,0.320
182.7472,-2.000,1003.291,1010.202,-3.455,2.389,0.320
182.8451,-2.000,1002.321,1013.046,-5.362,0.493,0.320
182.9434,-2.000,1002.715,1014.245,-5.765,0.102,0.320
183.0428,-2.000,1003.300,1015.013,-5.857,0.021,0.320
183.1522,-2.000,1003.847,1015.617,-5.885,0.004,0.320
183.2486,-1.000,1017.603,1000.679,8.462,11.556,0.320
183.3463,-1.000,1009.423,1010.854,-0.715,2.385,0.320
183.4450,-1.000,1008.373,1013.601,-2.614,0.492,0.320
183.5428,-1.000,1008.698,1014.718,-3.010,0.102,0.320
183.6426,-1.000,1009.224,1015.416,-3.096,0.021,0.320
183.7521,-1.000,1009.723,1015.959,-3.118,0.004,0.320
183.8509,-1.000,1010.157,1016.411,-3.127,0.001,0.320
183.9482,-1.000,1010.527,1016.794,-3.134,0.000,0.320
184.0462,-2.000,994.560,1029.561,-17.500,-11.556,0.320
184.1422,-2.000,1003.859,1020.541,-8.341,-2.384,0.320
184.2495,-1.000,1019.141,1003.337,7.902,11.064,0.320
184.3481,-1.000,1011.037,1012.806,-0.884,2.283,0.320
184.4454,-1.000,1009.801,1015.204,-2.702,0.471,0.320
184.5444,-0.000,1023.196,1000.636,11.280,11.653,0.320
184.6530,1.000,1027.390,994.605,16.393,13.960,0.320
184.7506,1.000,1017.036,1006.398,5.319,2.881,0.320
184.8506,2.000,1027.807,993.009,17.399,12.150,0.320
184.9477,2.000,1018.564,1003.028,7.768,2.507,0.320
185.0466,3.000,1029.356,989.055,20.150,12.073,0.320
185.1442,4.000,1032.380,982.487,24.947,14.047,0.320
185.2431,4.000,1021.248,993.606,13.821,2.899,0.320
185.3627,5.000,1031.406,979.598,25.904,12.154,0.320
185.4504,6.000,1034.093,972.798,30.647,14.063,0.320
185.5497,6.000,1022.717,983.678,19.519,2.902,0.320
185.6486,7.000,1032.678,969.456,31.611,12.154,0.320
185.7465,7.000,1022.760,978.752,22.004,2.508,0.320
185.8449,7.000,1020.544,980.439,20.053,0.518,0.320
185.9424,8.000,1032.389,964.304,34.042,11.662,0.320
186.0508,8.000,1022.854,973.192,24.831,2.407,0.320
186.1491,8.000,1020.715,974.783,22.966,0.497,0.320
186.2469,8.000,1020.132,974.899,22.617,0.102,0.320
186.3449,8.000,1019.897,974.737,22.580,0.021,0.320
186.4435,8.000,1019.756,974.540,22.608,0.004,0.320
186.5496,8.000,1019.654,974.355,22.650,0.001,0.320
186.6481,8.000,1019.577,974.189,22.694,0.000,0.320
186.7444,7.000,1004.077,987.322,8.377,-11.556,0.320
186.8449,7.000,1013.781,978.606,17.587,-2.384,0.320
186.9418,7.000,1016.132,977.094,19.519,-0.492,0.320
187.0504,7.000,1016.919,977.021,19.949,-0.102,0.320
187.1471,6.000,1001.901,990.486,5.707,-11.577,0.320
187.2448,6.000,1011.962,982.105,14.929,-2.389,0.320
187.3436,5.000,999.164,994.170,2.497,-12.048,0.320
187.4406,5.000,1009.943,985.769,12.087,-2.486,0.320
187.5414,4.000,997.514,998.059,-0.273,-12.069,0.320
187.6407,4.000,1008.555,989.899,9.328,-2.490,0.320
187.7504,3.000,996.338,1002.407,-3.034,-12.069,0.320
187.8473,3.000,1007.557,994.434,6.561,-2.491,0.320
187.9467,3.000,1010.930,993.820,8.555,-0.514,0.320
188.0452,2.000,997.086,1007.849,-5.382,-11.662,0.320
188.1423,2.000,1007.931,1000.162,3.885,-2.406,0.320
188.2430,2.000,1011.194,999.582,5.806,-0.497,0.320
188.3415,1.000,997.299,1013.599,-8.150,-11.658,0.320
188.4487,1.000,1008.108,1005.893,1.108,-2.406,0.320
188.5471,-0.000,995.901,1018.578,-11.339,-12.052,0.320
188.6448,-1.000,990.888,1023.157,-16.135,-14.042,0.320
188.7440,-1.000,1003.342,1013.333,-4.995,-2.898,0.320
188.8424,-2.000,990.473,1024.598,-17.062,-12.153,0.320
188.9426,-2.000,1000.926,1015.782,-7.428,-2.508,0.320
189.0425,-2.000,1003.601,1014.499,-5.449,-0.517,0.320
189.1403,-2.000,1004.592,1014.691,-5.049,-0.107,0.320
189.2483,-2.000,1005.168,1015.120,-4.976,-0.022,0.320
189.3469,-2.000,1005.602,1015.541,-4.970,-0.005,0.320
189.4463,-3.000,960.061,1026.857,-13.795,-6.569,0.180
189.5448,-3.000,933.449,1022.604,-8.625,-1.383,0.180
189.6436,-3.000,905.432,1019.610,-7.548,-0.291,0.180
189.7436,-3.000,878.842,1015.066,-7.334,-0.061,0.180
189.8397,-3.000,854.015,1008.656,-7.301,-0.013,0.180
189.9476,-4.000,819.829,1007.915,-16.480,-6.571,0.180
190.0492,-4.000,803.163,993.117,-11.313,-1.383,0.180
190.1461,-4.000,783.601,981.162,-10.242,-0.291,0.180
190.2437,-4.000,764.195,969.003,-10.033,-0.061,0.180
190.3403,-4.000,745.474,956.119,-10.005,-0.013,0.180
190.4487,-4.000,727.451,942.504,-10.016,-0.003,0.180
190.5467,-4.000,710.045,928.242,-10.034,-0.001,0.180
190.6459,-4.000,693.170,913.425,-10.055,-0.000,0.180
190.7450,-3.000,684.720,887.762,-0.902,6.568,0.180
190.8415,-3.000,663.980,877.731,-6.103,1.383,0.180
190.9392,-3.000,648.131,862.651,-7.210,0.291,0.180
191.0480,-3.000,633.887,845.830,-7.456,0.061,0.180
191.1463,-3.000,620.091,828.446,-7.520,0.013,0.180
191.2437,-3.000,606.414,810.845,-7.546,0.003,0.180
191.3443,-2.000,600.730,782.769,1.610,6.569,0.180
191.4425,-2.000,582.358,770.669,-3.586,1.383,0.180
191.5391,-2.000,567.987,754.365,-4.688,0.291,0.180
191.6475,-2.000,554.395,737.109,-4.929,0.061,0.180
191.7448,-2.000,540.911,719.597,-4.987,0.013,0.180
191.8409,-1.000,535.378,691.609,4.166,6.571,0.180
191.9394,-1.000,517.125,679.594,-1.027,1.383,0.180
192.0484,-1.000,502.851,663.366,-2.125,0.291,0.180
192.1453,-1.000,489.340,646.176,-2.360,0.061,0.180
192.2422,-1.000,490.596,645.880,-2.413,0.013,0.180
192.3398,-2.000,480.347,653.345,-11.602,-6.566,0.180
192.4483,-2.000,485.969,648.356,-6.429,-1.382,0.180
192.5486,-2.000,487.373,647.492,-5.349,-0.291,0.180
192.6444,-2.000,487.842,647.480,-5.129,-0.061,0.180
192.7437,-2.000,488.083,647.628,-5.091,-0.013,0.180
192.8422,-2.000,488.252,647.790,-5.091,-0.003,0.180
192.9399,-3.000,477.412,655.311,-14.273,-6.569,0.180
193.0382,-3.000,482.672,650.230,-9.103,-1.383,0.180
193.1469,-3.000,483.825,649.230,-8.027,-0.291,0.180
193.2434,-4.000,473.130,656.454,-16.986,-6.630,0.180
193.3427,-4.000,478.368,651.265,-11.773,-1.396,0.180
193.4398,-4.000,479.471,650.205,-10.692,-0.294,0.180
193.5476,-5.000,468.726,657.386,-19.654,-6.630,0.180
193.6466,-5.000,473.920,652.163,-14.446,-1.396,0.180
193.7446,-5.000,474.984,651.074,-13.370,-0.294,0.180
193.8427,-6.000,464.205,658.231,-22.337,-6.630,0.180
193.9408,-6.000,469.370,652.989,-17.134,-1.396,0.180
194.0384,-7.000,459.434,659.259,-25.237,-6.862,0.180
194.1460,-7.000,464.757,653.819,-19.856,-1.445,0.180
194.2449,-8.000,454.838,660.039,-27.925,-6.873,0.180
194.3438,-10.000,438.203,669.330,-40.888,-14.584,0.180
194.4409,-11.000,438.569,665.121,-38.601,-9.639,0.180
194.5376,-12.000,435.015,664.810,-40.222,-8.598,0.180
194.6463,-13.000,430.623,665.315,-42.670,-8.378,0.180
194.7434,-14.000,426.045,665.990,-45.297,-8.332,0.180
194.8422,-15.000,421.418,666.699,-47.965,-8.323,0.180
194.9409,-16.000,416.772,667.416,-50.646,-8.321,0.180
195.0398,-17.000,412.113,668.133,-53.334,-8.320,0.180
195.1375,-18.000,407.445,668.852,-56.028,-8.320,0.180
195.2441,-19.000,402.768,669.572,-58.727,-8.320,0.180
195.3401,-19.000,409.056,662.921,-52.257,-1.752,0.180
195.4371,-20.000,399.315,668.752,-60.043,-6.937,0.180
195.5483,-20.000,404.631,663.114,-54.566,-1.460,0.180
195.6447,-21.000,394.678,669.192,-62.581,-6.876,0.180
195.7424,-21.000,399.960,663.617,-57.153,-1.448,0.180
195.8433,-21.000,400.978,662.350,-56.010,-0.305,0.180
195.9460,-21.000,401.113,662.004,-55.770,-0.064,0.180
196.0430,-21.000,401.074,661.863,-55.719,-0.014,0.180
196.1402,-21.000,401.008,661.776,-55.708,-0.003,0.180
196.2372,-21.000,400.945,661.708,-55.706,-0.001,0.180
196.3454,-21.000,400.890,661.653,-55.706,-0.000,0.180
196.4431,-22.000,389.875,668.974,-64.874,-6.568,0.180
196.5400,-22.000,394.991,663.718,-59.688,-1.383,0.180
196.6401,-22.000,396.023,662.567,-58.597,-0.291,0.180
196.7384,-22.000,396.202,662.287,-58.367,-0.061,0.180
196.8467,-22.000,396.208,662.196,-58.318,-0.013,0.180
196.9466,-23.000,385.213,669.517,-67.477,-6.571,0.180
197.0447,-23.000,390.340,664.269,-62.289,-1.383,0.180
197.1439,-23.000,391.380,663.125,-61.197,-0.291,0.180
197.2435,-24.000,380.597,670.219,-70.135,-6.630,0.180
197.3419,-24.000,385.764,664.917,-64.901,-1.396,0.180
197.4394,-25.000,375.840,671.127,-72.968,-6.862,0.180
197.5386,-25.000,381.179,665.630,-67.550,-1.445,0.180
197.6362,-25.000,382.252,664.423,-66.410,-0.304,0.180
197.7458,-25.000,382.436,664.126,-66.170,-0.064,0.180
197.8419,-25.000,382.438,664.027,-66.119,-0.013,0.180
197.9399,-25.000,382.407,663.975,-66.108,-0.003,0.180
198.0370,-25.000,382.375,663.938,-66.106,-0.001,0.180
198.1458,-25.000,382.345,663.908,-66.106,-0.000,0.180
198.2425,-25.000,382.320,663.882,-66.106,-0.000,0.180
198.3403,-24.000,390.267,653.493,-56.937,6.568,0.180
198.4368,-24.000,385.543,659.140,-62.123,1.383,0.180
198.5434,-23.000,392.813,650.256,-54.046,6.860,0.180
198.6411,-23.000,388.211,656.485,-59.461,1.444,0.180
198.7416,-22.000,395.731,647.948,-51.433,6.872,0.180
198.8411,-22.000,391.373,654.441,-56.859,1.447,0.180
198.9380,-21.000,399.107,646.123,-48.833,6.873,0.180
199.0453,-21.000,394.932,652.800,-54.259,1.447,0.180
199.1434,-21.000,394.854,655.007,-55.401,0.305,0.180
199.2430,-20.000,403.486,645.783,-46.473,6.633,0.180
199.3409,-20.000,399.498,652.268,-51.709,1.396,0.180
199.4403,-19.000,407.327,644.162,-43.742,6.862,0.180
199.5383,-19.000,403.192,651.060,-49.258,1.445,0.180
199.6352,-18.000,411.101,643.101,-41.324,6.873,0.180
199.7421,-18.000,407.061,650.099,-46.843,1.447,0.180
199.8386,-17.000,415.055,642.218,-38.906,6.873,0.180
199.9354,-17.000,411.089,649.280,-44.420,1.447,0.180
200.0441,-16.000,419.148,641.454,-36.477,6.873,0.180
200.1441,-16.000,415.237,648.562,-41.987,1.447,0.180
200.2424,-15.000,423.344,640.772,-34.038,6.873,0.180
200.3403,-15.000,419.475,647.911,-39.543,1.447,0.180
200.4375,-14.000,427.618,640.148,-31.589,6.873,0.180
200.5438,-14.000,423.781,647.308,-37.088,1.447,0.180
200.6405,-14.000,423.978,649.935,-38.303,0.305,0.180
200.7366,-14.000,424.865,651.449,-38.617,0.064,0.180
200.8359,-14.000,425.761,652.592,-38.740,0.014,0.180
200.9349,-14.000,426.545,653.543,-38.823,0.003,0.180
201.0426,-14.000,427.207,654.355,-38.899,0.001,0.180
201.1431,-15.000,416.787,662.429,-48.145,-6.568,0.180
201.2402,-16.000,411.423,665.197,-52.212,-7.951,0.180
201.3387,-16.000,418.015,659.401,-46.017,-1.674,0.180
201.4352,-16.000,419.590,658.500,-44.779,-0.352,0.180
201.5424,-17.000,409.099,665.965,-53.758,-6.643,0.180
201.6413,-16.000,422.442,650.650,-39.428,5.170,0.180
201.7386,-16.000,418.939,655.477,-43.593,1.088,0.180
201.8353,-15.000,426.533,646.608,-35.362,6.798,0.180
201.9448,-14.000,430.020,642.637,-31.633,7.999,0.180
202.0347,-12.000,440.874,629.572,-19.674,14.821,0.180
202.1348,-10.000,447.118,622.649,-13.090,16.257,0.180
202.2431,-7.000,460.864,607.125,1.545,23.128,0.180
202.3393,-5.000,462.260,608.418,1.597,18.006,0.180
202.4371,-3.000,468.109,606.055,5.703,16.928,0.180
202.5449,-0.000,483.132,592.795,19.844,23.269,0.180
202.6441,2.000,484.758,594.467,19.821,18.036,0.180
202.7432,3.000,482.306,602.123,14.767,10.365,0.180
202.8406,5.000,492.597,592.055,24.946,15.319,0.180
202.9370,6.000,490.997,596.245,22.052,9.793,0.180
203.0345,7.000,493.271,595.572,23.525,8.630,0.180
203.1418,8.000,496.048,593.556,25.922,8.385,0.180
203.2390,7.000,480.920,609.931,10.170,-4.803,0.180
203.3367,7.000,486.778,608.133,13.998,-1.011,0.180
203.4346,6.000,478.964,616.997,5.659,-6.781,0.180
203.5422,5.000,475.922,621.533,1.870,-7.996,0.180
203.6418,3.000,463.648,633.276,-10.138,-14.820,0.180
203.7411,4.000,485.512,613.361,10.751,3.448,0.180
203.8403,3.000,474.765,626.364,-1.124,-5.842,0.180
203.9392,4.000,489.226,613.222,12.678,5.338,0.180
204.0350,4.000,487.092,619.476,8.484,1.124,0.180
204.1432,5.000,495.351,611.120,16.791,6.805,0.180
204.2431,7.000,506.210,595.977,29.792,14.569,0.180
204.3391,8.000,503.297,597.649,27.500,9.636,0.180
204.4387,10.000,511.452,584.240,38.281,15.165,0.180
204.5361,11.000,507.672,585.954,35.534,9.761,0.180
204.6345,13.000,515.392,572.278,46.233,15.192,0.180
204.7429,14.000,511.308,573.698,43.480,9.767,0.180
204.8413,15.000,511.412,570.731,45.016,8.625,0.180
204.9402,15.000,504.964,577.745,38.285,1.816,0.180
205.0380,16.000,511.223,568.367,46.104,6.951,0.180
205.1337,16.000,505.993,573.946,40.699,1.463,0.180
205.2444,17.000,512.443,564.192,48.801,6.876,0.180
205.3434,16.000,496.825,577.603,34.287,-5.121,0.180
205.4416,16.000,501.513,574.038,38.413,-1.078,0.180
205.5428,16.000,502.925,573.581,39.347,-0.227,0.180
205.6437,15.000,493.219,581.698,30.436,-6.616,0.180
205.7398,15.000,499.345,577.222,35.737,-1.393,0.180
205.8387,15.000,501.224,576.746,36.915,-0.293,0.180
205.9351,15.000,502.130,577.032,37.224,-0.062,0.180
206.0346,15.000,502.763,577.412,37.351,-0.013,0.180
206.1436,15.000,503.282,577.754,37.439,-0.003,0.180
206.2447,16.000,511.102,567.067,46.693,6.568,0.180
206.3327,16.000,506.281,572.450,41.591,1.383,0.180
206.4424,17.000,512.885,562.723,49.756,6.860,0.180
206.5385,17.000,507.731,568.223,44.429,1.444,0.180
206.6370,17.000,506.827,569.422,43.378,0.304,0.180
206.7344,17.000,506.800,569.699,43.226,0.064,0.180
206.8425,16.000,496.571,577.741,34.090,-6.555,0.180
206.9414,16.000,502.399,573.053,39.348,-1.380,0.180
207.0390,16.000,504.057,572.365,40.521,-0.291,0.180
207.1385,15.000,494.408,580.439,31.660,-6.630,0.180
207.2372,14.000,490.176,583.931,27.798,-7.964,0.180
207.3351,13.000,487.349,586.730,24.985,-8.245,0.180
207.4326,11.000,474.666,597.588,13.215,-14.873,0.180
207.5436,10.000,478.316,595.987,15.840,-9.700,0.180
207.6405,8.000,467.649,606.596,5.202,-15.179,0.180
207.7381,6.000,461.902,613.494,-1.120,-16.332,0.180
207.8375,5.000,467.943,612.031,2.631,-10.007,0.180
207.9356,3.000,458.567,623.498,-7.790,-15.244,0.180
208.0365,2.000,464.133,623.311,-4.914,-9.778,0.180
208.1345,-0.000,454.900,635.314,-15.531,-15.195,0.180
208.2428,-1.000,460.101,634.869,-12.709,-9.767,0.180
208.3415,-2.000,460.354,638.058,-14.176,-8.625,0.180
208.4419,-3.000,459.142,641.595,-16.551,-8.384,0.180
208.5414,-4.000,457.260,644.854,-19.121,-8.334,0.180
208.6385,-4.000,465.904,640.381,-12.563,-1.754,0.180
208.7360,-6.000,447.093,655.536,-29.546,-13.506,0.180
208.8348,-7.000,448.198,653.725,-28.088,-9.412,0.180
208.9341,-8.000,445.817,654.904,-29.868,-8.550,0.180
209.0325,-9.000,442.542,656.559,-32.333,-8.368,0.180
209.1418,-10.000,438.939,658.184,-34.947,-8.330,0.180
209.2398,-12.000,424.176,667.066,-46.770,-14.891,0.180
209.3371,-13.000,425.396,663.247,-44.250,-9.703,0.180
209.4350,-14.000,422.411,663.423,-45.831,-8.611,0.180
209.5322,-15.000,418.469,664.378,-48.279,-8.381,0.180
209.6314,-16.000,414.264,665.443,-50.914,-8.333,0.180
209.7426,-15.000,428.899,648.739,-35.245,4.814,0.180
209.8413,-16.000,414.668,660.613,-48.297,-5.555,0.180
209.9392,-15.000,427.441,646.434,-34.821,5.399,0.180
210.0374,-15.000,424.004,651.678,-39.161,1.137,0.180
210.1366,-15.000,423.796,653.421,-40.137,0.239,0.180
210.2446,-15.000,424.182,654.340,-40.404,0.050,0.180
210.3309,-14.000,432.592,644.639,-31.348,6.579,0.180
210.4409,-14.000,428.277,650.857,-36.614,1.385,0.180
210.5369,-15.000,416.946,660.206,-46.954,-6.277,0.180
210.6350,-15.000,422.481,655.986,-42.077,-1.321,0.180
210.7329,-16.000,413.031,662.953,-50.285,-6.847,0.180
210.8400,-16.000,418.798,658.076,-44.963,-1.441,0.180
210.9360,-17.000,409.257,664.773,-53.082,-6.872,0.180
211.0345,-18.000,403.912,667.101,-56.919,-8.015,0.180
211.1320,-20.000,388.521,675.728,-68.928,-14.824,0.180
211.2425,-21.000,389.381,671.518,-66.393,-9.689,0.180
211.3390,-21.000,397.106,663.945,-58.744,-2.040,0.180
211.4354,-21.000,398.782,662.400,-57.133,-0.429,0.180
211.5340,-21.000,399.176,662.116,-56.794,-0.090,0.180
211.6326,-19.000,415.132,641.453,-38.485,13.118,0.180
211.7425,-17.000,421.624,632.161,-30.593,15.898,0.180
211.8311,-17.000,410.794,646.610,-43.232,3.347,0.180
211.9379,-15.000,425.549,630.132,-27.616,13.841,0.180
212.0340,-13.000,432.759,622.658,-20.274,16.051,0.180
212.1320,-12.000,430.880,627.911,-23.840,9.948,0.180
212.2409,-11.000,433.873,628.388,-22.582,8.663,0.180
212.3404,-10.000,437.924,627.885,-20.305,8.392,0.180
212.4392,-9.000,442.229,627.196,-17.808,8.335,0.180
212.5368,-8.000,446.612,626.487,-15.262,8.323,0.180
212.6348,-8.000,443.061,636.161,-21.874,1.752,0.180
212.7437,-7.000,452.211,629.814,-14.126,6.937,0.180
212.8315,-6.000,457.364,627.646,-10.465,8.029,0.180
212.9302,-6.000,453.762,636.783,-16.835,1.690,0.180
213.0384,-5.000,462.723,630.128,-9.027,6.924,0.180
213.1371,-5.000,459.710,638.101,-14.520,1.458,0.180
213.2344,-4.000,468.615,631.012,-6.523,6.875,0.180
213.3322,-3.000,473.411,628.359,-2.798,8.016,0.180
213.4408,-2.000,477.452,626.740,0.032,8.256,0.180
213.5389,-1.000,481.427,625.424,2.677,8.307,0.180
213.6355,1.000,492.841,613.270,14.461,14.886,0.180
213.7330,1.000,483.780,627.702,2.715,3.134,0.180
213.8402,2.000,490.967,621.480,9.419,7.228,0.180
213.9388,3.000,494.555,618.112,12.897,8.090,0.180
214.0384,3.000,489.777,626.077,6.526,1.703,0.180
214.1373,3.000,489.803,628.761,5.197,0.359,0.180
214.2347,4.000,498.061,619.206,14.103,6.644,0.180
214.3336,3.000,483.411,633.353,-0.295,-5.170,0.180
214.4301,3.000,488.795,630.542,3.802,-1.088,0.180
214.5389,3.000,490.763,630.761,4.677,-0.229,0.180
214.6371,2.000,481.515,639.468,-4.301,-6.617,0.180
214.7352,2.000,488.019,635.504,0.933,-1.393,0.180
214.8350,1.000,479.835,643.447,-7.130,-6.862,0.180
214.9331,1.000,486.655,639.422,-1.708,-1.445,0.180
215.0305,1.000,488.989,639.464,-0.562,-0.304,0.180
215.1400,1.000,490.244,640.229,-0.317,-0.064,0.180
215.2373,1.000,491.158,641.031,-0.261,-0.013,0.180
215.3342,2.000,499.277,630.771,8.928,6.566,0.180
215.4343,3.000,502.068,625.561,12.929,7.951,0.180
215.5344,3.000,496.278,632.294,6.668,1.674,0.180
215.6320,4.000,502.747,623.027,14.536,6.921,0.180
215.7290,4.000,497.615,628.780,9.093,1.457,0.180
215.8377,4.000,496.749,630.174,7.963,0.307,0.180
215.9358,4.000,496.752,630.620,7.742,0.065,0.180
216.0349,4.000,496.913,630.841,7.712,0.014,0.180
216.1319,4.000,497.085,630.993,7.722,0.003,0.180
216.2321,4.000,497.242,631.112,7.740,0.001,0.180
216.3302,4.000,497.379,631.209,7.761,0.000,0.180
216.4387,4.000,497.500,631.288,7.781,0.000,0.180
216.5371,3.000,487.231,639.326,-1.372,-6.568,0.180
216.6355,3.000,492.985,634.676,3.830,-1.383,0.180
216.7339,2.000,484.187,642.012,-4.237,-6.860,0.180
216.8337,2.000,490.492,637.465,1.189,-1.444,0.180
216.9351,2.000,492.389,637.061,2.340,-0.304,0.180
217.0340,1.000,482.901,645.419,-6.584,-6.632,0.180
217.1311,-0.000,478.789,649.171,-10.516,-7.965,0.180
217.2318,-1.000,475.450,651.604,-13.402,-8.245,0.180
217.3311,-1.000,483.069,646.214,-6.897,-1.736,0.180
217.4305,-2.000,474.408,653.170,-14.706,-6.934,0.180
217.5392,-2.000,480.647,648.482,-9.242,-1.460,0.180
217.6368,-3.000,471.474,655.373,-17.274,-6.876,0.180
217.7369,-3.000,477.417,650.490,-11.861,-1.448,0.180
217.8334,-4.000,468.021,657.187,-19.907,-6.873,0.180
217.9298,-4.000,473.780,652.135,-14.502,-1.447,0.180
218.0310,-4.000,475.201,651.314,-13.381,-0.305,0.180
218.1305,-5.000,464.703,658.723,-22.334,-6.633,0.180
218.2282,-6.000,459.126,661.073,-26.298,-7.965,0.180
218.3379,-6.000,465.512,654.945,-20.041,-1.677,0.180
218.4353,-7.000,455.940,661.136,-27.922,-6.921,0.180
218.5332,-8.000,450.457,663.144,-31.668,-8.026,0.180
218.6332,-9.000,445.802,664.247,-34.547,-8.258,0.180
218.7290,-10.000,441.291,665.138,-37.248,-8.307,0.180
218.8368,-12.000,425.811,673.341,-49.089,-14.886,0.180
218.9359,-13.000,426.435,668.932,-46.573,-9.702,0.180
219.0337,-14.000,422.944,668.605,-48.155,-8.611,0.180
219.1293,-16.000,407.600,676.505,-59.777,-14.950,0.180
219.2292,-16.000,419.155,664.621,-48.058,-3.147,0.180
219.3278,-17.000,410.443,669.454,-54.830,-7.231,0.180
219.4367,-19.000,393.968,678.432,-67.557,-14.659,0.180
219.5336,-20.000,394.386,674.041,-65.152,-9.655,0.180
219.6319,-21.000,390.851,673.600,-66.698,-8.601,0.180
219.7288,-23.000,375.515,681.356,-78.245,-14.948,0.180
219.8364,-24.000,376.125,676.702,-75.613,-9.715,0.180
219.9347,-25.000,372.609,676.182,-77.111,-8.614,0.180
220.0345,-27.000,357.257,683.903,-88.648,-14.950,0.180
220.1323,-28.000,357.848,679.226,-86.013,-9.716,0.180
220.2298,-27.000,373.250,660.950,-69.175,4.523,0.180
220.3379,-26.000,377.926,654.431,-63.577,7.521,0.180
220.4381,-27.000,361.737,668.454,-78.683,-4.985,0.180
220.5365,-26.000,374.221,654.729,-65.579,5.519,0.180
220.6341,-26.000,370.836,660.059,-69.936,1.162,0.180
220.7319,-25.000,378.714,651.434,-61.684,6.813,0.180
220.8318,-26.000,363.550,665.364,-76.232,-5.134,0.180
220.9288,-25.000,376.546,651.917,-63.010,5.488,0.180
221.0369,-26.000,362.555,664.927,-76.511,-5.413,0.180
221.1336,-25.000,375.879,651.368,-63.069,5.429,0.180
221.2330,-25.000,372.994,657.054,-67.355,1.143,0.180
221.3315,-26.000,362.313,666.515,-77.425,-6.328,0.180
221.4286,-27.000,357.322,669.869,-81.598,-7.901,0.180
221.5366,-28.000,353.395,671.805,-84.529,-8.232,0.180
221.6266,-28.000,360.548,665.960,-78.031,-1.733,0.180
221.7373,-28.000,362.471,665.147,-76.662,-0.365,0.180
221.8353,-27.000,371.200,654.963,-67.206,6.492,0.180
221.9317,-25.000,382.894,640.233,-53.994,14.503,0.180
222.0301,-25.000,373.153,653.392,-65.444,3.053,0.180
222.1292,-24.000,380.164,646.887,-58.686,7.211,0.180
222.2267,-24.000,376.185,654.295,-64.379,1.518,0.180
222.3343,-24.000,376.445,656.951,-65.578,0.320,0.180
222.4323,-20.000,409.305,616.969,-29.157,26.341,0.180
222.5303,-19.000,399.352,630.468,-40.882,12.114,0.180
222.6296,-16.000,416.618,612.017,-23.024,22.256,0.180
222.7285,-12.000,434.855,592.172,-3.983,30.959,0.180
222.8263,-9.000,439.589,590.872,-0.966,26.223,0.180
222.9348,-8.000,432.773,607.206,-12.541,12.089,0.180
223.0335,-5.000,452.653,591.216,5.394,22.250,0.180
223.1319,-4.000,449.188,604.588,-3.024,11.253,0.180
223.2317,-3.000,453.968,608.830,-2.755,8.937,0.180
223.3271,-2.000,460.204,610.861,-0.653,8.450,0.180
223.4347,-1.000,466.510,612.183,1.839,8.347,0.180
223.5338,-0.000,472.630,613.146,4.417,8.326,0.180
223.6306,2.000,485.315,602.283,16.192,14.890,0.180
223.7294,2.000,477.344,617.801,4.447,3.135,0.180
223.8255,3.000,485.461,612.500,11.156,7.228,0.180
223.9336,3.000,482.467,620.887,5.465,1.522,0.180
224.0326,3.000,483.573,624.365,4.280,0.320,0.180
224.1300,4.000,492.658,615.577,13.216,6.636,0.180
224.2277,5.000,496.440,611.448,17.172,7.965,0.180
224.3255,5.000,491.529,619.063,10.909,1.677,0.180
224.4356,5.000,491.381,621.510,9.611,0.353,0.180
224.5354,7.000,506.852,600.792,27.706,13.211,0.180
224.6338,7.000,497.229,611.956,17.312,2.781,0.180
224.7320,7.000,495.725,614.770,15.153,0.586,0.180
224.8317,8.000,503.229,604.779,23.901,6.692,0.180
224.9265,9.000,505.805,599.490,27.833,7.977,0.180
225.0339,9.000,499.900,606.088,21.582,1.679,0.180
225.1327,10.000,506.289,596.688,29.476,6.922,0.180
225.2287,10.000,501.097,602.321,24.064,1.457,0.180
225.3288,11.000,507.560,592.633,32.139,6.875,0.180
225.4293,12.000,509.692,587.159,35.942,8.016,0.180
225.5283,13.000,510.880,582.531,38.850,8.256,0.180
225.6257,14.000,511.841,578.046,41.573,8.307,0.180
225.7318,15.000,512.732,573.560,44.262,8.317,0.180
225.8293,15.000,506.215,580.020,37.773,1.751,0.180
225.9269,15.000,504.887,581.300,36.469,0.369,0.180
226.0260,15.000,504.654,581.493,36.256,0.078,0.180
226.1327,14.000,494.280,589.432,27.099,-6.552,0.180
226.2318,14.000,499.991,584.652,32.345,-1.379,0.180
226.3289,13.000,491.174,591.860,24.333,-6.859,0.180
226.4285,12.000,487.099,595.167,20.642,-8.012,0.180
226.5252,11.000,484.287,597.926,17.856,-8.255,0.180
226.6330,11.000,492.340,592.830,24.431,-1.738,0.180
226.7316,11.000,495.025,592.656,25.860,-0.366,0.180
226.8301,10.000,486.065,601.352,17.032,-6.645,0.180
226.9320,9.000,482.377,605.414,13.157,-7.967,0.180
227.0287,9.000,490.374,600.737,19.494,-1.677,0.180
227.1272,9.000,493.155,600.776,20.865,-0.353,0.180
227.2250,9.000,494.680,601.650,21.191,-0.074,0.180
227.3243,8.000,485.430,610.537,12.122,-6.584,0.180
227.4342,8.000,492.016,606.643,17.362,-1.386,0.180
227.5332,7.000,483.923,614.625,9.324,-6.860,0.180
227.6325,7.000,490.828,610.626,14.777,-1.444,0.180
227.7319,6.000,482.865,618.657,6.780,-6.872,0.180
227.8311,5.000,479.478,622.704,3.063,-8.015,0.180
227.9284,6.000,494.986,607.156,18.590,4.881,0.180
228.0252,5.000,482.273,620.435,5.594,-5.541,0.180
228.1346,5.000,488.414,617.776,9.995,-1.166,0.180
228.2338,4.000,480.467,626.282,1.768,-6.814,0.180
228.3323,3.000,477.231,630.593,-2.005,-8.003,0.180
228.4298,3.000,485.522,626.216,4.328,-1.685,0.180
228.5283,2.000,478.157,634.507,-3.499,-6.923,0.180
228.6259,1.000,475.154,638.899,-7.197,-8.026,0.180
228.7242,-0.000,473.211,642.621,-10.029,-8.258,0.180
228.8307,-1.000,471.013,645.731,-12.683,-8.307,0.180
228.9313,-2.000,468.481,648.440,-15.304,-8.317,0.180
229.0294,-3.000,465.638,650.832,-17.922,-8.319,0.180
229.1268,-3.000,473.498,645.588,-11.369,-1.751,0.180
229.2248,-5.000,454.031,660.081,-28.349,-13.506,0.180
229.3232,-6.000,454.579,657.703,-26.887,-9.412,0.180
229.4324,-7.000,451.727,658.401,-28.661,-8.550,0.180
229.5297,-8.000,448.051,659.645,-31.122,-8.368,0.180
229.6304,-9.000,444.109,660.920,-33.730,-8.330,0.180
229.7273,-10.000,440.031,662.131,-36.374,-8.322,0.180
229.8231,-10.000,446.831,655.894,-29.856,-1.752,0.180
229.9297,-12.000,426.454,669.550,-46.872,-13.506,0.180
230.0267,-12.000,437.198,659.093,-36.272,-2.843,0.180
230.1346,-12.000,439.502,657.033,-34.090,-0.599,0.180
230.2320,-13.000,429.042,664.100,-42.853,-6.694,0.180
230.3291,-13.000,434.318,658.940,-37.636,-1.409,0.180
230.4256,-13.000,435.412,657.945,-36.591,-0.297,0.180
230.5233,-13.000,435.621,657.820,-36.424,-0.062,0.180
230.6324,-12.000,443.612,647.500,-27.269,6.555,0.180
230.7327,-12.000,438.885,653.248,-32.506,1.380,0.180
230.8311,-11.000,446.140,644.460,-24.485,6.859,0.180
230.9291,-11.000,441.517,650.781,-29.957,1.444,0.180
231.0268,-10.000,449.014,642.326,-21.980,6.872,0.180
231.1255,-9.000,452.604,638.523,-18.284,8.015,0.180
231.2242,-8.000,455.612,635.934,-15.485,8.256,0.180
231.3323,-7.000,458.704,633.797,-12.871,8.306,0.180
231.4304,-6.000,461.990,631.924,-10.292,8.317,0.180
231.5297,-5.000,465.466,630.248,-7.715,8.319,0.180
231.6262,-4.000,469.111,628.733,-5.136,8.320,0.180
231.7244,-3.000,472.901,627.354,-2.551,8.320,0.180
231.8324,-2.000,476.815,626.089,0.038,8.320,0.180
231.9304,-1.000,480.836,624.920,2.633,8.320,0.180
232.0280,-1.000,476.974,634.206,-3.940,1.752,0.180
232.1258,-0.000,485.865,627.526,3.845,6.937,0.180
232.2233,-0.000,482.828,635.442,-1.631,1.460,0.180
232.3311,-0.000,483.748,638.668,-2.784,0.307,0.180
232.4287,-0.000,485.268,640.674,-3.027,0.065,0.180
232.5283,-1.000,475.741,649.596,-12.252,-6.555,0.180
232.6249,-1.000,482.154,645.670,-7.082,-1.380,0.180
232.7241,-2.000,473.322,653.016,-15.172,-6.859,0.180
232.8229,-3.000,468.621,655.854,-18.941,-8.012,0.180
232.9311,-3.000,475.639,650.252,-12.631,-1.687,0.180
233.0319,-4.000,466.584,656.911,-20.488,-6.924,0.180
233.1288,-4.000,472.511,651.948,-15.043,-1.458,0.180
233.2271,-4.000,474.050,651.227,-13.913,-0.307,0.180
233.3236,-4.000,474.619,651.354,-13.692,-0.065,0.180
233.4321,-5.000,463.972,658.993,-22.835,-6.582,0.180
233.5218,-4.000,477.337,643.670,-8.491,5.183,0.180
233.6315,-5.000,462.919,655.825,-21.777,-5.477,0.180
233.7275,-5.000,467.755,652.064,-17.479,-1.153,0.180
233.8251,-5.000,469.097,651.637,-16.595,-0.243,0.180
233.9226,-5.000,469.651,651.860,-16.429,-0.051,0.180
234.0300,-5.000,469.996,652.176,-16.415,-0.011,0.180
234.1274,-5.000,470.259,652.475,-16.432,-0.002,0.180
234.2255,-5.000,470.474,652.738,-16.456,-0.000,0.180
234.3231,-5.000,470.651,652.966,-16.482,-0.000,0.180
234.4219,-6.000,459.824,660.538,-25.682,-6.568,0.180
234.5324,-6.000,465.095,655.500,-20.527,-1.383,0.180
234.6304,-6.000,466.255,654.539,-19.467,-0.291,0.180
234.7266,-7.000,455.564,661.798,-28.442,-6.630,0.180
234.8240,-7.000,460.803,656.642,-23.244,-1.396,0.180
234.9215,-7.000,461.904,655.612,-22.179,-0.294,0.180
235.0299,-7.000,462.129,655.447,-21.983,-0.062,0.180
235.1274,-7.000,462.167,655.460,-21.971,-0.013,0.180
235.2247,-8.000,451.189,662.881,-31.170,-6.571,0.180
235.3215,-8.000,456.324,657.723,-26.024,-1.383,0.180
235.4305,-8.000,457.365,656.663,-24.974,-0.291,0.180
235.5309,-8.000,457.545,656.466,-24.785,-0.061,0.180
235.6302,-8.000,457.544,656.452,-24.778,-0.013,0.180
235.7320,-8.000,457.507,656.478,-24.810,-0.003,0.180
235.8299,-8.000,457.462,656.512,-24.849,-0.001,0.180
235.9278,-8.000,457.417,656.549,-24.890,-0.000,0.180
236.0268,-8.000,457.372,656.587,-24.932,-0.000,0.180
236.1240,-8.000,457.327,656.625,-24.974,-0.000,0.180
236.2226,-8.000,457.283,656.664,-25.015,-0.000,0.180
236.3310,-8.000,457.239,656.703,-25.057,-0.000,0.180
236.4273,-8.000,457.195,656.743,-25.098,-0.000,0.180
236.5229,-8.000,457.152,656.783,-25.140,-0.000,0.180
236.6311,-8.000,457.109,656.823,-25.182,-0.000,0.180
236.7297,-8.000,457.066,656.864,-25.223,-0.000,0.180
236.8275,-8.000,457.024,656.904,-25.265,-0.000,0.180
236.9234,-8.000,456.981,656.945,-25.306,-0.000,0.180
237.0303,-8.000,456.939,656.986,-25.348,-0.000,0.180
237.1288,-8.000,456.897,657.027,-25.390,-0.000,0.180
237.2268,-8.000,456.855,657.068,-25.431,-0.000,0.180
237.3253,-8.000,456.813,657.109,-25.473,-0.000,0.180
237.4214,-8.000,456.771,657.150,-25.514,-0.000,0.180
237.5279,-8.000,456.729,657.192,-25.556,-0.000,0.180
237.6237,-8.000,456.687,657.233,-25.598,-0.000,0.180
237.7230,-8.000,456.645,657.274,-25.639,-0.000,0.180
237.8223,-8.000,456.603,657.316,-25.681,-0.000,0.180
237.9208,-8.000,456.561,657.357,-25.722,-0.000,0.180
238.0291,-8.000,456.520,657.399,-25.764,-0.000,0.180
238.1278,-8.000,456.478,657.440,-25.806,-0.000,0.180
238.2257,-7.000,464.410,647.108,-16.673,6.568,0.180
238.3232,-7.000,459.668,652.810,-21.895,1.383,0.180
238.4220,-7.000,458.948,654.346,-23.024,0.291,0.180
238.5208,-7.000,459.028,654.959,-23.290,0.061,0.180
238.6293,-6.000,467.212,644.965,-14.201,6.581,0.180
238.7287,-6.000,462.715,650.922,-19.428,1.386,0.180
238.8255,-6.000,462.211,652.668,-20.553,0.292,0.180
238.9219,-5.000,470.451,643.084,-11.641,6.630,0.180
239.0216,-5.000,466.120,649.273,-16.901,1.396,0.180
239.1298,-4.000,473.755,640.816,-8.855,6.862,0.180
239.2287,-4.000,469.467,647.406,-14.294,1.445,0.180
239.3271,-3.000,477.258,639.172,-6.281,6.873,0.180
239.4237,-3.000,473.128,645.924,-11.723,1.447,0.180
239.5197,-2.000,481.059,637.823,-3.707,6.873,0.180
239.6197,-1.000,485.023,634.314,0.030,8.015,0.180
239.7277,-1.000,480.384,642.340,-6.303,1.687,0.180
239.8256,-0.000,488.459,634.744,1.533,6.924,0.180
239.9239,1.000,557.415,597.186,9.985,12.984,0.320
240.0209,2.000,594.711,590.513,14.047,14.235,0.320
240.1286,2.000,607.495,611.533,2.760,2.937,0.320
240.2248,3.000,637.238,611.458,14.802,12.162,0.320
240.3238,3.000,645.246,636.443,5.166,2.510,0.320
240.4204,2.000,644.698,667.649,-11.170,-11.038,0.320
240.5204,2.000,670.570,675.612,-2.399,-2.278,0.320
240.6275,2.000,689.229,690.486,-0.580,-0.470,0.320
240.7245,1.000,690.841,719.993,-14.557,-11.653,0.320
240.8234,1.000,717.219,727.840,-5.303,-2.404,0.320
240.9220,-0.000,720.629,756.136,-17.750,-12.052,0.320
241.0293,-1.000,731.277,776.373,-22.547,-14.042,0.320
241.1274,-2.000,743.149,794.688,-25.769,-14.453,0.320
241.2266,-3.000,755.045,812.386,-28.670,-14.538,0.320
241.3237,-4.000,766.750,829.770,-31.510,-14.555,0.320
241.4227,-6.000,761.967,859.373,-48.703,-26.115,0.320
241.5217,-7.000,782.314,867.058,-42.372,-16.944,0.320
241.6180,-8.000,795.243,881.891,-43.324,-15.052,0.320
241.7270,-10.000,790.268,910.558,-60.145,-26.217,0.320
241.8272,-12.000,793.913,930.146,-68.116,-28.521,0.320
241.9213,-14.000,799.181,947.721,-74.270,-28.996,0.320
242.0199,-16.000,804.648,964.764,-80.058,-29.094,0.320
242.1181,-18.000,810.042,981.600,-85.779,-29.115,0.320
242.2256,-19.000,831.601,985.869,-77.134,-17.563,0.320
242.3228,-20.000,844.130,999.230,-77.550,-15.180,0.320
242.4217,-21.000,854.792,1014.509,-79.858,-14.688,0.320
242.5206,-22.000,865.086,1030.200,-82.557,-14.586,0.320
242.6283,-23.000,875.317,1045.989,-85.336,-14.565,0.320
242.7273,-24.000,869.633,1045.896,-88.132,-14.561,0.320
242.8247,-26.000,847.682,1058.255,-105.286,-26.116,0.320
242.9223,-27.000,851.057,1048.887,-98.915,-16.945,0.320
243.0199,-28.000,847.183,1046.828,-99.823,-15.052,0.320
243.1272,-29.000,841.831,1046.295,-102.232,-14.662,0.320
243.2255,-30.000,836.191,1046.094,-104.952,-14.581,0.320
243.3235,-30.000,846.781,1033.539,-93.379,-3.009,0.320
243.4213,-31.000,832.058,1042.752,-105.347,-12.176,0.320
243.5184,-31.000,840.880,1032.246,-95.683,-2.513,0.320
243.6264,-32.000,825.883,1041.972,-108.045,-12.074,0.320
243.7230,-32.000,834.725,1031.649,-98.462,-2.491,0.320
243.8200,-33.000,819.798,1041.478,-110.840,-12.070,0.320
243.9257,-34.000,812.435,1043.668,-115.617,-14.046,0.320
244.0237,-35.000,806.608,1044.257,-118.825,-14.454,0.320
244.1220,-35.000,817.353,1032.060,-107.353,-2.983,0.320
244.2204,-35.000,819.103,1029.075,-104.986,-0.615,0.320
244.3210,-36.000,802.792,1040.498,-118.853,-11.683,0.320
244.4189,-36.000,811.486,1030.648,-109.581,-2.411,0.320
244.5274,-36.000,812.908,1028.244,-107.668,-0.497,0.320
244.6252,-36.000,812.885,1027.432,-107.273,-0.103,0.320
244.7220,-36.000,812.612,1026.995,-107.192,-0.021,0.320
244.8195,-36.000,812.327,1026.677,-107.175,-0.004,0.320
244.9195,-36.000,812.074,1026.417,-107.171,-0.001,0.320
245.0277,-36.000,811.857,1026.198,-107.171,-0.000,0.320
245.1260,-36.000,811.672,1026.013,-107.171,-0.000,0.320
245.2243,-36.000,811.514,1025.855,-107.171,-0.000,0.320
245.3232,-36.000,811.380,1025.721,-107.171,-0.000,0.320
245.4229,-37.000,794.991,1038.043,-121.526,-11.556,0.320
245.5204,-37.000,803.933,1028.643,-112.355,-2.384,0.320
245.6198,-38.000,789.356,1038.992,-124.818,-12.048,0.320
245.7190,-39.000,782.345,1041.569,-129.612,-14.042,0.320
245.8184,-40.000,776.829,1042.476,-132.824,-14.453,0.320
245.9279,-39.000,801.116,1015.111,-106.997,8.573,0.320
246.0174,-39.000,794.504,1022.107,-113.801,1.769,0.320
246.1262,-38.000,806.538,1008.238,-100.850,11.921,0.320
246.2253,-37.000,811.074,1002.984,-95.955,14.015,0.320
246.3244,-33.000,854.247,953.560,-49.656,49.114,0.320
246.4244,-29.000,871.713,934.140,-31.214,56.357,0.320
246.5198,-22.000,925.084,875.989,24.548,92.518,0.320
246.6174,-17.000,926.408,880.802,22.803,76.869,0.320
246.7244,-13.000,928.539,890.248,19.145,62.084,0.320
246.8217,-11.000,916.675,919.631,-1.478,35.922,0.320
246.9202,-9.000,925.112,927.766,-1.327,30.524,0.320
247.0264,-8.000,924.161,946.643,-11.241,17.854,0.320
247.1231,-8.000,919.065,969.977,-25.456,3.684,0.320
247.2223,-8.000,923.847,980.696,-28.425,0.760,0.320
247.3230,-8.000,929.787,987.932,-29.073,0.157,0.320
247.4221,-8.000,935.217,993.702,-29.242,0.032,0.320
247.5233,-9.000,923.626,1010.973,-43.674,-11.549,0.320
247.6216,-8.000,949.936,990.331,-20.197,9.172,0.320
247.7193,-7.000,959.802,986.123,-13.161,13.448,0.320
247.8182,-6.000,966.275,985.299,-9.512,14.331,0.320
247.9261,-5.000,972.050,985.166,-6.558,14.513,0.320
248.0242,-4.000,977.683,985.168,-3.743,14.550,0.320
248.1218,-2.000,996.570,969.751,13.409,26.114,0.320
248.2199,-1.000,993.590,979.521,7.034,16.944,0.320
248.3177,-0.000,997.803,981.919,7.942,15.052,0.320
248.4167,2.000,1015.049,965.612,24.719,26.217,0.320
248.5262,3.000,1010.094,973.526,18.284,16.965,0.320
248.6224,5.000,1024.285,957.169,33.558,26.612,0.320
248.7190,5.000,1005.273,980.341,12.466,5.491,0.320
248.8176,7.000,1027.593,953.877,36.858,24.244,0.320
248.9173,8.000,1022.070,958.037,32.017,16.558,0.320
249.0259,9.000,1022.335,955.773,33.281,14.972,0.320
249.1236,10.000,1023.595,951.975,35.810,14.645,0.320
249.2206,11.000,1024.890,947.682,38.604,14.578,0.320
249.3199,11.000,1013.608,959.416,27.096,3.008,0.320
249.4203,11.000,1011.474,961.934,24.770,0.621,0.320
249.5185,11.000,1011.207,962.528,24.339,0.128,0.320
249.6183,12.000,1023.746,946.426,38.660,11.582,0.320
249.7158,11.000,999.166,968.818,15.174,-9.166,0.320
249.8246,11.000,1007.072,962.052,22.510,-1.891,0.320
249.9228,12.000,1021.561,944.693,38.434,11.165,0.320
250.0214,11.000,997.605,967.048,15.279,-9.252,0.320
250.1186,11.000,1005.829,960.464,22.683,-1.909,0.320
250.2161,11.000,1008.103,959.584,24.260,-0.394,0.320
250.3252,11.000,1009.070,959.802,24.634,-0.081,0.320
250.4223,11.000,1009.699,960.179,24.760,-0.017,0.320
250.5217,11.000,1010.202,960.532,24.835,-0.003,0.320
250.6202,11.000,1010.630,960.832,24.899,-0.001,0.320
250.7217,11.000,1011.002,961.079,24.961,-0.000,0.320
250.8201,12.000,1023.767,944.999,39.384,11.556,0.320
250.9177,12.000,1014.755,954.194,30.280,2.384,0.320
251.0248,12.000,1013.007,956.097,28.455,0.492,0.320
251.1225,13.000,1025.191,940.205,42.493,11.657,0.320
251.2200,12.000,1000.495,962.589,18.953,-9.150,0.320
251.3229,12.000,1008.342,955.778,26.282,-1.888,0.320
251.4217,13.000,1022.789,938.371,42.209,11.166,0.320
251.5188,13.000,1014.242,947.402,33.420,2.304,0.320
251.6172,13.000,1012.691,949.363,31.664,0.475,0.320
251.7242,12.000,997.120,963.124,16.998,-11.457,0.320
251.8218,12.000,1007.011,954.694,26.159,-2.364,0.320
251.9190,11.000,994.135,966.652,13.741,-12.043,0.320
252.0191,11.000,1004.865,958.142,23.361,-2.485,0.320
252.1165,10.000,992.401,970.333,11.034,-12.068,0.320
252.2223,10.000,1003.419,962.083,20.668,-2.490,0.320
252.3187,9.000,991.186,974.508,8.339,-12.069,0.320
252.4161,8.000,986.956,979.741,3.607,-14.046,0.320
252.5161,7.000,984.634,983.757,0.439,-14.454,0.320
252.6238,7.000,998.364,974.466,11.949,-2.983,0.320
252.7232,6.000,987.216,987.227,-0.006,-12.171,0.320
252.8203,5.000,983.654,993.001,-4.674,-14.067,0.320
252.9210,4.000,981.845,997.529,-7.842,-14.458,0.320
253.0190,3.000,980.556,1001.969,-10.706,-14.539,0.320
253.1157,2.000,979.510,1006.534,-13.512,-14.556,0.320
253.2138,2.000,994.069,997.966,-1.949,-3.004,0.320
253.3215,2.000,999.010,998.118,0.446,-0.620,0.320
253.4198,2.000,1001.678,999.779,0.950,-0.128,0.320
253.5180,2.000,1003.630,1001.506,1.062,-0.026,0.320
253.6165,2.000,1005.226,1003.037,1.094,-0.005,0.320
253.7159,1.000,991.129,1017.632,-13.251,-11.557,0.320
253.8238,1.000,1002.019,1010.166,-4.074,-2.385,0.320
253.9206,2.000,1017.813,993.442,12.186,11.063,0.320
254.0184,2.000,1010.149,1003.316,3.416,2.283,0.320
254.1157,2.000,1009.287,1006.056,1.616,0.471,0.320
