time_s,error_mm,left_rpm,right_rpm,pid_output,d_term,target_speed_ms
0.0002,-10.000,-419.225,466.717,-442.971,-406.957,0.440
0.0545,-10.000,-74.031,166.092,-120.062,-83.975,0.440
0.1534,-10.000,14.244,121.217,-53.487,-17.328,0.440
0.2524,-10.000,50.189,129.801,-39.806,-3.576,0.440
0.3582,-9.000,93.113,130.265,-18.576,14.119,0.440
0.4562,-9.000,105.603,165.296,-29.846,2.914,0.440
0.5537,-9.000,127.242,191.689,-32.224,0.601,0.440
0.6512,-9.000,150.933,216.464,-32.766,0.124,0.440
0.7495,-9.000,175.187,241.045,-32.929,0.026,0.440
0.8500,-9.000,199.677,265.705,-33.014,0.005,0.440
0.9489,-9.000,224.316,290.482,-33.083,0.001,0.440
1.0569,-9.000,249.073,315.370,-33.149,0.000,0.440
1.1542,-9.000,273.926,340.353,-33.214,0.000,0.440
1.2510,-9.000,298.861,365.418,-33.278,0.000,0.440
1.3476,-9.000,323.867,390.553,-33.343,0.000,0.440
1.4561,-8.000,366.345,396.233,-14.944,14.857,0.440
1.5533,-8.000,380.283,433.869,-26.793,3.066,0.440
1.6508,-8.000,403.531,462.098,-29.283,0.633,0.440
1.7499,-7.000,446.084,468.841,-11.379,14.988,0.440
1.8574,-7.000,460.408,507.057,-23.324,3.093,0.440
1.9553,-6.000,501.467,516.196,-7.365,15.495,0.440
2.0522,-6.000,515.780,555.192,-19.706,3.197,0.440
2.1497,-5.000,557.090,564.734,-3.822,15.517,0.440
2.2496,-4.000,589.084,584.502,2.291,18.059,0.440
2.3484,-4.000,602.042,626.183,-12.070,3.726,0.440
2.4548,-3.000,643.511,636.696,3.408,15.626,0.440
2.5534,-2.000,675.914,657.017,9.449,18.082,0.440
2.6505,-1.000,706.691,679.595,13.548,18.588,0.440
2.7587,-0.000,737.341,702.836,17.253,18.693,0.440
2.8574,1.000,767.244,725.480,20.882,18.714,0.440
2.9551,2.000,796.565,747.564,24.500,18.719,0.440
3.0533,3.000,825.404,769.158,28.123,18.720,0.440
3.1514,4.000,853.837,790.333,31.752,18.720,0.440
3.2489,5.000,881.926,811.150,35.388,18.720,0.440
3.3576,6.000,909.723,831.661,39.031,18.720,0.440
3.4543,7.000,937.275,851.912,42.682,18.720,0.440
3.5523,8.000,964.618,871.940,46.339,18.720,0.440
3.6498,8.000,975.272,912.192,31.540,3.863,0.440
3.7581,8.000,997.718,940.655,28.531,0.797,0.440
3.8546,8.000,1022.599,966.686,27.956,0.164,0.440
3.9527,8.000,1047.983,992.216,27.884,0.034,0.440
4.0513,7.000,1053.958,1035.058,9.450,-14.850,0.440
4.1488,7.000,1091.861,1049.289,21.286,-3.064,0.440
4.2563,6.000,1100.806,1090.198,5.304,-15.489,0.440
4.3543,6.000,1139.650,1104.368,17.641,-3.196,0.440
4.4501,6.000,1168.580,1128.139,20.220,-0.660,0.440
4.5492,6.000,1195.365,1153.791,20.787,-0.136,0.440
4.6486,6.000,1221.621,1179.745,20.938,-0.028,0.440
4.7479,5.000,1228.181,1223.103,2.539,-14.863,0.440
4.8573,5.000,1266.548,1237.805,14.371,-3.067,0.440
4.9544,5.000,1295.393,1261.710,16.842,-0.633,0.440
5.0548,4.000,1302.655,1304.824,-1.085,-14.988,0.440
5.1543,4.000,1341.308,1319.629,10.839,-3.093,0.440
5.2531,4.000,1370.331,1343.686,13.323,-0.638,0.440
5.3515,3.000,1377.731,1386.943,-4.606,-14.989,0.440
5.4480,3.000,1391.032,1376.410,7.311,-3.093,0.440
5.5480,3.000,1394.685,1375.110,9.787,-0.638,0.440
5.6463,3.000,1396.213,1375.582,10.316,-0.132,0.440
5.7537,3.000,1397.189,1376.306,10.442,-0.027,0.440
5.8495,3.000,1397.955,1376.986,10.485,-0.006,0.440
5.9468,4.000,1415.110,1357.159,28.975,14.856,0.440
6.0568,3.000,1384.198,1386.700,-1.251,-11.792,0.440
6.1552,3.000,1394.496,1378.237,8.129,-2.433,0.440
6.2530,2.000,1377.714,1394.479,-8.382,-15.359,0.440
6.3508,1.000,1371.674,1400.959,-14.643,-18.027,0.440
6.4476,-0.000,1368.161,1405.747,-18.793,-18.577,0.440
6.5542,-0.000,1384.946,1393.045,-4.049,-3.833,0.440
6.6546,-1.000,1369.309,1408.252,-19.471,-15.648,0.440
6.7517,-2.000,1362.625,1413.672,-25.524,-18.086,0.440
6.8494,-3.000,1357.512,1416.809,-29.648,-18.589,0.440
6.9481,-4.000,1352.490,1419.252,-33.381,-18.693,0.440
7.0457,-5.000,1347.287,1421.364,-37.038,-18.714,0.440
7.1543,-6.000,1341.875,1423.247,-40.686,-18.719,0.440
7.2551,-6.000,1356.689,1408.435,-25.873,-3.863,0.440
7.3515,-6.000,1359.712,1405.413,-22.851,-0.797,0.440
7.4501,-6.000,1360.301,1404.824,-22.261,-0.164,0.440
7.5480,-6.000,1360.389,1404.737,-22.174,-0.034,0.440
7.6469,-6.000,1360.373,1404.753,-22.190,-0.007,0.440
7.7458,-7.000,1339.921,1421.306,-40.692,-14.859,0.440
7.8554,-6.000,1368.920,1389.892,-10.486,11.791,0.440
7.9521,-6.000,1359.993,1399.767,-19.887,2.433,0.440
8.0510,-6.000,1358.421,1402.144,-21.861,0.502,0.440
8.1478,-7.000,1337.908,1419.442,-40.767,-14.754,0.440
8.2466,-6.000,1367.114,1388.402,-10.644,11.813,0.440
8.3551,-6.000,1358.417,1398.542,-20.062,2.438,0.440
8.4509,-6.000,1357.052,1401.132,-22.040,0.503,0.440
8.5498,-5.000,1374.545,1382.581,-4.018,14.961,0.440
8.6468,-5.000,1363.685,1395.541,-15.928,3.087,0.440
8.7463,-4.000,1379.506,1379.406,0.050,15.494,0.440
8.8550,-4.000,1368.547,1393.098,-12.276,3.197,0.440
8.9544,-3.000,1384.556,1377.311,3.622,15.517,0.440
9.0504,-3.000,1373.814,1391.242,-8.714,3.202,0.440
9.1485,-2.000,1390.021,1375.646,7.187,15.518,0.440
9.2482,-1.000,1365.091,1376.831,6.898,10.846,0.280
9.3457,-1.000,1335.285,1385.634,-1.671,2.283,0.280
9.4521,1.000,1331.802,1361.444,17.691,15.639,0.280
9.5475,2.000,1310.036,1358.269,15.935,10.871,0.280
9.6550,3.000,1292.948,1349.736,17.950,9.868,0.280
9.7525,4.000,1277.432,1339.056,20.762,9.656,0.280
9.8497,5.000,1262.745,1327.056,23.748,9.612,0.280
9.9474,6.000,1248.657,1314.040,26.774,9.602,0.280
10.0539,8.000,1243.842,1287.797,40.399,17.179,0.280
10.1495,9.000,1224.646,1279.175,37.470,11.196,0.280
10.2454,10.000,1210.527,1265.228,39.270,9.936,0.280
10.3537,11.000,1197.703,1249.776,42.071,9.671,0.280
10.4517,12.000,1185.346,1233.679,45.087,9.615,0.280
10.5515,13.000,1173.252,1217.168,48.153,9.603,0.280
10.6473,14.000,1161.355,1200.330,51.235,9.601,0.280
10.7466,15.000,1149.620,1183.221,54.324,9.600,0.280
10.8479,16.000,1138.022,1165.882,57.420,9.600,0.280
10.9449,18.000,1135.327,1135.961,71.107,17.179,0.280
11.0534,19.000,1117.940,1124.205,68.238,11.196,0.280
11.1508,19.000,1096.582,1119.970,59.513,2.357,0.280
11.2488,20.000,1090.970,1096.410,68.231,8.075,0.280
11.3475,21.000,1080.900,1077.263,72.435,9.279,0.280
11.4557,22.000,1069.928,1058.982,75.688,9.532,0.280
11.5539,22.000,1050.018,1053.206,68.163,2.007,0.280
11.6497,23.000,1044.893,1029.078,77.157,8.001,0.280
11.7446,24.000,1035.061,1009.626,81.419,9.263,0.280
11.8523,25.000,1024.254,991.122,84.685,9.529,0.280
11.9517,26.000,1013.255,972.787,87.741,9.585,0.280
12.0503,27.000,1002.228,954.460,90.753,9.597,0.280
12.1501,27.000,982.425,948.492,83.176,2.020,0.280
12.2478,28.000,977.425,924.168,92.160,8.004,0.280
12.3471,29.000,967.705,904.543,96.420,9.264,0.280
12.4450,29.000,948.215,898.268,89.106,1.950,0.280
12.5453,30.000,943.313,873.852,98.146,7.990,0.280
12.6444,30.000,924.862,866.562,91.838,1.682,0.280
12.7535,30.000,911.419,854.306,90.510,0.354,0.280
12.8505,30.000,899.049,841.011,90.231,0.075,0.280
12.9506,30.000,886.921,827.505,90.172,0.016,0.280
13.0499,30.000,874.857,813.960,90.159,0.003,0.280
13.1478,29.000,851.039,809.791,79.578,-7.578,0.280
13.2469,29.000,858.093,803.593,85.561,-1.595,0.280
13.3443,28.000,848.485,811.529,76.241,-7.915,0.280
13.4532,27.000,844.208,814.984,71.911,-9.245,0.280
13.5539,25.000,829.495,827.199,58.052,-17.104,0.280
13.6525,24.000,833.494,824.677,60.976,-11.180,0.280
13.7510,23.000,832.954,827.072,59.223,-9.933,0.280
13.8487,22.000,831.547,830.655,56.486,-9.670,0.280
13.9478,21.000,830.034,834.618,53.541,-9.615,0.280
14.0468,20.000,828.562,838.773,50.553,-9.603,0.280
14.1525,18.000,815.483,852.332,37.084,-17.180,0.280
14.2517,17.000,820.700,851.124,40.170,-11.196,0.280
14.3504,15.000,809.382,864.049,27.941,-17.515,0.280
14.4522,13.000,803.504,872.493,20.689,-18.845,0.280
14.5504,11.000,799.058,880.319,14.475,-19.125,0.280
14.6486,10.000,806.941,878.910,19.055,-11.605,0.280
14.7479,7.000,785.116,902.038,-3.478,-25.180,0.280
14.8442,4.000,774.784,915.278,-15.312,-28.038,0.280
14.9529,2.000,779.149,917.584,-14.323,-21.061,0.280
15.0516,-0.000,778.088,925.516,-18.854,-19.592,0.280
15.1505,-4.000,749.965,951.079,-45.726,-34.440,0.280
15.2484,-7.000,744.913,955.155,-50.315,-29.987,0.280
15.3449,-9.000,747.881,953.157,-47.853,-21.471,0.280
15.4430,-12.000,731.054,966.009,-62.711,-27.257,0.280
15.5438,-15.000,718.172,973.712,-73.019,-28.475,0.280
15.6511,-18.000,705.719,979.963,-82.384,-28.732,0.280
15.7510,-20.000,705.519,976.691,-80.859,-21.207,0.280
15.8498,-23.000,686.658,987.801,-95.853,-27.201,0.280
15.9474,-26.000,672.210,993.861,-106.115,-28.463,0.280
16.0465,-28.000,670.865,989.876,-104.802,-21.150,0.280
16.1466,-31.000,651.166,1000.244,-119.842,-27.190,0.280
16.2449,-33.000,648.413,996.866,-119.534,-20.882,0.280
16.3428,-36.000,628.161,1007.107,-134.785,-27.133,0.280
16.4502,-38.000,625.072,1003.486,-134.522,-20.870,0.280
16.5476,-40.000,616.942,1004.713,-139.204,-19.552,0.280
16.6451,-43.000,595.310,1015.678,-155.505,-26.853,0.280
16.7435,-45.000,591.720,1012.000,-155.463,-20.811,0.280
16.8510,-47.000,583.305,1013.037,-160.191,-19.539,0.280
16.9494,-50.000,561.460,1023.811,-176.502,-26.850,0.280
17.0471,-52.000,557.696,1019.965,-176.463,-20.811,0.280
17.1455,-53.000,561.513,1012.079,-170.612,-11.960,0.280
17.2443,-54.000,558.348,1011.186,-171.749,-10.097,0.280
17.3418,-55.000,553.717,1011.768,-174.357,-9.705,0.280
17.4497,-62.000,474.505,1065.337,-240.748,-55.096,0.280
17.5462,-66.000,468.089,1056.558,-239.567,-41.915,0.280
17.6470,-68.000,475.964,1040.566,-227.634,-23.982,0.280
17.7441,-72.000,444.932,1056.299,-251.017,-35.365,0.280
17.8421,-75.000,435.213,1054.214,-254.834,-30.182,0.280
17.9493,-77.000,433.767,1047.427,-252.164,-21.512,0.280
18.0478,-78.000,437.872,1038.723,-245.760,-12.108,0.280
18.1452,-80.000,422.219,1046.268,-257.359,-17.707,0.280
18.2426,-83.000,398.615,1058.179,-275.117,-26.465,0.280
18.3519,-85.000,394.281,1054.374,-275.381,-20.729,0.280
18.4506,-86.000,397.809,1046.329,-269.595,-11.943,0.280
18.5470,-88.000,382.059,1054.038,-281.324,-17.672,0.280
18.6445,-90.000,370.836,1057.227,-288.530,-18.878,0.280
18.7422,-92.000,360.568,1059.466,-294.784,-19.132,0.280
18.8505,-95.000,338.123,1070.286,-311.417,-26.765,0.280
18.9513,-98.000,321.676,1075.053,-322.024,-28.372,0.280
19.4495,-96.000,-776.488,823.980,-800.000,-1974.857,0.280
19.5468,-96.000,-658.396,750.458,-703.759,-415.759,0.280
19.6469,-94.000,-288.567,422.715,-354.370,-72.370,0.280
19.7449,-95.000,-222.770,396.893,-307.815,-22.815,0.280
19.8413,-95.000,-186.537,398.840,-289.803,-4.803,0.280
19.9511,-95.000,-165.391,414.349,-286.011,-1.011,0.280
20.0483,-94.000,-137.396,421.712,-274.634,7.366,0.280
20.1456,-92.000,-106.061,424.634,-259.291,16.709,0.280
20.2422,-90.000,-82.635,434.527,-251.324,18.676,0.280
20.3503,-89.000,-71.792,456.207,-255.489,11.511,0.280
20.4483,-89.000,-66.257,482.519,-264.577,2.423,0.280
20.5469,-87.000,-32.716,480.249,-245.332,15.668,0.280
20.6440,-87.000,-31.067,509.383,-257.701,3.299,0.280
20.7422,-85.000,1.268,507.414,-239.148,15.852,0.280
20.8502,-84.000,12.914,525.782,-241.084,10.916,0.280
20.9478,-84.000,20.008,553.004,-249.702,2.298,0.280
21.0468,-82.000,53.893,551.128,-230.358,15.642,0.280
21.1458,-81.000,69.868,573.600,-232.128,10.872,0.280
21.2425,-80.000,90.833,593.554,-230.132,9.868,0.280
21.3500,-78.000,123.010,601.998,-216.765,17.235,0.280
21.4479,-77.000,141.355,629.420,-219.793,11.207,0.280
21.5474,-75.000,174.518,640.999,-207.483,17.517,0.280
21.6472,-74.000,194.378,670.409,-210.733,11.267,0.280
21.7431,-72.000,228.970,683.536,-198.470,17.530,0.280
21.8405,-70.000,259.454,702.453,-191.152,18.848,0.280
21.9490,-68.000,289.607,723.129,-184.874,19.126,0.280
22.0472,-65.000,329.524,732.856,-168.237,26.763,0.280
22.1422,-62.000,364.406,749.613,-157.629,28.371,0.280
22.2487,-57.000,417.620,744.930,-127.132,43.868,0.280
22.3476,-56.000,422.762,801.278,-151.186,16.814,0.280
22.4445,-56.000,439.390,847.558,-164.460,3.540,0.280
22.5425,-55.000,474.976,870.682,-156.676,8.324,0.280
22.6412,-54.000,506.500,897.301,-152.669,9.331,0.280
22.7400,-52.000,546.366,912.696,-138.878,17.122,0.280
22.8496,-50.000,580.355,934.518,-131.237,18.763,0.280
22.9478,-48.000,588.052,932.171,-124.892,19.108,0.280
23.0459,-45.000,605.253,918.317,-108.240,26.760,0.280
23.1440,-42.000,617.230,910.985,-97.630,28.370,0.280
23.2420,-39.000,628.631,905.332,-88.290,28.710,0.280
23.3415,-35.000,649.734,888.516,-68.640,36.360,0.280
23.4491,-32.000,656.400,890.293,-65.608,30.392,0.280
23.5483,-29.000,668.133,887.536,-57.865,29.135,0.280
23.6474,-25.000,690.538,872.161,-38.551,36.449,0.280
23.7442,-22.000,698.526,874.949,-35.590,30.410,0.280
23.8422,-19.000,711.314,873.120,-27.975,29.139,0.280
23.9400,-15.000,734.633,858.517,-8.754,36.450,0.280
24.0492,-12.000,743.404,861.954,-5.865,30.411,0.280
24.1481,-9.000,756.978,860.556,1.809,29.139,0.280
24.2472,-6.000,771.590,858.095,10.505,28.871,0.280
24.3452,-3.000,786.443,855.369,19.431,28.815,0.280
24.4431,-1.000,791.985,864.336,17.834,21.224,0.280
24.5403,2.000,811.246,853.808,32.827,27.205,0.280
24.6387,4.000,815.478,858.798,32.531,20.885,0.280
24.7478,6.000,823.432,857.483,37.237,19.555,0.280
24.8432,7.000,822.576,866.382,32.420,11.696,0.280
24.9393,8.000,827.037,868.158,33.813,10.041,0.280
25.0466,10.000,840.835,855.462,47.104,17.272,0.280
25.1448,11.000,839.475,860.158,44.113,11.215,0.280
25.2420,13.000,851.143,847.125,56.495,17.519,0.280
25.3400,14.000,848.569,850.940,53.327,11.267,0.280
25.4388,16.000,859.332,837.031,65.686,17.530,0.280
25.5476,18.000,864.802,827.687,73.112,18.848,0.280
25.6440,20.000,868.817,819.179,79.390,19.126,0.280
25.7407,21.000,863.573,823.004,74.869,11.605,0.280
25.8484,22.000,864.075,820.697,76.286,10.022,0.280
25.9462,23.000,865.664,816.972,78.953,9.689,0.280
26.0429,24.000,867.377,812.844,81.883,9.619,0.280
26.1440,23.000,848.471,830.297,63.710,-5.554,0.280
26.2431,24.000,862.511,814.423,78.674,6.410,0.280
26.3398,23.000,846.387,829.587,63.034,-6.230,0.280
26.4478,22.000,840.614,835.145,57.374,-8.890,0.280
26.5481,21.000,837.258,838.917,53.813,-9.451,0.280
26.6450,20.000,834.614,842.515,50.695,-9.569,0.280
26.7416,20.000,844.071,836.870,58.250,-2.014,0.280
26.8414,19.000,835.614,846.166,49.375,-8.003,0.280
26.9389,19.000,843.901,841.593,55.807,-1.685,0.280
27.0483,19.000,846.921,841.729,57.251,-0.355,0.280
27.1470,18.000,836.871,852.063,47.060,-7.654,0.280
27.2451,17.000,832.855,856.919,42.626,-9.190,0.280
27.3427,17.000,842.069,851.419,49.983,-1.935,0.280
27.4411,17.000,845.276,851.370,51.613,-0.407,0.280
27.5387,15.000,823.471,871.058,30.866,-15.244,0.280
27.6452,14.000,825.910,870.420,32.406,-10.788,0.280
27.7430,14.000,836.776,864.085,41.007,-2.271,0.280
27.8420,12.000,817.008,882.904,21.714,-15.636,0.280
27.9391,10.000,808.451,891.855,12.960,-18.450,0.280
28.0477,9.000,814.459,889.782,17.001,-11.463,0.280
28.1468,6.000,791.380,912.006,-5.650,-25.150,0.280
28.2446,5.000,803.622,905.636,3.656,-12.874,0.280
28.3451,4.000,806.026,908.823,3.265,-10.289,0.280
28.4442,3.000,806.265,913.938,0.827,-9.745,0.280
28.5429,4.000,826.536,897.617,19.123,5.527,0.280
28.6389,4.000,825.375,905.135,14.784,1.164,0.280
28.7378,4.000,827.182,908.732,13.889,0.245,0.280
28.8376,3.000,817.525,920.583,3.135,-7.527,0.280
28.9453,3.000,825.917,917.055,9.095,-1.585,0.280
29.0436,1.000,805.684,936.623,-10.806,-15.492,0.280
29.1435,-0.000,808.852,936.489,-9.154,-10.840,0.280
29.2405,-3.000,783.045,957.076,-32.351,-25.019,0.280
29.3384,-4.000,792.675,948.408,-23.202,-12.846,0.280
29.4487,-5.000,792.317,948.984,-23.669,-10.283,0.280
29.5469,-5.000,801.998,942.489,-15.581,-2.165,0.280
29.6451,-6.000,792.646,950.948,-24.487,-8.035,0.280
29.7443,-5.000,809.459,933.977,-7.595,5.887,0.280
29.8427,-6.000,793.829,948.872,-22.857,-6.339,0.280
29.9404,-7.000,787.600,953.876,-28.474,-8.914,0.280
30.0400,-8.000,783.190,956.646,-32.063,-9.455,0.280
30.1407,-9.000,779.024,958.816,-35.232,-9.570,0.280
30.2391,-11.000,762.408,969.537,-48.901,-17.173,0.280
30.3372,-13.000,751.623,974.110,-56.579,-18.773,0.280
30.4463,-16.000,729.572,986.083,-73.591,-26.689,0.280
30.5454,-18.000,725.992,982.894,-73.787,-20.777,0.280
30.6443,-20.000,717.761,984.173,-78.542,-19.532,0.280
30.7416,-21.000,720.847,977.578,-73.701,-11.691,0.280
30.8386,-23.000,705.327,985.914,-85.629,-17.619,0.280
30.9369,-24.000,706.805,980.731,-82.298,-11.288,0.280
31.0455,-25.000,703.263,980.523,-83.965,-9.955,0.280
31.1430,-26.000,698.650,981.349,-86.685,-9.675,0.280
31.2408,-28.000,681.420,991.159,-100.205,-17.195,0.280
31.3408,-29.000,682.463,986.210,-97.209,-11.199,0.280
31.4375,-31.000,666.386,994.766,-109.526,-17.516,0.280
31.5460,-32.000,667.639,989.521,-106.276,-11.266,0.280
31.6444,-34.000,651.579,997.988,-118.540,-17.530,0.280
31.7449,-35.000,652.812,992.700,-115.279,-11.269,0.280
31.8409,-36.000,649.107,992.359,-116.961,-9.951,0.280
31.9378,-37.000,644.365,993.062,-119.684,-9.674,0.280
32.0378,-37.000,651.785,985.208,-112.047,-2.037,0.280
32.1451,-37.000,653.209,983.416,-110.439,-0.429,0.280
32.2419,-37.000,653.391,982.920,-110.100,-0.090,0.280
32.3393,-37.000,653.329,982.716,-110.029,-0.019,0.280
32.4371,-37.000,653.231,982.588,-110.014,-0.004,0.280
32.5465,-38.000,640.759,991.268,-120.590,-7.580,0.280
32.6434,-38.000,646.631,985.172,-114.606,-1.596,0.280
32.7426,-38.000,647.796,983.817,-113.346,-0.336,0.280
32.8442,-38.000,647.981,983.471,-113.081,-0.071,0.280
32.9410,-39.000,635.589,992.126,-123.604,-7.594,0.280
33.0393,-39.000,641.496,986.042,-117.609,-1.599,0.280
33.1402,-40.000,630.304,993.484,-126.926,-7.916,0.280
33.2365,-40.000,636.459,987.141,-120.676,-1.666,0.280
33.3449,-41.000,625.316,994.525,-129.940,-7.930,0.280
33.4424,-41.000,631.479,988.166,-123.679,-1.669,0.280
33.5427,-41.000,632.713,986.765,-122.361,-0.351,0.280
33.6415,-41.000,632.920,986.417,-122.084,-0.074,0.280
33.7417,-41.000,632.919,986.299,-122.026,-0.016,0.280
33.8423,-41.000,632.880,986.235,-122.013,-0.003,0.280
33.9412,-41.000,632.839,986.189,-122.011,-0.001,0.280
34.0388,-41.000,632.803,986.152,-122.010,-0.000,0.280
34.1373,-41.000,632.772,986.121,-122.010,-0.000,0.280
34.2447,-40.000,642.124,974.315,-111.431,7.579,0.280
34.3438,-39.000,645.977,968.977,-106.835,9.175,0.280
34.4416,-39.000,639.603,977.089,-114.079,1.931,0.280
34.5380,-38.000,648.195,967.573,-105.024,7.986,0.280
34.6373,-37.000,652.377,963.206,-100.750,9.260,0.280
34.7467,-36.000,655.867,960.159,-97.482,9.528,0.280
34.8445,-35.000,659.412,957.591,-94.425,9.585,0.280
34.9433,-34.000,663.139,955.294,-91.413,9.597,0.280
35.0410,-33.000,667.049,953.199,-88.411,9.599,0.280
35.1372,-32.000,671.121,951.271,-85.410,9.600,0.280
35.2365,-31.000,675.332,949.481,-82.410,9.600,0.280
35.3449,-30.000,679.662,947.811,-79.410,9.600,0.280
35.4412,-29.000,684.091,946.240,-76.410,9.600,0.280
35.5378,-27.000,697.986,932.977,-62.831,17.179,0.280
35.6355,-26.000,697.070,938.028,-65.814,11.196,0.280
35.7433,-24.000,710.248,926.567,-53.495,17.515,0.280
35.8402,-23.000,709.528,932.345,-56.744,11.266,0.280
35.9381,-21.000,723.041,921.331,-44.480,17.530,0.280
36.0372,-20.000,722.643,927.454,-47.741,11.269,0.280
36.1352,-18.000,736.329,916.834,-35.588,17.530,0.280
36.2437,-16.000,745.455,911.515,-28.365,18.849,0.280
36.3416,-15.000,744.481,919.324,-32.757,11.547,0.280
36.4406,-14.000,749.065,921.150,-31.378,10.010,0.280
36.5400,-13.000,754.687,921.575,-28.780,9.686,0.280
36.6381,-11.000,769.803,909.801,-15.335,17.197,0.280
36.7365,-10.000,769.965,916.079,-18.393,11.199,0.280
36.8344,-9.000,774.685,917.433,-16.709,9.937,0.280
36.9414,-8.000,780.253,917.628,-14.023,9.671,0.280
37.0409,-7.000,785.904,917.475,-11.121,9.615,0.280
37.1369,-7.000,782.108,928.945,-18.754,2.024,0.280
37.2342,-6.000,793.114,922.061,-9.809,8.005,0.280
37.3419,-5.000,799.396,919.884,-5.580,9.264,0.280
37.4404,-4.000,804.681,918.687,-2.339,9.529,0.280
37.5376,-4.000,800.371,929.472,-9.886,2.006,0.280
37.6360,-4.000,801.516,933.832,-11.494,0.422,0.280
37.7347,-3.000,812.882,924.744,-1.266,7.668,0.280
37.8434,-3.000,809.279,933.283,-7.338,1.614,0.280
37.9405,-3.000,810.085,936.674,-8.630,0.340,0.280
38.0369,-3.000,811.582,938.744,-8.916,0.072,0.280
38.1361,-3.000,813.023,940.334,-8.991,0.015,0.280
38.2340,-3.000,814.282,941.652,-9.021,0.003,0.280
38.3431,-3.000,815.356,942.768,-9.041,0.001,0.280
38.4419,-2.000,825.654,931.933,1.525,7.579,0.280
38.5387,-2.000,820.930,939.199,-4.470,1.596,0.280
38.6360,-1.000,830.123,929.767,4.843,7.915,0.280
38.7436,-1.000,825.267,937.420,-1.412,1.666,0.280
38.8423,-1.000,825.135,939.930,-2.733,0.351,0.280
38.9419,-1.000,825.862,941.223,-3.016,0.074,0.280
39.0416,-1.000,826.657,942.146,-3.080,0.016,0.280
39.1391,-1.000,827.368,942.895,-3.099,0.003,0.280
39.2356,-1.000,827.980,943.524,-3.107,0.001,0.280
39.3434,-1.000,828.501,944.058,-3.114,0.000,0.280
39.4407,-2.000,816.559,953.297,-13.705,-7.579,0.280
39.5411,-2.000,822.881,947.677,-7.734,-1.596,0.280
39.6379,-3.000,812.042,955.513,-17.071,-7.915,0.280
39.7362,-4.000,806.111,958.291,-21.425,-9.245,0.280
39.8380,-5.000,801.161,959.961,-24.735,-9.525,0.280
39.9354,-5.000,808.757,952.577,-17.245,-2.005,0.280
40.0335,-6.000,798.016,959.899,-26.277,-8.001,0.280
40.1421,-7.000,791.958,962.450,-30.581,-9.263,0.280
40.2388,-8.000,786.854,963.973,-33.895,-9.529,0.280
40.3356,-9.000,781.922,965.261,-37.005,-9.585,0.280
40.4349,-10.000,777.002,966.485,-40.077,-9.597,0.280
40.5334,-11.000,772.062,967.682,-43.145,-9.599,0.280
40.6395,-12.000,767.099,968.864,-46.218,-9.600,0.280
40.7363,-13.000,762.114,970.035,-49.296,-9.600,0.280
40.8340,-14.000,757.109,971.198,-52.380,-9.600,0.280
40.9405,-15.000,752.086,972.355,-55.470,-9.600,0.280
41.0385,-15.000,759.433,964.724,-47.981,-2.021,0.280
41.1355,-15.000,760.817,963.097,-46.475,-0.425,0.280
41.2430,-16.000,748.574,971.532,-56.815,-7.669,0.280
41.3388,-16.000,754.415,965.457,-50.856,-1.614,0.280
41.4356,-16.000,755.493,964.178,-49.678,-0.340,0.280
41.5427,-17.000,743.196,972.705,-60.091,-7.651,0.280
41.6425,-17.000,749.031,966.665,-54.153,-1.611,0.280
41.7383,-17.000,750.114,965.409,-52.983,-0.339,0.280
41.8359,-17.000,750.205,965.169,-52.817,-0.071,0.280
41.9343,-17.000,750.097,965.152,-52.863,-0.015,0.280
42.0331,-17.000,749.953,965.189,-52.953,-0.003,0.280
42.1331,-18.000,737.424,974.028,-63.638,-7.580,0.280
42.2402,-17.000,752.616,956.298,-47.177,5.983,0.280
42.3380,-17.000,748.212,961.546,-52.002,1.260,0.280
42.4343,-17.000,747.474,963.001,-53.099,0.265,0.280
42.5334,-17.000,747.467,963.617,-53.410,0.056,0.280
42.6324,-17.000,747.580,964.022,-53.556,0.012,0.280
42.7407,-17.000,747.689,964.353,-53.668,0.002,0.280
42.8400,-17.000,747.772,964.644,-53.771,0.001,0.280
42.9386,-17.000,747.829,964.906,-53.874,0.000,0.280
43.0355,-18.000,735.477,973.928,-64.561,-7.579,0.280
43.1336,-17.000,750.822,956.352,-48.101,5.983,0.280
43.2442,-17.000,746.549,961.730,-52.926,1.260,0.280
43.3426,-17.000,745.922,963.296,-54.023,0.265,0.280
43.4414,-17.000,746.009,964.006,-54.334,0.056,0.280
43.5374,-16.000,755.587,952.707,-43.895,7.591,0.280
43.6356,-16.000,750.267,959.564,-49.984,1.598,0.280
43.7348,-15.000,758.947,949.789,-40.757,7.915,0.280
43.8359,-15.000,753.643,957.163,-47.096,1.666,0.280
43.9327,-14.000,762.502,947.664,-37.916,7.930,0.280
44.0418,-13.000,766.771,943.451,-33.676,9.248,0.280
44.1365,-12.000,770.300,940.569,-30.470,9.526,0.280
44.2340,-11.000,773.867,938.152,-27.478,9.584,0.280
44.3328,-11.000,768.224,947.773,-35.110,2.018,0.280
44.4331,-10.000,777.640,939.338,-26.184,8.004,0.280
44.5313,-10.000,773.178,947.633,-32.563,1.685,0.280
44.6398,-9.000,782.802,938.868,-23.368,7.934,0.280
44.7359,-9.000,778.350,947.050,-29.686,1.670,0.280
44.8338,-8.000,787.948,938.223,-20.473,7.931,0.280
44.9314,-8.000,783.466,946.360,-26.782,1.670,0.280
45.0314,-8.000,783.653,949.279,-28.149,0.351,0.280
45.1388,-8.000,784.648,950.925,-28.474,0.074,0.280
45.2366,-8.000,785.664,952.154,-28.580,0.016,0.280
45.3357,-9.000,774.173,961.953,-39.226,-7.576,0.280
45.4341,-9.000,780.880,956.807,-33.299,-1.595,0.280
45.5317,-9.000,782.749,956.266,-32.094,-0.336,0.280
45.6408,-10.000,771.139,965.404,-42.468,-7.650,0.280
45.7375,-10.000,777.568,959.874,-36.488,-1.610,0.280
45.8350,-11.000,766.777,967.830,-45.862,-7.918,0.280
45.9314,-11.000,773.257,961.939,-39.677,-1.667,0.280
46.0387,-11.000,774.757,960.940,-38.427,-0.351,0.280
46.1356,-12.000,762.796,969.727,-48.801,-7.653,0.280
46.2329,-12.000,768.917,963.908,-42.831,-1.611,0.280
46.3340,-13.000,757.860,971.622,-52.216,-7.918,0.280
46.4340,-14.000,751.728,974.312,-56.628,-9.246,0.280
46.5309,-13.000,768.365,955.349,-38.828,5.632,0.280
46.6395,-14.000,751.967,969.171,-53.937,-6.393,0.280
46.7375,-14.000,757.336,964.612,-48.974,-1.346,0.280
46.8368,-14.000,758.658,963.978,-47.995,-0.283,0.280
46.9340,-14.000,759.091,964.131,-47.856,-0.060,0.280
47.0404,-14.000,759.302,964.416,-47.893,-0.013,0.280
47.1367,-14.000,759.440,964.702,-47.967,-0.003,0.280
47.2357,-14.000,759.537,964.963,-48.049,-0.001,0.280
47.3327,-14.000,759.606,965.200,-48.132,-0.000,0.280
47.4316,-14.000,759.652,965.413,-48.216,-0.000,0.280
47.5321,-14.000,759.679,965.608,-48.300,-0.000,0.280
47.6398,-14.000,759.689,965.785,-48.384,-0.000,0.280
47.7368,-15.000,747.299,974.734,-59.053,-7.579,0.280
47.8342,-15.000,753.230,968.878,-53.160,-1.596,0.280
47.9307,-15.000,754.432,967.741,-51.990,-0.336,0.280
48.0362,-16.000,742.250,976.378,-62.400,-7.650,0.280
48.1321,-16.000,748.186,970.428,-56.456,-1.610,0.280
48.2308,-16.000,749.356,969.247,-55.281,-0.339,0.280
48.3375,-16.000,749.522,969.070,-55.109,-0.071,0.280
48.4374,-16.000,749.479,969.106,-55.149,-0.015,0.280
48.5379,-16.000,749.391,969.186,-55.233,-0.003,0.280
48.6358,-17.000,736.909,978.062,-65.912,-7.580,0.280
48.7348,-17.000,742.759,972.147,-60.030,-1.596,0.280
48.8339,-17.000,743.889,970.962,-58.872,-0.336,0.280
48.9403,-17.000,744.029,970.775,-58.709,-0.071,0.280
49.0386,-16.000,753.347,959.016,-48.170,7.564,0.280
49.1354,-16.000,747.743,965.547,-54.238,1.592,0.280
49.2340,-16.000,746.783,967.294,-55.591,0.335,0.280
49.3336,-15.000,756.142,956.204,-45.366,7.650,0.280
49.4322,-15.000,750.777,963.097,-51.496,1.610,0.280
49.5321,-14.000,759.450,953.323,-42.272,7.918,0.280
49.6296,-14.000,754.148,960.691,-48.607,1.667,0.280
49.7373,-13.000,763.010,951.183,-39.422,7.930,0.280
49.8359,-13.000,757.897,958.747,-45.761,1.669,0.280
49.9352,-12.000,766.928,949.400,-36.572,7.930,0.280
50.0327,-12.000,761.961,957.099,-42.904,1.670,0.280
50.1392,-11.000,771.117,947.865,-33.710,7.930,0.280
50.2398,-11.000,766.256,955.658,-40.036,1.670,0.280
50.3376,-10.000,775.504,946.504,-30.836,7.930,0.280
50.4348,-9.000,780.108,942.580,-26.571,9.249,0.280
50.5327,-8.000,783.926,939.939,-23.342,9.526,0.280
50.6305,-7.000,787.743,937.723,-20.326,9.584,0.280
50.7300,-7.000,782.314,947.512,-27.934,2.018,0.280
50.8295,-6.000,791.918,939.215,-18.984,8.004,0.280
50.9369,-6.000,787.618,947.625,-25.339,1.685,0.280
51.0352,-5.000,797.384,938.954,-16.120,7.934,0.280
51.1324,-5.000,793.055,947.212,-22.414,1.670,0.280
51.2307,-5.000,793.377,950.231,-23.762,0.352,0.280
51.3310,-6.000,782.104,960.743,-34.655,-7.505,0.280
51.4315,-6.000,789.170,956.031,-28.766,-1.580,0.280
51.5303,-6.000,791.381,955.820,-27.555,-0.333,0.280
51.6374,-7.000,780.073,965.228,-37.913,-7.649,0.280
51.7355,-8.000,774.378,968.709,-42.501,-9.189,0.280
51.8344,-8.000,782.143,962.061,-35.295,-1.935,0.280
51.9315,-9.000,771.712,969.842,-44.400,-7.986,0.280
52.0293,-10.000,765.952,972.750,-48.734,-9.260,0.280
52.1385,-11.000,761.105,974.571,-52.068,-9.528,0.280
52.2363,-12.000,756.392,976.114,-55.197,-9.585,0.280
52.3343,-12.000,764.039,968.772,-47.702,-2.018,0.280
52.4330,-13.000,753.305,976.165,-56.766,-8.004,0.280
52.5298,-15.000,734.855,987.574,-71.695,-16.843,0.280
52.6387,-15.000,748.070,974.375,-58.488,-3.546,0.280
52.7373,-16.000,738.402,980.458,-66.363,-8.325,0.280
52.8347,-16.000,744.854,973.957,-59.887,-1.753,0.280
52.9348,-17.000,733.737,981.433,-69.184,-7.948,0.280
53.0312,-17.000,739.862,975.213,-63.011,-1.673,0.280
53.1285,-18.000,728.655,982.739,-72.377,-7.931,0.280
53.2375,-18.000,734.745,976.521,-66.224,-1.670,0.280
53.3350,-19.000,723.515,984.041,-75.598,-7.930,0.280
53.4327,-20.000,717.321,986.483,-79.917,-9.249,0.280
53.5288,-20.000,724.527,979.086,-72.615,-1.947,0.280
53.6364,-21.000,713.605,986.247,-81.657,-7.989,0.280
53.7343,-22.000,707.434,988.621,-85.929,-9.261,0.280
53.8312,-23.000,702.252,989.975,-89.197,-9.529,0.280
53.9316,-24.000,697.269,991.104,-92.253,-9.585,0.280
54.0295,-25.000,692.320,992.178,-95.265,-9.597,0.280
54.1278,-26.000,687.370,993.234,-98.267,-9.599,0.280
54.2275,-27.000,682.415,994.279,-101.268,-9.600,0.280
54.3275,-28.000,677.453,995.318,-104.268,-9.600,0.280
54.4376,-29.000,672.485,996.350,-107.268,-9.600,0.280
54.5343,-30.000,667.513,997.378,-110.268,-9.600,0.280
54.6332,-31.000,662.536,998.401,-113.268,-9.600,0.280
54.7316,-32.000,657.556,999.421,-116.268,-9.600,0.280
54.8319,-32.000,664.952,991.659,-108.689,-2.021,0.280
54.9323,-33.000,654.013,998.687,-117.672,-8.004,0.280
55.0292,-33.000,660.170,992.205,-111.353,-1.685,0.280
55.1298,-33.000,661.363,990.737,-110.023,-0.355,0.280
55.2283,-34.000,649.147,999.119,-120.322,-7.654,0.280
55.3366,-34.000,655.059,992.947,-114.279,-1.611,0.280
55.4333,-34.000,656.221,991.565,-113.007,-0.339,0.280
55.5306,-35.000,644.016,999.982,-123.318,-7.650,0.280
55.6282,-35.000,649.947,993.833,-117.279,-1.611,0.280
55.7371,-36.000,638.746,1001.247,-126.586,-7.918,0.280
55.8350,-36.000,644.888,994.887,-120.335,-1.667,0.280
55.9335,-36.000,646.111,993.478,-119.019,-0.351,0.280
56.0318,-37.000,633.930,1001.901,-129.321,-7.653,0.280
56.1291,-37.000,639.875,995.762,-123.279,-1.611,0.280
56.2364,-37.000,641.064,994.408,-122.007,-0.339,0.280
56.3365,-37.000,641.262,994.070,-121.739,-0.071,0.280
56.4343,-36.000,650.638,982.175,-111.104,7.564,0.280
56.5341,-36.000,645.095,988.576,-117.076,1.592,0.280
56.6322,-36.000,644.203,990.198,-118.333,0.335,0.280
56.7301,-36.000,644.249,990.773,-118.597,0.071,0.280
56.8278,-35.000,653.836,979.313,-108.074,7.594,0.280
56.9278,-34.000,657.924,974.233,-103.490,9.178,0.280
57.0347,-34.000,651.757,982.557,-110.736,1.932,0.280
57.1339,-33.000,660.527,973.220,-101.682,7.986,0.280
57.2309,-32.000,664.861,969.005,-97.408,9.260,0.280
57.3278,-31.000,668.479,966.087,-94.140,9.528,0.280
57.4350,-29.000,681.512,951.850,-80.504,17.164,0.280
57.5310,-28.000,679.829,956.109,-83.476,11.192,0.280
57.6300,-26.000,692.346,943.982,-71.154,17.514,0.280
57.7271,-25.000,691.063,949.196,-74.402,11.266,0.280
57.8363,-23.000,704.098,937.703,-62.138,17.530,0.280
57.9344,-21.000,712.672,931.640,-54.820,18.848,0.280
58.0321,-19.000,720.502,927.143,-48.656,19.126,0.280
58.1340,-16.000,737.860,911.419,-32.115,26.763,0.280
58.2302,-14.000,740.600,914.268,-32.170,20.792,0.280
58.3270,-11.000,757.631,900.787,-16.914,27.114,0.280
58.4268,-9.000,760.938,904.698,-17.216,20.866,0.280
58.5358,-6.000,778.633,891.938,-1.988,27.130,0.280
58.6356,-4.000,782.546,896.420,-2.273,20.869,0.280
58.7340,-2.000,791.384,895.918,2.397,19.551,0.280
58.8318,-0.000,801.249,894.338,8.120,19.274,0.280
58.9292,1.000,801.339,903.691,3.489,11.637,0.280
59.0272,-0.000,785.886,927.769,-16.277,-5.129,0.280
59.1362,-0.000,795.102,928.886,-12.228,-1.080,0.280
59.2342,-0.000,800.345,932.425,-11.375,-0.227,0.280
59.3311,1.000,813.042,923.593,-0.611,7.531,0.280
59.4293,2.000,819.030,920.290,4.034,9.164,0.280
59.5267,4.000,832.018,905.385,17.981,17.087,0.280
59.6346,6.000,838.307,896.266,25.685,18.755,0.280
59.7330,8.000,842.904,888.064,32.084,19.106,0.280
59.8325,10.000,846.905,879.798,38.218,19.180,0.280
59.9304,12.000,850.580,871.298,44.306,19.196,0.280
60.0274,14.000,854.017,862.560,50.393,19.199,0.280
60.1350,16.000,857.261,853.610,56.490,19.200,0.280
60.2323,18.000,860.344,844.477,62.598,19.200,0.280
60.3322,20.000,863.173,835.306,68.598,19.200,0.280
60.4342,21.000,857.098,838.389,64.019,11.621,0.280
60.5309,23.000,865.710,823.034,76.002,17.604,0.280
60.6283,24.000,860.725,824.688,72.683,11.285,0.280
60.7279,26.000,869.458,808.924,84.932,17.534,0.280
60.8264,28.000,873.185,798.020,92.247,18.849,0.280
60.9250,30.000,875.812,788.093,98.524,19.126,0.280
61.0362,32.000,878.168,778.332,104.582,19.184,0.280
61.1250,33.000,871.654,780.951,100.016,11.618,0.280
61.2262,34.000,871.106,777.589,101.423,10.025,0.280
61.3255,36.000,880.588,760.584,114.666,17.268,0.280
61.4351,36.000,866.757,774.019,101.033,3.635,0.280
61.5326,37.000,872.498,764.342,108.742,8.344,0.280
61.6338,38.000,874.517,758.378,112.734,9.336,0.280
61.7316,38.000,866.969,765.572,105.363,1.965,0.280
61.8308,39.000,874.046,754.594,114.391,7.993,0.280
61.9293,39.000,867.579,760.746,108.081,1.683,0.280
62.0363,39.000,866.116,761.941,106.752,0.354,0.280
62.1326,39.000,865.722,762.106,106.473,0.075,0.280
62.2320,39.000,865.567,762.068,106.414,0.016,0.280
62.3298,38.000,853.693,771.377,95.822,-7.576,0.280
62.4288,37.000,848.305,775.185,91.224,-9.174,0.280
62.5261,37.000,856.376,768.771,98.467,-1.931,0.280
62.6244,36.000,846.826,777.330,89.412,-7.986,0.280
62.7320,35.000,842.430,781.483,85.138,-9.260,0.280
62.8298,34.000,839.358,784.948,81.870,-9.528,0.280
62.9289,34.000,848.548,779.093,89.392,-2.006,0.280
63.0288,34.000,851.549,778.926,90.976,-0.422,0.280
63.1267,36.000,870.645,755.040,112.467,15.069,0.280
63.2337,36.000,859.712,767.900,100.570,3.172,0.280
63.3310,38.000,875.585,746.466,119.224,15.826,0.280
63.4279,39.000,872.506,747.218,117.309,10.911,0.280
63.5242,40.000,873.182,743.963,119.274,9.876,0.280
63.6317,41.000,874.569,739.786,122.056,9.658,0.280
63.7304,41.000,867.258,747.724,114.431,2.033,0.280
63.8281,42.000,874.698,737.217,123.405,8.007,0.280
63.9260,42.000,868.573,743.735,117.084,1.686,0.280
64.0261,42.000,867.410,745.233,115.753,0.355,0.280
64.1337,42.000,867.272,745.655,115.473,0.075,0.280
64.2331,43.000,876.112,733.456,125.993,7.595,0.280
64.3304,43.000,870.189,739.524,119.997,1.599,0.280
64.4274,43.000,868.989,740.848,118.735,0.337,0.280
64.5258,44.000,877.554,728.788,129.048,7.650,0.280
64.6340,43.000,859.751,744.221,112.430,-5.968,0.280
64.7340,44.000,873.734,727.622,127.720,6.322,0.280
64.8328,43.000,857.352,742.381,112.150,-6.248,0.280
64.9320,43.000,863.095,738.259,117.083,-1.315,0.280
65.0316,43.000,864.822,737.909,118.121,-0.277,0.280
65.1296,42.000,853.847,747.655,107.761,-7.637,0.280
65.2280,42.000,860.854,742.603,113.790,-1.608,0.280
65.3273,41.000,851.176,751.544,104.481,-7.917,0.280
65.4249,40.000,846.834,755.858,100.152,-9.246,0.280
65.5242,39.000,843.842,759.426,96.873,-9.525,0.280
65.6329,38.000,841.329,763.030,93.814,-9.584,0.280
65.7313,37.000,839.080,766.806,90.801,-9.597,0.280
65.8298,36.000,837.026,770.757,87.799,-9.599,0.280
65.9281,35.000,835.132,774.864,84.798,-9.600,0.280
66.0239,34.000,833.372,779.105,81.798,-9.600,0.280
66.1338,33.000,831.727,783.460,78.798,-9.600,0.280
66.2319,31.000,818.399,797.290,65.219,-17.179,0.280
66.3302,30.000,823.396,796.320,68.202,-11.196,0.280
66.4314,28.000,811.888,809.451,55.883,-17.515,0.280
66.5285,27.000,817.627,808.692,59.132,-11.266,0.280
66.6262,26.000,818.359,812.793,57.447,-9.951,0.280
66.7237,24.000,806.210,827.249,44.145,-17.253,0.280
66.8228,23.000,812.033,826.988,47.187,-11.211,0.280
66.9328,22.000,812.969,831.380,45.459,-9.939,0.280
67.0305,20.000,801.022,846.055,32.148,-17.250,0.280
67.1279,19.000,807.135,845.861,35.301,-11.211,0.280
67.2257,17.000,796.545,859.682,23.096,-17.518,0.280
67.3236,16.000,803.065,859.508,26.443,-11.267,0.280
67.4329,14.000,792.684,873.484,14.264,-17.530,0.280
67.5298,13.000,799.350,873.474,17.603,-11.269,0.280
67.6271,11.000,789.083,887.597,5.408,-17.530,0.280
67.7267,10.000,795.843,887.715,8.728,-11.270,0.280
67.8229,9.000,797.439,892.567,7.101,-9.951,0.280
67.9293,7.000,786.019,907.666,-6.159,-17.253,0.280
68.0258,6.000,792.461,907.952,-3.081,-11.211,0.280
68.1240,5.000,793.922,912.809,-4.779,-9.939,0.280
68.2320,4.000,794.199,918.503,-7.487,-9.671,0.280
68.3304,3.000,794.111,924.266,-10.413,-9.615,0.280
68.4296,2.000,793.847,929.954,-13.389,-9.603,0.280
68.5301,1.000,793.461,935.551,-16.381,-9.601,0.280
68.6267,-0.000,792.976,941.065,-19.380,-9.600,0.280
68.7245,-1.000,791.807,945.908,-22.386,-9.600,0.280
68.8327,-2.000,790.057,950.182,-25.398,-9.600,0.280
68.9295,-2.000,800.196,945.187,-17.831,-2.021,0.280
69.0260,-3.000,791.581,954.575,-26.832,-8.004,0.280
69.1339,-3.000,799.711,950.102,-20.531,-1.685,0.280
69.2313,-4.000,790.193,959.129,-29.804,-7.934,0.280
69.3320,-4.000,797.723,954.181,-23.564,-1.670,0.280
69.4292,-5.000,787.730,962.769,-32.855,-7.931,0.280
69.5299,-5.000,794.864,957.440,-26.624,-1.670,0.280
69.6301,-5.000,796.920,956.920,-25.335,-0.351,0.280
69.7296,-5.000,797.820,957.325,-25.088,-0.074,0.280
69.8270,-5.000,798.402,957.851,-25.060,-0.016,0.280
69.9236,-5.000,798.856,958.340,-25.077,-0.003,0.280
70.0319,-5.000,799.229,958.768,-25.105,-0.001,0.280
70.1303,-5.000,799.540,959.138,-25.134,-0.000,0.280
70.2281,-5.000,799.800,959.457,-25.164,-0.000,0.280
70.3264,-4.000,809.401,947.948,-14.609,7.579,0.280
70.4250,-4.000,804.083,954.644,-20.616,1.596,0.280
70.5241,-4.000,803.385,956.514,-21.900,0.336,0.280
70.6341,-3.000,812.978,945.516,-11.604,7.650,0.280
70.7324,-2.000,817.209,940.691,-7.077,9.189,0.280
70.8307,-2.000,811.190,949.206,-14.343,1.935,0.280
70.9283,-1.000,820.096,940.021,-5.298,7.986,0.280
71.0260,-1.000,815.167,947.713,-11.609,1.681,0.280
71.1337,-0.000,824.393,938.436,-2.357,7.933,0.280
71.2317,1.000,828.393,933.792,1.965,9.249,0.280
71.3218,2.000,831.108,929.929,5.254,9.526,0.280
71.4216,2.000,824.612,938.450,-2.255,2.005,0.280
71.5293,3.000,832.687,928.497,6.759,8.001,0.280
71.6239,4.000,835.874,923.112,11.045,9.263,0.280
71.7254,5.000,837.936,918.583,14.341,9.529,0.280
71.8218,7.000,848.464,901.757,28.018,17.164,0.280
71.9292,8.000,844.065,903.205,25.094,11.192,0.280
72.0289,9.000,844.306,899.853,26.891,9.935,0.280
72.1284,11.000,854.265,883.051,40.272,17.250,0.280
72.2286,13.000,858.374,871.925,47.889,18.789,0.280
72.3294,14.000,852.422,874.313,43.719,11.535,0.280
72.4289,16.000,860.954,858.551,55.866,17.586,0.280
72.5248,18.000,864.664,847.496,63.248,18.860,0.280
72.6239,20.000,867.210,837.506,69.516,19.128,0.280
72.7224,21.000,860.724,840.065,64.994,11.606,0.280
72.8301,23.000,868.951,824.301,76.989,17.601,0.280
72.9280,24.000,863.630,825.614,73.672,11.284,0.280
73.0262,25.000,863.297,821.941,75.343,9.955,0.280
73.1237,27.000,872.794,804.839,88.642,17.254,0.280
73.2244,28.000,867.719,805.849,85.599,11.211,0.280
73.3222,29.000,867.420,802.094,87.327,9.939,0.280
73.4204,30.000,868.129,797.339,90.059,9.671,0.280
73.5293,30.000,860.273,804.754,82.424,2.036,0.280
73.6271,31.000,867.258,793.796,91.396,8.008,0.280
73.7274,31.000,860.748,799.929,85.074,1.686,0.280
73.8255,32.000,868.035,788.720,94.322,7.934,0.280
73.9230,32.000,861.605,794.818,88.058,1.670,0.280
74.0213,33.000,868.924,783.616,97.319,7.931,0.280
74.1319,33.000,862.513,789.727,91.058,1.670,0.280
74.2284,33.000,861.067,790.917,89.739,0.351,0.280
74.3273,33.000,860.681,791.086,89.462,0.074,0.280
74.4244,34.000,869.309,778.673,99.983,7.595,0.280
74.5234,34.000,863.205,784.560,93.987,1.599,0.280
74.6221,34.000,861.851,785.731,92.725,0.337,0.280
74.7304,33.000,849.728,795.297,81.880,-7.508,0.280
74.8281,33.000,856.069,789.783,87.807,-1.581,0.280
74.9253,33.000,857.668,788.886,89.055,-0.333,0.280
75.0223,33.000,858.229,788.922,89.318,-0.070,0.280
75.1217,33.000,858.539,789.121,89.373,-0.015,0.280
75.2287,33.000,858.766,789.325,89.385,-0.003,0.280
75.3262,33.000,858.952,789.506,89.387,-0.001,0.280
75.4242,33.000,822.761,820.344,47.673,-0.000,0.180
75.5224,33.000,825.546,809.189,47.674,-0.000,0.180
75.6213,33.000,826.003,797.798,47.674,-0.000,0.180
75.7292,34.000,827.782,779.905,52.474,3.200,0.180
75.8275,34.000,822.138,771.034,49.807,0.533,0.180
75.9254,34.000,817.252,759.761,49.362,0.089,0.180
76.0219,34.000,811.493,747.965,49.288,0.015,0.180
76.1227,33.000,798.439,739.278,44.476,-3.198,0.180
76.2229,34.000,796.988,718.429,51.941,2.667,0.180
76.3226,34.000,786.778,708.865,49.718,0.445,0.180
76.4235,34.000,777.708,697.308,49.348,0.074,0.180
76.5226,33.000,762.041,688.620,44.486,-3.188,0.180
76.6216,33.000,755.104,674.038,47.142,-0.531,0.180
76.7286,33.000,745.482,661.548,47.585,-0.089,0.180
76.8288,33.000,735.091,649.324,47.659,-0.015,0.180
76.9245,33.000,724.298,637.074,47.671,-0.002,0.180
77.0235,32.000,706.906,628.060,42.873,-3.200,0.180
77.1220,32.000,698.459,613.243,45.540,-0.533,0.180
77.2224,32.000,687.546,600.562,45.985,-0.089,0.180
77.3205,32.000,676.056,588.176,46.059,-0.015,0.180
77.4278,31.000,658.030,579.089,41.271,-3.202,0.180
77.5260,31.000,649.035,564.217,43.940,-0.534,0.180
77.6244,31.000,637.657,551.490,44.385,-0.089,0.180
77.7228,31.000,625.771,539.066,44.459,-0.015,0.180
77.8204,30.000,607.408,529.946,39.671,-3.202,0.180
77.9286,30.000,610.860,527.778,42.340,-0.534,0.180
78.0277,29.000,605.670,531.059,37.985,-3.289,0.180
78.1250,29.000,609.202,528.906,40.725,-0.548,0.180
78.2258,28.000,604.031,532.248,36.382,-3.291,0.180
78.3237,28.000,607.570,530.154,39.125,-0.549,0.180
78.4209,28.000,608.704,530.249,39.582,-0.091,0.180
78.5285,27.000,603.056,533.942,34.858,-3.215,0.180
78.6257,27.000,606.449,531.886,37.538,-0.536,0.180
78.7223,26.000,601.203,535.270,33.184,-3.289,0.180
78.8210,25.000,598.385,536.504,31.125,-3.748,0.180
78.9301,25.000,602.363,534.180,34.249,-0.625,0.180
79.0281,24.000,597.310,537.639,29.969,-3.304,0.180
79.1260,24.000,600.907,535.688,32.723,-0.551,0.180
79.2232,23.000,595.782,539.211,28.382,-3.292,0.180
79.3215,22.000,593.059,540.573,26.325,-3.749,0.180
79.4201,22.000,597.116,538.358,29.449,-0.625,0.180
79.5190,21.000,592.130,541.910,25.169,-3.304,0.180
79.6264,20.000,589.483,543.338,23.123,-3.751,0.180
79.7235,19.000,587.359,544.427,21.509,-3.825,0.180
79.8212,19.000,591.674,542.232,24.758,-0.638,0.180
79.9199,18.000,586.869,545.838,20.547,-3.306,0.180
80.0179,17.000,584.374,547.315,18.556,-3.751,0.180
80.1288,16.000,582.322,548.501,16.933,-3.825,0.180
80.2268,15.000,580.393,549.694,15.369,-3.838,0.180
80.3255,15.000,584.829,547.632,18.615,-0.640,0.180
80.4236,14.000,580.119,551.361,14.393,-3.307,0.180
80.5229,13.000,577.701,552.945,12.390,-3.751,0.180
80.6219,13.000,582.015,550.921,15.557,-0.625,0.180
80.7185,12.000,577.250,554.633,11.317,-3.304,0.180
80.8264,12.000,581.095,552.893,14.109,-0.551,0.180
80.9254,11.000,576.185,556.592,9.803,-3.292,0.180
81.0229,11.000,579.950,554.798,12.581,-0.549,0.180
81.1217,11.000,581.281,555.143,13.073,-0.091,0.180
81.2173,11.000,582.105,555.743,13.185,-0.015,0.180
81.3191,10.000,576.455,559.603,8.429,-3.203,0.180
81.4185,10.000,579.896,557.641,11.130,-0.534,0.180
81.5279,9.000,574.698,561.095,6.804,-3.289,0.180
81.6265,9.000,578.228,559.085,9.573,-0.548,0.180
81.7240,8.000,573.056,562.547,5.256,-3.291,0.180
81.8228,7.000,570.295,563.855,3.221,-3.749,0.180
81.9196,7.000,574.323,561.591,6.367,-0.625,0.180
82.0174,6.000,569.314,565.101,2.107,-3.304,0.180
82.1255,5.000,566.646,566.495,0.077,-3.751,0.180
82.2249,4.000,564.443,567.614,-1.585,-3.825,0.180
82.3231,4.000,568.683,565.453,1.615,-0.638,0.180
82.4228,3.000,563.807,569.096,-2.644,-3.306,0.180
82.5207,2.000,561.245,570.610,-4.682,-3.751,0.180
82.6213,1.000,559.129,571.836,-6.353,-3.825,0.180
82.7199,1.000,563.441,569.766,-3.162,-0.638,0.180
82.8175,-0.000,558.625,573.488,-7.431,-3.306,0.180
82.9272,-0.000,562.416,571.768,-4.676,-0.551,0.180
83.0259,-1.000,557.452,575.492,-9.020,-3.292,0.180
83.1225,-2.000,554.862,577.028,-11.083,-3.749,0.180
83.2182,-3.000,552.728,578.266,-12.769,-3.825,0.180
83.3170,-3.000,557.025,576.207,-9.591,-0.637,0.180
83.4166,-4.000,552.195,579.940,-13.873,-3.306,0.180
83.5248,-4.000,555.971,578.231,-11.130,-0.551,0.180
83.6223,-5.000,550.993,581.967,-15.487,-3.292,0.180
83.7203,-6.000,548.388,583.515,-17.563,-3.749,0.180
83.8196,-6.000,552.544,581.461,-14.458,-0.625,0.180
83.9170,-7.000,547.636,585.156,-18.760,-3.304,0.180
84.0249,-7.000,551.351,583.409,-16.029,-0.551,0.180
84.1215,-7.000,552.624,583.810,-15.593,-0.092,0.180
84.2204,-7.000,553.390,584.467,-15.538,-0.015,0.180
84.3189,-7.000,553.984,585.081,-15.548,-0.003,0.180
84.4166,-8.000,548.175,588.918,-20.372,-3.200,0.180
84.5249,-7.000,554.781,580.635,-12.927,2.667,0.180
84.6235,-7.000,553.324,583.667,-15.172,0.444,0.180
84.7229,-7.000,553.601,584.729,-15.564,0.074,0.180
84.8210,-7.000,554.086,585.383,-15.648,0.012,0.180
84.9190,-7.000,554.537,585.899,-15.681,0.002,0.180
85.0165,-7.000,554.924,586.334,-15.705,0.000,0.180
85.1256,-7.000,555.250,586.706,-15.728,0.000,0.180
85.2238,-7.000,555.525,587.026,-15.750,0.000,0.180
85.3209,-7.000,555.755,587.301,-15.773,0.000,0.180
85.4183,-7.000,555.947,587.537,-15.795,0.000,0.180
85.5176,-7.000,556.107,587.742,-15.818,0.000,0.180
85.6153,-7.000,556.240,587.920,-15.840,0.000,0.180
85.7225,-6.000,559.652,581.771,-11.059,3.200,0.180
85.8203,-7.000,551.000,588.097,-18.548,-2.667,0.180
85.9166,-6.000,557.015,580.105,-11.545,2.756,0.180
86.0244,-6.000,555.359,583.080,-13.861,0.459,0.180
86.1214,-6.000,555.518,584.043,-14.263,0.077,0.180
86.2184,-5.000,559.215,578.300,-9.542,3.213,0.180
86.3243,-5.000,557.152,581.623,-12.236,0.535,0.180
86.4238,-5.000,557.225,582.621,-12.698,0.089,0.180
86.5212,-4.000,560.893,576.863,-7.985,3.215,0.180
86.6187,-4.000,558.813,580.167,-10.677,0.536,0.180
86.7163,-3.000,562.177,574.844,-6.333,3.289,0.180
86.8242,-3.000,560.094,578.261,-9.084,0.548,0.180
86.9206,-2.000,563.498,572.992,-4.747,3.291,0.180
87.0213,-2.000,561.456,576.448,-7.496,0.549,0.180
87.1195,-1.000,564.896,571.209,-3.157,3.291,0.180
87.2163,-1.000,562.886,574.691,-5.903,0.549,0.180
87.3238,-0.000,566.354,569.474,-1.560,3.291,0.180
87.4217,1.000,567.671,566.670,0.501,3.749,0.180
87.5201,1.000,565.419,570.659,-2.620,0.625,0.180
87.6187,2.000,568.942,565.611,1.666,3.304,0.180
87.7171,2.000,567.048,569.210,-1.081,0.551,0.180
87.8245,3.000,570.623,564.084,3.269,3.292,0.180
87.9224,4.000,572.033,561.355,5.339,3.749,0.180
88.0201,5.000,573.165,559.103,7.031,3.825,0.180
88.1189,5.000,571.017,563.298,3.860,0.637,0.180
88.2171,6.000,574.675,558.380,8.148,3.306,0.180
88.3147,7.000,576.207,555.777,10.215,3.751,0.180
88.4222,7.000,574.149,559.925,7.112,0.625,0.180
88.5192,8.000,577.841,555.009,11.416,3.304,0.180
88.6178,9.000,579.397,552.414,13.491,3.751,0.180
88.7177,9.000,577.358,556.568,10.395,0.625,0.180
88.8169,9.000,577.765,557.960,9.903,0.104,0.180
88.9242,10.000,581.775,552.479,14.648,3.217,0.180
89.0214,10.000,580.000,556.003,11.999,0.536,0.180
89.1212,10.000,580.329,557.161,11.584,0.089,0.180
89.2167,11.000,584.222,551.533,16.344,3.215,0.180
89.3146,11.000,582.340,554.939,13.701,0.536,0.180
89.4141,11.000,582.576,555.998,13.289,0.089,0.180
89.5214,11.000,583.088,556.588,13.250,0.015,0.180
89.6217,11.000,583.579,557.033,13.273,0.002,0.180
89.7196,11.000,584.010,557.398,13.306,0.000,0.180
89.8165,11.000,584.383,557.701,13.341,0.000,0.180
89.9150,11.000,584.705,557.953,13.376,0.000,0.180
90.0254,12.000,588.288,551.859,18.214,3.200,0.180
90.1229,12.000,586.093,554.920,15.586,0.533,0.180
90.2212,12.000,586.054,555.694,15.180,0.089,0.180
90.3212,11.000,580.028,559.346,10.341,-3.185,0.180
90.4204,11.000,583.208,557.147,13.031,-0.531,0.180
90.5178,10.000,577.800,560.389,8.705,-3.288,0.180
90.6157,10.000,581.152,558.197,11.478,-0.548,0.180
90.7154,9.000,575.830,561.504,7.163,-3.291,0.180
90.8228,9.000,579.245,559.376,9.935,-0.549,0.180
90.9213,9.000,580.278,559.437,10.421,-0.091,0.180
91.0195,8.000,574.545,563.100,5.722,-3.215,0.180
91.1178,8.000,577.870,561.016,8.427,-0.536,0.180
91.2170,7.000,572.567,564.374,4.096,-3.289,0.180
91.3157,5.000,563.397,568.890,-2.747,-6.948,0.180
91.4224,4.000,563.922,567.409,-1.744,-4.358,0.180
91.5216,2.000,556.054,571.465,-7.706,-7.126,0.180
91.6218,1.000,557.076,570.203,-6.564,-4.388,0.180
91.7205,-0.000,555.830,571.245,-7.707,-3.931,0.180
91.8168,-1.000,554.216,572.685,-9.234,-3.855,0.180
91.9148,-3.000,546.245,577.508,-15.631,-7.043,0.180
92.0217,-5.000,541.160,579.917,-19.379,-7.574,0.180
92.1202,-9.000,524.106,588.698,-32.296,-14.062,0.180
92.2178,-11.000,525.673,586.098,-30.213,-8.744,0.180
92.3177,-11.000,535.485,581.407,-22.961,-1.457,0.180
92.4139,-14.000,519.931,592.315,-36.192,-9.843,0.180
92.5223,-16.000,518.008,593.289,-37.640,-8.040,0.180
92.6215,-19.000,508.344,599.146,-45.401,-10.940,0.180
92.7181,-20.000,514.043,596.211,-41.084,-5.023,0.180
92.8148,-21.000,514.604,598.000,-41.698,-4.037,0.180
92.9136,-22.000,514.166,600.434,-43.134,-3.873,0.180
93.0212,-21.000,523.043,593.255,-35.106,2.555,0.180
93.1172,-21.000,523.135,597.605,-37.235,0.426,0.180
93.2154,-22.000,518.369,603.148,-42.390,-3.129,0.180
93.3170,-21.000,526.106,596.071,-34.982,2.678,0.180
93.4152,-21.000,525.654,600.083,-37.214,0.446,0.180
93.5227,-19.000,533.335,589.429,-28.047,6.474,0.180
93.6203,-19.000,529.615,596.622,-33.503,1.079,0.180
93.7174,-15.000,543.344,573.845,-15.251,12.980,0.180
93.8148,-14.000,537.937,580.561,-21.312,5.363,0.180
93.9227,-12.000,542.086,574.525,-16.220,7.294,0.180
94.0210,-11.000,541.470,576.537,-17.533,4.416,0.180
94.1196,-9.000,546.455,569.738,-11.642,7.136,0.180
94.2164,-9.000,542.709,577.943,-17.617,1.189,0.180
94.3174,-6.000,553.493,561.948,-4.227,9.798,0.180
94.4141,-6.000,547.595,572.418,-12.412,1.633,0.180
94.5133,-6.000,548.157,575.741,-13.792,0.272,0.180
94.6211,1.000,572.685,533.516,19.585,22.445,0.180
94.7189,1.000,556.962,555.196,0.883,3.741,0.180
94.8174,3.000,562.987,548.236,7.375,7.023,0.180
94.9164,4.000,563.049,550.378,6.335,4.371,0.180
95.0154,4.000,561.856,556.444,2.706,0.728,0.180
95.1143,10.000,583.152,521.290,30.931,19.321,0.180
95.2123,10.000,570.194,540.470,14.862,3.220,0.180
95.3224,10.000,570.186,545.765,12.210,0.537,0.180
95.4206,10.000,572.018,548.428,11.795,0.089,0.180
95.5203,10.000,573.886,550.381,11.753,0.015,0.180
95.6185,11.000,578.832,545.682,16.575,3.202,0.180
95.7160,11.000,577.804,549.921,13.942,0.534,0.180
95.8124,12.000,582.062,545.391,18.335,3.289,0.180
95.9195,13.000,584.048,543.175,20.436,3.748,0.180
96.0169,14.000,585.671,541.356,22.157,3.825,0.180
96.1160,14.000,583.945,545.915,19.015,0.637,0.180
96.2121,14.000,584.663,547.606,18.529,0.106,0.180
96.3212,14.000,585.643,548.673,18.485,0.018,0.180
96.4194,15.000,589.846,543.210,23.318,3.203,0.180
96.5181,15.000,588.190,546.796,20.697,0.534,0.180
96.6176,19.000,601.825,522.799,39.513,12.889,0.180
96.7139,22.000,602.581,516.237,43.172,11.748,0.180
96.8134,24.000,601.424,515.460,42.982,8.358,0.180
96.9121,25.000,599.936,518.302,40.817,4.593,0.180
100.9070,26.000,823.746,-776.254,800.000,1058.087,0.440
100.9184,26.000,703.091,-611.029,657.060,563.460,0.440
101.0156,26.000,276.943,-142.796,209.869,116.269,0.440
101.1138,25.000,186.196,-12.074,99.135,9.135,0.440
101.2117,25.000,198.036,14.266,91.885,1.885,0.440
101.3189,25.000,214.868,34.090,90.389,0.389,0.440
101.4156,25.000,233.020,52.860,90.080,0.080,0.440
101.5130,25.000,252.469,72.435,90.017,0.017,0.440
101.6134,24.000,253.353,110.261,71.546,-14.854,0.440
101.7138,24.000,286.913,120.243,83.335,-3.065,0.440
101.8138,24.000,311.671,140.136,85.768,-0.632,0.440
101.9113,24.000,334.969,162.430,86.269,-0.131,0.440
102.0093,23.000,338.762,202.930,67.916,-14.884,0.440
102.1204,23.000,374.719,215.262,79.729,-3.071,0.440
102.2199,23.000,401.499,237.167,82.166,-0.634,0.440
102.3178,23.000,426.513,261.174,82.669,-0.131,0.440
102.4146,23.000,451.270,285.724,82.773,-0.027,0.440
102.5148,24.000,492.574,290.071,101.252,14.852,0.440
102.6129,25.000,522.016,306.172,107.922,17.922,0.440
102.7109,25.000,532.468,345.071,93.698,3.698,0.440
102.8191,25.000,554.327,372.800,90.763,0.763,0.440
102.9167,26.000,595.122,377.893,108.615,15.015,0.440
103.0150,26.000,608.029,414.632,96.698,3.098,0.440
103.1119,26.000,630.489,442.010,94.239,0.639,0.440
103.2089,26.000,654.982,467.518,93.732,0.132,0.440
103.3173,27.000,696.455,472.286,112.084,14.884,0.440
103.4148,28.000,726.121,488.664,118.729,17.929,0.440
103.5123,28.000,736.780,527.781,104.500,3.700,0.440
103.6092,29.000,775.326,535.285,120.021,15.621,0.440
103.7168,30.000,804.327,552.166,126.080,18.080,0.440
103.8153,30.000,814.797,591.335,111.731,3.731,0.440
103.9125,31.000,853.259,598.805,127.227,15.627,0.440
104.0103,31.000,865.698,636.049,114.825,3.225,0.440
104.1087,32.000,904.581,643.136,130.723,15.523,0.440
104.2167,33.000,933.625,659.904,136.860,18.060,0.440
104.3138,33.000,944.082,699.028,122.527,3.727,0.440
104.4114,34.000,982.523,706.470,138.026,15.626,0.440
104.5187,34.000,994.941,743.692,125.624,3.224,0.440
104.6182,34.000,1017.299,771.168,123.065,0.665,0.440
104.7083,34.000,1041.770,796.695,122.537,0.137,0.440
104.8181,35.000,1083.237,801.466,140.885,14.885,0.440
104.9161,35.000,1096.394,838.250,129.072,3.072,0.440
105.0130,35.000,1119.001,865.733,126.634,0.634,0.440
105.1102,35.000,1143.605,891.344,126.131,0.131,0.440
105.2113,35.000,1168.663,916.609,126.027,0.027,0.440
105.3093,35.000,1193.848,941.837,126.006,0.006,0.440
105.4163,35.000,1219.090,967.087,126.001,0.001,0.440
105.5141,34.000,1224.860,1009.774,107.543,-14.857,0.440
105.6099,33.000,1243.058,1041.304,100.877,-17.923,0.440
105.7087,33.000,1283.737,1053.533,115.102,-3.698,0.440
105.8174,33.000,1312.977,1076.904,118.037,-0.763,0.440
105.9144,33.000,1339.763,1102.478,118.643,-0.157,0.440
106.0137,32.000,1346.453,1145.832,100.310,-14.890,0.440
106.1106,31.000,1365.352,1178.011,93.670,-17.930,0.440
106.2177,30.000,1387.102,1208.216,89.443,-18.557,0.440
106.3140,28.000,1364.751,1230.238,67.257,-33.543,0.440
106.4111,26.000,1355.219,1241.291,56.964,-36.636,0.440
106.5093,23.000,1329.420,1268.083,30.669,-52.131,0.440
106.6086,21.000,1336.702,1266.445,35.128,-40.472,0.440
106.7168,19.000,1335.343,1274.401,30.471,-38.066,0.440
106.8151,18.000,1351.981,1267.272,42.354,-22.712,0.440
106.9137,16.000,1336.648,1289.486,23.581,-34.401,0.440
107.0127,14.000,1330.961,1302.822,14.070,-36.813,0.440
107.1091,12.000,1327.501,1314.584,6.458,-37.311,0.440
107.2177,10.000,1324.698,1326.243,-0.772,-37.413,0.440
107.3144,7.000,1302.684,1355.485,-26.400,-52.292,0.440
107.4129,4.000,1293.265,1373.749,-40.242,-55.362,0.440
107.5117,2.000,1306.462,1372.869,-33.204,-41.138,0.440
107.6096,1.000,1327.846,1365.855,-19.004,-23.346,0.440
107.7181,-1.000,1314.060,1388.855,-37.397,-34.532,0.440
107.8153,-4.000,1287.132,1417.915,-65.391,-51.697,0.440
107.9127,-6.000,1292.710,1415.349,-61.320,-40.382,0.440
108.0098,-8.000,1288.168,1420.652,-66.242,-38.047,0.440
108.1116,-10.000,1280.801,1426.866,-73.032,-37.565,0.440
108.2110,-11.000,1292.638,1416.148,-61.755,-22.609,0.440
108.3111,-13.000,1271.649,1433.288,-80.820,-34.380,0.440
108.4099,-15.000,1259.377,1440.490,-90.556,-36.808,0.440
108.5083,-17.000,1248.498,1445.258,-98.380,-37.310,0.440
108.6163,-18.000,1257.975,1432.687,-87.356,-22.556,0.440
108.7141,-21.000,1214.840,1464.492,-124.826,-49.226,0.440
108.8117,-22.000,1233.186,1441.616,-104.215,-25.015,0.440
108.9072,-23.000,1232.206,1437.844,-102.819,-20.019,0.440
109.0164,-24.000,1227.168,1437.944,-105.388,-18.988,0.440
109.1159,-25.000,1221.232,1438.783,-108.775,-18.775,0.440
109.2148,-26.000,1215.060,1439.722,-112.331,-18.731,0.440
109.3124,-26.000,1229.202,1424.132,-97.465,-3.865,0.440
109.4089,-26.000,1231.654,1420.449,-94.398,-0.798,0.440
109.5064,-26.000,1231.764,1419.293,-93.765,-0.165,0.440
109.6147,-26.000,1231.450,1418.718,-93.634,-0.034,0.440
109.7116,-25.000,1248.506,1398.806,-75.150,14.850,0.440
109.8092,-24.000,1254.414,1391.371,-68.479,17.921,0.440
109.9075,-24.000,1241.041,1406.445,-82.702,3.698,0.440
110.0146,-23.000,1256.237,1390.596,-67.180,15.620,0.440
110.1131,-23.000,1245.062,1404.216,-79.577,3.223,0.440
110.2104,-22.000,1260.950,1388.305,-63.678,15.522,0.440
110.3098,-21.000,1267.528,1382.608,-57.540,18.060,0.440
110.4080,-20.000,1272.476,1379.309,-53.416,18.584,0.440
110.5163,-20.000,1259.928,1396.259,-68.165,3.835,0.440
110.6142,-20.000,1258.755,1401.173,-71.209,0.791,0.440
110.7115,-19.000,1276.988,1384.021,-53.516,15.020,0.440
110.8106,-18.000,1284.303,1378.523,-47.110,17.957,0.440
110.9080,-17.000,1289.610,1375.662,-43.026,18.562,0.440
111.0150,-16.000,1294.709,1373.542,-39.417,18.687,0.440
111.1118,-15.000,1299.943,1371.740,-35.899,18.713,0.440
111.2084,-14.000,1305.356,1370.144,-32.394,18.719,0.440
111.3061,-13.000,1310.935,1368.709,-28.887,18.720,0.440
111.4153,-12.000,1316.661,1367.406,-25.373,18.720,0.440
111.5122,-12.000,1305.097,1385.729,-40.316,3.863,0.440
111.6111,-12.000,1304.817,1391.754,-43.469,0.797,0.440
111.7088,-10.000,1341.369,1355.886,-7.259,29.879,0.440
111.8069,-9.000,1338.288,1363.448,-12.580,21.023,0.440
111.9056,-8.000,1342.358,1364.088,-10.865,19.195,0.440
112.0144,-7.000,1347.982,1363.366,-7.692,18.818,0.440
112.1123,-6.000,1353.994,1362.421,-4.213,18.740,0.440
112.2082,-5.000,1331.427,1366.231,-4.634,11.524,0.280
112.3066,-4.000,1312.566,1365.928,-3.177,10.005,0.280
112.4063,-5.000,1274.696,1383.089,-21.685,-5.473,0.280
112.5147,-6.000,1249.850,1385.912,-27.979,-8.731,0.280
112.6129,-5.000,1250.031,1363.793,-10.537,5.741,0.280
112.7085,-5.000,1230.504,1363.852,-15.099,1.209,0.280
112.8081,-3.000,1233.777,1335.412,5.086,15.412,0.280
112.9064,-2.000,1217.808,1329.769,3.486,10.824,0.280
113.0143,-0.000,1215.515,1308.072,16.099,17.437,0.280
113.1128,1.000,1199.072,1302.705,12.918,11.250,0.280
113.2124,1.000,1178.630,1303.787,4.042,2.368,0.280
113.3089,2.000,1173.927,1284.615,12.764,8.078,0.280
113.4058,-0.000,1132.290,1300.339,-14.771,-13.457,0.280
113.5140,-0.000,1132.133,1280.649,-4.147,-2.833,0.280
113.6124,-1.000,1111.029,1277.465,-12.495,-8.175,0.280
113.7090,-2.000,1093.957,1269.471,-16.632,-9.300,0.280
113.8061,-3.000,1077.615,1260.089,-19.887,-9.537,0.280
113.9152,-5.000,1048.939,1258.878,-33.546,-17.166,0.280
114.0127,-6.000,1038.518,1242.476,-30.609,-11.193,0.280
114.1093,-6.000,1035.672,1221.703,-21.808,-2.356,0.280
114.2077,-8.000,1001.034,1225.245,-41.154,-15.654,0.280
114.3058,-9.000,989.168,1209.259,-39.429,-10.875,0.280
114.4052,-11.000,961.084,1205.650,-52.067,-17.447,0.280
114.5126,-12.000,950.487,1187.888,-48.944,-11.252,0.280
114.6098,-13.000,934.957,1174.893,-50.718,-9.948,0.280
114.7085,-15.000,905.978,1171.606,-64.112,-17.252,0.280
114.8067,-16.000,895.083,1153.655,-61.167,-11.211,0.280
114.9046,-17.000,879.396,1140.404,-62.997,-9.939,0.280
115.0126,-18.000,862.685,1128.097,-65.837,-9.671,0.280
115.1111,-17.000,867.514,1095.383,-47.725,5.543,0.280
115.2077,-17.000,851.453,1086.923,-52.203,1.167,0.280
115.3046,-17.000,838.791,1074.922,-53.226,0.246,0.280
115.4116,-17.000,826.809,1062.120,-53.522,0.052,0.280
115.5081,-16.000,824.326,1037.317,-43.080,7.590,0.280
115.6077,-17.000,794.574,1039.457,-59.753,-5.981,0.280
115.7060,-17.000,787.784,1021.957,-55.133,-1.259,0.280
115.8052,-18.000,764.800,1016.875,-64.826,-7.844,0.280
115.9051,-18.000,759.294,997.704,-58.741,-1.651,0.280
116.0125,-19.000,736.460,992.143,-68.131,-7.927,0.280
116.1110,-19.000,730.883,972.765,-61.987,-1.669,0.280
116.2088,-20.000,720.682,979.800,-71.248,-7.930,0.280
116.3075,-20.000,727.644,973.146,-64.988,-1.670,0.280
116.4042,-20.000,729.558,971.494,-63.669,-0.351,0.280
116.5137,-21.000,717.963,979.712,-73.971,-7.653,0.280
116.6092,-21.000,724.405,973.399,-67.929,-1.611,0.280
116.7077,-21.000,726.018,971.896,-66.657,-0.339,0.280
116.8056,-21.000,726.575,971.433,-66.389,-0.071,0.280
116.9034,-21.000,726.877,971.210,-66.333,-0.015,0.280
117.0040,-21.000,727.098,971.056,-66.321,-0.003,0.280
117.1133,-21.000,727.278,970.933,-66.319,-0.001,0.280
117.2090,-21.000,727.430,970.831,-66.318,-0.000,0.280
117.3080,-21.000,727.558,970.744,-66.318,-0.000,0.280
117.4081,-21.000,727.667,970.670,-66.318,-0.000,0.280
117.5044,-21.000,727.760,970.607,-66.318,-0.000,0.280
117.6128,-21.000,727.839,970.553,-66.318,-0.000,0.280
117.7111,-21.000,727.906,970.508,-66.318,-0.000,0.280
117.8103,-21.000,727.963,970.470,-66.318,-0.000,0.280
117.9086,-21.000,728.012,970.437,-66.318,-0.000,0.280
118.0058,-22.000,715.674,979.188,-76.897,-7.579,0.280
118.1143,-22.000,721.662,973.151,-70.914,-1.596,0.280
118.2129,-22.000,722.926,971.845,-69.654,-0.336,0.280
118.3099,-22.000,723.195,971.541,-69.389,-0.071,0.280
118.4078,-22.000,723.254,971.453,-69.333,-0.015,0.280
118.5050,-21.000,732.647,959.634,-58.742,7.576,0.280
118.6129,-22.000,714.769,974.850,-75.302,-5.984,0.280
118.7112,-22.000,719.874,970.483,-70.578,-1.260,0.280
118.8081,-22.000,721.191,969.793,-69.583,-0.265,0.280
118.9065,-22.000,721.675,969.842,-69.374,-0.056,0.280
119.0051,-22.000,721.952,970.018,-69.330,-0.012,0.280
119.1037,-22.000,722.160,970.195,-69.320,-0.002,0.280
119.2140,-21.000,731.709,958.573,-58.740,7.578,0.280
119.3129,-21.000,726.350,965.171,-64.723,1.595,0.280
119.4109,-21.000,725.620,966.953,-65.982,0.336,0.280
119.5086,-22.000,713.426,976.442,-76.826,-7.508,0.280
119.6047,-22.000,719.706,970.862,-70.899,-1.581,0.280
119.7124,-22.000,721.254,969.909,-69.651,-0.333,0.280
119.8110,-22.000,721.772,969.898,-69.388,-0.070,0.280
119.9127,-22.000,722.044,970.056,-69.333,-0.015,0.280
120.0098,-22.000,722.239,970.226,-69.321,-0.003,0.280
120.1065,-21.000,731.777,958.599,-58.740,7.578,0.280
120.2046,-21.000,726.407,965.192,-64.723,1.595,0.280
120.3047,-21.000,725.669,966.971,-65.982,0.336,0.280
120.4027,-21.000,725.847,967.678,-66.247,0.071,0.280
120.5115,-20.000,735.546,956.330,-55.724,7.594,0.280
120.6104,-20.000,730.351,963.125,-61.719,1.599,0.280
120.7099,-20.000,729.769,965.066,-62.981,0.337,0.280
120.8067,-20.000,730.081,965.909,-63.247,0.071,0.280
120.9048,-20.000,730.517,966.455,-63.303,0.015,0.280
121.0030,-20.000,730.923,966.884,-63.315,0.003,0.280
121.1114,-20.000,731.275,967.241,-63.317,0.001,0.280
121.2104,-19.000,740.841,955.878,-52.853,7.579,0.280
121.3082,-20.000,723.215,971.377,-69.415,-5.983,0.280
121.4080,-20.000,728.535,967.249,-64.692,-1.260,0.280
121.5097,-19.000,739.301,955.096,-53.232,7.314,0.280
121.6075,-19.000,734.324,961.894,-59.120,1.540,0.280
121.7078,-19.000,733.768,963.998,-60.450,0.324,0.280
121.8059,-19.000,734.056,965.025,-60.820,0.068,0.280
121.9035,-19.000,734.447,965.752,-60.988,0.014,0.280
122.0116,-19.000,734.797,966.353,-61.113,0.003,0.280
122.1104,-18.000,744.470,955.088,-50.644,7.580,0.280
122.2086,-18.000,739.202,962.003,-56.736,1.596,0.280
122.3089,-17.000,747.919,952.286,-47.519,7.915,0.280
122.4080,-17.000,742.643,959.712,-53.870,1.666,0.280
122.5076,-16.000,751.524,950.258,-44.702,7.930,0.280
122.6050,-15.000,755.809,946.086,-40.474,9.248,0.280
122.7029,-13.000,768.736,931.455,-26.695,17.105,0.280
122.8017,-12.000,766.815,935.528,-29.692,11.180,0.280
122.9027,-12.000,760.331,946.841,-38.590,2.354,0.280
123.0036,-11.000,769.838,939.039,-29.936,8.074,0.280
123.1013,-10.000,775.007,935.919,-25.791,9.279,0.280
123.2094,-9.000,779.378,933.890,-22.592,9.532,0.280
123.3073,-8.000,783.678,932.180,-19.586,9.586,0.280
123.4047,-7.000,788.048,930.611,-16.617,9.597,0.280
123.5040,-6.000,792.506,929.136,-13.651,9.599,0.280
123.6050,-5.000,797.043,927.732,-10.680,9.600,0.280
123.7028,-5.000,792.266,938.173,-18.289,2.021,0.280
123.8098,-4.000,802.433,930.421,-9.330,8.004,0.280
123.9071,-4.000,798.616,939.291,-15.673,1.685,0.280
124.0024,-3.000,808.794,931.007,-6.442,7.934,0.280
124.1095,-3.000,804.818,939.594,-12.724,1.670,0.280
124.2104,-3.000,805.440,942.890,-14.060,0.352,0.280
124.3080,-3.000,806.810,944.851,-14.356,0.074,0.280
124.4053,-3.000,808.149,946.343,-14.432,0.016,0.280
124.5046,-2.000,818.707,935.792,-3.878,7.582,0.280
124.6036,-2.000,814.212,943.293,-9.876,1.596,0.280
124.7037,-2.000,814.217,945.842,-11.148,0.336,0.280
124.8037,-2.000,815.026,947.205,-11.425,0.071,0.280
124.9053,-2.000,815.881,948.196,-11.493,0.015,0.280
125.0034,-2.000,816.642,949.004,-11.517,0.003,0.280
125.1007,-3.000,804.909,958.471,-22.116,-7.578,0.280
125.2103,-3.000,811.411,953.043,-16.151,-1.595,0.280
125.3084,-3.000,813.109,952.257,-14.910,-0.336,0.280
125.4066,-4.000,801.359,961.183,-25.248,-7.650,0.280
125.5049,-4.000,807.673,955.467,-19.232,-1.610,0.280
125.6017,-4.000,809.176,954.475,-17.985,-0.339,0.280
125.7100,-4.000,809.636,954.447,-17.741,-0.071,0.280
125.8082,-4.000,809.852,954.599,-17.709,-0.015,0.280
125.9059,-4.000,809.996,954.768,-17.721,-0.003,0.280
126.0027,-4.000,810.108,954.922,-17.743,-0.001,0.280
126.1007,-4.000,810.197,955.059,-17.766,-0.000,0.280
126.2079,-4.000,810.270,955.179,-17.790,-0.000,0.280
126.3037,-4.000,810.327,955.284,-17.814,-0.000,0.280
126.4099,-4.000,810.373,955.378,-17.838,-0.000,0.280
126.5105,-5.000,798.023,964.246,-28.447,-7.579,0.280
126.6014,-5.000,803.996,958.312,-22.494,-1.596,0.280
126.7004,-5.000,805.243,957.100,-21.264,-0.336,0.280
126.8099,-6.000,793.108,965.664,-31.614,-7.650,0.280
126.9075,-6.000,799.093,959.643,-25.610,-1.610,0.280
127.0064,-7.000,787.929,967.178,-34.960,-7.918,0.280
127.1051,-7.000,794.095,960.926,-28.751,-1.667,0.280
127.2030,-8.000,782.948,968.401,-38.062,-7.930,0.280
127.3017,-9.000,776.715,970.912,-42.434,-9.248,0.280
127.4004,-10.000,771.495,972.368,-45.772,-9.526,0.280
127.5003,-11.000,766.471,973.593,-48.896,-9.584,0.280
127.6084,-12.000,761.472,974.763,-51.981,-9.597,0.280
127.7060,-13.000,756.464,975.916,-55.061,-9.599,0.280
127.8059,-13.000,763.827,968.277,-47.561,-2.021,0.280
127.9040,-13.000,765.227,966.642,-46.043,-0.425,0.280
128.0015,-14.000,753.000,975.070,-56.371,-7.669,0.280
128.1088,-15.000,746.470,977.769,-60.985,-9.193,0.280
128.2094,-15.000,753.510,970.474,-53.817,-1.935,0.280
128.3073,-16.000,742.455,977.712,-62.964,-7.986,0.280
128.4042,-17.000,736.156,980.166,-67.340,-9.260,0.280
128.5054,-18.000,730.846,981.608,-70.716,-9.528,0.280
128.6014,-19.000,725.732,982.835,-73.887,-9.585,0.280
128.7105,-19.000,733.033,975.230,-66.434,-2.018,0.280
128.8081,-20.000,722.118,982.286,-75.420,-8.004,0.280
128.9063,-21.000,715.917,984.606,-79.680,-9.264,0.280
129.0052,-22.000,710.703,985.922,-82.945,-9.529,0.280
129.1026,-23.000,705.691,987.022,-86.001,-9.585,0.280
129.1997,-24.000,700.716,988.070,-89.013,-9.597,0.280
129.2992,-24.000,708.123,980.325,-81.436,-2.020,0.280
129.4073,-25.000,697.196,987.366,-90.420,-8.004,0.280
129.5049,-26.000,690.985,989.674,-94.680,-9.264,0.280
129.6044,-27.000,685.760,990.980,-97.945,-9.529,0.280
129.7013,-28.000,680.739,992.070,-101.001,-9.585,0.280
129.7999,-29.000,675.757,993.112,-104.013,-9.597,0.280
129.8995,-29.000,683.159,985.360,-96.436,-2.020,0.280
130.0085,-30.000,672.226,992.396,-105.420,-8.004,0.280
130.1064,-31.000,666.010,994.699,-109.680,-9.264,0.280
130.2055,-31.000,673.161,987.222,-102.366,-1.950,0.280
130.3049,-32.000,662.183,994.323,-111.406,-7.990,0.280
130.4018,-32.000,668.343,987.868,-105.098,-1.682,0.280
130.5001,-33.000,657.166,995.193,-114.349,-7.933,0.280
130.5983,-33.000,663.293,988.794,-108.086,-1.670,0.280
130.7077,-33.000,664.495,987.359,-106.768,-0.352,0.280
130.8042,-33.000,664.674,986.983,-106.490,-0.074,0.280
130.9013,-33.000,664.648,986.840,-106.432,-0.016,0.280
130.9981,-33.000,664.589,986.757,-106.419,-0.003,0.280
131.1066,-33.000,664.531,986.693,-106.417,-0.001,0.280
131.2057,-33.000,664.480,986.641,-106.416,-0.000,0.280
131.3044,-33.000,664.436,986.597,-106.416,-0.000,0.280
131.4028,-33.000,664.399,986.560,-106.416,-0.000,0.280
131.5037,-33.000,664.367,986.528,-106.416,-0.000,0.280
131.6002,-33.000,664.340,986.501,-106.416,-0.000,0.280
131.7079,-33.000,664.318,986.479,-106.416,-0.000,0.280
131.8063,-32.000,673.677,974.680,-95.837,7.579,0.280
131.9040,-31.000,677.536,969.348,-91.241,9.175,0.280
132.0027,-31.000,671.167,977.465,-98.485,1.931,0.280
132.1005,-30.000,679.764,967.954,-89.430,7.986,0.280
132.1999,-29.000,683.950,963.591,-85.156,9.260,0.280
132.2979,-28.000,687.443,960.547,-81.888,9.528,0.280
132.4060,-27.000,690.991,957.982,-78.831,9.585,0.280
132.5040,-26.000,694.720,955.687,-75.819,9.597,0.280
132.6036,-26.000,689.253,965.373,-83.396,2.020,0.280
132.7018,-25.000,698.830,956.983,-74.412,8.004,0.280
132.7991,-24.000,703.894,953.527,-70.152,9.264,0.280
132.8978,-23.000,708.143,951.246,-66.887,9.529,0.280
133.0071,-21.000,721.714,937.547,-53.252,17.164,0.280
133.1058,-20.000,720.488,942.264,-56.224,11.192,0.280
133.2061,-19.000,723.901,942.419,-54.595,9.935,0.280
133.3028,-18.000,728.344,941.608,-51.967,9.671,0.280
133.3996,-16.000,742.415,928.825,-38.540,17.194,0.280
133.4981,-15.000,741.678,934.257,-41.625,11.199,0.280
133.6052,-15.000,736.242,946.683,-50.556,2.358,0.280
133.7021,-14.000,746.646,939.821,-41.923,8.075,0.280
133.8006,-14.000,743.192,949.285,-48.382,1.700,0.280
133.8983,-14.000,744.321,953.266,-49.808,0.358,0.280
133.9974,-13.000,755.510,944.019,-39.590,7.654,0.280
134.1065,-11.000,770.485,928.895,-24.541,16.769,0.280
134.2046,-10.000,769.502,933.352,-27.261,11.109,0.280
134.3027,-8.000,782.417,921.589,-14.921,17.497,0.280
134.4021,-6.000,790.816,915.370,-7.613,18.841,0.280
134.5010,-5.000,789.216,922.422,-11.938,11.546,0.280
134.5975,-4.000,793.274,923.599,-10.498,10.010,0.280
134.6970,-4.000,789.072,935.251,-18.425,2.107,0.280
134.8059,-4.000,790.551,940.104,-20.112,0.444,0.280
134.9054,-4.000,792.867,943.170,-20.487,0.093,0.280
135.0040,-4.000,795.057,945.555,-20.584,0.020,0.280
135.1036,-5.000,784.577,956.324,-31.209,-7.575,0.280
135.2031,-5.000,792.150,951.996,-25.259,-1.595,0.280
135.3011,-7.000,769.988,969.716,-45.200,-15.494,0.280
135.4001,-8.000,770.906,967.424,-43.595,-10.841,0.280
135.5008,-8.000,780.332,959.829,-35.084,-2.282,0.280
135.6075,-8.000,782.864,958.854,-33.330,-0.480,0.280
135.7051,-8.000,783.856,959.184,-32.999,-0.101,0.280
135.8031,-7.000,793.835,947.929,-22.382,7.558,0.280
135.9001,-7.000,788.785,954.896,-28.391,1.591,0.280
135.9983,-8.000,775.916,965.793,-40.274,-7.244,0.280
136.1052,-8.000,782.249,960.784,-34.603,-1.525,0.280
136.2032,-9.000,771.583,968.976,-44.032,-7.900,0.280
136.3023,-10.000,765.829,972.026,-48.434,-9.242,0.280
136.4014,-11.000,761.032,973.926,-51.783,-9.525,0.280
136.4997,-12.000,756.369,975.526,-54.914,-9.584,0.280
136.5962,-14.000,739.291,985.800,-68.590,-17.176,0.280
136.7050,-16.000,728.106,990.002,-76.284,-18.774,0.280
136.8023,-17.000,730.478,984.094,-72.143,-11.531,0.280
136.9021,-18.000,727.092,983.874,-73.727,-10.007,0.280
137.0045,-18.000,734.852,976.050,-65.935,-2.107,0.280
137.1044,-17.000,745.765,962.683,-53.795,7.135,0.280
137.2029,-16.000,749.871,957.090,-48.945,9.081,0.280
137.3010,-16.000,743.474,965.223,-56.210,1.912,0.280
137.4000,-15.000,751.992,955.782,-47.231,7.981,0.280
137.4964,-14.000,756.093,951.495,-43.037,9.259,0.280
137.6058,-13.000,759.505,948.525,-39.846,9.528,0.280
137.7029,-13.000,753.593,957.814,-47.446,2.006,0.280
137.8009,-12.000,762.751,949.125,-38.523,8.001,0.280
137.9009,-12.000,758.061,957.213,-44.912,1.684,0.280
137.9986,-11.000,767.489,948.275,-35.728,7.934,0.280
138.0977,-11.000,762.868,956.312,-42.058,1.670,0.280
138.1982,-12.000,750.550,967.934,-54.027,-7.227,0.280
138.3071,-12.000,757.388,963.504,-48.394,-1.522,0.280
138.3969,-12.000,759.540,963.398,-47.264,-0.320,0.280
138.5054,-12.000,760.591,964.087,-47.083,-0.067,0.280
138.6044,-12.000,761.312,964.845,-47.102,-0.014,0.280
138.7020,-13.000,749.495,974.319,-57.748,-7.582,0.280
138.8010,-13.000,755.907,968.916,-51.840,-1.596,0.280
138.8974,-12.000,766.902,956.377,-40.073,7.243,0.280
138.9959,-12.000,761.956,963.012,-45.863,1.525,0.280
139.1044,-11.000,770.783,953.220,-36.554,7.900,0.280
139.2017,-10.000,774.955,948.828,-32.272,9.242,0.280
139.2989,-10.000,769.005,957.591,-39.628,1.946,0.280
139.3989,-11.000,756.220,969.168,-51.809,-7.169,0.280
139.4969,-11.000,762.800,964.560,-46.215,-1.509,0.280
139.6050,-12.000,752.379,973.057,-55.675,-7.897,0.280
139.7023,-12.000,759.224,967.578,-49.512,-1.662,0.280
139.8001,-11.000,770.429,955.132,-37.687,7.229,0.280
139.8991,-10.000,775.014,950.094,-32.875,9.101,0.280
139.9963,-9.000,778.462,946.861,-29.535,9.495,0.280
140.1040,-9.000,772.503,956.002,-37.085,1.999,0.280
140.2023,-8.000,781.608,947.201,-28.132,8.000,0.280
140.3030,-8.000,776.874,955.195,-34.496,1.684,0.280
140.4001,-8.000,776.881,957.957,-35.873,0.355,0.280
140.4969,-8.000,777.731,959.463,-36.201,0.075,0.280
140.6053,-8.000,778.625,960.570,-36.308,0.016,0.280
140.7029,-8.000,779.415,961.481,-36.369,0.003,0.280
140.8024,-8.000,780.087,962.255,-36.419,0.001,0.280
140.9009,-7.000,790.038,951.133,-25.883,7.579,0.280
140.9988,-7.000,785.015,958.161,-31.908,1.596,0.280
141.0968,-7.000,784.566,960.315,-33.210,0.336,0.280
141.1955,-6.000,794.368,949.561,-22.932,7.650,0.280
141.3039,-6.000,789.388,956.732,-29.008,1.610,0.280
141.4031,-6.000,789.012,958.971,-30.315,0.339,0.280
141.5015,-5.000,798.885,948.281,-20.034,7.650,0.280
141.6003,-5.000,793.968,955.504,-26.103,1.611,0.280
141.6987,-5.000,793.646,957.785,-27.405,0.339,0.280
141.7968,-5.000,794.181,958.916,-27.703,0.071,0.280
141.9039,-5.000,794.803,959.710,-27.789,0.015,0.280
142.0015,-5.000,795.363,960.354,-27.831,0.003,0.280
142.0987,-6.000,783.457,969.683,-38.448,-7.578,0.280
142.1974,-6.000,789.809,964.141,-32.501,-1.595,0.280
142.2957,-7.000,778.991,972.046,-41.863,-7.915,0.280
142.4046,-7.000,785.460,966.102,-35.656,-1.666,0.280
142.4938,-7.000,786.957,965.052,-34.383,-0.351,0.280
142.6036,-7.000,787.382,965.006,-34.148,-0.074,0.280
142.7021,-7.000,787.559,965.151,-34.132,-0.016,0.280
142.8008,-7.000,787.666,965.318,-34.161,-0.003,0.280
142.8994,-7.000,787.743,965.474,-34.201,-0.001,0.280
142.9974,-8.000,775.416,974.399,-44.827,-7.579,0.280
143.0967,-8.000,781.406,968.518,-38.892,-1.596,0.280
143.1937,-9.000,770.278,976.137,-48.265,-7.915,0.280
143.3036,-9.000,776.482,969.952,-42.070,-1.666,0.280
143.4036,-10.000,765.366,977.483,-51.394,-7.930,0.280
143.5009,-11.000,759.158,980.044,-55.778,-9.248,0.280
143.5997,-11.000,766.344,972.759,-48.543,-1.947,0.280
143.6968,-11.000,767.772,971.245,-47.072,-0.410,0.280
143.7934,-11.000,767.994,970.951,-46.814,-0.086,0.280
143.9025,-11.000,767.965,970.919,-46.812,-0.018,0.280
144.0018,-11.000,767.888,970.944,-46.864,-0.004,0.280
144.0996,-11.000,767.803,970.985,-46.927,-0.001,0.280
144.1986,-11.000,767.718,971.032,-46.992,-0.000,0.280
144.2967,-11.000,767.637,971.082,-47.058,-0.000,0.280
144.3934,-12.000,755.172,979.919,-57.709,-7.579,0.280
144.5020,-12.000,761.042,973.966,-51.798,-1.596,0.280
144.6005,-13.000,749.809,981.528,-61.195,-7.915,0.280
144.6995,-13.000,755.920,975.297,-55.024,-1.666,0.280
144.7972,-13.000,757.106,974.009,-53.787,-0.351,0.280
144.8946,-14.000,744.877,982.551,-64.173,-7.653,0.280
144.9935,-14.000,750.768,976.527,-58.215,-1.611,0.280
145.1010,-13.000,761.284,963.497,-46.442,7.240,0.280
145.2001,-13.000,755.922,969.722,-52.236,1.524,0.280
145.2987,-13.000,755.008,971.371,-53.517,0.321,0.280
145.3962,-13.000,754.988,972.014,-53.848,0.068,0.280
145.4942,-13.000,755.122,972.410,-53.980,0.014,0.280
145.5935,-13.000,755.258,972.725,-54.069,0.003,0.280
145.7014,-12.000,764.754,961.212,-43.564,7.580,0.280
145.7986,-12.000,759.341,967.911,-49.620,1.596,0.280
145.8970,-12.000,758.556,969.789,-50.952,0.336,0.280
145.9951,-12.000,758.683,970.590,-51.289,0.071,0.280
146.1036,-13.000,746.565,979.898,-62.002,-7.564,0.280
146.2009,-13.000,752.764,974.310,-56.108,-1.592,0.280
146.2998,-13.000,754.203,973.390,-54.929,-0.335,0.280
146.3978,-13.000,754.610,973.424,-54.743,-0.071,0.280
146.4960,-13.000,754.776,973.634,-54.765,-0.015,0.280
146.5951,-14.000,742.484,982.645,-65.416,-7.582,0.280
146.7023,-14.000,748.491,976.849,-59.514,-1.596,0.280
146.7991,-13.000,759.142,963.977,-47.753,7.243,0.280
146.8967,-13.000,753.903,970.330,-53.549,1.525,0.280
146.9955,-13.000,753.094,972.084,-54.831,0.321,0.280
147.0933,-12.000,762.549,961.033,-44.577,7.647,0.280
147.2014,-12.000,757.262,967.963,-50.686,1.610,0.280
147.2958,-11.000,766.002,958.220,-41.444,7.918,0.280
147.3936,-11.000,760.759,965.610,-47.761,1.667,0.280
147.5015,-10.000,769.675,956.120,-38.558,7.930,0.280
147.5993,-9.000,773.995,951.911,-34.294,9.248,0.280
147.7014,-8.000,777.572,949.029,-31.064,9.526,0.280
147.7982,-8.000,771.798,958.392,-38.633,2.005,0.280
147.8966,-8.000,771.693,961.550,-40.264,0.422,0.280
147.9937,-7.000,781.994,951.443,-30.060,7.668,0.280
148.0929,-7.000,777.481,959.121,-36.156,1.614,0.280
148.2015,-7.000,777.509,961.783,-37.472,0.340,0.280
148.2987,-6.000,787.727,951.451,-27.198,7.650,0.280
148.3959,-7.000,770.718,967.764,-43.858,-5.968,0.280
148.4936,-6.000,785.977,952.513,-28.604,6.322,0.280
148.5938,-6.000,782.453,959.044,-33.631,1.331,0.280
148.6915,-6.000,782.645,961.409,-34.718,0.280,0.280
148.8000,-6.000,783.474,962.752,-34.975,0.059,0.280
148.8971,-5.000,793.699,951.973,-24.473,7.591,0.280
148.9944,-5.000,788.941,959.261,-30.496,1.598,0.280
149.0927,-5.000,788.724,961.628,-31.788,0.336,0.280
149.2010,-5.000,789.342,962.838,-32.083,0.071,0.280
149.3004,-5.000,790.033,963.700,-32.169,0.015,0.280
149.3963,-6.000,778.267,973.187,-42.796,-7.576,0.280
149.4937,-6.000,784.743,967.774,-36.851,-1.595,0.280
149.6017,-6.000,786.418,967.002,-35.628,-0.336,0.280
149.7000,-6.000,787.030,967.157,-35.399,-0.071,0.280
149.7976,-7.000,774.992,976.248,-45.964,-7.594,0.280
149.8949,-8.000,768.807,979.327,-50.596,-9.178,0.280
149.9927,-10.000,751.415,989.880,-64.568,-17.090,0.280
150.1004,-11.000,752.555,985.326,-61.721,-11.177,0.280
150.1975,-13.000,736.592,994.187,-74.133,-17.511,0.280
150.2982,-14.000,737.936,989.207,-70.971,-11.265,0.280
150.3952,-16.000,721.930,997.922,-83.332,-17.530,0.280
150.4948,-17.000,723.190,992.865,-80.173,-11.269,0.280
150.5932,-19.000,707.101,1001.526,-92.548,-17.530,0.280
150.6998,-21.000,696.026,1005.088,-99.867,-18.849,0.280
150.7957,-23.000,685.955,1007.572,-106.144,-19.126,0.280
150.8942,-25.000,676.072,1009.806,-112.202,-19.184,0.280
150.9909,-26.000,678.588,1003.189,-107.636,-11.618,0.280
151.1013,-28.000,662.759,1011.332,-119.622,-17.604,0.280
151.1997,-30.000,651.633,1014.725,-126.882,-18.864,0.280
151.2985,-31.000,653.860,1008.325,-122.568,-11.550,0.280
151.3985,-32.000,650.326,1007.712,-124.029,-10.011,0.280
151.4965,-34.000,633.208,1017.104,-137.283,-17.265,0.280
151.5955,-35.000,634.177,1011.969,-134.232,-11.214,0.280
151.6927,-36.000,630.380,1011.625,-135.958,-9.940,0.280
151.7911,-37.000,625.588,1012.296,-138.690,-9.672,0.280
151.8989,-37.000,635.324,1041.888,-156.817,-1.996,0.440
151.9977,-38.000,644.004,1070.376,-173.691,-15.269,0.440
152.0974,-39.000,662.756,1089.956,-180.029,-18.008,0.440
152.1976,-39.000,703.694,1092.240,-165.738,-3.716,0.440
152.2952,-39.000,733.112,1107.199,-162.788,-0.767,0.440
152.3939,-39.000,760.040,1125.633,-162.180,-0.158,0.440
152.4907,-39.000,786.356,1145.512,-162.054,-0.033,0.440
152.5995,-39.000,812.463,1166.311,-162.028,-0.007,0.440
152.6961,-39.000,838.458,1187.826,-162.023,-0.001,0.440
152.7930,-38.000,881.776,1190.430,-143.565,14.857,0.440
152.8928,-37.000,913.844,1205.936,-136.899,17.923,0.440
152.9897,-37.000,926.530,1244.327,-151.123,3.698,0.440
153.0984,-37.000,950.288,1271.624,-154.058,0.763,0.440
153.1979,-37.000,976.192,1296.756,-154.664,0.157,0.440
153.2957,-37.000,1002.420,1321.548,-154.789,0.032,0.440
153.3924,-37.000,1028.614,1346.361,-154.815,0.007,0.440
153.4921,-37.000,1054.715,1371.255,-154.820,0.001,0.440
153.5900,-36.000,1098.131,1376.724,-136.364,14.857,0.440
153.6980,-36.000,1112.875,1414.172,-148.156,3.066,0.440
153.7979,-36.000,1136.817,1442.232,-150.589,0.633,0.440
153.8962,-36.000,1137.089,1442.873,-151.091,0.131,0.440
153.9941,-35.000,1155.050,1423.587,-132.738,14.884,0.440
154.0934,-34.000,1161.811,1416.600,-126.093,17.928,0.440
154.1909,-34.000,1149.181,1432.037,-140.322,3.700,0.440
154.2996,-33.000,1165.011,1416.494,-124.801,15.621,0.440
154.3975,-32.000,1171.784,1410.865,-118.741,18.080,0.440
154.4940,-30.000,1194.355,1388.066,-96.176,33.445,0.440
154.5905,-29.000,1188.223,1397.904,-104.263,21.759,0.440
154.6990,-27.000,1208.931,1379.147,-84.617,34.204,0.440
154.7969,-25.000,1220.501,1371.034,-74.849,36.772,0.440
154.8959,-23.000,1230.663,1365.611,-67.119,37.302,0.440
154.9935,-21.000,1240.940,1361.163,-59.810,37.412,0.440
155.0929,-19.000,1251.448,1357.409,-52.724,37.434,0.440
155.1912,-17.000,1262.339,1354.059,-45.642,37.439,0.440
155.2901,-14.000,1290.984,1331.523,-20.085,52.297,0.440
155.3972,-12.000,1291.331,1341.170,-24.762,40.506,0.440
155.4935,-10.000,1301.196,1341.599,-20.067,38.073,0.440
155.5903,-9.000,1295.717,1359.728,-31.891,22.713,0.440
155.6895,-7.000,1319.348,1345.650,-13.054,34.401,0.440
155.7974,-6.000,1316.484,1360.533,-21.943,21.956,0.440
155.8953,-6.000,1305.636,1384.598,-39.411,4.531,0.440
155.9924,-5.000,1325.039,1374.329,-24.586,15.792,0.440
156.0900,-4.000,1335.275,1372.757,-18.691,18.116,0.440
156.1970,-4.000,1326.059,1392.338,-33.097,3.738,0.440
156.2942,-4.000,1327.474,1399.733,-36.093,0.771,0.440
156.3933,-3.000,1347.997,1384.598,-18.269,15.016,0.440
156.4933,-2.000,1357.267,1380.808,-11.744,17.956,0.440
156.5929,-1.000,1364.249,1379.384,-7.545,18.562,0.440
156.6898,-0.000,1370.790,1378.468,-3.820,18.687,0.440
156.7965,1.000,1376.366,1376.772,-0.187,18.713,0.440
156.8942,2.000,1381.188,1374.349,3.433,18.719,0.440
156.9908,3.000,1385.382,1371.294,7.056,18.720,0.440
157.0891,4.000,1389.047,1367.697,10.685,18.720,0.440
157.1889,5.000,1392.263,1363.639,14.321,18.720,0.440
157.2978,5.000,1378.585,1379.601,-0.500,3.863,0.440
157.3954,6.000,1393.042,1363.186,14.934,15.654,0.440
157.4927,6.000,1381.330,1376.233,2.553,3.230,0.440
157.5903,7.000,1395.892,1358.906,18.497,15.524,0.440
157.6975,8.000,1400.462,1351.086,24.692,18.060,0.440
157.7947,9.000,1402.819,1345.066,28.880,18.584,0.440
157.8944,10.000,1404.593,1339.279,32.660,18.692,0.440
157.9931,11.000,1406.139,1333.421,36.361,18.714,0.440
158.0912,12.000,1407.548,1327.447,40.052,18.719,0.440
158.1934,13.000,1408.853,1321.363,43.747,18.720,0.440
158.2922,14.000,1410.073,1315.180,47.448,18.720,0.440
158.3903,14.000,1394.708,1329.327,32.692,3.863,0.440
158.4973,15.000,1407.739,1311.359,48.191,15.654,0.440
158.5967,16.000,1411.340,1302.663,54.339,18.087,0.440
158.6928,17.000,1412.949,1295.823,58.564,18.589,0.440
158.7892,18.000,1414.109,1289.316,62.397,18.693,0.440
158.8962,18.000,1398.631,1303.250,47.691,3.857,0.440
158.9941,18.000,1395.043,1305.526,44.759,0.796,0.440
159.0925,18.000,1393.983,1305.470,44.257,0.164,0.440
159.1887,17.000,1373.994,1322.410,25.792,-14.823,0.440
159.2962,16.000,1366.571,1328.142,19.214,-17.916,0.440
159.3932,15.000,1362.172,1332.004,15.084,-18.554,0.440
159.4890,15.000,1378.277,1318.442,29.918,-3.829,0.440
159.5975,14.000,1362.990,1333.790,14.600,-15.647,0.440
159.6946,14.000,1377.035,1322.797,27.119,-3.229,0.440
159.7927,13.000,1361.482,1338.845,11.318,-15.523,0.440
159.8910,12.000,1356.091,1345.556,5.268,-18.060,0.440
159.9903,11.000,1353.058,1350.612,1.223,-18.584,0.440
160.0910,9.000,1331.217,1372.971,-20.877,-33.549,0.440
160.1888,8.000,1341.614,1366.915,-12.650,-21.780,0.440
160.2971,6.000,1323.274,1387.746,-32.236,-34.209,0.440
160.3962,4.000,1315.496,1399.440,-41.972,-36.773,0.440
160.4946,3.000,1329.860,1392.305,-31.222,-22.445,0.440
160.5913,2.000,1332.754,1396.456,-31.851,-19.489,0.440
160.6902,-0.000,1313.701,1420.297,-53.298,-33.736,0.440
160.7880,-1.000,1325.096,1415.072,-44.988,-21.818,0.440
160.8963,-2.000,1326.112,1418.399,-46.143,-19.359,0.440
160.9946,-3.000,1324.395,1422.910,-49.258,-18.852,0.440
161.0924,-4.000,1321.607,1427.171,-52.782,-18.747,0.440
161.1912,-5.000,1318.169,1430.961,-56.396,-18.726,0.440
161.2885,-6.000,1314.231,1434.300,-60.035,-18.721,0.440
161.3955,-7.000,1309.876,1437.244,-63.684,-18.720,0.440
161.4953,-7.000,1325.584,1423.338,-48.877,-3.863,0.440
161.5945,-8.000,1308.950,1437.603,-64.326,-15.654,0.440
161.6946,-9.000,1301.395,1442.244,-70.424,-18.087,0.440
161.7927,-9.000,1315.948,1428.215,-56.134,-3.732,0.440
161.8892,-9.000,1319.067,1425.540,-53.237,-0.770,0.440
161.9866,-10.000,1299.389,1441.698,-71.154,-15.016,0.440
162.0945,-9.000,1328.652,1410.341,-40.845,11.759,0.440
162.1906,-9.000,1319.865,1420.348,-50.242,2.426,0.440
162.2890,-10.000,1297.979,1439.372,-70.696,-14.356,0.440
162.3968,-10.000,1309.584,1428.333,-59.374,-2.962,0.440
162.4943,-10.000,1312.104,1426.295,-57.095,-0.611,0.440
162.5931,-10.000,1312.722,1426.086,-56.682,-0.126,0.440
162.6920,-9.000,1330.339,1406.718,-38.190,14.831,0.440
162.7896,-9.000,1319.259,1419.309,-50.025,3.060,0.440
162.8874,-8.000,1334.821,1402.931,-34.055,15.489,0.440
162.9865,-8.000,1323.625,1416.434,-46.405,3.196,0.440
163.0944,-7.000,1339.425,1400.494,-30.535,15.517,0.440
163.1922,-6.000,1345.915,1394.786,-24.435,18.059,0.440
163.2880,-6.000,1333.371,1410.994,-38.811,3.726,0.440
163.3949,-5.000,1349.342,1396.037,-23.348,15.626,0.440
163.4936,-4.000,1356.250,1390.892,-17.321,18.082,0.440
163.5894,-3.000,1361.534,1388.006,-13.236,18.588,0.440
163.6962,-2.000,1366.694,1385.785,-9.546,18.693,0.440
163.7943,-1.000,1372.007,1383.869,-5.931,18.714,0.440
163.8919,-0.000,1377.505,1382.159,-2.327,18.719,0.440
163.9877,-0.000,1365.759,1400.125,-17.183,3.863,0.440
164.0857,1.000,1381.851,1385.420,-1.784,15.654,0.440
164.1958,1.000,1371.524,1399.926,-14.201,3.230,0.440
164.2918,2.000,1387.258,1383.844,1.707,15.524,0.440
164.3879,2.000,1376.304,1397.502,-10.599,3.203,0.440
164.4959,3.000,1391.439,1380.765,5.337,15.518,0.440
164.5954,5.000,1412.993,1353.050,29.972,32.916,0.440
164.6937,6.000,1403.801,1359.105,22.348,21.649,0.440
164.7903,7.000,1403.343,1355.996,23.673,19.324,0.440
164.8871,8.000,1404.555,1350.853,26.851,18.845,0.440
164.9875,9.000,1406.000,1345.166,30.417,18.746,0.440
165.0869,10.000,1407.399,1339.262,34.069,18.725,0.440
165.1855,11.000,1408.709,1333.222,37.743,18.721,0.440
165.2858,12.000,1409.934,1327.076,41.429,18.720,0.440
165.3945,13.000,1411.087,1320.842,45.122,18.720,0.440
165.4921,13.000,1395.663,1334.945,30.359,3.863,0.440
165.5923,13.000,1392.130,1337.357,27.387,0.797,0.440
165.6896,13.000,1391.114,1337.419,26.848,0.164,0.440
165.7867,13.000,1390.672,1337.051,26.811,0.034,0.440
165.8872,13.000,1390.394,1336.639,26.877,0.007,0.440
165.9846,13.000,1390.189,1336.259,26.965,0.001,0.440
166.0941,13.000,1390.033,1335.917,27.058,0.000,0.440
166.1932,13.000,1389.915,1335.612,27.151,0.000,0.440
166.2923,13.000,1389.829,1335.339,27.245,0.000,0.440
166.3913,14.000,1406.284,1314.678,45.803,14.857,0.440
166.4892,14.000,1394.306,1326.081,34.112,3.066,0.440
166.5875,14.000,1391.729,1328.169,31.780,0.633,0.440
166.6851,13.000,1371.606,1345.777,12.914,-14.727,0.440
166.7948,13.000,1383.818,1334.427,24.696,-3.039,0.440
166.8935,12.000,1367.175,1349.702,8.737,-15.484,0.440
166.9904,12.000,1380.470,1338.246,21.112,-3.195,0.440
167.0888,11.000,1364.359,1353.819,5.270,-15.516,0.440
167.1869,10.000,1358.510,1360.111,-0.801,-18.059,0.440
167.2847,9.000,1355.088,1364.809,-4.860,-18.584,0.440
167.3926,9.000,1371.944,1352.037,9.953,-3.835,0.440
167.4899,7.000,1337.760,1385.494,-23.867,-30.506,0.440
167.5881,6.000,1345.197,1381.338,-18.070,-21.152,0.440
167.6874,5.000,1345.408,1384.816,-19.704,-19.222,0.440
167.7881,4.000,1344.253,1390.007,-22.877,-18.824,0.440
167.8867,3.000,1342.922,1395.669,-26.373,-18.741,0.440
167.9853,2.000,1341.644,1401.528,-29.942,-18.724,0.440
168.0932,1.000,1340.451,1407.514,-33.531,-18.721,0.440
168.1901,1.000,1358.854,1396.186,-18.666,-3.863,0.440
168.2879,-0.000,1345.419,1413.534,-34.057,-15.654,0.440
168.3859,-0.000,1361.006,1404.273,-21.633,-3.230,0.440
168.4844,-0.000,1366.259,1404.398,-19.070,-0.667,0.440
168.5933,-0.000,1369.073,1406.155,-18.541,-0.138,0.440
168.6904,-0.000,1371.125,1407.988,-18.432,-0.028,0.440
168.7902,-0.000,1372.799,1409.617,-18.409,-0.006,0.440
168.8853,-0.000,1374.207,1411.016,-18.404,-0.001,0.440
168.9929,1.000,1391.915,1391.793,0.061,14.857,0.440
169.0890,1.000,1380.988,1404.434,-11.723,3.066,0.440
169.1908,2.000,1395.804,1387.174,4.315,15.490,0.440
169.2882,3.000,1400.501,1379.500,10.501,18.053,0.440
169.3876,3.000,1386.429,1394.041,-3.806,3.725,0.440
169.4841,4.000,1400.208,1376.761,11.723,15.626,0.440
169.5917,4.000,1387.847,1389.146,-0.649,3.224,0.440
169.6892,5.000,1401.842,1371.272,15.285,15.522,0.440
169.7869,6.000,1405.924,1362.992,21.466,18.060,0.440
169.8840,6.000,1391.349,1376.998,7.176,3.727,0.440
169.9926,7.000,1404.708,1359.257,22.725,15.626,0.440
170.0895,7.000,1391.994,1371.246,10.374,3.224,0.440
170.1882,7.000,1389.177,1373.446,7.865,0.665,0.440
170.2869,7.000,1388.437,1373.662,7.388,0.137,0.440
170.3855,7.000,1388.156,1373.498,7.329,0.028,0.440
170.4832,7.000,1387.995,1373.280,7.357,0.006,0.440
170.5907,7.000,1387.879,1373.074,7.403,0.001,0.440
170.6905,6.000,1368.278,1390.302,-11.012,-14.857,0.440
170.7883,6.000,1380.603,1378.959,0.822,-3.066,0.440
170.8871,5.000,1363.983,1394.314,-15.166,-15.490,0.440
170.9838,4.000,1357.760,1400.362,-21.301,-18.053,0.440
171.0934,4.000,1373.543,1387.430,-6.944,-3.725,0.440
171.1910,4.000,1377.740,1385.657,-3.958,-0.769,0.440
171.2881,3.000,1359.894,1403.462,-21.784,-15.016,0.440
171.3859,3.000,1373.316,1393.006,-9.845,-3.098,0.440
171.4926,2.000,1357.543,1409.200,-25.829,-15.497,0.440
171.5892,2.000,1371.535,1398.566,-13.515,-3.198,0.440
171.6879,1.000,1356.000,1414.855,-29.427,-15.517,0.440
171.7863,-0.000,1350.629,1421.768,-35.569,-18.059,0.440
171.8929,-0.000,1367.116,1409.590,-21.237,-3.726,0.440
171.9910,-1.000,1351.491,1424.979,-36.744,-15.626,0.440
172.0908,-1.000,1365.285,1413.984,-24.349,-3.224,0.440
172.1880,-2.000,1348.612,1429.136,-40.262,-15.523,0.440
172.2884,-2.000,1361.771,1417.684,-27.957,-3.203,0.440
172.3860,-2.000,1365.024,1415.882,-25.429,-0.661,0.440
172.4870,-2.000,1366.151,1415.989,-24.919,-0.136,0.440
172.5868,-2.000,1366.769,1416.419,-24.825,-0.028,0.440
172.6876,-3.000,1346.808,1433.371,-43.281,-14.863,0.440
172.7872,-3.000,1358.804,1421.818,-31.507,-3.067,0.440
172.8860,-3.000,1361.405,1419.593,-29.094,-0.633,0.440
172.9929,-3.000,1362.045,1419.273,-28.614,-0.131,0.440
173.0904,-3.000,1362.263,1419.326,-28.532,-0.027,0.440
173.1889,-3.000,1362.378,1419.442,-28.532,-0.006,0.440
173.2860,-3.000,1362.459,1419.558,-28.549,-0.001,0.440
173.3841,-3.000,1362.522,1419.662,-28.570,-0.000,0.440
173.4824,-2.000,1379.986,1400.240,-10.127,14.857,0.440
173.5912,-1.000,1386.262,1393.199,-3.468,17.923,0.440
173.6891,-0.000,1390.620,1389.091,0.764,18.556,0.440
173.7870,1.000,1394.014,1385.010,4.502,18.686,0.440
173.8842,2.000,1396.913,1380.627,8.143,18.713,0.440
173.9828,4.000,1415.974,1355.504,30.235,33.576,0.440
174.0818,4.000,1389.779,1382.547,3.616,6.928,0.440
174.1917,5.000,1401.184,1367.962,16.611,16.287,0.440
174.2903,6.000,1404.957,1360.587,22.185,18.218,0.440
174.3866,6.000,1390.511,1374.971,7.770,3.759,0.440
174.4837,6.000,1387.544,1377.885,4.829,0.776,0.440
174.5821,6.000,1386.949,1378.435,4.257,0.160,0.440
174.6911,6.000,1386.846,1378.500,4.173,0.033,0.440
174.7899,6.000,1386.847,1378.467,4.190,0.007,0.440
174.8887,6.000,1386.871,1378.415,4.228,0.001,0.440
174.9858,6.000,1386.901,1378.361,4.270,0.000,0.440
175.0843,5.000,1367.420,1395.723,-14.151,-14.857,0.440
175.1820,5.000,1379.846,1384.494,-2.324,-3.066,0.440
175.2909,5.000,1382.824,1382.534,0.145,-0.633,0.440
175.3893,5.000,1383.795,1382.429,0.683,-0.131,0.440
175.4862,4.000,1364.788,1400.072,-17.642,-14.884,0.440
175.5839,4.000,1377.550,1389.150,-5.800,-3.071,0.440
175.6819,4.000,1380.799,1387.466,-3.334,-0.634,0.440
175.7908,5.000,1398.510,1367.185,15.662,14.726,0.440
175.8878,5.000,1387.266,1379.244,4.011,3.039,0.440
175.9859,6.000,1401.751,1361.552,20.099,15.484,0.440
176.0859,7.000,1406.156,1353.520,26.318,18.052,0.440
176.1832,7.000,1391.838,1367.756,12.041,3.725,0.440
176.2824,7.000,1388.897,1370.627,9.135,0.769,0.440
176.3816,6.000,1368.794,1388.572,-9.889,-14.699,0.440
176.4909,5.000,1361.570,1394.860,-16.645,-17.890,0.440
176.5871,5.000,1376.907,1381.728,-2.410,-3.692,0.440
176.6858,4.000,1361.296,1397.113,-17.909,-15.619,0.440
176.7825,3.000,1355.610,1403.507,-23.948,-18.080,0.440
176.8807,3.000,1371.782,1390.937,-9.577,-3.731,0.440
176.9909,2.000,1356.781,1406.899,-25.059,-15.627,0.440
177.0887,2.000,1371.107,1396.391,-12.642,-3.225,0.440
177.1868,1.000,1355.788,1412.854,-28.533,-15.523,0.440
177.2856,1.000,1370.102,1402.514,-16.206,-3.203,0.440
177.3827,1.000,1374.339,1401.653,-13.657,-0.661,0.440
177.4825,1.000,1376.306,1402.557,-13.125,-0.136,0.440
177.5888,2.000,1394.156,1383.247,5.455,14.829,0.440
177.6874,2.000,1383.281,1395.881,-6.300,3.060,0.440
177.7864,2.000,1381.614,1399.043,-8.714,0.631,0.440
177.8838,2.000,1381.763,1400.165,-9.201,0.130,0.440
177.9815,2.000,1382.214,1400.794,-9.290,0.027,0.440
178.0891,2.000,1382.666,1401.260,-9.297,0.006,0.440
178.1881,3.000,1399.581,1381.226,9.177,14.858,0.440
178.2868,3.000,1387.984,1393.171,-2.593,3.066,0.440
178.3866,3.000,1385.721,1395.731,-5.005,0.633,0.440
178.4854,3.000,1385.366,1396.337,-5.485,0.131,0.440
178.5828,3.000,1385.391,1396.526,-5.567,0.027,0.440
178.6806,3.000,1385.482,1396.617,-5.567,0.006,0.440
178.7796,4.000,1402.091,1376.262,12.914,14.858,0.440
178.8898,4.000,1390.236,1387.934,1.151,3.066,0.440
178.9896,5.000,1404.267,1369.846,17.211,15.490,0.440
179.0897,5.000,1391.786,1381.880,4.953,3.196,0.440
179.1878,6.000,1372.844,1372.877,12.752,8.252,0.280
179.2854,6.000,1343.343,1377.804,6.273,1.737,0.280
179.3834,6.000,1320.646,1375.795,4.938,0.366,0.280
179.4809,7.000,1309.228,1358.792,15.270,7.656,0.280
179.5894,8.000,1293.230,1346.212,19.853,9.191,0.280
179.6885,9.000,1277.022,1333.711,23.230,9.514,0.280
179.7876,10.000,1261.409,1320.500,26.358,9.582,0.280
179.8850,11.000,1246.467,1306.522,29.438,9.596,0.280
179.9830,12.000,1232.130,1291.858,32.513,9.599,0.280
180.0821,13.000,1218.316,1276.601,35.592,9.600,0.280
180.1894,14.000,1204.948,1260.838,38.676,9.600,0.280
180.2873,15.000,1191.962,1244.644,41.766,9.600,0.280
180.3842,16.000,1179.300,1228.083,44.862,9.600,0.280
180.4820,17.000,1166.915,1211.209,47.964,9.600,0.280
180.5833,18.000,1154.767,1194.067,51.072,9.600,0.280
180.6804,19.000,1142.820,1176.698,54.186,9.600,0.280
180.7876,19.000,1122.260,1171.518,46.721,2.021,0.280
180.8842,20.000,1116.521,1147.960,55.704,8.004,0.280
180.9817,21.000,1106.173,1128.985,59.964,9.264,0.280
181.0896,21.000,1086.151,1123.264,52.650,1.950,0.280
181.1860,22.000,1080.795,1099.318,61.690,7.990,0.280
181.2837,23.000,1070.737,1080.049,65.961,9.261,0.280
181.3829,24.000,1059.733,1061.706,69.229,9.529,0.280
181.4819,24.000,1039.786,1055.888,61.706,2.006,0.280
181.5812,25.000,1034.628,1031.726,70.701,8.001,0.280
181.6812,26.000,1024.768,1012.245,74.963,9.263,0.280
181.7888,26.000,1005.157,1006.095,67.650,1.950,0.280
181.8861,27.000,1000.151,981.786,76.690,7.990,0.280
181.9856,28.000,990.391,962.207,80.961,9.261,0.280
182.0853,29.000,979.640,943.602,84.229,9.529,0.280
182.1856,29.000,959.908,937.560,76.706,2.006,0.280
182.2837,29.000,946.154,925.587,75.122,0.422,0.280
182.3815,30.000,942.462,899.992,85.368,7.668,0.280
182.4892,31.000,933.047,880.092,89.893,9.193,0.280
182.5887,31.000,913.648,873.754,82.635,1.935,0.280
182.6872,31.000,900.007,861.699,81.107,0.407,0.280
182.7844,31.000,887.597,848.448,80.786,0.086,0.280
182.8841,31.000,875.461,834.952,80.718,0.018,0.280
182.9819,32.000,872.175,809.031,91.283,7.583,0.280
183.0793,32.000,854.123,801.438,85.296,1.596,0.280
183.1786,31.000,841.650,811.357,73.457,-7.243,0.280
183.2870,31.000,848.330,805.507,79.175,-1.525,0.280
183.3865,31.000,850.351,804.191,80.379,-0.321,0.280
183.4828,30.000,839.520,813.221,70.053,-7.647,0.280
183.5822,29.000,834.849,816.962,65.511,-9.189,0.280
183.6815,28.000,831.714,819.905,62.187,-9.513,0.280
183.7827,27.000,829.107,822.950,59.118,-9.582,0.280
183.8792,26.000,826.785,826.244,56.104,-9.596,0.280
183.9884,25.000,824.670,829.785,53.101,-9.599,0.280
184.0873,23.000,810.946,842.921,39.521,-17.179,0.280
184.1852,22.000,815.606,841.362,42.504,-11.196,0.280
184.2833,21.000,815.591,844.612,40.764,-9.936,0.280
184.3810,20.000,814.623,848.930,38.029,-9.671,0.280
184.4777,18.000,801.809,862.792,24.614,-17.194,0.280
184.5858,16.000,795.433,871.258,17.126,-18.778,0.280
184.6835,14.000,790.728,878.940,10.877,-19.111,0.280
184.7818,13.000,798.428,877.371,15.464,-11.602,0.280
184.8787,11.000,788.241,890.968,3.532,-17.600,0.280
184.9781,8.000,771.332,909.576,-14.262,-26.442,0.280
185.0875,6.000,773.937,912.616,-14.509,-20.725,0.280
185.1856,3.000,760.403,929.747,-29.866,-27.100,0.280
185.2854,1.000,764.296,933.112,-29.623,-20.863,0.280
185.3850,-1.000,762.706,940.871,-34.316,-19.550,0.280
185.4833,-4.000,746.617,957.405,-50.643,-26.853,0.280
185.5819,-7.000,735.339,967.260,-61.222,-28.390,0.280
185.6777,-9.000,736.847,966.343,-60.021,-21.135,0.280
185.7836,-12.000,719.584,979.308,-75.144,-27.186,0.280
185.8803,-14.000,718.886,978.152,-74.923,-20.881,0.280
185.9775,-17.000,700.352,990.311,-90.277,-27.133,0.280
186.0875,-19.000,698.697,988.347,-90.128,-20.870,0.280
186.1853,-22.000,679.503,999.665,-105.389,-27.131,0.280
186.2829,-24.000,677.321,996.952,-105.128,-20.870,0.280
186.3787,-27.000,657.583,1007.729,-120.388,-27.130,0.280
186.4779,-28.000,667.318,995.778,-109.549,-13.291,0.280
186.5849,-30.000,653.613,1003.399,-120.214,-17.956,0.280
186.6810,-32.000,643.448,1007.194,-127.196,-18.938,0.280
186.7802,-35.000,621.556,1018.870,-143.982,-26.724,0.280
186.8774,-37.000,618.056,1015.486,-144.042,-20.784,0.280
186.9871,-38.000,622.161,1007.930,-138.213,-11.955,0.280
187.0843,-40.000,606.876,1016.083,-149.933,-17.675,0.280
187.1812,-43.000,583.662,1028.433,-167.716,-26.458,0.280
187.2794,-45.000,579.676,1024.986,-167.986,-20.728,0.280
187.3788,-47.000,571.123,1026.019,-172.780,-19.522,0.280
187.4883,-49.000,561.582,1027.969,-178.526,-19.268,0.280
187.5893,-50.000,564.189,1021.310,-173.893,-11.635,0.280
187.6764,-52.000,548.395,1029.460,-185.865,-17.607,0.280
187.7856,-53.000,549.668,1024.089,-182.544,-11.286,0.280
187.8818,-54.000,545.958,1023.716,-184.213,-9.955,0.280
187.9778,-55.000,541.203,1024.401,-186.933,-9.675,0.280
188.0770,-62.000,461.959,1077.985,-253.347,-55.089,0.280
188.1841,-64.000,480.287,1051.646,-231.014,-26.756,0.280
188.2828,-66.000,476.248,1047.676,-231.049,-20.791,0.280
188.3804,-67.000,479.878,1039.637,-225.214,-11.956,0.280
188.4857,-69.000,464.186,1047.382,-236.933,-17.675,0.280
188.5836,-70.000,465.384,1041.830,-233.558,-11.300,0.280
188.6814,-71.000,461.575,1041.337,-235.216,-9.958,0.280
188.7785,-72.000,456.730,1041.926,-237.933,-9.675,0.280
188.8770,-73.000,451.680,1042.758,-240.874,-9.616,0.280
188.9852,-73.000,458.979,1034.874,-233.282,-2.024,0.280
189.0820,-74.000,447.950,1041.806,-242.263,-8.005,0.280
189.1800,-75.000,441.649,1044.023,-246.522,-9.264,0.280
189.2793,-75.000,448.728,1036.474,-239.208,-1.950,0.280
189.3777,-75.000,450.068,1034.734,-237.669,-0.411,0.280
189.4764,-75.000,450.222,1034.240,-237.344,-0.086,0.280
189.5844,-75.000,450.146,1034.028,-237.276,-0.018,0.280
189.6824,-75.000,450.038,1033.891,-237.262,-0.004,0.280
189.7806,-75.000,449.936,1033.783,-237.259,-0.001,0.280
189.8806,-75.000,449.848,1033.694,-237.258,-0.000,0.280
189.9789,-74.000,459.152,1021.839,-226.679,7.579,0.280
190.0764,-73.000,462.964,1016.460,-222.083,9.175,0.280
190.1843,-72.000,465.933,1012.757,-218.748,9.510,0.280
190.2811,-71.000,468.992,1009.675,-215.677,9.581,0.280
190.3801,-70.000,472.297,1006.950,-212.662,9.596,0.280
190.4775,-68.000,485.226,992.715,-199.080,17.178,0.280
190.5857,-66.000,492.867,985.163,-191.484,18.774,0.280
190.6835,-64.000,499.841,979.465,-185.148,19.110,0.280
190.7818,-62.000,507.054,974.537,-179.077,19.181,0.280
190.8786,-57.000,542.777,934.756,-141.325,41.933,0.280
190.9790,-56.000,524.826,961.857,-163.851,16.407,0.280
191.0769,-56.000,517.262,980.199,-176.804,3.454,0.280
191.1749,-55.000,528.495,975.728,-168.952,8.306,0.280
191.2758,-55.000,526.311,986.659,-175.509,1.749,0.280
191.3851,-54.000,538.027,979.978,-166.311,7.947,0.280
191.4757,-52.000,554.151,966.334,-151.427,16.831,0.280
191.5843,-51.000,554.296,971.896,-154.136,11.122,0.280
191.6824,-49.000,568.199,961.045,-141.759,17.499,0.280
191.7802,-47.000,577.439,955.600,-134.416,18.842,0.280
191.8773,-44.000,595.313,939.750,-117.554,26.704,0.280
191.9768,-41.000,607.728,930.856,-106.899,28.359,0.280
192.0854,-37.000,628.852,912.125,-86.972,36.286,0.280
192.1823,-35.000,625.980,924.231,-94.461,22.797,0.280
192.2810,-31.000,652.423,902.037,-70.143,35.115,0.280
192.3801,-28.000,660.643,902.229,-66.128,30.130,0.280
192.4806,-25.000,673.068,898.753,-58.178,29.080,0.280
192.5774,-21.000,695.930,882.899,-38.820,36.438,0.280
192.6774,-18.000,704.170,885.415,-35.958,30.408,0.280
192.7755,-15.000,717.282,883.246,-28.317,29.139,0.280
192.8842,-11.000,740.878,868.351,-9.072,36.450,0.280
192.9812,-8.000,749.889,871.536,-6.159,30.411,0.280
193.0789,-5.000,763.671,869.921,1.539,29.139,0.280
193.1770,-3.000,769.077,879.057,-0.326,21.292,0.280
193.2757,-0.000,789.584,869.710,14.601,27.219,0.280
193.3741,2.000,794.908,875.672,14.282,20.888,0.280
193.4827,4.000,803.796,875.178,18.973,19.555,0.280
193.5829,6.000,812.519,872.390,24.729,19.275,0.280
193.6814,8.000,820.430,868.323,30.718,19.216,0.280
193.7801,11.000,836.296,850.924,47.350,26.782,0.280
193.8802,13.000,836.637,851.081,47.442,20.796,0.280
193.9779,15.000,841.078,845.863,52.272,19.536,0.280
194.0764,17.000,845.984,839.096,58.109,19.271,0.280
194.1757,19.000,850.652,831.647,64.167,19.215,0.280
194.2846,21.000,854.858,823.877,70.155,19.203,0.280
194.3819,22.000,849.962,828.143,65.574,11.622,0.280
194.4793,23.000,850.798,826.172,66.978,10.026,0.280
194.5769,23.000,843.901,835.104,59.063,2.111,0.280
194.6758,23.000,843.099,837.635,57.396,0.444,0.280
194.7753,23.000,843.484,838.721,57.046,0.094,0.280
194.8741,22.000,832.256,848.799,46.393,-7.559,0.280
194.9844,21.000,827.456,853.221,41.782,-9.170,0.280
195.0808,20.000,824.256,856.700,38.442,-9.510,0.280
195.1783,19.000,821.717,860.076,35.485,-9.581,0.280
195.2750,17.000,807.681,873.024,21.993,-17.175,0.280
195.3836,15.000,800.310,880.670,14.484,-18.774,0.280
195.4827,15.000,818.338,868.875,29.396,-3.952,0.280
195.5804,14.000,812.412,877.699,22.021,-8.411,0.280
195.6784,14.000,821.869,873.707,28.745,-1.771,0.280
195.7763,12.000,802.103,893.317,9.057,-15.531,0.280
195.8838,12.000,817.370,883.918,21.390,-3.270,0.280
195.9831,11.000,810.732,893.143,13.459,-8.267,0.280
196.0827,10.000,808.139,898.535,9.467,-9.319,0.280
196.1791,10.000,818.246,893.807,16.884,-1.962,0.280
196.2778,9.000,810.357,903.869,7.908,-7.992,0.280
196.3773,7.000,795.573,918.699,-6.898,-16.840,0.280
196.4831,4.000,776.575,936.537,-25.316,-26.282,0.280
196.5815,2.000,777.786,938.540,-25.713,-20.691,0.280
196.6792,1.000,786.713,935.944,-19.951,-11.935,0.280
196.7770,-0.000,788.548,940.092,-21.108,-10.092,0.280
196.8757,-0.000,800.557,936.167,-13.141,-2.125,0.280
196.9739,-0.000,805.670,937.926,-11.463,-0.447,0.280
197.0828,-0.000,808.944,940.493,-11.110,-0.094,0.280
197.1820,1.000,820.286,930.516,-0.451,7.559,0.280
197.2809,1.000,816.404,938.558,-6.413,1.591,0.280
197.3801,-0.000,805.137,950.962,-18.248,-7.244,0.280
197.4793,-1.000,800.454,956.011,-23.114,-9.104,0.280
197.5761,-3.000,784.521,968.055,-37.103,-17.075,0.280
197.6741,-4.000,786.945,964.725,-34.226,-11.174,0.280
197.7826,-6.000,772.087,974.612,-46.598,-17.510,0.280
197.8806,-6.000,786.763,961.712,-32.810,-3.686,0.280
197.9780,-6.000,790.392,959.593,-29.936,-0.776,0.280
198.0771,-7.000,779.225,968.442,-39.944,-7.742,0.280
198.1758,-6.000,795.195,951.102,-23.289,5.949,0.280
198.2724,-6.000,791.381,956.753,-28.022,1.252,0.280
198.3802,-6.000,791.136,958.558,-29.046,0.264,0.280
198.4763,-7.000,779.170,968.250,-39.875,-7.523,0.280
198.5759,-8.000,773.217,971.671,-44.563,-9.163,0.280
198.6765,-9.000,768.441,973.694,-47.962,-9.508,0.280
198.7744,-11.000,751.454,984.142,-61.680,-17.160,0.280
198.8725,-13.000,740.385,988.451,-69.368,-18.770,0.280
198.9819,-15.000,730.484,991.408,-75.798,-19.110,0.280
199.0806,-16.000,733.144,985.245,-71.386,-11.602,0.280
199.1777,-17.000,729.833,984.977,-72.907,-10.021,0.280
199.2763,-18.000,725.238,985.932,-75.683,-9.689,0.280
199.3747,-19.000,720.346,987.129,-78.727,-9.619,0.280
199.4717,-19.000,727.756,979.578,-71.247,-2.025,0.280
199.5805,-20.000,716.916,986.699,-80.227,-8.005,0.280
199.6777,-21.000,710.776,989.077,-84.486,-9.264,0.280
199.7759,-22.000,705.612,990.444,-87.751,-9.529,0.280
199.8725,-23.000,700.642,991.585,-90.807,-9.585,0.280
199.9807,-24.000,695.704,992.670,-93.819,-9.597,0.280
200.0780,-26.000,678.384,1002.514,-107.400,-17.178,0.280
200.1748,-27.000,679.390,997.554,-104.417,-11.195,0.280
200.2742,-28.000,675.669,997.314,-106.158,-9.936,0.280
200.3727,-28.000,683.330,989.286,-98.314,-2.092,0.280
200.4811,-28.000,684.825,987.479,-96.662,-0.440,0.280
200.5786,-28.000,685.040,986.999,-96.315,-0.093,0.280
200.6766,-28.000,685.001,986.813,-96.242,-0.020,0.280
200.7739,-28.000,684.921,986.702,-96.226,-0.004,0.280
200.8722,-28.000,684.842,986.617,-96.223,-0.001,0.280
200.9814,-28.000,684.774,986.547,-96.222,-0.000,0.280
201.0801,-29.000,672.336,995.267,-106.801,-7.579,0.280
201.1779,-29.000,678.240,989.204,-100.818,-1.596,0.280
201.2730,-29.000,679.431,987.876,-99.558,-0.336,0.280
201.3814,-29.000,679.639,987.553,-99.293,-0.071,0.280
201.4725,-30.000,667.267,996.227,-109.816,-7.594,0.280
201.5812,-30.000,673.190,990.160,-103.821,-1.599,0.280
201.6786,-31.000,662.012,997.616,-113.138,-7.916,0.280
201.7760,-32.000,655.800,1000.064,-117.467,-9.245,0.280
201.8732,-32.000,663.000,992.666,-110.168,-1.946,0.280
201.9721,-32.000,664.452,991.044,-108.632,-0.410,0.280
202.0809,-32.000,664.703,990.649,-108.308,-0.086,0.280
202.1804,-32.000,664.710,990.520,-108.240,-0.018,0.280
202.2781,-33.000,652.294,999.232,-118.805,-7.583,0.280
202.3755,-33.000,658.206,993.172,-112.818,-1.596,0.280
202.4744,-32.000,668.782,980.069,-100.979,7.243,0.280
202.5734,-32.000,663.490,986.214,-106.697,1.525,0.280
202.6726,-32.000,662.649,987.780,-107.901,0.321,0.280
202.7813,-31.000,672.083,976.563,-97.575,7.647,0.280
202.8782,-31.000,666.788,983.341,-103.612,1.610,0.280
202.9754,-30.000,675.526,973.464,-94.304,7.918,0.280
203.0750,-29.000,679.671,968.952,-89.976,9.246,0.280
203.1750,-28.000,683.094,965.816,-86.697,9.525,0.280
203.2722,-27.000,686.575,963.179,-83.638,9.584,0.280
203.3715,-27.000,680.867,972.604,-91.204,2.018,0.280
203.4797,-26.000,690.233,963.998,-82.218,8.004,0.280
203.5790,-26.000,685.737,972.140,-88.537,1.685,0.280
203.6772,-25.000,695.335,963.241,-79.288,7.934,0.280
203.7745,-24.000,700.248,959.522,-74.973,9.249,0.280
203.8723,-23.000,704.332,957.053,-71.696,9.526,0.280
203.9800,-21.000,717.756,943.202,-58.059,17.163,0.280
204.0778,-20.000,716.403,947.791,-61.030,11.192,0.280
204.1758,-19.000,719.708,947.838,-59.401,9.935,0.280
204.2737,-17.000,733.444,935.150,-46.188,17.250,0.280
204.3713,-16.000,732.555,940.531,-49.324,11.210,0.280
204.4796,-15.000,736.402,941.101,-47.685,9.939,0.280
204.5799,-14.000,741.228,940.630,-45.037,9.671,0.280
204.6787,-12.000,755.630,928.131,-31.586,17.194,0.280
204.7763,-11.000,755.177,933.800,-34.647,11.199,0.280
204.8736,-10.000,759.372,934.639,-32.969,9.937,0.280
204.9712,-8.000,773.876,922.614,-19.704,17.250,0.280
205.0792,-7.000,773.648,928.548,-22.786,11.210,0.280
205.1771,-7.000,768.682,941.366,-31.678,2.360,0.280
205.2759,-6.000,779.498,934.823,-22.998,8.076,0.280
205.3744,-5.000,785.787,932.766,-18.825,9.279,0.280
205.4731,-5.000,781.731,943.420,-26.181,1.953,0.280
205.5803,-4.000,792.347,936.012,-17.168,7.990,0.280
205.6782,-3.000,798.263,933.422,-12.915,9.261,0.280
205.7753,-3.000,793.848,943.665,-20.244,1.950,0.280
205.8741,-3.000,794.767,947.699,-21.802,0.410,0.280
205.9713,-2.000,805.916,938.362,-11.559,7.665,0.280
206.0796,-2.000,802.121,946.695,-17.622,1.614,0.280
206.1699,-2.000,802.764,949.910,-18.908,0.340,0.280
206.2770,-2.000,804.124,951.830,-19.188,0.072,0.280
206.3752,-2.000,805.449,953.292,-19.257,0.015,0.280
206.4736,-2.000,806.610,954.501,-19.281,0.003,0.280
206.5721,-2.000,807.602,955.522,-19.295,0.001,0.280
206.6692,-1.000,817.831,944.606,-8.723,7.579,0.280
206.7773,-0.000,822.434,940.018,-4.127,9.175,0.280
206.8750,1.000,825.482,936.382,-0.786,9.510,0.280
206.9716,1.000,819.230,945.135,-8.288,2.002,0.280
207.0698,1.000,818.719,947.772,-9.862,0.422,0.280
207.1777,2.000,828.080,936.618,0.396,7.668,0.280
207.2768,2.000,822.777,943.397,-5.646,1.614,0.280
207.3731,2.000,822.141,945.287,-6.908,0.340,0.280
207.4703,2.000,822.418,946.076,-7.164,0.072,0.280
207.5700,2.000,822.827,946.574,-7.209,0.015,0.280
207.6780,2.000,823.212,946.959,-7.209,0.003,0.280
207.7747,2.000,823.549,947.277,-7.199,0.001,0.280
207.8736,1.000,812.054,956.929,-17.773,-7.579,0.280
207.9717,1.000,818.760,951.656,-11.784,-1.596,0.280
208.0730,1.000,820.635,950.999,-10.518,-0.336,0.280
208.1699,-0.000,809.639,960.631,-20.832,-7.650,0.280
208.2767,-0.000,816.598,955.512,-14.792,-1.610,0.280
208.3732,-1.000,806.266,963.807,-24.106,-7.918,0.280
208.4723,-1.000,813.146,958.197,-17.861,-1.667,0.280
208.5716,-2.000,802.611,966.211,-27.136,-7.930,0.280
208.6702,-3.000,796.903,969.177,-31.472,-9.248,0.280
208.7697,-4.000,792.136,971.012,-34.774,-9.526,0.280
208.8788,-4.000,799.886,963.770,-27.277,-2.005,0.280
208.9767,-5.000,789.277,971.212,-36.303,-8.001,0.280
209.0736,-6.000,783.332,973.864,-40.601,-9.263,0.280
209.1737,-6.000,790.710,966.687,-33.324,-1.950,0.280
209.2708,-7.000,779.914,974.054,-42.406,-7.990,0.280
209.3774,-7.000,786.222,967.831,-36.140,-1.682,0.280
209.4773,-8.000,775.159,975.366,-45.439,-7.933,0.280
209.5749,-8.000,781.375,969.152,-39.224,-1.670,0.280
209.6726,-8.000,782.646,967.882,-37.954,-0.352,0.280
209.7689,-8.000,782.877,967.654,-37.724,-0.074,0.280
209.8778,-8.000,782.887,967.644,-37.714,-0.016,0.280
209.9760,-8.000,782.852,967.680,-37.749,-0.003,0.280
210.0760,-8.000,782.807,967.725,-37.795,-0.001,0.280
210.1752,-8.000,782.760,967.773,-37.842,-0.000,0.280
210.2721,-8.000,782.712,967.821,-37.890,-0.000,0.280
210.3681,-8.000,782.665,967.870,-37.938,-0.000,0.280
210.4778,-8.000,782.617,967.918,-37.986,-0.000,0.280
210.5758,-8.000,782.569,967.966,-38.034,-0.000,0.280
210.6737,-8.000,782.521,968.014,-38.082,-0.000,0.280
210.7730,-7.000,791.858,956.277,-27.545,7.579,0.280
210.8722,-7.000,786.313,962.783,-33.570,1.596,0.280
210.9714,-7.000,785.419,964.493,-34.872,0.336,0.280
211.0715,-8.000,773.074,973.932,-45.764,-7.508,0.280
211.1693,-8.000,779.219,968.317,-39.885,-1.581,0.280
211.2787,-8.000,780.644,967.342,-38.685,-0.333,0.280
211.3768,-8.000,781.050,967.319,-38.470,-0.070,0.280
211.4748,-8.000,781.220,967.474,-38.463,-0.015,0.280
211.5749,-8.000,781.321,967.649,-38.499,-0.003,0.280
211.6749,-8.000,781.393,967.812,-38.545,-0.001,0.280
211.7741,-8.000,781.446,967.959,-38.592,-0.000,0.280
211.8708,-8.000,781.483,968.092,-38.640,-0.000,0.280
211.9678,-7.000,790.892,956.427,-28.103,7.579,0.280
212.0759,-7.000,785.408,962.994,-34.128,1.596,0.280
212.1726,-6.000,793.951,952.971,-24.845,7.915,0.280
212.2710,-5.000,797.923,948.341,-20.545,9.245,0.280
212.3690,-4.000,801.199,945.106,-17.289,9.525,0.280
212.4776,-4.000,795.173,954.167,-24.833,2.005,0.280
212.5769,-3.000,804.240,945.279,-15.855,8.001,0.280
212.6753,-3.000,799.482,953.190,-22.190,1.684,0.280
212.7727,-2.000,808.859,944.093,-12.952,7.934,0.280
212.8725,-2.000,804.203,951.987,-19.228,1.670,0.280
212.9704,-2.000,804.248,954.694,-20.558,0.352,0.280
213.0698,-2.000,805.128,956.153,-20.848,0.074,0.280
213.1664,-2.000,806.052,957.218,-20.918,0.016,0.280
213.2755,-2.000,806.873,958.087,-20.943,0.003,0.280
213.3735,-2.000,807.576,958.820,-20.957,0.001,0.280
213.4715,-3.000,795.789,968.228,-31.555,-7.579,0.280
213.5688,-3.000,802.244,962.752,-25.590,-1.596,0.280
213.6692,-4.000,791.516,970.711,-34.933,-7.915,0.280
213.7675,-5.000,785.679,973.594,-39.293,-9.245,0.280
213.8766,-6.000,780.807,975.355,-42.609,-9.525,0.280
213.9748,-7.000,776.085,976.834,-45.710,-9.584,0.280
214.0734,-8.000,771.346,978.216,-48.771,-9.597,0.280
214.1704,-8.000,778.947,970.761,-41.242,-2.020,0.280
214.2688,-9.000,768.171,978.061,-50.280,-8.004,0.280
214.3676,-10.000,762.074,980.603,-54.600,-9.264,0.280
214.4763,-11.000,756.933,982.124,-57.931,-9.529,0.280
214.5744,-12.000,751.966,983.413,-61.059,-9.585,0.280
214.6756,-12.000,759.398,975.855,-53.564,-2.018,0.280
214.7750,-13.000,748.480,983.065,-62.628,-8.004,0.280
214.8730,-13.000,754.645,976.748,-56.387,-1.685,0.280
214.9705,-14.000,743.449,984.217,-65.720,-7.934,0.280
215.0674,-14.000,749.543,977.953,-59.540,-1.670,0.280
215.1766,-15.000,738.321,985.431,-68.891,-7.931,0.280
215.2758,-16.000,732.016,987.954,-73.305,-9.249,0.280
215.3751,-16.000,739.114,980.641,-66.099,-1.947,0.280
215.4759,-17.000,728.079,987.893,-75.243,-7.989,0.280
215.5747,-17.000,734.176,981.581,-69.038,-1.682,0.280
215.6726,-17.000,735.310,980.263,-67.812,-0.354,0.280
215.7705,-18.000,723.025,988.793,-78.219,-7.653,0.280
215.8683,-18.000,728.863,982.763,-72.285,-1.611,0.280
215.9669,-19.000,717.561,990.302,-81.706,-7.918,0.280
216.0667,-19.000,723.598,984.065,-75.569,-1.667,0.280
216.1752,-20.000,712.451,991.444,-84.832,-7.930,0.280
216.2719,-21.000,706.231,993.860,-89.150,-9.248,0.280
216.3708,-21.000,713.415,986.442,-81.849,-1.947,0.280
216.4682,-21.000,714.854,984.806,-80.312,-0.410,0.280
216.5669,-22.000,702.714,993.177,-90.567,-7.665,0.280
216.6757,-22.000,708.664,987.024,-84.516,-1.614,0.280
216.7741,-22.000,709.852,985.664,-83.242,-0.340,0.280
216.8714,-23.000,697.667,994.101,-93.552,-7.650,0.280
216.9675,-23.000,703.615,987.969,-87.513,-1.611,0.280
217.0665,-23.000,704.808,986.619,-86.241,-0.339,0.280
217.1677,-23.000,705.009,986.285,-85.973,-0.071,0.280
217.2758,-23.000,705.008,986.171,-85.917,-0.015,0.280
217.3739,-23.000,704.972,986.111,-85.905,-0.003,0.280
217.4715,-23.000,704.934,986.068,-85.903,-0.001,0.280
217.5695,-22.000,714.278,974.254,-75.323,7.579,0.280
217.6660,-22.000,708.745,980.687,-81.306,1.596,0.280
217.7756,-22.000,707.869,982.330,-82.566,0.336,0.280
217.8737,-21.000,717.308,971.141,-72.252,7.650,0.280
217.9738,-20.000,721.404,966.158,-67.713,9.189,0.280
218.0729,-20.000,715.272,974.536,-74.967,1.935,0.280
218.1717,-19.000,723.965,965.353,-66.030,7.986,0.280
218.2678,-18.000,728.222,961.278,-61.864,9.260,0.280
218.3656,-18.000,722.381,970.275,-69.282,1.950,0.280
218.4754,-17.000,731.460,961.478,-60.345,7.989,0.280
218.5743,-16.000,736.055,957.723,-56.169,9.261,0.280
218.6733,-15.000,739.890,955.202,-52.991,9.529,0.280
218.7703,-14.000,743.721,953.088,-50.019,9.585,0.280
218.8702,-13.000,747.684,951.184,-47.085,9.597,0.280
218.9683,-12.000,751.790,949.428,-44.155,9.599,0.280
219.0676,-11.000,756.023,947.793,-41.220,9.600,0.280
219.1666,-10.000,760.368,946.257,-38.280,9.600,0.280
219.2747,-9.000,764.807,944.804,-35.334,9.600,0.280
219.3718,-9.000,759.944,955.206,-42.967,2.021,0.280
219.4698,-8.000,770.033,947.425,-34.032,8.004,0.280
219.5682,-8.000,766.147,956.273,-40.399,1.685,0.280
219.6663,-8.000,766.877,959.760,-41.777,0.355,0.280
219.7744,-8.000,768.341,961.881,-42.105,0.075,0.280
219.8717,-8.000,769.758,963.511,-42.212,0.016,0.280
219.9712,-8.000,770.993,964.867,-42.273,0.003,0.280
220.0701,-8.000,772.043,966.018,-42.323,0.001,0.280
220.1700,-8.000,772.930,967.003,-42.372,0.000,0.280
220.2679,-9.000,761.292,976.631,-53.005,-7.579,0.280
220.3654,-9.000,767.868,971.348,-47.076,-1.596,0.280
220.4659,-9.000,769.622,970.691,-45.870,-0.336,0.280
220.5669,-9.000,770.300,970.947,-45.659,-0.071,0.280
220.6639,-9.000,770.699,971.342,-45.657,-0.015,0.280
220.7729,-10.000,758.609,980.506,-56.284,-7.582,0.280
220.8717,-10.000,764.791,974.837,-50.358,-1.596,0.280
220.9701,-10.000,766.210,973.855,-49.158,-0.336,0.280
221.0691,-10.000,766.600,973.835,-48.953,-0.071,0.280
221.1658,-10.000,766.754,973.997,-48.957,-0.015,0.280
221.2737,-10.000,766.840,974.179,-49.005,-0.003,0.280
221.3739,-10.000,766.896,974.350,-49.063,-0.001,0.280
221.4722,-10.000,766.933,974.507,-49.122,-0.000,0.280
221.5700,-10.000,766.956,974.649,-49.182,-0.000,0.280
221.6661,-11.000,754.581,983.564,-59.827,-7.579,0.280
221.7732,-12.000,748.143,986.461,-64.495,-9.175,0.280
221.8706,-12.000,755.309,979.285,-57.323,-1.931,0.280
221.9688,-13.000,744.372,986.612,-66.456,-7.986,0.280
222.0655,-14.000,738.180,989.137,-70.814,-9.260,0.280
222.1646,-15.000,732.963,990.637,-74.172,-9.528,0.280
222.2730,-16.000,727.931,991.910,-77.325,-9.585,0.280
222.3701,-17.000,722.919,993.126,-80.439,-9.597,0.280
222.4664,-17.000,730.281,985.538,-72.964,-2.020,0.280
222.5648,-18.000,719.293,992.734,-82.056,-8.004,0.280
222.6719,-19.000,713.007,995.196,-86.430,-9.264,0.280
222.7688,-19.000,720.082,987.871,-79.230,-1.950,0.280
222.8645,-20.000,709.136,995.004,-88.270,-7.990,0.280
222.9737,-20.000,715.324,988.577,-81.962,-1.682,0.280
223.0709,-21.000,704.170,995.925,-91.213,-7.933,0.280
223.1710,-21.000,710.316,989.546,-84.950,-1.670,0.280
223.2681,-21.000,711.536,988.128,-83.632,-0.352,0.280
223.3655,-21.000,711.729,987.766,-83.354,-0.074,0.280
223.4733,-21.000,711.715,987.635,-83.296,-0.016,0.280
223.5640,-21.000,711.667,987.562,-83.283,-0.003,0.280
223.6734,-22.000,699.238,996.286,-93.860,-7.580,0.280
223.7732,-22.000,705.148,990.228,-87.876,-1.596,0.280
223.8701,-23.000,693.966,997.685,-97.195,-7.915,0.280
223.9685,-23.000,700.131,991.353,-90.946,-1.666,0.280
224.0701,-23.000,701.376,989.966,-89.631,-0.351,0.280
224.1709,-24.000,689.213,998.408,-99.933,-7.653,0.280
224.2692,-24.000,695.174,992.285,-93.891,-1.611,0.280
224.3650,-24.000,696.376,990.944,-92.619,-0.339,0.280
224.4644,-24.000,696.585,990.617,-92.351,-0.071,0.280
224.5655,-24.000,696.592,990.511,-92.295,-0.015,0.280
224.6632,-24.000,696.561,990.457,-92.283,-0.003,0.280
224.7715,-23.000,705.907,978.639,-81.702,7.578,0.280
224.8686,-23.000,700.373,985.071,-87.685,1.595,0.280
224.9670,-22.000,708.874,974.934,-78.365,7.915,0.280
225.0646,-22.000,703.431,981.987,-84.614,1.666,0.280
225.1627,-21.000,712.178,972.207,-75.350,7.930,0.280
225.2711,-21.000,706.979,979.529,-81.611,1.669,0.280
225.3678,-19.000,725.207,958.305,-61.885,15.509,0.280
225.4687,-18.000,723.961,960.605,-63.658,10.844,0.280
225.5662,-17.000,726.624,959.437,-61.742,9.862,0.280
225.6631,-16.000,730.257,957.676,-59.045,9.655,0.280
225.7710,-14.000,743.604,944.120,-45.593,17.191,0.280
225.8698,-13.000,742.244,948.901,-48.664,11.198,0.280
225.9644,-11.000,755.050,937.204,-36.413,17.515,0.280
226.0640,-9.000,763.397,930.999,-29.137,18.845,0.280
226.1616,-7.000,771.146,926.272,-22.899,19.125,0.280
226.2709,-5.000,779.059,922.127,-16.870,19.184,0.280
226.3695,-4.000,777.869,930.119,-21.460,11.618,0.280
226.4658,-2.000,791.835,920.136,-9.486,17.604,0.280
226.5624,-0.000,801.387,915.168,-2.226,18.864,0.280
226.6728,2.000,809.013,910.240,4.051,19.129,0.280
226.7712,3.000,806.854,917.091,-0.454,11.606,0.280
226.8705,5.000,818.774,904.960,11.571,17.601,0.280
226.9699,6.000,816.603,909.351,8.290,11.284,0.280
227.0681,5.000,798.389,930.053,-11.167,-5.203,0.280
227.1645,4.000,793.299,937.857,-17.614,-8.674,0.280
227.2634,3.000,791.040,943.023,-21.327,-9.405,0.280
227.3631,3.000,801.219,938.316,-13.884,-1.980,0.280
227.4621,4.000,813.910,926.675,-1.718,7.162,0.280
227.5690,5.000,819.011,921.866,3.237,9.087,0.280
227.6688,6.000,822.277,918.250,6.678,9.492,0.280
227.7683,8.000,833.740,902.288,20.390,17.156,0.280
227.8698,9.000,830.116,904.488,17.479,11.191,0.280
227.9679,11.000,839.800,889.394,29.868,17.514,0.280
228.0664,13.000,844.310,879.085,37.277,18.845,0.280
228.1645,15.000,847.616,869.651,43.647,19.125,0.280
228.2636,16.000,841.788,872.670,39.223,11.605,0.280
228.3608,17.000,841.812,869.657,40.742,10.022,0.280
228.4685,19.000,851.802,852.927,54.102,17.268,0.280
228.5660,20.000,847.084,854.316,51.048,11.214,0.280
228.6674,21.000,847.095,850.876,52.774,9.940,0.280
228.7641,23.000,856.848,834.008,66.084,17.250,0.280
228.8627,25.000,860.763,822.845,73.624,18.790,0.280
228.9627,26.000,854.628,825.219,69.369,11.535,0.280
229.0615,28.000,862.981,809.470,81.420,17.586,0.280
229.1707,29.000,857.733,810.831,78.115,11.281,0.280
229.2698,31.000,866.232,794.827,90.367,17.533,0.280
229.3686,32.000,860.980,796.101,87.104,11.270,0.280
229.4677,33.000,860.671,792.429,88.786,9.952,0.280
229.5684,34.000,861.401,787.714,91.508,9.674,0.280
229.6710,35.000,862.349,782.779,94.450,9.616,0.280
229.7708,36.000,863.343,777.797,97.437,9.603,0.280
229.8689,36.000,855.566,785.183,89.856,2.022,0.280
229.9660,37.000,862.583,774.235,98.839,8.005,0.280
230.0650,37.000,856.092,780.383,92.519,1.685,0.280
230.1631,37.000,854.617,781.568,91.189,0.355,0.280
230.2609,37.000,854.213,781.724,90.909,0.075,0.280
230.3698,36.000,842.270,791.057,80.271,-7.563,0.280
230.4688,36.000,848.632,785.477,86.242,-1.592,0.280
230.5677,35.000,838.442,793.931,76.920,-7.914,0.280
230.6673,34.000,833.673,797.824,72.589,-9.245,0.280
230.7650,32.000,818.542,810.411,58.730,-17.104,0.280
230.8635,32.000,833.964,798.827,72.233,-3.601,0.280
230.9610,31.000,826.659,806.994,64.497,-8.337,0.280
231.0688,31.000,835.107,802.278,71.079,-1.755,0.280
231.1652,32.000,846.858,790.100,83.043,7.209,0.280
231.2633,32.000,842.485,797.110,77.352,1.518,0.280
231.3600,34.000,859.965,774.671,97.311,15.477,0.280
231.4682,35.000,857.418,775.404,95.671,10.837,0.280
231.5654,36.000,858.369,772.309,97.694,9.860,0.280
231.6646,37.000,859.953,768.304,100.489,9.655,0.280
231.7614,39.000,870.360,751.640,114.024,17.190,0.280
231.8601,39.000,857.129,765.551,100.453,3.619,0.280
231.9609,40.000,863.340,756.319,108.175,8.341,0.280
232.0689,40.000,856.971,763.120,101.590,1.756,0.280
232.1696,41.000,864.547,752.310,110.783,7.949,0.280
232.2669,41.000,858.398,758.712,104.507,1.673,0.280
232.3639,41.000,857.183,760.140,103.186,0.352,0.280
232.4628,42.000,865.775,748.130,113.487,7.653,0.280
232.5641,42.000,859.781,754.219,107.445,1.611,0.280
232.6635,42.000,858.549,755.532,106.173,0.339,0.280
232.7614,43.000,867.094,743.455,116.484,7.650,0.280
232.8608,43.000,861.054,749.493,110.445,1.611,0.280
232.9602,43.000,859.781,750.764,109.173,0.339,0.280
233.0674,43.000,859.513,751.031,108.905,0.071,0.280
233.1665,43.000,859.456,751.087,108.849,0.015,0.280
233.2656,43.000,859.444,751.098,108.837,0.003,0.280
233.3637,43.000,859.441,751.101,108.835,0.001,0.280
233.4615,42.000,847.661,760.480,98.255,-7.579,0.280
233.5605,42.000,854.124,754.976,104.238,-1.596,0.280
233.6591,41.000,844.013,763.503,94.919,-7.915,0.280
233.7675,41.000,851.088,758.081,101.168,-1.666,0.280
233.8656,40.000,841.327,766.847,91.904,-7.930,0.280
233.9627,39.000,836.885,771.043,87.586,-9.248,0.280
234.0627,38.000,833.803,774.516,84.308,-9.526,0.280
234.1608,37.000,831.211,778.041,81.250,-9.584,0.280
234.2679,36.000,828.895,781.750,78.237,-9.597,0.280
234.3686,35.000,826.785,785.644,75.235,-9.599,0.280
234.4652,34.000,824.842,789.703,72.234,-9.600,0.280
234.5624,34.000,834.820,784.523,79.813,-2.021,0.280
234.6599,33.000,826.676,794.346,70.830,-8.004,0.280
234.7677,32.000,823.430,799.619,66.570,-9.264,0.280
234.8666,31.000,821.327,804.046,63.305,-9.529,0.280
234.9649,30.000,819.558,808.389,60.249,-9.585,0.280
235.0635,29.000,817.941,812.795,57.237,-9.597,0.280
235.1618,28.000,816.423,817.283,54.235,-9.599,0.280
235.2591,27.000,814.985,821.846,51.234,-9.600,0.280
235.3673,26.000,813.613,826.474,48.234,-9.600,0.280
235.4657,25.000,812.297,831.158,45.234,-9.600,0.280
235.5618,24.000,811.028,835.889,42.234,-9.600,0.280
235.6684,23.000,809.799,840.660,39.234,-9.600,0.280
235.7653,22.000,808.605,845.466,36.234,-9.600,0.280
235.8621,20.000,795.661,859.680,22.655,-17.179,0.280
235.9595,19.000,801.098,858.922,25.752,-11.196,0.280
236.0676,18.000,801.755,862.843,24.120,-9.936,0.280
236.1674,17.000,801.367,867.722,21.487,-9.671,0.280
236.2651,16.000,800.728,872.778,18.639,-9.615,0.280
236.3637,15.000,800.007,877.854,15.741,-9.603,0.280
236.4603,14.000,799.244,882.918,12.827,-9.601,0.280
236.5673,13.000,798.451,887.968,9.906,-9.600,0.280
236.6675,12.000,797.632,893.005,6.978,-9.600,0.280
236.7665,11.000,796.790,898.031,4.044,-9.600,0.280
236.8631,10.000,795.929,903.050,1.104,-9.600,0.280
236.9616,10.000,806.835,898.678,8.743,-2.021,0.280
237.0594,9.000,799.482,909.184,-0.186,-8.004,0.280
237.1677,9.000,808.696,905.651,6.187,-1.685,0.280
237.2655,8.000,800.709,916.066,-3.014,-7.934,0.280
237.3635,7.000,797.768,921.671,-7.287,-9.249,0.280
237.4610,7.000,807.744,916.960,0.057,-1.947,0.280
237.5577,6.000,799.776,927.003,-8.949,-7.989,0.280
237.6572,6.000,808.501,923.042,-2.606,-1.682,0.280
237.7666,6.000,811.889,923.702,-1.242,-0.354,0.280
237.8634,5.000,802.141,934.493,-11.511,-7.653,0.280
237.9605,5.000,810.156,930.363,-5.439,-1.611,0.280
238.0584,5.000,813.109,930.713,-4.137,-0.339,0.280
238.1664,4.000,803.026,941.203,-14.424,-7.650,0.280
238.2652,4.000,810.763,936.813,-8.361,-1.611,0.280
238.3634,4.000,813.480,936.939,-7.065,-0.339,0.280
238.4589,4.000,814.981,937.856,-6.773,-0.071,0.280
238.5567,4.000,816.089,938.803,-6.693,-0.015,0.280
238.6647,4.000,816.998,939.641,-6.657,-0.003,0.280
238.7631,4.000,817.767,940.357,-6.631,-0.001,0.280
238.8601,4.000,818.422,940.963,-6.606,-0.000,0.280
238.9574,5.000,827.768,929.091,4.003,7.579,0.280
239.0662,5.000,822.240,935.470,-1.950,1.596,0.280
239.1633,5.000,821.372,937.062,-3.180,0.336,0.280
239.2628,6.000,830.230,925.220,7.170,7.650,0.280
239.3598,6.000,824.458,931.454,1.166,1.610,0.280
239.4587,6.000,823.420,932.887,-0.069,0.339,0.280
239.5682,7.000,832.140,920.901,10.284,7.650,0.280
239.6653,7.000,826.255,927.010,4.287,1.611,0.280
239.7608,8.000,833.906,915.950,13.642,7.918,0.280
239.8577,9.000,836.538,909.820,18.024,9.246,0.280
239.9562,10.000,838.091,904.693,21.363,9.525,0.280
240.0648,11.000,839.398,899.750,24.488,9.584,0.280
240.1620,12.000,840.636,894.820,27.573,9.597,0.280
240.2590,13.000,841.848,889.870,30.653,9.599,0.280
240.3666,14.000,843.044,884.897,33.738,9.600,0.280
240.4634,15.000,844.229,879.902,36.828,9.600,0.280
240.5624,16.000,845.405,874.886,39.924,9.600,0.280
240.6593,18.000,855.361,857.468,53.611,17.179,0.280
240.7568,19.000,850.519,858.365,50.742,11.196,0.280
240.8645,20.000,850.284,854.649,52.482,9.936,0.280
240.9622,22.000,859.818,837.555,65.796,17.250,0.280
241.0601,23.000,854.766,838.582,62.756,11.210,0.280
241.1577,25.000,863.263,822.463,75.064,17.518,0.280
241.2651,26.000,857.972,823.675,71.813,11.267,0.280
241.3627,27.000,857.623,819.958,73.497,9.951,0.280
241.4620,28.000,858.318,815.207,76.220,9.674,0.280
241.5587,29.000,859.235,810.241,79.162,9.616,0.280
241.6656,29.000,851.424,817.612,71.570,2.024,0.280
241.7622,30.000,858.417,806.644,80.551,8.005,0.280
241.8594,30.000,851.908,812.774,74.231,1.685,0.280
241.9582,31.000,859.195,801.565,83.480,7.934,0.280
242.0572,31.000,852.765,807.662,77.216,1.670,0.280
242.1651,32.000,860.084,796.460,86.477,7.931,0.280
242.2650,32.000,853.672,802.570,80.216,1.670,0.280
242.3634,33.000,861.005,791.381,89.476,7.930,0.280
242.4621,33.000,854.606,797.503,83.216,1.670,0.280
242.5600,33.000,853.170,798.704,81.897,0.351,0.280
242.6598,34.000,861.571,786.502,92.199,7.653,0.280
242.7571,34.000,855.414,792.429,86.157,1.611,0.280
242.8655,34.000,854.044,793.603,84.885,0.339,0.280
242.9648,34.000,853.693,793.787,84.617,0.071,0.280
243.0633,34.000,853.566,793.773,84.561,0.015,0.280
243.1624,34.000,853.494,793.724,84.549,0.003,0.280
243.2616,34.000,853.440,793.676,84.547,0.001,0.280
243.3611,34.000,853.396,793.633,84.546,0.000,0.280
243.4586,34.000,853.359,793.596,84.546,0.000,0.280
243.5571,34.000,853.328,793.565,84.546,0.000,0.280
243.6553,34.000,853.301,793.538,84.546,0.000,0.280
243.7657,34.000,853.278,793.515,84.546,0.000,0.280
243.8625,34.000,853.259,793.496,84.546,0.000,0.280
243.9602,34.000,853.243,793.480,84.546,0.000,0.280
244.0592,34.000,853.229,793.466,84.546,0.000,0.280
244.1575,34.000,853.217,793.454,84.546,0.000,0.280
244.2578,34.000,853.207,793.444,84.546,0.000,0.280
244.3650,34.000,853.198,793.435,84.546,0.000,0.280
244.4647,34.000,819.404,822.151,45.091,0.000,0.180
244.5629,34.000,822.305,811.113,45.091,0.000,0.180
244.6591,34.000,822.861,799.820,45.091,0.000,0.180
244.7559,34.000,821.424,788.312,45.091,0.000,0.180
244.8639,34.000,818.292,776.620,45.091,0.000,0.180
244.9636,34.000,813.721,764.772,45.091,0.000,0.180
245.0621,34.000,807.925,752.791,45.091,0.000,0.180
245.1601,34.000,801.089,740.697,45.091,0.000,0.180
245.2581,34.000,793.368,728.508,45.091,0.000,0.180
245.3586,33.000,778.596,719.537,40.291,-3.200,0.180
245.4571,33.000,772.376,704.756,42.958,-0.533,0.180
245.5651,33.000,763.357,692.104,43.402,-0.089,0.180
245.6618,33.000,753.477,679.743,43.476,-0.015,0.180
245.7586,33.000,743.119,667.377,43.489,-0.002,0.180
245.8560,33.000,732.397,654.965,43.491,-0.000,0.180
245.9544,33.000,721.371,642.506,43.491,-0.000,0.180
246.0650,33.000,710.089,630.007,43.491,-0.000,0.180
246.1615,33.000,698.590,617.472,43.491,-0.000,0.180
246.2593,33.000,686.905,604.908,43.491,-0.000,0.180
246.3554,32.000,668.764,595.619,38.691,-3.200,0.180
246.4639,32.000,659.680,580.566,41.358,-0.533,0.180
246.5625,32.000,648.227,567.684,41.802,-0.089,0.180
246.6629,32.000,636.278,555.128,41.876,-0.015,0.180
246.7600,31.000,617.861,545.896,37.089,-3.202,0.180
246.8584,31.000,608.535,530.901,39.757,-0.534,0.180
246.9595,31.000,609.607,530.801,40.202,-0.089,0.180
247.0569,31.000,610.214,531.020,40.276,-0.015,0.180
247.1543,30.000,604.380,534.557,35.489,-3.202,0.180
247.2634,30.000,607.659,532.325,38.157,-0.534,0.180
247.3623,29.000,602.322,535.552,33.802,-3.289,0.180
247.4609,29.000,605.729,533.352,36.543,-0.548,0.180
247.5604,28.000,600.451,536.654,32.200,-3.291,0.180
247.6606,28.000,603.900,534.527,34.943,-0.549,0.180
247.7578,27.000,598.657,537.893,30.600,-3.291,0.180
247.8553,27.000,602.135,535.820,33.343,-0.549,0.180
247.9537,27.000,603.217,535.932,33.800,-0.091,0.180
248.0617,26.000,597.525,539.640,29.076,-3.215,0.180
248.1588,25.000,594.580,540.897,26.955,-3.736,0.180
248.2563,25.000,598.494,538.550,30.069,-0.623,0.180
248.3534,25.000,599.692,538.682,30.587,-0.104,0.180
248.4628,24.000,594.057,542.449,25.874,-3.217,0.180
248.5597,24.000,597.454,540.463,28.555,-0.536,0.180
248.6579,23.000,592.210,543.907,24.202,-3.289,0.180
248.7559,23.000,595.694,541.893,26.943,-0.548,0.180
248.8558,23.000,596.782,542.055,27.400,-0.091,0.180
248.9541,23.000,597.394,542.504,27.476,-0.015,0.180
249.0639,22.000,591.563,546.238,22.689,-3.203,0.180
249.1614,22.000,594.844,544.174,25.357,-0.534,0.180
249.2576,21.000,589.510,547.543,21.002,-3.289,0.180
249.3551,21.000,592.918,545.464,23.743,-0.548,0.180
249.4555,20.000,587.642,548.870,19.400,-3.291,0.180
249.5629,19.000,584.853,550.070,17.403,-3.749,0.180
249.6598,19.000,588.864,547.708,20.588,-0.625,0.180
249.7596,18.000,583.845,551.129,16.366,-3.304,0.180
249.8587,17.000,581.175,552.441,14.374,-3.751,0.180
249.9581,16.000,578.975,553.485,12.751,-3.825,0.180
250.0580,15.000,576.921,554.558,11.186,-3.838,0.180
250.1563,14.000,574.947,555.697,9.629,-3.840,0.180
250.2541,14.000,579.338,553.598,12.874,-0.640,0.180
250.3621,13.000,574.587,557.296,8.649,-3.307,0.180
250.4576,12.000,572.134,558.854,6.642,-3.751,0.180
250.5561,11.000,570.115,560.112,5.004,-3.825,0.180
250.6537,10.000,568.212,561.369,3.423,-3.838,0.180
250.7626,9.000,566.364,562.667,1.850,-3.840,0.180
250.8616,8.000,564.556,564.008,0.275,-3.840,0.180
250.9579,7.000,562.780,565.387,-1.302,-3.840,0.180
251.0553,6.000,561.030,566.799,-2.883,-3.840,0.180
251.1525,6.000,565.606,564.936,0.336,-0.640,0.180
251.2602,5.000,561.009,568.840,-3.915,-3.307,0.180
251.3593,4.000,558.682,570.576,-5.946,-3.751,0.180
251.4556,3.000,556.767,571.990,-7.611,-3.825,0.180
251.5530,3.000,561.252,570.080,-4.414,-0.638,0.180
251.6607,2.000,556.583,573.936,-8.676,-3.306,0.180
251.7570,1.000,554.197,575.632,-10.717,-3.751,0.180
251.8572,1.000,558.532,573.710,-7.588,-0.625,0.180
251.9549,-0.000,553.779,577.514,-11.867,-3.304,0.180
252.0537,-0.000,557.629,575.857,-9.114,-0.551,0.180
252.1617,-0.000,559.020,576.331,-8.655,-0.092,0.180
252.2600,-1.000,553.586,580.350,-13.382,-3.215,0.180
252.3573,-1.000,557.161,578.572,-10.705,-0.536,0.180
252.4532,-1.000,558.368,578.892,-10.262,-0.089,0.180
252.5613,-2.000,552.785,582.774,-14.994,-3.215,0.180
252.6587,-2.000,556.235,580.878,-12.321,-0.536,0.180
252.7567,-2.000,557.335,581.098,-11.881,-0.089,0.180
252.8528,-2.000,557.965,581.591,-11.813,-0.015,0.180
252.9611,-2.000,558.448,582.062,-11.807,-0.002,0.180
253.0570,-3.000,552.546,585.775,-16.615,-3.200,0.180
253.1541,-3.000,555.773,583.688,-13.957,-0.533,0.180
253.2611,-3.000,556.692,583.737,-13.523,-0.089,0.180
253.3581,-3.000,557.168,584.084,-13.458,-0.015,0.180
253.4570,-3.000,557.520,584.431,-13.455,-0.002,0.180
253.5548,-3.000,557.810,584.736,-13.463,-0.000,0.180
253.6533,-3.000,558.054,584.998,-13.472,-0.000,0.180
253.7603,-3.000,558.259,585.222,-13.482,-0.000,0.180
253.8572,-3.000,558.432,585.415,-13.491,-0.000,0.180
253.9544,-3.000,558.578,585.579,-13.501,-0.000,0.180
254.0541,-3.000,558.700,585.721,-13.510,-0.000,0.180
254.1524,-3.000,558.803,585.843,-13.520,-0.000,0.180
254.2609,-2.000,562.192,579.644,-8.726,3.200,0.180
254.3571,-2.000,559.825,582.624,-11.399,0.533,0.180
254.4522,-2.000,559.634,583.335,-11.850,0.089,0.180
254.5602,-2.000,559.775,583.636,-11.931,0.015,0.180
254.6588,-2.000,559.944,583.843,-11.950,0.002,0.180
254.7560,-1.000,563.398,577.708,-7.155,3.200,0.180
254.8521,-1.000,561.089,580.739,-9.825,0.533,0.180
254.9579,-0.000,564.251,575.190,-5.469,3.289,0.180
255.0549,-0.000,561.996,578.416,-8.210,0.548,0.180
255.1516,1.000,565.255,572.983,-3.864,3.291,0.180
255.2506,1.000,563.091,576.298,-6.603,0.549,0.180
255.3601,1.000,563.127,577.242,-7.057,0.091,0.180
255.4583,1.000,563.470,577.731,-7.130,0.015,0.180
255.5586,2.000,567.117,571.791,-2.337,3.203,0.180
255.6601,3.000,568.284,568.676,-0.196,3.734,0.180
255.7577,3.000,565.854,572.449,-3.298,0.622,0.180
255.8585,4.000,569.219,567.226,0.997,3.304,0.180
255.9559,5.000,570.492,564.373,3.059,3.751,0.180
256.0529,5.000,568.212,568.312,-0.050,0.625,0.180
256.1515,6.000,571.714,563.218,4.248,3.304,0.180
256.2592,7.000,573.107,560.473,6.317,3.751,0.180
256.3576,7.000,570.929,564.501,3.214,0.625,0.180
256.4549,7.000,571.217,565.786,2.715,0.104,0.180
256.5528,7.000,571.821,566.519,2.651,0.017,0.180
256.6503,8.000,575.700,560.776,7.462,3.203,0.180
256.7605,8.000,573.765,564.128,4.819,0.534,0.180
256.8589,8.000,573.948,565.149,4.399,0.089,0.180
256.9560,9.000,577.714,559.406,9.154,3.215,0.180
257.0572,9.000,575.723,562.716,6.504,0.536,0.180
257.1549,9.000,575.866,563.694,6.086,0.089,0.180
257.2522,9.000,576.297,564.217,6.040,0.015,0.180
257.3605,9.000,576.719,564.605,6.057,0.002,0.180
257.4582,9.000,577.090,564.923,6.084,0.000,0.180
257.5567,9.000,577.411,565.187,6.112,0.000,0.180
257.6549,9.000,577.689,565.407,6.141,0.000,0.180
257.7526,9.000,577.929,565.590,6.170,0.000,0.180
257.8508,9.000,578.138,565.741,6.198,0.000,0.180
257.9587,8.000,572.016,569.168,1.424,-3.200,0.180
258.0546,9.000,578.367,560.528,8.919,2.667,0.180
258.1534,8.000,570.397,566.551,1.923,-2.756,0.180
258.2519,8.000,573.391,564.902,4.245,-0.459,0.180
258.3525,7.000,568.068,568.368,-0.150,-3.277,0.180
258.4517,6.000,565.229,569.630,-2.200,-3.746,0.180
258.5491,6.000,569.199,567.318,0.940,-0.624,0.180
258.6573,6.000,570.444,567.484,1.480,-0.104,0.180
258.7560,5.000,564.845,571.280,-3.217,-3.217,0.180
258.8528,4.000,561.974,572.621,-5.323,-3.736,0.180
258.9497,4.000,565.949,570.343,-2.197,-0.623,0.180
259.0581,2.000,554.596,577.140,-11.272,-6.504,0.180
259.1554,1.000,554.783,576.080,-10.649,-4.284,0.180
259.2523,1.000,559.485,573.636,-7.076,-0.714,0.180
259.3490,-0.000,554.740,577.301,-11.281,-3.319,0.180
259.4588,-1.000,552.243,578.879,-13.318,-3.753,0.180
259.5564,-3.000,543.871,583.470,-19.800,-7.026,0.180
259.6536,-4.000,544.806,582.322,-18.758,-4.371,0.180
259.7524,-7.000,530.935,590.011,-29.538,-10.328,0.180
259.8498,-9.000,528.786,589.906,-30.560,-8.121,0.180
259.9580,-12.000,518.657,595.118,-38.230,-10.954,0.180
260.0557,-14.000,517.551,595.045,-38.747,-8.226,0.180
260.1528,-17.000,507.950,600.644,-46.347,-10.971,0.180
260.2511,-17.000,519.837,594.355,-37.259,-1.828,0.180
260.3496,-17.000,523.686,595.265,-35.790,-0.305,0.180
260.4515,-21.000,500.762,610.234,-54.736,-12.851,0.180
260.5513,-21.000,514.090,602.144,-44.027,-2.142,0.180
260.6503,-21.000,518.101,602.585,-42.242,-0.357,0.180
260.7584,-22.000,513.991,607.480,-46.744,-3.259,0.180
260.8570,-24.000,505.941,613.197,-53.628,-6.943,0.180
260.9559,-21.000,523.635,590.519,-33.442,8.443,0.180
261.0538,-21.000,518.982,599.937,-40.478,1.407,0.180
261.1508,-20.000,523.134,596.835,-36.850,3.435,0.180
261.2483,-19.000,525.457,595.404,-34.973,3.772,0.180
261.3575,-17.000,530.738,587.881,-28.571,7.029,0.180
261.4565,-14.000,536.784,576.930,-20.073,10.771,0.180
261.5550,-12.000,536.784,575.760,-19.488,8.195,0.180
261.6536,-9.000,542.329,566.221,-11.946,10.966,0.180
261.7522,-9.000,535.964,578.191,-21.113,1.828,0.180
261.8502,-9.000,536.795,582.125,-22.665,0.305,0.180
261.9569,-9.000,538.537,584.432,-22.948,0.051,0.180
262.0525,-6.000,550.096,567.315,-8.609,9.608,0.180
262.1506,-1.000,560.724,545.963,7.381,17.601,0.180
262.2495,1.000,555.602,550.970,2.316,9.334,0.180
262.3476,-2.000,531.868,571.605,-19.868,-8.044,0.180
262.4550,1.000,551.658,549.181,1.238,8.259,0.180
262.5521,3.000,554.766,546.835,3.965,7.777,0.180
262.6530,6.000,561.528,537.720,11.904,10.896,0.180
262.7492,6.000,555.968,550.281,2.843,1.816,0.180
262.8582,5.000,551.145,558.054,-3.454,-2.897,0.180
262.9558,10.000,572.846,526.861,22.992,15.517,0.180
263.0531,9.000,557.109,546.529,5.290,-0.614,0.180
263.1515,10.000,564.124,542.856,10.634,3.098,0.180
263.2485,10.000,564.494,548.326,8.084,0.516,0.180
263.3563,11.000,569.882,544.903,12.489,3.286,0.180
263.4535,12.000,572.817,543.638,14.589,3.748,0.180
263.5499,13.000,575.245,542.629,16.308,3.825,0.180
263.6565,14.000,577.506,541.575,17.965,3.837,0.180
263.7534,14.000,576.365,546.740,14.812,0.640,0.180
263.8508,14.000,577.588,548.939,14.324,0.107,0.180
263.9490,14.000,578.998,550.438,14.280,0.018,0.180
264.0486,14.000,580.264,551.644,14.310,0.003,0.180
264.1476,15.000,584.660,546.349,19.156,3.200,0.180
264.2471,19.000,596.372,524.873,35.749,13.333,0.180
264.3561,22.000,597.011,518.935,39.038,11.822,0.180
264.4564,24.000,596.007,518.434,38.786,8.370,0.180
264.5550,25.000,594.692,521.470,36.611,4.595,0.180
274.0876,25.000,823.746,-776.254,800.000,1017.391,0.440
274.1434,25.000,345.969,-253.907,299.938,209.938,0.440
274.2518,25.000,200.394,-66.247,133.321,43.321,0.440
274.3494,25.000,186.000,-11.878,98.939,8.939,0.440
274.4462,24.000,179.539,32.764,73.387,-13.013,0.440
274.5440,24.000,208.194,40.764,83.715,-2.685,0.440
274.6501,24.000,229.236,57.544,85.846,-0.554,0.440
274.7470,24.000,249.570,76.999,86.286,-0.114,0.440
274.8454,24.000,270.391,97.638,86.376,-0.024,0.440
274.9434,24.000,291.850,119.059,86.395,-0.005,0.440
275.0433,24.000,313.897,141.099,86.399,-0.001,0.440
275.1453,24.000,336.455,163.656,86.400,-0.000,0.440
275.2456,24.000,359.449,186.649,86.400,-0.000,0.440
275.3425,24.000,382.812,210.012,86.400,-0.000,0.440
275.4433,24.000,406.492,233.692,86.400,-0.000,0.440
275.5509,23.000,410.931,275.046,67.943,-14.857,0.440
275.6474,22.000,427.998,305.443,61.277,-17.923,0.440
275.7473,21.000,448.207,334.118,57.044,-18.556,0.440
275.8472,21.000,489.029,345.487,71.771,-3.829,0.440
275.9464,19.000,479.191,403.126,38.032,-30.504,0.440
276.0435,19.000,530.673,405.915,62.379,-6.295,0.440
276.1504,19.000,562.691,427.668,67.512,-1.299,0.440
276.2482,19.000,590.530,453.172,68.679,-0.268,0.440
276.3465,19.000,617.370,479.313,69.029,-0.055,0.440
276.4442,19.000,643.888,505.469,69.209,-0.011,0.440
276.5527,19.000,670.240,531.529,69.355,-0.002,0.440
276.6500,19.000,696.473,557.486,69.494,-0.000,0.440
