time_s,error_mm,left_rpm,right_rpm,pid_output,d_term,target_speed_ms
0.0001,13.000,488.216,-440.724,464.470,425.455,0.400
0.0219,13.000,236.226,-144.165,190.196,151.146,0.400
0.1187,13.000,135.455,-1.308,68.382,29.254,0.400
0.2155,13.000,132.954,43.219,44.868,5.662,0.400
0.3227,13.000,150.147,69.388,40.379,1.096,0.400
0.4172,12.000,155.921,106.011,24.955,-11.401,0.400
0.5122,12.000,188.525,120.083,34.221,-2.207,0.400
0.6182,13.000,226.703,125.320,50.691,11.186,0.400
0.7142,12.000,225.862,171.603,27.130,-9.448,0.400
0.8118,12.000,258.186,188.544,34.821,-1.829,0.400
0.9190,12.000,284.490,211.754,36.368,-0.354,0.400
1.0148,12.000,309.711,236.260,36.725,-0.069,0.400
1.1212,12.000,334.791,261.087,36.852,-0.013,0.400
1.2169,12.000,359.904,286.034,36.935,-0.003,0.400
1.3122,12.000,385.074,311.056,37.009,-0.000,0.400
1.4198,12.000,410.297,336.134,37.081,-0.000,0.400
1.5166,11.000,419.898,374.829,22.535,-11.613,0.400
1.6161,11.000,455.175,391.243,31.966,-2.248,0.400
1.7134,11.000,482.842,415.153,33.845,-0.435,0.400
1.8204,10.000,493.330,454.045,19.642,-11.697,0.400
1.9170,10.000,529.129,470.858,29.136,-2.264,0.400
2.0137,10.000,557.195,495.152,31.021,-0.438,0.400
2.1138,9.000,568.012,534.380,16.816,-11.698,0.400
2.2117,8.000,588.420,565.051,11.685,-13.877,0.400
2.3155,8.000,626.687,580.839,22.924,-2.686,0.400
2.4198,7.000,640.025,618.988,10.519,-12.133,0.400
2.5160,6.000,661.384,649.932,5.726,-13.961,0.400
2.6129,6.000,700.228,666.185,17.021,-2.702,0.400
2.7204,5.000,714.010,704.775,4.618,-12.136,0.400
2.8180,4.000,735.736,736.105,-0.184,-13.962,0.400
2.9133,4.000,774.888,752.690,11.099,-2.702,0.400
3.0206,3.000,788.930,791.563,-1.316,-12.136,0.400
3.1140,2.000,810.875,823.136,-6.130,-13.962,0.400
3.2197,1.000,834.543,853.498,-9.478,-14.315,0.400
3.3143,-0.000,858.707,883.799,-12.546,-14.384,0.400
3.4113,-1.000,882.205,913.335,-15.565,-14.397,0.400
3.5160,-2.000,905.099,942.259,-18.580,-14.399,0.400
3.6205,-3.000,927.474,970.670,-21.598,-14.400,0.400
3.7165,-4.000,949.403,998.648,-24.622,-14.400,0.400
3.8128,-5.000,970.953,1026.258,-27.652,-14.400,0.400
3.9207,-5.000,1008.749,1040.888,-16.070,-2.787,0.400
4.0161,-6.000,1020.498,1077.440,-28.471,-12.152,0.400
4.1128,-7.000,1039.541,1106.192,-33.325,-13.965,0.400
4.2117,-7.000,1076.394,1120.605,-22.105,-2.703,0.400
4.3182,-8.000,1087.571,1156.744,-34.586,-12.136,0.400
4.4134,-9.000,1106.170,1185.102,-39.466,-13.962,0.400
4.5198,-9.000,1142.652,1199.173,-28.261,-2.702,0.400
4.6167,-10.000,1153.513,1235.022,-40.754,-12.136,0.400
4.7114,-11.000,1171.843,1263.135,-45.646,-13.962,0.400
4.8188,-11.000,1208.094,1276.999,-34.453,-2.702,0.400
4.9153,-11.000,1209.861,1274.540,-32.339,-0.523,0.400
5.0131,-12.000,1193.354,1286.559,-46.603,-11.714,0.400
5.1190,-13.000,1185.753,1289.446,-51.847,-13.880,0.400
5.2153,-13.000,1196.365,1277.826,-40.731,-2.686,0.400
5.3136,-13.000,1198.025,1275.310,-38.642,-0.520,0.400
5.4201,-13.000,1198.002,1274.604,-38.301,-0.101,0.400
5.5158,-13.000,1197.696,1274.292,-38.298,-0.019,0.400
5.6123,-13.000,1197.371,1274.091,-38.360,-0.004,0.400
5.7188,-13.000,1197.072,1273.943,-38.435,-0.001,0.400
5.8157,-13.000,1196.805,1273.830,-38.513,-0.000,0.400
5.9136,-14.000,1179.996,1286.415,-53.209,-11.613,0.400
6.0197,-13.000,1202.552,1261.170,-29.309,9.365,0.400
6.1201,-13.000,1195.278,1269.158,-36.940,1.813,0.400
6.2168,-13.000,1194.042,1271.001,-38.480,0.351,0.400
6.3142,-13.000,1193.939,1271.620,-38.841,0.068,0.400
6.4199,-13.000,1194.025,1271.972,-38.973,0.013,0.400
6.5167,-12.000,1207.692,1256.578,-24.443,11.615,0.400
6.6124,-12.000,1199.018,1266.783,-33.882,2.248,0.400
6.7182,-12.000,1197.784,1269.319,-35.767,0.435,0.400
6.8145,-11.000,1211.484,1254.626,-21.571,11.697,0.400
6.9117,-11.000,1203.062,1265.203,-31.070,2.264,0.400
7.0177,-10.000,1215.656,1252.342,-18.343,12.051,0.400
7.1146,-9.000,1220.832,1247.838,-13.503,13.945,0.400
7.2115,-8.000,1224.887,1245.255,-10.184,14.312,0.400
7.3192,-7.000,1228.991,1243.302,-7.155,14.383,0.400
7.4162,-6.000,1233.333,1241.688,-4.178,14.397,0.400
7.5121,-5.000,1237.915,1240.325,-1.205,14.399,0.400
7.6170,-3.000,1256.279,1223.498,16.390,26.013,0.400
7.7138,-2.000,1252.504,1232.478,10.013,16.648,0.400
7.8108,-1.000,1256.348,1233.959,11.195,14.835,0.400
7.9179,1.000,1274.379,1217.454,28.463,26.097,0.400
8.0153,2.000,1269.657,1225.574,22.042,16.664,0.400
8.1107,2.000,1259.174,1241.944,8.615,3.225,0.400
8.2176,3.000,1271.756,1230.467,20.645,12.237,0.400
8.3144,3.000,1263.875,1242.287,10.794,2.368,0.400
8.4098,4.000,1276.326,1229.284,23.521,12.071,0.400
8.5157,5.000,1280.549,1223.691,28.429,13.949,0.400
8.6116,5.000,1270.248,1235.829,17.209,2.700,0.400
8.7190,5.000,1268.881,1238.756,15.062,0.523,0.400
8.8153,5.000,1269.153,1239.811,14.671,0.101,0.400
8.9133,5.000,1269.665,1240.426,14.619,0.020,0.400
9.0111,5.000,1270.158,1240.892,14.633,0.004,0.400
9.1181,5.000,1270.593,1241.272,14.660,0.001,0.400
9.2167,5.000,1270.968,1241.589,14.690,0.000,0.400
9.3158,5.000,1271.292,1241.853,14.720,0.000,0.400
9.4125,5.000,1246.858,1217.359,14.750,0.000,0.240
9.5186,5.000,1222.273,1192.714,14.780,0.000,0.240
9.6149,5.000,1197.561,1167.942,14.810,0.000,0.240
9.7109,6.000,1181.525,1130.676,25.425,7.579,0.240
9.8171,5.000,1138.820,1121.036,8.892,-5.983,0.240
9.9135,6.000,1127.792,1079.331,24.231,6.319,0.240
10.0092,5.000,1086.323,1068.937,8.693,-6.249,0.240
10.1165,5.000,1066.925,1039.613,13.656,-1.315,0.240
10.2135,5.000,1043.467,1014.017,14.725,-0.277,0.240
10.3116,5.000,1019.048,989.101,14.973,-0.058,0.240
10.4198,6.000,1003.122,951.853,25.634,7.567,0.240
10.5166,6.000,972.265,932.872,19.697,1.593,0.240
10.6132,6.000,946.043,909.093,18.475,0.335,0.240
10.7086,6.000,920.744,884.251,18.246,0.071,0.240
10.8155,6.000,895.595,859.142,18.226,0.015,0.240
10.9106,6.000,870.439,833.938,18.251,0.003,0.240
11.0202,6.000,845.250,808.682,18.284,0.001,0.240
11.1174,6.000,820.027,783.387,18.320,0.000,0.240
11.2153,7.000,803.558,745.677,28.941,7.579,0.240
11.3113,7.000,772.270,726.272,22.999,1.596,0.240
11.4186,7.000,771.154,727.591,21.781,0.336,0.240
11.5153,7.000,771.016,727.900,21.558,0.071,0.240
11.6098,7.000,771.075,727.987,21.544,0.015,0.240
11.7166,7.000,771.168,728.018,21.575,0.003,0.240
11.8117,7.000,771.260,728.031,21.614,0.001,0.240
11.9187,7.000,771.346,728.035,21.656,0.000,0.240
12.0155,8.000,780.211,715.646,32.283,7.579,0.240
12.1125,8.000,774.278,721.584,26.347,1.596,0.240
12.2084,7.000,761.283,732.182,14.551,-7.243,0.240
12.3157,7.000,767.525,726.904,20.311,-1.525,0.240
12.4124,7.000,769.181,726.068,21.557,-0.321,0.240
12.5100,7.000,769.824,726.120,21.852,-0.068,0.240
12.6180,7.000,770.215,726.321,21.947,-0.014,0.240
12.7152,7.000,770.520,726.519,22.001,-0.003,0.240
12.8097,7.000,770.778,726.688,22.045,-0.001,0.240
12.9140,7.000,771.002,726.827,22.087,-0.000,0.240
13.0110,7.000,771.199,726.940,22.130,-0.000,0.240
13.1182,7.000,771.372,727.029,22.172,-0.000,0.240
13.2159,7.000,771.526,727.099,22.214,-0.000,0.240
13.3122,7.000,771.663,727.151,22.256,-0.000,0.240
13.4097,7.000,771.785,727.190,22.298,-0.000,0.240
13.5157,7.000,771.896,727.217,22.340,-0.000,0.240
13.6098,7.000,771.996,727.233,22.382,-0.000,0.240
13.7163,8.000,780.872,714.855,33.009,7.579,0.240
13.8138,8.000,774.949,720.803,27.073,1.596,0.240
13.9122,8.000,773.748,722.025,25.861,0.336,0.240
14.0088,7.000,761.754,731.636,15.059,-7.508,0.240
14.1158,7.000,768.211,726.153,21.029,-1.581,0.240
14.2105,7.000,769.915,725.278,22.319,-0.333,0.240
14.3069,7.000,770.572,725.325,22.624,-0.070,0.240
14.4132,6.000,759.184,734.912,12.136,-7.594,0.240
14.5085,6.000,765.949,729.616,18.167,-1.599,0.240
14.6147,5.000,756.087,738.327,8.880,-7.916,0.240
14.7087,5.000,763.377,733.058,15.159,-1.666,0.240
14.8128,5.000,765.581,732.572,16.505,-0.351,0.240
14.9071,4.000,754.833,742.380,6.227,-7.653,0.240
15.0158,4.000,762.000,737.415,12.292,-1.611,0.240
15.1116,3.000,752.446,746.439,3.003,-7.918,0.240
15.2070,3.000,759.991,741.446,9.273,-1.667,0.240
15.3148,3.000,762.409,741.195,10.607,-0.351,0.240
15.4111,2.000,751.840,751.207,0.317,-7.653,0.240
15.5066,2.000,759.157,746.416,6.370,-1.611,0.240
15.6123,2.000,761.515,746.206,7.654,-0.339,0.240
15.7092,1.000,750.922,756.224,-2.651,-7.650,0.240
15.8157,1.000,758.224,751.434,3.395,-1.611,0.240
15.9140,1.000,760.568,751.223,4.673,-0.339,0.240
16.0080,1.000,761.749,751.857,4.946,-0.071,0.240
16.1158,1.000,762.583,752.566,5.009,-0.015,0.240
16.2137,1.000,763.256,753.203,5.026,-0.003,0.240
16.3114,2.000,772.607,741.367,15.620,7.578,0.240
16.4154,2.000,767.080,747.782,9.649,1.595,0.240
16.5101,2.000,766.209,749.406,8.401,0.336,0.240
16.6067,3.000,775.061,737.595,18.733,7.650,0.240
16.7146,3.000,769.283,743.859,12.712,1.610,0.240
16.8096,3.000,768.235,745.318,11.459,0.339,0.240
16.9070,3.000,768.161,745.743,11.209,0.071,0.240
17.0159,3.000,768.271,745.930,11.171,0.015,0.240
17.1139,3.000,768.404,746.051,11.177,0.003,0.240
17.2116,3.000,768.527,746.143,11.192,0.001,0.240
17.3085,4.000,777.421,733.832,21.795,7.579,0.240
17.4056,4.000,771.509,739.839,15.835,1.596,0.240
17.5131,5.000,779.099,728.730,25.184,7.915,0.240
17.6086,5.000,772.885,734.953,18.966,1.666,0.240
17.7155,5.000,771.603,736.242,17.680,0.351,0.240
17.8111,4.000,759.575,745.878,6.848,-7.505,0.240
17.9082,5.000,774.791,728.026,23.383,5.999,0.240
18.0149,5.000,770.466,733.113,18.677,1.263,0.240
18.1106,5.000,769.822,734.403,17.709,0.266,0.240
18.2073,6.000,778.702,722.473,28.114,7.635,0.240
18.3149,6.000,772.914,728.668,22.123,1.607,0.240
18.4102,6.000,771.854,730.074,20.890,0.338,0.240
18.5164,6.000,771.770,730.452,20.659,0.071,0.240
18.6134,7.000,780.659,718.212,31.224,7.594,0.240
18.7108,7.000,774.782,724.242,25.270,1.599,0.240
18.8075,8.000,782.412,713.142,34.635,7.916,0.240
18.9129,8.000,776.236,719.368,28.434,1.666,0.240
19.0096,8.000,774.990,720.657,27.166,0.351,0.240
19.1150,9.000,783.564,708.519,37.522,7.653,0.240
19.2084,9.000,777.562,714.492,31.535,1.611,0.240
19.3127,10.000,785.116,703.313,40.902,7.918,0.240
19.4103,10.000,778.885,709.464,34.711,1.667,0.240
19.5054,9.000,765.809,720.070,22.870,-7.228,0.240
19.6133,9.000,772.020,714.760,28.630,-1.522,0.240
19.7096,9.000,773.659,713.888,29.885,-0.320,0.240
19.8147,9.000,774.291,713.907,30.192,-0.067,0.240
19.9091,8.000,762.890,723.461,19.714,-7.593,0.240
20.0139,7.000,757.863,727.519,15.172,-9.178,0.240
20.1120,7.000,766.239,721.320,22.459,-1.932,0.240
20.2088,6.000,756.946,730.062,13.442,-7.986,0.240
20.3153,6.000,764.552,724.988,19.782,-1.681,0.240
20.4130,5.000,755.207,734.085,10.561,-7.933,0.240
20.5084,4.000,751.109,738.572,6.269,-9.249,0.240
20.6067,3.000,748.316,742.297,3.009,-9.526,0.240
20.7131,2.000,745.965,746.039,-0.037,-9.584,0.240
20.8104,1.000,743.850,749.937,-3.043,-9.597,0.240
20.9083,-1.000,729.520,762.782,-16.631,-17.178,0.240
21.0051,-2.000,733.060,760.380,-13.660,-11.195,0.240
21.1138,-3.000,731.485,762.322,-15.418,-9.936,0.240
21.2112,-5.000,716.198,773.722,-28.762,-17.250,0.240
21.3083,-6.000,718.749,770.266,-25.759,-11.210,0.240
21.4150,-7.000,716.294,771.352,-27.529,-9.939,0.240
21.5106,-9.000,700.246,782.036,-40.895,-17.250,0.240
21.6064,-10.000,702.147,777.977,-37.915,-11.211,0.240
21.7044,-12.000,686.750,787.339,-50.294,-17.518,0.240
21.8126,-12.000,700.943,774.016,-36.536,-3.688,0.240
21.9109,-16.000,654.612,806.686,-76.037,-31.092,0.240
22.0082,-16.000,679.257,782.429,-51.586,-6.546,0.240
22.1058,-19.000,647.339,803.878,-78.269,-24.115,0.240
22.2043,-19.000,666.314,785.004,-59.345,-5.077,0.240
22.3134,-20.000,657.985,789.818,-65.916,-8.648,0.240
22.4106,-23.000,627.682,809.334,-90.826,-24.557,0.240
22.5102,-24.000,634.606,798.641,-82.017,-12.749,0.240
22.6061,-24.000,644.569,788.474,-71.952,-2.684,0.240
22.7125,-25.000,634.223,795.047,-80.412,-8.144,0.240
22.8104,-23.000,659.306,764.956,-52.825,13.443,0.240
22.9082,-22.000,658.944,764.663,-52.859,10.409,0.240
23.0137,-19.000,679.970,738.879,-29.454,24.928,0.240
23.1082,-17.000,681.424,737.581,-28.078,20.406,0.240
23.2129,-17.000,668.278,756.859,-44.290,4.296,0.240
23.3078,-17.000,667.391,762.959,-47.784,0.904,0.240
23.4132,-17.000,668.790,765.991,-48.600,0.190,0.240
23.5084,-15.000,689.191,744.556,-27.682,15.198,0.240
23.6050,-13.000,698.433,735.635,-18.601,18.357,0.240
23.7130,-13.000,686.999,753.342,-33.172,3.865,0.240
23.8087,-11.000,705.306,735.568,-15.131,15.972,0.240
23.9048,-7.000,733.397,704.329,14.534,33.678,0.240
24.0115,-4.000,739.584,700.267,19.659,29.827,0.240
24.1073,-1.000,749.570,693.886,27.842,29.016,0.240
24.2125,-1.000,732.689,722.832,4.928,6.109,0.240
24.3083,-0.000,742.373,721.003,10.685,8.865,0.240
24.4037,1.000,748.997,720.456,14.271,9.445,0.240
24.5107,2.000,754.414,719.604,17.405,9.567,0.240
24.6084,2.000,750.313,730.586,9.864,2.014,0.240
24.7068,5.000,778.014,697.933,40.040,23.161,0.240
24.8138,6.000,770.940,706.199,32.370,12.455,0.240
24.9104,6.000,763.149,718.002,22.574,2.622,0.240
25.0085,8.000,780.390,696.971,41.709,15.710,0.240
25.1045,7.000,757.640,720.100,18.770,-4.272,0.240
25.2084,8.000,771.501,705.962,32.769,6.680,0.240
25.3045,8.000,767.657,712.570,27.544,1.406,0.240
25.4123,13.000,811.694,652.882,79.406,38.191,0.240
25.5100,18.000,826.395,621.878,102.258,45.935,0.240
25.6066,20.000,808.260,633.956,87.152,24.828,0.240
50.8875,20.000,738.291,-690.800,714.545,654.545,0.400
50.8986,20.000,446.238,-354.176,400.207,340.207,0.400
50.9940,20.000,192.920,-58.773,125.847,65.847,0.400
51.1011,19.000,145.307,28.816,58.246,1.132,0.400
51.1988,19.000,163.643,48.749,57.447,0.219,0.400
51.2962,19.000,183.664,68.895,57.384,0.042,0.400
51.3956,19.000,204.635,89.707,57.464,0.008,0.400
51.4936,19.000,226.320,111.177,57.572,0.002,0.400
51.6018,18.000,232.924,146.793,43.065,-11.613,0.400
51.6998,18.000,265.660,160.584,52.538,-2.248,0.400
51.7943,18.000,291.175,182.257,54.459,-0.435,0.400
51.9007,18.000,315.508,205.672,54.918,-0.084,0.400
51.9961,18.000,339.797,229.609,55.094,-0.016,0.400
52.1016,18.000,364.234,253.804,55.215,-0.003,0.400
52.1958,18.000,388.832,278.182,55.325,-0.001,0.400
52.2936,16.000,382.238,329.845,26.196,-23.226,0.400
52.3994,16.000,427.038,336.993,45.023,-4.495,0.400
52.4965,16.000,456.657,359.169,48.744,-0.870,0.400
52.6028,17.000,495.957,367.636,64.161,11.445,0.400
52.6985,17.000,512.449,402.383,55.033,2.215,0.400
52.7940,18.000,549.031,413.095,67.968,12.042,0.400
52.8983,18.000,564.847,448.118,58.365,2.331,0.400
52.9947,18.000,588.502,475.316,56.593,0.451,0.400
53.1036,19.000,626.347,484.435,70.956,11.700,0.400
53.2001,19.000,642.305,519.036,61.635,2.265,0.400
53.2955,19.000,665.900,546.055,59.922,0.438,0.400
53.4024,20.000,703.540,555.177,74.182,11.698,0.400
53.4972,20.000,719.300,589.804,64.748,2.264,0.400
53.6040,21.000,755.371,600.301,77.535,12.051,0.400
53.7000,22.000,783.427,618.568,82.429,13.945,0.400
53.7952,22.000,797.188,654.821,71.183,2.699,0.400
53.8932,23.000,832.749,665.511,83.619,12.135,0.400
54.0006,24.000,860.602,683.711,88.446,13.962,0.400
54.0990,24.000,874.235,719.862,77.186,2.702,0.400
54.1965,25.000,909.697,730.457,89.620,12.136,0.400
54.2937,25.000,924.803,765.137,79.833,2.349,0.400
54.4008,26.000,960.551,775.448,92.552,12.068,0.400
54.4958,26.000,975.714,810.074,82.820,2.336,0.400
54.6031,27.000,1011.473,820.375,95.549,12.065,0.400
54.7014,27.000,1026.639,855.000,85.819,2.335,0.400
54.7974,27.000,1049.736,881.864,83.936,0.452,0.400
54.8939,27.000,1074.425,907.282,83.571,0.087,0.400
55.0008,28.000,1112.133,915.905,98.114,11.630,0.400
55.0959,28.000,1127.764,950.294,88.735,2.251,0.400
55.2026,28.000,1151.027,977.187,86.920,0.436,0.400
55.3000,28.000,1175.812,1002.675,86.568,0.084,0.400
55.3969,28.000,1200.929,1027.928,86.500,0.016,0.400
55.4932,28.000,1226.143,1053.169,86.487,0.003,0.400
55.6008,27.000,1235.741,1091.998,71.872,-11.612,0.400
55.6965,26.000,1255.344,1122.096,66.624,-13.860,0.400
55.8020,25.000,1251.837,1125.460,63.188,-14.296,0.400
55.8987,26.000,1277.467,1098.807,89.330,8.846,0.400
55.9939,25.000,1255.736,1120.569,67.583,-9.901,0.400
56.1011,25.000,1265.233,1114.098,75.568,-1.916,0.400
56.1979,24.000,1252.402,1127.402,62.500,-11.984,0.400
56.2940,23.000,1248.104,1133.001,57.552,-13.932,0.400
56.4020,21.000,1230.068,1150.944,39.562,-25.922,0.400
56.4977,20.000,1238.270,1146.562,45.854,-16.630,0.400
56.5944,18.000,1223.587,1163.292,30.147,-26.445,0.400
56.7015,16.000,1217.554,1172.866,22.344,-28.344,0.400
56.7974,13.000,1198.006,1195.123,1.441,-40.325,0.400
56.8933,11.000,1204.917,1195.315,4.801,-31.031,0.400
56.9997,11.000,1236.027,1176.243,29.892,-6.006,0.400
57.0944,9.000,1214.714,1203.587,5.564,-24.388,0.400
57.2005,9.000,1240.000,1189.428,25.286,-4.720,0.400
57.2951,7.000,1217.252,1217.434,-0.091,-24.139,0.400
57.3986,6.000,1226.327,1216.729,4.799,-16.285,0.400
57.4950,5.000,1228.884,1222.185,3.349,-14.765,0.400
57.5925,3.000,1214.389,1242.292,-13.952,-26.084,0.400
57.7000,2.000,1225.158,1240.193,-7.517,-16.661,0.400
57.8000,1.000,1228.123,1245.498,-8.688,-14.838,0.400
57.8957,-0.000,1229.440,1252.110,-11.335,-14.485,0.400
57.9936,-1.000,1229.422,1257.967,-14.272,-14.416,0.400
58.1031,-2.000,1228.455,1262.998,-17.271,-14.403,0.400
58.2011,-3.000,1226.717,1267.290,-20.287,-14.401,0.400
58.2972,-5.000,1207.760,1283.618,-37.929,-26.013,0.400
58.3952,-6.000,1214.022,1277.222,-31.600,-16.648,0.400
58.4936,-6.000,1228.855,1265.275,-18.210,-3.222,0.400
58.6002,-8.000,1199.506,1289.277,-44.885,-23.849,0.400
58.6965,-8.000,1219.419,1270.819,-25.700,-4.616,0.400
58.7932,-9.000,1207.143,1280.431,-36.644,-12.506,0.400
58.9000,-10.000,1200.973,1283.436,-41.231,-14.033,0.400
58.9958,-11.000,1195.817,1285.003,-44.593,-14.329,0.400
59.0920,-12.000,1190.713,1286.157,-47.722,-14.386,0.400
59.1982,-13.000,1185.494,1287.117,-50.811,-14.397,0.400
59.2935,-13.000,1196.717,1275.275,-39.279,-2.787,0.400
59.3963,-14.000,1182.054,1285.511,-51.728,-12.152,0.400
59.4929,-15.000,1174.820,1288.082,-56.631,-13.965,0.400
59.5986,-15.000,1185.511,1276.429,-45.459,-2.703,0.400
59.6934,-16.000,1170.622,1286.598,-57.988,-12.136,0.400
59.8002,-16.000,1179.808,1276.402,-48.297,-2.349,0.400
59.8943,-16.000,1181.177,1274.174,-46.499,-0.455,0.400
59.9911,-15.000,1194.651,1257.869,-31.609,11.525,0.400
60.0987,-15.000,1185.564,1267.551,-40.993,2.231,0.400
60.1973,-14.000,1197.496,1254.023,-28.263,12.045,0.400
60.2921,-14.000,1188.521,1264.643,-38.061,2.331,0.400
60.3999,-13.000,1200.825,1251.637,-25.406,12.064,0.400
60.4929,-13.000,1192.219,1262.645,-35.213,2.335,0.400
60.6001,-13.000,1191.279,1265.627,-37.174,0.452,0.400
60.6963,-12.000,1205.274,1251.269,-22.998,11.700,0.400
60.7931,-12.000,1197.111,1262.122,-32.505,2.265,0.400
60.8922,-11.000,1209.926,1249.495,-19.785,12.051,0.400
60.9985,-11.000,1201.720,1260.859,-29.570,2.332,0.400
61.0950,-10.000,1214.685,1248.480,-16.898,12.064,0.400
61.2008,-10.000,1206.644,1260.018,-26.687,2.335,0.400
61.2972,-10.000,1206.188,1263.448,-28.630,0.452,0.400
61.3936,-9.000,1220.595,1249.467,-14.436,11.700,0.400
61.4914,-8.000,1226.356,1244.969,-9.307,13.877,0.400
61.5976,-7.000,1230.722,1242.576,-5.927,14.299,0.400
61.6931,-7.000,1221.487,1256.488,-17.500,2.768,0.400
61.7911,-6.000,1234.770,1245.081,-5.155,12.149,0.400
61.8992,-5.000,1240.803,1241.543,-0.370,13.964,0.400
61.9960,-5.000,1232.072,1255.394,-11.661,2.703,0.400
62.0934,-5.000,1232.038,1259.780,-13.871,0.523,0.400
62.1912,-5.000,1233.436,1262.082,-14.323,0.101,0.400
62.2959,-5.000,1234.897,1263.766,-14.434,0.020,0.400
62.3906,-4.000,1249.756,1249.479,0.139,11.617,0.400
62.4958,-3.000,1255.676,1244.946,5.365,13.861,0.400
62.5918,-2.000,1260.138,1242.563,8.788,14.296,0.400
62.7003,-1.000,1223.964,1230.774,8.075,10.589,0.240
62.7972,-1.000,1183.372,1225.959,-0.291,2.229,0.240
62.8945,-0.000,1160.012,1200.683,8.528,8.048,0.240
62.9989,1.000,1133.006,1178.109,12.759,9.273,0.240
63.0956,-0.000,1085.269,1176.663,-5.141,-5.627,0.240
63.1918,-1.000,1049.879,1162.009,-11.284,-8.764,0.240
63.2902,-2.000,1017.462,1143.649,-14.956,-9.424,0.240
63.3992,-2.000,998.370,1114.940,-7.528,-1.984,0.240
63.4947,-4.000,949.028,1108.813,-27.144,-15.576,0.240
63.5899,-1.000,963.603,1038.250,16.884,19.458,0.240
63.6967,-1.000,924.115,1031.508,1.516,4.096,0.240
63.7918,1.000,914.957,987.731,19.446,16.020,0.240
63.8994,3.000,896.275,952.579,27.975,18.531,0.240
63.9947,3.000,857.949,943.506,13.363,3.901,0.240
64.0901,4.000,839.930,909.998,20.886,8.400,0.240
64.1966,3.000,797.741,901.349,3.694,-5.810,0.240
64.2932,2.000,767.229,881.609,-2.286,-8.802,0.240
64.3991,1.000,739.467,859.617,-5.910,-9.432,0.240
64.4951,1.000,724.316,827.838,1.542,-1.986,0.240
64.5909,1.000,703.092,801.532,3.116,-0.418,0.240
64.6976,-0.000,693.910,811.204,-7.133,-7.667,0.240
64.7911,-1.000,689.985,814.945,-11.665,-9.193,0.240
64.8895,-2.000,686.868,817.306,-14.998,-9.514,0.240
64.9950,-2.000,696.050,810.481,-7.499,-2.003,0.240
65.0927,-2.000,699.051,809.484,-5.930,-0.422,0.240
65.1986,-3.000,688.203,818.435,-16.194,-7.668,0.240
65.2954,-4.000,682.857,821.568,-20.743,-9.193,0.240
65.3917,-4.000,690.914,814.631,-13.509,-1.935,0.240
65.4886,-5.000,680.733,822.163,-22.590,-7.986,0.240
65.5947,-5.000,687.573,816.072,-16.315,-1.681,0.240
65.6914,-5.000,689.351,814.931,-15.018,-0.354,0.240
65.7982,-6.000,677.623,823.600,-25.353,-7.653,0.240
65.8961,-7.000,671.561,826.461,-29.932,-9.190,0.240
65.9934,-7.000,679.014,819.289,-22.719,-1.935,0.240
66.0913,-8.000,668.318,826.623,-31.818,-7.986,0.240
66.1977,-9.000,662.333,829.150,-36.146,-9.260,0.240
66.2932,-10.000,657.296,830.647,-39.474,-9.528,0.240
66.3892,-10.000,664.806,823.129,-32.012,-2.006,0.240
66.4957,-10.000,666.371,821.558,-30.488,-0.422,0.240
66.5929,-13.000,629.524,847.599,-61.970,-22.826,0.240
66.6902,-13.000,647.405,829.532,-44.027,-4.805,0.240
66.7985,-14.000,638.685,834.495,-50.897,-8.591,0.240
66.8915,-14.000,645.309,827.677,-44.199,-1.809,0.240
66.9952,-12.000,665.360,802.662,-21.685,14.777,0.240
67.0916,-12.000,654.528,815.273,-33.423,3.111,0.240
67.1917,-12.000,652.771,818.544,-35.951,0.655,0.240
67.2987,-11.000,662.222,807.979,-25.955,7.717,0.240
67.3976,-11.000,657.101,815.154,-32.113,1.625,0.240
67.4963,-10.000,666.018,805.581,-22.877,7.921,0.240
67.5907,-10.000,660.934,813.109,-29.190,1.668,0.240
67.6939,-9.000,669.987,803.733,-19.982,7.930,0.240
67.7896,-10.000,652.656,820.189,-36.881,-5.909,0.240
67.8972,-9.000,667.779,804.923,-21.691,6.335,0.240
67.9933,-9.000,664.166,811.413,-26.746,1.334,0.240
68.0892,-10.000,651.901,822.525,-38.438,-7.298,0.240
68.1954,-9.000,668.000,806.045,-22.152,6.042,0.240
68.2923,-10.000,652.131,820.990,-37.561,-6.307,0.240
68.3888,-10.000,658.160,817.177,-32.642,-1.328,0.240
68.4961,-10.000,660.091,817.128,-31.654,-0.280,0.240
68.5918,-11.000,648.669,826.551,-42.078,-7.638,0.240
68.6881,-10.000,664.669,809.451,-25.529,5.971,0.240
68.7956,-10.000,660.929,815.257,-30.303,1.257,0.240
68.8907,-10.000,660.755,817.186,-31.355,0.265,0.240
68.9975,-9.000,670.618,806.416,-21.039,7.635,0.240
69.0928,-9.000,665.651,813.610,-27.121,1.607,0.240
69.1873,-9.000,665.276,815.880,-28.444,0.338,0.240
69.2931,-9.000,665.760,817.005,-28.765,0.071,0.240
69.3899,-9.000,666.335,817.800,-28.875,0.015,0.240
69.4968,-8.000,676.236,806.662,-18.356,7.582,0.240
69.5966,-8.000,671.176,813.670,-24.390,1.596,0.240
69.6932,-8.000,670.697,815.806,-25.698,0.336,0.240
69.7897,-8.000,671.088,816.823,-26.011,0.071,0.240
69.8974,-8.000,671.582,817.525,-26.115,0.015,0.240
69.9938,-8.000,672.031,818.093,-26.175,0.003,0.240
70.0893,-7.000,681.798,806.791,-15.640,7.580,0.240
70.1968,-7.000,676.620,813.664,-21.666,1.596,0.240
70.2927,-7.000,676.039,815.686,-22.968,0.336,0.240
70.3889,-7.000,676.344,816.606,-23.275,0.071,0.240
70.4869,-7.000,676.766,817.224,-23.373,0.015,0.240
70.5938,-7.000,677.155,817.720,-23.427,0.003,0.240
70.6914,-7.000,677.487,818.140,-23.471,0.001,0.240
70.7876,-7.000,677.764,818.503,-23.514,0.000,0.240
70.8952,-7.000,677.993,818.816,-23.556,0.000,0.240
70.9909,-7.000,678.182,819.089,-23.598,0.000,0.240
71.0879,-6.000,687.722,807.543,-13.055,7.579,0.240
71.1976,-6.000,682.349,814.209,-19.074,1.596,0.240
71.2939,-6.000,681.603,816.054,-20.370,0.336,0.240
71.3898,-6.000,681.769,816.823,-20.671,0.071,0.240
71.4868,-6.000,682.075,817.312,-20.763,0.015,0.240
71.5943,-6.000,682.365,817.697,-20.811,0.003,0.240
71.6911,-6.000,682.613,818.023,-20.849,0.001,0.240
71.7883,-6.000,682.821,818.303,-20.886,0.000,0.240
71.8940,-7.000,670.607,827.332,-31.507,-7.579,0.240
71.9931,-7.000,676.695,821.536,-25.566,-1.596,0.240
72.0898,-7.000,678.037,820.443,-24.348,-0.336,0.240
72.1866,-7.000,678.366,820.326,-24.125,-0.071,0.240
72.2934,-7.000,678.469,820.402,-24.111,-0.015,0.240
72.3901,-7.000,678.515,820.508,-24.141,-0.003,0.240
72.4965,-7.000,678.541,820.613,-24.181,-0.001,0.240
72.5923,-7.000,678.554,820.709,-24.222,-0.000,0.240
72.6870,-7.000,678.559,820.798,-24.264,-0.000,0.240
72.7967,-8.000,666.172,829.665,-34.891,-7.579,0.240
72.8911,-8.000,672.112,823.733,-28.956,-1.596,0.240
72.9867,-7.000,682.711,810.740,-17.159,7.243,0.240
73.0925,-7.000,677.434,816.983,-22.919,1.525,0.240
73.1864,-8.000,664.214,827.424,-34.750,-7.258,0.240
73.2916,-8.000,670.214,822.061,-29.068,-1.528,0.240
73.3950,-8.000,671.644,821.174,-27.910,-0.322,0.240
73.4901,-8.000,672.080,821.198,-27.704,-0.068,0.240
73.5974,-8.000,672.281,821.388,-27.698,-0.014,0.240
73.6940,-8.000,672.411,821.592,-27.735,-0.003,0.240
73.7910,-9.000,660.122,830.564,-38.366,-7.580,0.240
73.8905,-9.000,666.142,824.724,-32.436,-1.596,0.240
73.9859,-9.000,667.425,823.595,-31.230,-0.336,0.240
74.0933,-9.000,667.701,823.449,-31.019,-0.071,0.240
74.1885,-9.000,667.758,823.502,-31.017,-0.015,0.240
74.2956,-10.000,655.378,832.377,-41.644,-7.582,0.240
74.3915,-10.000,661.314,826.461,-35.718,-1.596,0.240
74.4903,-10.000,662.523,825.269,-34.518,-0.336,0.240
74.5878,-11.000,650.350,833.856,-44.898,-7.650,0.240
74.6946,-11.000,656.300,827.859,-38.924,-1.610,0.240
74.7906,-11.000,657.485,826.633,-37.719,-0.339,0.240
74.8871,-11.000,657.669,826.415,-37.517,-0.071,0.240
74.9942,-12.000,645.260,835.195,-48.112,-7.594,0.240
75.0896,-12.000,651.141,829.229,-42.189,-1.599,0.240
75.1871,-13.000,639.910,836.788,-51.584,-7.916,0.240
75.2944,-13.000,646.020,830.556,-45.412,-1.666,0.240
75.3902,-13.000,647.206,829.267,-44.175,-0.351,0.240
75.4863,-13.000,647.362,829.024,-43.976,-0.074,0.240
75.5923,-13.000,647.305,829.006,-43.996,-0.016,0.240
75.6880,-12.000,656.592,817.255,-33.476,7.576,0.240
75.7954,-12.000,650.993,823.761,-39.529,1.595,0.240
75.8903,-11.000,659.431,813.693,-30.275,7.915,0.240
75.9868,-12.000,641.539,829.599,-47.175,-5.913,0.240
76.0940,-11.000,656.177,813.875,-31.994,6.334,0.240
76.1906,-11.000,652.148,819.979,-37.060,1.334,0.240
76.2860,-10.000,661.296,810.195,-27.594,7.860,0.240
76.3936,-10.000,656.261,817.690,-33.859,1.655,0.240
76.4907,-10.000,655.940,820.102,-35.226,0.348,0.240
76.5859,-9.000,665.878,809.540,-24.976,7.652,0.240
76.6948,-9.000,661.018,816.871,-31.071,1.611,0.240
76.7925,-9.000,660.742,819.247,-32.397,0.339,0.240
76.8881,-9.000,661.313,820.461,-32.719,0.071,0.240
76.9946,-8.000,671.346,809.545,-22.244,7.594,0.240
77.0908,-8.000,666.428,816.713,-28.287,1.599,0.240
77.1887,-8.000,666.074,818.979,-29.597,0.337,0.240
77.2853,-7.000,675.958,808.321,-19.326,7.650,0.240
77.3927,-7.000,671.047,815.573,-25.408,1.610,0.240
77.4971,-6.000,680.114,806.096,-16.136,7.918,0.240
77.5945,-6.000,675.153,813.709,-22.423,1.667,0.240
77.6915,-6.000,674.928,816.188,-23.775,0.351,0.240
77.7900,-5.000,684.958,805.674,-13.503,7.653,0.240
77.8872,-5.000,680.180,813.040,-19.575,1.611,0.240
77.9959,-4.000,689.363,803.657,-10.292,7.918,0.240
78.0922,-4.000,684.503,811.348,-16.567,1.667,0.240
78.1894,-4.000,684.366,813.891,-17.907,0.351,0.240
78.2845,-3.000,694.472,803.429,-7.623,7.653,0.240
78.3896,-2.000,699.147,799.053,-3.098,9.190,0.240
78.4863,-2.000,693.506,807.947,-10.365,1.935,0.240
78.5935,-2.000,693.349,810.869,-11.905,0.407,0.240
78.6905,-2.000,694.191,812.378,-12.238,0.086,0.240
78.7864,-2.000,695.110,813.457,-12.318,0.018,0.240
78.8929,-1.000,705.318,802.547,-1.759,7.583,0.240
78.9889,-1.000,700.527,809.741,-7.752,1.596,0.240
79.0854,-1.000,700.283,812.029,-9.018,0.336,0.240
79.1931,-1.000,700.880,813.169,-9.289,0.071,0.240
79.2902,-1.000,701.556,813.969,-9.351,0.015,0.240
79.3872,-1.000,702.165,814.614,-9.369,0.003,0.240
79.4940,-1.000,702.690,815.155,-9.377,0.001,0.240
79.5894,-1.000,703.137,815.615,-9.384,0.000,0.240
79.6855,-1.000,703.516,816.006,-9.390,0.000,0.240
79.7930,-1.000,703.837,816.340,-9.396,0.000,0.240
79.8903,-1.000,704.110,816.624,-9.402,0.000,0.240
79.9872,-1.000,704.340,816.867,-9.408,0.000,0.240
80.0930,-0.000,713.920,805.289,1.171,7.579,0.240
80.1904,-0.000,708.588,811.923,-4.812,1.596,0.240
80.2863,-0.000,707.882,813.736,-6.072,0.336,0.240
80.3919,-1.000,695.702,823.257,-16.922,-7.508,0.240
80.4881,-1.000,701.993,817.705,-11.001,-1.581,0.240
80.5839,-1.000,703.549,816.777,-9.759,-0.333,0.240
80.6914,-1.000,704.073,816.788,-9.502,-0.070,0.240
80.7890,-2.000,691.965,825.751,-20.038,-7.594,0.240
80.8845,-2.000,698.111,819.931,-14.055,-1.599,0.240
80.9943,-3.000,687.114,827.604,-23.390,-7.916,0.240
81.0917,-4.000,681.048,830.246,-27.743,-9.245,0.240
81.1888,-4.000,688.368,823.015,-20.468,-1.946,0.240
81.2839,-5.000,677.534,830.325,-29.541,-7.989,0.240
81.3900,-6.000,671.428,832.836,-33.849,-9.261,0.240
81.4953,-7.000,666.290,834.317,-37.159,-9.529,0.240
81.5925,-7.000,673.716,826.783,-29.678,-2.006,0.240
81.6898,-7.000,675.212,825.196,-28.136,-0.422,0.240
81.7880,-8.000,663.080,833.650,-38.430,-7.668,0.240
81.8845,-8.000,669.022,827.581,-32.424,-1.614,0.240
81.9920,-8.000,670.195,826.301,-31.198,-0.340,0.240
82.0902,-8.000,670.370,826.035,-30.978,-0.072,0.240
82.1866,-8.000,670.340,825.988,-30.969,-0.015,0.240
82.2833,-9.000,657.886,834.776,-41.590,-7.582,0.240
82.3915,-9.000,663.760,828.786,-35.658,-1.596,0.240
82.4877,-10.000,652.531,836.316,-45.037,-7.915,0.240
82.5842,-10.000,658.648,830.055,-38.848,-1.666,0.240
82.6904,-11.000,647.458,837.524,-48.178,-7.930,0.240
82.7855,-11.000,653.570,831.247,-41.983,-1.669,0.240
82.8927,-12.000,642.367,838.711,-51.316,-7.930,0.240
82.9898,-13.000,636.082,841.218,-55.713,-9.249,0.240
83.0874,-13.000,643.200,833.888,-48.489,-1.947,0.240
83.1837,-14.000,632.184,841.124,-57.615,-7.989,0.240
83.2921,-14.000,638.301,834.795,-51.392,-1.682,0.240
83.3896,-14.000,639.454,833.460,-50.148,-0.354,0.240
83.4853,-15.000,627.187,841.973,-60.537,-7.653,0.240
83.5926,-15.000,633.044,835.925,-54.585,-1.611,0.240
83.6910,-16.000,621.760,843.447,-63.988,-7.918,0.240
83.7881,-16.000,627.817,837.193,-57.833,-1.667,0.240
83.8845,-17.000,616.568,844.674,-67.198,-7.930,0.240
83.9910,-18.000,610.240,847.199,-71.624,-9.248,0.240
84.0885,-18.000,617.317,839.889,-64.431,-1.947,0.240
84.1845,-19.000,606.262,847.146,-73.587,-7.989,0.240
84.2898,-19.000,612.341,840.839,-67.394,-1.682,0.240
84.3869,-20.000,601.193,848.194,-76.645,-7.933,0.240
84.4943,-20.000,607.344,841.818,-70.382,-1.670,0.240
84.5908,-21.000,596.188,849.183,-79.643,-7.931,0.240
84.6873,-21.000,602.338,842.811,-73.382,-1.670,0.240
84.7856,-21.000,603.561,841.399,-72.063,-0.351,0.240
84.8822,-21.000,603.758,841.041,-71.786,-0.074,0.240
84.9887,-22.000,591.369,849.693,-82.307,-7.595,0.240
85.0857,-22.000,597.277,843.609,-76.311,-1.599,0.240
85.1822,-22.000,598.465,842.272,-75.049,-0.337,0.240
85.2918,-22.000,598.667,841.943,-74.783,-0.071,0.240
85.3892,-21.000,608.048,830.054,-64.148,7.564,0.240
85.4860,-21.000,602.510,836.460,-70.120,1.592,0.240
85.5818,-21.000,601.622,838.086,-71.377,0.335,0.240
85.6906,-21.000,601.671,838.664,-71.641,0.071,0.240
85.7862,-21.000,601.881,838.986,-71.697,0.015,0.240
85.8822,-21.000,602.096,839.225,-71.709,0.003,0.240
85.9898,-21.000,602.286,839.420,-71.711,0.001,0.240
86.0862,-21.000,602.450,839.584,-71.712,0.000,0.240
86.1824,-21.000,602.589,839.723,-71.712,0.000,0.240
86.2914,-21.000,602.707,839.841,-71.712,0.000,0.240
86.3897,-20.000,612.186,828.163,-61.133,7.579,0.240
86.4876,-19.000,616.033,823.047,-56.651,9.175,0.240
86.5830,-19.000,609.637,831.365,-64.009,1.931,0.240
86.6916,-18.000,618.200,822.035,-55.062,7.986,0.240
86.7886,-17.000,622.346,817.837,-50.890,9.260,0.240
86.8856,-16.000,625.797,814.942,-47.718,9.528,0.240
86.9937,-15.000,629.299,812.512,-44.751,9.585,0.240
87.0914,-14.000,632.983,810.340,-41.823,9.597,0.240
87.1872,-13.000,636.850,808.358,-38.899,9.599,0.240
87.2838,-12.000,640.880,806.530,-35.970,9.600,0.240
87.3900,-11.000,645.050,804.832,-33.036,9.600,0.240
87.4860,-10.000,649.340,803.243,-30.096,9.600,0.240
87.5816,-9.000,653.734,801.745,-27.150,9.600,0.240
87.6900,-9.000,648.832,812.108,-34.783,2.021,0.240
87.7861,-8.000,658.888,804.294,-25.848,8.004,0.240
87.8829,-6.000,673.744,789.544,-11.045,16.843,0.240
87.9896,-5.000,672.841,794.138,-13.793,11.125,0.240
88.0860,-4.000,676.481,794.234,-12.021,9.921,0.240
88.1823,-3.000,681.098,793.393,-9.292,9.668,0.240
88.2902,-3.000,676.552,804.148,-16.943,2.035,0.240
88.3858,-2.000,686.952,796.627,-7.983,8.007,0.240
88.4932,-2.000,683.341,805.684,-14.316,1.686,0.240
88.5897,-2.000,684.313,809.342,-15.659,0.355,0.240
88.6884,-2.000,685.988,811.602,-15.951,0.075,0.240
88.7854,-3.000,675.205,822.130,-26.607,-7.563,0.240
88.8825,-4.000,670.164,826.353,-31.239,-9.171,0.240
88.9935,-5.000,666.149,829.075,-34.608,-9.510,0.240
89.0914,-5.000,674.576,822.547,-27.130,-2.002,0.240
89.1885,-5.000,676.934,821.804,-25.579,-0.421,0.240
89.2870,-5.000,677.923,822.187,-25.277,-0.089,0.240
89.3833,-4.000,687.932,810.946,-14.652,7.560,0.240
89.4804,-4.000,682.915,817.914,-20.644,1.592,0.240
89.5860,-3.000,691.849,808.239,-11.340,7.914,0.240
89.6831,-4.000,674.383,824.475,-28.191,-5.913,0.240
89.7878,-4.000,680.004,820.808,-23.547,-1.245,0.240
89.8820,-4.000,681.794,820.680,-22.588,-0.262,0.240
89.9872,-5.000,670.298,829.989,-32.990,-7.634,0.240
90.0818,-5.000,676.865,824.562,-26.993,-1.607,0.240
90.1883,-6.000,666.203,832.593,-36.339,-7.917,0.240
90.2839,-8.000,648.030,844.330,-51.295,-16.825,0.240
90.3906,-9.000,649.144,840.145,-48.645,-11.121,0.240
90.4888,-10.000,645.680,840.399,-50.504,-9.920,0.240
90.5844,-12.000,628.818,850.333,-63.902,-17.246,0.240
90.6802,-12.000,642.417,836.845,-50.359,-3.631,0.240
90.7864,-12.000,645.258,834.097,-47.564,-0.764,0.240
90.8826,-12.000,645.830,833.606,-47.033,-0.161,0.240
90.9871,-12.000,645.919,833.585,-46.978,-0.034,0.240
91.0853,-12.000,645.902,833.659,-47.023,-0.007,0.240
91.1826,-13.000,633.475,842.535,-57.674,-7.580,0.240
91.2900,-13.000,639.373,836.619,-51.768,-1.596,0.240
91.3863,-14.000,628.162,844.214,-61.171,-7.915,0.240
91.4826,-15.000,621.905,846.798,-65.591,-9.245,0.240
91.5798,-15.000,629.053,839.528,-58.382,-1.946,0.240
91.6878,-16.000,618.063,846.815,-67.521,-7.989,0.240
91.7843,-17.000,611.814,849.315,-71.895,-9.261,0.240
91.8810,-19.000,594.161,859.582,-85.856,-17.108,0.240
91.9879,-20.000,595.149,854.716,-82.929,-11.181,0.240
92.0843,-21.000,591.448,854.520,-84.681,-9.933,0.240
92.1807,-23.000,574.376,864.081,-97.997,-17.249,0.240
92.2898,-24.000,575.422,859.049,-94.958,-11.210,0.240
92.3857,-24.000,584.079,850.005,-86.108,-2.360,0.240
92.4842,-23.000,595.156,836.198,-73.666,7.082,0.240
92.5808,-22.000,599.284,830.351,-68.678,9.070,0.240
92.6891,-22.000,592.893,838.280,-75.839,1.909,0.240
92.7862,-21.000,601.418,828.662,-66.767,7.981,0.240
92.8834,-21.000,596.153,835.999,-73.068,1.680,0.240
92.9798,-20.000,605.085,826.427,-63.815,7.933,0.240
93.0851,-19.000,609.316,822.253,-59.613,9.249,0.240
93.1811,-18.000,612.809,819.407,-56.444,9.526,0.240
93.2875,-17.000,616.341,817.027,-53.488,9.584,0.240
93.3853,-16.000,620.046,814.899,-50.571,9.597,0.240
93.4830,-16.000,614.545,824.742,-58.244,2.020,0.240
93.5887,-15.000,624.084,816.494,-49.350,8.004,0.240
93.6862,-15.000,619.723,824.951,-55.759,1.685,0.240
93.7842,-14.000,629.429,816.328,-46.594,7.934,0.240
93.8822,-14.000,625.041,824.635,-52.942,1.670,0.240
93.9795,-13.000,634.689,815.919,-43.759,7.931,0.240
94.0871,-13.000,630.246,824.154,-50.098,1.670,0.240
94.1828,-13.000,630.462,827.161,-51.495,0.351,0.240
94.2796,-12.000,640.861,817.102,-41.265,7.653,0.240
94.3869,-12.000,636.392,824.860,-47.379,1.611,0.240
94.4839,-12.000,636.446,827.602,-48.723,0.339,0.240
94.5887,-11.000,646.679,817.345,-38.478,7.650,0.240
94.6859,-11.000,642.063,824.940,-44.583,1.611,0.240
94.7812,-10.000,651.377,815.759,-35.336,7.918,0.240
94.8864,-9.000,656.007,811.842,-31.062,9.246,0.240
94.9829,-7.000,669.227,797.428,-17.246,17.104,0.240
95.0801,-6.000,667.559,801.681,-20.206,11.180,0.240
95.1871,-5.000,670.680,801.357,-18.483,9.933,0.240
95.2830,-5.000,665.497,811.918,-26.355,2.091,0.240
95.3890,-5.000,666.102,815.884,-28.036,0.440,0.240
95.4847,-5.000,667.667,818.204,-28.413,0.093,0.240
95.5807,-5.000,669.215,819.959,-28.516,0.020,0.240
95.6887,-5.000,670.574,821.408,-28.562,0.004,0.240
95.7856,-4.000,681.118,810.849,-18.010,7.580,0.240
95.8826,-3.000,685.989,806.566,-13.433,9.175,0.240
95.9816,-2.000,689.863,803.793,-10.110,9.510,0.240
96.0885,-1.000,693.695,801.495,-7.045,9.581,0.240
96.1844,-0.000,697.662,799.433,-4.030,9.596,0.240
96.2800,-0.000,692.396,809.318,-11.606,2.020,0.240
96.3835,1.000,701.549,800.491,-2.616,8.004,0.240
96.4869,1.000,696.875,808.443,-8.929,1.685,0.240
96.5799,2.000,705.728,798.775,0.332,7.934,0.240
96.6839,2.000,700.631,806.181,-5.920,1.670,0.240
96.7877,2.000,700.305,808.468,-7.226,0.352,0.240
96.8829,2.000,700.873,809.567,-7.492,0.074,0.240
96.9854,2.000,701.535,810.322,-7.538,0.016,0.240
97.0802,2.000,702.137,810.925,-7.539,0.003,0.240
97.1866,2.000,702.659,811.428,-7.529,0.001,0.240
97.2818,2.000,703.105,811.851,-7.518,0.000,0.240
97.3875,2.000,703.487,812.209,-7.506,0.000,0.240
97.4841,2.000,703.813,812.512,-7.494,0.000,0.240
97.5779,2.000,704.093,812.767,-7.482,0.000,0.240
97.6867,2.000,704.332,812.982,-7.470,0.000,0.240
97.7814,2.000,704.537,813.163,-7.458,0.000,0.240
97.8780,2.000,704.713,813.316,-7.446,0.000,0.240
97.9835,2.000,704.865,813.443,-7.434,0.000,0.240
98.0800,2.000,704.995,813.550,-7.422,0.000,0.240
98.1776,1.000,693.323,823.023,-17.995,-7.579,0.240
98.2848,-0.000,688.093,826.985,-22.591,-9.175,0.240
98.3823,-1.000,683.912,829.487,-25.932,-9.510,0.240
98.4794,-1.000,692.201,822.772,-18.430,-2.002,0.240
98.5846,-2.000,682.059,830.651,-27.440,-8.000,0.240
98.6815,-2.000,688.902,824.885,-21.136,-1.684,0.240
98.7890,-2.000,690.677,824.025,-19.819,-0.355,0.240
98.8853,-2.000,691.334,824.146,-19.551,-0.075,0.240
98.9828,-2.000,691.712,824.430,-19.504,-0.016,0.240
99.0788,-2.000,691.993,824.710,-19.503,-0.003,0.240
99.1855,-2.000,692.223,824.959,-19.513,-0.001,0.240
99.2824,-3.000,680.029,833.958,-30.109,-7.579,0.240
99.3801,-3.000,686.137,828.135,-24.144,-1.596,0.240
99.4870,-4.000,675.115,835.800,-33.487,-7.915,0.240
99.5834,-4.000,681.413,829.648,-27.262,-1.666,0.240
99.6801,-5.000,670.382,837.204,-36.556,-7.930,0.240
99.7867,-5.000,676.635,830.996,-30.325,-1.669,0.240
99.8806,-6.000,665.557,838.512,-39.622,-7.930,0.240
99.9772,-7.000,659.383,841.059,-43.983,-9.249,0.240
100.0809,-7.000,666.601,833.758,-36.723,-1.947,0.240
100.1865,-7.000,668.061,832.228,-35.228,-0.410,0.240
100.2834,-8.000,655.928,840.701,-45.531,-7.665,0.240
100.3810,-8.000,661.876,834.642,-39.528,-1.614,0.240
100.4799,-7.000,672.440,821.584,-27.717,7.239,0.240
100.5855,-7.000,667.122,827.781,-33.474,1.524,0.240
100.6806,-7.000,666.251,829.400,-34.719,0.321,0.240
100.7872,-7.000,666.274,830.013,-35.014,0.068,0.240
100.8829,-8.000,654.064,839.163,-45.695,-7.565,0.240
100.9774,-8.000,660.187,833.439,-39.771,-1.593,0.240
101.0821,-8.000,661.566,832.399,-38.561,-0.335,0.240
101.1777,-9.000,649.542,841.112,-48.930,-7.650,0.240
101.2843,-9.000,655.620,835.219,-42.944,-1.610,0.240
101.3803,-9.000,656.916,834.081,-41.727,-0.339,0.240
101.4766,-10.000,644.812,842.719,-52.098,-7.650,0.240
101.5846,-10.000,650.818,836.766,-46.119,-1.611,0.240
101.6807,-10.000,652.053,835.577,-44.907,-0.339,0.240
101.7774,-10.000,652.280,835.389,-44.699,-0.071,0.240
101.8832,-10.000,652.293,835.409,-44.703,-0.015,0.240
101.9804,-10.000,652.258,835.471,-44.751,-0.003,0.240
102.0761,-10.000,652.213,835.541,-44.809,-0.001,0.240
102.1831,-9.000,661.549,823.825,-34.283,7.579,0.240
102.2807,-9.000,656.000,830.351,-40.320,1.596,0.240
102.3776,-9.000,655.102,832.080,-41.634,0.336,0.240
102.4843,-9.000,655.135,832.752,-41.953,0.071,0.240
102.5816,-9.000,655.326,833.162,-42.063,0.015,0.240
102.6783,-9.000,655.515,833.483,-42.129,0.003,0.240
102.7852,-9.000,655.675,833.756,-42.185,0.001,0.240
102.8812,-9.000,655.805,833.995,-42.240,0.000,0.240
102.9864,-9.000,655.908,834.206,-42.294,0.000,0.240
103.0832,-9.000,655.987,834.393,-42.348,0.000,0.240
103.1789,-9.000,656.046,834.560,-42.402,0.000,0.240
103.2863,-9.000,656.088,834.711,-42.456,0.000,0.240
103.3833,-9.000,656.116,834.846,-42.510,0.000,0.240
103.4778,-9.000,656.131,834.970,-42.564,0.000,0.240
103.5845,-9.000,656.136,835.083,-42.618,0.000,0.240
103.6811,-9.000,656.133,835.187,-42.672,0.000,0.240
103.7770,-9.000,656.121,835.284,-42.726,0.000,0.240
103.8857,-9.000,656.104,835.374,-42.780,0.000,0.240
103.9828,-9.000,656.080,835.459,-42.834,0.000,0.240
104.0785,-9.000,656.053,835.539,-42.888,0.000,0.240
104.1847,-8.000,665.406,823.830,-32.357,7.579,0.240
104.2781,-8.000,659.873,830.361,-38.388,1.596,0.240
104.3842,-7.000,668.375,820.308,-29.111,7.915,0.240
104.4790,-7.000,662.925,827.439,-35.402,1.666,0.240
104.5855,-6.000,671.667,817.726,-26.174,7.930,0.240
104.6807,-5.000,675.842,813.324,-21.886,9.248,0.240
104.7756,-5.000,669.915,822.060,-29.217,1.947,0.240
104.8801,-4.000,678.927,813.035,-20.199,7.989,0.240
104.9747,-4.000,674.090,820.861,-26.530,1.682,0.240
105.0798,-3.000,683.394,811.698,-17.297,7.933,0.240
105.1784,-3.000,678.672,819.539,-23.578,1.670,0.240
105.2770,-3.000,678.662,822.201,-24.914,0.352,0.240
105.3754,-3.000,679.493,823.624,-25.210,0.074,0.240
105.4843,-3.000,680.375,824.658,-25.286,0.016,0.240
105.5814,-3.000,681.159,825.502,-25.317,0.003,0.240
105.6778,-3.000,681.830,826.215,-25.337,0.001,0.240
105.7752,-3.000,682.400,826.822,-25.356,0.000,0.240
105.8840,-3.000,682.882,827.340,-25.374,0.000,0.240
105.9829,-4.000,670.904,836.568,-35.977,-7.579,0.240
106.0779,-5.000,664.809,839.725,-40.603,-9.175,0.240
106.1767,-5.000,672.274,832.763,-33.389,-1.931,0.240
106.2832,-5.000,673.983,831.482,-31.895,-0.407,0.240
106.3791,-5.000,674.455,831.373,-31.604,-0.086,0.240
106.4760,-6.000,662.263,840.275,-42.151,-7.597,0.240
106.5839,-6.000,668.326,834.415,-36.189,-1.599,0.240
106.6792,-6.000,669.638,833.274,-34.963,-0.337,0.240
106.7760,-6.000,669.941,833.118,-34.733,-0.071,0.240
106.8840,-6.000,670.024,833.160,-34.713,-0.015,0.240
106.9829,-7.000,657.667,842.022,-45.322,-7.582,0.240
107.0800,-7.000,663.626,836.093,-39.378,-1.596,0.240
107.1778,-8.000,652.472,843.673,-48.745,-7.915,0.240
107.2764,-8.000,658.654,837.453,-42.544,-1.666,0.240
107.3757,-9.000,647.520,844.954,-51.862,-7.930,0.240
107.4836,-10.000,641.297,847.489,-56.240,-9.248,0.240
107.5775,-11.000,636.086,848.965,-59.584,-9.526,0.240
107.6758,-13.000,618.684,858.993,-73.299,-17.163,0.240
107.7813,-14.000,619.637,854.172,-70.412,-11.192,0.240
107.8783,-16.000,603.475,862.846,-82.830,-17.514,0.240
107.9745,-17.000,630.845,877.340,-83.421,-15.003,0.400
108.0806,-18.000,655.359,895.151,-86.043,-14.517,0.400
108.1843,-20.000,662.326,926.999,-103.561,-26.035,0.400
108.2799,-21.000,694.392,937.666,-97.178,-16.652,0.400
108.3803,-23.000,701.845,969.375,-112.975,-26.449,0.400
108.4788,-25.000,716.631,993.716,-120.871,-28.345,0.400
108.5743,-26.000,749.027,1004.318,-112.625,-17.099,0.400
108.6818,-27.000,772.100,1024.532,-113.448,-14.922,0.400
108.7774,-29.000,776.640,1059.625,-130.640,-26.114,0.400
108.8761,-30.000,806.429,1073.265,-124.193,-16.667,0.400
108.9740,-32.000,811.905,1107.542,-139.978,-26.452,0.400
109.0819,-33.000,841.565,1121.412,-133.259,-16.733,0.400
109.1778,-35.000,846.753,1156.064,-148.990,-26.464,0.400
109.2755,-36.000,876.134,1170.286,-142.261,-16.735,0.400
109.3827,-38.000,881.077,1205.245,-157.991,-26.465,0.400
109.4786,-39.000,910.249,1219.729,-151.261,-16.735,0.400
109.5780,-40.000,931.578,1242.248,-152.378,-14.852,0.400
109.6836,-42.000,934.828,1279.108,-169.626,-26.100,0.400
109.7796,-43.000,963.557,1294.211,-163.191,-16.665,0.400
109.8748,-44.000,984.702,1317.063,-164.364,-14.838,0.400
109.9811,-45.000,978.932,1316.041,-167.011,-14.485,0.400
110.0793,-46.000,972.895,1315.404,-169.942,-14.416,0.400
110.1770,-47.000,966.819,1314.908,-172.929,-14.403,0.400
110.2748,-47.000,977.308,1301.831,-161.314,-2.788,0.400
110.3801,-48.000,962.036,1311.005,-173.678,-12.152,0.400
110.4778,-49.000,954.302,1312.654,-178.491,-13.965,0.400
110.5739,-49.000,964.582,1300.204,-167.229,-2.703,0.400
110.6800,-49.000,965.926,1297.014,-165.049,-0.523,0.400
110.7744,-49.000,965.638,1295.733,-164.627,-0.101,0.400
110.8787,-49.000,965.116,1294.922,-164.546,-0.020,0.400
110.9758,-49.000,964.618,1294.286,-164.530,-0.004,0.400
111.0824,-49.000,964.185,1293.755,-164.527,-0.001,0.400
111.1787,-48.000,977.378,1277.644,-149.913,11.613,0.400
111.2761,-48.000,968.305,1287.235,-159.278,2.248,0.400
111.3747,-47.000,980.304,1273.578,-146.478,12.048,0.400
111.4827,-47.000,971.407,1284.065,-156.194,2.332,0.400
111.5802,-46.000,983.785,1270.938,-143.462,12.064,0.400
111.6774,-45.000,988.818,1266.169,-138.578,13.948,0.400
111.7746,-43.000,1006.322,1247.689,-120.601,25.925,0.400
111.8727,-42.000,1001.575,1255.506,-126.895,16.631,0.400
111.9799,-41.000,1004.542,1256.050,-125.694,14.832,0.400
112.0770,-39.000,1022.707,1239.668,-108.430,26.096,0.400
112.1728,-37.000,1032.553,1233.138,-100.249,28.277,0.400
112.2823,-36.000,1027.728,1244.682,-108.440,17.086,0.400
112.3809,-34.000,1045.436,1231.485,-92.993,26.533,0.400
112.4764,-32.000,1056.086,1226.469,-85.165,28.361,0.400
112.5728,-30.000,1065.738,1223.405,-78.811,28.715,0.400
112.6785,-28.000,1075.510,1221.034,-72.742,28.784,0.400
112.7726,-26.000,1085.572,1219.063,-66.729,28.797,0.400
112.8782,-24.000,1095.915,1217.396,-60.727,28.799,0.400
112.9723,-22.000,1106.506,1215.981,-54.726,28.800,0.400
113.0797,-19.000,1130.756,1199.230,-34.227,40.413,0.400
113.1767,-18.000,1119.308,1223.952,-52.313,19.435,0.400
113.2732,-16.000,1137.808,1215.536,-38.857,26.987,0.400
113.3805,-14.000,1150.372,1213.342,-31.479,28.449,0.400
113.4789,-13.000,1148.323,1228.107,-39.887,17.119,0.400
113.5749,-11.000,1168.481,1217.556,-24.533,26.539,0.400
113.6722,-10.000,1167.666,1230.438,-31.382,16.750,0.400
113.7792,-9.000,1174.296,1234.965,-30.331,14.855,0.400
113.8753,-8.000,1182.073,1237.570,-27.746,14.488,0.400
113.9829,-8.000,1176.254,1255.215,-39.478,2.804,0.400
114.0813,-7.000,1192.540,1246.881,-27.168,12.156,0.400
114.1761,-6.000,1201.144,1245.936,-22.394,13.966,0.400
114.2807,-6.000,1194.601,1261.989,-33.693,2.703,0.400
114.3770,-4.000,1223.565,1236.909,-6.671,23.749,0.400
114.4747,-3.000,1222.608,1245.067,-11.229,16.209,0.400
114.5792,-1.000,1241.216,1231.380,4.919,26.363,0.400
114.6771,-0.000,1238.610,1242.069,-1.729,16.715,0.400
114.7728,1.000,1242.734,1243.915,-0.590,14.848,0.400
114.8813,3.000,1260.141,1226.783,16.680,26.100,0.400
114.9788,4.000,1254.897,1234.361,10.268,16.664,0.400
115.0762,5.000,1256.642,1233.699,11.472,14.838,0.400
115.1743,7.000,1272.004,1214.458,28.774,26.098,0.400
115.2714,8.000,1265.020,1220.245,22.388,16.664,0.400
115.3804,9.000,1265.290,1218.058,23.616,14.838,0.400
115.4768,10.000,1266.731,1214.086,26.323,14.485,0.400
115.5718,11.000,1268.204,1209.563,29.320,14.416,0.400
115.6805,12.000,1269.516,1204.758,32.379,14.403,0.400
115.7786,13.000,1270.657,1199.748,35.455,14.401,0.400
115.8749,14.000,1271.646,1194.570,38.538,14.400,0.400
115.9732,16.000,1285.175,1172.681,56.247,26.013,0.400
116.0714,17.000,1276.409,1176.441,49.984,16.648,0.400
116.1813,18.000,1275.126,1172.568,51.279,14.835,0.400
116.2791,19.000,1275.249,1167.164,54.042,14.484,0.400
116.3779,20.000,1275.486,1161.537,56.974,14.416,0.400
116.4752,21.000,1275.732,1155.810,59.961,14.403,0.400
116.5711,22.000,1275.950,1150.033,62.959,14.401,0.400
116.6788,22.000,1263.474,1160.784,51.345,2.787,0.400
116.7763,23.000,1273.156,1145.735,63.710,12.152,0.400
116.8740,23.000,1262.575,1154.755,53.910,2.352,0.400
116.9807,23.000,1260.014,1155.988,52.013,0.455,0.400
117.0776,23.000,1259.083,1155.791,51.646,0.088,0.400
117.1751,23.000,1258.533,1155.383,51.575,0.017,0.400
117.2735,23.000,1258.111,1154.989,51.561,0.003,0.400
117.3707,23.000,1257.762,1154.645,51.559,0.001,0.400
117.4784,22.000,1241.804,1167.914,36.945,-11.613,0.400
117.5736,22.000,1251.527,1158.906,46.310,-2.248,0.400
117.6708,22.000,1253.643,1157.397,48.123,-0.435,0.400
117.7788,21.000,1238.589,1170.867,33.861,-11.697,0.400
117.8745,21.000,1248.849,1162.261,43.294,-2.264,0.400
117.9714,21.000,1251.378,1161.138,45.120,-0.438,0.400
118.0785,20.000,1236.666,1174.945,30.860,-11.698,0.400
118.1750,20.000,1247.214,1166.627,40.294,-2.264,0.400
118.2708,19.000,1234.439,1179.198,27.621,-12.051,0.400
118.3801,18.000,1230.017,1184.347,22.835,-13.945,0.400
118.4764,17.000,1227.511,1188.371,19.570,-14.312,0.400
118.5743,16.000,1225.631,1192.441,16.595,-14.383,0.400
118.6714,15.000,1224.088,1196.745,13.671,-14.397,0.400
118.7786,14.000,1222.793,1201.287,10.753,-14.399,0.400
118.8766,13.000,1221.700,1206.040,7.830,-14.400,0.400
118.9730,12.000,1220.778,1210.974,4.902,-14.400,0.400
119.0793,11.000,1219.998,1216.062,1.968,-14.400,0.400
119.1745,10.000,1219.340,1221.284,-0.972,-14.400,0.400
119.2720,10.000,1234.452,1213.050,10.701,-2.787,0.400
119.3788,9.000,1224.014,1227.235,-1.610,-12.152,0.400
119.4755,8.000,1221.292,1234.042,-6.375,-13.965,0.400
119.5803,8.000,1235.838,1225.968,4.935,-2.703,0.400
119.6750,7.000,1225.148,1240.060,-7.456,-12.136,0.400
119.7739,7.000,1237.922,1233.176,2.373,-2.349,0.400
119.8806,6.000,1226.693,1247.312,-10.310,-12.068,0.400
119.9790,5.000,1223.528,1253.849,-15.161,-13.949,0.400
120.0766,5.000,1237.740,1245.503,-3.882,-2.700,0.400
120.1747,4.000,1226.771,1259.358,-16.293,-12.135,0.400
120.2716,3.000,1223.639,1265.842,-21.102,-13.962,0.400
120.3793,3.000,1237.841,1257.490,-9.824,-2.702,0.400
120.4768,3.000,1242.525,1257.779,-7.627,-0.523,0.400
120.5715,2.000,1229.409,1273.021,-21.806,-11.714,0.400
120.6771,2.000,1241.272,1265.966,-12.347,-2.267,0.400
120.7710,2.000,1245.155,1266.169,-10.507,-0.439,0.400
120.8779,2.000,1247.258,1267.540,-10.141,-0.085,0.400
120.9721,1.000,1233.146,1282.505,-24.679,-11.629,0.400
121.0792,1.000,1244.393,1274.982,-15.295,-2.251,0.400
121.1750,1.000,1247.797,1274.744,-13.474,-0.436,0.400
121.2717,1.000,1249.500,1275.732,-13.116,-0.084,0.400
121.3783,1.000,1250.717,1276.802,-13.042,-0.016,0.400
121.4752,1.000,1251.709,1277.755,-13.023,-0.003,0.400
121.5722,1.000,1252.544,1278.573,-13.015,-0.001,0.400
121.6784,-0.000,1237.584,1292.838,-27.627,-11.613,0.400
121.7765,1.000,1260.822,1268.108,-3.643,9.365,0.400
121.8726,1.000,1254.142,1276.521,-11.189,1.813,0.400
121.9701,1.000,1253.423,1278.713,-12.645,0.351,0.400
122.0788,1.000,1253.772,1279.616,-12.922,0.068,0.400
122.1754,1.000,1254.255,1280.197,-12.971,0.013,0.400
122.2719,2.000,1267.371,1264.085,1.643,11.615,0.400
122.3789,2.000,1258.243,1273.667,-7.712,2.248,0.400
122.4757,3.000,1269.304,1259.092,5.106,12.048,0.400
122.5711,3.000,1259.612,1268.796,-4.592,2.332,0.400
122.6785,3.000,1257.755,1270.664,-6.455,0.451,0.400
122.7760,2.000,1241.745,1284.584,-21.420,-11.526,0.400
122.8721,2.000,1251.663,1275.888,-12.113,-2.231,0.400
122.9690,2.000,1253.994,1274.597,-10.302,-0.432,0.400
123.0751,2.000,1254.796,1274.679,-9.942,-0.084,0.400
123.1713,2.000,1255.251,1274.975,-9.862,-0.016,0.400
123.2787,2.000,1255.595,1275.269,-9.837,-0.003,0.400
123.3746,3.000,1268.550,1258.957,4.796,11.612,0.400
123.4724,4.000,1271.945,1251.808,10.068,13.860,0.400
123.5706,5.000,1273.365,1246.297,13.534,14.296,0.400
123.6774,5.000,1261.627,1257.558,2.035,2.767,0.400
123.7731,6.000,1271.892,1242.987,14.452,12.148,0.400
123.8688,7.000,1274.470,1235.850,19.310,13.964,0.400
123.9765,8.000,1275.482,1230.062,22.710,14.316,0.400
124.0732,9.000,1276.124,1224.461,25.832,14.384,0.400
124.1713,10.000,1276.639,1218.830,28.905,14.397,0.400
124.2690,11.000,1277.084,1213.137,31.973,14.399,0.400
124.3753,12.000,1277.476,1207.384,35.046,14.400,0.400
124.4717,12.000,1265.157,1218.146,23.505,2.787,0.400
124.5690,12.000,1262.319,1219.660,21.329,0.539,0.400
124.6771,12.000,1261.394,1219.461,20.966,0.104,0.400
124.7760,12.000,1260.904,1218.995,20.954,0.020,0.400
124.8712,12.000,1260.553,1218.533,21.010,0.004,0.400
124.9780,12.000,1260.277,1218.119,21.079,0.001,0.400
125.0755,12.000,1260.054,1217.754,21.150,0.000,0.400
125.1736,12.000,1259.877,1217.433,21.222,0.000,0.400
125.2678,13.000,1272.405,1200.580,35.913,11.613,0.400
125.3726,13.000,1262.780,1209.529,26.626,2.248,0.400
125.4702,13.000,1260.759,1210.977,24.891,0.435,0.400
125.5774,13.000,1260.242,1211.005,24.618,0.084,0.400
125.6754,13.000,1260.044,1210.788,24.628,0.016,0.400
125.7716,13.000,1259.933,1210.547,24.693,0.003,0.400
125.8781,13.000,1259.859,1210.321,24.769,0.001,0.400
125.9750,13.000,1259.809,1210.116,24.846,0.000,0.400
126.0727,12.000,1244.109,1223.499,10.305,-11.613,0.400
126.1702,12.000,1254.062,1214.577,19.742,-2.248,0.400
126.2676,11.000,1240.716,1226.700,7.008,-12.048,0.400
126.3770,11.000,1251.478,1217.898,16.790,-2.332,0.400
126.4719,10.000,1238.588,1230.353,4.118,-12.064,0.400
126.5682,9.000,1234.024,1235.448,-0.712,-13.948,0.400
126.6733,8.000,1231.383,1239.440,-4.028,-14.312,0.400
126.7691,7.000,1229.379,1243.493,-7.057,-14.383,0.400
126.8766,7.000,1243.391,1234.223,4.584,-2.784,0.400
126.9740,6.000,1232.024,1247.520,-7.748,-12.152,0.400
127.0707,5.000,1228.511,1253.573,-12.531,-13.965,0.400
127.1683,4.000,1226.714,1258.430,-15.858,-14.316,0.400
127.2756,4.000,1241.083,1249.661,-4.289,-2.771,0.400
127.3729,4.000,1245.722,1249.783,-2.030,-0.536,0.400
127.4689,4.000,1248.202,1251.350,-1.574,-0.104,0.400
127.5748,4.000,1250.029,1252.962,-1.466,-0.020,0.400
127.6718,4.000,1251.531,1254.383,-1.426,-0.004,0.400
127.7675,4.000,1252.801,1255.598,-1.399,-0.001,0.400
127.8748,4.000,1253.882,1256.630,-1.374,-0.000,0.400
127.9702,4.000,1254.804,1257.504,-1.350,-0.000,0.400
128.0673,4.000,1255.591,1258.243,-1.326,-0.000,0.400
128.1761,4.000,1256.263,1258.867,-1.302,-0.000,0.400
128.2755,5.000,1269.507,1242.826,13.341,11.613,0.400
128.3728,6.000,1273.152,1235.903,18.625,13.861,0.400
128.4671,6.000,1262.117,1247.152,7.483,2.683,0.400
128.5734,7.000,1272.750,1232.801,19.974,12.132,0.400
128.6693,7.000,1262.927,1242.463,10.232,2.348,0.400
128.7745,8.000,1273.676,1227.678,22.999,12.067,0.400
128.8698,8.000,1263.777,1237.146,13.316,2.336,0.400
128.9767,8.000,1261.759,1238.798,11.480,0.452,0.400
129.0732,8.000,1261.286,1238.959,11.163,0.087,0.400
129.1701,8.000,1261.131,1238.850,11.141,0.017,0.400
129.2673,9.000,1273.722,1222.134,25.794,11.616,0.400
129.3736,9.000,1264.155,1231.195,16.480,2.248,0.400
129.4719,9.000,1262.181,1232.739,14.721,0.435,0.400
129.5701,8.000,1246.032,1246.422,-0.195,-11.529,0.400
129.6672,8.000,1255.830,1237.528,9.151,-2.231,0.400
129.7742,8.000,1258.061,1236.065,10.998,-0.432,0.400
129.8691,8.000,1258.784,1235.995,11.394,-0.084,0.400
129.9756,8.000,1259.177,1236.158,11.510,-0.016,0.400
130.0729,8.000,1259.474,1236.333,11.571,-0.003,0.400
130.1705,7.000,1244.056,1250.051,-2.998,-11.614,0.400
130.2679,7.000,1254.242,1241.422,6.410,-2.248,0.400
130.3757,6.000,1241.089,1253.797,-6.354,-12.048,0.400
130.4721,6.000,1252.011,1245.215,3.398,-2.332,0.400
130.5680,6.000,1254.922,1244.292,5.315,-0.451,0.400
130.6664,5.000,1240.498,1258.306,-8.904,-11.700,0.400
130.7739,5.000,1251.289,1250.166,0.561,-2.265,0.400
130.8701,5.000,1254.272,1249.437,2.418,-0.438,0.400
130.9674,5.000,1255.614,1250.011,2.801,-0.085,0.400
131.0763,5.000,1256.526,1250.727,2.900,-0.016,0.400
131.1723,5.000,1257.262,1251.376,2.943,-0.003,0.400
131.2678,4.000,1242.214,1265.501,-11.644,-11.614,0.400
131.3657,3.000,1237.042,1270.787,-16.873,-13.861,0.400
131.4722,3.000,1249.787,1261.140,-5.677,-2.683,0.400
131.5693,2.000,1237.616,1273.844,-18.114,-12.132,0.400
131.6690,2.000,1249.139,1265.775,-8.318,-2.348,0.400
131.7767,1.000,1236.843,1278.906,-21.031,-12.067,0.400
131.8748,1.000,1248.436,1271.023,-11.294,-2.336,0.400
131.9741,1.000,1251.902,1270.710,-9.404,-0.452,0.400
132.0707,1.000,1253.613,1271.680,-9.033,-0.087,0.400
132.1688,-0.000,1239.159,1286.311,-23.576,-11.630,0.400
132.2655,-0.000,1250.114,1278.508,-14.197,-2.251,0.400
132.3740,-0.000,1253.269,1278.032,-12.382,-0.436,0.400
132.4712,-0.000,1254.759,1278.819,-12.030,-0.084,0.400
132.5673,-1.000,1239.226,1292.388,-26.581,-11.629,0.400
132.6725,-1.000,1249.263,1283.681,-17.209,-2.251,0.400
132.7707,-1.000,1251.638,1282.437,-15.400,-0.436,0.400
132.8663,-2.000,1235.894,1295.241,-29.673,-11.697,0.400
132.9736,-2.000,1245.567,1286.071,-20.252,-2.264,0.400
133.0705,-2.000,1247.594,1284.470,-18.438,-0.438,0.400
133.1685,-2.000,1248.116,1284.310,-18.097,-0.085,0.400
133.2732,-1.000,1261.896,1268.739,-3.422,11.596,0.400
133.3723,-1.000,1253.276,1278.835,-12.780,2.244,0.400
133.4698,-0.000,1265.657,1265.610,0.023,12.047,0.400
133.5657,-0.000,1257.082,1276.467,-9.692,2.332,0.400
133.6741,1.000,1268.841,1262.748,3.046,12.064,0.400
133.7713,2.000,1272.453,1256.570,7.942,13.948,0.400
133.8662,3.000,1274.295,1251.646,11.324,14.312,0.400
133.9705,4.000,1275.630,1246.792,14.419,14.383,0.400
134.0671,5.000,1276.728,1241.803,17.463,14.397,0.400
134.1729,5.000,1264.994,1253.229,5.882,2.786,0.400
134.2715,6.000,1275.315,1238.747,18.284,12.152,0.400
134.3687,6.000,1265.283,1248.243,8.520,2.352,0.400
134.4652,6.000,1263.194,1249.875,6.659,0.455,0.400
134.5726,5.000,1246.999,1263.581,-8.291,-11.525,0.400
134.6710,5.000,1256.766,1254.699,1.033,-2.231,0.400
134.7691,5.000,1258.971,1253.247,2.862,-0.432,0.400
134.8655,5.000,1259.669,1253.188,3.240,-0.084,0.400
134.9712,4.000,1244.369,1266.932,-11.281,-11.629,0.400
135.0674,4.000,1254.610,1258.368,-1.879,-2.251,0.400
135.1750,4.000,1257.162,1257.241,-0.040,-0.436,0.400
135.2731,4.000,1258.143,1257.472,0.336,-0.084,0.400
135.3693,3.000,1243.081,1271.464,-14.191,-11.629,0.400
135.4674,3.000,1253.523,1263.113,-4.795,-2.251,0.400
135.5750,3.000,1256.245,1262.168,-2.962,-0.436,0.400
135.6710,4.000,1270.038,1245.985,12.027,11.529,0.400
135.7709,4.000,1261.249,1255.742,2.753,2.231,0.400
135.8683,4.000,1259.885,1257.930,0.978,0.432,0.400
135.9728,5.000,1272.580,1242.035,15.272,11.696,0.400
136.0690,6.000,1275.986,1235.009,20.489,13.877,0.400
136.1639,6.000,1264.793,1246.125,9.334,2.686,0.400
136.2709,6.000,1262.630,1248.222,7.204,0.520,0.400
136.3639,6.000,1262.219,1248.578,6.821,0.101,0.400
136.4683,6.000,1262.150,1248.599,6.775,0.019,0.400
136.5725,5.000,1246.481,1262.128,-7.823,-11.609,0.400
136.6682,5.000,1256.464,1253.326,1.569,-2.247,0.400
136.7647,4.000,1243.139,1265.555,-11.208,-12.048,0.400
136.8728,4.000,1253.913,1256.849,-1.468,-2.332,0.400
136.9688,3.000,1241.028,1269.392,-14.182,-12.064,0.400
137.0660,3.000,1252.129,1260.999,-4.435,-2.335,0.400
137.1729,2.000,1239.513,1273.819,-17.153,-12.065,0.400
137.2699,2.000,1250.841,1265.663,-7.411,-2.335,0.400
137.3662,2.000,1254.084,1265.116,-5.516,-0.452,0.400
137.4732,2.000,1255.607,1265.886,-5.139,-0.087,0.400
137.5681,2.000,1256.664,1266.777,-5.057,-0.017,0.400
137.6649,2.000,1257.517,1267.580,-5.031,-0.003,0.400
137.7696,2.000,1258.236,1268.269,-5.017,-0.001,0.400
137.8642,2.000,1258.846,1268.855,-5.004,-0.000,0.400
137.9704,3.000,1272.036,1252.782,9.627,11.613,0.400
138.0671,3.000,1262.963,1262.404,0.280,2.248,0.400
138.1637,3.000,1261.402,1264.432,-1.515,0.435,0.400
138.2709,3.000,1261.268,1264.964,-1.848,0.084,0.400
138.3666,3.000,1261.387,1265.182,-1.898,0.016,0.400
138.4740,3.000,1261.535,1265.321,-1.893,0.003,0.400
138.5716,3.000,1261.672,1265.427,-1.877,0.001,0.400
138.6675,3.000,1261.794,1265.513,-1.860,0.000,0.400
138.7634,3.000,1261.900,1265.584,-1.842,0.000,0.400
138.8719,3.000,1261.992,1265.640,-1.824,0.000,0.400
138.9700,3.000,1262.074,1265.686,-1.806,0.000,0.400
139.0692,3.000,1262.146,1265.722,-1.788,0.000,0.400
139.1655,3.000,1262.210,1265.750,-1.770,0.000,0.400
139.2647,3.000,1262.267,1265.771,-1.752,0.000,0.400
139.3638,4.000,1274.987,1249.217,12.885,11.613,0.400
139.4708,4.000,1265.517,1258.429,3.544,2.248,0.400
139.5703,4.000,1263.618,1260.108,1.755,0.435,0.400
139.6669,4.000,1263.198,1260.342,1.428,0.084,0.400
139.7650,5.000,1275.744,1243.737,16.003,11.629,0.400
139.8711,5.000,1266.170,1252.861,6.655,2.251,0.400
139.9684,6.000,1276.863,1237.886,19.489,12.049,0.400
140.0649,6.000,1266.862,1247.246,9.808,2.332,0.400
140.1730,7.000,1277.414,1232.250,22.582,12.064,0.400
140.2722,7.000,1267.338,1241.548,12.895,2.335,0.400
140.3685,8.000,1277.836,1226.490,25.673,12.065,0.400
140.4666,8.000,1267.716,1235.734,15.991,2.335,0.400
140.5721,8.000,1265.508,1237.196,14.156,0.452,0.400
140.6675,8.000,1264.875,1237.196,13.839,0.087,0.400
140.7643,9.000,1277.252,1220.380,28.436,11.630,0.400
140.8726,9.000,1267.541,1229.319,19.111,2.251,0.400
140.9713,8.000,1249.782,1244.321,2.731,-11.177,0.400
141.0681,8.000,1259.172,1235.587,11.793,-2.163,0.400
141.1653,8.000,1261.244,1234.074,13.585,-0.419,0.400
141.2632,8.000,1261.867,1233.925,13.971,-0.081,0.400
141.3702,7.000,1246.513,1247.582,-0.535,-11.629,0.400
141.4674,7.000,1256.712,1238.941,8.885,-2.251,0.400
141.5625,6.000,1243.562,1251.315,-3.877,-12.049,0.400
141.6696,6.000,1254.485,1242.733,5.876,-2.332,0.400
141.7675,5.000,1241.728,1255.380,-6.826,-12.064,0.400
141.8636,5.000,1252.940,1247.074,2.933,-2.335,0.400
141.9699,4.000,1240.419,1259.965,-9.773,-12.065,0.400
142.0647,4.000,1251.830,1251.868,-0.019,-2.335,0.400
142.1717,3.000,1239.477,1264.939,-12.731,-12.065,0.400
142.2654,3.000,1251.030,1256.996,-2.983,-2.335,0.400
142.3703,2.000,1238.796,1270.198,-15.701,-12.065,0.400
142.4660,2.000,1250.449,1262.368,-5.959,-2.335,0.400
142.5711,2.000,1253.969,1262.097,-4.064,-0.452,0.400
142.6681,1.000,1240.058,1276.671,-18.306,-11.700,0.400
142.7640,1.000,1251.281,1269.010,-8.865,-2.265,0.400
142.8619,1.000,1254.628,1268.692,-7.032,-0.438,0.400
142.9700,-0.000,1240.605,1283.189,-21.292,-11.698,0.400
143.0690,-0.000,1251.741,1275.457,-11.858,-2.264,0.400
143.1651,-1.000,1238.444,1287.746,-24.651,-12.051,0.400
143.2615,-3.000,1216.091,1304.443,-44.176,-25.558,0.400
143.3691,-4.000,1220.711,1297.115,-38.202,-16.560,0.400
143.4652,-6.000,1201.253,1309.471,-54.109,-26.431,0.400
143.5722,-7.000,1205.945,1300.842,-47.449,-16.729,0.400
143.6686,-9.000,1158.273,1292.139,-55.454,-18.680,0.240
143.7654,-10.000,1126.278,1270.975,-51.346,-11.512,0.240
143.8651,-13.000,1065.379,1271.250,-74.072,-25.160,0.240
143.9638,-15.000,1028.862,1250.397,-75.457,-20.455,0.240
144.0680,-17.000,989.703,1231.952,-80.568,-19.464,0.240
144.1641,-19.000,950.671,1213.181,-86.474,-19.256,0.240
144.2723,-20.000,924.751,1184.729,-81.851,-11.633,0.240
144.3681,-23.000,868.752,1179.073,-104.404,-25.186,0.240
144.4639,-25.000,836.362,1153.216,-105.678,-20.460,0.240
144.5710,-27.000,800.724,1130.505,-110.683,-19.465,0.240
144.6667,-29.000,764.709,1108.083,-116.474,-19.256,0.240
144.7706,-30.000,741.257,1076.626,-111.851,-11.633,0.240
144.8652,-32.000,699.733,1059.636,-123.825,-17.607,0.240
144.9628,-34.000,663.173,1037.621,-131.083,-18.865,0.240
145.0611,-36.000,627.815,1014.350,-137.347,-19.129,0.240
145.1701,-37.000,605.224,981.867,-132.824,-11.606,0.240
145.2670,-38.000,576.875,955.164,-134.240,-10.022,0.240
145.3633,-39.000,547.430,929.575,-136.907,-9.689,0.240
145.4699,-40.000,517.854,904.133,-139.837,-9.619,0.240
145.5705,-42.000,475.954,887.428,-153.401,-17.183,0.240
145.6666,-43.000,477.701,881.557,-150.414,-11.196,0.240
145.7645,-44.000,474.607,880.545,-152.154,-9.936,0.240
145.8612,-45.000,470.422,880.641,-154.889,-9.671,0.240
145.9694,-46.000,465.944,881.042,-157.833,-9.615,0.240
146.0676,-47.000,461.353,881.569,-160.821,-9.603,0.240
146.1651,-47.000,469.072,873.396,-153.240,-2.022,0.240
146.2619,-48.000,458.405,880.075,-162.223,-8.005,0.240
146.3707,-49.000,452.415,882.077,-166.482,-9.264,0.240
146.4682,-49.000,459.758,874.344,-159.168,-1.950,0.240
146.5638,-50.000,448.943,881.226,-168.208,-7.990,0.240
146.6604,-50.000,455.241,874.586,-161.900,-1.682,0.240
146.7674,-50.000,456.561,872.975,-160.572,-0.354,0.240
146.8647,-51.000,444.455,881.234,-170.871,-7.653,0.240
146.9621,-51.000,450.462,874.957,-164.829,-1.611,0.240
147.0698,-51.000,451.704,873.486,-163.557,-0.339,0.240
147.1670,-52.000,439.567,881.828,-173.868,-7.650,0.240
147.2635,-52.000,445.555,875.614,-167.829,-1.611,0.240
147.3675,-52.000,446.782,874.195,-166.557,-0.339,0.240
147.4618,-52.000,447.012,873.801,-166.289,-0.071,0.240
147.5670,-52.000,447.037,873.638,-166.233,-0.015,0.240
147.6651,-52.000,447.021,873.535,-166.221,-0.003,0.240
147.7621,-52.000,447.001,873.456,-166.219,-0.001,0.240
147.8662,-52.000,446.982,873.390,-166.218,-0.000,0.240
147.9610,-52.000,446.965,873.334,-166.218,-0.000,0.240
148.0685,-51.000,456.330,861.507,-155.639,7.579,0.240
148.1627,-51.000,450.815,867.930,-161.622,1.596,0.240
148.2601,-51.000,449.953,869.564,-162.882,0.336,0.240
148.3671,-50.000,459.405,858.368,-152.568,7.650,0.240
148.4638,-50.000,454.133,865.157,-158.608,1.610,0.240
148.5699,-50.000,453.514,867.066,-159.879,0.339,0.240
148.6672,-49.000,463.180,856.097,-149.568,7.650,0.240
148.7624,-48.000,467.470,851.298,-145.028,9.190,0.240
148.8696,-48.000,461.504,859.832,-152.283,1.935,0.240
148.9661,-47.000,470.451,850.668,-143.232,7.986,0.240
149.0629,-46.000,474.936,846.599,-138.958,9.260,0.240
149.1688,-45.000,478.683,843.804,-135.690,9.528,0.240
149.2664,-44.000,482.447,841.451,-132.633,9.585,0.240
149.3639,-43.000,486.360,839.336,-129.621,9.597,0.240
149.4596,-42.000,490.429,837.396,-126.619,9.599,0.240
149.5681,-40.000,504.015,823.820,-113.039,17.179,0.240
149.6648,-39.000,502.837,828.606,-116.022,11.196,0.240
149.7590,-37.000,515.791,816.919,-103.703,17.515,0.240
149.8663,-35.000,524.260,810.726,-96.373,18.845,0.240
149.9652,-34.000,522.730,817.792,-100.672,11.546,0.240
150.0627,-31.000,545.604,795.423,-78.050,25.168,0.240
150.1601,-30.000,539.829,808.227,-87.341,12.877,0.240
150.2698,-28.000,552.909,799.323,-76.349,17.869,0.240
150.3647,-26.000,562.334,794.646,-69.298,18.920,0.240
150.4603,-24.000,571.174,791.042,-63.077,19.141,0.240
150.5674,-22.000,580.046,787.821,-57.030,19.188,0.240
150.6652,-20.000,589.058,784.812,-51.021,19.197,0.240
150.7627,-18.000,598.104,782.069,-45.127,19.199,0.240
150.8596,-16.000,607.287,779.444,-39.222,19.200,0.240
150.9657,-14.000,616.590,776.914,-33.306,19.200,0.240
151.0624,-11.000,635.382,762.680,-16.793,26.779,0.240
151.1611,-10.000,629.997,778.539,-27.415,13.217,0.240
151.2681,-8.000,644.224,771.415,-16.740,17.940,0.240
151.3654,-6.000,654.801,768.075,-9.781,18.935,0.240
151.4631,-5.000,655.278,777.350,-14.181,11.565,0.240
151.5601,-3.000,670.532,768.586,-2.171,17.593,0.240
151.6685,-2.000,671.768,776.465,-5.493,11.283,0.240
151.7632,-1.000,677.607,778.974,-3.828,9.954,0.240
151.8677,-0.000,684.176,780.102,-1.107,9.675,0.240
151.9648,1.000,690.094,780.125,1.840,9.616,0.240
152.0610,2.000,695.319,779.351,4.839,9.603,0.240
152.1684,4.000,708.710,765.542,18.440,17.180,0.240
152.2647,5.000,706.779,769.519,15.486,11.196,0.240
152.3595,7.000,717.910,755.927,27.847,17.515,0.240
152.4673,8.000,714.863,759.281,24.646,11.266,0.240
152.5648,10.000,725.217,744.989,36.970,17.530,0.240
152.6621,11.000,721.549,747.709,33.775,11.269,0.240
152.7603,13.000,731.386,732.867,46.114,17.530,0.240
152.8587,14.000,727.281,735.117,42.938,11.270,0.240
152.9662,15.000,727.965,732.257,44.709,9.951,0.240
153.0625,16.000,729.559,728.213,47.528,9.674,0.240
153.1590,17.000,731.261,723.828,50.572,9.616,0.240
153.2665,18.000,732.917,719.293,53.667,9.603,0.240
153.3626,19.000,734.504,714.657,56.779,9.601,0.240
153.4581,19.000,727.243,722.327,49.313,2.021,0.240
153.5678,19.000,725.935,723.983,47.832,0.426,0.240
153.6640,19.000,725.861,724.353,47.610,0.090,0.240
153.7599,20.000,734.695,712.170,58.118,7.598,0.240
153.8658,19.000,717.109,727.510,41.655,-5.979,0.240
153.9628,19.000,722.488,723.221,46.489,-1.259,0.240
154.0588,19.000,724.060,722.576,47.597,-0.265,0.240
154.1659,18.000,712.992,732.032,37.335,-7.635,0.240
154.2646,18.000,719.942,726.711,43.471,-1.607,0.240
154.3628,18.000,722.012,726.027,44.848,-0.338,0.240
154.4599,18.000,722.976,726.241,45.223,-0.071,0.240
154.5652,18.000,723.640,726.577,45.387,-0.015,0.240
154.6608,18.000,724.186,726.882,45.507,-0.003,0.240
154.7672,18.000,724.658,727.133,45.617,-0.001,0.240
154.8650,17.000,713.289,736.717,35.141,-7.579,0.240
154.9609,17.000,720.115,731.373,41.226,-1.596,0.240
155.0668,16.000,710.322,740.026,32.003,-7.915,0.240
155.1624,15.000,705.897,744.082,27.763,-9.245,0.240
155.2580,14.000,702.844,747.421,24.567,-9.525,0.240
155.3647,13.000,700.285,750.824,21.586,-9.584,0.240
155.4622,11.000,686.218,763.808,8.060,-17.176,0.240
155.5674,9.000,678.814,771.492,0.516,-18.774,0.240
155.6638,8.000,685.023,769.120,4.807,-11.531,0.240
155.7620,5.000,661.951,791.254,-17.796,-25.164,0.240
155.8577,4.000,674.164,784.844,-8.485,-12.877,0.240
155.9675,3.000,676.535,788.005,-8.880,-10.290,0.240
156.0650,2.000,676.743,793.099,-11.323,-9.745,0.240
156.1613,1.000,676.417,798.532,-14.203,-9.631,0.240
156.2599,-1.000,663.526,812.764,-27.763,-17.185,0.240
156.3656,-1.000,680.658,802.772,-14.202,-3.618,0.240
156.4611,-3.000,661.772,820.526,-32.522,-15.920,0.240
156.5574,-3.000,676.842,810.495,-19.971,-3.351,0.240
156.6647,-4.000,669.226,818.794,-27.929,-8.285,0.240
156.7601,-5.000,665.148,822.852,-31.997,-9.323,0.240
156.8673,-5.000,673.970,817.014,-24.667,-1.963,0.240
156.9670,-6.000,664.372,825.547,-33.732,-7.992,0.240
157.0626,-6.000,671.694,820.321,-27.459,-1.683,0.240
157.1587,-8.000,649.107,837.489,-47.336,-15.512,0.240
157.2649,-9.000,649.617,834.773,-45.723,-10.845,0.240
157.3618,-11.000,633.917,844.398,-58.385,-17.441,0.240
157.4669,-12.000,635.653,839.897,-55.267,-11.251,0.240
157.5627,-14.000,620.019,848.982,-67.626,-17.526,0.240
157.6603,-14.000,633.988,835.446,-53.874,-3.690,0.240
157.7570,-15.000,624.616,841.586,-61.630,-8.356,0.240
157.8624,-14.000,640.634,823.421,-44.538,5.820,0.240
157.9663,-14.000,636.543,828.687,-49.217,1.225,0.240
158.0620,-13.000,645.376,818.453,-39.683,7.837,0.240
158.1596,-13.000,640.016,825.622,-45.948,1.650,0.240
158.2567,-13.000,639.404,827.772,-47.329,0.347,0.240
158.3639,-13.000,639.705,828.777,-47.681,0.073,0.240
158.4624,-13.000,640.125,829.469,-47.817,0.015,0.240
158.5579,-14.000,628.122,838.816,-58.492,-7.576,0.240
158.6664,-14.000,634.390,833.290,-52.595,-1.595,0.240
158.7639,-15.000,623.496,841.216,-62.005,-7.915,0.240
158.8598,-15.000,629.893,835.296,-55.846,-1.666,0.240
158.9652,-16.000,618.936,843.058,-65.206,-7.930,0.240
159.0589,-16.000,625.242,837.036,-59.041,-1.669,0.240
159.1560,-14.000,645.355,812.364,-36.650,14.806,0.240
159.2639,-14.000,634.644,825.200,-48.423,3.117,0.240
159.3601,-13.000,642.388,816.864,-40.383,8.235,0.240
159.4572,-13.000,637.056,824.691,-46.962,1.734,0.240
159.5617,-12.000,646.055,815.413,-37.824,7.944,0.240
159.6603,-11.000,650.478,811.354,-33.583,9.251,0.240
159.7570,-11.000,644.762,820.378,-40.952,1.948,0.240
159.8641,-11.000,644.565,823.387,-42.556,0.410,0.240
159.9608,-12.000,632.985,833.757,-53.531,-7.493,0.240
160.0575,-12.000,639.815,828.900,-47.687,-1.577,0.240
160.1646,-13.000,629.441,837.350,-57.099,-7.911,0.240
160.2630,-13.000,636.291,831.864,-50.931,-1.665,0.240
160.3609,-14.000,625.723,839.993,-60.280,-7.930,0.240
160.4581,-14.000,632.362,834.279,-54.103,-1.669,0.240
160.5650,-14.000,633.990,833.439,-52.869,-0.351,0.240
160.6626,-14.000,634.518,833.580,-52.676,-0.074,0.240
160.7594,-13.000,644.161,822.105,-42.117,7.563,0.240
160.8644,-13.000,638.834,828.876,-48.166,1.592,0.240
160.9599,-12.000,647.497,819.039,-38.916,7.914,0.240
161.0569,-12.000,642.179,826.361,-45.236,1.666,0.240
161.1557,-12.000,641.642,828.599,-46.623,0.351,0.240
161.2648,-12.000,642.017,829.672,-46.972,0.074,0.240
161.3599,-12.000,642.502,830.417,-47.102,0.016,0.240
161.4553,-12.000,642.940,831.024,-47.187,0.003,0.240
161.5648,-12.000,643.310,831.543,-47.261,0.001,0.240
161.6612,-12.000,643.615,831.993,-47.334,0.000,0.240
161.7580,-12.000,643.864,832.386,-47.406,0.000,0.240
161.8640,-13.000,631.680,841.516,-58.063,-7.579,0.240
161.9634,-12.000,647.172,824.028,-41.573,5.983,0.240
162.0610,-12.000,643.028,829.475,-46.368,1.260,0.240
162.1604,-11.000,651.900,819.311,-36.850,7.844,0.240
162.2591,-10.000,655.977,814.735,-32.524,9.230,0.240
162.3555,-9.000,659.304,811.586,-29.286,9.522,0.240
162.4630,-8.000,662.692,808.947,-26.272,9.584,0.240
162.5593,-7.000,666.282,806.595,-23.301,9.597,0.240
162.6552,-6.000,670.074,804.454,-20.335,9.599,0.240
162.7614,-6.000,664.662,814.271,-27.949,2.021,0.240
162.8592,-5.000,674.287,805.989,-18.996,8.004,0.240
162.9568,-5.000,670.009,814.409,-25.345,1.685,0.240
163.0640,-4.000,679.794,805.745,-16.120,7.934,0.240
163.1592,-4.000,675.482,814.008,-22.408,1.670,0.240
163.2584,-4.000,675.820,817.031,-23.750,0.352,0.240
163.3576,-4.000,676.946,818.760,-24.052,0.074,0.240
163.4625,-4.000,678.077,820.057,-24.134,0.016,0.240
163.5593,-5.000,666.688,829.909,-34.756,-7.576,0.240
163.6564,-5.000,673.485,824.806,-28.805,-1.595,0.240
163.7621,-5.000,675.434,824.296,-27.576,-0.336,0.240
163.8597,-6.000,663.896,833.458,-37.926,-7.650,0.240
163.9571,-7.000,658.005,836.730,-42.507,-9.189,0.240
164.0544,-8.000,653.219,838.689,-45.880,-9.514,0.240
164.1610,-8.000,660.980,831.524,-38.417,-2.003,0.240
164.2578,-9.000,650.382,839.030,-47.469,-8.001,0.240
164.3556,-10.000,644.445,841.738,-51.791,-9.263,0.240
164.4541,-11.000,639.441,843.398,-55.123,-9.529,0.240
164.5620,-12.000,634.592,844.805,-58.251,-9.585,0.240
164.6590,-12.000,642.124,837.347,-50.756,-2.018,0.240
164.7570,-12.000,643.677,835.857,-49.235,-0.425,0.240
164.8543,-13.000,631.582,844.405,-59.556,-7.668,0.240
164.9628,-13.000,637.550,838.422,-53.580,-1.614,0.240
165.0596,-13.000,638.741,837.219,-52.384,-0.340,0.240
165.1569,-13.000,638.926,837.023,-52.194,-0.072,0.240
165.2641,-13.000,638.900,837.040,-52.215,-0.015,0.240
165.3600,-13.000,638.830,837.103,-52.281,-0.003,0.240
165.4557,-14.000,626.366,845.960,-62.942,-7.580,0.240
165.5630,-14.000,632.233,840.027,-57.042,-1.596,0.240
165.6629,-15.000,620.996,847.608,-66.451,-7.915,0.240
165.7605,-15.000,627.101,841.396,-60.292,-1.666,0.240
165.8568,-15.000,628.281,840.125,-59.067,-0.351,0.240
165.9639,-15.000,628.429,839.899,-58.880,-0.074,0.240
166.0599,-16.000,615.979,848.683,-69.496,-7.594,0.240
166.1572,-16.000,621.821,842.725,-63.597,-1.599,0.240
166.2633,-15.000,632.323,829.725,-51.846,7.242,0.240
166.3584,-15.000,626.953,835.970,-57.653,1.525,0.240
166.4553,-15.000,626.032,837.637,-58.947,0.321,0.240
166.5618,-15.000,626.005,838.296,-59.290,0.068,0.240
166.6589,-15.000,626.131,838.709,-59.434,0.014,0.240
166.7556,-15.000,626.258,839.039,-59.535,0.003,0.240
166.8536,-15.000,626.360,839.326,-59.627,0.001,0.240
166.9606,-15.000,626.435,839.581,-59.718,0.000,0.240
167.0567,-15.000,626.485,839.812,-59.808,0.000,0.240
167.1531,-15.000,626.515,840.021,-59.898,0.000,0.240
167.2597,-15.000,626.526,840.213,-59.988,0.000,0.240
167.3548,-15.000,626.522,840.389,-60.078,0.000,0.240
167.4539,-15.000,626.506,840.552,-60.168,0.000,0.240
167.5608,-15.000,626.478,840.705,-60.258,0.000,0.240
167.6574,-15.000,626.441,840.847,-60.348,0.000,0.240
167.7630,-14.000,635.781,829.198,-49.853,7.579,0.240
167.8599,-14.000,630.232,835.783,-55.920,1.596,0.240
167.9566,-14.000,629.329,837.567,-57.264,0.336,0.240
168.0531,-13.000,638.739,826.506,-47.028,7.650,0.240
168.1601,-12.000,642.805,821.637,-42.561,9.189,0.240
168.2574,-12.000,636.637,830.122,-49.887,1.935,0.240
168.3534,-11.000,645.407,820.921,-40.902,7.986,0.240
168.4619,-11.000,640.353,828.609,-47.273,1.681,0.240
168.5579,-10.000,649.464,819.337,-38.081,7.933,0.240
168.6536,-10.000,644.573,827.091,-44.404,1.670,0.240
168.7605,-10.000,644.411,829.687,-45.782,0.352,0.240
168.8568,-10.000,645.108,831.059,-46.120,0.074,0.240
168.9533,-9.000,655.254,820.271,-35.653,7.595,0.240
169.0612,-8.000,659.816,815.763,-31.118,9.178,0.240
169.1583,-7.000,663.431,812.795,-27.827,9.511,0.240
169.2539,-6.000,667.040,810.336,-24.793,9.581,0.240
169.3603,-5.000,670.813,808.139,-21.808,9.596,0.240
169.4563,-5.000,665.377,817.915,-29.414,2.020,0.240
169.5521,-4.000,674.982,809.600,-20.454,8.004,0.240
169.6598,-3.000,680.072,806.206,-16.212,9.264,0.240
169.7579,-2.000,684.346,803.974,-12.959,9.529,0.240
169.8539,-2.000,679.178,813.877,-20.494,2.006,0.240
169.9621,-1.000,688.980,805.700,-11.505,8.001,0.240
170.0588,-0.000,694.233,802.429,-7.243,9.263,0.240
170.1566,1.000,698.047,799.699,-3.971,9.529,0.240
170.2551,1.000,692.490,809.177,-11.488,2.006,0.240
170.3620,1.000,692.579,812.421,-13.066,0.422,0.240
170.4585,1.000,693.668,814.165,-13.393,0.089,0.240
170.5548,1.000,694.808,815.433,-13.457,0.019,0.240
170.6560,1.000,695.823,816.466,-13.466,0.004,0.240
170.7538,1.000,696.696,817.333,-13.463,0.001,0.240
170.8604,1.000,697.441,818.067,-13.458,0.000,0.240
170.9568,1.000,698.075,818.690,-13.452,0.000,0.240
171.0526,1.000,698.616,819.218,-13.446,0.000,0.240
171.1585,1.000,699.076,819.666,-13.440,0.000,0.240
171.2544,1.000,699.468,820.046,-13.434,0.000,0.240
171.3617,1.000,699.802,820.368,-13.428,0.000,0.240
171.4578,-0.000,688.302,830.026,-24.007,-7.579,0.240
171.5565,-0.000,695.002,824.760,-18.024,-1.596,0.240
171.6533,-0.000,696.871,824.110,-16.764,-0.336,0.240
171.7516,-1.000,685.270,833.148,-27.084,-7.650,0.240
171.8579,-1.000,691.713,827.525,-21.050,-1.610,0.240
171.9545,-2.000,680.943,835.393,-30.370,-7.918,0.240
172.0604,-2.000,687.448,829.420,-24.131,-1.667,0.240
172.1560,-2.000,688.979,828.343,-22.827,-0.351,0.240
172.2541,-2.000,689.436,828.270,-22.562,-0.074,0.240
172.3616,-2.000,689.646,828.388,-22.516,-0.016,0.240
172.4572,-2.000,689.786,828.527,-22.515,-0.003,0.240
172.5537,-1.000,699.279,816.869,-11.940,7.578,0.240
172.6605,-1.000,693.871,823.439,-17.929,1.595,0.240
172.7582,-1.000,693.099,825.198,-19.194,0.336,0.240
172.8548,-1.000,693.247,825.888,-19.465,0.071,0.240
172.9510,-0.000,702.927,814.522,-8.942,7.594,0.240
173.0577,-0.000,697.715,821.300,-14.937,1.599,0.240
173.1540,1.000,705.903,810.843,-5.614,7.916,0.240
173.2510,1.000,700.196,817.621,-11.858,1.666,0.240
173.3588,1.000,699.341,819.386,-13.167,0.351,0.240
173.4553,2.000,708.243,807.659,-2.853,7.653,0.240
173.5520,2.000,702.512,813.988,-8.883,1.611,0.240
173.6586,3.000,710.291,803.117,0.442,7.918,0.240
173.7551,3.000,704.244,809.536,-5.791,1.667,0.240
173.8516,4.000,711.889,798.608,3.496,7.930,0.240
173.9597,4.000,705.757,804.949,-2.741,1.669,0.240
174.0571,4.000,704.552,806.331,-4.035,0.351,0.240
174.1533,5.000,713.159,794.275,6.297,7.653,0.240
174.2604,5.000,707.181,800.321,0.285,1.611,0.240
174.3559,5.000,705.968,801.592,-0.957,0.339,0.240
174.4523,5.000,705.755,801.855,-1.195,0.071,0.240
174.5586,5.000,705.749,801.902,-1.221,0.015,0.240
174.6560,4.000,694.000,811.286,-11.788,-7.576,0.240
174.7527,4.000,700.500,805.777,-5.783,-1.595,0.240
174.8506,3.000,690.419,814.299,-15.085,-7.915,0.240
174.9587,3.000,697.524,808.871,-8.818,-1.666,0.240
175.0545,3.000,699.569,808.249,-7.485,-0.351,0.240
175.1596,3.000,700.469,808.560,-7.190,-0.074,0.240
175.2569,3.000,701.060,808.998,-7.114,-0.016,0.240
175.3531,3.000,701.528,809.405,-7.083,-0.003,0.240
175.4589,4.000,710.705,797.371,3.522,7.578,0.240
175.5554,4.000,705.032,803.616,-2.437,1.595,0.240
175.6525,4.000,704.040,805.094,-3.672,0.336,0.240
175.7589,4.000,704.005,805.542,-3.913,0.071,0.240
175.8547,5.000,712.934,793.365,6.640,7.594,0.240
175.9499,5.000,707.088,799.449,0.675,1.599,0.240
176.0577,5.000,705.957,800.783,-0.557,0.337,0.240
176.1530,6.000,714.593,788.720,9.792,7.650,0.240
176.2583,6.000,708.633,794.766,3.788,1.610,0.240
176.3517,6.000,707.434,796.038,2.553,0.339,0.240
176.4556,6.000,707.233,796.301,2.321,0.071,0.240
176.5525,6.000,707.240,796.348,2.301,0.015,0.240
176.6511,6.000,707.286,796.347,2.325,0.003,0.240
176.7567,5.000,695.554,805.717,-8.226,-7.578,0.240
176.8526,5.000,702.063,800.201,-2.213,-1.595,0.240
176.9501,5.000,703.775,799.333,-0.924,-0.336,0.240
177.0559,4.000,692.643,808.781,-11.214,-7.650,0.240
177.1512,3.000,687.707,812.888,-15.735,-9.189,0.240
177.2579,2.000,684.341,816.147,-19.048,-9.514,0.240
177.3540,1.000,681.534,819.464,-22.110,-9.582,0.240
177.4510,-0.000,679.037,822.995,-25.124,-9.596,0.240
177.5585,-2.000,663.782,834.929,-38.718,-17.178,0.240
177.6548,-3.000,666.535,831.752,-35.753,-11.195,0.240
177.7494,-4.000,664.291,833.037,-37.518,-9.936,0.240
177.8554,-5.000,660.818,835.094,-40.283,-9.671,0.240
177.9512,-6.000,656.936,837.172,-43.263,-9.615,0.240
178.0563,-7.000,652.839,839.136,-46.293,-9.603,0.240
178.1530,-9.000,636.202,849.760,-59.924,-17.180,0.240
178.2578,-10.000,637.771,845.481,-57.000,-11.196,0.240
178.3514,-11.000,634.512,845.835,-58.806,-9.936,0.240
178.4553,-12.000,630.171,847.107,-61.613,-9.671,0.240
178.5509,-13.000,625.545,848.525,-64.635,-9.615,0.240
178.6547,-14.000,620.809,849.934,-67.707,-9.603,0.240
178.7492,-15.000,616.007,851.307,-70.795,-9.601,0.240
178.8531,-16.000,611.155,852.646,-73.890,-9.600,0.240
178.9581,-16.000,618.645,845.169,-66.407,-2.021,0.240
179.0541,-17.000,607.765,852.460,-75.492,-8.004,0.240
179.1520,-17.000,613.957,846.218,-69.275,-1.685,0.240
179.2569,-18.000,602.779,853.753,-78.632,-7.934,0.240
179.3518,-18.000,608.886,847.549,-72.476,-1.670,0.240
179.4567,-18.000,610.056,846.298,-71.266,-0.352,0.240
179.5516,-18.000,610.191,846.093,-71.096,-0.074,0.240
179.6589,-19.000,597.726,854.898,-81.731,-7.595,0.240
179.7586,-18.000,612.938,837.176,-65.264,5.980,0.240
179.8565,-19.000,596.157,851.223,-80.678,-6.320,0.240
179.9543,-19.000,601.370,846.686,-75.803,-1.331,0.240
180.0535,-19.000,602.594,846.037,-74.866,-0.280,0.240
180.1590,-20.000,590.681,854.839,-85.224,-7.638,0.240
180.2554,-20.000,596.888,848.987,-79.194,-1.608,0.240
180.3534,-20.000,598.309,847.868,-77.925,-0.339,0.240
180.4509,-20.000,598.704,847.730,-77.657,-0.071,0.240
180.5601,-20.000,598.870,847.782,-77.601,-0.015,0.240
180.6579,-20.000,598.974,847.863,-77.589,-0.003,0.240
180.7535,-20.000,599.056,847.940,-77.587,-0.001,0.240
180.8486,-21.000,586.744,856.785,-88.165,-7.579,0.240
180.9560,-20.000,602.134,839.050,-71.603,5.983,0.240
181.0519,-20.000,597.913,844.276,-76.326,1.260,0.240
181.1493,-20.000,597.346,845.698,-77.321,0.265,0.240
181.2586,-20.000,597.500,846.271,-77.530,0.056,0.240
181.3544,-20.000,597.765,846.624,-77.574,0.012,0.240
181.4520,-19.000,607.283,835.231,-67.119,7.581,0.240
181.5499,-19.000,601.887,842.033,-73.218,1.596,0.240
181.6574,-19.000,601.110,844.005,-74.592,0.336,0.240
181.7539,-18.000,610.624,833.107,-64.386,7.650,0.240
181.8499,-18.000,605.389,840.166,-70.534,1.610,0.240
181.9581,-17.000,614.169,830.536,-61.328,7.918,0.240
182.0546,-16.000,618.340,826.243,-57.096,9.246,0.240
182.1519,-16.000,612.392,835.086,-64.491,1.947,0.240
182.2504,-15.000,621.375,826.164,-55.539,7.989,0.240
182.3583,-14.000,625.890,822.303,-51.351,9.261,0.240
182.4557,-13.000,629.657,819.690,-48.161,9.529,0.240
182.5509,-12.000,633.432,817.496,-45.177,9.585,0.240
182.6481,-11.000,637.350,815.522,-42.231,9.597,0.240
182.7539,-10.000,641.418,813.706,-39.289,9.599,0.240
182.8495,-9.000,645.622,812.017,-36.342,9.600,0.240
182.9571,-8.000,649.943,810.434,-33.390,9.600,0.240
183.0512,-7.000,654.364,808.939,-30.432,9.600,0.240
183.1484,-6.000,658.872,807.519,-27.468,9.600,0.240
183.2553,-5.000,663.455,806.161,-24.498,9.600,0.240
183.3520,-4.000,668.101,804.856,-21.522,9.600,0.240
183.4575,-3.000,672.803,803.594,-18.540,9.600,0.240
183.5546,-2.000,677.553,802.367,-15.552,9.600,0.240
183.6485,-2.000,672.960,812.956,-23.143,2.021,0.240
183.7549,-1.000,683.285,805.327,-14.166,8.004,0.240
183.8509,-1.000,679.605,814.298,-20.491,1.685,0.240
183.9574,-0.000,689.903,806.098,-11.242,7.934,0.240
184.0533,1.000,694.816,802.368,-6.921,9.249,0.240
184.1527,1.000,689.523,811.667,-14.217,1.947,0.240
184.2469,1.000,689.694,814.901,-15.748,0.410,0.240
184.3518,1.000,690.823,816.665,-16.066,0.086,0.240
184.4557,1.000,691.991,817.957,-16.128,0.018,0.240
184.5518,1.000,693.028,819.011,-16.136,0.004,0.240
184.6479,1.000,693.920,819.897,-16.133,0.001,0.240
184.7553,1.000,694.681,820.647,-16.128,0.000,0.240
184.8526,-0.000,683.544,830.668,-26.707,-7.579,0.240
184.9487,-0.000,690.553,825.711,-20.724,-1.596,0.240
185.0553,-0.000,692.684,825.323,-19.464,-0.336,0.240
185.1525,-0.000,693.691,825.799,-19.199,-0.071,0.240
185.2485,-1.000,681.992,835.158,-29.728,-7.594,0.240
185.3552,-1.000,688.486,829.674,-23.739,-1.599,0.240
185.4508,-1.000,690.172,828.848,-22.483,-0.337,0.240
185.5563,-2.000,678.412,837.738,-32.808,-7.650,0.240
185.6542,-3.000,672.335,840.776,-37.365,-9.189,0.240
185.7522,-3.000,679.780,833.748,-30.129,-1.935,0.240
185.8500,-3.000,681.466,832.415,-28.619,-0.407,0.240
185.9484,-4.000,669.535,841.047,-38.901,-7.665,0.240
186.0462,-4.000,675.660,835.118,-32.874,-1.614,0.240
186.1521,-4.000,676.994,833.952,-31.624,-0.340,0.240
186.2484,-5.000,664.924,842.563,-41.964,-7.650,0.240
186.3467,-5.000,670.964,836.583,-35.955,-1.611,0.240
186.4544,-5.000,672.231,835.367,-34.713,-0.339,0.240
186.5511,-5.000,672.490,835.152,-34.475,-0.071,0.240
186.6483,-6.000,660.150,843.929,-45.034,-7.594,0.240
186.7568,-7.000,653.710,846.740,-49.660,-9.178,0.240
186.8548,-8.000,648.487,848.279,-53.041,-9.511,0.240
186.9527,-9.000,643.497,849.538,-56.165,-9.581,0.240
187.0472,-9.000,650.921,841.942,-48.655,-2.017,0.240
187.1559,-10.000,640.001,849.115,-57.702,-8.004,0.240
187.2536,-11.000,633.783,851.549,-62.028,-9.264,0.240
187.3507,-12.000,628.537,852.978,-65.365,-9.529,0.240
187.4559,-13.000,623.482,854.190,-68.499,-9.585,0.240
187.5522,-14.000,618.452,855.352,-71.595,-9.597,0.240
187.6480,-14.000,625.801,847.716,-64.102,-2.020,0.240
187.7547,-16.000,602.420,863.653,-83.761,-15.583,0.240
187.8529,-16.000,614.463,851.283,-71.555,-3.281,0.240
187.9507,-17.000,604.432,857.434,-79.646,-8.270,0.240
188.0482,-17.000,610.711,850.859,-73.219,-1.741,0.240
188.1456,-18.000,599.472,858.246,-82.531,-7.945,0.240
188.2544,-18.000,605.500,851.944,-76.367,-1.673,0.240
188.3510,-18.000,606.596,850.615,-75.154,-0.352,0.240
188.4482,-18.000,606.667,850.345,-74.984,-0.074,0.240
188.5542,-18.000,606.533,850.311,-75.034,-0.016,0.240
188.6503,-18.000,606.366,850.335,-75.129,-0.003,0.240
188.7472,-18.000,606.199,850.379,-75.235,-0.001,0.240
188.8538,-18.000,606.040,850.435,-75.342,-0.000,0.240
188.9492,-18.000,605.888,850.499,-75.450,-0.000,0.240
189.0542,-18.000,605.743,850.569,-75.558,-0.000,0.240
189.1487,-18.000,605.603,850.646,-75.666,-0.000,0.240
189.2558,-19.000,593.083,859.512,-86.359,-7.579,0.240
189.3520,-19.000,598.900,853.589,-80.490,-1.596,0.240
189.4486,-19.000,600.000,852.399,-79.344,-0.336,0.240
189.5568,-19.000,600.113,852.209,-79.193,-0.071,0.240
189.6542,-19.000,600.023,852.235,-79.251,-0.015,0.240
189.7532,-19.000,599.893,852.309,-79.353,-0.003,0.240
189.8511,-19.000,599.758,852.397,-79.465,-0.001,0.240
189.9468,-19.000,599.624,852.491,-79.578,-0.000,0.240
190.0535,-19.000,599.493,852.588,-79.692,-0.000,0.240
190.1513,-18.000,608.750,840.902,-69.221,7.579,0.240
190.2469,-18.000,603.126,847.462,-75.312,1.596,0.240
190.3530,-18.000,602.156,849.227,-76.680,0.336,0.240
190.4489,-17.000,611.506,838.153,-66.468,7.650,0.240
190.5553,-16.000,615.517,833.276,-62.025,9.189,0.240
190.6503,-16.000,609.298,841.759,-69.375,1.935,0.240
190.7461,-15.000,618.022,832.560,-60.414,7.986,0.240
190.8548,-14.000,622.310,828.468,-56.224,9.260,0.240
190.9513,-13.000,625.884,825.661,-53.034,9.528,0.240
191.0489,-12.000,629.494,823.303,-50.049,9.585,0.240
191.1451,-11.000,633.272,821.189,-47.103,9.597,0.240
191.2544,-10.000,637.221,819.253,-44.161,9.599,0.240
191.3512,-9.000,641.324,817.463,-41.214,9.600,0.240
191.4493,-8.000,645.559,815.793,-38.262,9.600,0.240
191.5542,-6.000,659.292,802.441,-24.719,17.179,0.240
191.6493,-5.000,658.240,807.416,-27.732,11.196,0.240
191.7444,-3.000,671.309,795.882,-15.431,17.515,0.240
191.8518,-2.000,670.501,801.595,-18.692,11.266,0.240
191.9476,-1.000,674.564,802.301,-17.013,9.951,0.240
192.0540,-0.000,679.614,801.904,-14.290,9.674,0.240
192.1499,1.000,720.452,815.051,-7.473,13.485,0.400
192.2470,2.000,756.489,831.641,-3.723,14.223,0.400
192.3466,3.000,790.464,849.139,-0.562,14.366,0.400
192.4551,3.000,810.408,883.585,-12.130,2.780,0.400
192.5518,4.000,851.458,892.507,0.265,12.151,0.400
192.6477,5.000,884.028,909.153,5.109,13.965,0.400
192.7521,5.000,901.683,943.970,-6.123,2.703,0.400
192.8469,5.000,927.907,969.988,-8.273,0.523,0.400
192.9538,5.000,955.452,994.486,-8.665,0.101,0.400
193.0502,3.000,951.629,1045.987,-37.954,-23.206,0.400
193.1451,-0.000,951.821,1093.659,-63.078,-39.330,0.400
193.2505,-2.000,980.240,1114.766,-60.598,-30.838,0.400
193.3469,-2.000,1033.965,1116.776,-35.741,-5.969,0.400
193.4538,-2.000,1067.123,1138.632,-30.939,-1.155,0.400
193.5504,-1.000,1109.535,1148.522,-15.401,11.389,0.400
193.6484,1.000,1154.744,1152.409,4.646,25.430,0.400
193.7455,2.000,1175.118,1183.506,-1.237,16.535,0.400
193.8497,2.000,1189.434,1223.580,-14.560,3.200,0.400
193.9473,3.000,1226.846,1236.139,-2.510,12.232,0.400
194.0531,4.000,1256.546,1255.653,2.262,13.980,0.400
194.1496,5.000,1259.008,1250.834,5.631,14.319,0.400
194.2447,5.000,1248.220,1262.618,-5.887,2.771,0.400
194.3496,6.000,1259.304,1248.480,6.527,12.149,0.400
194.4475,7.000,1262.581,1241.708,11.384,13.964,0.400
194.5463,8.000,1264.187,1236.231,14.784,14.316,0.400
194.6438,9.000,1265.334,1230.893,17.906,14.384,0.400
194.7505,9.000,1253.610,1242.055,6.360,2.784,0.400
194.8485,9.000,1251.268,1243.920,4.169,0.539,0.400
194.9455,9.000,1250.759,1244.023,3.788,0.104,0.400
195.0533,9.000,1250.619,1243.818,3.758,0.020,0.400
195.1529,8.000,1234.895,1257.149,-10.823,-11.609,0.400
195.2498,8.000,1244.833,1248.176,-1.413,-2.247,0.400
195.3459,7.000,1231.474,1260.256,-14.172,-12.048,0.400
195.4524,6.000,1226.552,1264.991,-19.033,-13.945,0.400
195.5504,5.000,1223.613,1268.670,-22.370,-14.312,0.400
195.6480,4.000,1221.355,1272.458,-25.417,-14.383,0.400
195.7452,3.000,1219.479,1276.534,-28.413,-14.397,0.400
195.8528,4.000,1246.229,1250.755,-2.166,8.826,0.400
195.9485,6.000,1266.399,1226.609,19.978,24.934,0.400
196.0477,8.000,1272.988,1214.841,29.144,28.052,0.400
196.1433,10.000,1276.561,1205.066,35.807,28.655,0.400
196.2503,12.000,1279.223,1195.332,41.996,28.772,0.400
196.3454,14.000,1281.431,1185.313,48.103,28.795,0.400
196.4497,16.000,1283.318,1174.986,54.203,28.799,0.400
196.5468,18.000,1284.946,1164.385,60.312,28.800,0.400
196.6430,19.000,1273.688,1170.115,51.813,17.187,0.400
196.7514,21.000,1284.308,1149.997,67.178,26.552,0.400
196.8476,21.000,1261.862,1170.370,45.765,5.139,0.400
196.9500,22.000,1269.502,1157.067,56.234,12.608,0.400
197.0458,23.000,1271.093,1149.763,60.679,14.053,0.400
197.1499,23.000,1258.834,1160.166,49.346,2.720,0.400
197.2451,24.000,1268.516,1145.006,61.765,12.139,0.400
197.3522,23.000,1242.237,1167.529,37.363,-9.263,0.400
197.4491,23.000,1249.612,1159.961,44.833,-1.793,0.400
197.5439,23.000,1250.978,1158.432,46.279,-0.347,0.400
197.6515,23.000,1251.189,1158.081,46.559,-0.067,0.400
197.7473,22.000,1235.522,1171.530,32.000,-11.626,0.400
197.8511,21.000,1229.792,1176.274,26.763,-13.863,0.400
197.9452,21.000,1242.054,1166.175,37.943,-2.683,0.400
198.0520,20.000,1229.474,1178.492,25.494,-12.132,0.400
198.1498,19.000,1225.098,1183.545,20.779,-13.961,0.400
198.2470,19.000,1238.260,1173.960,32.152,-2.702,0.400
198.3437,18.000,1226.404,1186.755,19.826,-12.136,0.400
198.4477,18.000,1238.198,1178.759,29.721,-2.349,0.400
198.5414,17.000,1226.146,1191.940,17.104,-12.068,0.400
198.6458,16.000,1222.291,1197.654,12.319,-13.949,0.400
198.7489,15.000,1220.257,1202.168,9.045,-14.313,0.400
198.8455,14.000,1218.775,1206.659,6.059,-14.383,0.400
198.9523,14.000,1233.237,1197.754,17.742,-2.784,0.400
199.0486,13.000,1222.259,1211.355,5.452,-12.152,0.400
199.1462,12.000,1219.083,1217.662,0.711,-13.965,0.400
199.2421,11.000,1217.578,1222.727,-2.574,-14.316,0.400
199.3485,11.000,1232.203,1214.129,9.037,-2.771,0.400
199.4431,10.000,1221.395,1227.958,-3.281,-12.149,0.400
199.5480,9.000,1218.369,1234.454,-8.042,-13.964,0.400
199.6442,8.000,1216.990,1239.682,-11.346,-14.316,0.400
199.7489,7.000,1216.050,1244.793,-14.372,-14.384,0.400
199.8459,6.000,1215.295,1249.993,-17.349,-14.397,0.400
199.9525,5.000,1214.662,1255.305,-20.321,-14.399,0.400
200.0499,5.000,1229.793,1247.151,-8.679,-2.787,0.400
200.1468,4.000,1219.367,1261.408,-21.020,-12.152,0.400
200.2516,3.000,1216.651,1268.281,-25.815,-13.965,0.400
200.3482,3.000,1231.197,1260.267,-14.535,-2.703,0.400
200.4433,2.000,1220.502,1274.414,-26.956,-12.136,0.400
200.5489,2.000,1233.269,1267.582,-17.157,-2.349,0.400
200.6475,1.000,1222.028,1281.767,-29.870,-12.068,0.400
200.7443,1.000,1234.518,1274.781,-20.132,-2.336,0.400
200.8421,-0.000,1223.077,1288.799,-32.861,-12.065,0.400
200.9486,-0.000,1235.402,1281.665,-23.131,-2.335,0.400
201.0464,-1.000,1222.923,1294.656,-35.867,-12.065,0.400
201.1416,-1.000,1234.364,1286.650,-26.143,-2.335,0.400
201.2493,-2.000,1221.132,1298.902,-38.885,-12.065,0.400
201.3452,-2.000,1231.934,1290.268,-29.167,-2.335,0.400
201.4432,-2.000,1234.726,1289.318,-27.296,-0.452,0.400
201.5496,-3.000,1219.292,1302.417,-41.562,-11.700,0.400
201.6478,-3.000,1229.218,1293.507,-32.145,-2.265,0.400
201.7439,-3.000,1231.458,1292.130,-30.336,-0.438,0.400
201.8491,-3.000,1232.160,1292.162,-30.001,-0.085,0.400
201.9445,-3.000,1232.523,1292.423,-29.950,-0.016,0.400
202.0508,-3.000,1232.783,1292.693,-29.955,-0.003,0.400
202.1474,-2.000,1246.562,1277.265,-15.352,11.612,0.400
202.2437,-2.000,1237.984,1287.441,-24.728,2.248,0.400
202.3502,-1.000,1250.408,1274.276,-11.934,12.048,0.400
202.4483,-0.000,1255.439,1269.514,-7.037,13.945,0.400
202.5451,-0.000,1245.808,1282.374,-18.283,2.699,0.400
202.6410,1.000,1257.673,1269.354,-5.841,12.135,0.400
202.7454,2.000,1261.570,1263.575,-1.002,13.962,0.400
202.8415,3.000,1263.692,1258.954,2.369,14.315,0.400
202.9493,4.000,1265.272,1254.349,5.462,14.384,0.400
203.0462,4.000,1253.911,1266.139,-6.114,2.784,0.400
203.1421,5.000,1264.541,1251.974,6.284,12.152,0.400
203.2489,5.000,1254.769,1261.741,-3.486,2.352,0.400
203.3468,6.000,1265.569,1247.037,9.266,12.068,0.400
203.4449,6.000,1255.713,1256.574,-0.430,2.336,0.400
203.5410,7.000,1266.399,1241.717,12.341,12.065,0.400
203.6484,7.000,1256.439,1251.132,2.653,2.335,0.400
203.7453,8.000,1267.035,1236.173,15.431,12.065,0.400
203.8413,8.000,1256.998,1245.500,5.749,2.335,0.400
203.9492,8.000,1254.862,1247.034,3.914,0.452,0.400
204.0464,8.000,1230.032,1222.822,3.605,0.095,0.240
204.1436,8.000,1205.343,1198.186,3.578,0.020,0.240
204.2417,8.000,1180.592,1173.371,3.610,0.004,0.240
204.3402,8.000,1155.751,1148.442,3.655,0.001,0.240
204.4471,8.000,1130.827,1123.422,3.702,0.000,0.240
204.5477,8.000,1105.828,1098.328,3.750,0.000,0.240
204.6457,8.000,1080.768,1073.172,3.798,0.000,0.240
204.7424,8.000,1055.653,1047.961,3.846,0.000,0.240
204.8499,8.000,1030.494,1022.706,3.894,0.000,0.240
204.9449,9.000,1014.081,985.027,14.527,7.579,0.240
205.0439,9.000,982.842,965.647,8.598,1.596,0.240
205.1414,9.000,956.304,941.520,7.392,0.336,0.240
205.2495,9.000,930.741,916.379,7.181,0.071,0.240
205.3465,9.000,905.370,891.012,7.179,0.015,0.240
205.4430,9.000,880.029,865.586,7.221,0.003,0.240
205.5479,9.000,854.684,840.139,7.273,0.001,0.240
205.6452,9.000,829.332,814.680,7.326,0.000,0.240
205.7410,9.000,803.971,789.211,7.380,0.000,0.240
205.8494,10.000,787.388,751.350,18.019,7.579,0.240
205.9452,10.000,756.005,731.814,12.096,1.596,0.240
206.0412,11.000,763.596,720.634,21.481,7.915,0.240
206.1476,11.000,757.388,726.791,15.298,1.666,0.240
206.2425,11.000,756.116,728.019,14.049,0.351,0.240
206.3392,11.000,755.887,728.211,13.838,0.074,0.240
206.4455,12.000,764.664,715.803,24.430,7.594,0.240
206.5410,12.000,758.697,721.683,18.507,1.599,0.240
206.6475,12.000,757.470,722.837,17.317,0.337,0.240
206.7420,12.000,757.245,722.999,17.123,0.071,0.240
206.8471,13.000,766.019,710.571,27.724,7.594,0.240
206.9432,13.000,760.049,716.436,21.807,1.599,0.240
207.0401,13.000,758.820,717.575,20.623,0.337,0.240
207.1479,13.000,758.595,717.725,20.435,0.071,0.240
207.2480,14.000,767.369,705.286,31.042,7.594,0.240
207.3449,14.000,761.401,711.139,25.131,1.599,0.240
207.4427,13.000,748.389,721.654,13.368,-7.242,0.240
207.5486,14.000,763.408,703.911,29.748,6.054,0.240
207.6452,14.000,759.055,708.950,25.053,1.275,0.240
207.7452,14.000,758.424,710.163,24.130,0.268,0.240
207.8419,14.000,758.544,710.539,24.002,0.056,0.240
207.9390,14.000,758.794,710.710,24.042,0.012,0.240
208.0481,13.000,747.262,720.199,13.532,-7.576,0.240
208.1450,13.000,753.954,714.772,19.591,-1.595,0.240
208.2419,13.000,755.828,713.972,20.928,-0.336,0.240
208.3395,13.000,756.628,714.085,21.271,-0.071,0.240
208.4454,13.000,757.150,714.340,21.405,-0.015,0.240
208.5401,14.000,766.355,702.195,32.080,7.576,0.240
208.6453,13.000,748.923,717.727,15.598,-5.984,0.240
208.7419,14.000,763.203,701.233,30.985,6.319,0.240
208.8484,14.000,758.857,706.697,26.080,1.330,0.240
208.9447,14.000,758.366,708.138,25.114,0.280,0.240
209.0409,14.000,758.633,708.679,24.977,0.059,0.240
209.1392,14.000,759.014,708.985,25.014,0.012,0.240
209.2460,14.000,759.380,709.202,25.089,0.003,0.240
209.3411,14.000,759.710,709.368,25.171,0.001,0.240
209.4468,14.000,760.004,709.496,25.254,0.000,0.240
209.5425,13.000,748.482,718.976,14.753,-7.579,0.240
209.6385,13.000,755.176,713.547,20.814,-1.596,0.240
209.7451,12.000,745.266,722.132,11.567,-7.915,0.240
209.8425,12.000,752.523,716.748,17.888,-1.666,0.240
209.9474,11.000,742.922,725.542,8.690,-7.930,0.240
210.0433,11.000,750.405,720.372,15.017,-1.669,0.240
210.1404,10.000,740.988,729.357,5.816,-7.930,0.240
210.2471,10.000,748.624,724.352,12.136,-1.670,0.240
210.3436,10.000,751.121,724.092,13.515,-0.351,0.240
210.4416,9.000,740.624,734.090,3.267,-7.653,0.240
210.5478,9.000,748.008,729.282,9.363,-1.611,0.240
210.6448,8.000,738.644,738.436,0.104,-7.918,0.240
210.7428,8.000,746.354,733.548,6.403,-1.667,0.240
210.8414,8.000,748.917,733.383,7.767,-0.351,0.240
210.9392,7.000,738.476,743.462,-2.493,-7.653,0.240
211.0464,7.000,745.906,738.724,3.591,-1.611,0.240
211.1435,7.000,748.364,738.555,4.905,-0.339,0.240
211.2388,7.000,749.647,739.218,5.215,-0.071,0.240
211.3475,7.000,750.572,739.946,5.313,-0.015,0.240
211.4450,7.000,751.329,740.595,5.367,-0.003,0.240
211.5422,7.000,751.971,741.148,5.411,-0.001,0.240
211.6389,7.000,752.521,741.613,5.454,-0.000,0.240
211.7375,7.000,752.995,742.003,5.496,-0.000,0.240
211.8452,7.000,753.404,742.328,5.538,-0.000,0.240
211.9414,8.000,762.542,730.212,16.165,7.579,0.240
212.0386,8.000,756.842,736.383,10.230,1.596,0.240
212.1479,7.000,744.045,747.179,-1.567,-7.243,0.240
212.2453,8.000,759.240,729.684,14.778,6.054,0.240
212.3406,8.000,755.031,734.938,10.047,1.275,0.240
212.4377,8.000,754.517,736.340,9.088,0.268,0.240
212.5431,8.000,754.730,736.881,8.924,0.056,0.240
212.6393,9.000,763.839,724.814,19.513,7.591,0.240
212.7453,9.000,758.143,730.995,13.574,1.598,0.240
212.8404,8.000,745.357,741.794,1.781,-7.243,0.240
212.9464,9.000,760.563,724.299,18.132,6.054,0.240
213.0406,9.000,756.364,729.551,13.407,1.275,0.240
213.1466,8.000,744.075,740.336,1.869,-7.311,0.240
213.2408,9.000,759.540,722.993,18.274,6.040,0.240
213.3456,9.000,755.528,728.409,13.560,1.272,0.240
213.4404,10.000,763.959,717.570,23.195,7.847,0.240
213.5377,10.000,758.302,724.182,17.060,1.652,0.240
213.6457,10.000,757.463,725.831,15.816,0.348,0.240
213.7436,10.000,757.593,726.390,15.601,0.073,0.240
213.8420,11.000,766.673,714.296,26.188,7.594,0.240
213.9383,11.000,760.962,720.445,20.259,1.599,0.240
214.0447,11.000,759.952,721.827,19.063,0.337,0.240
214.1406,11.000,759.911,722.185,18.863,0.071,0.240
214.2376,12.000,768.840,709.924,29.458,7.594,0.240
214.3456,12.000,763.001,715.932,23.535,1.599,0.240
214.4432,12.000,761.883,717.194,22.345,0.337,0.240
214.5388,12.000,761.750,717.448,22.151,0.071,0.240
214.6440,13.000,770.603,705.099,32.752,7.594,0.240
214.7393,12.000,752.915,720.415,16.250,-5.980,0.240
214.8363,13.000,766.985,703.729,31.628,6.320,0.240
214.9424,12.000,750.677,718.413,16.132,-6.248,0.240
215.0372,13.000,765.276,701.833,31.721,6.263,0.240
215.1466,12.000,749.283,716.744,16.270,-6.260,0.240
215.2410,12.000,755.337,712.769,21.284,-1.318,0.240
215.3361,11.000,745.548,721.925,11.812,-7.856,0.240
215.4457,11.000,753.048,716.888,18.080,-1.654,0.240
215.5413,11.000,755.466,716.563,19.452,-0.348,0.240
215.6384,10.000,744.912,726.496,9.208,-7.652,0.240
215.7448,9.000,740.464,731.016,4.724,-9.190,0.240
215.8393,9.000,749.304,725.237,12.033,-1.935,0.240
215.9467,8.000,740.401,734.342,3.030,-7.986,0.240
216.0434,7.000,736.555,738.960,-1.202,-9.260,0.240
216.1396,7.000,745.736,733.435,6.150,-1.950,0.240
216.2360,5.000,725.301,752.178,-13.438,-15.568,0.240
216.3431,4.000,728.118,751.523,-11.702,-10.856,0.240
216.4411,2.000,715.561,764.116,-24.277,-17.443,0.240
216.5389,1.000,720.575,762.734,-21.079,-11.251,0.240
216.6371,1.000,732.507,756.889,-12.191,-2.369,0.240
216.7461,-2.000,700.416,784.555,-42.070,-23.236,0.240
216.8417,-4.000,696.596,786.412,-44.908,-20.050,0.240
216.9363,-5.000,702.182,781.558,-39.688,-11.800,0.240
217.0431,-7.000,688.509,791.653,-51.572,-17.642,0.240
217.1410,-10.000,666.720,805.602,-69.441,-26.451,0.240
217.2386,-12.000,663.940,803.517,-69.789,-20.727,0.240
217.3352,-14.000,656.393,805.728,-74.667,-19.521,0.240
217.4403,-14.000,672.453,791.133,-59.340,-4.110,0.240
217.5372,-17.000,639.082,814.950,-87.934,-23.602,0.240
217.6461,-19.000,633.282,814.428,-90.573,-20.127,0.240
217.7438,-24.000,587.591,842.746,-127.578,-42.132,0.240
217.8405,-24.000,620.969,809.601,-94.316,-8.870,0.240
217.9372,-24.000,628.070,802.697,-87.313,-1.867,0.240
218.0450,-25.000,617.250,810.086,-96.418,-7.972,0.240
218.1398,-24.000,632.964,792.055,-79.545,5.901,0.240
218.2440,-24.000,628.821,797.228,-84.204,1.242,0.240
218.3377,-23.000,637.657,786.868,-74.606,7.840,0.240
218.4419,-19.000,669.721,746.908,-38.594,31.966,0.240
218.5367,-17.000,665.785,751.334,-42.774,21.888,0.240
218.6367,-17.000,651.611,771.923,-60.156,4.608,0.240
218.7441,-17.000,650.598,778.390,-63.896,0.970,0.240
218.8413,-15.000,670.817,758.005,-43.594,15.362,0.240
218.9369,-13.000,680.299,749.583,-34.642,18.392,0.240
219.0436,-13.000,669.152,767.632,-49.240,3.872,0.240
219.1399,-12.000,678.335,761.914,-41.790,8.394,0.240
219.2369,-9.000,702.764,736.232,-16.734,24.504,0.240
219.3445,-9.000,687.331,759.598,-36.133,5.159,0.240
219.4414,-0.000,771.041,661.032,55.005,69.297,0.240
219.5383,-0.000,723.519,722.926,0.297,14.589,0.240
219.6355,1.000,726.895,728.167,-0.636,10.650,0.240
219.7429,1.000,723.655,741.731,-9.038,2.242,0.240
219.8379,4.000,752.634,710.728,20.953,23.209,0.240
219.9354,5.000,746.759,720.281,13.239,12.465,0.240
220.0430,6.000,748.797,720.771,14.013,10.203,0.240
220.1401,6.000,743.352,731.364,5.994,2.148,0.240
220.2381,8.000,761.450,710.442,25.504,15.610,0.240
220.3372,8.000,750.974,724.517,13.228,3.286,0.240
220.4348,9.000,758.742,716.209,21.267,8.271,0.240
220.5445,9.000,753.537,723.955,14.791,1.741,0.240
220.6429,9.000,753.296,726.355,13.471,0.367,0.240
220.7386,12.000,780.333,690.353,44.990,22.814,0.240
220.8360,17.000,807.009,647.058,79.976,42.698,0.240
220.9438,20.000,800.074,644.066,78.004,31.726,0.240
221.0391,21.000,784.087,657.015,63.536,14.258,0.240
