time_s,error_mm,left_rpm,right_rpm,pid_output,d_term
5.2486,27.000,163.040,123.440,19.800,-39.600
5.3506,27.000,342.058,249.658,46.200,-13.200
5.4524,27.000,409.290,299.290,55.000,-4.400
5.5540,27.000,408.040,292.173,57.933,-1.467
5.6554,26.000,404.298,287.942,58.178,0.978
5.7575,25.000,566.221,441.669,62.276,2.276
5.8589,24.000,722.724,601.949,60.388,2.788
5.9598,24.000,721.424,604.028,58.698,1.098
6.0609,23.000,719.861,604.814,57.524,2.324
6.1624,21.000,716.723,606.529,55.097,4.697
6.2641,20.000,714.099,610.616,51.741,3.741
6.3657,18.000,710.998,614.087,48.456,5.256
6.4675,15.000,706.334,618.847,43.743,7.743
6.5689,11.000,699.843,625.815,37.014,10.614
6.6700,7.000,692.764,635.675,28.545,11.745
6.7715,5.000,688.341,647.523,20.409,8.409
6.8737,1.000,683.498,656.706,13.396,10.876
6.9752,-2.000,677.575,667.501,5.037,9.957
7.0761,-7.000,667.444,674.530,-3.543,13.377
7.1773,-10.000,657.669,684.024,-13.178,10.942
7.2795,-13.000,648.497,691.170,-21.337,9.983
7.3810,-15.000,641.018,697.828,-28.405,7.715
7.4822,-18.000,632.587,701.803,-34.608,8.712
7.5835,-20.000,624.906,706.719,-40.906,7.214
7.6852,-22.000,617.810,710.403,-46.296,6.624
7.7865,-24.000,610.813,713.470,-51.329,6.391
7.8876,-25.000,605.558,716.981,-55.711,4.409
7.9897,-26.000,601.380,719.165,-58.892,3.628
8.0918,-27.000,597.574,720.774,-61.600,3.320
8.1934,-29.000,592.066,721.326,-64.630,5.090
8.2953,-29.000,588.998,724.428,-67.715,2.005
8.3960,-30.000,585.988,724.866,-69.439,2.681
8.4979,-32.000,580.716,724.880,-72.082,4.838
8.5999,-34.000,574.063,726.127,-76.032,5.688
8.7017,-37.000,565.026,727.039,-81.007,7.913
8.8032,-41.000,552.743,728.421,-87.839,10.681
8.9041,-45.000,538.674,731.371,-96.349,11.771
9.0057,-46.000,529.282,737.266,-103.992,6.528
9.1071,-43.000,524.355,737.197,-106.421,-3.101
9.2092,-37.000,526.090,729.064,-101.487,-12.567
9.3106,-30.000,535.811,716.425,-90.307,-18.187
9.4127,-25.000,551.712,705.190,-76.739,-16.619
9.5142,-21.000,567.887,697.148,-64.631,-14.111
9.6152,-17.000,582.928,691.013,-54.042,-13.122
9.7161,-13.000,597.680,685.786,-44.053,-12.733
9.8178,-9.000,612.443,681.042,-34.300,-12.580
9.9192,-5.000,627.311,676.590,-24.639,-12.519
10.0207,-1.000,642.181,672.452,-15.135,-12.495
10.1216,2.000,656.515,668.105,-5.795,-10.595
10.2228,5.000,667.558,663.251,2.153,-9.847
10.3244,8.000,676.628,657.332,9.648,-9.552
10.4265,13.000,682.723,646.758,17.983,-13.217
10.5283,17.000,690.778,634.719,28.030,-12.770
10.6298,20.000,698.552,623.959,37.296,-10.704
10.7316,22.000,705.263,615.659,44.802,-7.998
10.8330,23.000,710.683,610.367,50.158,-5.042
10.9344,24.000,714.000,606.554,53.723,-3.877
11.0369,25.000,716.360,603.196,56.582,-3.418
11.1378,26.000,718.241,599.916,59.163,-3.237
11.2390,28.000,719.062,594.777,62.143,-5.057
11.3408,29.000,721.609,590.175,65.717,-3.883
11.4417,30.000,723.349,586.191,68.579,-3.421
11.5426,31.000,724.734,582.411,71.162,-3.238
11.6437,32.000,725.948,578.681,73.633,-3.167
11.7457,32.000,727.861,576.756,75.553,-1.247
11.8471,32.000,728.611,575.994,76.309,-0.491
11.9484,31.000,727.696,575.501,76.097,1.697
12.0502,30.000,725.895,576.776,74.560,2.560
12.1529,28.000,722.715,578.735,71.990,4.790
12.2545,27.000,720.114,582.958,68.578,3.778
12.3562,26.000,718.265,586.706,65.779,3.379
12.4572,24.000,715.558,590.132,62.713,5.113
12.5584,23.000,547.668,440.126,53.771,3.171
12.6599,22.000,386.192,284.345,50.924,2.524
12.7635,20.000,383.184,287.634,47.775,3.775
12.8647,17.000,378.660,292.543,43.058,5.658
12.9677,15.000,375.295,299.656,37.819,4.819
13.0697,13.000,372.835,306.555,33.140,4.540
13.1712,12.000,372.210,313.451,29.380,2.980
13.2729,11.000,372.359,319.039,26.660,2.460
13.3749,8.000,369.893,324.253,22.820,5.220
13.4763,7.000,369.140,331.927,18.607,3.207
13.5776,6.000,369.397,337.925,15.736,2.536
13.6795,4.000,368.902,342.865,13.019,3.779
13.7809,3.000,369.117,348.925,10.096,2.726
13.8821,1.000,368.173,354.329,6.922,3.842
13.9845,0.000,368.023,360.768,3.627,2.747
14.0862,-1.000,367.503,365.598,0.952,2.382
14.1873,-3.000,364.123,368.988,-2.433,3.727
14.2891,-5.000,359.454,372.223,-6.384,4.176
14.3903,-7.000,353.911,375.180,-10.635,4.325
14.4920,-9.000,347.806,377.776,-14.985,4.375
14.5939,-10.000,343.392,380.662,-18.635,2.925
14.6954,-12.000,337.644,381.748,-22.052,3.908
14.7969,-12.000,335.174,384.488,-24.657,1.303
14.8988,-14.000,330.227,384.212,-26.992,3.368
14.9999,-15.000,325.799,385.741,-29.971,2.589
15.1009,-16.000,321.820,386.681,-32.430,2.330
15.2022,-17.000,317.958,387.392,-34.717,2.243
15.3035,-18.000,314.109,388.000,-36.946,2.214
15.4050,-18.000,312.336,389.180,-38.422,0.738
15.5066,-19.000,309.513,388.808,-39.647,1.713
15.6077,-19.000,308.094,389.672,-40.789,0.571
15.7097,-19.000,307.491,389.831,-41.170,0.190
15.8116,-20.000,305.093,389.153,-42.030,1.530
15.9135,-20.000,303.843,389.943,-43.050,0.510
16.0147,-20.000,303.319,390.099,-43.390,0.170
16.1161,-20.000,303.058,390.065,-43.503,0.057
16.2172,-20.000,302.902,389.985,-43.541,0.019
16.3192,-19.000,302.889,388.530,-42.820,-1.460
16.4201,-19.000,304.275,387.969,-41.847,-0.487
16.5210,-19.000,304.930,387.974,-41.522,-0.162
16.6228,-19.000,305.302,388.130,-41.414,-0.054
16.7254,-19.000,305.549,388.305,-41.378,-0.018
16.8273,-20.000,303.637,387.836,-42.099,1.461
16.9292,-20.000,302.710,388.857,-43.073,0.487
17.0305,-20.000,302.423,389.219,-43.398,0.162
17.1316,-19.000,302.439,387.984,-42.773,-1.413
17.2330,-19.000,303.893,387.554,-41.831,-0.471
17.3346,-18.000,304.710,386.277,-40.784,-1.624
17.4363,-18.000,306.608,386.010,-39.701,-0.541
17.5373,-17.000,307.715,384.929,-38.607,-1.647
17.6384,-16.000,309.916,383.467,-36.776,-2.016
17.7395,-16.000,312.556,383.420,-35.432,-0.672
17.8412,-15.000,314.134,382.635,-34.251,-1.691
17.9422,-14.000,316.672,381.452,-32.390,-2.030
18.0431,-13.000,319.661,380.268,-30.303,-2.143
18.1440,-13.000,322.811,380.560,-28.874,-0.714
18.2450,-12.000,324.758,380.088,-27.665,-1.705
18.3466,-11.000,327.578,379.168,-25.795,-2.035
18.4475,-10.000,330.788,378.198,-23.705,-2.145
18.5485,-10.000,334.114,378.664,-22.275,-0.715
18.6496,-9.000,336.200,378.330,-21.065,-1.705
18.7525,-9.000,339.038,378.895,-19.928,-0.568
18.8543,-9.000,340.778,379.877,-19.549,-0.189
18.9553,-9.000,341.994,380.840,-19.423,-0.063
19.0572,-10.000,340.813,381.042,-20.114,1.446
19.1582,-10.000,340.459,382.615,-21.078,0.482
19.2595,-10.000,340.624,383.423,-21.399,0.161
19.3609,-11.000,338.814,383.293,-22.240,1.520
19.4620,-11.000,338.024,384.530,-23.253,0.507
19.5628,-12.000,335.772,384.421,-24.324,1.636
19.6641,-13.000,332.643,384.940,-26.148,2.012
19.7663,-14.000,329.165,385.610,-28.223,2.137
19.8680,-16.000,323.430,385.659,-31.114,3.646
19.9689,-17.000,318.632,387.188,-34.278,2.682
20.0699,-19.000,312.350,387.415,-37.533,3.827
20.1709,-23.000,301.003,387.038,-43.018,7.142
20.2726,-24.000,293.458,390.483,-48.513,3.847
20.3748,-26.000,286.067,391.155,-52.544,4.216
20.4772,-28.000,278.382,392.025,-56.821,4.339
20.5782,-29.000,272.670,393.564,-60.447,2.913
20.6802,-30.000,267.966,394.210,-63.122,2.438
20.7818,-31.000,263.624,394.586,-65.481,2.279
20.8839,-31.000,261.518,395.519,-67.000,0.760
20.9854,-31.000,260.542,395.556,-67.507,0.253
21.0872,-32.000,257.905,394.723,-68.409,1.551
21.1894,-31.000,256.576,393.995,-68.710,-0.950
21.2906,-30.000,257.480,392.166,-67.343,-1.783
21.3919,-29.000,259.392,390.234,-65.421,-2.061
21.4940,-31.000,257.571,388.598,-65.514,2.246
21.5956,-33.000,252.504,389.460,-68.478,3.682
21.6984,-35.000,246.181,390.979,-72.399,4.161
21.7994,-36.000,241.392,393.205,-75.906,2.854
21.9001,-37.000,237.371,394.455,-78.542,2.418
22.0010,-38.000,233.558,395.332,-80.887,2.273
22.1019,-39.000,229.775,396.046,-83.136,2.224
22.2033,-39.000,228.064,397.301,-84.619,0.741
22.3048,-39.000,227.388,397.614,-85.113,0.247
22.4057,-40.000,224.984,397.006,-86.011,1.549
22.5065,-40.000,223.747,397.834,-87.044,0.516
22.6081,-40.000,223.239,398.015,-87.388,0.172
22.7096,-40.000,222.993,397.998,-87.503,0.057
22.8113,-40.000,222.850,397.932,-87.541,0.019
22.9128,-39.000,222.847,396.488,-86.820,-1.460
23.0149,-38.000,224.335,394.562,-85.113,-1.953
23.1169,-38.000,226.462,394.084,-83.811,-0.651
23.2179,-37.000,227.649,392.937,-82.644,-1.684
23.3189,-36.000,229.881,391.457,-80.788,-2.028
23.4203,-36.000,232.533,391.405,-79.436,-0.676
23.5223,-35.000,234.118,390.622,-78.252,-1.692
23.6235,-34.000,236.660,389.441,-76.391,-2.031
23.7250,-33.000,239.651,388.258,-74.304,-2.144
23.8271,-32.000,242.897,387.179,-72.141,-2.181
23.9291,-32.000,246.218,387.592,-70.687,-0.727
24.0311,-32.000,248.196,388.601,-70.202,-0.242
24.1335,-32.000,249.552,389.634,-70.041,-0.081
24.2347,-31.000,250.655,389.163,-69.254,-1.494
24.3367,-30.000,252.997,388.046,-67.525,-1.965
24.4393,-29.000,255.890,386.853,-65.482,-2.122
24.5413,-29.000,258.985,387.119,-64.067,-0.707
24.6423,-27.000,260.987,385.245,-62.129,-3.169
24.7437,-26.000,265.244,383.810,-59.283,-2.523
24.8451,-25.000,269.148,382.884,-56.868,-2.308
24.9464,-24.000,272.971,382.163,-54.596,-2.236
25.0484,-23.000,276.796,381.540,-52.372,-2.212
25.1498,-22.000,280.645,380.973,-50.164,-2.204
25.2511,-20.000,284.614,379.070,-47.228,-3.668
25.3529,-19.000,289.978,378.077,-44.049,-2.689
25.4536,-17.000,294.707,376.286,-40.790,-3.830
25.5553,-15.000,300.622,374.162,-36.770,-4.210
25.6561,-14.000,307.038,373.498,-33.230,-2.870
25.7571,-12.000,312.439,372.139,-29.850,-3.890
25.8578,-10.000,318.835,370.415,-25.790,-4.230
25.9591,-8.000,325.711,368.718,-21.503,-4.343
26.0606,-6.000,332.865,367.147,-17.141,-4.381
26.1616,-4.000,339.766,366.153,-13.194,-4.394
26.2625,-2.000,347.024,365.060,-9.018,-4.398
26.3648,-1.000,354.405,365.331,-5.463,-2.933
26.4660,1.000,359.998,363.860,-1.931,-3.911
26.5675,4.000,364.814,358.181,3.316,-5.704
26.6688,8.000,368.765,348.660,10.052,-7.768
26.7711,10.000,374.462,341.067,16.697,-5.523
26.8731,11.000,378.758,336.534,21.112,-3.308
26.9745,13.000,380.615,331.047,24.784,-4.036
27.0764,14.000,383.227,326.811,28.208,-2.812
27.1777,15.000,384.826,323.194,30.816,-2.404
27.2800,16.000,385.994,319.690,33.152,-2.268
27.3811,17.000,386.946,316.151,35.397,-2.223
27.4827,18.000,387.766,312.541,37.612,-2.208
27.5845,19.000,388.494,308.859,39.817,-2.203
27.6856,21.000,388.528,303.023,42.752,-3.668
27.7865,23.000,389.399,296.071,46.664,-4.156
27.8875,25.000,390.484,288.681,50.901,-4.319
27.9898,27.000,391.588,281.093,55.247,-4.373
28.0908,28.000,393.283,275.491,58.896,-2.924
28.1920,28.000,394.669,272.979,60.845,-0.975
28.2932,29.000,394.242,269.785,62.228,-1.792
28.3949,29.000,394.988,268.142,63.423,-0.597
28.4968,29.000,395.028,267.386,63.821,-0.199
28.5985,30.000,394.247,264.873,64.687,-1.533
28.6999,30.000,394.951,263.533,65.709,-0.511
28.8015,30.000,395.038,262.939,66.050,-0.170
28.9027,31.000,394.322,260.528,66.897,-1.523
29.0044,30.000,393.713,259.356,67.179,0.959
29.1056,30.000,393.362,260.282,66.540,0.320
29.2089,30.000,393.379,260.726,66.327,0.107
29.3107,29.000,392.118,261.074,65.522,1.502
29.4115,29.000,391.752,262.711,64.521,0.501
29.5125,28.000,390.553,263.646,63.454,1.634
29.6140,27.000,388.985,265.723,61.631,2.011
29.7153,26.000,387.475,268.361,59.557,2.137
29.8173,25.000,386.128,271.330,57.399,2.179
29.9203,23.000,383.577,274.618,54.480,3.660
30.0220,22.000,382.059,279.446,51.307,2.687
30.1231,21.000,381.218,283.654,48.782,2.362
30.2246,20.000,380.617,287.669,46.474,2.254
30.3265,18.000,378.734,291.724,43.505,3.685
30.4275,17.000,377.773,297.143,40.315,2.695
30.5292,16.000,377.386,301.816,37.785,2.365
30.6303,15.000,377.150,306.200,35.475,2.255
30.7328,14.000,376.933,310.456,33.238,2.218
30.8346,13.000,376.696,314.644,31.026,2.206
30.9357,11.000,375.059,318.882,28.089,3.669
31.0379,10.000,374.280,324.461,24.910,2.690
31.1394,9.000,374.034,329.268,22.383,2.363
31.2412,9.000,375.283,333.668,20.808,0.788
31.3437,8.000,375.644,336.545,19.549,1.729
31.4458,7.000,375.413,340.087,17.663,2.043
31.5485,6.000,375.002,343.867,15.568,2.148
31.6496,6.000,375.918,347.646,14.136,0.716
31.7511,5.000,375.945,350.095,12.925,1.705
31.8529,4.000,375.866,352.875,11.495,2.035
31.9545,3.000,375.546,356.076,9.735,2.145
32.0565,2.000,375.115,359.531,7.792,2.182
32.1577,2.000,376.090,362.976,6.557,0.727
32.2598,1.000,376.110,365.212,5.449,1.709
32.3612,1.000,376.983,368.143,4.420,0.570
32.4625,0.000,376.751,370.138,3.307,1.657
32.5631,-1.000,375.149,372.431,1.359,2.019
32.6647,-3.000,370.563,374.130,-1.784,3.606
32.7669,-5.000,364.817,376.126,-5.655,4.135
32.8689,-6.000,360.467,378.757,-9.145,2.845
32.9713,-8.000,354.696,379.712,-12.508,3.882
33.0725,-9.000,350.088,381.747,-15.829,2.761
33.1741,-11.000,344.032,382.305,-19.136,3.854
33.2759,-12.000,339.170,384.048,-22.439,2.751
33.3772,-12.000,337.089,385.635,-24.273,0.917
33.4792,-9.000,336.560,381.928,-22.684,-4.094
33.5805,-4.000,340.621,374.078,-16.728,-8.698
33.6843,3.000,348.728,359.660,-5.466,-13.166
33.7855,10.000,357.594,340.705,8.445,-14.655
33.8876,17.000,365.942,319.246,23.348,-15.152
33.9904,22.000,374.666,300.434,37.116,-12.384
34.0919,27.000,380.753,282.676,49.039,-11.461
34.1929,31.000,386.219,266.993,59.613,-9.687
34.2949,35.000,390.083,252.075,69.004,-9.096
34.3969,38.000,393.846,239.310,77.268,-7.432
34.4987,41.000,396.319,227.474,84.423,-6.877
34.6012,44.000,398.279,215.864,91.208,-6.692
34.7023,45.000,401.254,208.449,96.403,-3.697
34.8044,46.000,402.317,203.115,99.601,-2.699
34.9059,47.000,402.781,198.514,102.134,-2.366
35.0082,48.000,403.077,194.188,104.445,-2.255
35.1098,48.000,403.968,192.072,105.948,-0.752
35.2111,47.000,402.607,191.175,105.716,1.216
35.3130,47.000,401.892,192.082,104.905,0.405
35.4149,47.000,401.699,192.429,104.635,0.135
35.5161,46.000,400.297,192.674,103.812,1.512
35.6176,45.000,398.453,194.312,102.071,1.971
35.7189,44.000,396.684,196.637,100.024,2.124
35.8212,43.000,395.118,199.369,97.875,2.175
35.9224,41.000,392.387,202.471,94.958,3.658
36.0243,39.000,389.350,207.245,91.053,4.153
36.1258,38.000,387.903,212.802,87.551,2.851
36.2280,36.000,385.900,217.533,84.184,3.884
36.3297,34.000,383.655,223.400,80.128,4.228
36.4320,32.000,381.539,229.854,75.843,4.343
36.5329,29.000,378.259,236.764,70.748,5.848
36.6354,27.000,376.066,245.301,65.383,4.883
36.7368,25.000,374.602,253.281,60.661,4.561
36.8386,23.000,373.421,261.114,56.154,4.454
36.9419,20.000,370.993,269.024,50.985,5.885
37.0430,18.000,369.516,278.326,45.595,4.895
37.1448,16.000,368.636,286.906,40.865,4.565
37.2468,13.000,366.553,295.310,35.622,5.922
37.3478,11.000,365.387,304.972,30.207,4.907
37.4493,9.000,364.767,313.829,25.469,4.569
37.5510,7.000,364.269,322.357,20.956,4.456
37.6531,5.000,363.764,330.726,16.519,4.419
37.7550,3.000,363.547,338.674,12.436,4.406
37.8569,0.000,361.581,346.984,7.299,5.869
37.9591,-2.000,358.800,355.401,1.700,4.890
38.0606,-4.000,355.168,362.102,-3.467,4.563
38.1628,-7.000,349.073,366.491,-8.709,5.921
38.2652,-9.000,343.257,371.503,-14.123,4.907
38.3673,-13.000,333.291,373.946,-20.328,7.502
38.4684,-14.000,327.187,379.312,-26.063,3.967
38.5695,-16.000,321.060,381.408,-30.174,4.256
38.6705,-18.000,314.424,383.380,-34.478,4.352
38.7718,-20.000,307.470,385.162,-38.846,4.384
38.8731,-21.000,302.385,387.389,-42.502,2.928
38.9748,-22.000,298.197,388.571,-45.187,2.443
39.0768,-23.000,294.273,389.371,-47.549,2.281
39.1789,-24.000,290.409,390.015,-49.803,2.227
39.2804,-25.000,286.543,390.585,-52.021,2.209
39.3822,-26.000,282.659,391.113,-54.227,2.203
39.4837,-26.000,280.847,392.239,-55.696,0.734
39.5863,-27.000,277.990,391.827,-56.919,1.711
39.6876,-27.000,276.542,392.661,-58.060,0.570
39.7894,-27.000,275.916,392.795,-58.440,0.190
39.8916,-27.000,275.592,392.726,-58.567,0.063
39.9939,-28.000,273.299,391.984,-59.342,1.488
40.0955,-28.000,272.094,392.762,-60.334,0.496
40.1976,-28.000,271.592,392.921,-60.665,0.165
40.2991,-28.000,271.345,392.895,-60.775,0.055
40.4009,-28.000,271.199,392.822,-60.812,0.018
40.5021,-27.000,271.192,391.373,-60.091,-1.461
40.6032,-27.000,272.584,390.817,-59.117,-0.487
40.7050,-27.000,273.243,390.827,-58.792,-0.162
40.8071,-26.000,273.712,389.613,-57.951,-1.521
40.9089,-25.000,275.521,387.928,-56.204,-1.974
41.0110,-25.000,277.886,387.662,-54.888,-0.658
41.1133,-24.000,279.258,386.689,-53.716,-1.686
41.2158,-23.000,281.635,385.352,-51.859,-2.029
41.3176,-22.000,284.496,384.042,-49.773,-2.143
41.4194,-22.000,287.545,384.234,-48.344,-0.714
41.5202,-21.000,289.411,383.681,-47.135,-1.705
41.6221,-20.000,292.166,382.696,-45.265,-2.035
41.7241,-19.000,295.325,381.675,-43.175,-2.145
41.8257,-18.000,298.702,380.726,-41.012,-2.182
41.9275,-17.000,302.222,379.870,-38.824,-2.194
42.0290,-16.000,305.843,379.099,-36.628,-2.198
42.1300,-14.000,309.635,377.027,-33.696,-3.666
42.2318,-13.000,314.861,375.898,-30.519,-2.689
42.3330,-12.000,319.385,375.371,-27.993,-2.363
42.4349,-11.000,323.653,375.021,-25.684,-2.254
42.5364,-9.000,327.909,373.339,-22.715,-3.685
42.6383,-8.000,333.489,372.538,-19.525,-2.695
42.7398,-7.000,338.290,372.280,-16.995,-2.365
42.8415,-5.000,342.871,370.774,-13.952,-3.722
42.9424,-4.000,348.235,370.590,-11.177,-2.707
43.0442,-4.000,352.672,372.297,-9.812,-0.902
43.1451,-3.000,355.495,373.109,-8.807,-1.767
43.2470,-3.000,358.797,374.715,-7.959,-0.589
43.3482,-2.000,361.026,375.132,-7.053,-1.663
43.4493,0.000,364.380,373.336,-4.478,-3.488
43.5504,2.000,368.295,369.227,-0.466,-4.096
43.6522,4.000,372.134,363.792,4.171,-4.299
43.7541,7.000,374.482,356.008,9.237,-5.833
43.8560,9.000,377.943,348.758,14.592,-4.878
43.9591,12.000,379.799,339.711,20.044,-6.026
44.0606,14.000,382.686,331.630,25.528,-4.942
44.1623,14.000,385.904,328.258,28.823,-1.647
44.2640,13.000,385.567,327.192,29.188,0.918
44.3650,13.000,385.394,328.242,28.576,0.306
44.4674,13.000,385.541,328.797,28.372,0.102
44.5687,13.000,385.753,329.145,28.304,0.034
44.6708,14.000,385.329,327.299,29.015,-1.455
44.7727,14.000,386.390,326.421,29.985,-0.485
44.8736,15.000,386.161,324.077,31.042,-1.628
44.9749,15.000,387.217,322.962,32.127,-0.543
45.0766,15.000,387.555,322.577,32.489,-0.181
45.1781,16.000,387.030,320.344,33.343,-1.527
45.2801,16.000,387.945,319.223,34.361,-0.509
45.3819,16.000,388.202,318.802,34.700,-0.170
45.4841,16.000,388.249,318.622,34.813,-0.057
45.5859,16.000,388.234,318.532,34.851,-0.019
45.6872,16.000,388.205,318.477,34.864,-0.006
45.7888,16.000,388.175,318.439,34.868,-0.002
45.8900,16.000,388.150,318.411,34.869,-0.001
45.9911,15.000,386.755,318.482,34.136,1.466
46.0928,15.000,386.248,319.931,33.159,0.489
46.1947,14.000,384.926,320.726,32.100,1.630
46.2968,14.000,384.628,322.602,31.013,0.543
46.3992,13.000,383.524,323.689,29.918,1.648
46.5018,13.000,383.419,325.780,28.819,0.549
46.6035,12.000,382.474,327.034,27.720,1.650
46.7054,11.000,381.124,329.351,25.887,2.017
46.8070,10.000,379.794,332.176,23.809,2.139
46.9087,9.000,378.592,335.293,21.650,2.180
47.0112,8.000,377.531,338.605,19.463,2.193
47.1132,8.000,377.970,341.968,18.001,0.731
47.2153,7.000,377.630,344.069,16.780,1.710
47.3181,6.000,376.821,347.007,14.907,2.037
47.4192,5.000,375.941,350.310,12.816,2.146
47.5210,4.000,375.547,353.363,11.092,2.182
47.6223,3.000,375.112,356.645,9.234,2.194
47.7240,1.000,373.152,360.323,6.415,3.665
47.8255,0.000,372.022,365.546,3.238,2.688
47.9270,-1.000,370.665,369.459,0.603,2.363
48.0281,-2.000,368.798,372.650,-1.926,2.254
48.1304,-3.000,366.402,375.385,-4.492,2.218
48.2316,-5.000,361.872,376.747,-7.437,3.673
48.3335,-5.000,360.156,379.928,-9.886,1.224
48.4352,-6.000,357.833,380.703,-11.435,1.875
48.5369,-6.000,356.964,382.334,-12.685,0.625
48.6380,-7.000,354.758,382.428,-13.835,1.675
48.7397,-7.000,353.798,383.701,-14.952,0.558
48.8417,-8.000,351.457,383.571,-16.057,1.653
48.9433,-7.000,350.460,383.311,-16.426,-0.916
49.0454,-7.000,351.568,383.198,-15.815,-0.305
49.1469,-7.000,352.169,383.392,-15.612,-0.102
49.2486,-6.000,352.648,382.270,-14.811,-1.501
49.3502,-5.000,354.485,380.638,-13.077,-1.967
49.4512,-5.000,356.878,380.409,-11.766,-0.656
49.5530,-4.000,357.834,379.905,-11.035,-1.685
49.6541,-2.000,360.105,377.435,-8.665,-3.495
49.7557,-1.000,364.339,375.762,-5.712,-2.632
49.8572,0.000,368.211,374.659,-3.224,-2.344
49.9595,1.000,371.364,373.000,-0.818,-2.248
50.0612,4.000,373.021,366.380,3.321,-5.149
50.1628,6.000,376.215,359.774,8.220,-4.650
50.2649,7.000,379.324,355.217,12.053,-3.017
50.3668,8.000,381.128,351.533,14.798,-2.472
50.4681,9.000,382.398,348.040,17.179,-2.291
50.5691,11.000,382.783,342.436,20.173,-3.697
50.6703,12.000,384.533,337.791,23.371,-2.699
50.7724,13.000,385.548,333.740,25.904,-2.366
50.8740,15.000,385.658,327.762,28.948,-3.722
50.9752,17.000,386.538,320.746,32.896,-4.174
51.0765,18.000,388.240,315.416,36.412,-2.858
51.1787,20.000,388.441,308.873,39.784,-3.886
51.2806,22.000,389.241,301.559,43.841,-4.229
51.3831,23.000,390.828,296.041,47.394,-2.876
51.4852,25.000,390.920,289.364,50.778,-3.892
51.5871,26.000,392.254,284.042,54.106,-2.764
51.6890,28.000,392.248,277.418,57.415,-3.855
51.7907,29.000,393.539,272.102,60.718,-2.752
51.8920,31.000,393.511,265.472,64.019,-3.851
51.9936,33.000,394.160,258.054,68.053,-4.217
52.0949,34.000,395.638,252.443,71.598,-2.872
52.1965,36.000,395.646,245.687,74.979,-3.891
52.2986,37.000,396.914,240.301,78.306,-2.764
52.4004,38.000,397.483,235.718,80.882,-2.388
52.5018,39.000,397.842,231.428,83.207,-2.263
52.6041,40.000,398.152,227.253,85.449,-2.221
52.7060,41.000,398.459,223.133,87.663,-2.207
52.8077,41.000,399.406,221.137,89.134,-0.736
52.9090,42.000,398.850,218.134,90.358,-1.712
53.0109,43.000,398.940,214.475,92.233,-2.037
53.1121,44.000,399.245,210.596,94.324,-2.146
53.2141,45.000,399.619,206.643,96.488,-2.182
53.3151,44.000,399.269,204.850,97.209,0.739
53.4167,44.000,398.918,205.485,96.716,0.246
53.5180,43.000,397.495,205.857,95.819,1.549
53.6199,42.000,395.668,207.562,94.053,1.983
53.7214,41.000,393.924,209.929,91.998,2.128
53.8230,40.000,392.382,212.690,89.846,2.176
53.9240,38.000,389.672,215.814,86.929,3.659
54.0259,36.000,386.652,220.606,83.023,4.153
54.1279,35.000,385.218,226.177,79.521,2.851
54.2291,33.000,383.226,230.919,76.154,3.884
54.3304,31.000,380.990,236.794,72.098,4.228
54.4330,29.000,378.881,243.256,67.813,4.343
54.5344,27.000,376.980,250.078,63.451,4.381
54.6356,25.000,375.281,257.154,59.064,4.394
54.7370,24.000,375.130,264.327,55.401,2.931
54.8381,22.000,374.238,270.277,51.980,3.910
54.9399,20.000,372.907,277.094,47.907,4.237
55.0411,18.000,371.530,284.299,43.616,4.346
55.1431,16.000,370.218,291.714,39.252,4.382
55.2448,15.000,370.365,299.170,35.597,2.927
55.3461,14.000,371.081,305.256,32.912,2.442
55.4477,13.000,371.800,310.698,30.551,2.281
55.5495,13.000,373.744,315.683,29.030,0.760
55.6522,13.000,376.009,318.962,28.523,0.253
55.7536,13.000,378.057,321.348,28.354,0.084
55.8545,13.000,379.775,323.178,28.298,0.028
55.9565,13.000,381.175,324.616,28.279,0.009
56.0577,13.000,382.304,325.758,28.273,0.003
56.1596,13.000,383.210,326.668,28.271,0.001
56.2620,13.000,383.936,327.396,28.270,0.000
56.3631,13.000,384.517,327.977,28.270,0.000
56.4644,13.000,384.982,328.442,28.270,0.000
56.5667,14.000,384.727,326.721,29.003,-1.467
56.6679,14.000,385.915,325.953,29.981,-0.489
56.7694,15.000,385.782,323.701,31.040,-1.630
56.8705,16.000,386.288,320.567,32.860,-2.010
56.9718,17.000,386.950,317.083,34.933,-2.137
57.0732,18.000,387.619,313.437,37.091,-2.179
57.1760,18.000,388.880,311.793,38.544,-0.726
57.2783,19.000,388.585,309.062,39.761,-1.709
57.3796,20.000,388.887,305.620,41.634,-2.036
57.4815,22.000,388.735,299.819,44.458,-3.612
57.5831,23.000,390.135,294.937,47.599,-2.671
57.6846,25.000,390.270,288.577,50.846,-3.824
57.7852,27.000,391.075,281.351,54.862,-4.208
57.8863,29.000,392.059,273.791,59.134,-4.336
57.9885,30.000,393.692,268.176,62.758,-2.912
58.0901,32.000,393.788,261.456,66.166,-3.904
58.1921,34.000,394.487,254.017,70.235,-4.235
58.2932,36.000,395.361,246.311,74.525,-4.345
58.3947,37.000,396.898,240.588,78.155,-2.915
58.4961,38.000,397.541,235.877,80.832,-2.438
58.5973,39.000,397.912,231.531,83.191,-2.279
58.6993,40.000,398.215,227.328,85.444,-2.226
58.8013,40.000,399.140,225.284,86.928,-0.742
58.9025,40.000,399.187,224.341,87.423,-0.247
59.0042,40.000,398.993,223.818,87.588,-0.082
59.1055,41.000,398.135,221.383,88.376,-1.494
59.2070,40.000,397.440,220.163,88.639,0.969
59.3101,40.000,397.029,221.043,87.993,0.323
59.4119,40.000,397.001,221.445,87.778,0.108
59.5135,39.000,395.705,221.760,86.973,1.503
59.6148,39.000,395.312,223.370,85.971,0.501
59.7159,39.000,395.464,224.190,85.637,0.167
59.8176,38.000,394.368,224.784,84.792,1.522
59.9186,38.000,394.153,226.598,83.777,0.507
60.0202,37.000,393.080,227.669,82.706,1.636
60.1223,37.000,392.989,229.759,81.615,0.545
60.2241,36.000,392.052,231.015,80.518,1.648
60.3257,35.000,390.708,233.335,78.686,2.016
60.4265,34.000,389.380,236.163,76.609,2.139
60.5279,34.000,389.555,239.189,75.183,0.713
60.6295,33.000,388.986,241.038,73.974,1.704
60.7321,31.000,386.615,243.872,71.371,3.501
60.8331,31.000,386.467,248.392,69.037,1.167
60.9345,30.000,386.064,251.012,67.526,1.856
61.0358,29.000,385.340,254.230,65.555,2.085
61.1374,29.000,385.947,257.617,64.165,0.695
61.2393,28.000,385.709,259.772,62.968,1.698
61.3404,27.000,384.969,262.764,61.103,2.033
61.4430,27.000,385.515,266.020,59.748,0.678
61.5449,27.000,386.585,267.993,59.296,0.226
61.6459,26.000,386.277,269.453,58.412,1.542
61.7480,26.000,386.711,271.943,57.384,0.514
61.8497,25.000,386.164,273.548,56.308,1.638
61.9513,25.000,386.495,276.063,55.216,0.546
62.0528,24.000,385.896,277.659,54.119,1.649
62.1542,24.000,386.196,280.157,53.020,0.550
62.2568,22.000,384.202,281.829,51.187,3.117
62.3584,22.000,383.996,285.778,49.109,1.039
62.4594,22.000,384.800,287.968,48.416,0.346
62.5601,22.000,385.767,289.396,48.185,0.115
62.6612,22.000,386.648,290.431,48.108,0.038
62.7623,22.000,387.389,291.223,48.083,0.013
62.8637,22.000,387.994,291.845,48.074,0.004
62.9658,22.000,388.481,292.339,48.071,0.001
63.0676,23.000,388.246,290.639,48.804,-1.466
63.1686,23.000,389.450,289.887,49.781,-0.489
63.2697,24.000,389.330,287.649,50.840,-1.630
63.3715,24.000,390.473,286.619,51.927,-0.543
63.4739,25.000,390.253,284.209,53.022,-1.648
63.5758,25.000,391.300,283.059,54.121,-0.549
63.6777,26.000,390.998,280.558,55.220,-1.650
63.7788,28.000,390.723,275.150,57.787,-3.483
63.8798,29.000,392.146,270.462,60.842,-2.628
63.9816,30.000,392.965,266.310,63.327,-2.343
64.0833,32.000,392.940,260.229,66.356,-3.714
64.1852,34.000,393.721,253.123,70.299,-4.171
64.2869,35.000,395.345,247.719,73.813,-2.857
64.3886,36.000,396.111,243.209,76.451,-2.419
64.4899,37.000,396.599,239.005,78.797,-2.273
64.5911,38.000,397.002,234.911,81.046,-2.224
64.6925,39.000,397.381,230.858,83.262,-2.208
64.7935,39.000,398.384,228.916,84.734,-0.736
64.8943,40.000,397.873,225.957,85.958,-1.712
64.9953,40.000,398.625,224.427,87.099,-0.571
65.0964,39.000,397.322,223.829,86.746,1.276
65.1983,39.000,396.710,224.919,85.895,0.425
65.2997,39.000,396.618,225.394,85.612,0.142
65.4012,38.000,395.303,225.735,84.784,1.514
65.5032,37.000,393.531,227.449,83.041,1.971
65.6058,37.000,393.193,229.739,81.727,0.657
65.7070,37.000,393.537,230.959,81.289,0.219
65.8092,36.000,392.642,231.823,80.410,1.540
65.9104,35.000,391.230,233.931,78.650,1.980
66.0114,34.000,389.815,236.622,76.597,2.127
66.1133,33.000,388.535,239.644,74.446,2.176
66.2166,32.000,387.408,242.884,72.262,2.192
66.3180,30.000,385.045,246.377,69.334,3.664
66.4198,28.000,382.308,251.459,65.425,4.155
66.5213,26.000,379.729,257.353,61.188,4.318
66.6218,25.000,378.803,263.651,57.576,2.906
66.7226,23.000,377.268,268.924,54.172,3.902
66.8243,22.000,376.789,275.114,50.837,2.767
66.9261,20.000,375.481,280.430,47.526,3.856
67.0291,19.000,375.141,286.697,44.222,2.752
67.1309,19.000,376.677,291.902,42.387,0.917
67.2318,19.000,378.762,295.210,41.776,0.306
67.3344,19.000,380.715,297.571,41.572,0.102
67.4363,19.000,382.373,299.365,41.504,0.034
67.5376,19.000,383.731,300.768,41.481,0.011
67.6393,20.000,384.201,299.787,42.207,-1.463
67.7404,21.000,385.346,297.514,43.916,-1.954
67.8413,21.000,387.197,296.760,45.219,-0.651
67.9422,21.000,388.070,296.764,45.653,-0.217
68.0442,22.000,387.939,294.877,46.531,-1.539
68.1451,23.000,388.531,291.951,48.290,-1.980
68.2462,24.000,389.291,288.604,50.343,-2.127
68.3478,24.000,390.673,287.151,51.761,-0.709
68.4488,25.000,390.491,284.557,52.967,-1.703
68.5507,26.000,390.889,281.218,54.836,-2.034
68.6525,27.000,391.443,277.592,56.925,-2.145
68.7546,28.000,392.017,273.840,59.088,-2.182
68.8563,29.000,392.573,270.021,61.276,-2.194
68.9580,30.000,393.104,266.160,63.472,-2.198
69.0595,31.000,393.611,262.269,65.671,-2.199
69.1607,32.000,394.097,258.356,67.870,-2.200
69.2624,32.000,395.192,256.519,69.337,-0.733
69.3636,33.000,394.758,253.640,70.559,-1.711
69.4647,33.000,395.573,252.174,71.700,-0.570
69.5662,34.000,395.067,249.440,72.813,-1.657
69.6677,34.000,395.875,248.039,73.918,-0.552
69.7695,34.000,396.006,247.434,74.286,-0.184
69.8707,34.000,395.939,247.122,74.409,-0.061
69.9725,34.000,395.828,246.929,74.450,-0.020
70.0745,34.000,395.721,246.794,74.463,-0.007
70.1760,34.000,395.628,246.693,74.468,-0.002
70.2774,33.000,394.179,246.707,73.736,1.466
70.3790,33.000,393.627,248.110,72.759,0.489
70.4820,33.000,393.642,248.777,72.433,0.163
70.5840,32.000,392.433,249.251,71.591,1.521
70.6862,32.000,392.125,250.971,70.577,0.507
70.7878,31.000,390.978,251.967,69.506,1.636
70.8892,30.000,389.455,254.091,67.682,2.012
70.9925,30.000,389.353,256.672,66.341,0.671
71.0945,29.000,388.525,258.204,65.160,1.690
71.1964,28.000,387.306,260.706,63.300,2.030
71.2989,28.000,387.466,263.573,61.947,0.677
71.3998,27.000,386.852,265.328,60.762,1.692
71.5008,27.000,387.180,267.912,59.634,0.564
71.6018,25.000,385.223,269.640,57.791,3.121
71.7036,25.000,385.050,273.629,55.710,1.040
71.8049,24.000,384.510,275.943,54.283,1.813
71.9065,23.000,383.637,278.954,52.341,2.071
72.0080,22.000,382.738,282.284,50.227,2.157
72.1089,21.000,381.899,285.787,48.056,2.186
72.2104,21.000,382.507,289.310,46.599,0.729
72.3116,21.000,383.674,291.449,46.113,0.243
72.4134,20.000,383.461,293.026,45.218,1.548
72.5151,20.000,383.975,295.603,44.186,0.516
72.6171,19.000,383.495,297.277,43.109,1.639
72.7185,19.000,383.879,299.847,42.016,0.546
72.8194,19.000,384.697,301.393,41.652,0.182
72.9210,18.000,384.148,302.553,40.797,1.527
73.0225,19.000,383.747,302.722,40.512,-0.958
73.1237,18.000,383.920,303.085,40.417,1.147
73.2255,18.000,384.369,305.064,39.652,0.382
73.3265,18.000,385.085,306.290,39.397,0.127
73.4283,18.000,385.777,307.152,39.312,0.042
73.5295,18.000,386.370,307.802,39.284,0.014
73.6317,18.000,386.858,308.308,39.275,0.005
73.7337,19.000,386.626,306.616,40.005,-1.465
73.8356,19.000,387.833,305.870,40.982,-0.488
73.9373,19.000,388.343,305.728,41.307,-0.163
74.0394,19.000,388.599,305.767,41.416,-0.054
74.1412,19.000,388.753,305.849,41.452,-0.018
74.2428,19.000,388.859,305.931,41.464,-0.006
74.3448,19.000,388.938,306.002,41.468,-0.002
74.4467,19.000,389.000,306.061,41.469,-0.001
74.5483,19.000,389.049,306.109,41.470,-0.000
74.6494,19.000,389.088,306.148,41.470,-0.000
74.7509,18.000,387.745,306.272,40.737,1.467
74.8527,18.000,387.280,307.762,39.759,0.489
74.9536,18.000,387.364,308.499,39.433,0.163
75.0550,19.000,386.957,306.842,40.058,-1.412
75.1568,20.000,387.447,303.982,41.733,-1.937
75.2585,19.000,387.417,302.835,42.291,0.821
75.3602,20.000,386.772,301.818,42.477,-1.193
75.4614,20.000,387.903,301.358,43.272,-0.398
75.5627,20.000,388.436,301.361,43.537,-0.133
75.6637,21.000,388.113,299.394,44.359,-1.511
75.7646,21.000,389.204,298.471,45.366,-0.504
75.8656,22.000,388.980,296.109,46.435,-1.635
75.9670,22.000,390.035,294.985,47.525,-0.545
76.0685,23.000,389.744,292.501,48.622,-1.648
76.1699,24.000,390.106,289.198,50.454,-2.016
76.2709,25.000,390.648,285.585,52.531,-2.139
76.3719,26.000,391.218,281.837,54.690,-2.180
76.4729,26.000,392.400,280.113,56.143,-0.727
76.5740,27.000,392.041,277.318,57.361,-1.709
76.6756,28.000,392.292,273.824,59.234,-2.036
76.7780,28.000,393.352,272.170,60.591,-0.679
76.8792,29.000,392.940,269.386,61.777,-1.693
76.9810,29.000,393.791,267.979,62.906,-0.564
77.0838,30.000,393.318,265.287,64.015,-1.655
77.1854,30.000,394.155,263.918,65.118,-0.552
77.2864,31.000,393.683,261.244,66.219,-1.651
77.3881,31.000,394.525,259.885,67.320,-0.550
77.4902,31.000,394.685,259.312,67.687,-0.183
77.5919,31.000,394.642,259.024,67.809,-0.061
77.6931,31.000,394.551,258.851,67.850,-0.020
77.7946,31.000,394.459,258.732,67.863,-0.007
77.8962,31.000,394.378,258.643,67.868,-0.002
77.9983,30.000,392.939,258.667,67.136,1.466
78.1002,30.000,392.395,260.078,66.159,0.489
78.2019,29.000,391.043,260.844,65.100,1.630
78.3049,28.000,389.349,262.790,63.280,2.010
78.4073,27.000,387.737,265.323,61.207,2.137
78.5092,27.000,387.681,268.116,59.782,0.712
78.6111,25.000,385.554,269.873,57.841,3.171
78.7126,24.000,383.919,273.931,54.994,2.524
78.8151,24.000,384.206,277.583,53.311,0.841
78.9167,22.000,382.474,279.906,51.284,3.214
79.0180,21.000,381.194,284.379,48.408,2.538
79.1194,21.000,381.780,288.348,46.716,0.846
79.2208,20.000,381.664,290.827,45.419,1.749
79.3220,19.000,381.070,294.031,43.520,2.050
79.4231,18.000,380.375,297.535,41.420,2.150
79.5247,18.000,381.065,301.092,39.987,0.717
79.6259,18.000,382.286,303.268,39.509,0.239
79.7280,17.000,382.112,304.880,38.616,1.546
79.8305,17.000,382.657,307.486,37.585,0.515
79.9317,17.000,383.573,309.090,37.242,0.172
80.0333,17.000,384.467,310.212,37.127,0.057
80.1345,17.000,385.235,311.057,37.089,0.019
80.2373,17.000,385.868,311.715,37.076,0.006
80.3393,17.000,386.380,312.235,37.072,0.002
80.4410,18.000,386.165,310.556,37.804,-1.466
80.5425,18.000,387.384,309.821,38.781,-0.489
80.6436,19.000,387.277,307.596,39.840,-1.630
80.7466,19.000,388.431,306.577,40.927,-0.543
80.8483,19.000,388.846,306.269,41.289,-0.181
80.9504,20.000,388.383,304.097,42.143,-1.527
81.0523,20.000,389.348,303.026,43.161,-0.509
81.1542,20.000,389.644,302.644,43.500,-0.170
81.2567,20.000,389.723,302.496,43.613,-0.057
81.3584,21.000,389.107,300.338,44.384,-1.486
81.4602,21.000,389.987,299.237,45.375,-0.495
81.5627,21.000,390.229,298.819,45.705,-0.165
81.6638,21.000,390.269,298.639,45.815,-0.055
81.7652,21.000,390.249,298.546,45.852,-0.018
81.8671,21.000,390.216,298.488,45.864,-0.006
81.9689,21.000,390.184,298.448,45.868,-0.002
82.0700,21.000,390.157,298.418,45.869,-0.001
82.1711,21.000,390.134,298.395,45.870,-0.000
82.2729,21.000,390.116,298.376,45.870,-0.000
82.3750,21.000,390.101,298.361,45.870,-0.000
82.4771,21.000,390.089,298.349,45.870,-0.000
82.5795,21.000,390.080,298.340,45.870,-0.000
82.6806,21.000,390.072,298.332,45.870,-0.000
82.7814,22.000,389.440,296.233,46.603,-1.467
82.8831,22.000,390.325,295.162,47.581,-0.489
82.9852,22.000,390.576,294.762,47.907,-0.163
83.0867,23.000,389.999,292.501,48.749,-1.521
83.1880,23.000,390.877,291.351,49.763,-0.507
83.2900,25.000,389.854,286.718,51.568,-3.102
83.3918,26.000,391.032,282.294,54.369,-2.501
83.4936,26.000,392.401,280.329,56.036,-0.834
83.5951,27.000,392.092,277.441,57.325,-1.745
83.6981,27.000,392.976,275.999,58.488,-0.582
83.7999,28.000,392.514,273.295,59.609,-1.661
83.9016,28.000,393.355,271.922,60.716,-0.554
84.0025,29.000,392.884,269.246,61.819,-1.651
84.1033,29.000,393.726,267.887,62.920,-0.550
84.2050,29.000,393.886,267.313,63.287,-0.183
84.3071,29.000,393.843,267.025,63.409,-0.061
84.4087,29.000,393.751,266.852,63.450,-0.020
84.5097,28.000,392.286,266.826,62.730,1.460
84.6115,28.000,391.716,268.202,61.757,0.487
84.7132,28.000,391.714,268.849,61.432,0.162
84.8157,27.000,390.491,269.309,60.591,1.521
84.9166,27.000,390.171,271.017,59.577,0.507
85.0176,26.000,389.015,272.004,58.506,1.636
85.1189,25.000,387.484,274.120,56.682,2.012
85.2200,24.000,386.004,276.789,54.607,2.137
85.3210,23.000,384.681,279.782,52.449,2.179
85.4233,22.000,383.523,282.997,50.263,2.193
85.5249,21.000,382.510,286.374,48.068,2.198
85.6267,19.000,380.244,289.972,45.136,3.666
85.7280,18.000,378.960,295.042,41.959,2.689
85.8294,16.000,376.935,299.536,38.700,3.830
85.9306,15.000,375.996,305.169,35.413,2.743
86.0317,13.000,374.298,310.063,32.118,3.848
86.1334,12.000,373.638,316.000,28.819,2.749
86.2349,10.000,372.169,321.130,25.520,3.850
86.3365,8.000,370.321,327.347,21.487,4.217
86.4392,7.000,369.884,333.999,17.942,2.872
86.5408,5.000,368.709,339.587,14.561,3.891
86.6431,3.000,367.463,345.802,10.830,4.230
86.7453,2.000,367.477,352.484,7.497,2.877
86.8475,-1.000,364.288,357.750,3.269,5.359
86.9493,-3.000,360.029,364.230,-2.100,4.720
87.0506,-5.000,355.585,369.012,-6.713,4.507
87.1526,-7.000,350.528,372.897,-11.184,4.436
87.2544,-9.000,344.917,376.133,-15.608,4.412
87.3566,-11.000,338.838,378.870,-20.016,4.404
87.4582,-12.000,334.472,381.843,-23.685,2.935
87.5592,-13.000,330.866,383.616,-26.375,2.445
87.6612,-14.000,327.409,384.885,-28.738,2.282
87.7630,-15.000,323.919,385.905,-30.993,2.227
87.8650,-16.000,320.353,386.775,-33.211,2.209
87.9668,-17.000,316.709,387.543,-35.417,2.203
88.0682,-18.000,470.169,551.531,-40.681,2.759
88.1693,-19.000,310.277,389.544,-39.634,2.386
88.2699,-19.000,308.258,390.707,-41.225,0.795
88.3711,-20.000,305.292,390.269,-42.488,1.732
88.4729,-20.000,303.776,391.062,-43.643,0.577
88.5742,-21.000,301.009,390.531,-44.761,1.659
88.6763,-21.000,299.583,391.317,-45.867,0.553
88.7776,-21.000,298.959,391.430,-46.236,0.184
88.8796,-22.000,296.538,390.722,-47.092,1.528
88.9817,-22.000,295.268,391.489,-48.111,0.509
89.0836,-22.000,294.727,391.627,-48.450,0.170
89.1851,-22.000,294.453,391.580,-48.563,0.057
89.2864,-22.000,294.286,391.489,-48.601,0.019
89.3880,-21.000,294.264,390.025,-47.880,-1.460
89.4897,-21.000,295.643,389.457,-46.907,-0.487
89.5906,-21.000,296.292,389.457,-46.582,-0.162
89.6924,-21.000,296.660,389.608,-46.474,-0.054
89.7942,-20.000,296.997,388.406,-45.705,-1.485
89.8962,-19.000,298.734,386.697,-43.982,-1.962
89.9976,-19.000,301.053,386.401,-42.674,-0.654
90.0988,-18.000,302.391,385.401,-41.505,-1.685
90.2006,-17.000,304.743,384.039,-39.648,-2.028
90.3023,-16.000,307.585,382.710,-37.563,-2.143
90.4035,-15.000,310.711,381.513,-35.401,-2.181
90.5055,-15.000,313.937,381.831,-33.947,-0.727
90.6063,-14.000,315.933,381.391,-32.729,-1.709
90.7075,-13.000,318.788,380.500,-30.856,-2.036
90.8094,-12.000,322.024,379.555,-28.765,-2.145
90.9111,-11.000,325.464,378.668,-26.602,-2.182
91.0127,-10.000,329.033,377.861,-24.414,-2.194
91.1149,-9.000,332.694,377.130,-22.218,-2.198
91.2165,-7.000,336.518,375.090,-19.286,-3.666
91.3180,-6.000,341.769,373.987,-16.109,-2.689
91.4194,-4.000,345.967,372.546,-13.290,-3.830
91.5208,-3.000,351.387,372.053,-10.333,-2.743
91.6216,-1.000,356.263,370.558,-7.148,-3.848
91.7233,2.000,361.240,365.565,-2.163,-5.683
91.8244,4.000,367.209,360.144,3.532,-4.828
91.9252,4.000,373.087,358.705,7.191,-1.609
92.0267,4.000,376.375,358.967,8.704,-0.536
92.1289,5.000,377.526,357.937,9.795,-1.645
92.2306,6.000,379.044,355.795,11.625,-2.015
92.3316,6.000,381.138,355.202,12.968,-0.672
92.4342,7.000,381.560,353.261,14.149,-1.691
92.5360,7.000,383.079,352.526,15.276,-0.564
92.6377,8.000,383.142,350.371,16.385,-1.655
92.7412,8.000,384.408,349.431,17.488,-0.552
92.8431,9.000,384.280,347.101,18.589,-1.651
92.9445,10.000,384.770,343.923,20.423,-2.017
93.0468,10.000,386.039,342.504,21.768,-0.672
93.1488,10.000,386.428,341.996,22.216,-0.224
93.2520,11.000,385.903,339.705,23.099,-1.541
93.3539,11.000,386.804,338.551,24.126,-0.514
93.4558,11.000,387.045,338.108,24.469,-0.171
93.5578,11.000,387.079,337.913,24.583,-0.057
93.6593,11.000,387.052,337.810,24.621,-0.019
93.7610,11.000,387.013,337.746,24.634,-0.006
93.8627,11.000,386.976,337.700,24.638,-0.002
93.9639,11.000,386.944,337.665,24.639,-0.001
94.0658,11.000,386.918,337.638,24.640,-0.000
94.1676,11.000,386.897,337.617,24.640,-0.000
94.2694,11.000,386.880,337.600,24.640,-0.000
94.3711,11.000,386.866,337.586,24.640,-0.000
94.4720,11.000,386.856,337.576,24.640,-0.000
94.5732,10.000,385.474,337.660,23.907,1.467
94.6749,10.000,384.977,339.119,22.929,0.489
94.7764,9.000,383.662,339.923,21.870,1.630
94.8777,9.000,383.372,341.805,20.783,0.543
94.9790,8.000,382.273,342.898,19.688,1.648
95.0804,7.000,380.799,345.087,17.856,2.016
95.1821,7.000,380.741,347.717,16.512,0.672
95.2856,6.000,379.948,349.287,15.331,1.691
95.3875,5.000,378.759,351.818,13.470,2.030
95.4899,5.000,378.942,354.708,12.117,0.677
95.5918,4.000,378.787,356.042,11.372,1.692
95.6935,3.000,378.087,358.405,9.841,2.031
95.7951,2.000,377.245,361.298,7.974,2.144
95.8963,1.000,376.373,364.530,5.921,2.181
95.9986,0.000,375.489,368.022,3.734,2.194
96.1004,-1.000,373.867,371.011,1.428,2.198
96.2025,-2.000,371.635,373.616,-0.991,2.199
96.3047,-3.000,368.895,375.935,-3.520,2.200
96.4066,-4.000,365.726,378.046,-6.160,2.200
96.5079,-5.000,362.743,379.464,-8.360,2.200
96.6091,-6.000,359.557,380.677,-10.560,2.200
96.7107,-7.000,356.208,381.728,-12.760,2.200
96.8125,-8.000,352.729,382.649,-14.960,2.200
96.9145,-10.000,347.052,382.839,-17.893,3.667
97.0165,-12.000,340.227,383.835,-21.804,4.156
97.1182,-14.000,332.938,385.021,-26.041,4.319
97.2203,-16.000,325.431,386.205,-30.387,4.373
97.3223,-17.000,319.893,387.964,-34.036,2.924
97.4239,-17.000,317.432,389.403,-35.985,0.975
97.5256,-17.000,316.373,389.643,-36.635,0.325
97.6270,-16.000,315.923,388.159,-36.118,-1.358
97.7286,-14.000,317.241,384.733,-33.746,-3.386
97.8300,-12.000,320.842,380.886,-30.022,-4.062
97.9306,-12.000,325.452,380.080,-27.314,-1.354
98.0315,-11.000,327.969,379.325,-25.678,-1.918
98.1325,-10.000,331.046,378.378,-23.666,-2.106
98.2338,-10.000,334.302,378.826,-22.262,-0.702
98.3357,-9.000,336.345,378.466,-21.061,-1.701
98.4373,-8.000,339.245,377.633,-19.194,-2.034
98.5391,-8.000,342.428,378.104,-17.838,-0.678
98.6401,-7.000,344.434,377.740,-16.653,-1.693
98.7421,-6.000,347.313,376.895,-14.791,-2.031
98.8435,-6.000,350.481,377.355,-13.437,-0.677
98.9456,-5.000,352.476,376.981,-12.252,-1.692
99.0473,-5.000,355.253,377.501,-11.124,-0.564
99.1490,-4.000,356.602,377.511,-10.455,-1.655
99.2524,-4.000,358.808,378.391,-9.792,-0.552
99.3542,-3.000,360.173,378.215,-9.021,-1.651
99.4562,-3.000,362.419,378.920,-8.250,-0.550
99.5576,-3.000,363.637,380.064,-8.213,-0.183
99.6585,-2.000,364.577,379.732,-7.578,-1.528
99.7597,-2.000,366.619,380.177,-6.779,-0.509
99.8617,-1.000,367.936,379.569,-5.816,-1.636
99.9624,-1.000,370.201,379.872,-4.835,-0.545
100.0634,-1.000,371.482,380.646,-4.582,-0.182
100.1655,0.000,372.518,379.973,-3.727,-1.527
100.2664,0.000,374.682,380.100,-2.709,-0.509
100.3676,1.000,375.421,378.473,-1.526,-1.636
100.4688,2.000,376.750,375.714,0.518,-2.012
100.5699,2.000,378.739,374.581,2.079,-0.671
100.6713,2.000,379.749,374.256,2.746,-0.224
100.7722,3.000,379.875,371.958,3.959,-1.541
100.8741,3.000,381.364,370.731,5.316,-0.514
100.9756,3.000,382.141,370.164,5.989,-0.171
101.0777,3.000,382.669,369.804,6.433,-0.057
101.1800,3.000,383.105,369.503,6.801,-0.019
101.2812,4.000,382.984,367.010,7.987,-1.473
101.3832,4.000,384.361,365.543,9.409,-0.491
101.4850,4.000,385.093,364.740,10.176,-0.164
101.5864,4.000,385.613,364.162,10.725,-0.055
101.6876,4.000,386.066,363.663,11.202,-0.018
101.7894,4.000,386.500,363.192,11.654,-0.006
101.8911,4.000,386.929,362.733,12.098,-0.002
101.9922,4.000,387.359,362.280,12.539,-0.001
102.0937,4.000,387.790,361.830,12.980,-0.000
102.1961,4.000,388.222,361.382,13.420,-0.000
102.2974,4.000,388.656,360.936,13.860,-0.000
102.3994,4.000,389.092,360.492,14.300,-0.000
102.5013,4.000,389.528,360.048,14.740,-0.000
102.6029,3.000,388.481,359.808,14.337,1.467
102.7045,3.000,388.319,360.941,13.689,0.489
102.8057,3.000,388.711,361.326,13.693,0.163
102.9070,3.000,389.244,361.415,13.914,0.054
103.0089,4.000,389.269,359.166,15.051,-1.449
103.1114,5.000,389.719,356.218,16.750,-1.950
103.2127,5.000,391.020,354.919,18.050,-0.650
103.3147,3.000,389.037,354.343,17.347,2.717
103.4161,-1.000,381.879,356.894,12.492,6.772
103.5170,-3.000,375.004,362.643,6.181,5.191
103.6189,-5.000,368.907,366.400,1.254,4.664
103.7197,-6.000,364.768,369.946,-2.589,3.021
103.8223,-7.000,361.424,372.096,-5.336,2.474
103.9236,-7.000,360.297,374.268,-6.985,0.825
104.0256,-7.000,360.165,375.236,-7.535,0.275
104.1269,-8.000,358.223,375.127,-8.452,1.558
104.2291,-8.000,357.364,376.345,-9.491,0.519
104.3314,-8.000,357.161,376.835,-9.837,0.173
104.4334,-8.000,357.160,377.065,-9.952,0.058
104.5350,-8.000,357.214,377.195,-9.991,0.019
104.6363,-8.000,357.275,377.282,-10.004,0.006
104.7381,-9.000,355.236,376.718,-10.741,1.469
104.8399,-9.000,354.216,377.656,-11.720,0.490
104.9419,-8.000,353.950,376.577,-11.313,-1.303
105.0439,-8.000,355.281,376.170,-10.444,-0.434
105.1455,-8.000,355.940,376.249,-10.155,-0.145
105.2469,-8.000,356.332,376.448,-10.058,-0.048
105.3483,-8.000,356.600,376.653,-10.026,-0.016
105.4501,-8.000,356.800,376.831,-10.015,-0.005
105.5520,-8.000,356.955,376.979,-10.012,-0.002
105.6541,-8.000,357.077,377.099,-10.011,-0.001
105.7557,-8.000,357.175,377.195,-10.010,-0.000
105.8572,-8.000,357.252,377.272,-10.010,-0.000
105.9585,-8.000,357.314,377.334,-10.010,-0.000
106.0597,-8.000,357.364,377.384,-10.010,-0.000
106.1607,-8.000,357.404,377.424,-10.010,-0.000
106.2621,-8.000,357.435,377.455,-10.010,-0.000
106.3632,-8.000,357.461,377.481,-10.010,-0.000
106.4654,-8.000,357.481,377.501,-10.010,-0.000
106.5668,-8.000,357.497,377.517,-10.010,-0.000
106.6679,-8.000,357.510,377.530,-10.010,-0.000
106.7692,-8.000,357.521,377.541,-10.010,-0.000
106.8706,-8.000,357.529,377.549,-10.010,-0.000
106.9717,-8.000,357.536,377.556,-10.010,-0.000
107.0739,-7.000,357.634,376.188,-9.277,-1.467
107.1752,-7.000,359.104,375.702,-8.299,-0.489
107.2778,-6.000,359.917,374.397,-7.240,-1.630
107.3789,-6.000,361.807,374.113,-6.153,-0.543
107.4805,-6.000,362.811,374.394,-5.791,-0.181
107.5821,-5.000,363.539,373.413,-4.937,-1.527
107.6828,-6.000,363.363,372.668,-4.652,0.958
107.7847,-8.000,359.169,372.684,-6.757,3.253
107.8862,-11.000,351.050,373.302,-11.126,5.484
107.9876,-13.000,343.207,375.704,-16.249,4.761
108.0895,-15.000,335.669,377.448,-20.890,4.520
108.1907,-15.000,332.338,380.144,-23.903,1.507
108.2919,-15.000,331.080,380.895,-24.908,0.502
108.3933,-15.000,330.542,381.027,-25.243,0.167
108.4951,-15.000,330.268,380.976,-25.354,0.056
108.5967,-15.000,330.101,380.883,-25.391,0.019
108.6989,-14.000,330.078,379.419,-24.670,-1.460
108.8005,-14.000,331.456,378.850,-23.697,-0.487
108.9025,-13.000,332.198,377.476,-22.639,-1.629
109.0042,-13.000,334.031,377.137,-21.553,-0.543
109.1061,-12.000,335.084,375.999,-20.458,-1.648
109.2077,-11.000,337.242,374.494,-18.626,-2.016
109.3087,-11.000,339.847,374.411,-17.282,-0.672
109.4110,-10.000,341.397,373.598,-16.101,-1.691
109.5125,-10.000,343.819,373.766,-14.974,-0.564
109.6141,-9.000,345.324,373.053,-13.865,-1.655
109.7160,-8.000,347.837,371.893,-12.028,-2.018
109.8175,-8.000,350.724,372.089,-10.683,-0.673
109.9196,-7.000,352.499,371.501,-9.501,-1.691
110.0210,-6.000,355.194,370.474,-7.640,-2.030
110.1223,-4.000,357.962,368.482,-5.260,-3.610
110.2239,-1.000,362.848,364.375,-0.763,-5.603
110.3254,4.000,367.923,353.765,7.079,-9.201
110.4271,7.000,374.963,344.137,15.413,-7.467
110.5288,9.000,380.652,336.936,21.858,-5.422
110.6300,10.000,385.036,332.624,26.206,-3.274
110.7312,11.000,387.620,329.376,29.122,-2.558
110.8326,11.000,390.060,328.406,30.827,-0.853
110.9344,11.000,391.217,328.425,31.396,-0.284
111.0370,12.000,391.250,326.613,32.319,-1.561
111.1390,12.000,392.579,325.860,33.360,-0.520
111.2406,12.000,393.156,325.743,33.707,-0.173
111.3425,11.000,392.083,325.906,33.089,1.409
111.4440,11.000,391.780,327.480,32.150,0.470
111.5456,10.000,390.602,328.395,31.103,1.623
111.6475,9.000,389.041,330.465,29.288,2.008
111.7493,9.000,388.906,333.008,27.949,0.669
111.8512,8.000,388.050,334.510,26.770,1.690
111.9527,7.000,386.808,336.989,24.910,2.030
112.0547,6.000,385.576,339.930,22.823,2.143
112.1558,6.000,385.831,343.043,21.394,0.714
112.2581,5.000,385.329,344.959,20.185,1.705
112.3598,4.000,384.825,347.315,18.755,2.035
112.4620,3.000,384.165,350.175,16.995,2.145
112.5640,2.000,383.462,353.359,15.052,2.182
112.6656,0.000,381.253,356.992,12.131,3.661
112.7670,-1.000,379.180,361.486,8.847,2.687
112.8698,-2.000,377.043,364.838,6.102,2.362
112.9713,-3.000,374.531,367.603,3.464,2.254
113.0727,-4.000,371.596,370.020,0.788,2.218
113.1744,-5.000,368.817,371.665,-1.424,2.206
113.2761,-6.000,365.799,373.055,-3.628,2.202
113.3768,-6.000,364.680,374.872,-5.096,0.734
113.4778,-7.000,362.377,375.014,-6.319,1.711
113.5787,-8.000,359.278,375.664,-8.193,2.037
113.6799,-9.000,355.847,376.415,-10.284,2.146
113.7818,-10.000,352.251,377.147,-12.448,2.182
113.8826,-11.000,348.558,377.830,-14.636,2.194
113.9850,-12.000,344.797,378.462,-16.832,2.198
114.0870,-13.000,340.987,379.049,-19.031,2.199
114.1888,-14.000,337.139,379.599,-21.230,2.200
114.2915,-15.000,333.259,380.120,-23.430,2.200
114.3933,-16.000,329.356,380.616,-25.630,2.200
114.4942,-17.000,325.433,381.093,-27.830,2.200
114.5962,-17.000,323.588,382.182,-29.297,0.733
114.6972,-17.000,322.797,382.368,-29.786,0.244
114.7989,-18.000,320.299,381.662,-30.682,1.548
114.9008,-18.000,318.985,382.413,-31.714,0.516
115.0041,-18.000,318.415,382.531,-32.058,0.172
115.1056,-18.000,318.121,382.466,-32.173,0.057
115.2073,-18.000,317.938,382.360,-32.211,0.019
115.3092,-18.000,317.810,382.257,-32.224,0.006
115.4111,-18.000,317.713,382.169,-32.228,0.002
115.5121,-18.000,317.638,382.097,-32.229,0.001
115.6136,-17.000,317.672,380.665,-31.496,-1.466
115.7156,-17.000,319.090,380.128,-30.519,-0.489
115.8173,-17.000,319.769,380.155,-30.193,-0.163
115.9190,-16.000,320.253,378.955,-29.351,-1.521
116.0205,-16.000,321.981,378.655,-28.337,-0.507
116.1218,-15.000,322.983,377.514,-27.266,-1.636
116.2236,-15.000,325.018,377.368,-26.175,-0.545
116.3254,-14.000,326.231,376.387,-25.078,-1.648
116.4268,-14.000,328.422,376.381,-23.979,-0.549
116.5285,-13.000,329.756,375.516,-22.880,-1.650
116.6302,-13.000,332.043,375.603,-21.780,-0.550
116.7321,-12.000,333.453,374.813,-20.680,-1.650
116.8352,-12.000,335.801,374.961,-19.580,-0.550
116.9371,-11.000,337.259,374.219,-18.480,-1.650
117.0388,-10.000,339.739,373.032,-16.647,-2.017
117.1404,-10.000,342.601,373.205,-15.302,-0.672
117.2417,-9.000,344.356,372.598,-14.121,-1.691
117.3436,-8.000,347.036,371.556,-12.260,-2.030
117.4453,-8.000,350.044,371.858,-10.907,-0.677
117.5479,-7.000,351.913,371.358,-9.722,-1.692
117.6496,-6.000,354.682,370.403,-7.861,-2.031
117.7512,-5.000,357.855,369.402,-5.774,-2.144
117.8527,-4.000,360.806,368.909,-4.051,-2.181
117.9546,-4.000,363.803,369.877,-3.037,-0.727
118.0569,-3.000,365.638,369.936,-2.149,-1.709
118.1584,-2.000,368.407,369.400,-0.496,-2.036
118.2600,-1.000,371.642,368.673,1.485,-2.145
118.3610,0.000,375.169,367.872,3.648,-2.182
118.4625,0.000,378.713,368.508,5.103,-0.727
118.5644,1.000,380.354,367.492,6.431,-1.709
118.6661,2.000,382.337,365.289,8.524,-2.036
118.7683,3.000,384.309,362.420,10.945,-2.145
118.8701,4.000,386.194,359.098,13.548,-2.182
118.9714,4.000,388.514,357.629,15.443,-0.727
119.0740,5.000,388.712,355.391,16.661,-1.709
119.1762,5.000,390.036,354.435,17.800,-0.570
119.2773,6.000,389.936,352.110,18.913,-1.657
119.3788,6.000,391.071,351.035,20.018,-0.552
119.4802,7.000,390.836,348.597,21.119,-1.651
119.5815,7.000,391.868,347.428,22.220,-0.550
119.6839,7.000,392.179,347.006,22.587,-0.183
119.7852,7.000,392.257,346.840,22.709,-0.061
119.8868,6.000,390.890,346.857,22.016,1.446
119.9888,6.000,390.385,348.281,21.052,0.482
120.0902,6.000,390.432,348.970,20.731,0.161
120.1916,6.000,390.619,349.372,20.624,0.054
120.2939,6.000,390.818,349.643,20.588,0.018
120.3956,6.000,390.995,349.843,20.576,0.006
120.4976,6.000,391.142,349.998,20.572,0.002
120.5987,5.000,389.887,350.213,19.837,1.467
120.7017,5.000,389.494,351.775,18.859,0.489
120.8035,5.000,389.635,352.569,18.533,0.163
120.9054,4.000,388.967,352.705,18.131,1.521
121.0070,4.000,389.180,354.066,17.557,0.507
121.1084,2.000,386.945,355.001,15.972,3.102
121.2093,2.000,386.577,358.329,14.124,1.034
121.3111,1.000,385.808,360.185,12.811,1.811
121.4124,-1.000,382.459,362.405,10.027,3.537
121.5139,-2.000,379.336,365.904,6.716,2.646
121.6150,-3.000,376.299,368.522,3.889,2.349
121.7170,-5.000,371.379,369.667,0.856,3.716
121.8182,-7.000,365.205,371.381,-3.088,4.172
121.9196,-9.000,358.453,373.125,-7.336,4.324
127.2638,-11.000,136.128,152.262,-8.067,16.133
127.3655,-11.000,283.560,321.204,-18.822,5.378
127.4674,-11.000,342.862,387.677,-22.407,1.793
127.5690,-11.000,341.048,388.253,-23.602,0.598
127.6701,-10.000,340.247,386.782,-23.267,-1.267
127.7714,-8.000,341.370,383.282,-20.956,-3.356
127.8724,-7.000,344.750,380.721,-17.985,-2.585
127.9732,-6.000,347.894,378.951,-15.528,-2.328
128.0741,-5.000,351.090,377.575,-13.243,-2.243
128.1762,-5.000,354.313,377.808,-11.748,-0.748
128.2774,-4.000,355.847,377.759,-10.956,-1.716
128.3790,-4.000,358.145,378.649,-10.252,-0.572
128.4799,-3.000,359.565,378.499,-9.467,-1.657
128.5805,-2.000,362.051,377.749,-7.849,-2.019
128.6833,-3.000,362.668,377.801,-7.566,0.794
128.7847,-3.000,363.076,379.927,-8.425,0.265
128.8863,-3.000,363.584,381.448,-8.932,0.088
128.9883,-3.000,364.007,382.648,-9.321,0.029
129.0893,-3.000,364.306,383.646,-9.670,0.010
129.1913,-3.000,364.489,384.502,-10.007,0.003
129.2928,-2.000,364.775,383.766,-9.496,-1.466
129.3950,-2.000,366.353,383.830,-8.739,-0.489
129.4969,-2.000,367.114,384.380,-8.633,-0.163
129.5986,-1.000,367.731,383.533,-7.901,-1.521
129.7010,-1.000,369.543,383.537,-6.997,-0.507
129.8029,-1.000,370.498,384.036,-6.769,-0.169
129.9040,-1.000,371.081,384.614,-6.766,-0.056
130.0058,0.000,371.677,383.668,-5.995,-1.485
130.1071,0.000,373.527,383.538,-5.005,-0.495
130.2085,0.000,374.545,383.896,-4.675,-0.165
130.3098,0.000,375.206,384.336,-4.565,-0.055
130.4111,1.000,375.166,382.536,-3.685,-1.485
130.5119,1.000,376.530,381.700,-2.585,-0.495
130.6134,1.000,377.182,381.472,-2.145,-0.165
130.7155,2.000,377.054,379.217,-1.082,-1.522
130.8173,2.000,378.336,378.030,0.153,-0.507
130.9190,2.000,378.932,377.510,0.711,-0.169
131.0221,2.000,379.295,377.208,1.044,-0.056
131.1239,3.000,379.060,374.771,2.145,-1.485
131.2255,3.000,380.312,373.382,3.465,-0.495
131.3275,3.000,380.917,372.667,4.125,-0.165
131.4285,3.000,381.313,372.183,4.565,-0.055
131.5303,3.000,381.644,371.781,4.932,-0.018
131.6318,4.000,381.442,369.207,6.117,-1.473
131.7336,4.000,382.753,367.675,7.539,-0.491
131.8353,4.000,383.432,366.819,8.306,-0.164
131.9369,4.000,383.910,366.200,8.855,-0.055
132.0397,3.000,382.847,365.870,8.488,1.448
132.1414,3.000,382.654,366.948,7.853,0.483
132.2434,3.000,383.016,367.294,7.861,0.161
132.3449,2.000,382.039,367.558,7.240,1.520
132.4460,1.000,380.477,369.270,5.603,1.973
132.5474,1.000,380.331,371.535,4.398,0.658
132.6489,1.000,380.850,372.712,4.069,0.219
132.7500,1.000,381.492,373.426,4.033,0.073
132.8512,1.000,382.096,373.907,4.094,0.024
132.9524,0.000,381.141,374.451,3.345,1.475
133.0549,0.000,380.993,376.270,2.362,0.492
133.1557,-1.000,379.130,376.749,1.191,1.631
133.2570,-1.000,378.379,378.392,-0.006,0.544
133.3586,-2.000,376.061,378.705,-1.322,1.648
133.4603,-3.000,372.737,379.705,-3.484,2.016
133.5622,-3.000,371.133,381.449,-5.158,0.672
133.6630,-4.000,368.208,381.767,-6.779,1.691
133.7649,-5.000,364.945,382.224,-8.640,2.030
133.8662,-5.000,363.469,383.455,-9.993,0.677
133.9680,-6.000,360.826,383.182,-11.178,1.692
134.0705,-6.000,359.532,384.144,-12.306,0.564
134.1721,-7.000,356.929,383.760,-13.415,1.655
134.2745,-8.000,353.538,384.042,-15.252,2.018
134.3765,-9.000,349.856,384.517,-17.331,2.139
134.4782,-9.000,348.147,385.660,-18.757,0.713
134.5801,-10.000,345.352,385.283,-19.966,1.704
134.6811,-10.000,343.946,386.150,-21.102,0.568
134.7815,-10.000,343.352,386.314,-21.481,0.189
134.8831,-10.000,343.054,386.268,-21.607,0.063
134.9842,-10.000,342.874,386.172,-21.649,0.021
135.0862,-10.000,342.750,386.076,-21.663,0.007
135.1886,-10.000,342.657,385.992,-21.668,0.002
135.2904,-10.000,342.585,385.924,-21.669,0.001
135.3920,-10.000,342.528,385.868,-21.670,0.000
135.4928,-9.000,342.576,384.449,-20.937,-1.467
135.5939,-9.000,344.006,383.923,-19.959,-0.489
135.6952,-8.000,344.787,382.586,-18.900,-1.630
135.7968,-8.000,346.650,382.277,-17.813,-0.543
135.8985,-8.000,347.634,382.536,-17.451,-0.181
135.9998,-7.000,348.346,381.540,-16.597,-1.527
136.1012,-7.000,350.249,381.407,-15.579,-0.509
136.2027,-6.000,351.391,380.404,-14.506,-1.636
136.3040,-6.000,353.537,380.368,-13.415,-0.545
136.4049,-5.000,354.838,379.475,-12.318,-1.648
136.5070,-4.000,356.753,378.606,-10.926,-2.016
136.6096,-4.000,359.076,379.120,-10.022,-0.672
136.7118,-3.000,360.422,378.763,-9.171,-1.691
141.9517,-2.000,154.748,158.122,-1.687,2.933
142.0530,-2.000,311.552,319.276,-3.862,0.978
142.1546,-2.000,374.201,383.669,-4.734,0.326
142.2560,-2.000,373.651,383.994,-5.171,0.109
142.3588,-1.000,373.472,382.713,-4.620,-1.430
142.4609,-1.000,374.732,382.285,-3.777,-0.477
142.5624,-1.000,375.272,382.410,-3.569,-0.159
142.6640,-1.000,375.534,382.680,-3.573,-0.053
142.7656,-2.000,373.469,382.451,-4.491,1.449
142.8676,-1.000,372.569,382.236,-4.834,-0.984
142.9690,0.000,373.872,380.761,-3.445,-1.795
143.0705,0.000,376.000,380.496,-2.248,-0.598
143.1720,0.000,377.143,380.842,-1.849,-0.199
143.2734,1.000,377.355,379.102,-0.873,-1.533
143.3748,1.000,378.876,378.358,0.259,-0.511
143.4758,1.000,379.638,378.219,0.710,-0.170
143.5770,2.000,379.594,376.040,1.777,-1.523
143.6780,2.000,380.940,374.916,3.012,-0.508
143.7800,2.000,381.588,374.446,3.571,-0.169
143.8819,3.000,381.475,371.981,4.747,-1.523
143.9829,3.000,382.789,370.604,6.092,-0.508
144.0858,3.000,383.433,369.911,6.761,-0.169
144.1871,3.000,383.856,369.448,7.204,-0.056
144.2892,3.000,384.207,369.065,7.571,-0.019
144.3911,3.000,384.537,368.709,7.914,-0.006
144.4931,4.000,384.344,366.162,9.091,-1.469
144.5947,4.000,385.667,364.646,10.510,-0.490
144.6966,4.000,386.357,363.803,11.277,-0.163
144.7979,4.000,386.844,363.193,11.826,-0.054
144.8995,4.000,387.271,362.667,12.302,-0.018
145.0029,4.000,387.684,362.176,12.754,-0.006
145.1043,4.000,388.096,361.700,13.198,-0.002
145.2061,4.000,388.512,361.234,13.639,-0.001
145.3079,4.000,388.933,360.773,14.080,-0.000
145.4088,4.000,389.357,360.317,14.520,-0.000
145.5104,4.000,389.784,359.864,14.960,-0.000
145.6114,3.000,388.730,359.617,14.557,1.467
145.7136,3.000,388.562,360.744,13.909,0.489
145.8154,3.000,388.950,361.124,13.913,0.163
145.9165,3.000,389.478,361.210,14.134,0.054
146.0178,3.000,390.018,361.162,14.428,0.018
146.1189,2.000,389.049,361.243,13.903,1.473
146.2204,2.000,388.932,362.650,13.141,0.491
146.3219,1.000,387.858,363.477,12.190,1.630
146.4240,1.000,387.782,365.355,11.213,0.543
146.5252,1.000,388.250,366.328,10.961,0.181
146.6264,-1.000,385.130,366.602,9.264,2.994
146.7274,-1.000,383.885,369.569,7.158,0.998
146.8295,-2.000,381.595,370.517,5.539,1.799
146.9305,-2.000,380.639,372.400,4.120,0.600
147.0327,-4.000,375.983,372.357,1.813,3.133
147.1338,-4.000,373.575,375.006,-0.716,1.044
147.2351,-5.000,370.882,375.172,-2.145,1.815
147.3370,-6.000,367.567,375.744,-4.088,2.072
147.4386,-7.000,363.996,376.402,-6.203,2.157
147.5395,-7.000,362.393,377.675,-7.641,0.719
147.6407,-8.000,359.688,377.395,-8.854,1.706
147.7418,-8.000,358.356,378.339,-9.991,0.569
147.8435,-9.000,355.729,377.936,-11.104,1.656
147.9467,-10.000,352.319,378.202,-12.941,2.019
148.0483,-10.000,350.716,379.290,-14.287,0.673
148.1497,-11.000,347.968,378.906,-15.469,1.691
148.2535,-11.000,346.587,379.780,-16.596,0.564
148.3546,-12.000,343.916,379.327,-17.705,1.655
148.4563,-12.000,342.563,380.180,-18.808,0.552
148.5583,-12.000,341.996,380.348,-19.176,0.184
148.6594,-11.000,341.806,378.937,-18.565,-1.405
148.7610,-11.000,343.103,378.360,-17.628,-0.468
148.8622,-11.000,343.704,378.336,-17.316,-0.156
148.9639,-11.000,344.038,378.462,-17.212,-0.052
149.0656,-11.000,344.257,378.612,-17.177,-0.017
149.1687,-10.000,344.510,377.375,-16.432,-1.472
149.2705,-10.000,346.097,376.999,-15.451,-0.491
149.3721,-9.000,347.003,375.783,-14.390,-1.630
149.4734,-9.000,348.965,375.572,-13.303,-0.543
149.5748,-9.000,350.028,375.911,-12.941,-0.181
149.6764,-9.000,350.710,376.350,-12.820,-0.060
149.7778,-8.000,351.292,375.385,-12.047,-1.487
149.8789,-8.000,353.130,375.241,-11.056,-0.496
149.9810,-8.000,354.137,375.588,-10.725,-0.165
150.0830,-8.000,513.455,536.625,-11.585,-0.065
150.1840,-7.000,673.276,695.349,-11.037,-1.917
150.2849,-7.000,675.531,695.281,-9.875,-0.755
150.3867,-7.000,676.864,695.699,-9.417,-0.297
150.4881,-7.000,677.744,696.219,-9.237,-0.117
150.5895,-7.000,678.376,696.708,-9.166,-0.046
150.6911,-7.000,678.852,697.128,-9.138,-0.018
150.7925,-7.000,679.221,697.476,-9.127,-0.007
150.8940,-7.000,679.512,697.758,-9.123,-0.003
150.9960,-7.000,679.743,697.986,-9.121,-0.001
151.0976,-7.000,679.928,698.169,-9.120,-0.000
151.1999,-7.000,680.075,698.315,-9.120,-0.000
151.3019,-7.000,680.192,698.433,-9.120,-0.000
151.4031,-7.000,680.286,698.526,-9.120,-0.000
151.5047,-7.000,680.362,698.602,-9.120,-0.000
151.6065,-6.000,680.231,697.453,-8.611,-1.891
151.7092,-5.000,681.674,695.586,-6.956,-2.636
151.8106,-6.000,682.293,694.028,-5.867,0.853
151.9125,-5.000,682.210,693.960,-5.875,-1.555
152.0139,-4.000,683.421,693.228,-4.904,-2.504
152.1155,-4.000,685.650,693.382,-3.866,-0.986
152.2169,-3.000,686.650,692.889,-3.119,-2.279
152.3182,-3.000,688.874,693.070,-2.098,-0.898
152.4200,-2.000,689.949,692.519,-1.285,-2.245
152.5212,-1.000,692.208,691.279,0.465,-2.775
152.6232,1.000,694.436,687.866,3.285,-4.875
152.7251,2.000,698.366,684.389,6.989,-3.811
152.8275,3.000,701.426,681.091,10.168,-3.392
152.9287,3.000,704.747,679.580,12.584,-1.336
153.0304,3.000,706.641,679.134,13.754,-0.526
153.1328,3.000,707.899,679.034,14.433,-0.207
153.2349,3.000,708.848,679.011,14.918,-0.082
153.3358,3.000,709.628,678.972,15.328,-0.032
153.4374,2.000,708.975,678.818,15.078,1.878
153.5393,1.000,707.424,680.323,13.551,2.631
153.6411,-1.000,703.674,682.037,10.818,4.818
153.7622,-3.000,697.961,684.921,6.520,5.680
153.8639,-4.000,693.098,688.921,2.088,4.128
153.9647,-3.000,690.699,691.228,-0.265,-0.265
154.0668,-2.000,691.392,691.063,0.165,-1.995
154.1685,-2.000,693.572,691.304,1.134,-0.786
154.2698,-3.000,692.849,691.366,0.741,1.581
154.3714,-3.000,692.265,693.419,-0.577,0.623
154.4729,-4.000,690.187,694.074,-1.944,2.136
154.5741,-5.000,687.513,695.008,-3.748,2.732
154.6756,-5.000,686.161,696.969,-5.404,1.076
154.7781,-4.000,685.082,697.135,-6.027,-1.467
154.8799,-5.000,684.796,696.090,-5.647,1.313
154.9826,-5.000,684.468,697.354,-6.443,0.517
155.0843,-6.000,682.720,697.251,-7.265,2.095
155.1859,-6.000,681.710,698.780,-8.535,0.825
155.2877,-6.000,681.417,699.487,-9.035,0.325
155.3895,-7.000,679.577,699.059,-9.741,2.019
155.4907,-8.000,676.637,699.585,-11.474,2.686
155.5921,-8.000,675.044,701.247,-13.102,1.058
155.6941,-9.000,672.621,701.125,-14.252,2.308
155.7961,-9.000,671.204,702.506,-15.651,0.909
155.8971,-10.000,668.829,702.251,-16.711,2.249
155.9987,-11.000,665.606,702.772,-18.583,2.777
156.0997,-11.000,663.841,704.373,-20.266,1.094
156.2019,-12.000,661.304,704.181,-21.438,2.322
156.3034,-12.000,659.805,705.496,-22.845,0.915
156.4046,-12.000,659.177,705.976,-23.400,0.360
156.5069,-12.000,658.900,706.136,-23.618,0.142
156.6084,-12.000,658.767,706.175,-23.704,0.056
156.7106,-12.000,658.695,706.171,-23.738,0.022
156.8127,-13.000,656.843,705.363,-24.260,1.900
156.9154,-13.000,655.627,706.450,-25.412,0.748
157.0167,-13.000,655.122,706.853,-25.865,0.295
157.1191,-13.000,654.903,706.990,-26.044,0.116
157.2214,-13.000,654.799,707.028,-26.114,0.046
157.3231,-13.000,654.745,707.029,-26.142,0.018
157.4251,-13.000,654.713,707.019,-26.153,0.007
157.5268,-13.000,654.692,707.007,-26.157,0.003
157.6292,-12.000,654.486,705.786,-25.650,-1.890
157.7311,-12.000,656.061,705.070,-24.504,-0.744
157.8327,-12.000,656.855,704.962,-24.053,-0.293
157.9335,-12.000,657.308,705.059,-23.876,-0.116
158.0347,-11.000,657.407,704.000,-23.296,-1.936
158.1364,-10.000,659.005,702.233,-21.614,-2.654
158.2377,-10.000,661.546,701.557,-20.005,-1.045
158.3391,-10.000,662.926,701.670,-19.372,-0.412
158.4419,-9.000,663.582,700.808,-18.613,-2.053
158.5429,-8.000,665.553,699.272,-16.860,-2.700
158.6440,-7.000,668.172,697.601,-14.714,-2.954
158.7454,-6.000,671.151,695.980,-12.415,-3.055
158.8478,-5.000,674.355,694.463,-10.054,-3.094
158.9490,-4.000,518.870,533.107,-7.118,-2.498
159.0500,-3.000,362.732,372.831,-5.049,-2.299
159.1526,-2.000,365.896,371.902,-3.003,-2.233
159.2543,-2.000,369.060,372.528,-1.734,-0.744
159.3564,-1.000,371.055,372.284,-0.615,-1.715
159.4574,-1.000,373.789,372.952,0.418,-0.572
159.5582,0.000,375.623,372.558,1.533,-1.657
159.6590,0.000,378.304,373.029,2.638,-0.552
159.7610,1.000,379.417,371.719,3.849,-1.651
159.8624,1.000,381.549,371.429,5.060,-0.550
159.9635,1.000,382.762,371.689,5.537,-0.183
160.0655,1.000,383.584,372.046,5.769,-0.061
160.1668,2.000,383.689,370.163,6.763,-1.487
160.2681,3.000,384.673,367.038,8.818,-1.962
160.3696,3.000,386.455,365.543,10.456,-0.654
160.4707,3.000,387.335,364.892,11.222,-0.218
160.5715,3.000,387.903,364.508,11.697,-0.073
160.6740,3.000,388.354,364.203,12.076,-0.024
160.7756,3.000,388.759,363.915,12.422,-0.008
160.8771,3.000,389.142,363.627,12.757,-0.003
160.9780,4.000,388.994,361.129,13.932,-1.468
161.0792,4.000,390.355,359.653,15.351,-0.489
161.1807,5.000,390.008,357.187,16.410,-1.630
177.6229,5.000,156.022,148.688,3.667,-7.333
177.7252,5.000,319.626,302.515,8.556,-2.444
177.8272,5.000,384.565,364.195,10.185,-0.815
177.9288,5.000,384.827,363.370,10.728,-0.272
178.0299,5.000,384.783,362.964,10.909,-0.091
178.1310,5.000,384.663,362.723,10.970,-0.030
178.2326,5.000,384.539,362.559,10.990,-0.010
178.3343,5.000,384.430,362.437,10.997,-0.003
178.4360,5.000,384.340,362.342,10.999,-0.001
178.5370,5.000,384.267,362.268,11.000,-0.000
178.6378,5.000,384.208,362.209,11.000,-0.000
178.7389,4.000,383.228,361.815,10.707,1.467
178.8407,4.000,383.140,362.802,10.169,0.489
178.9419,4.000,383.614,363.049,10.283,0.163
179.0434,4.000,384.234,363.005,10.614,0.054
179.1452,4.000,384.868,362.832,11.018,0.018
179.2462,4.000,385.481,362.589,11.446,0.006
179.3476,3.000,384.581,362.503,11.039,1.469
179.4493,4.000,384.021,361.555,11.233,-0.977
179.5506,4.000,385.509,360.861,12.324,-0.326
179.6527,4.000,386.484,360.521,12.981,-0.109
179.7540,5.000,386.183,358.609,13.787,-1.503
179.8570,5.000,387.301,357.722,14.789,-0.501
179.9588,5.000,387.727,357.481,15.123,-0.167
180.0605,5.000,387.912,357.443,15.234,-0.056
180.1620,5.000,388.008,357.465,15.271,-0.019
180.2635,4.000,387.134,357.153,14.990,1.460
180.3653,4.000,387.126,358.212,14.457,0.487
180.4673,4.000,387.662,358.518,14.572,0.162
180.5697,3.000,386.847,358.726,14.061,1.521
180.6710,2.000,385.437,360.370,12.534,1.974
180.7724,1.000,383.952,362.763,10.595,2.125
180.8746,0.000,382.525,365.635,8.445,2.175
180.9760,-2.000,378.247,367.630,5.308,3.658
181.0781,-3.000,374.471,370.859,1.806,2.686
181.1797,-4.000,370.929,373.245,-1.158,2.362
181.2806,-5.000,367.798,374.730,-3.466,2.254
181.3824,-6.000,364.543,375.947,-5.702,2.218
181.4839,-8.000,359.063,376.358,-8.647,3.673
181.5849,-10.000,352.401,377.526,-12.562,4.158
181.6866,-11.000,347.337,379.472,-16.067,2.853
181.7876,-12.000,343.096,380.501,-18.702,2.418
181.8895,-13.000,339.106,381.201,-21.047,2.273
181.9923,-14.000,335.181,381.773,-23.296,2.224
182.0942,-15.000,331.264,382.288,-25.512,2.208
182.1953,-15.000,329.431,383.399,-26.984,0.736
182.2978,-15.000,328.652,383.601,-27.475,0.245
182.3988,-15.000,328.258,383.534,-27.638,0.082
182.4995,-15.000,328.018,383.404,-27.693,0.027
182.6005,-14.000,327.946,381.901,-26.978,-1.458
182.7019,-14.000,329.287,381.299,-26.006,-0.486
219.2327,-14.000,132.973,153.506,-10.267,20.533
219.3349,-14.000,276.582,324.493,-23.956,6.844
219.4372,-14.000,334.196,391.233,-28.519,2.281
219.5391,-14.000,331.486,391.565,-30.040,0.760
219.6407,-14.000,330.029,391.122,-30.547,0.253
219.7419,-14.000,329.099,390.530,-30.716,0.084
219.8444,-14.000,328.434,389.978,-30.772,0.028
219.9466,-14.000,327.929,389.510,-30.791,0.009
220.0480,-14.000,327.533,389.127,-30.797,0.003
220.1495,-14.000,327.219,388.817,-30.799,0.001
220.2511,-13.000,327.063,387.195,-30.066,-1.466
220.3528,-13.000,328.329,386.506,-29.089,-0.489
220.4547,-13.000,328.886,386.412,-28.763,-0.163
220.5565,-12.000,329.272,385.114,-27.921,-1.521
220.6574,-11.000,331.015,383.363,-26.174,-1.974
220.7596,-11.000,333.328,383.044,-24.858,-0.658
220.8616,-10.000,334.657,382.029,-23.686,-1.686
220.9630,-9.000,337.000,380.657,-21.829,-2.029
221.0651,-8.000,339.835,379.320,-19.743,-2.143
221.1664,-7.000,342.955,378.117,-17.581,-2.181
221.2680,-6.000,346.270,377.057,-15.394,-2.194
221.3693,-5.000,349.727,376.123,-13.198,-2.198
221.4709,-5.000,353.202,376.667,-11.733,-0.733
221.5731,-4.000,354.951,376.853,-10.951,-1.711
221.6741,-3.000,357.629,376.443,-9.407,-2.037
249.3257,1.000,158.638,156.952,0.843,-1.467
249.4270,1.000,318.793,314.931,1.931,-0.489
249.5289,1.000,382.821,378.087,2.367,-0.163
249.6304,1.000,382.983,377.812,2.586,-0.054
249.7316,2.000,382.568,375.417,3.575,-1.485
249.8331,3.000,383.137,371.880,5.628,-1.962
249.9363,3.000,384.587,370.055,7.266,-0.654
250.0380,4.000,384.687,366.936,8.875,-1.685
250.1395,4.000,386.042,365.165,10.438,-0.562
250.2410,4.000,386.690,364.184,11.253,-0.187
250.3424,5.000,386.055,361.833,12.111,-1.529
250.4440,5.000,386.880,360.620,13.130,-0.510
250.5456,5.000,387.064,360.124,13.470,-0.170
250.6475,6.000,386.427,357.793,14.317,-1.523
250.7486,7.000,386.628,354.497,16.066,-1.974
250.8496,7.000,387.706,352.942,17.382,-0.658
250.9516,7.000,387.955,352.313,17.821,-0.219
251.0529,7.000,387.948,352.015,17.967,-0.073
251.1538,7.000,387.875,351.844,18.016,-0.024
251.2557,7.000,387.794,351.730,18.032,-0.008
251.3569,7.000,387.721,351.647,18.037,-0.003
251.4592,7.000,387.661,351.583,18.039,-0.001
251.5609,7.000,387.612,351.532,18.040,-0.000
251.6625,7.000,387.572,351.492,18.040,-0.000
251.7637,7.000,387.540,351.460,18.040,-0.000
251.8650,7.000,387.514,351.434,18.040,-0.000
251.9664,7.000,387.494,351.414,18.040,-0.000
252.0677,7.000,387.478,351.398,18.040,-0.000
252.1705,8.000,386.838,349.291,18.773,-1.467
252.2726,8.000,387.717,348.215,19.751,-0.489
252.3745,8.000,387.964,347.810,20.077,-0.163
252.4755,8.000,388.010,347.639,20.186,-0.054
252.5764,7.000,386.622,347.645,19.489,1.449
252.6776,7.000,386.104,349.059,18.523,0.483
252.7790,7.000,386.141,349.739,18.201,0.161
252.8804,7.000,386.320,350.133,18.094,0.054
252.9819,6.000,385.140,350.491,17.325,1.485
255.5028,4.000,157.088,150.342,3.373,-5.867
255.6040,4.000,320.243,304.794,7.724,-1.956
255.7060,4.000,385.367,366.430,9.468,-0.652
255.8078,4.000,386.016,365.331,10.343,-0.217
255.9095,4.000,386.421,364.566,10.928,-0.072
256.0110,3.000,385.281,364.136,10.573,1.443
256.1130,3.000,385.022,365.141,9.941,0.481
256.2152,3.000,385.330,365.429,9.950,0.160
256.3175,2.000,384.308,365.648,9.330,1.520
256.4201,2.000,384.194,367.120,8.537,0.507
256.5216,1.000,383.136,367.984,7.576,1.636
256.6233,1.000,383.078,369.887,6.595,0.545
256.7248,0.000,382.079,371.082,5.498,1.648
256.8264,-1.000,379.855,372.743,3.556,2.016
256.9284,-2.000,376.972,374.455,1.259,2.139
257.0298,-3.000,373.655,376.116,-1.230,2.180
257.1309,-4.000,370.006,377.719,-3.857,2.193
257.2329,-5.000,366.632,378.737,-6.052,2.198
257.3352,-5.000,365.225,380.259,-7.517,0.733
257.4361,-6.000,362.689,380.167,-8.739,1.711
257.5370,-8.000,357.311,380.003,-11.346,3.504
257.6379,-8.000,354.758,382.122,-13.682,1.168
257.7394,-9.000,351.712,382.100,-15.194,1.856
257.8406,-9.000,350.248,383.111,-16.431,0.619
257.9416,-8.000,349.748,381.969,-16.110,-1.260
258.0436,-9.000,348.837,380.844,-16.003,1.047
258.1452,-9.000,348.326,381.728,-16.701,0.349
258.2471,-10.000,346.149,381.483,-17.667,1.583
258.3481,-11.000,343.032,381.943,-19.456,1.994
258.4492,-12.000,339.546,382.583,-21.519,2.131
258.5501,-13.000,335.893,383.239,-23.673,2.177
258.6516,-14.000,332.150,383.865,-25.858,2.192
258.7550,-14.000,330.441,385.079,-27.319,0.731
258.8567,-15.000,327.663,384.742,-28.540,1.710
258.9584,-16.000,324.183,385.010,-30.413,2.037
259.0600,-16.000,322.541,386.083,-31.771,0.679
259.1618,-16.000,321.860,386.307,-32.224,0.226
259.2630,-16.000,321.527,386.276,-32.375,0.075
259.3644,-16.000,321.331,386.180,-32.425,0.025
259.4659,-16.000,321.197,386.081,-32.442,0.008
259.5676,-16.000,321.098,385.993,-32.447,0.003
259.6685,-15.000,321.115,384.547,-31.716,-1.466
259.7709,-15.000,322.521,383.998,-30.739,-0.489
259.8730,-15.000,323.189,384.015,-30.413,-0.163
259.9742,-14.000,323.665,382.807,-29.571,-1.521
260.0762,-14.000,325.386,382.500,-28.557,-0.507
260.1776,-14.000,326.290,382.728,-28.219,-0.169
260.2804,-13.000,326.949,381.695,-27.373,-1.523
260.3818,-13.000,328.814,381.529,-26.358,-0.508
260.4830,-12.000,329.926,380.498,-25.286,-1.636
260.5845,-11.000,332.142,379.066,-23.462,-2.012
260.6867,-10.000,334.890,377.665,-21.387,-2.137
260.7885,-9.000,337.947,376.406,-19.229,-2.179
260.8899,-8.000,341.213,375.299,-17.043,-2.193
260.9915,-8.000,344.538,375.700,-15.581,-0.731
261.0933,-7.000,346.609,375.330,-14.360,-1.710
261.1948,-6.000,349.523,374.497,-12.487,-2.037
261.2959,-5.000,352.807,373.598,-10.396,-2.146
261.3969,-4.000,355.845,373.188,-8.672,-2.182
261.4978,-3.000,359.114,372.742,-6.814,-2.194
261.5988,-2.000,362.579,372.255,-4.838,-2.198
261.6994,-2.000,366.015,373.200,-3.593,-0.733
261.8007,-1.000,368.240,373.201,-2.481,-1.711
261.9027,-1.000,371.161,374.061,-1.450,-0.570
262.0045,0.000,373.146,373.820,-0.337,-1.657
262.1060,0.000,375.949,374.413,0.768,-0.552
262.2076,0.000,377.675,375.403,1.136,-0.184
262.3091,1.000,378.368,374.164,2.102,-1.528
262.4109,2.000,379.761,371.613,4.074,-1.976
262.5118,3.000,381.319,368.409,6.455,-2.125
262.6137,4.000,382.891,364.801,9.045,-2.175
262.7150,6.000,383.273,359.349,11.962,-3.658
262.8163,8.000,384.430,352.696,15.867,-4.153
262.9183,10.000,385.747,345.543,20.102,-4.318
263.0196,13.000,386.411,336.050,25.181,-5.839
263.1215,16.000,387.892,325.345,31.274,-6.346
263.2231,20.000,388.927,312.052,38.438,-7.982
263.3247,23.000,391.465,299.547,45.959,-7.061
263.4267,27.000,392.679,285.479,53.600,-8.220
263.5283,30.000,395.138,272.578,61.280,-7.140
263.6296,32.000,397.467,262.454,67.507,-5.313
263.7316,34.000,398.639,253.607,72.516,-4.704
263.8339,36.000,399.451,245.214,77.119,-4.501
263.9359,39.000,399.540,234.901,82.320,-5.900
264.0374,41.000,401.131,225.691,87.720,-4.900
264.1392,42.000,402.723,219.283,91.720,-3.100
264.2403,43.000,403.237,214.197,94.520,-2.500
264.3430,44.000,403.448,209.608,96.920,-2.300
264.4446,45.000,403.604,205.230,99.187,-2.233
264.5461,45.000,404.404,203.052,100.676,-0.744
264.6479,46.000,403.722,199.912,101.905,-1.715
264.7504,46.000,404.336,198.239,103.048,-0.572
264.8516,45.000,402.921,197.529,102.696,1.276
264.9545,45.000,402.220,198.529,101.845,0.425
265.0557,45.000,402.056,198.932,101.562,0.142
265.1577,44.000,400.683,199.216,100.734,1.514
265.2588,44.000,400.239,200.789,99.725,0.505
265.3597,43.000,398.981,201.671,98.655,1.635
265.4615,42.000,397.367,203.703,96.832,2.012
265.5636,42.000,397.193,206.212,95.491,0.671
265.6644,41.000,396.307,207.686,94.310,1.690
265.7653,40.000,395.042,210.141,92.450,2.030
265.8660,39.000,393.791,213.064,90.363,2.143
265.9674,38.000,392.658,216.255,88.201,2.181
266.0694,37.000,391.653,219.626,86.014,2.194
266.1705,36.000,390.764,223.128,83.818,2.198
266.2719,35.000,389.971,226.732,81.619,2.199
266.3733,34.000,389.255,230.416,79.420,2.200
266.4750,33.000,388.603,234.163,77.220,2.200
266.5766,31.000,386.627,238.054,74.287,3.667
266.6784,30.000,385.576,243.358,71.109,2.689
266.7803,29.000,385.111,247.945,68.583,2.363
266.8819,27.000,383.438,252.356,65.541,3.721
266.9840,27.000,384.052,257.932,63.060,1.240
267.0857,26.000,384.328,261.328,61.500,1.880
267.1872,25.000,384.170,265.143,59.513,2.093
267.2882,24.000,383.864,269.095,57.384,2.164
267.3900,23.000,383.507,273.090,55.208,2.188
267.4910,23.000,384.503,277.004,53.749,0.729
267.5920,22.000,384.607,279.547,52.530,1.710
267.6937,22.000,385.526,282.746,51.390,0.570
267.7948,22.000,386.793,284.773,51.010,0.190
267.8957,22.000,387.984,286.218,50.883,0.063
267.9968,21.000,387.623,287.407,50.108,1.488
268.0986,20.000,386.589,289.824,48.383,1.963
268.2001,20.000,386.834,292.686,47.074,0.654
268.3023,20.000,387.640,294.364,46.638,0.218
268.4034,19.000,387.116,295.597,45.759,1.539
268.5047,19.000,387.373,297.906,44.733,0.513
268.6066,19.000,388.057,299.275,44.391,0.171
268.7081,18.000,387.391,300.304,43.544,1.524
268.8089,18.000,387.520,302.464,42.528,0.508
268.9099,18.000,388.098,303.719,42.189,0.169
269.0118,18.000,388.717,304.565,42.076,0.056
269.1126,18.000,389.266,305.188,42.039,0.019
269.2138,19.000,389.096,303.577,42.760,-1.460
269.3156,19.000,390.357,302.890,43.733,-0.487
269.4163,19.000,390.911,302.795,44.058,-0.162
269.5172,19.000,391.203,302.871,44.166,-0.054
269.6182,19.000,391.386,302.982,44.202,-0.018
269.7194,20.000,390.889,300.994,44.947,-1.473
269.8216,21.000,391.250,297.925,46.662,-1.958
269.9237,21.000,392.472,296.537,47.967,-0.653
270.0257,21.000,392.841,296.036,48.402,-0.218
270.1278,22.000,392.306,293.744,49.281,-1.539
270.2300,22.000,393.201,292.587,50.307,-0.513
270.3315,23.000,392.812,290.048,51.382,-1.638
270.4339,23.000,393.733,288.784,52.474,-0.546
270.5364,23.000,393.959,288.283,52.838,-0.182
270.6383,24.000,393.344,285.959,53.693,-1.527
270.7400,24.000,394.186,284.765,54.711,-0.509
270.8426,24.000,394.385,284.285,55.050,-0.170
270.9441,24.000,394.386,284.059,55.163,-0.057
271.0450,24.000,394.333,283.931,55.201,-0.019
271.1460,23.000,392.901,283.940,54.480,1.460
271.2478,23.000,392.357,285.344,53.507,0.487
271.3491,23.000,392.377,286.013,53.182,0.162
271.4522,23.000,392.544,286.396,53.074,0.054
271.5534,23.000,392.729,286.653,53.038,0.018
271.6548,22.000,391.520,286.934,52.293,1.473
271.7580,22.000,391.167,288.545,51.311,0.491
271.8598,22.000,391.343,289.376,50.984,0.164
271.9620,22.000,391.636,289.887,50.875,0.055
272.0633,22.000,391.922,290.246,50.838,0.018
272.1643,22.000,392.168,290.516,50.826,0.006
272.2661,21.000,390.996,290.819,50.089,1.469
272.3679,21.000,390.670,292.451,49.110,0.490
272.4692,20.000,389.493,293.393,48.050,1.630
272.5711,19.000,387.939,295.479,46.230,2.010
272.6718,18.000,386.438,298.125,44.157,2.137
272.7734,17.000,385.098,301.101,41.999,2.179
272.8747,17.000,385.300,304.208,40.546,0.726
272.9759,16.000,384.766,306.109,39.329,1.709
273.0770,15.000,383.801,308.888,37.456,2.036
273.1791,15.000,384.169,311.971,36.099,0.679
273.2802,15.000,385.097,313.804,35.646,0.226
273.3822,15.000,386.050,315.059,35.495,0.075
273.4840,16.000,386.257,313.900,36.178,-1.442
273.5860,16.000,387.837,313.558,37.139,-0.481
273.6876,17.000,388.025,311.639,38.193,-1.627
273.7891,17.000,389.418,310.862,39.278,-0.542
273.8904,18.000,389.399,308.654,40.373,-1.647
273.9914,19.000,389.980,305.571,42.204,-2.016
274.0926,19.000,391.323,304.227,43.548,-0.672
274.1934,19.000,391.770,303.778,43.996,-0.224
274.2950,19.000,391.919,303.629,44.145,-0.075
274.3958,19.000,391.969,303.579,44.195,-0.025
274.4965,19.000,391.985,303.562,44.212,-0.008
274.5977,19.000,391.990,303.556,44.217,-0.003
274.6994,19.000,391.992,303.554,44.219,-0.001
274.8009,19.000,391.992,303.553,44.220,-0.000
274.9017,18.000,390.619,303.646,43.487,1.467
275.0027,18.000,390.129,305.112,42.509,0.489
275.1043,17.000,388.821,305.921,41.450,1.630
275.2055,17.000,388.534,307.808,40.363,0.543
275.3072,17.000,388.812,308.810,40.001,0.181
275.4081,16.000,387.831,309.536,39.147,1.527
275.5091,16.000,387.710,311.452,38.129,0.509
275.6101,16.000,388.089,312.510,37.790,0.170
275.7109,16.000,388.551,313.197,37.677,0.057
275.8128,16.000,388.972,313.695,37.639,0.019
275.9138,16.000,389.328,314.075,37.626,0.006
276.0147,17.000,388.991,312.280,38.355,-1.465
276.1161,17.000,390.115,311.451,39.332,-0.488
276.2180,17.000,390.558,311.243,39.657,-0.163
276.3199,18.000,390.134,309.136,40.499,-1.521
276.4227,18.000,391.135,308.109,41.513,-0.507
276.5243,18.000,391.463,307.761,41.851,-0.169
276.6257,19.000,390.941,305.547,42.697,-1.523
276.7274,19.000,391.862,304.438,43.712,-0.508
276.8287,20.000,391.498,301.930,44.784,-1.636
276.9306,20.000,392.441,300.691,45.875,-0.545
277.0322,20.000,392.685,300.209,46.238,-0.182
277.1337,20.000,392.712,299.993,46.359,-0.061
277.2353,20.000,392.676,299.876,46.400,-0.020
277.3371,20.000,392.629,299.802,46.413,-0.007
277.4382,21.000,391.958,297.656,47.151,-1.469
277.5397,21.000,392.810,296.549,48.130,-0.490
277.6421,21.000,393.035,296.122,48.457,-0.163
277.7442,21.000,393.063,295.931,48.566,-0.054
277.8459,21.000,393.034,295.830,48.602,-0.018
277.9478,21.000,392.994,295.766,48.614,-0.006
278.0499,21.000,392.957,295.721,48.618,-0.002
278.1507,22.000,392.298,293.593,49.353,-1.467
278.2528,22.000,393.162,292.500,50.331,-0.489
278.3540,22.000,393.396,292.082,50.657,-0.163
278.4551,22.000,393.431,291.900,50.766,-0.054
278.5558,22.000,393.409,291.805,50.802,-0.018
278.6573,22.000,393.374,291.746,50.814,-0.006
278.7591,22.000,393.340,291.704,50.818,-0.002
278.8605,23.000,392.685,289.580,51.553,-1.467
278.9622,23.000,393.551,288.489,52.531,-0.489
279.0637,24.000,393.161,285.980,53.590,-1.630
279.1656,25.000,393.461,282.641,55.410,-2.010
279.2669,26.000,393.959,278.992,57.483,-2.137
279.3683,27.000,394.496,275.214,59.641,-2.179
279.4690,29.000,394.399,269.278,62.560,-3.660
279.5700,31.000,395.172,262.238,66.467,-4.153
279.6710,32.000,396.807,256.869,69.969,-2.851
279.7726,33.000,397.588,252.382,72.603,-2.417
279.8744,34.000,398.090,248.195,74.948,-2.272
279.9757,35.000,398.504,244.113,77.196,-2.224
280.0776,35.000,399.520,242.163,78.679,-0.741
280.1789,36.000,399.014,239.201,79.906,-1.714
280.2798,36.000,399.769,237.672,81.049,-0.571
280.3809,36.000,399.840,236.981,81.430,-0.190
280.4828,35.000,398.346,236.700,80.823,1.403
280.5843,35.000,397.701,237.925,79.888,0.468
280.6862,35.000,397.621,238.469,79.576,0.156
280.7880,34.000,396.329,238.852,78.739,1.519
280.8899,33.000,394.579,240.594,76.993,1.973
280.9917,32.000,392.888,242.999,74.944,2.124
281.0932,30.000,390.011,245.888,72.061,3.641
281.1950,29.000,388.214,250.413,68.900,2.680
281.2959,27.000,385.772,254.479,65.647,3.827
281.3971,25.000,383.124,259.866,61.629,4.209
281.4991,24.000,382.040,265.861,58.090,2.870
281.6005,22.000,380.345,270.925,54.710,3.890
281.7026,20.000,378.352,277.052,50.650,4.230
281.8042,18.000,376.440,283.713,46.363,4.343
281.9059,15.000,373.323,290.788,41.268,5.848
282.0079,14.000,372.635,299.363,36.636,3.416
282.1098,12.000,371.765,305.981,32.892,4.072
282.2119,9.000,369.231,313.276,27.977,5.757
282.3136,7.000,367.549,322.205,22.672,4.852
282.4153,5.000,366.467,330.525,17.971,4.551
282.5171,3.000,365.912,338.311,13.800,4.450
282.6185,1.000,365.200,346.247,9.477,4.417
282.7198,-2.000,361.365,353.141,4.112,5.872
282.8211,-4.000,357.048,360.466,-1.709,4.891
282.9218,-6.000,352.804,365.676,-6.436,4.564
283.0229,-9.000,345.868,369.225,-11.679,5.921
283.1239,-12.000,337.285,372.938,-17.826,6.374
283.2254,-13.000,331.995,377.612,-22.809,3.591
283.3273,-15.000,326.168,379.507,-26.670,4.130
283.4282,-19.000,315.468,380.181,-32.357,7.243
283.5295,-24.000,300.162,381.866,-40.852,9.748
283.6317,-27.000,286.935,386.036,-49.551,7.649
283.7329,-28.000,279.119,389.886,-55.384,4.016
283.8343,-27.000,275.949,390.605,-57.328,-0.128
283.9356,-26.000,276.147,389.165,-56.509,-1.509
284.0377,-24.000,277.843,385.916,-54.036,-3.436
284.1395,-22.000,281.699,382.257,-50.279,-4.079
284.2405,-20.000,286.684,378.870,-46.093,-4.293
284.3421,-17.000,292.465,374.527,-41.031,-5.831
284.4438,-15.000,300.114,371.468,-35.677,-4.877
284.5469,-13.000,307.388,369.306,-30.959,-4.559
284.6490,-10.000,314.753,366.192,-25.720,-5.920
284.7508,-8.000,323.586,364.199,-20.307,-4.907
284.8525,-6.000,331.779,362.917,-15.569,-4.569
284.9536,-4.000,339.337,362.329,-11.496,-4.456
285.0550,-1.000,347.265,360.136,-6.435,-5.885
285.1566,1.000,356.060,357.930,-0.935,-4.895
285.2597,3.000,363.035,354.786,4.125,-4.565
285.3614,5.000,368.358,351.088,8.635,-4.455
285.4622,7.000,372.724,346.581,13.072,-4.418
285.5639,10.000,375.734,339.299,18.217,-5.873
285.6676,12.000,379.687,332.489,23.599,-4.891
285.7691,14.000,382.551,325.898,28.326,-4.564
285.8703,16.000,384.850,319.179,32.835,-4.455
285.9726,19.000,386.171,310.161,38.005,-5.885
286.0740,21.000,388.762,301.972,43.395,-4.895
286.1756,24.000,389.906,292.190,48.858,-6.032
286.2773,26.000,392.219,283.527,54.346,-4.944
286.3788,28.000,393.721,275.504,59.109,-4.581
286.4799,30.000,394.914,267.655,63.630,-4.460
286.5812,32.000,395.972,259.832,68.070,-4.420
286.6831,33.000,397.586,254.086,71.750,-2.940
286.7848,34.000,398.267,249.380,74.443,-2.447
286.8865,35.000,398.661,245.045,76.808,-2.282
286.9878,37.000,398.353,238.761,79.796,-3.694
287.0890,38.000,399.552,233.568,82.992,-2.698
287.1910,39.000,400.126,229.078,85.524,-2.366
287.2930,40.000,400.511,224.842,87.835,-2.255
287.3946,41.000,400.847,220.704,90.072,-2.218
287.4965,42.000,401.179,216.611,92.284,-2.206
287.5980,42.000,402.145,214.636,93.755,-0.735
287.6998,43.000,401.605,211.648,94.978,-1.712
287.8009,44.000,401.709,208.003,96.853,-2.037
287.9028,44.000,402.650,206.228,98.211,-0.679
288.0042,45.000,402.143,203.349,99.397,-1.693
288.1061,45.000,402.917,201.865,100.526,-0.564
288.2074,45.000,403.009,201.205,100.902,-0.188
288.3083,46.000,402.281,198.760,101.761,-1.529
288.4101,46.000,403.031,197.470,102.780,-0.510
288.5113,46.000,403.155,196.915,103.120,-0.170
288.6139,46.000,403.096,196.629,103.233,-0.057
288.7150,47.000,402.369,194.360,104.004,-1.486
288.8169,47.000,403.161,193.171,104.995,-0.495
288.9184,46.000,401.959,192.776,104.592,1.302
289.0195,46.000,401.452,194.004,103.724,0.434
289.1210,46.000,401.452,194.582,103.435,0.145
289.2229,46.000,401.586,194.910,103.338,0.048
289.3247,45.000,400.366,195.220,102.573,1.483
289.4260,45.000,400.013,196.844,101.584,0.494
289.5271,45.000,400.192,197.683,101.255,0.165
289.6282,44.000,399.116,198.293,100.412,1.522
289.7294,44.000,398.915,200.121,99.397,0.507
289.8314,43.000,397.855,201.203,98.326,1.636
289.9331,43.000,397.773,203.302,97.235,0.545
290.0349,42.000,396.843,204.566,96.138,1.648
290.1364,41.000,395.504,206.892,94.306,2.016
290.2382,41.000,395.555,209.631,92.962,0.672
290.3397,39.000,393.476,211.381,91.047,3.157
290.4413,39.000,393.240,215.355,88.942,1.052
290.5421,38.000,392.660,217.645,87.507,1.817
290.6439,36.000,390.385,220.727,84.829,3.539
290.7456,35.000,388.976,225.503,81.736,2.646
290.8476,34.000,388.185,229.707,79.239,2.349
290.9495,33.000,387.611,233.732,76.940,2.250
291.0514,32.000,387.118,237.705,74.707,2.217
291.1527,31.000,386.659,241.668,72.496,2.206
291.2540,30.000,386.217,245.633,70.292,2.202
291.3552,29.000,385.785,249.604,68.091,2.201
291.4570,28.000,385.360,253.580,65.890,2.200
291.5587,27.000,384.941,257.561,63.690,2.200
291.6603,25.000,383.152,261.638,60.757,3.667
291.7615,24.000,382.249,267.091,57.579,2.689
291.8632,22.000,380.530,271.891,54.320,3.830
291.9645,21.000,379.836,277.770,51.033,2.743
292.0659,20.000,379.708,282.766,48.471,2.381
292.1673,19.000,379.694,287.394,46.150,2.260
292.2684,18.000,379.660,291.839,43.910,2.220
292.3704,17.000,379.571,296.177,41.697,2.207
292.4724,15.000,378.053,300.535,38.759,3.669
292.5740,14.000,377.369,306.210,35.580,2.690
292.6747,13.000,377.199,311.093,33.053,2.363
292.7762,12.000,377.136,315.647,30.744,2.254
292.8782,11.000,377.056,320.039,28.508,2.218
292.9809,11.000,378.302,324.243,27.029,0.739
293.0820,11.000,379.989,326.916,26.536,0.246
293.1841,10.000,380.195,328.917,25.639,1.549
293.2850,10.000,381.046,331.833,24.606,0.516
293.3878,10.000,382.208,333.684,24.262,0.172
293.4898,10.000,383.299,335.004,24.147,0.057
293.5918,10.000,384.225,336.006,24.109,0.019
293.6936,10.000,384.983,336.790,24.096,0.006
293.7948,11.000,384.969,335.318,24.825,-1.465
293.8966,11.000,386.351,334.748,25.802,-0.488
293.9990,12.000,386.375,332.653,26.861,-1.629
294.1004,12.000,387.633,331.739,27.947,-0.543
294.2026,13.000,387.505,329.421,29.042,-1.648
294.3047,14.000,387.999,326.251,30.874,-2.016
294.4064,14.000,389.272,324.836,32.218,-0.672
294.5078,16.000,388.411,320.145,34.133,-3.157
294.6096,17.000,389.668,315.726,36.971,-2.519
294.7115,18.000,390.455,311.688,39.384,-2.306
294.8128,20.000,390.440,305.664,42.388,-3.702
294.9148,21.000,391.865,300.687,45.589,-2.701
295.0169,22.000,392.618,296.372,48.123,-2.367
295.1191,23.000,393.145,292.276,50.434,-2.256
295.2209,25.000,392.968,286.158,53.405,-3.685
295.3236,26.000,394.280,281.090,56.595,-2.695
295.4254,28.000,394.321,274.604,59.858,-3.832
295.5266,30.000,395.044,267.285,63.879,-4.211
295.6284,31.000,396.586,261.746,67.420,-2.870
295.7307,32.000,397.274,257.140,70.067,-2.423
295.8321,33.000,397.696,252.865,72.416,-2.274
295.9342,34.000,398.044,248.713,74.665,-2.225
296.0354,35.000,398.379,244.616,76.882,-2.208
296.1370,36.000,398.719,240.545,79.087,-2.203
296.2382,37.000,399.069,236.491,81.289,-2.201
296.3391,38.000,399.428,232.449,83.490,-2.200
296.4399,38.000,400.422,230.509,84.957,-0.733
296.5407,39.000,399.906,227.548,86.179,-1.711
296.6417,40.000,400.029,223.923,88.053,-2.037
296.7428,40.000,400.986,222.164,89.411,-0.679
296.8454,40.000,401.118,221.391,89.864,-0.226
296.9463,41.000,400.386,218.890,90.748,-1.542
297.0475,41.000,401.121,217.569,91.776,-0.514
297.1495,41.000,401.229,216.992,92.119,-0.171
297.2510,41.000,401.156,216.690,92.233,-0.057
297.3534,41.000,401.044,216.502,92.271,-0.019
297.4544,41.000,400.936,216.369,92.284,-0.006
297.5561,41.000,400.844,216.269,92.288,-0.002
297.6580,41.000,400.769,216.190,92.289,-0.001
297.7598,41.000,400.708,216.128,92.290,-0.000
297.8612,41.000,400.659,216.079,92.290,-0.000
297.9635,41.000,400.620,216.040,92.290,-0.000
298.0650,41.000,400.588,216.008,92.290,-0.000
298.1665,41.000,400.563,215.983,92.290,-0.000
298.2681,40.000,399.169,216.056,91.557,1.467
298.3700,40.000,398.664,217.506,90.579,0.489
298.4714,39.000,397.342,218.303,89.520,1.630
298.5729,38.000,395.672,220.272,87.700,2.010
298.6752,38.000,395.452,222.732,86.360,0.670
298.7772,37.000,394.528,224.168,85.180,1.690
298.8779,36.000,393.233,226.593,83.320,2.030
298.9810,35.000,391.958,229.491,81.233,2.143
299.0826,34.000,390.805,232.663,79.071,2.181
299.1844,33.000,389.786,236.018,76.884,2.194
299.2864,32.000,388.884,239.508,74.688,2.198
299.3881,31.000,388.080,243.102,72.489,2.199
299.4898,30.000,387.357,246.778,70.290,2.200
299.5909,28.000,385.325,250.612,67.357,3.667
299.6933,27.000,384.228,255.870,64.179,2.689
299.7958,25.000,382.353,260.514,60.920,3.830
299.8972,24.000,381.535,266.268,57.633,2.743
299.9991,23.000,381.307,271.165,55.071,2.381
300.1005,21.000,379.840,275.806,52.017,3.727
300.2025,20.000,379.252,281.654,48.799,2.709
300.3050,18.000,377.803,286.750,45.526,3.836
300.4070,17.000,377.331,292.860,42.235,2.745
300.5089,16.000,377.383,298.039,39.672,2.382
300.6099,15.000,377.514,302.813,37.351,2.261
300.7114,14.000,377.595,307.375,35.110,2.220
300.8131,13.000,377.599,311.806,32.897,2.207
300.9147,11.000,376.155,316.238,29.959,3.669
301.0175,10.000,375.531,321.972,26.780,2.690
301.1191,8.000,374.036,326.996,23.520,3.830
301.2201,7.000,373.520,333.054,20.233,2.743
301.3639,5.000,372.162,338.286,16.938,3.848
301.4650,4.000,372.213,344.054,14.079,2.749
301.5667,3.000,372.664,348.978,11.843,2.383
301.6685,2.000,373.073,353.591,9.741,2.261
301.7700,-1.000,369.623,357.776,5.924,5.154
301.8725,-2.000,367.169,364.100,1.535,3.185
301.9739,-3.000,365.170,368.474,-1.652,2.528
302.0753,-4.000,362.901,371.922,-4.511,2.309
302.1766,-4.000,362.394,375.374,-6.490,0.770
302.2777,-5.000,360.965,376.438,-7.737,1.723
302.3787,-6.000,358.577,377.815,-9.619,2.041
302.4806,-7.000,355.718,379.144,-11.713,2.147
302.5823,-8.000,352.582,380.337,-13.878,2.182
302.6837,-8.000,351.349,382.014,-15.333,0.727
302.7852,-10.000,346.856,381.424,-17.284,3.176
302.8872,-11.000,342.612,382.881,-20.135,2.525
302.9894,-12.000,338.720,383.823,-22.552,2.308
303.0908,-13.000,334.908,384.556,-24.824,2.236
303.1922,-13.000,333.185,385.814,-26.315,0.745
303.2935,-14.000,330.409,385.499,-27.545,1.715
303.3955,-15.000,326.936,385.779,-29.422,2.038
303.4972,-15.000,325.300,386.861,-30.781,0.679
303.5990,-16.000,322.532,386.466,-31.967,1.693
303.7005,-16.000,321.138,387.329,-33.096,0.564
303.8024,-16.000,320.549,387.493,-33.472,0.188
303.9041,-17.000,318.161,386.822,-34.331,1.529
304.0057,-17.000,316.917,387.618,-35.350,0.510
304.1076,-17.000,316.398,387.779,-35.690,0.170
304.2096,-17.000,316.142,387.749,-35.803,0.057
304.3112,-17.000,315.990,387.672,-35.841,0.019
304.4123,-17.000,315.885,387.593,-35.854,0.006
304.5135,-16.000,315.901,386.150,-35.125,-1.465
304.6150,-16.000,317.307,385.603,-34.148,-0.488
304.7166,-16.000,317.976,385.621,-33.823,-0.163
304.8181,-16.000,318.359,385.787,-33.714,-0.054
304.9200,-15.000,318.708,384.598,-32.945,-1.485
305.0218,-15.000,320.362,384.272,-31.955,-0.495
305.1232,-14.000,321.316,383.100,-30.892,-1.632
305.2246,-14.000,323.317,382.925,-29.804,-0.544
305.3260,-13.000,324.503,381.919,-28.708,-1.648
305.4278,-12.000,326.767,380.519,-26.876,-2.016
305.5289,-11.000,329.550,379.148,-24.799,-2.139
305.6298,-9.000,332.727,376.540,-21.906,-3.646
305.7316,-8.000,337.479,374.963,-18.742,-2.682
305.8331,-6.000,341.724,372.699,-15.487,-3.827
305.9342,-5.000,347.161,371.566,-12.202,-2.742
306.0351,-3.000,351.568,370.043,-9.237,-3.847
306.1360,-2.000,357.160,369.478,-6.159,-2.749
306.2370,0.000,362.190,367.909,-2.860,-3.850
306.3388,2.000,367.107,364.321,1.393,-4.217
306.4407,3.000,372.153,361.618,5.268,-2.872
306.5426,4.000,375.819,359.107,8.356,-2.424
306.6446,5.000,378.270,356.859,10.705,-2.275
306.7464,6.000,380.241,354.331,12.955,-2.225
306.8478,8.000,381.248,349.438,15.905,-3.675
306.9490,9.000,383.518,345.341,19.088,-2.692
307.0520,10.000,384.954,341.722,21.616,-2.364
307.1532,10.000,386.657,340.273,23.192,-0.788
307.2549,11.000,386.657,337.755,24.451,-1.729
307.3562,11.000,387.803,336.596,25.604,-0.576
307.4572,11.000,388.182,336.206,25.988,-0.192
307.5589,11.000,388.306,336.074,26.116,-0.064
307.6595,11.000,388.345,336.027,26.159,-0.021
307.7610,11.000,388.356,336.010,26.173,-0.007
307.8629,11.000,388.359,336.003,26.178,-0.002
307.9647,11.000,388.359,336.000,26.179,-0.001
308.0667,10.000,386.984,336.091,25.446,1.466
308.1673,10.000,386.494,337.556,24.469,0.489
308.2688,9.000,385.184,338.365,23.410,1.630
308.3703,9.000,384.897,340.251,22.323,0.543
308.4718,8.000,383.801,341.346,21.228,1.648
308.5744,8.000,383.702,343.444,20.129,0.549
308.6762,8.000,384.136,344.610,19.763,0.183
308.7782,7.000,383.281,345.465,18.908,1.528
308.8799,7.000,383.262,347.483,17.889,0.509
308.9817,6.000,382.349,348.716,16.816,1.636
309.0830,6.000,382.386,350.935,15.725,0.545
309.1847,5.000,381.551,352.294,14.628,1.648
309.2855,5.000,381.662,354.603,13.529,0.549
309.3869,5.000,382.264,355.937,13.163,0.183
309.4887,4.000,381.983,356.487,12.748,1.528
309.5900,4.000,382.512,358.173,12.169,0.509
309.6920,3.000,382.015,359.162,11.426,1.636
309.7939,3.000,382.451,361.120,10.665,0.545
309.8948,2.000,381.891,362.314,9.788,1.648
309.9962,1.000,380.783,364.650,8.066,2.016
310.0970,1.000,381.040,367.376,6.832,0.672
310.1980,0.000,380.411,369.110,5.651,1.691
310.2997,-1.000,378.523,371.163,3.680,2.030
310.4006,-1.000,378.125,373.692,2.217,0.677
310.5018,-3.000,374.010,374.072,-0.031,3.159
310.6026,-3.000,372.081,377.015,-2.467,1.053
310.7038,-4.000,369.250,377.935,-4.342,1.818
310.8063,-5.000,366.181,378.756,-6.287,2.073
310.9072,-6.000,362.807,379.612,-8.402,2.158
311.0087,-7.000,359.268,380.416,-10.574,2.186
311.1109,-7.000,357.716,381.779,-12.031,0.729
311.2124,-8.000,355.062,381.563,-13.250,1.710
311.3137,-8.000,353.774,382.555,-14.390,0.570
311.4152,-8.000,353.276,382.816,-14.770,0.190
311.5167,-8.000,353.055,382.848,-14.897,0.063
311.6191,-7.000,353.030,381.441,-14.206,-1.446
311.7224,-7.000,354.421,380.905,-13.242,-0.482
311.8239,-7.000,355.084,380.925,-12.921,-0.161
311.9248,-7.000,355.465,381.092,-12.814,-0.054
312.0268,-6.000,355.812,379.902,-12.045,-1.485
312.1279,-6.000,357.465,379.575,-11.055,-0.495
312.2299,-5.000,358.419,378.402,-9.992,-1.632
312.3315,-5.000,360.419,378.227,-8.904,-0.544
312.4334,-4.000,361.165,377.661,-8.248,-1.648
312.5353,-3.000,363.099,376.591,-6.746,-2.016
312.6375,-1.000,365.865,373.955,-4.045,-3.605
312.7389,0.000,370.414,372.231,-0.908,-2.668
312.8414,1.000,373.806,370.379,1.714,-2.356
312.9428,2.000,376.586,368.110,4.238,-2.252
313.0442,4.000,378.479,363.187,7.646,-3.684
313.1461,5.000,381.096,359.426,10.835,-2.695
313.2469,6.000,382.808,356.078,13.365,-2.365
313.3487,8.000,383.477,350.661,16.408,-3.722
313.4496,10.000,384.806,344.094,20.356,-4.174
313.5505,12.000,386.240,337.029,24.605,-4.325
313.6522,13.000,388.244,331.800,28.222,-2.908
313.7553,14.000,389.266,327.478,30.894,-2.436
313.8565,16.000,389.317,321.347,33.985,-3.745
313.9581,17.000,390.755,316.325,37.215,-2.715
314.0591,19.000,390.878,309.895,40.492,-3.838
314.1599,20.000,392.287,304.720,43.784,-2.746
314.2621,22.000,392.359,298.196,47.081,-3.849
314.3636,24.000,393.090,290.863,51.114,-4.216
314.4656,26.000,394.007,283.224,55.391,-4.339
314.5673,27.000,395.584,277.550,59.017,-2.913
314.6690,28.000,396.260,272.876,61.692,-2.438
314.7707,29.000,396.660,268.558,64.051,-2.279
314.8720,30.000,396.985,264.378,66.304,-2.226
314.9730,31.000,397.301,260.258,68.521,-2.209
315.0746,32.000,397.625,256.171,70.727,-2.203
315.1778,32.000,398.589,254.197,72.196,-0.734
315.2800,32.000,398.674,253.304,72.685,-0.245
315.3823,32.000,398.514,252.817,72.848,-0.082
315.4840,32.000,398.310,252.504,72.903,-0.027
315.5855,32.000,398.121,252.279,72.921,-0.009
315.6874,32.000,397.961,252.107,72.927,-0.003
315.7887,32.000,397.831,251.973,72.929,-0.001
315.8904,31.000,396.352,251.960,72.196,1.466
315.9921,31.000,395.778,253.340,71.219,0.489
316.0939,30.000,394.401,254.082,70.160,1.630
316.1955,29.000,392.688,256.008,68.340,2.010
316.2970,28.000,391.059,258.526,66.267,2.137
316.3984,27.000,389.618,261.400,64.109,2.179
316.4994,26.000,388.364,264.518,61.923,2.193
316.6013,25.000,387.275,267.820,59.728,2.198
316.7031,23.000,384.948,271.357,56.796,3.666
316.8050,22.000,383.615,276.378,53.619,2.689
316.9069,21.000,382.924,280.739,51.093,2.363
317.0085,19.000,381.071,284.969,48.051,3.721
317.1103,17.000,378.794,290.587,44.104,4.174
317.2121,15.000,376.601,296.892,39.855,4.325
317.3137,13.000,374.617,303.607,35.505,4.375
317.4155,11.000,372.845,310.602,31.122,4.392
317.5168,10.000,372.634,317.713,27.461,2.931
317.6177,9.000,373.067,323.520,24.774,2.444
317.7191,8.000,373.560,328.738,22.411,2.281
317.8205,8.000,375.324,333.543,20.890,0.760
317.9219,7.000,376.071,336.771,19.650,1.720
318.0235,6.000,376.142,340.601,17.770,2.040
318.1242,5.000,375.968,344.615,15.677,2.147
318.2259,4.000,376.140,348.236,13.952,2.182
318.3280,4.000,377.642,351.767,12.937,0.727
318.4298,3.000,378.127,354.029,12.049,1.709
318.5319,2.000,377.933,357.141,10.396,2.036
318.6344,1.000,377.479,360.649,8.415,2.145
318.7358,0.000,376.897,364.394,6.252,2.182
318.8366,-1.000,375.505,367.597,3.954,2.194
318.9384,-2.000,373.453,370.377,1.538,2.198
319.0399,-3.000,370.856,372.837,-0.991,2.199
319.1418,-4.000,367.801,375.062,-3.630,2.200
319.2431,-5.000,364.910,376.570,-5.830,2.200
319.3446,-6.000,361.796,377.856,-8.030,2.200
319.4464,-7.000,358.505,378.965,-10.230,2.200
319.5479,-8.000,355.073,379.933,-12.430,2.200
319.6489,-9.000,351.527,380.787,-14.630,2.200
319.7500,-10.000,347.890,381.550,-16.830,2.200
319.8516,-11.000,344.180,382.240,-19.030,2.200
319.9535,-13.000,338.319,382.246,-21.963,3.667
320.0555,-14.000,333.439,383.722,-25.141,2.689
320.1569,-15.000,329.192,384.526,-27.667,2.363
320.2589,-16.000,325.146,385.097,-29.976,2.254
320.3602,-16.000,323.253,386.210,-31.479,0.751
320.4619,-17.000,320.347,385.773,-32.713,1.717
320.5628,-17.000,318.865,386.580,-33.858,0.572
320.6642,-17.000,318.213,386.691,-34.239,0.191
320.7664,-17.000,317.870,386.603,-34.366,0.064
320.8678,-17.000,317.655,386.472,-34.409,0.021
320.9698,-17.000,317.502,386.348,-34.423,0.007
321.0709,-17.000,317.387,386.242,-34.428,0.002
321.1723,-17.000,317.297,386.155,-34.429,0.001
321.2736,-17.000,317.226,386.085,-34.430,0.000
321.3748,-18.000,315.075,385.402,-35.163,1.467
321.4758,-19.000,311.871,385.620,-36.874,1.956
321.5771,-18.000,310.466,385.356,-37.445,-0.815
321.6791,-18.000,311.341,385.145,-36.902,-0.272
321.7814,-17.000,311.882,383.856,-35.987,-1.557
321.8835,-17.000,313.620,383.519,-34.949,-0.519
321.9856,-16.000,314.620,382.360,-33.870,-1.640
322.0871,-15.000,316.743,380.830,-32.043,-2.013
322.1898,-14.000,319.416,379.351,-29.968,-2.138
322.2915,-13.000,322.412,378.031,-27.809,-2.179
322.3932,-11.000,325.722,375.501,-24.890,-3.660
322.4943,-10.000,330.567,374.000,-21.717,-2.687
322.5956,-8.000,334.882,371.800,-18.459,-3.829
322.6966,-6.000,340.468,369.347,-14.440,-4.210
322.7975,-5.000,346.621,368.420,-10.900,-2.870
322.8989,-4.000,351.278,368.664,-8.693,-2.423
323.0003,-2.000,355.820,367.482,-5.831,-3.741
323.1014,0.000,361.845,365.586,-1.870,-4.180
323.2030,2.000,367.250,362.043,2.603,-4.327
323.3046,4.000,372.066,357.277,7.394,-4.376
323.4060,6.000,375.750,352.194,11.778,-4.392
323.5078,8.000,378.865,346.519,16.173,-4.397
323.6087,9.000,382.146,342.470,19.838,-2.932
323.7092,11.000,383.540,337.022,23.259,-3.911
323.8109,13.000,385.272,330.606,27.333,-4.237
323.9125,14.000,387.597,325.815,30.891,-2.879
324.0133,16.000,388.276,319.722,34.277,-3.893
324.1146,18.000,389.453,312.775,38.339,-4.231
324.2155,21.000,390.085,303.366,43.360,-5.810
324.3171,22.000,392.821,296.888,47.967,-3.403
324.4181,24.000,393.340,289.936,51.702,-4.068
324.5199,26.000,394.226,282.464,55.881,-4.289
324.6208,27.000,395.824,276.877,59.474,-2.896
324.7222,30.000,395.279,268.070,63.605,-5.365
324.8245,32.000,396.862,259.566,68.648,-4.722
324.9265,33.000,398.615,253.556,72.529,-3.041
325.0278,34.000,399.313,248.733,75.290,-2.480
325.1286,35.000,399.690,244.336,77.677,-2.293
325.2297,36.000,399.984,240.106,79.939,-2.231
325.3312,37.000,400.270,235.951,82.160,-2.210
325.4320,37.000,401.196,233.929,83.633,-0.737
325.5331,38.000,400.622,230.907,84.858,-1.712
325.6340,38.000,401.325,229.327,85.999,-0.571
325.7350,38.000,401.355,228.596,86.380,-0.190
325.8366,38.000,401.201,228.188,86.507,-0.063
325.9391,37.000,399.646,228.015,85.816,1.446
326.0409,37.000,398.990,229.287,84.852,0.482
326.1423,36.000,397.543,229.948,83.797,1.627
326.2435,35.000,395.770,231.812,81.979,2.009
326.3462,34.000,394.093,234.281,79.906,2.136
326.4478,33.000,392.613,237.115,77.749,2.179
326.5488,31.000,389.955,240.296,74.830,3.660
326.6510,30.000,388.351,245.038,71.657,2.687
326.7540,28.000,386.069,249.272,68.399,3.829
326.8550,26.000,383.550,254.791,64.380,4.210
326.9560,24.000,381.198,260.985,60.107,4.337
327.0571,23.000,380.469,267.505,56.482,2.912
327.1587,21.000,379.098,272.950,53.074,3.904
327.2598,17.000,374.632,279.556,47.538,7.168
327.3619,15.000,371.962,289.377,41.293,5.323
327.4636,13.000,370.528,297.972,36.278,4.708
327.5648,11.000,369.507,306.162,31.673,4.503
327.6661,9.000,368.626,314.218,27.204,4.434
327.7691,7.000,367.793,322.231,22.781,4.411
327.8707,4.000,366.045,329.884,18.080,5.870
327.9722,2.000,364.966,339.126,12.920,4.890
328.0740,0.000,364.224,347.838,8.193,4.563
328.1754,-3.000,359.760,354.518,2.621,5.921
328.2772,-5.000,355.513,361.099,-2.793,4.907
328.3780,-8.000,348.895,365.423,-8.264,6.036
328.4798,-10.000,342.767,370.276,-13.755,4.945
328.5813,-13.000,334.680,373.183,-19.252,6.048
328.6829,-16.000,325.296,376.264,-25.484,6.416
328.7839,-17.000,319.404,380.393,-30.495,3.605
328.8856,-19.000,313.108,381.838,-34.365,4.135
328.9877,-21.000,306.225,383.401,-38.588,4.312
329.0888,-24.000,296.942,384.268,-43.663,5.837
329.1910,-29.000,282.217,384.659,-51.221,9.279
329.2922,-37.000,258.551,385.099,-63.274,14.826
329.3935,-42.000,236.910,390.559,-76.825,12.275
329.4945,-45.000,220.974,395.390,-87.208,8.492
329.5959,-47.000,209.684,398.356,-94.336,5.764
329.6971,-48.000,202.418,400.242,-98.912,3.388
329.7985,-48.000,199.008,401.349,-101.171,1.129
329.8992,-49.000,195.241,400.554,-102.657,1.843
330.0003,-49.000,193.187,400.958,-103.886,0.614
330.1015,-49.000,192.117,400.708,-104.295,0.205
330.2029,-49.000,191.453,400.316,-104.432,0.068
330.3043,-49.000,190.985,399.939,-104.477,0.023
330.4067,-49.000,190.632,399.616,-104.492,0.008
330.5078,-48.000,190.449,397.978,-103.764,-1.464
330.6095,-48.000,191.697,397.273,-102.788,-0.488
330.7112,-48.000,192.240,397.165,-102.463,-0.163
330.8127,-47.000,192.616,395.857,-101.621,-1.521
330.9144,-46.000,194.350,394.097,-99.874,-1.974
331.0161,-46.000,196.656,393.771,-98.558,-0.658
331.1176,-45.000,197.979,392.751,-97.386,-1.686
331.2191,-44.000,200.318,391.375,-95.529,-2.029
331.3206,-44.000,203.055,391.408,-94.176,-0.676
331.4222,-43.000,204.708,390.692,-92.992,-1.692
331.5238,-44.000,205.117,390.312,-92.597,0.903
331.6254,-44.000,205.527,391.925,-93.199,0.301
331.7266,-45.000,204.042,392.308,-94.133,1.567
331.8286,-46.000,201.464,393.286,-95.911,1.989
331.9307,-47.000,198.404,394.344,-97.970,2.130
332.0335,-47.000,197.184,395.964,-99.390,0.710
332.1354,-48.000,194.777,395.970,-100.597,1.703
332.2371,-48.000,193.681,397.145,-101.732,0.568
332.3386,-48.000,193.334,397.556,-102.111,0.189
332.4400,-48.000,193.233,397.707,-102.237,0.063
332.5416,-47.000,193.305,396.396,-101.546,-1.446
332.6433,-46.000,194.866,394.564,-99.849,-1.949
332.7454,-43.000,197.337,390.036,-96.350,-5.050
332.8472,-41.000,203.067,386.100,-91.517,-4.617
332.9478,-40.000,208.956,384.367,-87.706,-3.006
333.0500,-40.000,213.622,385.025,-85.702,-1.002
333.1530,-40.000,216.419,386.487,-85.034,-0.334
333.2552,-40.000,218.346,387.968,-84.811,-0.111
333.3570,-40.000,219.783,389.257,-84.737,-0.037
333.4581,-40.000,220.898,390.323,-84.712,-0.012
333.5608,-39.000,221.872,389.814,-83.971,-1.471
333.6618,-38.000,224.132,388.646,-82.257,-1.957
333.7628,-35.000,227.153,384.658,-78.752,-5.052
333.8658,-30.000,233.601,377.036,-71.717,-9.017
333.9677,-25.000,244.610,368.689,-62.039,-10.339
334.0691,-21.000,257.941,362.367,-52.213,-9.313
334.1710,-20.000,271.047,361.589,-45.271,-4.571
334.2730,-19.000,280.118,363.099,-41.490,-2.990
334.3752,-19.000,287.344,366.338,-39.497,-0.997
334.4767,-19.000,292.195,369.860,-38.832,-0.332
334.5779,-20.000,293.672,372.360,-39.344,1.356
334.6800,-20.000,295.360,375.856,-40.248,0.452
334.7820,-21.000,295.038,377.603,-41.283,1.617
334.8831,-22.000,293.437,379.625,-43.094,2.006
334.9840,-22.000,293.268,382.131,-44.431,0.669
335.0857,-24.000,289.570,382.258,-46.344,3.156
335.1867,-25.000,285.944,384.307,-49.181,2.519
335.2885,-26.000,282.541,385.729,-51.594,2.306
335.3898,-27.000,279.118,386.847,-53.865,2.235
335.4913,-26.000,277.799,387.042,-54.622,-0.722
335.5922,-25.000,278.923,385.738,-53.407,-1.707
335.6946,-24.000,281.083,384.155,-51.536,-2.036
335.7965,-22.000,283.858,381.281,-48.712,-3.612
335.8981,-20.000,288.413,378.087,-44.837,-4.137
335.9998,-19.000,293.809,376.500,-41.346,-2.846
336.1011,-18.000,298.323,375.753,-38.715,-2.415
336.2031,-16.000,302.626,373.903,-35.638,-3.738
336.3049,-15.000,308.194,373.019,-32.413,-2.713
336.4060,-13.000,313.062,371.337,-29.138,-3.838
336.5076,-12.000,318.988,370.680,-25.846,-2.746
336.6096,-11.000,324.020,370.584,-23.282,-2.382
336.7122,-10.000,328.675,370.596,-20.961,-2.261
336.8140,-8.000,333.236,369.210,-17.987,-3.687
336.9150,-7.000,339.057,368.649,-14.796,-2.696
337.0170,-6.000,344.052,368.582,-12.265,-2.365
337.1181,-5.000,348.693,368.603,-9.955,-2.255
337.2191,-4.000,352.714,369.031,-8.158,-2.218
337.3212,-3.000,356.736,369.289,-6.276,-2.206
337.4226,-2.000,360.792,369.377,-4.292,-2.202
337.5248,-1.000,364.901,369.303,-2.201,-2.201
337.6264,-1.000,368.873,370.560,-0.844,-0.734
337.7280,0.000,371.546,370.788,0.379,-1.711
337.8298,1.000,374.331,369.605,2.363,-2.037
337.9319,1.000,377.440,369.778,3.831,-0.679
338.0338,2.000,378.799,368.325,5.237,-1.693
338.1353,3.000,380.593,365.735,7.429,-2.031
338.2374,4.000,382.442,362.529,9.956,-2.144
338.3395,5.000,383.702,359.464,12.119,-2.181
338.4403,6.000,545.266,514.766,15.250,-2.750
338.5412,7.000,705.719,670.867,17.426,-2.974
338.6419,7.000,707.819,669.363,19.228,-1.172
338.7434,8.000,707.977,667.082,20.448,-2.352
338.8451,8.000,709.553,665.807,21.873,-0.927
338.9460,10.000,708.653,661.747,23.453,-4.147
339.0483,11.000,710.392,657.441,26.475,-3.525
339.1494,12.000,711.711,653.469,29.121,-3.279
339.2517,13.000,712.846,649.611,31.617,-3.183
339.3534,14.000,713.894,645.784,34.055,-3.145
339.4554,14.000,715.689,643.767,35.961,-1.239
339.5566,14.000,716.351,642.927,36.712,-0.488
339.6580,14.000,716.575,642.560,37.008,-0.192
339.7595,14.000,716.635,642.386,37.124,-0.076
339.8613,15.000,715.844,640.486,37.679,-1.921
339.9629,15.000,716.932,639.245,38.843,-0.757
340.0641,15.000,717.329,638.725,39.302,-0.298
340.2081,15.000,717.461,638.496,39.483,-0.117
340.3090,14.000,716.284,638.194,39.045,1.845
340.4111,13.000,714.365,639.530,37.418,2.618
340.5127,13.000,713.546,641.883,35.831,1.031
340.6149,12.000,712.325,642.931,34.697,2.297
340.7164,10.000,709.446,644.872,32.287,4.687
340.8184,8.000,705.812,648.956,28.428,5.628
340.9205,6.000,702.162,654.164,23.999,5.999
341.0224,5.000,699.941,660.233,19.854,4.254
341.1236,3.000,697.844,664.609,16.618,5.458
341.2254,1.000,695.149,670.326,12.412,5.932
341.3277,0.000,693.554,676.939,8.308,4.228
341.4295,-3.000,688.212,680.495,3.858,7.338
341.5305,-5.000,682.432,685.647,-1.607,6.673
341.6315,-6.000,678.327,690.648,-6.160,4.520
341.7327,-9.000,671.520,692.374,-10.427,7.453
341.8335,-11.000,664.352,696.276,-15.962,6.718
341.9342,-13.000,657.356,699.459,-21.052,6.428
342.0356,-15.000,650.317,702.248,-25.966,6.314
342.1372,-17.000,643.172,704.793,-30.811,6.269
342.2381,-18.000,637.723,707.962,-35.119,4.361
342.3402,-20.000,631.550,709.111,-38.780,5.500
342.4419,-22.000,624.589,710.852,-43.132,5.948
342.5434,-23.000,619.087,713.579,-47.246,4.234
342.6442,-25.000,612.793,714.453,-50.830,5.450
342.7469,-27.000,605.704,716.006,-55.151,5.929
342.8489,-28.000,600.087,718.594,-59.254,4.226
342.9505,-29.000,595.505,720.153,-62.324,3.556
343.0522,-29.000,593.140,722.099,-64.479,1.401
343.1536,-28.000,591.933,721.571,-64.819,-1.339
343.2554,-26.000,592.669,718.647,-62.989,-4.309
343.3563,-25.000,596.214,715.951,-59.869,-3.589
343.4572,-25.000,599.729,715.116,-57.694,-1.414
343.5581,-24.000,601.467,714.123,-56.328,-2.448
343.6592,-24.000,604.248,713.937,-54.844,-0.964
343.7601,-23.000,605.679,713.181,-53.751,-2.271
343.8609,-22.000,608.135,711.866,-51.865,-2.785
343.9625,-21.000,611.089,710.425,-49.668,-2.988
344.0641,-21.000,614.505,710.219,-47.857,-1.177
344.1656,-19.000,616.121,708.372,-46.126,-4.246
344.2670,-18.000,620.410,706.497,-43.043,-3.563
344.3696,-16.000,624.154,703.885,-39.866,-5.186
344.4706,-15.000,629.558,701.986,-36.214,-3.934
344.5723,-13.000,633.962,699.585,-32.811,-5.331
344.6746,-11.000,639.614,696.738,-28.562,-5.882
344.7776,-8.000,645.727,692.667,-23.470,-7.990
344.8788,-5.000,653.814,688.014,-17.100,-8.820
344.9806,-3.000,662.791,684.984,-11.096,-7.256
345.0820,-1.000,671.066,682.667,-5.800,-6.640
345.1838,1.000,678.612,679.888,-0.638,-6.398
345.2859,4.000,684.503,674.009,5.247,-8.193
345.3865,6.000,690.892,668.431,11.231,-7.009
345.4885,7.000,696.673,664.698,15.988,-4.652
345.5902,9.000,699.731,660.079,19.826,-5.614
345.6921,11.000,702.927,654.434,24.246,-5.994
345.7939,12.000,706.789,650.013,28.388,-4.252
345.8958,14.000,708.560,644.594,31.983,-5.457
345.9970,16.000,710.827,638.210,36.309,-5.931
346.0983,19.000,712.402,629.540,41.431,-8.009
346.1999,21.000,715.836,621.230,47.303,-6.937
346.3019,23.000,718.509,613.458,52.525,-6.515
346.4033,24.000,721.626,607.660,56.983,-4.457
346.5044,24.000,724.255,604.887,59.684,-1.756
346.6072,24.000,725.261,603.765,60.748,-0.692
346.7091,24.000,725.634,603.299,61.168,-0.272
346.8110,24.000,725.763,603.097,61.333,-0.107
346.9121,23.000,724.589,602.812,60.889,1.849
