time_s,error_mm,left_rpm,right_rpm,pid_output,d_term
5.2456,8.000,154.142,142.408,5.867,-11.733
5.3474,8.000,320.415,293.037,13.689,-3.911
5.4492,8.000,386.121,353.529,16.296,-1.304
5.5502,7.000,385.167,352.302,16.432,1.032
5.6517,7.000,384.606,353.118,15.744,0.344
5.7530,6.000,383.105,353.543,14.781,1.581
5.8546,6.000,382.621,355.167,13.727,0.527
5.9559,6.000,543.472,514.257,14.608,0.208
6.0576,6.000,703.154,674.190,14.482,0.082
6.1594,5.000,702.417,674.571,13.923,1.923
6.2616,5.000,702.109,676.594,12.758,0.758
6.3631,4.000,701.607,677.069,12.269,2.189
6.4641,3.000,700.420,678.833,10.793,2.753
6.5659,3.000,700.343,681.373,9.485,1.085
6.6669,3.000,701.030,682.655,9.187,0.427
6.7683,1.000,699.261,683.201,8.030,3.950
6.8696,-1.000,695.239,686.243,4.498,5.338
6.9710,-3.000,689.634,689.865,-0.115,5.885
7.0725,-5.000,683.656,693.056,-4.700,6.100
7.1736,-7.000,677.226,696.056,-9.415,6.185
7.2746,-8.000,672.297,699.642,-13.673,4.327
7.3765,-9.000,668.328,701.936,-16.804,3.596
7.4785,-10.000,664.669,703.655,-19.493,3.307
7.5796,-11.000,661.080,705.092,-22.006,3.194
7.6813,-12.000,657.474,706.376,-24.451,3.149
7.7837,-13.000,653.828,707.565,-26.869,3.131
7.8859,-14.000,650.138,708.689,-29.275,3.125
7.9894,-14.000,648.218,710.557,-31.169,1.231
8.0911,-15.000,645.642,710.491,-32.424,2.376
8.1925,-16.000,642.337,711.083,-34.373,2.827
8.2937,-16.000,640.538,712.711,-36.086,1.114
8.3960,-16.000,639.795,713.317,-36.761,0.439
8.4978,-16.000,639.474,713.528,-37.027,0.173
8.5988,-16.000,639.325,713.589,-37.132,0.068
8.6995,-17.000,637.440,712.805,-37.682,1.918
8.8001,-18.000,634.401,713.108,-39.354,2.646
8.9018,-20.000,629.084,713.036,-41.976,4.824
9.0039,-24.000,618.769,712.640,-46.936,9.464
9.1057,-31.000,600.085,712.555,-56.235,16.965
9.2078,-36.000,580.250,718.375,-69.062,16.138
9.3094,-36.000,569.864,727.549,-78.843,6.357
9.4111,-28.000,563.999,721.245,-78.623,-12.623
9.5129,-18.000,572.872,704.636,-65.882,-23.882
9.6140,-11.000,592.915,688.604,-47.844,-22.644
9.7155,-6.000,614.289,677.439,-31.575,-18.375
9.8175,-2.000,633.505,670.790,-18.642,-14.802
9.9192,1.000,650.451,666.499,-8.024,-11.504
10.0213,4.000,663.592,661.681,0.955,-10.205
10.1232,6.000,674.524,658.207,8.158,-7.802
10.2249,8.000,682.654,654.844,13.905,-6.855
10.3266,10.000,689.133,650.978,19.078,-6.482
10.4284,12.000,694.525,646.476,24.025,-6.335
10.5302,14.000,699.140,641.375,28.882,-6.278
10.6321,17.000,702.376,633.948,34.214,-8.146
10.7342,20.000,706.265,624.908,40.678,-8.882
10.8362,21.000,711.796,618.655,46.570,-5.390
10.9373,22.000,714.983,614.291,50.346,-4.014
11.0391,22.000,717.945,612.387,52.779,-1.581
11.1399,22.000,719.326,611.852,53.737,-0.623
11.2417,22.000,720.042,611.813,54.115,-0.245
11.3429,22.000,720.462,611.935,54.263,-0.097
11.4446,22.000,720.737,612.094,54.322,-0.038
11.5464,21.000,719.725,612.053,53.836,1.876
11.6481,21.000,719.167,613.769,52.699,0.739
11.7493,21.000,719.182,614.679,52.251,0.291
11.8504,20.000,718.166,615.035,51.566,2.006
11.9522,20.000,717.687,616.987,50.350,0.790
12.0534,19.000,716.588,617.864,49.362,2.202
12.1550,17.000,713.747,619.728,47.009,4.649
12.2576,16.000,711.329,623.964,43.682,3.722
12.3593,13.000,707.173,627.374,39.899,7.139
12.4604,11.000,703.130,634.021,34.554,6.594
12.5621,9.000,699.756,640.677,29.540,6.380
12.6636,7.000,696.785,647.475,24.655,6.295
12.7651,6.000,695.291,654.630,20.331,4.371
12.8670,4.000,693.968,659.681,17.144,5.504
12.9691,2.000,691.946,665.886,13.030,5.950
13.0704,-1.000,687.666,672.113,7.777,8.017
13.1720,-4.000,520.185,520.561,-0.188,7.072
13.2744,-6.000,354.839,367.578,-6.369,5.291
13.3766,-8.000,349.118,371.845,-11.363,4.697
13.4793,-10.000,343.219,375.141,-15.961,4.499
13.5811,-11.000,339.084,378.472,-19.694,2.966
13.6823,-12.000,335.692,380.501,-22.405,2.455
13.7837,-13.000,332.417,381.967,-24.775,2.285
13.8852,-13.000,331.170,383.766,-26.298,0.762
13.9865,-13.000,330.883,384.495,-26.806,0.254
14.0886,-14.000,328.797,384.214,-27.709,1.551
14.1913,-15.000,325.723,384.675,-29.476,1.984
14.2928,-15.000,324.355,385.952,-30.799,0.661
14.3947,-16.000,321.784,385.730,-31.973,1.687
14.4963,-17.000,318.449,386.111,-33.831,2.029
14.5981,-17.000,316.915,387.282,-35.184,0.676
14.6998,-17.000,316.319,387.588,-35.635,0.225
14.8012,-18.000,313.959,386.995,-36.518,1.542
14.9022,-18.000,312.750,387.842,-37.546,0.514
15.0040,-18.000,312.263,388.040,-37.889,0.171
15.1056,-18.000,312.033,388.038,-38.003,0.057
15.2070,-18.000,311.902,387.984,-38.041,0.019
15.3090,-17.000,311.908,386.549,-37.320,-1.460
15.4107,-17.000,313.311,386.004,-36.347,-0.487
15.5121,-17.000,313.978,386.023,-36.022,-0.162
15.6138,-16.000,314.454,384.815,-35.181,-1.521
15.7151,-16.000,316.175,384.509,-34.167,-0.507
15.8167,-15.000,317.173,383.364,-33.096,-1.636
15.9188,-14.000,319.297,381.841,-31.272,-2.012
16.0205,-14.000,321.879,381.740,-29.931,-0.671
16.1217,-13.000,323.412,380.912,-28.750,-1.690
16.2232,-13.000,325.821,381.068,-27.623,-0.563
16.3248,-12.000,327.315,380.344,-26.514,-1.654
16.4263,-12.000,329.727,380.550,-25.411,-0.551
16.5281,-12.000,331.141,381.229,-25.044,-0.184
16.6304,-12.000,332.101,381.944,-24.921,-0.061
16.7327,-12.000,332.812,382.573,-24.880,-0.020
16.8341,-11.000,333.455,381.722,-24.133,-1.473
16.9358,-11.000,335.354,381.656,-23.151,-0.491
17.0373,-10.000,336.508,380.689,-22.090,-1.630
17.1383,-9.000,338.763,379.303,-20.270,-2.010
17.2397,-9.000,341.451,379.311,-18.930,-0.670
17.3413,-8.000,343.069,378.569,-17.750,-1.690
17.4431,-7.000,345.640,377.420,-15.890,-2.030
17.5449,-6.000,348.655,376.262,-13.803,-2.143
17.6463,-5.000,351.920,375.202,-11.641,-2.181
17.7473,-5.000,355.256,375.630,-10.187,-0.727
17.8489,-4.000,356.900,375.718,-9.409,-1.709
17.9499,-3.000,359.495,375.228,-7.866,-2.036
18.0524,-3.000,362.365,376.043,-6.839,-0.679
18.1541,-2.000,364.165,375.910,-5.873,-1.693
18.2556,-1.000,366.943,375.185,-4.121,-2.031
18.3586,-1.000,370.009,375.763,-2.877,-0.677
18.4606,0.000,372.011,375.396,-1.692,-1.692
18.5617,-1.000,372.590,375.404,-1.407,0.903
18.6633,-1.000,373.113,377.351,-2.119,0.301
18.7649,-2.000,371.587,378.133,-3.273,1.567
18.8668,-3.000,368.821,379.584,-5.381,1.989
18.9682,-4.000,365.436,381.197,-7.880,2.130
19.0701,-5.000,362.214,382.281,-10.033,2.177
19.1727,-6.000,358.815,383.250,-12.218,2.192
19.2753,-7.000,355.288,384.113,-14.413,2.197
19.3772,-9.000,349.571,384.259,-17.344,3.666
19.4793,-11.000,342.712,385.221,-21.255,4.155
19.5809,-13.000,335.396,386.379,-25.492,4.318
19.6825,-16.000,325.774,386.915,-30.571,5.839
19.7841,-18.000,317.060,388.920,-35.930,4.880
19.8859,-20.000,308.936,390.236,-40.650,4.560
19.9886,-23.000,298.894,390.674,-45.890,5.920
20.0903,-25.000,289.918,392.525,-51.303,4.907
20.1923,-29.000,277.424,392.439,-57.508,7.502
20.2942,-30.000,269.297,395.782,-63.243,3.967
20.3951,-32.000,261.552,396.260,-67.354,4.256
20.4967,-33.000,255.715,397.564,-70.925,2.885
20.5987,-34.000,250.884,398.047,-73.582,2.428
20.7003,-35.000,246.433,398.301,-75.934,2.276
20.8020,-35.000,244.237,399.139,-77.451,0.759
20.9038,-34.000,243.281,397.729,-77.224,-1.214
21.0052,-34.000,244.144,396.973,-76.415,-0.405
21.1063,-34.000,244.456,396.746,-76.145,-0.135
21.2077,-36.000,240.394,395.437,-77.522,2.888
21.3099,-38.000,234.133,395.961,-80.914,3.896
21.4113,-40.000,227.054,397.010,-84.978,4.232
21.5138,-41.000,221.727,398.793,-88.533,2.877
21.6157,-42.000,217.298,399.667,-91.184,2.426
21.7172,-43.000,213.166,400.235,-93.535,2.275
21.8187,-43.000,211.223,401.326,-95.052,0.758
21.9205,-43.000,210.377,401.491,-95.557,0.253
22.0217,-44.000,207.843,400.761,-96.459,1.551
22.1229,-44.000,206.503,401.489,-97.493,0.517
22.2258,-44.000,205.913,401.589,-97.838,0.172
22.3280,-44.000,205.603,401.508,-97.953,0.057
22.4299,-44.000,205.408,401.390,-97.991,0.019
22.5313,-43.000,205.363,399.904,-97.270,-1.460
22.6330,-43.000,206.724,399.318,-96.297,-0.487
22.7355,-42.000,207.452,397.930,-95.239,-1.629
22.8379,-41.000,209.368,396.207,-93.420,-2.010
22.9392,-41.000,211.785,395.944,-92.080,-0.670
23.0411,-40.000,213.186,394.986,-90.900,-1.690
23.1425,-39.000,215.583,393.663,-89.040,-2.030
23.2437,-38.000,218.460,392.366,-86.953,-2.143
23.3455,-37.000,221.614,391.196,-84.791,-2.181
23.4470,-36.000,224.955,390.162,-82.604,-2.194
23.5488,-35.000,228.433,389.249,-80.408,-2.198
23.6501,-34.000,232.018,388.437,-78.209,-2.199
23.7520,-34.000,235.593,389.079,-76.743,-0.733
23.8540,-33.000,237.862,388.905,-75.521,-1.711
23.9558,-33.000,240.841,389.602,-74.380,-0.570
24.0579,-32.000,242.785,389.318,-73.267,-1.657
24.1591,-31.000,245.647,388.504,-71.429,-2.019
24.2603,-30.000,248.905,387.605,-69.350,-2.140
24.3621,-29.000,252.368,386.748,-67.190,-2.180
24.4635,-27.000,256.051,384.591,-64.270,-3.660
24.5646,-26.000,261.195,383.388,-61.097,-2.687
24.6656,-25.000,265.655,382.800,-58.572,-2.362
24.7671,-23.000,269.966,381.027,-55.531,-3.721
24.8690,-22.000,275.555,380.189,-52.317,-2.707
24.9706,-20.000,280.446,378.537,-49.046,-3.836
25.0733,-19.000,286.393,377.903,-45.755,-2.745
25.1752,-16.000,291.628,375.078,-41.725,-5.315
25.2770,-15.000,299.228,374.125,-37.448,-3.238
25.3783,-12.000,305.326,371.505,-33.089,-5.479
25.4802,-11.000,313.464,370.870,-28.703,-3.293
25.5824,-8.000,319.940,368.556,-24.308,-5.498
25.6847,-6.000,328.457,366.809,-19.176,-4.766
25.7864,-4.000,336.089,366.033,-14.972,-4.522
25.8886,-2.000,343.812,365.234,-10.711,-4.441
25.9904,3.000,350.179,357.686,-3.754,-8.814
26.0920,5.000,359.330,352.152,3.589,-5.871
26.1943,7.000,365.437,347.497,8.970,-4.890
26.2966,9.000,370.025,342.632,13.697,-4.563
26.3981,11.000,373.702,337.291,18.206,-4.454
26.4993,13.000,376.754,331.470,22.642,-4.418
26.6010,15.000,379.338,325.230,27.054,-4.406
26.7024,16.000,382.186,320.737,30.725,-2.935
26.8036,18.000,383.232,314.936,34.148,-3.912
26.9055,19.000,385.311,310.332,37.489,-2.771
27.0072,20.000,386.521,306.382,40.070,-2.390
27.1094,21.000,387.392,302.599,42.397,-2.263
27.2108,22.000,388.110,298.832,44.639,-2.221
27.3124,24.000,388.118,292.945,47.586,-3.674
27.4144,24.000,390.215,290.144,50.035,-1.225
27.5165,26.000,389.496,284.860,52.318,-3.342
27.6181,27.000,390.696,280.137,55.279,-2.581
27.7197,28.000,391.381,275.915,57.733,-2.327
27.8215,29.000,391.890,271.855,60.018,-2.242
27.9233,30.000,392.339,267.847,62.246,-2.214
28.0264,30.000,393.391,265.947,63.722,-0.738
28.1282,31.000,392.917,263.022,64.947,-1.713
28.2301,31.000,393.699,261.521,66.089,-0.571
28.3314,32.000,393.165,258.759,67.203,-1.657
28.4349,32.000,393.952,257.337,68.308,-0.552
28.5365,32.000,394.066,256.714,68.676,-0.184
28.6379,32.000,393.985,256.388,68.799,-0.061
28.7388,32.000,393.863,256.184,68.840,-0.020
28.8396,31.000,392.373,256.133,68.120,1.460
28.9410,31.000,391.784,257.490,67.147,0.487
29.0432,30.000,390.393,258.215,66.089,1.629
29.1445,30.000,390.041,260.035,65.003,0.543
29.2461,29.000,388.892,261.077,63.908,1.648
29.3481,28.000,387.378,263.226,62.076,2.016
29.4506,27.000,385.915,265.917,59.999,2.139
29.5526,26.000,384.607,268.928,57.840,2.180
29.6543,24.000,382.088,272.248,54.920,3.660
29.7577,23.000,380.596,277.102,51.747,2.687
29.8596,21.000,378.403,281.425,48.489,3.829
29.9610,20.000,377.328,286.922,45.203,2.743
30.0629,19.000,376.896,291.614,42.641,2.381
30.1650,18.000,376.639,295.998,40.320,2.260
30.2664,16.000,375.036,300.342,37.347,3.687
30.3671,15.000,374.301,305.990,34.156,2.696
30.4691,14.000,374.096,310.846,31.625,2.365
30.5706,13.000,374.006,315.376,29.315,2.255
30.6737,11.000,372.532,319.842,26.345,3.685
30.7753,10.000,371.899,325.589,23.155,2.695
30.8769,9.000,371.775,330.525,20.625,2.365
30.9782,8.000,371.749,335.119,18.315,2.255
31.0796,7.000,371.700,339.544,16.078,2.218
31.1814,6.000,371.598,343.866,13.866,2.206
31.2834,6.000,372.815,348.025,12.395,0.735
31.3849,5.000,373.102,350.759,11.172,1.712
31.4866,4.000,373.236,353.762,9.737,2.037
31.5886,3.000,373.089,357.138,7.976,2.146
31.6902,2.000,372.797,360.733,6.032,2.182
31.7915,1.000,372.401,364.493,3.954,2.194
31.8935,1.000,373.393,368.190,2.601,0.731
31.9948,0.000,373.408,370.647,1.380,1.710
32.0970,-1.000,372.054,373.260,-0.603,2.037
32.1984,-1.000,372.089,376.231,-2.071,0.679
32.3002,-2.000,370.525,377.479,-3.477,1.693
32.4015,-4.000,365.644,378.669,-6.512,3.498
32.5035,-5.000,361.742,380.897,-9.577,2.633
32.6049,-6.000,358.224,382.356,-12.066,2.344
32.7067,-7.000,354.744,383.468,-14.362,2.248
32.8083,-9.000,349.112,383.767,-17.327,3.683
32.9104,-10.000,344.430,385.462,-20.516,2.694
33.0122,-11.000,340.346,386.437,-23.045,2.365
33.1141,-12.000,336.432,387.143,-25.355,2.255
33.2163,-12.000,334.646,388.363,-26.858,0.752
33.3179,-9.000,334.199,384.517,-25.159,-4.149
33.4207,-3.000,338.478,375.124,-18.323,-10.183
33.5219,5.000,346.367,357.703,-5.668,-15.128
33.6235,11.000,356.880,339.245,8.817,-13.843
33.7267,17.000,365.170,320.279,22.446,-13.414
33.8285,23.000,372.083,300.505,35.789,-13.271
33.9298,28.000,378.653,282.047,48.303,-11.757
34.0309,33.000,383.602,263.987,59.808,-11.252
34.1328,37.000,388.352,247.867,70.243,-9.617
34.2355,40.000,392.336,234.628,78.854,-7.606
34.3366,43.000,394.825,222.576,86.125,-6.935
34.4379,45.000,397.370,212.940,92.215,-5.245
34.5390,47.000,398.776,204.420,97.178,-4.682
34.6405,49.000,399.799,196.267,101.766,-4.494
34.7420,50.000,401.316,190.325,105.495,-2.965
34.8437,51.000,401.896,185.486,108.205,-2.455
34.9450,51.000,402.829,183.146,109.842,-0.818
35.0464,51.000,402.812,182.037,110.387,-0.273
35.1482,50.000,401.170,181.498,109.836,1.376
35.2513,49.000,399.007,182.636,108.185,1.925
35.3531,49.000,398.313,184.510,106.902,0.642
35.4549,48.000,396.984,185.503,105.741,1.681
35.5575,47.000,395.356,187.583,103.887,2.027
35.6598,46.000,393.812,190.208,101.802,2.142
35.7625,44.000,391.070,193.255,98.907,3.647
35.8646,42.000,388.014,197.995,95.009,4.149
35.9663,41.000,386.548,203.528,91.510,2.850
36.0682,39.000,384.528,208.242,88.143,3.883
36.1707,36.000,380.897,214.188,83.354,5.694
36.2724,34.000,378.280,222.097,78.091,4.831
36.3737,32.000,376.429,229.621,73.404,4.544
36.4751,29.000,373.549,237.200,68.175,5.915
36.5757,27.000,371.739,246.209,62.765,4.905
36.6773,25.000,370.602,254.545,58.028,4.568
36.7789,22.000,368.316,262.751,52.783,5.923
36.8808,20.000,366.989,272.254,47.368,4.908
36.9825,18.000,366.241,280.982,42.629,4.569
37.0844,15.000,364.267,289.500,37.383,5.923
37.1863,11.000,360.442,299.440,30.501,7.841
37.2881,9.000,358.914,311.300,23.807,5.547
37.3897,7.000,358.603,321.318,18.642,4.782
37.4909,5.000,358.550,330.575,13.987,4.527
37.5920,2.000,357.314,339.335,8.989,5.909
37.6939,-1.000,354.434,348.954,2.740,6.370
37.7959,-3.000,351.366,357.973,-3.303,5.057
37.8983,-5.000,348.189,364.471,-8.141,4.619
38.0007,-7.000,344.252,369.626,-12.687,4.473
38.1022,-10.000,337.476,373.214,-17.869,5.891
38.2042,-11.000,333.181,378.240,-22.530,3.430
38.3060,-13.000,328.000,380.566,-26.283,4.077
38.4081,-14.000,324.046,383.515,-29.734,2.826
38.5102,-15.000,320.668,385.371,-32.351,2.409
38.6116,-17.000,315.266,386.114,-35.424,3.736
38.7134,-18.000,310.818,388.114,-38.648,2.712
38.8149,-20.000,304.845,388.690,-41.923,3.837
38.9165,-21.000,300.034,390.463,-45.214,2.746
39.0178,-22.000,295.895,391.451,-47.778,2.382
39.1194,-23.000,291.954,392.152,-50.099,2.261
39.2207,-24.000,288.057,392.737,-52.340,2.220
39.3222,-24.000,286.252,393.892,-53.820,0.740
39.4243,-25.000,283.405,393.499,-55.047,1.713
39.5253,-26.000,279.874,393.718,-56.922,2.038
39.6263,-26.000,278.190,394.752,-58.281,0.679
39.7269,-26.000,277.478,394.945,-58.734,0.226
39.8285,-26.000,277.119,394.888,-58.885,0.075
39.9294,-26.000,276.902,394.772,-58.935,0.025
40.0311,-27.000,274.659,394.029,-59.685,1.475
40.1324,-26.000,273.575,393.445,-59.935,-0.975
40.2347,-26.000,274.557,393.127,-59.285,-0.325
40.3366,-26.000,275.040,393.177,-59.068,-0.108
40.4381,-26.000,275.325,393.317,-58.996,-0.036
40.5402,-25.000,275.613,392.090,-58.239,-1.479
40.6422,-25.000,277.223,391.728,-57.253,-0.493
40.7438,-24.000,278.144,390.526,-56.191,-1.631
40.8450,-24.000,280.119,390.326,-55.104,-0.544
40.9459,-23.000,281.284,389.300,-54.008,-1.648
41.0475,-22.000,283.532,387.884,-52.176,-2.016
41.1490,-21.000,286.302,386.500,-50.099,-2.139
41.2508,-21.000,289.282,386.628,-48.673,-0.713
41.3519,-20.000,291.094,386.023,-47.464,-1.704
41.4527,-19.000,293.807,384.996,-45.595,-2.035
41.5542,-18.000,296.931,383.940,-43.505,-2.145
41.6569,-18.000,300.188,384.338,-42.075,-0.715
41.7583,-17.000,302.220,383.950,-40.865,-1.705
41.8599,-15.000,305.201,381.724,-38.262,-3.502
41.9621,-14.000,309.930,380.318,-35.194,-2.634
42.0642,-13.000,314.109,379.518,-32.705,-2.345
42.1657,-12.000,318.117,378.934,-30.408,-2.248
42.2687,-11.000,322.079,378.431,-28.176,-2.216
42.3698,-9.000,326.126,376.590,-25.232,-3.672
42.4719,-8.000,331.550,375.652,-22.051,-2.691
42.5736,-7.000,336.232,375.279,-19.524,-2.364
42.6748,-5.000,340.717,373.680,-16.481,-3.721
42.7759,-4.000,346.006,373.420,-13.707,-2.707
42.8775,-4.000,350.383,375.067,-12.342,-0.902
42.9795,-3.000,353.157,375.832,-11.337,-1.767
43.0810,-2.000,356.624,375.916,-9.646,-2.056
43.1835,-2.000,360.195,377.186,-8.495,-0.685
43.2851,2.000,361.742,371.512,-4.885,-6.095
43.3872,4.000,367.341,365.171,1.085,-4.965
43.4893,7.000,370.474,357.284,6.595,-6.055
43.5924,9.000,374.356,350.159,12.098,-4.952
43.6937,12.000,376.480,341.281,17.599,-6.051
43.7964,14.000,379.559,333.359,23.100,-4.950
43.8977,15.000,382.295,328.028,27.133,-3.117
44.0362,15.000,384.335,325.913,29.211,-1.039
44.1386,14.000,383.624,325.283,29.170,1.120
44.2403,14.000,383.341,326.494,28.423,0.373
44.3435,14.000,383.463,327.114,28.174,0.124
44.4449,14.000,383.676,327.493,28.091,0.041
44.5460,14.000,383.886,327.759,28.064,0.014
44.6479,15.000,383.440,325.864,28.788,-1.462
44.7499,15.000,384.479,324.954,29.763,-0.487
44.8515,15.000,384.855,324.680,30.088,-0.162
44.9528,16.000,384.378,322.519,30.929,-1.521
45.0546,16.000,385.336,321.450,31.943,-0.507
45.1567,16.000,385.630,321.068,32.281,-0.169
45.2588,16.000,385.707,320.920,32.394,-0.056
45.3606,16.000,385.717,320.854,32.431,-0.019
45.4616,16.000,385.706,320.819,32.444,-0.006
45.5643,16.000,385.693,320.797,32.448,-0.002
45.6657,16.000,385.679,320.781,32.449,-0.001
45.7674,16.000,385.668,320.769,32.450,-0.000
45.8684,16.000,385.659,320.759,32.450,-0.000
45.9702,16.000,385.652,320.752,32.450,-0.000
46.0732,15.000,384.273,320.839,31.717,1.467
46.1748,14.000,382.405,322.394,30.006,1.956
46.2770,14.000,381.976,324.572,28.702,0.652
46.3792,14.000,382.241,325.706,28.267,0.217
46.4801,13.000,381.282,326.504,27.389,1.539
46.5822,12.000,379.819,328.559,25.630,1.980
46.6839,10.000,376.989,331.302,22.843,3.593
46.7848,10.000,376.559,335.663,20.448,1.198
46.8857,9.000,375.959,338.127,18.916,1.866
46.9866,8.000,375.088,341.210,16.939,2.089
47.0881,7.000,374.207,344.581,14.813,2.163
47.1892,6.000,373.387,348.112,12.638,2.188
47.2906,5.000,372.640,351.748,10.446,2.196
47.3931,4.000,372.398,355.021,8.689,2.199
47.4945,3.000,372.102,358.463,6.820,2.200
47.5969,2.000,371.740,362.060,4.840,2.200
47.6987,1.000,371.304,365.805,2.750,2.200
47.8002,0.000,370.788,369.688,0.550,2.200
47.9021,-2.000,367.262,372.468,-2.603,3.667
48.0039,-3.000,364.095,376.317,-6.111,2.689
48.1055,-4.000,361.042,379.197,-9.077,2.363
48.2074,-4.000,359.958,382.142,-11.092,0.788
48.3093,-5.000,358.084,382.785,-12.351,1.729
48.4099,-5.000,357.438,384.446,-13.504,0.576
48.5114,-5.000,357.460,385.236,-13.888,0.192
48.6127,-5.000,357.657,385.689,-14.016,0.064
48.7143,-6.000,355.781,385.365,-14.792,1.488
48.8161,-5.000,355.002,385.103,-15.051,-0.971
48.9177,-5.000,356.233,385.040,-14.404,-0.324
49.0187,-4.000,356.569,384.358,-13.895,-1.575
49.1202,-3.000,358.244,383.127,-12.442,-1.992
49.2223,-2.000,360.622,381.823,-10.601,-2.131
49.3239,-2.000,363.252,382.053,-9.400,-0.710
49.4252,0.000,365.056,379.977,-7.460,-3.170
49.5274,1.000,368.544,377.551,-4.503,-2.523
49.6290,2.000,371.245,374.980,-1.868,-2.308
49.7305,3.000,373.539,372.070,0.734,-2.236
49.8328,5.000,374.529,367.147,3.691,-3.679
49.9345,6.000,376.782,363.028,6.877,-2.693
50.0375,7.000,378.204,359.393,9.406,-2.364
50.1394,9.000,378.642,353.745,12.449,-3.721
50.2413,10.000,380.412,349.086,15.663,-2.707
50.3433,11.000,381.435,345.033,18.201,-2.369
50.4444,13.000,381.548,339.054,21.247,-3.723
50.5456,14.000,383.058,334.133,24.462,-2.708
50.6468,16.000,383.245,327.777,27.734,-3.836
50.7484,17.000,384.708,322.658,31.025,-2.745
50.8505,19.000,384.822,316.179,34.322,-3.848
50.9520,21.000,385.589,308.881,38.354,-4.216
51.0540,22.000,387.161,303.365,41.898,-2.872
51.1560,24.000,387.244,296.685,45.279,-3.891
51.2577,25.000,388.572,291.360,48.606,-2.764
51.3602,26.000,389.189,286.825,51.182,-2.388
51.4617,28.000,388.961,280.480,54.241,-3.729
51.5627,29.000,390.191,275.270,57.460,-2.710
51.6645,31.000,390.152,268.686,60.733,-3.837
51.7668,33.000,390.807,261.292,64.758,-4.212
51.8682,34.000,392.293,255.695,68.299,-2.871
51.9701,36.000,392.309,248.950,71.680,-3.890
52.0713,38.000,392.958,241.478,75.740,-4.230
52.1729,39.000,394.422,235.836,79.293,-2.877
52.2737,40.000,395.042,231.153,81.944,-2.426
52.3745,41.000,395.407,226.818,84.295,-2.275
52.4766,42.000,395.709,222.620,86.545,-2.225
52.5799,43.000,396.008,218.484,88.762,-2.208
52.6819,44.000,396.318,214.384,90.967,-2.203
52.7831,46.000,396.018,208.213,93.902,-3.668
52.8846,47.000,397.248,203.086,97.081,-2.689
52.9867,48.000,397.855,198.641,99.607,-2.363
53.0895,47.000,397.522,196.624,100.449,0.679
53.1912,47.000,397.129,197.136,99.996,0.226
53.2930,46.000,395.653,197.428,99.112,1.542
53.3948,45.000,393.778,199.076,97.351,1.981
53.4962,44.000,391.993,201.399,95.297,2.127
53.5973,43.000,390.417,204.126,93.146,2.176
53.6994,42.000,389.053,207.130,90.962,2.192
53.8011,40.000,386.502,210.434,88.034,3.664
53.9031,38.000,383.613,215.364,84.125,4.155
54.0049,37.000,382.287,221.044,80.622,2.852
54.1068,34.000,379.007,225.966,76.521,5.351
54.2085,32.000,376.351,233.377,71.487,4.717
54.3106,31.000,375.734,240.516,67.609,3.039
54.4123,29.000,374.571,246.338,64.116,3.946
54.5145,27.000,373.057,253.019,60.019,4.249
54.6167,25.000,371.545,260.105,55.720,4.350
54.7187,23.000,370.128,267.421,51.353,4.383
54.8208,21.000,368.818,274.890,46.964,4.394
54.9229,19.000,367.606,282.470,42.568,4.398
55.0239,17.000,366.474,290.135,38.169,4.399
55.1263,16.000,366.781,297.775,34.503,2.933
55.2278,15.000,367.631,304.003,31.814,2.444
55.3289,14.000,368.459,309.557,29.451,2.281
55.4313,14.000,370.491,314.630,27.930,0.760
55.5325,14.000,372.827,317.980,27.423,0.253
55.6343,14.000,374.931,320.422,27.254,0.084
55.7364,13.000,375.321,322.391,26.465,1.495
55.8382,13.000,376.267,325.331,25.468,0.498
55.9395,13.000,377.490,327.218,25.136,0.166
56.0404,13.000,378.623,328.572,25.025,0.055
56.1415,13.000,379.581,329.604,24.988,0.018
56.2437,13.000,380.365,330.412,24.976,0.006
56.3451,13.000,380.997,331.053,24.972,0.002
56.4459,14.000,380.879,329.471,25.704,-1.466
56.5472,14.000,382.175,328.813,26.681,-0.489
56.6482,15.000,382.130,326.649,27.740,-1.630
56.7493,15.000,383.333,325.679,28.827,-0.543
56.8520,16.000,383.162,323.317,29.922,-1.648
56.9539,17.000,383.620,320.112,31.754,-2.016
57.0565,18.000,384.239,316.576,33.831,-2.139
57.1581,19.000,384.871,312.890,35.990,-2.180
57.2600,19.000,386.102,311.215,37.443,-0.727
57.3613,20.000,385.782,308.460,38.661,-1.709
57.4625,22.000,385.439,302.904,41.267,-3.503
57.5644,24.000,386.161,296.023,45.069,-4.101
57.6659,26.000,387.177,288.638,49.270,-4.300
57.7686,27.000,388.871,283.131,52.870,-2.900
57.8707,29.000,389.025,276.485,56.270,-3.900
57.9718,31.000,389.775,269.102,60.337,-4.233
58.0735,33.000,390.691,261.440,64.626,-4.344
58.1749,35.000,391.635,253.658,68.989,-4.381
58.2766,37.000,392.568,245.816,73.376,-4.394
58.3778,39.000,393.480,237.936,77.772,-4.398
58.4794,41.000,394.371,230.030,82.171,-4.399
58.5816,42.000,395.872,224.198,85.837,-2.933
58.6833,42.000,397.095,221.510,87.792,-0.978
58.7844,43.000,396.534,218.179,89.177,-1.793
58.8858,43.000,397.172,216.427,90.372,-0.598
58.9871,43.000,397.125,215.583,90.771,-0.199
59.0894,43.000,396.901,215.094,90.904,-0.066
59.1903,43.000,396.660,214.765,90.948,-0.022
59.2923,43.000,396.447,214.522,90.963,-0.007
59.3943,42.000,394.896,214.428,90.234,1.464
59.4962,42.000,394.262,215.746,89.258,0.488
59.5974,41.000,392.837,216.438,88.199,1.629
59.6993,41.000,392.458,218.231,87.113,0.543
59.8008,41.000,392.661,219.159,86.751,0.181
59.9032,40.000,391.620,219.826,85.897,1.527
60.0048,39.000,390.078,221.787,84.146,1.976
60.1067,39.000,389.929,224.272,82.829,0.659
60.2082,38.000,389.051,225.739,81.656,1.686
60.3100,37.000,387.789,228.192,79.799,2.029
60.4120,36.000,386.540,231.114,77.713,2.143
60.5140,35.000,385.407,234.305,75.551,2.181
60.6153,34.000,384.403,237.675,73.364,2.194
60.7167,34.000,384.887,241.084,71.901,0.731
60.8182,33.000,384.583,243.223,70.680,1.710
60.9202,32.000,383.804,246.190,68.807,2.037
61.0222,31.000,382.947,249.516,66.716,2.146
61.1235,30.000,382.132,253.028,64.552,2.182
61.2249,30.000,382.756,256.561,63.097,0.727
61.3265,29.000,382.560,258.802,61.879,1.709
61.4279,28.000,381.866,261.853,60.006,2.036
61.5307,27.000,381.077,265.246,57.915,2.145
61.6323,27.000,381.689,268.719,56.485,0.715
61.7342,27.000,382.846,270.829,56.008,0.238
61.8363,26.000,382.621,272.388,55.116,1.546
61.9373,26.000,383.123,274.953,54.085,0.515
62.0390,25.000,382.633,276.616,53.008,1.638
62.1398,25.000,383.011,279.178,51.916,0.546
62.2409,24.000,382.449,280.811,50.819,1.649
62.3431,24.000,382.778,283.339,49.720,0.550
62.4450,24.000,383.554,284.848,49.353,0.183
62.5463,24.000,384.346,285.884,49.231,0.061
62.6474,24.000,385.037,286.656,49.190,0.020
62.7490,23.000,384.235,287.348,48.443,1.473
62.8505,24.000,383.582,287.193,48.194,-0.976
62.9517,24.000,384.910,287.220,48.845,-0.325
63.0527,24.000,385.668,287.545,49.062,-0.108
63.1540,24.000,386.173,287.906,49.134,-0.036
63.2556,25.000,385.917,286.135,49.891,-1.479
63.3573,25.000,387.092,285.338,50.877,-0.493
63.4588,25.000,387.572,285.161,51.206,-0.164
63.5607,26.000,387.176,283.079,52.049,-1.521
63.6627,27.000,387.573,279.980,53.796,-1.974
63.7660,28.000,388.181,276.490,55.845,-2.125
63.8679,29.000,388.818,272.828,57.995,-2.175
63.9696,31.000,388.805,266.981,60.912,-3.658
64.0712,33.000,389.646,260.011,64.817,-4.153
64.1728,34.000,391.336,254.698,68.319,-2.851
64.2750,36.000,391.535,248.162,71.686,-3.884
64.3768,38.000,392.335,240.851,75.742,-4.228
64.4776,39.000,393.923,235.335,79.294,-2.876
64.5789,39.000,395.269,232.846,81.211,-0.959
64.6808,40.000,394.824,229.657,82.584,-1.786
64.7833,40.000,395.561,228.012,83.775,-0.595
64.8847,40.000,395.595,227.252,84.172,-0.198
64.9861,40.000,395.437,226.830,84.304,-0.066
65.0883,40.000,395.249,226.553,84.348,-0.022
65.1900,40.000,395.078,226.353,84.363,-0.007
65.2912,39.000,393.561,226.293,83.634,1.464
65.3931,39.000,392.954,227.638,82.658,0.488
65.4942,39.000,392.924,228.258,82.333,0.163
65.5956,38.000,391.678,228.696,81.491,1.521
65.6974,38.000,391.341,230.387,80.477,0.507
65.7993,37.000,390.172,231.360,79.406,1.636
65.9009,36.000,388.629,233.465,77.582,2.012
66.0026,35.000,387.139,236.125,75.507,2.137
66.1041,34.000,385.809,239.111,73.349,2.179
66.2062,33.000,384.646,242.320,71.163,2.193
66.3076,31.000,382.255,245.786,68.234,3.664
66.4087,29.000,379.496,250.846,64.325,4.155
66.5103,27.000,376.899,256.723,60.088,4.318
66.6121,26.000,375.959,263.007,56.476,2.906
66.7141,25.000,375.786,268.176,53.805,2.435
66.8158,24.000,375.788,272.891,51.448,2.278
66.9175,23.000,375.782,277.390,49.196,2.226
67.0202,22.000,375.722,281.764,46.979,2.209
67.1214,22.000,376.975,285.963,45.506,0.736
67.2231,22.000,378.665,288.634,45.015,0.245
67.3253,22.000,380.246,290.542,44.852,0.082
67.4271,22.000,381.587,291.992,44.797,0.027
67.5284,23.000,382.059,291.034,45.512,-1.458
67.6292,23.000,383.836,290.867,46.484,-0.486
67.7306,24.000,384.177,289.094,47.541,-1.629
67.8322,24.000,385.690,288.436,48.627,-0.543
67.9346,24.000,386.394,288.416,48.989,-0.181
68.0363,25.000,386.161,286.475,49.843,-1.527
68.1372,25.000,387.310,285.588,50.861,-0.509
68.2379,26.000,387.127,283.260,51.934,-1.636
68.3389,27.000,387.587,280.071,53.758,-2.012
68.4402,27.000,388.837,278.639,55.099,-0.671
68.5420,28.000,388.585,276.025,56.280,-1.690
68.6445,29.000,388.938,272.658,58.140,-2.030
68.7456,30.000,389.460,269.006,60.227,-2.143
68.8467,31.000,390.010,265.232,62.389,-2.181
68.9484,32.000,390.547,261.395,64.576,-2.194
69.0494,32.000,391.690,259.613,66.039,-0.731
69.1503,33.000,391.295,256.776,67.260,-1.710
69.2511,34.000,391.516,253.250,69.133,-2.037
69.3519,34.000,392.552,251.570,70.491,-0.679
69.4532,34.000,392.747,250.859,70.944,-0.226
69.5550,35.000,392.065,248.409,71.828,-1.542
69.6564,34.000,391.467,247.221,72.123,0.953
69.7574,35.000,390.490,246.049,72.221,-1.149
69.8590,35.000,391.397,245.423,72.987,-0.383
69.9607,34.000,390.391,245.374,72.509,1.339
70.0630,34.000,390.077,246.844,71.616,0.446
70.1643,34.000,390.242,247.604,71.319,0.149
70.2659,34.000,390.512,248.073,71.220,0.050
70.3675,34.000,390.775,248.402,71.187,0.017
70.4695,33.000,389.627,248.743,70.442,1.472
70.5714,32.000,387.950,250.495,68.727,1.957
70.6725,32.000,387.675,252.830,67.422,0.652
70.7741,31.000,386.691,254.182,66.254,1.684
70.8760,30.000,385.342,256.546,64.398,2.028
70.9771,30.000,385.395,259.303,63.046,0.676
71.0788,29.000,384.696,260.972,61.862,1.692
71.1798,28.000,383.582,263.581,60.001,2.031
71.2808,27.000,382.453,266.626,57.914,2.144
71.3829,27.000,382.791,269.822,56.485,0.715
71.4847,26.000,382.354,271.805,55.275,1.705
71.5868,25.000,381.463,274.653,53.405,2.035
71.6875,25.000,381.889,277.792,52.048,0.678
71.7891,24.000,381.490,279.764,50.863,1.693
71.8906,23.000,380.617,282.615,49.001,2.031
71.9922,23.000,381.054,285.760,47.647,0.677
72.0935,22.000,380.663,287.738,46.462,1.692
72.1956,22.000,381.169,290.501,45.334,0.564
72.2972,21.000,380.727,292.277,44.225,1.655
72.3982,21.000,381.158,294.915,43.122,0.552
72.4997,21.000,382.017,296.510,42.754,0.184
72.6012,21.000,382.876,297.614,42.631,0.061
72.7033,21.000,383.621,298.440,42.590,0.020
72.8044,21.000,384.236,299.082,42.577,0.007
72.9061,21.000,384.734,299.589,42.572,0.002
73.0073,20.000,383.761,300.086,41.837,1.467
73.1092,20.000,383.593,301.874,40.859,0.489
73.2108,20.000,383.914,302.848,40.533,0.163
73.3130,20.000,384.324,303.475,40.424,0.054
73.4144,20.000,384.702,303.926,40.388,0.018
73.5162,20.000,385.022,304.270,40.376,0.006
73.6178,20.000,385.283,304.539,40.372,0.002
73.7185,20.000,385.494,304.752,40.371,0.001
73.8197,21.000,385.037,302.829,41.104,-1.466
73.9208,21.000,386.062,301.900,42.081,-0.489
74.0224,21.000,386.426,301.612,42.407,-0.163
74.1239,20.000,385.192,301.627,41.782,1.412
74.2250,20.000,384.763,303.081,40.841,0.471
74.3266,20.000,384.859,303.805,40.527,0.157
74.4275,20.000,385.083,304.238,40.422,0.052
74.5296,20.000,385.310,304.535,40.387,0.017
74.6312,20.000,385.508,304.757,40.376,0.006
74.7327,20.000,385.672,304.929,40.372,0.002
74.8343,19.000,384.432,305.157,39.637,1.467
74.9351,20.000,383.423,304.638,39.392,-0.978
75.0366,20.000,384.463,304.375,40.044,-0.326
75.1387,21.000,384.364,302.375,40.995,-1.575
75.2403,21.000,385.575,301.485,42.045,-0.525
75.3421,21.000,386.053,301.263,42.395,-0.175
75.4438,21.000,386.273,301.249,42.512,-0.058
75.5451,21.000,386.394,301.293,42.551,-0.019
75.6466,21.000,386.473,301.346,42.564,-0.006
75.7486,22.000,385.903,299.301,43.301,-1.469
75.8506,23.000,386.210,296.182,45.014,-1.956
75.9516,24.000,386.762,292.660,47.051,-2.119
76.0533,24.000,387.987,291.060,48.464,-0.706
76.1551,25.000,387.681,288.345,49.668,-1.702
76.2564,26.000,387.981,284.909,51.536,-2.034
76.3581,27.000,388.456,281.205,53.625,-2.145
76.4602,27.000,389.594,279.484,55.055,-0.715
76.5619,28.000,389.210,276.680,56.265,-1.705
76.6639,29.000,389.446,273.176,58.135,-2.035
76.7655,30.000,389.868,269.418,60.225,-2.145
76.8661,30.000,390.964,267.654,61.655,-0.715
76.9677,31.000,390.547,264.817,62.865,-1.705
77.0697,32.000,390.755,261.285,64.735,-2.035
77.1714,32.000,391.782,259.599,66.092,-0.678
77.2727,33.000,391.344,256.789,67.277,-1.693
77.3740,33.000,392.173,255.362,68.406,-0.564
77.4767,33.000,392.311,254.747,68.782,-0.188
77.5786,33.000,392.245,254.430,68.907,-0.063
77.6801,33.000,392.133,254.235,68.949,-0.021
77.7810,33.000,392.025,254.099,68.963,-0.007
77.8818,33.000,391.932,253.996,68.968,-0.002
77.9833,32.000,390.481,254.010,68.236,1.466
78.0850,31.000,388.556,255.506,66.525,1.955
78.1857,31.000,388.081,257.637,65.222,0.652
78.2867,30.000,386.936,258.828,64.054,1.684
78.3877,29.000,385.458,261.062,62.198,2.028
78.4898,28.000,384.035,263.810,60.113,2.143
78.5915,27.000,382.763,266.861,57.951,2.181
78.6923,26.000,381.648,270.121,55.764,2.194
78.7932,25.000,380.670,273.534,53.568,2.198
78.8944,24.000,379.805,277.067,51.369,2.199
78.9955,23.000,379.033,280.693,49.170,2.200
79.0970,22.000,378.335,284.395,46.970,2.200
79.1980,21.000,377.696,288.156,44.770,2.200
79.2987,21.000,378.479,291.872,43.303,0.733
79.3997,21.000,379.789,294.160,42.814,0.244
79.5018,20.000,379.692,295.856,41.918,1.548
79.6026,19.000,378.927,298.621,40.153,1.983
79.7035,19.000,379.404,301.743,38.831,0.661
79.8050,19.000,380.404,303.623,38.390,0.220
79.9067,19.000,381.409,304.922,38.243,0.073
80.0071,18.000,380.908,305.985,37.461,1.491
80.1088,18.000,381.139,308.205,36.467,0.497
80.2109,19.000,381.161,307.423,36.869,-1.301
80.3120,19.000,382.724,307.251,37.736,-0.434
80.4133,19.000,383.570,307.519,38.025,-0.145
80.5154,19.000,384.112,307.868,38.122,-0.048
80.6171,20.000,383.874,306.099,38.887,-1.483
80.7187,20.000,385.059,305.308,39.876,-0.494
80.8207,21.000,384.920,303.043,40.939,-1.631
80.9227,21.000,386.046,301.993,42.026,-0.544
81.0237,21.000,386.439,301.661,42.389,-0.181
81.1254,21.000,386.584,301.565,42.510,-0.060
81.2269,21.000,386.644,301.544,42.550,-0.020
81.3289,22.000,386.046,299.453,43.297,-1.473
81.4303,22.000,386.953,298.395,44.279,-0.491
81.5321,22.000,387.220,298.007,44.606,-0.164
81.6344,22.000,387.281,297.850,44.715,-0.055
81.7366,22.000,387.279,297.775,44.752,-0.018
81.8379,22.000,387.260,297.732,44.764,-0.006
81.9388,22.000,387.239,297.703,44.768,-0.002
82.0398,23.000,386.594,295.589,45.503,-1.467
82.1406,23.000,387.468,294.507,46.481,-0.489
82.2415,23.000,387.711,294.097,46.807,-0.163
82.3424,22.000,386.380,294.016,46.182,1.412
82.4433,22.000,385.874,295.392,45.241,0.471
82.5445,22.000,385.908,296.054,44.927,0.157
82.6462,22.000,386.081,296.437,44.822,0.052
82.7471,22.000,386.269,296.694,44.787,0.017
82.8479,22.000,386.436,296.884,44.776,0.006
82.9488,22.000,386.574,297.030,44.772,0.002
83.0505,22.000,386.687,297.146,44.771,0.001
83.1516,22.000,386.778,297.237,44.770,0.000
83.2529,23.000,386.224,295.217,45.503,-1.467
83.3554,24.000,386.545,292.116,47.214,-1.956
83.4573,26.000,386.484,286.514,49.985,-3.585
83.5586,26.000,388.609,283.859,52.375,-1.195
83.6599,27.000,388.566,280.756,53.905,-1.865
83.7616,27.000,389.552,279.255,55.148,-0.622
83.8635,28.000,389.133,276.541,56.296,-1.674
83.9658,29.000,389.370,273.079,58.145,-2.025
84.0682,30.000,389.802,269.345,60.228,-2.142
84.1698,30.000,390.910,267.597,61.656,-0.714
84.2710,30.000,391.129,266.865,62.132,-0.238
84.3730,31.000,390.456,264.408,63.024,-1.546
84.4746,31.000,391.235,263.126,64.055,-0.515
84.6174,31.000,391.377,262.580,64.398,-0.172
84.7191,30.000,389.957,262.398,63.779,1.409
84.8213,30.000,389.376,263.696,62.840,0.470
84.9227,29.000,387.977,264.390,61.793,1.623
85.0250,28.000,386.239,266.283,59.978,2.008
85.1272,28.000,385.963,268.684,58.639,0.669
85.2285,27.000,384.993,270.073,57.460,1.690
85.3300,26.000,383.661,272.461,55.600,2.030
85.4307,25.000,382.357,275.330,53.513,2.143
85.5330,24.000,381.180,278.478,51.351,2.181
85.6343,23.000,380.141,281.814,49.164,2.194
85.7355,21.000,377.851,285.382,46.235,3.665
85.8375,20.000,376.546,290.429,43.058,2.688
85.9387,18.000,374.504,294.905,39.799,3.829
86.0400,17.000,373.551,300.525,36.513,2.743
86.1412,15.000,371.843,305.407,33.218,3.848
86.2435,13.000,369.800,311.428,29.186,4.216
86.3447,11.000,367.835,318.017,24.909,4.339
86.4463,10.000,367.418,324.852,21.283,2.913
86.5474,8.000,366.297,330.548,17.874,3.904
86.6500,6.000,364.777,337.168,13.805,4.235
86.7517,5.000,364.621,344.124,10.248,2.878
86.8529,3.000,364.005,349.620,7.193,3.893
86.9545,1.000,362.725,356.243,3.241,4.231
87.0564,0.000,362.669,363.295,-0.313,2.877
87.1588,-2.000,360.142,367.978,-3.918,3.892
87.2604,-4.000,355.783,372.622,-8.419,4.231
87.3623,-6.000,350.890,376.303,-12.706,4.344
87.4643,-8.000,345.323,379.460,-17.069,4.381
87.5661,-10.000,339.251,382.164,-21.456,4.394
87.6677,-13.000,330.695,383.866,-26.585,5.865
87.7697,-14.000,324.950,387.407,-31.228,3.422
87.8716,-15.000,320.695,389.180,-34.243,2.607
87.9742,-16.000,316.870,390.299,-36.714,2.336
88.0763,-16.000,315.231,391.773,-38.271,0.779
88.1781,-17.000,312.552,391.600,-39.524,1.726
88.2801,-18.000,309.167,391.983,-41.408,2.042
88.3810,-18.000,307.605,393.144,-42.769,0.681
88.4826,-19.000,304.898,392.811,-43.956,1.694
88.5840,-19.000,303.552,393.723,-45.085,0.565
88.6854,-19.000,303.003,393.926,-45.462,0.188
88.7865,-19.000,458.895,558.347,-49.726,0.074
88.8880,-19.000,303.502,394.753,-45.625,0.025
88.9901,-20.000,301.121,393.871,-46.375,1.475
89.0919,-20.000,299.833,394.550,-47.358,0.492
89.1934,-20.000,299.262,394.634,-47.686,0.164
89.2948,-20.000,298.957,394.548,-47.795,0.055
89.3959,-20.000,298.765,394.428,-47.832,0.018
89.4980,-19.000,298.721,392.942,-47.111,-1.461
89.6005,-19.000,300.083,392.357,-46.137,-0.487
89.7020,-19.000,300.718,392.343,-45.812,-0.162
89.8037,-19.000,301.075,392.483,-45.704,-0.054
89.9054,-18.000,301.403,391.272,-44.935,-1.485
90.0067,-18.000,303.039,390.929,-43.945,-0.495
90.1076,-17.000,303.980,389.744,-42.882,-1.632
90.2092,-16.000,306.063,388.184,-41.061,-2.011
90.3103,-15.000,308.707,386.680,-38.987,-2.137
90.4116,-15.000,311.587,386.712,-37.562,-0.712
90.5138,-14.000,313.320,386.028,-36.354,-1.704
90.6154,-13.000,315.969,384.938,-34.485,-2.035
90.7170,-12.000,319.042,383.832,-32.395,-2.145
90.8192,-12.000,322.259,384.189,-30.965,-0.715
90.9210,-11.000,324.259,383.769,-29.755,-1.705
91.0228,-9.000,327.214,381.517,-27.152,-3.502
91.1239,-8.000,331.923,380.091,-24.084,-2.634
91.2257,-7.000,336.085,379.275,-21.595,-2.345
91.3288,-5.000,340.173,377.303,-18.565,-3.715
91.4302,-4.000,345.150,376.740,-15.795,-2.705
91.5322,-3.000,349.482,376.659,-13.588,-2.368
91.6337,-1.000,353.838,375.144,-10.653,-3.723
91.7346,1.000,359.033,372.221,-6.594,-4.174
91.8363,4.000,363.285,365.628,-1.171,-5.791
91.9377,5.000,368.582,361.736,3.423,-3.397
92.0394,5.000,372.410,361.034,5.688,-1.132
92.1412,5.000,374.415,361.529,6.443,-0.377
92.2425,5.000,375.666,362.278,6.694,-0.126
92.3437,6.000,375.923,360.901,7.511,-1.509
92.4450,6.000,377.481,360.447,8.517,-0.503
92.5473,7.000,377.631,358.460,9.586,-1.634
92.6490,7.000,378.986,357.636,10.675,-0.545
92.7515,8.000,378.935,355.391,11.772,-1.648
92.8536,8.000,380.116,354.374,12.871,-0.549
92.9551,9.000,379.921,351.980,13.970,-1.650
93.0563,9.000,380.985,350.845,15.070,-0.550
93.1581,10.000,380.696,348.356,16.170,-1.650
93.2591,10.000,381.685,347.145,17.270,-0.550
93.3599,10.000,381.963,346.690,17.637,-0.183
93.4620,11.000,381.388,344.404,18.492,-1.528
93.5641,11.000,382.262,343.240,19.511,-0.509
93.6649,12.000,381.859,340.692,20.584,-1.636
93.7664,12.000,382.769,339.420,21.675,-0.545
93.8674,12.000,382.988,338.912,22.038,-0.182
93.9696,13.000,382.367,336.582,22.893,-1.527
94.0711,13.000,383.205,335.383,23.911,-0.509
94.1726,13.000,383.400,334.899,24.250,-0.170
94.2745,13.000,383.398,334.671,24.363,-0.057
94.3761,13.000,383.343,334.541,24.401,-0.019
94.4782,13.000,383.282,334.454,24.414,-0.006
94.5790,13.000,383.227,334.391,24.418,-0.002
94.6809,13.000,383.181,334.342,24.419,-0.001
94.7817,12.000,381.770,334.397,23.686,1.466
94.8837,12.000,381.250,335.832,22.709,0.489
94.9851,12.000,381.290,336.525,22.383,0.163
95.0862,11.000,380.101,337.019,21.541,1.521
95.1873,11.000,379.810,338.756,20.527,0.507
95.2902,10.000,378.676,339.765,19.456,1.636
95.3919,10.000,378.536,341.806,18.365,0.545
95.4928,9.000,377.560,343.023,17.268,1.648
95.5944,9.000,377.557,345.218,16.169,0.549
95.6965,8.000,376.694,346.555,15.070,1.650
95.7990,7.000,375.411,348.937,13.237,2.017
95.9009,7.000,375.506,351.721,11.892,0.672
96.0029,6.000,374.836,353.415,10.711,1.691
96.1042,5.000,373.745,356.044,8.850,2.030
96.2061,4.000,373.074,358.667,7.203,2.143
96.3081,3.000,372.382,361.639,5.371,2.181
96.4102,2.000,371.687,364.879,3.404,2.194
96.5116,0.000,369.495,368.546,0.475,3.665
96.6135,-1.000,367.439,373.063,-2.812,2.688
96.7154,-2.000,365.318,376.433,-5.557,2.363
96.8168,-3.000,362.819,379.210,-8.196,2.254
96.9179,-5.000,358.241,380.571,-11.165,3.685
97.0199,-7.000,352.311,382.488,-15.088,4.162
97.1228,-9.000,345.744,384.403,-19.329,4.321
97.2247,-11.000,338.817,386.170,-23.676,4.374
97.3273,-12.000,333.744,388.395,-27.325,2.925
97.4281,-13.000,329.561,389.578,-30.008,2.442
97.5299,-14.000,325.641,390.380,-32.369,2.281
97.6321,-13.000,323.966,390.279,-33.156,-0.706
97.7343,-11.000,324.914,387.351,-31.219,-3.169
97.8358,-10.000,328.328,385.073,-28.373,-2.523
97.9373,-9.000,331.557,383.473,-25.958,-2.308
98.0396,-8.000,334.840,382.212,-23.686,-2.236
98.1413,-7.000,338.234,381.157,-21.462,-2.212
98.2433,-6.000,341.737,380.245,-19.254,-2.204
98.3453,-6.000,345.242,380.812,-17.785,-0.735
98.4462,-5.000,347.455,380.578,-16.562,-1.712
98.5487,-5.000,350.387,381.228,-15.421,-0.571
98.6502,-4.000,351.853,381.347,-14.747,-1.657
98.7515,-4.000,354.152,382.317,-14.082,-0.552
98.8536,-4.000,355.388,383.696,-14.154,-0.184
98.9550,-3.000,356.320,383.576,-13.628,-1.528
99.0567,-3.000,358.334,384.212,-12.939,-0.509
99.1586,-3.000,359.403,385.263,-12.930,-0.170
99.2600,-2.000,360.237,384.844,-12.303,-1.523
99.3622,-2.000,362.199,385.215,-11.508,-0.508
99.4637,-1.000,363.454,384.546,-10.546,-1.636
99.5668,-1.000,365.669,384.800,-9.565,-0.545
99.6687,-1.000,366.910,385.534,-9.312,-0.182
99.7700,-1.000,367.711,386.313,-9.301,-0.061
99.8714,0.000,368.477,385.531,-8.527,-1.487
99.9734,0.000,370.462,385.533,-7.536,-0.496
100.0747,0.000,371.587,385.998,-7.205,-0.165
100.1761,1.000,371.817,384.320,-6.252,-1.522
100.2784,1.000,373.362,383.616,-5.127,-0.507
100.3803,2.000,373.630,381.302,-3.836,-1.636
100.4826,2.000,375.122,380.172,-2.525,-0.545
100.5847,2.000,375.850,379.734,-1.942,-0.182
100.6867,3.000,375.791,377.305,-0.757,-1.527
100.7882,3.000,377.144,375.962,0.591,-0.509
100.8903,3.000,377.817,375.296,1.260,-0.170
100.9922,4.000,377.747,372.653,2.547,-1.523
101.0933,4.000,379.117,371.112,4.002,-0.508
101.1945,4.000,379.827,370.265,4.781,-0.169
101.2973,4.000,380.325,369.658,5.334,-0.056
101.3986,4.000,380.759,369.136,5.811,-0.019
101.5007,4.000,381.176,368.649,6.264,-0.006
101.6018,4.000,381.592,368.176,6.708,-0.002
101.7026,4.000,382.011,367.713,7.149,-0.001
101.8039,4.000,382.434,367.254,7.590,-0.000
101.9057,4.000,382.860,366.800,8.030,-0.000
102.0071,4.000,383.288,366.348,8.470,-0.000
102.1084,4.000,383.719,365.899,8.910,-0.000
102.2101,4.000,384.152,365.452,9.350,-0.000
102.3120,4.000,384.586,365.006,9.790,-0.000
102.4141,4.000,385.021,364.561,10.230,-0.000
102.5158,3.000,383.974,364.321,9.827,1.467
102.6174,3.000,383.811,365.453,9.179,0.489
102.7183,3.000,384.203,365.837,9.183,0.163
102.8201,3.000,384.735,365.926,9.404,0.054
102.9220,3.000,385.277,365.881,9.698,0.018
103.0247,4.000,385.277,363.558,10.859,-1.461
103.1262,6.000,385.068,358.469,13.300,-3.420
103.2276,6.000,387.229,356.069,15.580,-1.140
103.3291,4.000,385.587,354.961,15.313,2.553
103.4311,1.000,380.775,357.732,11.521,5.251
103.5330,-2.000,373.678,362.477,5.600,6.150
103.6339,-3.000,369.213,368.339,0.437,3.517
103.7357,-4.000,365.894,372.056,-3.081,2.639
103.8378,-5.000,363.201,374.348,-5.574,2.346
103.9398,-5.000,362.476,376.752,-7.138,0.782
104.0428,-5.000,362.627,377.945,-7.659,0.261
104.1444,-6.000,360.897,378.030,-8.566,1.554
104.2463,-6.000,360.203,379.407,-9.602,0.518
104.3478,-6.000,360.131,380.026,-9.947,0.173
104.4495,-6.000,360.235,380.360,-10.062,0.058
104.5521,-6.000,360.371,380.573,-10.101,0.019
104.6540,-6.000,360.499,380.726,-10.114,0.006
104.7550,-6.000,360.606,380.842,-10.118,0.002
104.8572,-6.000,360.694,380.933,-10.119,0.001
104.9594,-6.000,360.766,381.005,-10.120,0.000
105.0609,-5.000,360.916,379.689,-9.387,-1.467
105.1628,-5.000,362.428,379.246,-8.409,-0.489
105.2647,-5.000,363.181,379.347,-8.083,-0.163
105.3666,-5.000,363.631,379.580,-7.974,-0.054
105.4687,-5.000,363.941,379.817,-7.938,-0.018
105.5705,-5.000,364.171,380.024,-7.926,-0.006
105.6720,-5.000,364.350,380.194,-7.922,-0.002
105.7734,-5.000,364.492,380.333,-7.921,-0.001
105.8752,-5.000,364.604,380.445,-7.920,-0.000
105.9766,-5.000,364.694,380.534,-7.920,-0.000
106.0788,-5.000,364.766,380.606,-7.920,-0.000
106.1809,-5.000,364.823,380.663,-7.920,-0.000
106.2825,-5.000,364.869,380.709,-7.920,-0.000
106.3843,-5.000,364.905,380.745,-7.920,-0.000
106.4857,-5.000,364.935,380.775,-7.920,-0.000
106.5866,-5.000,364.958,380.798,-7.920,-0.000
106.6884,-5.000,364.977,380.817,-7.920,-0.000
106.7897,-5.000,364.992,380.832,-7.920,-0.000
106.8911,-5.000,365.004,380.844,-7.920,-0.000
106.9931,-5.000,365.014,380.854,-7.920,-0.000
107.0946,-4.000,364.675,379.928,-7.627,-1.467
107.1958,-4.000,365.707,379.884,-7.089,-0.489
107.2973,-3.000,366.191,378.911,-6.360,-1.630
107.3984,-3.000,367.752,378.958,-5.603,-0.543
107.5002,-3.000,368.427,379.570,-5.571,-0.181
107.6023,-3.000,368.733,380.294,-5.780,-0.060
107.7051,-4.000,366.652,380.479,-6.913,1.447
107.8060,-6.000,361.742,380.431,-9.344,3.416
107.9075,-9.000,353.202,380.845,-13.821,5.539
108.0086,-11.000,345.073,383.034,-18.980,4.780
108.1103,-12.000,339.417,385.217,-22.900,3.060
108.2119,-13.000,334.895,386.242,-25.673,2.487
108.3149,-13.000,332.838,387.500,-27.331,0.829
108.4170,-13.000,331.966,387.733,-27.884,0.276
108.5191,-12.000,331.620,386.289,-27.335,-1.375
108.6222,-12.000,332.820,385.656,-26.418,-0.458
108.7235,-11.000,333.445,384.204,-25.379,-1.619
108.8255,-11.000,335.194,383.794,-24.300,-0.540
108.9270,-10.000,336.183,382.596,-23.207,-1.647
109.0280,-10.000,338.197,382.415,-22.109,-0.549
109.1291,-9.000,339.390,381.409,-21.010,-1.650
109.2309,-8.000,341.657,380.011,-19.177,-2.017
109.3324,-8.000,344.349,380.014,-17.832,-0.672
109.4344,-8.000,345.876,380.644,-17.384,-0.224
109.5357,-7.000,346.981,379.984,-16.501,-1.541
109.6369,-7.000,349.186,380.134,-15.474,-0.514
109.7384,-6.000,350.565,379.361,-14.398,-1.638
109.8396,-5.000,352.992,378.137,-12.573,-2.013
109.9403,-4.000,355.469,377.344,-10.938,-2.138
110.0413,-3.000,358.330,376.548,-9.109,-2.179
110.1437,0.000,361.889,372.802,-5.456,-5.126
110.2450,4.000,366.166,363.497,1.335,-7.575
110.3470,8.000,370.698,352.061,9.318,-8.392
110.4479,11.000,375.651,341.425,17.113,-7.197
110.5496,12.000,380.549,335.261,22.644,-3.866
110.6522,13.000,382.993,331.084,25.955,-2.755
110.7541,13.000,385.137,329.553,27.792,-0.918
110.8570,13.000,385.994,329.187,28.404,-0.306
110.9585,14.000,385.768,327.086,29.341,-1.569
111.0600,15.000,386.256,324.015,31.120,-1.990
111.1631,15.000,387.550,322.656,32.447,-0.663
111.2648,15.000,387.966,322.188,32.889,-0.221
111.3657,14.000,386.719,322.113,32.303,1.393
111.4671,14.000,386.262,323.513,31.374,0.464
111.5684,13.000,384.956,324.293,30.331,1.621
111.6702,12.000,383.291,326.257,28.517,2.007
111.7719,12.000,383.073,328.714,27.179,0.669
111.8741,11.000,382.149,330.150,26.000,1.690
111.9754,10.000,380.854,332.574,24.140,2.030
112.0767,10.000,380.952,335.379,22.787,0.677
112.1786,9.000,380.289,337.085,21.602,1.692
112.2807,8.000,379.205,339.723,19.741,2.031
112.3834,7.000,378.099,342.792,17.654,2.144
112.4850,7.000,378.455,346.006,16.225,0.715
112.5865,6.000,378.034,348.004,15.015,1.705
112.6883,5.000,377.155,350.865,13.145,2.035
112.7904,4.000,376.657,353.667,11.495,2.145
112.8922,3.000,376.106,356.783,9.662,2.182
112.9944,2.000,375.524,360.136,7.694,2.194
113.0954,1.000,374.906,363.690,5.608,2.198
113.1965,0.000,374.242,367.424,3.409,2.199
113.2979,0.000,375.004,371.118,1.943,0.733
113.3998,-2.000,371.891,372.355,-0.232,3.178
113.5019,-3.000,368.599,375.427,-3.414,2.526
113.6030,-3.000,367.497,378.353,-5.428,0.842
113.7047,-5.000,363.478,378.390,-7.456,3.214
113.8059,-6.000,359.650,380.314,-10.332,2.538
113.9075,-6.000,358.196,382.244,-12.024,0.846
114.0091,-8.000,353.636,381.745,-14.055,3.215
114.1111,-9.000,349.375,383.238,-16.932,2.538
114.2120,-10.000,345.483,384.197,-19.357,2.313
114.3139,-11.000,341.674,384.939,-21.632,2.238
114.4150,-12.000,337.862,385.577,-23.857,2.213
114.5172,-13.000,334.024,386.156,-26.066,2.204
114.6192,-13.000,332.251,387.322,-27.535,0.735
114.7214,-14.000,329.425,386.942,-28.758,1.712
114.8235,-14.000,328.002,387.801,-29.899,0.571
114.9255,-14.000,327.396,387.955,-30.280,0.190
115.0269,-15.000,324.995,387.275,-31.140,1.530
115.1282,-15.000,323.742,388.062,-32.160,0.510
115.2301,-15.000,323.216,388.216,-32.500,0.170
115.3327,-15.000,322.954,388.181,-32.613,0.057
115.4349,-15.000,322.797,388.100,-32.651,0.019
115.5366,-15.000,322.689,388.017,-32.664,0.006
115.6378,-15.000,322.609,387.945,-32.668,0.002
115.7400,-15.000,322.547,387.885,-32.669,0.001
115.8417,-14.000,322.591,386.464,-31.936,-1.466
115.9425,-14.000,324.017,385.935,-30.959,-0.489
116.0443,-14.000,324.702,385.968,-30.633,-0.163
116.1454,-13.000,325.192,384.774,-29.791,-1.521
116.2469,-13.000,326.924,384.478,-28.777,-0.507
116.3500,-12.000,327.929,383.341,-27.706,-1.636
116.4511,-12.000,329.967,383.198,-26.615,-0.545
116.5531,-11.000,331.182,382.219,-25.518,-1.648
116.6554,-11.000,333.375,382.214,-24.419,-0.549
116.7573,-10.000,334.710,381.350,-23.320,-1.650
116.8597,-10.000,336.999,381.439,-22.220,-0.550
116.9618,-9.000,338.409,380.649,-21.120,-1.650
117.0639,-8.000,340.851,379.425,-19.287,-2.017
117.1652,-8.000,343.683,379.567,-17.942,-0.672
117.2661,-7.000,345.414,378.935,-16.761,-1.691
117.3678,-6.000,348.074,377.874,-14.900,-2.030
117.4693,-5.000,351.160,376.787,-12.813,-2.143
117.5712,-4.000,354.042,376.224,-11.091,-2.181
117.6719,-3.000,357.187,375.655,-9.234,-2.194
117.7738,-2.000,360.553,375.069,-7.258,-2.198
117.8755,-2.000,363.911,375.936,-6.013,-0.733
117.9773,-1.000,366.072,375.874,-4.901,-1.711
118.0796,0.000,369.146,375.200,-3.027,-2.037
118.1809,1.000,371.947,373.598,-0.826,-2.146
118.2831,2.000,374.451,371.335,1.558,-2.182
118.3843,3.000,376.705,368.553,4.076,-2.194
118.4862,3.000,379.286,367.549,5.869,-0.731
118.5890,4.000,380.218,365.159,7.530,-1.710
118.6904,5.000,381.148,362.342,9.403,-2.037
118.7924,6.000,382.125,359.136,11.494,-2.146
118.8940,7.000,383.037,355.721,13.658,-2.182
118.9951,7.000,384.490,354.265,15.113,-0.727
119.0962,8.000,384.347,351.686,16.331,-1.709
119.1976,8.000,385.398,350.457,17.470,-0.570
119.2993,9.000,385.080,347.913,18.583,-1.657
119.4012,9.000,386.039,346.664,19.688,-0.552
119.5027,9.000,386.292,346.180,20.056,-0.184
119.6046,9.000,386.322,345.964,20.179,-0.061
119.7064,9.000,386.288,345.849,20.220,-0.020
119.8077,9.000,386.243,345.776,20.233,-0.007
119.9088,9.000,386.200,345.724,20.238,-0.002
120.0110,9.000,386.163,345.685,20.239,-0.001
120.1135,9.000,386.133,345.654,20.240,-0.000
120.2146,9.000,386.109,345.629,20.240,-0.000
120.3159,9.000,386.090,345.610,20.240,-0.000
120.4179,8.000,384.701,345.688,19.507,1.467
120.5193,8.000,384.199,347.141,18.529,0.489
120.6213,8.000,384.253,347.847,18.203,0.163
125.9682,9.000,153.515,140.315,6.600,-13.200
126.0700,9.000,320.678,289.878,15.400,-4.400
126.1726,9.000,386.640,349.973,18.333,-1.467
126.2740,9.000,387.111,348.489,19.311,-0.489
126.3746,8.000,385.658,347.850,18.904,1.304
126.4760,8.000,384.952,348.883,18.035,0.435
126.5778,7.000,383.420,349.397,17.012,1.612
126.6801,6.000,381.565,351.158,15.204,2.004
126.7809,5.000,379.818,353.549,13.135,2.135
126.8831,4.000,378.719,355.883,11.418,2.178
126.9851,3.000,377.718,358.593,9.563,2.193
127.0876,1.000,375.303,361.815,6.744,3.664
127.1894,-1.000,371.606,366.157,2.725,4.155
127.2913,-4.000,364.375,369.745,-2.685,5.785
127.3933,-6.000,357.874,373.890,-8.008,4.862
127.4953,-6.000,355.691,378.190,-11.249,1.621
127.5972,-6.000,355.457,380.116,-12.330,0.540
127.6989,-4.000,355.520,378.847,-11.663,-2.753
127.8005,-3.000,358.637,377.486,-9.424,-2.384
127.9026,-2.000,361.802,376.445,-7.321,-2.261
128.0043,-1.000,365.143,375.524,-5.190,-2.220
128.1054,0.000,368.684,374.638,-2.977,-2.207
128.2064,0.000,372.218,375.229,-1.506,-0.736
128.3077,0.000,374.358,376.388,-1.015,-0.245
128.4095,0.000,375.841,377.545,-0.852,-0.082
128.5114,0.000,376.952,378.546,-0.797,-0.027
128.6128,0.000,377.814,379.373,-0.779,-0.009
128.7146,-1.000,376.293,379.526,-1.616,1.464
128.8168,-1.000,375.660,381.064,-2.702,0.488
128.9183,-1.000,375.586,381.861,-3.137,0.163
129.0205,-2.000,373.454,381.853,-4.199,1.521
129.1223,-2.000,372.364,383.230,-5.433,0.507
129.2242,-2.000,371.921,383.903,-5.991,0.169
129.3256,-2.000,371.681,384.328,-6.324,0.056
129.4267,-2.000,371.497,384.659,-6.581,0.019
129.5277,-2.000,371.323,384.950,-6.814,0.006
129.6310,-2.000,371.146,385.222,-7.038,0.002
129.7329,-2.000,370.962,385.481,-7.259,0.001
129.8340,-2.000,370.772,385.731,-7.480,0.000
129.9357,-2.000,370.576,385.976,-7.700,0.000
130.0377,-2.000,370.375,386.215,-7.920,0.000
130.1391,-3.000,367.967,385.934,-8.983,1.467
130.2403,-3.000,366.584,387.166,-10.291,0.489
130.3422,-3.000,365.867,387.761,-10.947,0.163
130.4430,-3.000,365.380,388.152,-11.386,0.054
130.5443,-3.000,364.975,388.479,-11.752,0.018
130.6465,-3.000,364.602,388.790,-12.094,0.006
130.7480,-3.000,364.243,389.099,-12.428,0.002
130.8503,-3.000,363.892,389.411,-12.759,0.001
130.9520,-3.000,363.546,389.725,-13.090,0.000
131.0537,-3.000,363.203,390.043,-13.420,0.000
131.1565,-3.000,362.863,390.363,-13.750,0.000
131.2575,-2.000,362.728,389.201,-13.237,-1.467
131.3585,-2.000,363.967,388.925,-12.479,-0.489
131.4599,-2.000,364.458,389.204,-12.373,-0.163
131.5622,-2.000,364.655,389.624,-12.484,-0.054
131.6631,-1.000,364.921,388.571,-11.825,-1.485
131.7655,-1.000,366.486,388.376,-10.945,-0.495
131.8670,-1.000,367.254,388.704,-10.725,-0.165
131.9684,-1.000,367.693,389.143,-10.725,-0.055
132.0703,-1.000,367.971,389.567,-10.798,-0.018
132.1720,-1.000,368.153,389.946,-10.896,-0.006
132.2731,-1.000,368.272,390.276,-11.002,-0.002
132.3751,-1.000,368.343,390.564,-11.111,-0.001
132.4765,-1.000,368.377,390.818,-11.220,-0.000
132.5772,-1.000,368.382,391.042,-11.330,-0.000
132.6788,-1.000,368.364,391.244,-11.440,-0.000
132.7816,-1.000,368.328,391.428,-11.550,-0.000
132.8834,0.000,368.480,390.113,-10.817,-1.467
132.9852,0.000,369.993,389.671,-9.839,-0.489
133.0874,0.000,370.747,389.773,-9.513,-0.163
133.1890,0.000,371.198,390.007,-9.404,-0.054
133.2901,0.000,371.508,390.244,-9.368,-0.018
133.3918,0.000,371.739,390.452,-9.356,-0.006
133.4930,0.000,371.919,390.623,-9.352,-0.002
133.5943,0.000,372.060,390.762,-9.351,-0.001
133.6956,0.000,372.173,390.874,-9.350,-0.000
133.7975,0.000,372.263,390.963,-9.350,-0.000
133.8992,0.000,372.335,391.035,-9.350,-0.000
134.0008,0.000,372.392,391.092,-9.350,-0.000
134.1022,0.000,372.438,391.138,-9.350,-0.000
134.2035,0.000,372.475,391.175,-9.350,-0.000
134.3056,0.000,372.505,391.205,-9.350,-0.000
134.4072,0.000,372.528,391.228,-9.350,-0.000
134.5082,0.000,372.547,391.247,-9.350,-0.000
134.6102,0.000,372.562,391.262,-9.350,-0.000
134.7126,0.000,372.574,391.274,-9.350,-0.000
134.8141,0.000,372.584,391.284,-9.350,-0.000
134.9163,0.000,372.591,391.291,-9.350,-0.000
135.0188,1.000,372.081,389.094,-8.507,-1.467
135.1206,1.000,373.086,387.923,-7.419,-0.489
135.2221,1.000,373.455,387.421,-6.983,-0.163
135.3234,2.000,373.104,384.946,-5.921,-1.521
135.4248,2.000,374.207,383.581,-4.687,-0.507
135.5263,3.000,374.144,380.716,-3.286,-1.636
135.6280,4.000,374.876,376.920,-1.022,-2.012
135.7293,4.000,376.432,374.914,0.759,-0.671
135.8301,4.000,377.139,373.846,1.646,-0.224
135.9320,5.000,376.518,371.460,2.529,-1.541
136.0330,5.000,377.342,370.229,3.556,-0.514
136.1343,6.000,376.895,367.631,4.632,-1.638
136.2354,6.000,377.769,366.321,5.724,-0.546
136.3370,6.000,377.958,365.782,6.088,-0.182
136.4387,6.000,377.940,365.521,6.209,-0.061
136.5406,7.000,377.242,363.276,6.983,-1.487
136.6422,8.000,377.429,360.014,8.708,-1.962
136.7436,8.000,378.508,358.476,10.016,-0.654
136.8453,8.000,378.760,357.856,10.452,-0.218
136.9463,9.000,378.131,355.470,11.331,-1.539
137.0485,9.000,378.952,354.238,12.357,-0.513
142.4001,6.000,155.395,146.595,4.400,-8.800
142.5028,6.000,319.889,299.355,10.267,-2.933
142.6051,6.000,385.084,360.640,12.222,-0.978
142.7071,6.000,385.398,359.650,12.874,-0.326
142.8089,6.000,385.345,359.162,13.091,-0.109
142.9116,5.000,383.828,358.967,12.430,1.430
143.0136,5.000,383.189,360.235,11.477,0.477
143.1154,5.000,383.123,360.805,11.159,0.159
143.2172,5.000,383.219,361.113,11.053,0.053
143.3184,5.000,383.345,361.309,11.018,0.018
143.4201,4.000,382.529,361.104,10.713,1.473
143.5222,4.000,382.578,362.236,10.171,0.491
143.6238,4.000,383.164,362.597,10.284,0.164
143.7265,3.000,382.390,362.847,9.771,1.521
143.8289,3.000,382.496,364.322,9.087,0.507
165.0201,0.000,159.155,159.155,0.000,0.000
165.1218,0.000,318.310,318.310,0.000,0.000
165.2237,0.000,381.972,381.972,0.000,0.000
165.3251,0.000,381.972,381.972,0.000,0.000
165.4269,0.000,381.972,381.972,0.000,0.000
165.5285,0.000,381.972,381.972,0.000,0.000
165.6303,-1.000,379.769,381.456,-0.843,1.467
165.7314,-1.000,378.593,382.455,-1.931,0.489
165.8334,-1.000,378.087,382.821,-2.367,0.163
165.9353,-1.000,377.812,382.983,-2.586,0.054
166.0372,-2.000,375.417,382.568,-3.575,1.485
166.1391,-2.000,374.083,383.653,-4.785,0.495
166.2407,-3.000,371.231,383.587,-6.178,1.632
166.3420,-4.000,367.442,384.321,-8.439,2.011
166.4438,-4.000,365.440,385.880,-10.220,0.670
166.5457,-5.000,362.722,385.522,-11.400,1.690
166.6464,-5.000,361.366,386.419,-12.527,0.563
166.7475,-5.000,360.806,386.610,-12.902,0.188
166.8493,-5.000,360.534,386.588,-13.027,0.063
166.9511,-5.000,360.374,386.512,-13.069,0.021
167.0539,-5.000,360.266,386.432,-13.083,0.007
167.1556,-5.000,360.186,386.361,-13.088,0.002
167.2576,-5.000,360.124,386.303,-13.089,0.001
167.3591,-5.000,360.075,386.255,-13.090,0.000
167.4606,-5.000,360.037,386.216,-13.090,0.000
167.5638,-6.000,357.912,385.559,-13.823,1.467
167.6652,-5.000,356.915,385.051,-14.068,-0.978
167.7675,-5.000,357.965,384.797,-13.416,-0.326
167.8705,-5.000,358.500,384.898,-13.199,-0.109
167.9719,-5.000,358.827,385.080,-13.126,-0.036
168.0743,-5.000,359.055,385.259,-13.102,-0.012
168.1756,-5.000,359.226,385.414,-13.094,-0.004
168.2770,-5.000,359.359,385.542,-13.091,-0.001
168.3787,-5.000,359.465,385.645,-13.090,-0.000
168.4803,-5.000,359.548,385.729,-13.090,-0.000
168.5821,-5.000,359.615,385.795,-13.090,-0.000
168.6836,-5.000,359.669,385.849,-13.090,-0.000
168.7851,-5.000,359.711,385.891,-13.090,-0.000
168.8879,-5.000,359.745,385.925,-13.090,-0.000
168.9900,-5.000,359.773,385.953,-13.090,-0.000
169.0921,-5.000,359.795,385.975,-13.090,-0.000
169.1937,-5.000,359.812,385.992,-13.090,-0.000
169.2955,-5.000,359.826,386.006,-13.090,-0.000
169.3974,-5.000,359.837,386.017,-13.090,-0.000
169.4992,-4.000,359.500,385.093,-12.797,-1.467
169.6003,-4.000,360.533,385.050,-12.259,-0.489
169.7014,-3.000,361.018,384.077,-11.530,-1.630
169.8033,-3.000,362.579,384.126,-10.773,-0.543
169.9053,-2.000,363.459,383.254,-9.898,-1.648
170.0062,-2.000,365.340,383.379,-9.019,-0.549
170.1080,-1.000,366.492,382.552,-8.030,-1.650
170.2106,0.000,368.816,381.209,-6.197,-2.017
170.3121,0.000,371.552,381.256,-4.852,-0.672
170.4136,1.000,372.597,379.718,-3.561,-1.691
170.5160,1.000,374.637,379.284,-2.324,-0.564
170.6181,2.000,375.248,377.237,-0.995,-1.655
170.7193,2.000,376.997,376.340,0.328,-0.552
170.8209,3.000,377.409,373.890,1.759,-1.651
170.9231,3.000,379.024,372.644,3.190,-0.550
171.0249,3.000,379.868,372.095,3.887,-0.183
171.1261,4.000,379.922,369.558,5.182,-1.528
171.2279,4.000,381.387,368.106,6.641,-0.509
171.3297,5.000,381.105,365.678,7.714,-1.636
171.4311,5.000,382.112,364.503,8.805,-0.545
171.5333,5.000,382.409,364.072,9.168,-0.182
171.6350,5.000,382.476,363.897,9.289,-0.061
171.7368,5.000,542.775,522.423,10.176,-0.024
171.8389,5.000,702.150,681.769,10.191,-0.009
171.9411,5.000,702.321,681.928,10.196,-0.004
172.0431,4.000,701.725,681.386,10.169,1.889
172.1451,4.000,701.605,682.597,9.504,0.744
172.2471,3.000,700.742,682.933,8.904,2.184
172.3490,3.000,700.567,684.686,7.940,0.860
172.4500,2.000,699.707,685.408,7.150,2.230
172.5514,1.000,698.212,687.393,5.409,2.769
172.6530,1.000,697.849,690.148,3.851,1.091
172.7543,1.000,698.265,691.645,3.310,0.430
172.8558,1.000,698.890,692.551,3.169,0.169
172.9575,0.000,698.191,693.075,2.558,1.958
173.0588,0.000,697.934,695.192,1.371,0.771
173.1606,-1.000,696.281,695.732,0.275,2.195
173.2619,-1.000,695.386,697.737,-1.175,0.865
173.3639,-2.000,693.257,698.154,-2.448,2.232
173.4658,-2.000,691.980,700.062,-4.041,0.879
173.5679,-3.000,689.531,700.416,-5.443,2.237
173.6694,-2.000,687.906,700.965,-6.530,-1.010
173.7715,-2.000,688.847,701.162,-6.158,-0.398
173.8738,-1.000,689.233,700.288,-5.528,-2.048
173.9757,-1.000,691.158,699.971,-4.407,-0.807
174.0779,-1.000,692.170,700.246,-4.038,-0.318
174.1791,-2.000,690.829,700.017,-4.594,1.766
174.2809,-2.000,689.890,701.699,-5.904,0.696
174.3831,-2.000,689.526,702.658,-6.566,0.274
174.4853,-3.000,687.429,702.632,-7.601,1.999
174.5866,-3.000,686.008,704.353,-9.173,0.787
174.6879,-4.000,683.362,704.640,-10.639,2.201
174.7899,-5.000,680.275,705.239,-12.482,2.758
174.8920,-6.000,676.800,706.125,-14.663,2.977
174.9938,-8.000,671.341,706.312,-17.485,4.955
175.0964,-10.000,664.611,707.624,-21.506,5.734
175.1980,-10.000,660.969,710.932,-24.981,2.259
175.3268,-9.000,659.276,710.958,-25.841,-1.001
175.4284,-8.000,660.025,709.475,-24.725,-2.285
175.5301,-8.000,662.116,708.797,-23.340,-0.900
175.6325,-8.000,663.227,708.816,-22.795,-0.355
175.7342,-8.000,663.894,709.053,-22.580,-0.140
175.8357,-8.000,664.340,709.331,-22.495,-0.055
175.9368,-6.000,664.281,707.168,-21.443,-3.803
176.0378,-6.000,667.698,705.975,-19.138,-1.498
176.1394,-5.000,669.304,704.747,-17.721,-2.481
176.2401,-4.000,671.289,703.665,-16.188,-2.868
176.3421,-4.000,673.908,703.768,-14.930,-1.130
176.4437,-3.000,675.131,703.323,-14.096,-2.336
176.5456,-2.000,677.427,702.249,-12.411,-2.811
176.6473,-2.000,680.379,702.274,-10.947,-1.107
176.7493,-1.000,681.931,701.705,-9.887,-2.327
176.8506,-1.000,684.614,701.808,-8.597,-0.917
176.9524,0.000,686.093,701.157,-7.532,-2.252
177.0538,1.000,688.118,699.195,-5.538,-2.778
177.1550,1.000,690.947,698.416,-3.734,-1.094
177.2573,1.000,692.551,698.453,-2.951,-0.431
177.3586,1.000,693.588,698.728,-2.570,-0.170
177.4606,2.000,693.665,697.101,-1.718,-1.958
177.5620,2.000,695.471,696.054,-0.291,-0.771
177.6639,3.000,695.812,693.721,1.045,-2.195
177.7669,3.000,697.705,692.234,2.735,-0.865
177.8681,4.000,698.081,689.584,4.248,-2.232
177.9705,4.000,700.003,687.841,6.081,-0.879
178.0731,4.000,701.088,686.901,7.094,-0.346
178.1742,3.000,700.506,686.197,7.154,1.754
178.2761,3.000,700.289,687.387,6.451,0.691
178.3783,3.000,700.619,687.835,6.392,0.272
178.4802,3.000,701.125,687.951,6.587,0.107
178.5817,2.000,700.340,687.834,6.253,1.933
178.6828,2.000,700.047,689.404,5.322,0.762
178.7847,2.000,700.337,690.137,5.100,0.300
178.8860,1.000,699.475,690.417,4.529,2.009
178.9873,1.000,699.145,692.282,3.431,0.791
179.0899,0.000,698.070,693.185,2.443,2.203
179.1917,0.000,697.666,695.451,1.108,0.868
179.2932,-1.000,695.956,696.050,-0.047,2.233
179.3951,-1.000,695.038,698.079,-1.520,0.880
179.4964,-2.000,692.901,698.506,-2.803,2.237
179.5983,-2.000,691.621,700.418,-4.399,0.881
179.7001,-3.000,689.170,700.774,-5.802,2.238
179.8014,-3.000,687.616,702.652,-7.518,0.882
179.9034,-4.000,684.922,703.005,-9.042,2.238
180.0047,-5.000,681.820,703.635,-10.907,2.773
180.1060,-5.000,680.151,705.326,-12.588,1.092
180.2070,-6.000,677.688,705.206,-13.759,2.321
180.3086,-6.000,676.249,706.580,-15.166,0.914
180.4518,-7.000,673.859,706.317,-16.229,2.251
180.5549,-8.000,670.624,706.829,-18.102,2.778
180.6569,-8.000,668.852,708.424,-19.786,1.094
180.7586,-8.000,668.118,709.016,-20.449,0.431
180.8601,-9.000,665.991,708.429,-21.219,2.061
180.9615,-9.000,664.656,709.593,-22.468,0.812
181.0632,-9.000,664.096,710.016,-22.960,0.320
181.1646,-9.000,663.847,710.155,-23.154,0.126
181.2656,-9.000,663.727,710.188,-23.230,0.050
181.3666,-9.000,663.662,710.183,-23.260,0.020
181.4676,-8.000,663.431,708.958,-22.763,-1.883
181.5701,-8.000,664.990,708.234,-21.622,-0.742
181.6727,-8.000,665.774,708.118,-21.172,-0.292
181.7740,-7.000,666.027,706.999,-20.486,-2.006
181.8759,-7.000,667.897,706.437,-19.270,-0.790
181.9777,-6.000,668.708,705.272,-18.282,-2.202
182.0799,-6.000,670.901,704.796,-16.948,-0.868
182.1806,-4.000,671.252,703.019,-15.884,-4.124
182.2823,-4.000,674.700,702.429,-13.864,-1.624
182.3839,-3.000,676.277,701.739,-12.731,-2.531
182.4857,-2.000,678.735,700.591,-10.928,-2.888
182.5878,-1.000,681.698,699.276,-8.789,-3.029
182.6889,1.000,684.331,695.961,-5.815,-4.975
182.7909,3.000,687.852,690.695,-1.422,-5.742
182.8924,5.000,691.051,684.899,3.076,-6.044
182.9938,6.000,694.885,680.388,7.248,-4.272
183.0959,7.000,697.412,676.719,10.346,-3.574
183.1980,7.000,700.121,675.097,12.512,-1.408
183.2999,7.000,701.409,674.678,13.365,-0.555
183.4019,7.000,702.093,674.690,13.702,-0.218
183.5039,7.000,702.504,674.836,13.834,-0.086
183.6056,6.000,701.569,674.815,13.377,1.857
183.7075,6.000,701.062,676.559,12.252,0.732
183.8097,5.000,699.904,677.306,11.299,2.179
183.9120,4.000,698.690,678.791,9.949,2.749
184.0145,3.000,697.283,681.015,8.134,2.974
184.1156,3.000,697.167,683.784,6.692,1.172
184.2169,3.000,697.878,685.195,6.342,0.462
184.3182,4.000,698.137,684.035,7.051,-1.709
184.4196,4.000,700.292,683.158,8.567,-0.673
184.5212,4.000,701.691,682.782,9.455,-0.265
184.6227,3.000,701.412,682.479,9.466,1.786
184.7244,2.000,700.128,683.898,8.115,2.595
184.8255,0.000,697.191,686.143,5.524,4.804
184.9269,-1.000,694.073,690.107,1.983,3.783
185.0282,-2.000,691.070,693.187,-1.059,3.381
185.1296,-3.000,687.882,695.836,-3.977,3.223
185.2311,-3.000,686.354,698.934,-6.290,1.270
185.3330,-4.000,683.923,700.020,-8.049,2.391
185.4364,-5.000,681.127,701.141,-10.007,2.833
185.5379,-6.000,677.930,702.397,-12.233,3.007
185.6398,-7.000,674.523,703.652,-14.565,3.075
185.7413,-7.000,672.798,705.655,-16.428,1.212
185.8443,-8.000,670.366,705.709,-17.672,2.368
185.9455,-8.000,668.979,707.194,-19.107,0.933
186.0468,-8.000,668.453,707.798,-19.672,0.368
186.1486,-9.000,666.453,707.261,-20.404,2.036
186.2506,-10.000,663.395,707.689,-22.147,2.693
186.3523,-10.000,661.711,709.269,-23.779,1.061
186.4539,-10.000,661.026,709.871,-24.422,0.418
186.5554,-10.000,660.740,710.091,-24.675,0.165
186.6565,-10.000,660.614,710.164,-24.775,0.065
186.7580,-11.000,658.744,709.391,-25.324,1.916
186.8593,-11.000,499.864,548.527,-24.331,0.639
186.9607,-11.000,339.710,389.224,-24.757,0.213
187.0627,-10.000,339.202,387.533,-24.166,-1.396
187.1638,-10.000,340.253,386.724,-23.235,-0.465
187.2654,-9.000,340.754,385.137,-22.192,-1.622
187.3671,-9.000,342.400,384.621,-21.111,-0.541
187.4691,-8.000,343.306,383.340,-20.017,-1.647
187.5712,-8.000,345.254,383.092,-18.919,-0.549
187.6728,-7.000,346.393,382.032,-17.820,-1.650
187.7746,-6.000,348.618,380.591,-15.987,-2.017
187.8771,-5.000,351.369,379.187,-13.909,-2.139
187.9787,-5.000,354.334,379.300,-12.483,-0.713
188.0803,-4.000,355.694,379.122,-11.714,-1.704
188.1820,-3.000,358.066,378.416,-10.175,-2.035
188.2834,-2.000,360.962,377.572,-8.305,-2.145
188.3846,-2.000,363.993,378.183,-7.095,-0.715
188.4870,-1.000,365.910,377.900,-5.995,-1.705
188.5887,0.000,368.793,377.043,-4.125,-2.035
188.6905,1.000,371.444,375.294,-1.925,-2.145
188.7920,1.000,374.345,375.115,-0.385,-0.715
188.8932,2.000,375.503,373.413,1.045,-1.705
188.9946,3.000,377.126,370.636,3.245,-2.035
189.0960,3.000,379.351,369.488,4.932,-0.678
189.1978,4.000,380.047,366.933,6.557,-1.693
189.2994,4.000,381.872,365.621,8.126,-0.564
189.4010,5.000,381.827,363.356,9.235,-1.655
189.5030,5.000,383.006,362.329,10.338,-0.552
189.6044,5.000,383.435,362.022,10.706,-0.184
189.7075,5.000,383.606,361.949,10.829,-0.061
189.8094,5.000,383.686,361.947,10.870,-0.020
189.9109,5.000,383.731,361.964,10.883,-0.007
190.0121,5.000,383.760,361.985,10.888,-0.002
190.1135,5.000,383.782,362.003,10.889,-0.001
190.2146,5.000,383.798,362.019,10.890,-0.000
190.3154,5.000,383.811,362.031,10.890,-0.000
190.4175,4.000,382.888,361.695,10.597,1.467
190.5185,5.000,381.780,361.075,10.352,-0.978
190.6192,5.000,382.740,360.732,11.004,-0.326
190.7212,6.000,382.578,358.669,11.955,-1.575
190.8221,6.000,383.738,357.728,13.005,-0.525
190.9231,5.000,382.803,357.559,12.622,1.292
191.0246,5.000,382.500,358.979,11.761,0.431
191.1260,4.000,381.726,359.366,11.180,1.610
191.2281,3.000,380.455,361.048,9.703,2.003
191.3299,3.000,380.613,363.218,8.698,0.668
191.4305,0.000,376.979,364.874,6.053,4.623
191.5323,0.000,376.107,370.165,2.971,1.541
191.6340,-1.000,374.643,372.443,1.100,1.980
191.7351,-2.000,372.336,374.682,-1.173,2.127
191.8369,-3.000,369.467,376.776,-3.654,2.176
191.9385,-3.000,368.377,379.246,-5.435,0.725
192.0411,-4.000,365.912,380.095,-7.092,1.708
192.1432,-5.000,363.034,380.961,-8.964,2.036
192.2455,-5.000,361.871,382.514,-10.321,0.679
192.3467,-5.000,361.575,383.122,-10.774,0.226
192.4484,-5.000,361.549,383.398,-10.925,0.075
192.5513,-5.000,361.598,383.548,-10.975,0.025
192.6531,-5.000,361.661,383.644,-10.992,0.008
192.7559,-6.000,359.626,383.087,-11.731,1.469
192.8580,-6.000,358.610,384.030,-12.710,0.490
192.9600,-6.000,358.254,384.327,-13.037,0.163
193.0619,-6.000,358.121,384.412,-13.146,0.054
193.1635,-6.000,358.066,384.430,-13.182,0.018
193.2655,-6.000,358.039,384.427,-13.194,0.006
193.3666,-7.000,355.929,383.792,-13.931,1.469
193.4688,-7.000,354.852,384.673,-14.910,0.490
193.5700,-7.000,354.448,384.922,-15.237,0.163
193.6715,-7.000,354.277,384.968,-15.346,0.054
193.7729,-7.000,354.190,384.954,-15.382,0.018
193.8753,-6.000,354.232,383.553,-14.661,-1.461
193.9775,-7.000,353.568,382.408,-14.420,0.980
194.0796,-6.000,353.285,381.965,-14.340,-1.140
194.1821,-7.000,352.661,381.288,-14.313,1.087
194.2841,-7.000,352.416,382.492,-15.038,0.362
194.3863,-7.000,352.558,383.117,-15.279,0.121
194.4878,-7.000,352.785,383.504,-15.360,0.040
194.5892,-8.000,350.910,383.150,-16.120,1.480
194.6914,-8.000,350.032,384.245,-17.107,0.493
194.7934,-8.000,349.790,384.661,-17.436,0.164
194.8955,-8.000,349.749,384.840,-17.545,0.055
194.9977,-7.000,349.862,383.559,-16.848,-1.448
195.0988,-7.000,351.360,383.125,-15.883,-0.483
195.2000,-6.000,352.201,381.856,-14.828,-1.628
195.3020,-4.000,353.861,379.293,-12.716,-3.476
195.4034,-3.000,357.581,377.571,-9.995,-2.625
195.5052,-1.000,361.207,374.984,-6.888,-3.808
195.6062,2.000,365.221,369.080,-1.929,-5.669
195.7080,5.000,369.365,361.265,4.050,-6.290
195.8095,8.000,373.210,352.323,10.443,-6.497
195.9123,12.000,375.995,340.580,17.708,-8.032
196.0151,15.000,379.887,329.362,25.263,-7.077
196.1165,19.000,382.168,316.340,32.914,-8.226
196.2184,22.000,385.476,304.280,40.598,-7.142
196.3204,25.000,387.856,292.737,47.559,-6.781
196.4215,28.000,389.831,281.272,54.280,-6.660
196.5229,31.000,391.596,269.756,60.920,-6.620
196.6241,34.000,393.228,258.162,67.533,-6.607
196.7252,36.000,395.395,248.586,73.404,-5.136
196.8272,38.000,396.602,240.012,78.295,-4.645
196.9287,42.000,396.245,227.595,84.325,-7.415
197.0300,43.000,399.452,219.449,90.002,-3.938
197.1319,45.000,399.849,211.661,94.094,-4.246
197.2335,46.000,401.096,205.780,97.658,-2.882
197.3362,46.000,402.164,203.006,99.579,-0.961
197.4379,46.000,402.122,201.683,100.220,-0.320
197.5404,46.000,401.790,200.923,100.433,-0.107
197.6415,46.000,401.424,200.415,100.504,-0.036
197.7427,46.000,401.098,200.042,100.528,-0.012
197.8443,45.000,399.453,199.848,99.803,1.463
197.9451,45.000,398.742,201.087,98.828,0.488
198.0469,44.000,397.255,201.717,97.769,1.629
198.1484,44.000,396.827,203.460,96.683,0.543
198.2501,43.000,395.617,204.442,95.588,1.648
198.3521,43.000,395.427,206.449,94.489,0.549
198.4535,42.000,394.414,207.635,93.390,1.650
198.5556,41.000,393.011,209.898,91.557,2.017
198.6572,41.000,393.010,212.586,90.212,0.672
198.7595,40.000,392.263,214.202,89.031,1.691
198.8610,39.000,391.111,216.770,87.170,2.030
198.9630,38.000,389.950,219.783,85.083,2.143
199.0643,38.000,390.262,222.953,83.654,0.714
199.1665,37.000,389.806,224.916,82.445,1.705
199.2677,36.000,388.898,227.748,80.575,2.035
199.3700,35.000,387.938,230.968,78.485,2.145
199.4717,34.000,387.038,234.395,76.322,2.182
199.5742,33.000,386.222,237.954,74.134,2.194
199.6768,32.000,385.483,241.607,71.938,2.198
199.7788,31.000,384.810,245.331,69.739,2.199
199.8807,30.000,384.190,249.111,67.540,2.200
199.9825,29.000,383.615,252.935,65.340,2.200
200.0846,28.000,383.074,256.794,63.140,2.200
200.1858,27.000,382.562,260.682,60.940,2.200
200.2879,27.000,383.445,264.499,59.473,0.733
200.3899,27.000,384.836,266.868,58.984,0.244
200.4915,26.000,384.804,268.628,58.088,1.548
200.5936,26.000,385.463,271.351,57.056,0.516
200.6953,25.000,385.099,273.142,55.979,1.639
200.7966,24.000,384.204,275.898,54.153,2.013
200.8976,24.000,384.606,278.984,52.811,0.671
201.0005,23.000,384.181,280.920,51.630,1.690
201.1021,23.000,384.658,283.651,50.503,0.563
201.2041,23.000,385.566,285.310,50.128,0.188
201.3060,22.000,385.094,286.556,49.269,1.529
201.4073,22.000,385.384,288.885,48.250,0.510
201.5091,22.000,386.092,290.272,47.910,0.170
201.6112,22.000,386.817,291.223,47.797,0.057
201.7127,21.000,386.076,292.025,47.026,1.486
201.8148,21.000,386.110,294.040,46.035,0.495
201.9166,21.000,386.599,295.189,45.705,0.165
202.0188,21.000,387.145,295.955,45.595,0.055
202.1203,21.000,387.633,296.516,45.558,0.018
202.2223,21.000,388.040,296.948,45.546,0.006
202.3232,21.000,388.372,297.288,45.542,0.002
202.4252,21.000,388.639,297.557,45.541,0.001
202.5264,21.000,388.853,297.773,45.540,0.000
202.6278,22.000,388.398,295.851,46.273,-1.467
202.7291,22.000,389.425,294.923,47.251,-0.489
202.8307,23.000,389.164,292.543,48.310,-1.630
202.9315,23.000,390.194,291.401,49.397,-0.543
203.0324,23.000,390.511,290.994,49.759,-0.181
203.1343,23.000,390.596,290.837,49.880,-0.060
203.2361,23.000,390.607,290.768,49.920,-0.020
203.3378,24.000,389.971,288.638,50.667,-1.473
203.4396,24.000,390.847,287.549,51.649,-0.491
203.5405,23.000,389.716,287.230,51.243,1.303
203.6421,23.000,389.267,288.518,50.374,0.434
203.7431,23.000,389.313,289.144,50.085,0.145
203.8446,23.000,389.486,289.509,49.988,0.048
203.9462,23.000,389.668,289.756,49.956,0.016
204.0479,22.000,388.456,290.032,49.212,1.472
204.1502,22.000,388.101,291.639,48.231,0.491
204.2523,22.000,388.274,292.467,47.904,0.164
204.3541,22.000,388.565,292.976,47.795,0.055
204.4557,22.000,388.849,293.333,47.758,0.018
204.5575,22.000,389.093,293.601,47.746,0.006
204.6586,22.000,389.294,293.810,47.742,0.002
204.7600,21.000,388.084,294.069,47.007,1.467
204.8620,21.000,387.725,295.666,46.029,0.489
204.9642,21.000,387.894,296.488,45.703,0.163
205.0657,20.000,386.808,297.086,44.861,1.521
205.1673,19.000,385.226,298.998,43.114,1.974
205.2693,18.000,383.669,301.540,41.065,2.125
205.3718,18.000,383.646,304.350,39.648,0.708
205.4741,17.000,382.915,306.030,38.443,1.703
205.5789,16.000,381.787,308.638,36.574,2.034
205.6809,16.000,382.023,311.586,35.218,0.678
205.7826,15.000,381.471,313.405,34.033,1.693
205.8837,15.000,381.849,316.041,32.904,0.564
205.9857,15.000,382.678,317.622,32.528,0.188
206.0869,16.000,382.891,316.619,33.136,-1.404
206.1889,16.000,384.510,316.366,34.072,-0.468
206.2908,16.000,385.369,316.601,34.384,-0.156
206.3922,17.000,385.284,314.841,35.221,-1.519
206.4943,18.000,385.931,311.997,36.967,-1.973
206.5964,19.000,386.742,308.710,39.016,-2.124
206.6980,20.000,387.540,305.210,41.165,-2.175
206.8002,20.000,388.910,303.680,42.615,-0.725
206.9022,21.000,388.702,301.038,43.832,-1.708
207.0037,21.000,389.701,299.760,44.971,-0.569
207.1055,21.000,389.969,299.269,45.350,-0.190
207.2070,21.000,390.006,299.053,45.477,-0.063
207.3091,21.000,389.977,298.939,45.519,-0.021
207.4110,21.000,389.934,298.868,45.533,-0.007
207.5141,21.000,389.893,298.817,45.538,-0.002
207.6159,20.000,388.484,298.873,44.806,1.466
207.7176,20.000,387.966,300.309,43.829,0.489
207.8192,19.000,386.634,301.095,42.770,1.630
207.9213,19.000,386.329,302.963,41.683,0.543
208.0232,19.000,386.592,303.950,41.321,0.181
208.1250,18.000,385.598,304.664,40.467,1.527
208.2269,18.000,385.469,306.570,39.449,0.509
208.3296,18.000,385.840,307.620,39.110,0.170
208.4306,18.000,386.295,308.302,38.997,0.057
208.5318,18.000,386.712,308.794,38.959,0.019
208.6331,19.000,386.437,307.077,39.680,-1.460
208.7351,19.000,387.613,306.307,40.653,-0.487
208.8365,20.000,387.474,304.051,41.711,-1.629
208.9382,20.000,388.601,303.007,42.797,-0.543
209.0393,20.000,388.997,302.679,43.159,-0.181
209.1414,21.000,388.518,300.492,44.013,-1.527
209.2434,21.000,389.469,299.407,45.031,-0.509
209.3448,22.000,389.129,296.921,46.104,-1.636
209.4465,23.000,389.462,293.607,47.928,-2.012
209.5478,23.000,390.611,292.073,49.269,-0.671
209.6499,23.000,390.904,291.472,49.716,-0.224
209.7526,23.000,390.930,291.199,49.865,-0.075
209.8539,23.000,390.882,291.051,49.915,-0.025
209.9559,23.000,390.819,290.956,49.932,-0.008
210.0568,23.000,390.762,290.887,49.937,-0.003
210.1576,23.000,390.713,290.835,49.939,-0.001
210.2590,23.000,390.673,290.794,49.940,-0.000
210.3598,23.000,390.641,290.761,49.940,-0.000
210.4614,23.000,390.615,290.736,49.940,-0.000
210.5632,23.000,390.595,290.715,49.940,-0.000
210.6647,23.000,390.578,290.698,49.940,-0.000
210.8078,23.000,390.565,290.685,49.940,-0.000
210.9089,23.000,390.555,290.675,49.940,-0.000
211.0103,24.000,389.919,288.573,50.673,-1.467
211.1116,23.000,389.429,287.593,50.918,0.978
211.2127,24.000,388.563,286.564,50.999,-1.141
211.3143,23.000,388.192,286.139,51.026,1.086
211.4160,23.000,388.149,287.544,50.302,0.362
211.5177,23.000,388.452,288.331,50.061,0.121
211.6189,23.000,388.808,288.848,49.980,0.040
211.7208,24.000,388.503,287.130,50.687,-1.453
211.8241,25.000,389.037,284.259,52.389,-1.951
211.9250,27.000,389.149,278.836,55.156,-3.584
212.0267,28.000,390.787,274.230,58.279,-2.661
212.1279,30.000,391.121,268.082,61.520,-3.820
212.2291,31.000,392.715,263.116,64.800,-2.740
212.3301,32.000,393.567,258.847,67.360,-2.380
212.4324,33.000,394.160,254.800,69.680,-2.260
212.5374,34.000,394.658,250.818,71.920,-2.220
212.6389,35.000,395.118,246.852,74.133,-2.207
212.7409,35.000,396.187,244.978,75.604,-0.736
212.8425,35.000,396.355,244.166,76.095,-0.245
212.9436,36.000,395.634,241.651,76.992,-1.548
213.0452,36.000,396.373,240.325,78.024,-0.516
213.1457,35.000,395.108,239.839,77.635,1.295
213.2471,35.000,394.545,241.002,76.772,0.432
213.3486,35.000,394.497,241.529,76.484,0.144
213.4505,34.000,393.219,241.910,75.655,1.515
213.5514,33.000,391.478,243.655,73.912,1.972
213.6532,33.000,391.165,245.970,72.597,0.657
213.7553,32.000,390.154,247.303,71.426,1.686
213.8570,30.000,387.412,249.742,68.835,3.495
213.9584,29.000,385.588,254.044,65.772,2.632
214.0606,27.000,383.078,257.977,62.551,3.811
214.1622,26.000,381.733,263.179,59.277,2.737
214.2640,24.000,379.705,267.734,55.986,3.846
214.3653,23.000,378.779,273.401,52.689,2.749
214.4685,21.000,377.096,278.317,49.390,3.850
214.5702,18.000,373.703,284.456,44.623,5.683
214.6711,17.000,372.639,292.437,40.101,3.361
214.7729,15.000,371.419,298.631,36.394,4.054
214.8738,13.000,369.959,305.510,32.225,4.285
214.9757,11.000,368.523,312.720,27.902,4.362
215.0767,8.000,365.806,320.218,22.794,5.854
215.1785,6.000,364.069,329.219,17.425,4.885
215.2805,5.000,364.345,337.475,13.435,3.095
215.3821,3.000,364.277,343.807,10.235,3.965
215.4834,0.000,362.020,351.237,5.392,5.722
215.5847,-2.000,358.868,359.086,-0.109,4.841
215.6868,-4.000,354.893,365.379,-5.243,4.547
215.7882,-7.000,348.509,369.458,-10.474,5.916
215.8893,-9.000,342.456,374.226,-15.885,4.905
215.9916,-11.000,336.486,377.729,-20.622,4.568
216.0943,-14.000,328.173,379.907,-25.867,5.923
216.1953,-18.000,316.398,381.896,-32.749,7.841
216.2975,-23.000,300.789,384.075,-41.643,9.947
216.3986,-26.000,287.505,388.454,-50.474,7.716
216.5003,-26.000,281.800,393.036,-55.618,2.572
216.6018,-26.000,279.636,394.302,-57.333,0.857
216.7033,-24.000,278.892,391.767,-56.438,-2.648
216.8049,-22.000,281.532,387.944,-53.206,-3.816
216.9060,-20.000,285.790,384.180,-49.195,-4.205
217.0073,-18.000,290.977,380.828,-44.925,-4.335
217.1091,-16.000,296.788,377.925,-40.568,-4.378
217.2113,-13.000,303.150,374.049,-35.449,-5.859
217.3130,-10.000,311.331,370.017,-29.343,-6.353
217.4150,-8.000,320.413,367.695,-23.641,-5.051
217.5173,-6.000,328.670,366.284,-18.807,-4.617
217.6195,-4.000,336.234,365.639,-14.702,-4.472
217.7213,1.000,343.839,359.728,-7.944,-8.824
217.8231,3.000,354.477,355.006,-0.265,-5.875
217.9252,5.000,361.506,351.269,5.118,-4.892
218.0267,7.000,366.831,347.138,9.846,-4.564
218.1281,10.000,370.471,340.293,15.089,-5.921
218.2293,12.000,374.883,333.877,20.503,-4.907
218.3306,14.000,378.099,327.617,25.241,-4.569
218.4324,16.000,380.675,321.168,29.754,-4.456
218.5360,18.000,382.843,314.460,34.191,-4.419
218.6371,20.000,384.719,307.512,38.604,-4.406
218.7388,22.000,386.375,300.359,43.008,-4.402
218.8398,24.000,387.857,293.039,47.409,-4.401
218.9407,25.000,389.829,287.676,51.076,-2.934
219.0426,27.000,390.175,281.178,54.499,-3.911
219.1443,29.000,391.069,273.923,58.573,-4.237
219.2453,31.000,392.095,266.367,62.864,-4.346
219.3467,33.000,393.127,258.671,67.228,-4.382
219.4483,34.000,394.757,252.991,70.883,-2.927
219.5495,35.000,395.461,248.326,73.568,-2.442
219.6508,36.000,395.878,244.020,75.929,-2.281
219.7520,37.000,396.217,239.851,78.183,-2.227
219.8530,39.000,395.916,233.647,81.134,-3.676
219.9542,40.000,397.138,228.502,84.318,-2.692
220.0569,40.000,398.363,226.137,86.113,-0.897
220.1590,41.000,397.879,222.990,87.444,-1.766
220.2606,42.000,397.977,219.267,89.355,-2.055
220.3623,43.000,398.270,215.354,91.458,-2.152
220.4644,44.000,398.630,211.378,93.626,-2.184
220.5662,44.000,399.640,209.476,95.082,-0.728
220.6672,45.000,399.141,206.540,96.301,-1.709
220.7688,45.000,399.907,205.027,97.440,-0.570
220.8697,46.000,399.361,202.255,98.553,-1.657
220.9710,46.000,400.139,200.823,99.658,-0.552
221.0724,47.000,399.618,198.100,100.759,-1.651
221.1740,47.000,400.421,196.702,101.860,-0.550
221.2754,48.000,399.924,194.004,102.960,-1.650
221.3768,48.000,400.745,192.626,104.060,-0.550
221.4777,48.000,400.889,192.036,104.427,-0.183
221.5791,48.000,400.834,191.736,104.549,-0.061
221.6811,48.000,400.732,191.553,104.590,-0.020
221.7830,47.000,399.258,191.518,103.870,1.460
221.8846,47.000,398.682,192.888,102.897,0.487
221.9862,47.000,398.675,193.530,102.572,0.162
222.0890,46.000,397.447,193.986,101.731,1.521
222.1912,46.000,397.124,195.691,100.717,0.507
222.2930,45.000,395.966,196.675,99.646,1.636
222.3946,45.000,395.806,198.696,98.555,0.545
222.4955,44.000,394.813,199.897,97.458,1.648
222.5965,44.000,394.798,202.079,96.359,0.549
222.6974,43.000,393.925,203.405,95.260,1.650
222.7982,42.000,392.633,205.780,93.427,2.017
222.8990,42.000,392.722,208.558,92.082,0.672
223.0003,41.000,392.047,210.245,90.901,1.691
223.1031,40.000,390.952,212.871,89.040,2.030
223.2045,39.000,389.837,215.930,86.953,2.143
223.3060,38.000,388.812,219.230,84.791,2.181
223.4068,37.000,387.895,222.688,82.604,2.194
223.5082,35.000,385.702,226.353,79.675,3.665
223.6097,34.000,384.475,231.478,76.498,2.688
223.7107,33.000,383.868,235.923,73.973,2.363
223.8125,32.000,383.455,240.127,71.664,2.254
223.9135,31.000,383.095,244.239,69.428,2.218
224.0147,30.000,382.744,248.312,67.216,2.206
224.1164,29.000,382.389,252.365,65.012,2.202
224.2184,28.000,382.027,256.405,62.811,2.201
224.3200,25.000,378.911,260.624,59.144,5.134
224.4213,23.000,376.183,267.674,54.255,4.645
224.5225,22.000,375.442,274.592,50.425,3.015
224.6240,21.000,375.530,280.166,47.682,2.472
224.7250,20.000,375.773,285.172,45.301,2.291
224.8259,19.000,375.973,289.893,43.040,2.230
224.9277,18.000,376.081,294.441,40.820,2.210
225.0291,17.000,376.096,298.870,38.613,2.203
225.1299,16.000,376.032,303.210,36.411,2.201
225.2306,15.000,375.901,307.481,34.210,2.200
225.3315,14.000,375.717,311.697,32.010,2.200
225.4349,13.000,375.490,315.870,29.810,2.200
225.5358,13.000,376.602,319.915,28.343,0.733
225.6374,12.000,376.802,322.560,27.121,1.711
225.7392,12.000,377.800,325.839,25.980,0.570
225.8399,11.000,377.757,328.023,24.867,1.657
225.9410,11.000,378.509,330.984,23.762,0.552
226.0422,11.000,379.626,332.838,23.394,0.184
226.1430,11.000,380.691,334.148,23.271,0.061
226.2442,11.000,381.601,335.140,23.230,0.020
226.3458,11.000,382.347,335.914,23.217,0.007
226.4466,11.000,382.951,336.527,23.212,0.002
226.5489,12.000,382.810,334.921,23.944,-1.466
226.6509,13.000,383.462,332.152,25.655,-1.955
226.7525,13.000,384.918,331.002,26.958,-0.652
226.8540,14.000,384.848,328.596,28.126,-1.684
226.9567,15.000,385.354,325.390,29.982,-2.028
227.0580,16.000,386.000,321.865,32.067,-2.143
227.1601,17.000,386.649,318.191,34.229,-2.181
227.2622,18.000,387.267,314.434,36.416,-2.194
227.3632,20.000,387.220,308.530,39.345,-3.665
227.4648,21.000,388.656,303.613,42.522,-2.688
227.5674,22.000,389.429,299.335,45.047,-2.363
227.6695,24.000,389.349,293.171,48.089,-3.721
227.7706,25.000,390.705,288.099,51.303,-2.707
227.8726,27.000,390.771,281.622,54.574,-3.836
227.9748,29.000,391.510,274.313,58.598,-4.212
228.0762,30.000,393.063,268.784,62.139,-2.871
228.1779,32.000,393.133,262.094,65.520,-3.890
228.2795,33.000,394.452,256.759,68.847,-2.763
228.3815,35.000,394.434,250.123,72.156,-3.854
228.4835,36.000,395.716,244.799,75.459,-2.751
228.5848,36.000,396.933,242.347,77.293,-0.917
228.6862,37.000,396.424,239.149,78.638,-1.772
228.7883,38.000,396.496,235.391,80.553,-2.057
228.8905,39.000,396.767,231.452,82.658,-2.152
228.9925,39.000,397.734,229.549,84.093,-0.717
229.0942,40.000,397.212,226.604,85.304,-1.706
229.1958,40.000,397.962,225.079,86.441,-0.569
229.2977,41.000,397.405,222.297,87.554,-1.656
229.3997,41.000,398.173,220.857,88.658,-0.552
229.5019,41.000,398.273,220.221,89.026,-0.184
229.6039,41.000,398.180,219.883,89.149,-0.061
229.7054,41.000,398.049,219.670,89.190,-0.020
229.8070,42.000,397.299,217.426,89.937,-1.473
229.9084,42.000,398.083,216.245,90.919,-0.491
230.0099,42.000,398.252,215.760,91.246,-0.164
230.1116,42.000,398.235,215.524,91.355,-0.055
230.2141,42.000,398.170,215.386,91.392,-0.018
230.3157,42.000,398.101,215.293,91.404,-0.006
230.4184,42.000,398.040,215.224,91.408,-0.002
230.5195,41.000,396.616,215.264,90.676,1.466
230.6214,41.000,396.085,216.688,89.699,0.489
230.7225,41.000,396.116,217.371,89.373,0.163
230.8241,41.000,396.294,217.765,89.264,0.054
230.9270,40.000,395.113,218.123,88.495,1.485
231.0285,40.000,394.794,219.784,87.505,0.495
231.1296,39.000,393.627,220.744,86.442,1.632
231.2312,39.000,393.457,222.749,85.354,0.544
231.3324,38.000,392.455,223.939,84.258,1.648
231.4352,38.000,392.431,226.112,83.159,0.549
231.5374,37.000,391.552,227.432,82.060,1.650
231.6390,36.000,390.254,229.801,80.227,2.017
231.7400,35.000,388.966,232.668,78.149,2.139
231.8411,35.000,389.171,235.725,76.723,0.713
231.9420,34.000,388.627,237.598,75.514,1.704
232.0432,33.000,387.649,240.360,73.645,2.035
232.1449,32.000,386.633,243.523,71.555,2.145
232.2463,31.000,385.689,246.905,69.392,2.182
232.3481,30.000,384.836,250.428,67.204,2.194
232.4493,28.000,382.695,254.145,64.275,3.665
232.5509,27.000,381.509,259.312,61.098,2.688
232.6528,25.000,379.562,263.883,57.839,3.829
232.7540,23.000,377.312,269.673,53.820,4.210
232.8558,22.000,376.549,275.989,50.280,2.870
232.9572,21.000,376.483,281.216,47.633,2.423
233.0597,20.000,376.558,285.989,45.284,2.274
233.1616,18.000,375.235,290.632,42.301,3.691
233.2631,17.000,374.728,296.514,39.107,2.697
233.3646,16.000,374.707,301.556,36.576,2.366
233.4662,15.000,374.765,306.234,34.265,2.255
233.5686,14.000,374.783,310.726,32.028,2.218
233.6708,13.000,374.734,315.102,29.816,2.206
233.7723,12.000,374.621,319.397,27.612,2.202
233.8744,10.000,373.079,323.724,24.677,3.667
233.9763,9.000,372.375,329.376,21.499,2.689
234.0782,7.000,370.815,334.335,18.240,3.830
234.1799,6.000,370.248,340.341,14.953,2.743
234.2825,4.000,369.288,345.092,12.098,3.848
234.3845,3.000,369.196,350.937,9.129,2.749
234.4865,2.000,369.511,355.944,6.783,2.383
234.5882,1.000,369.787,360.645,4.571,2.261
234.6901,0.000,369.898,365.237,2.330,2.220
234.7908,0.000,371.299,369.598,0.850,0.740
234.8927,-1.000,370.907,371.880,-0.487,1.713
234.9944,-2.000,369.207,374.371,-2.582,2.038
235.0958,-3.000,366.742,376.750,-5.004,2.146
235.1974,-4.000,363.743,378.959,-7.608,2.182
235.2989,-5.000,360.879,380.471,-9.796,2.194
235.4001,-6.000,357.783,381.767,-11.992,2.198
235.5019,-7.000,354.503,382.885,-14.191,2.199
235.6035,-8.000,351.080,383.860,-16.390,2.200
235.7052,-8.000,349.633,385.347,-17.857,0.733
235.8068,-10.000,344.974,384.599,-19.812,3.178
235.9087,-11.000,340.600,385.928,-22.664,2.526
236.0099,-11.000,338.697,387.393,-24.348,0.842
236.1110,-13.000,333.775,386.527,-26.376,3.214
236.2125,-13.000,331.316,388.354,-28.519,1.071
236.3145,-15.000,326.163,387.562,-30.700,3.290
236.4161,-15.000,323.591,389.378,-32.893,1.097
236.5171,-15.000,322.558,389.806,-33.624,0.366
236.6190,-16.000,319.979,389.181,-34.601,1.589
236.7209,-16.000,318.638,389.959,-35.660,0.530
236.8226,-16.000,318.060,390.087,-36.013,0.177
236.9245,-16.000,317.762,390.024,-36.131,0.059
237.0263,-16.000,317.578,389.919,-36.170,0.020
237.1280,-16.000,317.450,389.817,-36.183,0.007
237.2288,-15.000,317.447,388.356,-35.454,-1.464
237.3310,-15.000,318.837,387.794,-34.478,-0.488
237.4349,-15.000,319.494,387.800,-34.153,-0.163
237.5364,-15.000,319.868,387.956,-34.044,-0.054
237.6374,-14.000,320.209,386.759,-33.275,-1.485
237.7390,-14.000,321.857,386.426,-32.285,-0.495
237.8402,-14.000,322.713,386.623,-31.955,-0.165
237.9411,-13.000,323.337,385.560,-31.112,-1.522
238.0425,-12.000,325.269,383.997,-29.364,-1.974
238.1448,-11.000,327.826,382.456,-27.315,-2.125
238.2469,-10.000,330.742,381.072,-25.165,-2.175
238.3480,-9.000,333.899,379.862,-22.982,-2.192
238.4496,-7.000,337.325,377.433,-20.054,-3.664
238.5506,-6.000,342.259,376.015,-16.878,-2.688
238.6521,-5.000,346.552,375.257,-14.353,-2.363
238.7534,-3.000,350.397,373.679,-11.641,-3.721
238.8545,-1.000,355.861,371.468,-7.804,-4.174
238.9559,1.000,361.522,368.411,-3.445,-4.325
239.0569,2.000,367.039,366.256,0.392,-2.908
239.1593,3.000,371.026,364.238,3.394,-2.436
239.2605,4.000,374.252,361.869,6.191,-2.279
239.3624,5.000,376.486,359.599,8.444,-2.226
239.4643,6.000,378.330,357.007,10.661,-2.209
239.5659,7.000,379.876,354.142,12.867,-2.203
239.6676,8.000,381.191,351.053,15.069,-2.201
239.7689,9.000,382.322,347.782,17.270,-2.200
239.8696,10.000,383.306,344.366,19.470,-2.200
239.9709,10.000,384.800,342.927,20.937,-0.733
240.0723,10.000,385.311,342.459,21.426,-0.244
240.1748,11.000,384.864,340.221,22.322,-1.548
240.2764,11.000,385.822,339.114,23.354,-0.516
240.3777,11.000,386.107,338.711,23.698,-0.172
240.4796,11.000,386.174,338.549,23.813,-0.057
240.5806,11.000,386.175,338.473,23.851,-0.019
240.6824,11.000,386.157,338.430,23.864,-0.006
240.7839,11.000,386.137,338.401,23.868,-0.002
240.8870,10.000,384.746,338.474,23.136,1.466
240.9877,10.000,384.241,339.924,22.159,0.489
241.0888,10.000,384.293,340.627,21.833,0.163
241.1900,10.000,384.487,341.038,21.724,0.054
241.3091,9.000,383.319,341.410,20.955,1.485
241.4106,9.000,383.011,343.081,19.965,0.495
241.5129,8.000,381.853,344.050,18.902,1.632
241.6146,8.000,381.689,346.062,17.814,0.544
241.7161,8.000,382.066,347.164,17.451,0.181
241.8176,7.000,381.163,347.969,16.597,1.527
241.9195,7.000,381.107,349.948,15.579,0.509
242.0207,7.000,381.536,351.057,15.240,0.170
242.1233,6.000,380.665,351.878,14.393,1.523
242.2251,6.000,380.629,353.874,13.378,0.508
242.3269,5.000,379.702,355.090,12.306,1.636
242.4289,5.000,379.726,357.296,11.215,0.545
242.5310,4.000,379.322,358.205,10.558,1.648
242.6323,3.000,378.381,360.269,9.056,2.016
242.7348,3.000,378.817,362.732,8.042,0.672
242.8362,2.000,378.375,364.213,7.081,1.691
242.9376,2.000,378.883,366.536,6.174,0.564
243.0389,1.000,378.377,368.028,5.175,1.655
243.1408,1.000,378.778,370.415,4.182,0.552
243.2418,0.000,378.152,371.991,3.081,1.651
243.3429,-1.000,376.228,373.955,1.137,2.017
243.4446,-2.000,373.587,375.909,-1.161,2.139
243.5455,-3.000,370.462,377.763,-3.650,2.180
243.6471,-4.000,366.968,379.521,-6.277,2.193
243.7486,-4.000,365.371,381.729,-8.179,0.731
243.8505,-5.000,363.035,381.834,-9.400,1.710
243.9520,-6.000,359.909,382.455,-11.273,2.037
244.0530,-6.000,358.549,383.811,-12.631,0.679
244.1555,-6.000,358.095,384.262,-13.084,0.226
244.2575,-6.000,357.943,384.412,-13.235,0.075
244.3594,-6.000,357.891,384.461,-13.285,0.025
244.4606,-6.000,357.874,384.477,-13.302,0.008
244.5619,-5.000,357.961,383.109,-12.574,-1.464
244.6632,-5.000,359.424,382.620,-11.598,-0.488
244.7648,-5.000,360.140,382.685,-11.273,-0.163
244.8667,-4.000,360.213,381.955,-10.871,-1.521
244.9697,-3.000,361.728,380.635,-9.454,-1.974
245.0710,-3.000,363.792,380.728,-8.468,-0.658
245.1725,-2.000,364.966,379.998,-7.516,-1.686
245.2738,0.000,367.455,377.306,-4.925,-3.495
245.3756,1.000,371.187,374.690,-1.752,-2.632
245.4781,2.000,373.981,372.069,0.956,-2.344
245.5800,3.000,376.317,369.153,3.582,-2.248
245.6814,4.000,378.396,365.888,6.254,-2.216
245.7830,5.000,379.773,362.844,8.465,-2.205
245.8851,7.000,380.323,357.519,11.402,-3.668
245.9867,8.000,382.232,353.071,14.581,-2.689
246.0891,10.000,382.756,347.075,17.840,-3.830
246.1901,11.000,384.494,342.240,21.127,-2.743
246.2923,13.000,384.830,335.986,24.422,-3.848
246.4360,16.000,385.148,326.773,29.187,-5.683
246.5382,17.000,387.752,320.334,33.709,-3.361
246.6394,18.000,388.832,315.466,36.683,-2.587
246.7413,20.000,388.788,309.039,39.874,-3.796
246.8434,21.000,390.103,303.827,43.138,-2.732
246.9440,23.000,390.113,297.261,46.426,-3.844
247.0453,24.000,391.426,291.982,49.722,-2.748
247.1468,25.000,392.045,287.470,52.287,-2.383
247.2482,26.000,392.449,283.231,54.609,-2.261
247.3511,28.000,392.170,277.004,57.583,-3.687
247.4530,29.000,393.398,271.849,60.774,-2.696
247.5548,30.000,393.998,267.389,63.305,-2.365
247.6561,31.000,394.404,263.174,65.615,-2.255
247.7580,31.000,395.384,261.148,67.118,-0.752
247.8589,32.000,394.840,258.134,68.353,-1.717
247.9609,32.000,395.562,256.567,69.498,-0.572
248.0621,33.000,394.978,253.753,70.613,-1.657
248.1637,33.000,395.725,252.290,71.718,-0.552
248.2653,33.000,395.806,251.634,72.086,-0.184
248.3669,33.000,395.699,251.282,72.209,-0.061
248.4686,33.000,395.556,251.057,72.250,-0.020
248.5707,32.000,394.050,250.990,71.530,1.460
248.6717,32.000,393.447,252.334,70.557,0.487
248.7740,31.000,392.046,253.048,69.499,1.629
248.8759,31.000,391.685,254.859,68.413,0.543
248.9772,30.000,390.530,255.894,67.318,1.648
249.0788,29.000,389.010,258.038,65.486,2.016
249.1804,28.000,387.542,260.725,63.409,2.139
249.2818,26.000,384.858,263.825,60.516,3.646
249.3829,25.000,383.220,268.515,57.352,2.682
249.4840,24.000,382.279,272.618,54.831,2.361
249.5860,23.000,381.597,276.550,52.524,2.254
249.6871,22.000,381.021,280.445,50.288,2.218
249.7894,20.000,379.123,284.438,47.343,3.673
249.8913,18.000,376.767,289.912,43.428,4.158
249.9928,16.000,374.495,296.117,39.189,4.319
250.0949,13.000,371.069,302.849,34.110,5.840
250.1968,12.000,370.125,311.158,29.483,3.413
250.2980,10.000,369.049,317.567,25.741,4.071
250.3993,9.000,369.094,324.507,22.294,2.824
250.5019,9.000,371.006,330.184,20.411,0.941
250.6038,8.000,372.041,333.940,19.050,1.780
250.7056,7.000,372.397,338.137,17.130,2.060
250.8075,7.000,373.845,342.331,15.757,0.687
250.9086,6.000,374.270,345.139,14.566,1.696
251.0107,4.000,373.127,348.310,12.409,3.499
251.1136,3.000,372.562,353.216,9.673,2.633
251.2151,2.000,372.390,357.581,7.404,2.344
251.3162,2.000,373.724,361.602,6.061,0.781
251.4181,1.000,374.082,364.248,4.917,1.727
251.5194,-1.000,371.555,367.177,2.189,3.509
251.6217,-1.000,371.267,371.788,-0.260,1.170
251.7237,-3.000,367.700,373.373,-2.837,3.323
251.8248,-3.000,366.361,377.126,-5.382,1.108
251.9258,-5.000,362.402,377.577,-7.587,3.303
252.0275,-5.000,360.797,380.375,-9.789,1.101
252.1298,-6.000,358.447,380.960,-11.256,1.834
252.2309,-7.000,355.425,381.849,-13.212,2.078
252.3327,-8.000,352.093,382.755,-15.331,2.159
252.4355,-9.000,348.590,383.597,-17.504,2.186
252.5386,-10.000,344.975,384.364,-19.695,2.195
252.6406,-11.000,341.278,385.061,-21.892,2.198
252.7424,-12.000,337.520,385.701,-24.091,2.199
252.8439,-13.000,333.713,386.293,-26.290,2.200
252.9451,-14.000,329.867,386.847,-28.490,2.200
253.0470,-14.000,328.083,387.996,-29.957,0.733
253.1484,-15.000,325.247,387.605,-31.179,1.711
253.2496,-15.000,323.816,388.455,-32.320,0.570
253.3521,-15.000,323.203,388.603,-32.700,0.190
253.4531,-15.000,322.890,388.543,-32.827,0.063
253.5543,-15.000,322.699,388.437,-32.869,0.021
253.6559,-15.000,322.566,388.332,-32.883,0.007
253.7577,-15.000,322.466,388.241,-32.888,0.002
253.8595,-15.000,322.388,388.166,-32.889,0.001
253.9612,-15.000,322.326,388.106,-32.890,0.000
254.0634,-15.000,322.277,388.057,-32.890,0.000
254.1654,-15.000,322.238,388.018,-32.890,0.000
254.2665,-15.000,322.207,387.987,-32.890,0.000
254.3677,-15.000,322.182,387.962,-32.890,0.000
254.4696,-15.000,322.162,387.942,-32.890,0.000
254.5718,-14.000,322.239,386.553,-32.157,-1.467
254.6740,-13.000,323.786,384.677,-30.446,-1.956
254.7763,-13.000,325.958,384.241,-29.142,-0.652
254.8778,-12.000,327.180,383.128,-27.974,-1.684
254.9797,-10.000,329.533,380.302,-25.385,-3.495
255.0816,-9.000,333.767,378.410,-22.322,-2.632
255.1826,-8.000,337.551,377.219,-19.834,-2.344
255.2845,-6.000,341.338,374.947,-16.805,-3.715
255.3862,-4.000,346.167,372.770,-13.302,-4.172
255.4885,-3.000,351.772,372.006,-10.117,-2.857
255.5905,-1.000,356.690,370.402,-6.856,-3.886
255.6920,0.000,362.699,369.763,-3.532,-2.762
255.7937,2.000,366.655,366.663,-0.004,-3.854
255.8955,3.000,371.271,364.013,3.629,-2.751
255.9988,5.000,373.638,359.778,6.930,-3.850
256.1002,7.000,376.204,354.278,10.963,-4.217
256.2020,10.000,377.961,346.013,15.974,-5.806
256.3035,12.000,380.976,338.353,21.311,-4.869
256.4058,13.000,383.736,333.155,25.290,-3.090
256.5072,16.000,383.941,324.841,29.550,-5.430
256.6089,17.000,386.691,318.884,33.903,-3.277
256.7123,19.000,387.339,312.230,37.554,-4.026
256.8134,21.000,388.367,304.957,41.705,-4.275
256.9145,23.000,389.466,297.422,46.022,-4.358
257.0163,24.000,391.170,291.849,49.661,-2.919
257.1180,26.000,391.316,285.169,53.074,-3.906
257.2193,27.000,392.679,279.857,56.411,-2.769
257.3209,29.000,392.693,273.245,59.724,-3.856
257.4227,32.000,392.744,263.755,64.495,-5.685
257.5253,33.000,395.132,257.096,69.018,-3.362
257.6272,34.000,396.038,252.053,71.993,-2.587
257.7292,35.000,396.482,247.580,74.451,-2.329
257.8310,36.000,396.796,243.322,76.737,-2.243
257.9347,37.000,397.087,239.156,78.966,-2.214
258.0370,37.000,398.014,237.130,80.442,-0.738
258.1388,38.000,397.439,234.105,81.667,-1.713
258.2405,38.000,398.141,232.523,82.809,-0.571
258.3420,38.000,398.170,231.790,83.190,-0.190
258.4429,38.000,398.015,231.382,83.317,-0.063
258.5445,38.000,397.832,231.114,83.359,-0.021
258.6459,37.000,396.293,231.013,82.640,1.460
258.7478,37.000,395.663,232.330,81.667,0.487
258.8491,36.000,394.241,233.023,80.609,1.629
258.9515,35.000,392.490,234.910,78.790,2.010
259.0529,34.000,390.831,237.398,76.717,2.137
259.1544,33.000,389.365,240.247,74.559,2.179
259.2563,32.000,388.092,243.346,72.373,2.193
259.3574,31.000,386.987,246.632,70.178,2.198
259.4587,29.000,384.648,250.156,67.246,3.666
259.5597,27.000,381.932,255.261,63.335,4.155
259.6608,25.000,379.370,261.173,59.098,4.318
259.7623,23.000,377.084,267.579,54.753,4.373
259.8643,22.000,376.444,274.235,51.104,2.924
259.9662,20.000,375.154,279.778,47.688,3.908
260.0671,18.000,373.503,286.271,43.616,4.236
260.1689,16.000,371.870,293.219,39.325,4.345
260.2710,14.000,370.352,300.428,34.962,4.382
260.3730,12.000,368.960,307.812,30.574,4.394
260.4757,11.000,369.055,315.232,26.911,2.931
260.5775,8.000,366.986,321.472,22.757,5.377
260.6792,5.000,363.950,330.005,16.972,6.192
260.7810,3.000,362.604,339.189,11.707,4.997
260.8837,1.000,361.771,347.733,7.019,4.599
260.9849,-2.000,358.009,354.943,1.533,5.933
261.0861,-4.000,353.806,362.464,-4.329,4.911
261.1876,-7.000,347.580,367.186,-9.803,6.037
261.2893,-9.000,341.766,372.355,-15.294,4.946
261.3910,-12.000,333.931,375.514,-20.791,6.049
261.4927,-14.000,326.842,379.423,-26.290,4.950
261.5945,-16.000,320.084,382.197,-31.057,4.583
261.6965,-18.000,313.248,384.406,-35.579,4.461
261.7976,-20.000,306.236,386.276,-40.020,4.420
261.8993,-23.000,296.953,387.286,-45.167,5.873
262.0005,-29.000,280.168,387.132,-53.482,10.758
262.1023,-36.000,257.567,389.142,-65.787,13.853
262.2052,-45.000,228.255,391.500,-81.622,17.818
262.3071,-47.000,210.409,400.344,-94.967,8.873
262.4082,-48.000,200.800,404.032,-101.616,4.424
262.5095,-49.000,194.388,404.986,-105.299,2.941
262.6108,-49.000,191.245,405.764,-107.260,0.980
262.7132,-49.000,189.645,405.471,-107.913,0.327
262.8140,-49.000,188.670,404.932,-108.131,0.109
262.9156,-49.000,187.991,404.399,-108.204,0.036
263.0173,-49.000,187.482,403.938,-108.228,0.012
263.1185,-48.000,187.180,402.185,-107.503,-1.463
263.2198,-48.000,188.333,401.388,-106.528,-0.488
263.3212,-47.000,188.894,399.832,-105.469,-1.629
263.4222,-47.000,190.582,399.348,-104.383,-0.543
263.5240,-46.000,191.519,398.094,-103.288,-1.648
263.6260,-45.000,193.584,396.495,-101.456,-2.016
263.7275,-44.000,196.207,394.965,-99.379,-2.139
263.8287,-43.000,199.164,393.603,-97.220,-2.180
263.9302,-42.000,202.348,392.414,-95.033,-2.193
264.0318,-42.000,205.608,392.750,-93.571,-0.731
264.1326,-41.000,207.627,392.328,-92.350,-1.710
264.2342,-42.000,208.313,392.200,-91.943,0.897
264.3351,-43.000,206.845,393.394,-93.274,1.766
264.4367,-44.000,204.465,394.835,-95.185,2.055
264.5384,-45.000,201.626,396.203,-97.288,2.152
264.6400,-46.000,198.510,397.422,-99.456,2.184
264.7410,-46.000,197.295,399.119,-100.912,0.728
264.8424,-47.000,194.910,399.171,-102.131,1.709
264.9437,-47.000,193.836,400.377,-103.270,0.570
265.0449,-47.000,193.510,400.810,-103.650,0.190
265.1462,-47.000,193.426,400.979,-103.777,0.063
265.2479,-46.000,193.511,399.682,-103.086,-1.446
265.3492,-44.000,195.176,396.487,-100.655,-3.415
265.4509,-42.000,199.028,392.851,-96.912,-4.072
265.5524,-40.000,204.016,389.477,-92.731,-4.291
265.6541,-39.000,209.614,387.888,-89.137,-2.897
265.7545,-39.000,214.150,388.561,-87.206,-0.966
265.8560,-39.000,216.877,390.001,-86.562,-0.322
265.9582,-40.000,216.665,390.826,-87.081,1.359
266.0600,-40.000,217.004,392.978,-87.987,0.453
266.1613,-40.000,217.698,394.276,-88.289,0.151
266.2631,-39.000,218.488,393.800,-87.656,-1.416
266.3647,-38.000,220.651,392.609,-85.979,-1.939
266.4657,-37.000,223.425,391.331,-83.953,-2.113
266.5667,-33.000,226.806,386.028,-79.611,-6.571
266.6679,-28.000,234.884,378.012,-71.564,-9.524
266.7692,-23.000,246.725,369.821,-61.548,-10.508
266.8711,-20.000,260.470,365.155,-52.343,-7.903
266.9733,-18.000,272.557,363.772,-45.608,-5.568
267.0752,-18.000,282.550,366.342,-41.896,-1.856
267.1767,-18.000,288.813,370.130,-40.659,-0.619
267.2779,-18.000,293.245,373.738,-40.246,-0.206
267.3797,-18.000,296.599,376.816,-40.109,-0.069
267.4809,-19.000,297.124,378.717,-40.796,1.444
267.5822,-20.000,296.039,381.023,-42.492,1.948
267.6833,-20.000,296.228,383.810,-43.791,0.649
267.7863,-21.000,294.893,384.807,-44.957,1.683
267.8879,-22.000,292.542,386.167,-46.812,2.028
267.9896,-24.000,287.607,386.869,-49.631,3.609
268.0910,-24.000,285.508,389.582,-52.037,1.203
268.1923,-25.000,282.858,390.003,-53.572,1.868
268.2938,-24.000,281.814,389.983,-54.084,-0.844
268.3950,-23.000,283.045,388.621,-52.788,-1.748
268.4962,-21.000,285.345,385.657,-50.156,-3.516
268.5970,-20.000,289.517,383.674,-47.079,-2.639
268.6975,-18.000,293.338,381.044,-43.853,-3.813
268.7985,-16.000,298.543,378.231,-39.844,-4.204
268.8992,-15.000,304.396,377.012,-36.308,-2.868
269.0012,-14.000,309.255,376.580,-33.663,-2.423
269.1032,-11.000,313.921,373.616,-29.848,-5.208
269.2059,-10.000,321.167,372.452,-25.643,-3.203
269.3082,-8.000,326.921,371.003,-22.041,-4.001
269.4092,-6.000,333.497,369.311,-17.907,-4.267
269.5121,-5.000,340.389,369.047,-14.329,-2.889
269.6142,-4.000,345.619,369.838,-12.110,-2.430
269.7155,-3.000,350.411,370.584,-10.087,-2.277
269.8172,-2.000,355.017,371.128,-8.056,-2.226
269.9196,-1.000,359.544,371.441,-5.949,-2.209
270.0211,-1.000,363.842,373.014,-4.586,-0.736
270.1239,1.000,366.258,371.296,-2.519,-3.179
270.2258,1.000,370.766,371.346,-0.290,-1.060
270.3280,2.000,531.966,529.623,1.172,-2.308
270.4293,3.000,693.556,686.676,3.440,-2.800
270.5315,3.000,696.746,685.752,5.497,-1.103
270.6335,5.000,696.740,682.372,7.184,-4.216
270.7350,6.000,699.149,678.653,10.248,-3.552
270.8363,8.000,700.196,673.358,13.419,-5.181
270.9378,9.000,702.846,668.710,17.068,-3.932
271.0395,10.000,704.639,664.719,19.960,-3.440
271.1409,12.000,705.263,659.137,23.063,-5.137
271.2427,14.000,706.811,652.422,27.195,-5.805
271.3442,16.000,708.681,645.218,31.731,-6.069
271.4453,17.000,711.434,639.598,35.918,-4.282
271.5466,18.000,713.092,635.047,39.022,-3.578
271.6491,18.000,715.103,632.721,41.191,-1.409
271.7508,18.000,715.831,631.741,42.045,-0.555
271.8521,19.000,715.276,629.495,42.890,-2.110
271.9537,18.000,715.225,627.905,43.660,1.060
272.0547,19.000,714.135,627.082,43.527,-1.473
272.1563,19.000,715.263,626.423,44.420,-0.580
272.2580,19.000,715.802,626.260,44.771,-0.229
272.3600,19.000,716.091,626.271,44.910,-0.090
272.4621,18.000,715.057,626.146,44.455,1.855
272.5640,18.000,714.469,627.807,43.331,0.731
272.6670,17.000,713.245,628.488,42.379,2.179
272.7682,16.000,711.499,630.400,40.549,2.749
272.8703,16.000,710.899,633.133,38.883,1.083
272.9719,14.000,708.678,634.261,37.208,4.208
273.0737,13.000,706.481,638.183,34.149,3.549
273.1753,11.000,703.602,641.642,30.980,5.180
273.2763,8.000,699.067,646.441,26.313,7.713
273.3773,6.000,695.080,653.839,20.620,6.820
273.4786,5.000,693.102,661.147,15.978,4.578
273.5801,3.000,691.401,666.311,12.545,5.585
273.6819,1.000,689.103,672.579,8.262,5.982
273.7835,-2.000,683.999,678.260,2.869,8.029
273.8854,-4.000,678.265,685.255,-3.495,6.945
273.9871,-6.000,672.942,690.387,-8.722,6.518
274.0888,-8.000,667.297,694.679,-13.691,6.349
274.1897,-11.000,659.481,697.613,-19.066,8.174
274.2906,-13.000,651.956,702.032,-25.038,7.002
274.3920,-15.000,644.852,705.452,-30.300,6.540
274.4937,-16.000,639.605,709.150,-34.773,4.467
274.5953,-18.000,633.660,710.657,-38.498,5.542
274.6971,-20.000,626.908,712.659,-42.875,5.965
274.8000,-22.000,619.775,714.792,-47.508,6.132
274.9020,-25.000,610.631,716.135,-52.752,8.088
275.0030,-27.000,601.991,719.335,-58.672,6.968
275.1034,-29.000,593.974,721.800,-63.913,6.527
275.2047,-30.000,587.988,724.744,-68.378,4.462
275.3054,-30.000,585.067,727.231,-71.082,1.758
275.4074,-29.000,583.637,726.914,-71.638,-1.198
275.5086,-28.000,584.474,725.280,-70.403,-2.363
275.6108,-26.000,586.205,722.111,-67.953,-4.713
275.7121,-25.000,590.296,719.470,-64.587,-3.747
275.8140,-25.000,594.147,718.779,-62.316,-1.476
275.9156,-24.000,596.114,717.939,-60.912,-2.472
276.0174,-24.000,599.064,717.892,-59.414,-0.974
276.1196,-23.000,600.624,717.253,-58.315,-2.275
276.2211,-22.000,603.181,716.034,-56.427,-2.787
276.3230,-21.000,606.214,714.671,-54.229,-2.989
276.4240,-19.000,609.311,712.110,-51.399,-4.959
276.5261,-18.000,614.340,710.109,-47.885,-3.845
276.6288,-17.000,618.691,708.782,-45.045,-3.405
276.7301,-15.000,622.582,706.509,-41.963,-5.123
276.8328,-13.000,627.953,703.633,-37.840,-5.800
276.9348,-11.000,634.084,700.697,-33.307,-6.067
277.0360,-8.000,640.466,696.672,-28.103,-8.063
277.1377,-6.000,648.914,693.310,-22.198,-6.958
277.2406,-3.000,656.232,689.860,-16.814,-8.414
277.3425,0.000,665.306,685.680,-10.187,-8.987
277.4433,2.000,674.369,681.333,-3.482,-7.322
277.5447,4.000,681.591,676.684,2.454,-6.666
277.6459,6.000,687.078,672.054,7.512,-6.408
277.7472,8.000,691.723,666.896,12.414,-6.306
277.8498,10.000,695.758,661.250,17.254,-6.266
277.9516,12.000,699.329,655.190,22.070,-6.250
278.0538,14.000,702.540,648.788,26.876,-6.244
278.1545,15.000,706.257,643.919,31.169,-4.351
278.2555,17.000,707.851,638.202,34.824,-5.496
278.3568,20.000,709.160,629.796,39.682,-7.838
278.4582,23.000,711.698,619.779,45.960,-8.760
278.5595,24.000,716.226,612.669,51.778,-5.342
278.6614,26.000,717.848,605.781,56.034,-5.886
278.7630,27.000,720.518,600.298,60.110,-4.210
278.8647,28.000,722.154,595.812,63.171,-3.549
278.9658,29.000,723.374,591.712,65.831,-3.289
279.0678,29.000,725.215,589.566,67.824,-1.296
279.1694,28.000,724.670,588.469,68.100,1.380
279.2710,27.000,722.966,589.457,66.755,2.435
279.3727,26.000,720.996,591.456,64.770,2.850
